domain;variant;id;k;start;goal;h0;length;cost;expansions;nbcentroids;mem;runtime;expansions/sec;nbinconsistencies;air;solver;doctor;version
roadmap;dimacs;0/1;1;     81762;    146103;117974;528;1542268;126657;1;292;0.312087;405839;0;0;sBELA*;? Unchecked;v1.6.0-140-g9a10cc1
roadmap;dimacs;1/1;1;    106405;    250956;160227;741;2105356;292486;1;451;0.793826;368451;0;0;sBELA*;? Unchecked;v1.6.0-140-g9a10cc1
roadmap;dimacs;2/1;1;    273968;    266396;136537;849;1720034;313566;1;480;0.602838;520150;0;0;sBELA*;? Unchecked;v1.6.0-140-g9a10cc1
roadmap;dimacs;3/1;1;    131084;    299861;97942;370;1151554;112547;1;480;0.234073;480821;0;0;sBELA*;? Unchecked;v1.6.0-140-g9a10cc1
roadmap;dimacs;4/1;1;    321017;    269381;64989;239;698299;64852;1;480;0.151058;429317;0;0;sBELA*;? Unchecked;v1.6.0-140-g9a10cc1
roadmap;dimacs;5/1;1;     81268;    114155;135512;569;1754530;165115;1;500;0.344612;479134;0;0;sBELA*;? Unchecked;v1.6.0-140-g9a10cc1
roadmap;dimacs;6/1;1;    273110;    256843;111274;659;1294899;251983;1;500;0.488079;516275;0;0;sBELA*;? Unchecked;v1.6.0-140-g9a10cc1
roadmap;dimacs;7/1;1;    289000;    313165;101758;504;1676006;220416;1;524;0.424251;519542;0;0;sBELA*;? Unchecked;v1.6.0-140-g9a10cc1
roadmap;dimacs;8/1;1;    206841;    130270;147984;833;1872606;283778;1;524;0.552774;513370;0;0;sBELA*;? Unchecked;v1.6.0-140-g9a10cc1
roadmap;dimacs;9/1;1;    117373;     92727;174375;812;1976063;162244;1;524;0.323541;501463;0;0;sBELA*;? Unchecked;v1.6.0-140-g9a10cc1
roadmap;dimacs;10/1;1;    192763;    114126;195544;1048;2428170;317499;1;529;0.661256;480145;0;0;sBELA*;? Unchecked;v1.6.0-140-g9a10cc1
roadmap;dimacs;11/1;1;    253773;     62962;68507;414;945215;166681;1;580;0.308907;539583;0;0;sBELA*;? Unchecked;v1.6.0-140-g9a10cc1
roadmap;dimacs;12/1;1;     69635;    112392;100622;418;1212310;255461;1;583;0.499909;511015;0;0;sBELA*;? Unchecked;v1.6.0-140-g9a10cc1
roadmap;dimacs;13/1;1;    279740;      4869;64383;390;765507;74868;1;583;0.149929;499356;0;0;sBELA*;? Unchecked;v1.6.0-140-g9a10cc1
roadmap;dimacs;14/1;1;    188811;    247049;87203;426;1069431;130657;1;584;0.271812;480688;0;0;sBELA*;? Unchecked;v1.6.0-140-g9a10cc1
roadmap;dimacs;15/1;1;    277191;    268154;57540;216;630804;47654;1;584;0.100915;472220;0;0;sBELA*;? Unchecked;v1.6.0-140-g9a10cc1
roadmap;dimacs;16/1;1;     42193;    274432;67057;443;876648;175102;1;584;0.344936;507636;0;0;sBELA*;? Unchecked;v1.6.0-140-g9a10cc1
roadmap;dimacs;17/1;1;    285743;    146714;122395;537;1537635;169227;1;584;0.334314;506192;0;0;sBELA*;? Unchecked;v1.6.0-140-g9a10cc1
roadmap;dimacs;18/1;1;    195854;     77647;163155;787;1936294;313351;1;584;0.586079;534656;0;0;sBELA*;? Unchecked;v1.6.0-140-g9a10cc1
roadmap;dimacs;19/1;1;    129037;    163761;132448;610;1503597;192830;1;584;0.383865;502338;0;0;sBELA*;? Unchecked;v1.6.0-140-g9a10cc1
roadmap;dimacs;20/1;1;     85176;      1954;155298;766;1794095;199242;1;584;0.396237;502835;0;0;sBELA*;? Unchecked;v1.6.0-140-g9a10cc1
roadmap;dimacs;21/1;1;    318603;    138230;71528;275;781350;37641;1;584;0.0830703;453122;0;0;sBELA*;? Unchecked;v1.6.0-140-g9a10cc1
roadmap;dimacs;22/1;1;    103461;      5065;52932;287;606474;59385;1;584;0.118312;501934;0;0;sBELA*;? Unchecked;v1.6.0-140-g9a10cc1
roadmap;dimacs;23/1;1;    299962;    134129;91209;405;1151066;158792;1;584;0.323123;491430;0;0;sBELA*;? Unchecked;v1.6.0-140-g9a10cc1
roadmap;dimacs;24/1;1;    124461;     94197;111561;556;1415037;184167;1;584;0.415852;442867;0;0;sBELA*;? Unchecked;v1.6.0-140-g9a10cc1
roadmap;dimacs;25/1;1;    135528;    100606;89424;372;1174321;113343;1;584;0.235981;480305;0;0;sBELA*;? Unchecked;v1.6.0-140-g9a10cc1
roadmap;dimacs;26/1;1;    100494;     30092;121070;672;1387869;191494;1;584;0.385633;496571;0;0;sBELA*;? Unchecked;v1.6.0-140-g9a10cc1
roadmap;dimacs;27/1;1;    143119;     21648;124749;667;1627652;202552;1;584;0.397681;509333;0;0;sBELA*;? Unchecked;v1.6.0-140-g9a10cc1
roadmap;dimacs;28/1;1;     56815;    308596;88413;374;1038977;209996;1;584;0.429636;488777;0;0;sBELA*;? Unchecked;v1.6.0-140-g9a10cc1
roadmap;dimacs;29/1;1;    305686;    120431;144546;663;1896668;257362;1;584;0.482648;533229;0;0;sBELA*;? Unchecked;v1.6.0-140-g9a10cc1
roadmap;dimacs;30/1;1;    240362;    295149;139954;883;1552681;220722;1;584;0.429377;514052;0;0;sBELA*;? Unchecked;v1.6.0-140-g9a10cc1
roadmap;dimacs;31/1;1;    312097;    296209;144011;534;1690096;271302;1;584;0.52135;520384;0;0;sBELA*;? Unchecked;v1.6.0-140-g9a10cc1
roadmap;dimacs;32/1;1;    282381;    258241;166189;1093;1867795;284614;1;584;0.538479;528552;0;0;sBELA*;? Unchecked;v1.6.0-140-g9a10cc1
roadmap;dimacs;33/1;1;    292606;     56169;75636;502;1003730;115812;1;584;0.21083;549315;0;0;sBELA*;? Unchecked;v1.6.0-140-g9a10cc1
roadmap;dimacs;34/1;1;    237888;    111447;186398;887;2218756;307829;1;584;0.651069;472805;0;0;sBELA*;? Unchecked;v1.6.0-140-g9a10cc1
roadmap;dimacs;35/1;1;     51839;    224098;65519;349;744612;127219;1;584;0.231778;548882;0;0;sBELA*;? Unchecked;v1.6.0-140-g9a10cc1
roadmap;dimacs;36/1;1;    128418;      4215;127051;659;1463256;144382;1;584;0.30802;468742;0;0;sBELA*;? Unchecked;v1.6.0-140-g9a10cc1
roadmap;dimacs;37/1;1;    268787;    226268;87110;590;1061957;190370;1;584;0.390277;487782;0;0;sBELA*;? Unchecked;v1.6.0-140-g9a10cc1
roadmap;dimacs;38/1;1;    309312;    168166;120675;701;1391887;178111;1;584;0.381869;466420;0;0;sBELA*;? Unchecked;v1.6.0-140-g9a10cc1
roadmap;dimacs;39/1;1;    280948;    241995;84458;714;1127668;198971;1;584;0.403529;493077;0;0;sBELA*;? Unchecked;v1.6.0-140-g9a10cc1
roadmap;dimacs;40/1;1;    254985;    109385;162851;750;2002311;295708;1;584;0.548537;539085;0;0;sBELA*;? Unchecked;v1.6.0-140-g9a10cc1
roadmap;dimacs;41/1;1;    196484;    113193;168188;883;1913369;308981;1;476;0.642924;480587;0;0;sBELA*;? Unchecked;v1.6.0-140-g9a10cc1
roadmap;dimacs;42/1;1;     29905;    299818;94072;703;1164823;214081;1;632;0.445316;480740;0;0;sBELA*;? Unchecked;v1.6.0-140-g9a10cc1
roadmap;dimacs;43/1;1;    316036;    224755;182461;999;2208024;319338;1;632;0.656732;486253;0;0;sBELA*;? Unchecked;v1.6.0-140-g9a10cc1
roadmap;dimacs;44/1;1;      2345;    195155;64371;632;820214;159941;1;572;0.308904;517768;0;0;sBELA*;? Unchecked;v1.6.0-140-g9a10cc1
roadmap;dimacs;45/1;1;    231635;    158604;167890;794;2013939;287416;1;662;0.613491;468492;0;0;sBELA*;? Unchecked;v1.6.0-140-g9a10cc1
roadmap;dimacs;46/1;1;      8380;    114652;139754;752;1635070;304347;1;662;0.577424;527077;0;0;sBELA*;? Unchecked;v1.6.0-140-g9a10cc1
roadmap;dimacs;47/1;1;    144351;    294832;100303;438;1380165;170749;1;662;0.33632;507698;0;0;sBELA*;? Unchecked;v1.6.0-140-g9a10cc1
roadmap;dimacs;48/1;1;    242792;     61567;68194;441;909309;150015;1;671;0.273039;549428;0;0;sBELA*;? Unchecked;v1.6.0-140-g9a10cc1
roadmap;dimacs;49/1;1;    136080;    278064;55840;265;638552;66546;1;671;0.133025;500252;0;0;sBELA*;? Unchecked;v1.6.0-140-g9a10cc1
roadmap;dimacs;50/1;1;    288270;    204684;120157;609;1331174;150484;1;674;0.305499;492585;0;0;sBELA*;? Unchecked;v1.6.0-140-g9a10cc1
roadmap;dimacs;51/1;1;    178991;    301411;142293;591;1624811;299232;1;674;0.57071;524315;0;0;sBELA*;? Unchecked;v1.6.0-140-g9a10cc1
roadmap;dimacs;52/1;1;    138893;    192766;156665;828;2055859;307538;1;674;0.600539;512103;0;0;sBELA*;? Unchecked;v1.6.0-140-g9a10cc1
roadmap;dimacs;53/1;1;     47239;     80468;124531;597;1447796;273299;1;674;0.51441;531287;0;0;sBELA*;? Unchecked;v1.6.0-140-g9a10cc1
roadmap;dimacs;54/1;1;    151087;    228575;164428;709;1973608;268599;1;674;0.502144;534904;0;0;sBELA*;? Unchecked;v1.6.0-140-g9a10cc1
roadmap;dimacs;55/1;1;    222755;     97707;91806;664;1004318;172452;1;674;0.331541;520152;0;0;sBELA*;? Unchecked;v1.6.0-140-g9a10cc1
roadmap;dimacs;56/1;1;     38872;    119016;131783;539;1698235;301059;1;674;0.574001;524492;0;0;sBELA*;? Unchecked;v1.6.0-140-g9a10cc1
roadmap;dimacs;57/1;1;    267788;    194528;91927;618;1239698;231302;1;674;0.510562;453034;0;0;sBELA*;? Unchecked;v1.6.0-140-g9a10cc1
roadmap;dimacs;58/1;1;     22537;    264517;68637;410;791705;166461;1;572;0.309638;537599;0;0;sBELA*;? Unchecked;v1.6.0-140-g9a10cc1
roadmap;dimacs;59/1;1;     95259;    242330;79460;693;938644;153131;1;572;0.297905;514026;0;0;sBELA*;? Unchecked;v1.6.0-140-g9a10cc1
roadmap;dimacs;60/1;1;    268622;    236338;99348;661;1121525;214382;1;657;0.4531;473145;0;0;sBELA*;? Unchecked;v1.6.0-140-g9a10cc1
roadmap;dimacs;61/1;1;    192347;    277821;109003;575;1370481;216964;1;657;0.432332;501845;0;0;sBELA*;? Unchecked;v1.6.0-140-g9a10cc1
roadmap;dimacs;62/1;1;    137823;    298415;115087;504;1488291;148272;1;657;0.303598;488382;0;0;sBELA*;? Unchecked;v1.6.0-140-g9a10cc1
roadmap;dimacs;63/1;1;    282571;    194161;100280;499;1119548;160003;1;657;0.322787;495693;0;0;sBELA*;? Unchecked;v1.6.0-140-g9a10cc1
roadmap;dimacs;64/1;1;     44959;    312326;119943;450;1380774;272058;1;662;0.547331;497063;0;0;sBELA*;? Unchecked;v1.6.0-140-g9a10cc1
roadmap;dimacs;65/1;1;    312156;    191513;106069;665;1410870;200000;1;662;0.408724;489328;0;0;sBELA*;? Unchecked;v1.6.0-140-g9a10cc1
roadmap;dimacs;66/1;1;    182639;    108846;104542;434;1118693;135899;1;662;0.289501;469425;0;0;sBELA*;? Unchecked;v1.6.0-140-g9a10cc1
roadmap;dimacs;67/1;1;     85822;     72825;93075;452;1221748;133912;1;662;0.293232;456676;0;0;sBELA*;? Unchecked;v1.6.0-140-g9a10cc1
roadmap;dimacs;68/1;1;    271676;    266077;109663;813;1490621;305276;1;662;0.578393;527800;0;0;sBELA*;? Unchecked;v1.6.0-140-g9a10cc1
roadmap;dimacs;69/1;1;    295012;     75092;89157;436;1103564;128334;1;662;0.273254;469650;0;0;sBELA*;? Unchecked;v1.6.0-140-g9a10cc1
roadmap;dimacs;70/1;1;    220093;    158529;152619;604;1846559;286462;1;662;0.546411;524261;0;0;sBELA*;? Unchecked;v1.6.0-140-g9a10cc1
roadmap;dimacs;71/1;1;    235314;    107150;171874;667;2082317;301824;1;662;0.671314;449602;0;0;sBELA*;? Unchecked;v1.6.0-140-g9a10cc1
roadmap;dimacs;72/1;1;     31159;    106749;158335;696;1931591;317834;1;662;0.607614;523085;0;0;sBELA*;? Unchecked;v1.6.0-140-g9a10cc1
roadmap;dimacs;73/1;1;    200665;    278503;107731;657;1290554;204839;1;662;0.416999;491222;0;0;sBELA*;? Unchecked;v1.6.0-140-g9a10cc1
roadmap;dimacs;74/1;1;     16528;    237773;51638;338;572266;107470;1;668;0.211297;508620;0;0;sBELA*;? Unchecked;v1.6.0-140-g9a10cc1
roadmap;dimacs;75/1;1;     15261;    213734;56667;393;604064;110458;1;668;0.229363;481586;0;0;sBELA*;? Unchecked;v1.6.0-140-g9a10cc1
roadmap;dimacs;76/1;1;     67401;    117147;138977;625;1820916;316679;1;668;0.596322;531054;0;0;sBELA*;? Unchecked;v1.6.0-140-g9a10cc1
roadmap;dimacs;77/1;1;    133413;     35340;118456;646;1547206;207657;1;668;0.398763;520753;0;0;sBELA*;? Unchecked;v1.6.0-140-g9a10cc1
roadmap;dimacs;78/1;1;    156152;    299995;106716;437;1241248;110974;1;668;0.23163;479100;0;0;sBELA*;? Unchecked;v1.6.0-140-g9a10cc1
roadmap;dimacs;79/1;1;     44951;    112793;141020;681;1573616;303005;1;668;0.559752;541320;0;0;sBELA*;? Unchecked;v1.6.0-140-g9a10cc1
roadmap;dimacs;80/1;1;     45387;    222153;89163;675;933740;174872;1;668;0.332127;526521;0;0;sBELA*;? Unchecked;v1.6.0-140-g9a10cc1
roadmap;dimacs;81/1;1;    294492;     77363;96211;537;1393113;168744;1;668;0.330659;510327;0;0;sBELA*;? Unchecked;v1.6.0-140-g9a10cc1
roadmap;dimacs;82/1;1;    201632;    267199;69041;514;1161484;201751;1;668;0.40118;502894;0;0;sBELA*;? Unchecked;v1.6.0-140-g9a10cc1
roadmap;dimacs;83/1;1;    247547;    146039;154718;701;1888001;251259;1;668;0.467858;537042;0;0;sBELA*;? Unchecked;v1.6.0-140-g9a10cc1
roadmap;dimacs;84/1;1;    281131;    197100;70622;491;832333;136737;1;668;0.252116;542357;0;0;sBELA*;? Unchecked;v1.6.0-140-g9a10cc1
roadmap;dimacs;85/1;1;    282616;     88896;79645;313;977141;50711;1;668;0.109427;463424;0;0;sBELA*;? Unchecked;v1.6.0-140-g9a10cc1
roadmap;dimacs;86/1;1;    241049;      9112;77390;528;830444;112367;1;668;0.207257;542161;0;0;sBELA*;? Unchecked;v1.6.0-140-g9a10cc1
roadmap;dimacs;87/1;1;    320588;     74968;91233;504;1128671;145529;1;668;0.295676;492191;0;0;sBELA*;? Unchecked;v1.6.0-140-g9a10cc1
roadmap;dimacs;88/1;1;    302257;    263709;162687;1099;1988760;289472;1;572;0.547364;528847;0;0;sBELA*;? Unchecked;v1.6.0-140-g9a10cc1
roadmap;dimacs;89/1;1;     88219;    210819;105394;722;1162396;187282;1;654;0.404519;462975;0;0;sBELA*;? Unchecked;v1.6.0-140-g9a10cc1
roadmap;dimacs;90/1;1;    311608;      2393;58039;206;686526;26656;1;654;0.0595896;447326;0;0;sBELA*;? Unchecked;v1.6.0-140-g9a10cc1
roadmap;dimacs;91/1;1;    217545;    103931;132983;604;1628403;215820;1;654;0.435118;496003;0;0;sBELA*;? Unchecked;v1.6.0-140-g9a10cc1
roadmap;dimacs;92/1;1;    233951;    281302;155528;955;1718490;246736;1;654;0.468283;526896;0;0;sBELA*;? Unchecked;v1.6.0-140-g9a10cc1
roadmap;dimacs;93/1;1;     74361;    263726;75166;492;999426;198155;1;668;0.37353;530493;0;0;sBELA*;? Unchecked;v1.6.0-140-g9a10cc1
roadmap;dimacs;94/1;1;    213766;    129485;145637;705;1812216;266425;1;668;0.53936;493965;0;0;sBELA*;? Unchecked;v1.6.0-140-g9a10cc1
roadmap;dimacs;95/1;1;    235147;     72685;63737;370;723333;106958;1;668;0.20807;514049;0;0;sBELA*;? Unchecked;v1.6.0-140-g9a10cc1
roadmap;dimacs;96/1;1;    217285;     19115;87348;496;964397;87840;1;668;0.166478;527638;0;0;sBELA*;? Unchecked;v1.6.0-140-g9a10cc1
roadmap;dimacs;97/1;1;    209011;    302603;79328;518;910790;163296;1;668;0.307317;531360;0;0;sBELA*;? Unchecked;v1.6.0-140-g9a10cc1
roadmap;dimacs;98/1;1;     63225;    173852;55144;199;709634;92107;1;668;0.183251;502629;0;0;sBELA*;? Unchecked;v1.6.0-140-g9a10cc1
roadmap;dimacs;99/1;1;    230929;    198254;58847;510;633364;100273;1;668;0.189102;530258;0;0;sBELA*;? Unchecked;v1.6.0-140-g9a10cc1
roadmap;dimacs;0/5;5;     81762;    146103;117974;530;1542317;126680;4;668;0.260386;486508;0;0;sBELA*;? Unchecked;v1.6.0-140-g9a10cc1
roadmap;dimacs;1/5;5;    106405;    250956;160227;743;2105362;292488;5;668;0.606793;482023;0;0;sBELA*;? Unchecked;v1.6.0-140-g9a10cc1
roadmap;dimacs;2/5;5;    273968;    266396;136537;850;1720190;313588;14;668;0.588486;532872;0;0;sBELA*;? Unchecked;v1.6.0-140-g9a10cc1
roadmap;dimacs;3/5;5;    131084;    299861;97942;373;1151652;112560;5;668;0.229388;490698;0;0;sBELA*;? Unchecked;v1.6.0-140-g9a10cc1
roadmap;dimacs;4/5;5;    321017;    269381;64989;247;698414;64877;5;668;0.131464;493495;0;0;sBELA*;? Unchecked;v1.6.0-140-g9a10cc1
roadmap;dimacs;5/5;5;     81268;    114155;135512;570;1754542;165119;3;668;0.327075;504836;0;0;sBELA*;? Unchecked;v1.6.0-140-g9a10cc1
roadmap;dimacs;6/5;5;    273110;    256843;111274;635;1295034;252038;7;668;0.491852;512427;0;0;sBELA*;? Unchecked;v1.6.0-140-g9a10cc1
roadmap;dimacs;7/5;5;    289000;    313165;101758;504;1676062;220432;7;572;0.433888;508039;0;0;sBELA*;? Unchecked;v1.6.0-140-g9a10cc1
roadmap;dimacs;8/5;5;    206841;    130270;147984;833;1872626;283779;4;632;0.568979;498752;0;0;sBELA*;? Unchecked;v1.6.0-140-g9a10cc1
roadmap;dimacs;9/5;5;    117373;     92727;174375;811;1976093;162253;5;632;0.323197;502026;0;0;sBELA*;? Unchecked;v1.6.0-140-g9a10cc1
roadmap;dimacs;10/5;5;    192763;    114126;195544;1048;2428179;317500;5;632;0.66522;477285;0;0;sBELA*;? Unchecked;v1.6.0-140-g9a10cc1
roadmap;dimacs;11/5;5;    253773;     62962;68507;414;945421;166740;10;669;0.310228;537476;0;0;sBELA*;? Unchecked;v1.6.0-140-g9a10cc1
roadmap;dimacs;12/5;5;     69635;    112392;100622;417;1212391;255498;7;670;0.502409;508546;0;0;sBELA*;? Unchecked;v1.6.0-140-g9a10cc1
roadmap;dimacs;13/5;5;    279740;      4869;64383;389;765537;74878;5;670;0.151495;494260;0;0;sBELA*;? Unchecked;v1.6.0-140-g9a10cc1
roadmap;dimacs;14/5;5;    188811;    247049;87203;426;1069443;130665;6;670;0.320902;407181;0;0;sBELA*;? Unchecked;v1.6.0-140-g9a10cc1
roadmap;dimacs;15/5;5;    277191;    268154;57540;217;630820;47654;5;670;0.0975921;488298;0;0;sBELA*;? Unchecked;v1.6.0-140-g9a10cc1
roadmap;dimacs;16/5;5;     42193;    274432;67057;443;876811;175136;5;572;0.351169;498722;0;0;sBELA*;? Unchecked;v1.6.0-140-g9a10cc1
roadmap;dimacs;17/5;5;    285743;    146714;122395;538;1537656;169238;4;572;0.344708;490961;0;0;sBELA*;? Unchecked;v1.6.0-140-g9a10cc1
roadmap;dimacs;18/5;5;    195854;     77647;163155;786;1936324;313355;5;662;0.628112;498884;0;0;sBELA*;? Unchecked;v1.6.0-140-g9a10cc1
roadmap;dimacs;19/5;5;    129037;    163761;132448;610;1503617;192841;5;662;0.386167;499372;0;0;sBELA*;? Unchecked;v1.6.0-140-g9a10cc1
roadmap;dimacs;20/5;5;     85176;      1954;155298;767;1794143;199253;6;662;0.410094;485871;0;0;sBELA*;? Unchecked;v1.6.0-140-g9a10cc1
roadmap;dimacs;21/5;5;    318603;    138230;71528;275;781456;37674;7;662;0.0831538;453064;0;0;sBELA*;? Unchecked;v1.6.0-140-g9a10cc1
roadmap;dimacs;22/5;5;    103461;      5065;52932;288;606496;59394;5;662;0.118144;502724;0;0;sBELA*;? Unchecked;v1.6.0-140-g9a10cc1
roadmap;dimacs;23/5;5;    299962;    134129;91209;407;1151094;158803;5;662;0.326738;486026;0;0;sBELA*;? Unchecked;v1.6.0-140-g9a10cc1
roadmap;dimacs;24/5;5;    124461;     94197;111561;555;1415067;184177;5;662;0.373458;493167;0;0;sBELA*;? Unchecked;v1.6.0-140-g9a10cc1
roadmap;dimacs;25/5;5;    135528;    100606;89424;372;1174359;113350;6;662;0.241415;469523;0;0;sBELA*;? Unchecked;v1.6.0-140-g9a10cc1
roadmap;dimacs;26/5;5;    100494;     30092;121070;673;1387892;191498;5;662;0.387215;494553;0;0;sBELA*;? Unchecked;v1.6.0-140-g9a10cc1
roadmap;dimacs;27/5;5;    143119;     21648;124749;667;1627674;202560;5;662;0.40704;497641;0;0;sBELA*;? Unchecked;v1.6.0-140-g9a10cc1
roadmap;dimacs;28/5;5;     56815;    308596;88413;365;1039070;210055;7;662;0.432631;485529;0;0;sBELA*;? Unchecked;v1.6.0-140-g9a10cc1
roadmap;dimacs;29/5;5;    305686;    120431;144546;664;1896689;257372;4;662;0.483266;532568;0;0;sBELA*;? Unchecked;v1.6.0-140-g9a10cc1
roadmap;dimacs;30/5;5;    240362;    295149;139954;885;1552711;220722;5;662;0.434554;507927;0;0;sBELA*;? Unchecked;v1.6.0-140-g9a10cc1
roadmap;dimacs;31/5;5;    312097;    296209;144011;536;1690096;271302;1;662;0.530977;510948;0;0;sBELA*;? Unchecked;v1.6.0-140-g9a10cc1
roadmap;dimacs;32/5;5;    282381;    258241;166189;1093;1867798;284614;5;662;0.541528;525576;0;0;sBELA*;? Unchecked;v1.6.0-140-g9a10cc1
roadmap;dimacs;33/5;5;    292606;     56169;75636;501;1003734;115814;5;662;0.224328;516272;0;0;sBELA*;? Unchecked;v1.6.0-140-g9a10cc1
roadmap;dimacs;34/5;5;    237888;    111447;186398;888;2218773;307829;5;662;0.670654;458998;0;0;sBELA*;? Unchecked;v1.6.0-140-g9a10cc1
roadmap;dimacs;35/5;5;     51839;    224098;65519;348;744725;127237;13;668;0.233276;545436;0;0;sBELA*;? Unchecked;v1.6.0-140-g9a10cc1
roadmap;dimacs;36/5;5;    128418;      4215;127051;660;1463266;144382;5;668;0.295261;488998;0;0;sBELA*;? Unchecked;v1.6.0-140-g9a10cc1
roadmap;dimacs;37/5;5;    268787;    226268;87110;588;1062035;190395;10;668;0.393324;484067;0;0;sBELA*;? Unchecked;v1.6.0-140-g9a10cc1
roadmap;dimacs;38/5;5;    309312;    168166;120675;701;1391958;178148;7;668;0.37452;475670;0;0;sBELA*;? Unchecked;v1.6.0-140-g9a10cc1
roadmap;dimacs;39/5;5;    280948;    241995;84458;714;1127694;198979;6;668;0.411841;483145;0;0;sBELA*;? Unchecked;v1.6.0-140-g9a10cc1
roadmap;dimacs;40/5;5;    254985;    109385;162851;749;2002316;295710;5;668;0.561858;526307;0;0;sBELA*;? Unchecked;v1.6.0-140-g9a10cc1
roadmap;dimacs;41/5;5;    196484;    113193;168188;884;1913377;308981;4;668;0.57549;536901;0;0;sBELA*;? Unchecked;v1.6.0-140-g9a10cc1
roadmap;dimacs;42/5;5;     29905;    299818;94072;705;1164835;214083;5;675;0.43059;497185;0;0;sBELA*;? Unchecked;v1.6.0-140-g9a10cc1
roadmap;dimacs;43/5;5;    316036;    224755;182461;1000;2208112;319340;12;675;0.660548;483447;0;0;sBELA*;? Unchecked;v1.6.0-140-g9a10cc1
roadmap;dimacs;44/5;5;      2345;    195155;64371;632;820225;159943;5;675;0.301606;530305;0;0;sBELA*;? Unchecked;v1.6.0-140-g9a10cc1
roadmap;dimacs;45/5;5;    231635;    158604;167890;795;2013963;287423;5;675;0.582014;493842;0;0;sBELA*;? Unchecked;v1.6.0-140-g9a10cc1
roadmap;dimacs;46/5;5;      8380;    114652;139754;751;1635101;304350;5;675;0.569005;534881;0;0;sBELA*;? Unchecked;v1.6.0-140-g9a10cc1
roadmap;dimacs;47/5;5;    144351;    294832;100303;438;1380203;170758;6;675;0.327752;520997;0;0;sBELA*;? Unchecked;v1.6.0-140-g9a10cc1
roadmap;dimacs;48/5;5;    242792;     61567;68194;442;909357;150023;6;675;0.274274;546982;0;0;sBELA*;? Unchecked;v1.6.0-140-g9a10cc1
roadmap;dimacs;49/5;5;    136080;    278064;55840;268;638768;66579;7;675;0.131322;506992;0;0;sBELA*;? Unchecked;v1.6.0-140-g9a10cc1
roadmap;dimacs;50/5;5;    288270;    204684;120157;611;1331217;150493;8;675;0.30759;489265;0;0;sBELA*;? Unchecked;v1.6.0-140-g9a10cc1
roadmap;dimacs;51/5;5;    178991;    301411;142293;593;1624811;299232;1;675;0.567453;527325;0;0;sBELA*;? Unchecked;v1.6.0-140-g9a10cc1
roadmap;dimacs;52/5;5;    138893;    192766;156665;827;2055862;307538;5;675;0.604968;508354;0;0;sBELA*;? Unchecked;v1.6.0-140-g9a10cc1
roadmap;dimacs;53/5;5;     47239;     80468;124531;596;1447810;273300;5;675;0.516826;528805;0;0;sBELA*;? Unchecked;v1.6.0-140-g9a10cc1
roadmap;dimacs;54/5;5;    151087;    228575;164428;708;1973611;268600;2;675;0.505427;531432;0;0;sBELA*;? Unchecked;v1.6.0-140-g9a10cc1
roadmap;dimacs;55/5;5;    222755;     97707;91806;665;1004369;172455;11;675;0.336261;512860;0;0;sBELA*;? Unchecked;v1.6.0-140-g9a10cc1
roadmap;dimacs;56/5;5;     38872;    119016;131783;539;1698296;301067;6;675;0.570803;527445;0;0;sBELA*;? Unchecked;v1.6.0-140-g9a10cc1
roadmap;dimacs;57/5;5;    267788;    194528;91927;618;1239718;231305;5;675;0.453817;509687;0;0;sBELA*;? Unchecked;v1.6.0-140-g9a10cc1
roadmap;dimacs;58/5;5;     22537;    264517;68637;411;792013;166519;29;675;0.307795;541007;0;0;sBELA*;? Unchecked;v1.6.0-140-g9a10cc1
roadmap;dimacs;59/5;5;     95259;    242330;79460;694;938674;153134;6;675;0.284469;538315;0;0;sBELA*;? Unchecked;v1.6.0-140-g9a10cc1
roadmap;dimacs;60/5;5;    268622;    236338;99348;661;1121624;214436;10;675;0.426712;502531;0;0;sBELA*;? Unchecked;v1.6.0-140-g9a10cc1
roadmap;dimacs;61/5;5;    192347;    277821;109003;574;1370511;216966;5;675;0.43372;500245;0;0;sBELA*;? Unchecked;v1.6.0-140-g9a10cc1
roadmap;dimacs;62/5;5;    137823;    298415;115087;506;1488298;148274;3;675;0.300942;492700;0;0;sBELA*;? Unchecked;v1.6.0-140-g9a10cc1
roadmap;dimacs;63/5;5;    282571;    194161;100280;501;1119591;160014;5;675;0.325354;491815;0;0;sBELA*;? Unchecked;v1.6.0-140-g9a10cc1
roadmap;dimacs;64/5;5;     44959;    312326;119943;450;1380902;272090;6;675;0.521278;521967;0;0;sBELA*;? Unchecked;v1.6.0-140-g9a10cc1
roadmap;dimacs;65/5;5;    312156;    191513;106069;664;1410873;200003;3;572;0.408312;489829;0;0;sBELA*;? Unchecked;v1.6.0-140-g9a10cc1
roadmap;dimacs;66/5;5;    182639;    108846;104542;434;1118778;135922;7;602;0.301566;450721;0;0;sBELA*;? Unchecked;v1.6.0-140-g9a10cc1
roadmap;dimacs;67/5;5;     85822;     72825;93075;452;1221748;133912;1;602;0.331964;403394;0;0;sBELA*;? Unchecked;v1.6.0-140-g9a10cc1
roadmap;dimacs;68/5;5;    271676;    266077;109663;814;1490777;305310;12;620;0.58456;522290;0;0;sBELA*;? Unchecked;v1.6.0-140-g9a10cc1
roadmap;dimacs;69/5;5;    295012;     75092;89157;436;1103564;128334;1;620;0.266019;482424;0;0;sBELA*;? Unchecked;v1.6.0-140-g9a10cc1
roadmap;dimacs;70/5;5;    220093;    158529;152619;605;1846583;286465;5;620;0.550501;520371;0;0;sBELA*;? Unchecked;v1.6.0-140-g9a10cc1
roadmap;dimacs;71/5;5;    235314;    107150;171874;667;2082344;301829;5;620;0.663185;455120;0;0;sBELA*;? Unchecked;v1.6.0-140-g9a10cc1
roadmap;dimacs;72/5;5;     31159;    106749;158335;697;1931615;317835;5;620;0.602164;527822;0;0;sBELA*;? Unchecked;v1.6.0-140-g9a10cc1
roadmap;dimacs;73/5;5;    200665;    278503;107731;657;1290560;204840;4;656;0.426308;480497;0;0;sBELA*;? Unchecked;v1.6.0-140-g9a10cc1
roadmap;dimacs;74/5;5;     16528;    237773;51638;339;572395;107522;11;656;0.203218;529096;0;0;sBELA*;? Unchecked;v1.6.0-140-g9a10cc1
roadmap;dimacs;75/5;5;     15261;    213734;56667;396;604301;110552;35;656;0.21629;511128;0;0;sBELA*;? Unchecked;v1.6.0-140-g9a10cc1
roadmap;dimacs;76/5;5;     67401;    117147;138977;627;1821008;316685;7;656;0.608832;520152;0;0;sBELA*;? Unchecked;v1.6.0-140-g9a10cc1
roadmap;dimacs;77/5;5;    133413;     35340;118456;648;1547334;207699;10;656;0.411221;505078;0;0;sBELA*;? Unchecked;v1.6.0-140-g9a10cc1
roadmap;dimacs;78/5;5;    156152;    299995;106716;436;1241269;110975;5;656;0.243217;456280;0;0;sBELA*;? Unchecked;v1.6.0-140-g9a10cc1
roadmap;dimacs;79/5;5;     44951;    112793;141020;681;1573654;303010;5;656;0.572881;528923;0;0;sBELA*;? Unchecked;v1.6.0-140-g9a10cc1
roadmap;dimacs;80/5;5;     45387;    222153;89163;678;933943;174950;20;668;0.338069;517497;0;0;sBELA*;? Unchecked;v1.6.0-140-g9a10cc1
roadmap;dimacs;81/5;5;    294492;     77363;96211;537;1393113;168744;1;668;0.329191;512601;0;0;sBELA*;? Unchecked;v1.6.0-140-g9a10cc1
roadmap;dimacs;82/5;5;    201632;    267199;69041;513;1161514;201754;5;668;0.403895;499521;0;0;sBELA*;? Unchecked;v1.6.0-140-g9a10cc1
roadmap;dimacs;83/5;5;    247547;    146039;154718;700;1888026;251270;5;668;0.467204;537817;0;0;sBELA*;? Unchecked;v1.6.0-140-g9a10cc1
roadmap;dimacs;84/5;5;    281131;    197100;70622;492;832337;136737;3;668;0.259984;525943;0;0;sBELA*;? Unchecked;v1.6.0-140-g9a10cc1
roadmap;dimacs;85/5;5;    282616;     88896;79645;319;977464;50738;17;668;0.101787;498473;0;0;sBELA*;? Unchecked;v1.6.0-140-g9a10cc1
roadmap;dimacs;86/5;5;    241049;      9112;77390;528;830476;112374;6;668;0.210256;534462;0;0;sBELA*;? Unchecked;v1.6.0-140-g9a10cc1
roadmap;dimacs;87/5;5;    320588;     74968;91233;503;1128784;145560;7;668;0.296714;490573;0;0;sBELA*;? Unchecked;v1.6.0-140-g9a10cc1
roadmap;dimacs;88/5;5;    302257;    263709;162687;1100;1988790;289480;6;572;0.551232;525151;0;0;sBELA*;? Unchecked;v1.6.0-140-g9a10cc1
roadmap;dimacs;89/5;5;     88219;    210819;105394;722;1162405;187284;5;654;0.407662;459410;0;0;sBELA*;? Unchecked;v1.6.0-140-g9a10cc1
roadmap;dimacs;90/5;5;    311608;      2393;58039;208;686692;26664;13;654;0.0615276;433367;0;0;sBELA*;? Unchecked;v1.6.0-140-g9a10cc1
roadmap;dimacs;91/5;5;    217545;    103931;132983;611;1628427;215821;5;654;0.436979;493893;0;0;sBELA*;? Unchecked;v1.6.0-140-g9a10cc1
roadmap;dimacs;92/5;5;    233951;    281302;155528;959;1718530;246737;10;654;0.482821;511032;0;0;sBELA*;? Unchecked;v1.6.0-140-g9a10cc1
roadmap;dimacs;93/5;5;     74361;    263726;75166;494;999668;198199;26;668;0.376881;525892;0;0;sBELA*;? Unchecked;v1.6.0-140-g9a10cc1
roadmap;dimacs;94/5;5;    213766;    129485;145637;706;1812240;266426;7;668;0.512943;519407;0;0;sBELA*;? Unchecked;v1.6.0-140-g9a10cc1
roadmap;dimacs;95/5;5;    235147;     72685;63737;371;723428;106976;6;668;0.198023;540219;0;0;sBELA*;? Unchecked;v1.6.0-140-g9a10cc1
roadmap;dimacs;96/5;5;    217285;     19115;87348;499;964429;87848;6;668;0.175487;500595;0;0;sBELA*;? Unchecked;v1.6.0-140-g9a10cc1
roadmap;dimacs;97/5;5;    209011;    302603;79328;519;910820;163299;5;668;0.310822;525378;0;0;sBELA*;? Unchecked;v1.6.0-140-g9a10cc1
roadmap;dimacs;98/5;5;     63225;    173852;55144;171;709895;92176;15;668;0.183799;501505;0;0;sBELA*;? Unchecked;v1.6.0-140-g9a10cc1
roadmap;dimacs;99/5;5;    230929;    198254;58847;511;633507;100299;7;668;0.191389;524059;0;0;sBELA*;? Unchecked;v1.6.0-140-g9a10cc1
roadmap;dimacs;0/10;10;     81762;    146103;117974;529;1542362;126697;8;553;0.2802;452167;0;0;sBELA*;? Unchecked;v1.6.0-140-g9a10cc1
roadmap;dimacs;1/10;10;    106405;    250956;160227;742;2105375;292491;10;582;0.628988;465018;0;0;sBELA*;? Unchecked;v1.6.0-140-g9a10cc1
roadmap;dimacs;2/10;10;    273968;    266396;136537;849;1720242;313597;25;480;0.615679;509352;0;0;sBELA*;? Unchecked;v1.6.0-140-g9a10cc1
roadmap;dimacs;3/10;10;    131084;    299861;97942;378;1151707;112571;12;580;0.258816;434946;0;0;sBELA*;? Unchecked;v1.6.0-140-g9a10cc1
roadmap;dimacs;4/10;10;    321017;    269381;64989;238;698495;64896;10;478;0.128722;504155;0;0;sBELA*;? Unchecked;v1.6.0-140-g9a10cc1
roadmap;dimacs;5/10;10;     81268;    114155;135512;579;1754562;165127;5;559;0.382165;432083;0;0;sBELA*;? Unchecked;v1.6.0-140-g9a10cc1
roadmap;dimacs;6/10;10;    273110;    256843;111274;658;1295089;252054;13;478;0.497619;506520;0;0;sBELA*;? Unchecked;v1.6.0-140-g9a10cc1
roadmap;dimacs;7/10;10;    289000;    313165;101758;505;1676080;220436;10;580;0.446769;493400;0;0;sBELA*;? Unchecked;v1.6.0-140-g9a10cc1
roadmap;dimacs;8/10;10;    206841;    130270;147984;833;1872635;283782;8;478;0.573824;494545;0;0;sBELA*;? Unchecked;v1.6.0-140-g9a10cc1
roadmap;dimacs;9/10;10;    117373;     92727;174375;813;1976103;162255;10;559;0.336947;481544;0;0;sBELA*;? Unchecked;v1.6.0-140-g9a10cc1
roadmap;dimacs;10/10;10;    192763;    114126;195544;1048;2428187;317500;10;478;0.696336;455958;0;0;sBELA*;? Unchecked;v1.6.0-140-g9a10cc1
roadmap;dimacs;11/10;10;    253773;     62962;68507;413;945434;166744;16;479;0.330144;505065;0;0;sBELA*;? Unchecked;v1.6.0-140-g9a10cc1
roadmap;dimacs;12/10;10;     69635;    112392;100622;419;1212426;255512;12;478;0.521613;489850;0;0;sBELA*;? Unchecked;v1.6.0-140-g9a10cc1
roadmap;dimacs;13/10;10;    279740;      4869;64383;391;765559;74891;10;478;0.165651;452102;0;0;sBELA*;? Unchecked;v1.6.0-140-g9a10cc1
roadmap;dimacs;14/10;10;    188811;    247049;87203;422;1069454;130669;12;580;0.312457;418198;0;0;sBELA*;? Unchecked;v1.6.0-140-g9a10cc1
roadmap;dimacs;15/10;10;    277191;    268154;57540;219;630870;47657;10;478;0.104472;456170;0;0;sBELA*;? Unchecked;v1.6.0-140-g9a10cc1
roadmap;dimacs;16/10;10;     42193;    274432;67057;442;876899;175159;11;550;0.375658;466273;0;0;sBELA*;? Unchecked;v1.6.0-140-g9a10cc1
roadmap;dimacs;17/10;10;    285743;    146714;122395;539;1537674;169240;9;559;0.346693;488156;0;0;sBELA*;? Unchecked;v1.6.0-140-g9a10cc1
roadmap;dimacs;18/10;10;    195854;     77647;163155;786;1936350;313355;10;478;0.622373;503484;0;0;sBELA*;? Unchecked;v1.6.0-140-g9a10cc1
roadmap;dimacs;19/10;10;    129037;    163761;132448;610;1503631;192848;10;595;0.411799;468307;0;0;sBELA*;? Unchecked;v1.6.0-140-g9a10cc1
roadmap;dimacs;20/10;10;     85176;      1954;155298;765;1794158;199255;10;595;0.405635;491218;0;0;sBELA*;? Unchecked;v1.6.0-140-g9a10cc1
roadmap;dimacs;21/10;10;    318603;    138230;71528;277;781465;37676;10;478;0.0843334;446751;0;0;sBELA*;? Unchecked;v1.6.0-140-g9a10cc1
roadmap;dimacs;22/10;10;    103461;      5065;52932;288;606516;59398;10;478;0.135694;437734;0;0;sBELA*;? Unchecked;v1.6.0-140-g9a10cc1
roadmap;dimacs;23/10;10;    299962;    134129;91209;408;1151114;158809;10;580;0.345098;460186;0;0;sBELA*;? Unchecked;v1.6.0-140-g9a10cc1
roadmap;dimacs;24/10;10;    124461;     94197;111561;557;1415077;184178;10;580;0.394662;466673;0;0;sBELA*;? Unchecked;v1.6.0-140-g9a10cc1
roadmap;dimacs;25/10;10;    135528;    100606;89424;373;1174550;113395;16;580;0.243325;466022;0;0;sBELA*;? Unchecked;v1.6.0-140-g9a10cc1
roadmap;dimacs;26/10;10;    100494;     30092;121070;674;1387945;191510;10;580;0.391365;489339;0;0;sBELA*;? Unchecked;v1.6.0-140-g9a10cc1
roadmap;dimacs;27/10;10;    143119;     21648;124749;672;1627696;202572;10;580;0.408732;495611;0;0;sBELA*;? Unchecked;v1.6.0-140-g9a10cc1
roadmap;dimacs;28/10;10;     56815;    308596;88413;375;1039174;210111;21;478;0.445181;471968;0;0;sBELA*;? Unchecked;v1.6.0-140-g9a10cc1
roadmap;dimacs;29/10;10;    305686;    120431;144546;665;1896707;257376;10;568;0.501222;513497;0;0;sBELA*;? Unchecked;v1.6.0-140-g9a10cc1
roadmap;dimacs;30/10;10;    240362;    295149;139954;884;1552714;220722;11;478;0.447484;493251;0;0;sBELA*;? Unchecked;v1.6.0-140-g9a10cc1
roadmap;dimacs;31/10;10;    312097;    296209;144011;536;1690119;271309;3;568;0.557415;486727;0;0;sBELA*;? Unchecked;v1.6.0-140-g9a10cc1
roadmap;dimacs;32/10;10;    282381;    258241;166189;1095;1867826;284617;12;580;0.539507;527550;0;0;sBELA*;? Unchecked;v1.6.0-140-g9a10cc1
roadmap;dimacs;33/10;10;    292606;     56169;75636;504;1003783;115817;10;478;0.227177;509809;0;0;sBELA*;? Unchecked;v1.6.0-140-g9a10cc1
roadmap;dimacs;34/10;10;    237888;    111447;186398;887;2218783;307831;10;478;0.688068;447384;0;0;sBELA*;? Unchecked;v1.6.0-140-g9a10cc1
roadmap;dimacs;35/10;10;     51839;    224098;65519;350;744779;127244;20;478;0.254538;499902;0;0;sBELA*;? Unchecked;v1.6.0-140-g9a10cc1
roadmap;dimacs;36/10;10;    128418;      4215;127051;659;1463281;144386;10;577;0.320172;450963;0;0;sBELA*;? Unchecked;v1.6.0-140-g9a10cc1
roadmap;dimacs;37/10;10;    268787;    226268;87110;590;1062120;190424;16;629;0.393922;483405;0;0;sBELA*;? Unchecked;v1.6.0-140-g9a10cc1
roadmap;dimacs;38/10;10;    309312;    168166;120675;707;1392021;178168;16;629;0.379286;469746;0;0;sBELA*;? Unchecked;v1.6.0-140-g9a10cc1
roadmap;dimacs;39/10;10;    280948;    241995;84458;715;1127708;198984;11;630;0.413063;481728;0;0;sBELA*;? Unchecked;v1.6.0-140-g9a10cc1
roadmap;dimacs;40/10;10;    254985;    109385;162851;750;2002320;295713;10;630;0.5658;522646;0;0;sBELA*;? Unchecked;v1.6.0-140-g9a10cc1
roadmap;dimacs;41/10;10;    196484;    113193;168188;884;1913381;308981;7;665;0.629148;491110;0;0;sBELA*;? Unchecked;v1.6.0-140-g9a10cc1
roadmap;dimacs;42/10;10;     29905;    299818;94072;706;1164999;214110;48;677;0.429979;497955;0;0;sBELA*;? Unchecked;v1.6.0-140-g9a10cc1
roadmap;dimacs;43/10;10;    316036;    224755;182461;1002;2208136;319341;19;677;0.669038;477313;0;0;sBELA*;? Unchecked;v1.6.0-140-g9a10cc1
roadmap;dimacs;44/10;10;      2345;    195155;64371;633;820233;159948;9;677;0.304042;526071;0;0;sBELA*;? Unchecked;v1.6.0-140-g9a10cc1
roadmap;dimacs;45/10;10;    231635;    158604;167890;794;2014033;287434;18;677;0.599144;479741;0;0;sBELA*;? Unchecked;v1.6.0-140-g9a10cc1
roadmap;dimacs;46/10;10;      8380;    114652;139754;752;1635114;304351;10;677;0.573374;530807;0;0;sBELA*;? Unchecked;v1.6.0-140-g9a10cc1
roadmap;dimacs;47/10;10;    144351;    294832;100303;438;1380221;170764;9;677;0.32966;518000;0;0;sBELA*;? Unchecked;v1.6.0-140-g9a10cc1
roadmap;dimacs;48/10;10;    242792;     61567;68194;444;909365;150025;11;677;0.277233;541152;0;0;sBELA*;? Unchecked;v1.6.0-140-g9a10cc1
roadmap;dimacs;49/10;10;    136080;    278064;55840;270;638820;66588;14;677;0.133144;500122;0;0;sBELA*;? Unchecked;v1.6.0-140-g9a10cc1
roadmap;dimacs;50/10;10;    288270;    204684;120157;607;1331234;150496;13;677;0.305455;492695;0;0;sBELA*;? Unchecked;v1.6.0-140-g9a10cc1
roadmap;dimacs;51/10;10;    178991;    301411;142293;593;1624834;299235;3;677;0.566223;528476;0;0;sBELA*;? Unchecked;v1.6.0-140-g9a10cc1
roadmap;dimacs;52/10;10;    138893;    192766;156665;832;2055866;307538;10;677;0.609261;504772;0;0;sBELA*;? Unchecked;v1.6.0-140-g9a10cc1
roadmap;dimacs;53/10;10;     47239;     80468;124531;597;1447833;273302;9;677;0.520797;524777;0;0;sBELA*;? Unchecked;v1.6.0-140-g9a10cc1
roadmap;dimacs;54/10;10;    151087;    228575;164428;709;1973628;268602;5;677;0.505268;531603;0;0;sBELA*;? Unchecked;v1.6.0-140-g9a10cc1
roadmap;dimacs;55/10;10;    222755;     97707;91806;662;1004431;172466;27;677;0.336538;512471;0;0;sBELA*;? Unchecked;v1.6.0-140-g9a10cc1
roadmap;dimacs;56/10;10;     38872;    119016;131783;539;1698335;301072;12;677;0.599865;501899;0;0;sBELA*;? Unchecked;v1.6.0-140-g9a10cc1
roadmap;dimacs;57/10;10;    267788;    194528;91927;618;1239732;231309;10;677;0.45725;505869;0;0;sBELA*;? Unchecked;v1.6.0-140-g9a10cc1
roadmap;dimacs;58/10;10;     22537;    264517;68637;412;792128;166538;51;677;0.311055;535397;0;0;sBELA*;? Unchecked;v1.6.0-140-g9a10cc1
roadmap;dimacs;59/10;10;     95259;    242330;79460;693;938695;153140;12;677;0.288539;530742;0;0;sBELA*;? Unchecked;v1.6.0-140-g9a10cc1
roadmap;dimacs;60/10;10;    268622;    236338;99348;661;1121641;214443;17;677;0.427988;501050;0;0;sBELA*;? Unchecked;v1.6.0-140-g9a10cc1
roadmap;dimacs;61/10;10;    192347;    277821;109003;574;1370532;216970;10;677;0.42842;506442;0;0;sBELA*;? Unchecked;v1.6.0-140-g9a10cc1
roadmap;dimacs;62/10;10;    137823;    298415;115087;506;1488309;148279;6;677;0.293838;504628;0;0;sBELA*;? Unchecked;v1.6.0-140-g9a10cc1
roadmap;dimacs;63/10;10;    282571;    194161;100280;497;1119608;160017;10;677;0.328496;487120;0;0;sBELA*;? Unchecked;v1.6.0-140-g9a10cc1
roadmap;dimacs;64/10;10;     44959;    312326;119943;451;1380950;272099;14;677;0.522641;520623;0;0;sBELA*;? Unchecked;v1.6.0-140-g9a10cc1
roadmap;dimacs;65/10;10;    312156;    191513;106069;667;1410876;200004;6;575;0.408913;489112;0;0;sBELA*;? Unchecked;v1.6.0-140-g9a10cc1
roadmap;dimacs;66/10;10;    182639;    108846;104542;434;1118903;135959;17;605;0.302777;449040;0;0;sBELA*;? Unchecked;v1.6.0-140-g9a10cc1
roadmap;dimacs;67/10;10;     85822;     72825;93075;452;1221771;133916;3;605;0.287252;466197;0;0;sBELA*;? Unchecked;v1.6.0-140-g9a10cc1
roadmap;dimacs;68/10;10;    271676;    266077;109663;811;1490828;305319;25;623;0.588011;519240;0;0;sBELA*;? Unchecked;v1.6.0-140-g9a10cc1
roadmap;dimacs;69/10;10;    295012;     75092;89157;436;1103587;128335;3;623;0.268631;477737;0;0;sBELA*;? Unchecked;v1.6.0-140-g9a10cc1
roadmap;dimacs;70/10;10;    220093;    158529;152619;603;1846616;286469;11;623;0.551718;519230;0;0;sBELA*;? Unchecked;v1.6.0-140-g9a10cc1
roadmap;dimacs;71/10;10;    235314;    107150;171874;665;2082352;301829;10;623;0.664775;454032;0;0;sBELA*;? Unchecked;v1.6.0-140-g9a10cc1
roadmap;dimacs;72/10;10;     31159;    106749;158335;697;1931635;317838;10;623;0.605669;524772;0;0;sBELA*;? Unchecked;v1.6.0-140-g9a10cc1
roadmap;dimacs;73/10;10;    200665;    278503;107731;658;1290564;204841;8;658;0.47074;435147;0;0;sBELA*;? Unchecked;v1.6.0-140-g9a10cc1
roadmap;dimacs;74/10;10;     16528;    237773;51638;339;572424;107534;19;658;0.212151;506874;0;0;sBELA*;? Unchecked;v1.6.0-140-g9a10cc1
roadmap;dimacs;75/10;10;     15261;    213734;56667;393;604678;110704;213;658;0.222834;496800;0;0;sBELA*;? Unchecked;v1.6.0-140-g9a10cc1
roadmap;dimacs;76/10;10;     67401;    117147;138977;627;1821044;316685;15;658;0.607653;521161;0;0;sBELA*;? Unchecked;v1.6.0-140-g9a10cc1
roadmap;dimacs;77/10;10;    133413;     35340;118456;647;1547340;207700;16;658;0.413295;502546;0;0;sBELA*;? Unchecked;v1.6.0-140-g9a10cc1
roadmap;dimacs;78/10;10;    156152;    299995;106716;438;1241290;110978;10;658;0.245393;452246;0;0;sBELA*;? Unchecked;v1.6.0-140-g9a10cc1
roadmap;dimacs;79/10;10;     44951;    112793;141020;674;1573677;303015;10;658;0.583844;519000;0;0;sBELA*;? Unchecked;v1.6.0-140-g9a10cc1
roadmap;dimacs;80/10;10;     45387;    222153;89163;676;934041;174979;40;671;0.341392;512546;0;0;sBELA*;? Unchecked;v1.6.0-140-g9a10cc1
roadmap;dimacs;81/10;10;    294492;     77363;96211;537;1393136;168751;3;671;0.330457;510660;0;0;sBELA*;? Unchecked;v1.6.0-140-g9a10cc1
roadmap;dimacs;82/10;10;    201632;    267199;69041;513;1161535;201756;12;671;0.405302;497791;0;0;sBELA*;? Unchecked;v1.6.0-140-g9a10cc1
roadmap;dimacs;83/10;10;    247547;    146039;154718;701;1888099;251287;24;671;0.473636;530548;0;0;sBELA*;? Unchecked;v1.6.0-140-g9a10cc1
roadmap;dimacs;84/10;10;    281131;    197100;70622;495;832341;136737;5;671;0.25413;538060;0;0;sBELA*;? Unchecked;v1.6.0-140-g9a10cc1
roadmap;dimacs;85/10;10;    282616;     88896;79645;315;977540;50748;30;671;0.10232;495974;0;0;sBELA*;? Unchecked;v1.6.0-140-g9a10cc1
roadmap;dimacs;86/10;10;    241049;      9112;77390;529;830520;112381;14;671;0.211957;530208;0;0;sBELA*;? Unchecked;v1.6.0-140-g9a10cc1
roadmap;dimacs;87/10;10;    320588;     74968;91233;502;1128836;145574;15;671;0.304283;478417;0;0;sBELA*;? Unchecked;v1.6.0-140-g9a10cc1
roadmap;dimacs;88/10;10;    302257;    263709;162687;1099;1988811;289482;12;575;0.554919;521665;0;0;sBELA*;? Unchecked;v1.6.0-140-g9a10cc1
roadmap;dimacs;89/10;10;     88219;    210819;105394;724;1162449;187293;14;656;0.412594;453940;0;0;sBELA*;? Unchecked;v1.6.0-140-g9a10cc1
roadmap;dimacs;90/10;10;    311608;      2393;58039;216;686728;26665;19;656;0.0609594;437422;0;0;sBELA*;? Unchecked;v1.6.0-140-g9a10cc1
roadmap;dimacs;91/10;10;    217545;    103931;132983;605;1628457;215826;10;656;0.43875;491911;0;0;sBELA*;? Unchecked;v1.6.0-140-g9a10cc1
roadmap;dimacs;92/10;10;    233951;    281302;155528;956;1718536;246737;15;656;0.47617;518170;0;0;sBELA*;? Unchecked;v1.6.0-140-g9a10cc1
roadmap;dimacs;93/10;10;     74361;    263726;75166;494;999791;198221;58;671;0.401297;493951;0;0;sBELA*;? Unchecked;v1.6.0-140-g9a10cc1
roadmap;dimacs;94/10;10;    213766;    129485;145637;691;1812263;266432;18;671;0.520871;511512;0;0;sBELA*;? Unchecked;v1.6.0-140-g9a10cc1
roadmap;dimacs;95/10;10;    235147;     72685;63737;373;723538;106993;14;671;0.198046;540243;0;0;sBELA*;? Unchecked;v1.6.0-140-g9a10cc1
roadmap;dimacs;96/10;10;    217285;     19115;87348;498;964474;87863;17;671;0.172345;509808;0;0;sBELA*;? Unchecked;v1.6.0-140-g9a10cc1
roadmap;dimacs;97/10;10;    209011;    302603;79328;518;910841;163305;13;671;0.310667;525660;0;0;sBELA*;? Unchecked;v1.6.0-140-g9a10cc1
roadmap;dimacs;98/10;10;     63225;    173852;55144;200;709981;92205;32;671;0.185995;495740;0;0;sBELA*;? Unchecked;v1.6.0-140-g9a10cc1
roadmap;dimacs;99/10;10;    230929;    198254;58847;510;633591;100315;13;671;0.1937;517887;0;0;sBELA*;? Unchecked;v1.6.0-140-g9a10cc1
roadmap;dimacs;0/20;20;     81762;    146103;117974;529;1542397;126704;20;671;0.272838;464392;0;0;sBELA*;? Unchecked;v1.6.0-140-g9a10cc1
roadmap;dimacs;1/20;20;    106405;    250956;160227;741;2105385;292495;20;671;0.648381;451116;0;0;sBELA*;? Unchecked;v1.6.0-140-g9a10cc1
roadmap;dimacs;2/20;20;    273968;    266396;136537;852;1720309;313602;47;671;0.592784;529033;0;0;sBELA*;? Unchecked;v1.6.0-140-g9a10cc1
roadmap;dimacs;3/20;20;    131084;    299861;97942;370;1151754;112578;26;671;0.237361;474291;0;0;sBELA*;? Unchecked;v1.6.0-140-g9a10cc1
roadmap;dimacs;4/20;20;    321017;    269381;64989;244;698535;64903;20;671;0.145988;444578;0;0;sBELA*;? Unchecked;v1.6.0-140-g9a10cc1
roadmap;dimacs;5/20;20;     81268;    114155;135512;570;1754611;165141;11;575;0.337988;488600;0;0;sBELA*;? Unchecked;v1.6.0-140-g9a10cc1
roadmap;dimacs;6/20;20;    273110;    256843;111274;664;1295156;252087;33;664;0.521122;483739;0;0;sBELA*;? Unchecked;v1.6.0-140-g9a10cc1
roadmap;dimacs;7/20;20;    289000;    313165;101758;505;1676149;220454;23;664;0.433813;508177;0;0;sBELA*;? Unchecked;v1.6.0-140-g9a10cc1
roadmap;dimacs;8/20;20;    206841;    130270;147984;833;1872649;283786;16;664;0.55824;508358;0;0;sBELA*;? Unchecked;v1.6.0-140-g9a10cc1
roadmap;dimacs;9/20;20;    117373;     92727;174375;811;1976131;162259;20;664;0.332896;487416;0;0;sBELA*;? Unchecked;v1.6.0-140-g9a10cc1
roadmap;dimacs;10/20;20;    192763;    114126;195544;1057;2428194;317500;19;665;0.677132;468890;0;0;sBELA*;? Unchecked;v1.6.0-140-g9a10cc1
roadmap;dimacs;11/20;20;    253773;     62962;68507;417;945470;166754;27;674;0.311275;535713;0;0;sBELA*;? Unchecked;v1.6.0-140-g9a10cc1
roadmap;dimacs;12/20;20;     69635;    112392;100622;420;1212457;255523;24;674;0.515246;495925;0;0;sBELA*;? Unchecked;v1.6.0-140-g9a10cc1
roadmap;dimacs;13/20;20;    279740;      4869;64383;390;765589;74902;20;674;0.151381;494791;0;0;sBELA*;? Unchecked;v1.6.0-140-g9a10cc1
roadmap;dimacs;14/20;20;    188811;    247049;87203;422;1069470;130676;23;674;0.288115;453556;0;0;sBELA*;? Unchecked;v1.6.0-140-g9a10cc1
roadmap;dimacs;15/20;20;    277191;    268154;57540;216;630985;47676;20;674;0.100105;476262;0;0;sBELA*;? Unchecked;v1.6.0-140-g9a10cc1
roadmap;dimacs;16/20;20;     42193;    274432;67057;442;877001;175184;33;677;0.355023;493444;0;0;sBELA*;? Unchecked;v1.6.0-140-g9a10cc1
roadmap;dimacs;17/20;20;    285743;    146714;122395;540;1537702;169249;18;575;0.342862;493635;0;0;sBELA*;? Unchecked;v1.6.0-140-g9a10cc1
roadmap;dimacs;18/20;20;    195854;     77647;163155;781;1936383;313356;20;623;0.62287;503084;0;0;sBELA*;? Unchecked;v1.6.0-140-g9a10cc1
roadmap;dimacs;19/20;20;    129037;    163761;132448;611;1503645;192859;19;623;0.393271;490398;0;0;sBELA*;? Unchecked;v1.6.0-140-g9a10cc1
roadmap;dimacs;20/20;20;     85176;      1954;155298;766;1794185;199260;21;629;0.411005;484811;0;0;sBELA*;? Unchecked;v1.6.0-140-g9a10cc1
roadmap;dimacs;21/20;20;    318603;    138230;71528;276;781548;37694;21;629;0.0842529;447391;0;0;sBELA*;? Unchecked;v1.6.0-140-g9a10cc1
roadmap;dimacs;22/20;20;    103461;      5065;52932;288;606564;59415;20;629;0.122564;484766;0;0;sBELA*;? Unchecked;v1.6.0-140-g9a10cc1
roadmap;dimacs;23/20;20;    299962;    134129;91209;409;1151133;158814;20;629;0.337692;470292;0;0;sBELA*;? Unchecked;v1.6.0-140-g9a10cc1
roadmap;dimacs;24/20;20;    124461;     94197;111561;555;1415105;184187;24;629;0.380663;483858;0;0;sBELA*;? Unchecked;v1.6.0-140-g9a10cc1
roadmap;dimacs;25/20;20;    135528;    100606;89424;373;1174603;113400;32;629;0.247691;457829;0;0;sBELA*;? Unchecked;v1.6.0-140-g9a10cc1
roadmap;dimacs;26/20;20;    100494;     30092;121070;673;1387993;191523;21;629;0.399987;478823;0;0;sBELA*;? Unchecked;v1.6.0-140-g9a10cc1
roadmap;dimacs;27/20;20;    143119;     21648;124749;667;1627785;202618;41;629;0.415712;487400;0;0;sBELA*;? Unchecked;v1.6.0-140-g9a10cc1
roadmap;dimacs;28/20;20;     56815;    308596;88413;375;1039243;210150;37;629;0.438895;478816;0;0;sBELA*;? Unchecked;v1.6.0-140-g9a10cc1
roadmap;dimacs;29/20;20;    305686;    120431;144546;664;1896727;257386;19;634;0.49151;523664;0;0;sBELA*;? Unchecked;v1.6.0-140-g9a10cc1
roadmap;dimacs;30/20;20;    240362;    295149;139954;885;1552746;220728;23;634;0.443348;497866;0;0;sBELA*;? Unchecked;v1.6.0-140-g9a10cc1
roadmap;dimacs;31/20;20;    312097;    296209;144011;539;1690128;271310;4;635;0.538055;504242;0;0;sBELA*;? Unchecked;v1.6.0-140-g9a10cc1
roadmap;dimacs;32/20;20;    282381;    258241;166189;1094;1867848;284623;23;635;0.567619;501433;0;0;sBELA*;? Unchecked;v1.6.0-140-g9a10cc1
roadmap;dimacs;33/20;20;    292606;     56169;75636;498;1003809;115823;19;653;0.220887;524354;0;0;sBELA*;? Unchecked;v1.6.0-140-g9a10cc1
roadmap;dimacs;34/20;20;    237888;    111447;186398;888;2218851;307831;28;653;0.663041;464271;0;0;sBELA*;? Unchecked;v1.6.0-140-g9a10cc1
roadmap;dimacs;35/20;20;     51839;    224098;65519;352;744864;127250;42;653;0.238118;534400;0;0;sBELA*;? Unchecked;v1.6.0-140-g9a10cc1
roadmap;dimacs;36/20;20;    128418;      4215;127051;659;1463294;144389;20;653;0.309342;466762;0;0;sBELA*;? Unchecked;v1.6.0-140-g9a10cc1
roadmap;dimacs;37/20;20;    268787;    226268;87110;588;1062180;190438;36;653;0.402234;473451;0;0;sBELA*;? Unchecked;v1.6.0-140-g9a10cc1
roadmap;dimacs;38/20;20;    309312;    168166;120675;706;1392074;178194;34;653;0.410751;433825;0;0;sBELA*;? Unchecked;v1.6.0-140-g9a10cc1
roadmap;dimacs;39/20;20;    280948;    241995;84458;715;1127728;198989;22;653;0.416804;477416;0;0;sBELA*;? Unchecked;v1.6.0-140-g9a10cc1
roadmap;dimacs;40/20;20;    254985;    109385;162851;752;2002332;295716;20;653;0.576616;512848;0;0;sBELA*;? Unchecked;v1.6.0-140-g9a10cc1
roadmap;dimacs;41/20;20;    196484;    113193;168188;883;1913390;308981;14;665;0.598991;515835;0;0;sBELA*;? Unchecked;v1.6.0-140-g9a10cc1
roadmap;dimacs;42/20;20;     29905;    299818;94072;705;1165006;214111;65;677;0.450121;475674;0;0;sBELA*;? Unchecked;v1.6.0-140-g9a10cc1
roadmap;dimacs;43/20;20;    316036;    224755;182461;1003;2208177;319342;39;677;0.671628;475475;0;0;sBELA*;? Unchecked;v1.6.0-140-g9a10cc1
roadmap;dimacs;44/20;20;      2345;    195155;64371;635;820269;159957;18;677;0.308486;518523;0;0;sBELA*;? Unchecked;v1.6.0-140-g9a10cc1
roadmap;dimacs;45/20;20;    231635;    158604;167890;796;2014054;287438;31;677;0.597504;481064;0;0;sBELA*;? Unchecked;v1.6.0-140-g9a10cc1
roadmap;dimacs;46/20;20;      8380;    114652;139754;752;1635143;304352;20;677;0.578541;526068;0;0;sBELA*;? Unchecked;v1.6.0-140-g9a10cc1
roadmap;dimacs;47/20;20;    144351;    294832;100303;439;1380308;170791;19;677;0.366901;465496;0;0;sBELA*;? Unchecked;v1.6.0-140-g9a10cc1
roadmap;dimacs;48/20;20;    242792;     61567;68194;444;909380;150034;19;677;0.278271;539165;0;0;sBELA*;? Unchecked;v1.6.0-140-g9a10cc1
roadmap;dimacs;49/20;20;    136080;    278064;55840;268;638924;66606;34;677;0.134874;493839;0;0;sBELA*;? Unchecked;v1.6.0-140-g9a10cc1
roadmap;dimacs;50/20;20;    288270;    204684;120157;611;1331267;150503;35;677;0.311526;483115;0;0;sBELA*;? Unchecked;v1.6.0-140-g9a10cc1
roadmap;dimacs;51/20;20;    178991;    301411;142293;591;1624855;299237;7;677;0.576688;518889;0;0;sBELA*;? Unchecked;v1.6.0-140-g9a10cc1
roadmap;dimacs;52/20;20;    138893;    192766;156665;829;2055883;307541;20;677;0.612742;501910;0;0;sBELA*;? Unchecked;v1.6.0-140-g9a10cc1
roadmap;dimacs;53/20;20;     47239;     80468;124531;596;1447848;273302;14;677;0.531137;514560;0;0;sBELA*;? Unchecked;v1.6.0-140-g9a10cc1
roadmap;dimacs;54/20;20;    151087;    228575;164428;711;1973649;268608;8;677;0.508502;528234;0;0;sBELA*;? Unchecked;v1.6.0-140-g9a10cc1
roadmap;dimacs;55/20;20;    222755;     97707;91806;661;1004488;172478;74;677;0.345718;498898;0;0;sBELA*;? Unchecked;v1.6.0-140-g9a10cc1
roadmap;dimacs;56/20;20;     38872;    119016;131783;540;1698365;301076;24;677;0.578078;520822;0;0;sBELA*;? Unchecked;v1.6.0-140-g9a10cc1
roadmap;dimacs;57/20;20;    267788;    194528;91927;617;1239755;231313;20;677;0.461919;500765;0;0;sBELA*;? Unchecked;v1.6.0-140-g9a10cc1
roadmap;dimacs;58/20;20;     22537;    264517;68637;413;792371;166589;159;677;0.320917;519103;0;0;sBELA*;? Unchecked;v1.6.0-140-g9a10cc1
roadmap;dimacs;59/20;20;     95259;    242330;79460;693;938731;153148;22;677;0.294675;519718;0;0;sBELA*;? Unchecked;v1.6.0-140-g9a10cc1
roadmap;dimacs;60/20;20;    268622;    236338;99348;661;1121688;214474;48;677;0.436821;490988;0;0;sBELA*;? Unchecked;v1.6.0-140-g9a10cc1
roadmap;dimacs;61/20;20;    192347;    277821;109003;573;1370568;216973;20;677;0.43271;501428;0;0;sBELA*;? Unchecked;v1.6.0-140-g9a10cc1
roadmap;dimacs;62/20;20;    137823;    298415;115087;508;1488320;148282;13;677;0.297323;498723;0;0;sBELA*;? Unchecked;v1.6.0-140-g9a10cc1
roadmap;dimacs;63/20;20;    282571;    194161;100280;501;1119637;160020;20;677;0.331845;482213;0;0;sBELA*;? Unchecked;v1.6.0-140-g9a10cc1
roadmap;dimacs;64/20;20;     44959;    312326;119943;441;1381016;272116;29;677;0.558059;487611;0;0;sBELA*;? Unchecked;v1.6.0-140-g9a10cc1
roadmap;dimacs;65/20;20;    312156;    191513;106069;667;1410894;200015;11;575;0.412997;484301;0;0;sBELA*;? Unchecked;v1.6.0-140-g9a10cc1
roadmap;dimacs;66/20;20;    182639;    108846;104542;434;1119012;136002;33;605;0.315362;431257;0;0;sBELA*;? Unchecked;v1.6.0-140-g9a10cc1
roadmap;dimacs;67/20;20;     85822;     72825;93075;454;1221782;133920;4;605;0.289727;462229;0;0;sBELA*;? Unchecked;v1.6.0-140-g9a10cc1
roadmap;dimacs;68/20;20;    271676;    266077;109663;816;1490896;305331;50;623;0.596518;511856;0;0;sBELA*;? Unchecked;v1.6.0-140-g9a10cc1
roadmap;dimacs;69/20;20;    295012;     75092;89157;436;1103608;128337;6;623;0.270613;474246;0;0;sBELA*;? Unchecked;v1.6.0-140-g9a10cc1
roadmap;dimacs;70/20;20;    220093;    158529;152619;605;1846657;286477;22;623;0.568491;503925;0;0;sBELA*;? Unchecked;v1.6.0-140-g9a10cc1
roadmap;dimacs;71/20;20;    235314;    107150;171874;668;2082378;301833;21;623;0.673666;448045;0;0;sBELA*;? Unchecked;v1.6.0-140-g9a10cc1
roadmap;dimacs;72/20;20;     31159;    106749;158335;697;1931674;317839;22;623;0.610253;520832;0;0;sBELA*;? Unchecked;v1.6.0-140-g9a10cc1
roadmap;dimacs;73/20;20;    200665;    278503;107731;661;1290569;204841;15;658;0.434677;471249;0;0;sBELA*;? Unchecked;v1.6.0-140-g9a10cc1
roadmap;dimacs;74/20;20;     16528;    237773;51638;339;572524;107581;62;658;0.207466;518547;0;0;sBELA*;? Unchecked;v1.6.0-140-g9a10cc1
roadmap;dimacs;75/20;20;     15261;    213734;56667;395;604795;110758;313;658;0.231021;479428;0;0;sBELA*;? Unchecked;v1.6.0-140-g9a10cc1
roadmap;dimacs;76/20;20;     67401;    117147;138977;627;1821063;316686;26;658;0.623427;507976;0;0;sBELA*;? Unchecked;v1.6.0-140-g9a10cc1
roadmap;dimacs;77/20;20;    133413;     35340;118456;647;1547436;207735;35;658;0.418367;496538;0;0;sBELA*;? Unchecked;v1.6.0-140-g9a10cc1
roadmap;dimacs;78/20;20;    156152;    299995;106716;437;1241321;110984;20;658;0.24994;444043;0;0;sBELA*;? Unchecked;v1.6.0-140-g9a10cc1
roadmap;dimacs;79/20;20;     44951;    112793;141020;673;1573689;303017;20;658;0.580842;521686;0;0;sBELA*;? Unchecked;v1.6.0-140-g9a10cc1
roadmap;dimacs;80/20;20;     45387;    222153;89163;679;934119;175001;62;673;0.350267;499622;0;0;sBELA*;? Unchecked;v1.6.0-140-g9a10cc1
roadmap;dimacs;81/20;20;    294492;     77363;96211;537;1393157;168761;6;677;0.346157;487527;0;0;sBELA*;? Unchecked;v1.6.0-140-g9a10cc1
roadmap;dimacs;82/20;20;    201632;    267199;69041;512;1161571;201761;28;677;0.426906;472612;0;0;sBELA*;? Unchecked;v1.6.0-140-g9a10cc1
roadmap;dimacs;83/20;20;    247547;    146039;154718;701;1888128;251299;40;677;0.479785;523774;0;0;sBELA*;? Unchecked;v1.6.0-140-g9a10cc1
roadmap;dimacs;84/20;20;    281131;    197100;70622;492;832345;136737;9;677;0.258247;529481;0;0;sBELA*;? Unchecked;v1.6.0-140-g9a10cc1
roadmap;dimacs;85/20;20;    282616;     88896;79645;315;977647;50758;56;677;0.107728;471169;0;0;sBELA*;? Unchecked;v1.6.0-140-g9a10cc1
roadmap;dimacs;86/20;20;    241049;      9112;77390;528;830530;112388;26;677;0.217673;516315;0;0;sBELA*;? Unchecked;v1.6.0-140-g9a10cc1
roadmap;dimacs;87/20;20;    320588;     74968;91233;499;1128935;145605;37;677;0.304415;478311;0;0;sBELA*;? Unchecked;v1.6.0-140-g9a10cc1
roadmap;dimacs;88/20;20;    302257;    263709;162687;1099;1988846;289489;24;575;0.574399;503986;0;0;sBELA*;? Unchecked;v1.6.0-140-g9a10cc1
roadmap;dimacs;89/20;20;     88219;    210819;105394;726;1162510;187307;26;656;0.41765;448479;0;0;sBELA*;? Unchecked;v1.6.0-140-g9a10cc1
roadmap;dimacs;90/20;20;    311608;      2393;58039;206;686778;26670;40;656;0.0632107;421923;0;0;sBELA*;? Unchecked;v1.6.0-140-g9a10cc1
roadmap;dimacs;91/20;20;    217545;    103931;132983;604;1628492;215826;20;656;0.443913;486190;0;0;sBELA*;? Unchecked;v1.6.0-140-g9a10cc1
roadmap;dimacs;92/20;20;    233951;    281302;155528;957;1718555;246738;23;656;0.481282;512668;0;0;sBELA*;? Unchecked;v1.6.0-140-g9a10cc1
roadmap;dimacs;93/20;20;     74361;    263726;75166;496;999922;198242;128;676;0.391343;506569;0;0;sBELA*;? Unchecked;v1.6.0-140-g9a10cc1
roadmap;dimacs;94/20;20;    213766;    129485;145637;705;1812314;266441;52;677;0.523722;508745;0;0;sBELA*;? Unchecked;v1.6.0-140-g9a10cc1
roadmap;dimacs;95/20;20;    235147;     72685;63737;374;723594;106998;34;677;0.201331;531452;0;0;sBELA*;? Unchecked;v1.6.0-140-g9a10cc1
roadmap;dimacs;96/20;20;    217285;     19115;87348;496;964483;87869;28;677;0.174939;502283;0;0;sBELA*;? Unchecked;v1.6.0-140-g9a10cc1
roadmap;dimacs;97/20;20;    209011;    302603;79328;518;910876;163310;37;677;0.314572;519149;0;0;sBELA*;? Unchecked;v1.6.0-140-g9a10cc1
roadmap;dimacs;98/20;20;     63225;    173852;55144;204;710072;92226;54;677;0.193232;477282;0;0;sBELA*;? Unchecked;v1.6.0-140-g9a10cc1
roadmap;dimacs;99/20;20;    230929;    198254;58847;510;633673;100325;38;677;0.199603;502623;0;0;sBELA*;? Unchecked;v1.6.0-140-g9a10cc1
roadmap;dimacs;0/30;30;     81762;    146103;117974;530;1542431;126720;32;677;0.268193;472496;0;0;sBELA*;? Unchecked;v1.6.0-140-g9a10cc1
roadmap;dimacs;1/30;30;    106405;    250956;160227;745;2105405;292505;30;677;0.637258;459006;0;0;sBELA*;? Unchecked;v1.6.0-140-g9a10cc1
roadmap;dimacs;2/30;30;    273968;    266396;136537;854;1720352;313612;71;677;0.621096;504933;0;0;sBELA*;? Unchecked;v1.6.0-140-g9a10cc1
roadmap;dimacs;3/30;30;    131084;    299861;97942;378;1151780;112581;37;677;0.239876;469331;0;0;sBELA*;? Unchecked;v1.6.0-140-g9a10cc1
roadmap;dimacs;4/30;30;    321017;    269381;64989;239;698576;64908;34;677;0.130598;497006;0;0;sBELA*;? Unchecked;v1.6.0-140-g9a10cc1
roadmap;dimacs;5/30;30;     81268;    114155;135512;570;1754631;165146;16;575;0.345109;478533;0;0;sBELA*;? Unchecked;v1.6.0-140-g9a10cc1
roadmap;dimacs;6/30;30;    273110;    256843;111274;635;1295197;252110;52;664;0.525681;479588;0;0;sBELA*;? Unchecked;v1.6.0-140-g9a10cc1
roadmap;dimacs;7/30;30;    289000;    313165;101758;504;1676201;220464;41;664;0.439709;501386;0;0;sBELA*;? Unchecked;v1.6.0-140-g9a10cc1
roadmap;dimacs;8/30;30;    206841;    130270;147984;832;1872654;283787;21;664;0.561361;505534;0;0;sBELA*;? Unchecked;v1.6.0-140-g9a10cc1
roadmap;dimacs;9/30;30;    117373;     92727;174375;812;1976139;162265;30;664;0.336189;482660;0;0;sBELA*;? Unchecked;v1.6.0-140-g9a10cc1
roadmap;dimacs;10/30;30;    192763;    114126;195544;1051;2428200;317500;28;665;0.685478;463181;0;0;sBELA*;? Unchecked;v1.6.0-140-g9a10cc1
roadmap;dimacs;11/30;30;    253773;     62962;68507;415;945638;166802;72;674;0.316331;527302;0;0;sBELA*;? Unchecked;v1.6.0-140-g9a10cc1
roadmap;dimacs;12/30;30;     69635;    112392;100622;418;1212482;255531;38;674;0.510701;500354;0;0;sBELA*;? Unchecked;v1.6.0-140-g9a10cc1
roadmap;dimacs;13/30;30;    279740;      4869;64383;394;765613;74914;30;674;0.155904;480514;0;0;sBELA*;? Unchecked;v1.6.0-140-g9a10cc1
roadmap;dimacs;14/30;30;    188811;    247049;87203;426;1069497;130685;35;674;0.291965;447605;0;0;sBELA*;? Unchecked;v1.6.0-140-g9a10cc1
roadmap;dimacs;15/30;30;    277191;    268154;57540;215;631014;47683;30;674;0.101928;467811;0;0;sBELA*;? Unchecked;v1.6.0-140-g9a10cc1
roadmap;dimacs;16/30;30;     42193;    274432;67057;447;877104;175213;61;674;0.355618;492700;0;0;sBELA*;? Unchecked;v1.6.0-140-g9a10cc1
roadmap;dimacs;17/30;30;    285743;    146714;122395;540;1537728;169259;32;575;0.348865;485171;0;0;sBELA*;? Unchecked;v1.6.0-140-g9a10cc1
roadmap;dimacs;18/30;30;    195854;     77647;163155;795;1936409;313357;30;623;0.619323;505967;0;0;sBELA*;? Unchecked;v1.6.0-140-g9a10cc1
roadmap;dimacs;19/30;30;    129037;    163761;132448;609;1503653;192866;27;623;0.398658;483788;0;0;sBELA*;? Unchecked;v1.6.0-140-g9a10cc1
roadmap;dimacs;20/30;30;     85176;      1954;155298;765;1794199;199266;28;629;0.458667;434446;0;0;sBELA*;? Unchecked;v1.6.0-140-g9a10cc1
roadmap;dimacs;21/30;30;    318603;    138230;71528;278;781574;37702;28;629;0.0889943;423645;0;0;sBELA*;? Unchecked;v1.6.0-140-g9a10cc1
roadmap;dimacs;22/30;30;    103461;      5065;52932;282;606585;59423;30;629;0.127017;467834;0;0;sBELA*;? Unchecked;v1.6.0-140-g9a10cc1
roadmap;dimacs;23/30;30;    299962;    134129;91209;412;1151157;158819;30;629;0.345455;459738;0;0;sBELA*;? Unchecked;v1.6.0-140-g9a10cc1
roadmap;dimacs;24/30;30;    124461;     94197;111561;555;1415116;184190;33;629;0.383138;480741;0;0;sBELA*;? Unchecked;v1.6.0-140-g9a10cc1
roadmap;dimacs;25/30;30;    135528;    100606;89424;406;1174645;113408;51;629;0.250699;452368;0;0;sBELA*;? Unchecked;v1.6.0-140-g9a10cc1
roadmap;dimacs;26/30;30;    100494;     30092;121070;674;1388015;191527;29;629;0.401839;476627;0;0;sBELA*;? Unchecked;v1.6.0-140-g9a10cc1
roadmap;dimacs;27/30;30;    143119;     21648;124749;668;1627808;202623;59;629;0.419882;482571;0;0;sBELA*;? Unchecked;v1.6.0-140-g9a10cc1
roadmap;dimacs;28/30;30;     56815;    308596;88413;375;1039292;210176;54;677;0.462298;454633;0;0;sBELA*;? Unchecked;v1.6.0-140-g9a10cc1
roadmap;dimacs;29/30;30;    305686;    120431;144546;665;1896745;257391;32;575;0.493427;521639;0;0;sBELA*;? Unchecked;v1.6.0-140-g9a10cc1
roadmap;dimacs;30/30;30;    240362;    295149;139954;883;1552761;220730;34;623;0.463003;476736;0;0;sBELA*;? Unchecked;v1.6.0-140-g9a10cc1
roadmap;dimacs;31/30;30;    312097;    296209;144011;534;1690140;271313;9;635;0.544519;498262;0;0;sBELA*;? Unchecked;v1.6.0-140-g9a10cc1
roadmap;dimacs;32/30;30;    282381;    258241;166189;1093;1867873;284626;34;635;0.564145;504526;0;0;sBELA*;? Unchecked;v1.6.0-140-g9a10cc1
roadmap;dimacs;33/30;30;    292606;     56169;75636;499;1003841;115828;27;653;0.224683;515518;0;0;sBELA*;? Unchecked;v1.6.0-140-g9a10cc1
roadmap;dimacs;34/30;30;    237888;    111447;186398;888;2218858;307831;38;653;0.683005;450701;0;0;sBELA*;? Unchecked;v1.6.0-140-g9a10cc1
roadmap;dimacs;35/30;30;     51839;    224098;65519;351;744916;127258;69;653;0.239783;530721;0;0;sBELA*;? Unchecked;v1.6.0-140-g9a10cc1
roadmap;dimacs;36/30;30;    128418;      4215;127051;659;1463300;144390;28;653;0.315484;457677;0;0;sBELA*;? Unchecked;v1.6.0-140-g9a10cc1
roadmap;dimacs;37/30;30;    268787;    226268;87110;588;1062225;190455;56;675;0.412737;461444;0;0;sBELA*;? Unchecked;v1.6.0-140-g9a10cc1
roadmap;dimacs;38/30;30;    309312;    168166;120675;703;1392090;178199;46;575;0.408374;436363;0;0;sBELA*;? Unchecked;v1.6.0-140-g9a10cc1
roadmap;dimacs;39/30;30;    280948;    241995;84458;715;1127744;198999;32;676;0.442504;449711;0;0;sBELA*;? Unchecked;v1.6.0-140-g9a10cc1
roadmap;dimacs;40/30;30;    254985;    109385;162851;750;2002338;295716;29;677;0.568569;520106;0;0;sBELA*;? Unchecked;v1.6.0-140-g9a10cc1
roadmap;dimacs;41/30;30;    196484;    113193;168188;884;1913399;308982;21;677;0.592004;521925;0;0;sBELA*;? Unchecked;v1.6.0-140-g9a10cc1
roadmap;dimacs;42/30;30;     29905;    299818;94072;708;1165014;214113;82;677;0.455349;470217;0;0;sBELA*;? Unchecked;v1.6.0-140-g9a10cc1
roadmap;dimacs;43/30;30;    316036;    224755;182461;999;2208191;319342;57;677;0.693596;460415;0;0;sBELA*;? Unchecked;v1.6.0-140-g9a10cc1
roadmap;dimacs;44/30;30;      2345;    195155;64371;634;820278;159962;28;677;0.318919;501575;0;0;sBELA*;? Unchecked;v1.6.0-140-g9a10cc1
roadmap;dimacs;45/30;30;    231635;    158604;167890;795;2014061;287440;42;683;0.605285;474884;0;0;sBELA*;? Unchecked;v1.6.0-140-g9a10cc1
roadmap;dimacs;46/30;30;      8380;    114652;139754;754;1635161;304355;28;683;0.585284;520012;0;0;sBELA*;? Unchecked;v1.6.0-140-g9a10cc1
roadmap;dimacs;47/30;30;    144351;    294832;100303;439;1380350;170801;33;683;0.347471;491555;0;0;sBELA*;? Unchecked;v1.6.0-140-g9a10cc1
roadmap;dimacs;48/30;30;    242792;     61567;68194;443;909417;150039;30;683;0.28333;529555;0;0;sBELA*;? Unchecked;v1.6.0-140-g9a10cc1
roadmap;dimacs;49/30;30;    136080;    278064;55840;270;638987;66612;58;683;0.138569;480714;0;0;sBELA*;? Unchecked;v1.6.0-140-g9a10cc1
roadmap;dimacs;50/30;30;    288270;    204684;120157;610;1331294;150511;56;683;0.326101;461548;0;0;sBELA*;? Unchecked;v1.6.0-140-g9a10cc1
roadmap;dimacs;51/30;30;    178991;    301411;142293;592;1624859;299237;9;683;0.574805;520588;0;0;sBELA*;? Unchecked;v1.6.0-140-g9a10cc1
roadmap;dimacs;52/30;30;    138893;    192766;156665;829;2055887;307542;28;683;0.620608;495550;0;0;sBELA*;? Unchecked;v1.6.0-140-g9a10cc1
roadmap;dimacs;53/30;30;     47239;     80468;124531;602;1447871;273308;22;683;0.527908;517719;0;0;sBELA*;? Unchecked;v1.6.0-140-g9a10cc1
roadmap;dimacs;54/30;30;    151087;    228575;164428;709;1973663;268612;13;683;0.510341;526339;0;0;sBELA*;? Unchecked;v1.6.0-140-g9a10cc1
roadmap;dimacs;55/30;30;    222755;     97707;91806;661;1004496;172478;87;683;0.350367;492277;0;0;sBELA*;? Unchecked;v1.6.0-140-g9a10cc1
roadmap;dimacs;56/30;30;     38872;    119016;131783;540;1698384;301076;34;683;0.581129;518088;0;0;sBELA*;? Unchecked;v1.6.0-140-g9a10cc1
roadmap;dimacs;57/30;30;    267788;    194528;91927;616;1239767;231317;30;683;0.465613;496802;0;0;sBELA*;? Unchecked;v1.6.0-140-g9a10cc1
roadmap;dimacs;58/30;30;     22537;    264517;68637;470;792514;166621;285;683;0.331598;502479;0;0;sBELA*;? Unchecked;v1.6.0-140-g9a10cc1
roadmap;dimacs;59/30;30;     95259;    242330;79460;693;938765;153160;32;683;0.298897;512418;0;0;sBELA*;? Unchecked;v1.6.0-140-g9a10cc1
roadmap;dimacs;60/30;30;    268622;    236338;99348;662;1121722;214488;72;683;0.45001;476630;0;0;sBELA*;? Unchecked;v1.6.0-140-g9a10cc1
roadmap;dimacs;61/30;30;    192347;    277821;109003;569;1370596;216975;30;683;0.446514;485931;0;0;sBELA*;? Unchecked;v1.6.0-140-g9a10cc1
roadmap;dimacs;62/30;30;    137823;    298415;115087;505;1488333;148284;22;683;0.309933;478438;0;0;sBELA*;? Unchecked;v1.6.0-140-g9a10cc1
roadmap;dimacs;63/30;30;    282571;    194161;100280;499;1119652;160021;30;683;0.33447;478432;0;0;sBELA*;? Unchecked;v1.6.0-140-g9a10cc1
roadmap;dimacs;64/30;30;     44959;    312326;119943;451;1381065;272125;44;683;0.531092;512388;0;0;sBELA*;? Unchecked;v1.6.0-140-g9a10cc1
roadmap;dimacs;65/30;30;    312156;    191513;106069;668;1410901;200017;19;683;0.420178;476030;0;0;sBELA*;? Unchecked;v1.6.0-140-g9a10cc1
roadmap;dimacs;66/30;30;    182639;    108846;104542;434;1119051;136015;45;683;0.331002;410919;0;0;sBELA*;? Unchecked;v1.6.0-140-g9a10cc1
roadmap;dimacs;67/30;30;     85822;     72825;93075;454;1221792;133925;7;683;0.29124;459844;0;0;sBELA*;? Unchecked;v1.6.0-140-g9a10cc1
roadmap;dimacs;68/30;30;    271676;    266077;109663;815;1490934;305332;72;683;0.59745;511059;0;0;sBELA*;? Unchecked;v1.6.0-140-g9a10cc1
roadmap;dimacs;69/30;30;    295012;     75092;89157;436;1103623;128342;8;683;0.26195;489948;0;0;sBELA*;? Unchecked;v1.6.0-140-g9a10cc1
roadmap;dimacs;70/30;30;    220093;    158529;152619;606;1846678;286477;32;683;0.552689;518333;0;0;sBELA*;? Unchecked;v1.6.0-140-g9a10cc1
roadmap;dimacs;71/30;30;    235314;    107150;171874;669;2082400;301836;30;683;0.665626;453462;0;0;sBELA*;? Unchecked;v1.6.0-140-g9a10cc1
roadmap;dimacs;72/30;30;     31159;    106749;158335;695;1931694;317839;32;683;0.605202;525178;0;0;sBELA*;? Unchecked;v1.6.0-140-g9a10cc1
roadmap;dimacs;73/30;30;    200665;    278503;107731;659;1290572;204841;21;683;0.430318;476022;0;0;sBELA*;? Unchecked;v1.6.0-140-g9a10cc1
roadmap;dimacs;74/30;30;     16528;    237773;51638;337;572535;107594;73;683;0.223575;481243;0;0;sBELA*;? Unchecked;v1.6.0-140-g9a10cc1
roadmap;dimacs;75/30;30;     15261;    213734;56667;393;604857;110784;388;683;0.235704;470013;0;0;sBELA*;? Unchecked;v1.6.0-140-g9a10cc1
roadmap;dimacs;76/30;30;     67401;    117147;138977;625;1821103;316689;44;683;0.607704;521124;0;0;sBELA*;? Unchecked;v1.6.0-140-g9a10cc1
roadmap;dimacs;77/30;30;    133413;     35340;118456;647;1547458;207741;50;683;0.424281;489631;0;0;sBELA*;? Unchecked;v1.6.0-140-g9a10cc1
roadmap;dimacs;78/30;30;    156152;    299995;106716;436;1241342;110986;30;683;0.242497;457681;0;0;sBELA*;? Unchecked;v1.6.0-140-g9a10cc1
roadmap;dimacs;79/30;30;     44951;    112793;141020;672;1573707;303021;30;683;0.575555;526485;0;0;sBELA*;? Unchecked;v1.6.0-140-g9a10cc1
roadmap;dimacs;80/30;30;     45387;    222153;89163;676;934141;175009;73;683;0.351759;497526;0;0;sBELA*;? Unchecked;v1.6.0-140-g9a10cc1
roadmap;dimacs;81/30;30;    294492;     77363;96211;537;1393172;168769;8;683;0.345725;488160;0;0;sBELA*;? Unchecked;v1.6.0-140-g9a10cc1
roadmap;dimacs;82/30;30;    201632;    267199;69041;508;1161599;201763;46;683;0.429385;469888;0;0;sBELA*;? Unchecked;v1.6.0-140-g9a10cc1
roadmap;dimacs;83/30;30;    247547;    146039;154718;701;1888153;251303;61;683;0.495535;507134;0;0;sBELA*;? Unchecked;v1.6.0-140-g9a10cc1
roadmap;dimacs;84/30;30;    281131;    197100;70622;497;832349;136737;13;683;0.258039;529908;0;0;sBELA*;? Unchecked;v1.6.0-140-g9a10cc1
roadmap;dimacs;85/30;30;    282616;     88896;79645;313;977765;50767;107;683;0.109177;464997;0;0;sBELA*;? Unchecked;v1.6.0-140-g9a10cc1
roadmap;dimacs;86/30;30;    241049;      9112;77390;527;830543;112389;31;683;0.216717;518598;0;0;sBELA*;? Unchecked;v1.6.0-140-g9a10cc1
roadmap;dimacs;87/30;30;    320588;     74968;91233;504;1128965;145611;53;683;0.325561;447262;0;0;sBELA*;? Unchecked;v1.6.0-140-g9a10cc1
roadmap;dimacs;88/30;30;    302257;    263709;162687;1098;1988861;289493;33;575;0.582209;497232;0;0;sBELA*;? Unchecked;v1.6.0-140-g9a10cc1
roadmap;dimacs;89/30;30;     88219;    210819;105394;724;1162524;187311;35;674;0.422353;443494;0;0;sBELA*;? Unchecked;v1.6.0-140-g9a10cc1
roadmap;dimacs;90/30;30;    311608;      2393;58039;216;686870;26678;82;674;0.0676279;394482;0;0;sBELA*;? Unchecked;v1.6.0-140-g9a10cc1
roadmap;dimacs;91/30;30;    217545;    103931;132983;604;1628513;215829;30;677;0.455275;474063;0;0;sBELA*;? Unchecked;v1.6.0-140-g9a10cc1
roadmap;dimacs;92/30;30;    233951;    281302;155528;957;1718589;246741;42;681;0.494307;499166;0;0;sBELA*;? Unchecked;v1.6.0-140-g9a10cc1
roadmap;dimacs;93/30;30;     74361;    263726;75166;495;1000021;198258;221;681;0.396044;500595;0;0;sBELA*;? Unchecked;v1.6.0-140-g9a10cc1
roadmap;dimacs;94/30;30;    213766;    129485;145637;707;1812335;266443;82;683;0.532389;500467;0;0;sBELA*;? Unchecked;v1.6.0-140-g9a10cc1
roadmap;dimacs;95/30;30;    235147;     72685;63737;376;723637;107004;50;683;0.207419;515883;0;0;sBELA*;? Unchecked;v1.6.0-140-g9a10cc1
roadmap;dimacs;96/30;30;    217285;     19115;87348;498;964505;87873;40;683;0.181474;484218;0;0;sBELA*;? Unchecked;v1.6.0-140-g9a10cc1
roadmap;dimacs;97/30;30;    209011;    302603;79328;518;910894;163314;54;683;0.320699;509244;0;0;sBELA*;? Unchecked;v1.6.0-140-g9a10cc1
roadmap;dimacs;98/30;30;     63225;    173852;55144;173;710150;92250;84;683;0.206571;446578;0;0;sBELA*;? Unchecked;v1.6.0-140-g9a10cc1
roadmap;dimacs;99/30;30;    230929;    198254;58847;512;633739;100338;55;683;0.205877;487368;0;0;sBELA*;? Unchecked;v1.6.0-140-g9a10cc1
roadmap;dimacs;0/40;40;     81762;    146103;117974;526;1542448;126727;43;683;0.276964;457558;0;0;sBELA*;? Unchecked;v1.6.0-140-g9a10cc1
roadmap;dimacs;1/40;40;    106405;    250956;160227;741;2105454;292530;60;683;0.638396;458226;0;0;sBELA*;? Unchecked;v1.6.0-140-g9a10cc1
roadmap;dimacs;2/40;40;    273968;    266396;136537;849;1720380;313614;89;683;0.608401;515473;0;0;sBELA*;? Unchecked;v1.6.0-140-g9a10cc1
roadmap;dimacs;3/40;40;    131084;    299861;97942;374;1151802;112584;51;683;0.243063;463188;0;0;sBELA*;? Unchecked;v1.6.0-140-g9a10cc1
roadmap;dimacs;4/40;40;    321017;    269381;64989;246;698610;64913;44;683;0.132994;488090;0;0;sBELA*;? Unchecked;v1.6.0-140-g9a10cc1
roadmap;dimacs;5/40;40;     81268;    114155;135512;570;1754636;165149;21;575;0.349371;472704;0;0;sBELA*;? Unchecked;v1.6.0-140-g9a10cc1
roadmap;dimacs;6/40;40;    273110;    256843;111274;658;1295224;252121;75;682;0.536723;469741;0;0;sBELA*;? Unchecked;v1.6.0-140-g9a10cc1
roadmap;dimacs;7/40;40;    289000;    313165;101758;504;1676215;220467;50;682;0.442456;498280;0;0;sBELA*;? Unchecked;v1.6.0-140-g9a10cc1
roadmap;dimacs;8/40;40;    206841;    130270;147984;832;1872660;283788;27;683;0.584016;485925;0;0;sBELA*;? Unchecked;v1.6.0-140-g9a10cc1
roadmap;dimacs;9/40;40;    117373;     92727;174375;811;1976148;162268;35;575;0.332499;488025;0;0;sBELA*;? Unchecked;v1.6.0-140-g9a10cc1
roadmap;dimacs;10/40;40;    192763;    114126;195544;1045;2428204;317500;37;665;0.716967;442837;0;0;sBELA*;? Unchecked;v1.6.0-140-g9a10cc1
roadmap;dimacs;11/40;40;    253773;     62962;68507;415;945648;166803;88;674;0.322217;517672;0;0;sBELA*;? Unchecked;v1.6.0-140-g9a10cc1
roadmap;dimacs;12/40;40;     69635;    112392;100622;420;1212504;255540;49;682;0.516801;494465;0;0;sBELA*;? Unchecked;v1.6.0-140-g9a10cc1
roadmap;dimacs;13/40;40;    279740;      4869;64383;390;765637;74924;45;682;0.158068;473998;0;0;sBELA*;? Unchecked;v1.6.0-140-g9a10cc1
roadmap;dimacs;14/40;40;    188811;    247049;87203;418;1069502;130688;43;682;0.284128;459962;0;0;sBELA*;? Unchecked;v1.6.0-140-g9a10cc1
roadmap;dimacs;15/40;40;    277191;    268154;57540;218;631042;47687;40;682;0.105595;451601;0;0;sBELA*;? Unchecked;v1.6.0-140-g9a10cc1
roadmap;dimacs;16/40;40;     42193;    274432;67057;444;877154;175224;87;682;0.362687;483127;0;0;sBELA*;? Unchecked;v1.6.0-140-g9a10cc1
roadmap;dimacs;17/40;40;    285743;    146714;122395;540;1537740;169264;38;682;0.356866;474307;0;0;sBELA*;? Unchecked;v1.6.0-140-g9a10cc1
roadmap;dimacs;18/40;40;    195854;     77647;163155;789;1936428;313357;43;683;0.603502;519231;0;0;sBELA*;? Unchecked;v1.6.0-140-g9a10cc1
roadmap;dimacs;19/40;40;    129037;    163761;132448;612;1503659;192868;35;683;0.401931;479853;0;0;sBELA*;? Unchecked;v1.6.0-140-g9a10cc1
roadmap;dimacs;20/40;40;     85176;      1954;155298;771;1794212;199270;36;575;0.419956;474502;0;0;sBELA*;? Unchecked;v1.6.0-140-g9a10cc1
roadmap;dimacs;21/40;40;    318603;    138230;71528;278;781620;37721;48;623;0.0994424;379325;0;0;sBELA*;? Unchecked;v1.6.0-140-g9a10cc1
roadmap;dimacs;22/40;40;    103461;      5065;52932;291;606604;59427;41;623;0.126623;469322;0;0;sBELA*;? Unchecked;v1.6.0-140-g9a10cc1
roadmap;dimacs;23/40;40;    299962;    134129;91209;407;1151167;158821;40;629;0.336438;472066;0;0;sBELA*;? Unchecked;v1.6.0-140-g9a10cc1
roadmap;dimacs;24/40;40;    124461;     94197;111561;556;1415124;184196;37;629;0.385479;477836;0;0;sBELA*;? Unchecked;v1.6.0-140-g9a10cc1
roadmap;dimacs;25/40;40;    135528;    100606;89424;374;1174722;113422;65;629;0.254675;445360;0;0;sBELA*;? Unchecked;v1.6.0-140-g9a10cc1
roadmap;dimacs;26/40;40;    100494;     30092;121070;673;1388027;191530;36;629;0.40693;470670;0;0;sBELA*;? Unchecked;v1.6.0-140-g9a10cc1
roadmap;dimacs;27/40;40;    143119;     21648;124749;671;1627828;202633;79;629;0.427129;474407;0;0;sBELA*;? Unchecked;v1.6.0-140-g9a10cc1
roadmap;dimacs;28/40;40;     56815;    308596;88413;374;1039355;210208;76;677;0.498205;421931;0;0;sBELA*;? Unchecked;v1.6.0-140-g9a10cc1
roadmap;dimacs;29/40;40;    305686;    120431;144546;666;1896761;257394;43;575;0.500652;514117;0;0;sBELA*;? Unchecked;v1.6.0-140-g9a10cc1
roadmap;dimacs;30/40;40;    240362;    295149;139954;879;1552763;220732;43;678;0.480551;459331;0;0;sBELA*;? Unchecked;v1.6.0-140-g9a10cc1
roadmap;dimacs;31/40;40;    312097;    296209;144011;536;1690145;271313;12;575;0.543037;499621;0;0;sBELA*;? Unchecked;v1.6.0-140-g9a10cc1
roadmap;dimacs;32/40;40;    282381;    258241;166189;1093;1867882;284628;43;605;0.598468;475594;0;0;sBELA*;? Unchecked;v1.6.0-140-g9a10cc1
roadmap;dimacs;33/40;40;    292606;     56169;75636;505;1003846;115829;35;671;0.234063;494862;0;0;sBELA*;? Unchecked;v1.6.0-140-g9a10cc1
roadmap;dimacs;34/40;40;    237888;    111447;186398;888;2218872;307831;48;683;0.692982;444212;0;0;sBELA*;? Unchecked;v1.6.0-140-g9a10cc1
roadmap;dimacs;35/40;40;     51839;    224098;65519;349;744941;127259;93;683;0.243826;521925;0;0;sBELA*;? Unchecked;v1.6.0-140-g9a10cc1
roadmap;dimacs;36/40;40;    128418;      4215;127051;658;1463306;144391;36;683;0.319163;452406;0;0;sBELA*;? Unchecked;v1.6.0-140-g9a10cc1
roadmap;dimacs;37/40;40;    268787;    226268;87110;591;1062249;190466;76;683;0.413677;460423;0;0;sBELA*;? Unchecked;v1.6.0-140-g9a10cc1
roadmap;dimacs;38/40;40;    309312;    168166;120675;705;1392100;178207;57;683;0.40973;434937;0;0;sBELA*;? Unchecked;v1.6.0-140-g9a10cc1
roadmap;dimacs;39/40;40;    280948;    241995;84458;715;1127756;199003;42;683;0.429416;463427;0;0;sBELA*;? Unchecked;v1.6.0-140-g9a10cc1
roadmap;dimacs;40/40;40;    254985;    109385;162851;753;2002343;295716;37;683;0.576402;513038;0;0;sBELA*;? Unchecked;v1.6.0-140-g9a10cc1
roadmap;dimacs;41/40;40;    196484;    113193;168188;883;1913404;308982;27;683;0.597369;517238;0;0;sBELA*;? Unchecked;v1.6.0-140-g9a10cc1
roadmap;dimacs;42/40;40;     29905;    299818;94072;709;1165036;214117;107;683;0.461175;464286;0;0;sBELA*;? Unchecked;v1.6.0-140-g9a10cc1
roadmap;dimacs;43/40;40;    316036;    224755;182461;998;2208216;319344;79;683;0.74349;429520;0;0;sBELA*;? Unchecked;v1.6.0-140-g9a10cc1
roadmap;dimacs;44/40;40;      2345;    195155;64371;635;820285;159964;36;683;0.31895;501533;0;0;sBELA*;? Unchecked;v1.6.0-140-g9a10cc1
roadmap;dimacs;45/40;40;    231635;    158604;167890;795;2014069;287441;52;683;0.606384;474024;0;0;sBELA*;? Unchecked;v1.6.0-140-g9a10cc1
roadmap;dimacs;46/40;40;      8380;    114652;139754;755;1635168;304356;34;683;0.591647;514421;0;0;sBELA*;? Unchecked;v1.6.0-140-g9a10cc1
roadmap;dimacs;47/40;40;    144351;    294832;100303;439;1380364;170805;42;683;0.348549;490046;0;0;sBELA*;? Unchecked;v1.6.0-140-g9a10cc1
roadmap;dimacs;48/40;40;    242792;     61567;68194;441;909426;150043;37;683;0.285148;526193;0;0;sBELA*;? Unchecked;v1.6.0-140-g9a10cc1
roadmap;dimacs;49/40;40;    136080;    278064;55840;268;639039;66616;88;683;0.15157;439506;0;0;sBELA*;? Unchecked;v1.6.0-140-g9a10cc1
roadmap;dimacs;50/40;40;    288270;    204684;120157;606;1331306;150514;79;683;0.329933;456195;0;0;sBELA*;? Unchecked;v1.6.0-140-g9a10cc1
roadmap;dimacs;51/40;40;    178991;    301411;142293;591;1624870;299238;13;683;0.576085;519434;0;0;sBELA*;? Unchecked;v1.6.0-140-g9a10cc1
roadmap;dimacs;52/40;40;    138893;    192766;156665;831;2055891;307543;37;683;0.629716;488383;0;0;sBELA*;? Unchecked;v1.6.0-140-g9a10cc1
roadmap;dimacs;53/40;40;     47239;     80468;124531;597;1447884;273309;32;683;0.537763;508233;0;0;sBELA*;? Unchecked;v1.6.0-140-g9a10cc1
roadmap;dimacs;54/40;40;    151087;    228575;164428;708;1973666;268612;18;683;0.515827;520740;0;0;sBELA*;? Unchecked;v1.6.0-140-g9a10cc1
roadmap;dimacs;55/40;40;    222755;     97707;91806;665;1004500;172478;98;683;0.355098;485720;0;0;sBELA*;? Unchecked;v1.6.0-140-g9a10cc1
roadmap;dimacs;56/40;40;     38872;    119016;131783;539;1698399;301078;44;683;0.588195;511868;0;0;sBELA*;? Unchecked;v1.6.0-140-g9a10cc1
roadmap;dimacs;57/40;40;    267788;    194528;91927;616;1239785;231323;40;683;0.470534;491618;0;0;sBELA*;? Unchecked;v1.6.0-140-g9a10cc1
roadmap;dimacs;58/40;40;     22537;    264517;68637;470;792569;166646;341;683;0.333572;499581;0;0;sBELA*;? Unchecked;v1.6.0-140-g9a10cc1
roadmap;dimacs;59/40;40;     95259;    242330;79460;693;938782;153162;41;683;0.308619;496281;0;0;sBELA*;? Unchecked;v1.6.0-140-g9a10cc1
roadmap;dimacs;60/40;40;    268622;    236338;99348;661;1121733;214494;87;683;0.455127;471284;0;0;sBELA*;? Unchecked;v1.6.0-140-g9a10cc1
roadmap;dimacs;61/40;40;    192347;    277821;109003;568;1370620;216979;42;683;0.452327;479695;0;0;sBELA*;? Unchecked;v1.6.0-140-g9a10cc1
roadmap;dimacs;62/40;40;    137823;    298415;115087;505;1488343;148286;29;683;0.31466;471258;0;0;sBELA*;? Unchecked;v1.6.0-140-g9a10cc1
roadmap;dimacs;63/40;40;    282571;    194161;100280;499;1119668;160024;40;683;0.34085;469486;0;0;sBELA*;? Unchecked;v1.6.0-140-g9a10cc1
roadmap;dimacs;64/40;40;     44959;    312326;119943;441;1381106;272132;61;683;0.535012;508646;0;0;sBELA*;? Unchecked;v1.6.0-140-g9a10cc1
roadmap;dimacs;65/40;40;    312156;    191513;106069;651;1410957;200042;42;683;0.432587;462432;0;0;sBELA*;? Unchecked;v1.6.0-140-g9a10cc1
roadmap;dimacs;66/40;40;    182639;    108846;104542;434;1119113;136033;56;683;0.304788;446320;0;0;sBELA*;? Unchecked;v1.6.0-140-g9a10cc1
roadmap;dimacs;67/40;40;     85822;     72825;93075;454;1221805;133927;10;683;0.293631;456106;0;0;sBELA*;? Unchecked;v1.6.0-140-g9a10cc1
roadmap;dimacs;68/40;40;    271676;    266077;109663;816;1490970;305336;97;683;0.597395;511113;0;0;sBELA*;? Unchecked;v1.6.0-140-g9a10cc1
roadmap;dimacs;69/40;40;    295012;     75092;89157;436;1103624;128343;10;683;0.264116;485935;0;0;sBELA*;? Unchecked;v1.6.0-140-g9a10cc1
roadmap;dimacs;70/40;40;    220093;    158529;152619;605;1846688;286478;43;683;0.555605;515614;0;0;sBELA*;? Unchecked;v1.6.0-140-g9a10cc1
roadmap;dimacs;71/40;40;    235314;    107150;171874;670;2082419;301839;39;683;0.66676;452695;0;0;sBELA*;? Unchecked;v1.6.0-140-g9a10cc1
roadmap;dimacs;72/40;40;     31159;    106749;158335;696;1931712;317841;43;683;0.610725;520432;0;0;sBELA*;? Unchecked;v1.6.0-140-g9a10cc1
roadmap;dimacs;73/40;40;    200665;    278503;107731;665;1290575;204841;28;683;0.436921;468829;0;0;sBELA*;? Unchecked;v1.6.0-140-g9a10cc1
roadmap;dimacs;74/40;40;     16528;    237773;51638;339;572629;107647;176;683;0.217131;495771;0;0;sBELA*;? Unchecked;v1.6.0-140-g9a10cc1
roadmap;dimacs;75/40;40;     15261;    213734;56667;393;604910;110804;460;683;0.242813;456335;0;0;sBELA*;? Unchecked;v1.6.0-140-g9a10cc1
roadmap;dimacs;76/40;40;     67401;    117147;138977;627;1821121;316689;55;683;0.635369;498433;0;0;sBELA*;? Unchecked;v1.6.0-140-g9a10cc1
roadmap;dimacs;77/40;40;    133413;     35340;118456;647;1547470;207745;66;683;0.427781;485634;0;0;sBELA*;? Unchecked;v1.6.0-140-g9a10cc1
roadmap;dimacs;78/40;40;    156152;    299995;106716;438;1241363;110988;39;683;0.25239;439748;0;0;sBELA*;? Unchecked;v1.6.0-140-g9a10cc1
roadmap;dimacs;79/40;40;     44951;    112793;141020;673;1573714;303022;40;683;0.581081;521480;0;0;sBELA*;? Unchecked;v1.6.0-140-g9a10cc1
roadmap;dimacs;80/40;40;     45387;    222153;89163;676;934185;175029;108;683;0.360213;485904;0;0;sBELA*;? Unchecked;v1.6.0-140-g9a10cc1
roadmap;dimacs;81/40;40;    294492;     77363;96211;537;1393173;168769;10;683;0.351785;479750;0;0;sBELA*;? Unchecked;v1.6.0-140-g9a10cc1
roadmap;dimacs;82/40;40;    201632;    267199;69041;515;1161616;201764;62;683;0.444259;454159;0;0;sBELA*;? Unchecked;v1.6.0-140-g9a10cc1
roadmap;dimacs;83/40;40;    247547;    146039;154718;700;1888215;251319;144;683;0.52226;481214;0;0;sBELA*;? Unchecked;v1.6.0-140-g9a10cc1
roadmap;dimacs;84/40;40;    281131;    197100;70622;491;832353;136739;17;683;0.260004;525910;0;0;sBELA*;? Unchecked;v1.6.0-140-g9a10cc1
roadmap;dimacs;85/40;40;    282616;     88896;79645;315;977819;50775;151;683;0.114714;442623;0;0;sBELA*;? Unchecked;v1.6.0-140-g9a10cc1
roadmap;dimacs;86/40;40;    241049;      9112;77390;528;830555;112389;36;683;0.224951;499616;0;0;sBELA*;? Unchecked;v1.6.0-140-g9a10cc1
roadmap;dimacs;87/40;40;    320588;     74968;91233;508;1129000;145621;79;683;0.322838;451065;0;0;sBELA*;? Unchecked;v1.6.0-140-g9a10cc1
roadmap;dimacs;88/40;40;    302257;    263709;162687;1100;1988868;289494;43;575;0.579298;499732;0;0;sBELA*;? Unchecked;v1.6.0-140-g9a10cc1
roadmap;dimacs;89/40;40;     88219;    210819;105394;727;1162561;187316;62;674;0.429298;436331;0;0;sBELA*;? Unchecked;v1.6.0-140-g9a10cc1
roadmap;dimacs;90/40;40;    311608;      2393;58039;215;686906;26679;99;674;0.0676323;394471;0;0;sBELA*;? Unchecked;v1.6.0-140-g9a10cc1
roadmap;dimacs;91/40;40;    217545;    103931;132983;612;1628531;215829;40;677;0.443729;486398;0;0;sBELA*;? Unchecked;v1.6.0-140-g9a10cc1
roadmap;dimacs;92/40;40;    233951;    281302;155528;953;1718603;246741;57;681;0.499174;494298;0;0;sBELA*;? Unchecked;v1.6.0-140-g9a10cc1
roadmap;dimacs;93/40;40;     74361;    263726;75166;495;1000100;198273;307;681;0.405977;488385;0;0;sBELA*;? Unchecked;v1.6.0-140-g9a10cc1
roadmap;dimacs;94/40;40;    213766;    129485;145637;706;1812345;266444;105;683;0.565767;470943;0;0;sBELA*;? Unchecked;v1.6.0-140-g9a10cc1
roadmap;dimacs;95/40;40;    235147;     72685;63737;375;723669;107009;72;683;0.210168;509160;0;0;sBELA*;? Unchecked;v1.6.0-140-g9a10cc1
roadmap;dimacs;96/40;40;    217285;     19115;87348;496;964508;87875;47;683;0.184507;476269;0;0;sBELA*;? Unchecked;v1.6.0-140-g9a10cc1
roadmap;dimacs;97/40;40;    209011;    302603;79328;518;910913;163319;75;683;0.328384;497341;0;0;sBELA*;? Unchecked;v1.6.0-140-g9a10cc1
roadmap;dimacs;98/40;40;     63225;    173852;55144;200;710231;92269;130;683;0.198056;465873;0;0;sBELA*;? Unchecked;v1.6.0-140-g9a10cc1
roadmap;dimacs;99/40;40;    230929;    198254;58847;509;633769;100345;64;683;0.210635;476393;0;0;sBELA*;? Unchecked;v1.6.0-140-g9a10cc1
roadmap;dimacs;0/50;50;     81762;    146103;117974;529;1542473;126742;54;683;0.28268;448359;0;0;sBELA*;? Unchecked;v1.6.0-140-g9a10cc1
roadmap;dimacs;1/50;50;    106405;    250956;160227;740;2105459;292531;70;683;0.648086;451377;0;0;sBELA*;? Unchecked;v1.6.0-140-g9a10cc1
roadmap;dimacs;2/50;50;    273968;    266396;136537;854;1720414;313619;122;683;0.617501;507884;0;0;sBELA*;? Unchecked;v1.6.0-140-g9a10cc1
roadmap;dimacs;3/50;50;    131084;    299861;97942;369;1151817;112588;63;683;0.247159;455529;0;0;sBELA*;? Unchecked;v1.6.0-140-g9a10cc1
roadmap;dimacs;4/50;50;    321017;    269381;64989;242;698642;64922;60;683;0.136525;475533;0;0;sBELA*;? Unchecked;v1.6.0-140-g9a10cc1
roadmap;dimacs;5/50;50;     81268;    114155;135512;570;1754647;165153;28;575;0.353153;467653;0;0;sBELA*;? Unchecked;v1.6.0-140-g9a10cc1
roadmap;dimacs;6/50;50;    273110;    256843;111274;636;1295252;252132;94;682;0.536874;469629;0;0;sBELA*;? Unchecked;v1.6.0-140-g9a10cc1
roadmap;dimacs;7/50;50;    289000;    313165;101758;505;1676246;220471;67;682;0.457229;482190;0;0;sBELA*;? Unchecked;v1.6.0-140-g9a10cc1
roadmap;dimacs;8/50;50;    206841;    130270;147984;836;1872666;283788;35;683;0.561444;505461;0;0;sBELA*;? Unchecked;v1.6.0-140-g9a10cc1
roadmap;dimacs;9/50;50;    117373;     92727;174375;815;1976155;162270;42;575;0.337962;480143;0;0;sBELA*;? Unchecked;v1.6.0-140-g9a10cc1
roadmap;dimacs;10/50;50;    192763;    114126;195544;1051;2428207;317500;46;665;0.729657;435136;0;0;sBELA*;? Unchecked;v1.6.0-140-g9a10cc1
roadmap;dimacs;11/50;50;    253773;     62962;68507;417;945676;166808;101;674;0.327014;510094;0;0;sBELA*;? Unchecked;v1.6.0-140-g9a10cc1
roadmap;dimacs;12/50;50;     69635;    112392;100622;420;1212519;255546;59;682;0.545671;468315;0;0;sBELA*;? Unchecked;v1.6.0-140-g9a10cc1
roadmap;dimacs;13/50;50;    279740;      4869;64383;392;765653;74930;58;682;0.16097;465490;0;0;sBELA*;? Unchecked;v1.6.0-140-g9a10cc1
roadmap;dimacs;14/50;50;    188811;    247049;87203;421;1069521;130694;52;682;0.289134;452019;0;0;sBELA*;? Unchecked;v1.6.0-140-g9a10cc1
roadmap;dimacs;15/50;50;    277191;    268154;57540;220;631055;47688;50;682;0.105856;450497;0;0;sBELA*;? Unchecked;v1.6.0-140-g9a10cc1
roadmap;dimacs;16/50;50;     42193;    274432;67057;444;877195;175233;106;682;0.367649;476631;0;0;sBELA*;? Unchecked;v1.6.0-140-g9a10cc1
roadmap;dimacs;17/50;50;    285743;    146714;122395;539;1537750;169269;49;682;0.359769;470493;0;0;sBELA*;? Unchecked;v1.6.0-140-g9a10cc1
roadmap;dimacs;18/50;50;    195854;     77647;163155;794;1936445;313357;56;683;0.61148;512456;0;0;sBELA*;? Unchecked;v1.6.0-140-g9a10cc1
roadmap;dimacs;19/50;50;    129037;    163761;132448;609;1503665;192873;42;683;0.405495;475648;0;0;sBELA*;? Unchecked;v1.6.0-140-g9a10cc1
roadmap;dimacs;20/50;50;     85176;      1954;155298;766;1794217;199270;43;575;0.443168;449649;0;0;sBELA*;? Unchecked;v1.6.0-140-g9a10cc1
roadmap;dimacs;21/50;50;    318603;    138230;71528;278;781663;37735;65;623;0.100868;374101;0;0;sBELA*;? Unchecked;v1.6.0-140-g9a10cc1
roadmap;dimacs;22/50;50;    103461;      5065;52932;288;606623;59434;54;623;0.140299;423624;0;0;sBELA*;? Unchecked;v1.6.0-140-g9a10cc1
roadmap;dimacs;23/50;50;    299962;    134129;91209;411;1151174;158823;48;629;0.341676;464835;0;0;sBELA*;? Unchecked;v1.6.0-140-g9a10cc1
roadmap;dimacs;24/50;50;    124461;     94197;111561;556;1415132;184199;50;629;0.397542;463345;0;0;sBELA*;? Unchecked;v1.6.0-140-g9a10cc1
roadmap;dimacs;25/50;50;    135528;    100606;89424;373;1174807;113437;114;629;0.260064;436188;0;0;sBELA*;? Unchecked;v1.6.0-140-g9a10cc1
roadmap;dimacs;26/50;50;    100494;     30092;121070;672;1388040;191534;43;629;0.415314;461179;0;0;sBELA*;? Unchecked;v1.6.0-140-g9a10cc1
roadmap;dimacs;27/50;50;    143119;     21648;124749;674;1627846;202642;108;629;0.429943;471323;0;0;sBELA*;? Unchecked;v1.6.0-140-g9a10cc1
roadmap;dimacs;28/50;50;     56815;    308596;88413;375;1039399;210227;100;677;0.461082;455942;0;0;sBELA*;? Unchecked;v1.6.0-140-g9a10cc1
roadmap;dimacs;29/50;50;    305686;    120431;144546;664;1896765;257396;50;575;0.50304;511681;0;0;sBELA*;? Unchecked;v1.6.0-140-g9a10cc1
roadmap;dimacs;30/50;50;    240362;    295149;139954;885;1552766;220732;53;678;0.482851;457143;0;0;sBELA*;? Unchecked;v1.6.0-140-g9a10cc1
roadmap;dimacs;31/50;50;    312097;    296209;144011;539;1690151;271313;13;575;0.543708;499005;0;0;sBELA*;? Unchecked;v1.6.0-140-g9a10cc1
roadmap;dimacs;32/50;50;    282381;    258241;166189;1094;1867885;284630;49;605;0.63603;447510;0;0;sBELA*;? Unchecked;v1.6.0-140-g9a10cc1
roadmap;dimacs;33/50;50;    292606;     56169;75636;504;1003850;115831;44;671;0.237033;488671;0;0;sBELA*;? Unchecked;v1.6.0-140-g9a10cc1
roadmap;dimacs;34/50;50;    237888;    111447;186398;887;2218877;307831;57;683;0.691248;445327;0;0;sBELA*;? Unchecked;v1.6.0-140-g9a10cc1
roadmap;dimacs;35/50;50;     51839;    224098;65519;352;744966;127262;114;683;0.246637;515988;0;0;sBELA*;? Unchecked;v1.6.0-140-g9a10cc1
roadmap;dimacs;36/50;50;    128418;      4215;127051;661;1463310;144392;42;683;0.322717;447426;0;0;sBELA*;? Unchecked;v1.6.0-140-g9a10cc1
roadmap;dimacs;37/50;50;    268787;    226268;87110;588;1062280;190474;97;683;0.418839;454766;0;0;sBELA*;? Unchecked;v1.6.0-140-g9a10cc1
roadmap;dimacs;38/50;50;    309312;    168166;120675;707;1392114;178211;71;683;0.418772;425556;0;0;sBELA*;? Unchecked;v1.6.0-140-g9a10cc1
roadmap;dimacs;39/50;50;    280948;    241995;84458;714;1127760;199006;52;683;0.43525;457223;0;0;sBELA*;? Unchecked;v1.6.0-140-g9a10cc1
roadmap;dimacs;40/50;50;    254985;    109385;162851;752;2002354;295718;46;683;0.580074;509793;0;0;sBELA*;? Unchecked;v1.6.0-140-g9a10cc1
roadmap;dimacs;41/50;50;    196484;    113193;168188;884;1913410;308982;35;683;0.602701;512662;0;0;sBELA*;? Unchecked;v1.6.0-140-g9a10cc1
roadmap;dimacs;42/50;50;     29905;    299818;94072;705;1165052;214117;137;683;0.466681;458808;0;0;sBELA*;? Unchecked;v1.6.0-140-g9a10cc1
roadmap;dimacs;43/50;50;    316036;    224755;182461;1004;2208227;319344;96;683;0.698002;457512;0;0;sBELA*;? Unchecked;v1.6.0-140-g9a10cc1
roadmap;dimacs;44/50;50;      2345;    195155;64371;633;820292;159968;44;683;0.317276;504191;0;0;sBELA*;? Unchecked;v1.6.0-140-g9a10cc1
roadmap;dimacs;45/50;50;    231635;    158604;167890;796;2014078;287442;62;683;0.612237;469494;0;0;sBELA*;? Unchecked;v1.6.0-140-g9a10cc1
roadmap;dimacs;46/50;50;      8380;    114652;139754;751;1635180;304358;44;683;0.597226;509619;0;0;sBELA*;? Unchecked;v1.6.0-140-g9a10cc1
roadmap;dimacs;47/50;50;    144351;    294832;100303;439;1380388;170816;57;683;0.38381;445054;0;0;sBELA*;? Unchecked;v1.6.0-140-g9a10cc1
roadmap;dimacs;48/50;50;    242792;     61567;68194;439;909448;150047;43;683;0.288139;520746;0;0;sBELA*;? Unchecked;v1.6.0-140-g9a10cc1
roadmap;dimacs;49/50;50;    136080;    278064;55840;271;639077;66621;117;683;0.144898;459778;0;0;sBELA*;? Unchecked;v1.6.0-140-g9a10cc1
roadmap;dimacs;50/50;50;    288270;    204684;120157;611;1331320;150515;99;683;0.336769;446938;0;0;sBELA*;? Unchecked;v1.6.0-140-g9a10cc1
roadmap;dimacs;51/50;50;    178991;    301411;142293;593;1624870;299238;13;683;0.578928;516883;0;0;sBELA*;? Unchecked;v1.6.0-140-g9a10cc1
roadmap;dimacs;52/50;50;    138893;    192766;156665;831;2055906;307545;46;683;0.635677;483807;0;0;sBELA*;? Unchecked;v1.6.0-140-g9a10cc1
roadmap;dimacs;53/50;50;     47239;     80468;124531;597;1447890;273309;39;683;0.541309;504904;0;0;sBELA*;? Unchecked;v1.6.0-140-g9a10cc1
roadmap;dimacs;54/50;50;    151087;    228575;164428;708;1973666;268612;18;683;0.516501;520061;0;0;sBELA*;? Unchecked;v1.6.0-140-g9a10cc1
roadmap;dimacs;55/50;50;    222755;     97707;91806;668;1004523;172481;133;683;0.361968;476508;0;0;sBELA*;? Unchecked;v1.6.0-140-g9a10cc1
roadmap;dimacs;56/50;50;     38872;    119016;131783;540;1698411;301080;55;683;0.591443;509060;0;0;sBELA*;? Unchecked;v1.6.0-140-g9a10cc1
roadmap;dimacs;57/50;50;    267788;    194528;91927;620;1239794;231326;49;683;0.477497;484456;0;0;sBELA*;? Unchecked;v1.6.0-140-g9a10cc1
roadmap;dimacs;58/50;50;     22537;    264517;68637;413;792582;166647;366;683;0.338535;492260;0;0;sBELA*;? Unchecked;v1.6.0-140-g9a10cc1
roadmap;dimacs;59/50;50;     95259;    242330;79460;694;938793;153164;51;683;0.3106;493123;0;0;sBELA*;? Unchecked;v1.6.0-140-g9a10cc1
roadmap;dimacs;60/50;50;    268622;    236338;99348;665;1121748;214505;104;683;0.463569;462725;0;0;sBELA*;? Unchecked;v1.6.0-140-g9a10cc1
roadmap;dimacs;61/50;50;    192347;    277821;109003;577;1370633;216981;55;683;0.456087;475745;0;0;sBELA*;? Unchecked;v1.6.0-140-g9a10cc1
roadmap;dimacs;62/50;50;    137823;    298415;115087;508;1488354;148287;36;683;0.319542;464061;0;0;sBELA*;? Unchecked;v1.6.0-140-g9a10cc1
roadmap;dimacs;63/50;50;    282571;    194161;100280;503;1119679;160024;53;683;0.349632;457693;0;0;sBELA*;? Unchecked;v1.6.0-140-g9a10cc1
roadmap;dimacs;64/50;50;     44959;    312326;119943;450;1381134;272136;78;683;0.566396;480470;0;0;sBELA*;? Unchecked;v1.6.0-140-g9a10cc1
roadmap;dimacs;65/50;50;    312156;    191513;106069;653;1410961;200043;47;683;0.43251;462517;0;0;sBELA*;? Unchecked;v1.6.0-140-g9a10cc1
roadmap;dimacs;66/50;50;    182639;    108846;104542;433;1119150;136040;68;683;0.304291;447072;0;0;sBELA*;? Unchecked;v1.6.0-140-g9a10cc1
roadmap;dimacs;67/50;50;     85822;     72825;93075;452;1221807;133927;12;683;0.296973;450974;0;0;sBELA*;? Unchecked;v1.6.0-140-g9a10cc1
roadmap;dimacs;68/50;50;    271676;    266077;109663;815;1490990;305342;119;683;0.606288;503625;0;0;sBELA*;? Unchecked;v1.6.0-140-g9a10cc1
roadmap;dimacs;69/50;50;    295012;     75092;89157;436;1103630;128345;11;683;0.269125;476897;0;0;sBELA*;? Unchecked;v1.6.0-140-g9a10cc1
roadmap;dimacs;70/50;50;    220093;    158529;152619;605;1846695;286479;48;683;0.566259;505916;0;0;sBELA*;? Unchecked;v1.6.0-140-g9a10cc1
roadmap;dimacs;71/50;50;    235314;    107150;171874;668;2082425;301841;49;683;0.675445;446877;0;0;sBELA*;? Unchecked;v1.6.0-140-g9a10cc1
roadmap;dimacs;72/50;50;     31159;    106749;158335;697;1931721;317842;54;683;0.616518;515544;0;0;sBELA*;? Unchecked;v1.6.0-140-g9a10cc1
roadmap;dimacs;73/50;50;    200665;    278503;107731;660;1290577;204842;32;683;0.44082;464684;0;0;sBELA*;? Unchecked;v1.6.0-140-g9a10cc1
roadmap;dimacs;74/50;50;     16528;    237773;51638;340;572644;107653;198;683;0.218497;492698;0;0;sBELA*;? Unchecked;v1.6.0-140-g9a10cc1
roadmap;dimacs;75/50;50;     15261;    213734;56667;397;604958;110826;540;683;0.249901;443480;0;0;sBELA*;? Unchecked;v1.6.0-140-g9a10cc1
roadmap;dimacs;76/50;50;     67401;    117147;138977;626;1821132;316689;66;683;0.620409;510452;0;0;sBELA*;? Unchecked;v1.6.0-140-g9a10cc1
roadmap;dimacs;77/50;50;    133413;     35340;118456;647;1547485;207751;78;683;0.433742;478974;0;0;sBELA*;? Unchecked;v1.6.0-140-g9a10cc1
roadmap;dimacs;78/50;50;    156152;    299995;106716;448;1241374;110990;49;683;0.246459;450339;0;0;sBELA*;? Unchecked;v1.6.0-140-g9a10cc1
roadmap;dimacs;79/50;50;     44951;    112793;141020;680;1573719;303022;50;683;0.586556;516612;0;0;sBELA*;? Unchecked;v1.6.0-140-g9a10cc1
roadmap;dimacs;80/50;50;     45387;    222153;89163;677;934211;175039;130;683;0.396419;441550;0;0;sBELA*;? Unchecked;v1.6.0-140-g9a10cc1
roadmap;dimacs;81/50;50;    294492;     77363;96211;537;1393179;168772;11;683;0.351928;479564;0;0;sBELA*;? Unchecked;v1.6.0-140-g9a10cc1
roadmap;dimacs;82/50;50;    201632;    267199;69041;511;1161633;201765;82;683;0.442375;456095;0;0;sBELA*;? Unchecked;v1.6.0-140-g9a10cc1
roadmap;dimacs;83/50;50;    247547;    146039;154718;703;1888225;251321;169;683;0.520559;482790;0;0;sBELA*;? Unchecked;v1.6.0-140-g9a10cc1
roadmap;dimacs;84/50;50;    281131;    197100;70622;491;832357;136741;19;683;0.261617;522676;0;0;sBELA*;? Unchecked;v1.6.0-140-g9a10cc1
roadmap;dimacs;85/50;50;    282616;     88896;79645;315;977861;50780;190;683;0.119906;423498;0;0;sBELA*;? Unchecked;v1.6.0-140-g9a10cc1
roadmap;dimacs;86/50;50;    241049;      9112;77390;530;830558;112390;39;683;0.225086;499319;0;0;sBELA*;? Unchecked;v1.6.0-140-g9a10cc1
roadmap;dimacs;87/50;50;    320588;     74968;91233;502;1129047;145636;111;683;0.325594;447293;0;0;sBELA*;? Unchecked;v1.6.0-140-g9a10cc1
roadmap;dimacs;88/50;50;    302257;    263709;162687;1100;1988888;289496;57;575;0.591257;489628;0;0;sBELA*;? Unchecked;v1.6.0-140-g9a10cc1
roadmap;dimacs;89/50;50;     88219;    210819;105394;724;1162573;187317;79;674;0.436337;429294;0;0;sBELA*;? Unchecked;v1.6.0-140-g9a10cc1
roadmap;dimacs;90/50;50;    311608;      2393;58039;215;686927;26681;120;674;0.0695782;383468;0;0;sBELA*;? Unchecked;v1.6.0-140-g9a10cc1
roadmap;dimacs;91/50;50;    217545;    103931;132983;610;1628540;215830;50;677;0.448548;481175;0;0;sBELA*;? Unchecked;v1.6.0-140-g9a10cc1
roadmap;dimacs;92/50;50;    233951;    281302;155528;955;1718611;246742;68;681;0.506974;486695;0;0;sBELA*;? Unchecked;v1.6.0-140-g9a10cc1
roadmap;dimacs;93/50;50;     74361;    263726;75166;494;1000127;198279;368;681;0.419279;472905;0;0;sBELA*;? Unchecked;v1.6.0-140-g9a10cc1
roadmap;dimacs;94/50;50;    213766;    129485;145637;693;1812351;266447;119;683;0.541129;492391;0;0;sBELA*;? Unchecked;v1.6.0-140-g9a10cc1
roadmap;dimacs;95/50;50;    235147;     72685;63737;377;723707;107016;94;683;0.221915;482240;0;0;sBELA*;? Unchecked;v1.6.0-140-g9a10cc1
roadmap;dimacs;96/50;50;    217285;     19115;87348;497;964510;87876;50;683;0.185723;473157;0;0;sBELA*;? Unchecked;v1.6.0-140-g9a10cc1
roadmap;dimacs;97/50;50;    209011;    302603;79328;515;910925;163322;95;683;0.33114;493211;0;0;sBELA*;? Unchecked;v1.6.0-140-g9a10cc1
roadmap;dimacs;98/50;50;     63225;    173852;55144;205;710280;92281;164;683;0.201348;458317;0;0;sBELA*;? Unchecked;v1.6.0-140-g9a10cc1
roadmap;dimacs;99/50;50;    230929;    198254;58847;511;633784;100348;82;683;0.215923;464740;0;0;sBELA*;? Unchecked;v1.6.0-140-g9a10cc1
roadmap;dimacs;0/60;60;     81762;    146103;117974;532;1542495;126748;72;683;0.28338;447272;0;0;sBELA*;? Unchecked;v1.6.0-140-g9a10cc1
roadmap;dimacs;1/60;60;    106405;    250956;160227;742;2105465;292531;80;683;0.690367;423733;0;0;sBELA*;? Unchecked;v1.6.0-140-g9a10cc1
roadmap;dimacs;2/60;60;    273968;    266396;136537;851;1720437;313621;139;683;0.629523;498189;0;0;sBELA*;? Unchecked;v1.6.0-140-g9a10cc1
roadmap;dimacs;3/60;60;    131084;    299861;97942;372;1151830;112591;75;683;0.249235;451747;0;0;sBELA*;? Unchecked;v1.6.0-140-g9a10cc1
roadmap;dimacs;4/60;60;    321017;    269381;64989;242;698687;64931;80;683;0.138317;469436;0;0;sBELA*;? Unchecked;v1.6.0-140-g9a10cc1
roadmap;dimacs;5/60;60;     81268;    114155;135512;569;1754656;165154;36;575;0.35597;463955;0;0;sBELA*;? Unchecked;v1.6.0-140-g9a10cc1
roadmap;dimacs;6/60;60;    273110;    256843;111274;660;1295283;252139;126;682;0.541399;465718;0;0;sBELA*;? Unchecked;v1.6.0-140-g9a10cc1
roadmap;dimacs;7/60;60;    289000;    313165;101758;504;1676271;220481;85;682;0.455258;484299;0;0;sBELA*;? Unchecked;v1.6.0-140-g9a10cc1
roadmap;dimacs;8/60;60;    206841;    130270;147984;833;1872672;283789;42;683;0.565687;501672;0;0;sBELA*;? Unchecked;v1.6.0-140-g9a10cc1
roadmap;dimacs;9/60;60;    117373;     92727;174375;813;1976160;162270;51;575;0.342191;474209;0;0;sBELA*;? Unchecked;v1.6.0-140-g9a10cc1
roadmap;dimacs;10/60;60;    192763;    114126;195544;1047;2428211;317501;55;665;0.735509;431675;0;0;sBELA*;? Unchecked;v1.6.0-140-g9a10cc1
roadmap;dimacs;11/60;60;    253773;     62962;68507;416;945689;166812;120;674;0.329886;505665;0;0;sBELA*;? Unchecked;v1.6.0-140-g9a10cc1
roadmap;dimacs;12/60;60;     69635;    112392;100622;420;1212521;255546;62;682;0.523589;488066;0;0;sBELA*;? Unchecked;v1.6.0-140-g9a10cc1
roadmap;dimacs;13/60;60;    279740;      4869;64383;394;765661;74934;68;682;0.166041;451298;0;0;sBELA*;? Unchecked;v1.6.0-140-g9a10cc1
roadmap;dimacs;14/60;60;    188811;    247049;87203;421;1069525;130695;58;682;0.290177;450398;0;0;sBELA*;? Unchecked;v1.6.0-140-g9a10cc1
roadmap;dimacs;15/60;60;    277191;    268154;57540;219;631070;47689;61;682;0.106565;447512;0;0;sBELA*;? Unchecked;v1.6.0-140-g9a10cc1
roadmap;dimacs;16/60;60;     42193;    274432;67057;448;877240;175248;127;682;0.370826;472588;0;0;sBELA*;? Unchecked;v1.6.0-140-g9a10cc1
roadmap;dimacs;17/60;60;    285743;    146714;122395;540;1537766;169281;66;682;0.373783;452885;0;0;sBELA*;? Unchecked;v1.6.0-140-g9a10cc1
roadmap;dimacs;18/60;60;    195854;     77647;163155;784;1936463;313357;77;683;0.64442;486262;0;0;sBELA*;? Unchecked;v1.6.0-140-g9a10cc1
roadmap;dimacs;19/60;60;    129037;    163761;132448;611;1503672;192876;49;683;0.409416;471101;0;0;sBELA*;? Unchecked;v1.6.0-140-g9a10cc1
roadmap;dimacs;20/60;60;     85176;      1954;155298;766;1794229;199274;54;575;0.43215;461122;0;0;sBELA*;? Unchecked;v1.6.0-140-g9a10cc1
roadmap;dimacs;21/60;60;    318603;    138230;71528;282;781673;37738;73;623;0.101204;372891;0;0;sBELA*;? Unchecked;v1.6.0-140-g9a10cc1
roadmap;dimacs;22/60;60;    103461;      5065;52932;283;606641;59439;69;623;0.133753;444395;0;0;sBELA*;? Unchecked;v1.6.0-140-g9a10cc1
roadmap;dimacs;23/60;60;    299962;    134129;91209;413;1151185;158826;58;629;0.345514;459680;0;0;sBELA*;? Unchecked;v1.6.0-140-g9a10cc1
roadmap;dimacs;24/60;60;    124461;     94197;111561;557;1415135;184200;60;629;0.393648;467931;0;0;sBELA*;? Unchecked;v1.6.0-140-g9a10cc1
roadmap;dimacs;25/60;60;    135528;    100606;89424;374;1174832;113441;144;629;0.266055;426381;0;0;sBELA*;? Unchecked;v1.6.0-140-g9a10cc1
roadmap;dimacs;26/60;60;    100494;     30092;121070;675;1388058;191538;50;629;0.418278;457920;0;0;sBELA*;? Unchecked;v1.6.0-140-g9a10cc1
roadmap;dimacs;27/60;60;    143119;     21648;124749;669;1627861;202649;116;629;0.432335;468732;0;0;sBELA*;? Unchecked;v1.6.0-140-g9a10cc1
roadmap;dimacs;28/60;60;     56815;    308596;88413;380;1039422;210242;117;677;0.472492;444964;0;0;sBELA*;? Unchecked;v1.6.0-140-g9a10cc1
roadmap;dimacs;29/60;60;    305686;    120431;144546;665;1896773;257398;59;575;0.506715;507974;0;0;sBELA*;? Unchecked;v1.6.0-140-g9a10cc1
roadmap;dimacs;30/60;60;    240362;    295149;139954;879;1552769;220732;55;678;0.48847;451885;0;0;sBELA*;? Unchecked;v1.6.0-140-g9a10cc1
roadmap;dimacs;31/60;60;    312097;    296209;144011;536;1690155;271316;16;575;0.554517;489284;0;0;sBELA*;? Unchecked;v1.6.0-140-g9a10cc1
roadmap;dimacs;32/60;60;    282381;    258241;166189;1093;1867900;284631;59;605;0.601999;472810;0;0;sBELA*;? Unchecked;v1.6.0-140-g9a10cc1
roadmap;dimacs;33/60;60;    292606;     56169;75636;503;1003858;115831;57;671;0.247572;467867;0;0;sBELA*;? Unchecked;v1.6.0-140-g9a10cc1
roadmap;dimacs;34/60;60;    237888;    111447;186398;888;2218880;307831;64;683;0.694923;442971;0;0;sBELA*;? Unchecked;v1.6.0-140-g9a10cc1
roadmap;dimacs;35/60;60;     51839;    224098;65519;351;745000;127271;141;683;0.250166;508747;0;0;sBELA*;? Unchecked;v1.6.0-140-g9a10cc1
roadmap;dimacs;36/60;60;    128418;      4215;127051;662;1463316;144392;49;683;0.371377;388801;0;0;sBELA*;? Unchecked;v1.6.0-140-g9a10cc1
roadmap;dimacs;37/60;60;    268787;    226268;87110;585;1062294;190476;119;683;0.426098;447024;0;0;sBELA*;? Unchecked;v1.6.0-140-g9a10cc1
roadmap;dimacs;38/60;60;    309312;    168166;120675;704;1392122;178212;84;683;0.421871;422432;0;0;sBELA*;? Unchecked;v1.6.0-140-g9a10cc1
roadmap;dimacs;39/60;60;    280948;    241995;84458;715;1127767;199006;62;683;0.442325;449909;0;0;sBELA*;? Unchecked;v1.6.0-140-g9a10cc1
roadmap;dimacs;40/60;60;    254985;    109385;162851;755;2002362;295719;56;683;0.592901;498766;0;0;sBELA*;? Unchecked;v1.6.0-140-g9a10cc1
roadmap;dimacs;41/60;60;    196484;    113193;168188;883;1913413;308982;39;683;0.61765;500254;0;0;sBELA*;? Unchecked;v1.6.0-140-g9a10cc1
roadmap;dimacs;42/60;60;     29905;    299818;94072;705;1165129;214127;276;683;0.477924;448035;0;0;sBELA*;? Unchecked;v1.6.0-140-g9a10cc1
roadmap;dimacs;43/60;60;    316036;    224755;182461;993;2208238;319345;118;683;0.710617;449391;0;0;sBELA*;? Unchecked;v1.6.0-140-g9a10cc1
roadmap;dimacs;44/60;60;      2345;    195155;64371;635;820297;159970;52;683;0.322348;496265;0;0;sBELA*;? Unchecked;v1.6.0-140-g9a10cc1
roadmap;dimacs;45/60;60;    231635;    158604;167890;796;2014086;287444;77;683;0.619296;464147;0;0;sBELA*;? Unchecked;v1.6.0-140-g9a10cc1
roadmap;dimacs;46/60;60;      8380;    114652;139754;760;1635191;304361;52;683;0.600609;506754;0;0;sBELA*;? Unchecked;v1.6.0-140-g9a10cc1
roadmap;dimacs;47/60;60;    144351;    294832;100303;439;1380405;170820;71;683;0.355273;480813;0;0;sBELA*;? Unchecked;v1.6.0-140-g9a10cc1
roadmap;dimacs;48/60;60;    242792;     61567;68194;443;909460;150049;55;683;0.29637;506290;0;0;sBELA*;? Unchecked;v1.6.0-140-g9a10cc1
roadmap;dimacs;49/60;60;    136080;    278064;55840;270;639103;66624;142;683;0.148303;449244;0;0;sBELA*;? Unchecked;v1.6.0-140-g9a10cc1
roadmap;dimacs;50/60;60;    288270;    204684;120157;583;1331335;150516;124;683;0.340543;441988;0;0;sBELA*;? Unchecked;v1.6.0-140-g9a10cc1
roadmap;dimacs;51/60;60;    178991;    301411;142293;594;1624871;299239;16;683;0.581838;514299;0;0;sBELA*;? Unchecked;v1.6.0-140-g9a10cc1
roadmap;dimacs;52/60;60;    138893;    192766;156665;833;2055914;307548;58;683;0.651984;471711;0;0;sBELA*;? Unchecked;v1.6.0-140-g9a10cc1
roadmap;dimacs;53/60;60;     47239;     80468;124531;596;1447899;273311;47;683;0.540371;505784;0;0;sBELA*;? Unchecked;v1.6.0-140-g9a10cc1
roadmap;dimacs;54/60;60;    151087;    228575;164428;710;1973680;268617;24;683;0.5177;518867;0;0;sBELA*;? Unchecked;v1.6.0-140-g9a10cc1
roadmap;dimacs;55/60;60;    222755;     97707;91806;664;1004537;172485;171;683;0.3673;469603;0;0;sBELA*;? Unchecked;v1.6.0-140-g9a10cc1
roadmap;dimacs;56/60;60;     38872;    119016;131783;540;1698423;301080;66;683;0.592164;508441;0;0;sBELA*;? Unchecked;v1.6.0-140-g9a10cc1
roadmap;dimacs;57/60;60;    267788;    194528;91927;620;1239802;231334;59;683;0.491923;470265;0;0;sBELA*;? Unchecked;v1.6.0-140-g9a10cc1
roadmap;dimacs;58/60;60;     22537;    264517;68637;470;792624;166653;430;683;0.343496;485167;0;0;sBELA*;? Unchecked;v1.6.0-140-g9a10cc1
roadmap;dimacs;59/60;60;     95259;    242330;79460;693;938815;153170;61;683;0.315823;484987;0;0;sBELA*;? Unchecked;v1.6.0-140-g9a10cc1
roadmap;dimacs;60/60;60;    268622;    236338;99348;660;1121761;214515;125;683;0.474454;452130;0;0;sBELA*;? Unchecked;v1.6.0-140-g9a10cc1
roadmap;dimacs;61/60;60;    192347;    277821;109003;567;1370651;216982;71;683;0.460674;471010;0;0;sBELA*;? Unchecked;v1.6.0-140-g9a10cc1
roadmap;dimacs;62/60;60;    137823;    298415;115087;499;1488365;148290;43;683;0.321061;461874;0;0;sBELA*;? Unchecked;v1.6.0-140-g9a10cc1
roadmap;dimacs;63/60;60;    282571;    194161;100280;495;1119687;160024;63;683;0.347165;460945;0;0;sBELA*;? Unchecked;v1.6.0-140-g9a10cc1
roadmap;dimacs;64/60;60;     44959;    312326;119943;451;1381161;272141;93;683;0.543539;500683;0;0;sBELA*;? Unchecked;v1.6.0-140-g9a10cc1
roadmap;dimacs;65/60;60;    312156;    191513;106069;666;1410966;200049;51;683;0.433526;461447;0;0;sBELA*;? Unchecked;v1.6.0-140-g9a10cc1
roadmap;dimacs;66/60;60;    182639;    108846;104542;438;1119188;136052;81;683;0.308052;441653;0;0;sBELA*;? Unchecked;v1.6.0-140-g9a10cc1
roadmap;dimacs;67/60;60;     85822;     72825;93075;454;1221808;133927;13;683;0.297859;449632;0;0;sBELA*;? Unchecked;v1.6.0-140-g9a10cc1
roadmap;dimacs;68/60;60;    271676;    266077;109663;809;1491016;305344;148;683;0.639302;477621;0;0;sBELA*;? Unchecked;v1.6.0-140-g9a10cc1
roadmap;dimacs;69/60;60;    295012;     75092;89157;436;1103631;128346;13;683;0.2687;477655;0;0;sBELA*;? Unchecked;v1.6.0-140-g9a10cc1
roadmap;dimacs;70/60;60;    220093;    158529;152619;606;1846706;286484;60;683;0.567234;505055;0;0;sBELA*;? Unchecked;v1.6.0-140-g9a10cc1
roadmap;dimacs;71/60;60;    235314;    107150;171874;667;2082436;301845;58;683;0.679925;443939;0;0;sBELA*;? Unchecked;v1.6.0-140-g9a10cc1
roadmap;dimacs;72/60;60;     31159;    106749;158335;697;1931727;317843;60;683;0.620065;512597;0;0;sBELA*;? Unchecked;v1.6.0-140-g9a10cc1
roadmap;dimacs;73/60;60;    200665;    278503;107731;661;1290579;204842;38;683;0.445152;460162;0;0;sBELA*;? Unchecked;v1.6.0-140-g9a10cc1
roadmap;dimacs;74/60;60;     16528;    237773;51638;339;572659;107658;215;683;0.222118;484687;0;0;sBELA*;? Unchecked;v1.6.0-140-g9a10cc1
roadmap;dimacs;75/60;60;     15261;    213734;56667;396;604976;110834;579;683;0.254487;435519;0;0;sBELA*;? Unchecked;v1.6.0-140-g9a10cc1
roadmap;dimacs;76/60;60;     67401;    117147;138977;627;1821138;316690;79;683;0.618577;511965;0;0;sBELA*;? Unchecked;v1.6.0-140-g9a10cc1
roadmap;dimacs;77/60;60;    133413;     35340;118456;647;1547513;207763;103;683;0.439796;472407;0;0;sBELA*;? Unchecked;v1.6.0-140-g9a10cc1
roadmap;dimacs;78/60;60;    156152;    299995;106716;442;1241388;110991;61;683;0.250747;442641;0;0;sBELA*;? Unchecked;v1.6.0-140-g9a10cc1
roadmap;dimacs;79/60;60;     44951;    112793;141020;673;1573721;303022;59;683;0.592098;511776;0;0;sBELA*;? Unchecked;v1.6.0-140-g9a10cc1
roadmap;dimacs;80/60;60;     45387;    222153;89163;679;934244;175049;158;683;0.374455;467477;0;0;sBELA*;? Unchecked;v1.6.0-140-g9a10cc1
roadmap;dimacs;81/60;60;    294492;     77363;96211;537;1393180;168772;13;683;0.354314;476335;0;0;sBELA*;? Unchecked;v1.6.0-140-g9a10cc1
roadmap;dimacs;82/60;60;    201632;    267199;69041;519;1161643;201767;101;683;0.458817;439755;0;0;sBELA*;? Unchecked;v1.6.0-140-g9a10cc1
roadmap;dimacs;83/60;60;    247547;    146039;154718;703;1888245;251325;228;683;0.536209;468707;0;0;sBELA*;? Unchecked;v1.6.0-140-g9a10cc1
roadmap;dimacs;84/60;60;    281131;    197100;70622;496;832361;136742;21;683;0.263416;519110;0;0;sBELA*;? Unchecked;v1.6.0-140-g9a10cc1
roadmap;dimacs;85/60;60;    282616;     88896;79645;358;977891;50785;223;683;0.12262;414164;0;0;sBELA*;? Unchecked;v1.6.0-140-g9a10cc1
roadmap;dimacs;86/60;60;    241049;      9112;77390;528;830561;112390;43;683;0.236514;475194;0;0;sBELA*;? Unchecked;v1.6.0-140-g9a10cc1
roadmap;dimacs;87/60;60;    320588;     74968;91233;502;1129069;145639;132;683;0.331106;439857;0;0;sBELA*;? Unchecked;v1.6.0-140-g9a10cc1
roadmap;dimacs;88/60;60;    302257;    263709;162687;1101;1988894;289497;69;575;0.611851;473150;0;0;sBELA*;? Unchecked;v1.6.0-140-g9a10cc1
roadmap;dimacs;89/60;60;     88219;    210819;105394;719;1162578;187320;89;674;0.451393;414982;0;0;sBELA*;? Unchecked;v1.6.0-140-g9a10cc1
roadmap;dimacs;90/60;60;    311608;      2393;58039;206;686942;26681;140;674;0.0816126;326922;0;0;sBELA*;? Unchecked;v1.6.0-140-g9a10cc1
roadmap;dimacs;91/60;60;    217545;    103931;132983;605;1628556;215831;60;677;0.457659;471598;0;0;sBELA*;? Unchecked;v1.6.0-140-g9a10cc1
roadmap;dimacs;92/60;60;    233951;    281302;155528;953;1718620;246743;79;681;0.512911;481064;0;0;sBELA*;? Unchecked;v1.6.0-140-g9a10cc1
roadmap;dimacs;93/60;60;     74361;    263726;75166;479;1000175;198292;449;681;0.421942;469951;0;0;sBELA*;? Unchecked;v1.6.0-140-g9a10cc1
roadmap;dimacs;94/60;60;    213766;    129485;145637;705;1812361;266448;141;683;0.549414;484967;0;0;sBELA*;? Unchecked;v1.6.0-140-g9a10cc1
roadmap;dimacs;95/60;60;    235147;     72685;63737;377;723732;107022;109;683;0.217537;491972;0;0;sBELA*;? Unchecked;v1.6.0-140-g9a10cc1
roadmap;dimacs;96/60;60;    217285;     19115;87348;496;964514;87877;54;683;0.187471;468749;0;0;sBELA*;? Unchecked;v1.6.0-140-g9a10cc1
roadmap;dimacs;97/60;60;    209011;    302603;79328;519;910937;163323;115;683;0.333524;489689;0;0;sBELA*;? Unchecked;v1.6.0-140-g9a10cc1
roadmap;dimacs;98/60;60;     63225;    173852;55144;203;710322;92292;195;683;0.205533;449038;0;0;sBELA*;? Unchecked;v1.6.0-140-g9a10cc1
roadmap;dimacs;99/60;60;    230929;    198254;58847;511;633812;100356;100;683;0.220253;455639;0;0;sBELA*;? Unchecked;v1.6.0-140-g9a10cc1
roadmap;dimacs;0/70;70;     81762;    146103;117974;530;1542499;126751;79;683;0.286582;442285;0;0;sBELA*;? Unchecked;v1.6.0-140-g9a10cc1
roadmap;dimacs;1/70;70;    106405;    250956;160227;743;2105475;292535;90;683;0.657432;444966;0;0;sBELA*;? Unchecked;v1.6.0-140-g9a10cc1
roadmap;dimacs;2/70;70;    273968;    266396;136537;848;1720448;313621;160;683;0.632534;495817;0;0;sBELA*;? Unchecked;v1.6.0-140-g9a10cc1
roadmap;dimacs;3/70;70;    131084;    299861;97942;381;1151840;112592;86;683;0.252576;445775;0;0;sBELA*;? Unchecked;v1.6.0-140-g9a10cc1
roadmap;dimacs;4/70;70;    321017;    269381;64989;244;698702;64934;92;683;0.15446;420395;0;0;sBELA*;? Unchecked;v1.6.0-140-g9a10cc1
roadmap;dimacs;5/70;70;     81268;    114155;135512;580;1754665;165156;41;575;0.359844;458966;0;0;sBELA*;? Unchecked;v1.6.0-140-g9a10cc1
roadmap;dimacs;6/70;70;    273110;    256843;111274;663;1295306;252148;148;682;0.548667;459565;0;0;sBELA*;? Unchecked;v1.6.0-140-g9a10cc1
roadmap;dimacs;7/70;70;    289000;    313165;101758;505;1676289;220486;98;682;0.455252;484317;0;0;sBELA*;? Unchecked;v1.6.0-140-g9a10cc1
roadmap;dimacs;8/70;70;    206841;    130270;147984;832;1872676;283790;50;683;0.582146;487489;0;0;sBELA*;? Unchecked;v1.6.0-140-g9a10cc1
roadmap;dimacs;9/70;70;    117373;     92727;174375;813;1976165;162271;60;575;0.348783;465249;0;0;sBELA*;? Unchecked;v1.6.0-140-g9a10cc1
roadmap;dimacs;10/70;70;    192763;    114126;195544;1045;2428214;317501;63;665;0.752292;422045;0;0;sBELA*;? Unchecked;v1.6.0-140-g9a10cc1
roadmap;dimacs;11/70;70;    253773;     62962;68507;417;945733;166825;169;674;0.333695;499933;0;0;sBELA*;? Unchecked;v1.6.0-140-g9a10cc1
roadmap;dimacs;12/70;70;     69635;    112392;100622;420;1212532;255552;75;682;0.524947;486815;0;0;sBELA*;? Unchecked;v1.6.0-140-g9a10cc1
roadmap;dimacs;13/70;70;    279740;      4869;64383;393;765670;74938;81;682;0.166751;449401;0;0;sBELA*;? Unchecked;v1.6.0-140-g9a10cc1
roadmap;dimacs;14/70;70;    188811;    247049;87203;424;1069544;130705;74;682;0.294387;443991;0;0;sBELA*;? Unchecked;v1.6.0-140-g9a10cc1
roadmap;dimacs;15/70;70;    277191;    268154;57540;218;631082;47691;75;682;0.108894;437959;0;0;sBELA*;? Unchecked;v1.6.0-140-g9a10cc1
roadmap;dimacs;16/70;70;     42193;    274432;67057;447;877264;175252;146;682;0.372335;470684;0;0;sBELA*;? Unchecked;v1.6.0-140-g9a10cc1
roadmap;dimacs;17/70;70;    285743;    146714;122395;539;1537772;169285;74;682;0.366086;462419;0;0;sBELA*;? Unchecked;v1.6.0-140-g9a10cc1
roadmap;dimacs;18/70;70;    195854;     77647;163155;788;1936476;313359;91;683;0.624927;501433;0;0;sBELA*;? Unchecked;v1.6.0-140-g9a10cc1
roadmap;dimacs;19/70;70;    129037;    163761;132448;612;1503677;192877;57;683;0.420353;458846;0;0;sBELA*;? Unchecked;v1.6.0-140-g9a10cc1
roadmap;dimacs;20/70;70;     85176;      1954;155298;765;1794236;199274;66;575;0.449389;443433;0;0;sBELA*;? Unchecked;v1.6.0-140-g9a10cc1
roadmap;dimacs;21/70;70;    318603;    138230;71528;280;781686;37749;81;623;0.104319;361862;0;0;sBELA*;? Unchecked;v1.6.0-140-g9a10cc1
roadmap;dimacs;22/70;70;    103461;      5065;52932;283;606661;59446;86;623;0.134977;440416;0;0;sBELA*;? Unchecked;v1.6.0-140-g9a10cc1
roadmap;dimacs;23/70;70;    299962;    134129;91209;412;1151195;158827;68;629;0.379932;418041;0;0;sBELA*;? Unchecked;v1.6.0-140-g9a10cc1
roadmap;dimacs;24/70;70;    124461;     94197;111561;555;1415140;184200;70;629;0.397262;463674;0;0;sBELA*;? Unchecked;v1.6.0-140-g9a10cc1
roadmap;dimacs;25/70;70;    135528;    100606;89424;373;1174858;113445;182;629;0.271102;418459;0;0;sBELA*;? Unchecked;v1.6.0-140-g9a10cc1
roadmap;dimacs;26/70;70;    100494;     30092;121070;673;1388073;191539;66;629;0.423302;452488;0;0;sBELA*;? Unchecked;v1.6.0-140-g9a10cc1
roadmap;dimacs;27/70;70;    143119;     21648;124749;667;1627887;202661;130;629;0.439138;461497;0;0;sBELA*;? Unchecked;v1.6.0-140-g9a10cc1
roadmap;dimacs;28/70;70;     56815;    308596;88413;375;1039441;210247;130;677;0.467341;449879;0;0;sBELA*;? Unchecked;v1.6.0-140-g9a10cc1
roadmap;dimacs;29/70;70;    305686;    120431;144546;665;1896783;257405;72;575;0.51991;495096;0;0;sBELA*;? Unchecked;v1.6.0-140-g9a10cc1
roadmap;dimacs;30/70;70;    240362;    295149;139954;884;1552776;220733;64;678;0.488691;451682;0;0;sBELA*;? Unchecked;v1.6.0-140-g9a10cc1
roadmap;dimacs;31/70;70;    312097;    296209;144011;536;1690156;271317;18;575;0.548676;494494;0;0;sBELA*;? Unchecked;v1.6.0-140-g9a10cc1
roadmap;dimacs;32/70;70;    282381;    258241;166189;1091;1867903;284633;65;605;0.612454;464742;0;0;sBELA*;? Unchecked;v1.6.0-140-g9a10cc1
roadmap;dimacs;33/70;70;    292606;     56169;75636;503;1003870;115831;72;671;0.247823;467393;0;0;sBELA*;? Unchecked;v1.6.0-140-g9a10cc1
roadmap;dimacs;34/70;70;    237888;    111447;186398;887;2218884;307831;73;683;0.700137;439673;0;0;sBELA*;? Unchecked;v1.6.0-140-g9a10cc1
roadmap;dimacs;35/70;70;     51839;    224098;65519;354;745023;127274;155;683;0.251868;505320;0;0;sBELA*;? Unchecked;v1.6.0-140-g9a10cc1
roadmap;dimacs;36/70;70;    128418;      4215;127051;658;1463321;144393;56;683;0.333736;432656;0;0;sBELA*;? Unchecked;v1.6.0-140-g9a10cc1
roadmap;dimacs;37/70;70;    268787;    226268;87110;587;1062320;190485;155;683;0.432336;440595;0;0;sBELA*;? Unchecked;v1.6.0-140-g9a10cc1
roadmap;dimacs;38/70;70;    309312;    168166;120675;707;1392127;178214;98;683;0.430637;413838;0;0;sBELA*;? Unchecked;v1.6.0-140-g9a10cc1
roadmap;dimacs;39/70;70;    280948;    241995;84458;714;1127773;199009;72;683;0.4671;426053;0;0;sBELA*;? Unchecked;v1.6.0-140-g9a10cc1
roadmap;dimacs;40/70;70;    254985;    109385;162851;750;2002407;295722;81;683;0.592319;499261;0;0;sBELA*;? Unchecked;v1.6.0-140-g9a10cc1
roadmap;dimacs;41/70;70;    196484;    113193;168188;884;1913417;308982;46;683;0.616275;501370;0;0;sBELA*;? Unchecked;v1.6.0-140-g9a10cc1
roadmap;dimacs;42/70;70;     29905;    299818;94072;708;1165153;214133;318;683;0.494903;432677;0;0;sBELA*;? Unchecked;v1.6.0-140-g9a10cc1
roadmap;dimacs;43/70;70;    316036;    224755;182461;999;2208245;319347;131;683;0.717936;444812;0;0;sBELA*;? Unchecked;v1.6.0-140-g9a10cc1
roadmap;dimacs;44/70;70;      2345;    195155;64371;632;820304;159973;58;683;0.334149;478747;0;0;sBELA*;? Unchecked;v1.6.0-140-g9a10cc1
roadmap;dimacs;45/70;70;    231635;    158604;167890;796;2014093;287446;87;683;0.638445;450229;0;0;sBELA*;? Unchecked;v1.6.0-140-g9a10cc1
roadmap;dimacs;46/70;70;      8380;    114652;139754;750;1635198;304362;60;683;0.605714;502485;0;0;sBELA*;? Unchecked;v1.6.0-140-g9a10cc1
roadmap;dimacs;47/70;70;    144351;    294832;100303;440;1380419;170824;85;683;0.360807;473449;0;0;sBELA*;? Unchecked;v1.6.0-140-g9a10cc1
roadmap;dimacs;48/70;70;    242792;     61567;68194;445;909468;150049;62;683;0.296079;506787;0;0;sBELA*;? Unchecked;v1.6.0-140-g9a10cc1
roadmap;dimacs;49/70;70;    136080;    278064;55840;271;639140;66628;173;683;0.154;432650;0;0;sBELA*;? Unchecked;v1.6.0-140-g9a10cc1
roadmap;dimacs;50/70;70;    288270;    204684;120157;611;1331339;150517;139;683;0.340562;441967;0;0;sBELA*;? Unchecked;v1.6.0-140-g9a10cc1
roadmap;dimacs;51/70;70;    178991;    301411;142293;593;1624878;299239;19;683;0.583927;512460;0;0;sBELA*;? Unchecked;v1.6.0-140-g9a10cc1
roadmap;dimacs;52/70;70;    138893;    192766;156665;830;2055965;307552;87;683;0.646544;475686;0;0;sBELA*;? Unchecked;v1.6.0-140-g9a10cc1
roadmap;dimacs;53/70;70;     47239;     80468;124531;601;1447903;273311;53;683;0.545285;501226;0;0;sBELA*;? Unchecked;v1.6.0-140-g9a10cc1
roadmap;dimacs;54/70;70;    151087;    228575;164428;709;1973683;268618;26;683;0.55642;482762;0;0;sBELA*;? Unchecked;v1.6.0-140-g9a10cc1
roadmap;dimacs;55/70;70;    222755;     97707;91806;667;1004547;172488;200;683;0.373334;462020;0;0;sBELA*;? Unchecked;v1.6.0-140-g9a10cc1
roadmap;dimacs;56/70;70;     38872;    119016;131783;540;1698431;301080;75;683;0.597244;504116;0;0;sBELA*;? Unchecked;v1.6.0-140-g9a10cc1
roadmap;dimacs;57/70;70;    267788;    194528;91927;612;1239813;231337;70;683;0.484737;477242;0;0;sBELA*;? Unchecked;v1.6.0-140-g9a10cc1
roadmap;dimacs;58/70;70;     22537;    264517;68637;471;792629;166653;439;683;0.347332;479809;0;0;sBELA*;? Unchecked;v1.6.0-140-g9a10cc1
roadmap;dimacs;59/70;70;     95259;    242330;79460;696;938823;153172;72;683;0.335296;456826;0;0;sBELA*;? Unchecked;v1.6.0-140-g9a10cc1
roadmap;dimacs;60/70;70;    268622;    236338;99348;662;1121767;214518;141;683;0.47405;452522;0;0;sBELA*;? Unchecked;v1.6.0-140-g9a10cc1
roadmap;dimacs;61/70;70;    192347;    277821;109003;575;1370661;216982;83;683;0.466361;465266;0;0;sBELA*;? Unchecked;v1.6.0-140-g9a10cc1
roadmap;dimacs;62/70;70;    137823;    298415;115087;506;1488371;148291;48;683;0.325685;455320;0;0;sBELA*;? Unchecked;v1.6.0-140-g9a10cc1
roadmap;dimacs;63/70;70;    282571;    194161;100280;500;1119695;160029;73;683;0.35017;457004;0;0;sBELA*;? Unchecked;v1.6.0-140-g9a10cc1
roadmap;dimacs;64/70;70;     44959;    312326;119943;455;1381170;272143;104;683;0.547325;497224;0;0;sBELA*;? Unchecked;v1.6.0-140-g9a10cc1
roadmap;dimacs;65/70;70;    312156;    191513;106069;666;1410974;200053;62;683;0.43753;457233;0;0;sBELA*;? Unchecked;v1.6.0-140-g9a10cc1
roadmap;dimacs;66/70;70;    182639;    108846;104542;433;1119212;136060;101;683;0.314116;433152;0;0;sBELA*;? Unchecked;v1.6.0-140-g9a10cc1
roadmap;dimacs;67/70;70;     85822;     72825;93075;454;1221814;133928;15;683;0.301069;444842;0;0;sBELA*;? Unchecked;v1.6.0-140-g9a10cc1
roadmap;dimacs;68/70;70;    271676;    266077;109663;816;1491031;305351;170;683;0.621775;491096;0;0;sBELA*;? Unchecked;v1.6.0-140-g9a10cc1
roadmap;dimacs;69/70;70;    295012;     75092;89157;436;1103632;128346;15;683;0.270033;475298;0;0;sBELA*;? Unchecked;v1.6.0-140-g9a10cc1
roadmap;dimacs;70/70;70;    220093;    158529;152619;605;1846709;286485;66;683;0.568673;503778;0;0;sBELA*;? Unchecked;v1.6.0-140-g9a10cc1
roadmap;dimacs;71/70;70;    235314;    107150;171874;667;2082446;301846;70;683;0.695097;434250;0;0;sBELA*;? Unchecked;v1.6.0-140-g9a10cc1
roadmap;dimacs;72/70;70;     31159;    106749;158335;696;1931736;317843;69;683;0.631273;503496;0;0;sBELA*;? Unchecked;v1.6.0-140-g9a10cc1
roadmap;dimacs;73/70;70;    200665;    278503;107731;664;1290582;204842;44;683;0.450001;455203;0;0;sBELA*;? Unchecked;v1.6.0-140-g9a10cc1
roadmap;dimacs;74/70;70;     16528;    237773;51638;339;572664;107660;224;683;0.227679;472859;0;0;sBELA*;? Unchecked;v1.6.0-140-g9a10cc1
roadmap;dimacs;75/70;70;     15261;    213734;56667;398;605019;110856;656;683;0.268684;412589;0;0;sBELA*;? Unchecked;v1.6.0-140-g9a10cc1
roadmap;dimacs;76/70;70;     67401;    117147;138977;627;1821141;316691;84;683;0.6212;509805;0;0;sBELA*;? Unchecked;v1.6.0-140-g9a10cc1
roadmap;dimacs;77/70;70;    133413;     35340;118456;647;1547534;207771;127;683;0.447017;464794;0;0;sBELA*;? Unchecked;v1.6.0-140-g9a10cc1
roadmap;dimacs;78/70;70;    156152;    299995;106716;438;1241401;110991;71;683;0.254345;436380;0;0;sBELA*;? Unchecked;v1.6.0-140-g9a10cc1
roadmap;dimacs;79/70;70;     44951;    112793;141020;673;1573727;303023;68;683;0.597703;506979;0;0;sBELA*;? Unchecked;v1.6.0-140-g9a10cc1
roadmap;dimacs;80/70;70;     45387;    222153;89163;676;934262;175058;171;683;0.38082;459687;0;0;sBELA*;? Unchecked;v1.6.0-140-g9a10cc1
roadmap;dimacs;81/70;70;    294492;     77363;96211;537;1393181;168772;15;683;0.355276;475045;0;0;sBELA*;? Unchecked;v1.6.0-140-g9a10cc1
roadmap;dimacs;82/70;70;    201632;    267199;69041;511;1161653;201769;120;683;0.45624;442243;0;0;sBELA*;? Unchecked;v1.6.0-140-g9a10cc1
roadmap;dimacs;83/70;70;    247547;    146039;154718;703;1888252;251327;250;683;0.542578;463209;0;0;sBELA*;? Unchecked;v1.6.0-140-g9a10cc1
roadmap;dimacs;84/70;70;    281131;    197100;70622;496;832365;136745;23;683;0.265066;515890;0;0;sBELA*;? Unchecked;v1.6.0-140-g9a10cc1
roadmap;dimacs;85/70;70;    282616;     88896;79645;313;977915;50787;254;683;0.125338;405200;0;0;sBELA*;? Unchecked;v1.6.0-140-g9a10cc1
roadmap;dimacs;86/70;70;    241049;      9112;77390;530;830564;112390;47;683;0.234169;479953;0;0;sBELA*;? Unchecked;v1.6.0-140-g9a10cc1
roadmap;dimacs;87/70;70;    320588;     74968;91233;499;1129098;145649;157;683;0.34757;419050;0;0;sBELA*;? Unchecked;v1.6.0-140-g9a10cc1
roadmap;dimacs;88/70;70;    302257;    263709;162687;1100;1988906;289498;78;575;0.635396;455618;0;0;sBELA*;? Unchecked;v1.6.0-140-g9a10cc1
roadmap;dimacs;89/70;70;     88219;    210819;105394;720;1162585;187320;99;674;0.445402;420564;0;0;sBELA*;? Unchecked;v1.6.0-140-g9a10cc1
roadmap;dimacs;90/70;70;    311608;      2393;58039;216;686952;26681;151;674;0.0735076;362969;0;0;sBELA*;? Unchecked;v1.6.0-140-g9a10cc1
roadmap;dimacs;91/70;70;    217545;    103931;132983;603;1628565;215831;72;677;0.460989;468191;0;0;sBELA*;? Unchecked;v1.6.0-140-g9a10cc1
roadmap;dimacs;92/70;70;    233951;    281302;155528;958;1718626;246743;89;681;0.521516;473126;0;0;sBELA*;? Unchecked;v1.6.0-140-g9a10cc1
roadmap;dimacs;93/70;70;     74361;    263726;75166;497;1000223;198302;557;681;0.448562;442084;0;0;sBELA*;? Unchecked;v1.6.0-140-g9a10cc1
roadmap;dimacs;94/70;70;    213766;    129485;145637;692;1812365;266449;157;683;0.559039;476620;0;0;sBELA*;? Unchecked;v1.6.0-140-g9a10cc1
roadmap;dimacs;95/70;70;    235147;     72685;63737;372;723771;107029;132;683;0.222372;481307;0;0;sBELA*;? Unchecked;v1.6.0-140-g9a10cc1
roadmap;dimacs;96/70;70;    217285;     19115;87348;497;964516;87877;57;683;0.192236;457130;0;0;sBELA*;? Unchecked;v1.6.0-140-g9a10cc1
roadmap;dimacs;97/70;70;    209011;    302603;79328;518;910945;163324;127;683;0.34083;479195;0;0;sBELA*;? Unchecked;v1.6.0-140-g9a10cc1
roadmap;dimacs;98/70;70;     63225;    173852;55144;204;710339;92300;224;683;0.20721;445442;0;0;sBELA*;? Unchecked;v1.6.0-140-g9a10cc1
roadmap;dimacs;99/70;70;    230929;    198254;58847;514;633829;100358;112;683;0.225875;444308;0;0;sBELA*;? Unchecked;v1.6.0-140-g9a10cc1
roadmap;dimacs;0/80;80;     81762;    146103;117974;531;1542504;126755;88;683;0.288454;439429;0;0;sBELA*;? Unchecked;v1.6.0-140-g9a10cc1
roadmap;dimacs;1/80;80;    106405;    250956;160227;742;2105478;292538;101;683;0.662555;441530;0;0;sBELA*;? Unchecked;v1.6.0-140-g9a10cc1
roadmap;dimacs;2/80;80;    273968;    266396;136537;848;1720469;313623;189;683;0.642767;487926;0;0;sBELA*;? Unchecked;v1.6.0-140-g9a10cc1
roadmap;dimacs;3/80;80;    131084;    299861;97942;370;1151851;112593;97;683;0.267814;420414;0;0;sBELA*;? Unchecked;v1.6.0-140-g9a10cc1
roadmap;dimacs;4/80;80;    321017;    269381;64989;248;698719;64938;105;683;0.149539;434255;0;0;sBELA*;? Unchecked;v1.6.0-140-g9a10cc1
roadmap;dimacs;5/80;80;     81268;    114155;135512;580;1754676;165158;47;575;0.368551;448127;0;0;sBELA*;? Unchecked;v1.6.0-140-g9a10cc1
roadmap;dimacs;6/80;80;    273110;    256843;111274;663;1295318;252150;169;682;0.553225;455782;0;0;sBELA*;? Unchecked;v1.6.0-140-g9a10cc1
roadmap;dimacs;7/80;80;    289000;    313165;101758;504;1676323;220498;124;682;0.499533;441408;0;0;sBELA*;? Unchecked;v1.6.0-140-g9a10cc1
roadmap;dimacs;8/80;80;    206841;    130270;147984;832;1872679;283791;54;683;0.576146;492568;0;0;sBELA*;? Unchecked;v1.6.0-140-g9a10cc1
roadmap;dimacs;9/80;80;    117373;     92727;174375;812;1976170;162274;70;575;0.353362;459229;0;0;sBELA*;? Unchecked;v1.6.0-140-g9a10cc1
roadmap;dimacs;10/80;80;    192763;    114126;195544;1048;2428217;317501;70;665;0.758369;418663;0;0;sBELA*;? Unchecked;v1.6.0-140-g9a10cc1
roadmap;dimacs;11/80;80;    253773;     62962;68507;416;945795;166840;217;674;0.341151;489050;0;0;sBELA*;? Unchecked;v1.6.0-140-g9a10cc1
roadmap;dimacs;12/80;80;     69635;    112392;100622;421;1212536;255553;81;682;0.53913;474010;0;0;sBELA*;? Unchecked;v1.6.0-140-g9a10cc1
roadmap;dimacs;13/80;80;    279740;      4869;64383;390;765681;74941;92;682;0.170936;438416;0;0;sBELA*;? Unchecked;v1.6.0-140-g9a10cc1
roadmap;dimacs;14/80;80;    188811;    247049;87203;425;1069552;130708;85;682;0.299048;437080;0;0;sBELA*;? Unchecked;v1.6.0-140-g9a10cc1
roadmap;dimacs;15/80;80;    277191;    268154;57540;212;631095;47693;90;682;0.11016;432944;0;0;sBELA*;? Unchecked;v1.6.0-140-g9a10cc1
roadmap;dimacs;16/80;80;     42193;    274432;67057;445;877288;175261;172;682;0.379994;461221;0;0;sBELA*;? Unchecked;v1.6.0-140-g9a10cc1
roadmap;dimacs;17/80;80;    285743;    146714;122395;539;1537779;169285;80;682;0.369402;458268;0;0;sBELA*;? Unchecked;v1.6.0-140-g9a10cc1
roadmap;dimacs;18/80;80;    195854;     77647;163155;786;1936484;313359;109;683;0.631186;496461;0;0;sBELA*;? Unchecked;v1.6.0-140-g9a10cc1
roadmap;dimacs;19/80;80;    129037;    163761;132448;612;1503681;192880;63;683;0.41995;459293;0;0;sBELA*;? Unchecked;v1.6.0-140-g9a10cc1
roadmap;dimacs;20/80;80;     85176;      1954;155298;756;1794239;199274;74;575;0.444637;448173;0;0;sBELA*;? Unchecked;v1.6.0-140-g9a10cc1
roadmap;dimacs;21/80;80;    318603;    138230;71528;279;781704;37756;90;623;0.115742;326209;0;0;sBELA*;? Unchecked;v1.6.0-140-g9a10cc1
roadmap;dimacs;22/80;80;    103461;      5065;52932;282;606673;59447;101;623;0.136902;434230;0;0;sBELA*;? Unchecked;v1.6.0-140-g9a10cc1
roadmap;dimacs;23/80;80;    299962;    134129;91209;408;1151202;158830;77;629;0.353872;448835;0;0;sBELA*;? Unchecked;v1.6.0-140-g9a10cc1
roadmap;dimacs;24/80;80;    124461;     94197;111561;554;1415146;184203;79;629;0.401571;458706;0;0;sBELA*;? Unchecked;v1.6.0-140-g9a10cc1
roadmap;dimacs;25/80;80;    135528;    100606;89424;408;1174892;113452;225;629;0.277833;408347;0;0;sBELA*;? Unchecked;v1.6.0-140-g9a10cc1
roadmap;dimacs;26/80;80;    100494;     30092;121070;672;1388083;191545;75;629;0.469392;408070;0;0;sBELA*;? Unchecked;v1.6.0-140-g9a10cc1
roadmap;dimacs;27/80;80;    143119;     21648;124749;668;1627899;202665;151;629;0.444388;456054;0;0;sBELA*;? Unchecked;v1.6.0-140-g9a10cc1
roadmap;dimacs;28/80;80;     56815;    308596;88413;375;1039463;210256;147;677;0.471149;446262;0;0;sBELA*;? Unchecked;v1.6.0-140-g9a10cc1
roadmap;dimacs;29/80;80;    305686;    120431;144546;660;1896790;257409;83;575;0.523543;491667;0;0;sBELA*;? Unchecked;v1.6.0-140-g9a10cc1
roadmap;dimacs;30/80;80;    240362;    295149;139954;878;1552789;220735;76;678;0.496588;444503;0;0;sBELA*;? Unchecked;v1.6.0-140-g9a10cc1
roadmap;dimacs;31/80;80;    312097;    296209;144011;534;1690162;271318;21;575;0.563372;481597;0;0;sBELA*;? Unchecked;v1.6.0-140-g9a10cc1
roadmap;dimacs;32/80;80;    282381;    258241;166189;1094;1867917;284638;73;605;0.618812;459975;0;0;sBELA*;? Unchecked;v1.6.0-140-g9a10cc1
roadmap;dimacs;33/80;80;    292606;     56169;75636;497;1003879;115832;83;671;0.249247;464727;0;0;sBELA*;? Unchecked;v1.6.0-140-g9a10cc1
roadmap;dimacs;34/80;80;    237888;    111447;186398;884;2218887;307831;84;683;0.708017;434779;0;0;sBELA*;? Unchecked;v1.6.0-140-g9a10cc1
roadmap;dimacs;35/80;80;     51839;    224098;65519;354;745035;127274;171;683;0.255169;498783;0;0;sBELA*;? Unchecked;v1.6.0-140-g9a10cc1
roadmap;dimacs;36/80;80;    128418;      4215;127051;663;1463326;144394;65;683;0.337224;428184;0;0;sBELA*;? Unchecked;v1.6.0-140-g9a10cc1
roadmap;dimacs;37/80;80;    268787;    226268;87110;591;1062338;190490;183;683;0.438926;433991;0;0;sBELA*;? Unchecked;v1.6.0-140-g9a10cc1
roadmap;dimacs;38/80;80;    309312;    168166;120675;707;1392135;178219;109;683;0.436876;407939;0;0;sBELA*;? Unchecked;v1.6.0-140-g9a10cc1
roadmap;dimacs;39/80;80;    280948;    241995;84458;715;1127777;199009;80;683;0.454426;437935;0;0;sBELA*;? Unchecked;v1.6.0-140-g9a10cc1
roadmap;dimacs;40/80;80;    254985;    109385;162851;752;2002411;295723;89;683;0.597535;494905;0;0;sBELA*;? Unchecked;v1.6.0-140-g9a10cc1
roadmap;dimacs;41/80;80;    196484;    113193;168188;882;1913419;308982;50;683;0.645558;478627;0;0;sBELA*;? Unchecked;v1.6.0-140-g9a10cc1
roadmap;dimacs;42/80;80;     29905;    299818;94072;706;1165170;214137;364;683;0.510414;419536;0;0;sBELA*;? Unchecked;v1.6.0-140-g9a10cc1
roadmap;dimacs;43/80;80;    316036;    224755;182461;1003;2208254;319347;146;683;0.720762;443069;0;0;sBELA*;? Unchecked;v1.6.0-140-g9a10cc1
roadmap;dimacs;44/80;80;      2345;    195155;64371;633;820308;159975;67;683;0.327969;487774;0;0;sBELA*;? Unchecked;v1.6.0-140-g9a10cc1
roadmap;dimacs;45/80;80;    231635;    158604;167890;794;2014103;287447;103;683;0.641986;447746;0;0;sBELA*;? Unchecked;v1.6.0-140-g9a10cc1
roadmap;dimacs;46/80;80;      8380;    114652;139754;750;1635204;304362;68;683;0.612761;496706;0;0;sBELA*;? Unchecked;v1.6.0-140-g9a10cc1
roadmap;dimacs;47/80;80;    144351;    294832;100303;439;1380443;170829;99;683;0.364752;468343;0;0;sBELA*;? Unchecked;v1.6.0-140-g9a10cc1
roadmap;dimacs;48/80;80;    242792;     61567;68194;442;909474;150051;69;683;0.298177;503228;0;0;sBELA*;? Unchecked;v1.6.0-140-g9a10cc1
roadmap;dimacs;49/80;80;    136080;    278064;55840;300;639150;66628;193;683;0.155167;429395;0;0;sBELA*;? Unchecked;v1.6.0-140-g9a10cc1
roadmap;dimacs;50/80;80;    288270;    204684;120157;586;1331352;150518;167;683;0.347192;433530;0;0;sBELA*;? Unchecked;v1.6.0-140-g9a10cc1
roadmap;dimacs;51/80;80;    178991;    301411;142293;593;1624879;299239;21;683;0.586594;510129;0;0;sBELA*;? Unchecked;v1.6.0-140-g9a10cc1
roadmap;dimacs;52/80;80;    138893;    192766;156665;832;2055973;307552;97;683;0.653825;470389;0;0;sBELA*;? Unchecked;v1.6.0-140-g9a10cc1
roadmap;dimacs;53/80;80;     47239;     80468;124531;597;1447906;273312;59;683;0.549296;497568;0;0;sBELA*;? Unchecked;v1.6.0-140-g9a10cc1
roadmap;dimacs;54/80;80;    151087;    228575;164428;709;1973685;268618;28;683;0.522723;513882;0;0;sBELA*;? Unchecked;v1.6.0-140-g9a10cc1
roadmap;dimacs;55/80;80;    222755;     97707;91806;661;1004553;172490;220;683;0.386123;446723;0;0;sBELA*;? Unchecked;v1.6.0-140-g9a10cc1
roadmap;dimacs;56/80;80;     38872;    119016;131783;541;1698443;301080;88;683;0.645992;466074;0;0;sBELA*;? Unchecked;v1.6.0-140-g9a10cc1
roadmap;dimacs;57/80;80;    267788;    194528;91927;619;1239819;231341;81;683;0.496958;465514;0;0;sBELA*;? Unchecked;v1.6.0-140-g9a10cc1
roadmap;dimacs;58/80;80;     22537;    264517;68637;411;792648;166654;471;683;0.359441;463648;0;0;sBELA*;? Unchecked;v1.6.0-140-g9a10cc1
roadmap;dimacs;59/80;80;     95259;    242330;79460;692;938836;153175;79;683;0.328745;465938;0;0;sBELA*;? Unchecked;v1.6.0-140-g9a10cc1
roadmap;dimacs;60/80;80;    268622;    236338;99348;660;1121774;214523;164;683;0.477599;449170;0;0;sBELA*;? Unchecked;v1.6.0-140-g9a10cc1
roadmap;dimacs;61/80;80;    192347;    277821;109003;576;1370669;216986;96;683;0.471384;460317;0;0;sBELA*;? Unchecked;v1.6.0-140-g9a10cc1
roadmap;dimacs;62/80;80;    137823;    298415;115087;508;1488375;148291;54;683;0.331385;447488;0;0;sBELA*;? Unchecked;v1.6.0-140-g9a10cc1
roadmap;dimacs;63/80;80;    282571;    194161;100280;498;1119699;160029;83;683;0.353924;452157;0;0;sBELA*;? Unchecked;v1.6.0-140-g9a10cc1
roadmap;dimacs;64/80;80;     44959;    312326;119943;450;1381199;272149;126;683;0.552376;492688;0;0;sBELA*;? Unchecked;v1.6.0-140-g9a10cc1
roadmap;dimacs;65/80;80;    312156;    191513;106069;668;1410978;200054;69;683;0.444748;449814;0;0;sBELA*;? Unchecked;v1.6.0-140-g9a10cc1
roadmap;dimacs;66/80;80;    182639;    108846;104542;435;1119235;136076;114;683;0.324793;418962;0;0;sBELA*;? Unchecked;v1.6.0-140-g9a10cc1
roadmap;dimacs;67/80;80;     85822;     72825;93075;452;1221816;133928;17;683;0.307379;435709;0;0;sBELA*;? Unchecked;v1.6.0-140-g9a10cc1
roadmap;dimacs;68/80;80;    271676;    266077;109663;813;1491041;305352;191;683;0.637008;479353;0;0;sBELA*;? Unchecked;v1.6.0-140-g9a10cc1
roadmap;dimacs;69/80;80;    295012;     75092;89157;438;1103635;128348;17;683;0.279594;459052;0;0;sBELA*;? Unchecked;v1.6.0-140-g9a10cc1
roadmap;dimacs;70/80;80;    220093;    158529;152619;605;1846716;286486;74;683;0.57788;495753;0;0;sBELA*;? Unchecked;v1.6.0-140-g9a10cc1
roadmap;dimacs;71/80;80;    235314;    107150;171874;668;2082451;301846;80;683;0.691145;436733;0;0;sBELA*;? Unchecked;v1.6.0-140-g9a10cc1
roadmap;dimacs;72/80;80;     31159;    106749;158335;697;1931741;317843;77;683;0.675587;470470;0;0;sBELA*;? Unchecked;v1.6.0-140-g9a10cc1
roadmap;dimacs;73/80;80;    200665;    278503;107731;657;1290584;204842;49;683;0.457092;448142;0;0;sBELA*;? Unchecked;v1.6.0-140-g9a10cc1
roadmap;dimacs;74/80;80;     16528;    237773;51638;339;572686;107667;272;683;0.230951;466190;0;0;sBELA*;? Unchecked;v1.6.0-140-g9a10cc1
roadmap;dimacs;75/80;80;     15261;    213734;56667;395;605048;110867;708;683;0.263468;420799;0;0;sBELA*;? Unchecked;v1.6.0-140-g9a10cc1
roadmap;dimacs;76/80;80;     67401;    117147;138977;626;1821146;316691;93;683;0.638426;496049;0;0;sBELA*;? Unchecked;v1.6.0-140-g9a10cc1
roadmap;dimacs;77/80;80;    133413;     35340;118456;648;1547554;207779;150;683;0.450782;460930;0;0;sBELA*;? Unchecked;v1.6.0-140-g9a10cc1
roadmap;dimacs;78/80;80;    156152;    299995;106716;440;1241410;110992;79;683;0.258879;428741;0;0;sBELA*;? Unchecked;v1.6.0-140-g9a10cc1
roadmap;dimacs;79/80;80;     44951;    112793;141020;673;1573732;303025;78;683;0.604366;501393;0;0;sBELA*;? Unchecked;v1.6.0-140-g9a10cc1
roadmap;dimacs;80/80;80;     45387;    222153;89163;678;934273;175060;190;683;0.398702;439075;0;0;sBELA*;? Unchecked;v1.6.0-140-g9a10cc1
roadmap;dimacs;81/80;80;    294492;     77363;96211;539;1393184;168774;17;683;0.357291;472372;0;0;sBELA*;? Unchecked;v1.6.0-140-g9a10cc1
roadmap;dimacs;82/80;80;    201632;    267199;69041;519;1161663;201770;138;683;0.470587;428762;0;0;sBELA*;? Unchecked;v1.6.0-140-g9a10cc1
roadmap;dimacs;83/80;80;    247547;    146039;154718;706;1888271;251334;322;683;0.562719;446642;0;0;sBELA*;? Unchecked;v1.6.0-140-g9a10cc1
roadmap;dimacs;84/80;80;    281131;    197100;70622;496;832369;136747;25;683;0.275866;495700;0;0;sBELA*;? Unchecked;v1.6.0-140-g9a10cc1
roadmap;dimacs;85/80;80;    282616;     88896;79645;318;977945;50792;294;683;0.127755;397574;0;0;sBELA*;? Unchecked;v1.6.0-140-g9a10cc1
roadmap;dimacs;86/80;80;    241049;      9112;77390;530;830589;112397;56;683;0.2395;469298;0;0;sBELA*;? Unchecked;v1.6.0-140-g9a10cc1
roadmap;dimacs;87/80;80;    320588;     74968;91233;503;1129114;145656;183;683;0.342227;425612;0;0;sBELA*;? Unchecked;v1.6.0-140-g9a10cc1
roadmap;dimacs;88/80;80;    302257;    263709;162687;1102;1988910;289498;88;683;0.603304;479854;0;0;sBELA*;? Unchecked;v1.6.0-140-g9a10cc1
roadmap;dimacs;89/80;80;     88219;    210819;105394;724;1162589;187321;110;683;0.463385;404245;0;0;sBELA*;? Unchecked;v1.6.0-140-g9a10cc1
roadmap;dimacs;90/80;80;    311608;      2393;58039;205;686965;26682;167;683;0.0754006;353870;0;0;sBELA*;? Unchecked;v1.6.0-140-g9a10cc1
roadmap;dimacs;91/80;80;    217545;    103931;132983;605;1628571;215831;80;683;0.46578;463375;0;0;sBELA*;? Unchecked;v1.6.0-140-g9a10cc1
roadmap;dimacs;92/80;80;    233951;    281302;155528;957;1718643;246744;120;683;0.534217;461880;0;0;sBELA*;? Unchecked;v1.6.0-140-g9a10cc1
roadmap;dimacs;93/80;80;     74361;    263726;75166;463;1000243;198309;627;683;0.445851;444788;0;0;sBELA*;? Unchecked;v1.6.0-140-g9a10cc1
roadmap;dimacs;94/80;80;    213766;    129485;145637;707;1812370;266450;173;683;0.557089;478290;0;0;sBELA*;? Unchecked;v1.6.0-140-g9a10cc1
roadmap;dimacs;95/80;80;    235147;     72685;63737;375;723792;107030;159;683;0.226976;471547;0;0;sBELA*;? Unchecked;v1.6.0-140-g9a10cc1
roadmap;dimacs;96/80;80;    217285;     19115;87348;498;964547;87880;75;683;0.198982;441647;0;0;sBELA*;? Unchecked;v1.6.0-140-g9a10cc1
roadmap;dimacs;97/80;80;    209011;    302603;79328;517;910953;163326;147;683;0.344331;474328;0;0;sBELA*;? Unchecked;v1.6.0-140-g9a10cc1
roadmap;dimacs;98/80;80;     63225;    173852;55144;202;710351;92306;239;683;0.210743;438002;0;0;sBELA*;? Unchecked;v1.6.0-140-g9a10cc1
roadmap;dimacs;99/80;80;    230929;    198254;58847;510;633848;100363;126;683;0.229656;437015;0;0;sBELA*;? Unchecked;v1.6.0-140-g9a10cc1
roadmap;dimacs;0/90;90;     81762;    146103;117974;530;1542518;126765;102;683;0.299536;423205;0;0;sBELA*;? Unchecked;v1.6.0-140-g9a10cc1
roadmap;dimacs;1/90;90;    106405;    250956;160227;745;2105481;292538;111;683;0.67091;436032;0;0;sBELA*;? Unchecked;v1.6.0-140-g9a10cc1
roadmap;dimacs;2/90;90;    273968;    266396;136537;851;1720482;313625;216;683;0.660081;475131;0;0;sBELA*;? Unchecked;v1.6.0-140-g9a10cc1
roadmap;dimacs;3/90;90;    131084;    299861;97942;370;1151860;112594;108;683;0.259678;433590;0;0;sBELA*;? Unchecked;v1.6.0-140-g9a10cc1
roadmap;dimacs;4/90;90;    321017;    269381;64989;250;698733;64939;121;683;0.14535;446778;0;0;sBELA*;? Unchecked;v1.6.0-140-g9a10cc1
roadmap;dimacs;5/90;90;     81268;    114155;135512;579;1754688;165161;53;575;0.36792;448905;0;0;sBELA*;? Unchecked;v1.6.0-140-g9a10cc1
roadmap;dimacs;6/90;90;    273110;    256843;111274;633;1295337;252155;198;682;0.561294;449238;0;0;sBELA*;? Unchecked;v1.6.0-140-g9a10cc1
roadmap;dimacs;7/90;90;    289000;    313165;101758;504;1676334;220501;138;682;0.465327;473862;0;0;sBELA*;? Unchecked;v1.6.0-140-g9a10cc1
roadmap;dimacs;8/90;90;    206841;    130270;147984;832;1872682;283791;61;683;0.602542;470989;0;0;sBELA*;? Unchecked;v1.6.0-140-g9a10cc1
roadmap;dimacs;9/90;90;    117373;     92727;174375;811;1976174;162274;78;575;0.356901;454675;0;0;sBELA*;? Unchecked;v1.6.0-140-g9a10cc1
roadmap;dimacs;10/90;90;    192763;    114126;195544;1057;2428220;317501;78;683;0.757346;419228;0;0;sBELA*;? Unchecked;v1.6.0-140-g9a10cc1
roadmap;dimacs;11/90;90;    253773;     62962;68507;413;945848;166848;273;683;0.347458;480196;0;0;sBELA*;? Unchecked;v1.6.0-140-g9a10cc1
roadmap;dimacs;12/90;90;     69635;    112392;100622;419;1212540;255557;87;683;0.524867;486899;0;0;sBELA*;? Unchecked;v1.6.0-140-g9a10cc1
roadmap;dimacs;13/90;90;    279740;      4869;64383;399;765690;74944;104;683;0.17708;423221;0;0;sBELA*;? Unchecked;v1.6.0-140-g9a10cc1
roadmap;dimacs;14/90;90;    188811;    247049;87203;423;1069556;130708;93;683;0.302103;432660;0;0;sBELA*;? Unchecked;v1.6.0-140-g9a10cc1
roadmap;dimacs;15/90;90;    277191;    268154;57540;218;631111;47702;101;683;0.111742;426894;0;0;sBELA*;? Unchecked;v1.6.0-140-g9a10cc1
roadmap;dimacs;16/90;90;     42193;    274432;67057;444;877314;175264;195;683;0.387864;451870;0;0;sBELA*;? Unchecked;v1.6.0-140-g9a10cc1
roadmap;dimacs;17/90;90;    285743;    146714;122395;538;1537785;169287;89;683;0.373682;453025;0;0;sBELA*;? Unchecked;v1.6.0-140-g9a10cc1
roadmap;dimacs;18/90;90;    195854;     77647;163155;788;1936496;313359;125;683;0.636233;492522;0;0;sBELA*;? Unchecked;v1.6.0-140-g9a10cc1
roadmap;dimacs;19/90;90;    129037;    163761;132448;611;1503684;192884;69;683;0.419112;460221;0;0;sBELA*;? Unchecked;v1.6.0-140-g9a10cc1
roadmap;dimacs;20/90;90;     85176;      1954;155298;766;1794246;199275;80;575;0.45305;439852;0;0;sBELA*;? Unchecked;v1.6.0-140-g9a10cc1
roadmap;dimacs;21/90;90;    318603;    138230;71528;276;781719;37759;103;623;0.110097;342960;0;0;sBELA*;? Unchecked;v1.6.0-140-g9a10cc1
roadmap;dimacs;22/90;90;    103461;      5065;52932;285;606686;59451;118;623;0.145504;408587;0;0;sBELA*;? Unchecked;v1.6.0-140-g9a10cc1
roadmap;dimacs;23/90;90;    299962;    134129;91209;409;1151208;158832;86;629;0.3559;446283;0;0;sBELA*;? Unchecked;v1.6.0-140-g9a10cc1
roadmap;dimacs;24/90;90;    124461;     94197;111561;556;1415150;184203;85;629;0.404907;454927;0;0;sBELA*;? Unchecked;v1.6.0-140-g9a10cc1
roadmap;dimacs;25/90;90;    135528;    100606;89424;406;1174913;113457;257;629;0.284052;399423;0;0;sBELA*;? Unchecked;v1.6.0-140-g9a10cc1
roadmap;dimacs;26/90;90;    100494;     30092;121070;672;1388092;191545;87;629;0.434837;440499;0;0;sBELA*;? Unchecked;v1.6.0-140-g9a10cc1
roadmap;dimacs;27/90;90;    143119;     21648;124749;669;1627905;202669;170;629;0.455167;445263;0;0;sBELA*;? Unchecked;v1.6.0-140-g9a10cc1
roadmap;dimacs;28/90;90;     56815;    308596;88413;376;1039479;210268;161;677;0.476966;440845;0;0;sBELA*;? Unchecked;v1.6.0-140-g9a10cc1
roadmap;dimacs;29/90;90;    305686;    120431;144546;664;1896800;257414;98;677;0.518594;496369;0;0;sBELA*;? Unchecked;v1.6.0-140-g9a10cc1
roadmap;dimacs;30/90;90;    240362;    295149;139954;879;1552791;220736;82;678;0.482057;457904;0;0;sBELA*;? Unchecked;v1.6.0-140-g9a10cc1
roadmap;dimacs;31/90;90;    312097;    296209;144011;534;1690163;271318;22;575;0.552281;491268;0;0;sBELA*;? Unchecked;v1.6.0-140-g9a10cc1
roadmap;dimacs;32/90;90;    282381;    258241;166189;1090;1867928;284640;85;605;0.633632;449220;0;0;sBELA*;? Unchecked;v1.6.0-140-g9a10cc1
roadmap;dimacs;33/90;90;    292606;     56169;75636;502;1003888;115834;93;671;0.254032;455982;0;0;sBELA*;? Unchecked;v1.6.0-140-g9a10cc1
roadmap;dimacs;34/90;90;    237888;    111447;186398;887;2218890;307831;89;683;0.710442;433295;0;0;sBELA*;? Unchecked;v1.6.0-140-g9a10cc1
roadmap;dimacs;35/90;90;     51839;    224098;65519;334;745055;127278;194;683;0.259065;491297;0;0;sBELA*;? Unchecked;v1.6.0-140-g9a10cc1
roadmap;dimacs;36/90;90;    128418;      4215;127051;651;1463328;144395;70;683;0.343738;420073;0;0;sBELA*;? Unchecked;v1.6.0-140-g9a10cc1
roadmap;dimacs;37/90;90;    268787;    226268;87110;586;1062345;190492;199;683;0.444773;428290;0;0;sBELA*;? Unchecked;v1.6.0-140-g9a10cc1
roadmap;dimacs;38/90;90;    309312;    168166;120675;704;1392140;178223;126;683;0.442235;403005;0;0;sBELA*;? Unchecked;v1.6.0-140-g9a10cc1
roadmap;dimacs;39/90;90;    280948;    241995;84458;714;1127782;199011;90;683;0.460881;431805;0;0;sBELA*;? Unchecked;v1.6.0-140-g9a10cc1
roadmap;dimacs;40/90;90;    254985;    109385;162851;754;2002414;295723;97;683;0.602992;490426;0;0;sBELA*;? Unchecked;v1.6.0-140-g9a10cc1
roadmap;dimacs;41/90;90;    196484;    113193;168188;883;1913422;308982;57;683;0.624738;494579;0;0;sBELA*;? Unchecked;v1.6.0-140-g9a10cc1
roadmap;dimacs;42/90;90;     29905;    299818;94072;705;1165176;214139;392;683;0.547798;390909;0;0;sBELA*;? Unchecked;v1.6.0-140-g9a10cc1
roadmap;dimacs;43/90;90;    316036;    224755;182461;998;2208268;319347;171;683;0.726998;439268;0;0;sBELA*;? Unchecked;v1.6.0-140-g9a10cc1
roadmap;dimacs;44/90;90;      2345;    195155;64371;633;820315;159975;75;683;0.332078;481739;0;0;sBELA*;? Unchecked;v1.6.0-140-g9a10cc1
roadmap;dimacs;45/90;90;    231635;    158604;167890;797;2014110;287448;114;683;0.638994;449845;0;0;sBELA*;? Unchecked;v1.6.0-140-g9a10cc1
roadmap;dimacs;46/90;90;      8380;    114652;139754;751;1635211;304364;77;683;0.618707;491935;0;0;sBELA*;? Unchecked;v1.6.0-140-g9a10cc1
roadmap;dimacs;47/90;90;    144351;    294832;100303;439;1380450;170832;110;683;0.368095;464097;0;0;sBELA*;? Unchecked;v1.6.0-140-g9a10cc1
roadmap;dimacs;48/90;90;    242792;     61567;68194;445;909481;150054;74;683;0.30105;498435;0;0;sBELA*;? Unchecked;v1.6.0-140-g9a10cc1
roadmap;dimacs;49/90;90;    136080;    278064;55840;307;639158;66630;210;683;0.157848;422116;0;0;sBELA*;? Unchecked;v1.6.0-140-g9a10cc1
roadmap;dimacs;50/90;90;    288270;    204684;120157;616;1331359;150518;195;683;0.350121;429902;0;0;sBELA*;? Unchecked;v1.6.0-140-g9a10cc1
roadmap;dimacs;51/90;90;    178991;    301411;142293;593;1624882;299239;23;683;0.598018;500384;0;0;sBELA*;? Unchecked;v1.6.0-140-g9a10cc1
roadmap;dimacs;52/90;90;    138893;    192766;156665;828;2055986;307553;106;683;0.661055;465246;0;0;sBELA*;? Unchecked;v1.6.0-140-g9a10cc1
roadmap;dimacs;53/90;90;     47239;     80468;124531;594;1447909;273313;66;683;0.553738;493578;0;0;sBELA*;? Unchecked;v1.6.0-140-g9a10cc1
roadmap;dimacs;54/90;90;    151087;    228575;164428;710;1973687;268618;30;683;0.526189;510497;0;0;sBELA*;? Unchecked;v1.6.0-140-g9a10cc1
roadmap;dimacs;55/90;90;    222755;     97707;91806;667;1004559;172490;244;683;0.384044;449141;0;0;sBELA*;? Unchecked;v1.6.0-140-g9a10cc1
roadmap;dimacs;56/90;90;     38872;    119016;131783;541;1698446;301080;95;683;0.603979;498494;0;0;sBELA*;? Unchecked;v1.6.0-140-g9a10cc1
roadmap;dimacs;57/90;90;    267788;    194528;91927;619;1239826;231345;92;683;0.534162;433099;0;0;sBELA*;? Unchecked;v1.6.0-140-g9a10cc1
roadmap;dimacs;58/90;90;     22537;    264517;68637;449;792679;166658;537;683;0.356396;467620;0;0;sBELA*;? Unchecked;v1.6.0-140-g9a10cc1
roadmap;dimacs;59/90;90;     95259;    242330;79460;692;938848;153177;97;683;0.33586;456074;0;0;sBELA*;? Unchecked;v1.6.0-140-g9a10cc1
roadmap;dimacs;60/90;90;    268622;    236338;99348;662;1121780;214528;180;683;0.482518;444601;0;0;sBELA*;? Unchecked;v1.6.0-140-g9a10cc1
roadmap;dimacs;61/90;90;    192347;    277821;109003;571;1370680;216988;109;683;0.4755;456336;0;0;sBELA*;? Unchecked;v1.6.0-140-g9a10cc1
roadmap;dimacs;62/90;90;    137823;    298415;115087;500;1488383;148294;62;683;0.33162;447181;0;0;sBELA*;? Unchecked;v1.6.0-140-g9a10cc1
roadmap;dimacs;63/90;90;    282571;    194161;100280;497;1119709;160030;93;683;0.360594;443796;0;0;sBELA*;? Unchecked;v1.6.0-140-g9a10cc1
roadmap;dimacs;64/90;90;     44959;    312326;119943;452;1381212;272152;138;683;0.563597;482884;0;0;sBELA*;? Unchecked;v1.6.0-140-g9a10cc1
roadmap;dimacs;65/90;90;    312156;    191513;106069;667;1410981;200054;74;683;0.444987;449573;0;0;sBELA*;? Unchecked;v1.6.0-140-g9a10cc1
roadmap;dimacs;66/90;90;    182639;    108846;104542;435;1119258;136085;132;683;0.320116;425112;0;0;sBELA*;? Unchecked;v1.6.0-140-g9a10cc1
roadmap;dimacs;67/90;90;     85822;     72825;93075;454;1221816;133928;18;683;0.311658;429727;0;0;sBELA*;? Unchecked;v1.6.0-140-g9a10cc1
roadmap;dimacs;68/90;90;    271676;    266077;109663;818;1491062;305354;222;683;0.636624;479646;0;0;sBELA*;? Unchecked;v1.6.0-140-g9a10cc1
roadmap;dimacs;69/90;90;    295012;     75092;89157;438;1103639;128348;19;683;0.272352;471257;0;0;sBELA*;? Unchecked;v1.6.0-140-g9a10cc1
roadmap;dimacs;70/90;90;    220093;    158529;152619;605;1846725;286487;83;683;0.574559;498620;0;0;sBELA*;? Unchecked;v1.6.0-140-g9a10cc1
roadmap;dimacs;71/90;90;    235314;    107150;171874;671;2082459;301847;88;683;0.698569;432093;0;0;sBELA*;? Unchecked;v1.6.0-140-g9a10cc1
roadmap;dimacs;72/90;90;     31159;    106749;158335;700;1931747;317843;85;683;0.633873;501430;0;0;sBELA*;? Unchecked;v1.6.0-140-g9a10cc1
roadmap;dimacs;73/90;90;    200665;    278503;107731;665;1290586;204842;56;683;0.497168;412018;0;0;sBELA*;? Unchecked;v1.6.0-140-g9a10cc1
roadmap;dimacs;74/90;90;     16528;    237773;51638;339;572758;107695;453;683;0.235894;456539;0;0;sBELA*;? Unchecked;v1.6.0-140-g9a10cc1
roadmap;dimacs;75/90;90;     15261;    213734;56667;393;605074;110877;772;683;0.270077;410538;0;0;sBELA*;? Unchecked;v1.6.0-140-g9a10cc1
roadmap;dimacs;76/90;90;     67401;    117147;138977;628;1821155;316691;105;683;0.628643;503770;0;0;sBELA*;? Unchecked;v1.6.0-140-g9a10cc1
roadmap;dimacs;77/90;90;    133413;     35340;118456;648;1547570;207782;165;683;0.444935;466994;0;0;sBELA*;? Unchecked;v1.6.0-140-g9a10cc1
roadmap;dimacs;78/90;90;    156152;    299995;106716;440;1241421;110993;89;683;0.261405;424601;0;0;sBELA*;? Unchecked;v1.6.0-140-g9a10cc1
roadmap;dimacs;79/90;90;     44951;    112793;141020;673;1573735;303025;88;683;0.610211;496590;0;0;sBELA*;? Unchecked;v1.6.0-140-g9a10cc1
roadmap;dimacs;80/90;90;     45387;    222153;89163;681;934290;175064;210;683;0.396308;441738;0;0;sBELA*;? Unchecked;v1.6.0-140-g9a10cc1
roadmap;dimacs;81/90;90;    294492;     77363;96211;539;1393188;168775;19;683;0.361304;467127;0;0;sBELA*;? Unchecked;v1.6.0-140-g9a10cc1
roadmap;dimacs;82/90;90;    201632;    267199;69041;510;1161669;201772;154;683;0.45717;441350;0;0;sBELA*;? Unchecked;v1.6.0-140-g9a10cc1
roadmap;dimacs;83/90;90;    247547;    146039;154718;702;1888281;251336;355;683;0.564081;445567;0;0;sBELA*;? Unchecked;v1.6.0-140-g9a10cc1
roadmap;dimacs;84/90;90;    281131;    197100;70622;492;832376;136747;27;683;0.268573;509161;0;0;sBELA*;? Unchecked;v1.6.0-140-g9a10cc1
roadmap;dimacs;85/90;90;    282616;     88896;79645;314;977956;50794;310;683;0.130551;389075;0;0;sBELA*;? Unchecked;v1.6.0-140-g9a10cc1
roadmap;dimacs;86/90;90;    241049;      9112;77390;530;830594;112397;71;683;0.241568;465282;0;0;sBELA*;? Unchecked;v1.6.0-140-g9a10cc1
roadmap;dimacs;87/90;90;    320588;     74968;91233;501;1129128;145662;202;683;0.350586;415482;0;0;sBELA*;? Unchecked;v1.6.0-140-g9a10cc1
roadmap;dimacs;88/90;90;    302257;    263709;162687;1099;1988915;289498;103;683;0.610903;473885;0;0;sBELA*;? Unchecked;v1.6.0-140-g9a10cc1
roadmap;dimacs;89/90;90;     88219;    210819;105394;726;1162601;187325;121;683;0.444274;421642;0;0;sBELA*;? Unchecked;v1.6.0-140-g9a10cc1
roadmap;dimacs;90/90;90;    311608;      2393;58039;207;686993;26683;202;683;0.0790234;337659;0;0;sBELA*;? Unchecked;v1.6.0-140-g9a10cc1
roadmap;dimacs;91/90;90;    217545;    103931;132983;603;1628583;215832;94;683;0.481881;447895;0;0;sBELA*;? Unchecked;v1.6.0-140-g9a10cc1
roadmap;dimacs;92/90;90;    233951;    281302;155528;958;1718649;246744;138;683;0.533248;462719;0;0;sBELA*;? Unchecked;v1.6.0-140-g9a10cc1
roadmap;dimacs;93/90;90;     74361;    263726;75166;497;1000273;198313;714;683;0.45383;436976;0;0;sBELA*;? Unchecked;v1.6.0-140-g9a10cc1
roadmap;dimacs;94/90;90;    213766;    129485;145637;705;1812378;266453;203;683;0.564901;471681;0;0;sBELA*;? Unchecked;v1.6.0-140-g9a10cc1
roadmap;dimacs;95/90;90;    235147;     72685;63737;370;723809;107031;174;683;0.229483;466401;0;0;sBELA*;? Unchecked;v1.6.0-140-g9a10cc1
roadmap;dimacs;96/90;90;    217285;     19115;87348;497;964553;87884;92;683;0.218786;401690;0;0;sBELA*;? Unchecked;v1.6.0-140-g9a10cc1
roadmap;dimacs;97/90;90;    209011;    302603;79328;520;910968;163329;171;683;0.350658;465778;0;0;sBELA*;? Unchecked;v1.6.0-140-g9a10cc1
roadmap;dimacs;98/90;90;     63225;    173852;55144;204;710399;92319;284;683;0.212892;433643;0;0;sBELA*;? Unchecked;v1.6.0-140-g9a10cc1
roadmap;dimacs;99/90;90;    230929;    198254;58847;510;633863;100364;139;683;0.24007;418061;0;0;sBELA*;? Unchecked;v1.6.0-140-g9a10cc1
roadmap;dimacs;0/100;100;     81762;    146103;117974;530;1542525;126766;109;574;0.302002;419753;0;0;sBELA*;? Unchecked;v1.6.0-140-g9a10cc1
roadmap;dimacs;1/100;100;    106405;    250956;160227;741;2105483;292539;121;583;0.680323;430000;0;0;sBELA*;? Unchecked;v1.6.0-140-g9a10cc1
roadmap;dimacs;2/100;100;    273968;    266396;136537;851;1720498;313626;240;492;0.692193;453090;0;0;sBELA*;? Unchecked;v1.6.0-140-g9a10cc1
roadmap;dimacs;3/100;100;    131084;    299861;97942;372;1151872;112595;120;590;0.285729;394063;0;0;sBELA*;? Unchecked;v1.6.0-140-g9a10cc1
roadmap;dimacs;4/100;100;    321017;    269381;64989;248;698747;64945;137;492;0.151518;428630;0;0;sBELA*;? Unchecked;v1.6.0-140-g9a10cc1
roadmap;dimacs;5/100;100;     81268;    114155;135512;567;1754696;165166;58;594;0.391655;421713;0;0;sBELA*;? Unchecked;v1.6.0-140-g9a10cc1
roadmap;dimacs;6/100;100;    273110;    256843;111274;659;1295347;252158;217;492;0.550454;458091;0;0;sBELA*;? Unchecked;v1.6.0-140-g9a10cc1
roadmap;dimacs;7/100;100;    289000;    313165;101758;505;1676344;220502;147;490;0.487404;452401;0;0;sBELA*;? Unchecked;v1.6.0-140-g9a10cc1
roadmap;dimacs;8/100;100;    206841;    130270;147984;833;1872684;283791;67;490;0.626705;452830;0;0;sBELA*;? Unchecked;v1.6.0-140-g9a10cc1
roadmap;dimacs;9/100;100;    117373;     92727;174375;820;1976178;162275;86;591;0.406431;399268;0;0;sBELA*;? Unchecked;v1.6.0-140-g9a10cc1
roadmap;dimacs;10/100;100;    192763;    114126;195544;1057;2428222;317501;86;490;0.764905;415085;0;0;sBELA*;? Unchecked;v1.6.0-140-g9a10cc1
roadmap;dimacs;11/100;100;    253773;     62962;68507;414;945857;166851;290;490;0.376551;443103;0;0;sBELA*;? Unchecked;v1.6.0-140-g9a10cc1
roadmap;dimacs;12/100;100;     69635;    112392;100622;421;1212549;255562;95;490;0.550689;464077;0;0;sBELA*;? Unchecked;v1.6.0-140-g9a10cc1
roadmap;dimacs;13/100;100;    279740;      4869;64383;394;765696;74944;115;490;0.213672;350744;0;0;sBELA*;? Unchecked;v1.6.0-140-g9a10cc1
roadmap;dimacs;14/100;100;    188811;    247049;87203;424;1069569;130714;108;490;0.331854;393890;0;0;sBELA*;? Unchecked;v1.6.0-140-g9a10cc1
roadmap;dimacs;15/100;100;    277191;    268154;57540;216;631144;47705;119;490;0.131466;362869;0;0;sBELA*;? Unchecked;v1.6.0-140-g9a10cc1
roadmap;dimacs;16/100;100;     42193;    274432;67057;445;877325;175266;211;490;0.41527;422053;0;0;sBELA*;? Unchecked;v1.6.0-140-g9a10cc1
roadmap;dimacs;17/100;100;    285743;    146714;122395;539;1537792;169287;103;592;0.390113;433943;0;0;sBELA*;? Unchecked;v1.6.0-140-g9a10cc1
roadmap;dimacs;18/100;100;    195854;     77647;163155;786;1936504;313360;140;490;0.669589;467989;0;0;sBELA*;? Unchecked;v1.6.0-140-g9a10cc1
roadmap;dimacs;19/100;100;    129037;    163761;132448;610;1503689;192888;76;589;0.436277;442123;0;0;sBELA*;? Unchecked;v1.6.0-140-g9a10cc1
roadmap;dimacs;20/100;100;     85176;      1954;155298;770;1794249;199277;87;596;0.460533;432709;0;0;sBELA*;? Unchecked;v1.6.0-140-g9a10cc1
roadmap;dimacs;21/100;100;    318603;    138230;71528;278;781726;37759;108;490;0.102885;367001;0;0;sBELA*;? Unchecked;v1.6.0-140-g9a10cc1
roadmap;dimacs;22/100;100;    103461;      5065;52932;285;606693;59452;133;490;0.158087;376071;0;0;sBELA*;? Unchecked;v1.6.0-140-g9a10cc1
roadmap;dimacs;23/100;100;    299962;    134129;91209;417;1151212;158832;95;490;0.372302;426621;0;0;sBELA*;? Unchecked;v1.6.0-140-g9a10cc1
roadmap;dimacs;24/100;100;    124461;     94197;111561;555;1415154;184207;91;595;0.419554;439055;0;0;sBELA*;? Unchecked;v1.6.0-140-g9a10cc1
roadmap;dimacs;25/100;100;    135528;    100606;89424;368;1174921;113458;268;595;0.284398;398941;0;0;sBELA*;? Unchecked;v1.6.0-140-g9a10cc1
roadmap;dimacs;26/100;100;    100494;     30092;121070;674;1388097;191545;95;490;0.442539;432832;0;0;sBELA*;? Unchecked;v1.6.0-140-g9a10cc1
roadmap;dimacs;27/100;100;    143119;     21648;124749;668;1627910;202674;182;595;0.47292;428558;0;0;sBELA*;? Unchecked;v1.6.0-140-g9a10cc1
roadmap;dimacs;28/100;100;     56815;    308596;88413;367;1039503;210278;181;490;0.50662;415061;0;0;sBELA*;? Unchecked;v1.6.0-140-g9a10cc1
roadmap;dimacs;29/100;100;    305686;    120431;144546;662;1896806;257414;112;602;0.551102;467089;0;0;sBELA*;? Unchecked;v1.6.0-140-g9a10cc1
roadmap;dimacs;30/100;100;    240362;    295149;139954;886;1552793;220736;87;490;0.485254;454887;0;0;sBELA*;? Unchecked;v1.6.0-140-g9a10cc1
roadmap;dimacs;31/100;100;    312097;    296209;144011;534;1690164;271319;26;603;0.563289;481669;0;0;sBELA*;? Unchecked;v1.6.0-140-g9a10cc1
roadmap;dimacs;32/100;100;    282381;    258241;166189;1094;1867930;284640;93;604;0.623106;456809;0;0;sBELA*;? Unchecked;v1.6.0-140-g9a10cc1
roadmap;dimacs;33/100;100;    292606;     56169;75636;496;1003899;115835;113;490;0.254171;455736;0;0;sBELA*;? Unchecked;v1.6.0-140-g9a10cc1
roadmap;dimacs;34/100;100;    237888;    111447;186398;886;2218894;307831;95;490;0.742387;414650;0;0;sBELA*;? Unchecked;v1.6.0-140-g9a10cc1
roadmap;dimacs;35/100;100;     51839;    224098;65519;349;745071;127282;218;490;0.278819;456505;0;0;sBELA*;? Unchecked;v1.6.0-140-g9a10cc1
roadmap;dimacs;36/100;100;    128418;      4215;127051;652;1463332;144395;77;595;0.359356;401816;0;0;sBELA*;? Unchecked;v1.6.0-140-g9a10cc1
roadmap;dimacs;37/100;100;    268787;    226268;87110;589;1062358;190502;222;490;0.451054;422348;0;0;sBELA*;? Unchecked;v1.6.0-140-g9a10cc1
roadmap;dimacs;38/100;100;    309312;    168166;120675;705;1392146;178224;137;593;0.465734;382673;0;0;sBELA*;? Unchecked;v1.6.0-140-g9a10cc1
roadmap;dimacs;39/100;100;    280948;    241995;84458;714;1127783;199011;97;490;0.462763;430050;0;0;sBELA*;? Unchecked;v1.6.0-140-g9a10cc1
roadmap;dimacs;40/100;100;    254985;    109385;162851;752;2002417;295723;106;490;0.650484;454620;0;0;sBELA*;? Unchecked;v1.6.0-140-g9a10cc1
roadmap;dimacs;41/100;100;    196484;    113193;168188;886;1913425;308982;63;490;0.676219;456926;0;0;sBELA*;? Unchecked;v1.6.0-140-g9a10cc1
roadmap;dimacs;42/100;100;     29905;    299818;94072;704;1165179;214140;409;490;0.579555;369490;0;0;sBELA*;? Unchecked;v1.6.0-140-g9a10cc1
roadmap;dimacs;43/100;100;    316036;    224755;182461;1000;2208275;319347;188;604;0.749335;426174;0;0;sBELA*;? Unchecked;v1.6.0-140-g9a10cc1
roadmap;dimacs;44/100;100;      2345;    195155;64371;633;820319;159977;84;497;0.338518;472580;0;0;sBELA*;? Unchecked;v1.6.0-140-g9a10cc1
roadmap;dimacs;45/100;100;    231635;    158604;167890;796;2014116;287448;125;497;0.69009;416537;0;0;sBELA*;? Unchecked;v1.6.0-140-g9a10cc1
roadmap;dimacs;46/100;100;      8380;    114652;139754;753;1635220;304364;88;497;0.682843;445731;0;0;sBELA*;? Unchecked;v1.6.0-140-g9a10cc1
roadmap;dimacs;47/100;100;    144351;    294832;100303;440;1380468;170841;130;602;0.386914;441547;0;0;sBELA*;? Unchecked;v1.6.0-140-g9a10cc1
roadmap;dimacs;48/100;100;    242792;     61567;68194;439;909500;150058;87;497;0.311458;481792;0;0;sBELA*;? Unchecked;v1.6.0-140-g9a10cc1
roadmap;dimacs;49/100;100;    136080;    278064;55840;299;639182;66632;237;497;0.17908;372079;0;0;sBELA*;? Unchecked;v1.6.0-140-g9a10cc1
roadmap;dimacs;50/100;100;    288270;    204684;120157;584;1331364;150518;216;611;0.371948;404675;0;0;sBELA*;? Unchecked;v1.6.0-140-g9a10cc1
roadmap;dimacs;51/100;100;    178991;    301411;142293;593;1624883;299239;26;497;0.617167;484859;0;0;sBELA*;? Unchecked;v1.6.0-140-g9a10cc1
roadmap;dimacs;52/100;100;    138893;    192766;156665;830;2055989;307554;114;596;0.683005;450295;0;0;sBELA*;? Unchecked;v1.6.0-140-g9a10cc1
roadmap;dimacs;53/100;100;     47239;     80468;124531;597;1447915;273314;75;497;0.583687;468255;0;0;sBELA*;? Unchecked;v1.6.0-140-g9a10cc1
roadmap;dimacs;54/100;100;    151087;    228575;164428;709;1973690;268619;33;596;0.536875;500338;0;0;sBELA*;? Unchecked;v1.6.0-140-g9a10cc1
roadmap;dimacs;55/100;100;    222755;     97707;91806;667;1004565;172492;267;497;0.396568;434962;0;0;sBELA*;? Unchecked;v1.6.0-140-g9a10cc1
roadmap;dimacs;56/100;100;     38872;    119016;131783;542;1698453;301080;108;497;0.659038;456848;0;0;sBELA*;? Unchecked;v1.6.0-140-g9a10cc1
roadmap;dimacs;57/100;100;    267788;    194528;91927;619;1239833;231345;102;497;0.514717;449461;0;0;sBELA*;? Unchecked;v1.6.0-140-g9a10cc1
roadmap;dimacs;58/100;100;     22537;    264517;68637;471;792684;166661;549;497;0.380313;438221;0;0;sBELA*;? Unchecked;v1.6.0-140-g9a10cc1
roadmap;dimacs;59/100;100;     95259;    242330;79460;692;938851;153177;103;497;0.366542;417897;0;0;sBELA*;? Unchecked;v1.6.0-140-g9a10cc1
roadmap;dimacs;60/100;100;    268622;    236338;99348;665;1121786;214533;197;497;0.499126;429817;0;0;sBELA*;? Unchecked;v1.6.0-140-g9a10cc1
roadmap;dimacs;61/100;100;    192347;    277821;109003;571;1370687;216988;120;497;0.490954;441973;0;0;sBELA*;? Unchecked;v1.6.0-140-g9a10cc1
roadmap;dimacs;62/100;100;    137823;    298415;115087;500;1488388;148296;69;596;0.348855;425094;0;0;sBELA*;? Unchecked;v1.6.0-140-g9a10cc1
roadmap;dimacs;63/100;100;    282571;    194161;100280;496;1119713;160030;103;497;0.369887;432646;0;0;sBELA*;? Unchecked;v1.6.0-140-g9a10cc1
roadmap;dimacs;64/100;100;     44959;    312326;119943;451;1381226;272153;156;497;0.601873;452177;0;0;sBELA*;? Unchecked;v1.6.0-140-g9a10cc1
roadmap;dimacs;65/100;100;    312156;    191513;106069;665;1410983;200054;78;595;0.46478;430427;0;0;sBELA*;? Unchecked;v1.6.0-140-g9a10cc1
roadmap;dimacs;66/100;100;    182639;    108846;104542;435;1119279;136095;149;611;0.328396;414424;0;0;sBELA*;? Unchecked;v1.6.0-140-g9a10cc1
roadmap;dimacs;67/100;100;     85822;     72825;93075;454;1221820;133928;22;611;0.305037;439054;0;0;sBELA*;? Unchecked;v1.6.0-140-g9a10cc1
roadmap;dimacs;68/100;100;    271676;    266077;109663;808;1491073;305354;244;497;0.667919;457172;0;0;sBELA*;? Unchecked;v1.6.0-140-g9a10cc1
roadmap;dimacs;69/100;100;    295012;     75092;89157;438;1103644;128350;22;497;0.30285;423808;0;0;sBELA*;? Unchecked;v1.6.0-140-g9a10cc1
roadmap;dimacs;70/100;100;    220093;    158529;152619;607;1846730;286487;93;497;0.626008;457641;0;0;sBELA*;? Unchecked;v1.6.0-140-g9a10cc1
roadmap;dimacs;71/100;100;    235314;    107150;171874;666;2082468;301847;98;497;0.748744;403138;0;0;sBELA*;? Unchecked;v1.6.0-140-g9a10cc1
roadmap;dimacs;72/100;100;     31159;    106749;158335;698;1931751;317843;92;497;0.707534;449227;0;0;sBELA*;? Unchecked;v1.6.0-140-g9a10cc1
roadmap;dimacs;73/100;100;    200665;    278503;107731;660;1290588;204843;60;497;0.476508;429883;0;0;sBELA*;? Unchecked;v1.6.0-140-g9a10cc1
roadmap;dimacs;74/100;100;     16528;    237773;51638;339;572764;107698;469;497;0.254302;423504;0;0;sBELA*;? Unchecked;v1.6.0-140-g9a10cc1
roadmap;dimacs;75/100;100;     15261;    213734;56667;397;605106;110889;839;497;0.293294;378082;0;0;sBELA*;? Unchecked;v1.6.0-140-g9a10cc1
roadmap;dimacs;76/100;100;     67401;    117147;138977;627;1821162;316691;111;497;0.671536;471592;0;0;sBELA*;? Unchecked;v1.6.0-140-g9a10cc1
roadmap;dimacs;77/100;100;    133413;     35340;118456;646;1547575;207785;181;596;0.473837;438516;0;0;sBELA*;? Unchecked;v1.6.0-140-g9a10cc1
roadmap;dimacs;78/100;100;    156152;    299995;106716;449;1241427;110994;98;596;0.274897;403765;0;0;sBELA*;? Unchecked;v1.6.0-140-g9a10cc1
roadmap;dimacs;79/100;100;     44951;    112793;141020;673;1573738;303025;95;497;0.6405;473107;0;0;sBELA*;? Unchecked;v1.6.0-140-g9a10cc1
roadmap;dimacs;80/100;100;     45387;    222153;89163;677;934301;175070;227;497;0.419935;416898;0;0;sBELA*;? Unchecked;v1.6.0-140-g9a10cc1
roadmap;dimacs;81/100;100;    294492;     77363;96211;539;1393193;168775;22;611;0.380143;443978;0;0;sBELA*;? Unchecked;v1.6.0-140-g9a10cc1
roadmap;dimacs;82/100;100;    201632;    267199;69041;513;1161671;201772;163;497;0.465343;433599;0;0;sBELA*;? Unchecked;v1.6.0-140-g9a10cc1
roadmap;dimacs;83/100;100;    247547;    146039;154718;703;1888300;251343;417;497;0.614821;408807;0;0;sBELA*;? Unchecked;v1.6.0-140-g9a10cc1
roadmap;dimacs;84/100;100;    281131;    197100;70622;491;832380;136749;32;497;0.285635;478754;0;0;sBELA*;? Unchecked;v1.6.0-140-g9a10cc1
roadmap;dimacs;85/100;100;    282616;     88896;79645;359;977963;50796;321;497;0.151758;334716;0;0;sBELA*;? Unchecked;v1.6.0-140-g9a10cc1
roadmap;dimacs;86/100;100;    241049;      9112;77390;529;830600;112399;82;497;0.266022;422517;0;0;sBELA*;? Unchecked;v1.6.0-140-g9a10cc1
roadmap;dimacs;87/100;100;    320588;     74968;91233;503;1129158;145671;241;611;0.368338;395482;0;0;sBELA*;? Unchecked;v1.6.0-140-g9a10cc1
roadmap;dimacs;88/100;100;    302257;    263709;162687;1097;1988922;289498;112;611;0.617483;468836;0;0;sBELA*;? Unchecked;v1.6.0-140-g9a10cc1
roadmap;dimacs;89/100;100;     88219;    210819;105394;719;1162611;187327;134;497;0.483712;387270;0;0;sBELA*;? Unchecked;v1.6.0-140-g9a10cc1
roadmap;dimacs;90/100;100;    311608;      2393;58039;207;687012;26684;229;497;0.09953;268100;0;0;sBELA*;? Unchecked;v1.6.0-140-g9a10cc1
roadmap;dimacs;91/100;100;    217545;    103931;132983;609;1628588;215833;101;611;0.501498;430377;0;0;sBELA*;? Unchecked;v1.6.0-140-g9a10cc1
roadmap;dimacs;92/100;100;    233951;    281302;155528;960;1718656;246745;157;497;0.546273;451688;0;0;sBELA*;? Unchecked;v1.6.0-140-g9a10cc1
roadmap;dimacs;93/100;100;     74361;    263726;75166;506;1000289;198315;753;497;0.481474;411892;0;0;sBELA*;? Unchecked;v1.6.0-140-g9a10cc1
roadmap;dimacs;94/100;100;    213766;    129485;145637;705;1812382;266454;215;497;0.611006;436091;0;0;sBELA*;? Unchecked;v1.6.0-140-g9a10cc1
roadmap;dimacs;95/100;100;    235147;     72685;63737;374;723824;107033;197;497;0.251041;426356;0;0;sBELA*;? Unchecked;v1.6.0-140-g9a10cc1
roadmap;dimacs;96/100;100;    217285;     19115;87348;498;964555;87884;100;497;0.230075;381980;0;0;sBELA*;? Unchecked;v1.6.0-140-g9a10cc1
roadmap;dimacs;97/100;100;    209011;    302603;79328;517;910980;163330;202;497;0.37444;436199;0;0;sBELA*;? Unchecked;v1.6.0-140-g9a10cc1
roadmap;dimacs;98/100;100;     63225;    173852;55144;202;710419;92323;314;497;0.236219;390836;0;0;sBELA*;? Unchecked;v1.6.0-140-g9a10cc1
roadmap;dimacs;99/100;100;    230929;    198254;58847;510;633876;100367;152;497;0.256994;390542;0;0;sBELA*;? Unchecked;v1.6.0-140-g9a10cc1
roadmap;dimacs;0/200;200;     81762;    146103;117974;530;1542599;126798;243;581;0.35531;356866;0;0;sBELA*;? Unchecked;v1.6.0-140-g9a10cc1
roadmap;dimacs;1/200;200;    106405;    250956;160227;742;2105506;292549;191;596;0.716221;408462;0;0;sBELA*;? Unchecked;v1.6.0-140-g9a10cc1
roadmap;dimacs;2/200;200;    273968;    266396;136537;852;1720594;313640;491;497;0.775156;404616;0;0;sBELA*;? Unchecked;v1.6.0-140-g9a10cc1
roadmap;dimacs;3/200;200;    131084;    299861;97942;376;1151935;112596;237;604;0.319759;352128;0;0;sBELA*;? Unchecked;v1.6.0-140-g9a10cc1
roadmap;dimacs;4/200;200;    321017;    269381;64989;248;698846;64962;301;497;0.1811;358709;0;0;sBELA*;? Unchecked;v1.6.0-140-g9a10cc1
roadmap;dimacs;5/200;200;     81268;    114155;135512;572;1754747;165182;127;599;0.432801;381658;0;0;sBELA*;? Unchecked;v1.6.0-140-g9a10cc1
roadmap;dimacs;6/200;200;    273110;    256843;111274;660;1295443;252188;448;497;0.612848;411501;0;0;sBELA*;? Unchecked;v1.6.0-140-g9a10cc1
roadmap;dimacs;7/200;200;    289000;    313165;101758;503;1676409;220528;278;611;0.553219;398627;0;0;sBELA*;? Unchecked;v1.6.0-140-g9a10cc1
roadmap;dimacs;8/200;200;    206841;    130270;147984;831;1872705;283798;131;497;0.657045;431931;0;0;sBELA*;? Unchecked;v1.6.0-140-g9a10cc1
roadmap;dimacs;9/200;200;    117373;     92727;174375;812;1976206;162276;171;598;0.419212;387097;0;0;sBELA*;? Unchecked;v1.6.0-140-g9a10cc1
roadmap;dimacs;10/200;200;    192763;    114126;195544;1048;2428240;317501;156;497;0.837949;378903;0;0;sBELA*;? Unchecked;v1.6.0-140-g9a10cc1
roadmap;dimacs;11/200;200;    253773;     62962;68507;417;946013;166890;691;497;0.429545;388527;0;0;sBELA*;? Unchecked;v1.6.0-140-g9a10cc1
roadmap;dimacs;12/200;200;     69635;    112392;100622;420;1212602;255582;185;497;0.576379;443427;0;0;sBELA*;? Unchecked;v1.6.0-140-g9a10cc1
roadmap;dimacs;13/200;200;    279740;      4869;64383;396;765733;74952;208;497;0.22815;328521;0;0;sBELA*;? Unchecked;v1.6.0-140-g9a10cc1
roadmap;dimacs;14/200;200;    188811;    247049;87203;429;1069621;130731;210;611;0.361829;361306;0;0;sBELA*;? Unchecked;v1.6.0-140-g9a10cc1
roadmap;dimacs;15/200;200;    277191;    268154;57540;213;631258;47719;295;497;0.134764;354094;0;0;sBELA*;? Unchecked;v1.6.0-140-g9a10cc1
roadmap;dimacs;16/200;200;     42193;    274432;67057;443;877446;175300;404;497;0.446632;392493;0;0;sBELA*;? Unchecked;v1.6.0-140-g9a10cc1
roadmap;dimacs;17/200;200;    285743;    146714;122395;539;1537834;169299;204;599;0.424658;398672;0;0;sBELA*;? Unchecked;v1.6.0-140-g9a10cc1
roadmap;dimacs;18/200;200;    195854;     77647;163155;792;1936550;313362;290;497;0.732356;427882;0;0;sBELA*;? Unchecked;v1.6.0-140-g9a10cc1
roadmap;dimacs;19/200;200;    129037;    163761;132448;611;1503717;192898;137;596;0.46932;411016;0;0;sBELA*;? Unchecked;v1.6.0-140-g9a10cc1
roadmap;dimacs;20/200;200;     85176;      1954;155298;767;1794281;199282;153;603;0.514297;387484;0;0;sBELA*;? Unchecked;v1.6.0-140-g9a10cc1
roadmap;dimacs;21/200;200;    318603;    138230;71528;282;781826;37786;223;497;0.134239;281484;0;0;sBELA*;? Unchecked;v1.6.0-140-g9a10cc1
roadmap;dimacs;22/200;200;    103461;      5065;52932;288;606776;59475;309;497;0.183228;324595;0;0;sBELA*;? Unchecked;v1.6.0-140-g9a10cc1
roadmap;dimacs;23/200;200;    299962;    134129;91209;408;1151255;158847;181;611;0.403248;393919;0;0;sBELA*;? Unchecked;v1.6.0-140-g9a10cc1
roadmap;dimacs;24/200;200;    124461;     94197;111561;557;1415182;184226;173;611;0.439623;419054;0;0;sBELA*;? Unchecked;v1.6.0-140-g9a10cc1
roadmap;dimacs;25/200;200;    135528;    100606;89424;374;1175019;113477;456;611;0.322256;352133;0;0;sBELA*;? Unchecked;v1.6.0-140-g9a10cc1
roadmap;dimacs;26/200;200;    100494;     30092;121070;674;1388159;191557;175;611;0.484563;395319;0;0;sBELA*;? Unchecked;v1.6.0-140-g9a10cc1
roadmap;dimacs;27/200;200;    143119;     21648;124749;665;1627971;202688;357;611;0.501331;404299;0;0;sBELA*;? Unchecked;v1.6.0-140-g9a10cc1
roadmap;dimacs;28/200;200;     56815;    308596;88413;374;1039652;210351;395;497;0.515397;408134;0;0;sBELA*;? Unchecked;v1.6.0-140-g9a10cc1
roadmap;dimacs;29/200;200;    305686;    120431;144546;661;1896846;257424;242;609;0.590358;436047;0;0;sBELA*;? Unchecked;v1.6.0-140-g9a10cc1
roadmap;dimacs;30/200;200;    240362;    295149;139954;884;1552818;220740;138;497;0.537411;410747;0;0;sBELA*;? Unchecked;v1.6.0-140-g9a10cc1
roadmap;dimacs;31/200;200;    312097;    296209;144011;537;1690179;271319;45;609;0.579759;467986;0;0;sBELA*;? Unchecked;v1.6.0-140-g9a10cc1
roadmap;dimacs;32/200;200;    282381;    258241;166189;1091;1867973;284648;171;611;0.685928;414982;0;0;sBELA*;? Unchecked;v1.6.0-140-g9a10cc1
roadmap;dimacs;33/200;200;    292606;     56169;75636;502;1003937;115842;203;497;0.286653;404119;0;0;sBELA*;? Unchecked;v1.6.0-140-g9a10cc1
roadmap;dimacs;34/200;200;    237888;    111447;186398;890;2218927;307833;194;497;0.80388;382934;0;0;sBELA*;? Unchecked;v1.6.0-140-g9a10cc1
roadmap;dimacs;35/200;200;     51839;    224098;65519;350;745182;127303;426;497;0.30555;416636;0;0;sBELA*;? Unchecked;v1.6.0-140-g9a10cc1
roadmap;dimacs;36/200;200;    128418;      4215;127051;655;1463353;144401;135;596;0.399375;361567;0;0;sBELA*;? Unchecked;v1.6.0-140-g9a10cc1
roadmap;dimacs;37/200;200;    268787;    226268;87110;588;1062447;190538;457;497;0.513161;371302;0;0;sBELA*;? Unchecked;v1.6.0-140-g9a10cc1
roadmap;dimacs;38/200;200;    309312;    168166;120675;708;1392208;178253;286;600;0.542481;328588;0;0;sBELA*;? Unchecked;v1.6.0-140-g9a10cc1
roadmap;dimacs;39/200;200;    280948;    241995;84458;716;1127811;199022;183;497;0.529934;375560;0;0;sBELA*;? Unchecked;v1.6.0-140-g9a10cc1
roadmap;dimacs;40/200;200;    254985;    109385;162851;753;2002440;295725;170;497;0.702703;420839;0;0;sBELA*;? Unchecked;v1.6.0-140-g9a10cc1
roadmap;dimacs;41/200;200;    196484;    113193;168188;884;1913444;308984;124;497;0.737505;418958;0;0;sBELA*;? Unchecked;v1.6.0-140-g9a10cc1
roadmap;dimacs;42/200;200;     29905;    299818;94072;706;1165221;214151;655;497;0.647116;330932;0;0;sBELA*;? Unchecked;v1.6.0-140-g9a10cc1
roadmap;dimacs;43/200;200;    316036;    224755;182461;995;2208325;319347;373;611;0.832113;383778;0;0;sBELA*;? Unchecked;v1.6.0-140-g9a10cc1
roadmap;dimacs;44/200;200;      2345;    195155;64371;635;820349;159984;164;502;0.373854;427932;0;0;sBELA*;? Unchecked;v1.6.0-140-g9a10cc1
roadmap;dimacs;45/200;200;    231635;    158604;167890;795;2014161;287465;271;502;0.772043;372343;0;0;sBELA*;? Unchecked;v1.6.0-140-g9a10cc1
roadmap;dimacs;46/200;200;      8380;    114652;139754;759;1635260;304368;166;500;0.719037;423299;0;0;sBELA*;? Unchecked;v1.6.0-140-g9a10cc1
roadmap;dimacs;47/200;200;    144351;    294832;100303;439;1380545;170857;247;596;0.428658;398586;0;0;sBELA*;? Unchecked;v1.6.0-140-g9a10cc1
roadmap;dimacs;48/200;200;    242792;     61567;68194;436;909574;150074;192;497;0.353442;424607;0;0;sBELA*;? Unchecked;v1.6.0-140-g9a10cc1
roadmap;dimacs;49/200;200;    136080;    278064;55840;257;639316;66645;553;497;0.216265;308163;0;0;sBELA*;? Unchecked;v1.6.0-140-g9a10cc1
roadmap;dimacs;50/200;200;    288270;    204684;120157;611;1331413;150522;450;611;0.415922;361900;0;0;sBELA*;? Unchecked;v1.6.0-140-g9a10cc1
roadmap;dimacs;51/200;200;    178991;    301411;142293;591;1624902;299239;47;497;0.641007;466827;0;0;sBELA*;? Unchecked;v1.6.0-140-g9a10cc1
roadmap;dimacs;52/200;200;    138893;    192766;156665;831;2056026;307558;227;596;0.7652;401931;0;0;sBELA*;? Unchecked;v1.6.0-140-g9a10cc1
roadmap;dimacs;53/200;200;     47239;     80468;124531;603;1447942;273324;142;497;0.62776;435396;0;0;sBELA*;? Unchecked;v1.6.0-140-g9a10cc1
roadmap;dimacs;54/200;200;    151087;    228575;164428;710;1973730;268628;67;596;0.56172;478224;0;0;sBELA*;? Unchecked;v1.6.0-140-g9a10cc1
roadmap;dimacs;55/200;200;    222755;     97707;91806;662;1004642;172507;664;497;0.476121;362317;0;0;sBELA*;? Unchecked;v1.6.0-140-g9a10cc1
roadmap;dimacs;56/200;200;     38872;    119016;131783;540;1698490;301083;197;497;0.686961;438283;0;0;sBELA*;? Unchecked;v1.6.0-140-g9a10cc1
roadmap;dimacs;57/200;200;    267788;    194528;91927;614;1239884;231364;213;497;0.561545;412013;0;0;sBELA*;? Unchecked;v1.6.0-140-g9a10cc1
roadmap;dimacs;58/200;200;     22537;    264517;68637;470;792737;166671;728;497;0.412085;404458;0;0;sBELA*;? Unchecked;v1.6.0-140-g9a10cc1
roadmap;dimacs;59/200;200;     95259;    242330;79460;691;938925;153193;220;497;0.419508;365173;0;0;sBELA*;? Unchecked;v1.6.0-140-g9a10cc1
roadmap;dimacs;60/200;200;    268622;    236338;99348;660;1121827;214555;358;497;0.543152;395019;0;0;sBELA*;? Unchecked;v1.6.0-140-g9a10cc1
roadmap;dimacs;61/200;200;    192347;    277821;109003;577;1370740;216995;248;497;0.532523;407484;0;0;sBELA*;? Unchecked;v1.6.0-140-g9a10cc1
roadmap;dimacs;62/200;200;    137823;    298415;115087;506;1488441;148307;136;596;0.394115;376303;0;0;sBELA*;? Unchecked;v1.6.0-140-g9a10cc1
roadmap;dimacs;63/200;200;    282571;    194161;100280;498;1119755;160032;212;497;0.393859;406318;0;0;sBELA*;? Unchecked;v1.6.0-140-g9a10cc1
roadmap;dimacs;64/200;200;     44959;    312326;119943;448;1381346;272167;357;497;0.651688;417634;0;0;sBELA*;? Unchecked;v1.6.0-140-g9a10cc1
roadmap;dimacs;65/200;200;    312156;    191513;106069;665;1411018;200069;157;602;0.512016;390748;0;0;sBELA*;? Unchecked;v1.6.0-140-g9a10cc1
roadmap;dimacs;66/200;200;    182639;    108846;104542;436;1119385;136125;264;611;0.383282;355156;0;0;sBELA*;? Unchecked;v1.6.0-140-g9a10cc1
roadmap;dimacs;67/200;200;     85822;     72825;93075;454;1221839;133933;41;611;0.324912;412213;0;0;sBELA*;? Unchecked;v1.6.0-140-g9a10cc1
roadmap;dimacs;68/200;200;    271676;    266077;109663;815;1491153;305371;465;497;0.745892;409404;0;0;sBELA*;? Unchecked;v1.6.0-140-g9a10cc1
roadmap;dimacs;69/200;200;    295012;     75092;89157;438;1103659;128352;43;611;0.321555;399160;0;0;sBELA*;? Unchecked;v1.6.0-140-g9a10cc1
roadmap;dimacs;70/200;200;    220093;    158529;152619;604;1846770;286492;165;497;0.642894;445629;0;0;sBELA*;? Unchecked;v1.6.0-140-g9a10cc1
roadmap;dimacs;71/200;200;    235314;    107150;171874;671;2082502;301849;186;497;0.799966;377328;0;0;sBELA*;? Unchecked;v1.6.0-140-g9a10cc1
roadmap;dimacs;72/200;200;     31159;    106749;158335;700;1931786;317843;163;497;0.724223;438874;0;0;sBELA*;? Unchecked;v1.6.0-140-g9a10cc1
roadmap;dimacs;73/200;200;    200665;    278503;107731;658;1290602;204843;109;502;0.521921;392479;0;0;sBELA*;? Unchecked;v1.6.0-140-g9a10cc1
roadmap;dimacs;74/200;200;     16528;    237773;51638;339;572893;107750;1051;497;0.298721;360705;0;0;sBELA*;? Unchecked;v1.6.0-140-g9a10cc1
roadmap;dimacs;75/200;200;     15261;    213734;56667;397;605368;111004;1709;497;0.3741;296722;0;0;sBELA*;? Unchecked;v1.6.0-140-g9a10cc1
roadmap;dimacs;76/200;200;     67401;    117147;138977;628;1821212;316695;210;497;0.706611;448189;0;0;sBELA*;? Unchecked;v1.6.0-140-g9a10cc1
roadmap;dimacs;77/200;200;    133413;     35340;118456;647;1547637;207804;332;596;0.521487;398484;0;0;sBELA*;? Unchecked;v1.6.0-140-g9a10cc1
roadmap;dimacs;78/200;200;    156152;    299995;106716;440;1241470;110999;180;603;0.310124;357918;0;0;sBELA*;? Unchecked;v1.6.0-140-g9a10cc1
roadmap;dimacs;79/200;200;     44951;    112793;141020;672;1573755;303028;180;502;0.690923;438584;0;0;sBELA*;? Unchecked;v1.6.0-140-g9a10cc1
roadmap;dimacs;80/200;200;     45387;    222153;89163;679;934388;175106;431;497;0.515968;339374;0;0;sBELA*;? Unchecked;v1.6.0-140-g9a10cc1
roadmap;dimacs;81/200;200;    294492;     77363;96211;539;1393207;168782;42;611;0.402999;418815;0;0;sBELA*;? Unchecked;v1.6.0-140-g9a10cc1
roadmap;dimacs;82/200;200;    201632;    267199;69041;514;1161717;201775;305;497;0.519171;388649;0;0;sBELA*;? Unchecked;v1.6.0-140-g9a10cc1
roadmap;dimacs;83/200;200;    247547;    146039;154718;701;1888382;251367;953;497;0.757385;331888;0;0;sBELA*;? Unchecked;v1.6.0-140-g9a10cc1
roadmap;dimacs;84/200;200;    281131;    197100;70622;497;832401;136757;76;497;0.305642;447442;0;0;sBELA*;? Unchecked;v1.6.0-140-g9a10cc1
roadmap;dimacs;85/200;200;    282616;     88896;79645;358;978101;50813;653;497;0.184562;275317;0;0;sBELA*;? Unchecked;v1.6.0-140-g9a10cc1
roadmap;dimacs;86/200;200;    241049;      9112;77390;528;830658;112410;171;497;0.304353;369341;0;0;sBELA*;? Unchecked;v1.6.0-140-g9a10cc1
roadmap;dimacs;87/200;200;    320588;     74968;91233;501;1129279;145693;500;611;0.434753;335117;0;0;sBELA*;? Unchecked;v1.6.0-140-g9a10cc1
roadmap;dimacs;88/200;200;    302257;    263709;162687;1100;1988969;289505;215;611;0.696236;415815;0;0;sBELA*;? Unchecked;v1.6.0-140-g9a10cc1
roadmap;dimacs;89/200;200;     88219;    210819;105394;725;1162674;187345;260;497;0.497495;376577;0;0;sBELA*;? Unchecked;v1.6.0-140-g9a10cc1
roadmap;dimacs;90/200;200;    311608;      2393;58039;204;687144;26690;474;497;0.1221;218591;0;0;sBELA*;? Unchecked;v1.6.0-140-g9a10cc1
roadmap;dimacs;91/200;200;    217545;    103931;132983;616;1628643;215835;214;611;0.547718;394063;0;0;sBELA*;? Unchecked;v1.6.0-140-g9a10cc1
roadmap;dimacs;92/200;200;    233951;    281302;155528;964;1718700;246749;305;497;0.629139;392201;0;0;sBELA*;? Unchecked;v1.6.0-140-g9a10cc1
roadmap;dimacs;93/200;200;     74361;    263726;75166;532;1000418;198340;1337;497;0.562472;352622;0;0;sBELA*;? Unchecked;v1.6.0-140-g9a10cc1
roadmap;dimacs;94/200;200;    213766;    129485;145637;694;1812426;266457;429;497;0.67345;395659;0;0;sBELA*;? Unchecked;v1.6.0-140-g9a10cc1
roadmap;dimacs;95/200;200;    235147;     72685;63737;374;723934;107053;406;497;0.292483;366015;0;0;sBELA*;? Unchecked;v1.6.0-140-g9a10cc1
roadmap;dimacs;96/200;200;    217285;     19115;87348;500;964624;87905;229;497;0.310774;282858;0;0;sBELA*;? Unchecked;v1.6.0-140-g9a10cc1
roadmap;dimacs;97/200;200;    209011;    302603;79328;519;911040;163338;375;497;0.430139;379733;0;0;sBELA*;? Unchecked;v1.6.0-140-g9a10cc1
roadmap;dimacs;98/200;200;     63225;    173852;55144;178;710588;92365;642;497;0.272183;339349;0;0;sBELA*;? Unchecked;v1.6.0-140-g9a10cc1
roadmap;dimacs;99/200;200;    230929;    198254;58847;511;633991;100381;322;497;0.309966;323845;0;0;sBELA*;? Unchecked;v1.6.0-140-g9a10cc1
roadmap;dimacs;0/300;300;     81762;    146103;117974;531;1542631;126812;363;581;0.393036;322648;0;0;sBELA*;? Unchecked;v1.6.0-140-g9a10cc1
roadmap;dimacs;1/300;300;    106405;    250956;160227;743;2105526;292555;277;596;0.763578;383137;0;0;sBELA*;? Unchecked;v1.6.0-140-g9a10cc1
roadmap;dimacs;2/300;300;    273968;    266396;136537;849;1720649;313647;747;501;0.886981;353612;0;0;sBELA*;? Unchecked;v1.6.0-140-g9a10cc1
roadmap;dimacs;3/300;300;    131084;    299861;97942;373;1151974;112603;363;608;0.35591;316380;0;0;sBELA*;? Unchecked;v1.6.0-140-g9a10cc1
roadmap;dimacs;4/300;300;    321017;    269381;64989;250;698919;64982;492;499;0.208745;311299;0;0;sBELA*;? Unchecked;v1.6.0-140-g9a10cc1
roadmap;dimacs;5/300;300;     81268;    114155;135512;568;1754780;165196;186;600;0.471958;350022;0;0;sBELA*;? Unchecked;v1.6.0-140-g9a10cc1
roadmap;dimacs;6/300;300;    273110;    256843;111274;658;1295504;252220;702;505;0.679919;370956;0;0;sBELA*;? Unchecked;v1.6.0-140-g9a10cc1
roadmap;dimacs;7/300;300;    289000;    313165;101758;505;1676465;220544;440;613;0.565643;389900;0;0;sBELA*;? Unchecked;v1.6.0-140-g9a10cc1
roadmap;dimacs;8/300;300;    206841;    130270;147984;833;1872719;283802;183;505;0.697451;406913;0;0;sBELA*;? Unchecked;v1.6.0-140-g9a10cc1
roadmap;dimacs;9/300;300;    117373;     92727;174375;813;1976223;162283;239;600;0.455554;356232;0;0;sBELA*;? Unchecked;v1.6.0-140-g9a10cc1
roadmap;dimacs;10/300;300;    192763;    114126;195544;1047;2428255;317501;223;505;0.916291;346507;0;0;sBELA*;? Unchecked;v1.6.0-140-g9a10cc1
roadmap;dimacs;11/300;300;    253773;     62962;68507;417;946106;166909;1029;499;0.520977;320377;0;0;sBELA*;? Unchecked;v1.6.0-140-g9a10cc1
roadmap;dimacs;12/300;300;     69635;    112392;100622;420;1212625;255595;247;505;0.592495;431388;0;0;sBELA*;? Unchecked;v1.6.0-140-g9a10cc1
roadmap;dimacs;13/300;300;    279740;      4869;64383;394;765760;74959;295;499;0.252754;296569;0;0;sBELA*;? Unchecked;v1.6.0-140-g9a10cc1
roadmap;dimacs;14/300;300;    188811;    247049;87203;420;1069650;130744;322;613;0.398964;327709;0;0;sBELA*;? Unchecked;v1.6.0-140-g9a10cc1
roadmap;dimacs;15/300;300;    277191;    268154;57540;220;631319;47737;434;499;0.157922;302282;0;0;sBELA*;? Unchecked;v1.6.0-140-g9a10cc1
roadmap;dimacs;16/300;300;     42193;    274432;67057;445;877521;175318;601;499;0.497461;352426;0;0;sBELA*;? Unchecked;v1.6.0-140-g9a10cc1
roadmap;dimacs;17/300;300;    285743;    146714;122395;537;1537862;169304;298;601;0.461199;367095;0;0;sBELA*;? Unchecked;v1.6.0-140-g9a10cc1
roadmap;dimacs;18/300;300;    195854;     77647;163155;781;1936577;313364;434;499;0.791942;395691;0;0;sBELA*;? Unchecked;v1.6.0-140-g9a10cc1
roadmap;dimacs;19/300;300;    129037;    163761;132448;610;1503738;192911;198;598;0.503932;382811;0;0;sBELA*;? Unchecked;v1.6.0-140-g9a10cc1
roadmap;dimacs;20/300;300;     85176;      1954;155298;764;1794299;199293;222;605;0.574612;346830;0;0;sBELA*;? Unchecked;v1.6.0-140-g9a10cc1
roadmap;dimacs;21/300;300;    318603;    138230;71528;274;781884;37802;326;499;0.14168;266812;0;0;sBELA*;? Unchecked;v1.6.0-140-g9a10cc1
roadmap;dimacs;22/300;300;    103461;      5065;52932;291;606833;59488;492;499;0.208215;285704;0;0;sBELA*;? Unchecked;v1.6.0-140-g9a10cc1
roadmap;dimacs;23/300;300;    299962;    134129;91209;408;1151282;158856;257;613;0.437672;362957;0;0;sBELA*;? Unchecked;v1.6.0-140-g9a10cc1
roadmap;dimacs;24/300;300;    124461;     94197;111561;557;1415201;184237;253;613;0.462038;398748;0;0;sBELA*;? Unchecked;v1.6.0-140-g9a10cc1
roadmap;dimacs;25/300;300;    135528;    100606;89424;375;1175074;113483;667;613;0.363844;311901;0;0;sBELA*;? Unchecked;v1.6.0-140-g9a10cc1
roadmap;dimacs;26/300;300;    100494;     30092;121070;673;1388196;191562;257;613;0.534029;358711;0;0;sBELA*;? Unchecked;v1.6.0-140-g9a10cc1
roadmap;dimacs;27/300;300;    143119;     21648;124749;669;1628018;202708;527;613;0.553257;366390;0;0;sBELA*;? Unchecked;v1.6.0-140-g9a10cc1
roadmap;dimacs;28/300;300;     56815;    308596;88413;375;1039746;210405;615;498;0.590656;356223;0;0;sBELA*;? Unchecked;v1.6.0-140-g9a10cc1
roadmap;dimacs;29/300;300;    305686;    120431;144546;666;1896870;257429;356;610;0.641023;401591;0;0;sBELA*;? Unchecked;v1.6.0-140-g9a10cc1
roadmap;dimacs;30/300;300;    240362;    295149;139954;881;1552841;220743;236;498;0.596152;370280;0;0;sBELA*;? Unchecked;v1.6.0-140-g9a10cc1
roadmap;dimacs;31/300;300;    312097;    296209;144011;536;1690191;271324;70;610;0.606513;447351;0;0;sBELA*;? Unchecked;v1.6.0-140-g9a10cc1
roadmap;dimacs;32/300;300;    282381;    258241;166189;1093;1868003;284656;244;612;0.769601;369875;0;0;sBELA*;? Unchecked;v1.6.0-140-g9a10cc1
roadmap;dimacs;33/300;300;    292606;     56169;75636;500;1003967;115850;290;498;0.322095;359677;0;0;sBELA*;? Unchecked;v1.6.0-140-g9a10cc1
roadmap;dimacs;34/300;300;    237888;    111447;186398;887;2218964;307835;310;498;0.889053;346250;0;0;sBELA*;? Unchecked;v1.6.0-140-g9a10cc1
roadmap;dimacs;35/300;300;     51839;    224098;65519;351;745242;127311;640;498;0.33728;377464;0;0;sBELA*;? Unchecked;v1.6.0-140-g9a10cc1
roadmap;dimacs;36/300;300;    128418;      4215;127051;653;1463369;144403;188;597;0.438011;329679;0;0;sBELA*;? Unchecked;v1.6.0-140-g9a10cc1
roadmap;dimacs;37/300;300;    268787;    226268;87110;587;1062500;190558;680;498;0.57905;329087;0;0;sBELA*;? Unchecked;v1.6.0-140-g9a10cc1
roadmap;dimacs;38/300;300;    309312;    168166;120675;709;1392254;178277;459;600;0.633245;281529;0;0;sBELA*;? Unchecked;v1.6.0-140-g9a10cc1
roadmap;dimacs;39/300;300;    280948;    241995;84458;716;1127831;199035;264;498;0.58539;340004;0;0;sBELA*;? Unchecked;v1.6.0-140-g9a10cc1
roadmap;dimacs;40/300;300;    254985;    109385;162851;754;2002450;295727;210;498;0.746572;396113;0;0;sBELA*;? Unchecked;v1.6.0-140-g9a10cc1
roadmap;dimacs;41/300;300;    196484;    113193;168188;886;1913456;308987;174;498;0.828777;372823;0;0;sBELA*;? Unchecked;v1.6.0-140-g9a10cc1
roadmap;dimacs;42/300;300;     29905;    299818;94072;706;1165299;214162;1112;498;0.734799;291456;0;0;sBELA*;? Unchecked;v1.6.0-140-g9a10cc1
roadmap;dimacs;43/300;300;    316036;    224755;182461;1003;2208349;319348;523;612;0.90335;353515;0;0;sBELA*;? Unchecked;v1.6.0-140-g9a10cc1
roadmap;dimacs;44/300;300;      2345;    195155;64371;640;820366;159985;235;506;0.410281;389940;0;0;sBELA*;? Unchecked;v1.6.0-140-g9a10cc1
roadmap;dimacs;45/300;300;    231635;    158604;167890;794;2014179;287472;376;506;0.830094;346312;0;0;sBELA*;? Unchecked;v1.6.0-140-g9a10cc1
roadmap;dimacs;46/300;300;      8380;    114652;139754;750;1635287;304370;245;506;0.771055;394745;0;0;sBELA*;? Unchecked;v1.6.0-140-g9a10cc1
roadmap;dimacs;47/300;300;    144351;    294832;100303;439;1380597;170876;392;605;0.463773;368448;0;0;sBELA*;? Unchecked;v1.6.0-140-g9a10cc1
roadmap;dimacs;48/300;300;    242792;     61567;68194;447;909615;150079;294;498;0.393429;381464;0;0;sBELA*;? Unchecked;v1.6.0-140-g9a10cc1
roadmap;dimacs;49/300;300;    136080;    278064;55840;276;639392;66653;877;498;0.250667;265902;0;0;sBELA*;? Unchecked;v1.6.0-140-g9a10cc1
roadmap;dimacs;50/300;300;    288270;    204684;120157;618;1331447;150528;719;612;0.455213;330676;0;0;sBELA*;? Unchecked;v1.6.0-140-g9a10cc1
roadmap;dimacs;51/300;300;    178991;    301411;142293;593;1624917;299239;81;503;0.682097;438705;0;0;sBELA*;? Unchecked;v1.6.0-140-g9a10cc1
roadmap;dimacs;52/300;300;    138893;    192766;156665;829;2056069;307562;367;597;0.818616;375710;0;0;sBELA*;? Unchecked;v1.6.0-140-g9a10cc1
roadmap;dimacs;53/300;300;     47239;     80468;124531;597;1447958;273328;198;503;0.680374;401732;0;0;sBELA*;? Unchecked;v1.6.0-140-g9a10cc1
roadmap;dimacs;54/300;300;    151087;    228575;164428;709;1973753;268632;108;597;0.58605;458378;0;0;sBELA*;? Unchecked;v1.6.0-140-g9a10cc1
roadmap;dimacs;55/300;300;    222755;     97707;91806;667;1004670;172514;934;498;0.535587;322103;0;0;sBELA*;? Unchecked;v1.6.0-140-g9a10cc1
roadmap;dimacs;56/300;300;     38872;    119016;131783;541;1698521;301088;295;503;0.717901;419401;0;0;sBELA*;? Unchecked;v1.6.0-140-g9a10cc1
roadmap;dimacs;57/300;300;    267788;    194528;91927;620;1239913;231372;306;503;0.608666;380130;0;0;sBELA*;? Unchecked;v1.6.0-140-g9a10cc1
roadmap;dimacs;58/300;300;     22537;    264517;68637;451;792785;166682;941;498;0.453707;367378;0;0;sBELA*;? Unchecked;v1.6.0-140-g9a10cc1
roadmap;dimacs;59/300;300;     95259;    242330;79460;693;938967;153203;357;498;0.489219;313158;0;0;sBELA*;? Unchecked;v1.6.0-140-g9a10cc1
roadmap;dimacs;60/300;300;    268622;    236338;99348;660;1121857;214572;511;503;0.601168;356925;0;0;sBELA*;? Unchecked;v1.6.0-140-g9a10cc1
roadmap;dimacs;61/300;300;    192347;    277821;109003;570;1370773;216997;367;503;0.582088;372791;0;0;sBELA*;? Unchecked;v1.6.0-140-g9a10cc1
roadmap;dimacs;62/300;300;    137823;    298415;115087;504;1488473;148315;201;597;0.418066;354765;0;0;sBELA*;? Unchecked;v1.6.0-140-g9a10cc1
roadmap;dimacs;63/300;300;    282571;    194161;100280;475;1119783;160037;326;498;0.436119;366957;0;0;sBELA*;? Unchecked;v1.6.0-140-g9a10cc1
roadmap;dimacs;64/300;300;     44959;    312326;119943;451;1381415;272180;532;503;0.710938;382846;0;0;sBELA*;? Unchecked;v1.6.0-140-g9a10cc1
roadmap;dimacs;65/300;300;    312156;    191513;106069;666;1411033;200076;219;603;0.525609;380655;0;0;sBELA*;? Unchecked;v1.6.0-140-g9a10cc1
roadmap;dimacs;66/300;300;    182639;    108846;104542;435;1119451;136142;378;612;0.391018;348173;0;0;sBELA*;? Unchecked;v1.6.0-140-g9a10cc1
roadmap;dimacs;67/300;300;     85822;     72825;93075;452;1221850;133935;63;612;0.34292;390572;0;0;sBELA*;? Unchecked;v1.6.0-140-g9a10cc1
roadmap;dimacs;68/300;300;    271676;    266077;109663;818;1491210;305378;722;503;0.837197;364762;0;0;sBELA*;? Unchecked;v1.6.0-140-g9a10cc1
roadmap;dimacs;69/300;300;    295012;     75092;89157;438;1103674;128355;68;611;0.339046;378577;0;0;sBELA*;? Unchecked;v1.6.0-140-g9a10cc1
roadmap;dimacs;70/300;300;    220093;    158529;152619;606;1846787;286497;234;503;0.687395;416787;0;0;sBELA*;? Unchecked;v1.6.0-140-g9a10cc1
roadmap;dimacs;71/300;300;    235314;    107150;171874;671;2082526;301849;268;503;0.8545;353246;0;0;sBELA*;? Unchecked;v1.6.0-140-g9a10cc1
roadmap;dimacs;72/300;300;     31159;    106749;158335;696;1931812;317846;233;503;0.769895;412843;0;0;sBELA*;? Unchecked;v1.6.0-140-g9a10cc1
roadmap;dimacs;73/300;300;    200665;    278503;107731;660;1290611;204844;151;503;0.564673;362766;0;0;sBELA*;? Unchecked;v1.6.0-140-g9a10cc1
roadmap;dimacs;74/300;300;     16528;    237773;51638;339;572920;107764;1243;498;0.324095;332508;0;0;sBELA*;? Unchecked;v1.6.0-140-g9a10cc1
roadmap;dimacs;75/300;300;     15261;    213734;56667;397;605519;111081;2459;498;0.448774;247521;0;0;sBELA*;? Unchecked;v1.6.0-140-g9a10cc1
roadmap;dimacs;76/300;300;     67401;    117147;138977;628;1821241;316695;311;503;0.742223;426685;0;0;sBELA*;? Unchecked;v1.6.0-140-g9a10cc1
roadmap;dimacs;77/300;300;    133413;     35340;118456;646;1547688;207824;496;603;0.56758;366158;0;0;sBELA*;? Unchecked;v1.6.0-140-g9a10cc1
roadmap;dimacs;78/300;300;    156152;    299995;106716;437;1241495;111000;251;603;0.344329;322367;0;0;sBELA*;? Unchecked;v1.6.0-140-g9a10cc1
roadmap;dimacs;79/300;300;     44951;    112793;141020;675;1573767;303030;259;503;0.745262;406608;0;0;sBELA*;? Unchecked;v1.6.0-140-g9a10cc1
roadmap;dimacs;80/300;300;     45387;    222153;89163;678;934438;175123;601;498;0.584549;299587;0;0;sBELA*;? Unchecked;v1.6.0-140-g9a10cc1
roadmap;dimacs;81/300;300;    294492;     77363;96211;538;1393221;168785;70;612;0.430028;392498;0;0;sBELA*;? Unchecked;v1.6.0-140-g9a10cc1
roadmap;dimacs;82/300;300;    201632;    267199;69041;516;1161748;201775;452;503;0.587121;343669;0;0;sBELA*;? Unchecked;v1.6.0-140-g9a10cc1
roadmap;dimacs;83/300;300;    247547;    146039;154718;701;1888428;251381;1350;503;0.887254;283325;0;0;sBELA*;? Unchecked;v1.6.0-140-g9a10cc1
roadmap;dimacs;84/300;300;    281131;    197100;70622;496;832412;136759;105;498;0.318291;429666;0;0;sBELA*;? Unchecked;v1.6.0-140-g9a10cc1
roadmap;dimacs;85/300;300;    282616;     88896;79645;345;978177;50824;976;498;0.225209;225674;0;0;sBELA*;? Unchecked;v1.6.0-140-g9a10cc1
roadmap;dimacs;86/300;300;    241049;      9112;77390;532;830677;112413;244;498;0.346492;324432;0;0;sBELA*;? Unchecked;v1.6.0-140-g9a10cc1
roadmap;dimacs;87/300;300;    320588;     74968;91233;504;1129349;145712;750;612;0.477152;305378;0;0;sBELA*;? Unchecked;v1.6.0-140-g9a10cc1
roadmap;dimacs;88/300;300;    302257;    263709;162687;1100;1989003;289511;325;612;0.786874;367925;0;0;sBELA*;? Unchecked;v1.6.0-140-g9a10cc1
roadmap;dimacs;89/300;300;     88219;    210819;105394;724;1162704;187353;368;503;0.553026;338778;0;0;sBELA*;? Unchecked;v1.6.0-140-g9a10cc1
roadmap;dimacs;90/300;300;    311608;      2393;58039;217;687247;26692;782;498;0.146046;182765;0;0;sBELA*;? Unchecked;v1.6.0-140-g9a10cc1
roadmap;dimacs;91/300;300;    217545;    103931;132983;611;1628677;215836;327;612;0.593073;363928;0;0;sBELA*;? Unchecked;v1.6.0-140-g9a10cc1
roadmap;dimacs;92/300;300;    233951;    281302;155528;953;1718720;246751;449;503;0.721219;342131;0;0;sBELA*;? Unchecked;v1.6.0-140-g9a10cc1
roadmap;dimacs;93/300;300;     74361;    263726;75166;506;1000493;198353;1874;498;0.645048;307501;0;0;sBELA*;? Unchecked;v1.6.0-140-g9a10cc1
roadmap;dimacs;94/300;300;    213766;    129485;145637;708;1812447;266464;583;503;0.729937;365050;0;0;sBELA*;? Unchecked;v1.6.0-140-g9a10cc1
roadmap;dimacs;95/300;300;    235147;     72685;63737;375;723986;107057;561;498;0.367429;291368;0;0;sBELA*;? Unchecked;v1.6.0-140-g9a10cc1
roadmap;dimacs;96/300;300;    217285;     19115;87348;498;964638;87910;302;498;0.332473;264412;0;0;sBELA*;? Unchecked;v1.6.0-140-g9a10cc1
roadmap;dimacs;97/300;300;    209011;    302603;79328;517;911072;163340;505;498;0.469341;348020;0;0;sBELA*;? Unchecked;v1.6.0-140-g9a10cc1
roadmap;dimacs;98/300;300;     63225;    173852;55144;203;710696;92395;957;498;0.306862;301096;0;0;sBELA*;? Unchecked;v1.6.0-140-g9a10cc1
roadmap;dimacs;99/300;300;    230929;    198254;58847;512;634060;100395;474;498;0.355687;282256;0;0;sBELA*;? Unchecked;v1.6.0-140-g9a10cc1
roadmap;dimacs;0/400;400;     81762;    146103;117974;527;1542657;126827;485;582;0.431898;293650;0;0;sBELA*;? Unchecked;v1.6.0-140-g9a10cc1
roadmap;dimacs;1/400;400;    106405;    250956;160227;742;2105549;292563;376;597;0.818801;357307;0;0;sBELA*;? Unchecked;v1.6.0-140-g9a10cc1
roadmap;dimacs;2/400;400;    273968;    266396;136537;849;1720696;313657;1023;506;0.964067;325348;0;0;sBELA*;? Unchecked;v1.6.0-140-g9a10cc1
roadmap;dimacs;3/400;400;    131084;    299861;97942;374;1152002;112607;481;603;0.386864;291076;0;0;sBELA*;? Unchecked;v1.6.0-140-g9a10cc1
roadmap;dimacs;4/400;400;    321017;    269381;64989;250;698968;64987;678;498;0.23465;276953;0;0;sBELA*;? Unchecked;v1.6.0-140-g9a10cc1
roadmap;dimacs;5/400;400;     81268;    114155;135512;571;1754806;165205;253;603;0.515275;320615;0;0;sBELA*;? Unchecked;v1.6.0-140-g9a10cc1
roadmap;dimacs;6/400;400;    273110;    256843;111274;663;1295542;252231;906;503;0.743799;339112;0;0;sBELA*;? Unchecked;v1.6.0-140-g9a10cc1
roadmap;dimacs;7/400;400;    289000;    313165;101758;508;1676505;220551;590;612;0.603894;365215;0;0;sBELA*;? Unchecked;v1.6.0-140-g9a10cc1
roadmap;dimacs;8/400;400;    206841;    130270;147984;836;1872730;283807;236;503;0.735303;385973;0;0;sBELA*;? Unchecked;v1.6.0-140-g9a10cc1
roadmap;dimacs;9/400;400;    117373;     92727;174375;812;1976236;162285;318;599;0.500087;324514;0;0;sBELA*;? Unchecked;v1.6.0-140-g9a10cc1
roadmap;dimacs;10/400;400;    192763;    114126;195544;1056;2428265;317501;281;503;1.01302;313421;0;0;sBELA*;? Unchecked;v1.6.0-140-g9a10cc1
roadmap;dimacs;11/400;400;    253773;     62962;68507;414;946161;166922;1430;498;0.548407;304376;0;0;sBELA*;? Unchecked;v1.6.0-140-g9a10cc1
roadmap;dimacs;12/400;400;     69635;    112392;100622;419;1212652;255602;327;503;0.615416;415332;0;0;sBELA*;? Unchecked;v1.6.0-140-g9a10cc1
roadmap;dimacs;13/400;400;    279740;      4869;64383;400;765778;74965;377;498;0.306036;244955;0;0;sBELA*;? Unchecked;v1.6.0-140-g9a10cc1
roadmap;dimacs;14/400;400;    188811;    247049;87203;424;1069669;130751;415;612;0.43323;301805;0;0;sBELA*;? Unchecked;v1.6.0-140-g9a10cc1
roadmap;dimacs;15/400;400;    277191;    268154;57540;213;631372;47747;587;498;0.17857;267386;0;0;sBELA*;? Unchecked;v1.6.0-140-g9a10cc1
roadmap;dimacs;16/400;400;     42193;    274432;67057;448;877580;175331;821;498;0.554101;316424;0;0;sBELA*;? Unchecked;v1.6.0-140-g9a10cc1
roadmap;dimacs;17/400;400;    285743;    146714;122395;539;1537879;169311;366;599;0.492651;343673;0;0;sBELA*;? Unchecked;v1.6.0-140-g9a10cc1
roadmap;dimacs;18/400;400;    195854;     77647;163155;796;1936599;313366;578;503;0.864521;362474;0;0;sBELA*;? Unchecked;v1.6.0-140-g9a10cc1
roadmap;dimacs;19/400;400;    129037;    163761;132448;612;1503752;192921;249;600;0.534866;360690;0;0;sBELA*;? Unchecked;v1.6.0-140-g9a10cc1
roadmap;dimacs;20/400;400;     85176;      1954;155298;766;1794313;199295;281;605;0.624985;318880;0;0;sBELA*;? Unchecked;v1.6.0-140-g9a10cc1
roadmap;dimacs;21/400;400;    318603;    138230;71528;281;781927;37808;422;498;0.161131;234642;0;0;sBELA*;? Unchecked;v1.6.0-140-g9a10cc1
roadmap;dimacs;22/400;400;    103461;      5065;52932;292;606880;59503;664;498;0.231214;257350;0;0;sBELA*;? Unchecked;v1.6.0-140-g9a10cc1
roadmap;dimacs;23/400;400;    299962;    134129;91209;409;1151303;158870;326;612;0.456527;347997;0;0;sBELA*;? Unchecked;v1.6.0-140-g9a10cc1
roadmap;dimacs;24/400;400;    124461;     94197;111561;556;1415213;184241;308;612;0.486659;378584;0;0;sBELA*;? Unchecked;v1.6.0-140-g9a10cc1
roadmap;dimacs;25/400;400;    135528;    100606;89424;375;1175147;113504;985;612;0.414095;274101;0;0;sBELA*;? Unchecked;v1.6.0-140-g9a10cc1
roadmap;dimacs;26/400;400;    100494;     30092;121070;673;1388225;191564;341;612;0.642302;298246;0;0;sBELA*;? Unchecked;v1.6.0-140-g9a10cc1
roadmap;dimacs;27/400;400;    143119;     21648;124749;668;1628041;202712;687;612;0.617052;328517;0;0;sBELA*;? Unchecked;v1.6.0-140-g9a10cc1
roadmap;dimacs;28/400;400;     56815;    308596;88413;377;1039821;210439;831;503;0.599664;350928;0;0;sBELA*;? Unchecked;v1.6.0-140-g9a10cc1
roadmap;dimacs;29/400;400;    305686;    120431;144546;665;1896888;257438;469;610;0.687685;374354;0;0;sBELA*;? Unchecked;v1.6.0-140-g9a10cc1
roadmap;dimacs;30/400;400;    240362;    295149;139954;884;1552853;220744;293;503;0.666192;331352;0;0;sBELA*;? Unchecked;v1.6.0-140-g9a10cc1
roadmap;dimacs;31/400;400;    312097;    296209;144011;536;1690201;271325;95;610;0.614525;441520;0;0;sBELA*;? Unchecked;v1.6.0-140-g9a10cc1
roadmap;dimacs;32/400;400;    282381;    258241;166189;1096;1868022;284661;296;612;0.839837;338948;0;0;sBELA*;? Unchecked;v1.6.0-140-g9a10cc1
roadmap;dimacs;33/400;400;    292606;     56169;75636;497;1003981;115851;371;498;0.350642;330397;0;0;sBELA*;? Unchecked;v1.6.0-140-g9a10cc1
roadmap;dimacs;34/400;400;    237888;    111447;186398;886;2218979;307837;397;503;0.937514;328355;0;0;sBELA*;? Unchecked;v1.6.0-140-g9a10cc1
roadmap;dimacs;35/400;400;     51839;    224098;65519;352;745289;127316;831;498;0.361914;351785;0;0;sBELA*;? Unchecked;v1.6.0-140-g9a10cc1
roadmap;dimacs;36/400;400;    128418;      4215;127051;652;1463379;144404;231;597;0.469053;307863;0;0;sBELA*;? Unchecked;v1.6.0-140-g9a10cc1
roadmap;dimacs;37/400;400;    268787;    226268;87110;591;1062544;190577;956;503;0.664209;286923;0;0;sBELA*;? Unchecked;v1.6.0-140-g9a10cc1
roadmap;dimacs;38/400;400;    309312;    168166;120675;706;1392274;178283;572;600;0.748884;238065;0;0;sBELA*;? Unchecked;v1.6.0-140-g9a10cc1
roadmap;dimacs;39/400;400;    280948;    241995;84458;707;1127847;199043;349;503;0.660909;301165;0;0;sBELA*;? Unchecked;v1.6.0-140-g9a10cc1
roadmap;dimacs;40/400;400;    254985;    109385;162851;751;2002463;295729;269;503;0.79783;370667;0;0;sBELA*;? Unchecked;v1.6.0-140-g9a10cc1
roadmap;dimacs;41/400;400;    196484;    113193;168188;885;1913465;308988;222;498;0.83775;368831;0;0;sBELA*;? Unchecked;v1.6.0-140-g9a10cc1
roadmap;dimacs;42/400;400;     29905;    299818;94072;709;1165333;214172;1465;503;0.829282;258262;0;0;sBELA*;? Unchecked;v1.6.0-140-g9a10cc1
roadmap;dimacs;43/400;400;    316036;    224755;182461;993;2208375;319349;689;612;0.999003;319668;0;0;sBELA*;? Unchecked;v1.6.0-140-g9a10cc1
roadmap;dimacs;44/400;400;      2345;    195155;64371;635;820380;159987;300;506;0.439265;364215;0;0;sBELA*;? Unchecked;v1.6.0-140-g9a10cc1
roadmap;dimacs;45/400;400;    231635;    158604;167890;796;2014191;287475;464;506;0.871627;329814;0;0;sBELA*;? Unchecked;v1.6.0-140-g9a10cc1
roadmap;dimacs;46/400;400;      8380;    114652;139754;751;1635301;304374;317;506;0.821677;370430;0;0;sBELA*;? Unchecked;v1.6.0-140-g9a10cc1
roadmap;dimacs;47/400;400;    144351;    294832;100303;440;1380636;170892;520;605;0.496763;344011;0;0;sBELA*;? Unchecked;v1.6.0-140-g9a10cc1
roadmap;dimacs;48/400;400;    242792;     61567;68194;444;909645;150080;379;506;0.432421;347069;0;0;sBELA*;? Unchecked;v1.6.0-140-g9a10cc1
roadmap;dimacs;49/400;400;    136080;    278064;55840;281;639437;66661;1133;506;0.287874;231563;0;0;sBELA*;? Unchecked;v1.6.0-140-g9a10cc1
roadmap;dimacs;50/400;400;    288270;    204684;120157;586;1331470;150536;973;620;0.554973;271249;0;0;sBELA*;? Unchecked;v1.6.0-140-g9a10cc1
roadmap;dimacs;51/400;400;    178991;    301411;142293;593;1624925;299240;101;506;0.697368;429099;0;0;sBELA*;? Unchecked;v1.6.0-140-g9a10cc1
roadmap;dimacs;52/400;400;    138893;    192766;156665;831;2056095;307567;470;605;0.86803;354328;0;0;sBELA*;? Unchecked;v1.6.0-140-g9a10cc1
roadmap;dimacs;53/400;400;     47239;     80468;124531;597;1447971;273331;252;506;0.693013;394410;0;0;sBELA*;? Unchecked;v1.6.0-140-g9a10cc1
roadmap;dimacs;54/400;400;    151087;    228575;164428;711;1973760;268633;128;605;0.601426;446660;0;0;sBELA*;? Unchecked;v1.6.0-140-g9a10cc1
roadmap;dimacs;55/400;400;    222755;     97707;91806;661;1004694;172515;1217;506;0.615464;280301;0;0;sBELA*;? Unchecked;v1.6.0-140-g9a10cc1
roadmap;dimacs;56/400;400;     38872;    119016;131783;541;1698537;301091;376;506;0.744037;404672;0;0;sBELA*;? Unchecked;v1.6.0-140-g9a10cc1
roadmap;dimacs;57/400;400;    267788;    194528;91927;621;1239932;231377;389;506;0.647622;357272;0;0;sBELA*;? Unchecked;v1.6.0-140-g9a10cc1
roadmap;dimacs;58/400;400;     22537;    264517;68637;471;792805;166687;1061;506;0.480408;346969;0;0;sBELA*;? Unchecked;v1.6.0-140-g9a10cc1
roadmap;dimacs;59/400;400;     95259;    242330;79460;697;938996;153213;479;506;0.556304;275412;0;0;sBELA*;? Unchecked;v1.6.0-140-g9a10cc1
roadmap;dimacs;60/400;400;    268622;    236338;99348;660;1121874;214576;623;506;0.631771;339642;0;0;sBELA*;? Unchecked;v1.6.0-140-g9a10cc1
roadmap;dimacs;61/400;400;    192347;    277821;109003;569;1370798;216998;483;506;0.617468;351432;0;0;sBELA*;? Unchecked;v1.6.0-140-g9a10cc1
roadmap;dimacs;62/400;400;    137823;    298415;115087;504;1488491;148319;260;605;0.480732;308527;0;0;sBELA*;? Unchecked;v1.6.0-140-g9a10cc1
roadmap;dimacs;63/400;400;    282571;    194161;100280;475;1119802;160040;426;506;0.462358;346138;0;0;sBELA*;? Unchecked;v1.6.0-140-g9a10cc1
roadmap;dimacs;64/400;400;     44959;    312326;119943;456;1381463;272196;711;506;0.750696;362592;0;0;sBELA*;? Unchecked;v1.6.0-140-g9a10cc1
roadmap;dimacs;65/400;400;    312156;    191513;106069;650;1411045;200080;262;612;0.555329;360291;0;0;sBELA*;? Unchecked;v1.6.0-140-g9a10cc1
roadmap;dimacs;66/400;400;    182639;    108846;104542;438;1119505;136157;497;620;0.4292;317234;0;0;sBELA*;? Unchecked;v1.6.0-140-g9a10cc1
roadmap;dimacs;67/400;400;     85822;     72825;93075;454;1221859;133938;83;620;0.374333;357804;0;0;sBELA*;? Unchecked;v1.6.0-140-g9a10cc1
roadmap;dimacs;68/400;400;    271676;    266077;109663;824;1491246;305387;946;506;0.90515;337388;0;0;sBELA*;? Unchecked;v1.6.0-140-g9a10cc1
roadmap;dimacs;69/400;400;    295012;     75092;89157;436;1103689;128359;89;620;0.357965;358579;0;0;sBELA*;? Unchecked;v1.6.0-140-g9a10cc1
roadmap;dimacs;70/400;400;    220093;    158529;152619;607;1846805;286501;306;506;0.720733;397513;0;0;sBELA*;? Unchecked;v1.6.0-140-g9a10cc1
roadmap;dimacs;71/400;400;    235314;    107150;171874;668;2082538;301851;329;506;0.905166;333476;0;0;sBELA*;? Unchecked;v1.6.0-140-g9a10cc1
roadmap;dimacs;72/400;400;     31159;    106749;158335;696;1931824;317847;284;506;0.807875;393436;0;0;sBELA*;? Unchecked;v1.6.0-140-g9a10cc1
roadmap;dimacs;73/400;400;    200665;    278503;107731;659;1290618;204844;191;506;0.60249;339996;0;0;sBELA*;? Unchecked;v1.6.0-140-g9a10cc1
roadmap;dimacs;74/400;400;     16528;    237773;51638;338;573009;107811;1986;506;0.391361;275477;0;0;sBELA*;? Unchecked;v1.6.0-140-g9a10cc1
roadmap;dimacs;75/400;400;     15261;    213734;56667;406;605604;111103;3021;506;0.562571;197492;0;0;sBELA*;? Unchecked;v1.6.0-140-g9a10cc1
roadmap;dimacs;76/400;400;     67401;    117147;138977;628;1821260;316695;403;506;0.779375;406345;0;0;sBELA*;? Unchecked;v1.6.0-140-g9a10cc1
roadmap;dimacs;77/400;400;    133413;     35340;118456;647;1547714;207834;637;611;0.616717;337001;0;0;sBELA*;? Unchecked;v1.6.0-140-g9a10cc1
roadmap;dimacs;78/400;400;    156152;    299995;106716;432;1241513;111004;317;611;0.388357;285830;0;0;sBELA*;? Unchecked;v1.6.0-140-g9a10cc1
roadmap;dimacs;79/400;400;     44951;    112793;141020;673;1573776;303032;339;506;0.805773;376076;0;0;sBELA*;? Unchecked;v1.6.0-140-g9a10cc1
roadmap;dimacs;80/400;400;     45387;    222153;89163;679;934480;175142;782;506;0.618808;283031;0;0;sBELA*;? Unchecked;v1.6.0-140-g9a10cc1
roadmap;dimacs;81/400;400;    294492;     77363;96211;537;1393238;168788;96;506;0.456063;370098;0;0;sBELA*;? Unchecked;v1.6.0-140-g9a10cc1
roadmap;dimacs;82/400;400;    201632;    267199;69041;515;1161768;201776;575;506;0.640291;315131;0;0;sBELA*;? Unchecked;v1.6.0-140-g9a10cc1
roadmap;dimacs;83/400;400;    247547;    146039;154718;701;1888468;251392;1832;506;1.02451;245378;0;0;sBELA*;? Unchecked;v1.6.0-140-g9a10cc1
roadmap;dimacs;84/400;400;    281131;    197100;70622;498;832420;136759;131;506;0.336163;406824;0;0;sBELA*;? Unchecked;v1.6.0-140-g9a10cc1
roadmap;dimacs;85/400;400;    282616;     88896;79645;325;978215;50826;1187;506;0.246792;205947;0;0;sBELA*;? Unchecked;v1.6.0-140-g9a10cc1
roadmap;dimacs;86/400;400;    241049;      9112;77390;529;830708;112419;351;506;0.400888;280425;0;0;sBELA*;? Unchecked;v1.6.0-140-g9a10cc1
roadmap;dimacs;87/400;400;    320588;     74968;91233;499;1129407;145726;1006;506;0.535181;272293;0;0;sBELA*;? Unchecked;v1.6.0-140-g9a10cc1
roadmap;dimacs;88/400;400;    302257;    263709;162687;1097;1989023;289514;441;619;0.910785;317873;0;0;sBELA*;? Unchecked;v1.6.0-140-g9a10cc1
roadmap;dimacs;89/400;400;     88219;    210819;105394;727;1162734;187360;483;506;0.626392;299110;0;0;sBELA*;? Unchecked;v1.6.0-140-g9a10cc1
roadmap;dimacs;90/400;400;    311608;      2393;58039;207;687323;26695;1082;506;0.171272;155863;0;0;sBELA*;? Unchecked;v1.6.0-140-g9a10cc1
roadmap;dimacs;91/400;400;    217545;    103931;132983;614;1628702;215838;448;620;0.649316;332409;0;0;sBELA*;? Unchecked;v1.6.0-140-g9a10cc1
roadmap;dimacs;92/400;400;    233951;    281302;155528;952;1718739;246753;579;506;0.785694;314058;0;0;sBELA*;? Unchecked;v1.6.0-140-g9a10cc1
roadmap;dimacs;93/400;400;     74361;    263726;75166;498;1000542;198359;2312;506;0.715022;277417;0;0;sBELA*;? Unchecked;v1.6.0-140-g9a10cc1
roadmap;dimacs;94/400;400;    213766;    129485;145637;707;1812464;266467;730;506;0.786066;338988;0;0;sBELA*;? Unchecked;v1.6.0-140-g9a10cc1
roadmap;dimacs;95/400;400;    235147;     72685;63737;360;724008;107061;654;506;0.359382;297903;0;0;sBELA*;? Unchecked;v1.6.0-140-g9a10cc1
roadmap;dimacs;96/400;400;    217285;     19115;87348;499;964679;87917;428;506;0.395565;222257;0;0;sBELA*;? Unchecked;v1.6.0-140-g9a10cc1
roadmap;dimacs;97/400;400;    209011;    302603;79328;521;911101;163344;671;506;0.526488;310252;0;0;sBELA*;? Unchecked;v1.6.0-140-g9a10cc1
roadmap;dimacs;98/400;400;     63225;    173852;55144;177;710764;92412;1233;506;0.346846;266435;0;0;sBELA*;? Unchecked;v1.6.0-140-g9a10cc1
roadmap;dimacs;99/400;400;    230929;    198254;58847;514;634102;100399;611;506;0.40235;249532;0;0;sBELA*;? Unchecked;v1.6.0-140-g9a10cc1
roadmap;dimacs;0/500;500;     81762;    146103;117974;529;1542678;126836;613;590;0.476111;266400;0;0;sBELA*;? Unchecked;v1.6.0-140-g9a10cc1
roadmap;dimacs;1/500;500;    106405;    250956;160227;742;2105566;292569;486;605;0.87897;332854;0;0;sBELA*;? Unchecked;v1.6.0-140-g9a10cc1
roadmap;dimacs;2/500;500;    273968;    266396;136537;854;1720728;313659;1276;510;1.10098;284891;0;0;sBELA*;? Unchecked;v1.6.0-140-g9a10cc1
roadmap;dimacs;3/500;500;    131084;    299861;97942;380;1152021;112610;585;607;0.419162;268655;0;0;sBELA*;? Unchecked;v1.6.0-140-g9a10cc1
roadmap;dimacs;4/500;500;    321017;    269381;64989;240;699005;64997;836;506;0.264404;245824;0;0;sBELA*;? Unchecked;v1.6.0-140-g9a10cc1
roadmap;dimacs;5/500;500;     81268;    114155;135512;582;1754829;165208;323;608;0.556292;296981;0;0;sBELA*;? Unchecked;v1.6.0-140-g9a10cc1
roadmap;dimacs;6/500;500;    273110;    256843;111274;668;1295575;252250;1138;506;0.830809;303620;0;0;sBELA*;? Unchecked;v1.6.0-140-g9a10cc1
roadmap;dimacs;7/500;500;    289000;    313165;101758;504;1676535;220560;740;506;0.662876;332732;0;0;sBELA*;? Unchecked;v1.6.0-140-g9a10cc1
roadmap;dimacs;8/500;500;    206841;    130270;147984;838;1872738;283809;281;506;0.793705;357575;0;0;sBELA*;? Unchecked;v1.6.0-140-g9a10cc1
roadmap;dimacs;9/500;500;    117373;     92727;174375;813;1976246;162288;385;607;0.536402;302549;0;0;sBELA*;? Unchecked;v1.6.0-140-g9a10cc1
roadmap;dimacs;10/500;500;    192763;    114126;195544;1047;2428275;317503;335;506;1.06381;298457;0;0;sBELA*;? Unchecked;v1.6.0-140-g9a10cc1
roadmap;dimacs;11/500;500;    253773;     62962;68507;417;946233;166943;1822;506;0.607164;274955;0;0;sBELA*;? Unchecked;v1.6.0-140-g9a10cc1
roadmap;dimacs;12/500;500;     69635;    112392;100622;421;1212670;255608;393;506;0.641254;398607;0;0;sBELA*;? Unchecked;v1.6.0-140-g9a10cc1
roadmap;dimacs;13/500;500;    279740;      4869;64383;394;765794;74968;458;506;0.3085;243008;0;0;sBELA*;? Unchecked;v1.6.0-140-g9a10cc1
roadmap;dimacs;14/500;500;    188811;    247049;87203;423;1069685;130758;495;620;0.462209;282898;0;0;sBELA*;? Unchecked;v1.6.0-140-g9a10cc1
roadmap;dimacs;15/500;500;    277191;    268154;57540;217;631435;47756;849;506;0.209721;227712;0;0;sBELA*;? Unchecked;v1.6.0-140-g9a10cc1
roadmap;dimacs;16/500;500;     42193;    274432;67057;445;877630;175351;1044;506;0.611981;286530;0;0;sBELA*;? Unchecked;v1.6.0-140-g9a10cc1
roadmap;dimacs;17/500;500;    285743;    146714;122395;539;1537896;169315;456;608;0.528059;320636;0;0;sBELA*;? Unchecked;v1.6.0-140-g9a10cc1
roadmap;dimacs;18/500;500;    195854;     77647;163155;792;1936616;313368;711;506;0.907383;345354;0;0;sBELA*;? Unchecked;v1.6.0-140-g9a10cc1
roadmap;dimacs;19/500;500;    129037;    163761;132448;612;1503763;192926;297;605;0.569041;339037;0;0;sBELA*;? Unchecked;v1.6.0-140-g9a10cc1
roadmap;dimacs;20/500;500;     85176;      1954;155298;771;1794326;199300;334;612;0.704553;282874;0;0;sBELA*;? Unchecked;v1.6.0-140-g9a10cc1
roadmap;dimacs;21/500;500;    318603;    138230;71528;281;781968;37826;520;506;0.184055;205515;0;0;sBELA*;? Unchecked;v1.6.0-140-g9a10cc1
roadmap;dimacs;22/500;500;    103461;      5065;52932;285;606912;59514;823;506;0.260692;228293;0;0;sBELA*;? Unchecked;v1.6.0-140-g9a10cc1
roadmap;dimacs;23/500;500;    299962;    134129;91209;405;1151319;158873;391;620;0.480918;330354;0;0;sBELA*;? Unchecked;v1.6.0-140-g9a10cc1
roadmap;dimacs;24/500;500;    124461;     94197;111561;556;1415224;184251;371;620;0.513255;358985;0;0;sBELA*;? Unchecked;v1.6.0-140-g9a10cc1
roadmap;dimacs;25/500;500;    135528;    100606;89424;377;1175179;113506;1172;620;0.458463;247580;0;0;sBELA*;? Unchecked;v1.6.0-140-g9a10cc1
roadmap;dimacs;26/500;500;    100494;     30092;121070;672;1388244;191568;408;620;0.627937;305075;0;0;sBELA*;? Unchecked;v1.6.0-140-g9a10cc1
roadmap;dimacs;27/500;500;    143119;     21648;124749;668;1628058;202717;793;620;0.650782;311497;0;0;sBELA*;? Unchecked;v1.6.0-140-g9a10cc1
roadmap;dimacs;28/500;500;     56815;    308596;88413;375;1039870;210461;1031;506;0.63941;329149;0;0;sBELA*;? Unchecked;v1.6.0-140-g9a10cc1
roadmap;dimacs;29/500;500;    305686;    120431;144546;657;1896903;257443;575;618;0.736318;349636;0;0;sBELA*;? Unchecked;v1.6.0-140-g9a10cc1
roadmap;dimacs;30/500;500;    240362;    295149;139954;881;1552870;220746;352;506;0.77432;285084;0;0;sBELA*;? Unchecked;v1.6.0-140-g9a10cc1
roadmap;dimacs;31/500;500;    312097;    296209;144011;539;1690206;271325;112;619;0.626757;432903;0;0;sBELA*;? Unchecked;v1.6.0-140-g9a10cc1
roadmap;dimacs;32/500;500;    282381;    258241;166189;1093;1868048;284665;368;620;0.906473;314036;0;0;sBELA*;? Unchecked;v1.6.0-140-g9a10cc1
roadmap;dimacs;33/500;500;    292606;     56169;75636;498;1003998;115853;451;506;0.383558;302048;0;0;sBELA*;? Unchecked;v1.6.0-140-g9a10cc1
roadmap;dimacs;34/500;500;    237888;    111447;186398;887;2218986;307837;453;506;0.9993;308053;0;0;sBELA*;? Unchecked;v1.6.0-140-g9a10cc1
roadmap;dimacs;35/500;500;     51839;    224098;65519;355;745324;127322;1042;506;0.394265;322935;0;0;sBELA*;? Unchecked;v1.6.0-140-g9a10cc1
roadmap;dimacs;36/500;500;    128418;      4215;127051;655;1463389;144406;274;605;0.504485;286244;0;0;sBELA*;? Unchecked;v1.6.0-140-g9a10cc1
roadmap;dimacs;37/500;500;    268787;    226268;87110;591;1062573;190587;1194;506;0.721897;264009;0;0;sBELA*;? Unchecked;v1.6.0-140-g9a10cc1
roadmap;dimacs;38/500;500;    309312;    168166;120675;709;1392289;178294;674;609;0.749145;237997;0;0;sBELA*;? Unchecked;v1.6.0-140-g9a10cc1
roadmap;dimacs;39/500;500;    280948;    241995;84458;717;1127859;199049;431;506;0.716406;277844;0;0;sBELA*;? Unchecked;v1.6.0-140-g9a10cc1
roadmap;dimacs;40/500;500;    254985;    109385;162851;754;2002471;295729;315;506;0.823742;359007;0;0;sBELA*;? Unchecked;v1.6.0-140-g9a10cc1
roadmap;dimacs;41/500;500;    196484;    113193;168188;887;1913472;308990;267;506;0.926761;333408;0;0;sBELA*;? Unchecked;v1.6.0-140-g9a10cc1
roadmap;dimacs;42/500;500;     29905;    299818;94072;706;1165352;214181;1694;506;0.935552;228935;0;0;sBELA*;? Unchecked;v1.6.0-140-g9a10cc1
roadmap;dimacs;43/500;500;    316036;    224755;182461;1004;2208390;319349;827;620;1.06127;300911;0;0;sBELA*;? Unchecked;v1.6.0-140-g9a10cc1
roadmap;dimacs;44/500;500;      2345;    195155;64371;632;820394;159992;370;507;0.482924;331298;0;0;sBELA*;? Unchecked;v1.6.0-140-g9a10cc1
roadmap;dimacs;45/500;500;    231635;    158604;167890;798;2014205;287479;565;507;0.918567;312965;0;0;sBELA*;? Unchecked;v1.6.0-140-g9a10cc1
roadmap;dimacs;46/500;500;      8380;    114652;139754;750;1635318;304375;374;507;0.874236;348161;0;0;sBELA*;? Unchecked;v1.6.0-140-g9a10cc1
roadmap;dimacs;47/500;500;    144351;    294832;100303;439;1380673;170903;666;605;0.547082;312390;0;0;sBELA*;? Unchecked;v1.6.0-140-g9a10cc1
roadmap;dimacs;48/500;500;    242792;     61567;68194;443;909668;150086;469;506;0.473123;317224;0;0;sBELA*;? Unchecked;v1.6.0-140-g9a10cc1
roadmap;dimacs;49/500;500;    136080;    278064;55840;272;639485;66668;1462;506;0.323305;206208;0;0;sBELA*;? Unchecked;v1.6.0-140-g9a10cc1
roadmap;dimacs;50/500;500;    288270;    204684;120157;610;1331491;150541;1239;620;0.556969;270286;0;0;sBELA*;? Unchecked;v1.6.0-140-g9a10cc1
roadmap;dimacs;51/500;500;    178991;    301411;142293;594;1624931;299240;127;506;0.724357;413111;0;0;sBELA*;? Unchecked;v1.6.0-140-g9a10cc1
roadmap;dimacs;52/500;500;    138893;    192766;156665;832;2056112;307567;567;605;0.951896;323110;0;0;sBELA*;? Unchecked;v1.6.0-140-g9a10cc1
roadmap;dimacs;53/500;500;     47239;     80468;124531;596;1447982;273334;297;506;0.718781;380275;0;0;sBELA*;? Unchecked;v1.6.0-140-g9a10cc1
roadmap;dimacs;54/500;500;    151087;    228575;164428;709;1973768;268633;156;605;0.610136;440284;0;0;sBELA*;? Unchecked;v1.6.0-140-g9a10cc1
roadmap;dimacs;55/500;500;    222755;     97707;91806;666;1004714;172517;1478;506;0.682009;252954;0;0;sBELA*;? Unchecked;v1.6.0-140-g9a10cc1
roadmap;dimacs;56/500;500;     38872;    119016;131783;540;1698551;301094;450;506;0.771644;390198;0;0;sBELA*;? Unchecked;v1.6.0-140-g9a10cc1
roadmap;dimacs;57/500;500;    267788;    194528;91927;616;1239949;231386;473;506;0.690877;334916;0;0;sBELA*;? Unchecked;v1.6.0-140-g9a10cc1
roadmap;dimacs;58/500;500;     22537;    264517;68637;471;792838;166691;1266;506;0.529135;315025;0;0;sBELA*;? Unchecked;v1.6.0-140-g9a10cc1
roadmap;dimacs;59/500;500;     95259;    242330;79460;696;939017;153217;590;506;0.614379;249385;0;0;sBELA*;? Unchecked;v1.6.0-140-g9a10cc1
roadmap;dimacs;60/500;500;    268622;    236338;99348;660;1121894;214587;760;506;0.682117;314590;0;0;sBELA*;? Unchecked;v1.6.0-140-g9a10cc1
roadmap;dimacs;61/500;500;    192347;    277821;109003;574;1370818;216999;596;506;0.65048;333599;0;0;sBELA*;? Unchecked;v1.6.0-140-g9a10cc1
roadmap;dimacs;62/500;500;    137823;    298415;115087;508;1488507;148324;317;605;0.488942;303357;0;0;sBELA*;? Unchecked;v1.6.0-140-g9a10cc1
roadmap;dimacs;63/500;500;    282571;    194161;100280;499;1119817;160042;516;506;0.494602;323577;0;0;sBELA*;? Unchecked;v1.6.0-140-g9a10cc1
roadmap;dimacs;64/500;500;     44959;    312326;119943;447;1381515;272207;939;506;0.851268;319767;0;0;sBELA*;? Unchecked;v1.6.0-140-g9a10cc1
roadmap;dimacs;65/500;500;    312156;    191513;106069;665;1411060;200088;335;612;0.594712;336445;0;0;sBELA*;? Unchecked;v1.6.0-140-g9a10cc1
roadmap;dimacs;66/500;500;    182639;    108846;104542;438;1119549;136175;623;620;0.459998;296034;0;0;sBELA*;? Unchecked;v1.6.0-140-g9a10cc1
roadmap;dimacs;67/500;500;     85822;     72825;93075;454;1221867;133939;98;620;0.382352;350303;0;0;sBELA*;? Unchecked;v1.6.0-140-g9a10cc1
roadmap;dimacs;68/500;500;    271676;    266077;109663;814;1491278;305390;1174;506;0.996969;306319;0;0;sBELA*;? Unchecked;v1.6.0-140-g9a10cc1
roadmap;dimacs;69/500;500;    295012;     75092;89157;438;1103700;128362;107;506;0.379415;338316;0;0;sBELA*;? Unchecked;v1.6.0-140-g9a10cc1
roadmap;dimacs;70/500;500;    220093;    158529;152619;605;1846816;286502;356;506;0.761673;376148;0;0;sBELA*;? Unchecked;v1.6.0-140-g9a10cc1
roadmap;dimacs;71/500;500;    235314;    107150;171874;670;2082553;301855;402;506;0.957994;315091;0;0;sBELA*;? Unchecked;v1.6.0-140-g9a10cc1
roadmap;dimacs;72/500;500;     31159;    106749;158335;699;1931840;317847;340;506;0.857453;370687;0;0;sBELA*;? Unchecked;v1.6.0-140-g9a10cc1
roadmap;dimacs;73/500;500;    200665;    278503;107731;665;1290624;204844;225;512;0.644318;317924;0;0;sBELA*;? Unchecked;v1.6.0-140-g9a10cc1
roadmap;dimacs;74/500;500;     16528;    237773;51638;341;573034;107817;2266;506;0.421349;255886;0;0;sBELA*;? Unchecked;v1.6.0-140-g9a10cc1
roadmap;dimacs;75/500;500;     15261;    213734;56667;395;605664;111131;3485;506;0.58292;190645;0;0;sBELA*;? Unchecked;v1.6.0-140-g9a10cc1
roadmap;dimacs;76/500;500;     67401;    117147;138977;627;1821275;316696;478;506;0.841601;376302;0;0;sBELA*;? Unchecked;v1.6.0-140-g9a10cc1
roadmap;dimacs;77/500;500;    133413;     35340;118456;649;1547733;207844;747;611;0.657982;315881;0;0;sBELA*;? Unchecked;v1.6.0-140-g9a10cc1
roadmap;dimacs;78/500;500;    156152;    299995;106716;445;1241527;111004;378;613;0.414605;267734;0;0;sBELA*;? Unchecked;v1.6.0-140-g9a10cc1
roadmap;dimacs;79/500;500;     44951;    112793;141020;671;1573784;303033;419;506;0.843343;359324;0;0;sBELA*;? Unchecked;v1.6.0-140-g9a10cc1
roadmap;dimacs;80/500;500;     45387;    222153;89163;675;934509;175157;971;506;0.686185;255262;0;0;sBELA*;? Unchecked;v1.6.0-140-g9a10cc1
roadmap;dimacs;81/500;500;    294492;     77363;96211;537;1393247;168789;114;620;0.477333;353608;0;0;sBELA*;? Unchecked;v1.6.0-140-g9a10cc1
roadmap;dimacs;82/500;500;    201632;    267199;69041;512;1161788;201778;704;506;0.671988;300270;0;0;sBELA*;? Unchecked;v1.6.0-140-g9a10cc1
roadmap;dimacs;83/500;500;    247547;    146039;154718;702;1888496;251406;2225;506;1.17051;214784;0;0;sBELA*;? Unchecked;v1.6.0-140-g9a10cc1
roadmap;dimacs;84/500;500;    281131;    197100;70622;496;832427;136762;156;506;0.350827;389827;0;0;sBELA*;? Unchecked;v1.6.0-140-g9a10cc1
roadmap;dimacs;85/500;500;    282616;     88896;79645;320;978249;50831;1451;506;0.276375;183921;0;0;sBELA*;? Unchecked;v1.6.0-140-g9a10cc1
roadmap;dimacs;86/500;500;    241049;      9112;77390;527;830728;112425;426;506;0.455485;246825;0;0;sBELA*;? Unchecked;v1.6.0-140-g9a10cc1
roadmap;dimacs;87/500;500;    320588;     74968;91233;502;1129453;145739;1253;620;0.592073;246151;0;0;sBELA*;? Unchecked;v1.6.0-140-g9a10cc1
roadmap;dimacs;88/500;500;    302257;    263709;162687;1102;1989040;289519;547;620;0.93267;310420;0;0;sBELA*;? Unchecked;v1.6.0-140-g9a10cc1
roadmap;dimacs;89/500;500;     88219;    210819;105394;723;1162751;187364;596;506;0.710481;263714;0;0;sBELA*;? Unchecked;v1.6.0-140-g9a10cc1
roadmap;dimacs;90/500;500;    311608;      2393;58039;216;687368;26698;1311;506;0.19971;133684;0;0;sBELA*;? Unchecked;v1.6.0-140-g9a10cc1
roadmap;dimacs;91/500;500;    217545;    103931;132983;613;1628724;215839;568;620;0.688223;313618;0;0;sBELA*;? Unchecked;v1.6.0-140-g9a10cc1
roadmap;dimacs;92/500;500;    233951;    281302;155528;957;1718757;246753;745;506;0.877584;281173;0;0;sBELA*;? Unchecked;v1.6.0-140-g9a10cc1
roadmap;dimacs;93/500;500;     74361;    263726;75166;499;1000573;198364;2692;506;0.795055;249497;0;0;sBELA*;? Unchecked;v1.6.0-140-g9a10cc1
roadmap;dimacs;94/500;500;    213766;    129485;145637;692;1812474;266468;818;506;0.829087;321399;0;0;sBELA*;? Unchecked;v1.6.0-140-g9a10cc1
roadmap;dimacs;95/500;500;    235147;     72685;63737;375;724032;107063;768;506;0.390512;274161;0;0;sBELA*;? Unchecked;v1.6.0-140-g9a10cc1
roadmap;dimacs;96/500;500;    217285;     19115;87348;499;964709;87928;571;506;0.5015;175330;0;0;sBELA*;? Unchecked;v1.6.0-140-g9a10cc1
roadmap;dimacs;97/500;500;    209011;    302603;79328;517;911127;163347;853;506;0.594126;274937;0;0;sBELA*;? Unchecked;v1.6.0-140-g9a10cc1
roadmap;dimacs;98/500;500;     63225;    173852;55144;202;710815;92427;1501;506;0.368605;250748;0;0;sBELA*;? Unchecked;v1.6.0-140-g9a10cc1
roadmap;dimacs;99/500;500;    230929;    198254;58847;511;634143;100403;758;506;0.449357;223437;0;0;sBELA*;? Unchecked;v1.6.0-140-g9a10cc1
roadmap;dimacs;0/600;600;     81762;    146103;117974;528;1542693;126841;715;590;0.511845;247811;0;0;sBELA*;? Unchecked;v1.6.0-140-g9a10cc1
roadmap;dimacs;1/600;600;    106405;    250956;160227;743;2105576;292572;572;605;0.93516;312858;0;0;sBELA*;? Unchecked;v1.6.0-140-g9a10cc1
roadmap;dimacs;2/600;600;    273968;    266396;136537;856;1720757;313662;1528;513;1.18183;265404;0;0;sBELA*;? Unchecked;v1.6.0-140-g9a10cc1
roadmap;dimacs;3/600;600;    131084;    299861;97942;370;1152041;112613;699;610;0.454523;247761;0;0;sBELA*;? Unchecked;v1.6.0-140-g9a10cc1
roadmap;dimacs;4/600;600;    321017;    269381;64989;246;699044;65004;1027;506;0.298066;218086;0;0;sBELA*;? Unchecked;v1.6.0-140-g9a10cc1
roadmap;dimacs;5/600;600;     81268;    114155;135512;571;1754844;165212;395;608;0.598168;276197;0;0;sBELA*;? Unchecked;v1.6.0-140-g9a10cc1
roadmap;dimacs;6/600;600;    273110;    256843;111274;634;1295601;252261;1367;506;0.875607;288099;0;0;sBELA*;? Unchecked;v1.6.0-140-g9a10cc1
roadmap;dimacs;7/600;600;    289000;    313165;101758;506;1676553;220563;847;620;0.696413;316713;0;0;sBELA*;? Unchecked;v1.6.0-140-g9a10cc1
roadmap;dimacs;8/600;600;    206841;    130270;147984;835;1872745;283810;325;506;0.821926;345299;0;0;sBELA*;? Unchecked;v1.6.0-140-g9a10cc1
roadmap;dimacs;9/600;600;    117373;     92727;174375;812;1976255;162294;457;607;0.577355;281099;0;0;sBELA*;? Unchecked;v1.6.0-140-g9a10cc1
roadmap;dimacs;10/600;600;    192763;    114126;195544;1051;2428282;317503;385;507;1.13565;279579;0;0;sBELA*;? Unchecked;v1.6.0-140-g9a10cc1
roadmap;dimacs;11/600;600;    253773;     62962;68507;414;946279;166954;2175;506;0.666786;250386;0;0;sBELA*;? Unchecked;v1.6.0-140-g9a10cc1
roadmap;dimacs;12/600;600;     69635;    112392;100622;421;1212682;255609;455;506;0.663743;385102;0;0;sBELA*;? Unchecked;v1.6.0-140-g9a10cc1
roadmap;dimacs;13/600;600;    279740;      4869;64383;389;765808;74974;530;506;0.335011;223796;0;0;sBELA*;? Unchecked;v1.6.0-140-g9a10cc1
roadmap;dimacs;14/600;600;    188811;    247049;87203;421;1069697;130764;568;620;0.535756;244074;0;0;sBELA*;? Unchecked;v1.6.0-140-g9a10cc1
roadmap;dimacs;15/600;600;    277191;    268154;57540;221;631471;47761;1048;506;0.228808;208738;0;0;sBELA*;? Unchecked;v1.6.0-140-g9a10cc1
roadmap;dimacs;16/600;600;     42193;    274432;67057;444;877667;175359;1257;506;0.631863;277527;0;0;sBELA*;? Unchecked;v1.6.0-140-g9a10cc1
roadmap;dimacs;17/600;600;    285743;    146714;122395;537;1537911;169320;539;608;0.560819;301916;0;0;sBELA*;? Unchecked;v1.6.0-140-g9a10cc1
roadmap;dimacs;18/600;600;    195854;     77647;163155;791;1936630;313369;845;506;0.969731;323150;0;0;sBELA*;? Unchecked;v1.6.0-140-g9a10cc1
roadmap;dimacs;19/600;600;    129037;    163761;132448;613;1503773;192927;343;605;0.607412;317621;0;0;sBELA*;? Unchecked;v1.6.0-140-g9a10cc1
roadmap;dimacs;20/600;600;     85176;      1954;155298;766;1794336;199303;396;612;0.74134;268841;0;0;sBELA*;? Unchecked;v1.6.0-140-g9a10cc1
roadmap;dimacs;21/600;600;    318603;    138230;71528;276;781993;37831;612;506;0.204434;185053;0;0;sBELA*;? Unchecked;v1.6.0-140-g9a10cc1
roadmap;dimacs;22/600;600;    103461;      5065;52932;292;606948;59526;980;506;0.277981;214137;0;0;sBELA*;? Unchecked;v1.6.0-140-g9a10cc1
roadmap;dimacs;23/600;600;    299962;    134129;91209;412;1151334;158877;457;620;0.505225;314468;0;0;sBELA*;? Unchecked;v1.6.0-140-g9a10cc1
roadmap;dimacs;24/600;600;    124461;     94197;111561;557;1415232;184252;433;620;0.540702;340764;0;0;sBELA*;? Unchecked;v1.6.0-140-g9a10cc1
roadmap;dimacs;25/600;600;    135528;    100606;89424;375;1175202;113511;1321;620;0.492016;230706;0;0;sBELA*;? Unchecked;v1.6.0-140-g9a10cc1
roadmap;dimacs;26/600;600;    100494;     30092;121070;675;1388262;191570;473;620;0.671472;285299;0;0;sBELA*;? Unchecked;v1.6.0-140-g9a10cc1
roadmap;dimacs;27/600;600;    143119;     21648;124749;672;1628074;202728;899;620;0.69706;290833;0;0;sBELA*;? Unchecked;v1.6.0-140-g9a10cc1
roadmap;dimacs;28/600;600;     56815;    308596;88413;365;1039915;210491;1242;506;0.679452;309795;0;0;sBELA*;? Unchecked;v1.6.0-140-g9a10cc1
roadmap;dimacs;29/600;600;    305686;    120431;144546;660;1896914;257448;676;618;0.783361;328645;0;0;sBELA*;? Unchecked;v1.6.0-140-g9a10cc1
roadmap;dimacs;30/600;600;    240362;    295149;139954;882;1552878;220746;415;506;0.780542;282811;0;0;sBELA*;? Unchecked;v1.6.0-140-g9a10cc1
roadmap;dimacs;31/600;600;    312097;    296209;144011;537;1690212;271326;132;619;0.642889;422042;0;0;sBELA*;? Unchecked;v1.6.0-140-g9a10cc1
roadmap;dimacs;32/600;600;    282381;    258241;166189;1093;1868062;284668;436;620;0.979604;290595;0;0;sBELA*;? Unchecked;v1.6.0-140-g9a10cc1
roadmap;dimacs;33/600;600;    292606;     56169;75636;502;1004014;115856;565;506;0.419867;275935;0;0;sBELA*;? Unchecked;v1.6.0-140-g9a10cc1
roadmap;dimacs;34/600;600;    237888;    111447;186398;886;2218993;307839;510;506;1.02954;299005;0;0;sBELA*;? Unchecked;v1.6.0-140-g9a10cc1
roadmap;dimacs;35/600;600;     51839;    224098;65519;352;745360;127328;1263;506;0.424268;300112;0;0;sBELA*;? Unchecked;v1.6.0-140-g9a10cc1
roadmap;dimacs;36/600;600;    128418;      4215;127051;655;1463398;144408;314;605;0.549005;263036;0;0;sBELA*;? Unchecked;v1.6.0-140-g9a10cc1
roadmap;dimacs;37/600;600;    268787;    226268;87110;589;1062601;190596;1433;506;0.7976;238962;0;0;sBELA*;? Unchecked;v1.6.0-140-g9a10cc1
roadmap;dimacs;38/600;600;    309312;    168166;120675;710;1392301;178296;764;609;0.809099;220364;0;0;sBELA*;? Unchecked;v1.6.0-140-g9a10cc1
roadmap;dimacs;39/600;600;    280948;    241995;84458;714;1127868;199050;507;506;0.781587;254674;0;0;sBELA*;? Unchecked;v1.6.0-140-g9a10cc1
roadmap;dimacs;40/600;600;    254985;    109385;162851;755;2002483;295731;387;506;0.86961;340073;0;0;sBELA*;? Unchecked;v1.6.0-140-g9a10cc1
roadmap;dimacs;41/600;600;    196484;    113193;168188;887;1913479;308990;302;506;0.952332;324456;0;0;sBELA*;? Unchecked;v1.6.0-140-g9a10cc1
roadmap;dimacs;42/600;600;     29905;    299818;94072;709;1165370;214185;1964;506;1.0598;202100;0;0;sBELA*;? Unchecked;v1.6.0-140-g9a10cc1
roadmap;dimacs;43/600;600;    316036;    224755;182461;1001;2208405;319349;975;620;1.13348;281742;0;0;sBELA*;? Unchecked;v1.6.0-140-g9a10cc1
roadmap;dimacs;44/600;600;      2345;    195155;64371;632;820404;159992;442;508;0.507794;315073;0;0;sBELA*;? Unchecked;v1.6.0-140-g9a10cc1
roadmap;dimacs;45/600;600;    231635;    158604;167890;795;2014219;287482;666;514;0.980581;293175;0;0;sBELA*;? Unchecked;v1.6.0-140-g9a10cc1
roadmap;dimacs;46/600;600;      8380;    114652;139754;751;1635326;304377;430;514;0.920713;330588;0;0;sBELA*;? Unchecked;v1.6.0-140-g9a10cc1
roadmap;dimacs;47/600;600;    144351;    294832;100303;442;1380701;170918;807;607;0.582063;293642;0;0;sBELA*;? Unchecked;v1.6.0-140-g9a10cc1
roadmap;dimacs;48/600;600;    242792;     61567;68194;444;909684;150088;531;508;0.501853;299068;0;0;sBELA*;? Unchecked;v1.6.0-140-g9a10cc1
roadmap;dimacs;49/600;600;    136080;    278064;55840;267;639526;66670;1792;508;0.363202;183562;0;0;sBELA*;? Unchecked;v1.6.0-140-g9a10cc1
roadmap;dimacs;50/600;600;    288270;    204684;120157;584;1331508;150544;1503;622;0.654765;229921;0;0;sBELA*;? Unchecked;v1.6.0-140-g9a10cc1
roadmap;dimacs;51/600;600;    178991;    301411;142293;594;1624941;299242;158;508;0.760693;393381;0;0;sBELA*;? Unchecked;v1.6.0-140-g9a10cc1
roadmap;dimacs;52/600;600;    138893;    192766;156665;831;2056129;307569;674;607;0.979437;314026;0;0;sBELA*;? Unchecked;v1.6.0-140-g9a10cc1
roadmap;dimacs;53/600;600;     47239;     80468;124531;597;1447990;273335;351;506;0.754332;362354;0;0;sBELA*;? Unchecked;v1.6.0-140-g9a10cc1
roadmap;dimacs;54/600;600;    151087;    228575;164428;710;1973779;268635;183;605;0.636738;421893;0;0;sBELA*;? Unchecked;v1.6.0-140-g9a10cc1
roadmap;dimacs;55/600;600;    222755;     97707;91806;666;1004727;172518;1711;506;0.747663;230743;0;0;sBELA*;? Unchecked;v1.6.0-140-g9a10cc1
roadmap;dimacs;56/600;600;     38872;    119016;131783;541;1698565;301096;532;506;0.799881;376426;0;0;sBELA*;? Unchecked;v1.6.0-140-g9a10cc1
roadmap;dimacs;57/600;600;    267788;    194528;91927;620;1239962;231390;559;506;0.735177;314740;0;0;sBELA*;? Unchecked;v1.6.0-140-g9a10cc1
roadmap;dimacs;58/600;600;     22537;    264517;68637;471;792853;166693;1382;506;0.564109;295498;0;0;sBELA*;? Unchecked;v1.6.0-140-g9a10cc1
roadmap;dimacs;59/600;600;     95259;    242330;79460;696;939036;153223;703;506;0.682292;224571;0;0;sBELA*;? Unchecked;v1.6.0-140-g9a10cc1
roadmap;dimacs;60/600;600;    268622;    236338;99348;660;1121907;214595;868;506;0.718887;298510;0;0;sBELA*;? Unchecked;v1.6.0-140-g9a10cc1
roadmap;dimacs;61/600;600;    192347;    277821;109003;573;1370835;217001;711;506;0.736767;294531;0;0;sBELA*;? Unchecked;v1.6.0-140-g9a10cc1
roadmap;dimacs;62/600;600;    137823;    298415;115087;505;1488521;148326;369;605;0.514772;288139;0;0;sBELA*;? Unchecked;v1.6.0-140-g9a10cc1
roadmap;dimacs;63/600;600;    282571;    194161;100280;475;1119830;160043;612;506;0.525465;304574;0;0;sBELA*;? Unchecked;v1.6.0-140-g9a10cc1
roadmap;dimacs;64/600;600;     44959;    312326;119943;450;1381552;272214;1158;506;0.863039;315413;0;0;sBELA*;? Unchecked;v1.6.0-140-g9a10cc1
roadmap;dimacs;65/600;600;    312156;    191513;106069;668;1411075;200095;423;612;0.654102;305908;0;0;sBELA*;? Unchecked;v1.6.0-140-g9a10cc1
roadmap;dimacs;66/600;600;    182639;    108846;104542;438;1119586;136191;759;620;0.496711;274185;0;0;sBELA*;? Unchecked;v1.6.0-140-g9a10cc1
roadmap;dimacs;67/600;600;     85822;     72825;93075;454;1221874;133942;112;620;0.399137;335579;0;0;sBELA*;? Unchecked;v1.6.0-140-g9a10cc1
roadmap;dimacs;68/600;600;    271676;    266077;109663;811;1491304;305395;1413;506;1.07119;285098;0;0;sBELA*;? Unchecked;v1.6.0-140-g9a10cc1
roadmap;dimacs;69/600;600;    295012;     75092;89157;436;1103713;128364;126;620;0.394773;325159;0;0;sBELA*;? Unchecked;v1.6.0-140-g9a10cc1
roadmap;dimacs;70/600;600;    220093;    158529;152619;603;1846829;286504;419;506;0.773745;370282;0;0;sBELA*;? Unchecked;v1.6.0-140-g9a10cc1
roadmap;dimacs;71/600;600;    235314;    107150;171874;666;2082563;301857;463;506;1.00416;300607;0;0;sBELA*;? Unchecked;v1.6.0-140-g9a10cc1
roadmap;dimacs;72/600;600;     31159;    106749;158335;697;1931852;317847;385;506;0.924907;343653;0;0;sBELA*;? Unchecked;v1.6.0-140-g9a10cc1
roadmap;dimacs;73/600;600;    200665;    278503;107731;658;1290628;204844;258;512;0.682401;300181;0;0;sBELA*;? Unchecked;v1.6.0-140-g9a10cc1
roadmap;dimacs;74/600;600;     16528;    237773;51638;339;573051;107825;2496;506;0.454051;237473;0;0;sBELA*;? Unchecked;v1.6.0-140-g9a10cc1
roadmap;dimacs;75/600;600;     15261;    213734;56667;394;605717;111167;3931;506;0.636883;174548;0;0;sBELA*;? Unchecked;v1.6.0-140-g9a10cc1
roadmap;dimacs;76/600;600;     67401;    117147;138977;628;1821288;316697;567;508;0.866279;365583;0;0;sBELA*;? Unchecked;v1.6.0-140-g9a10cc1
roadmap;dimacs;77/600;600;    133413;     35340;118456;642;1547770;207856;957;607;0.716687;290023;0;0;sBELA*;? Unchecked;v1.6.0-140-g9a10cc1
roadmap;dimacs;78/600;600;    156152;    299995;106716;443;1241540;111005;444;613;0.461378;240594;0;0;sBELA*;? Unchecked;v1.6.0-140-g9a10cc1
roadmap;dimacs;79/600;600;     44951;    112793;141020;673;1573791;303034;492;512;0.893727;339068;0;0;sBELA*;? Unchecked;v1.6.0-140-g9a10cc1
roadmap;dimacs;80/600;600;     45387;    222153;89163;679;934537;175165;1132;506;0.75149;233090;0;0;sBELA*;? Unchecked;v1.6.0-140-g9a10cc1
roadmap;dimacs;81/600;600;    294492;     77363;96211;538;1393260;168793;138;620;0.502856;335668;0;0;sBELA*;? Unchecked;v1.6.0-140-g9a10cc1
roadmap;dimacs;82/600;600;    201632;    267199;69041;516;1161804;201778;816;506;0.732732;275378;0;0;sBELA*;? Unchecked;v1.6.0-140-g9a10cc1
roadmap;dimacs;83/600;600;    247547;    146039;154718;703;1888518;251410;2586;506;1.33786;187920;0;0;sBELA*;? Unchecked;v1.6.0-140-g9a10cc1
roadmap;dimacs;84/600;600;    281131;    197100;70622;497;832433;136764;178;506;0.365213;374478;0;0;sBELA*;? Unchecked;v1.6.0-140-g9a10cc1
roadmap;dimacs;85/600;600;    282616;     88896;79645;359;978276;50831;1674;506;0.302765;167889;0;0;sBELA*;? Unchecked;v1.6.0-140-g9a10cc1
roadmap;dimacs;86/600;600;    241049;      9112;77390;528;830743;112426;508;506;0.486019;231320;0;0;sBELA*;? Unchecked;v1.6.0-140-g9a10cc1
roadmap;dimacs;87/600;600;    320588;     74968;91233;508;1129490;145746;1498;620;0.646331;225498;0;0;sBELA*;? Unchecked;v1.6.0-140-g9a10cc1
roadmap;dimacs;88/600;600;    302257;    263709;162687;1099;1989056;289524;656;620;1.02574;282258;0;0;sBELA*;? Unchecked;v1.6.0-140-g9a10cc1
roadmap;dimacs;89/600;600;     88219;    210819;105394;725;1162766;187369;698;506;0.734286;255172;0;0;sBELA*;? Unchecked;v1.6.0-140-g9a10cc1
roadmap;dimacs;90/600;600;    311608;      2393;58039;213;687429;26704;1607;506;0.225731;118300;0;0;sBELA*;? Unchecked;v1.6.0-140-g9a10cc1
roadmap;dimacs;91/600;600;    217545;    103931;132983;604;1628741;215840;682;620;0.735796;293342;0;0;sBELA*;? Unchecked;v1.6.0-140-g9a10cc1
roadmap;dimacs;92/600;600;    233951;    281302;155528;958;1718769;246753;875;506;0.961351;256673;0;0;sBELA*;? Unchecked;v1.6.0-140-g9a10cc1
roadmap;dimacs;93/600;600;     74361;    263726;75166;529;1000615;198373;3219;506;0.868982;228282;0;0;sBELA*;? Unchecked;v1.6.0-140-g9a10cc1
roadmap;dimacs;94/600;600;    213766;    129485;145637;708;1812486;266468;942;506;0.890998;299067;0;0;sBELA*;? Unchecked;v1.6.0-140-g9a10cc1
roadmap;dimacs;95/600;600;    235147;     72685;63737;380;724049;107065;867;506;0.421113;254243;0;0;sBELA*;? Unchecked;v1.6.0-140-g9a10cc1
roadmap;dimacs;96/600;600;    217285;     19115;87348;497;964733;87939;715;506;0.59233;148463;0;0;sBELA*;? Unchecked;v1.6.0-140-g9a10cc1
roadmap;dimacs;97/600;600;    209011;    302603;79328;520;911145;163349;1016;506;0.651748;250632;0;0;sBELA*;? Unchecked;v1.6.0-140-g9a10cc1
roadmap;dimacs;98/600;600;     63225;    173852;55144;200;710874;92445;1811;506;0.407586;226811;0;0;sBELA*;? Unchecked;v1.6.0-140-g9a10cc1
roadmap;dimacs;99/600;600;    230929;    198254;58847;511;634172;100408;882;506;0.495973;202446;0;0;sBELA*;? Unchecked;v1.6.0-140-g9a10cc1
roadmap;dimacs;0/700;700;     81762;    146103;117974;527;1542705;126847;824;590;0.549022;231042;0;0;sBELA*;? Unchecked;v1.6.0-140-g9a10cc1
roadmap;dimacs;1/700;700;    106405;    250956;160227;742;2105583;292573;638;605;0.987225;296359;0;0;sBELA*;? Unchecked;v1.6.0-140-g9a10cc1
roadmap;dimacs;2/700;700;    273968;    266396;136537;850;1720782;313664;1764;516;1.24046;252862;0;0;sBELA*;? Unchecked;v1.6.0-140-g9a10cc1
roadmap;dimacs;3/700;700;    131084;    299861;97942;375;1152053;112616;789;614;0.484662;232360;0;0;sBELA*;? Unchecked;v1.6.0-140-g9a10cc1
roadmap;dimacs;4/700;700;    321017;    269381;64989;250;699075;65007;1213;506;0.327019;198787;0;0;sBELA*;? Unchecked;v1.6.0-140-g9a10cc1
roadmap;dimacs;5/700;700;     81268;    114155;135512;568;1754858;165213;460;608;0.638187;258879;0;0;sBELA*;? Unchecked;v1.6.0-140-g9a10cc1
roadmap;dimacs;6/700;700;    273110;    256843;111274;664;1295625;252274;1578;506;0.938385;268838;0;0;sBELA*;? Unchecked;v1.6.0-140-g9a10cc1
roadmap;dimacs;7/700;700;    289000;    313165;101758;507;1676578;220567;1021;620;0.744663;296197;0;0;sBELA*;? Unchecked;v1.6.0-140-g9a10cc1
roadmap;dimacs;8/700;700;    206841;    130270;147984;831;1872751;283811;361;506;0.880487;322334;0;0;sBELA*;? Unchecked;v1.6.0-140-g9a10cc1
roadmap;dimacs;9/700;700;    117373;     92727;174375;813;1976262;162296;532;607;0.619047;262171;0;0;sBELA*;? Unchecked;v1.6.0-140-g9a10cc1
roadmap;dimacs;10/700;700;    192763;    114126;195544;1051;2428289;317503;431;510;1.2104;262311;0;0;sBELA*;? Unchecked;v1.6.0-140-g9a10cc1
roadmap;dimacs;11/700;700;    253773;     62962;68507;415;946313;166957;2468;510;0.72853;229170;0;0;sBELA*;? Unchecked;v1.6.0-140-g9a10cc1
roadmap;dimacs;12/700;700;     69635;    112392;100622;420;1212695;255609;522;515;0.68434;373512;0;0;sBELA*;? Unchecked;v1.6.0-140-g9a10cc1
roadmap;dimacs;13/700;700;    279740;      4869;64383;392;765819;74974;601;510;0.354768;211333;0;0;sBELA*;? Unchecked;v1.6.0-140-g9a10cc1
roadmap;dimacs;14/700;700;    188811;    247049;87203;425;1069707;130769;634;624;0.520892;251048;0;0;sBELA*;? Unchecked;v1.6.0-140-g9a10cc1
roadmap;dimacs;15/700;700;    277191;    268154;57540;218;631498;47766;1247;510;0.261022;182996;0;0;sBELA*;? Unchecked;v1.6.0-140-g9a10cc1
roadmap;dimacs;16/700;700;     42193;    274432;67057;444;877699;175363;1479;510;0.678646;258401;0;0;sBELA*;? Unchecked;v1.6.0-140-g9a10cc1
roadmap;dimacs;17/700;700;    285743;    146714;122395;538;1537921;169322;613;612;0.595582;284297;0;0;sBELA*;? Unchecked;v1.6.0-140-g9a10cc1
roadmap;dimacs;18/700;700;    195854;     77647;163155;794;1936644;313371;977;510;1.03527;302696;0;0;sBELA*;? Unchecked;v1.6.0-140-g9a10cc1
roadmap;dimacs;19/700;700;    129037;    163761;132448;614;1503781;192933;379;609;0.624988;308699;0;0;sBELA*;? Unchecked;v1.6.0-140-g9a10cc1
roadmap;dimacs;20/700;700;     85176;      1954;155298;755;1794343;199304;456;616;0.834897;238717;0;0;sBELA*;? Unchecked;v1.6.0-140-g9a10cc1
roadmap;dimacs;21/700;700;    318603;    138230;71528;282;782017;37839;703;510;0.223202;169528;0;0;sBELA*;? Unchecked;v1.6.0-140-g9a10cc1
roadmap;dimacs;22/700;700;    103461;      5065;52932;295;606972;59535;1129;510;0.300527;198102;0;0;sBELA*;? Unchecked;v1.6.0-140-g9a10cc1
roadmap;dimacs;23/700;700;    299962;    134129;91209;408;1151343;158879;511;624;0.531331;299021;0;0;sBELA*;? Unchecked;v1.6.0-140-g9a10cc1
roadmap;dimacs;24/700;700;    124461;     94197;111561;557;1415240;184255;483;624;0.581859;316666;0;0;sBELA*;? Unchecked;v1.6.0-140-g9a10cc1
roadmap;dimacs;25/700;700;    135528;    100606;89424;373;1175230;113516;1506;624;0.516733;219680;0;0;sBELA*;? Unchecked;v1.6.0-140-g9a10cc1
roadmap;dimacs;26/700;700;    100494;     30092;121070;673;1388281;191576;550;624;0.72657;263672;0;0;sBELA*;? Unchecked;v1.6.0-140-g9a10cc1
roadmap;dimacs;27/700;700;    143119;     21648;124749;663;1628089;202737;1016;624;0.740432;273809;0;0;sBELA*;? Unchecked;v1.6.0-140-g9a10cc1
roadmap;dimacs;28/700;700;     56815;    308596;88413;379;1039961;210518;1479;510;0.724033;290757;0;0;sBELA*;? Unchecked;v1.6.0-140-g9a10cc1
roadmap;dimacs;29/700;700;    305686;    120431;144546;661;1896925;257452;780;622;0.831854;309492;0;0;sBELA*;? Unchecked;v1.6.0-140-g9a10cc1
roadmap;dimacs;30/700;700;    240362;    295149;139954;885;1552889;220747;506;510;0.834348;264574;0;0;sBELA*;? Unchecked;v1.6.0-140-g9a10cc1
roadmap;dimacs;31/700;700;    312097;    296209;144011;536;1690217;271327;153;622;0.65693;413023;0;0;sBELA*;? Unchecked;v1.6.0-140-g9a10cc1
roadmap;dimacs;32/700;700;    282381;    258241;166189;1093;1868076;284671;498;624;1.05051;270984;0;0;sBELA*;? Unchecked;v1.6.0-140-g9a10cc1
roadmap;dimacs;33/700;700;    292606;     56169;75636;499;1004026;115856;654;510;0.453826;255287;0;0;sBELA*;? Unchecked;v1.6.0-140-g9a10cc1
roadmap;dimacs;34/700;700;    237888;    111447;186398;890;2219001;307840;583;510;1.0827;284327;0;0;sBELA*;? Unchecked;v1.6.0-140-g9a10cc1
roadmap;dimacs;35/700;700;     51839;    224098;65519;349;745383;127333;1468;510;0.458797;277537;0;0;sBELA*;? Unchecked;v1.6.0-140-g9a10cc1
roadmap;dimacs;36/700;700;    128418;      4215;127051;656;1463405;144409;350;609;0.573808;251668;0;0;sBELA*;? Unchecked;v1.6.0-140-g9a10cc1
roadmap;dimacs;37/700;700;    268787;    226268;87110;585;1062624;190606;1664;510;0.870527;218955;0;0;sBELA*;? Unchecked;v1.6.0-140-g9a10cc1
roadmap;dimacs;38/700;700;    309312;    168166;120675;706;1392313;178299;881;613;0.894641;199297;0;0;sBELA*;? Unchecked;v1.6.0-140-g9a10cc1
roadmap;dimacs;39/700;700;    280948;    241995;84458;715;1127876;199055;577;510;0.846652;235109;0;0;sBELA*;? Unchecked;v1.6.0-140-g9a10cc1
roadmap;dimacs;40/700;700;    254985;    109385;162851;753;2002492;295732;443;510;0.899315;328841;0;0;sBELA*;? Unchecked;v1.6.0-140-g9a10cc1
roadmap;dimacs;41/700;700;    196484;    113193;168188;884;1913484;308990;338;510;1.0087;306326;0;0;sBELA*;? Unchecked;v1.6.0-140-g9a10cc1
roadmap;dimacs;42/700;700;     29905;    299818;94072;708;1165386;214187;2227;510;1.15643;185214;0;0;sBELA*;? Unchecked;v1.6.0-140-g9a10cc1
roadmap;dimacs;43/700;700;    316036;    224755;182461;1002;2208418;319350;1113;624;1.21706;262394;0;0;sBELA*;? Unchecked;v1.6.0-140-g9a10cc1
roadmap;dimacs;44/700;700;      2345;    195155;64371;636;820412;159993;506;510;0.541988;295197;0;0;sBELA*;? Unchecked;v1.6.0-140-g9a10cc1
roadmap;dimacs;45/700;700;    231635;    158604;167890;796;2014231;287484;769;510;1.05361;272857;0;0;sBELA*;? Unchecked;v1.6.0-140-g9a10cc1
roadmap;dimacs;46/700;700;      8380;    114652;139754;749;1635335;304378;486;510;0.98727;308303;0;0;sBELA*;? Unchecked;v1.6.0-140-g9a10cc1
roadmap;dimacs;47/700;700;    144351;    294832;100303;441;1380728;170930;963;609;0.625549;273248;0;0;sBELA*;? Unchecked;v1.6.0-140-g9a10cc1
roadmap;dimacs;48/700;700;    242792;     61567;68194;442;909706;150096;614;510;0.5454;275203;0;0;sBELA*;? Unchecked;v1.6.0-140-g9a10cc1
roadmap;dimacs;49/700;700;    136080;    278064;55840;257;639549;66672;2032;510;0.399903;166720;0;0;sBELA*;? Unchecked;v1.6.0-140-g9a10cc1
roadmap;dimacs;50/700;700;    288270;    204684;120157;590;1331520;150545;1724;624;0.660331;227984;0;0;sBELA*;? Unchecked;v1.6.0-140-g9a10cc1
roadmap;dimacs;51/700;700;    178991;    301411;142293;593;1624943;299242;168;510;0.783247;382053;0;0;sBELA*;? Unchecked;v1.6.0-140-g9a10cc1
roadmap;dimacs;52/700;700;    138893;    192766;156665;835;2056137;307569;742;609;1.03556;297008;0;0;sBELA*;? Unchecked;v1.6.0-140-g9a10cc1
roadmap;dimacs;53/700;700;     47239;     80468;124531;598;1447998;273337;404;510;0.828887;329764;0;0;sBELA*;? Unchecked;v1.6.0-140-g9a10cc1
roadmap;dimacs;54/700;700;    151087;    228575;164428;709;1973784;268637;206;609;0.650791;412785;0;0;sBELA*;? Unchecked;v1.6.0-140-g9a10cc1
roadmap;dimacs;55/700;700;    222755;     97707;91806;668;1004739;172522;1966;510;0.814103;211917;0;0;sBELA*;? Unchecked;v1.6.0-140-g9a10cc1
roadmap;dimacs;56/700;700;     38872;    119016;131783;541;1698576;301097;615;510;0.834129;360972;0;0;sBELA*;? Unchecked;v1.6.0-140-g9a10cc1
roadmap;dimacs;57/700;700;    267788;    194528;91927;617;1239975;231393;641;510;0.780609;296426;0;0;sBELA*;? Unchecked;v1.6.0-140-g9a10cc1
roadmap;dimacs;58/700;700;     22537;    264517;68637;471;792870;166697;1492;510;0.593427;280905;0;0;sBELA*;? Unchecked;v1.6.0-140-g9a10cc1
roadmap;dimacs;59/700;700;     95259;    242330;79460;696;939055;153224;817;510;0.754904;202972;0;0;sBELA*;? Unchecked;v1.6.0-140-g9a10cc1
roadmap;dimacs;60/700;700;    268622;    236338;99348;659;1121919;214602;971;510;0.758662;282869;0;0;sBELA*;? Unchecked;v1.6.0-140-g9a10cc1
roadmap;dimacs;61/700;700;    192347;    277821;109003;576;1370849;217002;818;510;0.741629;292602;0;0;sBELA*;? Unchecked;v1.6.0-140-g9a10cc1
roadmap;dimacs;62/700;700;    137823;    298415;115087;498;1488532;148326;417;609;0.546486;271418;0;0;sBELA*;? Unchecked;v1.6.0-140-g9a10cc1
roadmap;dimacs;63/700;700;    282571;    194161;100280;499;1119843;160044;717;510;0.581965;275006;0;0;sBELA*;? Unchecked;v1.6.0-140-g9a10cc1
roadmap;dimacs;64/700;700;     44959;    312326;119943;451;1381580;272220;1349;510;0.949661;286650;0;0;sBELA*;? Unchecked;v1.6.0-140-g9a10cc1
roadmap;dimacs;65/700;700;    312156;    191513;106069;666;1411085;200097;497;615;0.671415;298023;0;0;sBELA*;? Unchecked;v1.6.0-140-g9a10cc1
roadmap;dimacs;66/700;700;    182639;    108846;104542;434;1119610;136199;876;624;0.530609;256684;0;0;sBELA*;? Unchecked;v1.6.0-140-g9a10cc1
roadmap;dimacs;67/700;700;     85822;     72825;93075;452;1221882;133942;128;624;0.418248;320245;0;0;sBELA*;? Unchecked;v1.6.0-140-g9a10cc1
roadmap;dimacs;68/700;700;    271676;    266077;109663;819;1491326;305398;1654;510;1.1688;261291;0;0;sBELA*;? Unchecked;v1.6.0-140-g9a10cc1
roadmap;dimacs;69/700;700;    295012;     75092;89157;438;1103715;128364;137;510;0.41829;306878;0;0;sBELA*;? Unchecked;v1.6.0-140-g9a10cc1
roadmap;dimacs;70/700;700;    220093;    158529;152619;607;1846838;286505;462;510;0.819946;349419;0;0;sBELA*;? Unchecked;v1.6.0-140-g9a10cc1
roadmap;dimacs;71/700;700;    235314;    107150;171874;668;2082573;301859;519;510;1.05645;285730;0;0;sBELA*;? Unchecked;v1.6.0-140-g9a10cc1
roadmap;dimacs;72/700;700;     31159;    106749;158335;696;1931861;317848;429;510;0.928779;342221;0;0;sBELA*;? Unchecked;v1.6.0-140-g9a10cc1
roadmap;dimacs;73/700;700;    200665;    278503;107731;662;1290633;204844;286;515;0.723827;283001;0;0;sBELA*;? Unchecked;v1.6.0-140-g9a10cc1
roadmap;dimacs;74/700;700;     16528;    237773;51638;338;573092;107843;3035;510;0.512061;210606;0;0;sBELA*;? Unchecked;v1.6.0-140-g9a10cc1
roadmap;dimacs;75/700;700;     15261;    213734;56667;397;605762;111182;4379;510;0.718683;154702;0;0;sBELA*;? Unchecked;v1.6.0-140-g9a10cc1
roadmap;dimacs;76/700;700;     67401;    117147;138977;627;1821302;316698;664;511;0.887811;356718;0;0;sBELA*;? Unchecked;v1.6.0-140-g9a10cc1
roadmap;dimacs;77/700;700;    133413;     35340;118456;646;1547789;207859;1127;610;0.76981;270014;0;0;sBELA*;? Unchecked;v1.6.0-140-g9a10cc1
roadmap;dimacs;78/700;700;    156152;    299995;106716;446;1241552;111007;504;616;0.480098;231217;0;0;sBELA*;? Unchecked;v1.6.0-140-g9a10cc1
roadmap;dimacs;79/700;700;     44951;    112793;141020;673;1573798;303034;566;510;0.945543;320487;0;0;sBELA*;? Unchecked;v1.6.0-140-g9a10cc1
roadmap;dimacs;80/700;700;     45387;    222153;89163;679;934558;175175;1296;510;0.812848;215508;0;0;sBELA*;? Unchecked;v1.6.0-140-g9a10cc1
roadmap;dimacs;81/700;700;    294492;     77363;96211;537;1393263;168795;151;510;0.521609;323605;0;0;sBELA*;? Unchecked;v1.6.0-140-g9a10cc1
roadmap;dimacs;82/700;700;    201632;    267199;69041;516;1161818;201779;927;510;0.792517;254605;0;0;sBELA*;? Unchecked;v1.6.0-140-g9a10cc1
roadmap;dimacs;83/700;700;    247547;    146039;154718;699;1888539;251411;2945;510;1.45493;172800;0;0;sBELA*;? Unchecked;v1.6.0-140-g9a10cc1
roadmap;dimacs;84/700;700;    281131;    197100;70622;497;832439;136768;204;510;0.382208;357837;0;0;sBELA*;? Unchecked;v1.6.0-140-g9a10cc1
roadmap;dimacs;85/700;700;    282616;     88896;79645;317;978309;50834;1963;510;0.339566;149703;0;0;sBELA*;? Unchecked;v1.6.0-140-g9a10cc1
roadmap;dimacs;86/700;700;    241049;      9112;77390;531;830766;112429;626;510;0.56247;199884;0;0;sBELA*;? Unchecked;v1.6.0-140-g9a10cc1
roadmap;dimacs;87/700;700;    320588;     74968;91233;506;1129521;145754;1749;624;0.705989;206454;0;0;sBELA*;? Unchecked;v1.6.0-140-g9a10cc1
roadmap;dimacs;88/700;700;    302257;    263709;162687;1098;1989067;289527;747;624;1.09894;263460;0;0;sBELA*;? Unchecked;v1.6.0-140-g9a10cc1
roadmap;dimacs;89/700;700;     88219;    210819;105394;727;1162781;187372;805;510;0.791297;236791;0;0;sBELA*;? Unchecked;v1.6.0-140-g9a10cc1
roadmap;dimacs;90/700;700;    311608;      2393;58039;218;687492;26707;2016;510;0.262042;101919;0;0;sBELA*;? Unchecked;v1.6.0-140-g9a10cc1
roadmap;dimacs;91/700;700;    217545;    103931;132983;612;1628756;215843;786;624;0.786128;274565;0;0;sBELA*;? Unchecked;v1.6.0-140-g9a10cc1
roadmap;dimacs;92/700;700;    233951;    281302;155528;960;1718777;246753;1007;510;1.04092;237053;0;0;sBELA*;? Unchecked;v1.6.0-140-g9a10cc1
roadmap;dimacs;93/700;700;     74361;    263726;75166;506;1000642;198381;3630;510;0.955938;207525;0;0;sBELA*;? Unchecked;v1.6.0-140-g9a10cc1
roadmap;dimacs;94/700;700;    213766;    129485;145637;706;1812494;266471;1039;510;0.919014;289953;0;0;sBELA*;? Unchecked;v1.6.0-140-g9a10cc1
roadmap;dimacs;95/700;700;    235147;     72685;63737;358;724072;107067;991;510;0.462356;231568;0;0;sBELA*;? Unchecked;v1.6.0-140-g9a10cc1
roadmap;dimacs;96/700;700;    217285;     19115;87348;498;964752;87943;834;510;0.623125;141132;0;0;sBELA*;? Unchecked;v1.6.0-140-g9a10cc1
roadmap;dimacs;97/700;700;    209011;    302603;79328;522;911161;163355;1167;510;0.741834;220204;0;0;sBELA*;? Unchecked;v1.6.0-140-g9a10cc1
roadmap;dimacs;98/700;700;     63225;    173852;55144;205;710902;92452;2024;510;0.454529;203402;0;0;sBELA*;? Unchecked;v1.6.0-140-g9a10cc1
roadmap;dimacs;99/700;700;    230929;    198254;58847;514;634199;100417;1030;510;0.543748;184676;0;0;sBELA*;? Unchecked;v1.6.0-140-g9a10cc1
roadmap;dimacs;0/800;800;     81762;    146103;117974;532;1542720;126854;948;594;0.593868;213607;0;0;sBELA*;? Unchecked;v1.6.0-140-g9a10cc1
roadmap;dimacs;1/800;800;    106405;    250956;160227;745;2105588;292575;681;609;1.03367;283044;0;0;sBELA*;? Unchecked;v1.6.0-140-g9a10cc1
roadmap;dimacs;2/800;800;    273968;    266396;136537;857;1720803;313666;2015;520;1.35484;231516;0;0;sBELA*;? Unchecked;v1.6.0-140-g9a10cc1
roadmap;dimacs;3/800;800;    131084;    299861;97942;370;1152067;112622;897;623;0.519608;216744;0;0;sBELA*;? Unchecked;v1.6.0-140-g9a10cc1
roadmap;dimacs;4/800;800;    321017;    269381;64989;242;699103;65011;1414;510;0.363148;179021;0;0;sBELA*;? Unchecked;v1.6.0-140-g9a10cc1
roadmap;dimacs;5/800;800;     81268;    114155;135512;568;1754871;165217;517;611;0.680647;242735;0;0;sBELA*;? Unchecked;v1.6.0-140-g9a10cc1
roadmap;dimacs;6/800;800;    273110;    256843;111274;657;1295643;252282;1782;510;1.00699;250532;0;0;sBELA*;? Unchecked;v1.6.0-140-g9a10cc1
roadmap;dimacs;7/800;800;    289000;    313165;101758;505;1676599;220574;1176;624;0.791797;278574;0;0;sBELA*;? Unchecked;v1.6.0-140-g9a10cc1
roadmap;dimacs;8/800;800;    206841;    130270;147984;832;1872757;283812;399;510;0.933375;304071;0;0;sBELA*;? Unchecked;v1.6.0-140-g9a10cc1
roadmap;dimacs;9/800;800;    117373;     92727;174375;816;1976268;162296;592;611;0.657614;246795;0;0;sBELA*;? Unchecked;v1.6.0-140-g9a10cc1
roadmap;dimacs;10/800;800;    192763;    114126;195544;1040;2428295;317503;470;513;1.28047;247958;0;0;sBELA*;? Unchecked;v1.6.0-140-g9a10cc1
roadmap;dimacs;11/800;800;    253773;     62962;68507;416;946341;166966;2849;513;0.809092;206362;0;0;sBELA*;? Unchecked;v1.6.0-140-g9a10cc1
roadmap;dimacs;12/800;800;     69635;    112392;100622;418;1212707;255614;580;513;0.712799;358606;0;0;sBELA*;? Unchecked;v1.6.0-140-g9a10cc1
roadmap;dimacs;13/800;800;    279740;      4869;64383;396;765830;74982;671;510;0.385222;194646;0;0;sBELA*;? Unchecked;v1.6.0-140-g9a10cc1
roadmap;dimacs;14/800;800;    188811;    247049;87203;423;1069719;130778;702;624;0.550361;237622;0;0;sBELA*;? Unchecked;v1.6.0-140-g9a10cc1
roadmap;dimacs;15/800;800;    277191;    268154;57540;218;631519;47770;1416;510;0.280495;170306;0;0;sBELA*;? Unchecked;v1.6.0-140-g9a10cc1
roadmap;dimacs;16/800;800;     42193;    274432;67057;453;877729;175370;1702;510;0.729042;240549;0;0;sBELA*;? Unchecked;v1.6.0-140-g9a10cc1
roadmap;dimacs;17/800;800;    285743;    146714;122395;540;1537931;169322;691;612;0.62901;269188;0;0;sBELA*;? Unchecked;v1.6.0-140-g9a10cc1
roadmap;dimacs;18/800;800;    195854;     77647;163155;799;1936656;313372;1115;511;1.08459;288930;0;0;sBELA*;? Unchecked;v1.6.0-140-g9a10cc1
roadmap;dimacs;19/800;800;    129037;    163761;132448;606;1503788;192935;418;613;0.655797;294199;0;0;sBELA*;? Unchecked;v1.6.0-140-g9a10cc1
roadmap;dimacs;20/800;800;     85176;      1954;155298;761;1794350;199305;503;618;0.889423;224083;0;0;sBELA*;? Unchecked;v1.6.0-140-g9a10cc1
roadmap;dimacs;21/800;800;    318603;    138230;71528;280;782035;37842;800;510;0.243568;155365;0;0;sBELA*;? Unchecked;v1.6.0-140-g9a10cc1
roadmap;dimacs;22/800;800;    103461;      5065;52932;288;606991;59538;1292;510;0.325146;183112;0;0;sBELA*;? Unchecked;v1.6.0-140-g9a10cc1
roadmap;dimacs;23/800;800;    299962;    134129;91209;407;1151351;158882;556;624;0.560202;283616;0;0;sBELA*;? Unchecked;v1.6.0-140-g9a10cc1
roadmap;dimacs;24/800;800;    124461;     94197;111561;557;1415246;184256;522;624;0.588187;313261;0;0;sBELA*;? Unchecked;v1.6.0-140-g9a10cc1
roadmap;dimacs;25/800;800;    135528;    100606;89424;408;1175259;113521;1713;624;0.562396;201853;0;0;sBELA*;? Unchecked;v1.6.0-140-g9a10cc1
roadmap;dimacs;26/800;800;    100494;     30092;121070;673;1388297;191578;653;624;0.77699;246564;0;0;sBELA*;? Unchecked;v1.6.0-140-g9a10cc1
roadmap;dimacs;27/800;800;    143119;     21648;124749;665;1628104;202746;1126;624;0.787266;257532;0;0;sBELA*;? Unchecked;v1.6.0-140-g9a10cc1
roadmap;dimacs;28/800;800;     56815;    308596;88413;376;1040003;210543;1717;510;0.775218;271592;0;0;sBELA*;? Unchecked;v1.6.0-140-g9a10cc1
roadmap;dimacs;29/800;800;    305686;    120431;144546;661;1896935;257455;880;622;0.890913;288979;0;0;sBELA*;? Unchecked;v1.6.0-140-g9a10cc1
roadmap;dimacs;30/800;800;    240362;    295149;139954;880;1552896;220749;575;510;0.887362;248770;0;0;sBELA*;? Unchecked;v1.6.0-140-g9a10cc1
roadmap;dimacs;31/800;800;    312097;    296209;144011;534;1690222;271330;171;622;0.672067;403725;0;0;sBELA*;? Unchecked;v1.6.0-140-g9a10cc1
roadmap;dimacs;32/800;800;    282381;    258241;166189;1093;1868089;284674;560;624;1.14267;249131;0;0;sBELA*;? Unchecked;v1.6.0-140-g9a10cc1
roadmap;dimacs;33/800;800;    292606;     56169;75636;495;1004033;115858;715;510;0.480005;241368;0;0;sBELA*;? Unchecked;v1.6.0-140-g9a10cc1
roadmap;dimacs;34/800;800;    237888;    111447;186398;889;2219006;307841;638;510;1.13983;270076;0;0;sBELA*;? Unchecked;v1.6.0-140-g9a10cc1
roadmap;dimacs;35/800;800;     51839;    224098;65519;356;745408;127335;1665;510;0.482919;263678;0;0;sBELA*;? Unchecked;v1.6.0-140-g9a10cc1
roadmap;dimacs;36/800;800;    128418;      4215;127051;650;1463411;144409;384;615;0.606581;238070;0;0;sBELA*;? Unchecked;v1.6.0-140-g9a10cc1
roadmap;dimacs;37/800;800;    268787;    226268;87110;589;1062643;190613;1883;510;0.939966;202787;0;0;sBELA*;? Unchecked;v1.6.0-140-g9a10cc1
roadmap;dimacs;38/800;800;    309312;    168166;120675;708;1392322;178304;965;613;0.950719;187546;0;0;sBELA*;? Unchecked;v1.6.0-140-g9a10cc1
roadmap;dimacs;39/800;800;    280948;    241995;84458;716;1127882;199056;636;510;0.921134;216099;0;0;sBELA*;? Unchecked;v1.6.0-140-g9a10cc1
roadmap;dimacs;40/800;800;    254985;    109385;162851;752;2002508;295736;549;510;0.956807;309086;0;0;sBELA*;? Unchecked;v1.6.0-140-g9a10cc1
roadmap;dimacs;41/800;800;    196484;    113193;168188;886;1913489;308992;378;510;1.06907;289028;0;0;sBELA*;? Unchecked;v1.6.0-140-g9a10cc1
roadmap;dimacs;42/800;800;     29905;    299818;94072;708;1165397;214187;2409;510;1.25935;170078;0;0;sBELA*;? Unchecked;v1.6.0-140-g9a10cc1
roadmap;dimacs;43/800;800;    316036;    224755;182461;1008;2208431;319351;1266;624;1.29388;246817;0;0;sBELA*;? Unchecked;v1.6.0-140-g9a10cc1
roadmap;dimacs;44/800;800;      2345;    195155;64371;635;820418;159995;563;510;0.576756;277405;0;0;sBELA*;? Unchecked;v1.6.0-140-g9a10cc1
roadmap;dimacs;45/800;800;    231635;    158604;167890;795;2014238;287485;847;510;1.11406;258051;0;0;sBELA*;? Unchecked;v1.6.0-140-g9a10cc1
roadmap;dimacs;46/800;800;      8380;    114652;139754;754;1635346;304380;553;510;1.02336;297431;0;0;sBELA*;? Unchecked;v1.6.0-140-g9a10cc1
roadmap;dimacs;47/800;800;    144351;    294832;100303;439;1380753;170933;1133;615;0.674302;253496;0;0;sBELA*;? Unchecked;v1.6.0-140-g9a10cc1
roadmap;dimacs;48/800;800;    242792;     61567;68194;443;909719;150100;691;510;0.57679;260233;0;0;sBELA*;? Unchecked;v1.6.0-140-g9a10cc1
roadmap;dimacs;49/800;800;    136080;    278064;55840;302;639577;66676;2336;510;0.433629;153763;0;0;sBELA*;? Unchecked;v1.6.0-140-g9a10cc1
roadmap;dimacs;50/800;800;    288270;    204684;120157;612;1331532;150545;1941;510;0.714538;210689;0;0;sBELA*;? Unchecked;v1.6.0-140-g9a10cc1
roadmap;dimacs;51/800;800;    178991;    301411;142293;591;1624951;299244;194;510;0.869282;344243;0;0;sBELA*;? Unchecked;v1.6.0-140-g9a10cc1
roadmap;dimacs;52/800;800;    138893;    192766;156665;826;2056154;307571;866;609;1.09093;281935;0;0;sBELA*;? Unchecked;v1.6.0-140-g9a10cc1
roadmap;dimacs;53/800;800;     47239;     80468;124531;600;1448004;273340;458;515;0.828995;329724;0;0;sBELA*;? Unchecked;v1.6.0-140-g9a10cc1
roadmap;dimacs;54/800;800;    151087;    228575;164428;709;1973788;268637;229;609;0.669805;401068;0;0;sBELA*;? Unchecked;v1.6.0-140-g9a10cc1
roadmap;dimacs;55/800;800;    222755;     97707;91806;669;1004755;172523;2250;510;0.893035;193187;0;0;sBELA*;? Unchecked;v1.6.0-140-g9a10cc1
roadmap;dimacs;56/800;800;     38872;    119016;131783;542;1698586;301102;691;510;0.859037;350511;0;0;sBELA*;? Unchecked;v1.6.0-140-g9a10cc1
roadmap;dimacs;57/800;800;    267788;    194528;91927;611;1239983;231395;719;510;0.82442;280676;0;0;sBELA*;? Unchecked;v1.6.0-140-g9a10cc1
roadmap;dimacs;58/800;800;     22537;    264517;68637;471;792893;166703;1675;510;0.640537;260255;0;0;sBELA*;? Unchecked;v1.6.0-140-g9a10cc1
roadmap;dimacs;59/800;800;     95259;    242330;79460;693;939071;153228;934;510;0.821413;186542;0;0;sBELA*;? Unchecked;v1.6.0-140-g9a10cc1
roadmap;dimacs;60/800;800;    268622;    236338;99348;661;1121928;214602;1054;510;0.797641;269046;0;0;sBELA*;? Unchecked;v1.6.0-140-g9a10cc1
roadmap;dimacs;61/800;800;    192347;    277821;109003;580;1370862;217003;933;510;0.809611;268034;0;0;sBELA*;? Unchecked;v1.6.0-140-g9a10cc1
roadmap;dimacs;62/800;800;    137823;    298415;115087;499;1488541;148326;459;615;0.579105;256130;0;0;sBELA*;? Unchecked;v1.6.0-140-g9a10cc1
roadmap;dimacs;63/800;800;    282571;    194161;100280;495;1119855;160045;815;510;0.600709;266427;0;0;sBELA*;? Unchecked;v1.6.0-140-g9a10cc1
roadmap;dimacs;64/800;800;     44959;    312326;119943;453;1381608;272225;1547;510;0.968512;281075;0;0;sBELA*;? Unchecked;v1.6.0-140-g9a10cc1
roadmap;dimacs;65/800;800;    312156;    191513;106069;653;1411095;200099;572;615;0.712185;280965;0;0;sBELA*;? Unchecked;v1.6.0-140-g9a10cc1
roadmap;dimacs;66/800;800;    182639;    108846;104542;438;1119633;136206;990;510;0.567844;239865;0;0;sBELA*;? Unchecked;v1.6.0-140-g9a10cc1
roadmap;dimacs;67/800;800;     85822;     72825;93075;452;1221889;133943;140;510;0.453191;295555;0;0;sBELA*;? Unchecked;v1.6.0-140-g9a10cc1
roadmap;dimacs;68/800;800;    271676;    266077;109663;812;1491344;305399;1869;510;1.25021;244278;0;0;sBELA*;? Unchecked;v1.6.0-140-g9a10cc1
roadmap;dimacs;69/800;800;    295012;     75092;89157;438;1103721;128366;154;510;0.426999;300624;0;0;sBELA*;? Unchecked;v1.6.0-140-g9a10cc1
roadmap;dimacs;70/800;800;    220093;    158529;152619;606;1846848;286508;514;510;0.851837;336341;0;0;sBELA*;? Unchecked;v1.6.0-140-g9a10cc1
roadmap;dimacs;71/800;800;    235314;    107150;171874;667;2082583;301859;582;510;1.1071;272657;0;0;sBELA*;? Unchecked;v1.6.0-140-g9a10cc1
roadmap;dimacs;72/800;800;     31159;    106749;158335;697;1931869;317848;472;511;1.02318;310647;0;0;sBELA*;? Unchecked;v1.6.0-140-g9a10cc1
roadmap;dimacs;73/800;800;    200665;    278503;107731;660;1290636;204844;313;517;0.7637;268226;0;0;sBELA*;? Unchecked;v1.6.0-140-g9a10cc1
roadmap;dimacs;74/800;800;     16528;    237773;51638;336;573133;107855;3646;510;0.565693;190660;0;0;sBELA*;? Unchecked;v1.6.0-140-g9a10cc1
roadmap;dimacs;75/800;800;     15261;    213734;56667;396;605799;111197;4801;510;0.749214;148418;0;0;sBELA*;? Unchecked;v1.6.0-140-g9a10cc1
roadmap;dimacs;76/800;800;     67401;    117147;138977;627;1821314;316700;756;513;0.927432;341480;0;0;sBELA*;? Unchecked;v1.6.0-140-g9a10cc1
roadmap;dimacs;77/800;800;    133413;     35340;118456;649;1547805;207863;1262;618;0.812627;255792;0;0;sBELA*;? Unchecked;v1.6.0-140-g9a10cc1
roadmap;dimacs;78/800;800;    156152;    299995;106716;439;1241561;111007;552;618;0.507904;218559;0;0;sBELA*;? Unchecked;v1.6.0-140-g9a10cc1
roadmap;dimacs;79/800;800;     44951;    112793;141020;673;1573803;303035;635;510;0.997544;303781;0;0;sBELA*;? Unchecked;v1.6.0-140-g9a10cc1
roadmap;dimacs;80/800;800;     45387;    222153;89163;679;934580;175182;1457;510;0.885322;197874;0;0;sBELA*;? Unchecked;v1.6.0-140-g9a10cc1
roadmap;dimacs;81/800;800;    294492;     77363;96211;538;1393267;168795;169;510;0.543975;310299;0;0;sBELA*;? Unchecked;v1.6.0-140-g9a10cc1
roadmap;dimacs;82/800;800;    201632;    267199;69041;515;1161829;201779;1028;510;0.862059;234066;0;0;sBELA*;? Unchecked;v1.6.0-140-g9a10cc1
roadmap;dimacs;83/800;800;    247547;    146039;154718;701;1888557;251413;3345;510;1.61505;155669;0;0;sBELA*;? Unchecked;v1.6.0-140-g9a10cc1
roadmap;dimacs;84/800;800;    281131;    197100;70622;492;832444;136769;229;510;0.395372;345925;0;0;sBELA*;? Unchecked;v1.6.0-140-g9a10cc1
roadmap;dimacs;85/800;800;    282616;     88896;79645;315;978332;50838;2192;510;0.367725;138250;0;0;sBELA*;? Unchecked;v1.6.0-140-g9a10cc1
roadmap;dimacs;86/800;800;    241049;      9112;77390;529;830782;112430;731;510;0.580062;193824;0;0;sBELA*;? Unchecked;v1.6.0-140-g9a10cc1
roadmap;dimacs;87/800;800;    320588;     74968;91233;503;1129551;145758;1999;510;0.771758;188865;0;0;sBELA*;? Unchecked;v1.6.0-140-g9a10cc1
roadmap;dimacs;88/800;800;    302257;    263709;162687;1097;1989079;289527;866;622;1.203;240670;0;0;sBELA*;? Unchecked;v1.6.0-140-g9a10cc1
roadmap;dimacs;89/800;800;     88219;    210819;105394;724;1162793;187375;902;510;0.849894;220469;0;0;sBELA*;? Unchecked;v1.6.0-140-g9a10cc1
roadmap;dimacs;90/800;800;    311608;      2393;58039;207;687531;26711;2270;510;0.288078;92721.5;0;0;sBELA*;? Unchecked;v1.6.0-140-g9a10cc1
roadmap;dimacs;91/800;800;    217545;    103931;132983;605;1628770;215844;898;624;0.828847;260415;0;0;sBELA*;? Unchecked;v1.6.0-140-g9a10cc1
roadmap;dimacs;92/800;800;    233951;    281302;155528;951;1718787;246754;1147;510;1.11923;220469;0;0;sBELA*;? Unchecked;v1.6.0-140-g9a10cc1
roadmap;dimacs;93/800;800;     74361;    263726;75166;532;1000661;198385;3964;510;1.05949;187246;0;0;sBELA*;? Unchecked;v1.6.0-140-g9a10cc1
roadmap;dimacs;94/800;800;    213766;    129485;145637;693;1812505;266473;1164;510;0.98365;270902;0;0;sBELA*;? Unchecked;v1.6.0-140-g9a10cc1
roadmap;dimacs;95/800;800;    235147;     72685;63737;375;724085;107070;1077;510;0.485904;220352;0;0;sBELA*;? Unchecked;v1.6.0-140-g9a10cc1
roadmap;dimacs;96/800;800;    217285;     19115;87348;499;964762;87945;947;510;0.685986;128202;0;0;sBELA*;? Unchecked;v1.6.0-140-g9a10cc1
roadmap;dimacs;97/800;800;    209011;    302603;79328;519;911174;163356;1317;510;0.781106;209134;0;0;sBELA*;? Unchecked;v1.6.0-140-g9a10cc1
roadmap;dimacs;98/800;800;     63225;    173852;55144;205;710946;92463;2345;510;0.478397;193277;0;0;sBELA*;? Unchecked;v1.6.0-140-g9a10cc1
roadmap;dimacs;99/800;800;    230929;    198254;58847;515;634224;100422;1174;510;0.593585;169179;0;0;sBELA*;? Unchecked;v1.6.0-140-g9a10cc1
roadmap;dimacs;0/900;900;     81762;    146103;117974;530;1542728;126860;1051;600;0.630952;201061;0;0;sBELA*;? Unchecked;v1.6.0-140-g9a10cc1
roadmap;dimacs;1/900;900;    106405;    250956;160227;744;2105592;292579;721;609;1.08329;270085;0;0;sBELA*;? Unchecked;v1.6.0-140-g9a10cc1
roadmap;dimacs;2/900;900;    273968;    266396;136537;854;1720822;313669;2273;523;1.44421;217190;0;0;sBELA*;? Unchecked;v1.6.0-140-g9a10cc1
roadmap;dimacs;3/900;900;    131084;    299861;97942;379;1152078;112623;988;629;0.563034;200029;0;0;sBELA*;? Unchecked;v1.6.0-140-g9a10cc1
roadmap;dimacs;4/900;900;    321017;    269381;64989;255;699126;65023;1593;510;0.39847;163182;0;0;sBELA*;? Unchecked;v1.6.0-140-g9a10cc1
roadmap;dimacs;5/900;900;     81268;    114155;135512;569;1754881;165218;576;611;0.72146;229005;0;0;sBELA*;? Unchecked;v1.6.0-140-g9a10cc1
roadmap;dimacs;6/900;900;    273110;    256843;111274;661;1295662;252293;1989;510;1.0745;234800;0;0;sBELA*;? Unchecked;v1.6.0-140-g9a10cc1
roadmap;dimacs;7/900;900;    289000;    313165;101758;508;1676616;220576;1298;510;0.849467;259664;0;0;sBELA*;? Unchecked;v1.6.0-140-g9a10cc1
roadmap;dimacs;8/900;900;    206841;    130270;147984;832;1872762;283812;441;510;0.952532;297955;0;0;sBELA*;? Unchecked;v1.6.0-140-g9a10cc1
roadmap;dimacs;9/900;900;    117373;     92727;174375;813;1976273;162298;642;611;0.688367;235772;0;0;sBELA*;? Unchecked;v1.6.0-140-g9a10cc1
roadmap;dimacs;10/900;900;    192763;    114126;195544;1048;2428300;317503;507;516;1.3575;233889;0;0;sBELA*;? Unchecked;v1.6.0-140-g9a10cc1
roadmap;dimacs;11/900;900;    253773;     62962;68507;419;946364;166973;3148;516;0.854656;195369;0;0;sBELA*;? Unchecked;v1.6.0-140-g9a10cc1
roadmap;dimacs;12/900;900;     69635;    112392;100622;418;1212719;255618;639;511;0.729878;350220;0;0;sBELA*;? Unchecked;v1.6.0-140-g9a10cc1
roadmap;dimacs;13/900;900;    279740;      4869;64383;393;765839;74988;731;511;0.419017;178962;0;0;sBELA*;? Unchecked;v1.6.0-140-g9a10cc1
roadmap;dimacs;14/900;900;    188811;    247049;87203;421;1069729;130785;781;511;0.614729;212752;0;0;sBELA*;? Unchecked;v1.6.0-140-g9a10cc1
roadmap;dimacs;15/900;900;    277191;    268154;57540;211;631543;47773;1579;511;0.322562;148105;0;0;sBELA*;? Unchecked;v1.6.0-140-g9a10cc1
roadmap;dimacs;16/900;900;     42193;    274432;67057;447;877757;175378;1907;511;0.77451;226437;0;0;sBELA*;? Unchecked;v1.6.0-140-g9a10cc1
roadmap;dimacs;17/900;900;    285743;    146714;122395;540;1537940;169323;768;613;0.676099;250441;0;0;sBELA*;? Unchecked;v1.6.0-140-g9a10cc1
roadmap;dimacs;18/900;900;    195854;     77647;163155;791;1936666;313372;1233;514;1.14814;272940;0;0;sBELA*;? Unchecked;v1.6.0-140-g9a10cc1
roadmap;dimacs;19/900;900;    129037;    163761;132448;612;1503794;192940;454;612;0.684746;281769;0;0;sBELA*;? Unchecked;v1.6.0-140-g9a10cc1
roadmap;dimacs;20/900;900;     85176;      1954;155298;767;1794356;199309;555;617;0.904762;220289;0;0;sBELA*;? Unchecked;v1.6.0-140-g9a10cc1
roadmap;dimacs;21/900;900;    318603;    138230;71528;277;782050;37847;890;510;0.265141;142743;0;0;sBELA*;? Unchecked;v1.6.0-140-g9a10cc1
roadmap;dimacs;22/900;900;    103461;      5065;52932;292;607012;59543;1463;510;0.347218;171486;0;0;sBELA*;? Unchecked;v1.6.0-140-g9a10cc1
roadmap;dimacs;23/900;900;    299962;    134129;91209;407;1151360;158882;611;510;0.574371;276619;0;0;sBELA*;? Unchecked;v1.6.0-140-g9a10cc1
roadmap;dimacs;24/900;900;    124461;     94197;111561;565;1415250;184260;555;615;0.621151;296643;0;0;sBELA*;? Unchecked;v1.6.0-140-g9a10cc1
roadmap;dimacs;25/900;900;    135528;    100606;89424;373;1175284;113525;1925;615;0.613251;185120;0;0;sBELA*;? Unchecked;v1.6.0-140-g9a10cc1
roadmap;dimacs;26/900;900;    100494;     30092;121070;673;1388309;191582;742;510;0.839559;228194;0;0;sBELA*;? Unchecked;v1.6.0-140-g9a10cc1
roadmap;dimacs;27/900;900;    143119;     21648;124749;666;1628117;202750;1254;615;0.859381;235926;0;0;sBELA*;? Unchecked;v1.6.0-140-g9a10cc1
roadmap;dimacs;28/900;900;     56815;    308596;88413;374;1040033;210556;1919;510;0.822655;255947;0;0;sBELA*;? Unchecked;v1.6.0-140-g9a10cc1
roadmap;dimacs;29/900;900;    305686;    120431;144546;662;1896944;257458;976;622;0.927582;277558;0;0;sBELA*;? Unchecked;v1.6.0-140-g9a10cc1
roadmap;dimacs;30/900;900;    240362;    295149;139954;881;1552905;220753;660;510;0.981415;224933;0;0;sBELA*;? Unchecked;v1.6.0-140-g9a10cc1
roadmap;dimacs;31/900;900;    312097;    296209;144011;535;1690227;271332;196;622;0.689837;393328;0;0;sBELA*;? Unchecked;v1.6.0-140-g9a10cc1
roadmap;dimacs;32/900;900;    282381;    258241;166189;1091;1868103;284680;625;624;1.19172;238882;0;0;sBELA*;? Unchecked;v1.6.0-140-g9a10cc1
roadmap;dimacs;33/900;900;    292606;     56169;75636;499;1004040;115859;779;510;0.511118;226677;0;0;sBELA*;? Unchecked;v1.6.0-140-g9a10cc1
roadmap;dimacs;34/900;900;    237888;    111447;186398;889;2219010;307841;686;510;1.16896;263347;0;0;sBELA*;? Unchecked;v1.6.0-140-g9a10cc1
roadmap;dimacs;35/900;900;     51839;    224098;65519;350;745429;127338;1878;510;0.515481;247027;0;0;sBELA*;? Unchecked;v1.6.0-140-g9a10cc1
roadmap;dimacs;36/900;900;    128418;      4215;127051;659;1463417;144409;419;615;0.676393;213499;0;0;sBELA*;? Unchecked;v1.6.0-140-g9a10cc1
roadmap;dimacs;37/900;900;    268787;    226268;87110;596;1062662;190617;2104;510;1.01393;187999;0;0;sBELA*;? Unchecked;v1.6.0-140-g9a10cc1
roadmap;dimacs;38/900;900;    309312;    168166;120675;705;1392330;178305;1062;613;1.01961;174875;0;0;sBELA*;? Unchecked;v1.6.0-140-g9a10cc1
roadmap;dimacs;39/900;900;    280948;    241995;84458;716;1127887;199057;693;510;0.975227;204114;0;0;sBELA*;? Unchecked;v1.6.0-140-g9a10cc1
roadmap;dimacs;40/900;900;    254985;    109385;162851;751;2002519;295737;638;510;1.02161;289482;0;0;sBELA*;? Unchecked;v1.6.0-140-g9a10cc1
roadmap;dimacs;41/900;900;    196484;    113193;168188;886;1913493;308993;415;510;1.11996;275896;0;0;sBELA*;? Unchecked;v1.6.0-140-g9a10cc1
roadmap;dimacs;42/900;900;     29905;    299818;94072;709;1165410;214188;2653;510;1.33812;160066;0;0;sBELA*;? Unchecked;v1.6.0-140-g9a10cc1
roadmap;dimacs;43/900;900;    316036;    224755;182461;998;2208440;319352;1384;624;1.37122;232896;0;0;sBELA*;? Unchecked;v1.6.0-140-g9a10cc1
roadmap;dimacs;44/900;900;      2345;    195155;64371;641;820423;159995;617;511;0.646467;247492;0;0;sBELA*;? Unchecked;v1.6.0-140-g9a10cc1
roadmap;dimacs;45/900;900;    231635;    158604;167890;796;2014248;287486;942;516;1.18761;242072;0;0;sBELA*;? Unchecked;v1.6.0-140-g9a10cc1
roadmap;dimacs;46/900;900;      8380;    114652;139754;753;1635352;304382;591;511;1.06437;285973;0;0;sBELA*;? Unchecked;v1.6.0-140-g9a10cc1
roadmap;dimacs;47/900;900;    144351;    294832;100303;441;1380770;170943;1267;615;0.723319;236331;0;0;sBELA*;? Unchecked;v1.6.0-140-g9a10cc1
roadmap;dimacs;48/900;900;    242792;     61567;68194;445;909727;150101;752;510;0.608087;246842;0;0;sBELA*;? Unchecked;v1.6.0-140-g9a10cc1
roadmap;dimacs;49/900;900;    136080;    278064;55840;301;639598;66679;2611;510;0.46997;141879;0;0;sBELA*;? Unchecked;v1.6.0-140-g9a10cc1
roadmap;dimacs;50/900;900;    288270;    204684;120157;613;1331542;150546;2155;510;0.763786;197105;0;0;sBELA*;? Unchecked;v1.6.0-140-g9a10cc1
roadmap;dimacs;51/900;900;    178991;    301411;142293;593;1624956;299246;214;510;0.858837;348432;0;0;sBELA*;? Unchecked;v1.6.0-140-g9a10cc1
roadmap;dimacs;52/900;900;    138893;    192766;156665;832;2056170;307571;988;609;1.14976;267510;0;0;sBELA*;? Unchecked;v1.6.0-140-g9a10cc1
roadmap;dimacs;53/900;900;     47239;     80468;124531;600;1448010;273343;509;516;0.860932;317497;0;0;sBELA*;? Unchecked;v1.6.0-140-g9a10cc1
roadmap;dimacs;54/900;900;    151087;    228575;164428;710;1973793;268638;255;609;0.736941;364531;0;0;sBELA*;? Unchecked;v1.6.0-140-g9a10cc1
roadmap;dimacs;55/900;900;    222755;     97707;91806;667;1004769;172526;2522;510;0.961699;179397;0;0;sBELA*;? Unchecked;v1.6.0-140-g9a10cc1
roadmap;dimacs;56/900;900;     38872;    119016;131783;542;1698595;301103;767;510;0.890104;338279;0;0;sBELA*;? Unchecked;v1.6.0-140-g9a10cc1
roadmap;dimacs;57/900;900;    267788;    194528;91927;623;1239993;231400;803;510;0.866864;266939;0;0;sBELA*;? Unchecked;v1.6.0-140-g9a10cc1
roadmap;dimacs;58/900;900;     22537;    264517;68637;471;792908;166707;1817;510;0.677417;246092;0;0;sBELA*;? Unchecked;v1.6.0-140-g9a10cc1
roadmap;dimacs;59/900;900;     95259;    242330;79460;691;939080;153228;1030;510;0.87226;175668;0;0;sBELA*;? Unchecked;v1.6.0-140-g9a10cc1
roadmap;dimacs;60/900;900;    268622;    236338;99348;660;1121935;214605;1136;510;0.830304;258465;0;0;sBELA*;? Unchecked;v1.6.0-140-g9a10cc1
roadmap;dimacs;61/900;900;    192347;    277821;109003;578;1370873;217007;1041;510;0.81507;266244;0;0;sBELA*;? Unchecked;v1.6.0-140-g9a10cc1
roadmap;dimacs;62/900;900;    137823;    298415;115087;509;1488551;148329;497;615;0.612875;242022;0;0;sBELA*;? Unchecked;v1.6.0-140-g9a10cc1
roadmap;dimacs;63/900;900;    282571;    194161;100280;472;1119862;160045;889;510;0.621155;257657;0;0;sBELA*;? Unchecked;v1.6.0-140-g9a10cc1
roadmap;dimacs;64/900;900;     44959;    312326;119943;451;1381630;272232;1718;510;1.05438;258192;0;0;sBELA*;? Unchecked;v1.6.0-140-g9a10cc1
roadmap;dimacs;65/900;900;    312156;    191513;106069;667;1411100;200102;608;615;0.733468;272816;0;0;sBELA*;? Unchecked;v1.6.0-140-g9a10cc1
roadmap;dimacs;66/900;900;    182639;    108846;104542;438;1119654;136216;1109;510;0.602559;226062;0;0;sBELA*;? Unchecked;v1.6.0-140-g9a10cc1
roadmap;dimacs;67/900;900;     85822;     72825;93075;454;1221897;133944;156;510;0.468814;285708;0;0;sBELA*;? Unchecked;v1.6.0-140-g9a10cc1
roadmap;dimacs;68/900;900;    271676;    266077;109663;818;1491361;305402;2097;512;1.33747;228343;0;0;sBELA*;? Unchecked;v1.6.0-140-g9a10cc1
roadmap;dimacs;69/900;900;    295012;     75092;89157;438;1103726;128366;175;510;0.442502;290091;0;0;sBELA*;? Unchecked;v1.6.0-140-g9a10cc1
roadmap;dimacs;70/900;900;    220093;    158529;152619;606;1846855;286510;565;510;0.882595;324622;0;0;sBELA*;? Unchecked;v1.6.0-140-g9a10cc1
roadmap;dimacs;71/900;900;    235314;    107150;171874;671;2082590;301860;628;510;1.15156;262131;0;0;sBELA*;? Unchecked;v1.6.0-140-g9a10cc1
roadmap;dimacs;72/900;900;     31159;    106749;158335;695;1931878;317848;521;514;1.00925;314935;0;0;sBELA*;? Unchecked;v1.6.0-140-g9a10cc1
roadmap;dimacs;73/900;900;    200665;    278503;107731;659;1290639;204844;338;519;0.802428;255280;0;0;sBELA*;? Unchecked;v1.6.0-140-g9a10cc1
roadmap;dimacs;74/900;900;     16528;    237773;51638;339;573144;107865;3836;510;0.646508;166842;0;0;sBELA*;? Unchecked;v1.6.0-140-g9a10cc1
roadmap;dimacs;75/900;900;     15261;    213734;56667;396;605843;111219;5316;510;0.8216;135369;0;0;sBELA*;? Unchecked;v1.6.0-140-g9a10cc1
roadmap;dimacs;76/900;900;     67401;    117147;138977;627;1821326;316701;848;516;0.96365;328647;0;0;sBELA*;? Unchecked;v1.6.0-140-g9a10cc1
roadmap;dimacs;77/900;900;    133413;     35340;118456;653;1547818;207868;1395;618;0.863877;240622;0;0;sBELA*;? Unchecked;v1.6.0-140-g9a10cc1
roadmap;dimacs;78/900;900;    156152;    299995;106716;439;1241571;111009;612;618;0.541647;204947;0;0;sBELA*;? Unchecked;v1.6.0-140-g9a10cc1
roadmap;dimacs;79/900;900;     44951;    112793;141020;673;1573808;303037;708;515;1.04582;289761;0;0;sBELA*;? Unchecked;v1.6.0-140-g9a10cc1
roadmap;dimacs;80/900;900;     45387;    222153;89163;681;934594;175188;1586;510;0.945172;185350;0;0;sBELA*;? Unchecked;v1.6.0-140-g9a10cc1
roadmap;dimacs;81/900;900;    294492;     77363;96211;539;1393274;168798;195;510;0.575544;293284;0;0;sBELA*;? Unchecked;v1.6.0-140-g9a10cc1
roadmap;dimacs;82/900;900;    201632;    267199;69041;523;1161841;201779;1138;515;0.893661;225789;0;0;sBELA*;? Unchecked;v1.6.0-140-g9a10cc1
roadmap;dimacs;83/900;900;    247547;    146039;154718;706;1888573;251415;3711;515;1.79285;140232;0;0;sBELA*;? Unchecked;v1.6.0-140-g9a10cc1
roadmap;dimacs;84/900;900;    281131;    197100;70622;495;832448;136772;258;510;0.412792;331334;0;0;sBELA*;? Unchecked;v1.6.0-140-g9a10cc1
roadmap;dimacs;85/900;900;    282616;     88896;79645;318;978354;50839;2440;510;0.400497;126940;0;0;sBELA*;? Unchecked;v1.6.0-140-g9a10cc1
roadmap;dimacs;86/900;900;    241049;      9112;77390;529;830794;112430;836;510;0.626276;179522;0;0;sBELA*;? Unchecked;v1.6.0-140-g9a10cc1
roadmap;dimacs;87/900;900;    320588;     74968;91233;504;1129571;145762;2219;510;0.831236;175356;0;0;sBELA*;? Unchecked;v1.6.0-140-g9a10cc1
roadmap;dimacs;88/900;900;    302257;    263709;162687;1098;1989086;289531;944;622;1.28518;225284;0;0;sBELA*;? Unchecked;v1.6.0-140-g9a10cc1
roadmap;dimacs;89/900;900;     88219;    210819;105394;726;1162803;187376;989;510;0.908289;206296;0;0;sBELA*;? Unchecked;v1.6.0-140-g9a10cc1
roadmap;dimacs;90/900;900;    311608;      2393;58039;216;687569;26713;2558;510;0.330713;80774.1;0;0;sBELA*;? Unchecked;v1.6.0-140-g9a10cc1
roadmap;dimacs;91/900;900;    217545;    103931;132983;611;1628783;215845;1005;624;0.874022;246956;0;0;sBELA*;? Unchecked;v1.6.0-140-g9a10cc1
roadmap;dimacs;92/900;900;    233951;    281302;155528;953;1718794;246754;1265;510;1.19898;205804;0;0;sBELA*;? Unchecked;v1.6.0-140-g9a10cc1
roadmap;dimacs;93/900;900;     74361;    263726;75166;499;1000684;198391;4393;510;1.09689;180867;0;0;sBELA*;? Unchecked;v1.6.0-140-g9a10cc1
roadmap;dimacs;94/900;900;    213766;    129485;145637;705;1812511;266475;1250;510;1.07525;247827;0;0;sBELA*;? Unchecked;v1.6.0-140-g9a10cc1
roadmap;dimacs;95/900;900;    235147;     72685;63737;374;724099;107071;1157;510;0.517663;206835;0;0;sBELA*;? Unchecked;v1.6.0-140-g9a10cc1
roadmap;dimacs;96/900;900;    217285;     19115;87348;498;964789;87958;1128;510;0.793772;110810;0;0;sBELA*;? Unchecked;v1.6.0-140-g9a10cc1
roadmap;dimacs;97/900;900;    209011;    302603;79328;519;911188;163357;1482;510;0.850086;192165;0;0;sBELA*;? Unchecked;v1.6.0-140-g9a10cc1
roadmap;dimacs;98/900;900;     63225;    173852;55144;203;710981;92477;2618;510;0.517116;178832;0;0;sBELA*;? Unchecked;v1.6.0-140-g9a10cc1
roadmap;dimacs;99/900;900;    230929;    198254;58847;512;634244;100426;1314;510;0.643971;155948;0;0;sBELA*;? Unchecked;v1.6.0-140-g9a10cc1
roadmap;dimacs;0/1000;1000;     81762;    146103;117974;529;1542736;126863;1143;600;0.665087;190746;0;0;sBELA*;? Unchecked;v1.6.0-140-g9a10cc1
roadmap;dimacs;1/1000;1000;    106405;    250956;160227;744;2105597;292580;776;609;1.12953;259029;0;0;sBELA*;? Unchecked;v1.6.0-140-g9a10cc1
roadmap;dimacs;2/1000;1000;    273968;    266396;136537;850;1720838;313671;2497;526;1.54298;203289;0;0;sBELA*;? Unchecked;v1.6.0-140-g9a10cc1
roadmap;dimacs;3/1000;1000;    131084;    299861;97942;374;1152088;112625;1080;622;0.580339;194067;0;0;sBELA*;? Unchecked;v1.6.0-140-g9a10cc1
roadmap;dimacs;4/1000;1000;    321017;    269381;64989;254;699150;65030;1802;510;0.434062;149817;0;0;sBELA*;? Unchecked;v1.6.0-140-g9a10cc1
roadmap;dimacs;5/1000;1000;     81268;    114155;135512;570;1754890;165222;629;611;0.782414;211170;0;0;sBELA*;? Unchecked;v1.6.0-140-g9a10cc1
roadmap;dimacs;6/1000;1000;    273110;    256843;111274;663;1295677;252297;2192;510;1.15257;218899;0;0;sBELA*;? Unchecked;v1.6.0-140-g9a10cc1
roadmap;dimacs;7/1000;1000;    289000;    313165;101758;505;1676638;220587;1483;510;0.903813;244063;0;0;sBELA*;? Unchecked;v1.6.0-140-g9a10cc1
roadmap;dimacs;8/1000;1000;    206841;    130270;147984;835;1872766;283812;470;510;0.990674;286484;0;0;sBELA*;? Unchecked;v1.6.0-140-g9a10cc1
roadmap;dimacs;9/1000;1000;    117373;     92727;174375;815;1976278;162298;701;611;0.717982;226047;0;0;sBELA*;? Unchecked;v1.6.0-140-g9a10cc1
roadmap;dimacs;10/1000;1000;    192763;    114126;195544;1057;2428305;317504;545;519;1.42873;222227;0;0;sBELA*;? Unchecked;v1.6.0-140-g9a10cc1
roadmap;dimacs;11/1000;1000;    253773;     62962;68507;417;946387;166981;3443;519;0.916945;182106;0;0;sBELA*;? Unchecked;v1.6.0-140-g9a10cc1
roadmap;dimacs;12/1000;1000;     69635;    112392;100622;420;1212728;255625;701;524;0.751226;340277;0;0;sBELA*;? Unchecked;v1.6.0-140-g9a10cc1
roadmap;dimacs;13/1000;1000;    279740;      4869;64383;397;765848;74993;789;516;0.431047;173979;0;0;sBELA*;? Unchecked;v1.6.0-140-g9a10cc1
roadmap;dimacs;14/1000;1000;    188811;    247049;87203;427;1069737;130789;840;516;0.641233;203965;0;0;sBELA*;? Unchecked;v1.6.0-140-g9a10cc1
roadmap;dimacs;15/1000;1000;    277191;    268154;57540;218;631569;47781;1781;516;0.350905;136165;0;0;sBELA*;? Unchecked;v1.6.0-140-g9a10cc1
roadmap;dimacs;16/1000;1000;     42193;    274432;67057;446;877782;175383;2124;516;0.822679;213185;0;0;sBELA*;? Unchecked;v1.6.0-140-g9a10cc1
roadmap;dimacs;17/1000;1000;    285743;    146714;122395;540;1537949;169325;840;618;0.703211;240788;0;0;sBELA*;? Unchecked;v1.6.0-140-g9a10cc1
roadmap;dimacs;18/1000;1000;    195854;     77647;163155;798;1936676;313372;1374;516;1.20872;259259;0;0;sBELA*;? Unchecked;v1.6.0-140-g9a10cc1
roadmap;dimacs;19/1000;1000;    129037;    163761;132448;612;1503799;192943;486;615;0.710223;271665;0;0;sBELA*;? Unchecked;v1.6.0-140-g9a10cc1
roadmap;dimacs;20/1000;1000;     85176;      1954;155298;757;1794363;199310;604;621;0.962562;207062;0;0;sBELA*;? Unchecked;v1.6.0-140-g9a10cc1
roadmap;dimacs;21/1000;1000;    318603;    138230;71528;280;782076;37853;994;516;0.297807;127106;0;0;sBELA*;? Unchecked;v1.6.0-140-g9a10cc1
roadmap;dimacs;22/1000;1000;    103461;      5065;52932;292;607033;59551;1622;516;0.37457;158985;0;0;sBELA*;? Unchecked;v1.6.0-140-g9a10cc1
roadmap;dimacs;23/1000;1000;    299962;    134129;91209;413;1151370;158892;665;516;0.600171;264745;0;0;sBELA*;? Unchecked;v1.6.0-140-g9a10cc1
roadmap;dimacs;24/1000;1000;    124461;     94197;111561;556;1415256;184263;601;621;0.646714;284922;0;0;sBELA*;? Unchecked;v1.6.0-140-g9a10cc1
roadmap;dimacs;25/1000;1000;    135528;    100606;89424;375;1175300;113527;2059;621;0.638534;177793;0;0;sBELA*;? Unchecked;v1.6.0-140-g9a10cc1
roadmap;dimacs;26/1000;1000;    100494;     30092;121070;674;1388320;191585;811;516;0.933408;205253;0;0;sBELA*;? Unchecked;v1.6.0-140-g9a10cc1
roadmap;dimacs;27/1000;1000;    143119;     21648;124749;672;1628132;202756;1373;621;0.899708;225358;0;0;sBELA*;? Unchecked;v1.6.0-140-g9a10cc1
roadmap;dimacs;28/1000;1000;     56815;    308596;88413;373;1040056;210567;2107;516;0.864629;243535;0;0;sBELA*;? Unchecked;v1.6.0-140-g9a10cc1
roadmap;dimacs;29/1000;1000;    305686;    120431;144546;662;1896951;257462;1067;628;0.976476;263664;0;0;sBELA*;? Unchecked;v1.6.0-140-g9a10cc1
roadmap;dimacs;30/1000;1000;    240362;    295149;139954;886;1552912;220753;735;516;1.03376;213543;0;0;sBELA*;? Unchecked;v1.6.0-140-g9a10cc1
roadmap;dimacs;31/1000;1000;    312097;    296209;144011;536;1690230;271332;205;628;0.699277;388018;0;0;sBELA*;? Unchecked;v1.6.0-140-g9a10cc1
roadmap;dimacs;32/1000;1000;    282381;    258241;166189;1094;1868108;284681;667;630;1.28279;221923;0;0;sBELA*;? Unchecked;v1.6.0-140-g9a10cc1
roadmap;dimacs;33/1000;1000;    292606;     56169;75636;498;1004049;115862;854;516;0.542608;213528;0;0;sBELA*;? Unchecked;v1.6.0-140-g9a10cc1
roadmap;dimacs;34/1000;1000;    237888;    111447;186398;886;2219015;307841;737;516;1.22015;252298;0;0;sBELA*;? Unchecked;v1.6.0-140-g9a10cc1
roadmap;dimacs;35/1000;1000;     51839;    224098;65519;355;745448;127343;2086;516;0.582077;218774;0;0;sBELA*;? Unchecked;v1.6.0-140-g9a10cc1
roadmap;dimacs;36/1000;1000;    128418;      4215;127051;661;1463422;144409;451;621;0.673764;214332;0;0;sBELA*;? Unchecked;v1.6.0-140-g9a10cc1
roadmap;dimacs;37/1000;1000;    268787;    226268;87110;586;1062678;190623;2337;516;1.08927;175001;0;0;sBELA*;? Unchecked;v1.6.0-140-g9a10cc1
roadmap;dimacs;38/1000;1000;    309312;    168166;120675;709;1392338;178312;1137;619;1.0818;164829;0;0;sBELA*;? Unchecked;v1.6.0-140-g9a10cc1
roadmap;dimacs;39/1000;1000;    280948;    241995;84458;715;1127893;199059;752;516;1.03972;191455;0;0;sBELA*;? Unchecked;v1.6.0-140-g9a10cc1
roadmap;dimacs;40/1000;1000;    254985;    109385;162851;750;2002526;295737;703;516;1.0748;275156;0;0;sBELA*;? Unchecked;v1.6.0-140-g9a10cc1
roadmap;dimacs;41/1000;1000;    196484;    113193;168188;887;1913497;308993;452;516;1.17903;262073;0;0;sBELA*;? Unchecked;v1.6.0-140-g9a10cc1
roadmap;dimacs;42/1000;1000;     29905;    299818;94072;706;1165436;214191;3076;516;1.44766;147957;0;0;sBELA*;? Unchecked;v1.6.0-140-g9a10cc1
roadmap;dimacs;43/1000;1000;    316036;    224755;182461;999;2208447;319353;1491;630;1.5094;211576;0;0;sBELA*;? Unchecked;v1.6.0-140-g9a10cc1
roadmap;dimacs;44/1000;1000;      2345;    195155;64371;634;820428;159996;668;516;0.638852;250443;0;0;sBELA*;? Unchecked;v1.6.0-140-g9a10cc1
roadmap;dimacs;45/1000;1000;    231635;    158604;167890;796;2014255;287489;1037;516;1.24581;230765;0;0;sBELA*;? Unchecked;v1.6.0-140-g9a10cc1
roadmap;dimacs;46/1000;1000;      8380;    114652;139754;749;1635357;304382;632;516;1.11972;271837;0;0;sBELA*;? Unchecked;v1.6.0-140-g9a10cc1
roadmap;dimacs;47/1000;1000;    144351;    294832;100303;438;1380786;170952;1421;621;0.767392;222770;0;0;sBELA*;? Unchecked;v1.6.0-140-g9a10cc1
roadmap;dimacs;48/1000;1000;    242792;     61567;68194;433;909742;150101;822;516;0.650104;230888;0;0;sBELA*;? Unchecked;v1.6.0-140-g9a10cc1
roadmap;dimacs;49/1000;1000;    136080;    278064;55840;261;639620;66681;2920;516;0.512774;130040;0;0;sBELA*;? Unchecked;v1.6.0-140-g9a10cc1
roadmap;dimacs;50/1000;1000;    288270;    204684;120157;612;1331555;150550;2452;516;0.829187;181563;0;0;sBELA*;? Unchecked;v1.6.0-140-g9a10cc1
roadmap;dimacs;51/1000;1000;    178991;    301411;142293;591;1624961;299246;237;516;0.890501;336042;0;0;sBELA*;? Unchecked;v1.6.0-140-g9a10cc1
roadmap;dimacs;52/1000;1000;    138893;    192766;156665;831;2056186;307571;1118;615;1.2521;245644;0;0;sBELA*;? Unchecked;v1.6.0-140-g9a10cc1
roadmap;dimacs;53/1000;1000;     47239;     80468;124531;597;1448015;273343;554;521;0.899306;303949;0;0;sBELA*;? Unchecked;v1.6.0-140-g9a10cc1
roadmap;dimacs;54/1000;1000;    151087;    228575;164428;709;1973796;268640;273;615;0.687405;390803;0;0;sBELA*;? Unchecked;v1.6.0-140-g9a10cc1
roadmap;dimacs;55/1000;1000;    222755;     97707;91806;667;1004778;172526;2748;516;1.03291;167030;0;0;sBELA*;? Unchecked;v1.6.0-140-g9a10cc1
roadmap;dimacs;56/1000;1000;     38872;    119016;131783;541;1698602;301106;838;516;0.919567;327443;0;0;sBELA*;? Unchecked;v1.6.0-140-g9a10cc1
roadmap;dimacs;57/1000;1000;    267788;    194528;91927;616;1240002;231403;888;516;0.908321;254759;0;0;sBELA*;? Unchecked;v1.6.0-140-g9a10cc1
roadmap;dimacs;58/1000;1000;     22537;    264517;68637;471;792921;166712;1954;516;0.717996;232191;0;0;sBELA*;? Unchecked;v1.6.0-140-g9a10cc1
roadmap;dimacs;59/1000;1000;     95259;    242330;79460;694;939091;153229;1130;516;0.937906;163374;0;0;sBELA*;? Unchecked;v1.6.0-140-g9a10cc1
roadmap;dimacs;60/1000;1000;    268622;    236338;99348;664;1121947;214609;1280;516;0.883615;242876;0;0;sBELA*;? Unchecked;v1.6.0-140-g9a10cc1
roadmap;dimacs;61/1000;1000;    192347;    277821;109003;575;1370883;217007;1144;516;0.858533;252765;0;0;sBELA*;? Unchecked;v1.6.0-140-g9a10cc1
roadmap;dimacs;62/1000;1000;    137823;    298415;115087;499;1488558;148329;534;621;0.674261;219987;0;0;sBELA*;? Unchecked;v1.6.0-140-g9a10cc1
roadmap;dimacs;63/1000;1000;    282571;    194161;100280;499;1119871;160048;971;516;0.652397;245323;0;0;sBELA*;? Unchecked;v1.6.0-140-g9a10cc1
roadmap;dimacs;64/1000;1000;     44959;    312326;119943;448;1381653;272236;1926;516;1.08523;250856;0;0;sBELA*;? Unchecked;v1.6.0-140-g9a10cc1
roadmap;dimacs;65/1000;1000;    312156;    191513;106069;667;1411105;200102;656;621;0.783265;255472;0;0;sBELA*;? Unchecked;v1.6.0-140-g9a10cc1
roadmap;dimacs;66/1000;1000;    182639;    108846;104542;436;1119671;136223;1189;516;0.628615;216703;0;0;sBELA*;? Unchecked;v1.6.0-140-g9a10cc1
roadmap;dimacs;67/1000;1000;     85822;     72825;93075;454;1221898;133944;168;516;0.48426;276595;0;0;sBELA*;? Unchecked;v1.6.0-140-g9a10cc1
roadmap;dimacs;68/1000;1000;    271676;    266077;109663;821;1491376;305404;2315;516;1.4161;215666;0;0;sBELA*;? Unchecked;v1.6.0-140-g9a10cc1
roadmap;dimacs;69/1000;1000;    295012;     75092;89157;438;1103730;128367;193;516;0.461803;277969;0;0;sBELA*;? Unchecked;v1.6.0-140-g9a10cc1
roadmap;dimacs;70/1000;1000;    220093;    158529;152619;606;1846861;286510;609;516;0.91235;314035;0;0;sBELA*;? Unchecked;v1.6.0-140-g9a10cc1
roadmap;dimacs;71/1000;1000;    235314;    107150;171874;667;2082598;301861;686;516;1.20126;251287;0;0;sBELA*;? Unchecked;v1.6.0-140-g9a10cc1
roadmap;dimacs;72/1000;1000;     31159;    106749;158335;696;1931883;317848;555;516;1.06733;297797;0;0;sBELA*;? Unchecked;v1.6.0-140-g9a10cc1
roadmap;dimacs;73/1000;1000;    200665;    278503;107731;659;1290642;204844;358;521;0.841193;243516;0;0;sBELA*;? Unchecked;v1.6.0-140-g9a10cc1
roadmap;dimacs;74/1000;1000;     16528;    237773;51638;341;573158;107872;4120;516;0.645383;167144;0;0;sBELA*;? Unchecked;v1.6.0-140-g9a10cc1
roadmap;dimacs;75/1000;1000;     15261;    213734;56667;397;605873;111230;5717;516;0.876952;126837;0;0;sBELA*;? Unchecked;v1.6.0-140-g9a10cc1
roadmap;dimacs;76/1000;1000;     67401;    117147;138977;627;1821332;316701;918;519;0.992024;319247;0;0;sBELA*;? Unchecked;v1.6.0-140-g9a10cc1
roadmap;dimacs;77/1000;1000;    133413;     35340;118456;649;1547829;207872;1517;623;0.91755;226551;0;0;sBELA*;? Unchecked;v1.6.0-140-g9a10cc1
roadmap;dimacs;78/1000;1000;    156152;    299995;106716;441;1241581;111010;667;623;0.574698;193162;0;0;sBELA*;? Unchecked;v1.6.0-140-g9a10cc1
roadmap;dimacs;79/1000;1000;     44951;    112793;141020;673;1573812;303038;774;516;1.10362;274584;0;0;sBELA*;? Unchecked;v1.6.0-140-g9a10cc1
roadmap;dimacs;80/1000;1000;     45387;    222153;89163;678;934608;175194;1731;516;1.01034;173401;0;0;sBELA*;? Unchecked;v1.6.0-140-g9a10cc1
roadmap;dimacs;81/1000;1000;    294492;     77363;96211;537;1393278;168800;222;516;0.638798;264246;0;0;sBELA*;? Unchecked;v1.6.0-140-g9a10cc1
roadmap;dimacs;82/1000;1000;    201632;    267199;69041;519;1161850;201783;1236;516;0.941646;214287;0;0;sBELA*;? Unchecked;v1.6.0-140-g9a10cc1
roadmap;dimacs;83/1000;1000;    247547;    146039;154718;704;1888592;251418;4117;516;1.9614;128183;0;0;sBELA*;? Unchecked;v1.6.0-140-g9a10cc1
roadmap;dimacs;84/1000;1000;    281131;    197100;70622;494;832452;136773;285;516;0.437133;312886;0;0;sBELA*;? Unchecked;v1.6.0-140-g9a10cc1
roadmap;dimacs;85/1000;1000;    282616;     88896;79645;357;978378;50841;2743;516;0.437652;116168;0;0;sBELA*;? Unchecked;v1.6.0-140-g9a10cc1
roadmap;dimacs;86/1000;1000;    241049;      9112;77390;528;830801;112434;907;516;0.669481;167942;0;0;sBELA*;? Unchecked;v1.6.0-140-g9a10cc1
roadmap;dimacs;87/1000;1000;    320588;     74968;91233;505;1129595;145769;2445;516;0.887287;164286;0;0;sBELA*;? Unchecked;v1.6.0-140-g9a10cc1
roadmap;dimacs;88/1000;1000;    302257;    263709;162687;1100;1989097;289532;1036;628;1.36078;212769;0;0;sBELA*;? Unchecked;v1.6.0-140-g9a10cc1
roadmap;dimacs;89/1000;1000;     88219;    210819;105394;727;1162811;187376;1067;516;0.966725;193825;0;0;sBELA*;? Unchecked;v1.6.0-140-g9a10cc1
roadmap;dimacs;90/1000;1000;    311608;      2393;58039;203;687601;26714;2823;516;0.355395;75167;0;0;sBELA*;? Unchecked;v1.6.0-140-g9a10cc1
roadmap;dimacs;91/1000;1000;    217545;    103931;132983;607;1628794;215846;1118;630;0.953746;226314;0;0;sBELA*;? Unchecked;v1.6.0-140-g9a10cc1
roadmap;dimacs;92/1000;1000;    233951;    281302;155528;958;1718804;246754;1403;516;1.28685;191750;0;0;sBELA*;? Unchecked;v1.6.0-140-g9a10cc1
roadmap;dimacs;93/1000;1000;     74361;    263726;75166;534;1000705;198394;4825;516;1.17961;168186;0;0;sBELA*;? Unchecked;v1.6.0-140-g9a10cc1
roadmap;dimacs;94/1000;1000;    213766;    129485;145637;708;1812516;266476;1330;516;1.06635;249896;0;0;sBELA*;? Unchecked;v1.6.0-140-g9a10cc1
roadmap;dimacs;95/1000;1000;    235147;     72685;63737;359;724112;107073;1261;516;0.550439;194523;0;0;sBELA*;? Unchecked;v1.6.0-140-g9a10cc1
roadmap;dimacs;96/1000;1000;    217285;     19115;87348;498;964813;87961;1363;516;0.919317;95680.8;0;0;sBELA*;? Unchecked;v1.6.0-140-g9a10cc1
roadmap;dimacs;97/1000;1000;    209011;    302603;79328;520;911202;163360;1637;516;0.926266;176364;0;0;sBELA*;? Unchecked;v1.6.0-140-g9a10cc1
roadmap;dimacs;98/1000;1000;     63225;    173852;55144;205;711004;92491;2855;516;0.547672;168880;0;0;sBELA*;? Unchecked;v1.6.0-140-g9a10cc1
roadmap;dimacs;99/1000;1000;    230929;    198254;58847;512;634264;100428;1449;516;0.693392;144836;0;0;sBELA*;? Unchecked;v1.6.0-140-g9a10cc1
