domain;variant;id;k;start;goal;h0;length;cost;expansions;nbcentroids;mem;runtime;expansions/sec;nbinconsistencies;air;solver;doctor;version
roadmap;dimacs;0/1;1;   1158641;   1272769;0;2231;9081368;1219307;1;1972;2.70346;451018;0;0;sBELA0;? Unchecked;v1.6.0-140-g9a10cc1
roadmap;dimacs;1/1;1;     54758;   1370062;0;1525;4088324;768671;1;1972;1.29967;591434;0;0;sBELA0;? Unchecked;v1.6.0-140-g9a10cc1
roadmap;dimacs;2/1;1;    935047;   1190851;0;521;3005778;144816;1;1972;0.278943;519160;0;0;sBELA0;? Unchecked;v1.6.0-140-g9a10cc1
roadmap;dimacs;3/1;1;    548674;   1730064;0;787;2234632;539742;1;1972;0.916328;589027;0;0;sBELA0;? Unchecked;v1.6.0-140-g9a10cc1
roadmap;dimacs;4/1;1;    713105;   1135162;0;255;1392805;102503;1;1972;0.196028;522901;0;0;sBELA0;? Unchecked;v1.6.0-140-g9a10cc1
roadmap;dimacs;5/1;1;   1213983;   1847687;0;1048;5258991;1421175;1;2256;2.45499;578892;0;0;sBELA0;? Unchecked;v1.6.0-140-g9a10cc1
roadmap;dimacs;6/1;1;   1416819;   1454455;0;583;1387831;484564;1;1972;0.760898;636832;0;0;sBELA0;? Unchecked;v1.6.0-140-g9a10cc1
roadmap;dimacs;7/1;1;   1202525;   1287863;0;926;2205696;492347;1;1972;0.847038;581257;0;0;sBELA0;? Unchecked;v1.6.0-140-g9a10cc1
roadmap;dimacs;8/1;1;    416104;   1824062;0;1269;4704476;913750;1;1972;1.64867;554233;0;0;sBELA0;? Unchecked;v1.6.0-140-g9a10cc1
roadmap;dimacs;9/1;1;    350612;   1840987;0;1630;9115684;1814789;1;2659;3.46176;524239;0;0;sBELA0;? Unchecked;v1.6.0-140-g9a10cc1
roadmap;dimacs;10/1;1;    581610;   1031954;0;1735;7767635;1449045;1;2704;2.49932;579777;0;0;sBELA0;? Unchecked;v1.6.0-140-g9a10cc1
roadmap;dimacs;11/1;1;    329503;   1179401;0;688;3446379;864584;1;2704;1.42595;606320;0;0;sBELA0;? Unchecked;v1.6.0-140-g9a10cc1
roadmap;dimacs;12/1;1;    480267;    159302;0;1502;7973933;1216660;1;2704;2.04922;593720;0;0;sBELA0;? Unchecked;v1.6.0-140-g9a10cc1
roadmap;dimacs;13/1;1;   1890527;   1576171;0;1614;8709043;1468043;1;2704;2.85712;513819;0;0;sBELA0;? Unchecked;v1.6.0-140-g9a10cc1
roadmap;dimacs;14/1;1;   1743677;    933040;0;966;5426129;1467748;1;2704;2.63693;556613;0;0;sBELA0;? Unchecked;v1.6.0-140-g9a10cc1
roadmap;dimacs;15/1;1;   1460731;   1705524;0;2202;8152763;1618855;1;2704;2.76477;585529;0;0;sBELA0;? Unchecked;v1.6.0-140-g9a10cc1
roadmap;dimacs;16/1;1;    801770;    765171;0;1630;5188898;642247;1;2704;1.16925;549281;0;0;sBELA0;? Unchecked;v1.6.0-140-g9a10cc1
roadmap;dimacs;17/1;1;   1076837;   1604094;0;402;1054975;226926;1;2704;0.370316;612790;0;0;sBELA0;? Unchecked;v1.6.0-140-g9a10cc1
roadmap;dimacs;18/1;1;   1431544;    194846;0;1538;5259126;998637;1;2704;1.74697;571640;0;0;sBELA0;? Unchecked;v1.6.0-140-g9a10cc1
roadmap;dimacs;19/1;1;   1536202;    632533;0;693;2578130;695160;1;2704;1.14813;605474;0;0;sBELA0;? Unchecked;v1.6.0-140-g9a10cc1
roadmap;dimacs;20/1;1;    356711;    288578;0;1570;4883635;1146305;1;2704;2.03459;563408;0;0;sBELA0;? Unchecked;v1.6.0-140-g9a10cc1
roadmap;dimacs;21/1;1;   1416275;   1578430;0;453;1175543;413771;1;2704;0.677478;610752;0;0;sBELA0;? Unchecked;v1.6.0-140-g9a10cc1
roadmap;dimacs;22/1;1;   1267172;   1104888;0;1385;6179727;1332857;1;2704;2.23414;596586;0;0;sBELA0;? Unchecked;v1.6.0-140-g9a10cc1
roadmap;dimacs;23/1;1;   1466216;   1076837;0;1624;6568821;1273310;1;2704;2.14963;592339;0;0;sBELA0;? Unchecked;v1.6.0-140-g9a10cc1
roadmap;dimacs;24/1;1;   1228417;     41268;0;921;1804784;295195;1;2704;0.478594;616797;0;0;sBELA0;? Unchecked;v1.6.0-140-g9a10cc1
roadmap;dimacs;25/1;1;    321340;    192757;0;392;1500427;416940;1;2704;0.67382;618771;0;0;sBELA0;? Unchecked;v1.6.0-140-g9a10cc1
roadmap;dimacs;26/1;1;    965921;   1375640;0;1289;6122291;1631298;1;2704;2.93627;555568;0;0;sBELA0;? Unchecked;v1.6.0-140-g9a10cc1
roadmap;dimacs;27/1;1;   1657428;    779364;0;1483;5065120;976212;1;2704;1.71882;567956;0;0;sBELA0;? Unchecked;v1.6.0-140-g9a10cc1
roadmap;dimacs;28/1;1;    454410;    618767;0;399;955254;349156;1;2704;0.543256;642710;0;0;sBELA0;? Unchecked;v1.6.0-140-g9a10cc1
roadmap;dimacs;29/1;1;   1453433;   1181632;0;570;3003174;732321;1;2704;1.25318;584372;0;0;sBELA0;? Unchecked;v1.6.0-140-g9a10cc1
roadmap;dimacs;30/1;1;    261444;   1761841;0;475;789683;244562;1;2704;0.394983;619170;0;0;sBELA0;? Unchecked;v1.6.0-140-g9a10cc1
roadmap;dimacs;31/1;1;   1710330;   1308565;0;1237;6157044;1026002;1;2704;1.79522;571519;0;0;sBELA0;? Unchecked;v1.6.0-140-g9a10cc1
roadmap;dimacs;32/1;1;   1622269;    239225;0;1507;3830708;741327;1;2704;1.28609;576417;0;0;sBELA0;? Unchecked;v1.6.0-140-g9a10cc1
roadmap;dimacs;33/1;1;    858782;    835734;0;939;2932043;654659;1;2704;1.10748;591124;0;0;sBELA0;? Unchecked;v1.6.0-140-g9a10cc1
roadmap;dimacs;34/1;1;   1164733;   1686951;0;632;3418184;164327;1;2704;0.299298;549042;0;0;sBELA0;? Unchecked;v1.6.0-140-g9a10cc1
roadmap;dimacs;35/1;1;   1008319;    677177;0;1770;8091336;1823159;1;2733;3.18648;572155;0;0;sBELA0;? Unchecked;v1.6.0-140-g9a10cc1
roadmap;dimacs;36/1;1;   1646034;   1063654;0;1903;9241741;1880584;1;2739;3.41542;550616;0;0;sBELA0;? Unchecked;v1.6.0-140-g9a10cc1
roadmap;dimacs;37/1;1;    682994;   1688601;0;3399;12098029;1873212;1;2739;3.3264;563135;0;0;sBELA0;? Unchecked;v1.6.0-140-g9a10cc1
roadmap;dimacs;38/1;1;    257300;    548822;0;1142;6020818;1343871;1;2739;2.28498;588133;0;0;sBELA0;? Unchecked;v1.6.0-140-g9a10cc1
roadmap;dimacs;39/1;1;   1208113;    169244;0;252;994507;64811;1;2739;0.120729;536831;0;0;sBELA0;? Unchecked;v1.6.0-140-g9a10cc1
roadmap;dimacs;40/1;1;   1226440;   1391278;0;2164;8142667;1513571;1;2739;2.71068;558373;0;0;sBELA0;? Unchecked;v1.6.0-140-g9a10cc1
roadmap;dimacs;41/1;1;    122277;   1128394;0;719;2944465;578703;1;2739;1.00457;576070;0;0;sBELA0;? Unchecked;v1.6.0-140-g9a10cc1
roadmap;dimacs;42/1;1;     66946;   1214669;0;1053;5959978;993077;1;2739;1.76694;562031;0;0;sBELA0;? Unchecked;v1.6.0-140-g9a10cc1
roadmap;dimacs;43/1;1;    299055;   1685578;0;2344;9966137;1826270;1;2739;3.29213;554739;0;0;sBELA0;? Unchecked;v1.6.0-140-g9a10cc1
roadmap;dimacs;44/1;1;   1617239;   1448010;0;1333;4746002;1193317;1;2739;2.12485;561602;0;0;sBELA0;? Unchecked;v1.6.0-140-g9a10cc1
roadmap;dimacs;45/1;1;     88434;    220092;0;810;1922160;437465;1;2739;0.700698;624327;0;0;sBELA0;? Unchecked;v1.6.0-140-g9a10cc1
roadmap;dimacs;46/1;1;    765554;   1136443;0;716;2443481;505643;1;2739;0.87765;576133;0;0;sBELA0;? Unchecked;v1.6.0-140-g9a10cc1
roadmap;dimacs;47/1;1;   1662423;    665304;0;2025;6865214;1533362;1;2739;2.76341;554880;0;0;sBELA0;? Unchecked;v1.6.0-140-g9a10cc1
roadmap;dimacs;48/1;1;    522581;    744644;0;1294;6138023;1094893;1;2739;1.97758;553654;0;0;sBELA0;? Unchecked;v1.6.0-140-g9a10cc1
roadmap;dimacs;49/1;1;    880871;    913237;0;1190;4898374;1074217;1;2739;1.9535;549895;0;0;sBELA0;? Unchecked;v1.6.0-140-g9a10cc1
roadmap;dimacs;50/1;1;    184031;   1879161;0;1176;5260595;1304809;1;2739;2.34635;556102;0;0;sBELA0;? Unchecked;v1.6.0-140-g9a10cc1
roadmap;dimacs;51/1;1;    638122;   1463354;0;444;1316963;191958;1;2739;0.315377;608663;0;0;sBELA0;? Unchecked;v1.6.0-140-g9a10cc1
roadmap;dimacs;52/1;1;   1314005;    356552;0;1161;4462498;1035672;1;2739;1.83017;565889;0;0;sBELA0;? Unchecked;v1.6.0-140-g9a10cc1
roadmap;dimacs;53/1;1;     21748;   1031477;0;2535;10681247;1575868;1;2739;2.98661;527645;0;0;sBELA0;? Unchecked;v1.6.0-140-g9a10cc1
roadmap;dimacs;54/1;1;    149376;    488085;0;234;1225605;37915;1;2739;0.0853573;444192;0;0;sBELA0;? Unchecked;v1.6.0-140-g9a10cc1
roadmap;dimacs;55/1;1;   1471925;   1271058;0;445;722671;261324;1;2739;0.4144;630607;0;0;sBELA0;? Unchecked;v1.6.0-140-g9a10cc1
roadmap;dimacs;56/1;1;    531829;    538074;0;1937;7230261;1351998;1;2739;2.35042;575215;0;0;sBELA0;? Unchecked;v1.6.0-140-g9a10cc1
roadmap;dimacs;57/1;1;     65785;   1728556;0;1017;3029245;684411;1;2739;1.17668;581646;0;0;sBELA0;? Unchecked;v1.6.0-140-g9a10cc1
roadmap;dimacs;58/1;1;   1182648;    947461;0;1103;5479908;1412872;1;2739;2.47671;570464;0;0;sBELA0;? Unchecked;v1.6.0-140-g9a10cc1
roadmap;dimacs;59/1;1;    834369;   1832866;0;1358;6184324;1562115;1;2739;2.81056;555801;0;0;sBELA0;? Unchecked;v1.6.0-140-g9a10cc1
roadmap;dimacs;60/1;1;   1579344;    795855;0;3397;13143888;1884813;1;2739;3.36171;560671;0;0;sBELA0;? Unchecked;v1.6.0-140-g9a10cc1
roadmap;dimacs;61/1;1;    830015;   1296962;0;1349;6488746;1091749;1;2739;1.98034;551293;0;0;sBELA0;? Unchecked;v1.6.0-140-g9a10cc1
roadmap;dimacs;62/1;1;    390249;     22433;0;795;2515915;389728;1;2739;0.72163;540066;0;0;sBELA0;? Unchecked;v1.6.0-140-g9a10cc1
roadmap;dimacs;63/1;1;   1361440;    776903;0;1688;6005520;1683531;1;2739;3.07267;547904;0;0;sBELA0;? Unchecked;v1.6.0-140-g9a10cc1
roadmap;dimacs;64/1;1;   1526444;    433636;0;456;1089978;297846;1;2739;0.480428;619960;0;0;sBELA0;? Unchecked;v1.6.0-140-g9a10cc1
roadmap;dimacs;65/1;1;    653723;   1649198;0;1796;6702822;1091806;1;2739;1.96186;556517;0;0;sBELA0;? Unchecked;v1.6.0-140-g9a10cc1
roadmap;dimacs;66/1;1;   1848324;   1867145;0;309;2480055;139080;1;2739;0.308575;450717;0;0;sBELA0;? Unchecked;v1.6.0-140-g9a10cc1
roadmap;dimacs;67/1;1;    556081;   1705850;0;545;1729213;371085;1;2739;0.617998;600463;0;0;sBELA0;? Unchecked;v1.6.0-140-g9a10cc1
roadmap;dimacs;68/1;1;   1041215;   1753708;0;1133;7037992;454302;1;2739;0.918311;494715;0;0;sBELA0;? Unchecked;v1.6.0-140-g9a10cc1
roadmap;dimacs;69/1;1;   1673024;   1341690;0;732;3011388;248320;1;2739;0.46639;532430;0;0;sBELA0;? Unchecked;v1.6.0-140-g9a10cc1
roadmap;dimacs;70/1;1;   1305038;   1494283;0;1208;5867865;1307000;1;2739;2.26023;578259;0;0;sBELA0;? Unchecked;v1.6.0-140-g9a10cc1
roadmap;dimacs;71/1;1;    989350;    282657;0;1040;5936533;834480;1;2739;1.59473;523274;0;0;sBELA0;? Unchecked;v1.6.0-140-g9a10cc1
roadmap;dimacs;72/1;1;    277177;    414997;0;1573;6899112;1544364;1;2739;2.72158;567451;0;0;sBELA0;? Unchecked;v1.6.0-140-g9a10cc1
roadmap;dimacs;73/1;1;    189385;    632745;0;1373;3513073;886786;1;2739;1.52064;583166;0;0;sBELA0;? Unchecked;v1.6.0-140-g9a10cc1
roadmap;dimacs;74/1;1;   1642632;    169223;0;620;2265831;209719;1;2739;0.43486;482268;0;0;sBELA0;? Unchecked;v1.6.0-140-g9a10cc1
roadmap;dimacs;75/1;1;   1160966;    638119;0;3042;11495022;1752675;1;2739;3.27983;534379;0;0;sBELA0;? Unchecked;v1.6.0-140-g9a10cc1
roadmap;dimacs;76/1;1;   1759861;   1021392;0;1542;8552462;1723605;1;2739;3.20667;537507;0;0;sBELA0;? Unchecked;v1.6.0-140-g9a10cc1
roadmap;dimacs;77/1;1;    681135;     95876;0;1715;7581201;1396966;1;2739;2.42305;576531;0;0;sBELA0;? Unchecked;v1.6.0-140-g9a10cc1
roadmap;dimacs;78/1;1;    614892;    385398;0;2062;8944793;1779887;1;2739;3.3229;535643;0;0;sBELA0;? Unchecked;v1.6.0-140-g9a10cc1
roadmap;dimacs;79/1;1;   1726489;   1469303;0;2275;9933278;1681376;1;2739;3.21268;523356;0;0;sBELA0;? Unchecked;v1.6.0-140-g9a10cc1
roadmap;dimacs;80/1;1;     52390;    909716;0;593;2588915;399335;1;2739;0.743261;537274;0;0;sBELA0;? Unchecked;v1.6.0-140-g9a10cc1
roadmap;dimacs;81/1;1;   1438544;   1709652;0;739;2861369;459562;1;2739;0.835166;550264;0;0;sBELA0;? Unchecked;v1.6.0-140-g9a10cc1
roadmap;dimacs;82/1;1;   1885245;   1219012;0;967;7656866;1101664;1;2739;2.07043;532093;0;0;sBELA0;? Unchecked;v1.6.0-140-g9a10cc1
roadmap;dimacs;83/1;1;    474128;    462404;0;1664;6969701;1431873;1;2739;2.54046;563628;0;0;sBELA0;? Unchecked;v1.6.0-140-g9a10cc1
roadmap;dimacs;84/1;1;   1776146;    980278;0;1128;5050966;946653;1;2739;1.75139;540514;0;0;sBELA0;? Unchecked;v1.6.0-140-g9a10cc1
roadmap;dimacs;85/1;1;   1391963;    468960;0;2003;7717518;1523304;1;2739;2.72832;558330;0;0;sBELA0;? Unchecked;v1.6.0-140-g9a10cc1
roadmap;dimacs;86/1;1;   1052481;    543349;0;2133;9460452;1476501;1;2739;2.94606;501178;0;0;sBELA0;? Unchecked;v1.6.0-140-g9a10cc1
roadmap;dimacs;87/1;1;   1821017;    791672;0;1104;6671097;299869;1;2739;0.677688;442488;0;0;sBELA0;? Unchecked;v1.6.0-140-g9a10cc1
roadmap;dimacs;88/1;1;    135239;   1107730;0;563;1990016;300859;1;2739;0.493973;609059;0;0;sBELA0;? Unchecked;v1.6.0-140-g9a10cc1
roadmap;dimacs;89/1;1;    105712;   1042809;0;1613;8540319;1872632;1;2745;3.47945;538197;0;0;sBELA0;? Unchecked;v1.6.0-140-g9a10cc1
roadmap;dimacs;90/1;1;    269271;     31624;0;1476;5830477;1250364;1;2745;2.21143;565410;0;0;sBELA0;? Unchecked;v1.6.0-140-g9a10cc1
roadmap;dimacs;91/1;1;    711516;   1110978;0;1485;3813557;904620;1;2745;1.57078;575905;0;0;sBELA0;? Unchecked;v1.6.0-140-g9a10cc1
roadmap;dimacs;92/1;1;    129884;   1702774;0;947;2963343;582916;1;2745;1.05245;553864;0;0;sBELA0;? Unchecked;v1.6.0-140-g9a10cc1
roadmap;dimacs;93/1;1;    677739;   1445420;0;333;1108507;236029;1;2745;0.373115;632590;0;0;sBELA0;? Unchecked;v1.6.0-140-g9a10cc1
roadmap;dimacs;94/1;1;    689436;    132056;0;727;2697369;543756;1;2745;0.972959;558868;0;0;sBELA0;? Unchecked;v1.6.0-140-g9a10cc1
roadmap;dimacs;95/1;1;    172705;   1375271;0;1060;5217136;1399835;1;2745;2.50344;559165;0;0;sBELA0;? Unchecked;v1.6.0-140-g9a10cc1
roadmap;dimacs;96/1;1;   1879024;    843565;0;720;2025794;177678;1;2745;0.389692;455944;0;0;sBELA0;? Unchecked;v1.6.0-140-g9a10cc1
roadmap;dimacs;97/1;1;    594555;   1305211;0;971;1536146;508226;1;2745;0.831931;610899;0;0;sBELA0;? Unchecked;v1.6.0-140-g9a10cc1
roadmap;dimacs;98/1;1;    338636;    646444;0;1052;2535708;686892;1;2745;1.2002;572315;0;0;sBELA0;? Unchecked;v1.6.0-140-g9a10cc1
roadmap;dimacs;99/1;1;   1834673;    546450;0;1191;5698035;418123;1;2745;0.890858;469348;0;0;sBELA0;? Unchecked;v1.6.0-140-g9a10cc1
roadmap;dimacs;0/5;5;   1158641;   1272769;0;2232;9081374;1219308;5;2745;2.40532;506921;0;0;sBELA0;? Unchecked;v1.6.0-140-g9a10cc1
roadmap;dimacs;1/5;5;     54758;   1370062;0;1525;4088356;768679;8;2745;1.33703;574914;0;0;sBELA0;? Unchecked;v1.6.0-140-g9a10cc1
roadmap;dimacs;2/5;5;    935047;   1190851;0;522;3005912;144829;8;2745;0.299681;483278;0;0;sBELA0;? Unchecked;v1.6.0-140-g9a10cc1
roadmap;dimacs;3/5;5;    548674;   1730064;0;787;2234637;539743;5;2745;0.932249;578969;0;0;sBELA0;? Unchecked;v1.6.0-140-g9a10cc1
roadmap;dimacs;4/5;5;    713105;   1135162;0;256;1393221;102531;18;2745;0.194001;528508;0;0;sBELA0;? Unchecked;v1.6.0-140-g9a10cc1
roadmap;dimacs;5/5;5;   1213983;   1847687;0;1048;5259051;1421193;9;2745;2.46249;577136;0;0;sBELA0;? Unchecked;v1.6.0-140-g9a10cc1
roadmap;dimacs;6/5;5;   1416819;   1454455;0;583;1387838;484565;5;2745;0.767427;631415;0;0;sBELA0;? Unchecked;v1.6.0-140-g9a10cc1
roadmap;dimacs;7/5;5;   1202525;   1287863;0;925;2205702;492349;3;2745;0.87071;565457;0;0;sBELA0;? Unchecked;v1.6.0-140-g9a10cc1
roadmap;dimacs;8/5;5;    416104;   1824062;0;1267;4704522;913755;8;2745;1.67252;546334;0;0;sBELA0;? Unchecked;v1.6.0-140-g9a10cc1
roadmap;dimacs;9/5;5;    350612;   1840987;0;1633;9115692;1814789;3;2745;3.33238;544593;0;0;sBELA0;? Unchecked;v1.6.0-140-g9a10cc1
roadmap;dimacs;10/5;5;    581610;   1031954;0;1737;7767641;1449047;3;2745;2.59073;559320;0;0;sBELA0;? Unchecked;v1.6.0-140-g9a10cc1
roadmap;dimacs;11/5;5;    329503;   1179401;0;686;3446387;864584;3;2745;1.48769;581157;0;0;sBELA0;? Unchecked;v1.6.0-140-g9a10cc1
roadmap;dimacs;12/5;5;    480267;    159302;0;1501;7974002;1216681;8;2745;2.14003;568534;0;0;sBELA0;? Unchecked;v1.6.0-140-g9a10cc1
roadmap;dimacs;13/5;5;   1890527;   1576171;0;1614;8709092;1468063;7;2745;2.95723;496431;0;0;sBELA0;? Unchecked;v1.6.0-140-g9a10cc1
roadmap;dimacs;14/5;5;   1743677;    933040;0;966;5426132;1467748;4;2745;2.69255;545115;0;0;sBELA0;? Unchecked;v1.6.0-140-g9a10cc1
roadmap;dimacs;15/5;5;   1460731;   1705524;0;2202;8152763;1618855;1;2745;2.84496;569026;0;0;sBELA0;? Unchecked;v1.6.0-140-g9a10cc1
roadmap;dimacs;16/5;5;    801770;    765171;0;1632;5188904;642248;5;2745;1.21703;527717;0;0;sBELA0;? Unchecked;v1.6.0-140-g9a10cc1
roadmap;dimacs;17/5;5;   1076837;   1604094;0;403;1054980;226927;5;2745;0.378802;599065;0;0;sBELA0;? Unchecked;v1.6.0-140-g9a10cc1
roadmap;dimacs;18/5;5;   1431544;    194846;0;1536;5259138;998639;6;2745;1.81788;549344;0;0;sBELA0;? Unchecked;v1.6.0-140-g9a10cc1
roadmap;dimacs;19/5;5;   1536202;    632533;0;695;2578204;695179;5;2745;1.18028;588995;0;0;sBELA0;? Unchecked;v1.6.0-140-g9a10cc1
roadmap;dimacs;20/5;5;    356711;    288578;0;1572;4883636;1146305;2;2745;2.11234;542671;0;0;sBELA0;? Unchecked;v1.6.0-140-g9a10cc1
roadmap;dimacs;21/5;5;   1416275;   1578430;0;453;1175794;413856;16;2745;0.673446;614535;0;0;sBELA0;? Unchecked;v1.6.0-140-g9a10cc1
roadmap;dimacs;22/5;5;   1267172;   1104888;0;1385;6179731;1332858;3;2745;2.28815;582505;0;0;sBELA0;? Unchecked;v1.6.0-140-g9a10cc1
roadmap;dimacs;23/5;5;   1466216;   1076837;0;1624;6568821;1273310;1;2745;2.20525;577398;0;0;sBELA0;? Unchecked;v1.6.0-140-g9a10cc1
roadmap;dimacs;24/5;5;   1228417;     41268;0;921;1804821;295207;6;2745;0.482674;611607;0;0;sBELA0;? Unchecked;v1.6.0-140-g9a10cc1
roadmap;dimacs;25/5;5;    321340;    192757;0;393;1500443;416949;5;2745;0.676853;616011;0;0;sBELA0;? Unchecked;v1.6.0-140-g9a10cc1
roadmap;dimacs;26/5;5;    965921;   1375640;0;1292;6122368;1631336;7;2745;3.01965;540240;0;0;sBELA0;? Unchecked;v1.6.0-140-g9a10cc1
roadmap;dimacs;27/5;5;   1657428;    779364;0;1485;5065126;976214;5;2745;1.754;556566;0;0;sBELA0;? Unchecked;v1.6.0-140-g9a10cc1
roadmap;dimacs;28/5;5;    454410;    618767;0;398;955320;349174;6;2745;0.546866;638500;0;0;sBELA0;? Unchecked;v1.6.0-140-g9a10cc1
roadmap;dimacs;29/5;5;   1453433;   1181632;0;572;3003248;732327;5;2745;1.28107;571653;0;0;sBELA0;? Unchecked;v1.6.0-140-g9a10cc1
roadmap;dimacs;30/5;5;    261444;   1761841;0;477;789740;244584;7;2745;0.396471;616902;0;0;sBELA0;? Unchecked;v1.6.0-140-g9a10cc1
roadmap;dimacs;31/5;5;   1710330;   1308565;0;1237;6157044;1026002;1;2745;1.80125;569606;0;0;sBELA0;? Unchecked;v1.6.0-140-g9a10cc1
roadmap;dimacs;32/5;5;   1622269;    239225;0;1506;3830734;741339;5;2745;1.30401;568506;0;0;sBELA0;? Unchecked;v1.6.0-140-g9a10cc1
roadmap;dimacs;33/5;5;    858782;    835734;0;937;2932110;654704;7;2745;1.12305;582971;0;0;sBELA0;? Unchecked;v1.6.0-140-g9a10cc1
roadmap;dimacs;34/5;5;   1164733;   1686951;0;633;3418223;164328;5;2745;0.323336;508227;0;0;sBELA0;? Unchecked;v1.6.0-140-g9a10cc1
roadmap;dimacs;35/5;5;   1008319;    677177;0;1771;8091396;1823176;14;2745;3.19079;571387;0;0;sBELA0;? Unchecked;v1.6.0-140-g9a10cc1
roadmap;dimacs;36/5;5;   1646034;   1063654;0;1900;9241741;1880584;1;2745;3.4449;545904;0;0;sBELA0;? Unchecked;v1.6.0-140-g9a10cc1
roadmap;dimacs;37/5;5;    682994;   1688601;0;3400;12098029;1873212;1;2745;3.36295;557015;0;0;sBELA0;? Unchecked;v1.6.0-140-g9a10cc1
roadmap;dimacs;38/5;5;    257300;    548822;0;1143;6020820;1343871;3;2745;2.31912;579473;0;0;sBELA0;? Unchecked;v1.6.0-140-g9a10cc1
roadmap;dimacs;39/5;5;   1208113;    169244;0;253;994605;64818;6;2745;0.128006;506368;0;0;sBELA0;? Unchecked;v1.6.0-140-g9a10cc1
roadmap;dimacs;40/5;5;   1226440;   1391278;0;2163;8142667;1513571;1;2745;2.7521;549969;0;0;sBELA0;? Unchecked;v1.6.0-140-g9a10cc1
roadmap;dimacs;41/5;5;    122277;   1128394;0;722;2944499;578717;6;2745;1.02784;563044;0;0;sBELA0;? Unchecked;v1.6.0-140-g9a10cc1
roadmap;dimacs;42/5;5;     66946;   1214669;0;1054;5959980;993077;3;2745;1.79457;553379;0;0;sBELA0;? Unchecked;v1.6.0-140-g9a10cc1
roadmap;dimacs;43/5;5;    299055;   1685578;0;2344;9966137;1826270;1;2745;3.3241;549402;0;0;sBELA0;? Unchecked;v1.6.0-140-g9a10cc1
roadmap;dimacs;44/5;5;   1617239;   1448010;0;1339;4746020;1193320;9;2745;2.13806;558133;0;0;sBELA0;? Unchecked;v1.6.0-140-g9a10cc1
roadmap;dimacs;45/5;5;     88434;    220092;0;817;1922184;437470;5;2745;0.709035;616994;0;0;sBELA0;? Unchecked;v1.6.0-140-g9a10cc1
roadmap;dimacs;46/5;5;    765554;   1136443;0;713;2443481;505643;1;2745;0.885967;570724;0;0;sBELA0;? Unchecked;v1.6.0-140-g9a10cc1
roadmap;dimacs;47/5;5;   1662423;    665304;0;2022;6865214;1533362;1;2745;2.76173;555218;0;0;sBELA0;? Unchecked;v1.6.0-140-g9a10cc1
roadmap;dimacs;48/5;5;    522581;    744644;0;1294;6138023;1094893;1;2745;1.98912;550440;0;0;sBELA0;? Unchecked;v1.6.0-140-g9a10cc1
roadmap;dimacs;49/5;5;    880871;    913237;0;1191;4898407;1074229;6;2745;1.9627;547322;0;0;sBELA0;? Unchecked;v1.6.0-140-g9a10cc1
roadmap;dimacs;50/5;5;    184031;   1879161;0;1174;5260628;1304820;3;2745;2.35444;554194;0;0;sBELA0;? Unchecked;v1.6.0-140-g9a10cc1
roadmap;dimacs;51/5;5;    638122;   1463354;0;445;1317115;192019;5;2745;0.319861;600319;0;0;sBELA0;? Unchecked;v1.6.0-140-g9a10cc1
roadmap;dimacs;52/5;5;   1314005;    356552;0;1161;4462513;1035677;4;2745;1.83707;563766;0;0;sBELA0;? Unchecked;v1.6.0-140-g9a10cc1
roadmap;dimacs;53/5;5;     21748;   1031477;0;2539;10681248;1575868;2;2745;2.99981;525323;0;0;sBELA0;? Unchecked;v1.6.0-140-g9a10cc1
roadmap;dimacs;54/5;5;    149376;    488085;0;236;1225855;37937;10;2745;0.0900558;421261;0;0;sBELA0;? Unchecked;v1.6.0-140-g9a10cc1
roadmap;dimacs;55/5;5;   1471925;   1271058;0;442;722678;261331;2;2745;0.41658;627324;0;0;sBELA0;? Unchecked;v1.6.0-140-g9a10cc1
roadmap;dimacs;56/5;5;    531829;    538074;0;1940;7230264;1351999;3;2745;2.36257;572257;0;0;sBELA0;? Unchecked;v1.6.0-140-g9a10cc1
roadmap;dimacs;57/5;5;     65785;   1728556;0;1017;3029316;684428;7;2745;1.18556;577304;0;0;sBELA0;? Unchecked;v1.6.0-140-g9a10cc1
roadmap;dimacs;58/5;5;   1182648;    947461;0;1104;5479936;1412875;2;2745;2.47248;571441;0;0;sBELA0;? Unchecked;v1.6.0-140-g9a10cc1
roadmap;dimacs;59/5;5;    834369;   1832866;0;1357;6184336;1562119;5;2745;2.8195;554040;0;0;sBELA0;? Unchecked;v1.6.0-140-g9a10cc1
roadmap;dimacs;60/5;5;   1579344;    795855;0;3404;13143890;1884813;2;2745;3.37712;558112;0;0;sBELA0;? Unchecked;v1.6.0-140-g9a10cc1
roadmap;dimacs;61/5;5;    830015;   1296962;0;1349;6488746;1091749;1;2745;2.0048;544568;0;0;sBELA0;? Unchecked;v1.6.0-140-g9a10cc1
roadmap;dimacs;62/5;5;    390249;     22433;0;795;2515915;389728;1;2745;0.734463;530630;0;0;sBELA0;? Unchecked;v1.6.0-140-g9a10cc1
roadmap;dimacs;63/5;5;   1361440;    776903;0;1689;6005574;1683539;7;2745;3.10504;542196;0;0;sBELA0;? Unchecked;v1.6.0-140-g9a10cc1
roadmap;dimacs;64/5;5;   1526444;    433636;0;453;1090054;297909;5;2745;0.490304;607600;0;0;sBELA0;? Unchecked;v1.6.0-140-g9a10cc1
roadmap;dimacs;65/5;5;    653723;   1649198;0;1797;6702822;1091806;1;2745;1.99624;546932;0;0;sBELA0;? Unchecked;v1.6.0-140-g9a10cc1
roadmap;dimacs;66/5;5;   1848324;   1867145;0;310;2480753;139158;38;2745;0.310828;447701;0;0;sBELA0;? Unchecked;v1.6.0-140-g9a10cc1
roadmap;dimacs;67/5;5;    556081;   1705850;0;546;1729227;371091;3;2745;0.631619;587523;0;0;sBELA0;? Unchecked;v1.6.0-140-g9a10cc1
roadmap;dimacs;68/5;5;   1041215;   1753708;0;1134;7038061;454319;5;2745;0.939264;483697;0;0;sBELA0;? Unchecked;v1.6.0-140-g9a10cc1
roadmap;dimacs;69/5;5;   1673024;   1341690;0;732;3011400;248322;5;2745;0.470134;528194;0;0;sBELA0;? Unchecked;v1.6.0-140-g9a10cc1
roadmap;dimacs;70/5;5;   1305038;   1494283;0;1208;5867878;1307002;5;2745;2.29361;569846;0;0;sBELA0;? Unchecked;v1.6.0-140-g9a10cc1
roadmap;dimacs;71/5;5;    989350;    282657;0;1040;5936551;834497;5;2745;1.6233;514075;0;0;sBELA0;? Unchecked;v1.6.0-140-g9a10cc1
roadmap;dimacs;72/5;5;    277177;    414997;0;1573;6899125;1544368;5;2745;2.7636;558825;0;0;sBELA0;? Unchecked;v1.6.0-140-g9a10cc1
roadmap;dimacs;73/5;5;    189385;    632745;0;1373;3513073;886786;1;2745;1.54831;572745;0;0;sBELA0;? Unchecked;v1.6.0-140-g9a10cc1
roadmap;dimacs;74/5;5;   1642632;    169223;0;621;2266205;209842;25;2745;0.436715;480501;0;0;sBELA0;? Unchecked;v1.6.0-140-g9a10cc1
roadmap;dimacs;75/5;5;   1160966;    638119;0;3041;11495022;1752675;1;2745;3.32408;527266;0;0;sBELA0;? Unchecked;v1.6.0-140-g9a10cc1
roadmap;dimacs;76/5;5;   1759861;   1021392;0;1539;8552466;1723605;3;2745;3.23976;532016;0;0;sBELA0;? Unchecked;v1.6.0-140-g9a10cc1
roadmap;dimacs;77/5;5;    681135;     95876;0;1713;7581234;1396982;9;2745;2.42294;576564;0;0;sBELA0;? Unchecked;v1.6.0-140-g9a10cc1
roadmap;dimacs;78/5;5;    614892;    385398;0;2063;8944796;1779887;3;2745;3.33178;534215;0;0;sBELA0;? Unchecked;v1.6.0-140-g9a10cc1
roadmap;dimacs;79/5;5;   1726489;   1469303;0;2274;9933279;1681376;3;2745;3.21555;522888;0;0;sBELA0;? Unchecked;v1.6.0-140-g9a10cc1
roadmap;dimacs;80/5;5;     52390;    909716;0;594;2589011;399371;6;2745;0.7541;529600;0;0;sBELA0;? Unchecked;v1.6.0-140-g9a10cc1
roadmap;dimacs;81/5;5;   1438544;   1709652;0;739;2861398;459583;5;2745;0.823836;557857;0;0;sBELA0;? Unchecked;v1.6.0-140-g9a10cc1
roadmap;dimacs;82/5;5;   1885245;   1219012;0;967;7656900;1101702;5;2745;2.06977;532282;0;0;sBELA0;? Unchecked;v1.6.0-140-g9a10cc1
roadmap;dimacs;83/5;5;    474128;    462404;0;1663;6969701;1431873;1;2745;2.55422;560591;0;0;sBELA0;? Unchecked;v1.6.0-140-g9a10cc1
roadmap;dimacs;84/5;5;   1776146;    980278;0;1128;5051053;946657;5;2745;1.75628;539013;0;0;sBELA0;? Unchecked;v1.6.0-140-g9a10cc1
roadmap;dimacs;85/5;5;   1391963;    468960;0;2004;7717518;1523304;1;2745;2.73248;557481;0;0;sBELA0;? Unchecked;v1.6.0-140-g9a10cc1
roadmap;dimacs;86/5;5;   1052481;    543349;0;2133;9460464;1476508;6;2745;2.9501;500494;0;0;sBELA0;? Unchecked;v1.6.0-140-g9a10cc1
roadmap;dimacs;87/5;5;   1821017;    791672;0;1103;6671117;299870;5;2745;0.695366;431240;0;0;sBELA0;? Unchecked;v1.6.0-140-g9a10cc1
roadmap;dimacs;88/5;5;    135239;   1107730;0;562;1990026;300860;5;2745;0.507501;592826;0;0;sBELA0;? Unchecked;v1.6.0-140-g9a10cc1
roadmap;dimacs;89/5;5;    105712;   1042809;0;1614;8540358;1872633;4;2747;3.49464;535858;0;0;sBELA0;? Unchecked;v1.6.0-140-g9a10cc1
roadmap;dimacs;90/5;5;    269271;     31624;0;1476;5830477;1250364;1;2747;2.23377;559756;0;0;sBELA0;? Unchecked;v1.6.0-140-g9a10cc1
roadmap;dimacs;91/5;5;    711516;   1110978;0;1486;3813570;904625;4;2747;1.57909;572877;0;0;sBELA0;? Unchecked;v1.6.0-140-g9a10cc1
roadmap;dimacs;92/5;5;    129884;   1702774;0;947;2963392;582940;6;2747;1.05721;551394;0;0;sBELA0;? Unchecked;v1.6.0-140-g9a10cc1
roadmap;dimacs;93/5;5;    677739;   1445420;0;334;1108842;236127;12;2747;0.386755;610534;0;0;sBELA0;? Unchecked;v1.6.0-140-g9a10cc1
roadmap;dimacs;94/5;5;    689436;    132056;0;726;2697399;543759;5;2747;0.980134;554780;0;0;sBELA0;? Unchecked;v1.6.0-140-g9a10cc1
roadmap;dimacs;95/5;5;    172705;   1375271;0;1060;5217149;1399836;5;2747;2.50499;558818;0;0;sBELA0;? Unchecked;v1.6.0-140-g9a10cc1
roadmap;dimacs;96/5;5;   1879024;    843565;0;720;2025804;177683;5;2747;0.406006;437637;0;0;sBELA0;? Unchecked;v1.6.0-140-g9a10cc1
roadmap;dimacs;97/5;5;    594555;   1305211;0;971;1536158;508227;5;2747;0.847867;599419;0;0;sBELA0;? Unchecked;v1.6.0-140-g9a10cc1
roadmap;dimacs;98/5;5;    338636;    646444;0;1051;2535716;686893;3;2747;1.2075;568856;0;0;sBELA0;? Unchecked;v1.6.0-140-g9a10cc1
roadmap;dimacs;99/5;5;   1834673;    546450;0;1191;5698041;418124;3;2747;0.896467;466413;0;0;sBELA0;? Unchecked;v1.6.0-140-g9a10cc1
roadmap;dimacs;0/10;10;   1158641;   1272769;0;2233;9081378;1219310;10;2747;2.46935;493778;0;0;sBELA0;? Unchecked;v1.6.0-140-g9a10cc1
roadmap;dimacs;1/10;10;     54758;   1370062;0;1524;4088362;768681;14;2747;1.3875;554003;0;0;sBELA0;? Unchecked;v1.6.0-140-g9a10cc1
roadmap;dimacs;2/10;10;    935047;   1190851;0;522;3006022;144843;22;2747;0.326862;443132;0;0;sBELA0;? Unchecked;v1.6.0-140-g9a10cc1
roadmap;dimacs;3/10;10;    548674;   1730064;0;787;2234653;539747;10;2747;0.980609;550420;0;0;sBELA0;? Unchecked;v1.6.0-140-g9a10cc1
roadmap;dimacs;4/10;10;    713105;   1135162;0;256;1393327;102539;43;2747;0.202439;506518;0;0;sBELA0;? Unchecked;v1.6.0-140-g9a10cc1
roadmap;dimacs;5/10;10;   1213983;   1847687;0;1049;5259166;1421207;31;2747;2.51515;565059;0;0;sBELA0;? Unchecked;v1.6.0-140-g9a10cc1
roadmap;dimacs;6/10;10;   1416819;   1454455;0;584;1387854;484573;10;2747;0.800614;605251;0;0;sBELA0;? Unchecked;v1.6.0-140-g9a10cc1
roadmap;dimacs;7/10;10;   1202525;   1287863;0;925;2205717;492354;5;2747;0.914123;538608;0;0;sBELA0;? Unchecked;v1.6.0-140-g9a10cc1
roadmap;dimacs;8/10;10;    416104;   1824062;0;1268;4704572;913759;18;2747;1.71741;532058;0;0;sBELA0;? Unchecked;v1.6.0-140-g9a10cc1
roadmap;dimacs;9/10;10;    350612;   1840987;0;1631;9115732;1814793;5;2747;3.39605;534384;0;0;sBELA0;? Unchecked;v1.6.0-140-g9a10cc1
roadmap;dimacs;10/10;10;    581610;   1031954;0;1737;7767649;1449051;5;2747;2.64469;547909;0;0;sBELA0;? Unchecked;v1.6.0-140-g9a10cc1
roadmap;dimacs;11/10;10;    329503;   1179401;0;689;3446405;864587;5;2747;1.52118;568366;0;0;sBELA0;? Unchecked;v1.6.0-140-g9a10cc1
roadmap;dimacs;12/10;10;    480267;    159302;0;1503;7974029;1216688;15;2747;2.19148;555190;0;0;sBELA0;? Unchecked;v1.6.0-140-g9a10cc1
roadmap;dimacs;13/10;10;   1890527;   1576171;0;1618;8709116;1468070;13;2747;3.01709;486584;0;0;sBELA0;? Unchecked;v1.6.0-140-g9a10cc1
roadmap;dimacs;14/10;10;   1743677;    933040;0;966;5426136;1467750;7;2747;2.75334;533080;0;0;sBELA0;? Unchecked;v1.6.0-140-g9a10cc1
roadmap;dimacs;15/10;10;   1460731;   1705524;0;2204;8152763;1618855;1;2747;2.87334;563406;0;0;sBELA0;? Unchecked;v1.6.0-140-g9a10cc1
roadmap;dimacs;16/10;10;    801770;    765171;0;1633;5188925;642254;10;2747;1.25434;512024;0;0;sBELA0;? Unchecked;v1.6.0-140-g9a10cc1
roadmap;dimacs;17/10;10;   1076837;   1604094;0;405;1055001;226929;10;2747;0.383612;591558;0;0;sBELA0;? Unchecked;v1.6.0-140-g9a10cc1
roadmap;dimacs;18/10;10;   1431544;    194846;0;1537;5259147;998639;11;2747;1.84968;539898;0;0;sBELA0;? Unchecked;v1.6.0-140-g9a10cc1
roadmap;dimacs;19/10;10;   1536202;    632533;0;697;2578259;695189;12;2747;1.22256;568635;0;0;sBELA0;? Unchecked;v1.6.0-140-g9a10cc1
roadmap;dimacs;20/10;10;    356711;    288578;0;1572;4883641;1146305;3;2747;2.14038;535562;0;0;sBELA0;? Unchecked;v1.6.0-140-g9a10cc1
roadmap;dimacs;21/10;10;   1416275;   1578430;0;453;1176014;413916;78;2747;0.694832;595706;0;0;sBELA0;? Unchecked;v1.6.0-140-g9a10cc1
roadmap;dimacs;22/10;10;   1267172;   1104888;0;1386;6179733;1332858;5;2747;2.34397;568633;0;0;sBELA0;? Unchecked;v1.6.0-140-g9a10cc1
roadmap;dimacs;23/10;10;   1466216;   1076837;0;1624;6568822;1273310;2;2747;2.26297;562671;0;0;sBELA0;? Unchecked;v1.6.0-140-g9a10cc1
roadmap;dimacs;24/10;10;   1228417;     41268;0;922;1804835;295212;13;2747;0.493959;597645;0;0;sBELA0;? Unchecked;v1.6.0-140-g9a10cc1
roadmap;dimacs;25/10;10;    321340;    192757;0;392;1500457;416950;10;2747;0.694715;600174;0;0;sBELA0;? Unchecked;v1.6.0-140-g9a10cc1
roadmap;dimacs;26/10;10;    965921;   1375640;0;1276;6122396;1631348;12;2747;3.06628;532028;0;0;sBELA0;? Unchecked;v1.6.0-140-g9a10cc1
roadmap;dimacs;27/10;10;   1657428;    779364;0;1483;5065183;976232;14;2747;1.7977;543045;0;0;sBELA0;? Unchecked;v1.6.0-140-g9a10cc1
roadmap;dimacs;28/10;10;    454410;    618767;0;397;955322;349176;8;2747;0.568069;614672;0;0;sBELA0;? Unchecked;v1.6.0-140-g9a10cc1
roadmap;dimacs;29/10;10;   1453433;   1181632;0;572;3003309;732331;14;2747;1.32978;550715;0;0;sBELA0;? Unchecked;v1.6.0-140-g9a10cc1
roadmap;dimacs;30/10;10;    261444;   1761841;0;479;789751;244589;13;2747;0.403483;606193;0;0;sBELA0;? Unchecked;v1.6.0-140-g9a10cc1
roadmap;dimacs;31/10;10;   1710330;   1308565;0;1240;6157046;1026002;2;2747;1.85574;552881;0;0;sBELA0;? Unchecked;v1.6.0-140-g9a10cc1
roadmap;dimacs;32/10;10;   1622269;    239225;0;1495;3830753;741349;10;2747;1.3559;546757;0;0;sBELA0;? Unchecked;v1.6.0-140-g9a10cc1
roadmap;dimacs;33/10;10;    858782;    835734;0;939;2932124;654710;13;2747;1.17214;558559;0;0;sBELA0;? Unchecked;v1.6.0-140-g9a10cc1
roadmap;dimacs;34/10;10;   1164733;   1686951;0;635;3418234;164330;7;2747;0.336864;487824;0;0;sBELA0;? Unchecked;v1.6.0-140-g9a10cc1
roadmap;dimacs;35/10;10;   1008319;    677177;0;1772;8091422;1823182;23;2747;3.2665;558145;0;0;sBELA0;? Unchecked;v1.6.0-140-g9a10cc1
roadmap;dimacs;36/10;10;   1646034;   1063654;0;1904;9241741;1880584;1;2747;3.47245;541572;0;0;sBELA0;? Unchecked;v1.6.0-140-g9a10cc1
roadmap;dimacs;37/10;10;    682994;   1688601;0;3407;12098031;1873212;2;2747;3.40204;550615;0;0;sBELA0;? Unchecked;v1.6.0-140-g9a10cc1
roadmap;dimacs;38/10;10;    257300;    548822;0;1142;6020822;1343873;5;2747;2.35423;570834;0;0;sBELA0;? Unchecked;v1.6.0-140-g9a10cc1
roadmap;dimacs;39/10;10;   1208113;    169244;0;253;994711;64832;18;2747;0.123985;522901;0;0;sBELA0;? Unchecked;v1.6.0-140-g9a10cc1
roadmap;dimacs;40/10;10;   1226440;   1391278;0;2165;8142669;1513571;2;2747;2.7768;545077;0;0;sBELA0;? Unchecked;v1.6.0-140-g9a10cc1
roadmap;dimacs;41/10;10;    122277;   1128394;0;721;2944520;578728;14;2747;1.05348;549347;0;0;sBELA0;? Unchecked;v1.6.0-140-g9a10cc1
roadmap;dimacs;42/10;10;     66946;   1214669;0;1053;5959982;993077;5;2747;1.81906;545929;0;0;sBELA0;? Unchecked;v1.6.0-140-g9a10cc1
roadmap;dimacs;43/10;10;    299055;   1685578;0;2344;9966137;1826270;1;2747;3.35733;543966;0;0;sBELA0;? Unchecked;v1.6.0-140-g9a10cc1
roadmap;dimacs;44/10;10;   1617239;   1448010;0;1334;4746029;1193322;16;2747;2.18656;545753;0;0;sBELA0;? Unchecked;v1.6.0-140-g9a10cc1
roadmap;dimacs;45/10;10;     88434;    220092;0;810;1922197;437473;9;2747;0.743771;588182;0;0;sBELA0;? Unchecked;v1.6.0-140-g9a10cc1
roadmap;dimacs;46/10;10;    765554;   1136443;0;713;2443482;505643;2;2747;0.910113;555583;0;0;sBELA0;? Unchecked;v1.6.0-140-g9a10cc1
roadmap;dimacs;47/10;10;   1662423;    665304;0;2028;6865214;1533362;1;2747;2.79942;547744;0;0;sBELA0;? Unchecked;v1.6.0-140-g9a10cc1
roadmap;dimacs;48/10;10;    522581;    744644;0;1294;6138024;1094893;2;2747;2.03334;538469;0;0;sBELA0;? Unchecked;v1.6.0-140-g9a10cc1
roadmap;dimacs;49/10;10;    880871;    913237;0;1189;4898449;1074249;12;2747;2.0073;535172;0;0;sBELA0;? Unchecked;v1.6.0-140-g9a10cc1
roadmap;dimacs;50/10;10;    184031;   1879161;0;1178;5260642;1304827;5;2747;2.39797;544139;0;0;sBELA0;? Unchecked;v1.6.0-140-g9a10cc1
roadmap;dimacs;51/10;10;    638122;   1463354;0;437;1317152;192029;11;2747;0.342099;561327;0;0;sBELA0;? Unchecked;v1.6.0-140-g9a10cc1
roadmap;dimacs;52/10;10;   1314005;    356552;0;1164;4462520;1035683;6;2747;1.88214;550269;0;0;sBELA0;? Unchecked;v1.6.0-140-g9a10cc1
roadmap;dimacs;53/10;10;     21748;   1031477;0;2537;10681248;1575868;3;2747;3.04409;517680;0;0;sBELA0;? Unchecked;v1.6.0-140-g9a10cc1
roadmap;dimacs;54/10;10;    149376;    488085;0;255;1225968;37949;25;2747;0.109871;345397;0;0;sBELA0;? Unchecked;v1.6.0-140-g9a10cc1
roadmap;dimacs;55/10;10;   1471925;   1271058;0;445;722738;261367;8;2747;0.411595;635009;0;0;sBELA0;? Unchecked;v1.6.0-140-g9a10cc1
roadmap;dimacs;56/10;10;    531829;    538074;0;1937;7230265;1351999;5;2747;2.40324;562574;0;0;sBELA0;? Unchecked;v1.6.0-140-g9a10cc1
roadmap;dimacs;57/10;10;     65785;   1728556;0;1018;3029381;684451;29;2747;1.23057;556209;0;0;sBELA0;? Unchecked;v1.6.0-140-g9a10cc1
roadmap;dimacs;58/10;10;   1182648;    947461;0;1102;5479941;1412876;3;2747;2.51648;561450;0;0;sBELA0;? Unchecked;v1.6.0-140-g9a10cc1
roadmap;dimacs;59/10;10;    834369;   1832866;0;1358;6184345;1562122;10;2747;2.85846;546490;0;0;sBELA0;? Unchecked;v1.6.0-140-g9a10cc1
roadmap;dimacs;60/10;10;   1579344;    795855;0;3398;13143890;1884813;3;2747;3.41871;551322;0;0;sBELA0;? Unchecked;v1.6.0-140-g9a10cc1
roadmap;dimacs;61/10;10;    830015;   1296962;0;1352;6488748;1091750;2;2747;2.02954;537929;0;0;sBELA0;? Unchecked;v1.6.0-140-g9a10cc1
roadmap;dimacs;62/10;10;    390249;     22433;0;795;2515916;389728;2;2747;0.752134;518163;0;0;sBELA0;? Unchecked;v1.6.0-140-g9a10cc1
roadmap;dimacs;63/10;10;   1361440;    776903;0;1686;6005611;1683547;19;2747;3.13184;537559;0;0;sBELA0;? Unchecked;v1.6.0-140-g9a10cc1
roadmap;dimacs;64/10;10;   1526444;    433636;0;451;1090072;297932;10;2747;0.51209;581796;0;0;sBELA0;? Unchecked;v1.6.0-140-g9a10cc1
roadmap;dimacs;65/10;10;    653723;   1649198;0;1799;6702822;1091806;1;2747;2.01669;541386;0;0;sBELA0;? Unchecked;v1.6.0-140-g9a10cc1
roadmap;dimacs;66/10;10;   1848324;   1867145;0;316;2481509;139242;132;2747;0.329001;423227;0;0;sBELA0;? Unchecked;v1.6.0-140-g9a10cc1
roadmap;dimacs;67/10;10;    556081;   1705850;0;545;1729251;371102;9;2747;0.654461;567035;0;0;sBELA0;? Unchecked;v1.6.0-140-g9a10cc1
roadmap;dimacs;68/10;10;   1041215;   1753708;0;1136;7038099;454329;10;2747;0.951282;477596;0;0;sBELA0;? Unchecked;v1.6.0-140-g9a10cc1
roadmap;dimacs;69/10;10;   1673024;   1341690;0;733;3011431;248326;10;2747;0.488429;508417;0;0;sBELA0;? Unchecked;v1.6.0-140-g9a10cc1
roadmap;dimacs;70/10;10;   1305038;   1494283;0;1209;5867886;1307004;10;2747;2.31464;564669;0;0;sBELA0;? Unchecked;v1.6.0-140-g9a10cc1
roadmap;dimacs;71/10;10;    989350;    282657;0;1041;5936563;834510;10;2747;1.63823;509396;0;0;sBELA0;? Unchecked;v1.6.0-140-g9a10cc1
roadmap;dimacs;72/10;10;    277177;    414997;0;1573;6899139;1544371;10;2747;2.78118;555293;0;0;sBELA0;? Unchecked;v1.6.0-140-g9a10cc1
roadmap;dimacs;73/10;10;    189385;    632745;0;1373;3513073;886786;1;2747;1.56897;565202;0;0;sBELA0;? Unchecked;v1.6.0-140-g9a10cc1
roadmap;dimacs;74/10;10;   1642632;    169223;0;622;2266285;209859;46;2747;0.453289;462969;0;0;sBELA0;? Unchecked;v1.6.0-140-g9a10cc1
roadmap;dimacs;75/10;10;   1160966;    638119;0;3043;11495024;1752675;2;2747;3.32696;526810;0;0;sBELA0;? Unchecked;v1.6.0-140-g9a10cc1
roadmap;dimacs;76/10;10;   1759861;   1021392;0;1538;8552470;1723608;5;2747;3.25363;529749;0;0;sBELA0;? Unchecked;v1.6.0-140-g9a10cc1
roadmap;dimacs;77/10;10;    681135;     95876;0;1717;7581248;1396988;18;2747;2.4387;572840;0;0;sBELA0;? Unchecked;v1.6.0-140-g9a10cc1
roadmap;dimacs;78/10;10;    614892;    385398;0;2065;8944803;1779887;5;2747;3.35327;530791;0;0;sBELA0;? Unchecked;v1.6.0-140-g9a10cc1
roadmap;dimacs;79/10;10;   1726489;   1469303;0;2276;9933280;1681377;5;2747;3.23575;519626;0;0;sBELA0;? Unchecked;v1.6.0-140-g9a10cc1
roadmap;dimacs;80/10;10;     52390;    909716;0;595;2589085;399394;16;2747;0.764856;522182;0;0;sBELA0;? Unchecked;v1.6.0-140-g9a10cc1
roadmap;dimacs;81/10;10;   1438544;   1709652;0;739;2861403;459585;10;2747;0.842984;545188;0;0;sBELA0;? Unchecked;v1.6.0-140-g9a10cc1
roadmap;dimacs;82/10;10;   1885245;   1219012;0;968;7656918;1101722;10;2747;2.09889;524906;0;0;sBELA0;? Unchecked;v1.6.0-140-g9a10cc1
roadmap;dimacs;83/10;10;    474128;    462404;0;1664;6969705;1431875;2;2747;2.56799;557585;0;0;sBELA0;? Unchecked;v1.6.0-140-g9a10cc1
roadmap;dimacs;84/10;10;   1776146;    980278;0;1130;5051071;946660;12;2747;1.78163;531345;0;0;sBELA0;? Unchecked;v1.6.0-140-g9a10cc1
roadmap;dimacs;85/10;10;   1391963;    468960;0;2003;7717522;1523305;2;2747;2.74985;553959;0;0;sBELA0;? Unchecked;v1.6.0-140-g9a10cc1
roadmap;dimacs;86/10;10;   1052481;    543349;0;2133;9460470;1476511;11;2747;2.96813;497454;0;0;sBELA0;? Unchecked;v1.6.0-140-g9a10cc1
roadmap;dimacs;87/10;10;   1821017;    791672;0;1105;6671119;299870;10;2747;0.696935;430270;0;0;sBELA0;? Unchecked;v1.6.0-140-g9a10cc1
roadmap;dimacs;88/10;10;    135239;   1107730;0;564;1990030;300860;10;2747;0.519382;579265;0;0;sBELA0;? Unchecked;v1.6.0-140-g9a10cc1
roadmap;dimacs;89/10;10;    105712;   1042809;0;1614;8540372;1872633;6;2749;3.48541;537278;0;0;sBELA0;? Unchecked;v1.6.0-140-g9a10cc1
roadmap;dimacs;90/10;10;    269271;     31624;0;1476;5830477;1250364;1;2749;2.23498;559453;0;0;sBELA0;? Unchecked;v1.6.0-140-g9a10cc1
roadmap;dimacs;91/10;10;    711516;   1110978;0;1483;3813586;904629;6;2749;1.5961;566775;0;0;sBELA0;? Unchecked;v1.6.0-140-g9a10cc1
roadmap;dimacs;92/10;10;    129884;   1702774;0;946;2963423;582948;11;2749;1.0753;542125;0;0;sBELA0;? Unchecked;v1.6.0-140-g9a10cc1
roadmap;dimacs;93/10;10;    677739;   1445420;0;322;1109118;236212;65;2749;0.399201;591712;0;0;sBELA0;? Unchecked;v1.6.0-140-g9a10cc1
roadmap;dimacs;94/10;10;    689436;    132056;0;726;2697425;543764;10;2749;0.993622;547255;0;0;sBELA0;? Unchecked;v1.6.0-140-g9a10cc1
roadmap;dimacs;95/10;10;    172705;   1375271;0;1071;5217157;1399837;10;2749;2.51682;556193;0;0;sBELA0;? Unchecked;v1.6.0-140-g9a10cc1
roadmap;dimacs;96/10;10;   1879024;    843565;0;719;2025812;177685;8;2749;0.42106;421995;0;0;sBELA0;? Unchecked;v1.6.0-140-g9a10cc1
roadmap;dimacs;97/10;10;    594555;   1305211;0;971;1536164;508230;10;2749;0.857874;592429;0;0;sBELA0;? Unchecked;v1.6.0-140-g9a10cc1
roadmap;dimacs;98/10;10;    338636;    646444;0;1053;2535726;686894;6;2749;1.21752;564175;0;0;sBELA0;? Unchecked;v1.6.0-140-g9a10cc1
roadmap;dimacs;99/10;10;   1834673;    546450;0;1194;5698043;418124;5;2749;0.911116;458914;0;0;sBELA0;? Unchecked;v1.6.0-140-g9a10cc1
roadmap;dimacs;0/20;20;   1158641;   1272769;0;2207;9081383;1219310;20;2749;2.49779;488156;0;0;sBELA0;? Unchecked;v1.6.0-140-g9a10cc1
roadmap;dimacs;1/20;20;     54758;   1370062;0;1526;4088373;768684;26;2749;1.41528;543130;0;0;sBELA0;? Unchecked;v1.6.0-140-g9a10cc1
roadmap;dimacs;2/20;20;    935047;   1190851;0;524;3006132;144859;46;2749;0.339957;426110;0;0;sBELA0;? Unchecked;v1.6.0-140-g9a10cc1
roadmap;dimacs;3/20;20;    548674;   1730064;0;788;2234699;539755;26;2749;0.999057;540264;0;0;sBELA0;? Unchecked;v1.6.0-140-g9a10cc1
roadmap;dimacs;4/20;20;    713105;   1135162;0;256;1393478;102548;81;2749;0.215852;475084;0;0;sBELA0;? Unchecked;v1.6.0-140-g9a10cc1
roadmap;dimacs;5/20;20;   1213983;   1847687;0;1051;5259201;1421219;53;2749;2.54105;559304;0;0;sBELA0;? Unchecked;v1.6.0-140-g9a10cc1
roadmap;dimacs;6/20;20;   1416819;   1454455;0;584;1387891;484589;20;2749;0.814109;595238;0;0;sBELA0;? Unchecked;v1.6.0-140-g9a10cc1
roadmap;dimacs;7/20;20;   1202525;   1287863;0;925;2205725;492359;10;2749;0.931484;528575;0;0;sBELA0;? Unchecked;v1.6.0-140-g9a10cc1
roadmap;dimacs;8/20;20;    416104;   1824062;0;1271;4704600;913760;32;2749;1.73581;526416;0;0;sBELA0;? Unchecked;v1.6.0-140-g9a10cc1
roadmap;dimacs;9/20;20;    350612;   1840987;0;1633;9115753;1814793;11;2749;3.41345;531660;0;0;sBELA0;? Unchecked;v1.6.0-140-g9a10cc1
roadmap;dimacs;10/20;20;    581610;   1031954;0;1734;7767670;1449060;11;2749;2.67695;541310;0;0;sBELA0;? Unchecked;v1.6.0-140-g9a10cc1
roadmap;dimacs;11/20;20;    329503;   1179401;0;686;3446421;864590;10;2749;1.55065;557565;0;0;sBELA0;? Unchecked;v1.6.0-140-g9a10cc1
roadmap;dimacs;12/20;20;    480267;    159302;0;1501;7974068;1216701;34;2749;2.21703;548798;0;0;sBELA0;? Unchecked;v1.6.0-140-g9a10cc1
roadmap;dimacs;13/20;20;   1890527;   1576171;0;1616;8709149;1468085;28;2749;3.07341;477674;0;0;sBELA0;? Unchecked;v1.6.0-140-g9a10cc1
roadmap;dimacs;14/20;20;   1743677;    933040;0;966;5426143;1467755;15;2749;2.77262;529375;0;0;sBELA0;? Unchecked;v1.6.0-140-g9a10cc1
roadmap;dimacs;15/20;20;   1460731;   1705524;0;2203;8152765;1618855;2;2749;2.89178;559813;0;0;sBELA0;? Unchecked;v1.6.0-140-g9a10cc1
roadmap;dimacs;16/20;20;    801770;    765171;0;1630;5188954;642265;18;2749;1.27216;504861;0;0;sBELA0;? Unchecked;v1.6.0-140-g9a10cc1
roadmap;dimacs;17/20;20;   1076837;   1604094;0;404;1055031;226933;20;2749;0.404625;560848;0;0;sBELA0;? Unchecked;v1.6.0-140-g9a10cc1
roadmap;dimacs;18/20;20;   1431544;    194846;0;1537;5259158;998639;23;2749;1.87086;533785;0;0;sBELA0;? Unchecked;v1.6.0-140-g9a10cc1
roadmap;dimacs;19/20;20;   1536202;    632533;0;696;2578343;695212;38;2749;1.24352;559067;0;0;sBELA0;? Unchecked;v1.6.0-140-g9a10cc1
roadmap;dimacs;20/20;20;    356711;    288578;0;1571;4883650;1146311;7;2749;2.15785;531227;0;0;sBELA0;? Unchecked;v1.6.0-140-g9a10cc1
roadmap;dimacs;21/20;20;   1416275;   1578430;0;453;1176190;413985;207;2749;0.728079;568599;0;0;sBELA0;? Unchecked;v1.6.0-140-g9a10cc1
roadmap;dimacs;22/20;20;   1267172;   1104888;0;1387;6179737;1332859;10;2749;2.36217;564253;0;0;sBELA0;? Unchecked;v1.6.0-140-g9a10cc1
roadmap;dimacs;23/20;20;   1466216;   1076837;0;1625;6568824;1273311;4;2749;2.28518;557205;0;0;sBELA0;? Unchecked;v1.6.0-140-g9a10cc1
roadmap;dimacs;24/20;20;   1228417;     41268;0;922;1804879;295223;25;2749;0.522972;564510;0;0;sBELA0;? Unchecked;v1.6.0-140-g9a10cc1
roadmap;dimacs;25/20;20;    321340;    192757;0;392;1500484;416957;20;2749;0.714161;583842;0;0;sBELA0;? Unchecked;v1.6.0-140-g9a10cc1
roadmap;dimacs;26/20;20;    965921;   1375640;0;1291;6122437;1631364;32;2749;3.07462;530590;0;0;sBELA0;? Unchecked;v1.6.0-140-g9a10cc1
roadmap;dimacs;27/20;20;   1657428;    779364;0;1482;5065193;976238;24;2749;1.80715;540209;0;0;sBELA0;? Unchecked;v1.6.0-140-g9a10cc1
roadmap;dimacs;28/20;20;    454410;    618767;0;400;955342;349184;12;2749;0.567602;615192;0;0;sBELA0;? Unchecked;v1.6.0-140-g9a10cc1
roadmap;dimacs;29/20;20;   1453433;   1181632;0;573;3003445;732343;37;2749;1.35137;541925;0;0;sBELA0;? Unchecked;v1.6.0-140-g9a10cc1
roadmap;dimacs;30/20;20;    261444;   1761841;0;456;789776;244600;25;2749;0.400513;610717;0;0;sBELA0;? Unchecked;v1.6.0-140-g9a10cc1
roadmap;dimacs;31/20;20;   1710330;   1308565;0;1240;6157050;1026002;4;2749;1.8743;547405;0;0;sBELA0;? Unchecked;v1.6.0-140-g9a10cc1
roadmap;dimacs;32/20;20;   1622269;    239225;0;1494;3830767;741356;20;2749;1.38171;536549;0;0;sBELA0;? Unchecked;v1.6.0-140-g9a10cc1
roadmap;dimacs;33/20;20;    858782;    835734;0;941;2932146;654726;27;2749;1.18886;550716;0;0;sBELA0;? Unchecked;v1.6.0-140-g9a10cc1
roadmap;dimacs;34/20;20;   1164733;   1686951;0;634;3418261;164332;16;2749;0.35409;464097;0;0;sBELA0;? Unchecked;v1.6.0-140-g9a10cc1
roadmap;dimacs;35/20;20;   1008319;    677177;0;1772;8091445;1823185;37;2749;3.27299;557040;0;0;sBELA0;? Unchecked;v1.6.0-140-g9a10cc1
roadmap;dimacs;36/20;20;   1646034;   1063654;0;1900;9241742;1880584;2;2749;3.51602;534862;0;0;sBELA0;? Unchecked;v1.6.0-140-g9a10cc1
roadmap;dimacs;37/20;20;    682994;   1688601;0;3401;12098031;1873212;3;2749;3.41993;547734;0;0;sBELA0;? Unchecked;v1.6.0-140-g9a10cc1
roadmap;dimacs;38/20;20;    257300;    548822;0;1143;6020825;1343874;9;2749;2.37051;566913;0;0;sBELA0;? Unchecked;v1.6.0-140-g9a10cc1
roadmap;dimacs;39/20;20;   1208113;    169244;0;254;994775;64839;35;2749;0.134946;480480;0;0;sBELA0;? Unchecked;v1.6.0-140-g9a10cc1
roadmap;dimacs;40/20;20;   1226440;   1391278;0;2164;8142673;1513572;4;2749;2.80643;539324;0;0;sBELA0;? Unchecked;v1.6.0-140-g9a10cc1
roadmap;dimacs;41/20;20;    122277;   1128394;0;716;2944545;578745;32;2749;1.078;536867;0;0;sBELA0;? Unchecked;v1.6.0-140-g9a10cc1
roadmap;dimacs;42/20;20;     66946;   1214669;0;1054;5959993;993077;10;2749;1.84441;538425;0;0;sBELA0;? Unchecked;v1.6.0-140-g9a10cc1
roadmap;dimacs;43/20;20;    299055;   1685578;0;2346;9966137;1826270;1;2749;3.37497;541122;0;0;sBELA0;? Unchecked;v1.6.0-140-g9a10cc1
roadmap;dimacs;44/20;20;   1617239;   1448010;0;1335;4746055;1193332;30;2749;2.19335;544068;0;0;sBELA0;? Unchecked;v1.6.0-140-g9a10cc1
roadmap;dimacs;45/20;20;     88434;    220092;0;811;1922220;437478;16;2749;0.751533;582114;0;0;sBELA0;? Unchecked;v1.6.0-140-g9a10cc1
roadmap;dimacs;46/20;20;    765554;   1136443;0;714;2443484;505643;4;2749;0.914796;552739;0;0;sBELA0;? Unchecked;v1.6.0-140-g9a10cc1
roadmap;dimacs;47/20;20;   1662423;    665304;0;2022;6865215;1533362;2;2749;2.80711;546243;0;0;sBELA0;? Unchecked;v1.6.0-140-g9a10cc1
roadmap;dimacs;48/20;20;    522581;    744644;0;1295;6138026;1094893;4;2749;2.03781;537289;0;0;sBELA0;? Unchecked;v1.6.0-140-g9a10cc1
roadmap;dimacs;49/20;20;    880871;    913237;0;1193;4898485;1074262;22;2749;2.02258;531135;0;0;sBELA0;? Unchecked;v1.6.0-140-g9a10cc1
roadmap;dimacs;50/20;20;    184031;   1879161;0;1178;5260661;1304833;7;2749;2.40515;542516;0;0;sBELA0;? Unchecked;v1.6.0-140-g9a10cc1
roadmap;dimacs;51/20;20;    638122;   1463354;0;431;1317306;192117;34;2749;0.34638;554643;0;0;sBELA0;? Unchecked;v1.6.0-140-g9a10cc1
roadmap;dimacs;52/20;20;   1314005;    356552;0;1165;4462525;1035683;11;2749;1.88599;549147;0;0;sBELA0;? Unchecked;v1.6.0-140-g9a10cc1
roadmap;dimacs;53/20;20;     21748;   1031477;0;2537;10681249;1575868;5;2749;3.05583;515693;0;0;sBELA0;? Unchecked;v1.6.0-140-g9a10cc1
roadmap;dimacs;54/20;20;    149376;    488085;0;255;1225986;37950;36;2749;0.110351;343901;0;0;sBELA0;? Unchecked;v1.6.0-140-g9a10cc1
roadmap;dimacs;55/20;20;   1471925;   1271058;0;440;722765;261381;13;2749;0.412771;633235;0;0;sBELA0;? Unchecked;v1.6.0-140-g9a10cc1
roadmap;dimacs;56/20;20;    531829;    538074;0;1939;7230267;1351999;9;2749;2.41466;559912;0;0;sBELA0;? Unchecked;v1.6.0-140-g9a10cc1
roadmap;dimacs;57/20;20;     65785;   1728556;0;1019;3029437;684462;54;2749;1.24232;550955;0;0;sBELA0;? Unchecked;v1.6.0-140-g9a10cc1
roadmap;dimacs;58/20;20;   1182648;    947461;0;1105;5479962;1412880;6;2749;2.51708;561316;0;0;sBELA0;? Unchecked;v1.6.0-140-g9a10cc1
roadmap;dimacs;59/20;20;    834369;   1832866;0;1358;6184358;1562130;20;2749;2.8757;543218;0;0;sBELA0;? Unchecked;v1.6.0-140-g9a10cc1
roadmap;dimacs;60/20;20;   1579344;    795855;0;3402;13143891;1884813;5;2749;3.44312;547414;0;0;sBELA0;? Unchecked;v1.6.0-140-g9a10cc1
roadmap;dimacs;61/20;20;    830015;   1296962;0;1352;6488752;1091750;4;2809;2.04811;533053;0;0;sBELA0;? Unchecked;v1.6.0-140-g9a10cc1
roadmap;dimacs;62/20;20;    390249;     22433;0;796;2515918;389728;4;2809;0.755087;516137;0;0;sBELA0;? Unchecked;v1.6.0-140-g9a10cc1
roadmap;dimacs;63/20;20;   1361440;    776903;0;1689;6005645;1683551;42;2809;3.14911;534612;0;0;sBELA0;? Unchecked;v1.6.0-140-g9a10cc1
roadmap;dimacs;64/20;20;   1526444;    433636;0;459;1090094;297949;20;2809;0.517782;575433;0;0;sBELA0;? Unchecked;v1.6.0-140-g9a10cc1
roadmap;dimacs;65/20;20;    653723;   1649198;0;1800;6702822;1091806;1;2809;2.01468;541926;0;0;sBELA0;? Unchecked;v1.6.0-140-g9a10cc1
roadmap;dimacs;66/20;20;   1848324;   1867145;0;304;2481914;139290;209;2809;0.33434;416612;0;0;sBELA0;? Unchecked;v1.6.0-140-g9a10cc1
roadmap;dimacs;67/20;20;    556081;   1705850;0;546;1729273;371108;15;2809;0.665404;557718;0;0;sBELA0;? Unchecked;v1.6.0-140-g9a10cc1
roadmap;dimacs;68/20;20;   1041215;   1753708;0;1134;7038168;454350;24;2809;0.960961;472808;0;0;sBELA0;? Unchecked;v1.6.0-140-g9a10cc1
roadmap;dimacs;69/20;20;   1673024;   1341690;0;731;3011465;248329;20;2809;0.501226;495443;0;0;sBELA0;? Unchecked;v1.6.0-140-g9a10cc1
roadmap;dimacs;70/20;20;   1305038;   1494283;0;1209;5867902;1307006;21;2809;2.3337;560057;0;0;sBELA0;? Unchecked;v1.6.0-140-g9a10cc1
roadmap;dimacs;71/20;20;    989350;    282657;0;1040;5936584;834532;20;2809;1.64356;507760;0;0;sBELA0;? Unchecked;v1.6.0-140-g9a10cc1
roadmap;dimacs;72/20;20;    277177;    414997;0;1575;6899154;1544374;20;2809;2.78821;553895;0;0;sBELA0;? Unchecked;v1.6.0-140-g9a10cc1
roadmap;dimacs;73/20;20;    189385;    632745;0;1374;3513073;886786;1;2809;1.56922;565112;0;0;sBELA0;? Unchecked;v1.6.0-140-g9a10cc1
roadmap;dimacs;74/20;20;   1642632;    169223;0;623;2266413;209898;105;2809;0.4683;448212;0;0;sBELA0;? Unchecked;v1.6.0-140-g9a10cc1
roadmap;dimacs;75/20;20;   1160966;    638119;0;3042;11495028;1752678;4;2809;3.33675;525265;0;0;sBELA0;? Unchecked;v1.6.0-140-g9a10cc1
roadmap;dimacs;76/20;20;   1759861;   1021392;0;1541;8552474;1723609;10;2809;3.26621;527710;0;0;sBELA0;? Unchecked;v1.6.0-140-g9a10cc1
roadmap;dimacs;77/20;20;    681135;     95876;0;1716;7581257;1396989;33;2809;2.44428;571535;0;0;sBELA0;? Unchecked;v1.6.0-140-g9a10cc1
roadmap;dimacs;78/20;20;    614892;    385398;0;2061;8944828;1779891;14;2809;3.37101;528000;0;0;sBELA0;? Unchecked;v1.6.0-140-g9a10cc1
roadmap;dimacs;79/20;20;   1726489;   1469303;0;2276;9933283;1681377;10;2809;3.24685;517848;0;0;sBELA0;? Unchecked;v1.6.0-140-g9a10cc1
roadmap;dimacs;80/20;20;     52390;    909716;0;594;2589142;399413;31;2809;0.76908;519339;0;0;sBELA0;? Unchecked;v1.6.0-140-g9a10cc1
roadmap;dimacs;81/20;20;   1438544;   1709652;0;738;2861408;459591;19;2809;0.847367;542376;0;0;sBELA0;? Unchecked;v1.6.0-140-g9a10cc1
roadmap;dimacs;82/20;20;   1885245;   1219012;0;967;7656943;1101754;20;2809;2.08862;527504;0;0;sBELA0;? Unchecked;v1.6.0-140-g9a10cc1
roadmap;dimacs;83/20;20;    474128;    462404;0;1665;6969711;1431879;4;2809;2.56742;557712;0;0;sBELA0;? Unchecked;v1.6.0-140-g9a10cc1
roadmap;dimacs;84/20;20;   1776146;    980278;0;1124;5051135;946674;41;2809;1.79027;528790;0;0;sBELA0;? Unchecked;v1.6.0-140-g9a10cc1
roadmap;dimacs;85/20;20;   1391963;    468960;0;2006;7717528;1523307;4;2809;2.75635;552653;0;0;sBELA0;? Unchecked;v1.6.0-140-g9a10cc1
roadmap;dimacs;86/20;20;   1052481;    543349;0;2133;9460479;1476511;19;2809;2.97175;496850;0;0;sBELA0;? Unchecked;v1.6.0-140-g9a10cc1
roadmap;dimacs;87/20;20;   1821017;    791672;0;1104;6671138;299872;20;2809;0.703102;426498;0;0;sBELA0;? Unchecked;v1.6.0-140-g9a10cc1
roadmap;dimacs;88/20;20;    135239;   1107730;0;564;1990036;300861;19;2809;0.523342;574884;0;0;sBELA0;? Unchecked;v1.6.0-140-g9a10cc1
roadmap;dimacs;89/20;20;    105712;   1042809;0;1613;8540395;1872634;11;2809;3.49627;535610;0;0;sBELA0;? Unchecked;v1.6.0-140-g9a10cc1
roadmap;dimacs;90/20;20;    269271;     31624;0;1476;5830478;1250364;2;2812;2.23508;559427;0;0;sBELA0;? Unchecked;v1.6.0-140-g9a10cc1
roadmap;dimacs;91/20;20;    711516;   1110978;0;1483;3813598;904634;12;2812;1.60937;562103;0;0;sBELA0;? Unchecked;v1.6.0-140-g9a10cc1
roadmap;dimacs;92/20;20;    129884;   1702774;0;948;2963443;582952;24;2812;1.08319;538181;0;0;sBELA0;? Unchecked;v1.6.0-140-g9a10cc1
roadmap;dimacs;93/20;20;    677739;   1445420;0;323;1109453;236311;203;2812;0.408881;577945;0;0;sBELA0;? Unchecked;v1.6.0-140-g9a10cc1
roadmap;dimacs;94/20;20;    689436;    132056;0;727;2697455;543764;21;2812;1.00323;542012;0;0;sBELA0;? Unchecked;v1.6.0-140-g9a10cc1
roadmap;dimacs;95/20;20;    172705;   1375271;0;1061;5217187;1399845;22;2812;2.52296;554842;0;0;sBELA0;? Unchecked;v1.6.0-140-g9a10cc1
roadmap;dimacs;96/20;20;   1879024;    843565;0;719;2025846;177695;18;2812;0.425126;417982;0;0;sBELA0;? Unchecked;v1.6.0-140-g9a10cc1
roadmap;dimacs;97/20;20;    594555;   1305211;0;968;1536202;508238;32;2812;0.864939;587599;0;0;sBELA0;? Unchecked;v1.6.0-140-g9a10cc1
roadmap;dimacs;98/20;20;    338636;    646444;0;1054;2535753;686899;14;2812;1.2211;562526;0;0;sBELA0;? Unchecked;v1.6.0-140-g9a10cc1
roadmap;dimacs;99/20;20;   1834673;    546450;0;1194;5698050;418126;10;2812;0.913811;457563;0;0;sBELA0;? Unchecked;v1.6.0-140-g9a10cc1
roadmap;dimacs;0/30;30;   1158641;   1272769;0;2205;9081386;1219311;29;2812;2.50434;486880;0;0;sBELA0;? Unchecked;v1.6.0-140-g9a10cc1
roadmap;dimacs;1/30;30;     54758;   1370062;0;1525;4088390;768688;45;2812;1.42482;539499;0;0;sBELA0;? Unchecked;v1.6.0-140-g9a10cc1
roadmap;dimacs;2/30;30;    935047;   1190851;0;522;3006204;144868;72;2812;0.344074;421037;0;0;sBELA0;? Unchecked;v1.6.0-140-g9a10cc1
roadmap;dimacs;3/30;30;    548674;   1730064;0;788;2234711;539757;40;2812;1.00339;537933;0;0;sBELA0;? Unchecked;v1.6.0-140-g9a10cc1
roadmap;dimacs;4/30;30;    713105;   1135162;0;257;1393693;102563;156;2812;0.218523;469346;0;0;sBELA0;? Unchecked;v1.6.0-140-g9a10cc1
roadmap;dimacs;5/30;30;   1213983;   1847687;0;1054;5259230;1421228;81;2812;2.54371;558721;0;0;sBELA0;? Unchecked;v1.6.0-140-g9a10cc1
roadmap;dimacs;6/30;30;   1416819;   1454455;0;583;1387909;484595;30;2812;0.816894;593217;0;0;sBELA0;? Unchecked;v1.6.0-140-g9a10cc1
roadmap;dimacs;7/30;30;   1202525;   1287863;0;929;2205735;492363;15;2812;0.933598;527382;0;0;sBELA0;? Unchecked;v1.6.0-140-g9a10cc1
roadmap;dimacs;8/30;30;    416104;   1824062;0;1269;4704621;913761;57;2812;1.74286;524289;0;0;sBELA0;? Unchecked;v1.6.0-140-g9a10cc1
roadmap;dimacs;9/30;30;    350612;   1840987;0;1635;9115769;1814795;18;2812;3.42038;530583;0;0;sBELA0;? Unchecked;v1.6.0-140-g9a10cc1
roadmap;dimacs;10/30;30;    581610;   1031954;0;1737;7767683;1449066;17;2812;2.67632;541441;0;0;sBELA0;? Unchecked;v1.6.0-140-g9a10cc1
roadmap;dimacs;11/30;30;    329503;   1179401;0;688;3446434;864592;15;2812;1.54555;559407;0;0;sBELA0;? Unchecked;v1.6.0-140-g9a10cc1
roadmap;dimacs;12/30;30;    480267;    159302;0;1501;7974080;1216702;44;2812;2.22694;546357;0;0;sBELA0;? Unchecked;v1.6.0-140-g9a10cc1
roadmap;dimacs;13/30;30;   1890527;   1576171;0;1614;8709172;1468096;42;2812;3.05427;480669;0;0;sBELA0;? Unchecked;v1.6.0-140-g9a10cc1
roadmap;dimacs;14/30;30;   1743677;    933040;0;966;5426148;1467758;22;2812;2.77403;529106;0;0;sBELA0;? Unchecked;v1.6.0-140-g9a10cc1
roadmap;dimacs;15/30;30;   1460731;   1705524;0;2202;8152767;1618855;3;2812;2.90004;558219;0;0;sBELA0;? Unchecked;v1.6.0-140-g9a10cc1
roadmap;dimacs;16/30;30;    801770;    765171;0;1633;5188967;642271;36;2812;1.29546;495787;0;0;sBELA0;? Unchecked;v1.6.0-140-g9a10cc1
roadmap;dimacs;17/30;30;   1076837;   1604094;0;407;1055049;226939;31;2812;0.40125;565580;0;0;sBELA0;? Unchecked;v1.6.0-140-g9a10cc1
roadmap;dimacs;18/30;30;   1431544;    194846;0;1537;5259171;998639;36;2812;1.87773;531834;0;0;sBELA0;? Unchecked;v1.6.0-140-g9a10cc1
roadmap;dimacs;19/30;30;   1536202;    632533;0;685;2578450;695240;96;2812;1.2509;555790;0;0;sBELA0;? Unchecked;v1.6.0-140-g9a10cc1
roadmap;dimacs;20/30;30;    356711;    288578;0;1569;4883656;1146312;12;2812;2.16176;530269;0;0;sBELA0;? Unchecked;v1.6.0-140-g9a10cc1
roadmap;dimacs;21/30;30;   1416275;   1578430;0;455;1176275;414007;299;2812;0.738612;560520;0;0;sBELA0;? Unchecked;v1.6.0-140-g9a10cc1
roadmap;dimacs;22/30;30;   1267172;   1104888;0;1385;6179740;1332861;14;2812;2.37497;561212;0;0;sBELA0;? Unchecked;v1.6.0-140-g9a10cc1
roadmap;dimacs;23/30;30;   1466216;   1076837;0;1624;6568826;1273311;6;2812;2.28983;556072;0;0;sBELA0;? Unchecked;v1.6.0-140-g9a10cc1
roadmap;dimacs;24/30;30;   1228417;     41268;0;923;1804893;295225;32;2812;0.527474;559696;0;0;sBELA0;? Unchecked;v1.6.0-140-g9a10cc1
roadmap;dimacs;25/30;30;    321340;    192757;0;392;1500509;416962;30;2812;0.718052;580685;0;0;sBELA0;? Unchecked;v1.6.0-140-g9a10cc1
roadmap;dimacs;26/30;30;    965921;   1375640;0;1281;6122455;1631373;49;2812;3.08325;529108;0;0;sBELA0;? Unchecked;v1.6.0-140-g9a10cc1
roadmap;dimacs;27/30;30;   1657428;    779364;0;1487;5065201;976239;31;2812;1.81911;536659;0;0;sBELA0;? Unchecked;v1.6.0-140-g9a10cc1
roadmap;dimacs;28/30;30;    454410;    618767;0;401;955344;349185;14;2812;0.563654;619502;0;0;sBELA0;? Unchecked;v1.6.0-140-g9a10cc1
roadmap;dimacs;29/30;30;   1453433;   1181632;0;573;3003525;732350;60;2812;1.36056;538272;0;0;sBELA0;? Unchecked;v1.6.0-140-g9a10cc1
roadmap;dimacs;30/30;30;    261444;   1761841;0;472;789783;244602;34;2860;0.406241;602110;0;0;sBELA0;? Unchecked;v1.6.0-140-g9a10cc1
roadmap;dimacs;31/30;30;   1710330;   1308565;0;1237;6157057;1026005;6;2752;1.8839;544619;0;0;sBELA0;? Unchecked;v1.6.0-140-g9a10cc1
roadmap;dimacs;32/30;30;   1622269;    239225;0;1510;3830775;741356;30;2812;1.40163;528925;0;0;sBELA0;? Unchecked;v1.6.0-140-g9a10cc1
roadmap;dimacs;33/30;30;    858782;    835734;0;940;2932163;654738;40;2812;1.20074;545277;0;0;sBELA0;? Unchecked;v1.6.0-140-g9a10cc1
roadmap;dimacs;34/30;30;   1164733;   1686951;0;634;3418289;164336;25;2812;0.357571;459590;0;0;sBELA0;? Unchecked;v1.6.0-140-g9a10cc1
roadmap;dimacs;35/30;30;   1008319;    677177;0;1765;8091467;1823192;58;2812;3.2829;555361;0;0;sBELA0;? Unchecked;v1.6.0-140-g9a10cc1
roadmap;dimacs;36/30;30;   1646034;   1063654;0;1901;9241742;1880584;3;2812;3.49232;538491;0;0;sBELA0;? Unchecked;v1.6.0-140-g9a10cc1
roadmap;dimacs;37/30;30;    682994;   1688601;0;3401;12098031;1873212;4;2812;3.4208;547595;0;0;sBELA0;? Unchecked;v1.6.0-140-g9a10cc1
roadmap;dimacs;38/30;30;    257300;    548822;0;1145;6020830;1343874;14;2860;2.37215;566523;0;0;sBELA0;? Unchecked;v1.6.0-140-g9a10cc1
roadmap;dimacs;39/30;30;   1208113;    169244;0;263;994801;64846;48;2860;0.136358;475558;0;0;sBELA0;? Unchecked;v1.6.0-140-g9a10cc1
roadmap;dimacs;40/30;30;   1226440;   1391278;0;2166;8142673;1513572;5;2860;2.7958;541374;0;0;sBELA0;? Unchecked;v1.6.0-140-g9a10cc1
roadmap;dimacs;41/30;30;    122277;   1128394;0;715;2944562;578749;49;2860;1.08039;535686;0;0;sBELA0;? Unchecked;v1.6.0-140-g9a10cc1
roadmap;dimacs;42/30;30;     66946;   1214669;0;1054;5959997;993077;16;2860;1.84559;538082;0;0;sBELA0;? Unchecked;v1.6.0-140-g9a10cc1
roadmap;dimacs;43/30;30;    299055;   1685578;0;2346;9966137;1826270;1;2860;3.3765;540876;0;0;sBELA0;? Unchecked;v1.6.0-140-g9a10cc1
roadmap;dimacs;44/30;30;   1617239;   1448010;0;1336;4746071;1193335;42;2860;2.19394;543924;0;0;sBELA0;? Unchecked;v1.6.0-140-g9a10cc1
roadmap;dimacs;45/30;30;     88434;    220092;0;811;1922234;437482;21;2860;0.744542;587585;0;0;sBELA0;? Unchecked;v1.6.0-140-g9a10cc1
roadmap;dimacs;46/30;30;    765554;   1136443;0;713;2443486;505643;6;2860;0.931448;542857;0;0;sBELA0;? Unchecked;v1.6.0-140-g9a10cc1
roadmap;dimacs;47/30;30;   1662423;    665304;0;2023;6865216;1533362;3;2860;2.8;547629;0;0;sBELA0;? Unchecked;v1.6.0-140-g9a10cc1
roadmap;dimacs;48/30;30;    522581;    744644;0;1294;6138028;1094893;6;2860;2.03319;538511;0;0;sBELA0;? Unchecked;v1.6.0-140-g9a10cc1
roadmap;dimacs;49/30;30;    880871;    913237;0;1192;4898543;1074292;35;2860;2.01901;532089;0;0;sBELA0;? Unchecked;v1.6.0-140-g9a10cc1
roadmap;dimacs;50/30;30;    184031;   1879161;0;1180;5260689;1304843;11;2860;2.39759;544231;0;0;sBELA0;? Unchecked;v1.6.0-140-g9a10cc1
roadmap;dimacs;51/30;30;    638122;   1463354;0;445;1317384;192144;68;2860;0.353756;543154;0;0;sBELA0;? Unchecked;v1.6.0-140-g9a10cc1
roadmap;dimacs;52/30;30;   1314005;    356552;0;1164;4462535;1035685;18;2860;1.8876;548678;0;0;sBELA0;? Unchecked;v1.6.0-140-g9a10cc1
roadmap;dimacs;53/30;30;     21748;   1031477;0;2541;10681251;1575868;8;2860;3.05267;516225;0;0;sBELA0;? Unchecked;v1.6.0-140-g9a10cc1
roadmap;dimacs;54/30;30;    149376;    488085;0;253;1226157;37966;74;2860;0.101044;375737;0;0;sBELA0;? Unchecked;v1.6.0-140-g9a10cc1
roadmap;dimacs;55/30;30;   1471925;   1271058;0;442;722767;261381;16;2752;0.432078;604939;0;0;sBELA0;? Unchecked;v1.6.0-140-g9a10cc1
roadmap;dimacs;56/30;30;    531829;    538074;0;1946;7230269;1351999;14;2860;2.4358;555053;0;0;sBELA0;? Unchecked;v1.6.0-140-g9a10cc1
roadmap;dimacs;57/30;30;     65785;   1728556;0;1016;3029472;684471;78;2860;1.24894;548040;0;0;sBELA0;? Unchecked;v1.6.0-140-g9a10cc1
roadmap;dimacs;58/30;30;   1182648;    947461;0;1106;5479983;1412884;9;2860;2.52051;560554;0;0;sBELA0;? Unchecked;v1.6.0-140-g9a10cc1
roadmap;dimacs;59/30;30;    834369;   1832866;0;1359;6184368;1562135;29;2860;2.87828;542731;0;0;sBELA0;? Unchecked;v1.6.0-140-g9a10cc1
roadmap;dimacs;60/30;30;   1579344;    795855;0;3400;13143892;1884813;7;2860;3.44013;547890;0;0;sBELA0;? Unchecked;v1.6.0-140-g9a10cc1
roadmap;dimacs;61/30;30;    830015;   1296962;0;1353;6488752;1091750;5;2860;2.02874;538143;0;0;sBELA0;? Unchecked;v1.6.0-140-g9a10cc1
roadmap;dimacs;62/30;30;    390249;     22433;0;795;2515921;389730;8;2860;0.758856;513576;0;0;sBELA0;? Unchecked;v1.6.0-140-g9a10cc1
roadmap;dimacs;63/30;30;   1361440;    776903;0;1689;6005665;1683553;63;2860;3.15445;533708;0;0;sBELA0;? Unchecked;v1.6.0-140-g9a10cc1
roadmap;dimacs;64/30;30;   1526444;    433636;0;457;1090134;297982;36;2860;0.511501;582563;0;0;sBELA0;? Unchecked;v1.6.0-140-g9a10cc1
roadmap;dimacs;65/30;30;    653723;   1649198;0;1797;6702822;1091806;1;2860;2.01039;543081;0;0;sBELA0;? Unchecked;v1.6.0-140-g9a10cc1
roadmap;dimacs;66/30;30;   1848324;   1867145;0;317;2482207;139324;283;2860;0.338849;411169;0;0;sBELA0;? Unchecked;v1.6.0-140-g9a10cc1
roadmap;dimacs;67/30;30;    556081;   1705850;0;547;1729325;371125;25;2860;0.651627;569536;0;0;sBELA0;? Unchecked;v1.6.0-140-g9a10cc1
roadmap;dimacs;68/30;30;   1041215;   1753708;0;1132;7038201;454358;43;2860;0.968755;469012;0;0;sBELA0;? Unchecked;v1.6.0-140-g9a10cc1
roadmap;dimacs;69/30;30;   1673024;   1341690;0;731;3011477;248332;30;2860;0.494536;502151;0;0;sBELA0;? Unchecked;v1.6.0-140-g9a10cc1
roadmap;dimacs;70/30;30;   1305038;   1494283;0;1211;5867912;1307008;31;2860;2.32718;561627;0;0;sBELA0;? Unchecked;v1.6.0-140-g9a10cc1
roadmap;dimacs;71/30;30;    989350;    282657;0;1041;5936590;834538;27;2860;1.65215;505121;0;0;sBELA0;? Unchecked;v1.6.0-140-g9a10cc1
roadmap;dimacs;72/30;30;    277177;    414997;0;1576;6899160;1544376;31;2860;2.79971;551619;0;0;sBELA0;? Unchecked;v1.6.0-140-g9a10cc1
roadmap;dimacs;73/30;30;    189385;    632745;0;1375;3513074;886786;2;2860;1.57528;562937;0;0;sBELA0;? Unchecked;v1.6.0-140-g9a10cc1
roadmap;dimacs;74/30;30;   1642632;    169223;0;623;2266553;209937;194;2860;0.468975;447651;0;0;sBELA0;? Unchecked;v1.6.0-140-g9a10cc1
roadmap;dimacs;75/30;30;   1160966;    638119;0;3044;11495028;1752678;5;2860;3.34488;523988;0;0;sBELA0;? Unchecked;v1.6.0-140-g9a10cc1
roadmap;dimacs;76/30;30;   1759861;   1021392;0;1543;8552477;1723609;15;2860;3.26741;527515;0;0;sBELA0;? Unchecked;v1.6.0-140-g9a10cc1
roadmap;dimacs;77/30;30;    681135;     95876;0;1715;7581281;1396997;61;2860;2.44794;570683;0;0;sBELA0;? Unchecked;v1.6.0-140-g9a10cc1
roadmap;dimacs;78/30;30;    614892;    385398;0;2064;8944838;1779892;21;2860;3.36775;528510;0;0;sBELA0;? Unchecked;v1.6.0-140-g9a10cc1
roadmap;dimacs;79/30;30;   1726489;   1469303;0;2275;9933285;1681377;15;2860;3.2561;516377;0;0;sBELA0;? Unchecked;v1.6.0-140-g9a10cc1
roadmap;dimacs;80/30;30;     52390;    909716;0;594;2589184;399429;51;2860;0.771443;517769;0;0;sBELA0;? Unchecked;v1.6.0-140-g9a10cc1
roadmap;dimacs;81/30;30;   1438544;   1709652;0;739;2861415;459598;29;2860;0.862211;533046;0;0;sBELA0;? Unchecked;v1.6.0-140-g9a10cc1
roadmap;dimacs;82/30;30;   1885245;   1219012;0;967;7656963;1101768;30;2860;2.08881;527462;0;0;sBELA0;? Unchecked;v1.6.0-140-g9a10cc1
roadmap;dimacs;83/30;30;    474128;    462404;0;1664;6969714;1431881;5;2860;2.56547;558136;0;0;sBELA0;? Unchecked;v1.6.0-140-g9a10cc1
roadmap;dimacs;84/30;30;   1776146;    980278;0;1125;5051154;946677;60;2860;1.79746;526675;0;0;sBELA0;? Unchecked;v1.6.0-140-g9a10cc1
roadmap;dimacs;85/30;30;   1391963;    468960;0;2004;7717531;1523308;5;2860;2.758;552323;0;0;sBELA0;? Unchecked;v1.6.0-140-g9a10cc1
roadmap;dimacs;86/30;30;   1052481;    543349;0;2133;9460485;1476515;27;2860;2.98501;494644;0;0;sBELA0;? Unchecked;v1.6.0-140-g9a10cc1
roadmap;dimacs;87/30;30;   1821017;    791672;0;1104;6671156;299876;30;2860;0.711103;421705;0;0;sBELA0;? Unchecked;v1.6.0-140-g9a10cc1
roadmap;dimacs;88/30;30;    135239;   1107730;0;563;1990042;300862;29;2860;0.517688;581164;0;0;sBELA0;? Unchecked;v1.6.0-140-g9a10cc1
roadmap;dimacs;89/30;30;    105712;   1042809;0;1607;8540407;1872634;17;2860;3.50401;534426;0;0;sBELA0;? Unchecked;v1.6.0-140-g9a10cc1
roadmap;dimacs;90/30;30;    269271;     31624;0;1480;5830479;1250364;3;2862;2.2447;557029;0;0;sBELA0;? Unchecked;v1.6.0-140-g9a10cc1
roadmap;dimacs;91/30;30;    711516;   1110978;0;1486;3813604;904637;17;2862;1.60752;562753;0;0;sBELA0;? Unchecked;v1.6.0-140-g9a10cc1
roadmap;dimacs;92/30;30;    129884;   1702774;0;944;2963468;582957;38;2862;1.08934;535148;0;0;sBELA0;? Unchecked;v1.6.0-140-g9a10cc1
roadmap;dimacs;93/30;30;    677739;   1445420;0;334;1109643;236365;333;2862;0.418263;565112;0;0;sBELA0;? Unchecked;v1.6.0-140-g9a10cc1
roadmap;dimacs;94/30;30;    689436;    132056;0;721;2697478;543767;33;2862;0.997194;545297;0;0;sBELA0;? Unchecked;v1.6.0-140-g9a10cc1
roadmap;dimacs;95/30;30;    172705;   1375271;0;1060;5217202;1399853;32;2862;2.5283;553675;0;0;sBELA0;? Unchecked;v1.6.0-140-g9a10cc1
roadmap;dimacs;96/30;30;   1879024;    843565;0;719;2025862;177700;26;2862;0.427467;415705;0;0;sBELA0;? Unchecked;v1.6.0-140-g9a10cc1
roadmap;dimacs;97/30;30;    594555;   1305211;0;970;1536220;508243;57;2862;0.863246;588758;0;0;sBELA0;? Unchecked;v1.6.0-140-g9a10cc1
roadmap;dimacs;98/30;30;    338636;    646444;0;1053;2535761;686901;22;2862;1.22706;559793;0;0;sBELA0;? Unchecked;v1.6.0-140-g9a10cc1
roadmap;dimacs;99/30;30;   1834673;    546450;0;1196;5698060;418129;15;2862;0.91682;456064;0;0;sBELA0;? Unchecked;v1.6.0-140-g9a10cc1
roadmap;dimacs;0/40;40;   1158641;   1272769;0;2232;9081388;1219313;37;2862;2.51526;484766;0;0;sBELA0;? Unchecked;v1.6.0-140-g9a10cc1
roadmap;dimacs;1/40;40;     54758;   1370062;0;1524;4088394;768689;59;2862;1.43314;536366;0;0;sBELA0;? Unchecked;v1.6.0-140-g9a10cc1
roadmap;dimacs;2/40;40;    935047;   1190851;0;523;3006251;144872;94;2862;0.350708;413084;0;0;sBELA0;? Unchecked;v1.6.0-140-g9a10cc1
roadmap;dimacs;3/40;40;    548674;   1730064;0;788;2234720;539757;53;2862;1.00464;537263;0;0;sBELA0;? Unchecked;v1.6.0-140-g9a10cc1
roadmap;dimacs;4/40;40;    713105;   1135162;0;257;1393775;102569;223;2862;0.211482;485000;0;0;sBELA0;? Unchecked;v1.6.0-140-g9a10cc1
roadmap;dimacs;5/40;40;   1213983;   1847687;0;1049;5259266;1421236;115;2862;2.55061;557213;0;0;sBELA0;? Unchecked;v1.6.0-140-g9a10cc1
roadmap;dimacs;6/40;40;   1416819;   1454455;0;585;1387918;484597;40;2862;0.81215;596684;0;0;sBELA0;? Unchecked;v1.6.0-140-g9a10cc1
roadmap;dimacs;7/40;40;   1202525;   1287863;0;926;2205740;492364;18;2862;0.938465;524648;0;0;sBELA0;? Unchecked;v1.6.0-140-g9a10cc1
roadmap;dimacs;8/40;40;    416104;   1824062;0;1269;4704642;913765;81;2862;1.75236;521449;0;0;sBELA0;? Unchecked;v1.6.0-140-g9a10cc1
roadmap;dimacs;9/40;40;    350612;   1840987;0;1622;9115779;1814797;22;2862;3.4261;529698;0;0;sBELA0;? Unchecked;v1.6.0-140-g9a10cc1
roadmap;dimacs;10/40;40;    581610;   1031954;0;1739;7767688;1449067;22;2862;2.69811;537068;0;0;sBELA0;? Unchecked;v1.6.0-140-g9a10cc1
roadmap;dimacs;11/40;40;    329503;   1179401;0;688;3446442;864594;20;2862;1.5555;555830;0;0;sBELA0;? Unchecked;v1.6.0-140-g9a10cc1
roadmap;dimacs;12/40;40;    480267;    159302;0;1504;7974092;1216714;56;2862;2.23085;545405;0;0;sBELA0;? Unchecked;v1.6.0-140-g9a10cc1
roadmap;dimacs;13/40;40;   1890527;   1576171;0;1618;8709184;1468097;55;2862;3.05493;480567;0;0;sBELA0;? Unchecked;v1.6.0-140-g9a10cc1
roadmap;dimacs;14/40;40;   1743677;    933040;0;966;5426151;1467760;28;2862;2.77785;528380;0;0;sBELA0;? Unchecked;v1.6.0-140-g9a10cc1
roadmap;dimacs;15/40;40;   1460731;   1705524;0;2203;8152769;1618855;4;2862;2.90072;558087;0;0;sBELA0;? Unchecked;v1.6.0-140-g9a10cc1
roadmap;dimacs;16/40;40;    801770;    765171;0;1630;5188975;642272;45;2862;1.29099;497503;0;0;sBELA0;? Unchecked;v1.6.0-140-g9a10cc1
roadmap;dimacs;17/40;40;   1076837;   1604094;0;403;1055066;226941;41;2862;0.402706;563540;0;0;sBELA0;? Unchecked;v1.6.0-140-g9a10cc1
roadmap;dimacs;18/40;40;   1431544;    194846;0;1539;5259179;998642;51;2862;1.88791;528967;0;0;sBELA0;? Unchecked;v1.6.0-140-g9a10cc1
roadmap;dimacs;19/40;40;   1536202;    632533;0;687;2578524;695250;164;2862;1.25644;553347;0;0;sBELA0;? Unchecked;v1.6.0-140-g9a10cc1
roadmap;dimacs;20/40;40;    356711;    288578;0;1575;4883657;1146312;14;2862;2.16235;530122;0;0;sBELA0;? Unchecked;v1.6.0-140-g9a10cc1
roadmap;dimacs;21/40;40;   1416275;   1578430;0;454;1176333;414030;398;2862;0.739025;560238;0;0;sBELA0;? Unchecked;v1.6.0-140-g9a10cc1
roadmap;dimacs;22/40;40;   1267172;   1104888;0;1359;6179745;1332863;19;2862;2.37242;561817;0;0;sBELA0;? Unchecked;v1.6.0-140-g9a10cc1
roadmap;dimacs;23/40;40;   1466216;   1076837;0;1628;6568827;1273311;10;2862;2.2898;556080;0;0;sBELA0;? Unchecked;v1.6.0-140-g9a10cc1
roadmap;dimacs;24/40;40;   1228417;     41268;0;924;1804911;295230;43;2862;0.523992;563425;0;0;sBELA0;? Unchecked;v1.6.0-140-g9a10cc1
roadmap;dimacs;25/40;40;    321340;    192757;0;392;1500526;416965;41;2862;0.709828;587417;0;0;sBELA0;? Unchecked;v1.6.0-140-g9a10cc1
roadmap;dimacs;26/40;40;    965921;   1375640;0;1290;6122468;1631376;66;2862;3.08855;528202;0;0;sBELA0;? Unchecked;v1.6.0-140-g9a10cc1
roadmap;dimacs;27/40;40;   1657428;    779364;0;1485;5065216;976241;41;2862;1.8237;535308;0;0;sBELA0;? Unchecked;v1.6.0-140-g9a10cc1
roadmap;dimacs;28/40;40;    454410;    618767;0;397;955361;349197;21;2862;0.565904;617061;0;0;sBELA0;? Unchecked;v1.6.0-140-g9a10cc1
roadmap;dimacs;29/40;40;   1453433;   1181632;0;573;3003580;732359;81;2862;1.35559;540250;0;0;sBELA0;? Unchecked;v1.6.0-140-g9a10cc1
roadmap;dimacs;30/40;40;    261444;   1761841;0;474;789792;244605;43;2754;0.408873;598241;0;0;sBELA0;? Unchecked;v1.6.0-140-g9a10cc1
roadmap;dimacs;31/40;40;   1710330;   1308565;0;1240;6157059;1026005;8;2814;1.89549;541288;0;0;sBELA0;? Unchecked;v1.6.0-140-g9a10cc1
roadmap;dimacs;32/40;40;   1622269;    239225;0;1506;3830782;741361;39;2814;1.40541;527505;0;0;sBELA0;? Unchecked;v1.6.0-140-g9a10cc1
roadmap;dimacs;33/40;40;    858782;    835734;0;937;2932180;654749;53;2814;1.21038;540944;0;0;sBELA0;? Unchecked;v1.6.0-140-g9a10cc1
roadmap;dimacs;34/40;40;   1164733;   1686951;0;633;3418298;164336;32;2814;0.360057;456416;0;0;sBELA0;? Unchecked;v1.6.0-140-g9a10cc1
roadmap;dimacs;35/40;40;   1008319;    677177;0;1773;8091482;1823197;71;2814;3.306;551482;0;0;sBELA0;? Unchecked;v1.6.0-140-g9a10cc1
roadmap;dimacs;36/40;40;   1646034;   1063654;0;1907;9241742;1880584;4;2862;3.50851;536006;0;0;sBELA0;? Unchecked;v1.6.0-140-g9a10cc1
roadmap;dimacs;37/40;40;    682994;   1688601;0;3400;12098032;1873213;5;2862;3.43998;544543;0;0;sBELA0;? Unchecked;v1.6.0-140-g9a10cc1
roadmap;dimacs;38/40;40;    257300;    548822;0;1142;6020834;1343874;19;2862;2.38637;563146;0;0;sBELA0;? Unchecked;v1.6.0-140-g9a10cc1
roadmap;dimacs;39/40;40;   1208113;    169244;0;251;994822;64847;62;2862;0.139482;464914;0;0;sBELA0;? Unchecked;v1.6.0-140-g9a10cc1
roadmap;dimacs;40/40;40;   1226440;   1391278;0;2166;8142677;1513574;7;2862;2.81004;538631;0;0;sBELA0;? Unchecked;v1.6.0-140-g9a10cc1
roadmap;dimacs;41/40;40;    122277;   1128394;0;715;2944579;578753;67;2862;1.09152;530225;0;0;sBELA0;? Unchecked;v1.6.0-140-g9a10cc1
roadmap;dimacs;42/40;40;     66946;   1214669;0;1053;5959999;993077;21;2862;1.85229;536134;0;0;sBELA0;? Unchecked;v1.6.0-140-g9a10cc1
roadmap;dimacs;43/40;40;    299055;   1685578;0;2346;9966138;1826270;2;2862;3.38554;539433;0;0;sBELA0;? Unchecked;v1.6.0-140-g9a10cc1
roadmap;dimacs;44/40;40;   1617239;   1448010;0;1333;4746076;1193335;52;2862;2.21011;539944;0;0;sBELA0;? Unchecked;v1.6.0-140-g9a10cc1
roadmap;dimacs;45/40;40;     88434;    220092;0;810;1922247;437486;26;2862;0.749537;583675;0;0;sBELA0;? Unchecked;v1.6.0-140-g9a10cc1
roadmap;dimacs;46/40;40;    765554;   1136443;0;713;2443487;505643;10;2862;0.921997;548422;0;0;sBELA0;? Unchecked;v1.6.0-140-g9a10cc1
roadmap;dimacs;47/40;40;   1662423;    665304;0;2029;6865216;1533362;4;2862;2.81314;545072;0;0;sBELA0;? Unchecked;v1.6.0-140-g9a10cc1
roadmap;dimacs;48/40;40;    522581;    744644;0;1298;6138029;1094893;10;2862;2.0434;535819;0;0;sBELA0;? Unchecked;v1.6.0-140-g9a10cc1
roadmap;dimacs;49/40;40;    880871;    913237;0;1192;4898566;1074303;50;2862;2.03391;528195;0;0;sBELA0;? Unchecked;v1.6.0-140-g9a10cc1
roadmap;dimacs;50/40;40;    184031;   1879161;0;1179;5260691;1304844;13;2862;2.39944;543813;0;0;sBELA0;? Unchecked;v1.6.0-140-g9a10cc1
roadmap;dimacs;51/40;40;    638122;   1463354;0;439;1317463;192168;96;2862;0.352276;545504;0;0;sBELA0;? Unchecked;v1.6.0-140-g9a10cc1
roadmap;dimacs;52/40;40;   1314005;    356552;0;1165;4462538;1035686;23;2862;1.89681;546013;0;0;sBELA0;? Unchecked;v1.6.0-140-g9a10cc1
roadmap;dimacs;53/40;40;     21748;   1031477;0;2536;10681251;1575868;11;2862;3.06283;514514;0;0;sBELA0;? Unchecked;v1.6.0-140-g9a10cc1
roadmap;dimacs;54/40;40;    149376;    488085;0;255;1226170;37967;85;2862;0.102812;369284;0;0;sBELA0;? Unchecked;v1.6.0-140-g9a10cc1
roadmap;dimacs;55/40;40;   1471925;   1271058;0;446;722773;261384;20;2754;0.421828;619646;0;0;sBELA0;? Unchecked;v1.6.0-140-g9a10cc1
roadmap;dimacs;56/40;40;    531829;    538074;0;1943;7230270;1351999;17;2862;2.46001;549591;0;0;sBELA0;? Unchecked;v1.6.0-140-g9a10cc1
roadmap;dimacs;57/40;40;     65785;   1728556;0;1019;3029484;684473;102;2862;1.25619;544879;0;0;sBELA0;? Unchecked;v1.6.0-140-g9a10cc1
roadmap;dimacs;58/40;40;   1182648;    947461;0;1106;5479990;1412884;11;2862;2.52414;559748;0;0;sBELA0;? Unchecked;v1.6.0-140-g9a10cc1
roadmap;dimacs;59/40;40;    834369;   1832866;0;1359;6184374;1562137;39;2862;2.87976;542453;0;0;sBELA0;? Unchecked;v1.6.0-140-g9a10cc1
roadmap;dimacs;60/40;40;   1579344;    795855;0;3398;13143893;1884813;9;2862;3.45044;546253;0;0;sBELA0;? Unchecked;v1.6.0-140-g9a10cc1
roadmap;dimacs;61/40;40;    830015;   1296962;0;1353;6488756;1091752;7;2862;2.02767;538426;0;0;sBELA0;? Unchecked;v1.6.0-140-g9a10cc1
roadmap;dimacs;62/40;40;    390249;     22433;0;796;2515922;389730;10;2862;0.762792;510925;0;0;sBELA0;? Unchecked;v1.6.0-140-g9a10cc1
roadmap;dimacs;63/40;40;   1361440;    776903;0;1690;6005687;1683556;88;2862;3.17412;530401;0;0;sBELA0;? Unchecked;v1.6.0-140-g9a10cc1
roadmap;dimacs;64/40;40;   1526444;    433636;0;450;1090153;298001;49;2862;0.514125;579627;0;0;sBELA0;? Unchecked;v1.6.0-140-g9a10cc1
roadmap;dimacs;65/40;40;    653723;   1649198;0;1796;6702822;1091806;1;2862;2.01205;542632;0;0;sBELA0;? Unchecked;v1.6.0-140-g9a10cc1
roadmap;dimacs;66/40;40;   1848324;   1867145;0;311;2482382;139349;348;2862;0.343835;405279;0;0;sBELA0;? Unchecked;v1.6.0-140-g9a10cc1
roadmap;dimacs;67/40;40;    556081;   1705850;0;545;1729352;371133;34;2862;0.65616;565614;0;0;sBELA0;? Unchecked;v1.6.0-140-g9a10cc1
roadmap;dimacs;68/40;40;   1041215;   1753708;0;1138;7038215;454364;58;2862;0.973923;466530;0;0;sBELA0;? Unchecked;v1.6.0-140-g9a10cc1
roadmap;dimacs;69/40;40;   1673024;   1341690;0;732;3011496;248334;39;2862;0.4985;498162;0;0;sBELA0;? Unchecked;v1.6.0-140-g9a10cc1
roadmap;dimacs;70/40;40;   1305038;   1494283;0;1208;5867917;1307010;41;2754;2.352;555702;0;0;sBELA0;? Unchecked;v1.6.0-140-g9a10cc1
roadmap;dimacs;71/40;40;    989350;    282657;0;1042;5936599;834544;37;2814;1.66386;501570;0;0;sBELA0;? Unchecked;v1.6.0-140-g9a10cc1
roadmap;dimacs;72/40;40;    277177;    414997;0;1576;6899169;1544380;41;2754;2.82787;546128;0;0;sBELA0;? Unchecked;v1.6.0-140-g9a10cc1
roadmap;dimacs;73/40;40;    189385;    632745;0;1375;3513074;886786;2;2814;1.58835;558307;0;0;sBELA0;? Unchecked;v1.6.0-140-g9a10cc1
roadmap;dimacs;74/40;40;   1642632;    169223;0;620;2266627;209967;294;2814;0.47764;439593;0;0;sBELA0;? Unchecked;v1.6.0-140-g9a10cc1
roadmap;dimacs;75/40;40;   1160966;    638119;0;3044;11495032;1752679;7;2814;3.35341;522656;0;0;sBELA0;? Unchecked;v1.6.0-140-g9a10cc1
roadmap;dimacs;76/40;40;   1759861;   1021392;0;1540;8552481;1723610;20;2862;3.29109;523720;0;0;sBELA0;? Unchecked;v1.6.0-140-g9a10cc1
roadmap;dimacs;77/40;40;    681135;     95876;0;1714;7581288;1397000;76;2862;2.45935;568037;0;0;sBELA0;? Unchecked;v1.6.0-140-g9a10cc1
roadmap;dimacs;78/40;40;    614892;    385398;0;2065;8944841;1779892;26;2862;3.3815;526362;0;0;sBELA0;? Unchecked;v1.6.0-140-g9a10cc1
roadmap;dimacs;79/40;40;   1726489;   1469303;0;2276;9933288;1681378;19;2862;3.26846;514426;0;0;sBELA0;? Unchecked;v1.6.0-140-g9a10cc1
roadmap;dimacs;80/40;40;     52390;    909716;0;595;2589216;399442;69;2862;0.776776;514231;0;0;sBELA0;? Unchecked;v1.6.0-140-g9a10cc1
roadmap;dimacs;81/40;40;   1438544;   1709652;0;739;2861420;459602;38;2862;0.857154;536195;0;0;sBELA0;? Unchecked;v1.6.0-140-g9a10cc1
roadmap;dimacs;82/40;40;   1885245;   1219012;0;967;7656977;1101792;39;2862;2.10161;524260;0;0;sBELA0;? Unchecked;v1.6.0-140-g9a10cc1
roadmap;dimacs;83/40;40;    474128;    462404;0;1666;6969720;1431886;7;2862;2.57779;555471;0;0;sBELA0;? Unchecked;v1.6.0-140-g9a10cc1
roadmap;dimacs;84/40;40;   1776146;    980278;0;1133;5051159;946679;70;2862;1.80101;525639;0;0;sBELA0;? Unchecked;v1.6.0-140-g9a10cc1
roadmap;dimacs;85/40;40;   1391963;    468960;0;2005;7717537;1523311;7;2862;2.76249;551426;0;0;sBELA0;? Unchecked;v1.6.0-140-g9a10cc1
roadmap;dimacs;86/40;40;   1052481;    543349;0;2134;9460490;1476515;36;2862;2.99443;493087;0;0;sBELA0;? Unchecked;v1.6.0-140-g9a10cc1
roadmap;dimacs;87/40;40;   1821017;    791672;0;1105;6671158;299876;38;2862;0.71333;420389;0;0;sBELA0;? Unchecked;v1.6.0-140-g9a10cc1
roadmap;dimacs;88/40;40;    135239;   1107730;0;563;1990046;300863;38;2862;0.520907;577575;0;0;sBELA0;? Unchecked;v1.6.0-140-g9a10cc1
roadmap;dimacs;89/40;40;    105712;   1042809;0;1615;8540417;1872634;23;2862;3.52592;531106;0;0;sBELA0;? Unchecked;v1.6.0-140-g9a10cc1
roadmap;dimacs;90/40;40;    269271;     31624;0;1477;5830480;1250364;4;2757;2.25186;555258;0;0;sBELA0;? Unchecked;v1.6.0-140-g9a10cc1
roadmap;dimacs;91/40;40;    711516;   1110978;0;1487;3813610;904639;22;2816;1.62784;555731;0;0;sBELA0;? Unchecked;v1.6.0-140-g9a10cc1
roadmap;dimacs;92/40;40;    129884;   1702774;0;947;2963479;582962;51;2816;1.10176;529117;0;0;sBELA0;? Unchecked;v1.6.0-140-g9a10cc1
roadmap;dimacs;93/40;40;    677739;   1445420;0;333;1109796;236419;477;2861;0.443291;533327;0;0;sBELA0;? Unchecked;v1.6.0-140-g9a10cc1
roadmap;dimacs;94/40;40;    689436;    132056;0;720;2697494;543769;46;2756;1.01708;534635;0;0;sBELA0;? Unchecked;v1.6.0-140-g9a10cc1
roadmap;dimacs;95/40;40;    172705;   1375271;0;1071;5217210;1399854;42;2816;2.54595;549837;0;0;sBELA0;? Unchecked;v1.6.0-140-g9a10cc1
roadmap;dimacs;96/40;40;   1879024;    843565;0;719;2025883;177707;35;2816;0.431984;411374;0;0;sBELA0;? Unchecked;v1.6.0-140-g9a10cc1
roadmap;dimacs;97/40;40;    594555;   1305211;0;970;1536230;508246;83;2864;0.878604;578470;0;0;sBELA0;? Unchecked;v1.6.0-140-g9a10cc1
roadmap;dimacs;98/40;40;    338636;    646444;0;1053;2535770;686904;30;2864;1.23176;557659;0;0;sBELA0;? Unchecked;v1.6.0-140-g9a10cc1
roadmap;dimacs;99/40;40;   1834673;    546450;0;1192;5698069;418134;20;2864;0.921006;453997;0;0;sBELA0;? Unchecked;v1.6.0-140-g9a10cc1
roadmap;dimacs;0/50;50;   1158641;   1272769;0;2234;9081391;1219314;46;2864;2.52708;482499;0;0;sBELA0;? Unchecked;v1.6.0-140-g9a10cc1
roadmap;dimacs;1/50;50;     54758;   1370062;0;1528;4088398;768690;70;2864;1.44135;533313;0;0;sBELA0;? Unchecked;v1.6.0-140-g9a10cc1
roadmap;dimacs;2/50;50;    935047;   1190851;0;524;3006312;144877;127;2864;0.359034;403519;0;0;sBELA0;? Unchecked;v1.6.0-140-g9a10cc1
roadmap;dimacs;3/50;50;    548674;   1730064;0;788;2234724;539757;60;2864;1.0163;531100;0;0;sBELA0;? Unchecked;v1.6.0-140-g9a10cc1
roadmap;dimacs;4/50;50;    713105;   1135162;0;262;1393828;102573;267;2864;0.214137;479006;0;0;sBELA0;? Unchecked;v1.6.0-140-g9a10cc1
roadmap;dimacs;5/50;50;   1213983;   1847687;0;1050;5259302;1421245;151;2864;2.56822;553397;0;0;sBELA0;? Unchecked;v1.6.0-140-g9a10cc1
roadmap;dimacs;6/50;50;   1416819;   1454455;0;587;1387936;484602;52;2756;0.833042;581725;0;0;sBELA0;? Unchecked;v1.6.0-140-g9a10cc1
roadmap;dimacs;7/50;50;   1202525;   1287863;0;927;2205746;492368;22;2816;0.952157;517108;0;0;sBELA0;? Unchecked;v1.6.0-140-g9a10cc1
roadmap;dimacs;8/50;50;    416104;   1824062;0;1269;4704662;913767;109;2816;1.75879;519543;0;0;sBELA0;? Unchecked;v1.6.0-140-g9a10cc1
roadmap;dimacs;9/50;50;    350612;   1840987;0;1633;9115787;1814800;27;2864;3.44387;526965;0;0;sBELA0;? Unchecked;v1.6.0-140-g9a10cc1
roadmap;dimacs;10/50;50;    581610;   1031954;0;1739;7767690;1449067;26;2864;2.69204;538279;0;0;sBELA0;? Unchecked;v1.6.0-140-g9a10cc1
roadmap;dimacs;11/50;50;    329503;   1179401;0;689;3446459;864597;25;2864;1.55592;555683;0;0;sBELA0;? Unchecked;v1.6.0-140-g9a10cc1
roadmap;dimacs;12/50;50;    480267;    159302;0;1503;7974107;1216720;73;2864;2.2487;541077;0;0;sBELA0;? Unchecked;v1.6.0-140-g9a10cc1
roadmap;dimacs;13/50;50;   1890527;   1576171;0;1612;8709202;1468105;72;2864;3.07495;477441;0;0;sBELA0;? Unchecked;v1.6.0-140-g9a10cc1
roadmap;dimacs;14/50;50;   1743677;    933040;0;967;5426155;1467762;38;2864;2.8015;523920;0;0;sBELA0;? Unchecked;v1.6.0-140-g9a10cc1
roadmap;dimacs;15/50;50;   1460731;   1705524;0;2204;8152769;1618855;5;2756;2.91919;554556;0;0;sBELA0;? Unchecked;v1.6.0-140-g9a10cc1
roadmap;dimacs;16/50;50;    801770;    765171;0;1632;5188979;642272;53;2816;1.31597;488058;0;0;sBELA0;? Unchecked;v1.6.0-140-g9a10cc1
roadmap;dimacs;17/50;50;   1076837;   1604094;0;405;1055101;226949;61;2756;0.419018;541621;0;0;sBELA0;? Unchecked;v1.6.0-140-g9a10cc1
roadmap;dimacs;18/50;50;   1431544;    194846;0;1538;5259187;998642;65;2816;1.91206;522287;0;0;sBELA0;? Unchecked;v1.6.0-140-g9a10cc1
roadmap;dimacs;19/50;50;   1536202;    632533;0;695;2578565;695257;213;2816;1.26715;548677;0;0;sBELA0;? Unchecked;v1.6.0-140-g9a10cc1
roadmap;dimacs;20/50;50;    356711;    288578;0;1570;4883659;1146313;17;2816;2.17502;527036;0;0;sBELA0;? Unchecked;v1.6.0-140-g9a10cc1
roadmap;dimacs;21/50;50;   1416275;   1578430;0;453;1176398;414053;533;2756;0.783153;528700;0;0;sBELA0;? Unchecked;v1.6.0-140-g9a10cc1
roadmap;dimacs;22/50;50;   1267172;   1104888;0;1359;6179749;1332865;24;2756;2.40923;553233;0;0;sBELA0;? Unchecked;v1.6.0-140-g9a10cc1
roadmap;dimacs;23/50;50;   1466216;   1076837;0;1626;6568827;1273311;12;2756;2.32847;546844;0;0;sBELA0;? Unchecked;v1.6.0-140-g9a10cc1
roadmap;dimacs;24/50;50;   1228417;     41268;0;921;1804922;295237;52;2816;0.548601;538164;0;0;sBELA0;? Unchecked;v1.6.0-140-g9a10cc1
roadmap;dimacs;25/50;50;    321340;    192757;0;390;1500538;416969;51;2756;0.742445;561616;0;0;sBELA0;? Unchecked;v1.6.0-140-g9a10cc1
roadmap;dimacs;26/50;50;    965921;   1375640;0;1291;6122486;1631386;88;2816;3.12196;522552;0;0;sBELA0;? Unchecked;v1.6.0-140-g9a10cc1
roadmap;dimacs;27/50;50;   1657428;    779364;0;1482;5065235;976244;51;2756;1.85125;527342;0;0;sBELA0;? Unchecked;v1.6.0-140-g9a10cc1
roadmap;dimacs;28/50;50;    454410;    618767;0;398;955405;349211;29;2756;0.591704;590179;0;0;sBELA0;? Unchecked;v1.6.0-140-g9a10cc1
roadmap;dimacs;29/50;50;   1453433;   1181632;0;575;3003648;732363;113;2864;1.3775;531663;0;0;sBELA0;? Unchecked;v1.6.0-140-g9a10cc1
roadmap;dimacs;30/50;50;    261444;   1761841;0;478;789804;244607;51;2756;0.418686;584225;0;0;sBELA0;? Unchecked;v1.6.0-140-g9a10cc1
roadmap;dimacs;31/50;50;   1710330;   1308565;0;1237;6157061;1026005;10;2816;1.89362;541822;0;0;sBELA0;? Unchecked;v1.6.0-140-g9a10cc1
roadmap;dimacs;32/50;50;   1622269;    239225;0;1508;3830786;741363;48;2816;1.40848;526358;0;0;sBELA0;? Unchecked;v1.6.0-140-g9a10cc1
roadmap;dimacs;33/50;50;    858782;    835734;0;938;2932191;654752;65;2816;1.21332;539636;0;0;sBELA0;? Unchecked;v1.6.0-140-g9a10cc1
roadmap;dimacs;34/50;50;   1164733;   1686951;0;634;3418308;164337;38;2816;0.363389;452234;0;0;sBELA0;? Unchecked;v1.6.0-140-g9a10cc1
roadmap;dimacs;35/50;50;   1008319;    677177;0;1772;8091491;1823198;88;2816;3.30183;552179;0;0;sBELA0;? Unchecked;v1.6.0-140-g9a10cc1
roadmap;dimacs;36/50;50;   1646034;   1063654;0;1904;9241742;1880584;4;2864;3.51181;535503;0;0;sBELA0;? Unchecked;v1.6.0-140-g9a10cc1
roadmap;dimacs;37/50;50;    682994;   1688601;0;3405;12098032;1873213;6;2864;3.43399;545492;0;0;sBELA0;? Unchecked;v1.6.0-140-g9a10cc1
roadmap;dimacs;38/50;50;    257300;    548822;0;1144;6020837;1343874;25;2756;2.39089;562082;0;0;sBELA0;? Unchecked;v1.6.0-140-g9a10cc1
roadmap;dimacs;39/50;50;   1208113;    169244;0;253;994846;64848;77;2852;0.151999;426634;0;0;sBELA0;? Unchecked;v1.6.0-140-g9a10cc1
roadmap;dimacs;40/50;50;   1226440;   1391278;0;2163;8142680;1513574;9;2852;2.80977;538683;0;0;sBELA0;? Unchecked;v1.6.0-140-g9a10cc1
roadmap;dimacs;41/50;50;    122277;   1128394;0;719;2944594;578759;86;2852;1.09609;528020;0;0;sBELA0;? Unchecked;v1.6.0-140-g9a10cc1
roadmap;dimacs;42/50;50;     66946;   1214669;0;1054;5960010;993077;29;2852;1.85801;534483;0;0;sBELA0;? Unchecked;v1.6.0-140-g9a10cc1
roadmap;dimacs;43/50;50;    299055;   1685578;0;2346;9966138;1826270;3;2801;3.39812;537436;0;0;sBELA0;? Unchecked;v1.6.0-140-g9a10cc1
roadmap;dimacs;44/50;50;   1617239;   1448010;0;1335;4746081;1193340;62;2816;2.2206;537395;0;0;sBELA0;? Unchecked;v1.6.0-140-g9a10cc1
roadmap;dimacs;45/50;50;     88434;    220092;0;812;1922254;437488;33;2756;0.781273;559968;0;0;sBELA0;? Unchecked;v1.6.0-140-g9a10cc1
roadmap;dimacs;46/50;50;    765554;   1136443;0;715;2443487;505643;12;2756;0.950668;531882;0;0;sBELA0;? Unchecked;v1.6.0-140-g9a10cc1
roadmap;dimacs;47/50;50;   1662423;    665304;0;2029;6865216;1533362;4;2801;2.84956;538106;0;0;sBELA0;? Unchecked;v1.6.0-140-g9a10cc1
roadmap;dimacs;48/50;50;    522581;    744644;0;1296;6138029;1094893;12;2864;2.04993;534111;0;0;sBELA0;? Unchecked;v1.6.0-140-g9a10cc1
roadmap;dimacs;49/50;50;    880871;    913237;0;1191;4898580;1074310;70;2864;2.03669;527479;0;0;sBELA0;? Unchecked;v1.6.0-140-g9a10cc1
roadmap;dimacs;50/50;50;    184031;   1879161;0;1177;5260707;1304853;17;2864;2.40507;542542;0;0;sBELA0;? Unchecked;v1.6.0-140-g9a10cc1
roadmap;dimacs;51/50;50;    638122;   1463354;0;450;1317489;192180;117;2864;0.356339;539318;0;0;sBELA0;? Unchecked;v1.6.0-140-g9a10cc1
roadmap;dimacs;52/50;50;   1314005;    356552;0;1163;4462546;1035691;29;2864;1.90257;544364;0;0;sBELA0;? Unchecked;v1.6.0-140-g9a10cc1
roadmap;dimacs;53/50;50;     21748;   1031477;0;2538;10681252;1575868;14;2864;3.09022;509953;0;0;sBELA0;? Unchecked;v1.6.0-140-g9a10cc1
roadmap;dimacs;54/50;50;    149376;    488085;0;253;1226176;37968;97;2864;0.103016;368565;0;0;sBELA0;? Unchecked;v1.6.0-140-g9a10cc1
roadmap;dimacs;55/50;50;   1471925;   1271058;0;444;722785;261389;28;2756;0.434407;601714;0;0;sBELA0;? Unchecked;v1.6.0-140-g9a10cc1
roadmap;dimacs;56/50;50;    531829;    538074;0;1942;7230271;1351999;20;2864;2.4524;551295;0;0;sBELA0;? Unchecked;v1.6.0-140-g9a10cc1
roadmap;dimacs;57/50;50;     65785;   1728556;0;1019;3029511;684480;138;2864;1.27009;538920;0;0;sBELA0;? Unchecked;v1.6.0-140-g9a10cc1
roadmap;dimacs;58/50;50;   1182648;    947461;0;1107;5480002;1412887;14;2864;2.52978;558503;0;0;sBELA0;? Unchecked;v1.6.0-140-g9a10cc1
roadmap;dimacs;59/50;50;    834369;   1832866;0;1357;6184379;1562140;48;2864;2.89212;540136;0;0;sBELA0;? Unchecked;v1.6.0-140-g9a10cc1
roadmap;dimacs;60/50;50;   1579344;    795855;0;3402;13143894;1884813;11;2864;3.4664;543738;0;0;sBELA0;? Unchecked;v1.6.0-140-g9a10cc1
roadmap;dimacs;61/50;50;    830015;   1296962;0;1351;6488758;1091752;9;2864;2.0335;536884;0;0;sBELA0;? Unchecked;v1.6.0-140-g9a10cc1
roadmap;dimacs;62/50;50;    390249;     22433;0;798;2515923;389730;13;2864;0.766742;508293;0;0;sBELA0;? Unchecked;v1.6.0-140-g9a10cc1
roadmap;dimacs;63/50;50;   1361440;    776903;0;1691;6005702;1683557;109;2864;3.19058;527664;0;0;sBELA0;? Unchecked;v1.6.0-140-g9a10cc1
roadmap;dimacs;64/50;50;   1526444;    433636;0;450;1090164;298010;58;2864;0.516552;576922;0;0;sBELA0;? Unchecked;v1.6.0-140-g9a10cc1
roadmap;dimacs;65/50;50;    653723;   1649198;0;1796;6702823;1091806;2;2864;2.02389;539459;0;0;sBELA0;? Unchecked;v1.6.0-140-g9a10cc1
roadmap;dimacs;66/50;50;   1848324;   1867145;0;310;2482577;139375;449;2864;0.348423;400017;0;0;sBELA0;? Unchecked;v1.6.0-140-g9a10cc1
roadmap;dimacs;67/50;50;    556081;   1705850;0;550;1729369;371136;42;2864;0.659562;562700;0;0;sBELA0;? Unchecked;v1.6.0-140-g9a10cc1
roadmap;dimacs;68/50;50;   1041215;   1753708;0;1137;7038230;454369;73;2864;0.981038;463151;0;0;sBELA0;? Unchecked;v1.6.0-140-g9a10cc1
roadmap;dimacs;69/50;50;   1673024;   1341690;0;731;3011515;248337;49;2864;0.502834;493875;0;0;sBELA0;? Unchecked;v1.6.0-140-g9a10cc1
roadmap;dimacs;70/50;50;   1305038;   1494283;0;1211;5867923;1307013;50;2756;2.35863;554140;0;0;sBELA0;? Unchecked;v1.6.0-140-g9a10cc1
roadmap;dimacs;71/50;50;    989350;    282657;0;1041;5936611;834556;47;2816;1.66909;500005;0;0;sBELA0;? Unchecked;v1.6.0-140-g9a10cc1
roadmap;dimacs;72/50;50;    277177;    414997;0;1576;6899174;1544383;51;2801;2.84331;543164;0;0;sBELA0;? Unchecked;v1.6.0-140-g9a10cc1
roadmap;dimacs;73/50;50;    189385;    632745;0;1375;3513079;886786;3;2816;1.5932;556607;0;0;sBELA0;? Unchecked;v1.6.0-140-g9a10cc1
roadmap;dimacs;74/50;50;   1642632;    169223;0;622;2266686;209985;383;2816;0.486273;431826;0;0;sBELA0;? Unchecked;v1.6.0-140-g9a10cc1
roadmap;dimacs;75/50;50;   1160966;    638119;0;3044;11495034;1752679;9;2816;3.36211;521304;0;0;sBELA0;? Unchecked;v1.6.0-140-g9a10cc1
roadmap;dimacs;76/50;50;   1759861;   1021392;0;1543;8552483;1723610;25;2864;3.29372;523303;0;0;sBELA0;? Unchecked;v1.6.0-140-g9a10cc1
roadmap;dimacs;77/50;50;    681135;     95876;0;1717;7581293;1397004;90;2864;2.45877;568172;0;0;sBELA0;? Unchecked;v1.6.0-140-g9a10cc1
roadmap;dimacs;78/50;50;    614892;    385398;0;2064;8944843;1779892;31;2864;3.39521;524236;0;0;sBELA0;? Unchecked;v1.6.0-140-g9a10cc1
roadmap;dimacs;79/50;50;   1726489;   1469303;0;2276;9933290;1681379;21;2864;3.29541;510219;0;0;sBELA0;? Unchecked;v1.6.0-140-g9a10cc1
roadmap;dimacs;80/50;50;     52390;    909716;0;597;2589251;399451;84;2864;0.783856;509598;0;0;sBELA0;? Unchecked;v1.6.0-140-g9a10cc1
roadmap;dimacs;81/50;50;   1438544;   1709652;0;740;2861422;459602;47;2864;0.860737;533963;0;0;sBELA0;? Unchecked;v1.6.0-140-g9a10cc1
roadmap;dimacs;82/50;50;   1885245;   1219012;0;968;7656990;1101800;47;2864;2.10342;523813;0;0;sBELA0;? Unchecked;v1.6.0-140-g9a10cc1
roadmap;dimacs;83/50;50;    474128;    462404;0;1664;6969734;1431893;9;2864;2.57772;555488;0;0;sBELA0;? Unchecked;v1.6.0-140-g9a10cc1
roadmap;dimacs;84/50;50;   1776146;    980278;0;1126;5051165;946680;82;2864;1.80421;524706;0;0;sBELA0;? Unchecked;v1.6.0-140-g9a10cc1
roadmap;dimacs;85/50;50;   1391963;    468960;0;2005;7717551;1523314;9;2864;2.76599;550729;0;0;sBELA0;? Unchecked;v1.6.0-140-g9a10cc1
roadmap;dimacs;86/50;50;   1052481;    543349;0;2134;9460497;1476516;44;2864;3.00602;491186;0;0;sBELA0;? Unchecked;v1.6.0-140-g9a10cc1
roadmap;dimacs;87/50;50;   1821017;    791672;0;1104;6671176;299877;45;2864;0.725487;413346;0;0;sBELA0;? Unchecked;v1.6.0-140-g9a10cc1
roadmap;dimacs;88/50;50;    135239;   1107730;0;563;1990050;300865;45;2864;0.525238;572816;0;0;sBELA0;? Unchecked;v1.6.0-140-g9a10cc1
roadmap;dimacs;89/50;50;    105712;   1042809;0;1615;8540421;1872634;28;2864;3.52064;531902;0;0;sBELA0;? Unchecked;v1.6.0-140-g9a10cc1
roadmap;dimacs;90/50;50;    269271;     31624;0;1479;5830481;1250364;5;2756;2.28231;547850;0;0;sBELA0;? Unchecked;v1.6.0-140-g9a10cc1
roadmap;dimacs;91/50;50;    711516;   1110978;0;1485;3813611;904640;26;2816;1.63634;552845;0;0;sBELA0;? Unchecked;v1.6.0-140-g9a10cc1
roadmap;dimacs;92/50;50;    129884;   1702774;0;946;2963491;582966;67;2816;1.10588;527149;0;0;sBELA0;? Unchecked;v1.6.0-140-g9a10cc1
roadmap;dimacs;93/50;50;    677739;   1445420;0;327;1109841;236437;529;2861;0.44315;533537;0;0;sBELA0;? Unchecked;v1.6.0-140-g9a10cc1
roadmap;dimacs;94/50;50;    689436;    132056;0;728;2697506;543771;56;2756;1.03099;527428;0;0;sBELA0;? Unchecked;v1.6.0-140-g9a10cc1
roadmap;dimacs;95/50;50;    172705;   1375271;0;1061;5217229;1399855;53;2816;2.5578;547289;0;0;sBELA0;? Unchecked;v1.6.0-140-g9a10cc1
roadmap;dimacs;96/50;50;   1879024;    843565;0;719;2025885;177707;41;2816;0.436495;407123;0;0;sBELA0;? Unchecked;v1.6.0-140-g9a10cc1
roadmap;dimacs;97/50;50;    594555;   1305211;0;971;1536235;508247;96;2864;0.888807;571830;0;0;sBELA0;? Unchecked;v1.6.0-140-g9a10cc1
roadmap;dimacs;98/50;50;    338636;    646444;0;1051;2535775;686905;39;2864;1.24035;553800;0;0;sBELA0;? Unchecked;v1.6.0-140-g9a10cc1
roadmap;dimacs;99/50;50;   1834673;    546450;0;1192;5698074;418137;25;2864;0.927139;450997;0;0;sBELA0;? Unchecked;v1.6.0-140-g9a10cc1
roadmap;dimacs;0/60;60;   1158641;   1272769;0;2232;9081392;1219314;54;2864;2.55717;476822;0;0;sBELA0;? Unchecked;v1.6.0-140-g9a10cc1
roadmap;dimacs;1/60;60;     54758;   1370062;0;1528;4088403;768692;85;2864;1.4544;528529;0;0;sBELA0;? Unchecked;v1.6.0-140-g9a10cc1
roadmap;dimacs;2/60;60;    935047;   1190851;0;524;3006350;144886;163;2864;0.361494;400797;0;0;sBELA0;? Unchecked;v1.6.0-140-g9a10cc1
roadmap;dimacs;3/60;60;    548674;   1730064;0;788;2234726;539757;68;2864;1.0156;531468;0;0;sBELA0;? Unchecked;v1.6.0-140-g9a10cc1
roadmap;dimacs;4/60;60;    713105;   1135162;0;256;1393880;102575;312;2864;0.217369;471894;0;0;sBELA0;? Unchecked;v1.6.0-140-g9a10cc1
roadmap;dimacs;5/60;60;   1213983;   1847687;0;1049;5259327;1421251;186;2864;2.57494;551955;0;0;sBELA0;? Unchecked;v1.6.0-140-g9a10cc1
roadmap;dimacs;6/60;60;   1416819;   1454455;0;584;1387956;484609;63;2756;0.839515;577249;0;0;sBELA0;? Unchecked;v1.6.0-140-g9a10cc1
roadmap;dimacs;7/60;60;   1202525;   1287863;0;926;2205750;492372;27;2816;0.956522;514752;0;0;sBELA0;? Unchecked;v1.6.0-140-g9a10cc1
roadmap;dimacs;8/60;60;    416104;   1824062;0;1270;4704670;913767;122;2816;1.77082;516014;0;0;sBELA0;? Unchecked;v1.6.0-140-g9a10cc1
roadmap;dimacs;9/60;60;    350612;   1840987;0;1631;9115792;1814800;31;2864;3.4473;526442;0;0;sBELA0;? Unchecked;v1.6.0-140-g9a10cc1
roadmap;dimacs;10/60;60;    581610;   1031954;0;1738;7767694;1449068;30;2864;2.69833;537025;0;0;sBELA0;? Unchecked;v1.6.0-140-g9a10cc1
roadmap;dimacs;11/60;60;    329503;   1179401;0;688;3446467;864598;30;2864;1.55896;554601;0;0;sBELA0;? Unchecked;v1.6.0-140-g9a10cc1
roadmap;dimacs;12/60;60;    480267;    159302;0;1502;7974115;1216722;86;2864;2.26045;538265;0;0;sBELA0;? Unchecked;v1.6.0-140-g9a10cc1
roadmap;dimacs;13/60;60;   1890527;   1576171;0;1613;8709210;1468107;82;2864;3.09086;474984;0;0;sBELA0;? Unchecked;v1.6.0-140-g9a10cc1
roadmap;dimacs;14/60;60;   1743677;    933040;0;967;5426162;1467764;46;2864;2.78361;527287;0;0;sBELA0;? Unchecked;v1.6.0-140-g9a10cc1
roadmap;dimacs;15/60;60;   1460731;   1705524;0;2204;8152769;1618855;5;2801;2.91599;555164;0;0;sBELA0;? Unchecked;v1.6.0-140-g9a10cc1
roadmap;dimacs;16/60;60;    801770;    765171;0;1632;5188986;642273;61;2816;1.31799;487313;0;0;sBELA0;? Unchecked;v1.6.0-140-g9a10cc1
roadmap;dimacs;17/60;60;   1076837;   1604094;0;405;1055114;226954;78;2756;0.422568;537083;0;0;sBELA0;? Unchecked;v1.6.0-140-g9a10cc1
roadmap;dimacs;18/60;60;   1431544;    194846;0;1539;5259194;998642;81;2816;1.92101;519853;0;0;sBELA0;? Unchecked;v1.6.0-140-g9a10cc1
roadmap;dimacs;19/60;60;   1536202;    632533;0;698;2578604;695263;269;2816;1.27767;544165;0;0;sBELA0;? Unchecked;v1.6.0-140-g9a10cc1
roadmap;dimacs;20/60;60;    356711;    288578;0;1572;4883662;1146314;21;2816;2.17613;526766;0;0;sBELA0;? Unchecked;v1.6.0-140-g9a10cc1
roadmap;dimacs;21/60;60;   1416275;   1578430;0;469;1176448;414074;670;2756;0.794338;521282;0;0;sBELA0;? Unchecked;v1.6.0-140-g9a10cc1
roadmap;dimacs;22/60;60;   1267172;   1104888;0;1362;6179753;1332865;28;2756;2.41825;551169;0;0;sBELA0;? Unchecked;v1.6.0-140-g9a10cc1
roadmap;dimacs;23/60;60;   1466216;   1076837;0;1625;6568828;1273311;13;2756;2.32998;546491;0;0;sBELA0;? Unchecked;v1.6.0-140-g9a10cc1
roadmap;dimacs;24/60;60;   1228417;     41268;0;923;1804930;295241;64;2816;0.555227;531748;0;0;sBELA0;? Unchecked;v1.6.0-140-g9a10cc1
roadmap;dimacs;25/60;60;    321340;    192757;0;388;1500546;416972;59;2756;0.745029;559672;0;0;sBELA0;? Unchecked;v1.6.0-140-g9a10cc1
roadmap;dimacs;26/60;60;    965921;   1375640;0;1289;6122492;1631386;104;2816;3.11577;523591;0;0;sBELA0;? Unchecked;v1.6.0-140-g9a10cc1
roadmap;dimacs;27/60;60;   1657428;    779364;0;1485;5065242;976247;66;2756;1.86448;523603;0;0;sBELA0;? Unchecked;v1.6.0-140-g9a10cc1
roadmap;dimacs;28/60;60;    454410;    618767;0;399;955408;349211;34;2756;0.592062;589822;0;0;sBELA0;? Unchecked;v1.6.0-140-g9a10cc1
roadmap;dimacs;29/60;60;   1453433;   1181632;0;571;3003703;732369;150;2864;1.38466;528916;0;0;sBELA0;? Unchecked;v1.6.0-140-g9a10cc1
roadmap;dimacs;30/60;60;    261444;   1761841;0;452;789812;244612;61;2756;0.422557;578885;0;0;sBELA0;? Unchecked;v1.6.0-140-g9a10cc1
roadmap;dimacs;31/60;60;   1710330;   1308565;0;1240;6157063;1026006;12;2816;1.89968;540094;0;0;sBELA0;? Unchecked;v1.6.0-140-g9a10cc1
roadmap;dimacs;32/60;60;   1622269;    239225;0;1510;3830791;741364;59;2816;1.4195;522271;0;0;sBELA0;? Unchecked;v1.6.0-140-g9a10cc1
roadmap;dimacs;33/60;60;    858782;    835734;0;940;2932198;654753;77;2816;1.21553;538657;0;0;sBELA0;? Unchecked;v1.6.0-140-g9a10cc1
roadmap;dimacs;34/60;60;   1164733;   1686951;0;631;3418320;164339;46;2816;0.365419;449728;0;0;sBELA0;? Unchecked;v1.6.0-140-g9a10cc1
roadmap;dimacs;35/60;60;   1008319;    677177;0;1771;8091498;1823200;106;2816;3.31447;550073;0;0;sBELA0;? Unchecked;v1.6.0-140-g9a10cc1
roadmap;dimacs;36/60;60;   1646034;   1063654;0;1908;9241743;1880584;5;2864;3.51138;535568;0;0;sBELA0;? Unchecked;v1.6.0-140-g9a10cc1
roadmap;dimacs;37/60;60;    682994;   1688601;0;3405;12098033;1873214;7;2864;3.43757;544925;0;0;sBELA0;? Unchecked;v1.6.0-140-g9a10cc1
roadmap;dimacs;38/60;60;    257300;    548822;0;1142;6020839;1343875;29;2756;2.39723;560595;0;0;sBELA0;? Unchecked;v1.6.0-140-g9a10cc1
roadmap;dimacs;39/60;60;   1208113;    169244;0;257;994868;64852;90;2852;0.153097;423600;0;0;sBELA0;? Unchecked;v1.6.0-140-g9a10cc1
roadmap;dimacs;40/60;60;   1226440;   1391278;0;2163;8142681;1513575;10;2852;2.81464;537750;0;0;sBELA0;? Unchecked;v1.6.0-140-g9a10cc1
roadmap;dimacs;41/60;60;    122277;   1128394;0;720;2944602;578762;105;2852;1.1021;525145;0;0;sBELA0;? Unchecked;v1.6.0-140-g9a10cc1
roadmap;dimacs;42/60;60;     66946;   1214669;0;1054;5960014;993077;37;2852;1.86809;531601;0;0;sBELA0;? Unchecked;v1.6.0-140-g9a10cc1
roadmap;dimacs;43/60;60;    299055;   1685578;0;2346;9966139;1826270;4;2801;3.40893;535731;0;0;sBELA0;? Unchecked;v1.6.0-140-g9a10cc1
roadmap;dimacs;44/60;60;   1617239;   1448010;0;1334;4746085;1193342;72;2816;2.23144;534787;0;0;sBELA0;? Unchecked;v1.6.0-140-g9a10cc1
roadmap;dimacs;45/60;60;     88434;    220092;0;810;1922262;437489;41;2756;0.78525;557134;0;0;sBELA0;? Unchecked;v1.6.0-140-g9a10cc1
roadmap;dimacs;46/60;60;    765554;   1136443;0;714;2443488;505643;15;2756;0.952565;530823;0;0;sBELA0;? Unchecked;v1.6.0-140-g9a10cc1
roadmap;dimacs;47/60;60;   1662423;    665304;0;2026;6865217;1533362;5;2801;2.85446;537181;0;0;sBELA0;? Unchecked;v1.6.0-140-g9a10cc1
roadmap;dimacs;48/60;60;    522581;    744644;0;1295;6138030;1094894;13;2864;2.0549;532821;0;0;sBELA0;? Unchecked;v1.6.0-140-g9a10cc1
roadmap;dimacs;49/60;60;    880871;    913237;0;1191;4898591;1074314;86;2864;2.05096;523812;0;0;sBELA0;? Unchecked;v1.6.0-140-g9a10cc1
roadmap;dimacs;50/60;60;    184031;   1879161;0;1178;5260715;1304856;19;2864;2.40151;543349;0;0;sBELA0;? Unchecked;v1.6.0-140-g9a10cc1
roadmap;dimacs;51/60;60;    638122;   1463354;0;430;1317515;192191;152;2864;0.360591;532989;0;0;sBELA0;? Unchecked;v1.6.0-140-g9a10cc1
roadmap;dimacs;52/60;60;   1314005;    356552;0;1165;4462549;1035692;35;2864;1.90602;543379;0;0;sBELA0;? Unchecked;v1.6.0-140-g9a10cc1
roadmap;dimacs;53/60;60;     21748;   1031477;0;2541;10681253;1575869;15;2864;3.07355;512720;0;0;sBELA0;? Unchecked;v1.6.0-140-g9a10cc1
roadmap;dimacs;54/60;60;    149376;    488085;0;255;1226194;37968;111;2864;0.104691;362666;0;0;sBELA0;? Unchecked;v1.6.0-140-g9a10cc1
roadmap;dimacs;55/60;60;   1471925;   1271058;0;439;722791;261392;32;2756;0.439063;595340;0;0;sBELA0;? Unchecked;v1.6.0-140-g9a10cc1
roadmap;dimacs;56/60;60;    531829;    538074;0;1944;7230273;1352000;25;2864;2.46751;547920;0;0;sBELA0;? Unchecked;v1.6.0-140-g9a10cc1
roadmap;dimacs;57/60;60;     65785;   1728556;0;1021;3029527;684484;162;2864;1.28161;534083;0;0;sBELA0;? Unchecked;v1.6.0-140-g9a10cc1
roadmap;dimacs;58/60;60;   1182648;    947461;0;1106;5480004;1412887;16;2864;2.53067;558305;0;0;sBELA0;? Unchecked;v1.6.0-140-g9a10cc1
roadmap;dimacs;59/60;60;    834369;   1832866;0;1358;6184384;1562142;59;2864;2.89716;539197;0;0;sBELA0;? Unchecked;v1.6.0-140-g9a10cc1
roadmap;dimacs;60/60;60;   1579344;    795855;0;3402;13143894;1884813;13;2864;3.4812;541426;0;0;sBELA0;? Unchecked;v1.6.0-140-g9a10cc1
roadmap;dimacs;61/60;60;    830015;   1296962;0;1352;6488760;1091754;11;2864;2.03715;535923;0;0;sBELA0;? Unchecked;v1.6.0-140-g9a10cc1
roadmap;dimacs;62/60;60;    390249;     22433;0;795;2515925;389730;16;2864;0.769508;506467;0;0;sBELA0;? Unchecked;v1.6.0-140-g9a10cc1
roadmap;dimacs;63/60;60;   1361440;    776903;0;1689;6005711;1683558;128;2864;3.19879;526311;0;0;sBELA0;? Unchecked;v1.6.0-140-g9a10cc1
roadmap;dimacs;64/60;60;   1526444;    433636;0;455;1090172;298019;67;2864;0.52048;572585;0;0;sBELA0;? Unchecked;v1.6.0-140-g9a10cc1
roadmap;dimacs;65/60;60;    653723;   1649198;0;1797;6702823;1091806;2;2864;2.03527;536442;0;0;sBELA0;? Unchecked;v1.6.0-140-g9a10cc1
roadmap;dimacs;66/60;60;   1848324;   1867145;0;312;2482776;139408;574;2864;0.35573;391893;0;0;sBELA0;? Unchecked;v1.6.0-140-g9a10cc1
roadmap;dimacs;67/60;60;    556081;   1705850;0;548;1729378;371140;50;2864;0.660734;561708;0;0;sBELA0;? Unchecked;v1.6.0-140-g9a10cc1
roadmap;dimacs;68/60;60;   1041215;   1753708;0;1134;7038242;454370;92;2864;0.990346;458799;0;0;sBELA0;? Unchecked;v1.6.0-140-g9a10cc1
roadmap;dimacs;69/60;60;   1673024;   1341690;0;732;3011524;248341;61;2864;0.507721;489129;0;0;sBELA0;? Unchecked;v1.6.0-140-g9a10cc1
roadmap;dimacs;70/60;60;   1305038;   1494283;0;1211;5867927;1307015;60;2756;2.36507;552632;0;0;sBELA0;? Unchecked;v1.6.0-140-g9a10cc1
roadmap;dimacs;71/60;60;    989350;    282657;0;1042;5936614;834560;57;2816;1.67562;498062;0;0;sBELA0;? Unchecked;v1.6.0-140-g9a10cc1
roadmap;dimacs;72/60;60;    277177;    414997;0;1576;6899179;1544383;60;2801;2.85235;541442;0;0;sBELA0;? Unchecked;v1.6.0-140-g9a10cc1
roadmap;dimacs;73/60;60;    189385;    632745;0;1375;3513079;886786;3;2816;1.58408;559812;0;0;sBELA0;? Unchecked;v1.6.0-140-g9a10cc1
roadmap;dimacs;74/60;60;   1642632;    169223;0;622;2266716;209998;448;2816;0.49526;424016;0;0;sBELA0;? Unchecked;v1.6.0-140-g9a10cc1
roadmap;dimacs;75/60;60;   1160966;    638119;0;3041;11495035;1752680;10;2816;3.36647;520629;0;0;sBELA0;? Unchecked;v1.6.0-140-g9a10cc1
roadmap;dimacs;76/60;60;   1759861;   1021392;0;1542;8552485;1723610;30;2864;3.30105;522140;0;0;sBELA0;? Unchecked;v1.6.0-140-g9a10cc1
roadmap;dimacs;77/60;60;    681135;     95876;0;1719;7581297;1397005;100;2864;2.46651;566390;0;0;sBELA0;? Unchecked;v1.6.0-140-g9a10cc1
roadmap;dimacs;78/60;60;    614892;    385398;0;2066;8944848;1779894;37;2864;3.40556;522643;0;0;sBELA0;? Unchecked;v1.6.0-140-g9a10cc1
roadmap;dimacs;79/60;60;   1726489;   1469303;0;2276;9933292;1681379;25;2864;3.28968;511107;0;0;sBELA0;? Unchecked;v1.6.0-140-g9a10cc1
roadmap;dimacs;80/60;60;     52390;    909716;0;596;2589267;399453;97;2864;0.786573;507840;0;0;sBELA0;? Unchecked;v1.6.0-140-g9a10cc1
roadmap;dimacs;81/60;60;   1438544;   1709652;0;740;2861426;459604;57;2864;0.868035;529476;0;0;sBELA0;? Unchecked;v1.6.0-140-g9a10cc1
roadmap;dimacs;82/60;60;   1885245;   1219012;0;967;7657001;1101814;55;2864;2.10708;522910;0;0;sBELA0;? Unchecked;v1.6.0-140-g9a10cc1
roadmap;dimacs;83/60;60;    474128;    462404;0;1665;6969738;1431895;10;2864;2.57967;555069;0;0;sBELA0;? Unchecked;v1.6.0-140-g9a10cc1
roadmap;dimacs;84/60;60;   1776146;    980278;0;1131;5051177;946686;101;2864;1.81499;521592;0;0;sBELA0;? Unchecked;v1.6.0-140-g9a10cc1
roadmap;dimacs;85/60;60;   1391963;    468960;0;2005;7717555;1523316;10;2864;2.76941;550050;0;0;sBELA0;? Unchecked;v1.6.0-140-g9a10cc1
roadmap;dimacs;86/60;60;   1052481;    543349;0;2134;9460502;1476521;54;2864;3.01874;489118;0;0;sBELA0;? Unchecked;v1.6.0-140-g9a10cc1
roadmap;dimacs;87/60;60;   1821017;    791672;0;1102;6671179;299877;51;2864;0.738215;406219;0;0;sBELA0;? Unchecked;v1.6.0-140-g9a10cc1
roadmap;dimacs;88/60;60;    135239;   1107730;0;563;1990054;300868;54;2864;0.528378;569418;0;0;sBELA0;? Unchecked;v1.6.0-140-g9a10cc1
roadmap;dimacs;89/60;60;    105712;   1042809;0;1606;8540425;1872634;33;2864;3.55148;527282;0;0;sBELA0;? Unchecked;v1.6.0-140-g9a10cc1
roadmap;dimacs;90/60;60;    269271;     31624;0;1476;5830482;1250364;6;2756;2.26797;551315;0;0;sBELA0;? Unchecked;v1.6.0-140-g9a10cc1
roadmap;dimacs;91/60;60;    711516;   1110978;0;1487;3813617;904641;30;2846;1.64844;548785;0;0;sBELA0;? Unchecked;v1.6.0-140-g9a10cc1
roadmap;dimacs;92/60;60;    129884;   1702774;0;947;2963500;582969;80;2846;1.10992;525235;0;0;sBELA0;? Unchecked;v1.6.0-140-g9a10cc1
roadmap;dimacs;93/60;60;    677739;   1445420;0;317;1109916;236461;636;2861;0.446645;529416;0;0;sBELA0;? Unchecked;v1.6.0-140-g9a10cc1
roadmap;dimacs;94/60;60;    689436;    132056;0;728;2697517;543774;68;2756;1.03036;527751;0;0;sBELA0;? Unchecked;v1.6.0-140-g9a10cc1
roadmap;dimacs;95/60;60;    172705;   1375271;0;1062;5217236;1399859;63;2816;2.56278;546227;0;0;sBELA0;? Unchecked;v1.6.0-140-g9a10cc1
roadmap;dimacs;96/60;60;   1879024;    843565;0;718;2025891;177708;52;2816;0.440075;403813;0;0;sBELA0;? Unchecked;v1.6.0-140-g9a10cc1
roadmap;dimacs;97/60;60;    594555;   1305211;0;971;1536237;508249;104;2864;0.892006;569782;0;0;sBELA0;? Unchecked;v1.6.0-140-g9a10cc1
roadmap;dimacs;98/60;60;    338636;    646444;0;1054;2535789;686910;48;2864;1.24604;551273;0;0;sBELA0;? Unchecked;v1.6.0-140-g9a10cc1
roadmap;dimacs;99/60;60;   1834673;    546450;0;1194;5698077;418137;30;2864;0.929551;449827;0;0;sBELA0;? Unchecked;v1.6.0-140-g9a10cc1
roadmap;dimacs;0/70;70;   1158641;   1272769;0;2233;9081394;1219314;61;2864;2.54722;478684;0;0;sBELA0;? Unchecked;v1.6.0-140-g9a10cc1
roadmap;dimacs;1/70;70;     54758;   1370062;0;1523;4088405;768693;92;2864;1.46689;524029;0;0;sBELA0;? Unchecked;v1.6.0-140-g9a10cc1
roadmap;dimacs;2/70;70;    935047;   1190851;0;522;3006375;144889;185;2864;0.369267;392370;0;0;sBELA0;? Unchecked;v1.6.0-140-g9a10cc1
roadmap;dimacs;3/70;70;    548674;   1730064;0;788;2234741;539762;86;2864;1.01757;530444;0;0;sBELA0;? Unchecked;v1.6.0-140-g9a10cc1
roadmap;dimacs;4/70;70;    713105;   1135162;0;258;1393911;102581;344;2864;0.218124;470288;0;0;sBELA0;? Unchecked;v1.6.0-140-g9a10cc1
roadmap;dimacs;5/70;70;   1213983;   1847687;0;1055;5259345;1421253;227;2864;2.58509;549788;0;0;sBELA0;? Unchecked;v1.6.0-140-g9a10cc1
roadmap;dimacs;6/70;70;   1416819;   1454455;0;557;1387962;484611;71;2756;0.851867;568881;0;0;sBELA0;? Unchecked;v1.6.0-140-g9a10cc1
roadmap;dimacs;7/70;70;   1202525;   1287863;0;925;2205756;492373;31;2816;0.971068;507043;0;0;sBELA0;? Unchecked;v1.6.0-140-g9a10cc1
roadmap;dimacs;8/70;70;    416104;   1824062;0;1270;4704678;913769;140;2816;1.77996;513366;0;0;sBELA0;? Unchecked;v1.6.0-140-g9a10cc1
roadmap;dimacs;9/70;70;    350612;   1840987;0;1633;9115800;1814800;37;2864;3.45078;525910;0;0;sBELA0;? Unchecked;v1.6.0-140-g9a10cc1
roadmap;dimacs;10/70;70;    581610;   1031954;0;1738;7767697;1449069;35;2864;2.70305;536087;0;0;sBELA0;? Unchecked;v1.6.0-140-g9a10cc1
roadmap;dimacs;11/70;70;    329503;   1179401;0;692;3446473;864599;35;2864;1.56117;553814;0;0;sBELA0;? Unchecked;v1.6.0-140-g9a10cc1
roadmap;dimacs;12/70;70;    480267;    159302;0;1501;7974126;1216725;102;2864;2.26266;537740;0;0;sBELA0;? Unchecked;v1.6.0-140-g9a10cc1
roadmap;dimacs;13/70;70;   1890527;   1576171;0;1611;8709224;1468109;98;2864;3.08892;475283;0;0;sBELA0;? Unchecked;v1.6.0-140-g9a10cc1
roadmap;dimacs;14/70;70;   1743677;    933040;0;967;5426167;1467765;51;2864;2.79285;525543;0;0;sBELA0;? Unchecked;v1.6.0-140-g9a10cc1
roadmap;dimacs;15/70;70;   1460731;   1705524;0;2199;8152770;1618856;6;2801;2.92568;553327;0;0;sBELA0;? Unchecked;v1.6.0-140-g9a10cc1
roadmap;dimacs;16/70;70;    801770;    765171;0;1630;5188991;642273;70;2816;1.32889;483316;0;0;sBELA0;? Unchecked;v1.6.0-140-g9a10cc1
roadmap;dimacs;17/70;70;   1076837;   1604094;0;406;1055124;226956;95;2756;0.425652;533196;0;0;sBELA0;? Unchecked;v1.6.0-140-g9a10cc1
roadmap;dimacs;18/70;70;   1431544;    194846;0;1538;5259198;998642;92;2816;1.934;516360;0;0;sBELA0;? Unchecked;v1.6.0-140-g9a10cc1
roadmap;dimacs;19/70;70;   1536202;    632533;0;697;2578639;695266;325;2816;1.28541;540891;0;0;sBELA0;? Unchecked;v1.6.0-140-g9a10cc1
roadmap;dimacs;20/70;70;    356711;    288578;0;1574;4883665;1146315;24;2816;2.19336;522629;0;0;sBELA0;? Unchecked;v1.6.0-140-g9a10cc1
roadmap;dimacs;21/70;70;   1416275;   1578430;0;455;1176481;414082;759;2756;0.811014;510573;0;0;sBELA0;? Unchecked;v1.6.0-140-g9a10cc1
roadmap;dimacs;22/70;70;   1267172;   1104888;0;1386;6179764;1332870;33;2756;2.41688;551484;0;0;sBELA0;? Unchecked;v1.6.0-140-g9a10cc1
roadmap;dimacs;23/70;70;   1466216;   1076837;0;1627;6568829;1273311;17;2756;2.33515;545280;0;0;sBELA0;? Unchecked;v1.6.0-140-g9a10cc1
roadmap;dimacs;24/70;70;   1228417;     41268;0;924;1804935;295242;71;2816;0.562182;525171;0;0;sBELA0;? Unchecked;v1.6.0-140-g9a10cc1
roadmap;dimacs;25/70;70;    321340;    192757;0;393;1500553;416973;67;2756;0.748154;557336;0;0;sBELA0;? Unchecked;v1.6.0-140-g9a10cc1
roadmap;dimacs;26/70;70;    965921;   1375640;0;1281;6122504;1631395;124;2816;3.1294;521313;0;0;sBELA0;? Unchecked;v1.6.0-140-g9a10cc1
roadmap;dimacs;27/70;70;   1657428;    779364;0;1482;5065256;976249;81;2756;1.87207;521480;0;0;sBELA0;? Unchecked;v1.6.0-140-g9a10cc1
roadmap;dimacs;28/70;70;    454410;    618767;0;399;955409;349211;36;2756;0.592664;589223;0;0;sBELA0;? Unchecked;v1.6.0-140-g9a10cc1
roadmap;dimacs;29/70;70;   1453433;   1181632;0;574;3003716;732370;168;2864;1.38436;529032;0;0;sBELA0;? Unchecked;v1.6.0-140-g9a10cc1
roadmap;dimacs;30/70;70;    261444;   1761841;0;474;789816;244616;69;2756;0.425495;574898;0;0;sBELA0;? Unchecked;v1.6.0-140-g9a10cc1
roadmap;dimacs;31/70;70;   1710330;   1308565;0;1238;6157069;1026009;15;2816;1.9011;539692;0;0;sBELA0;? Unchecked;v1.6.0-140-g9a10cc1
roadmap;dimacs;32/70;70;   1622269;    239225;0;1506;3830794;741367;69;2816;1.42612;519850;0;0;sBELA0;? Unchecked;v1.6.0-140-g9a10cc1
roadmap;dimacs;33/70;70;    858782;    835734;0;940;2932203;654755;88;2816;1.2232;535283;0;0;sBELA0;? Unchecked;v1.6.0-140-g9a10cc1
roadmap;dimacs;34/70;70;   1164733;   1686951;0;628;3418332;164340;53;2816;0.367924;446669;0;0;sBELA0;? Unchecked;v1.6.0-140-g9a10cc1
roadmap;dimacs;35/70;70;   1008319;    677177;0;1764;8091508;1823202;119;2816;3.33776;546236;0;0;sBELA0;? Unchecked;v1.6.0-140-g9a10cc1
roadmap;dimacs;36/70;70;   1646034;   1063654;0;1904;9241743;1880584;6;2801;3.54951;529815;0;0;sBELA0;? Unchecked;v1.6.0-140-g9a10cc1
roadmap;dimacs;37/70;70;    682994;   1688601;0;3405;12098033;1873214;8;2801;3.47892;538447;0;0;sBELA0;? Unchecked;v1.6.0-140-g9a10cc1
roadmap;dimacs;38/70;70;    257300;    548822;0;1144;6020841;1343876;33;2756;2.42351;554516;0;0;sBELA0;? Unchecked;v1.6.0-140-g9a10cc1
roadmap;dimacs;39/70;70;   1208113;    169244;0;255;994882;64854;101;2852;0.155493;417086;0;0;sBELA0;? Unchecked;v1.6.0-140-g9a10cc1
roadmap;dimacs;40/70;70;   1226440;   1391278;0;2164;8142683;1513576;12;2852;2.82464;535848;0;0;sBELA0;? Unchecked;v1.6.0-140-g9a10cc1
roadmap;dimacs;41/70;70;    122277;   1128394;0;723;2944613;578764;119;2756;1.12363;515085;0;0;sBELA0;? Unchecked;v1.6.0-140-g9a10cc1
roadmap;dimacs;42/70;70;     66946;   1214669;0;1054;5960019;993077;43;2846;1.8864;526439;0;0;sBELA0;? Unchecked;v1.6.0-140-g9a10cc1
roadmap;dimacs;43/70;70;    299055;   1685578;0;2346;9966139;1826270;5;2801;3.42718;532879;0;0;sBELA0;? Unchecked;v1.6.0-140-g9a10cc1
roadmap;dimacs;44/70;70;   1617239;   1448010;0;1332;4746090;1193345;82;2846;2.25546;529091;0;0;sBELA0;? Unchecked;v1.6.0-140-g9a10cc1
roadmap;dimacs;45/70;70;     88434;    220092;0;810;1922268;437490;49;2756;0.786138;556505;0;0;sBELA0;? Unchecked;v1.6.0-140-g9a10cc1
roadmap;dimacs;46/70;70;    765554;   1136443;0;716;2443489;505644;19;2756;0.96466;524168;0;0;sBELA0;? Unchecked;v1.6.0-140-g9a10cc1
roadmap;dimacs;47/70;70;   1662423;    665304;0;2030;6865217;1533362;7;2801;2.85519;537043;0;0;sBELA0;? Unchecked;v1.6.0-140-g9a10cc1
roadmap;dimacs;48/70;70;    522581;    744644;0;1297;6138031;1094895;17;2756;2.07889;526674;0;0;sBELA0;? Unchecked;v1.6.0-140-g9a10cc1
roadmap;dimacs;49/70;70;    880871;    913237;0;1193;4898602;1074322;104;2756;2.08581;515062;0;0;sBELA0;? Unchecked;v1.6.0-140-g9a10cc1
roadmap;dimacs;50/70;70;    184031;   1879161;0;1178;5260722;1304858;22;2846;2.42122;538925;0;0;sBELA0;? Unchecked;v1.6.0-140-g9a10cc1
roadmap;dimacs;51/70;70;    638122;   1463354;0;423;1317544;192199;185;2846;0.365962;525189;0;0;sBELA0;? Unchecked;v1.6.0-140-g9a10cc1
roadmap;dimacs;52/70;70;   1314005;    356552;0;1163;4462555;1035693;40;2756;1.94234;533218;0;0;sBELA0;? Unchecked;v1.6.0-140-g9a10cc1
roadmap;dimacs;53/70;70;     21748;   1031477;0;2538;10681253;1575869;18;2846;3.10158;508086;0;0;sBELA0;? Unchecked;v1.6.0-140-g9a10cc1
roadmap;dimacs;54/70;70;    149376;    488085;0;235;1226270;37977;142;2846;0.115757;328076;0;0;sBELA0;? Unchecked;v1.6.0-140-g9a10cc1
roadmap;dimacs;55/70;70;   1471925;   1271058;0;444;722799;261397;39;2756;0.443553;589325;0;0;sBELA0;? Unchecked;v1.6.0-140-g9a10cc1
roadmap;dimacs;56/70;70;    531829;    538074;0;1944;7230274;1352000;27;2756;2.48337;544420;0;0;sBELA0;? Unchecked;v1.6.0-140-g9a10cc1
roadmap;dimacs;57/70;70;     65785;   1728556;0;1021;3029537;684489;183;2756;1.31806;519314;0;0;sBELA0;? Unchecked;v1.6.0-140-g9a10cc1
roadmap;dimacs;58/70;70;   1182648;    947461;0;1104;5480012;1412890;19;2756;2.56827;550133;0;0;sBELA0;? Unchecked;v1.6.0-140-g9a10cc1
roadmap;dimacs;59/70;70;    834369;   1832866;0;1358;6184387;1562142;68;2801;2.94373;530667;0;0;sBELA0;? Unchecked;v1.6.0-140-g9a10cc1
roadmap;dimacs;60/70;70;   1579344;    795855;0;3402;13143895;1884813;15;2801;3.51486;536241;0;0;sBELA0;? Unchecked;v1.6.0-140-g9a10cc1
roadmap;dimacs;61/70;70;    830015;   1296962;0;1349;6488763;1091755;14;2756;2.07097;527170;0;0;sBELA0;? Unchecked;v1.6.0-140-g9a10cc1
roadmap;dimacs;62/70;70;    390249;     22433;0;796;2515927;389731;21;2846;0.791593;492338;0;0;sBELA0;? Unchecked;v1.6.0-140-g9a10cc1
roadmap;dimacs;63/70;70;   1361440;    776903;0;1691;6005726;1683558;157;2846;3.21263;524043;0;0;sBELA0;? Unchecked;v1.6.0-140-g9a10cc1
roadmap;dimacs;64/70;70;   1526444;    433636;0;452;1090187;298034;77;2756;0.558913;533239;0;0;sBELA0;? Unchecked;v1.6.0-140-g9a10cc1
roadmap;dimacs;65/70;70;    653723;   1649198;0;1801;6702824;1091806;3;2846;2.04411;534124;0;0;sBELA0;? Unchecked;v1.6.0-140-g9a10cc1
roadmap;dimacs;66/70;70;   1848324;   1867145;0;306;2482888;139418;641;2846;0.362034;385096;0;0;sBELA0;? Unchecked;v1.6.0-140-g9a10cc1
roadmap;dimacs;67/70;70;    556081;   1705850;0;551;1729391;371141;60;2756;0.691084;537042;0;0;sBELA0;? Unchecked;v1.6.0-140-g9a10cc1
roadmap;dimacs;68/70;70;   1041215;   1753708;0;1135;7038249;454373;106;2846;1.01784;446410;0;0;sBELA0;? Unchecked;v1.6.0-140-g9a10cc1
roadmap;dimacs;69/70;70;   1673024;   1341690;0;732;3011531;248344;69;2846;0.513101;484006;0;0;sBELA0;? Unchecked;v1.6.0-140-g9a10cc1
roadmap;dimacs;70/70;70;   1305038;   1494283;0;1209;5867930;1307016;69;2756;2.37561;550180;0;0;sBELA0;? Unchecked;v1.6.0-140-g9a10cc1
roadmap;dimacs;71/70;70;    989350;    282657;0;1041;5936619;834564;64;2846;1.68875;494191;0;0;sBELA0;? Unchecked;v1.6.0-140-g9a10cc1
roadmap;dimacs;72/70;70;    277177;    414997;0;1574;6899185;1544383;69;2801;2.85977;540037;0;0;sBELA0;? Unchecked;v1.6.0-140-g9a10cc1
roadmap;dimacs;73/70;70;    189385;    632745;0;1375;3513079;886786;3;2756;1.60385;552910;0;0;sBELA0;? Unchecked;v1.6.0-140-g9a10cc1
roadmap;dimacs;74/70;70;   1642632;    169223;0;624;2266738;210006;499;2840;0.511824;410309;0;0;sBELA0;? Unchecked;v1.6.0-140-g9a10cc1
roadmap;dimacs;75/70;70;   1160966;    638119;0;3041;11495036;1752680;12;2846;3.38652;517546;0;0;sBELA0;? Unchecked;v1.6.0-140-g9a10cc1
roadmap;dimacs;76/70;70;   1759861;   1021392;0;1543;8552488;1723610;35;2801;3.32467;518430;0;0;sBELA0;? Unchecked;v1.6.0-140-g9a10cc1
roadmap;dimacs;77/70;70;    681135;     95876;0;1717;7581299;1397005;109;2756;2.50546;557585;0;0;sBELA0;? Unchecked;v1.6.0-140-g9a10cc1
roadmap;dimacs;78/70;70;    614892;    385398;0;2067;8944851;1779894;43;2801;3.45318;515436;0;0;sBELA0;? Unchecked;v1.6.0-140-g9a10cc1
roadmap;dimacs;79/70;70;   1726489;   1469303;0;2278;9933293;1681379;29;2846;3.31223;507627;0;0;sBELA0;? Unchecked;v1.6.0-140-g9a10cc1
roadmap;dimacs;80/70;70;     52390;    909716;0;594;2589279;399457;110;2846;0.805603;495848;0;0;sBELA0;? Unchecked;v1.6.0-140-g9a10cc1
roadmap;dimacs;81/70;70;   1438544;   1709652;0;738;2861428;459604;66;2846;0.868659;529096;0;0;sBELA0;? Unchecked;v1.6.0-140-g9a10cc1
roadmap;dimacs;82/70;70;   1885245;   1219012;0;968;7657015;1101827;65;2846;2.11524;520899;0;0;sBELA0;? Unchecked;v1.6.0-140-g9a10cc1
roadmap;dimacs;83/70;70;    474128;    462404;0;1667;6969740;1431896;12;2756;2.60248;550204;0;0;sBELA0;? Unchecked;v1.6.0-140-g9a10cc1
roadmap;dimacs;84/70;70;   1776146;    980278;0;1131;5051183;946687;117;2756;1.85019;511669;0;0;sBELA0;? Unchecked;v1.6.0-140-g9a10cc1
roadmap;dimacs;85/70;70;   1391963;    468960;0;2006;7717557;1523316;12;2801;2.81197;541726;0;0;sBELA0;? Unchecked;v1.6.0-140-g9a10cc1
roadmap;dimacs;86/70;70;   1052481;    543349;0;2133;9460507;1476526;63;2846;3.0413;485492;0;0;sBELA0;? Unchecked;v1.6.0-140-g9a10cc1
roadmap;dimacs;87/70;70;   1821017;    791672;0;1106;6671195;299877;61;2846;0.72913;411281;0;0;sBELA0;? Unchecked;v1.6.0-140-g9a10cc1
roadmap;dimacs;88/70;70;    135239;   1107730;0;562;1990057;300868;62;2846;0.54064;556503;0;0;sBELA0;? Unchecked;v1.6.0-140-g9a10cc1
roadmap;dimacs;89/70;70;    105712;   1042809;0;1606;8540430;1872634;40;2801;3.54816;527777;0;0;sBELA0;? Unchecked;v1.6.0-140-g9a10cc1
roadmap;dimacs;90/70;70;    269271;     31624;0;1476;5830482;1250364;8;2756;2.26485;552075;0;0;sBELA0;? Unchecked;v1.6.0-140-g9a10cc1
roadmap;dimacs;91/70;70;    711516;   1110978;0;1483;3813618;904642;34;2846;1.65349;547110;0;0;sBELA0;? Unchecked;v1.6.0-140-g9a10cc1
roadmap;dimacs;92/70;70;    129884;   1702774;0;946;2963510;582977;95;2846;1.11684;521989;0;0;sBELA0;? Unchecked;v1.6.0-140-g9a10cc1
roadmap;dimacs;93/70;70;    677739;   1445420;0;331;1109976;236481;734;2756;0.457882;516467;0;0;sBELA0;? Unchecked;v1.6.0-140-g9a10cc1
roadmap;dimacs;94/70;70;    689436;    132056;0;728;2697524;543775;81;2756;1.05243;516686;0;0;sBELA0;? Unchecked;v1.6.0-140-g9a10cc1
roadmap;dimacs;95/70;70;    172705;   1375271;0;1051;5217242;1399860;72;2756;2.58834;540833;0;0;sBELA0;? Unchecked;v1.6.0-140-g9a10cc1
roadmap;dimacs;96/70;70;   1879024;    843565;0;718;2025893;177709;57;2837;0.45348;391879;0;0;sBELA0;? Unchecked;v1.6.0-140-g9a10cc1
roadmap;dimacs;97/70;70;    594555;   1305211;0;971;1536243;508252;121;2756;0.924008;550051;0;0;sBELA0;? Unchecked;v1.6.0-140-g9a10cc1
roadmap;dimacs;98/70;70;    338636;    646444;0;1051;2535795;686910;56;2756;1.28151;536015;0;0;sBELA0;? Unchecked;v1.6.0-140-g9a10cc1
roadmap;dimacs;99/70;70;   1834673;    546450;0;1194;5698080;418138;35;2846;0.952798;438853;0;0;sBELA0;? Unchecked;v1.6.0-140-g9a10cc1
roadmap;dimacs;0/80;80;   1158641;   1272769;0;2229;9081396;1219314;68;2846;2.5612;476071;0;0;sBELA0;? Unchecked;v1.6.0-140-g9a10cc1
roadmap;dimacs;1/80;80;     54758;   1370062;0;1530;4088409;768694;103;2846;1.47067;522683;0;0;sBELA0;? Unchecked;v1.6.0-140-g9a10cc1
roadmap;dimacs;2/80;80;    935047;   1190851;0;524;3006408;144890;217;2846;0.37517;386199;0;0;sBELA0;? Unchecked;v1.6.0-140-g9a10cc1
roadmap;dimacs;3/80;80;    548674;   1730064;0;787;2234743;539762;94;2756;1.04412;516952;0;0;sBELA0;? Unchecked;v1.6.0-140-g9a10cc1
roadmap;dimacs;4/80;80;    713105;   1135162;0;255;1393958;102585;387;2804;0.237156;432563;0;0;sBELA0;? Unchecked;v1.6.0-140-g9a10cc1
roadmap;dimacs;5/80;80;   1213983;   1847687;0;1050;5259358;1421254;257;2846;2.60778;545006;0;0;sBELA0;? Unchecked;v1.6.0-140-g9a10cc1
roadmap;dimacs;6/80;80;   1416819;   1454455;0;585;1387970;484613;79;2756;0.838214;578150;0;0;sBELA0;? Unchecked;v1.6.0-140-g9a10cc1
roadmap;dimacs;7/80;80;   1202525;   1287863;0;927;2205760;492374;35;2756;0.988299;498203;0;0;sBELA0;? Unchecked;v1.6.0-140-g9a10cc1
roadmap;dimacs;8/80;80;    416104;   1824062;0;1270;4704686;913770;166;2756;1.81777;502686;0;0;sBELA0;? Unchecked;v1.6.0-140-g9a10cc1
roadmap;dimacs;9/80;80;    350612;   1840987;0;1631;9115806;1814800;41;2801;3.47766;521845;0;0;sBELA0;? Unchecked;v1.6.0-140-g9a10cc1
roadmap;dimacs;10/80;80;    581610;   1031954;0;1737;7767700;1449072;40;2801;2.74346;528192;0;0;sBELA0;? Unchecked;v1.6.0-140-g9a10cc1
roadmap;dimacs;11/80;80;    329503;   1179401;0;690;3446475;864599;40;2756;1.59286;542797;0;0;sBELA0;? Unchecked;v1.6.0-140-g9a10cc1
roadmap;dimacs;12/80;80;    480267;    159302;0;1503;7974134;1216730;120;2846;2.28871;531622;0;0;sBELA0;? Unchecked;v1.6.0-140-g9a10cc1
roadmap;dimacs;13/80;80;   1890527;   1576171;0;1618;8709233;1468116;110;2846;3.11449;471382;0;0;sBELA0;? Unchecked;v1.6.0-140-g9a10cc1
roadmap;dimacs;14/80;80;   1743677;    933040;0;966;5426171;1467770;56;2846;2.79601;524952;0;0;sBELA0;? Unchecked;v1.6.0-140-g9a10cc1
roadmap;dimacs;15/80;80;   1460731;   1705524;0;2199;8152770;1618856;6;2801;2.92785;552917;0;0;sBELA0;? Unchecked;v1.6.0-140-g9a10cc1
roadmap;dimacs;16/80;80;    801770;    765171;0;1632;5188994;642273;77;2846;1.35125;475319;0;0;sBELA0;? Unchecked;v1.6.0-140-g9a10cc1
roadmap;dimacs;17/80;80;   1076837;   1604094;0;408;1055132;226957;108;2756;0.425542;533336;0;0;sBELA0;? Unchecked;v1.6.0-140-g9a10cc1
roadmap;dimacs;18/80;80;   1431544;    194846;0;1539;5259201;998642;100;2819;1.94282;514016;0;0;sBELA0;? Unchecked;v1.6.0-140-g9a10cc1
roadmap;dimacs;19/80;80;   1536202;    632533;0;697;2578682;695276;400;2846;1.31164;530081;0;0;sBELA0;? Unchecked;v1.6.0-140-g9a10cc1
roadmap;dimacs;20/80;80;    356711;    288578;0;1575;4883666;1146315;27;2756;2.21679;517105;0;0;sBELA0;? Unchecked;v1.6.0-140-g9a10cc1
roadmap;dimacs;21/80;80;   1416275;   1578430;0;454;1176497;414088;823;2756;0.824416;502280;0;0;sBELA0;? Unchecked;v1.6.0-140-g9a10cc1
roadmap;dimacs;22/80;80;   1267172;   1104888;0;1361;6179767;1332871;38;2756;2.41009;553039;0;0;sBELA0;? Unchecked;v1.6.0-140-g9a10cc1
roadmap;dimacs;23/80;80;   1466216;   1076837;0;1624;6568830;1273311;20;2756;2.35213;541344;0;0;sBELA0;? Unchecked;v1.6.0-140-g9a10cc1
roadmap;dimacs;24/80;80;   1228417;     41268;0;924;1804944;295245;86;2846;0.575439;513077;0;0;sBELA0;? Unchecked;v1.6.0-140-g9a10cc1
roadmap;dimacs;25/80;80;    321340;    192757;0;391;1500558;416975;76;2756;0.747946;557494;0;0;sBELA0;? Unchecked;v1.6.0-140-g9a10cc1
roadmap;dimacs;26/80;80;    965921;   1375640;0;1290;6122514;1631399;144;2846;3.16809;514946;0;0;sBELA0;? Unchecked;v1.6.0-140-g9a10cc1
roadmap;dimacs;27/80;80;   1657428;    779364;0;1487;5065260;976250;89;2756;1.88403;518173;0;0;sBELA0;? Unchecked;v1.6.0-140-g9a10cc1
roadmap;dimacs;28/80;80;    454410;    618767;0;400;955410;349211;37;2756;0.600729;581312;0;0;sBELA0;? Unchecked;v1.6.0-140-g9a10cc1
roadmap;dimacs;29/80;80;   1453433;   1181632;0;572;3003722;732371;178;2756;1.39776;523962;0;0;sBELA0;? Unchecked;v1.6.0-140-g9a10cc1
roadmap;dimacs;30/80;80;    261444;   1761841;0;515;789820;244617;78;2756;0.447224;546968;0;0;sBELA0;? Unchecked;v1.6.0-140-g9a10cc1
roadmap;dimacs;31/80;80;   1710330;   1308565;0;1239;6157071;1026009;17;2756;1.93868;529230;0;0;sBELA0;? Unchecked;v1.6.0-140-g9a10cc1
roadmap;dimacs;32/80;80;   1622269;    239225;0;1510;3830796;741367;77;2846;1.45111;510896;0;0;sBELA0;? Unchecked;v1.6.0-140-g9a10cc1
roadmap;dimacs;33/80;80;    858782;    835734;0;937;2932209;654756;100;2756;1.24456;526094;0;0;sBELA0;? Unchecked;v1.6.0-140-g9a10cc1
roadmap;dimacs;34/80;80;   1164733;   1686951;0;628;3418341;164343;60;2835;0.379393;433174;0;0;sBELA0;? Unchecked;v1.6.0-140-g9a10cc1
roadmap;dimacs;35/80;80;   1008319;    677177;0;1770;8091513;1823204;128;2846;3.34815;544541;0;0;sBELA0;? Unchecked;v1.6.0-140-g9a10cc1
roadmap;dimacs;36/80;80;   1646034;   1063654;0;1904;9241743;1880584;7;2801;3.53358;532204;0;0;sBELA0;? Unchecked;v1.6.0-140-g9a10cc1
roadmap;dimacs;37/80;80;    682994;   1688601;0;3400;12098033;1873214;9;2801;3.4821;537955;0;0;sBELA0;? Unchecked;v1.6.0-140-g9a10cc1
roadmap;dimacs;38/80;80;    257300;    548822;0;1145;6020843;1343877;36;2756;2.40694;558334;0;0;sBELA0;? Unchecked;v1.6.0-140-g9a10cc1
roadmap;dimacs;39/80;80;   1208113;    169244;0;264;994899;64855;116;2852;0.159144;407525;0;0;sBELA0;? Unchecked;v1.6.0-140-g9a10cc1
roadmap;dimacs;40/80;80;   1226440;   1391278;0;2162;8142685;1513576;14;2852;2.83925;533091;0;0;sBELA0;? Unchecked;v1.6.0-140-g9a10cc1
roadmap;dimacs;41/80;80;    122277;   1128394;0;714;2944621;578766;136;2852;1.11403;519524;0;0;sBELA0;? Unchecked;v1.6.0-140-g9a10cc1
roadmap;dimacs;42/80;80;     66946;   1214669;0;1055;5960025;993077;48;2852;1.88367;527202;0;0;sBELA0;? Unchecked;v1.6.0-140-g9a10cc1
roadmap;dimacs;43/80;80;    299055;   1685578;0;2347;9966139;1826270;6;2801;3.42907;532585;0;0;sBELA0;? Unchecked;v1.6.0-140-g9a10cc1
roadmap;dimacs;44/80;80;   1617239;   1448010;0;1338;4746093;1193347;91;2846;2.25273;529733;0;0;sBELA0;? Unchecked;v1.6.0-140-g9a10cc1
roadmap;dimacs;45/80;80;     88434;    220092;0;811;1922273;437492;56;2756;0.805047;543436;0;0;sBELA0;? Unchecked;v1.6.0-140-g9a10cc1
roadmap;dimacs;46/80;80;    765554;   1136443;0;713;2443490;505645;23;2756;0.963649;524719;0;0;sBELA0;? Unchecked;v1.6.0-140-g9a10cc1
roadmap;dimacs;47/80;80;   1662423;    665304;0;2026;6865217;1533362;8;2801;2.88216;532019;0;0;sBELA0;? Unchecked;v1.6.0-140-g9a10cc1
roadmap;dimacs;48/80;80;    522581;    744644;0;1294;6138032;1094895;20;2756;2.08419;525334;0;0;sBELA0;? Unchecked;v1.6.0-140-g9a10cc1
roadmap;dimacs;49/80;80;    880871;    913237;0;1190;4898614;1074326;126;2819;2.0853;515189;0;0;sBELA0;? Unchecked;v1.6.0-140-g9a10cc1
roadmap;dimacs;50/80;80;    184031;   1879161;0;1178;5260727;1304858;25;2846;2.42272;538591;0;0;sBELA0;? Unchecked;v1.6.0-140-g9a10cc1
roadmap;dimacs;51/80;80;    638122;   1463354;0;441;1317575;192216;219;2855;0.374783;512873;0;0;sBELA0;? Unchecked;v1.6.0-140-g9a10cc1
roadmap;dimacs;52/80;80;   1314005;    356552;0;1166;4462558;1035696;45;2756;1.9352;535187;0;0;sBELA0;? Unchecked;v1.6.0-140-g9a10cc1
roadmap;dimacs;53/80;80;     21748;   1031477;0;2537;10681254;1575870;21;2846;3.1087;506922;0;0;sBELA0;? Unchecked;v1.6.0-140-g9a10cc1
roadmap;dimacs;54/80;80;    149376;    488085;0;253;1226357;37988;178;2846;0.117793;322499;0;0;sBELA0;? Unchecked;v1.6.0-140-g9a10cc1
roadmap;dimacs;55/80;80;   1471925;   1271058;0;441;722809;261407;46;2756;0.442716;590462;0;0;sBELA0;? Unchecked;v1.6.0-140-g9a10cc1
roadmap;dimacs;56/80;80;    531829;    538074;0;1945;7230275;1352000;30;2756;2.49478;541931;0;0;sBELA0;? Unchecked;v1.6.0-140-g9a10cc1
roadmap;dimacs;57/80;80;     65785;   1728556;0;1021;3029548;684494;207;2756;1.33072;514378;0;0;sBELA0;? Unchecked;v1.6.0-140-g9a10cc1
roadmap;dimacs;58/80;80;   1182648;    947461;0;1105;5480020;1412890;22;2756;2.58302;546992;0;0;sBELA0;? Unchecked;v1.6.0-140-g9a10cc1
roadmap;dimacs;59/80;80;    834369;   1832866;0;1357;6184390;1562142;76;2801;2.9574;528214;0;0;sBELA0;? Unchecked;v1.6.0-140-g9a10cc1
roadmap;dimacs;60/80;80;   1579344;    795855;0;3402;13143895;1884813;16;2801;3.52402;534847;0;0;sBELA0;? Unchecked;v1.6.0-140-g9a10cc1
roadmap;dimacs;61/80;80;    830015;   1296962;0;1352;6488764;1091755;15;2756;2.07707;525622;0;0;sBELA0;? Unchecked;v1.6.0-140-g9a10cc1
roadmap;dimacs;62/80;80;    390249;     22433;0;797;2515929;389732;24;2846;0.796214;489482;0;0;sBELA0;? Unchecked;v1.6.0-140-g9a10cc1
roadmap;dimacs;63/80;80;   1361440;    776903;0;1691;6005736;1683560;181;2846;3.22754;521623;0;0;sBELA0;? Unchecked;v1.6.0-140-g9a10cc1
roadmap;dimacs;64/80;80;   1526444;    433636;0;455;1090195;298043;89;2756;0.550077;541820;0;0;sBELA0;? Unchecked;v1.6.0-140-g9a10cc1
roadmap;dimacs;65/80;80;    653723;   1649198;0;1801;6702824;1091806;3;2861;2.04974;532657;0;0;sBELA0;? Unchecked;v1.6.0-140-g9a10cc1
roadmap;dimacs;66/80;80;   1848324;   1867145;0;317;2483006;139425;737;2861;0.366573;380347;0;0;sBELA0;? Unchecked;v1.6.0-140-g9a10cc1
roadmap;dimacs;67/80;80;    556081;   1705850;0;547;1729402;371146;66;2756;0.686679;540494;0;0;sBELA0;? Unchecked;v1.6.0-140-g9a10cc1
roadmap;dimacs;68/80;80;   1041215;   1753708;0;1137;7038262;454377;121;2846;1.03032;441004;0;0;sBELA0;? Unchecked;v1.6.0-140-g9a10cc1
roadmap;dimacs;69/80;80;   1673024;   1341690;0;733;3011543;248348;83;2846;0.523888;474048;0;0;sBELA0;? Unchecked;v1.6.0-140-g9a10cc1
roadmap;dimacs;70/80;80;   1305038;   1494283;0;1212;5867933;1307018;79;2756;2.3856;547877;0;0;sBELA0;? Unchecked;v1.6.0-140-g9a10cc1
roadmap;dimacs;71/80;80;    989350;    282657;0;1040;5936632;834581;74;2846;1.7024;490239;0;0;sBELA0;? Unchecked;v1.6.0-140-g9a10cc1
roadmap;dimacs;72/80;80;    277177;    414997;0;1577;6899189;1544383;78;2801;2.85287;541344;0;0;sBELA0;? Unchecked;v1.6.0-140-g9a10cc1
roadmap;dimacs;73/80;80;    189385;    632745;0;1377;3513080;886786;4;2756;1.60945;550988;0;0;sBELA0;? Unchecked;v1.6.0-140-g9a10cc1
roadmap;dimacs;74/80;80;   1642632;    169223;0;619;2266760;210008;558;2840;0.517472;405834;0;0;sBELA0;? Unchecked;v1.6.0-140-g9a10cc1
roadmap;dimacs;75/80;80;   1160966;    638119;0;3039;11495037;1752680;14;2846;3.39577;516136;0;0;sBELA0;? Unchecked;v1.6.0-140-g9a10cc1
roadmap;dimacs;76/80;80;   1759861;   1021392;0;1538;8552491;1723610;39;2801;3.34739;514912;0;0;sBELA0;? Unchecked;v1.6.0-140-g9a10cc1
roadmap;dimacs;77/80;80;    681135;     95876;0;1717;7581303;1397005;126;2756;2.50546;557585;0;0;sBELA0;? Unchecked;v1.6.0-140-g9a10cc1
roadmap;dimacs;78/80;80;    614892;    385398;0;2067;8944853;1779894;47;2801;3.46668;513429;0;0;sBELA0;? Unchecked;v1.6.0-140-g9a10cc1
roadmap;dimacs;79/80;80;   1726489;   1469303;0;2276;9933295;1681379;33;2846;3.32881;505100;0;0;sBELA0;? Unchecked;v1.6.0-140-g9a10cc1
roadmap;dimacs;80/80;80;     52390;    909716;0;595;2589298;399463;131;2846;0.794366;502870;0;0;sBELA0;? Unchecked;v1.6.0-140-g9a10cc1
roadmap;dimacs;81/80;80;   1438544;   1709652;0;739;2861432;459605;75;2846;0.873396;526227;0;0;sBELA0;? Unchecked;v1.6.0-140-g9a10cc1
roadmap;dimacs;82/80;80;   1885245;   1219012;0;969;7657022;1101836;75;2846;2.12412;518727;0;0;sBELA0;? Unchecked;v1.6.0-140-g9a10cc1
roadmap;dimacs;83/80;80;    474128;    462404;0;1664;6969743;1431896;14;2756;2.60876;548881;0;0;sBELA0;? Unchecked;v1.6.0-140-g9a10cc1
roadmap;dimacs;84/80;80;   1776146;    980278;0;1129;5051213;946689;179;2756;1.86079;508758;0;0;sBELA0;? Unchecked;v1.6.0-140-g9a10cc1
roadmap;dimacs;85/80;80;   1391963;    468960;0;2005;7717560;1523316;14;2801;2.82649;538943;0;0;sBELA0;? Unchecked;v1.6.0-140-g9a10cc1
roadmap;dimacs;86/80;80;   1052481;    543349;0;2134;9460513;1476527;77;2846;3.05373;483515;0;0;sBELA0;? Unchecked;v1.6.0-140-g9a10cc1
roadmap;dimacs;87/80;80;   1821017;    791672;0;1103;6671197;299877;66;2846;0.735141;407918;0;0;sBELA0;? Unchecked;v1.6.0-140-g9a10cc1
roadmap;dimacs;88/80;80;    135239;   1107730;0;562;1990060;300871;70;2846;0.544276;552791;0;0;sBELA0;? Unchecked;v1.6.0-140-g9a10cc1
roadmap;dimacs;89/80;80;    105712;   1042809;0;1616;8540436;1872634;45;2801;3.55254;527126;0;0;sBELA0;? Unchecked;v1.6.0-140-g9a10cc1
roadmap;dimacs;90/80;80;    269271;     31624;0;1480;5830483;1250364;10;2756;2.26413;552249;0;0;sBELA0;? Unchecked;v1.6.0-140-g9a10cc1
roadmap;dimacs;91/80;80;    711516;   1110978;0;1487;3813624;904650;41;2828;1.66397;543671;0;0;sBELA0;? Unchecked;v1.6.0-140-g9a10cc1
roadmap;dimacs;92/80;80;    129884;   1702774;0;947;2963520;582980;113;2858;1.13801;512282;0;0;sBELA0;? Unchecked;v1.6.0-140-g9a10cc1
roadmap;dimacs;93/80;80;    677739;   1445420;0;332;1110046;236506;876;2756;0.461657;512298;0;0;sBELA0;? Unchecked;v1.6.0-140-g9a10cc1
roadmap;dimacs;94/80;80;    689436;    132056;0;728;2697532;543776;93;2756;1.05544;515212;0;0;sBELA0;? Unchecked;v1.6.0-140-g9a10cc1
roadmap;dimacs;95/80;80;    172705;   1375271;0;1070;5217246;1399862;79;2828;2.57684;543248;0;0;sBELA0;? Unchecked;v1.6.0-140-g9a10cc1
roadmap;dimacs;96/80;80;   1879024;    843565;0;720;2025895;177710;64;2828;0.448069;396613;0;0;sBELA0;? Unchecked;v1.6.0-140-g9a10cc1
roadmap;dimacs;97/80;80;    594555;   1305211;0;972;1536246;508253;130;2756;0.929758;546651;0;0;sBELA0;? Unchecked;v1.6.0-140-g9a10cc1
roadmap;dimacs;98/80;80;    338636;    646444;0;1055;2535802;686917;61;2756;1.29263;531410;0;0;sBELA0;? Unchecked;v1.6.0-140-g9a10cc1
roadmap;dimacs;99/80;80;   1834673;    546450;0;1196;5698083;418138;40;2846;0.955355;437678;0;0;sBELA0;? Unchecked;v1.6.0-140-g9a10cc1
roadmap;dimacs;0/90;90;   1158641;   1272769;0;2230;9081398;1219314;73;2846;2.5752;473484;0;0;sBELA0;? Unchecked;v1.6.0-140-g9a10cc1
roadmap;dimacs;1/90;90;     54758;   1370062;0;1524;4088413;768695;117;2846;1.48293;518364;0;0;sBELA0;? Unchecked;v1.6.0-140-g9a10cc1
roadmap;dimacs;2/90;90;    935047;   1190851;0;523;3006425;144892;237;2846;0.382733;378572;0;0;sBELA0;? Unchecked;v1.6.0-140-g9a10cc1
roadmap;dimacs;3/90;90;    548674;   1730064;0;787;2234747;539763;108;2756;1.05781;510263;0;0;sBELA0;? Unchecked;v1.6.0-140-g9a10cc1
roadmap;dimacs;4/90;90;    713105;   1135162;0;258;1394013;102590;443;2828;0.242418;423195;0;0;sBELA0;? Unchecked;v1.6.0-140-g9a10cc1
roadmap;dimacs;5/90;90;   1213983;   1847687;0;1055;5259371;1421256;293;2828;2.6121;544106;0;0;sBELA0;? Unchecked;v1.6.0-140-g9a10cc1
roadmap;dimacs;6/90;90;   1416819;   1454455;0;587;1387983;484618;90;2756;0.844254;574019;0;0;sBELA0;? Unchecked;v1.6.0-140-g9a10cc1
roadmap;dimacs;7/90;90;   1202525;   1287863;0;929;2205763;492379;39;2828;0.972066;506528;0;0;sBELA0;? Unchecked;v1.6.0-140-g9a10cc1
roadmap;dimacs;8/90;90;    416104;   1824062;0;1271;4704698;913773;186;2828;1.79493;509087;0;0;sBELA0;? Unchecked;v1.6.0-140-g9a10cc1
roadmap;dimacs;9/90;90;    350612;   1840987;0;1634;9115809;1814800;46;2801;3.48523;520712;0;0;sBELA0;? Unchecked;v1.6.0-140-g9a10cc1
roadmap;dimacs;10/90;90;    581610;   1031954;0;1736;7767703;1449074;45;2828;2.73103;530596;0;0;sBELA0;? Unchecked;v1.6.0-140-g9a10cc1
roadmap;dimacs;11/90;90;    329503;   1179401;0;691;3446481;864599;45;2756;1.58839;544324;0;0;sBELA0;? Unchecked;v1.6.0-140-g9a10cc1
roadmap;dimacs;12/90;90;    480267;    159302;0;1501;7974138;1216731;128;2828;2.29044;531221;0;0;sBELA0;? Unchecked;v1.6.0-140-g9a10cc1
roadmap;dimacs;13/90;90;   1890527;   1576171;0;1615;8709240;1468119;126;2846;3.12553;469719;0;0;sBELA0;? Unchecked;v1.6.0-140-g9a10cc1
roadmap;dimacs;14/90;90;   1743677;    933040;0;967;5426178;1467775;70;2846;2.8054;523197;0;0;sBELA0;? Unchecked;v1.6.0-140-g9a10cc1
roadmap;dimacs;15/90;90;   1460731;   1705524;0;2205;8152771;1618856;7;2801;2.93763;551075;0;0;sBELA0;? Unchecked;v1.6.0-140-g9a10cc1
roadmap;dimacs;16/90;90;    801770;    765171;0;1634;5188998;642275;85;2846;1.36143;471764;0;0;sBELA0;? Unchecked;v1.6.0-140-g9a10cc1
roadmap;dimacs;17/90;90;   1076837;   1604094;0;406;1055150;226962;138;2756;0.425679;533177;0;0;sBELA0;? Unchecked;v1.6.0-140-g9a10cc1
roadmap;dimacs;18/90;90;   1431544;    194846;0;1537;5259204;998642;113;2858;1.96739;507597;0;0;sBELA0;? Unchecked;v1.6.0-140-g9a10cc1
roadmap;dimacs;19/90;90;   1536202;    632533;0;686;2578715;695281;472;2858;1.30422;533100;0;0;sBELA0;? Unchecked;v1.6.0-140-g9a10cc1
roadmap;dimacs;20/90;90;    356711;    288578;0;1569;4883671;1146319;34;2858;2.19127;523130;0;0;sBELA0;? Unchecked;v1.6.0-140-g9a10cc1
roadmap;dimacs;21/90;90;   1416275;   1578430;0;454;1176532;414098;939;2756;0.805629;514006;0;0;sBELA0;? Unchecked;v1.6.0-140-g9a10cc1
roadmap;dimacs;22/90;90;   1267172;   1104888;0;1386;6179769;1332871;43;2756;2.41618;551643;0;0;sBELA0;? Unchecked;v1.6.0-140-g9a10cc1
roadmap;dimacs;23/90;90;   1466216;   1076837;0;1626;6568831;1273312;21;2756;2.35717;540188;0;0;sBELA0;? Unchecked;v1.6.0-140-g9a10cc1
roadmap;dimacs;24/90;90;   1228417;     41268;0;925;1804949;295247;97;2828;0.574167;514218;0;0;sBELA0;? Unchecked;v1.6.0-140-g9a10cc1
roadmap;dimacs;25/90;90;    321340;    192757;0;386;1500563;416976;86;2756;0.755864;551654;0;0;sBELA0;? Unchecked;v1.6.0-140-g9a10cc1
roadmap;dimacs;26/90;90;    965921;   1375640;0;1292;6122520;1631402;160;2846;3.15988;516286;0;0;sBELA0;? Unchecked;v1.6.0-140-g9a10cc1
roadmap;dimacs;27/90;90;   1657428;    779364;0;1483;5065266;976253;98;2756;1.89754;514484;0;0;sBELA0;? Unchecked;v1.6.0-140-g9a10cc1
roadmap;dimacs;28/90;90;    454410;    618767;0;398;955412;349212;40;2756;0.604059;578109;0;0;sBELA0;? Unchecked;v1.6.0-140-g9a10cc1
roadmap;dimacs;29/90;90;   1453433;   1181632;0;574;3003728;732371;189;2756;1.41255;518473;0;0;sBELA0;? Unchecked;v1.6.0-140-g9a10cc1
roadmap;dimacs;30/90;90;    261444;   1761841;0;477;789824;244619;88;2756;0.44526;549385;0;0;sBELA0;? Unchecked;v1.6.0-140-g9a10cc1
roadmap;dimacs;31/90;90;   1710330;   1308565;0;1238;6157073;1026009;19;2828;1.90857;537580;0;0;sBELA0;? Unchecked;v1.6.0-140-g9a10cc1
roadmap;dimacs;32/90;90;   1622269;    239225;0;1514;3830798;741369;84;2846;1.45289;510272;0;0;sBELA0;? Unchecked;v1.6.0-140-g9a10cc1
roadmap;dimacs;33/90;90;    858782;    835734;0;938;2932214;654757;111;2846;1.2431;526714;0;0;sBELA0;? Unchecked;v1.6.0-140-g9a10cc1
roadmap;dimacs;34/90;90;   1164733;   1686951;0;629;3418352;164346;68;2846;0.37437;438993;0;0;sBELA0;? Unchecked;v1.6.0-140-g9a10cc1
roadmap;dimacs;35/90;90;   1008319;    677177;0;1764;8091517;1823206;140;2846;3.35084;544105;0;0;sBELA0;? Unchecked;v1.6.0-140-g9a10cc1
roadmap;dimacs;36/90;90;   1646034;   1063654;0;1901;9241743;1880584;7;2801;3.54083;531114;0;0;sBELA0;? Unchecked;v1.6.0-140-g9a10cc1
roadmap;dimacs;37/90;90;    682994;   1688601;0;3405;12098034;1873214;10;2828;3.46913;539966;0;0;sBELA0;? Unchecked;v1.6.0-140-g9a10cc1
roadmap;dimacs;38/90;90;    257300;    548822;0;1144;6020846;1343879;39;2756;2.41015;557592;0;0;sBELA0;? Unchecked;v1.6.0-140-g9a10cc1
roadmap;dimacs;39/90;90;   1208113;    169244;0;255;994910;64858;129;2756;0.162245;399753;0;0;sBELA0;? Unchecked;v1.6.0-140-g9a10cc1
roadmap;dimacs;40/90;90;   1226440;   1391278;0;2165;8142686;1513577;15;2828;2.84953;531168;0;0;sBELA0;? Unchecked;v1.6.0-140-g9a10cc1
roadmap;dimacs;41/90;90;    122277;   1128394;0;708;2944630;578776;152;2858;1.13403;510369;0;0;sBELA0;? Unchecked;v1.6.0-140-g9a10cc1
roadmap;dimacs;42/90;90;     66946;   1214669;0;1053;5960034;993078;53;2858;1.88146;527822;0;0;sBELA0;? Unchecked;v1.6.0-140-g9a10cc1
roadmap;dimacs;43/90;90;    299055;   1685578;0;2347;9966139;1826270;6;2801;3.4158;534654;0;0;sBELA0;? Unchecked;v1.6.0-140-g9a10cc1
roadmap;dimacs;44/90;90;   1617239;   1448010;0;1332;4746096;1193349;99;2828;2.25287;529701;0;0;sBELA0;? Unchecked;v1.6.0-140-g9a10cc1
roadmap;dimacs;45/90;90;     88434;    220092;0;817;1922277;437493;63;2756;0.79949;547215;0;0;sBELA0;? Unchecked;v1.6.0-140-g9a10cc1
roadmap;dimacs;46/90;90;    765554;   1136443;0;713;2443491;505645;27;2756;0.968672;521998;0;0;sBELA0;? Unchecked;v1.6.0-140-g9a10cc1
roadmap;dimacs;47/90;90;   1662423;    665304;0;2022;6865217;1533362;9;2801;2.86594;535029;0;0;sBELA0;? Unchecked;v1.6.0-140-g9a10cc1
roadmap;dimacs;48/90;90;    522581;    744644;0;1296;6138033;1094895;21;2756;2.08215;525847;0;0;sBELA0;? Unchecked;v1.6.0-140-g9a10cc1
roadmap;dimacs;49/90;90;    880871;    913237;0;1193;4898619;1074328;140;2858;2.09112;513757;0;0;sBELA0;? Unchecked;v1.6.0-140-g9a10cc1
roadmap;dimacs;50/90;90;    184031;   1879161;0;1177;5260736;1304860;31;2858;2.42014;539166;0;0;sBELA0;? Unchecked;v1.6.0-140-g9a10cc1
roadmap;dimacs;51/90;90;    638122;   1463354;0;442;1317625;192232;257;2864;0.373849;514197;0;0;sBELA0;? Unchecked;v1.6.0-140-g9a10cc1
roadmap;dimacs;52/90;90;   1314005;    356552;0;1166;4462560;1035696;50;2756;1.94594;532235;0;0;sBELA0;? Unchecked;v1.6.0-140-g9a10cc1
roadmap;dimacs;53/90;90;     21748;   1031477;0;2540;10681255;1575870;23;2846;3.12464;504336;0;0;sBELA0;? Unchecked;v1.6.0-140-g9a10cc1
roadmap;dimacs;54/90;90;    149376;    488085;0;253;1226375;37990;194;2846;0.120427;315460;0;0;sBELA0;? Unchecked;v1.6.0-140-g9a10cc1
roadmap;dimacs;55/90;90;   1471925;   1271058;0;442;722818;261413;56;2756;0.443607;589289;0;0;sBELA0;? Unchecked;v1.6.0-140-g9a10cc1
roadmap;dimacs;56/90;90;    531829;    538074;0;1946;7230276;1352001;33;2756;2.51652;537250;0;0;sBELA0;? Unchecked;v1.6.0-140-g9a10cc1
roadmap;dimacs;57/90;90;     65785;   1728556;0;1019;3029561;684497;238;2828;1.31902;518943;0;0;sBELA0;? Unchecked;v1.6.0-140-g9a10cc1
roadmap;dimacs;58/90;90;   1182648;    947461;0;1104;5480028;1412892;25;2828;2.54969;554142;0;0;sBELA0;? Unchecked;v1.6.0-140-g9a10cc1
roadmap;dimacs;59/90;90;    834369;   1832866;0;1357;6184394;1562143;83;2828;2.92982;533187;0;0;sBELA0;? Unchecked;v1.6.0-140-g9a10cc1
roadmap;dimacs;60/90;90;   1579344;    795855;0;3403;13143896;1884813;18;2828;3.52621;534515;0;0;sBELA0;? Unchecked;v1.6.0-140-g9a10cc1
roadmap;dimacs;61/90;90;    830015;   1296962;0;1351;6488765;1091755;17;2828;2.05393;531545;0;0;sBELA0;? Unchecked;v1.6.0-140-g9a10cc1
roadmap;dimacs;62/90;90;    390249;     22433;0;803;2515955;389740;30;2828;0.780632;499262;0;0;sBELA0;? Unchecked;v1.6.0-140-g9a10cc1
roadmap;dimacs;63/90;90;   1361440;    776903;0;1691;6005740;1683561;203;2846;3.23628;520216;0;0;sBELA0;? Unchecked;v1.6.0-140-g9a10cc1
roadmap;dimacs;64/90;90;   1526444;    433636;0;456;1090204;298055;100;2756;0.560148;532100;0;0;sBELA0;? Unchecked;v1.6.0-140-g9a10cc1
roadmap;dimacs;65/90;90;    653723;   1649198;0;1797;6702824;1091806;3;2870;2.04053;535059;0;0;sBELA0;? Unchecked;v1.6.0-140-g9a10cc1
roadmap;dimacs;66/90;90;   1848324;   1867145;0;312;2483055;139429;800;2870;0.371066;375752;0;0;sBELA0;? Unchecked;v1.6.0-140-g9a10cc1
roadmap;dimacs;67/90;90;    556081;   1705850;0;546;1729408;371148;73;2756;0.694593;534339;0;0;sBELA0;? Unchecked;v1.6.0-140-g9a10cc1
roadmap;dimacs;68/90;90;   1041215;   1753708;0;1137;7038271;454379;137;2846;1.03075;440825;0;0;sBELA0;? Unchecked;v1.6.0-140-g9a10cc1
roadmap;dimacs;69/90;90;   1673024;   1341690;0;731;3011553;248350;94;2846;0.521006;476674;0;0;sBELA0;? Unchecked;v1.6.0-140-g9a10cc1
roadmap;dimacs;70/90;90;   1305038;   1494283;0;1210;5867936;1307018;89;2756;2.4043;543618;0;0;sBELA0;? Unchecked;v1.6.0-140-g9a10cc1
roadmap;dimacs;71/90;90;    989350;    282657;0;1041;5936636;834587;84;2846;1.69951;491076;0;0;sBELA0;? Unchecked;v1.6.0-140-g9a10cc1
roadmap;dimacs;72/90;90;    277177;    414997;0;1576;6899192;1544383;86;2801;2.88669;535002;0;0;sBELA0;? Unchecked;v1.6.0-140-g9a10cc1
roadmap;dimacs;73/90;90;    189385;    632745;0;1378;3513080;886786;4;2828;1.59389;556366;0;0;sBELA0;? Unchecked;v1.6.0-140-g9a10cc1
roadmap;dimacs;74/90;90;   1642632;    169223;0;622;2266792;210021;639;2828;0.51369;408848;0;0;sBELA0;? Unchecked;v1.6.0-140-g9a10cc1
roadmap;dimacs;75/90;90;   1160966;    638119;0;3042;11495038;1752680;15;2846;3.40454;514807;0;0;sBELA0;? Unchecked;v1.6.0-140-g9a10cc1
roadmap;dimacs;76/90;90;   1759861;   1021392;0;1541;8552492;1723610;44;2801;3.34496;515285;0;0;sBELA0;? Unchecked;v1.6.0-140-g9a10cc1
roadmap;dimacs;77/90;90;    681135;     95876;0;1718;7581311;1397007;153;2756;2.52011;554343;0;0;sBELA0;? Unchecked;v1.6.0-140-g9a10cc1
roadmap;dimacs;78/90;90;    614892;    385398;0;2065;8944857;1779895;52;2801;3.47684;511929;0;0;sBELA0;? Unchecked;v1.6.0-140-g9a10cc1
roadmap;dimacs;79/90;90;   1726489;   1469303;0;2275;9933297;1681379;39;2828;3.33386;504333;0;0;sBELA0;? Unchecked;v1.6.0-140-g9a10cc1
roadmap;dimacs;80/90;90;     52390;    909716;0;597;2589310;399470;144;2828;0.798722;500136;0;0;sBELA0;? Unchecked;v1.6.0-140-g9a10cc1
roadmap;dimacs;81/90;90;   1438544;   1709652;0;738;2861435;459605;85;2828;0.882086;521043;0;0;sBELA0;? Unchecked;v1.6.0-140-g9a10cc1
roadmap;dimacs;82/90;90;   1885245;   1219012;0;968;7657033;1101849;85;2846;2.14278;514215;0;0;sBELA0;? Unchecked;v1.6.0-140-g9a10cc1
roadmap;dimacs;83/90;90;    474128;    462404;0;1667;6969744;1431896;16;2756;2.62224;546059;0;0;sBELA0;? Unchecked;v1.6.0-140-g9a10cc1
roadmap;dimacs;84/90;90;   1776146;    980278;0;1126;5051240;946694;247;2756;1.89117;500586;0;0;sBELA0;? Unchecked;v1.6.0-140-g9a10cc1
roadmap;dimacs;85/90;90;   1391963;    468960;0;2007;7717561;1523316;16;2801;2.82478;539269;0;0;sBELA0;? Unchecked;v1.6.0-140-g9a10cc1
roadmap;dimacs;86/90;90;   1052481;    543349;0;2134;9460516;1476527;86;2846;3.06428;481851;0;0;sBELA0;? Unchecked;v1.6.0-140-g9a10cc1
roadmap;dimacs;87/90;90;   1821017;    791672;0;1105;6671213;299879;76;2846;0.741591;404372;0;0;sBELA0;? Unchecked;v1.6.0-140-g9a10cc1
roadmap;dimacs;88/90;90;    135239;   1107730;0;563;1990063;300871;77;2846;0.547649;549387;0;0;sBELA0;? Unchecked;v1.6.0-140-g9a10cc1
roadmap;dimacs;89/90;90;    105712;   1042809;0;1605;8540439;1872634;50;2846;3.53608;529579;0;0;sBELA0;? Unchecked;v1.6.0-140-g9a10cc1
roadmap;dimacs;90/90;90;    269271;     31624;0;1477;5830483;1250364;10;2778;2.26027;553191;0;0;sBELA0;? Unchecked;v1.6.0-140-g9a10cc1
roadmap;dimacs;91/90;90;    711516;   1110978;0;1483;3813625;904650;44;2828;1.65815;545579;0;0;sBELA0;? Unchecked;v1.6.0-140-g9a10cc1
roadmap;dimacs;92/90;90;    129884;   1702774;0;943;2963525;582982;127;2858;1.13871;511968;0;0;sBELA0;? Unchecked;v1.6.0-140-g9a10cc1
roadmap;dimacs;93/90;90;    677739;   1445420;0;323;1110090;236518;968;2756;0.482226;490471;0;0;sBELA0;? Unchecked;v1.6.0-140-g9a10cc1
roadmap;dimacs;94/90;90;    689436;    132056;0;726;2697540;543777;106;2756;1.07253;507006;0;0;sBELA0;? Unchecked;v1.6.0-140-g9a10cc1
roadmap;dimacs;95/90;90;    172705;   1375271;0;1062;5217250;1399863;86;2828;2.57683;543249;0;0;sBELA0;? Unchecked;v1.6.0-140-g9a10cc1
roadmap;dimacs;96/90;90;   1879024;    843565;0;720;2025897;177710;73;2828;0.449141;395667;0;0;sBELA0;? Unchecked;v1.6.0-140-g9a10cc1
roadmap;dimacs;97/90;90;    594555;   1305211;0;973;1536249;508253;141;2756;0.939731;540849;0;0;sBELA0;? Unchecked;v1.6.0-140-g9a10cc1
roadmap;dimacs;98/90;90;    338636;    646444;0;1054;2535810;686920;69;2756;1.28709;533701;0;0;sBELA0;? Unchecked;v1.6.0-140-g9a10cc1
roadmap;dimacs;99/90;90;   1834673;    546450;0;1196;5698088;418139;45;2846;0.957605;436651;0;0;sBELA0;? Unchecked;v1.6.0-140-g9a10cc1
roadmap;dimacs;0/100;100;   1158641;   1272769;0;2234;9081400;1219315;78;2846;2.57112;474234;0;0;sBELA0;? Unchecked;v1.6.0-140-g9a10cc1
roadmap;dimacs;1/100;100;     54758;   1370062;0;1526;4088419;768695;134;2846;1.49535;514057;0;0;sBELA0;? Unchecked;v1.6.0-140-g9a10cc1
roadmap;dimacs;2/100;100;    935047;   1190851;0;523;3006448;144898;273;2846;0.37977;381541;0;0;sBELA0;? Unchecked;v1.6.0-140-g9a10cc1
roadmap;dimacs;3/100;100;    548674;   1730064;0;788;2234757;539764;129;2864;1.03161;523225;0;0;sBELA0;? Unchecked;v1.6.0-140-g9a10cc1
roadmap;dimacs;4/100;100;    713105;   1135162;0;258;1394062;102595;497;2864;0.223594;458844;0;0;sBELA0;? Unchecked;v1.6.0-140-g9a10cc1
roadmap;dimacs;5/100;100;   1213983;   1847687;0;1051;5259380;1421256;323;2864;2.60586;545407;0;0;sBELA0;? Unchecked;v1.6.0-140-g9a10cc1
roadmap;dimacs;6/100;100;   1416819;   1454455;0;555;1387993;484621;102;2864;0.826954;586032;0;0;sBELA0;? Unchecked;v1.6.0-140-g9a10cc1
roadmap;dimacs;7/100;100;   1202525;   1287863;0;925;2205764;492379;42;2864;0.957118;514439;0;0;sBELA0;? Unchecked;v1.6.0-140-g9a10cc1
roadmap;dimacs;8/100;100;    416104;   1824062;0;1271;4704705;913773;212;2864;1.79042;510367;0;0;sBELA0;? Unchecked;v1.6.0-140-g9a10cc1
roadmap;dimacs;9/100;100;    350612;   1840987;0;1632;9115812;1814800;51;2864;3.4455;526717;0;0;sBELA0;? Unchecked;v1.6.0-140-g9a10cc1
roadmap;dimacs;10/100;100;    581610;   1031954;0;1737;7767705;1449074;50;2864;2.72095;532561;0;0;sBELA0;? Unchecked;v1.6.0-140-g9a10cc1
roadmap;dimacs;11/100;100;    329503;   1179401;0;689;3446483;864600;49;2864;1.56346;553006;0;0;sBELA0;? Unchecked;v1.6.0-140-g9a10cc1
roadmap;dimacs;12/100;100;    480267;    159302;0;1502;7974143;1216732;139;2864;2.27955;533759;0;0;sBELA0;? Unchecked;v1.6.0-140-g9a10cc1
roadmap;dimacs;13/100;100;   1890527;   1576171;0;1613;8709249;1468124;143;2864;3.10583;472699;0;0;sBELA0;? Unchecked;v1.6.0-140-g9a10cc1
roadmap;dimacs;14/100;100;   1743677;    933040;0;967;5426189;1467780;89;2864;2.80385;523488;0;0;sBELA0;? Unchecked;v1.6.0-140-g9a10cc1
roadmap;dimacs;15/100;100;   1460731;   1705524;0;2201;8152772;1618856;8;2864;2.90498;557269;0;0;sBELA0;? Unchecked;v1.6.0-140-g9a10cc1
roadmap;dimacs;16/100;100;    801770;    765171;0;1633;5189002;642275;90;2864;1.34191;478626;0;0;sBELA0;? Unchecked;v1.6.0-140-g9a10cc1
roadmap;dimacs;17/100;100;   1076837;   1604094;0;407;1055165;226964;167;2864;0.425473;533440;0;0;sBELA0;? Unchecked;v1.6.0-140-g9a10cc1
roadmap;dimacs;18/100;100;   1431544;    194846;0;1538;5259207;998642;119;2864;1.95468;510899;0;0;sBELA0;? Unchecked;v1.6.0-140-g9a10cc1
roadmap;dimacs;19/100;100;   1536202;    632533;0;699;2578756;695288;557;2864;1.3146;528897;0;0;sBELA0;? Unchecked;v1.6.0-140-g9a10cc1
roadmap;dimacs;20/100;100;    356711;    288578;0;1571;4883673;1146319;38;2864;2.18332;525035;0;0;sBELA0;? Unchecked;v1.6.0-140-g9a10cc1
roadmap;dimacs;21/100;100;   1416275;   1578430;0;454;1176584;414116;1157;2864;0.814028;508724;0;0;sBELA0;? Unchecked;v1.6.0-140-g9a10cc1
roadmap;dimacs;22/100;100;   1267172;   1104888;0;1362;6179771;1332871;47;2864;2.40276;554726;0;0;sBELA0;? Unchecked;v1.6.0-140-g9a10cc1
roadmap;dimacs;23/100;100;   1466216;   1076837;0;1625;6568832;1273312;24;2864;2.31533;549949;0;0;sBELA0;? Unchecked;v1.6.0-140-g9a10cc1
roadmap;dimacs;24/100;100;   1228417;     41268;0;920;1804954;295248;106;2864;0.557947;529169;0;0;sBELA0;? Unchecked;v1.6.0-140-g9a10cc1
roadmap;dimacs;25/100;100;    321340;    192757;0;391;1500569;416978;95;2864;0.732763;569049;0;0;sBELA0;? Unchecked;v1.6.0-140-g9a10cc1
roadmap;dimacs;26/100;100;    965921;   1375640;0;1291;6122530;1631410;187;2864;3.13172;520930;0;0;sBELA0;? Unchecked;v1.6.0-140-g9a10cc1
roadmap;dimacs;27/100;100;   1657428;    779364;0;1483;5065274;976256;116;2864;1.87294;521242;0;0;sBELA0;? Unchecked;v1.6.0-140-g9a10cc1
roadmap;dimacs;28/100;100;    454410;    618767;0;397;955420;349216;45;2864;0.57759;604609;0;0;sBELA0;? Unchecked;v1.6.0-140-g9a10cc1
roadmap;dimacs;29/100;100;   1453433;   1181632;0;572;3003732;732372;196;2864;1.3756;532401;0;0;sBELA0;? Unchecked;v1.6.0-140-g9a10cc1
roadmap;dimacs;30/100;100;    261444;   1761841;0;471;789828;244622;98;2756;0.424533;576215;0;0;sBELA0;? Unchecked;v1.6.0-140-g9a10cc1
roadmap;dimacs;31/100;100;   1710330;   1308565;0;1237;6157080;1026009;22;2816;1.90971;537259;0;0;sBELA0;? Unchecked;v1.6.0-140-g9a10cc1
roadmap;dimacs;32/100;100;   1622269;    239225;0;1508;3830801;741369;93;2816;1.44318;513705;0;0;sBELA0;? Unchecked;v1.6.0-140-g9a10cc1
roadmap;dimacs;33/100;100;    858782;    835734;0;940;2932218;654759;121;2816;1.23996;528050;0;0;sBELA0;? Unchecked;v1.6.0-140-g9a10cc1
roadmap;dimacs;34/100;100;   1164733;   1686951;0;628;3418361;164346;77;2816;0.37421;439181;0;0;sBELA0;? Unchecked;v1.6.0-140-g9a10cc1
roadmap;dimacs;35/100;100;   1008319;    677177;0;1762;8091524;1823206;157;2816;3.35202;543913;0;0;sBELA0;? Unchecked;v1.6.0-140-g9a10cc1
roadmap;dimacs;36/100;100;   1646034;   1063654;0;1905;9241744;1880584;8;2864;3.50978;535813;0;0;sBELA0;? Unchecked;v1.6.0-140-g9a10cc1
roadmap;dimacs;37/100;100;    682994;   1688601;0;3406;12098034;1873214;10;2864;3.45554;542089;0;0;sBELA0;? Unchecked;v1.6.0-140-g9a10cc1
roadmap;dimacs;38/100;100;    257300;    548822;0;1142;6020850;1343879;46;2864;2.40219;559440;0;0;sBELA0;? Unchecked;v1.6.0-140-g9a10cc1
roadmap;dimacs;39/100;100;   1208113;    169244;0;255;994924;64858;143;2864;0.14818;437696;0;0;sBELA0;? Unchecked;v1.6.0-140-g9a10cc1
roadmap;dimacs;40/100;100;   1226440;   1391278;0;2164;8142687;1513577;17;2864;2.83363;534147;0;0;sBELA0;? Unchecked;v1.6.0-140-g9a10cc1
roadmap;dimacs;41/100;100;    122277;   1128394;0;723;2944640;578782;171;2864;1.12276;515499;0;0;sBELA0;? Unchecked;v1.6.0-140-g9a10cc1
roadmap;dimacs;42/100;100;     66946;   1214669;0;1055;5960036;993078;59;2864;1.87748;528942;0;0;sBELA0;? Unchecked;v1.6.0-140-g9a10cc1
roadmap;dimacs;43/100;100;    299055;   1685578;0;2347;9966139;1826270;6;2864;3.39097;538569;0;0;sBELA0;? Unchecked;v1.6.0-140-g9a10cc1
roadmap;dimacs;44/100;100;   1617239;   1448010;0;1339;4746096;1193349;109;2864;2.24715;531050;0;0;sBELA0;? Unchecked;v1.6.0-140-g9a10cc1
roadmap;dimacs;45/100;100;     88434;    220092;0;818;1922282;437493;71;2864;0.770711;567648;0;0;sBELA0;? Unchecked;v1.6.0-140-g9a10cc1
roadmap;dimacs;46/100;100;    765554;   1136443;0;715;2443492;505646;30;2864;0.930779;543251;0;0;sBELA0;? Unchecked;v1.6.0-140-g9a10cc1
roadmap;dimacs;47/100;100;   1662423;    665304;0;2025;6865217;1533362;9;2864;2.82271;543224;0;0;sBELA0;? Unchecked;v1.6.0-140-g9a10cc1
roadmap;dimacs;48/100;100;    522581;    744644;0;1295;6138034;1094895;24;2864;2.04572;535212;0;0;sBELA0;? Unchecked;v1.6.0-140-g9a10cc1
roadmap;dimacs;49/100;100;    880871;    913237;0;1193;4898628;1074334;162;2864;2.07316;518212;0;0;sBELA0;? Unchecked;v1.6.0-140-g9a10cc1
roadmap;dimacs;50/100;100;    184031;   1879161;0;1180;5260738;1304862;33;2864;2.41227;540928;0;0;sBELA0;? Unchecked;v1.6.0-140-g9a10cc1
roadmap;dimacs;51/100;100;    638122;   1463354;0;418;1317650;192244;292;2864;0.376031;511246;0;0;sBELA0;? Unchecked;v1.6.0-140-g9a10cc1
roadmap;dimacs;52/100;100;   1314005;    356552;0;1163;4462563;1035696;55;2864;1.92276;538651;0;0;sBELA0;? Unchecked;v1.6.0-140-g9a10cc1
roadmap;dimacs;53/100;100;     21748;   1031477;0;2543;10681255;1575870;25;2864;3.0965;508920;0;0;sBELA0;? Unchecked;v1.6.0-140-g9a10cc1
roadmap;dimacs;54/100;100;    149376;    488085;0;256;1226412;37993;234;2864;0.112013;339184;0;0;sBELA0;? Unchecked;v1.6.0-140-g9a10cc1
roadmap;dimacs;55/100;100;   1471925;   1271058;0;447;722828;261416;66;2756;0.433125;603558;0;0;sBELA0;? Unchecked;v1.6.0-140-g9a10cc1
roadmap;dimacs;56/100;100;    531829;    538074;0;1944;7230277;1352001;36;2864;2.51115;538400;0;0;sBELA0;? Unchecked;v1.6.0-140-g9a10cc1
roadmap;dimacs;57/100;100;     65785;   1728556;0;1019;3029572;684499;272;2864;1.319;518953;0;0;sBELA0;? Unchecked;v1.6.0-140-g9a10cc1
roadmap;dimacs;58/100;100;   1182648;    947461;0;1109;5480030;1412892;27;2864;2.53789;556719;0;0;sBELA0;? Unchecked;v1.6.0-140-g9a10cc1
roadmap;dimacs;59/100;100;    834369;   1832866;0;1357;6184397;1562143;92;2864;2.91627;535665;0;0;sBELA0;? Unchecked;v1.6.0-140-g9a10cc1
roadmap;dimacs;60/100;100;   1579344;    795855;0;3403;13143896;1884813;20;2864;3.52132;535257;0;0;sBELA0;? Unchecked;v1.6.0-140-g9a10cc1
roadmap;dimacs;61/100;100;    830015;   1296962;0;1354;6488767;1091755;19;2864;2.04609;533581;0;0;sBELA0;? Unchecked;v1.6.0-140-g9a10cc1
roadmap;dimacs;62/100;100;    390249;     22433;0;804;2515957;389741;32;2864;0.781168;498921;0;0;sBELA0;? Unchecked;v1.6.0-140-g9a10cc1
roadmap;dimacs;63/100;100;   1361440;    776903;0;1687;6005747;1683562;220;2864;3.23847;519863;0;0;sBELA0;? Unchecked;v1.6.0-140-g9a10cc1
roadmap;dimacs;64/100;100;   1526444;    433636;0;452;1090216;298066;111;2864;0.529145;563297;0;0;sBELA0;? Unchecked;v1.6.0-140-g9a10cc1
roadmap;dimacs;65/100;100;    653723;   1649198;0;1798;6702824;1091806;3;2864;2.02412;539399;0;0;sBELA0;? Unchecked;v1.6.0-140-g9a10cc1
roadmap;dimacs;66/100;100;   1848324;   1867145;0;311;2483236;139449;975;2864;0.378755;368177;0;0;sBELA0;? Unchecked;v1.6.0-140-g9a10cc1
roadmap;dimacs;67/100;100;    556081;   1705850;0;547;1729412;371148;78;2864;0.668445;555241;0;0;sBELA0;? Unchecked;v1.6.0-140-g9a10cc1
roadmap;dimacs;68/100;100;   1041215;   1753708;0;1139;7038279;454381;152;2864;1.01745;446588;0;0;sBELA0;? Unchecked;v1.6.0-140-g9a10cc1
roadmap;dimacs;69/100;100;   1673024;   1341690;0;731;3011556;248353;103;2864;0.526677;471547;0;0;sBELA0;? Unchecked;v1.6.0-140-g9a10cc1
roadmap;dimacs;70/100;100;   1305038;   1494283;0;1210;5867940;1307018;100;2864;2.37162;551108;0;0;sBELA0;? Unchecked;v1.6.0-140-g9a10cc1
roadmap;dimacs;71/100;100;    989350;    282657;0;1040;5936639;834590;91;2864;1.6803;496691;0;0;sBELA0;? Unchecked;v1.6.0-140-g9a10cc1
roadmap;dimacs;72/100;100;    277177;    414997;0;1577;6899196;1544383;95;2864;2.85322;541277;0;0;sBELA0;? Unchecked;v1.6.0-140-g9a10cc1
roadmap;dimacs;73/100;100;    189385;    632745;0;1373;3513106;886802;5;2864;1.58181;560626;0;0;sBELA0;? Unchecked;v1.6.0-140-g9a10cc1
roadmap;dimacs;74/100;100;   1642632;    169223;0;622;2266815;210030;707;2864;0.523441;401249;0;0;sBELA0;? Unchecked;v1.6.0-140-g9a10cc1
roadmap;dimacs;75/100;100;   1160966;    638119;0;3041;11495039;1752680;17;2864;3.39507;516243;0;0;sBELA0;? Unchecked;v1.6.0-140-g9a10cc1
roadmap;dimacs;76/100;100;   1759861;   1021392;0;1546;8552493;1723610;48;2864;3.31933;519265;0;0;sBELA0;? Unchecked;v1.6.0-140-g9a10cc1
roadmap;dimacs;77/100;100;    681135;     95876;0;1717;7581315;1397008;169;2864;2.49258;560466;0;0;sBELA0;? Unchecked;v1.6.0-140-g9a10cc1
roadmap;dimacs;78/100;100;    614892;    385398;0;2066;8944862;1779895;60;2864;3.43416;518292;0;0;sBELA0;? Unchecked;v1.6.0-140-g9a10cc1
roadmap;dimacs;79/100;100;   1726489;   1469303;0;2277;9933298;1681379;43;2864;3.322;506134;0;0;sBELA0;? Unchecked;v1.6.0-140-g9a10cc1
roadmap;dimacs;80/100;100;     52390;    909716;0;597;2589328;399473;156;2864;0.796723;501395;0;0;sBELA0;? Unchecked;v1.6.0-140-g9a10cc1
roadmap;dimacs;81/100;100;   1438544;   1709652;0;739;2861437;459605;95;2864;0.875249;525113;0;0;sBELA0;? Unchecked;v1.6.0-140-g9a10cc1
roadmap;dimacs;82/100;100;   1885245;   1219012;0;968;7657043;1101859;97;2864;2.12681;518080;0;0;sBELA0;? Unchecked;v1.6.0-140-g9a10cc1
roadmap;dimacs;83/100;100;    474128;    462404;0;1667;6969745;1431896;18;2864;2.59045;552760;0;0;sBELA0;? Unchecked;v1.6.0-140-g9a10cc1
roadmap;dimacs;84/100;100;   1776146;    980278;0;1129;5051243;946695;260;2864;1.84765;512377;0;0;sBELA0;? Unchecked;v1.6.0-140-g9a10cc1
roadmap;dimacs;85/100;100;   1391963;    468960;0;2006;7717562;1523316;18;2864;2.78791;546400;0;0;sBELA0;? Unchecked;v1.6.0-140-g9a10cc1
roadmap;dimacs;86/100;100;   1052481;    543349;0;2134;9460519;1476530;97;2864;3.05403;483470;0;0;sBELA0;? Unchecked;v1.6.0-140-g9a10cc1
roadmap;dimacs;87/100;100;   1821017;    791672;0;1105;6671215;299879;83;2864;0.74832;400736;0;0;sBELA0;? Unchecked;v1.6.0-140-g9a10cc1
roadmap;dimacs;88/100;100;    135239;   1107730;0;564;1990064;300871;82;2864;0.537962;559279;0;0;sBELA0;? Unchecked;v1.6.0-140-g9a10cc1
roadmap;dimacs;89/100;100;    105712;   1042809;0;1605;8540444;1872634;54;2864;3.52976;530527;0;0;sBELA0;? Unchecked;v1.6.0-140-g9a10cc1
roadmap;dimacs;90/100;100;    269271;     31624;0;1481;5830483;1250364;12;2756;2.26227;552704;0;0;sBELA0;? Unchecked;v1.6.0-140-g9a10cc1
roadmap;dimacs;91/100;100;    711516;   1110978;0;1485;3813628;904651;49;2846;1.66591;543038;0;0;sBELA0;? Unchecked;v1.6.0-140-g9a10cc1
roadmap;dimacs;92/100;100;    129884;   1702774;0;936;2963532;582985;144;2756;1.15189;506113;0;0;sBELA0;? Unchecked;v1.6.0-140-g9a10cc1
roadmap;dimacs;93/100;100;    677739;   1445420;0;335;1110118;236525;1028;2756;0.488615;484072;0;0;sBELA0;? Unchecked;v1.6.0-140-g9a10cc1
roadmap;dimacs;94/100;100;    689436;    132056;0;728;2697549;543777;118;2756;1.05884;513557;0;0;sBELA0;? Unchecked;v1.6.0-140-g9a10cc1
roadmap;dimacs;95/100;100;    172705;   1375271;0;1062;5217254;1399863;95;2756;2.59951;538510;0;0;sBELA0;? Unchecked;v1.6.0-140-g9a10cc1
roadmap;dimacs;96/100;100;   1879024;    843565;0;722;2025899;177710;85;2836;0.462011;384645;0;0;sBELA0;? Unchecked;v1.6.0-140-g9a10cc1
roadmap;dimacs;97/100;100;    594555;   1305211;0;971;1536255;508256;157;2756;0.929575;546762;0;0;sBELA0;? Unchecked;v1.6.0-140-g9a10cc1
roadmap;dimacs;98/100;100;    338636;    646444;0;1054;2535812;686922;74;2756;1.29509;530406;0;0;sBELA0;? Unchecked;v1.6.0-140-g9a10cc1
roadmap;dimacs;99/100;100;   1834673;    546450;0;1193;5698096;418140;50;2846;0.96469;433445;0;0;sBELA0;? Unchecked;v1.6.0-140-g9a10cc1
roadmap;dimacs;0/200;200;   1158641;   1272769;0;2226;9081410;1219317;138;2846;2.66879;456881;0;0;sBELA0;? Unchecked;v1.6.0-140-g9a10cc1
roadmap;dimacs;1/200;200;     54758;   1370062;0;1526;4088436;768696;232;2846;1.57172;489080;0;0;sBELA0;? Unchecked;v1.6.0-140-g9a10cc1
roadmap;dimacs;2/200;200;    935047;   1190851;0;524;3006604;144918;560;2846;0.434332;333657;0;0;sBELA0;? Unchecked;v1.6.0-140-g9a10cc1
roadmap;dimacs;3/200;200;    548674;   1730064;0;787;2234819;539779;330;2756;1.0921;494257;0;0;sBELA0;? Unchecked;v1.6.0-140-g9a10cc1
roadmap;dimacs;4/200;200;    713105;   1135162;0;259;1394327;102609;1087;2804;0.267965;382919;0;0;sBELA0;? Unchecked;v1.6.0-140-g9a10cc1
roadmap;dimacs;5/200;200;   1213983;   1847687;0;1051;5259464;1421272;678;2846;2.72155;522229;0;0;sBELA0;? Unchecked;v1.6.0-140-g9a10cc1
roadmap;dimacs;6/200;200;   1416819;   1454455;0;584;1388077;484644;212;2756;0.889542;544824;0;0;sBELA0;? Unchecked;v1.6.0-140-g9a10cc1
roadmap;dimacs;7/200;200;   1202525;   1287863;0;927;2205790;492393;78;2756;1.01799;483692;0;0;sBELA0;? Unchecked;v1.6.0-140-g9a10cc1
roadmap;dimacs;8/200;200;    416104;   1824062;0;1268;4704756;913779;421;2756;1.90257;480288;0;0;sBELA0;? Unchecked;v1.6.0-140-g9a10cc1
roadmap;dimacs;9/200;200;    350612;   1840987;0;1634;9115855;1814801;104;2801;3.53428;513485;0;0;sBELA0;? Unchecked;v1.6.0-140-g9a10cc1
roadmap;dimacs;10/200;200;    581610;   1031954;0;1737;7767734;1449084;94;2801;2.80878;515913;0;0;sBELA0;? Unchecked;v1.6.0-140-g9a10cc1
roadmap;dimacs;11/200;200;    329503;   1179401;0;689;3446515;864605;101;2756;1.62387;532433;0;0;sBELA0;? Unchecked;v1.6.0-140-g9a10cc1
roadmap;dimacs;12/200;200;    480267;    159302;0;1501;7974182;1216741;264;2846;2.38842;509433;0;0;sBELA0;? Unchecked;v1.6.0-140-g9a10cc1
roadmap;dimacs;13/200;200;   1890527;   1576171;0;1618;8709303;1468144;287;2846;3.20694;457802;0;0;sBELA0;? Unchecked;v1.6.0-140-g9a10cc1
roadmap;dimacs;14/200;200;   1743677;    933040;0;966;5426218;1467794;174;2846;2.83778;517234;0;0;sBELA0;? Unchecked;v1.6.0-140-g9a10cc1
roadmap;dimacs;15/200;200;   1460731;   1705524;0;2201;8152776;1618856;16;2801;2.9813;543003;0;0;sBELA0;? Unchecked;v1.6.0-140-g9a10cc1
roadmap;dimacs;16/200;200;    801770;    765171;0;1631;5189040;642291;189;2846;1.44827;443487;0;0;sBELA0;? Unchecked;v1.6.0-140-g9a10cc1
roadmap;dimacs;17/200;200;   1076837;   1604094;0;405;1055214;226972;344;2756;0.470236;482677;0;0;sBELA0;? Unchecked;v1.6.0-140-g9a10cc1
roadmap;dimacs;18/200;200;   1431544;    194846;0;1547;5259225;998644;206;2756;2.06091;484565;0;0;sBELA0;? Unchecked;v1.6.0-140-g9a10cc1
roadmap;dimacs;19/200;200;   1536202;    632533;0;694;2578963;695329;1251;2846;1.40847;493676;0;0;sBELA0;? Unchecked;v1.6.0-140-g9a10cc1
roadmap;dimacs;20/200;200;    356711;    288578;0;1571;4883682;1146321;66;2756;2.23636;512583;0;0;sBELA0;? Unchecked;v1.6.0-140-g9a10cc1
roadmap;dimacs;21/200;200;   1416275;   1578430;0;456;1176783;414185;2585;2756;1.00849;410697;0;0;sBELA0;? Unchecked;v1.6.0-140-g9a10cc1
roadmap;dimacs;22/200;200;   1267172;   1104888;0;1387;6179781;1332874;87;2756;2.46656;540377;0;0;sBELA0;? Unchecked;v1.6.0-140-g9a10cc1
roadmap;dimacs;23/200;200;   1466216;   1076837;0;1624;6568839;1273312;45;2756;2.38254;534434;0;0;sBELA0;? Unchecked;v1.6.0-140-g9a10cc1
roadmap;dimacs;24/200;200;   1228417;     41268;0;921;1804988;295260;209;2846;0.644425;458176;0;0;sBELA0;? Unchecked;v1.6.0-140-g9a10cc1
roadmap;dimacs;25/200;200;    321340;    192757;0;391;1500613;416989;184;2756;0.772267;539954;0;0;sBELA0;? Unchecked;v1.6.0-140-g9a10cc1
roadmap;dimacs;26/200;200;    965921;   1375640;0;1294;6122575;1631430;397;2846;3.22735;505501;0;0;sBELA0;? Unchecked;v1.6.0-140-g9a10cc1
roadmap;dimacs;27/200;200;   1657428;    779364;0;1482;5065310;976267;208;2756;1.9719;495088;0;0;sBELA0;? Unchecked;v1.6.0-140-g9a10cc1
roadmap;dimacs;28/200;200;    454410;    618767;0;397;955460;349221;87;2756;0.612644;570023;0;0;sBELA0;? Unchecked;v1.6.0-140-g9a10cc1
roadmap;dimacs;29/200;200;   1453433;   1181632;0;574;3003804;732379;311;2756;1.42639;513450;0;0;sBELA0;? Unchecked;v1.6.0-140-g9a10cc1
roadmap;dimacs;30/200;200;    261444;   1761841;0;447;789854;244629;174;2756;0.477358;512464;0;0;sBELA0;? Unchecked;v1.6.0-140-g9a10cc1
roadmap;dimacs;31/200;200;   1710330;   1308565;0;1237;6157097;1026012;52;2756;1.96201;522938;0;0;sBELA0;? Unchecked;v1.6.0-140-g9a10cc1
roadmap;dimacs;32/200;200;   1622269;    239225;0;1505;3830816;741377;165;2846;1.52082;487484;0;0;sBELA0;? Unchecked;v1.6.0-140-g9a10cc1
roadmap;dimacs;33/200;200;    858782;    835734;0;942;2932252;654776;225;2756;1.30416;502068;0;0;sBELA0;? Unchecked;v1.6.0-140-g9a10cc1
roadmap;dimacs;34/200;200;   1164733;   1686951;0;629;3418426;164354;162;2835;0.408192;402638;0;0;sBELA0;? Unchecked;v1.6.0-140-g9a10cc1
roadmap;dimacs;35/200;200;   1008319;    677177;0;1776;8091569;1823217;306;2846;3.46228;526594;0;0;sBELA0;? Unchecked;v1.6.0-140-g9a10cc1
roadmap;dimacs;36/200;200;   1646034;   1063654;0;1901;9241746;1880584;14;2801;3.54805;530033;0;0;sBELA0;? Unchecked;v1.6.0-140-g9a10cc1
roadmap;dimacs;37/200;200;    682994;   1688601;0;3405;12098036;1873214;17;2801;3.55342;527158;0;0;sBELA0;? Unchecked;v1.6.0-140-g9a10cc1
roadmap;dimacs;38/200;200;    257300;    548822;0;1143;6020864;1343881;86;2756;2.46874;544359;0;0;sBELA0;? Unchecked;v1.6.0-140-g9a10cc1
roadmap;dimacs;39/200;200;   1208113;    169244;0;264;995009;64865;295;2852;0.176123;368294;0;0;sBELA0;? Unchecked;v1.6.0-140-g9a10cc1
roadmap;dimacs;40/200;200;   1226440;   1391278;0;2164;8142704;1513579;34;2852;2.87658;526172;0;0;sBELA0;? Unchecked;v1.6.0-140-g9a10cc1
roadmap;dimacs;41/200;200;    122277;   1128394;0;724;2944690;578806;317;2756;1.1901;486351;0;0;sBELA0;? Unchecked;v1.6.0-140-g9a10cc1
roadmap;dimacs;42/200;200;     66946;   1214669;0;1055;5960057;993081;118;2846;1.95438;508130;0;0;sBELA0;? Unchecked;v1.6.0-140-g9a10cc1
roadmap;dimacs;43/200;200;    299055;   1685578;0;2346;9966141;1826270;10;2801;3.43347;531902;0;0;sBELA0;? Unchecked;v1.6.0-140-g9a10cc1
roadmap;dimacs;44/200;200;   1617239;   1448010;0;1332;4746110;1193356;201;2846;2.32666;512906;0;0;sBELA0;? Unchecked;v1.6.0-140-g9a10cc1
roadmap;dimacs;45/200;200;     88434;    220092;0;812;1922306;437495;133;2756;0.833661;524788;0;0;sBELA0;? Unchecked;v1.6.0-140-g9a10cc1
roadmap;dimacs;46/200;200;    765554;   1136443;0;715;2443499;505649;64;2756;0.981679;515086;0;0;sBELA0;? Unchecked;v1.6.0-140-g9a10cc1
roadmap;dimacs;47/200;200;   1662423;    665304;0;2031;6865219;1533362;16;2801;2.89465;529722;0;0;sBELA0;? Unchecked;v1.6.0-140-g9a10cc1
roadmap;dimacs;48/200;200;    522581;    744644;0;1294;6138041;1094897;45;2756;2.09307;523106;0;0;sBELA0;? Unchecked;v1.6.0-140-g9a10cc1
roadmap;dimacs;49/200;200;    880871;    913237;0;1190;4898675;1074350;326;2756;2.19531;489385;0;0;sBELA0;? Unchecked;v1.6.0-140-g9a10cc1
roadmap;dimacs;50/200;200;    184031;   1879161;0;1179;5260773;1304888;63;2846;2.45125;532336;0;0;sBELA0;? Unchecked;v1.6.0-140-g9a10cc1
roadmap;dimacs;51/200;200;    638122;   1463354;0;439;1317839;192313;642;2846;0.42258;455093;0;0;sBELA0;? Unchecked;v1.6.0-140-g9a10cc1
roadmap;dimacs;52/200;200;   1314005;    356552;0;1168;4462590;1035703;105;2756;1.99315;519631;0;0;sBELA0;? Unchecked;v1.6.0-140-g9a10cc1
roadmap;dimacs;53/200;200;     21748;   1031477;0;2538;10681265;1575871;52;2846;3.20629;491494;0;0;sBELA0;? Unchecked;v1.6.0-140-g9a10cc1
roadmap;dimacs;54/200;200;    149376;    488085;0;256;1226614;38020;535;2846;0.135514;280560;0;0;sBELA0;? Unchecked;v1.6.0-140-g9a10cc1
roadmap;dimacs;55/200;200;   1471925;   1271058;0;445;722870;261447;123;2756;0.453624;576352;0;0;sBELA0;? Unchecked;v1.6.0-140-g9a10cc1
roadmap;dimacs;56/200;200;    531829;    538074;0;1944;7230290;1352003;66;2756;2.59947;520107;0;0;sBELA0;? Unchecked;v1.6.0-140-g9a10cc1
roadmap;dimacs;57/200;200;     65785;   1728556;0;1021;3029651;684521;562;2756;1.44072;475125;0;0;sBELA0;? Unchecked;v1.6.0-140-g9a10cc1
roadmap;dimacs;58/200;200;   1182648;    947461;0;1104;5480056;1412896;56;2756;2.60438;542507;0;0;sBELA0;? Unchecked;v1.6.0-140-g9a10cc1
roadmap;dimacs;59/200;200;    834369;   1832866;0;1358;6184420;1562155;167;2801;3.02478;516453;0;0;sBELA0;? Unchecked;v1.6.0-140-g9a10cc1
roadmap;dimacs;60/200;200;   1579344;    795855;0;3403;13143900;1884813;32;2801;3.64506;517087;0;0;sBELA0;? Unchecked;v1.6.0-140-g9a10cc1
roadmap;dimacs;61/200;200;    830015;   1296962;0;1353;6488781;1091758;38;2756;2.11146;517063;0;0;sBELA0;? Unchecked;v1.6.0-140-g9a10cc1
roadmap;dimacs;62/200;200;    390249;     22433;0;801;2515969;389742;60;2846;0.832548;468132;0;0;sBELA0;? Unchecked;v1.6.0-140-g9a10cc1
roadmap;dimacs;63/200;200;   1361440;    776903;0;1691;6005799;1683566;457;2846;3.36587;500187;0;0;sBELA0;? Unchecked;v1.6.0-140-g9a10cc1
roadmap;dimacs;64/200;200;   1526444;    433636;0;448;1090293;298131;212;2756;0.581592;512612;0;0;sBELA0;? Unchecked;v1.6.0-140-g9a10cc1
roadmap;dimacs;65/200;200;    653723;   1649198;0;1797;6702827;1091808;8;2846;2.05573;531104;0;0;sBELA0;? Unchecked;v1.6.0-140-g9a10cc1
roadmap;dimacs;66/200;200;   1848324;   1867145;0;304;2483895;139499;1969;2846;0.441687;315832;0;0;sBELA0;? Unchecked;v1.6.0-140-g9a10cc1
roadmap;dimacs;67/200;200;    556081;   1705850;0;547;1729464;371170;172;2756;0.719037;516204;0;0;sBELA0;? Unchecked;v1.6.0-140-g9a10cc1
roadmap;dimacs;68/200;200;   1041215;   1753708;0;1138;7038347;454403;325;2846;1.12095;405373;0;0;sBELA0;? Unchecked;v1.6.0-140-g9a10cc1
roadmap;dimacs;69/200;200;   1673024;   1341690;0;731;3011621;248366;254;2846;0.568;437264;0;0;sBELA0;? Unchecked;v1.6.0-140-g9a10cc1
roadmap;dimacs;70/200;200;   1305038;   1494283;0;1207;5867959;1307019;176;2756;2.45798;531746;0;0;sBELA0;? Unchecked;v1.6.0-140-g9a10cc1
roadmap;dimacs;71/200;200;    989350;    282657;0;1040;5936666;834612;165;2846;1.74741;477628;0;0;sBELA0;? Unchecked;v1.6.0-140-g9a10cc1
roadmap;dimacs;72/200;200;    277177;    414997;0;1577;6899220;1544386;183;2801;2.95407;522799;0;0;sBELA0;? Unchecked;v1.6.0-140-g9a10cc1
roadmap;dimacs;73/200;200;    189385;    632745;0;1376;3513112;886804;9;2756;1.62079;547144;0;0;sBELA0;? Unchecked;v1.6.0-140-g9a10cc1
roadmap;dimacs;74/200;200;   1642632;    169223;0;620;2267009;210091;1608;2840;0.625915;335654;0;0;sBELA0;? Unchecked;v1.6.0-140-g9a10cc1
roadmap;dimacs;75/200;200;   1160966;    638119;0;3040;11495048;1752681;36;2846;3.46041;506495;0;0;sBELA0;? Unchecked;v1.6.0-140-g9a10cc1
roadmap;dimacs;76/200;200;   1759861;   1021392;0;1540;8552502;1723610;90;2801;3.39938;507037;0;0;sBELA0;? Unchecked;v1.6.0-140-g9a10cc1
roadmap;dimacs;77/200;200;    681135;     95876;0;1720;7581343;1397020;322;2756;2.57089;543400;0;0;sBELA0;? Unchecked;v1.6.0-140-g9a10cc1
roadmap;dimacs;78/200;200;    614892;    385398;0;2064;8944889;1779897;111;2801;3.556;500533;0;0;sBELA0;? Unchecked;v1.6.0-140-g9a10cc1
roadmap;dimacs;79/200;200;   1726489;   1469303;0;2277;9933308;1681379;82;2846;3.42998;490201;0;0;sBELA0;? Unchecked;v1.6.0-140-g9a10cc1
roadmap;dimacs;80/200;200;     52390;    909716;0;595;2589419;399514;313;2846;0.844552;473048;0;0;sBELA0;? Unchecked;v1.6.0-140-g9a10cc1
roadmap;dimacs;81/200;200;   1438544;   1709652;0;740;2861454;459614;177;2846;0.911269;504367;0;0;sBELA0;? Unchecked;v1.6.0-140-g9a10cc1
roadmap;dimacs;82/200;200;   1885245;   1219012;0;968;7657129;1101967;242;2846;2.17972;505554;0;0;sBELA0;? Unchecked;v1.6.0-140-g9a10cc1
roadmap;dimacs;83/200;200;    474128;    462404;0;1664;6969761;1431903;38;2756;2.65242;539847;0;0;sBELA0;? Unchecked;v1.6.0-140-g9a10cc1
roadmap;dimacs;84/200;200;   1776146;    980278;0;1131;5051284;946703;435;2756;1.95375;484558;0;0;sBELA0;? Unchecked;v1.6.0-140-g9a10cc1
roadmap;dimacs;85/200;200;   1391963;    468960;0;2007;7717570;1523320;37;2801;2.87952;529019;0;0;sBELA0;? Unchecked;v1.6.0-140-g9a10cc1
roadmap;dimacs;86/200;200;   1052481;    543349;0;2133;9460536;1476535;186;2846;3.18254;463949;0;0;sBELA0;? Unchecked;v1.6.0-140-g9a10cc1
roadmap;dimacs;87/200;200;   1821017;    791672;0;1101;6671270;299883;210;2846;0.821015;365259;0;0;sBELA0;? Unchecked;v1.6.0-140-g9a10cc1
roadmap;dimacs;88/200;200;    135239;   1107730;0;562;1990077;300876;146;2846;0.585723;513683;0;0;sBELA0;? Unchecked;v1.6.0-140-g9a10cc1
roadmap;dimacs;89/200;200;    105712;   1042809;0;1607;8540470;1872635;108;2801;3.60304;519738;0;0;sBELA0;? Unchecked;v1.6.0-140-g9a10cc1
roadmap;dimacs;90/200;200;    269271;     31624;0;1476;5830486;1250367;23;2756;2.29988;543665;0;0;sBELA0;? Unchecked;v1.6.0-140-g9a10cc1
roadmap;dimacs;91/200;200;    711516;   1110978;0;1487;3813642;904656;92;2846;1.7335;521865;0;0;sBELA0;? Unchecked;v1.6.0-140-g9a10cc1
roadmap;dimacs;92/200;200;    129884;   1702774;0;939;2963576;583006;286;2756;1.20735;482883;0;0;sBELA0;? Unchecked;v1.6.0-140-g9a10cc1
roadmap;dimacs;93/200;200;    677739;   1445420;0;325;1110408;236610;2022;2756;0.566498;417671;0;0;sBELA0;? Unchecked;v1.6.0-140-g9a10cc1
roadmap;dimacs;94/200;200;    689436;    132056;0;730;2697592;543787;233;2756;1.10138;493733;0;0;sBELA0;? Unchecked;v1.6.0-140-g9a10cc1
roadmap;dimacs;95/200;200;    172705;   1375271;0;1061;5217296;1399871;193;2756;2.67089;524122;0;0;sBELA0;? Unchecked;v1.6.0-140-g9a10cc1
roadmap;dimacs;96/200;200;   1879024;    843565;0;720;2025932;177719;166;2836;0.493456;360152;0;0;sBELA0;? Unchecked;v1.6.0-140-g9a10cc1
roadmap;dimacs;97/200;200;    594555;   1305211;0;972;1536313;508272;391;2756;0.995185;510731;0;0;sBELA0;? Unchecked;v1.6.0-140-g9a10cc1
roadmap;dimacs;98/200;200;    338636;    646444;0;1056;2535852;686930;142;2756;1.34318;511419;0;0;sBELA0;? Unchecked;v1.6.0-140-g9a10cc1
roadmap;dimacs;99/200;200;   1834673;    546450;0;1195;5698124;418145;82;2846;0.995727;419939;0;0;sBELA0;? Unchecked;v1.6.0-140-g9a10cc1
roadmap;dimacs;0/300;300;   1158641;   1272769;0;2207;9081416;1219321;197;2846;2.77064;440087;0;0;sBELA0;? Unchecked;v1.6.0-140-g9a10cc1
roadmap;dimacs;1/300;300;     54758;   1370062;0;1530;4088455;768701;343;2846;1.66289;462268;0;0;sBELA0;? Unchecked;v1.6.0-140-g9a10cc1
roadmap;dimacs;2/300;300;    935047;   1190851;0;523;3006707;144925;878;2846;0.496296;292013;0;0;sBELA0;? Unchecked;v1.6.0-140-g9a10cc1
roadmap;dimacs;3/300;300;    548674;   1730064;0;788;2234847;539784;495;2756;1.14903;469773;0;0;sBELA0;? Unchecked;v1.6.0-140-g9a10cc1
roadmap;dimacs;4/300;300;    713105;   1135162;0;257;1394480;102621;1624;2804;0.292154;351256;0;0;sBELA0;? Unchecked;v1.6.0-140-g9a10cc1
roadmap;dimacs;5/300;300;   1213983;   1847687;0;1053;5259520;1421285;1031;2846;2.81298;505260;0;0;sBELA0;? Unchecked;v1.6.0-140-g9a10cc1
roadmap;dimacs;6/300;300;   1416819;   1454455;0;556;1388127;484663;308;2756;0.905159;535445;0;0;sBELA0;? Unchecked;v1.6.0-140-g9a10cc1
roadmap;dimacs;7/300;300;   1202525;   1287863;0;926;2205804;492399;116;2756;1.05434;467021;0;0;sBELA0;? Unchecked;v1.6.0-140-g9a10cc1
roadmap;dimacs;8/300;300;    416104;   1824062;0;1270;4704791;913783;637;2756;1.99071;459023;0;0;sBELA0;? Unchecked;v1.6.0-140-g9a10cc1
roadmap;dimacs;9/300;300;    350612;   1840987;0;1631;9115875;1814802;150;2801;3.58314;506484;0;0;sBELA0;? Unchecked;v1.6.0-140-g9a10cc1
roadmap;dimacs;10/300;300;    581610;   1031954;0;1738;7767744;1449089;126;2801;2.86632;505558;0;0;sBELA0;? Unchecked;v1.6.0-140-g9a10cc1
roadmap;dimacs;11/300;300;    329503;   1179401;0;691;3446531;864607;146;2756;1.65658;521924;0;0;sBELA0;? Unchecked;v1.6.0-140-g9a10cc1
roadmap;dimacs;12/300;300;    480267;    159302;0;1506;7974206;1216751;374;2846;2.46922;492767;0;0;sBELA0;? Unchecked;v1.6.0-140-g9a10cc1
roadmap;dimacs;13/300;300;   1890527;   1576171;0;1612;8709336;1468158;421;2846;3.29893;445041;0;0;sBELA0;? Unchecked;v1.6.0-140-g9a10cc1
roadmap;dimacs;14/300;300;   1743677;    933040;0;967;5426235;1467800;247;2846;2.87768;510064;0;0;sBELA0;? Unchecked;v1.6.0-140-g9a10cc1
roadmap;dimacs;15/300;300;   1460731;   1705524;0;2203;8152778;1618857;21;2801;2.99253;540967;0;0;sBELA0;? Unchecked;v1.6.0-140-g9a10cc1
roadmap;dimacs;16/300;300;    801770;    765171;0;1632;5189058;642300;258;2846;1.53492;418459;0;0;sBELA0;? Unchecked;v1.6.0-140-g9a10cc1
roadmap;dimacs;17/300;300;   1076837;   1604094;0;406;1055246;226975;484;2756;0.503285;450987;0;0;sBELA0;? Unchecked;v1.6.0-140-g9a10cc1
roadmap;dimacs;18/300;300;   1431544;    194846;0;1537;5259237;998645;279;2756;2.14523;465519;0;0;sBELA0;? Unchecked;v1.6.0-140-g9a10cc1
roadmap;dimacs;19/300;300;   1536202;    632533;0;695;2579062;695346;1808;2846;1.48347;468729;0;0;sBELA0;? Unchecked;v1.6.0-140-g9a10cc1
roadmap;dimacs;20/300;300;    356711;    288578;0;1569;4883694;1146326;102;2756;2.28608;501437;0;0;sBELA0;? Unchecked;v1.6.0-140-g9a10cc1
roadmap;dimacs;21/300;300;   1416275;   1578430;0;455;1176897;414231;3992;2756;1.17688;351974;0;0;sBELA0;? Unchecked;v1.6.0-140-g9a10cc1
roadmap;dimacs;22/300;300;   1267172;   1104888;0;1362;6179788;1332876;119;2756;2.50544;531993;0;0;sBELA0;? Unchecked;v1.6.0-140-g9a10cc1
roadmap;dimacs;23/300;300;   1466216;   1076837;0;1625;6568846;1273314;58;2756;2.41261;527775;0;0;sBELA0;? Unchecked;v1.6.0-140-g9a10cc1
roadmap;dimacs;24/300;300;   1228417;     41268;0;920;1805014;295264;313;2846;0.706705;417804;0;0;sBELA0;? Unchecked;v1.6.0-140-g9a10cc1
roadmap;dimacs;25/300;300;    321340;    192757;0;396;1500654;417006;250;2756;0.792466;526213;0;0;sBELA0;? Unchecked;v1.6.0-140-g9a10cc1
roadmap;dimacs;26/300;300;    965921;   1375640;0;1292;6122603;1631441;591;2846;3.29234;495527;0;0;sBELA0;? Unchecked;v1.6.0-140-g9a10cc1
roadmap;dimacs;27/300;300;   1657428;    779364;0;1486;5065334;976274;303;2756;2.05241;475671;0;0;sBELA0;? Unchecked;v1.6.0-140-g9a10cc1
roadmap;dimacs;28/300;300;    454410;    618767;0;399;955496;349228;139;2756;0.629213;555024;0;0;sBELA0;? Unchecked;v1.6.0-140-g9a10cc1
roadmap;dimacs;29/300;300;   1453433;   1181632;0;574;3003861;732390;445;2756;1.45102;504742;0;0;sBELA0;? Unchecked;v1.6.0-140-g9a10cc1
roadmap;dimacs;30/300;300;    261444;   1761841;0;453;789876;244642;258;2756;0.500295;488995;0;0;sBELA0;? Unchecked;v1.6.0-140-g9a10cc1
roadmap;dimacs;31/300;300;   1710330;   1308565;0;1238;6157105;1026016;76;2756;2.00893;510728;0;0;sBELA0;? Unchecked;v1.6.0-140-g9a10cc1
roadmap;dimacs;32/300;300;   1622269;    239225;0;1507;3830827;741384;220;2846;1.57231;471525;0;0;sBELA0;? Unchecked;v1.6.0-140-g9a10cc1
roadmap;dimacs;33/300;300;    858782;    835734;0;938;2932277;654787;334;2756;1.36607;479323;0;0;sBELA0;? Unchecked;v1.6.0-140-g9a10cc1
roadmap;dimacs;34/300;300;   1164733;   1686951;0;635;3418482;164358;294;2835;0.445076;369280;0;0;sBELA0;? Unchecked;v1.6.0-140-g9a10cc1
roadmap;dimacs;35/300;300;   1008319;    677177;0;1765;8091592;1823222;414;2846;3.57001;510705;0;0;sBELA0;? Unchecked;v1.6.0-140-g9a10cc1
roadmap;dimacs;36/300;300;   1646034;   1063654;0;1901;9241747;1880584;23;2801;3.55981;528281;0;0;sBELA0;? Unchecked;v1.6.0-140-g9a10cc1
roadmap;dimacs;37/300;300;    682994;   1688601;0;3402;12098037;1873214;21;2801;3.59549;520990;0;0;sBELA0;? Unchecked;v1.6.0-140-g9a10cc1
roadmap;dimacs;38/300;300;    257300;    548822;0;1143;6020874;1343885;120;2756;2.50642;536178;0;0;sBELA0;? Unchecked;v1.6.0-140-g9a10cc1
roadmap;dimacs;39/300;300;   1208113;    169244;0;253;995057;64871;429;2852;0.192794;336479;0;0;sBELA0;? Unchecked;v1.6.0-140-g9a10cc1
roadmap;dimacs;40/300;300;   1226440;   1391278;0;2167;8142710;1513580;53;2852;2.92229;517942;0;0;sBELA0;? Unchecked;v1.6.0-140-g9a10cc1
roadmap;dimacs;41/300;300;    122277;   1128394;0;724;2944723;578816;451;2756;1.2436;465437;0;0;sBELA0;? Unchecked;v1.6.0-140-g9a10cc1
roadmap;dimacs;42/300;300;     66946;   1214669;0;1055;5960075;993081;180;2846;2.01133;493744;0;0;sBELA0;? Unchecked;v1.6.0-140-g9a10cc1
roadmap;dimacs;43/300;300;    299055;   1685578;0;2348;9966143;1826270;13;2801;3.45423;528705;0;0;sBELA0;? Unchecked;v1.6.0-140-g9a10cc1
roadmap;dimacs;44/300;300;   1617239;   1448010;0;1341;4746121;1193363;284;2846;2.38351;500674;0;0;sBELA0;? Unchecked;v1.6.0-140-g9a10cc1
roadmap;dimacs;45/300;300;     88434;    220092;0;818;1922323;437497;191;2756;0.870786;502416;0;0;sBELA0;? Unchecked;v1.6.0-140-g9a10cc1
roadmap;dimacs;46/300;300;    765554;   1136443;0;717;2443506;505652;100;2756;1.00773;501774;0;0;sBELA0;? Unchecked;v1.6.0-140-g9a10cc1
roadmap;dimacs;47/300;300;   1662423;    665304;0;2023;6865220;1533363;25;2801;2.9188;525340;0;0;sBELA0;? Unchecked;v1.6.0-140-g9a10cc1
roadmap;dimacs;48/300;300;    522581;    744644;0;1295;6138048;1094898;58;2756;2.10504;520132;0;0;sBELA0;? Unchecked;v1.6.0-140-g9a10cc1
roadmap;dimacs;49/300;300;    880871;    913237;0;1190;4898717;1074365;505;2756;2.26562;474203;0;0;sBELA0;? Unchecked;v1.6.0-140-g9a10cc1
roadmap;dimacs;50/300;300;    184031;   1879161;0;1178;5260793;1304901;97;2846;2.50409;521108;0;0;sBELA0;? Unchecked;v1.6.0-140-g9a10cc1
roadmap;dimacs;51/300;300;    638122;   1463354;0;438;1317950;192357;984;2846;0.460415;417790;0;0;sBELA0;? Unchecked;v1.6.0-140-g9a10cc1
roadmap;dimacs;52/300;300;   1314005;    356552;0;1169;4462605;1035709;147;2756;2.03816;508160;0;0;sBELA0;? Unchecked;v1.6.0-140-g9a10cc1
roadmap;dimacs;53/300;300;     21748;   1031477;0;2542;10681270;1575871;70;2846;3.28741;479366;0;0;sBELA0;? Unchecked;v1.6.0-140-g9a10cc1
roadmap;dimacs;54/300;300;    149376;    488085;0;256;1226655;38024;659;2846;0.148898;255369;0;0;sBELA0;? Unchecked;v1.6.0-140-g9a10cc1
roadmap;dimacs;55/300;300;   1471925;   1271058;0;444;722885;261449;169;2756;0.473015;552729;0;0;sBELA0;? Unchecked;v1.6.0-140-g9a10cc1
roadmap;dimacs;56/300;300;    531829;    538074;0;1947;7230305;1352010;107;2756;2.68879;502831;0;0;sBELA0;? Unchecked;v1.6.0-140-g9a10cc1
roadmap;dimacs;57/300;300;     65785;   1728556;0;1020;3029688;684525;813;2756;1.53535;445843;0;0;sBELA0;? Unchecked;v1.6.0-140-g9a10cc1
roadmap;dimacs;58/300;300;   1182648;    947461;0;1106;5480074;1412899;80;2756;2.63072;537077;0;0;sBELA0;? Unchecked;v1.6.0-140-g9a10cc1
roadmap;dimacs;59/300;300;    834369;   1832866;0;1358;6184435;1562158;235;2801;3.08336;506642;0;0;sBELA0;? Unchecked;v1.6.0-140-g9a10cc1
roadmap;dimacs;60/300;300;   1579344;    795855;0;3405;13143903;1884813;43;2801;3.74841;502830;0;0;sBELA0;? Unchecked;v1.6.0-140-g9a10cc1
roadmap;dimacs;61/300;300;    830015;   1296962;0;1353;6488787;1091760;57;2858;2.1357;511196;0;0;sBELA0;? Unchecked;v1.6.0-140-g9a10cc1
roadmap;dimacs;62/300;300;    390249;     22433;0;796;2515976;389744;82;2858;0.847043;460123;0;0;sBELA0;? Unchecked;v1.6.0-140-g9a10cc1
roadmap;dimacs;63/300;300;   1361440;    776903;0;1689;6005830;1683572;695;2858;3.49908;481148;0;0;sBELA0;? Unchecked;v1.6.0-140-g9a10cc1
roadmap;dimacs;64/300;300;   1526444;    433636;0;449;1090355;298186;309;2756;0.608712;489864;0;0;sBELA0;? Unchecked;v1.6.0-140-g9a10cc1
roadmap;dimacs;65/300;300;    653723;   1649198;0;1802;6702828;1091808;12;2846;2.06256;529345;0;0;sBELA0;? Unchecked;v1.6.0-140-g9a10cc1
roadmap;dimacs;66/300;300;   1848324;   1867145;0;311;2484284;139540;2884;2846;0.503548;277114;0;0;sBELA0;? Unchecked;v1.6.0-140-g9a10cc1
roadmap;dimacs;67/300;300;    556081;   1705850;0;546;1729499;371180;252;2756;0.746294;497364;0;0;sBELA0;? Unchecked;v1.6.0-140-g9a10cc1
roadmap;dimacs;68/300;300;   1041215;   1753708;0;1139;7038386;454409;488;2846;1.19792;379333;0;0;sBELA0;? Unchecked;v1.6.0-140-g9a10cc1
roadmap;dimacs;69/300;300;   1673024;   1341690;0;730;3011655;248376;420;2846;0.616129;403124;0;0;sBELA0;? Unchecked;v1.6.0-140-g9a10cc1
roadmap;dimacs;70/300;300;   1305038;   1494283;0;1209;5867971;1307022;259;2756;2.52412;517813;0;0;sBELA0;? Unchecked;v1.6.0-140-g9a10cc1
roadmap;dimacs;71/300;300;    989350;    282657;0;1041;5936690;834638;238;2846;1.7923;465679;0;0;sBELA0;? Unchecked;v1.6.0-140-g9a10cc1
roadmap;dimacs;72/300;300;    277177;    414997;0;1576;6899235;1544388;255;2801;3.04163;507750;0;0;sBELA0;? Unchecked;v1.6.0-140-g9a10cc1
roadmap;dimacs;73/300;300;    189385;    632745;0;1376;3513117;886805;13;2756;1.6388;541131;0;0;sBELA0;? Unchecked;v1.6.0-140-g9a10cc1
roadmap;dimacs;74/300;300;   1642632;    169223;0;619;2267089;210115;2209;2840;0.692189;303552;0;0;sBELA0;? Unchecked;v1.6.0-140-g9a10cc1
roadmap;dimacs;75/300;300;   1160966;    638119;0;3043;11495055;1752683;59;2846;3.52356;497419;0;0;sBELA0;? Unchecked;v1.6.0-140-g9a10cc1
roadmap;dimacs;76/300;300;   1759861;   1021392;0;1543;8552509;1723610;134;2801;3.4656;497348;0;0;sBELA0;? Unchecked;v1.6.0-140-g9a10cc1
roadmap;dimacs;77/300;300;    681135;     95876;0;1718;7581354;1397022;416;2756;2.63946;529283;0;0;sBELA0;? Unchecked;v1.6.0-140-g9a10cc1
roadmap;dimacs;78/300;300;    614892;    385398;0;2067;8944898;1779900;154;2801;3.65169;487418;0;0;sBELA0;? Unchecked;v1.6.0-140-g9a10cc1
roadmap;dimacs;79/300;300;   1726489;   1469303;0;2271;9933318;1681380;122;2846;3.53105;476170;0;0;sBELA0;? Unchecked;v1.6.0-140-g9a10cc1
roadmap;dimacs;80/300;300;     52390;    909716;0;597;2589476;399535;484;2846;0.878248;454923;0;0;sBELA0;? Unchecked;v1.6.0-140-g9a10cc1
roadmap;dimacs;81/300;300;   1438544;   1709652;0;741;2861462;459619;237;2846;0.945256;486238;0;0;sBELA0;? Unchecked;v1.6.0-140-g9a10cc1
roadmap;dimacs;82/300;300;   1885245;   1219012;0;967;7657213;1102054;507;2846;2.25505;488704;0;0;sBELA0;? Unchecked;v1.6.0-140-g9a10cc1
roadmap;dimacs;83/300;300;    474128;    462404;0;1666;6969774;1431911;55;2756;2.69038;532233;0;0;sBELA0;? Unchecked;v1.6.0-140-g9a10cc1
roadmap;dimacs;84/300;300;   1776146;    980278;0;1127;5051346;946723;863;2756;2.0684;457709;0;0;sBELA0;? Unchecked;v1.6.0-140-g9a10cc1
roadmap;dimacs;85/300;300;   1391963;    468960;0;2004;7717579;1523325;58;2801;2.93704;518660;0;0;sBELA0;? Unchecked;v1.6.0-140-g9a10cc1
roadmap;dimacs;86/300;300;   1052481;    543349;0;2134;9460545;1476539;253;2846;3.2687;451721;0;0;sBELA0;? Unchecked;v1.6.0-140-g9a10cc1
roadmap;dimacs;87/300;300;   1821017;    791672;0;1103;6671303;299884;325;2846;0.901408;332684;0;0;sBELA0;? Unchecked;v1.6.0-140-g9a10cc1
roadmap;dimacs;88/300;300;    135239;   1107730;0;562;1990085;300876;197;2846;0.606607;495998;0;0;sBELA0;? Unchecked;v1.6.0-140-g9a10cc1
roadmap;dimacs;89/300;300;    105712;   1042809;0;1605;8540485;1872635;159;2801;3.65788;511946;0;0;sBELA0;? Unchecked;v1.6.0-140-g9a10cc1
roadmap;dimacs;90/300;300;    269271;     31624;0;1477;5830489;1250367;32;2778;2.31032;541210;0;0;sBELA0;? Unchecked;v1.6.0-140-g9a10cc1
roadmap;dimacs;91/300;300;    711516;   1110978;0;1483;3813650;904658;127;2846;1.7821;507635;0;0;sBELA0;? Unchecked;v1.6.0-140-g9a10cc1
roadmap;dimacs;92/300;300;    129884;   1702774;0;937;2963603;583013;416;2858;1.25753;463616;0;0;sBELA0;? Unchecked;v1.6.0-140-g9a10cc1
roadmap;dimacs;93/300;300;    677739;   1445420;0;329;1110637;236685;3277;2756;0.66383;356545;0;0;sBELA0;? Unchecked;v1.6.0-140-g9a10cc1
roadmap;dimacs;94/300;300;    689436;    132056;0;721;2697619;543791;332;2756;1.14494;474953;0;0;sBELA0;? Unchecked;v1.6.0-140-g9a10cc1
roadmap;dimacs;95/300;300;    172705;   1375271;0;1070;5217323;1399875;267;2858;2.69931;518605;0;0;sBELA0;? Unchecked;v1.6.0-140-g9a10cc1
roadmap;dimacs;96/300;300;   1879024;    843565;0;719;2025952;177727;255;2858;0.513925;345823;0;0;sBELA0;? Unchecked;v1.6.0-140-g9a10cc1
roadmap;dimacs;97/300;300;    594555;   1305211;0;971;1536334;508278;536;2756;1.06993;475056;0;0;sBELA0;? Unchecked;v1.6.0-140-g9a10cc1
roadmap;dimacs;98/300;300;    338636;    646444;0;1055;2535873;686936;203;2756;1.4084;487744;0;0;sBELA0;? Unchecked;v1.6.0-140-g9a10cc1
roadmap;dimacs;99/300;300;   1834673;    546450;0;1191;5698138;418149;129;2846;1.03152;405373;0;0;sBELA0;? Unchecked;v1.6.0-140-g9a10cc1
roadmap;dimacs;0/400;400;   1158641;   1272769;0;2204;9081421;1219323;246;2846;2.84545;428517;0;0;sBELA0;? Unchecked;v1.6.0-140-g9a10cc1
roadmap;dimacs;1/400;400;     54758;   1370062;0;1519;4088463;768701;417;2846;1.738;442289;0;0;sBELA0;? Unchecked;v1.6.0-140-g9a10cc1
roadmap;dimacs;2/400;400;    935047;   1190851;0;524;3006777;144928;1172;2846;0.561138;258275;0;0;sBELA0;? Unchecked;v1.6.0-140-g9a10cc1
roadmap;dimacs;3/400;400;    548674;   1730064;0;788;2234887;539790;751;2756;1.20657;447374;0;0;sBELA0;? Unchecked;v1.6.0-140-g9a10cc1
roadmap;dimacs;4/400;400;    713105;   1135162;0;258;1394611;102630;2226;2828;0.324254;316511;0;0;sBELA0;? Unchecked;v1.6.0-140-g9a10cc1
roadmap;dimacs;5/400;400;   1213983;   1847687;0;1054;5259567;1421289;1417;2846;2.92376;486118;0;0;sBELA0;? Unchecked;v1.6.0-140-g9a10cc1
roadmap;dimacs;6/400;400;   1416819;   1454455;0;584;1388151;484671;384;2756;0.938644;516352;0;0;sBELA0;? Unchecked;v1.6.0-140-g9a10cc1
roadmap;dimacs;7/400;400;   1202525;   1287863;0;926;2205817;492402;156;2858;1.07446;458277;0;0;sBELA0;? Unchecked;v1.6.0-140-g9a10cc1
roadmap;dimacs;8/400;400;    416104;   1824062;0;1264;4704814;913786;845;2858;2.04934;445892;0;0;sBELA0;? Unchecked;v1.6.0-140-g9a10cc1
roadmap;dimacs;9/400;400;    350612;   1840987;0;1633;9115888;1814802;193;2823;3.62515;500614;0;0;sBELA0;? Unchecked;v1.6.0-140-g9a10cc1
roadmap;dimacs;10/400;400;    581610;   1031954;0;1740;7767753;1449091;159;2858;2.90338;499105;0;0;sBELA0;? Unchecked;v1.6.0-140-g9a10cc1
roadmap;dimacs;11/400;400;    329503;   1179401;0;687;3446545;864609;184;2778;1.69291;510723;0;0;sBELA0;? Unchecked;v1.6.0-140-g9a10cc1
roadmap;dimacs;12/400;400;    480267;    159302;0;1498;7974227;1216753;490;2846;2.57121;473221;0;0;sBELA0;? Unchecked;v1.6.0-140-g9a10cc1
roadmap;dimacs;13/400;400;   1890527;   1576171;0;1617;8709361;1468167;549;2846;3.40116;431666;0;0;sBELA0;? Unchecked;v1.6.0-140-g9a10cc1
roadmap;dimacs;14/400;400;   1743677;    933040;0;966;5426241;1467805;326;2846;2.93816;499566;0;0;sBELA0;? Unchecked;v1.6.0-140-g9a10cc1
roadmap;dimacs;15/400;400;   1460731;   1705524;0;2206;8152781;1618858;30;2823;3.02996;534283;0;0;sBELA0;? Unchecked;v1.6.0-140-g9a10cc1
roadmap;dimacs;16/400;400;    801770;    765171;0;1630;5189069;642302;332;2846;1.62055;396349;0;0;sBELA0;? Unchecked;v1.6.0-140-g9a10cc1
roadmap;dimacs;17/400;400;   1076837;   1604094;0;408;1055268;226980;632;2756;0.527722;430113;0;0;sBELA0;? Unchecked;v1.6.0-140-g9a10cc1
roadmap;dimacs;18/400;400;   1431544;    194846;0;1547;5259247;998645;365;2858;2.22054;449731;0;0;sBELA0;? Unchecked;v1.6.0-140-g9a10cc1
roadmap;dimacs;19/400;400;   1536202;    632533;0;694;2579129;695359;2318;2858;1.54083;451289;0;0;sBELA0;? Unchecked;v1.6.0-140-g9a10cc1
roadmap;dimacs;20/400;400;    356711;    288578;0;1573;4883698;1146327;123;2858;2.29139;500276;0;0;sBELA0;? Unchecked;v1.6.0-140-g9a10cc1
roadmap;dimacs;21/400;400;   1416275;   1578430;0;454;1176986;414259;5413;2756;1.32161;313450;0;0;sBELA0;? Unchecked;v1.6.0-140-g9a10cc1
roadmap;dimacs;22/400;400;   1267172;   1104888;0;1385;6179795;1332878;146;2778;2.53284;526239;0;0;sBELA0;? Unchecked;v1.6.0-140-g9a10cc1
roadmap;dimacs;23/400;400;   1466216;   1076837;0;1628;6568854;1273314;77;2778;2.46722;516093;0;0;sBELA0;? Unchecked;v1.6.0-140-g9a10cc1
roadmap;dimacs;24/400;400;   1228417;     41268;0;922;1805032;295270;409;2846;0.76576;385591;0;0;sBELA0;? Unchecked;v1.6.0-140-g9a10cc1
roadmap;dimacs;25/400;400;    321340;    192757;0;387;1500679;417013;320;2756;0.817997;509797;0;0;sBELA0;? Unchecked;v1.6.0-140-g9a10cc1
roadmap;dimacs;26/400;400;    965921;   1375640;0;1282;6122624;1631446;769;2846;3.35863;485748;0;0;sBELA0;? Unchecked;v1.6.0-140-g9a10cc1
roadmap;dimacs;27/400;400;   1657428;    779364;0;1484;5065354;976281;387;2778;2.14162;455861;0;0;sBELA0;? Unchecked;v1.6.0-140-g9a10cc1
roadmap;dimacs;28/400;400;    454410;    618767;0;397;955507;349231;168;2756;0.642929;543187;0;0;sBELA0;? Unchecked;v1.6.0-140-g9a10cc1
roadmap;dimacs;29/400;400;   1453433;   1181632;0;576;3003928;732396;640;2778;1.48796;492214;0;0;sBELA0;? Unchecked;v1.6.0-140-g9a10cc1
roadmap;dimacs;30/400;400;    261444;   1761841;0;451;789889;244647;323;2756;0.521505;469118;0;0;sBELA0;? Unchecked;v1.6.0-140-g9a10cc1
roadmap;dimacs;31/400;400;   1710330;   1308565;0;1238;6157110;1026016;97;2858;2.03485;504221;0;0;sBELA0;? Unchecked;v1.6.0-140-g9a10cc1
roadmap;dimacs;32/400;400;   1622269;    239225;0;1505;3830835;741387;279;2858;1.6109;460232;0;0;sBELA0;? Unchecked;v1.6.0-140-g9a10cc1
roadmap;dimacs;33/400;400;    858782;    835734;0;942;2932291;654794;429;2858;1.40251;466874;0;0;sBELA0;? Unchecked;v1.6.0-140-g9a10cc1
roadmap;dimacs;34/400;400;   1164733;   1686951;0;634;3418530;164362;442;2858;0.465244;353282;0;0;sBELA0;? Unchecked;v1.6.0-140-g9a10cc1
roadmap;dimacs;35/400;400;   1008319;    677177;0;1771;8091612;1823227;534;2858;3.66142;497956;0;0;sBELA0;? Unchecked;v1.6.0-140-g9a10cc1
roadmap;dimacs;36/400;400;   1646034;   1063654;0;1903;9241748;1880584;30;2823;3.58555;524489;0;0;sBELA0;? Unchecked;v1.6.0-140-g9a10cc1
roadmap;dimacs;37/400;400;    682994;   1688601;0;3401;12098038;1873214;25;2858;3.63462;515380;0;0;sBELA0;? Unchecked;v1.6.0-140-g9a10cc1
roadmap;dimacs;38/400;400;    257300;    548822;0;1145;6020880;1343887;143;2778;2.52426;532388;0;0;sBELA0;? Unchecked;v1.6.0-140-g9a10cc1
roadmap;dimacs;39/400;400;   1208113;    169244;0;265;995091;64875;562;2756;0.210405;308334;0;0;sBELA0;? Unchecked;v1.6.0-140-g9a10cc1
roadmap;dimacs;40/400;400;   1226440;   1391278;0;2165;8142713;1513580;68;2846;2.98612;506872;0;0;sBELA0;? Unchecked;v1.6.0-140-g9a10cc1
roadmap;dimacs;41/400;400;    122277;   1128394;0;719;2944750;578825;591;2858;1.28108;451826;0;0;sBELA0;? Unchecked;v1.6.0-140-g9a10cc1
roadmap;dimacs;42/400;400;     66946;   1214669;0;1053;5960092;993085;235;2858;2.05393;483506;0;0;sBELA0;? Unchecked;v1.6.0-140-g9a10cc1
roadmap;dimacs;43/400;400;    299055;   1685578;0;2347;9966145;1826271;16;2823;3.46704;526753;0;0;sBELA0;? Unchecked;v1.6.0-140-g9a10cc1
roadmap;dimacs;44/400;400;   1617239;   1448010;0;1342;4746128;1193365;366;2846;2.44945;487197;0;0;sBELA0;? Unchecked;v1.6.0-140-g9a10cc1
roadmap;dimacs;45/400;400;     88434;    220092;0;812;1922335;437498;241;2756;0.905656;483073;0;0;sBELA0;? Unchecked;v1.6.0-140-g9a10cc1
roadmap;dimacs;46/400;400;    765554;   1136443;0;718;2443534;505661;129;2756;1.03106;490426;0;0;sBELA0;? Unchecked;v1.6.0-140-g9a10cc1
roadmap;dimacs;47/400;400;   1662423;    665304;0;2027;6865221;1533363;31;2823;2.96311;517484;0;0;sBELA0;? Unchecked;v1.6.0-140-g9a10cc1
roadmap;dimacs;48/400;400;    522581;    744644;0;1295;6138074;1094901;79;2778;2.13544;512727;0;0;sBELA0;? Unchecked;v1.6.0-140-g9a10cc1
roadmap;dimacs;49/400;400;    880871;    913237;0;1191;4898745;1074378;681;2858;2.33109;460891;0;0;sBELA0;? Unchecked;v1.6.0-140-g9a10cc1
roadmap;dimacs;50/400;400;    184031;   1879161;0;1179;5260811;1304910;128;2858;2.49558;522889;0;0;sBELA0;? Unchecked;v1.6.0-140-g9a10cc1
roadmap;dimacs;51/400;400;    638122;   1463354;0;432;1318042;192388;1388;2864;0.518328;371170;0;0;sBELA0;? Unchecked;v1.6.0-140-g9a10cc1
roadmap;dimacs;52/400;400;   1314005;    356552;0;1168;4462618;1035715;191;2778;2.09639;494046;0;0;sBELA0;? Unchecked;v1.6.0-140-g9a10cc1
roadmap;dimacs;53/400;400;     21748;   1031477;0;2541;10681278;1575872;103;2846;3.36981;467644;0;0;sBELA0;? Unchecked;v1.6.0-140-g9a10cc1
roadmap;dimacs;54/400;400;    149376;    488085;0;260;1226754;38030;946;2846;0.165159;230263;0;0;sBELA0;? Unchecked;v1.6.0-140-g9a10cc1
roadmap;dimacs;55/400;400;   1471925;   1271058;0;443;722898;261456;218;2756;0.479921;544789;0;0;sBELA0;? Unchecked;v1.6.0-140-g9a10cc1
roadmap;dimacs;56/400;400;    531829;    538074;0;1947;7230309;1352011;134;2778;2.75982;489892;0;0;sBELA0;? Unchecked;v1.6.0-140-g9a10cc1
roadmap;dimacs;57/400;400;     65785;   1728556;0;1019;3029717;684533;1086;2858;1.61877;422872;0;0;sBELA0;? Unchecked;v1.6.0-140-g9a10cc1
roadmap;dimacs;58/400;400;   1182648;    947461;0;1106;5480087;1412901;105;2858;2.63142;536934;0;0;sBELA0;? Unchecked;v1.6.0-140-g9a10cc1
roadmap;dimacs;59/400;400;    834369;   1832866;0;1359;6184446;1562159;298;2858;3.12265;500267;0;0;sBELA0;? Unchecked;v1.6.0-140-g9a10cc1
roadmap;dimacs;60/400;400;   1579344;    795855;0;3400;13143905;1884813;54;2858;3.81523;494023;0;0;sBELA0;? Unchecked;v1.6.0-140-g9a10cc1
roadmap;dimacs;61/400;400;    830015;   1296962;0;1350;6488791;1091763;76;2858;2.16003;505439;0;0;sBELA0;? Unchecked;v1.6.0-140-g9a10cc1
roadmap;dimacs;62/400;400;    390249;     22433;0;801;2516007;389752;120;2861;0.876335;444752;0;0;sBELA0;? Unchecked;v1.6.0-140-g9a10cc1
roadmap;dimacs;63/400;400;   1361440;    776903;0;1687;6005853;1683576;908;2861;3.63724;462872;0;0;sBELA0;? Unchecked;v1.6.0-140-g9a10cc1
roadmap;dimacs;64/400;400;   1526444;    433636;0;452;1090399;298224;407;2756;0.639249;466523;0;0;sBELA0;? Unchecked;v1.6.0-140-g9a10cc1
roadmap;dimacs;65/400;400;    653723;   1649198;0;1798;6702829;1091808;14;2870;2.07995;524921;0;0;sBELA0;? Unchecked;v1.6.0-140-g9a10cc1
roadmap;dimacs;66/400;400;   1848324;   1867145;0;305;2484540;139564;3706;2870;0.560987;248783;0;0;sBELA0;? Unchecked;v1.6.0-140-g9a10cc1
roadmap;dimacs;67/400;400;    556081;   1705850;0;546;1729534;371190;337;2756;0.772436;480545;0;0;sBELA0;? Unchecked;v1.6.0-140-g9a10cc1
roadmap;dimacs;68/400;400;   1041215;   1753708;0;1130;7038414;454416;662;2846;1.28284;354227;0;0;sBELA0;? Unchecked;v1.6.0-140-g9a10cc1
roadmap;dimacs;69/400;400;   1673024;   1341690;0;733;3011687;248382;615;2846;0.668455;371576;0;0;sBELA0;? Unchecked;v1.6.0-140-g9a10cc1
roadmap;dimacs;70/400;400;   1305038;   1494283;0;1213;5867979;1307025;325;2778;2.59358;503946;0;0;sBELA0;? Unchecked;v1.6.0-140-g9a10cc1
roadmap;dimacs;71/400;400;    989350;    282657;0;1040;5936702;834651;297;2846;1.82911;456314;0;0;sBELA0;? Unchecked;v1.6.0-140-g9a10cc1
roadmap;dimacs;72/400;400;    277177;    414997;0;1576;6899248;1544390;321;2823;3.13525;492589;0;0;sBELA0;? Unchecked;v1.6.0-140-g9a10cc1
roadmap;dimacs;73/400;400;    189385;    632745;0;1378;3513118;886805;16;2858;1.63867;541173;0;0;sBELA0;? Unchecked;v1.6.0-140-g9a10cc1
roadmap;dimacs;74/400;400;   1642632;    169223;0;622;2267147;210132;2808;2858;0.763193;275333;0;0;sBELA0;? Unchecked;v1.6.0-140-g9a10cc1
roadmap;dimacs;75/400;400;   1160966;    638119;0;3043;11495061;1752684;90;2858;3.58705;488615;0;0;sBELA0;? Unchecked;v1.6.0-140-g9a10cc1
roadmap;dimacs;76/400;400;   1759861;   1021392;0;1534;8552515;1723611;172;2823;3.53235;487950;0;0;sBELA0;? Unchecked;v1.6.0-140-g9a10cc1
roadmap;dimacs;77/400;400;    681135;     95876;0;1717;7581369;1397029;537;2778;2.68036;521210;0;0;sBELA0;? Unchecked;v1.6.0-140-g9a10cc1
roadmap;dimacs;78/400;400;    614892;    385398;0;2065;8944909;1779902;198;2823;3.73716;476271;0;0;sBELA0;? Unchecked;v1.6.0-140-g9a10cc1
roadmap;dimacs;79/400;400;   1726489;   1469303;0;2271;9933327;1681380;151;2846;3.62987;463207;0;0;sBELA0;? Unchecked;v1.6.0-140-g9a10cc1
roadmap;dimacs;80/400;400;     52390;    909716;0;598;2589517;399549;640;2846;0.918024;435227;0;0;sBELA0;? Unchecked;v1.6.0-140-g9a10cc1
roadmap;dimacs;81/400;400;   1438544;   1709652;0;739;2861470;459622;306;2846;0.983507;467329;0;0;sBELA0;? Unchecked;v1.6.0-140-g9a10cc1
roadmap;dimacs;82/400;400;   1885245;   1219012;0;967;7657279;1102126;814;2846;2.35341;468310;0;0;sBELA0;? Unchecked;v1.6.0-140-g9a10cc1
roadmap;dimacs;83/400;400;    474128;    462404;0;1668;6969782;1431916;74;2778;2.74242;522136;0;0;sBELA0;? Unchecked;v1.6.0-140-g9a10cc1
roadmap;dimacs;84/400;400;   1776146;    980278;0;1132;5051367;946727;1034;2778;2.14562;441237;0;0;sBELA0;? Unchecked;v1.6.0-140-g9a10cc1
roadmap;dimacs;85/400;400;   1391963;    468960;0;2007;7717586;1523327;79;2823;3.00569;506814;0;0;sBELA0;? Unchecked;v1.6.0-140-g9a10cc1
roadmap;dimacs;86/400;400;   1052481;    543349;0;2131;9460553;1476543;313;2846;3.36486;438813;0;0;sBELA0;? Unchecked;v1.6.0-140-g9a10cc1
roadmap;dimacs;87/400;400;   1821017;    791672;0;1106;6671320;299885;419;2846;0.973196;308144;0;0;sBELA0;? Unchecked;v1.6.0-140-g9a10cc1
roadmap;dimacs;88/400;400;    135239;   1107730;0;562;1990091;300880;250;2846;0.638791;471015;0;0;sBELA0;? Unchecked;v1.6.0-140-g9a10cc1
roadmap;dimacs;89/400;400;    105712;   1042809;0;1616;8540498;1872635;207;2858;3.68089;508746;0;0;sBELA0;? Unchecked;v1.6.0-140-g9a10cc1
roadmap;dimacs;90/400;400;    269271;     31624;0;1479;5830490;1250368;40;2778;2.32233;538411;0;0;sBELA0;? Unchecked;v1.6.0-140-g9a10cc1
roadmap;dimacs;91/400;400;    711516;   1110978;0;1487;3813657;904660;156;2861;1.83882;491978;0;0;sBELA0;? Unchecked;v1.6.0-140-g9a10cc1
roadmap;dimacs;92/400;400;    129884;   1702774;0;945;2963624;583021;548;2873;1.31711;442652;0;0;sBELA0;? Unchecked;v1.6.0-140-g9a10cc1
roadmap;dimacs;93/400;400;    677739;   1445420;0;333;1110811;236747;4598;2756;0.77754;304482;0;0;sBELA0;? Unchecked;v1.6.0-140-g9a10cc1
roadmap;dimacs;94/400;400;    689436;    132056;0;727;2697638;543794;432;2756;1.18887;457404;0;0;sBELA0;? Unchecked;v1.6.0-140-g9a10cc1
roadmap;dimacs;95/400;400;    172705;   1375271;0;1072;5217345;1399880;354;2858;2.7598;507241;0;0;sBELA0;? Unchecked;v1.6.0-140-g9a10cc1
roadmap;dimacs;96/400;400;   1879024;    843565;0;719;2025971;177733;347;2859;0.549037;323718;0;0;sBELA0;? Unchecked;v1.6.0-140-g9a10cc1
roadmap;dimacs;97/400;400;    594555;   1305211;0;974;1536354;508283;669;2756;1.13239;448860;0;0;sBELA0;? Unchecked;v1.6.0-140-g9a10cc1
roadmap;dimacs;98/400;400;    338636;    646444;0;1052;2535885;686938;255;2756;1.45268;472877;0;0;sBELA0;? Unchecked;v1.6.0-140-g9a10cc1
roadmap;dimacs;99/400;400;   1834673;    546450;0;1195;5698148;418152;164;2861;1.0721;390030;0;0;sBELA0;? Unchecked;v1.6.0-140-g9a10cc1
roadmap;dimacs;0/500;500;   1158641;   1272769;0;2206;9081424;1219326;284;2861;2.93194;415877;0;0;sBELA0;? Unchecked;v1.6.0-140-g9a10cc1
roadmap;dimacs;1/500;500;     54758;   1370062;0;1528;4088469;768702;477;2861;1.80985;424733;0;0;sBELA0;? Unchecked;v1.6.0-140-g9a10cc1
roadmap;dimacs;2/500;500;    935047;   1190851;0;524;3006833;144938;1449;2756;0.617983;234534;0;0;sBELA0;? Unchecked;v1.6.0-140-g9a10cc1
roadmap;dimacs;3/500;500;    548674;   1730064;0;787;2234918;539796;1016;2756;1.28282;420788;0;0;sBELA0;? Unchecked;v1.6.0-140-g9a10cc1
roadmap;dimacs;4/500;500;    713105;   1135162;0;258;1394699;102638;2741;2828;0.353617;290252;0;0;sBELA0;? Unchecked;v1.6.0-140-g9a10cc1
roadmap;dimacs;5/500;500;   1213983;   1847687;0;1056;5259603;1421298;1807;2861;3.0429;467087;0;0;sBELA0;? Unchecked;v1.6.0-140-g9a10cc1
roadmap;dimacs;6/500;500;   1416819;   1454455;0;587;1388176;484682;475;2756;0.968529;500431;0;0;sBELA0;? Unchecked;v1.6.0-140-g9a10cc1
roadmap;dimacs;7/500;500;   1202525;   1287863;0;928;2205826;492404;195;2858;1.11081;443285;0;0;sBELA0;? Unchecked;v1.6.0-140-g9a10cc1
roadmap;dimacs;8/500;500;    416104;   1824062;0;1268;4704832;913787;1042;2858;2.13349;428306;0;0;sBELA0;? Unchecked;v1.6.0-140-g9a10cc1
roadmap;dimacs;9/500;500;    350612;   1840987;0;1634;9115903;1814805;237;2823;3.68408;492608;0;0;sBELA0;? Unchecked;v1.6.0-140-g9a10cc1
roadmap;dimacs;10/500;500;    581610;   1031954;0;1736;7767765;1449095;195;2858;2.96639;488505;0;0;sBELA0;? Unchecked;v1.6.0-140-g9a10cc1
roadmap;dimacs;11/500;500;    329503;   1179401;0;685;3446556;864610;224;2778;1.71699;503561;0;0;sBELA0;? Unchecked;v1.6.0-140-g9a10cc1
roadmap;dimacs;12/500;500;    480267;    159302;0;1503;7974242;1216757;604;2861;2.66589;456417;0;0;sBELA0;? Unchecked;v1.6.0-140-g9a10cc1
roadmap;dimacs;13/500;500;   1890527;   1576171;0;1618;8709381;1468171;679;2861;3.49164;420481;0;0;sBELA0;? Unchecked;v1.6.0-140-g9a10cc1
roadmap;dimacs;14/500;500;   1743677;    933040;0;966;5426246;1467808;394;2861;2.97214;493856;0;0;sBELA0;? Unchecked;v1.6.0-140-g9a10cc1
roadmap;dimacs;15/500;500;   1460731;   1705524;0;2199;8152783;1618858;37;2823;3.05082;530630;0;0;sBELA0;? Unchecked;v1.6.0-140-g9a10cc1
roadmap;dimacs;16/500;500;    801770;    765171;0;1630;5189082;642308;403;2861;1.72604;372127;0;0;sBELA0;? Unchecked;v1.6.0-140-g9a10cc1
roadmap;dimacs;17/500;500;   1076837;   1604094;0;402;1055295;226983;779;2756;0.571439;397213;0;0;sBELA0;? Unchecked;v1.6.0-140-g9a10cc1
roadmap;dimacs;18/500;500;   1431544;    194846;0;1539;5259255;998645;425;2873;2.322;430079;0;0;sBELA0;? Unchecked;v1.6.0-140-g9a10cc1
roadmap;dimacs;19/500;500;   1536202;    632533;0;697;2579191;695376;2868;2873;1.63306;425812;0;0;sBELA0;? Unchecked;v1.6.0-140-g9a10cc1
roadmap;dimacs;20/500;500;    356711;    288578;0;1574;4883703;1146329;146;2873;2.32786;492440;0;0;sBELA0;? Unchecked;v1.6.0-140-g9a10cc1
roadmap;dimacs;21/500;500;   1416275;   1578430;0;456;1177045;414275;6601;2756;1.49724;276693;0;0;sBELA0;? Unchecked;v1.6.0-140-g9a10cc1
roadmap;dimacs;22/500;500;   1267172;   1104888;0;1361;6179807;1332878;184;2778;2.57539;517544;0;0;sBELA0;? Unchecked;v1.6.0-140-g9a10cc1
roadmap;dimacs;23/500;500;   1466216;   1076837;0;1624;6568857;1273314;94;2778;2.49928;509472;0;0;sBELA0;? Unchecked;v1.6.0-140-g9a10cc1
roadmap;dimacs;24/500;500;   1228417;     41268;0;921;1805045;295276;496;2861;0.820739;359768;0;0;sBELA0;? Unchecked;v1.6.0-140-g9a10cc1
roadmap;dimacs;25/500;500;    321340;    192757;0;388;1500695;417017;385;2756;0.836524;498512;0;0;sBELA0;? Unchecked;v1.6.0-140-g9a10cc1
roadmap;dimacs;26/500;500;    965921;   1375640;0;1293;6122638;1631457;936;2861;3.43659;474732;0;0;sBELA0;? Unchecked;v1.6.0-140-g9a10cc1
roadmap;dimacs;27/500;500;   1657428;    779364;0;1484;5065368;976283;450;2778;2.21865;440035;0;0;sBELA0;? Unchecked;v1.6.0-140-g9a10cc1
roadmap;dimacs;28/500;500;    454410;    618767;0;396;955524;349235;206;2756;0.663392;526438;0;0;sBELA0;? Unchecked;v1.6.0-140-g9a10cc1
roadmap;dimacs;29/500;500;   1453433;   1181632;0;574;3003971;732401;789;2778;1.51791;482507;0;0;sBELA0;? Unchecked;v1.6.0-140-g9a10cc1
roadmap;dimacs;30/500;500;    261444;   1761841;0;444;789902;244653;389;2756;0.550627;444317;0;0;sBELA0;? Unchecked;v1.6.0-140-g9a10cc1
roadmap;dimacs;31/500;500;   1710330;   1308565;0;1240;6157115;1026016;115;2858;2.07582;494271;0;0;sBELA0;? Unchecked;v1.6.0-140-g9a10cc1
roadmap;dimacs;32/500;500;   1622269;    239225;0;1512;3830841;741391;326;2861;1.65939;446786;0;0;sBELA0;? Unchecked;v1.6.0-140-g9a10cc1
roadmap;dimacs;33/500;500;    858782;    835734;0;941;2932303;654808;509;2861;1.45966;448603;0;0;sBELA0;? Unchecked;v1.6.0-140-g9a10cc1
roadmap;dimacs;34/500;500;   1164733;   1686951;0;628;3418569;164364;607;2861;0.502944;326804;0;0;sBELA0;? Unchecked;v1.6.0-140-g9a10cc1
roadmap;dimacs;35/500;500;   1008319;    677177;0;1773;8091628;1823229;646;2861;3.78962;481111;0;0;sBELA0;? Unchecked;v1.6.0-140-g9a10cc1
roadmap;dimacs;36/500;500;   1646034;   1063654;0;1907;9241749;1880585;37;2823;3.61486;520238;0;0;sBELA0;? Unchecked;v1.6.0-140-g9a10cc1
roadmap;dimacs;37/500;500;    682994;   1688601;0;3402;12098039;1873214;29;2858;3.70046;506211;0;0;sBELA0;? Unchecked;v1.6.0-140-g9a10cc1
roadmap;dimacs;38/500;500;    257300;    548822;0;1141;6020887;1343888;171;2778;2.57547;521803;0;0;sBELA0;? Unchecked;v1.6.0-140-g9a10cc1
roadmap;dimacs;39/500;500;   1208113;    169244;0;265;995119;64878;698;2756;0.229267;282980;0;0;sBELA0;? Unchecked;v1.6.0-140-g9a10cc1
roadmap;dimacs;40/500;500;   1226440;   1391278;0;2166;8142716;1513583;87;2861;3.04582;496938;0;0;sBELA0;? Unchecked;v1.6.0-140-g9a10cc1
roadmap;dimacs;41/500;500;    122277;   1128394;0;720;2944770;578832;723;2873;1.33265;434348;0;0;sBELA0;? Unchecked;v1.6.0-140-g9a10cc1
roadmap;dimacs;42/500;500;     66946;   1214669;0;1054;5960104;993087;292;2873;2.11891;468677;0;0;sBELA0;? Unchecked;v1.6.0-140-g9a10cc1
roadmap;dimacs;43/500;500;    299055;   1685578;0;2348;9966147;1826271;19;2823;3.50359;521257;0;0;sBELA0;? Unchecked;v1.6.0-140-g9a10cc1
roadmap;dimacs;44/500;500;   1617239;   1448010;0;1333;4746136;1193370;446;2861;2.51331;474820;0;0;sBELA0;? Unchecked;v1.6.0-140-g9a10cc1
roadmap;dimacs;45/500;500;     88434;    220092;0;817;1922346;437502;296;2756;0.942853;464019;0;0;sBELA0;? Unchecked;v1.6.0-140-g9a10cc1
roadmap;dimacs;46/500;500;    765554;   1136443;0;717;2443541;505662;141;2756;1.06219;476055;0;0;sBELA0;? Unchecked;v1.6.0-140-g9a10cc1
roadmap;dimacs;47/500;500;   1662423;    665304;0;2027;6865221;1533363;34;2823;3.00227;510735;0;0;sBELA0;? Unchecked;v1.6.0-140-g9a10cc1
roadmap;dimacs;48/500;500;    522581;    744644;0;1296;6138079;1094903;98;2778;2.15569;507913;0;0;sBELA0;? Unchecked;v1.6.0-140-g9a10cc1
roadmap;dimacs;49/500;500;    880871;    913237;0;1191;4898769;1074397;882;2873;2.42599;442869;0;0;sBELA0;? Unchecked;v1.6.0-140-g9a10cc1
roadmap;dimacs;50/500;500;    184031;   1879161;0;1180;5260825;1304913;157;2873;2.51998;517827;0;0;sBELA0;? Unchecked;v1.6.0-140-g9a10cc1
roadmap;dimacs;51/500;500;    638122;   1463354;0;446;1318111;192414;1723;2756;0.566372;339731;0;0;sBELA0;? Unchecked;v1.6.0-140-g9a10cc1
roadmap;dimacs;52/500;500;   1314005;    356552;0;1167;4462626;1035718;230;2778;2.16891;477528;0;0;sBELA0;? Unchecked;v1.6.0-140-g9a10cc1
roadmap;dimacs;53/500;500;     21748;   1031477;0;2540;10681282;1575872;123;2861;3.43744;458444;0;0;sBELA0;? Unchecked;v1.6.0-140-g9a10cc1
roadmap;dimacs;54/500;500;    149376;    488085;0;254;1226798;38034;1129;2861;0.179369;212043;0;0;sBELA0;? Unchecked;v1.6.0-140-g9a10cc1
roadmap;dimacs;55/500;500;   1471925;   1271058;0;441;722910;261462;272;2756;0.497501;525551;0;0;sBELA0;? Unchecked;v1.6.0-140-g9a10cc1
roadmap;dimacs;56/500;500;    531829;    538074;0;1940;7230313;1352016;155;2778;2.84756;474798;0;0;sBELA0;? Unchecked;v1.6.0-140-g9a10cc1
roadmap;dimacs;57/500;500;     65785;   1728556;0;1019;3029742;684538;1363;2858;1.72412;397036;0;0;sBELA0;? Unchecked;v1.6.0-140-g9a10cc1
roadmap;dimacs;58/500;500;   1182648;    947461;0;1106;5480099;1412903;134;2858;2.65863;531440;0;0;sBELA0;? Unchecked;v1.6.0-140-g9a10cc1
roadmap;dimacs;59/500;500;    834369;   1832866;0;1358;6184456;1562159;359;2858;3.16889;492968;0;0;sBELA0;? Unchecked;v1.6.0-140-g9a10cc1
roadmap;dimacs;60/500;500;   1579344;    795855;0;3402;13143908;1884813;66;2858;3.92469;480245;0;0;sBELA0;? Unchecked;v1.6.0-140-g9a10cc1
roadmap;dimacs;61/500;500;    830015;   1296962;0;1352;6488794;1091763;93;2870;2.19841;496616;0;0;sBELA0;? Unchecked;v1.6.0-140-g9a10cc1
roadmap;dimacs;62/500;500;    390249;     22433;0;802;2516013;389754;141;2870;0.909059;428744;0;0;sBELA0;? Unchecked;v1.6.0-140-g9a10cc1
roadmap;dimacs;63/500;500;   1361440;    776903;0;1692;6005868;1683577;1102;2870;3.74935;449032;0;0;sBELA0;? Unchecked;v1.6.0-140-g9a10cc1
roadmap;dimacs;64/500;500;   1526444;    433636;0;452;1090440;298259;520;2756;0.678111;439838;0;0;sBELA0;? Unchecked;v1.6.0-140-g9a10cc1
roadmap;dimacs;65/500;500;    653723;   1649198;0;1799;6702830;1091808;20;2778;2.1118;517005;0;0;sBELA0;? Unchecked;v1.6.0-140-g9a10cc1
roadmap;dimacs;66/500;500;   1848324;   1867145;0;312;2484772;139585;4674;2847;0.638302;218682;0;0;sBELA0;? Unchecked;v1.6.0-140-g9a10cc1
roadmap;dimacs;67/500;500;    556081;   1705850;0;545;1729554;371195;399;2756;0.807023;459956;0;0;sBELA0;? Unchecked;v1.6.0-140-g9a10cc1
roadmap;dimacs;68/500;500;   1041215;   1753708;0;1138;7038434;454420;817;2861;1.36688;332449;0;0;sBELA0;? Unchecked;v1.6.0-140-g9a10cc1
roadmap;dimacs;69/500;500;   1673024;   1341690;0;733;3011713;248394;825;2861;0.724023;343075;0;0;sBELA0;? Unchecked;v1.6.0-140-g9a10cc1
roadmap;dimacs;70/500;500;   1305038;   1494283;0;1209;5867986;1307025;386;2778;2.67518;488574;0;0;sBELA0;? Unchecked;v1.6.0-140-g9a10cc1
roadmap;dimacs;71/500;500;    989350;    282657;0;1041;5936718;834674;369;2861;1.88726;442268;0;0;sBELA0;? Unchecked;v1.6.0-140-g9a10cc1
roadmap;dimacs;72/500;500;    277177;    414997;0;1574;6899256;1544394;383;2823;3.20914;481248;0;0;sBELA0;? Unchecked;v1.6.0-140-g9a10cc1
roadmap;dimacs;73/500;500;    189385;    632745;0;1377;3513120;886805;20;2858;1.65253;536636;0;0;sBELA0;? Unchecked;v1.6.0-140-g9a10cc1
roadmap;dimacs;74/500;500;   1642632;    169223;0;621;2267186;210146;3317;2859;0.829897;253219;0;0;sBELA0;? Unchecked;v1.6.0-140-g9a10cc1
roadmap;dimacs;75/500;500;   1160966;    638119;0;3039;11495066;1752684;115;2861;3.66583;478113;0;0;sBELA0;? Unchecked;v1.6.0-140-g9a10cc1
roadmap;dimacs;76/500;500;   1759861;   1021392;0;1543;8552518;1723611;200;2823;3.59928;478877;0;0;sBELA0;? Unchecked;v1.6.0-140-g9a10cc1
roadmap;dimacs;77/500;500;    681135;     95876;0;1714;7581380;1397030;656;2778;2.73981;509900;0;0;sBELA0;? Unchecked;v1.6.0-140-g9a10cc1
roadmap;dimacs;78/500;500;    614892;    385398;0;2064;8944923;1779907;250;2823;3.82456;465389;0;0;sBELA0;? Unchecked;v1.6.0-140-g9a10cc1
roadmap;dimacs;79/500;500;   1726489;   1469303;0;2269;9933336;1681381;183;2861;3.73264;450454;0;0;sBELA0;? Unchecked;v1.6.0-140-g9a10cc1
roadmap;dimacs;80/500;500;     52390;    909716;0;598;2589550;399570;799;2861;0.963913;414529;0;0;sBELA0;? Unchecked;v1.6.0-140-g9a10cc1
roadmap;dimacs;81/500;500;   1438544;   1709652;0;739;2861474;459624;366;2861;1.01378;453378;0;0;sBELA0;? Unchecked;v1.6.0-140-g9a10cc1
roadmap;dimacs;82/500;500;   1885245;   1219012;0;969;7657321;1102168;1075;2861;2.43441;452746;0;0;sBELA0;? Unchecked;v1.6.0-140-g9a10cc1
roadmap;dimacs;83/500;500;    474128;    462404;0;1665;6969788;1431920;97;2778;2.78381;514373;0;0;sBELA0;? Unchecked;v1.6.0-140-g9a10cc1
roadmap;dimacs;84/500;500;   1776146;    980278;0;1125;5051382;946727;1192;2778;2.22483;425528;0;0;sBELA0;? Unchecked;v1.6.0-140-g9a10cc1
roadmap;dimacs;85/500;500;   1391963;    468960;0;2004;7717596;1523331;101;2823;3.07876;494787;0;0;sBELA0;? Unchecked;v1.6.0-140-g9a10cc1
roadmap;dimacs;86/500;500;   1052481;    543349;0;2134;9460558;1476544;373;2861;3.47272;425184;0;0;sBELA0;? Unchecked;v1.6.0-140-g9a10cc1
roadmap;dimacs;87/500;500;   1821017;    791672;0;1106;6671335;299886;518;2861;1.04488;287006;0;0;sBELA0;? Unchecked;v1.6.0-140-g9a10cc1
roadmap;dimacs;88/500;500;    135239;   1107730;0;563;1990096;300882;291;2861;0.652948;460805;0;0;sBELA0;? Unchecked;v1.6.0-140-g9a10cc1
roadmap;dimacs;89/500;500;    105712;   1042809;0;1616;8540507;1872635;248;2861;3.71689;503817;0;0;sBELA0;? Unchecked;v1.6.0-140-g9a10cc1
roadmap;dimacs;90/500;500;    269271;     31624;0;1479;5830492;1250368;48;2778;2.34514;533175;0;0;sBELA0;? Unchecked;v1.6.0-140-g9a10cc1
roadmap;dimacs;91/500;500;    711516;   1110978;0;1486;3813663;904664;185;2861;1.89568;477224;0;0;sBELA0;? Unchecked;v1.6.0-140-g9a10cc1
roadmap;dimacs;92/500;500;    129884;   1702774;0;948;2963640;583026;671;2861;1.38094;422194;0;0;sBELA0;? Unchecked;v1.6.0-140-g9a10cc1
roadmap;dimacs;93/500;500;    677739;   1445420;0;335;1110933;236782;5753;2756;0.905936;261367;0;0;sBELA0;? Unchecked;v1.6.0-140-g9a10cc1
roadmap;dimacs;94/500;500;    689436;    132056;0;730;2697653;543795;516;2756;1.22177;445089;0;0;sBELA0;? Unchecked;v1.6.0-140-g9a10cc1
roadmap;dimacs;95/500;500;    172705;   1375271;0;1049;5217359;1399884;427;2858;2.79739;500425;0;0;sBELA0;? Unchecked;v1.6.0-140-g9a10cc1
roadmap;dimacs;96/500;500;   1879024;    843565;0;720;2025983;177735;431;2859;0.578429;307272;0;0;sBELA0;? Unchecked;v1.6.0-140-g9a10cc1
roadmap;dimacs;97/500;500;    594555;   1305211;0;970;1536376;508291;862;2756;1.20666;421238;0;0;sBELA0;? Unchecked;v1.6.0-140-g9a10cc1
roadmap;dimacs;98/500;500;    338636;    646444;0;1059;2535898;686942;314;2756;1.50317;456996;0;0;sBELA0;? Unchecked;v1.6.0-140-g9a10cc1
roadmap;dimacs;99/500;500;   1834673;    546450;0;1198;5698154;418153;193;2861;1.10251;379272;0;0;sBELA0;? Unchecked;v1.6.0-140-g9a10cc1
roadmap;dimacs;0/600;600;   1158641;   1272769;0;2205;9081427;1219327;321;2861;3.00655;405557;0;0;sBELA0;? Unchecked;v1.6.0-140-g9a10cc1
roadmap;dimacs;1/600;600;     54758;   1370062;0;1519;4088476;768703;554;2861;1.89011;406697;0;0;sBELA0;? Unchecked;v1.6.0-140-g9a10cc1
roadmap;dimacs;2/600;600;    935047;   1190851;0;524;3006879;144946;1741;2756;0.6812;212780;0;0;sBELA0;? Unchecked;v1.6.0-140-g9a10cc1
roadmap;dimacs;3/600;600;    548674;   1730064;0;788;2234940;539804;1248;2756;1.33477;404418;0;0;sBELA0;? Unchecked;v1.6.0-140-g9a10cc1
roadmap;dimacs;4/600;600;    713105;   1135162;0;260;1394776;102644;3311;2828;0.386573;265523;0;0;sBELA0;? Unchecked;v1.6.0-140-g9a10cc1
roadmap;dimacs;5/600;600;   1213983;   1847687;0;1053;5259630;1421302;2181;2861;3.15822;450033;0;0;sBELA0;? Unchecked;v1.6.0-140-g9a10cc1
roadmap;dimacs;6/600;600;   1416819;   1454455;0;585;1388196;484691;554;2756;0.998358;485488;0;0;sBELA0;? Unchecked;v1.6.0-140-g9a10cc1
roadmap;dimacs;7/600;600;   1202525;   1287863;0;932;2205833;492407;237;2858;1.14197;431189;0;0;sBELA0;? Unchecked;v1.6.0-140-g9a10cc1
roadmap;dimacs;8/600;600;    416104;   1824062;0;1270;4704850;913788;1238;2858;2.21611;412338;0;0;sBELA0;? Unchecked;v1.6.0-140-g9a10cc1
roadmap;dimacs;9/600;600;    350612;   1840987;0;1635;9115913;1814806;276;2823;3.73065;486459;0;0;sBELA0;? Unchecked;v1.6.0-140-g9a10cc1
roadmap;dimacs;10/600;600;    581610;   1031954;0;1734;7767773;1449097;228;2858;3.02351;479277;0;0;sBELA0;? Unchecked;v1.6.0-140-g9a10cc1
roadmap;dimacs;11/600;600;    329503;   1179401;0;688;3446565;864612;262;2778;1.75245;493373;0;0;sBELA0;? Unchecked;v1.6.0-140-g9a10cc1
roadmap;dimacs;12/600;600;    480267;    159302;0;1504;7974255;1216765;704;2861;2.74264;443647;0;0;sBELA0;? Unchecked;v1.6.0-140-g9a10cc1
roadmap;dimacs;13/600;600;   1890527;   1576171;0;1612;8709398;1468179;800;2861;3.58214;409861;0;0;sBELA0;? Unchecked;v1.6.0-140-g9a10cc1
roadmap;dimacs;14/600;600;   1743677;    933040;0;966;5426250;1467809;447;2861;3.02081;485899;0;0;sBELA0;? Unchecked;v1.6.0-140-g9a10cc1
roadmap;dimacs;15/600;600;   1460731;   1705524;0;2200;8152785;1618858;45;2823;3.10709;521020;0;0;sBELA0;? Unchecked;v1.6.0-140-g9a10cc1
roadmap;dimacs;16/600;600;    801770;    765171;0;1632;5189091;642310;464;2861;1.80797;355266;0;0;sBELA0;? Unchecked;v1.6.0-140-g9a10cc1
roadmap;dimacs;17/600;600;   1076837;   1604094;0;407;1055319;226989;940;2756;0.609711;372290;0;0;sBELA0;? Unchecked;v1.6.0-140-g9a10cc1
roadmap;dimacs;18/600;600;   1431544;    194846;0;1539;5259262;998645;486;2873;2.39659;416693;0;0;sBELA0;? Unchecked;v1.6.0-140-g9a10cc1
roadmap;dimacs;19/600;600;   1536202;    632533;0;685;2579252;695390;3522;2873;1.73184;401532;0;0;sBELA0;? Unchecked;v1.6.0-140-g9a10cc1
roadmap;dimacs;20/600;600;    356711;    288578;0;1574;4883709;1146329;173;2873;2.36548;484607;0;0;sBELA0;? Unchecked;v1.6.0-140-g9a10cc1
roadmap;dimacs;21/600;600;   1416275;   1578430;0;454;1177096;414296;7836;2756;1.67144;247868;0;0;sBELA0;? Unchecked;v1.6.0-140-g9a10cc1
roadmap;dimacs;22/600;600;   1267172;   1104888;0;1387;6179814;1332879;223;2778;2.61432;509838;0;0;sBELA0;? Unchecked;v1.6.0-140-g9a10cc1
roadmap;dimacs;23/600;600;   1466216;   1076837;0;1624;6568859;1273314;109;2778;2.54401;500514;0;0;sBELA0;? Unchecked;v1.6.0-140-g9a10cc1
roadmap;dimacs;24/600;600;   1228417;     41268;0;922;1805057;295281;585;2861;0.880894;335206;0;0;sBELA0;? Unchecked;v1.6.0-140-g9a10cc1
roadmap;dimacs;25/600;600;    321340;    192757;0;388;1500713;417025;442;2756;0.865003;482108;0;0;sBELA0;? Unchecked;v1.6.0-140-g9a10cc1
roadmap;dimacs;26/600;600;    965921;   1375640;0;1294;6122653;1631464;1131;2861;3.5008;466026;0;0;sBELA0;? Unchecked;v1.6.0-140-g9a10cc1
roadmap;dimacs;27/600;600;   1657428;    779364;0;1486;5065380;976290;534;2778;2.30481;423589;0;0;sBELA0;? Unchecked;v1.6.0-140-g9a10cc1
roadmap;dimacs;28/600;600;    454410;    618767;0;400;955535;349243;245;2756;0.677316;515628;0;0;sBELA0;? Unchecked;v1.6.0-140-g9a10cc1
roadmap;dimacs;29/600;600;   1453433;   1181632;0;577;3004015;732405;939;2778;1.55208;471887;0;0;sBELA0;? Unchecked;v1.6.0-140-g9a10cc1
roadmap;dimacs;30/600;600;    261444;   1761841;0;459;789911;244656;456;2756;0.577442;423689;0;0;sBELA0;? Unchecked;v1.6.0-140-g9a10cc1
roadmap;dimacs;31/600;600;   1710330;   1308565;0;1239;6157118;1026016;133;2858;2.12115;483708;0;0;sBELA0;? Unchecked;v1.6.0-140-g9a10cc1
roadmap;dimacs;32/600;600;   1622269;    239225;0;1494;3830847;741396;384;2861;1.71543;432191;0;0;sBELA0;? Unchecked;v1.6.0-140-g9a10cc1
roadmap;dimacs;33/600;600;    858782;    835734;0;938;2932314;654812;589;2861;1.51399;432506;0;0;sBELA0;? Unchecked;v1.6.0-140-g9a10cc1
roadmap;dimacs;34/600;600;   1164733;   1686951;0;627;3418609;164370;827;2861;0.553257;297095;0;0;sBELA0;? Unchecked;v1.6.0-140-g9a10cc1
roadmap;dimacs;35/600;600;   1008319;    677177;0;1774;8091641;1823232;749;2861;3.88403;469418;0;0;sBELA0;? Unchecked;v1.6.0-140-g9a10cc1
roadmap;dimacs;36/600;600;   1646034;   1063654;0;1904;9241751;1880585;46;2834;3.63204;517776;0;0;sBELA0;? Unchecked;v1.6.0-140-g9a10cc1
roadmap;dimacs;37/600;600;    682994;   1688601;0;3408;12098040;1873214;32;2870;3.7674;497217;0;0;sBELA0;? Unchecked;v1.6.0-140-g9a10cc1
roadmap;dimacs;38/600;600;    257300;    548822;0;1145;6020893;1343891;204;2778;2.61264;514380;0;0;sBELA0;? Unchecked;v1.6.0-140-g9a10cc1
roadmap;dimacs;39/600;600;   1208113;    169244;0;255;995145;64882;840;2756;0.249786;259750;0;0;sBELA0;? Unchecked;v1.6.0-140-g9a10cc1
roadmap;dimacs;40/600;600;   1226440;   1391278;0;2163;8142718;1513584;100;2861;3.08836;490092;0;0;sBELA0;? Unchecked;v1.6.0-140-g9a10cc1
roadmap;dimacs;41/600;600;    122277;   1128394;0;711;2944789;578845;857;2861;1.38118;419096;0;0;sBELA0;? Unchecked;v1.6.0-140-g9a10cc1
roadmap;dimacs;42/600;600;     66946;   1214669;0;1054;5960110;993087;329;2861;2.17652;456272;0;0;sBELA0;? Unchecked;v1.6.0-140-g9a10cc1
roadmap;dimacs;43/600;600;    299055;   1685578;0;2349;9966149;1826272;21;2834;3.52367;518287;0;0;sBELA0;? Unchecked;v1.6.0-140-g9a10cc1
roadmap;dimacs;44/600;600;   1617239;   1448010;0;1341;4746143;1193373;507;2861;2.56315;465588;0;0;sBELA0;? Unchecked;v1.6.0-140-g9a10cc1
roadmap;dimacs;45/600;600;     88434;    220092;0;811;1922354;437505;347;2756;0.957722;456818;0;0;sBELA0;? Unchecked;v1.6.0-140-g9a10cc1
roadmap;dimacs;46/600;600;    765554;   1136443;0;715;2443549;505663;161;2756;1.06573;474474;0;0;sBELA0;? Unchecked;v1.6.0-140-g9a10cc1
roadmap;dimacs;47/600;600;   1662423;    665304;0;2033;6865222;1533364;41;2823;2.99724;511591;0;0;sBELA0;? Unchecked;v1.6.0-140-g9a10cc1
roadmap;dimacs;48/600;600;    522581;    744644;0;1295;6138082;1094904;116;2789;2.17478;503456;0;0;sBELA0;? Unchecked;v1.6.0-140-g9a10cc1
roadmap;dimacs;49/600;600;    880871;    913237;0;1189;4898789;1074406;1085;2855;2.51821;426654;0;0;sBELA0;? Unchecked;v1.6.0-140-g9a10cc1
roadmap;dimacs;50/600;600;    184031;   1879161;0;1178;5260837;1304915;187;2861;2.5557;510590;0;0;sBELA0;? Unchecked;v1.6.0-140-g9a10cc1
roadmap;dimacs;51/600;600;    638122;   1463354;0;453;1318172;192434;2074;2756;0.610451;315233;0;0;sBELA0;? Unchecked;v1.6.0-140-g9a10cc1
roadmap;dimacs;52/600;600;   1314005;    356552;0;1167;4462632;1035718;263;2789;2.20609;469482;0;0;sBELA0;? Unchecked;v1.6.0-140-g9a10cc1
roadmap;dimacs;53/600;600;     21748;   1031477;0;2543;10681285;1575872;141;2861;3.50874;449128;0;0;sBELA0;? Unchecked;v1.6.0-140-g9a10cc1
roadmap;dimacs;54/600;600;    149376;    488085;0;254;1226817;38036;1240;2861;0.19276;197323;0;0;sBELA0;? Unchecked;v1.6.0-140-g9a10cc1
roadmap;dimacs;55/600;600;   1471925;   1271058;0;444;722924;261469;324;2756;0.510159;512524;0;0;sBELA0;? Unchecked;v1.6.0-140-g9a10cc1
roadmap;dimacs;56/600;600;    531829;    538074;0;1947;7230316;1352017;170;2789;2.92206;462693;0;0;sBELA0;? Unchecked;v1.6.0-140-g9a10cc1
roadmap;dimacs;57/600;600;     65785;   1728556;0;1021;3029764;684545;1646;2870;1.83928;372181;0;0;sBELA0;? Unchecked;v1.6.0-140-g9a10cc1
roadmap;dimacs;58/600;600;   1182648;    947461;0;1103;5480108;1412904;157;2870;2.68298;526617;0;0;sBELA0;? Unchecked;v1.6.0-140-g9a10cc1
roadmap;dimacs;59/600;600;    834369;   1832866;0;1359;6184465;1562161;420;2870;3.22791;483955;0;0;sBELA0;? Unchecked;v1.6.0-140-g9a10cc1
roadmap;dimacs;60/600;600;   1579344;    795855;0;3404;13143910;1884813;76;2870;4.02496;468281;0;0;sBELA0;? Unchecked;v1.6.0-140-g9a10cc1
roadmap;dimacs;61/600;600;    830015;   1296962;0;1350;6488797;1091764;113;2870;2.23478;488533;0;0;sBELA0;? Unchecked;v1.6.0-140-g9a10cc1
roadmap;dimacs;62/600;600;    390249;     22433;0;797;2516018;389755;165;2870;0.939128;415018;0;0;sBELA0;? Unchecked;v1.6.0-140-g9a10cc1
roadmap;dimacs;63/600;600;   1361440;    776903;0;1689;6005883;1683582;1283;2870;3.87295;434703;0;0;sBELA0;? Unchecked;v1.6.0-140-g9a10cc1
roadmap;dimacs;64/600;600;   1526444;    433636;0;452;1090471;298289;613;2756;0.697082;427911;0;0;sBELA0;? Unchecked;v1.6.0-140-g9a10cc1
roadmap;dimacs;65/600;600;    653723;   1649198;0;1797;6702831;1091808;23;2789;2.13034;512503;0;0;sBELA0;? Unchecked;v1.6.0-140-g9a10cc1
roadmap;dimacs;66/600;600;   1848324;   1867145;0;309;2484955;139609;5500;2850;0.698416;199894;0;0;sBELA0;? Unchecked;v1.6.0-140-g9a10cc1
roadmap;dimacs;67/600;600;    556081;   1705850;0;548;1729573;371205;470;2767;0.827777;448436;0;0;sBELA0;? Unchecked;v1.6.0-140-g9a10cc1
roadmap;dimacs;68/600;600;   1041215;   1753708;0;1129;7038451;454427;976;2861;1.45275;312804;0;0;sBELA0;? Unchecked;v1.6.0-140-g9a10cc1
roadmap;dimacs;69/600;600;   1673024;   1341690;0;731;3011732;248397;1028;2861;0.780157;318394;0;0;sBELA0;? Unchecked;v1.6.0-140-g9a10cc1
roadmap;dimacs;70/600;600;   1305038;   1494283;0;1213;5867992;1307027;433;2778;2.69649;484714;0;0;sBELA0;? Unchecked;v1.6.0-140-g9a10cc1
roadmap;dimacs;71/600;600;    989350;    282657;0;1041;5936727;834685;436;2861;1.91911;434934;0;0;sBELA0;? Unchecked;v1.6.0-140-g9a10cc1
roadmap;dimacs;72/600;600;    277177;    414997;0;1575;6899264;1544395;450;2834;3.28141;470649;0;0;sBELA0;? Unchecked;v1.6.0-140-g9a10cc1
roadmap;dimacs;73/600;600;    189385;    632745;0;1377;3513123;886805;24;2870;1.66268;533360;0;0;sBELA0;? Unchecked;v1.6.0-140-g9a10cc1
roadmap;dimacs;74/600;600;   1642632;    169223;0;620;2267239;210156;4054;2870;0.923371;227596;0;0;sBELA0;? Unchecked;v1.6.0-140-g9a10cc1
roadmap;dimacs;75/600;600;   1160966;    638119;0;3042;11495068;1752684;132;2870;3.72389;470659;0;0;sBELA0;? Unchecked;v1.6.0-140-g9a10cc1
roadmap;dimacs;76/600;600;   1759861;   1021392;0;1541;8552521;1723611;225;2834;3.65214;471945;0;0;sBELA0;? Unchecked;v1.6.0-140-g9a10cc1
roadmap;dimacs;77/600;600;    681135;     95876;0;1718;7581386;1397030;737;2789;2.78965;500790;0;0;sBELA0;? Unchecked;v1.6.0-140-g9a10cc1
roadmap;dimacs;78/600;600;    614892;    385398;0;2062;8944930;1779907;293;2834;3.90147;456215;0;0;sBELA0;? Unchecked;v1.6.0-140-g9a10cc1
roadmap;dimacs;79/600;600;   1726489;   1469303;0;2276;9933343;1681385;212;2861;3.81978;440179;0;0;sBELA0;? Unchecked;v1.6.0-140-g9a10cc1
roadmap;dimacs;80/600;600;     52390;    909716;0;599;2589575;399582;956;2861;0.994795;401673;0;0;sBELA0;? Unchecked;v1.6.0-140-g9a10cc1
roadmap;dimacs;81/600;600;   1438544;   1709652;0;740;2861479;459626;424;2861;1.04466;439977;0;0;sBELA0;? Unchecked;v1.6.0-140-g9a10cc1
roadmap;dimacs;82/600;600;   1885245;   1219012;0;968;7657350;1102205;1302;2861;2.52891;435843;0;0;sBELA0;? Unchecked;v1.6.0-140-g9a10cc1
roadmap;dimacs;83/600;600;    474128;    462404;0;1668;6969794;1431924;116;2789;2.8177;508189;0;0;sBELA0;? Unchecked;v1.6.0-140-g9a10cc1
roadmap;dimacs;84/600;600;   1776146;    980278;0;1130;5051400;946730;1392;2789;2.30238;411196;0;0;sBELA0;? Unchecked;v1.6.0-140-g9a10cc1
roadmap;dimacs;85/600;600;   1391963;    468960;0;2005;7717600;1523333;119;2834;3.12412;487604;0;0;sBELA0;? Unchecked;v1.6.0-140-g9a10cc1
roadmap;dimacs;86/600;600;   1052481;    543349;0;2129;9460563;1476548;421;2861;3.54213;416853;0;0;sBELA0;? Unchecked;v1.6.0-140-g9a10cc1
roadmap;dimacs;87/600;600;   1821017;    791672;0;1106;6671348;299886;625;2861;1.12409;266781;0;0;sBELA0;? Unchecked;v1.6.0-140-g9a10cc1
roadmap;dimacs;88/600;600;    135239;   1107730;0;561;1990100;300885;333;2861;0.684924;439297;0;0;sBELA0;? Unchecked;v1.6.0-140-g9a10cc1
roadmap;dimacs;89/600;600;    105712;   1042809;0;1606;8540514;1872635;297;2870;3.76761;497035;0;0;sBELA0;? Unchecked;v1.6.0-140-g9a10cc1
roadmap;dimacs;90/600;600;    269271;     31624;0;1480;5830494;1250369;57;2778;2.3684;527937;0;0;sBELA0;? Unchecked;v1.6.0-140-g9a10cc1
roadmap;dimacs;91/600;600;    711516;   1110978;0;1487;3813668;904665;212;2861;1.95087;463725;0;0;sBELA0;? Unchecked;v1.6.0-140-g9a10cc1
roadmap;dimacs;92/600;600;    129884;   1702774;0;950;2963652;583033;789;2861;1.43539;406184;0;0;sBELA0;? Unchecked;v1.6.0-140-g9a10cc1
roadmap;dimacs;93/600;600;    677739;   1445420;0;334;1111029;236816;6840;2756;1.00447;235761;0;0;sBELA0;? Unchecked;v1.6.0-140-g9a10cc1
roadmap;dimacs;94/600;600;    689436;    132056;0;731;2697666;543796;611;2756;1.22988;442155;0;0;sBELA0;? Unchecked;v1.6.0-140-g9a10cc1
roadmap;dimacs;95/600;600;    172705;   1375271;0;1053;5217377;1399887;513;2870;2.86509;488602;0;0;sBELA0;? Unchecked;v1.6.0-140-g9a10cc1
roadmap;dimacs;96/600;600;   1879024;    843565;0;718;2025990;177736;501;2870;0.608035;292312;0;0;sBELA0;? Unchecked;v1.6.0-140-g9a10cc1
roadmap;dimacs;97/600;600;    594555;   1305211;0;973;1536392;508302;1047;2767;1.27501;398666;0;0;sBELA0;? Unchecked;v1.6.0-140-g9a10cc1
roadmap;dimacs;98/600;600;    338636;    646444;0;1056;2535910;686947;362;2767;1.55632;441393;0;0;sBELA0;? Unchecked;v1.6.0-140-g9a10cc1
roadmap;dimacs;99/600;600;   1834673;    546450;0;1189;5698160;418154;216;2861;1.13209;369366;0;0;sBELA0;? Unchecked;v1.6.0-140-g9a10cc1
roadmap;dimacs;0/700;700;   1158641;   1272769;0;2233;9081429;1219327;347;2861;3.08327;395465;0;0;sBELA0;? Unchecked;v1.6.0-140-g9a10cc1
roadmap;dimacs;1/700;700;     54758;   1370062;0;1522;4088485;768705;636;2861;1.97906;388418;0;0;sBELA0;? Unchecked;v1.6.0-140-g9a10cc1
roadmap;dimacs;2/700;700;    935047;   1190851;0;524;3006915;144950;1988;2861;0.730108;198532;0;0;sBELA0;? Unchecked;v1.6.0-140-g9a10cc1
roadmap;dimacs;3/700;700;    548674;   1730064;0;788;2234953;539807;1394;2756;1.34741;400625;0;0;sBELA0;? Unchecked;v1.6.0-140-g9a10cc1
roadmap;dimacs;4/700;700;    713105;   1135162;0;254;1394836;102647;3817;2840;0.42739;240172;0;0;sBELA0;? Unchecked;v1.6.0-140-g9a10cc1
roadmap;dimacs;5/700;700;   1213983;   1847687;0;1052;5259653;1421304;2545;2861;3.27907;433447;0;0;sBELA0;? Unchecked;v1.6.0-140-g9a10cc1
roadmap;dimacs;6/700;700;   1416819;   1454455;0;557;1388210;484693;618;2756;1.03174;469784;0;0;sBELA0;? Unchecked;v1.6.0-140-g9a10cc1
roadmap;dimacs;7/700;700;   1202525;   1287863;0;926;2205839;492410;268;2870;1.17418;419364;0;0;sBELA0;? Unchecked;v1.6.0-140-g9a10cc1
roadmap;dimacs;8/700;700;    416104;   1824062;0;1267;4704865;913789;1431;2870;2.29883;397502;0;0;sBELA0;? Unchecked;v1.6.0-140-g9a10cc1
roadmap;dimacs;9/700;700;    350612;   1840987;0;1635;9115923;1814806;313;2834;3.77671;480525;0;0;sBELA0;? Unchecked;v1.6.0-140-g9a10cc1
roadmap;dimacs;10/700;700;    581610;   1031954;0;1736;7767779;1449100;262;2870;3.08043;470421;0;0;sBELA0;? Unchecked;v1.6.0-140-g9a10cc1
roadmap;dimacs;11/700;700;    329503;   1179401;0;693;3446574;864614;301;2789;1.78028;485662;0;0;sBELA0;? Unchecked;v1.6.0-140-g9a10cc1
roadmap;dimacs;12/700;700;    480267;    159302;0;1498;7974264;1216767;803;2861;2.82338;430961;0;0;sBELA0;? Unchecked;v1.6.0-140-g9a10cc1
roadmap;dimacs;13/700;700;   1890527;   1576171;0;1615;8709413;1468187;920;2861;3.68752;398150;0;0;sBELA0;? Unchecked;v1.6.0-140-g9a10cc1
roadmap;dimacs;14/700;700;   1743677;    933040;0;967;5426254;1467811;491;2861;3.04355;482269;0;0;sBELA0;? Unchecked;v1.6.0-140-g9a10cc1
roadmap;dimacs;15/700;700;   1460731;   1705524;0;2199;8152787;1618858;55;2834;3.12809;517523;0;0;sBELA0;? Unchecked;v1.6.0-140-g9a10cc1
roadmap;dimacs;16/700;700;    801770;    765171;0;1629;5189101;642314;529;2861;1.88432;340873;0;0;sBELA0;? Unchecked;v1.6.0-140-g9a10cc1
roadmap;dimacs;17/700;700;   1076837;   1604094;0;410;1055340;226991;1085;2756;0.658687;344612;0;0;sBELA0;? Unchecked;v1.6.0-140-g9a10cc1
roadmap;dimacs;18/700;700;   1431544;    194846;0;1547;5259267;998645;544;2855;2.48154;402429;0;0;sBELA0;? Unchecked;v1.6.0-140-g9a10cc1
roadmap;dimacs;19/700;700;   1536202;    632533;0;697;2579295;695391;4066;2861;1.82636;380752;0;0;sBELA0;? Unchecked;v1.6.0-140-g9a10cc1
roadmap;dimacs;20/700;700;    356711;    288578;0;1575;4883713;1146331;190;2870;2.39848;477941;0;0;sBELA0;? Unchecked;v1.6.0-140-g9a10cc1
roadmap;dimacs;21/700;700;   1416275;   1578430;0;456;1177148;414311;9290;2767;1.90873;217061;0;0;sBELA0;? Unchecked;v1.6.0-140-g9a10cc1
roadmap;dimacs;22/700;700;   1267172;   1104888;0;1390;6179819;1332883;254;2778;2.6502;502938;0;0;sBELA0;? Unchecked;v1.6.0-140-g9a10cc1
roadmap;dimacs;23/700;700;   1466216;   1076837;0;1624;6568862;1273315;125;2789;2.57722;494066;0;0;sBELA0;? Unchecked;v1.6.0-140-g9a10cc1
roadmap;dimacs;24/700;700;   1228417;     41268;0;922;1805067;295281;674;2861;0.940094;314097;0;0;sBELA0;? Unchecked;v1.6.0-140-g9a10cc1
roadmap;dimacs;25/700;700;    321340;    192757;0;393;1500730;417031;510;2767;0.882475;472570;0;0;sBELA0;? Unchecked;v1.6.0-140-g9a10cc1
roadmap;dimacs;26/700;700;    965921;   1375640;0;1280;6122665;1631467;1294;2861;3.5576;458586;0;0;sBELA0;? Unchecked;v1.6.0-140-g9a10cc1
roadmap;dimacs;27/700;700;   1657428;    779364;0;1486;5065392;976293;610;2778;2.33867;417456;0;0;sBELA0;? Unchecked;v1.6.0-140-g9a10cc1
roadmap;dimacs;28/700;700;    454410;    618767;0;385;955549;349245;300;2756;0.691674;504927;0;0;sBELA0;? Unchecked;v1.6.0-140-g9a10cc1
roadmap;dimacs;29/700;700;   1453433;   1181632;0;576;3004041;732407;1056;2789;1.57235;465803;0;0;sBELA0;? Unchecked;v1.6.0-140-g9a10cc1
roadmap;dimacs;30/700;700;    261444;   1761841;0;502;789919;244661;518;2756;0.603774;405220;0;0;sBELA0;? Unchecked;v1.6.0-140-g9a10cc1
roadmap;dimacs;31/700;700;   1710330;   1308565;0;1240;6157121;1026016;153;2870;2.16819;473213;0;0;sBELA0;? Unchecked;v1.6.0-140-g9a10cc1
roadmap;dimacs;32/700;700;   1622269;    239225;0;1510;3830851;741397;419;2870;1.75143;423310;0;0;sBELA0;? Unchecked;v1.6.0-140-g9a10cc1
roadmap;dimacs;33/700;700;    858782;    835734;0;942;2932323;654815;673;2870;1.56759;417721;0;0;sBELA0;? Unchecked;v1.6.0-140-g9a10cc1
roadmap;dimacs;34/700;700;   1164733;   1686951;0;636;3418634;164373;994;2870;0.591722;277788;0;0;sBELA0;? Unchecked;v1.6.0-140-g9a10cc1
roadmap;dimacs;35/700;700;   1008319;    677177;0;1773;8091651;1823234;845;2870;3.9802;458076;0;0;sBELA0;? Unchecked;v1.6.0-140-g9a10cc1
roadmap;dimacs;36/700;700;   1646034;   1063654;0;1905;9241752;1880585;54;2834;3.66155;513604;0;0;sBELA0;? Unchecked;v1.6.0-140-g9a10cc1
roadmap;dimacs;37/700;700;    682994;   1688601;0;3405;12098041;1873215;35;2870;3.8095;491723;0;0;sBELA0;? Unchecked;v1.6.0-140-g9a10cc1
roadmap;dimacs;38/700;700;    257300;    548822;0;1147;6020897;1343892;229;2778;2.65869;505471;0;0;sBELA0;? Unchecked;v1.6.0-140-g9a10cc1
roadmap;dimacs;39/700;700;   1208113;    169244;0;264;995166;64885;972;2756;0.267423;242631;0;0;sBELA0;? Unchecked;v1.6.0-140-g9a10cc1
roadmap;dimacs;40/700;700;   1226440;   1391278;0;2166;8142720;1513584;112;2861;3.13203;483260;0;0;sBELA0;? Unchecked;v1.6.0-140-g9a10cc1
roadmap;dimacs;41/700;700;    122277;   1128394;0;717;2944805;578853;971;2861;1.43394;403680;0;0;sBELA0;? Unchecked;v1.6.0-140-g9a10cc1
roadmap;dimacs;42/700;700;     66946;   1214669;0;1056;5960118;993087;378;2861;2.24145;443056;0;0;sBELA0;? Unchecked;v1.6.0-140-g9a10cc1
roadmap;dimacs;43/700;700;    299055;   1685578;0;2346;9966150;1826272;23;2834;3.54022;515865;0;0;sBELA0;? Unchecked;v1.6.0-140-g9a10cc1
roadmap;dimacs;44/700;700;   1617239;   1448010;0;1339;4746148;1193376;567;2861;2.60798;457587;0;0;sBELA0;? Unchecked;v1.6.0-140-g9a10cc1
roadmap;dimacs;45/700;700;     88434;    220092;0;811;1922362;437508;393;2756;0.98873;442495;0;0;sBELA0;? Unchecked;v1.6.0-140-g9a10cc1
roadmap;dimacs;46/700;700;    765554;   1136443;0;715;2443555;505665;181;2756;1.10175;458967;0;0;sBELA0;? Unchecked;v1.6.0-140-g9a10cc1
roadmap;dimacs;47/700;700;   1662423;    665304;0;2029;6865222;1533364;42;2823;3.03404;505387;0;0;sBELA0;? Unchecked;v1.6.0-140-g9a10cc1
roadmap;dimacs;48/700;700;    522581;    744644;0;1296;6138085;1094906;130;2789;2.18633;500796;0;0;sBELA0;? Unchecked;v1.6.0-140-g9a10cc1
roadmap;dimacs;49/700;700;    880871;    913237;0;1191;4898804;1074412;1270;2855;2.60327;412716;0;0;sBELA0;? Unchecked;v1.6.0-140-g9a10cc1
roadmap;dimacs;50/700;700;    184031;   1879161;0;1178;5260848;1304915;220;2861;2.58516;504771;0;0;sBELA0;? Unchecked;v1.6.0-140-g9a10cc1
roadmap;dimacs;51/700;700;    638122;   1463354;0;450;1318231;192458;2476;2756;0.666948;288565;0;0;sBELA0;? Unchecked;v1.6.0-140-g9a10cc1
roadmap;dimacs;52/700;700;   1314005;    356552;0;1167;4462638;1035720;304;2789;2.25909;458467;0;0;sBELA0;? Unchecked;v1.6.0-140-g9a10cc1
roadmap;dimacs;53/700;700;     21748;   1031477;0;2541;10681288;1575872;164;2861;3.581;440065;0;0;sBELA0;? Unchecked;v1.6.0-140-g9a10cc1
roadmap;dimacs;54/700;700;    149376;    488085;0;256;1226838;38037;1350;2861;0.206132;184527;0;0;sBELA0;? Unchecked;v1.6.0-140-g9a10cc1
roadmap;dimacs;55/700;700;   1471925;   1271058;0;443;722934;261473;361;2756;0.52367;499309;0;0;sBELA0;? Unchecked;v1.6.0-140-g9a10cc1
roadmap;dimacs;56/700;700;    531829;    538074;0;1938;7230319;1352017;190;2789;2.99867;450872;0;0;sBELA0;? Unchecked;v1.6.0-140-g9a10cc1
roadmap;dimacs;57/700;700;     65785;   1728556;0;1019;3029782;684549;1918;2870;1.9443;352079;0;0;sBELA0;? Unchecked;v1.6.0-140-g9a10cc1
roadmap;dimacs;58/700;700;   1182648;    947461;0;1107;5480117;1412905;179;2870;2.7142;520561;0;0;sBELA0;? Unchecked;v1.6.0-140-g9a10cc1
roadmap;dimacs;59/700;700;    834369;   1832866;0;1355;6184471;1562161;475;2870;3.28798;475113;0;0;sBELA0;? Unchecked;v1.6.0-140-g9a10cc1
roadmap;dimacs;60/700;700;   1579344;    795855;0;3403;13143912;1884813;84;2870;4.12351;457089;0;0;sBELA0;? Unchecked;v1.6.0-140-g9a10cc1
roadmap;dimacs;61/700;700;    830015;   1296962;0;1350;6488800;1091764;131;2756;2.2796;478928;0;0;sBELA0;? Unchecked;v1.6.0-140-g9a10cc1
roadmap;dimacs;62/700;700;    390249;     22433;0;797;2516028;389760;202;2861;0.993545;392292;0;0;sBELA0;? Unchecked;v1.6.0-140-g9a10cc1
roadmap;dimacs;63/700;700;   1361440;    776903;0;1691;6005896;1683585;1474;2861;4.00206;420679;0;0;sBELA0;? Unchecked;v1.6.0-140-g9a10cc1
roadmap;dimacs;64/700;700;   1526444;    433636;0;450;1090495;298307;708;2756;0.72678;410450;0;0;sBELA0;? Unchecked;v1.6.0-140-g9a10cc1
roadmap;dimacs;65/700;700;    653723;   1649198;0;1799;6702832;1091808;27;2789;2.13485;511422;0;0;sBELA0;? Unchecked;v1.6.0-140-g9a10cc1
roadmap;dimacs;66/700;700;   1848324;   1867145;0;306;2485107;139629;6315;2850;0.760095;183699;0;0;sBELA0;? Unchecked;v1.6.0-140-g9a10cc1
roadmap;dimacs;67/700;700;    556081;   1705850;0;544;1729588;371210;542;2767;0.850255;436587;0;0;sBELA0;? Unchecked;v1.6.0-140-g9a10cc1
roadmap;dimacs;68/700;700;   1041215;   1753708;0;1139;7038465;454428;1115;2861;1.55136;292923;0;0;sBELA0;? Unchecked;v1.6.0-140-g9a10cc1
roadmap;dimacs;69/700;700;   1673024;   1341690;0;732;3011752;248401;1237;2861;0.841992;295016;0;0;sBELA0;? Unchecked;v1.6.0-140-g9a10cc1
roadmap;dimacs;70/700;700;   1305038;   1494283;0;1212;5867997;1307027;490;2778;2.761;473389;0;0;sBELA0;? Unchecked;v1.6.0-140-g9a10cc1
roadmap;dimacs;71/700;700;    989350;    282657;0;1041;5936742;834703;515;2861;1.96406;424988;0;0;sBELA0;? Unchecked;v1.6.0-140-g9a10cc1
roadmap;dimacs;72/700;700;    277177;    414997;0;1576;6899271;1544397;508;2834;3.35623;460158;0;0;sBELA0;? Unchecked;v1.6.0-140-g9a10cc1
roadmap;dimacs;73/700;700;    189385;    632745;0;1377;3513128;886806;29;2870;1.6803;527767;0;0;sBELA0;? Unchecked;v1.6.0-140-g9a10cc1
roadmap;dimacs;74/700;700;   1642632;    169223;0;624;2267285;210175;4747;2870;1.01253;207574;0;0;sBELA0;? Unchecked;v1.6.0-140-g9a10cc1
roadmap;dimacs;75/700;700;   1160966;    638119;0;3043;11495070;1752685;155;2870;3.80257;460921;0;0;sBELA0;? Unchecked;v1.6.0-140-g9a10cc1
roadmap;dimacs;76/700;700;   1759861;   1021392;0;1548;8552524;1723611;253;2834;3.71008;464576;0;0;sBELA0;? Unchecked;v1.6.0-140-g9a10cc1
roadmap;dimacs;77/700;700;    681135;     95876;0;1718;7581392;1397034;817;2789;2.84452;491132;0;0;sBELA0;? Unchecked;v1.6.0-140-g9a10cc1
roadmap;dimacs;78/700;700;    614892;    385398;0;2066;8944935;1779907;328;2834;3.99606;445416;0;0;sBELA0;? Unchecked;v1.6.0-140-g9a10cc1
roadmap;dimacs;79/700;700;   1726489;   1469303;0;2277;9933348;1681385;244;2861;3.91699;429254;0;0;sBELA0;? Unchecked;v1.6.0-140-g9a10cc1
roadmap;dimacs;80/700;700;     52390;    909716;0;597;2589598;399592;1099;2861;1.03618;385640;0;0;sBELA0;? Unchecked;v1.6.0-140-g9a10cc1
roadmap;dimacs;81/700;700;   1438544;   1709652;0;739;2861483;459628;484;2861;1.08181;424868;0;0;sBELA0;? Unchecked;v1.6.0-140-g9a10cc1
roadmap;dimacs;82/700;700;   1885245;   1219012;0;963;7657377;1102231;1541;2861;2.6178;421053;0;0;sBELA0;? Unchecked;v1.6.0-140-g9a10cc1
roadmap;dimacs;83/700;700;    474128;    462404;0;1666;6969797;1431925;131;2789;2.85253;501984;0;0;sBELA0;? Unchecked;v1.6.0-140-g9a10cc1
roadmap;dimacs;84/700;700;   1776146;    980278;0;1131;5051429;946738;1825;2789;2.43995;388016;0;0;sBELA0;? Unchecked;v1.6.0-140-g9a10cc1
roadmap;dimacs;85/700;700;   1391963;    468960;0;2006;7717604;1523335;140;2834;3.19527;476747;0;0;sBELA0;? Unchecked;v1.6.0-140-g9a10cc1
roadmap;dimacs;86/700;700;   1052481;    543349;0;2133;9460566;1476548;464;2861;3.64593;404985;0;0;sBELA0;? Unchecked;v1.6.0-140-g9a10cc1
roadmap;dimacs;87/700;700;   1821017;    791672;0;1101;6671358;299886;718;2861;1.20578;248707;0;0;sBELA0;? Unchecked;v1.6.0-140-g9a10cc1
roadmap;dimacs;88/700;700;    135239;   1107730;0;559;1990104;300886;371;2861;0.711267;423028;0;0;sBELA0;? Unchecked;v1.6.0-140-g9a10cc1
roadmap;dimacs;89/700;700;    105712;   1042809;0;1608;8540520;1872635;343;2870;3.81566;490777;0;0;sBELA0;? Unchecked;v1.6.0-140-g9a10cc1
roadmap;dimacs;90/700;700;    269271;     31624;0;1481;5830496;1250369;64;2780;2.38135;525067;0;0;sBELA0;? Unchecked;v1.6.0-140-g9a10cc1
roadmap;dimacs;91/700;700;    711516;   1110978;0;1485;3813671;904665;237;2870;2.00349;451545;0;0;sBELA0;? Unchecked;v1.6.0-140-g9a10cc1
roadmap;dimacs;92/700;700;    129884;   1702774;0;937;2963665;583040;913;2870;1.49847;389091;0;0;sBELA0;? Unchecked;v1.6.0-140-g9a10cc1
roadmap;dimacs;93/700;700;    677739;   1445420;0;325;1111109;236842;7853;2756;1.11219;212952;0;0;sBELA0;? Unchecked;v1.6.0-140-g9a10cc1
roadmap;dimacs;94/700;700;    689436;    132056;0;728;2697678;543800;702;2756;1.26792;428893;0;0;sBELA0;? Unchecked;v1.6.0-140-g9a10cc1
roadmap;dimacs;95/700;700;    172705;   1375271;0;1061;5217389;1399889;604;2870;2.91371;480449;0;0;sBELA0;? Unchecked;v1.6.0-140-g9a10cc1
roadmap;dimacs;96/700;700;   1879024;    843565;0;721;2025994;177737;561;2870;0.63457;280091;0;0;sBELA0;? Unchecked;v1.6.0-140-g9a10cc1
roadmap;dimacs;97/700;700;    594555;   1305211;0;973;1536400;508306;1170;2767;1.33393;381060;0;0;sBELA0;? Unchecked;v1.6.0-140-g9a10cc1
roadmap;dimacs;98/700;700;    338636;    646444;0;1056;2535918;686951;406;2767;1.60442;428162;0;0;sBELA0;? Unchecked;v1.6.0-140-g9a10cc1
roadmap;dimacs;99/700;700;   1834673;    546450;0;1200;5698166;418155;247;2861;1.16748;358167;0;0;sBELA0;? Unchecked;v1.6.0-140-g9a10cc1
roadmap;dimacs;0/800;800;   1158641;   1272769;0;2208;9081431;1219329;378;2861;3.15287;386736;0;0;sBELA0;? Unchecked;v1.6.0-140-g9a10cc1
roadmap;dimacs;1/800;800;     54758;   1370062;0;1528;4088490;768705;702;2861;2.04842;375268;0;0;sBELA0;? Unchecked;v1.6.0-140-g9a10cc1
roadmap;dimacs;2/800;800;    935047;   1190851;0;525;3006953;144952;2272;2861;0.796621;181959;0;0;sBELA0;? Unchecked;v1.6.0-140-g9a10cc1
roadmap;dimacs;3/800;800;    548674;   1730064;0;788;2234963;539808;1507;2756;1.36994;394038;0;0;sBELA0;? Unchecked;v1.6.0-140-g9a10cc1
roadmap;dimacs;4/800;800;    713105;   1135162;0;263;1394897;102654;4355;2840;0.453213;226503;0;0;sBELA0;? Unchecked;v1.6.0-140-g9a10cc1
roadmap;dimacs;5/800;800;   1213983;   1847687;0;1057;5259674;1421309;2908;2861;3.4032;417640;0;0;sBELA0;? Unchecked;v1.6.0-140-g9a10cc1
roadmap;dimacs;6/800;800;   1416819;   1454455;0;589;1388223;484695;686;2756;1.06432;455404;0;0;sBELA0;? Unchecked;v1.6.0-140-g9a10cc1
roadmap;dimacs;7/800;800;   1202525;   1287863;0;930;2205845;492413;298;2870;1.20873;407382;0;0;sBELA0;? Unchecked;v1.6.0-140-g9a10cc1
roadmap;dimacs;8/800;800;    416104;   1824062;0;1271;4704877;913789;1621;2870;2.39064;382237;0;0;sBELA0;? Unchecked;v1.6.0-140-g9a10cc1
roadmap;dimacs;9/800;800;    350612;   1840987;0;1624;9115931;1814806;346;2834;3.82936;473919;0;0;sBELA0;? Unchecked;v1.6.0-140-g9a10cc1
roadmap;dimacs;10/800;800;    581610;   1031954;0;1736;7767783;1449100;288;2870;3.14036;461443;0;0;sBELA0;? Unchecked;v1.6.0-140-g9a10cc1
roadmap;dimacs;11/800;800;    329503;   1179401;0;687;3446581;864615;333;2789;1.81237;477063;0;0;sBELA0;? Unchecked;v1.6.0-140-g9a10cc1
roadmap;dimacs;12/800;800;    480267;    159302;0;1504;7974274;1216770;908;2861;2.91367;417608;0;0;sBELA0;? Unchecked;v1.6.0-140-g9a10cc1
roadmap;dimacs;13/800;800;   1890527;   1576171;0;1619;8709428;1468192;1046;2861;3.78097;388311;0;0;sBELA0;? Unchecked;v1.6.0-140-g9a10cc1
roadmap;dimacs;14/800;800;   1743677;    933040;0;966;5426256;1467811;532;2861;3.07631;477133;0;0;sBELA0;? Unchecked;v1.6.0-140-g9a10cc1
roadmap;dimacs;15/800;800;   1460731;   1705524;0;2201;8152789;1618858;65;2834;3.14998;513927;0;0;sBELA0;? Unchecked;v1.6.0-140-g9a10cc1
roadmap;dimacs;16/800;800;    801770;    765171;0;1633;5189108;642316;587;2861;1.96527;326833;0;0;sBELA0;? Unchecked;v1.6.0-140-g9a10cc1
roadmap;dimacs;17/800;800;   1076837;   1604094;0;408;1055356;226993;1222;2756;0.695696;326282;0;0;sBELA0;? Unchecked;v1.6.0-140-g9a10cc1
roadmap;dimacs;18/800;800;   1431544;    194846;0;1539;5259272;998646;597;2855;2.5792;387192;0;0;sBELA0;? Unchecked;v1.6.0-140-g9a10cc1
roadmap;dimacs;19/800;800;   1536202;    632533;0;696;2579337;695400;4656;2861;1.92838;360614;0;0;sBELA0;? Unchecked;v1.6.0-140-g9a10cc1
roadmap;dimacs;20/800;800;    356711;    288578;0;1570;4883717;1146333;210;2870;2.4354;470696;0;0;sBELA0;? Unchecked;v1.6.0-140-g9a10cc1
roadmap;dimacs;21/800;800;   1416275;   1578430;0;454;1177192;414323;10604;2767;2.11713;195700;0;0;sBELA0;? Unchecked;v1.6.0-140-g9a10cc1
roadmap;dimacs;22/800;800;   1267172;   1104888;0;1389;6179822;1332883;280;2778;2.68568;496293;0;0;sBELA0;? Unchecked;v1.6.0-140-g9a10cc1
roadmap;dimacs;23/800;800;   1466216;   1076837;0;1627;6568863;1273315;136;2789;2.61618;486707;0;0;sBELA0;? Unchecked;v1.6.0-140-g9a10cc1
roadmap;dimacs;24/800;800;   1228417;     41268;0;922;1805074;295282;748;2861;1.00006;295264;0;0;sBELA0;? Unchecked;v1.6.0-140-g9a10cc1
roadmap;dimacs;25/800;800;    321340;    192757;0;387;1500750;417038;576;2767;0.902608;462037;0;0;sBELA0;? Unchecked;v1.6.0-140-g9a10cc1
roadmap;dimacs;26/800;800;    965921;   1375640;0;1293;6122677;1631472;1477;2861;3.62666;449855;0;0;sBELA0;? Unchecked;v1.6.0-140-g9a10cc1
roadmap;dimacs;27/800;800;   1657428;    779364;0;1485;5065400;976294;676;2778;2.41447;404351;0;0;sBELA0;? Unchecked;v1.6.0-140-g9a10cc1
roadmap;dimacs;28/800;800;    454410;    618767;0;399;955561;349252;343;2756;0.709671;492132;0;0;sBELA0;? Unchecked;v1.6.0-140-g9a10cc1
roadmap;dimacs;29/800;800;   1453433;   1181632;0;575;3004065;732409;1207;2789;1.60626;455970;0;0;sBELA0;? Unchecked;v1.6.0-140-g9a10cc1
roadmap;dimacs;30/800;800;    261444;   1761841;0;500;789926;244663;573;2756;0.632062;387087;0;0;sBELA0;? Unchecked;v1.6.0-140-g9a10cc1
roadmap;dimacs;31/800;800;   1710330;   1308565;0;1238;6157125;1026016;173;2870;2.21279;463676;0;0;sBELA0;? Unchecked;v1.6.0-140-g9a10cc1
roadmap;dimacs;32/800;800;   1622269;    239225;0;1504;3830855;741398;464;2870;1.79495;413047;0;0;sBELA0;? Unchecked;v1.6.0-140-g9a10cc1
roadmap;dimacs;33/800;800;    858782;    835734;0;942;2932332;654820;747;2870;1.61581;405257;0;0;sBELA0;? Unchecked;v1.6.0-140-g9a10cc1
roadmap;dimacs;34/800;800;   1164733;   1686951;0;636;3418662;164377;1209;2870;0.646527;254246;0;0;sBELA0;? Unchecked;v1.6.0-140-g9a10cc1
roadmap;dimacs;35/800;800;   1008319;    677177;0;1777;8091661;1823237;921;2870;4.07215;447733;0;0;sBELA0;? Unchecked;v1.6.0-140-g9a10cc1
roadmap;dimacs;36/800;800;   1646034;   1063654;0;1905;9241753;1880585;61;2836;3.68698;510061;0;0;sBELA0;? Unchecked;v1.6.0-140-g9a10cc1
roadmap;dimacs;37/800;800;    682994;   1688601;0;3407;12098042;1873215;38;2872;3.85604;485787;0;0;sBELA0;? Unchecked;v1.6.0-140-g9a10cc1
roadmap;dimacs;38/800;800;    257300;    548822;0;1147;6020901;1343895;250;2779;2.69897;497929;0;0;sBELA0;? Unchecked;v1.6.0-140-g9a10cc1
roadmap;dimacs;39/800;800;   1208113;    169244;0;263;995180;64885;1084;2756;0.286931;226134;0;0;sBELA0;? Unchecked;v1.6.0-140-g9a10cc1
roadmap;dimacs;40/800;800;   1226440;   1391278;0;2163;8142722;1513584;125;2861;3.17809;476257;0;0;sBELA0;? Unchecked;v1.6.0-140-g9a10cc1
roadmap;dimacs;41/800;800;    122277;   1128394;0;723;2944817;578855;1079;2861;1.49257;387823;0;0;sBELA0;? Unchecked;v1.6.0-140-g9a10cc1
roadmap;dimacs;42/800;800;     66946;   1214669;0;1055;5960125;993088;420;2861;2.30542;430762;0;0;sBELA0;? Unchecked;v1.6.0-140-g9a10cc1
roadmap;dimacs;43/800;800;    299055;   1685578;0;2347;9966152;1826272;26;2834;3.56479;512308;0;0;sBELA0;? Unchecked;v1.6.0-140-g9a10cc1
roadmap;dimacs;44/800;800;   1617239;   1448010;0;1338;4746153;1193381;636;2861;2.67641;445889;0;0;sBELA0;? Unchecked;v1.6.0-140-g9a10cc1
roadmap;dimacs;45/800;800;     88434;    220092;0;812;1922368;437511;439;2756;1.01851;429562;0;0;sBELA0;? Unchecked;v1.6.0-140-g9a10cc1
roadmap;dimacs;46/800;800;    765554;   1136443;0;715;2443562;505668;209;2756;1.15204;438934;0;0;sBELA0;? Unchecked;v1.6.0-140-g9a10cc1
roadmap;dimacs;47/800;800;   1662423;    665304;0;2028;6865223;1533364;48;2823;3.05088;502597;0;0;sBELA0;? Unchecked;v1.6.0-140-g9a10cc1
roadmap;dimacs;48/800;800;    522581;    744644;0;1295;6138088;1094907;146;2789;2.20835;495803;0;0;sBELA0;? Unchecked;v1.6.0-140-g9a10cc1
roadmap;dimacs;49/800;800;    880871;    913237;0;1191;4898816;1074417;1436;2855;2.69038;399355;0;0;sBELA0;? Unchecked;v1.6.0-140-g9a10cc1
roadmap;dimacs;50/800;800;    184031;   1879161;0;1178;5260855;1304917;248;2861;2.61262;499467;0;0;sBELA0;? Unchecked;v1.6.0-140-g9a10cc1
roadmap;dimacs;51/800;800;    638122;   1463354;0;436;1318277;192477;2803;2756;0.717298;268336;0;0;sBELA0;? Unchecked;v1.6.0-140-g9a10cc1
roadmap;dimacs;52/800;800;   1314005;    356552;0;1172;4462643;1035720;337;2789;2.29592;451114;0;0;sBELA0;? Unchecked;v1.6.0-140-g9a10cc1
roadmap;dimacs;53/800;800;     21748;   1031477;0;2539;10681292;1575872;186;2861;3.67104;429272;0;0;sBELA0;? Unchecked;v1.6.0-140-g9a10cc1
roadmap;dimacs;54/800;800;    149376;    488085;0;256;1226904;38043;1582;2861;0.221609;171667;0;0;sBELA0;? Unchecked;v1.6.0-140-g9a10cc1
roadmap;dimacs;55/800;800;   1471925;   1271058;0;441;722946;261480;417;2756;0.538812;485290;0;0;sBELA0;? Unchecked;v1.6.0-140-g9a10cc1
roadmap;dimacs;56/800;800;    531829;    538074;0;1945;7230323;1352017;209;2789;3.06945;440475;0;0;sBELA0;? Unchecked;v1.6.0-140-g9a10cc1
roadmap;dimacs;57/800;800;     65785;   1728556;0;1021;3029798;684551;2169;2870;2.04289;335090;0;0;sBELA0;? Unchecked;v1.6.0-140-g9a10cc1
roadmap;dimacs;58/800;800;   1182648;    947461;0;1104;5480125;1412906;203;2870;2.74104;515463;0;0;sBELA0;? Unchecked;v1.6.0-140-g9a10cc1
roadmap;dimacs;59/800;800;    834369;   1832866;0;1355;6184477;1562161;531;2870;3.34522;466982;0;0;sBELA0;? Unchecked;v1.6.0-140-g9a10cc1
roadmap;dimacs;60/800;800;   1579344;    795855;0;3397;13143914;1884813;94;2870;4.21863;446783;0;0;sBELA0;? Unchecked;v1.6.0-140-g9a10cc1
roadmap;dimacs;61/800;800;    830015;   1296962;0;1351;6488802;1091764;146;2887;2.31829;470934;0;0;sBELA0;? Unchecked;v1.6.0-140-g9a10cc1
roadmap;dimacs;62/800;800;    390249;     22433;0;793;2516052;389766;245;2756;1.00848;386489;0;0;sBELA0;? Unchecked;v1.6.0-140-g9a10cc1
roadmap;dimacs;63/800;800;   1361440;    776903;0;1690;6005906;1683586;1629;2861;4.13175;407475;0;0;sBELA0;? Unchecked;v1.6.0-140-g9a10cc1
roadmap;dimacs;64/800;800;   1526444;    433636;0;454;1090514;298326;799;2756;0.755375;394938;0;0;sBELA0;? Unchecked;v1.6.0-140-g9a10cc1
roadmap;dimacs;65/800;800;    653723;   1649198;0;1798;6702833;1091808;29;2789;2.14606;508749;0;0;sBELA0;? Unchecked;v1.6.0-140-g9a10cc1
roadmap;dimacs;66/800;800;   1848324;   1867145;0;311;2485232;139638;7134;2850;0.830002;168238;0;0;sBELA0;? Unchecked;v1.6.0-140-g9a10cc1
roadmap;dimacs;67/800;800;    556081;   1705850;0;549;1729601;371216;603;2767;0.87858;422518;0;0;sBELA0;? Unchecked;v1.6.0-140-g9a10cc1
roadmap;dimacs;68/800;800;   1041215;   1753708;0;1139;7038479;454435;1257;2861;1.61045;282179;0;0;sBELA0;? Unchecked;v1.6.0-140-g9a10cc1
roadmap;dimacs;69/800;800;   1673024;   1341690;0;732;3011769;248409;1459;2861;0.904368;274677;0;0;sBELA0;? Unchecked;v1.6.0-140-g9a10cc1
roadmap;dimacs;70/800;800;   1305038;   1494283;0;1215;5868002;1307029;541;2778;2.82085;463345;0;0;sBELA0;? Unchecked;v1.6.0-140-g9a10cc1
roadmap;dimacs;71/800;800;    989350;    282657;0;1041;5936750;834710;580;2861;2.00839;415612;0;0;sBELA0;? Unchecked;v1.6.0-140-g9a10cc1
roadmap;dimacs;72/800;800;    277177;    414997;0;1577;6899276;1544397;554;2834;3.43626;449441;0;0;sBELA0;? Unchecked;v1.6.0-140-g9a10cc1
roadmap;dimacs;73/800;800;    189385;    632745;0;1377;3513145;886810;34;2870;1.69503;523181;0;0;sBELA0;? Unchecked;v1.6.0-140-g9a10cc1
roadmap;dimacs;74/800;800;   1642632;    169223;0;621;2267324;210187;5448;2870;1.11331;188794;0;0;sBELA0;? Unchecked;v1.6.0-140-g9a10cc1
roadmap;dimacs;75/800;800;   1160966;    638119;0;3041;11495072;1752686;171;2870;3.87787;451972;0;0;sBELA0;? Unchecked;v1.6.0-140-g9a10cc1
roadmap;dimacs;76/800;800;   1759861;   1021392;0;1541;8552527;1723612;282;2834;3.77372;456741;0;0;sBELA0;? Unchecked;v1.6.0-140-g9a10cc1
roadmap;dimacs;77/800;800;    681135;     95876;0;1719;7581397;1397037;884;2789;2.89176;483110;0;0;sBELA0;? Unchecked;v1.6.0-140-g9a10cc1
roadmap;dimacs;78/800;800;    614892;    385398;0;2066;8944938;1779907;360;2834;4.08094;436152;0;0;sBELA0;? Unchecked;v1.6.0-140-g9a10cc1
roadmap;dimacs;79/800;800;   1726489;   1469303;0;2269;9933352;1681386;279;2861;4.01981;418275;0;0;sBELA0;? Unchecked;v1.6.0-140-g9a10cc1
roadmap;dimacs;80/800;800;     52390;    909716;0;598;2589620;399601;1227;2861;1.07673;371126;0;0;sBELA0;? Unchecked;v1.6.0-140-g9a10cc1
roadmap;dimacs;81/800;800;   1438544;   1709652;0;740;2861487;459630;537;2861;1.11141;413554;0;0;sBELA0;? Unchecked;v1.6.0-140-g9a10cc1
roadmap;dimacs;82/800;800;   1885245;   1219012;0;971;7657399;1102253;1769;2861;2.71704;405681;0;0;sBELA0;? Unchecked;v1.6.0-140-g9a10cc1
roadmap;dimacs;83/800;800;    474128;    462404;0;1665;6969800;1431926;146;2789;2.89443;494717;0;0;sBELA0;? Unchecked;v1.6.0-140-g9a10cc1
roadmap;dimacs;84/800;800;   1776146;    980278;0;1132;5051448;946739;2132;2789;2.53527;373427;0;0;sBELA0;? Unchecked;v1.6.0-140-g9a10cc1
roadmap;dimacs;85/800;800;   1391963;    468960;0;2006;7717607;1523336;160;2834;3.27593;465009;0;0;sBELA0;? Unchecked;v1.6.0-140-g9a10cc1
roadmap;dimacs;86/800;800;   1052481;    543349;0;2134;9460570;1476550;507;2861;3.74295;394488;0;0;sBELA0;? Unchecked;v1.6.0-140-g9a10cc1
roadmap;dimacs;87/800;800;   1821017;    791672;0;1103;6671367;299886;788;2861;1.25716;238542;0;0;sBELA0;? Unchecked;v1.6.0-140-g9a10cc1
roadmap;dimacs;88/800;800;    135239;   1107730;0;563;1990107;300888;408;2861;0.74044;406364;0;0;sBELA0;? Unchecked;v1.6.0-140-g9a10cc1
roadmap;dimacs;89/800;800;    105712;   1042809;0;1613;8540525;1872636;381;2870;3.86247;484829;0;0;sBELA0;? Unchecked;v1.6.0-140-g9a10cc1
roadmap;dimacs;90/800;800;    269271;     31624;0;1476;5830497;1250371;70;2785;2.40356;520216;0;0;sBELA0;? Unchecked;v1.6.0-140-g9a10cc1
roadmap;dimacs;91/800;800;    711516;   1110978;0;1488;3813675;904666;271;2875;2.06131;438878;0;0;sBELA0;? Unchecked;v1.6.0-140-g9a10cc1
roadmap;dimacs;92/800;800;    129884;   1702774;0;943;2963675;583041;1023;2875;1.55628;374638;0;0;sBELA0;? Unchecked;v1.6.0-140-g9a10cc1
roadmap;dimacs;93/800;800;    677739;   1445420;0;332;1111178;236871;8835;2756;1.22011;194139;0;0;sBELA0;? Unchecked;v1.6.0-140-g9a10cc1
roadmap;dimacs;94/800;800;    689436;    132056;0;727;2697688;543800;792;2756;1.30611;416352;0;0;sBELA0;? Unchecked;v1.6.0-140-g9a10cc1
roadmap;dimacs;95/800;800;    172705;   1375271;0;1039;5217398;1399889;663;2870;2.9605;472855;0;0;sBELA0;? Unchecked;v1.6.0-140-g9a10cc1
roadmap;dimacs;96/800;800;   1879024;    843565;0;720;2025998;177739;605;2870;0.655243;271257;0;0;sBELA0;? Unchecked;v1.6.0-140-g9a10cc1
roadmap;dimacs;97/800;800;    594555;   1305211;0;968;1536409;508307;1280;2767;1.39389;364668;0;0;sBELA0;? Unchecked;v1.6.0-140-g9a10cc1
roadmap;dimacs;98/800;800;    338636;    646444;0;1056;2535926;686953;450;2767;1.66201;413327;0;0;sBELA0;? Unchecked;v1.6.0-140-g9a10cc1
roadmap;dimacs;99/800;800;   1834673;    546450;0;1195;5698174;418155;277;2861;1.21131;345208;0;0;sBELA0;? Unchecked;v1.6.0-140-g9a10cc1
roadmap;dimacs;0/900;900;   1158641;   1272769;0;2205;9081433;1219330;403;2861;3.23988;376350;0;0;sBELA0;? Unchecked;v1.6.0-140-g9a10cc1
roadmap;dimacs;1/900;900;     54758;   1370062;0;1527;4088494;768706;759;2861;2.1193;362718;0;0;sBELA0;? Unchecked;v1.6.0-140-g9a10cc1
roadmap;dimacs;2/900;900;    935047;   1190851;0;525;3006984;144954;2541;2861;0.856749;169191;0;0;sBELA0;? Unchecked;v1.6.0-140-g9a10cc1
roadmap;dimacs;3/900;900;    548674;   1730064;0;788;2234976;539810;1665;2756;1.41079;382630;0;0;sBELA0;? Unchecked;v1.6.0-140-g9a10cc1
roadmap;dimacs;4/900;900;    713105;   1135162;0;263;1394952;102657;4896;2840;0.488098;210321;0;0;sBELA0;? Unchecked;v1.6.0-140-g9a10cc1
roadmap;dimacs;5/900;900;   1213983;   1847687;0;1054;5259692;1421313;3245;2861;3.51648;404187;0;0;sBELA0;? Unchecked;v1.6.0-140-g9a10cc1
roadmap;dimacs;6/900;900;   1416819;   1454455;0;558;1388235;484699;760;2756;1.09899;441041;0;0;sBELA0;? Unchecked;v1.6.0-140-g9a10cc1
roadmap;dimacs;7/900;900;   1202525;   1287863;0;925;2205850;492415;333;2870;1.23772;397840;0;0;sBELA0;? Unchecked;v1.6.0-140-g9a10cc1
roadmap;dimacs;8/900;900;    416104;   1824062;0;1266;4704890;913791;1816;2870;2.47905;368605;0;0;sBELA0;? Unchecked;v1.6.0-140-g9a10cc1
roadmap;dimacs;9/900;900;    350612;   1840987;0;1636;9115940;1814807;390;2834;3.86866;469105;0;0;sBELA0;? Unchecked;v1.6.0-140-g9a10cc1
roadmap;dimacs;10/900;900;    581610;   1031954;0;1737;7767787;1449100;310;2870;3.19326;453800;0;0;sBELA0;? Unchecked;v1.6.0-140-g9a10cc1
roadmap;dimacs;11/900;900;    329503;   1179401;0;687;3446587;864615;366;2789;1.84786;467900;0;0;sBELA0;? Unchecked;v1.6.0-140-g9a10cc1
roadmap;dimacs;12/900;900;    480267;    159302;0;1503;7974283;1216771;1009;2861;3.007;404646;0;0;sBELA0;? Unchecked;v1.6.0-140-g9a10cc1
roadmap;dimacs;13/900;900;   1890527;   1576171;0;1620;8709438;1468196;1151;2861;3.88121;378283;0;0;sBELA0;? Unchecked;v1.6.0-140-g9a10cc1
roadmap;dimacs;14/900;900;   1743677;    933040;0;969;5426260;1467814;577;2861;3.11904;470597;0;0;sBELA0;? Unchecked;v1.6.0-140-g9a10cc1
roadmap;dimacs;15/900;900;   1460731;   1705524;0;2202;8152790;1618858;73;2834;3.17966;509130;0;0;sBELA0;? Unchecked;v1.6.0-140-g9a10cc1
roadmap;dimacs;16/900;900;    801770;    765171;0;1634;5189114;642319;648;2861;2.04587;313959;0;0;sBELA0;? Unchecked;v1.6.0-140-g9a10cc1
roadmap;dimacs;17/900;900;   1076837;   1604094;0;409;1055367;226995;1351;2756;0.731758;310205;0;0;sBELA0;? Unchecked;v1.6.0-140-g9a10cc1
roadmap;dimacs;18/900;900;   1431544;    194846;0;1539;5259277;998646;647;2855;2.66311;374993;0;0;sBELA0;? Unchecked;v1.6.0-140-g9a10cc1
roadmap;dimacs;19/900;900;   1536202;    632533;0;697;2579367;695406;5121;2861;2.01931;344379;0;0;sBELA0;? Unchecked;v1.6.0-140-g9a10cc1
roadmap;dimacs;20/900;900;    356711;    288578;0;1576;4883719;1146333;223;2870;2.46255;465507;0;0;sBELA0;? Unchecked;v1.6.0-140-g9a10cc1
roadmap;dimacs;21/900;900;   1416275;   1578430;0;457;1177225;414335;11740;2767;2.2965;180420;0;0;sBELA0;? Unchecked;v1.6.0-140-g9a10cc1
roadmap;dimacs;22/900;900;   1267172;   1104888;0;1385;6179824;1332884;303;2778;2.72993;488249;0;0;sBELA0;? Unchecked;v1.6.0-140-g9a10cc1
roadmap;dimacs;23/900;900;   1466216;   1076837;0;1627;6568865;1273316;148;2789;2.64798;480863;0;0;sBELA0;? Unchecked;v1.6.0-140-g9a10cc1
roadmap;dimacs;24/900;900;   1228417;     41268;0;923;1805083;295285;833;2861;1.06045;278453;0;0;sBELA0;? Unchecked;v1.6.0-140-g9a10cc1
roadmap;dimacs;25/900;900;    321340;    192757;0;379;1500768;417043;646;2767;0.922327;452164;0;0;sBELA0;? Unchecked;v1.6.0-140-g9a10cc1
roadmap;dimacs;26/900;900;    965921;   1375640;0;1282;6122684;1631476;1601;2861;3.67894;443463;0;0;sBELA0;? Unchecked;v1.6.0-140-g9a10cc1
roadmap;dimacs;27/900;900;   1657428;    779364;0;1486;5065407;976296;736;2778;2.49578;391179;0;0;sBELA0;? Unchecked;v1.6.0-140-g9a10cc1
roadmap;dimacs;28/900;900;    454410;    618767;0;397;955569;349255;390;2756;0.723048;483032;0;0;sBELA0;? Unchecked;v1.6.0-140-g9a10cc1
roadmap;dimacs;29/900;900;   1453433;   1181632;0;574;3004092;732413;1379;2789;1.63569;447770;0;0;sBELA0;? Unchecked;v1.6.0-140-g9a10cc1
roadmap;dimacs;30/900;900;    261444;   1761841;0;449;789933;244667;634;2756;0.655752;373109;0;0;sBELA0;? Unchecked;v1.6.0-140-g9a10cc1
roadmap;dimacs;31/900;900;   1710330;   1308565;0;1237;6157127;1026016;191;2870;2.25532;454931;0;0;sBELA0;? Unchecked;v1.6.0-140-g9a10cc1
roadmap;dimacs;32/900;900;   1622269;    239225;0;1518;3830859;741402;511;2870;1.84231;402432;0;0;sBELA0;? Unchecked;v1.6.0-140-g9a10cc1
roadmap;dimacs;33/900;900;    858782;    835734;0;941;2932340;654826;833;2870;1.67079;391925;0;0;sBELA0;? Unchecked;v1.6.0-140-g9a10cc1
roadmap;dimacs;34/900;900;   1164733;   1686951;0;630;3418685;164380;1410;2870;0.696942;235859;0;0;sBELA0;? Unchecked;v1.6.0-140-g9a10cc1
roadmap;dimacs;35/900;900;   1008319;    677177;0;1764;8091669;1823238;1001;2870;4.17156;437064;0;0;sBELA0;? Unchecked;v1.6.0-140-g9a10cc1
roadmap;dimacs;36/900;900;   1646034;   1063654;0;1907;9241754;1880585;70;2841;3.71043;506838;0;0;sBELA0;? Unchecked;v1.6.0-140-g9a10cc1
roadmap;dimacs;37/900;900;    682994;   1688601;0;3410;12098042;1873215;40;2841;3.92915;476748;0;0;sBELA0;? Unchecked;v1.6.0-140-g9a10cc1
roadmap;dimacs;38/900;900;    257300;    548822;0;1143;6020906;1343895;277;2786;2.73802;490827;0;0;sBELA0;? Unchecked;v1.6.0-140-g9a10cc1
roadmap;dimacs;39/900;900;   1208113;    169244;0;256;995198;64886;1226;2764;0.304198;213302;0;0;sBELA0;? Unchecked;v1.6.0-140-g9a10cc1
roadmap;dimacs;40/900;900;   1226440;   1391278;0;2167;8142724;1513584;138;2869;3.21734;470446;0;0;sBELA0;? Unchecked;v1.6.0-140-g9a10cc1
roadmap;dimacs;41/900;900;    122277;   1128394;0;721;2944830;578860;1202;2869;1.53774;376436;0;0;sBELA0;? Unchecked;v1.6.0-140-g9a10cc1
roadmap;dimacs;42/900;900;     66946;   1214669;0;1054;5960131;993090;456;2869;2.35313;422029;0;0;sBELA0;? Unchecked;v1.6.0-140-g9a10cc1
roadmap;dimacs;43/900;900;    299055;   1685578;0;2347;9966154;1826273;28;2841;3.5765;510632;0;0;sBELA0;? Unchecked;v1.6.0-140-g9a10cc1
roadmap;dimacs;44/900;900;   1617239;   1448010;0;1332;4746157;1193382;691;2869;2.71635;439332;0;0;sBELA0;? Unchecked;v1.6.0-140-g9a10cc1
roadmap;dimacs;45/900;900;     88434;    220092;0;811;1922374;437512;494;2764;1.05425;414999;0;0;sBELA0;? Unchecked;v1.6.0-140-g9a10cc1
roadmap;dimacs;46/900;900;    765554;   1136443;0;717;2443569;505669;235;2764;1.20233;420573;0;0;sBELA0;? Unchecked;v1.6.0-140-g9a10cc1
roadmap;dimacs;47/900;900;   1662423;    665304;0;2027;6865223;1533364;53;2831;3.0743;498769;0;0;sBELA0;? Unchecked;v1.6.0-140-g9a10cc1
roadmap;dimacs;48/900;900;    522581;    744644;0;1295;6138090;1094907;156;2797;2.22004;493193;0;0;sBELA0;? Unchecked;v1.6.0-140-g9a10cc1
roadmap;dimacs;49/900;900;    880871;    913237;0;1193;4898825;1074421;1585;2863;2.77626;387003;0;0;sBELA0;? Unchecked;v1.6.0-140-g9a10cc1
roadmap;dimacs;50/900;900;    184031;   1879161;0;1178;5260865;1304917;281;2869;2.6319;495808;0;0;sBELA0;? Unchecked;v1.6.0-140-g9a10cc1
roadmap;dimacs;51/900;900;    638122;   1463354;0;431;1318315;192489;3135;2764;0.765759;251370;0;0;sBELA0;? Unchecked;v1.6.0-140-g9a10cc1
roadmap;dimacs;52/900;900;   1314005;    356552;0;1172;4462649;1035721;371;2797;2.33903;442800;0;0;sBELA0;? Unchecked;v1.6.0-140-g9a10cc1
roadmap;dimacs;53/900;900;     21748;   1031477;0;2539;10681295;1575873;203;2869;3.74342;420971;0;0;sBELA0;? Unchecked;v1.6.0-140-g9a10cc1
roadmap;dimacs;54/900;900;    149376;    488085;0;258;1226935;38049;1755;2869;0.240328;158321;0;0;sBELA0;? Unchecked;v1.6.0-140-g9a10cc1
roadmap;dimacs;55/900;900;   1471925;   1271058;0;444;722953;261483;457;2764;0.54836;476845;0;0;sBELA0;? Unchecked;v1.6.0-140-g9a10cc1
roadmap;dimacs;56/900;900;    531829;    538074;0;1943;7230325;1352017;223;2797;3.13834;430806;0;0;sBELA0;? Unchecked;v1.6.0-140-g9a10cc1
roadmap;dimacs;57/900;900;     65785;   1728556;0;1019;3029813;684552;2448;2878;2.16136;316723;0;0;sBELA0;? Unchecked;v1.6.0-140-g9a10cc1
roadmap;dimacs;58/900;900;   1182648;    947461;0;1103;5480131;1412907;217;2878;2.76897;510265;0;0;sBELA0;? Unchecked;v1.6.0-140-g9a10cc1
roadmap;dimacs;59/900;900;    834369;   1832866;0;1360;6184483;1562164;581;2878;3.40161;459243;0;0;sBELA0;? Unchecked;v1.6.0-140-g9a10cc1
roadmap;dimacs;60/900;900;   1579344;    795855;0;3404;13143916;1884813;102;2878;4.31097;437213;0;0;sBELA0;? Unchecked;v1.6.0-140-g9a10cc1
roadmap;dimacs;61/900;900;    830015;   1296962;0;1351;6488804;1091764;161;2808;2.36418;461794;0;0;sBELA0;? Unchecked;v1.6.0-140-g9a10cc1
roadmap;dimacs;62/900;900;    390249;     22433;0;796;2516058;389768;269;2869;1.05016;371152;0;0;sBELA0;? Unchecked;v1.6.0-140-g9a10cc1
roadmap;dimacs;63/900;900;   1361440;    776903;0;1692;6005917;1683587;1809;2869;4.24133;396948;0;0;sBELA0;? Unchecked;v1.6.0-140-g9a10cc1
roadmap;dimacs;64/900;900;   1526444;    433636;0;441;1090532;298339;892;2764;0.783121;380961;0;0;sBELA0;? Unchecked;v1.6.0-140-g9a10cc1
roadmap;dimacs;65/900;900;    653723;   1649198;0;1798;6702834;1091808;32;2797;2.16127;505169;0;0;sBELA0;? Unchecked;v1.6.0-140-g9a10cc1
roadmap;dimacs;66/900;900;   1848324;   1867145;0;313;2485381;139659;8167;2858;0.91625;152425;0;0;sBELA0;? Unchecked;v1.6.0-140-g9a10cc1
roadmap;dimacs;67/900;900;    556081;   1705850;0;552;1729614;371220;672;2774;0.904602;410368;0;0;sBELA0;? Unchecked;v1.6.0-140-g9a10cc1
roadmap;dimacs;68/900;900;   1041215;   1753708;0;1136;7038491;454437;1405;2869;1.6942;268231;0;0;sBELA0;? Unchecked;v1.6.0-140-g9a10cc1
roadmap;dimacs;69/900;900;   1673024;   1341690;0;734;3011784;248410;1705;2869;0.967699;256702;0;0;sBELA0;? Unchecked;v1.6.0-140-g9a10cc1
roadmap;dimacs;70/900;900;   1305038;   1494283;0;1215;5868006;1307030;586;2786;2.89044;452191;0;0;sBELA0;? Unchecked;v1.6.0-140-g9a10cc1
roadmap;dimacs;71/900;900;    989350;    282657;0;1042;5936758;834722;627;2869;2.04493;408191;0;0;sBELA0;? Unchecked;v1.6.0-140-g9a10cc1
roadmap;dimacs;72/900;900;    277177;    414997;0;1572;6899282;1544397;607;2841;3.51022;439972;0;0;sBELA0;? Unchecked;v1.6.0-140-g9a10cc1
roadmap;dimacs;73/900;900;    189385;    632745;0;1377;3513148;886810;38;2878;1.7077;519300;0;0;sBELA0;? Unchecked;v1.6.0-140-g9a10cc1
roadmap;dimacs;74/900;900;   1642632;    169223;0;623;2267361;210194;6179;2878;1.21635;172807;0;0;sBELA0;? Unchecked;v1.6.0-140-g9a10cc1
roadmap;dimacs;75/900;900;   1160966;    638119;0;3045;11495073;1752686;187;2878;3.92855;446140;0;0;sBELA0;? Unchecked;v1.6.0-140-g9a10cc1
roadmap;dimacs;76/900;900;   1759861;   1021392;0;1538;8552529;1723612;303;2841;3.82538;450573;0;0;sBELA0;? Unchecked;v1.6.0-140-g9a10cc1
roadmap;dimacs;77/900;900;    681135;     95876;0;1718;7581402;1397037;960;2797;2.94636;474158;0;0;sBELA0;? Unchecked;v1.6.0-140-g9a10cc1
roadmap;dimacs;78/900;900;    614892;    385398;0;2066;8944941;1779908;392;2841;4.15788;428080;0;0;sBELA0;? Unchecked;v1.6.0-140-g9a10cc1
roadmap;dimacs;79/900;900;   1726489;   1469303;0;2276;9933354;1681386;302;2869;4.08994;411103;0;0;sBELA0;? Unchecked;v1.6.0-140-g9a10cc1
roadmap;dimacs;80/900;900;     52390;    909716;0;588;2589639;399617;1374;2869;1.13558;351905;0;0;sBELA0;? Unchecked;v1.6.0-140-g9a10cc1
roadmap;dimacs;81/900;900;   1438544;   1709652;0;738;2861490;459631;586;2869;1.14379;401848;0;0;sBELA0;? Unchecked;v1.6.0-140-g9a10cc1
roadmap;dimacs;82/900;900;   1885245;   1219012;0;964;7657419;1102271;2003;2869;2.82039;390822;0;0;sBELA0;? Unchecked;v1.6.0-140-g9a10cc1
roadmap;dimacs;83/900;900;    474128;    462404;0;1669;6969804;1431928;160;2797;2.93648;487634;0;0;sBELA0;? Unchecked;v1.6.0-140-g9a10cc1
roadmap;dimacs;84/900;900;   1776146;    980278;0;1131;5051459;946740;2311;2797;2.62703;360384;0;0;sBELA0;? Unchecked;v1.6.0-140-g9a10cc1
roadmap;dimacs;85/900;900;   1391963;    468960;0;2004;7717609;1523337;181;2841;3.3321;457171;0;0;sBELA0;? Unchecked;v1.6.0-140-g9a10cc1
roadmap;dimacs;86/900;900;   1052481;    543349;0;2134;9460572;1476551;546;2869;3.81696;386839;0;0;sBELA0;? Unchecked;v1.6.0-140-g9a10cc1
roadmap;dimacs;87/900;900;   1821017;    791672;0;1100;6671376;299886;882;2869;1.3454;222896;0;0;sBELA0;? Unchecked;v1.6.0-140-g9a10cc1
roadmap;dimacs;88/900;900;    135239;   1107730;0;562;1990110;300890;443;2869;0.774145;388674;0;0;sBELA0;? Unchecked;v1.6.0-140-g9a10cc1
roadmap;dimacs;89/900;900;    105712;   1042809;0;1609;8540530;1872636;422;2878;3.90053;480098;0;0;sBELA0;? Unchecked;v1.6.0-140-g9a10cc1
roadmap;dimacs;90/900;900;    269271;     31624;0;1476;5830499;1250372;77;2790;2.4311;514324;0;0;sBELA0;? Unchecked;v1.6.0-140-g9a10cc1
roadmap;dimacs;91/900;900;    711516;   1110978;0;1489;3813678;904668;294;2879;2.11597;427543;0;0;sBELA0;? Unchecked;v1.6.0-140-g9a10cc1
roadmap;dimacs;92/900;900;    129884;   1702774;0;947;2963684;583044;1129;2879;1.61461;361104;0;0;sBELA0;? Unchecked;v1.6.0-140-g9a10cc1
roadmap;dimacs;93/900;900;    677739;   1445420;0;329;1111231;236894;9678;2764;1.32123;179298;0;0;sBELA0;? Unchecked;v1.6.0-140-g9a10cc1
roadmap;dimacs;94/900;900;    689436;    132056;0;727;2697696;543803;867;2764;1.34307;404895;0;0;sBELA0;? Unchecked;v1.6.0-140-g9a10cc1
roadmap;dimacs;95/900;900;    172705;   1375271;0;1070;5217405;1399893;729;2878;3.03006;462001;0;0;sBELA0;? Unchecked;v1.6.0-140-g9a10cc1
roadmap;dimacs;96/900;900;   1879024;    843565;0;723;2026002;177739;648;2878;0.678782;261850;0;0;sBELA0;? Unchecked;v1.6.0-140-g9a10cc1
roadmap;dimacs;97/900;900;    594555;   1305211;0;972;1536421;508314;1432;2774;1.47211;345297;0;0;sBELA0;? Unchecked;v1.6.0-140-g9a10cc1
roadmap;dimacs;98/900;900;    338636;    646444;0;1054;2535933;686953;499;2774;1.72244;398825;0;0;sBELA0;? Unchecked;v1.6.0-140-g9a10cc1
roadmap;dimacs;99/900;900;   1834673;    546450;0;1193;5698179;418157;304;2869;1.23236;339314;0;0;sBELA0;? Unchecked;v1.6.0-140-g9a10cc1
roadmap;dimacs;0/1000;1000;   1158641;   1272769;0;2207;9081435;1219331;425;2869;3.29884;369624;0;0;sBELA0;? Unchecked;v1.6.0-140-g9a10cc1
roadmap;dimacs;1/1000;1000;     54758;   1370062;0;1529;4088498;768706;812;2869;2.20143;349185;0;0;sBELA0;? Unchecked;v1.6.0-140-g9a10cc1
roadmap;dimacs;2/1000;1000;    935047;   1190851;0;520;3007014;144957;2833;2869;0.930863;155723;0;0;sBELA0;? Unchecked;v1.6.0-140-g9a10cc1
roadmap;dimacs;3/1000;1000;    548674;   1730064;0;788;2234988;539811;1833;2764;1.46509;368450;0;0;sBELA0;? Unchecked;v1.6.0-140-g9a10cc1
roadmap;dimacs;4/1000;1000;    713105;   1135162;0;260;1395000;102661;5424;2848;0.522029;196658;0;0;sBELA0;? Unchecked;v1.6.0-140-g9a10cc1
roadmap;dimacs;5/1000;1000;   1213983;   1847687;0;1053;5259709;1421316;3589;2869;3.64161;390299;0;0;sBELA0;? Unchecked;v1.6.0-140-g9a10cc1
roadmap;dimacs;6/1000;1000;   1416819;   1454455;0;586;1388247;484703;833;2764;1.12886;429374;0;0;sBELA0;? Unchecked;v1.6.0-140-g9a10cc1
roadmap;dimacs;7/1000;1000;   1202525;   1287863;0;927;2205855;492416;364;2878;1.27289;386850;0;0;sBELA0;? Unchecked;v1.6.0-140-g9a10cc1
roadmap;dimacs;8/1000;1000;    416104;   1824062;0;1267;4704899;913791;1982;2878;2.56937;355648;0;0;sBELA0;? Unchecked;v1.6.0-140-g9a10cc1
roadmap;dimacs;9/1000;1000;    350612;   1840987;0;1632;9115947;1814807;429;2841;3.93956;460662;0;0;sBELA0;? Unchecked;v1.6.0-140-g9a10cc1
roadmap;dimacs;10/1000;1000;    581610;   1031954;0;1740;7767790;1449101;329;2878;3.24595;446433;0;0;sBELA0;? Unchecked;v1.6.0-140-g9a10cc1
roadmap;dimacs;11/1000;1000;    329503;   1179401;0;692;3446593;864615;395;2797;1.88977;457525;0;0;sBELA0;? Unchecked;v1.6.0-140-g9a10cc1
roadmap;dimacs;12/1000;1000;    480267;    159302;0;1503;7974290;1216772;1086;2869;3.07984;395076;0;0;sBELA0;? Unchecked;v1.6.0-140-g9a10cc1
roadmap;dimacs;13/1000;1000;   1890527;   1576171;0;1612;8709450;1468200;1267;2869;3.97065;369764;0;0;sBELA0;? Unchecked;v1.6.0-140-g9a10cc1
roadmap;dimacs;14/1000;1000;   1743677;    933040;0;966;5426263;1467815;628;2869;3.1569;464955;0;0;sBELA0;? Unchecked;v1.6.0-140-g9a10cc1
roadmap;dimacs;15/1000;1000;   1460731;   1705524;0;2198;8152791;1618858;76;2841;3.21231;503955;0;0;sBELA0;? Unchecked;v1.6.0-140-g9a10cc1
roadmap;dimacs;16/1000;1000;    801770;    765171;0;1634;5189120;642326;719;2869;2.13335;301087;0;0;sBELA0;? Unchecked;v1.6.0-140-g9a10cc1
roadmap;dimacs;17/1000;1000;   1076837;   1604094;0;404;1055383;227000;1501;2764;0.795771;285258;0;0;sBELA0;? Unchecked;v1.6.0-140-g9a10cc1
roadmap;dimacs;18/1000;1000;   1431544;    194846;0;1539;5259281;998648;696;2863;2.74618;363650;0;0;sBELA0;? Unchecked;v1.6.0-140-g9a10cc1
roadmap;dimacs;19/1000;1000;   1536202;    632533;0;696;2579401;695410;5700;2869;2.11702;328486;0;0;sBELA0;? Unchecked;v1.6.0-140-g9a10cc1
roadmap;dimacs;20/1000;1000;    356711;    288578;0;1570;4883723;1146337;242;2878;2.49892;458733;0;0;sBELA0;? Unchecked;v1.6.0-140-g9a10cc1
roadmap;dimacs;21/1000;1000;   1416275;   1578430;0;454;1177257;414349;12973;2774;2.50726;165260;0;0;sBELA0;? Unchecked;v1.6.0-140-g9a10cc1
roadmap;dimacs;22/1000;1000;   1267172;   1104888;0;1390;6179826;1332886;324;2786;2.75412;483961;0;0;sBELA0;? Unchecked;v1.6.0-140-g9a10cc1
roadmap;dimacs;23/1000;1000;   1466216;   1076837;0;1628;6568867;1273316;157;2797;2.68996;473359;0;0;sBELA0;? Unchecked;v1.6.0-140-g9a10cc1
roadmap;dimacs;24/1000;1000;   1228417;     41268;0;921;1805089;295291;918;2869;1.13016;261282;0;0;sBELA0;? Unchecked;v1.6.0-140-g9a10cc1
roadmap;dimacs;25/1000;1000;    321340;    192757;0;392;1500783;417044;701;2774;0.941858;442788;0;0;sBELA0;? Unchecked;v1.6.0-140-g9a10cc1
roadmap;dimacs;26/1000;1000;    965921;   1375640;0;1292;6122695;1631480;1789;2869;3.7506;434992;0;0;sBELA0;? Unchecked;v1.6.0-140-g9a10cc1
roadmap;dimacs;27/1000;1000;   1657428;    779364;0;1484;5065417;976301;822;2786;2.60467;374827;0;0;sBELA0;? Unchecked;v1.6.0-140-g9a10cc1
roadmap;dimacs;28/1000;1000;    454410;    618767;0;401;955580;349263;432;2764;0.740187;471858;0;0;sBELA0;? Unchecked;v1.6.0-140-g9a10cc1
roadmap;dimacs;29/1000;1000;   1453433;   1181632;0;575;3004116;732414;1531;2797;1.67954;436080;0;0;sBELA0;? Unchecked;v1.6.0-140-g9a10cc1
roadmap;dimacs;30/1000;1000;    261444;   1761841;0;477;789938;244670;686;2764;0.67952;360063;0;0;sBELA0;? Unchecked;v1.6.0-140-g9a10cc1
roadmap;dimacs;31/1000;1000;   1710330;   1308565;0;1240;6157129;1026016;206;2878;2.30693;444755;0;0;sBELA0;? Unchecked;v1.6.0-140-g9a10cc1
roadmap;dimacs;32/1000;1000;   1622269;    239225;0;1514;3830862;741402;550;2878;1.88719;392861;0;0;sBELA0;? Unchecked;v1.6.0-140-g9a10cc1
roadmap;dimacs;33/1000;1000;    858782;    835734;0;938;2932347;654827;909;2878;1.73109;378274;0;0;sBELA0;? Unchecked;v1.6.0-140-g9a10cc1
roadmap;dimacs;34/1000;1000;   1164733;   1686951;0;629;3418708;164383;1620;2878;0.749557;219307;0;0;sBELA0;? Unchecked;v1.6.0-140-g9a10cc1
roadmap;dimacs;35/1000;1000;   1008319;    677177;0;1772;8091677;1823239;1083;2878;4.27143;426845;0;0;sBELA0;? Unchecked;v1.6.0-140-g9a10cc1
roadmap;dimacs;36/1000;1000;   1646034;   1063654;0;1903;9241754;1880585;79;2847;3.74892;501634;0;0;sBELA0;? Unchecked;v1.6.0-140-g9a10cc1
roadmap;dimacs;37/1000;1000;    682994;   1688601;0;3405;12098043;1873215;45;2887;3.99825;468509;0;0;sBELA0;? Unchecked;v1.6.0-140-g9a10cc1
roadmap;dimacs;38/1000;1000;    257300;    548822;0;1143;6020911;1343896;306;2792;2.7726;484705;0;0;sBELA0;? Unchecked;v1.6.0-140-g9a10cc1
roadmap;dimacs;39/1000;1000;   1208113;    169244;0;257;995213;64887;1348;2764;0.332648;195062;0;0;sBELA0;? Unchecked;v1.6.0-140-g9a10cc1
roadmap;dimacs;40/1000;1000;   1226440;   1391278;0;2164;8142725;1513584;146;2869;3.25904;464427;0;0;sBELA0;? Unchecked;v1.6.0-140-g9a10cc1
roadmap;dimacs;41/1000;1000;    122277;   1128394;0;716;2944840;578870;1292;2869;1.59258;363479;0;0;sBELA0;? Unchecked;v1.6.0-140-g9a10cc1
roadmap;dimacs;42/1000;1000;     66946;   1214669;0;1054;5960137;993090;492;2869;2.41042;411999;0;0;sBELA0;? Unchecked;v1.6.0-140-g9a10cc1
roadmap;dimacs;43/1000;1000;    299055;   1685578;0;2348;9966156;1826273;34;2841;3.60166;507064;0;0;sBELA0;? Unchecked;v1.6.0-140-g9a10cc1
roadmap;dimacs;44/1000;1000;   1617239;   1448010;0;1340;4746161;1193382;747;2869;2.77094;430678;0;0;sBELA0;? Unchecked;v1.6.0-140-g9a10cc1
roadmap;dimacs;45/1000;1000;     88434;    220092;0;817;1922379;437516;536;2764;1.08508;403209;0;0;sBELA0;? Unchecked;v1.6.0-140-g9a10cc1
roadmap;dimacs;46/1000;1000;    765554;   1136443;0;716;2443576;505671;256;2764;1.24667;405616;0;0;sBELA0;? Unchecked;v1.6.0-140-g9a10cc1
roadmap;dimacs;47/1000;1000;   1662423;    665304;0;2027;6865223;1533364;56;2831;3.11811;491761;0;0;sBELA0;? Unchecked;v1.6.0-140-g9a10cc1
roadmap;dimacs;48/1000;1000;    522581;    744644;0;1298;6138092;1094907;169;2797;2.23503;489884;0;0;sBELA0;? Unchecked;v1.6.0-140-g9a10cc1
roadmap;dimacs;49/1000;1000;    880871;    913237;0;1191;4898836;1074426;1750;2863;2.8667;374796;0;0;sBELA0;? Unchecked;v1.6.0-140-g9a10cc1
roadmap;dimacs;50/1000;1000;    184031;   1879161;0;1178;5260871;1304918;303;2869;2.66228;490151;0;0;sBELA0;? Unchecked;v1.6.0-140-g9a10cc1
roadmap;dimacs;51/1000;1000;    638122;   1463354;0;443;1318350;192506;3522;2764;0.822464;234060;0;0;sBELA0;? Unchecked;v1.6.0-140-g9a10cc1
roadmap;dimacs;52/1000;1000;   1314005;    356552;0;1165;4462653;1035721;401;2797;2.38596;434090;0;0;sBELA0;? Unchecked;v1.6.0-140-g9a10cc1
roadmap;dimacs;53/1000;1000;     21748;   1031477;0;2539;10681297;1575873;223;2869;3.82148;412372;0;0;sBELA0;? Unchecked;v1.6.0-140-g9a10cc1
roadmap;dimacs;54/1000;1000;    149376;    488085;0;235;1226948;38051;1857;2869;0.252306;150813;0;0;sBELA0;? Unchecked;v1.6.0-140-g9a10cc1
roadmap;dimacs;55/1000;1000;   1471925;   1271058;0;440;722964;261488;506;2764;0.561977;465300;0;0;sBELA0;? Unchecked;v1.6.0-140-g9a10cc1
roadmap;dimacs;56/1000;1000;    531829;    538074;0;1946;7230328;1352018;237;2797;3.21315;420777;0;0;sBELA0;? Unchecked;v1.6.0-140-g9a10cc1
roadmap;dimacs;57/1000;1000;     65785;   1728556;0;1017;3029824;684559;2678;2878;2.2653;302193;0;0;sBELA0;? Unchecked;v1.6.0-140-g9a10cc1
roadmap;dimacs;58/1000;1000;   1182648;    947461;0;1106;5480136;1412908;238;2878;2.81249;502368;0;0;sBELA0;? Unchecked;v1.6.0-140-g9a10cc1
roadmap;dimacs;59/1000;1000;    834369;   1832866;0;1359;6184488;1562165;633;2878;3.46229;451194;0;0;sBELA0;? Unchecked;v1.6.0-140-g9a10cc1
roadmap;dimacs;60/1000;1000;   1579344;    795855;0;3403;13143917;1884813;108;2878;4.40055;428313;0;0;sBELA0;? Unchecked;v1.6.0-140-g9a10cc1
roadmap;dimacs;61/1000;1000;    830015;   1296962;0;1352;6488806;1091764;177;2899;2.38839;457114;0;0;sBELA0;? Unchecked;v1.6.0-140-g9a10cc1
roadmap;dimacs;62/1000;1000;    390249;     22433;0;798;2516063;389768;295;2899;1.06681;365358;0;0;sBELA0;? Unchecked;v1.6.0-140-g9a10cc1
roadmap;dimacs;63/1000;1000;   1361440;    776903;0;1689;6005926;1683589;1975;2899;4.35773;386346;0;0;sBELA0;? Unchecked;v1.6.0-140-g9a10cc1
roadmap;dimacs;64/1000;1000;   1526444;    433636;0;458;1090548;298352;978;2784;0.818723;364412;0;0;sBELA0;? Unchecked;v1.6.0-140-g9a10cc1
roadmap;dimacs;65/1000;1000;    653723;   1649198;0;1798;6702834;1091808;35;2898;2.14558;508865;0;0;sBELA0;? Unchecked;v1.6.0-140-g9a10cc1
roadmap;dimacs;66/1000;1000;   1848324;   1867145;0;319;2485496;139666;9041;2898;0.990571;140995;0;0;sBELA0;? Unchecked;v1.6.0-140-g9a10cc1
roadmap;dimacs;67/1000;1000;    556081;   1705850;0;551;1729624;371222;737;2784;0.92327;402073;0;0;sBELA0;? Unchecked;v1.6.0-140-g9a10cc1
roadmap;dimacs;68/1000;1000;   1041215;   1753708;0;1134;7038501;454438;1539;2874;1.77546;255955;0;0;sBELA0;? Unchecked;v1.6.0-140-g9a10cc1
roadmap;dimacs;69/1000;1000;   1673024;   1341690;0;731;3011797;248411;1910;2874;1.03679;239597;0;0;sBELA0;? Unchecked;v1.6.0-140-g9a10cc1
roadmap;dimacs;70/1000;1000;   1305038;   1494283;0;1211;5868009;1307030;630;2806;2.97324;439598;0;0;sBELA0;? Unchecked;v1.6.0-140-g9a10cc1
roadmap;dimacs;71/1000;1000;    989350;    282657;0;1041;5936768;834731;696;2874;2.08893;399597;0;0;sBELA0;? Unchecked;v1.6.0-140-g9a10cc1
roadmap;dimacs;72/1000;1000;    277177;    414997;0;1577;6899286;1544397;651;2851;3.60958;427860;0;0;sBELA0;? Unchecked;v1.6.0-140-g9a10cc1
roadmap;dimacs;73/1000;1000;    189385;    632745;0;1376;3513151;886811;41;2886;1.73242;511892;0;0;sBELA0;? Unchecked;v1.6.0-140-g9a10cc1
roadmap;dimacs;74/1000;1000;   1642632;    169223;0;624;2267391;210201;6840;2886;1.32067;159162;0;0;sBELA0;? Unchecked;v1.6.0-140-g9a10cc1
roadmap;dimacs;75/1000;1000;   1160966;    638119;0;3041;11495075;1752687;201;2886;3.99561;438654;0;0;sBELA0;? Unchecked;v1.6.0-140-g9a10cc1
roadmap;dimacs;76/1000;1000;   1759861;   1021392;0;1543;8552531;1723613;329;2851;3.88739;443385;0;0;sBELA0;? Unchecked;v1.6.0-140-g9a10cc1
roadmap;dimacs;77/1000;1000;    681135;     95876;0;1716;7581408;1397040;1053;2806;3.01074;464019;0;0;sBELA0;? Unchecked;v1.6.0-140-g9a10cc1
roadmap;dimacs;78/1000;1000;    614892;    385398;0;2062;8944944;1779908;428;2851;4.24386;419408;0;0;sBELA0;? Unchecked;v1.6.0-140-g9a10cc1
roadmap;dimacs;79/1000;1000;   1726489;   1469303;0;2275;9933357;1681387;325;2874;4.17987;402258;0;0;sBELA0;? Unchecked;v1.6.0-140-g9a10cc1
roadmap;dimacs;80/1000;1000;     52390;    909716;0;587;2589653;399624;1511;2874;1.15243;346766;0;0;sBELA0;? Unchecked;v1.6.0-140-g9a10cc1
roadmap;dimacs;81/1000;1000;   1438544;   1709652;0;740;2861492;459631;626;2874;1.17425;391426;0;0;sBELA0;? Unchecked;v1.6.0-140-g9a10cc1
roadmap;dimacs;82/1000;1000;   1885245;   1219012;0;969;7657436;1102288;2213;2874;2.93234;375907;0;0;sBELA0;? Unchecked;v1.6.0-140-g9a10cc1
roadmap;dimacs;83/1000;1000;    474128;    462404;0;1666;6969807;1431930;174;2806;2.97018;482103;0;0;sBELA0;? Unchecked;v1.6.0-140-g9a10cc1
roadmap;dimacs;84/1000;1000;   1776146;    980278;0;1135;5051469;946741;2491;2806;2.72333;347641;0;0;sBELA0;? Unchecked;v1.6.0-140-g9a10cc1
roadmap;dimacs;85/1000;1000;   1391963;    468960;0;2006;7717612;1523338;198;2851;3.40647;447190;0;0;sBELA0;? Unchecked;v1.6.0-140-g9a10cc1
roadmap;dimacs;86/1000;1000;   1052481;    543349;0;2134;9460575;1476553;585;2874;3.90431;378185;0;0;sBELA0;? Unchecked;v1.6.0-140-g9a10cc1
roadmap;dimacs;87/1000;1000;   1821017;    791672;0;1107;6671385;299886;973;2874;1.41687;211654;0;0;sBELA0;? Unchecked;v1.6.0-140-g9a10cc1
roadmap;dimacs;88/1000;1000;    135239;   1107730;0;563;1990113;300891;479;2874;0.804832;373856;0;0;sBELA0;? Unchecked;v1.6.0-140-g9a10cc1
roadmap;dimacs;89/1000;1000;    105712;   1042809;0;1607;8540535;1872637;460;2886;3.94992;474095;0;0;sBELA0;? Unchecked;v1.6.0-140-g9a10cc1
roadmap;dimacs;90/1000;1000;    269271;     31624;0;1479;5830501;1250372;84;2806;2.45866;508558;0;0;sBELA0;? Unchecked;v1.6.0-140-g9a10cc1
roadmap;dimacs;91/1000;1000;    711516;   1110978;0;1485;3813680;904669;316;2897;2.16978;416940;0;0;sBELA0;? Unchecked;v1.6.0-140-g9a10cc1
roadmap;dimacs;92/1000;1000;    129884;   1702774;0;936;2963691;583048;1232;2897;1.67244;348620;0;0;sBELA0;? Unchecked;v1.6.0-140-g9a10cc1
roadmap;dimacs;93/1000;1000;    677739;   1445420;0;345;1111288;236912;10614;2784;1.42903;165786;0;0;sBELA0;? Unchecked;v1.6.0-140-g9a10cc1
roadmap;dimacs;94/1000;1000;    689436;    132056;0;724;2697705;543803;943;2784;1.40372;387400;0;0;sBELA0;? Unchecked;v1.6.0-140-g9a10cc1
roadmap;dimacs;95/1000;1000;    172705;   1375271;0;1070;5217412;1399895;789;2886;3.05491;458244;0;0;sBELA0;? Unchecked;v1.6.0-140-g9a10cc1
roadmap;dimacs;96/1000;1000;   1879024;    843565;0;719;2026007;177740;689;2886;0.700941;253573;0;0;sBELA0;? Unchecked;v1.6.0-140-g9a10cc1
roadmap;dimacs;97/1000;1000;    594555;   1305211;0;970;1536433;508319;1612;2784;1.54905;328149;0;0;sBELA0;? Unchecked;v1.6.0-140-g9a10cc1
roadmap;dimacs;98/1000;1000;    338636;    646444;0;1054;2535938;686954;537;2784;1.75579;391250;0;0;sBELA0;? Unchecked;v1.6.0-140-g9a10cc1
roadmap;dimacs;99/1000;1000;   1834673;    546450;0;1194;5698183;418157;325;2874;1.26013;331836;0;0;sBELA0;? Unchecked;v1.6.0-140-g9a10cc1
