domain;variant;id;k;start;goal;h0;length;cost;expansions;nbcentroids;mem;runtime;expansions/sec;nbinconsistencies;air;solver;doctor;version
roadmap;dimacs;0/1;1;   1158641;   1272769;836775;2231;9081368;1199302;1;1953;3.23207;371063;0;0;sBELA*;? Unchecked;v1.6.0-140-g9a10cc1
roadmap;dimacs;1/1;1;     54758;   1370062;348512;1525;4088324;739503;1;1953;1.56819;471564;0;0;sBELA*;? Unchecked;v1.6.0-140-g9a10cc1
roadmap;dimacs;2/1;1;    935047;   1190851;242246;521;3005778;132123;1;1953;0.292529;451658;0;0;sBELA*;? Unchecked;v1.6.0-140-g9a10cc1
roadmap;dimacs;3/1;1;    548674;   1730064;185823;787;2234632;466786;1;1953;0.98338;474675;0;0;sBELA*;? Unchecked;v1.6.0-140-g9a10cc1
roadmap;dimacs;4/1;1;    713105;   1135162;105821;255;1392805;94741;1;1953;0.224399;422199;0;0;sBELA*;? Unchecked;v1.6.0-140-g9a10cc1
roadmap;dimacs;5/1;1;   1213983;   1847687;385742;1048;5258991;1352637;1;2166;2.80157;482814;0;0;sBELA*;? Unchecked;v1.6.0-140-g9a10cc1
roadmap;dimacs;6/1;1;   1416819;   1454455;129232;583;1387831;448792;1;2166;0.873023;514067;0;0;sBELA*;? Unchecked;v1.6.0-140-g9a10cc1
roadmap;dimacs;7/1;1;   1202525;   1287863;187757;926;2205696;439634;1;2166;0.930493;472474;0;0;sBELA*;? Unchecked;v1.6.0-140-g9a10cc1
roadmap;dimacs;8/1;1;    416104;   1824062;341905;1269;4704476;882036;1;2166;1.85799;474727;0;0;sBELA*;? Unchecked;v1.6.0-140-g9a10cc1
roadmap;dimacs;9/1;1;    350612;   1840987;740325;1630;9115684;1794204;1;2640;3.99063;449605;0;0;sBELA*;? Unchecked;v1.6.0-140-g9a10cc1
roadmap;dimacs;10/1;1;    581610;   1031954;665220;1735;7767635;1387153;1;2640;2.71441;511033;0;0;sBELA*;? Unchecked;v1.6.0-140-g9a10cc1
roadmap;dimacs;11/1;1;    329503;   1179401;311471;688;3446379;831130;1;2640;1.70358;487872;0;0;sBELA*;? Unchecked;v1.6.0-140-g9a10cc1
roadmap;dimacs;12/1;1;    480267;    159302;662588;1502;7973933;1139962;1;2640;2.29888;495877;0;0;sBELA*;? Unchecked;v1.6.0-140-g9a10cc1
roadmap;dimacs;13/1;1;   1890527;   1576171;736387;1614;8709043;1286981;1;2640;2.89857;444006;0;0;sBELA*;? Unchecked;v1.6.0-140-g9a10cc1
roadmap;dimacs;14/1;1;   1743677;    933040;323236;966;5426129;1340165;1;2640;2.76292;485053;0;0;sBELA*;? Unchecked;v1.6.0-140-g9a10cc1
roadmap;dimacs;15/1;1;   1460731;   1705524;743782;2202;8152763;1592956;1;2640;3.26372;488079;0;0;sBELA*;? Unchecked;v1.6.0-140-g9a10cc1
roadmap;dimacs;16/1;1;    801770;    765171;462423;1630;5188898;617735;1;2640;1.30597;473007;0;0;sBELA*;? Unchecked;v1.6.0-140-g9a10cc1
roadmap;dimacs;17/1;1;   1076837;   1604094;79473;402;1054975;213098;1;2640;0.431375;493997;0;0;sBELA*;? Unchecked;v1.6.0-140-g9a10cc1
roadmap;dimacs;18/1;1;   1431544;    194846;459353;1538;5259126;969018;1;2640;2.01345;481273;0;0;sBELA*;? Unchecked;v1.6.0-140-g9a10cc1
roadmap;dimacs;19/1;1;   1536202;    632533;212958;693;2578130;614248;1;2640;1.22373;501949;0;0;sBELA*;? Unchecked;v1.6.0-140-g9a10cc1
roadmap;dimacs;20/1;1;    356711;    288578;443907;1570;4883635;1076455;1;2640;2.25935;476444;0;0;sBELA*;? Unchecked;v1.6.0-140-g9a10cc1
roadmap;dimacs;21/1;1;   1416275;   1578430;108621;453;1175543;371029;1;2640;0.741724;500225;0;0;sBELA*;? Unchecked;v1.6.0-140-g9a10cc1
roadmap;dimacs;22/1;1;   1267172;   1104888;580507;1385;6179727;1303448;1;2640;2.64522;492756;0;0;sBELA*;? Unchecked;v1.6.0-140-g9a10cc1
roadmap;dimacs;23/1;1;   1466216;   1076837;599781;1624;6568821;1245203;1;2640;2.54776;488744;0;0;sBELA*;? Unchecked;v1.6.0-140-g9a10cc1
roadmap;dimacs;24/1;1;   1228417;     41268;151577;921;1804784;261185;1;2640;0.502801;519460;0;0;sBELA*;? Unchecked;v1.6.0-140-g9a10cc1
roadmap;dimacs;25/1;1;    321340;    192757;126579;392;1500427;374999;1;2640;0.745464;503041;0;0;sBELA*;? Unchecked;v1.6.0-140-g9a10cc1
roadmap;dimacs;26/1;1;    965921;   1375640;462180;1289;6122291;1485401;1;2751;3.29457;450863;0;0;sBELA*;? Unchecked;v1.6.0-140-g9a10cc1
roadmap;dimacs;27/1;1;   1657428;    779364;407496;1483;5065120;905042;1;2751;1.88977;478917;0;0;sBELA*;? Unchecked;v1.6.0-140-g9a10cc1
roadmap;dimacs;28/1;1;    454410;    618767;73790;399;955254;329035;1;2751;0.63865;515204;0;0;sBELA*;? Unchecked;v1.6.0-140-g9a10cc1
roadmap;dimacs;29/1;1;   1453433;   1181632;234980;570;3003174;684909;1;2751;1.31838;519509;0;0;sBELA*;? Unchecked;v1.6.0-140-g9a10cc1
roadmap;dimacs;30/1;1;    261444;   1761841;63227;475;789683;220702;1;2751;0.438233;503617;0;0;sBELA*;? Unchecked;v1.6.0-140-g9a10cc1
roadmap;dimacs;31/1;1;   1710330;   1308565;571484;1237;6157044;1000474;1;2751;2.0607;485501;0;0;sBELA*;? Unchecked;v1.6.0-140-g9a10cc1
roadmap;dimacs;32/1;1;   1622269;    239225;324818;1507;3830708;654390;1;2751;1.30394;501855;0;0;sBELA*;? Unchecked;v1.6.0-140-g9a10cc1
roadmap;dimacs;33/1;1;    858782;    835734;273081;939;2932043;457779;1;2751;0.936486;488826;0;0;sBELA*;? Unchecked;v1.6.0-140-g9a10cc1
roadmap;dimacs;34/1;1;   1164733;   1686951;224372;632;3418184;143014;1;2751;0.31616;452347;0;0;sBELA*;? Unchecked;v1.6.0-140-g9a10cc1
roadmap;dimacs;35/1;1;   1008319;    677177;694520;1770;8091336;1745826;1;3033;3.64069;479531;0;0;sBELA*;? Unchecked;v1.6.0-140-g9a10cc1
roadmap;dimacs;36/1;1;   1646034;   1063654;838593;1903;9241741;1858917;1;3033;3.94024;471777;0;0;sBELA*;? Unchecked;v1.6.0-140-g9a10cc1
roadmap;dimacs;37/1;1;    682994;   1688601;1067651;3399;12098029;1867470;1;3033;3.88305;480929;0;0;sBELA*;? Unchecked;v1.6.0-140-g9a10cc1
roadmap;dimacs;38/1;1;    257300;    548822;568383;1142;6020818;1309939;1;3033;2.61843;500277;0;0;sBELA*;? Unchecked;v1.6.0-140-g9a10cc1
roadmap;dimacs;39/1;1;   1208113;    169244;86039;252;994507;56290;1;3033;0.138498;406433;0;0;sBELA*;? Unchecked;v1.6.0-140-g9a10cc1
roadmap;dimacs;40/1;1;   1226440;   1391278;762181;2164;8142667;1479213;1;3033;3.10064;477068;0;0;sBELA*;? Unchecked;v1.6.0-140-g9a10cc1
roadmap;dimacs;41/1;1;    122277;   1128394;211069;719;2944465;500567;1;3033;1.02786;486997;0;0;sBELA*;? Unchecked;v1.6.0-140-g9a10cc1
roadmap;dimacs;42/1;1;     66946;   1214669;559170;1053;5959978;971969;1;3033;2.00378;485069;0;0;sBELA*;? Unchecked;v1.6.0-140-g9a10cc1
roadmap;dimacs;43/1;1;    299055;   1685578;867092;2344;9966137;1809902;1;3033;3.83648;471761;0;0;sBELA*;? Unchecked;v1.6.0-140-g9a10cc1
roadmap;dimacs;44/1;1;   1617239;   1448010;431664;1333;4746002;1054267;1;3033;2.22956;472859;0;0;sBELA*;? Unchecked;v1.6.0-140-g9a10cc1
roadmap;dimacs;45/1;1;     88434;    220092;162378;810;1922160;395366;1;3033;0.766885;515548;0;0;sBELA*;? Unchecked;v1.6.0-140-g9a10cc1
roadmap;dimacs;46/1;1;    765554;   1136443;219632;716;2443481;448546;1;3033;0.902807;496835;0;0;sBELA*;? Unchecked;v1.6.0-140-g9a10cc1
roadmap;dimacs;47/1;1;   1662423;    665304;617218;2025;6865214;1498684;1;3033;3.12439;479673;0;0;sBELA*;? Unchecked;v1.6.0-140-g9a10cc1
roadmap;dimacs;48/1;1;    522581;    744644;559543;1294;6138023;1076415;1;3033;2.26843;474519;0;0;sBELA*;? Unchecked;v1.6.0-140-g9a10cc1
roadmap;dimacs;49/1;1;    880871;    913237;417900;1190;4898374;981339;1;3033;2.02798;483899;0;0;sBELA*;? Unchecked;v1.6.0-140-g9a10cc1
roadmap;dimacs;50/1;1;    184031;   1879161;467172;1176;5260595;1210877;1;3033;2.54551;475691;0;0;sBELA*;? Unchecked;v1.6.0-140-g9a10cc1
roadmap;dimacs;51/1;1;    638122;   1463354;114492;444;1316963;179312;1;3033;0.353568;507150;0;0;sBELA*;? Unchecked;v1.6.0-140-g9a10cc1
roadmap;dimacs;52/1;1;   1314005;    356552;391568;1161;4462498;947624;1;3033;1.99162;475807;0;0;sBELA*;? Unchecked;v1.6.0-140-g9a10cc1
roadmap;dimacs;53/1;1;     21748;   1031477;909846;2535;10681247;1534998;1;3033;3.39544;452077;0;0;sBELA*;? Unchecked;v1.6.0-140-g9a10cc1
roadmap;dimacs;54/1;1;    149376;    488085;110158;234;1225605;26297;1;3033;0.0753552;348974;0;0;sBELA*;? Unchecked;v1.6.0-140-g9a10cc1
roadmap;dimacs;55/1;1;   1471925;   1271058;63505;445;722671;229687;1;3033;0.448587;512023;0;0;sBELA*;? Unchecked;v1.6.0-140-g9a10cc1
roadmap;dimacs;56/1;1;    531829;    538074;663794;1937;7230261;1319688;1;3033;2.6857;491376;0;0;sBELA*;? Unchecked;v1.6.0-140-g9a10cc1
roadmap;dimacs;57/1;1;     65785;   1728556;255073;1017;3029245;623653;1;3033;1.24219;502058;0;0;sBELA*;? Unchecked;v1.6.0-140-g9a10cc1
roadmap;dimacs;58/1;1;   1182648;    947461;461621;1103;5479908;1336677;1;3033;2.74415;487100;0;0;sBELA*;? Unchecked;v1.6.0-140-g9a10cc1
roadmap;dimacs;59/1;1;    834369;   1832866;502291;1358;6184324;1425426;1;3033;2.88726;493695;0;0;sBELA*;? Unchecked;v1.6.0-140-g9a10cc1
roadmap;dimacs;60/1;1;   1579344;    795855;1121257;3397;13143888;1884522;1;3033;3.92716;479869;0;0;sBELA*;? Unchecked;v1.6.0-140-g9a10cc1
roadmap;dimacs;61/1;1;    830015;   1296962;605605;1349;6488746;1055189;1;3033;2.23854;471373;0;0;sBELA*;? Unchecked;v1.6.0-140-g9a10cc1
roadmap;dimacs;62/1;1;    390249;     22433;179570;795;2515915;355312;1;3033;0.797009;445807;0;0;sBELA*;? Unchecked;v1.6.0-140-g9a10cc1
roadmap;dimacs;63/1;1;   1361440;    776903;455922;1688;6005520;1471755;1;3033;3.30445;445385;0;0;sBELA*;? Unchecked;v1.6.0-140-g9a10cc1
roadmap;dimacs;64/1;1;   1526444;    433636;84680;456;1089978;259318;1;3033;0.504853;513651;0;0;sBELA*;? Unchecked;v1.6.0-140-g9a10cc1
roadmap;dimacs;65/1;1;    653723;   1649198;619628;1796;6702822;1071768;1;3033;2.26612;472953;0;0;sBELA*;? Unchecked;v1.6.0-140-g9a10cc1
roadmap;dimacs;66/1;1;   1848324;   1867145;207351;309;2480055;103932;1;3033;0.264282;393261;0;0;sBELA*;? Unchecked;v1.6.0-140-g9a10cc1
roadmap;dimacs;67/1;1;    556081;   1705850;131686;545;1729213;327595;1;3033;0.6569;498699;0;0;sBELA*;? Unchecked;v1.6.0-140-g9a10cc1
roadmap;dimacs;68/1;1;   1041215;   1753708;535527;1133;7037992;387434;1;3033;0.914871;423485;0;0;sBELA*;? Unchecked;v1.6.0-140-g9a10cc1
roadmap;dimacs;69/1;1;   1673024;   1341690;235145;732;3011388;213792;1;3033;0.459917;464849;0;0;sBELA*;? Unchecked;v1.6.0-140-g9a10cc1
roadmap;dimacs;70/1;1;   1305038;   1494283;532061;1208;5867865;1269591;1;3033;2.62272;484074;0;0;sBELA*;? Unchecked;v1.6.0-140-g9a10cc1
roadmap;dimacs;71/1;1;    989350;    282657;490147;1040;5936533;695076;1;3033;1.50681;461291;0;0;sBELA*;? Unchecked;v1.6.0-140-g9a10cc1
roadmap;dimacs;72/1;1;    277177;    414997;617912;1573;6899112;1519468;1;3033;3.21251;472984;0;0;sBELA*;? Unchecked;v1.6.0-140-g9a10cc1
roadmap;dimacs;73/1;1;    189385;    632745;319084;1373;3513073;807610;1;3033;1.67554;482000;0;0;sBELA*;? Unchecked;v1.6.0-140-g9a10cc1
roadmap;dimacs;74/1;1;   1642632;    169223;180387;620;2265831;178477;1;3033;0.430518;414563;0;0;sBELA*;? Unchecked;v1.6.0-140-g9a10cc1
roadmap;dimacs;75/1;1;   1160966;    638119;1038391;3042;11495022;1711406;1;3033;3.70683;461689;0;0;sBELA*;? Unchecked;v1.6.0-140-g9a10cc1
roadmap;dimacs;76/1;1;   1759861;   1021392;702708;1542;8552462;1696418;1;3033;3.73033;454764;0;0;sBELA*;? Unchecked;v1.6.0-140-g9a10cc1
roadmap;dimacs;77/1;1;    681135;     95876;662821;1715;7581201;1338583;1;3033;2.755;485874;0;0;sBELA*;? Unchecked;v1.6.0-140-g9a10cc1
roadmap;dimacs;78/1;1;    614892;    385398;803037;2062;8944793;1759176;1;3033;3.88579;452720;0;0;sBELA*;? Unchecked;v1.6.0-140-g9a10cc1
roadmap;dimacs;79/1;1;   1726489;   1469303;862661;2275;9933278;1674606;1;3033;3.67157;456100;0;0;sBELA*;? Unchecked;v1.6.0-140-g9a10cc1
roadmap;dimacs;80/1;1;     52390;    909716;192130;593;2588915;313934;1;3033;0.650799;482382;0;0;sBELA*;? Unchecked;v1.6.0-140-g9a10cc1
roadmap;dimacs;81/1;1;   1438544;   1709652;210940;739;2861369;408761;1;3033;0.849367;481254;0;0;sBELA*;? Unchecked;v1.6.0-140-g9a10cc1
roadmap;dimacs;82/1;1;   1885245;   1219012;568631;967;7656866;909980;1;3033;1.94383;468138;0;0;sBELA*;? Unchecked;v1.6.0-140-g9a10cc1
roadmap;dimacs;83/1;1;    474128;    462404;632962;1664;6969701;1388479;1;3033;2.87506;482938;0;0;sBELA*;? Unchecked;v1.6.0-140-g9a10cc1
roadmap;dimacs;84/1;1;   1776146;    980278;386384;1128;5050966;902967;1;3033;1.92934;468019;0;0;sBELA*;? Unchecked;v1.6.0-140-g9a10cc1
roadmap;dimacs;85/1;1;   1391963;    468960;690267;2003;7717518;1493173;1;3033;3.14287;475098;0;0;sBELA*;? Unchecked;v1.6.0-140-g9a10cc1
roadmap;dimacs;86/1;1;   1052481;    543349;703537;2133;9460452;1433214;1;3033;3.14161;456203;0;0;sBELA*;? Unchecked;v1.6.0-140-g9a10cc1
roadmap;dimacs;87/1;1;   1821017;    791672;551935;1104;6671097;237784;1;3033;0.622392;382049;0;0;sBELA*;? Unchecked;v1.6.0-140-g9a10cc1
roadmap;dimacs;88/1;1;    135239;   1107730;177484;563;1990016;263805;1;3033;0.532607;495309;0;0;sBELA*;? Unchecked;v1.6.0-140-g9a10cc1
roadmap;dimacs;89/1;1;    105712;   1042809;626385;1613;8540319;1865097;1;3033;4.04854;460684;0;0;sBELA*;? Unchecked;v1.6.0-140-g9a10cc1
roadmap;dimacs;90/1;1;    269271;     31624;538827;1476;5830477;1224798;1;3033;2.56725;477085;0;0;sBELA*;? Unchecked;v1.6.0-140-g9a10cc1
roadmap;dimacs;91/1;1;    711516;   1110978;330196;1485;3813557;734668;1;3033;1.54941;474161;0;0;sBELA*;? Unchecked;v1.6.0-140-g9a10cc1
roadmap;dimacs;92/1;1;    129884;   1702774;256443;947;2963343;525195;1;3033;1.0986;478057;0;0;sBELA*;? Unchecked;v1.6.0-140-g9a10cc1
roadmap;dimacs;93/1;1;    677739;   1445420;90417;333;1108507;209067;1;3033;0.408043;512366;0;0;sBELA*;? Unchecked;v1.6.0-140-g9a10cc1
roadmap;dimacs;94/1;1;    689436;    132056;224853;727;2697369;510186;1;3033;1.01115;504560;0;0;sBELA*;? Unchecked;v1.6.0-140-g9a10cc1
roadmap;dimacs;95/1;1;    172705;   1375271;480521;1060;5217136;1330414;1;3033;2.85396;466164;0;0;sBELA*;? Unchecked;v1.6.0-140-g9a10cc1
roadmap;dimacs;96/1;1;   1879024;    843565;170548;720;2025794;152815;1;3033;0.35984;424675;0;0;sBELA*;? Unchecked;v1.6.0-140-g9a10cc1
roadmap;dimacs;97/1;1;    594555;   1305211;146214;971;1536146;483964;1;3033;0.950305;509272;0;0;sBELA*;? Unchecked;v1.6.0-140-g9a10cc1
roadmap;dimacs;98/1;1;    338636;    646444;221052;1052;2535708;661298;1;3033;1.33952;493681;0;0;sBELA*;? Unchecked;v1.6.0-140-g9a10cc1
roadmap;dimacs;99/1;1;   1834673;    546450;436400;1191;5698035;389773;1;3033;0.933574;417506;0;0;sBELA*;? Unchecked;v1.6.0-140-g9a10cc1
roadmap;dimacs;0/5;5;   1158641;   1272769;836775;2232;9081374;1199302;5;3033;2.76478;433778;0;0;sBELA*;? Unchecked;v1.6.0-140-g9a10cc1
roadmap;dimacs;1/5;5;     54758;   1370062;348512;1525;4088356;739505;8;3033;1.60197;461623;0;0;sBELA*;? Unchecked;v1.6.0-140-g9a10cc1
roadmap;dimacs;2/5;5;    935047;   1190851;242246;522;3005912;132126;8;3033;0.319415;413650;0;0;sBELA*;? Unchecked;v1.6.0-140-g9a10cc1
roadmap;dimacs;3/5;5;    548674;   1730064;185823;787;2234637;466788;5;3033;0.950586;491053;0;0;sBELA*;? Unchecked;v1.6.0-140-g9a10cc1
roadmap;dimacs;4/5;5;    713105;   1135162;105821;256;1393221;94784;18;3033;0.213358;444249;0;0;sBELA*;? Unchecked;v1.6.0-140-g9a10cc1
roadmap;dimacs;5/5;5;   1213983;   1847687;385742;1048;5259051;1352647;9;3033;2.82295;479162;0;0;sBELA*;? Unchecked;v1.6.0-140-g9a10cc1
roadmap;dimacs;6/5;5;   1416819;   1454455;129232;583;1387838;448795;5;3033;0.905564;495597;0;0;sBELA*;? Unchecked;v1.6.0-140-g9a10cc1
roadmap;dimacs;7/5;5;   1202525;   1287863;187757;925;2205702;439638;3;3033;0.953378;461137;0;0;sBELA*;? Unchecked;v1.6.0-140-g9a10cc1
roadmap;dimacs;8/5;5;    416104;   1824062;341905;1267;4704522;882041;8;3033;1.90974;461865;0;0;sBELA*;? Unchecked;v1.6.0-140-g9a10cc1
roadmap;dimacs;9/5;5;    350612;   1840987;740325;1633;9115692;1794205;3;3033;3.90856;459045;0;0;sBELA*;? Unchecked;v1.6.0-140-g9a10cc1
roadmap;dimacs;10/5;5;    581610;   1031954;665220;1737;7767641;1387154;3;3033;2.82019;491865;0;0;sBELA*;? Unchecked;v1.6.0-140-g9a10cc1
roadmap;dimacs;11/5;5;    329503;   1179401;311471;686;3446387;831133;3;3033;1.69534;490247;0;0;sBELA*;? Unchecked;v1.6.0-140-g9a10cc1
roadmap;dimacs;12/5;5;    480267;    159302;662588;1501;7974002;1139977;8;3033;2.41836;471385;0;0;sBELA*;? Unchecked;v1.6.0-140-g9a10cc1
roadmap;dimacs;13/5;5;   1890527;   1576171;736387;1614;8709092;1287001;7;3033;2.94512;436995;0;0;sBELA*;? Unchecked;v1.6.0-140-g9a10cc1
roadmap;dimacs;14/5;5;   1743677;    933040;323236;966;5426132;1340166;4;3033;2.8257;474278;0;0;sBELA*;? Unchecked;v1.6.0-140-g9a10cc1
roadmap;dimacs;15/5;5;   1460731;   1705524;743782;2202;8152763;1592956;1;3033;3.33013;478347;0;0;sBELA*;? Unchecked;v1.6.0-140-g9a10cc1
roadmap;dimacs;16/5;5;    801770;    765171;462423;1632;5188904;617735;5;3033;1.33674;462122;0;0;sBELA*;? Unchecked;v1.6.0-140-g9a10cc1
roadmap;dimacs;17/5;5;   1076837;   1604094;79473;403;1054980;213099;5;3033;0.420465;506818;0;0;sBELA*;? Unchecked;v1.6.0-140-g9a10cc1
roadmap;dimacs;18/5;5;   1431544;    194846;459353;1536;5259138;969021;6;3033;2.07615;466740;0;0;sBELA*;? Unchecked;v1.6.0-140-g9a10cc1
roadmap;dimacs;19/5;5;   1536202;    632533;212958;695;2578204;614271;5;3033;1.25822;488207;0;0;sBELA*;? Unchecked;v1.6.0-140-g9a10cc1
roadmap;dimacs;20/5;5;    356711;    288578;443907;1572;4883636;1076456;2;3033;2.35487;457119;0;0;sBELA*;? Unchecked;v1.6.0-140-g9a10cc1
roadmap;dimacs;21/5;5;   1416275;   1578430;108621;453;1175794;371108;16;3033;0.742279;499957;0;0;sBELA*;? Unchecked;v1.6.0-140-g9a10cc1
roadmap;dimacs;22/5;5;   1267172;   1104888;580507;1385;6179731;1303449;3;3033;2.68115;486153;0;0;sBELA*;? Unchecked;v1.6.0-140-g9a10cc1
roadmap;dimacs;23/5;5;   1466216;   1076837;599781;1624;6568821;1245203;1;3033;2.60298;478376;0;0;sBELA*;? Unchecked;v1.6.0-140-g9a10cc1
roadmap;dimacs;24/5;5;   1228417;     41268;151577;921;1804821;261190;6;3033;0.506162;516020;0;0;sBELA*;? Unchecked;v1.6.0-140-g9a10cc1
roadmap;dimacs;25/5;5;    321340;    192757;126579;393;1500443;375006;5;3033;0.747614;501604;0;0;sBELA*;? Unchecked;v1.6.0-140-g9a10cc1
roadmap;dimacs;26/5;5;    965921;   1375640;462180;1292;6122368;1485431;7;3033;3.28569;452091;0;0;sBELA*;? Unchecked;v1.6.0-140-g9a10cc1
roadmap;dimacs;27/5;5;   1657428;    779364;407496;1485;5065126;905042;5;3033;1.96107;461504;0;0;sBELA*;? Unchecked;v1.6.0-140-g9a10cc1
roadmap;dimacs;28/5;5;    454410;    618767;73790;398;955320;329053;6;3033;0.646505;508972;0;0;sBELA*;? Unchecked;v1.6.0-140-g9a10cc1
roadmap;dimacs;29/5;5;   1453433;   1181632;234980;572;3003248;684917;5;3033;1.36715;500980;0;0;sBELA*;? Unchecked;v1.6.0-140-g9a10cc1
roadmap;dimacs;30/5;5;    261444;   1761841;63227;477;789740;220717;7;3033;0.435532;506775;0;0;sBELA*;? Unchecked;v1.6.0-140-g9a10cc1
roadmap;dimacs;31/5;5;   1710330;   1308565;571484;1237;6157044;1000474;1;3033;2.0779;481482;0;0;sBELA*;? Unchecked;v1.6.0-140-g9a10cc1
roadmap;dimacs;32/5;5;   1622269;    239225;324818;1506;3830734;654398;5;3033;1.33292;490949;0;0;sBELA*;? Unchecked;v1.6.0-140-g9a10cc1
roadmap;dimacs;33/5;5;    858782;    835734;273081;937;2932110;457803;7;3033;0.992838;461105;0;0;sBELA*;? Unchecked;v1.6.0-140-g9a10cc1
roadmap;dimacs;34/5;5;   1164733;   1686951;224372;633;3418223;143016;5;3033;0.328833;434920;0;0;sBELA*;? Unchecked;v1.6.0-140-g9a10cc1
roadmap;dimacs;35/5;5;   1008319;    677177;694520;1771;8091396;1745847;14;3033;3.65304;477916;0;0;sBELA*;? Unchecked;v1.6.0-140-g9a10cc1
roadmap;dimacs;36/5;5;   1646034;   1063654;838593;1900;9241741;1858917;1;3033;4.04749;459276;0;0;sBELA*;? Unchecked;v1.6.0-140-g9a10cc1
roadmap;dimacs;37/5;5;    682994;   1688601;1067651;3400;12098029;1867470;1;3033;3.94576;473286;0;0;sBELA*;? Unchecked;v1.6.0-140-g9a10cc1
roadmap;dimacs;38/5;5;    257300;    548822;568383;1143;6020820;1309940;3;3033;2.75627;475258;0;0;sBELA*;? Unchecked;v1.6.0-140-g9a10cc1
roadmap;dimacs;39/5;5;   1208113;    169244;86039;253;994605;56305;6;3033;0.138781;405711;0;0;sBELA*;? Unchecked;v1.6.0-140-g9a10cc1
roadmap;dimacs;40/5;5;   1226440;   1391278;762181;2163;8142667;1479213;1;3033;3.20145;462044;0;0;sBELA*;? Unchecked;v1.6.0-140-g9a10cc1
roadmap;dimacs;41/5;5;    122277;   1128394;211069;722;2944499;500583;6;3033;1.04313;479888;0;0;sBELA*;? Unchecked;v1.6.0-140-g9a10cc1
roadmap;dimacs;42/5;5;     66946;   1214669;559170;1054;5959980;971969;3;3033;2.07868;467589;0;0;sBELA*;? Unchecked;v1.6.0-140-g9a10cc1
roadmap;dimacs;43/5;5;    299055;   1685578;867092;2344;9966137;1809902;1;3033;3.92781;460791;0;0;sBELA*;? Unchecked;v1.6.0-140-g9a10cc1
roadmap;dimacs;44/5;5;   1617239;   1448010;431664;1339;4746020;1054271;9;3033;2.30644;457099;0;0;sBELA*;? Unchecked;v1.6.0-140-g9a10cc1
roadmap;dimacs;45/5;5;     88434;    220092;162378;817;1922184;395373;5;3033;0.799844;494312;0;0;sBELA*;? Unchecked;v1.6.0-140-g9a10cc1
roadmap;dimacs;46/5;5;    765554;   1136443;219632;713;2443481;448546;1;3033;0.956296;469045;0;0;sBELA*;? Unchecked;v1.6.0-140-g9a10cc1
roadmap;dimacs;47/5;5;   1662423;    665304;617218;2022;6865214;1498684;1;3033;3.21674;465901;0;0;sBELA*;? Unchecked;v1.6.0-140-g9a10cc1
roadmap;dimacs;48/5;5;    522581;    744644;559543;1294;6138023;1076415;1;3033;2.32685;462606;0;0;sBELA*;? Unchecked;v1.6.0-140-g9a10cc1
roadmap;dimacs;49/5;5;    880871;    913237;417900;1191;4898407;981348;6;3033;2.14232;458078;0;0;sBELA*;? Unchecked;v1.6.0-140-g9a10cc1
roadmap;dimacs;50/5;5;    184031;   1879161;467172;1174;5260628;1210891;3;3033;2.65193;456607;0;0;sBELA*;? Unchecked;v1.6.0-140-g9a10cc1
roadmap;dimacs;51/5;5;    638122;   1463354;114492;445;1317115;179359;5;3033;0.355112;505077;0;0;sBELA*;? Unchecked;v1.6.0-140-g9a10cc1
roadmap;dimacs;52/5;5;   1314005;    356552;391568;1161;4462513;947627;4;3033;2.04406;463600;0;0;sBELA*;? Unchecked;v1.6.0-140-g9a10cc1
roadmap;dimacs;53/5;5;     21748;   1031477;909846;2539;10681248;1534998;2;3033;3.45386;444430;0;0;sBELA*;? Unchecked;v1.6.0-140-g9a10cc1
roadmap;dimacs;54/5;5;    149376;    488085;110158;236;1225855;26317;10;3033;0.0769718;341905;0;0;sBELA*;? Unchecked;v1.6.0-140-g9a10cc1
roadmap;dimacs;55/5;5;   1471925;   1271058;63505;442;722678;229691;2;3033;0.454404;505477;0;0;sBELA*;? Unchecked;v1.6.0-140-g9a10cc1
roadmap;dimacs;56/5;5;    531829;    538074;663794;1940;7230264;1319689;3;3033;2.75971;478199;0;0;sBELA*;? Unchecked;v1.6.0-140-g9a10cc1
roadmap;dimacs;57/5;5;     65785;   1728556;255073;1017;3029316;623664;7;3033;1.33439;467379;0;0;sBELA*;? Unchecked;v1.6.0-140-g9a10cc1
roadmap;dimacs;58/5;5;   1182648;    947461;461621;1104;5479936;1336689;2;3033;2.85256;468593;0;0;sBELA*;? Unchecked;v1.6.0-140-g9a10cc1
roadmap;dimacs;59/5;5;    834369;   1832866;502291;1357;6184336;1425432;5;3033;2.9849;477548;0;0;sBELA*;? Unchecked;v1.6.0-140-g9a10cc1
roadmap;dimacs;60/5;5;   1579344;    795855;1121257;3404;13143890;1884522;2;3033;4.04958;465362;0;0;sBELA*;? Unchecked;v1.6.0-140-g9a10cc1
roadmap;dimacs;61/5;5;    830015;   1296962;605605;1349;6488746;1055189;1;3033;2.27009;464823;0;0;sBELA*;? Unchecked;v1.6.0-140-g9a10cc1
roadmap;dimacs;62/5;5;    390249;     22433;179570;795;2515915;355312;1;3033;0.794548;447188;0;0;sBELA*;? Unchecked;v1.6.0-140-g9a10cc1
roadmap;dimacs;63/5;5;   1361440;    776903;455922;1689;6005574;1471769;7;3033;3.38924;434247;0;0;sBELA*;? Unchecked;v1.6.0-140-g9a10cc1
roadmap;dimacs;64/5;5;   1526444;    433636;84680;453;1090054;259371;5;3033;0.507133;511445;0;0;sBELA*;? Unchecked;v1.6.0-140-g9a10cc1
roadmap;dimacs;65/5;5;    653723;   1649198;619628;1797;6702822;1071768;1;3033;2.29692;466611;0;0;sBELA*;? Unchecked;v1.6.0-140-g9a10cc1
roadmap;dimacs;66/5;5;   1848324;   1867145;207351;310;2480753;104022;38;3033;0.27092;383958;0;0;sBELA*;? Unchecked;v1.6.0-140-g9a10cc1
roadmap;dimacs;67/5;5;    556081;   1705850;131686;546;1729227;327600;3;3033;0.636849;514408;0;0;sBELA*;? Unchecked;v1.6.0-140-g9a10cc1
roadmap;dimacs;68/5;5;   1041215;   1753708;535527;1134;7038061;387451;5;3033;0.977813;396242;0;0;sBELA*;? Unchecked;v1.6.0-140-g9a10cc1
roadmap;dimacs;69/5;5;   1673024;   1341690;235145;732;3011400;213797;5;3033;0.466388;458410;0;0;sBELA*;? Unchecked;v1.6.0-140-g9a10cc1
roadmap;dimacs;70/5;5;   1305038;   1494283;532061;1208;5867878;1269599;5;3033;2.66982;475538;0;0;sBELA*;? Unchecked;v1.6.0-140-g9a10cc1
roadmap;dimacs;71/5;5;    989350;    282657;490147;1040;5936551;695098;5;3033;1.56321;444661;0;0;sBELA*;? Unchecked;v1.6.0-140-g9a10cc1
roadmap;dimacs;72/5;5;    277177;    414997;617912;1573;6899125;1519469;5;3033;3.24223;468650;0;0;sBELA*;? Unchecked;v1.6.0-140-g9a10cc1
roadmap;dimacs;73/5;5;    189385;    632745;319084;1373;3513073;807610;1;3033;1.68581;479063;0;0;sBELA*;? Unchecked;v1.6.0-140-g9a10cc1
roadmap;dimacs;74/5;5;   1642632;    169223;180387;621;2266205;178541;25;3033;0.434901;410533;0;0;sBELA*;? Unchecked;v1.6.0-140-g9a10cc1
roadmap;dimacs;75/5;5;   1160966;    638119;1038391;3041;11495022;1711406;1;3033;3.79371;451117;0;0;sBELA*;? Unchecked;v1.6.0-140-g9a10cc1
roadmap;dimacs;76/5;5;   1759861;   1021392;702708;1539;8552466;1696418;3;3033;3.77458;449432;0;0;sBELA*;? Unchecked;v1.6.0-140-g9a10cc1
roadmap;dimacs;77/5;5;    681135;     95876;662821;1713;7581234;1338590;9;3033;2.75877;485213;0;0;sBELA*;? Unchecked;v1.6.0-140-g9a10cc1
roadmap;dimacs;78/5;5;    614892;    385398;803037;2063;8944796;1759177;3;3033;3.93608;446936;0;0;sBELA*;? Unchecked;v1.6.0-140-g9a10cc1
roadmap;dimacs;79/5;5;   1726489;   1469303;862661;2274;9933279;1674606;3;3033;3.76501;444781;0;0;sBELA*;? Unchecked;v1.6.0-140-g9a10cc1
roadmap;dimacs;80/5;5;     52390;    909716;192130;594;2589011;313952;6;3033;0.690399;454740;0;0;sBELA*;? Unchecked;v1.6.0-140-g9a10cc1
roadmap;dimacs;81/5;5;   1438544;   1709652;210940;739;2861398;408773;5;3033;0.875041;467147;0;0;sBELA*;? Unchecked;v1.6.0-140-g9a10cc1
roadmap;dimacs;82/5;5;   1885245;   1219012;568631;967;7656900;909995;5;3033;2.02171;450113;0;0;sBELA*;? Unchecked;v1.6.0-140-g9a10cc1
roadmap;dimacs;83/5;5;    474128;    462404;632962;1663;6969701;1388479;1;3033;2.91487;476343;0;0;sBELA*;? Unchecked;v1.6.0-140-g9a10cc1
roadmap;dimacs;84/5;5;   1776146;    980278;386384;1128;5051053;902973;5;3033;1.99819;451896;0;0;sBELA*;? Unchecked;v1.6.0-140-g9a10cc1
roadmap;dimacs;85/5;5;   1391963;    468960;690267;2004;7717518;1493173;1;3033;3.16687;471498;0;0;sBELA*;? Unchecked;v1.6.0-140-g9a10cc1
roadmap;dimacs;86/5;5;   1052481;    543349;703537;2133;9460464;1433216;6;3033;3.22403;444542;0;0;sBELA*;? Unchecked;v1.6.0-140-g9a10cc1
roadmap;dimacs;87/5;5;   1821017;    791672;551935;1103;6671117;237787;5;3033;0.655622;362689;0;0;sBELA*;? Unchecked;v1.6.0-140-g9a10cc1
roadmap;dimacs;88/5;5;    135239;   1107730;177484;562;1990026;263807;5;3033;0.529976;497771;0;0;sBELA*;? Unchecked;v1.6.0-140-g9a10cc1
roadmap;dimacs;89/5;5;    105712;   1042809;626385;1614;8540358;1865099;4;3033;4.12407;452247;0;0;sBELA*;? Unchecked;v1.6.0-140-g9a10cc1
roadmap;dimacs;90/5;5;    269271;     31624;538827;1476;5830477;1224798;1;3033;2.60343;470455;0;0;sBELA*;? Unchecked;v1.6.0-140-g9a10cc1
roadmap;dimacs;91/5;5;    711516;   1110978;330196;1486;3813570;734678;4;3033;1.56744;468712;0;0;sBELA*;? Unchecked;v1.6.0-140-g9a10cc1
roadmap;dimacs;92/5;5;    129884;   1702774;256443;947;2963392;525214;6;3033;1.10291;476209;0;0;sBELA*;? Unchecked;v1.6.0-140-g9a10cc1
roadmap;dimacs;93/5;5;    677739;   1445420;90417;334;1108842;209217;12;3033;0.404522;517196;0;0;sBELA*;? Unchecked;v1.6.0-140-g9a10cc1
roadmap;dimacs;94/5;5;    689436;    132056;224853;726;2697399;510190;5;3033;1.03662;492167;0;0;sBELA*;? Unchecked;v1.6.0-140-g9a10cc1
roadmap;dimacs;95/5;5;    172705;   1375271;480521;1060;5217149;1330418;5;3033;2.88477;461187;0;0;sBELA*;? Unchecked;v1.6.0-140-g9a10cc1
roadmap;dimacs;96/5;5;   1879024;    843565;170548;720;2025804;152819;5;3033;0.387244;394633;0;0;sBELA*;? Unchecked;v1.6.0-140-g9a10cc1
roadmap;dimacs;97/5;5;    594555;   1305211;146214;971;1536158;483967;5;3033;0.955281;506623;0;0;sBELA*;? Unchecked;v1.6.0-140-g9a10cc1
roadmap;dimacs;98/5;5;    338636;    646444;221052;1051;2535716;661298;3;3033;1.34745;490778;0;0;sBELA*;? Unchecked;v1.6.0-140-g9a10cc1
roadmap;dimacs;99/5;5;   1834673;    546450;436400;1191;5698041;389773;3;3033;0.967802;402740;0;0;sBELA*;? Unchecked;v1.6.0-140-g9a10cc1
roadmap;dimacs;0/10;10;   1158641;   1272769;836775;2233;9081378;1199303;10;3033;2.81453;426111;0;0;sBELA*;? Unchecked;v1.6.0-140-g9a10cc1
roadmap;dimacs;1/10;10;     54758;   1370062;348512;1524;4088362;739505;14;3033;1.64042;450802;0;0;sBELA*;? Unchecked;v1.6.0-140-g9a10cc1
roadmap;dimacs;2/10;10;    935047;   1190851;242246;522;3006022;132133;22;3033;0.320484;412292;0;0;sBELA*;? Unchecked;v1.6.0-140-g9a10cc1
roadmap;dimacs;3/10;10;    548674;   1730064;185823;787;2234653;466798;10;3033;0.975873;478339;0;0;sBELA*;? Unchecked;v1.6.0-140-g9a10cc1
roadmap;dimacs;4/10;10;    713105;   1135162;105821;256;1393327;94796;43;3033;0.211408;448403;0;0;sBELA*;? Unchecked;v1.6.0-140-g9a10cc1
roadmap;dimacs;5/10;10;   1213983;   1847687;385742;1049;5259166;1352662;31;3033;2.85545;473713;0;0;sBELA*;? Unchecked;v1.6.0-140-g9a10cc1
roadmap;dimacs;6/10;10;   1416819;   1454455;129232;584;1387854;448799;10;3033;0.893257;502430;0;0;sBELA*;? Unchecked;v1.6.0-140-g9a10cc1
roadmap;dimacs;7/10;10;   1202525;   1287863;187757;925;2205717;439650;5;3033;0.978554;449285;0;0;sBELA*;? Unchecked;v1.6.0-140-g9a10cc1
roadmap;dimacs;8/10;10;    416104;   1824062;341905;1268;4704572;882043;18;3033;1.93731;455293;0;0;sBELA*;? Unchecked;v1.6.0-140-g9a10cc1
roadmap;dimacs;9/10;10;    350612;   1840987;740325;1631;9115732;1794206;5;3033;3.93963;455425;0;0;sBELA*;? Unchecked;v1.6.0-140-g9a10cc1
roadmap;dimacs;10/10;10;    581610;   1031954;665220;1737;7767649;1387157;5;3033;2.8641;484325;0;0;sBELA*;? Unchecked;v1.6.0-140-g9a10cc1
roadmap;dimacs;11/10;10;    329503;   1179401;311471;689;3446405;831139;5;3033;1.70828;486537;0;0;sBELA*;? Unchecked;v1.6.0-140-g9a10cc1
roadmap;dimacs;12/10;10;    480267;    159302;662588;1503;7974029;1139986;15;3033;2.43698;467786;0;0;sBELA*;? Unchecked;v1.6.0-140-g9a10cc1
roadmap;dimacs;13/10;10;   1890527;   1576171;736387;1618;8709116;1287011;13;3033;3.01756;426507;0;0;sBELA*;? Unchecked;v1.6.0-140-g9a10cc1
roadmap;dimacs;14/10;10;   1743677;    933040;323236;966;5426136;1340167;7;3033;2.86186;468286;0;0;sBELA*;? Unchecked;v1.6.0-140-g9a10cc1
roadmap;dimacs;15/10;10;   1460731;   1705524;743782;2204;8152763;1592956;1;3033;3.37578;471877;0;0;sBELA*;? Unchecked;v1.6.0-140-g9a10cc1
roadmap;dimacs;16/10;10;    801770;    765171;462423;1633;5188925;617740;10;3033;1.37846;448139;0;0;sBELA*;? Unchecked;v1.6.0-140-g9a10cc1
roadmap;dimacs;17/10;10;   1076837;   1604094;79473;405;1055001;213104;10;3033;0.423271;503470;0;0;sBELA*;? Unchecked;v1.6.0-140-g9a10cc1
roadmap;dimacs;18/10;10;   1431544;    194846;459353;1537;5259147;969022;11;3033;2.10717;459870;0;0;sBELA*;? Unchecked;v1.6.0-140-g9a10cc1
roadmap;dimacs;19/10;10;   1536202;    632533;212958;697;2578259;614289;12;3033;1.26261;486522;0;0;sBELA*;? Unchecked;v1.6.0-140-g9a10cc1
roadmap;dimacs;20/10;10;    356711;    288578;443907;1572;4883641;1076457;3;3033;2.39343;449754;0;0;sBELA*;? Unchecked;v1.6.0-140-g9a10cc1
roadmap;dimacs;21/10;10;   1416275;   1578430;108621;453;1176014;371169;78;3033;0.747577;496496;0;0;sBELA*;? Unchecked;v1.6.0-140-g9a10cc1
roadmap;dimacs;22/10;10;   1267172;   1104888;580507;1386;6179733;1303449;5;3033;2.71969;479264;0;0;sBELA*;? Unchecked;v1.6.0-140-g9a10cc1
roadmap;dimacs;23/10;10;   1466216;   1076837;599781;1624;6568822;1245204;2;3033;2.6481;470226;0;0;sBELA*;? Unchecked;v1.6.0-140-g9a10cc1
roadmap;dimacs;24/10;10;   1228417;     41268;151577;922;1804835;261194;13;3033;0.510399;511744;0;0;sBELA*;? Unchecked;v1.6.0-140-g9a10cc1
roadmap;dimacs;25/10;10;    321340;    192757;126579;392;1500457;375009;10;3033;0.756733;495563;0;0;sBELA*;? Unchecked;v1.6.0-140-g9a10cc1
roadmap;dimacs;26/10;10;    965921;   1375640;462180;1276;6122396;1485442;12;3033;3.34997;443419;0;0;sBELA*;? Unchecked;v1.6.0-140-g9a10cc1
roadmap;dimacs;27/10;10;   1657428;    779364;407496;1483;5065183;905053;14;3033;1.97538;458168;0;0;sBELA*;? Unchecked;v1.6.0-140-g9a10cc1
roadmap;dimacs;28/10;10;    454410;    618767;73790;397;955322;329053;8;3033;0.640746;513547;0;0;sBELA*;? Unchecked;v1.6.0-140-g9a10cc1
roadmap;dimacs;29/10;10;   1453433;   1181632;234980;572;3003309;684922;14;3033;1.3793;496572;0;0;sBELA*;? Unchecked;v1.6.0-140-g9a10cc1
roadmap;dimacs;30/10;10;    261444;   1761841;63227;479;789751;220724;13;3033;0.440927;500591;0;0;sBELA*;? Unchecked;v1.6.0-140-g9a10cc1
roadmap;dimacs;31/10;10;   1710330;   1308565;571484;1240;6157046;1000475;2;3033;2.11876;472197;0;0;sBELA*;? Unchecked;v1.6.0-140-g9a10cc1
roadmap;dimacs;32/10;10;   1622269;    239225;324818;1495;3830753;654406;10;3033;1.3751;475897;0;0;sBELA*;? Unchecked;v1.6.0-140-g9a10cc1
roadmap;dimacs;33/10;10;    858782;    835734;273081;939;2932124;457808;13;3033;1.01786;449777;0;0;sBELA*;? Unchecked;v1.6.0-140-g9a10cc1
roadmap;dimacs;34/10;10;   1164733;   1686951;224372;635;3418234;143016;7;3033;0.333072;429385;0;0;sBELA*;? Unchecked;v1.6.0-140-g9a10cc1
roadmap;dimacs;35/10;10;   1008319;    677177;694520;1772;8091422;1745853;23;3033;3.73122;467905;0;0;sBELA*;? Unchecked;v1.6.0-140-g9a10cc1
roadmap;dimacs;36/10;10;   1646034;   1063654;838593;1904;9241741;1858917;1;3033;4.10497;452845;0;0;sBELA*;? Unchecked;v1.6.0-140-g9a10cc1
roadmap;dimacs;37/10;10;    682994;   1688601;1067651;3407;12098031;1867470;2;3033;3.99616;467316;0;0;sBELA*;? Unchecked;v1.6.0-140-g9a10cc1
roadmap;dimacs;38/10;10;    257300;    548822;568383;1142;6020822;1309941;5;3033;2.75233;475938;0;0;sBELA*;? Unchecked;v1.6.0-140-g9a10cc1
roadmap;dimacs;39/10;10;   1208113;    169244;86039;253;994711;56316;18;3033;0.139397;403996;0;0;sBELA*;? Unchecked;v1.6.0-140-g9a10cc1
roadmap;dimacs;40/10;10;   1226440;   1391278;762181;2165;8142669;1479213;2;3033;3.21772;459708;0;0;sBELA*;? Unchecked;v1.6.0-140-g9a10cc1
roadmap;dimacs;41/10;10;    122277;   1128394;211069;721;2944520;500591;14;3033;1.04967;476905;0;0;sBELA*;? Unchecked;v1.6.0-140-g9a10cc1
roadmap;dimacs;42/10;10;     66946;   1214669;559170;1053;5959982;971969;5;3033;2.11626;459287;0;0;sBELA*;? Unchecked;v1.6.0-140-g9a10cc1
roadmap;dimacs;43/10;10;    299055;   1685578;867092;2344;9966137;1809902;1;3033;3.91886;461844;0;0;sBELA*;? Unchecked;v1.6.0-140-g9a10cc1
roadmap;dimacs;44/10;10;   1617239;   1448010;431664;1334;4746029;1054273;16;3033;2.30082;458216;0;0;sBELA*;? Unchecked;v1.6.0-140-g9a10cc1
roadmap;dimacs;45/10;10;     88434;    220092;162378;810;1922197;395378;9;3033;0.841269;469978;0;0;sBELA*;? Unchecked;v1.6.0-140-g9a10cc1
roadmap;dimacs;46/10;10;    765554;   1136443;219632;713;2443482;448546;2;3033;0.953625;470359;0;0;sBELA*;? Unchecked;v1.6.0-140-g9a10cc1
roadmap;dimacs;47/10;10;   1662423;    665304;617218;2028;6865214;1498684;1;3033;3.22006;465421;0;0;sBELA*;? Unchecked;v1.6.0-140-g9a10cc1
roadmap;dimacs;48/10;10;    522581;    744644;559543;1294;6138024;1076415;2;3033;2.32854;462270;0;0;sBELA*;? Unchecked;v1.6.0-140-g9a10cc1
roadmap;dimacs;49/10;10;    880871;    913237;417900;1189;4898449;981359;12;3033;2.10487;466232;0;0;sBELA*;? Unchecked;v1.6.0-140-g9a10cc1
roadmap;dimacs;50/10;10;    184031;   1879161;467172;1178;5260642;1210899;5;3033;2.64913;457093;0;0;sBELA*;? Unchecked;v1.6.0-140-g9a10cc1
roadmap;dimacs;51/10;10;    638122;   1463354;114492;437;1317152;179368;11;3033;0.358767;499956;0;0;sBELA*;? Unchecked;v1.6.0-140-g9a10cc1
roadmap;dimacs;52/10;10;   1314005;    356552;391568;1164;4462520;947627;6;3033;2.05049;462146;0;0;sBELA*;? Unchecked;v1.6.0-140-g9a10cc1
roadmap;dimacs;53/10;10;     21748;   1031477;909846;2537;10681248;1534998;3;3033;3.48364;440631;0;0;sBELA*;? Unchecked;v1.6.0-140-g9a10cc1
roadmap;dimacs;54/10;10;    149376;    488085;110158;255;1225968;26322;25;3033;0.0769644;342002;0;0;sBELA*;? Unchecked;v1.6.0-140-g9a10cc1
roadmap;dimacs;55/10;10;   1471925;   1271058;63505;445;722738;229732;8;3033;0.44825;512509;0;0;sBELA*;? Unchecked;v1.6.0-140-g9a10cc1
roadmap;dimacs;56/10;10;    531829;    538074;663794;1937;7230265;1319689;5;3033;2.77106;476241;0;0;sBELA*;? Unchecked;v1.6.0-140-g9a10cc1
roadmap;dimacs;57/10;10;     65785;   1728556;255073;1018;3029381;623666;29;3033;1.30915;476390;0;0;sBELA*;? Unchecked;v1.6.0-140-g9a10cc1
roadmap;dimacs;58/10;10;   1182648;    947461;461621;1102;5479941;1336694;3;3033;2.83576;471371;0;0;sBELA*;? Unchecked;v1.6.0-140-g9a10cc1
roadmap;dimacs;59/10;10;    834369;   1832866;502291;1358;6184345;1425433;10;3033;2.99021;476699;0;0;sBELA*;? Unchecked;v1.6.0-140-g9a10cc1
roadmap;dimacs;60/10;10;   1579344;    795855;1121257;3398;13143890;1884522;3;3033;4.06646;463430;0;0;sBELA*;? Unchecked;v1.6.0-140-g9a10cc1
roadmap;dimacs;61/10;10;    830015;   1296962;605605;1352;6488748;1055189;2;3033;2.27302;464223;0;0;sBELA*;? Unchecked;v1.6.0-140-g9a10cc1
roadmap;dimacs;62/10;10;    390249;     22433;179570;795;2515916;355312;2;3033;0.796982;445822;0;0;sBELA*;? Unchecked;v1.6.0-140-g9a10cc1
roadmap;dimacs;63/10;10;   1361440;    776903;455922;1686;6005611;1471783;19;3033;3.37339;436292;0;0;sBELA*;? Unchecked;v1.6.0-140-g9a10cc1
roadmap;dimacs;64/10;10;   1526444;    433636;84680;451;1090072;259385;10;3033;0.503602;515059;0;0;sBELA*;? Unchecked;v1.6.0-140-g9a10cc1
roadmap;dimacs;65/10;10;    653723;   1649198;619628;1799;6702822;1071768;1;3033;2.30518;464939;0;0;sBELA*;? Unchecked;v1.6.0-140-g9a10cc1
roadmap;dimacs;66/10;10;   1848324;   1867145;207351;316;2481509;104118;132;3033;0.276812;376133;0;0;sBELA*;? Unchecked;v1.6.0-140-g9a10cc1
roadmap;dimacs;67/10;10;    556081;   1705850;131686;545;1729251;327604;9;3033;0.639239;512491;0;0;sBELA*;? Unchecked;v1.6.0-140-g9a10cc1
roadmap;dimacs;68/10;10;   1041215;   1753708;535527;1136;7038099;387457;10;3033;0.97458;397563;0;0;sBELA*;? Unchecked;v1.6.0-140-g9a10cc1
roadmap;dimacs;69/10;10;   1673024;   1341690;235145;733;3011431;213802;10;3033;0.468641;456217;0;0;sBELA*;? Unchecked;v1.6.0-140-g9a10cc1
roadmap;dimacs;70/10;10;   1305038;   1494283;532061;1209;5867886;1269601;10;3033;2.66198;476939;0;0;sBELA*;? Unchecked;v1.6.0-140-g9a10cc1
roadmap;dimacs;71/10;10;    989350;    282657;490147;1041;5936563;695107;10;3033;1.5697;442829;0;0;sBELA*;? Unchecked;v1.6.0-140-g9a10cc1
roadmap;dimacs;72/10;10;    277177;    414997;617912;1573;6899139;1519477;10;3033;3.27023;464639;0;0;sBELA*;? Unchecked;v1.6.0-140-g9a10cc1
roadmap;dimacs;73/10;10;    189385;    632745;319084;1373;3513073;807610;1;3033;1.68305;479848;0;0;sBELA*;? Unchecked;v1.6.0-140-g9a10cc1
roadmap;dimacs;74/10;10;   1642632;    169223;180387;622;2266285;178553;46;3033;0.445579;400722;0;0;sBELA*;? Unchecked;v1.6.0-140-g9a10cc1
roadmap;dimacs;75/10;10;   1160966;    638119;1038391;3043;11495024;1711406;2;3033;3.82279;447686;0;0;sBELA*;? Unchecked;v1.6.0-140-g9a10cc1
roadmap;dimacs;76/10;10;   1759861;   1021392;702708;1538;8552470;1696418;5;3033;3.78949;447664;0;0;sBELA*;? Unchecked;v1.6.0-140-g9a10cc1
roadmap;dimacs;77/10;10;    681135;     95876;662821;1717;7581248;1338592;18;3033;2.76429;484245;0;0;sBELA*;? Unchecked;v1.6.0-140-g9a10cc1
roadmap;dimacs;78/10;10;    614892;    385398;803037;2065;8944803;1759177;5;3033;3.93672;446863;0;0;sBELA*;? Unchecked;v1.6.0-140-g9a10cc1
roadmap;dimacs;79/10;10;   1726489;   1469303;862661;2276;9933280;1674607;5;3033;3.7758;443511;0;0;sBELA*;? Unchecked;v1.6.0-140-g9a10cc1
roadmap;dimacs;80/10;10;     52390;    909716;192130;595;2589085;313969;16;3033;0.682821;459811;0;0;sBELA*;? Unchecked;v1.6.0-140-g9a10cc1
roadmap;dimacs;81/10;10;   1438544;   1709652;210940;739;2861403;408774;10;3033;0.878542;465287;0;0;sBELA*;? Unchecked;v1.6.0-140-g9a10cc1
roadmap;dimacs;82/10;10;   1885245;   1219012;568631;968;7656918;910000;10;3033;2.02534;449307;0;0;sBELA*;? Unchecked;v1.6.0-140-g9a10cc1
roadmap;dimacs;83/10;10;    474128;    462404;632962;1664;6969705;1388481;2;3033;2.91303;476646;0;0;sBELA*;? Unchecked;v1.6.0-140-g9a10cc1
roadmap;dimacs;84/10;10;   1776146;    980278;386384;1130;5051071;902977;12;3033;1.99778;451991;0;0;sBELA*;? Unchecked;v1.6.0-140-g9a10cc1
roadmap;dimacs;85/10;10;   1391963;    468960;690267;2003;7717522;1493173;2;3033;3.1721;470721;0;0;sBELA*;? Unchecked;v1.6.0-140-g9a10cc1
roadmap;dimacs;86/10;10;   1052481;    543349;703537;2133;9460470;1433218;11;3033;3.26907;438418;0;0;sBELA*;? Unchecked;v1.6.0-140-g9a10cc1
roadmap;dimacs;87/10;10;   1821017;    791672;551935;1105;6671119;237787;10;3033;0.667771;356091;0;0;sBELA*;? Unchecked;v1.6.0-140-g9a10cc1
roadmap;dimacs;88/10;10;    135239;   1107730;177484;564;1990030;263810;10;3033;0.531771;496097;0;0;sBELA*;? Unchecked;v1.6.0-140-g9a10cc1
roadmap;dimacs;89/10;10;    105712;   1042809;626385;1614;8540372;1865099;6;3033;4.09814;455108;0;0;sBELA*;? Unchecked;v1.6.0-140-g9a10cc1
roadmap;dimacs;90/10;10;    269271;     31624;538827;1476;5830477;1224798;1;3033;2.58522;473770;0;0;sBELA*;? Unchecked;v1.6.0-140-g9a10cc1
roadmap;dimacs;91/10;10;    711516;   1110978;330196;1483;3813586;734686;6;3033;1.56924;468181;0;0;sBELA*;? Unchecked;v1.6.0-140-g9a10cc1
roadmap;dimacs;92/10;10;    129884;   1702774;256443;946;2963423;525224;11;3033;1.14651;458108;0;0;sBELA*;? Unchecked;v1.6.0-140-g9a10cc1
roadmap;dimacs;93/10;10;    677739;   1445420;90417;322;1109118;209335;65;3033;0.419083;499507;0;0;sBELA*;? Unchecked;v1.6.0-140-g9a10cc1
roadmap;dimacs;94/10;10;    689436;    132056;224853;726;2697425;510192;10;3033;1.04498;488233;0;0;sBELA*;? Unchecked;v1.6.0-140-g9a10cc1
roadmap;dimacs;95/10;10;    172705;   1375271;480521;1071;5217157;1330420;10;3033;2.86118;464990;0;0;sBELA*;? Unchecked;v1.6.0-140-g9a10cc1
roadmap;dimacs;96/10;10;   1879024;    843565;170548;719;2025812;152821;8;3033;0.389764;392086;0;0;sBELA*;? Unchecked;v1.6.0-140-g9a10cc1
roadmap;dimacs;97/10;10;    594555;   1305211;146214;971;1536164;483967;10;3033;0.989608;489049;0;0;sBELA*;? Unchecked;v1.6.0-140-g9a10cc1
roadmap;dimacs;98/10;10;    338636;    646444;221052;1053;2535726;661300;6;3033;1.38504;477459;0;0;sBELA*;? Unchecked;v1.6.0-140-g9a10cc1
roadmap;dimacs;99/10;10;   1834673;    546450;436400;1194;5698043;389775;5;3033;0.975837;399426;0;0;sBELA*;? Unchecked;v1.6.0-140-g9a10cc1
roadmap;dimacs;0/20;20;   1158641;   1272769;836775;2207;9081383;1199304;20;3033;2.8634;418840;0;0;sBELA*;? Unchecked;v1.6.0-140-g9a10cc1
roadmap;dimacs;1/20;20;     54758;   1370062;348512;1526;4088373;739505;26;3033;1.6745;441628;0;0;sBELA*;? Unchecked;v1.6.0-140-g9a10cc1
roadmap;dimacs;2/20;20;    935047;   1190851;242246;524;3006132;132145;46;3033;0.352929;374423;0;0;sBELA*;? Unchecked;v1.6.0-140-g9a10cc1
roadmap;dimacs;3/20;20;    548674;   1730064;185823;788;2234699;466821;26;3033;0.985445;473716;0;0;sBELA*;? Unchecked;v1.6.0-140-g9a10cc1
roadmap;dimacs;4/20;20;    713105;   1135162;105821;256;1393478;94809;81;3033;0.21505;440870;0;0;sBELA*;? Unchecked;v1.6.0-140-g9a10cc1
roadmap;dimacs;5/20;20;   1213983;   1847687;385742;1051;5259201;1352671;53;3033;2.83849;476546;0;0;sBELA*;? Unchecked;v1.6.0-140-g9a10cc1
roadmap;dimacs;6/20;20;   1416819;   1454455;129232;584;1387891;448809;20;3033;0.901131;498051;0;0;sBELA*;? Unchecked;v1.6.0-140-g9a10cc1
roadmap;dimacs;7/20;20;   1202525;   1287863;187757;925;2205725;439656;10;3033;0.981461;447961;0;0;sBELA*;? Unchecked;v1.6.0-140-g9a10cc1
roadmap;dimacs;8/20;20;    416104;   1824062;341905;1271;4704600;882044;32;3033;1.95633;450867;0;0;sBELA*;? Unchecked;v1.6.0-140-g9a10cc1
roadmap;dimacs;9/20;20;    350612;   1840987;740325;1633;9115753;1794210;11;3033;3.94588;454705;0;0;sBELA*;? Unchecked;v1.6.0-140-g9a10cc1
roadmap;dimacs;10/20;20;    581610;   1031954;665220;1734;7767670;1387169;11;3033;2.85322;486177;0;0;sBELA*;? Unchecked;v1.6.0-140-g9a10cc1
roadmap;dimacs;11/20;20;    329503;   1179401;311471;686;3446421;831147;10;3033;1.75887;472546;0;0;sBELA*;? Unchecked;v1.6.0-140-g9a10cc1
roadmap;dimacs;12/20;20;    480267;    159302;662588;1501;7974068;1139994;34;3033;2.49001;457827;0;0;sBELA*;? Unchecked;v1.6.0-140-g9a10cc1
roadmap;dimacs;13/20;20;   1890527;   1576171;736387;1616;8709149;1287024;28;3033;3.05652;421075;0;0;sBELA*;? Unchecked;v1.6.0-140-g9a10cc1
roadmap;dimacs;14/20;20;   1743677;    933040;323236;966;5426143;1340169;15;3033;2.86552;467688;0;0;sBELA*;? Unchecked;v1.6.0-140-g9a10cc1
roadmap;dimacs;15/20;20;   1460731;   1705524;743782;2203;8152765;1592956;2;3033;3.33252;478004;0;0;sBELA*;? Unchecked;v1.6.0-140-g9a10cc1
roadmap;dimacs;16/20;20;    801770;    765171;462423;1630;5188954;617748;18;3033;1.40028;441161;0;0;sBELA*;? Unchecked;v1.6.0-140-g9a10cc1
roadmap;dimacs;17/20;20;   1076837;   1604094;79473;404;1055031;213109;20;3033;0.436467;488259;0;0;sBELA*;? Unchecked;v1.6.0-140-g9a10cc1
roadmap;dimacs;18/20;20;   1431544;    194846;459353;1537;5259158;969022;23;3033;2.09936;461580;0;0;sBELA*;? Unchecked;v1.6.0-140-g9a10cc1
roadmap;dimacs;19/20;20;   1536202;    632533;212958;696;2578343;614309;38;3033;1.33666;459587;0;0;sBELA*;? Unchecked;v1.6.0-140-g9a10cc1
roadmap;dimacs;20/20;20;    356711;    288578;443907;1571;4883650;1076460;7;3033;2.37527;453194;0;0;sBELA*;? Unchecked;v1.6.0-140-g9a10cc1
roadmap;dimacs;21/20;20;   1416275;   1578430;108621;453;1176190;371214;207;3033;0.791818;468812;0;0;sBELA*;? Unchecked;v1.6.0-140-g9a10cc1
roadmap;dimacs;22/20;20;   1267172;   1104888;580507;1387;6179737;1303451;10;3033;2.69437;483769;0;0;sBELA*;? Unchecked;v1.6.0-140-g9a10cc1
roadmap;dimacs;23/20;20;   1466216;   1076837;599781;1625;6568824;1245205;4;3033;2.62779;473861;0;0;sBELA*;? Unchecked;v1.6.0-140-g9a10cc1
roadmap;dimacs;24/20;20;   1228417;     41268;151577;922;1804879;261208;25;3033;0.532445;490582;0;0;sBELA*;? Unchecked;v1.6.0-140-g9a10cc1
roadmap;dimacs;25/20;20;    321340;    192757;126579;392;1500484;375020;20;3033;0.778248;481877;0;0;sBELA*;? Unchecked;v1.6.0-140-g9a10cc1
roadmap;dimacs;26/20;20;    965921;   1375640;462180;1291;6122437;1485457;32;3033;3.41005;435611;0;0;sBELA*;? Unchecked;v1.6.0-140-g9a10cc1
roadmap;dimacs;27/20;20;   1657428;    779364;407496;1482;5065193;905053;24;3033;1.97917;457289;0;0;sBELA*;? Unchecked;v1.6.0-140-g9a10cc1
roadmap;dimacs;28/20;20;    454410;    618767;73790;400;955342;329062;12;3033;0.662576;496641;0;0;sBELA*;? Unchecked;v1.6.0-140-g9a10cc1
roadmap;dimacs;29/20;20;   1453433;   1181632;234980;573;3003445;684936;37;3033;1.40577;487233;0;0;sBELA*;? Unchecked;v1.6.0-140-g9a10cc1
roadmap;dimacs;30/20;20;    261444;   1761841;63227;456;789776;220729;25;3033;0.441877;499525;0;0;sBELA*;? Unchecked;v1.6.0-140-g9a10cc1
roadmap;dimacs;31/20;20;   1710330;   1308565;571484;1240;6157050;1000476;4;3033;2.09961;476505;0;0;sBELA*;? Unchecked;v1.6.0-140-g9a10cc1
roadmap;dimacs;32/20;20;   1622269;    239225;324818;1494;3830767;654412;20;3033;1.38301;473180;0;0;sBELA*;? Unchecked;v1.6.0-140-g9a10cc1
roadmap;dimacs;33/20;20;    858782;    835734;273081;941;2932146;457812;27;3033;0.992029;461490;0;0;sBELA*;? Unchecked;v1.6.0-140-g9a10cc1
roadmap;dimacs;34/20;20;   1164733;   1686951;224372;634;3418261;143020;16;3033;0.353482;404603;0;0;sBELA*;? Unchecked;v1.6.0-140-g9a10cc1
roadmap;dimacs;35/20;20;   1008319;    677177;694520;1772;8091445;1745861;37;3033;3.76215;464060;0;0;sBELA*;? Unchecked;v1.6.0-140-g9a10cc1
roadmap;dimacs;36/20;20;   1646034;   1063654;838593;1900;9241742;1858917;2;3033;4.05552;458367;0;0;sBELA*;? Unchecked;v1.6.0-140-g9a10cc1
roadmap;dimacs;37/20;20;    682994;   1688601;1067651;3401;12098031;1867470;3;3033;3.98984;468056;0;0;sBELA*;? Unchecked;v1.6.0-140-g9a10cc1
roadmap;dimacs;38/20;20;    257300;    548822;568383;1143;6020825;1309941;9;3033;2.72949;479921;0;0;sBELA*;? Unchecked;v1.6.0-140-g9a10cc1
roadmap;dimacs;39/20;20;   1208113;    169244;86039;254;994775;56331;35;3033;0.153721;366450;0;0;sBELA*;? Unchecked;v1.6.0-140-g9a10cc1
roadmap;dimacs;40/20;20;   1226440;   1391278;762181;2164;8142673;1479216;4;3033;3.20757;461164;0;0;sBELA*;? Unchecked;v1.6.0-140-g9a10cc1
roadmap;dimacs;41/20;20;    122277;   1128394;211069;716;2944545;500601;32;3033;1.06319;470849;0;0;sBELA*;? Unchecked;v1.6.0-140-g9a10cc1
roadmap;dimacs;42/20;20;     66946;   1214669;559170;1054;5959993;971969;10;3033;2.12104;458252;0;0;sBELA*;? Unchecked;v1.6.0-140-g9a10cc1
roadmap;dimacs;43/20;20;    299055;   1685578;867092;2346;9966137;1809902;1;3033;3.89626;464523;0;0;sBELA*;? Unchecked;v1.6.0-140-g9a10cc1
roadmap;dimacs;44/20;20;   1617239;   1448010;431664;1335;4746055;1054278;30;3033;2.36555;445679;0;0;sBELA*;? Unchecked;v1.6.0-140-g9a10cc1
roadmap;dimacs;45/20;20;     88434;    220092;162378;811;1922220;395386;16;3033;0.808821;488842;0;0;sBELA*;? Unchecked;v1.6.0-140-g9a10cc1
roadmap;dimacs;46/20;20;    765554;   1136443;219632;714;2443484;448546;4;3033;0.95274;470796;0;0;sBELA*;? Unchecked;v1.6.0-140-g9a10cc1
roadmap;dimacs;47/20;20;   1662423;    665304;617218;2022;6865215;1498684;2;3033;3.21446;466232;0;0;sBELA*;? Unchecked;v1.6.0-140-g9a10cc1
roadmap;dimacs;48/20;20;    522581;    744644;559543;1295;6138026;1076415;4;3033;2.32572;462830;0;0;sBELA*;? Unchecked;v1.6.0-140-g9a10cc1
roadmap;dimacs;49/20;20;    880871;    913237;417900;1193;4898485;981369;22;3033;2.10155;466973;0;0;sBELA*;? Unchecked;v1.6.0-140-g9a10cc1
roadmap;dimacs;50/20;20;    184031;   1879161;467172;1178;5260661;1210906;7;3033;2.65544;456010;0;0;sBELA*;? Unchecked;v1.6.0-140-g9a10cc1
roadmap;dimacs;51/20;20;    638122;   1463354;114492;431;1317306;179420;34;3033;0.37537;477982;0;0;sBELA*;? Unchecked;v1.6.0-140-g9a10cc1
roadmap;dimacs;52/20;20;   1314005;    356552;391568;1165;4462525;947630;11;3033;2.08782;453886;0;0;sBELA*;? Unchecked;v1.6.0-140-g9a10cc1
roadmap;dimacs;53/20;20;     21748;   1031477;909846;2537;10681249;1534998;5;3033;3.49177;439604;0;0;sBELA*;? Unchecked;v1.6.0-140-g9a10cc1
roadmap;dimacs;54/20;20;    149376;    488085;110158;255;1225986;26323;36;3033;0.0877542;299963;0;0;sBELA*;? Unchecked;v1.6.0-140-g9a10cc1
roadmap;dimacs;55/20;20;   1471925;   1271058;63505;440;722765;229743;13;3033;0.450407;510079;0;0;sBELA*;? Unchecked;v1.6.0-140-g9a10cc1
roadmap;dimacs;56/20;20;    531829;    538074;663794;1939;7230267;1319689;9;3033;2.74187;481310;0;0;sBELA*;? Unchecked;v1.6.0-140-g9a10cc1
roadmap;dimacs;57/20;20;     65785;   1728556;255073;1019;3029437;623672;54;3033;1.32489;470736;0;0;sBELA*;? Unchecked;v1.6.0-140-g9a10cc1
roadmap;dimacs;58/20;20;   1182648;    947461;461621;1105;5479962;1336705;6;3033;2.81045;475619;0;0;sBELA*;? Unchecked;v1.6.0-140-g9a10cc1
roadmap;dimacs;59/20;20;    834369;   1832866;502291;1358;6184358;1425436;20;3033;2.96273;481122;0;0;sBELA*;? Unchecked;v1.6.0-140-g9a10cc1
roadmap;dimacs;60/20;20;   1579344;    795855;1121257;3402;13143891;1884522;5;3033;4.02452;468260;0;0;sBELA*;? Unchecked;v1.6.0-140-g9a10cc1
roadmap;dimacs;61/20;20;    830015;   1296962;605605;1352;6488752;1055190;4;3033;2.28986;460810;0;0;sBELA*;? Unchecked;v1.6.0-140-g9a10cc1
roadmap;dimacs;62/20;20;    390249;     22433;179570;796;2515918;355312;4;3033;0.815772;435553;0;0;sBELA*;? Unchecked;v1.6.0-140-g9a10cc1
roadmap;dimacs;63/20;20;   1361440;    776903;455922;1689;6005645;1471799;42;3033;3.37756;435758;0;0;sBELA*;? Unchecked;v1.6.0-140-g9a10cc1
roadmap;dimacs;64/20;20;   1526444;    433636;84680;459;1090094;259401;20;3033;0.524529;494541;0;0;sBELA*;? Unchecked;v1.6.0-140-g9a10cc1
roadmap;dimacs;65/20;20;    653723;   1649198;619628;1800;6702822;1071768;1;3033;2.27511;471085;0;0;sBELA*;? Unchecked;v1.6.0-140-g9a10cc1
roadmap;dimacs;66/20;20;   1848324;   1867145;207351;304;2481914;104161;209;3033;0.303034;343727;0;0;sBELA*;? Unchecked;v1.6.0-140-g9a10cc1
roadmap;dimacs;67/20;20;    556081;   1705850;131686;546;1729273;327614;15;3033;0.641489;510709;0;0;sBELA*;? Unchecked;v1.6.0-140-g9a10cc1
roadmap;dimacs;68/20;20;   1041215;   1753708;535527;1134;7038168;387470;24;3033;0.966102;401065;0;0;sBELA*;? Unchecked;v1.6.0-140-g9a10cc1
roadmap;dimacs;69/20;20;   1673024;   1341690;235145;731;3011465;213808;20;3033;0.501;426763;0;0;sBELA*;? Unchecked;v1.6.0-140-g9a10cc1
roadmap;dimacs;70/20;20;   1305038;   1494283;532061;1209;5867902;1269606;21;3033;2.64357;480263;0;0;sBELA*;? Unchecked;v1.6.0-140-g9a10cc1
roadmap;dimacs;71/20;20;    989350;    282657;490147;1040;5936584;695121;20;3033;1.57577;441132;0;0;sBELA*;? Unchecked;v1.6.0-140-g9a10cc1
roadmap;dimacs;72/20;20;    277177;    414997;617912;1575;6899154;1519484;20;3033;3.2329;470006;0;0;sBELA*;? Unchecked;v1.6.0-140-g9a10cc1
roadmap;dimacs;73/20;20;    189385;    632745;319084;1374;3513073;807610;1;3033;1.70451;473807;0;0;sBELA*;? Unchecked;v1.6.0-140-g9a10cc1
roadmap;dimacs;74/20;20;   1642632;    169223;180387;623;2266413;178582;105;3033;0.465964;383253;0;0;sBELA*;? Unchecked;v1.6.0-140-g9a10cc1
roadmap;dimacs;75/20;20;   1160966;    638119;1038391;3042;11495028;1711412;4;3033;3.88338;440701;0;0;sBELA*;? Unchecked;v1.6.0-140-g9a10cc1
roadmap;dimacs;76/20;20;   1759861;   1021392;702708;1541;8552474;1696418;10;3033;3.79524;446986;0;0;sBELA*;? Unchecked;v1.6.0-140-g9a10cc1
roadmap;dimacs;77/20;20;    681135;     95876;662821;1716;7581257;1338596;33;3033;2.76757;483671;0;0;sBELA*;? Unchecked;v1.6.0-140-g9a10cc1
roadmap;dimacs;78/20;20;    614892;    385398;803037;2061;8944828;1759180;14;3033;3.88168;453201;0;0;sBELA*;? Unchecked;v1.6.0-140-g9a10cc1
roadmap;dimacs;79/20;20;   1726489;   1469303;862661;2276;9933283;1674607;10;3033;3.80838;439716;0;0;sBELA*;? Unchecked;v1.6.0-140-g9a10cc1
roadmap;dimacs;80/20;20;     52390;    909716;192130;594;2589142;313974;31;3033;0.685476;458038;0;0;sBELA*;? Unchecked;v1.6.0-140-g9a10cc1
roadmap;dimacs;81/20;20;   1438544;   1709652;210940;738;2861408;408776;19;3033;0.892794;457862;0;0;sBELA*;? Unchecked;v1.6.0-140-g9a10cc1
roadmap;dimacs;82/20;20;   1885245;   1219012;568631;967;7656943;910010;20;3033;2.02073;450338;0;0;sBELA*;? Unchecked;v1.6.0-140-g9a10cc1
roadmap;dimacs;83/20;20;    474128;    462404;632962;1665;6969711;1388483;4;3033;2.93394;473248;0;0;sBELA*;? Unchecked;v1.6.0-140-g9a10cc1
roadmap;dimacs;84/20;20;   1776146;    980278;386384;1124;5051135;902979;41;3033;1.98596;454681;0;0;sBELA*;? Unchecked;v1.6.0-140-g9a10cc1
roadmap;dimacs;85/20;20;   1391963;    468960;690267;2006;7717528;1493173;4;3033;3.1411;475366;0;0;sBELA*;? Unchecked;v1.6.0-140-g9a10cc1
roadmap;dimacs;86/20;20;   1052481;    543349;703537;2133;9460479;1433220;19;3033;3.27387;437775;0;0;sBELA*;? Unchecked;v1.6.0-140-g9a10cc1
roadmap;dimacs;87/20;20;   1821017;    791672;551935;1104;6671138;237787;20;3033;0.669008;355432;0;0;sBELA*;? Unchecked;v1.6.0-140-g9a10cc1
roadmap;dimacs;88/20;20;    135239;   1107730;177484;564;1990036;263814;19;3033;0.534267;493787;0;0;sBELA*;? Unchecked;v1.6.0-140-g9a10cc1
roadmap;dimacs;89/20;20;    105712;   1042809;626385;1613;8540395;1865100;11;3033;4.109;453906;0;0;sBELA*;? Unchecked;v1.6.0-140-g9a10cc1
roadmap;dimacs;90/20;20;    269271;     31624;538827;1476;5830478;1224798;2;3033;2.54552;481158;0;0;sBELA*;? Unchecked;v1.6.0-140-g9a10cc1
roadmap;dimacs;91/20;20;    711516;   1110978;330196;1483;3813598;734698;12;3033;1.57949;465148;0;0;sBELA*;? Unchecked;v1.6.0-140-g9a10cc1
roadmap;dimacs;92/20;20;    129884;   1702774;256443;948;2963443;525231;24;3033;1.11985;469020;0;0;sBELA*;? Unchecked;v1.6.0-140-g9a10cc1
roadmap;dimacs;93/20;20;    677739;   1445420;90417;323;1109453;209470;203;3033;0.433225;483513;0;0;sBELA*;? Unchecked;v1.6.0-140-g9a10cc1
roadmap;dimacs;94/20;20;    689436;    132056;224853;727;2697455;510195;21;3033;1.05659;482868;0;0;sBELA*;? Unchecked;v1.6.0-140-g9a10cc1
roadmap;dimacs;95/20;20;    172705;   1375271;480521;1061;5217187;1330437;22;3033;2.87936;462061;0;0;sBELA*;? Unchecked;v1.6.0-140-g9a10cc1
roadmap;dimacs;96/20;20;   1879024;    843565;170548;719;2025846;152832;18;3033;0.394921;386993;0;0;sBELA*;? Unchecked;v1.6.0-140-g9a10cc1
roadmap;dimacs;97/20;20;    594555;   1305211;146214;968;1536202;483977;32;3033;0.983521;492086;0;0;sBELA*;? Unchecked;v1.6.0-140-g9a10cc1
roadmap;dimacs;98/20;20;    338636;    646444;221052;1054;2535753;661302;14;3033;1.39743;473228;0;0;sBELA*;? Unchecked;v1.6.0-140-g9a10cc1
roadmap;dimacs;99/20;20;   1834673;    546450;436400;1194;5698050;389775;10;3033;0.979535;397918;0;0;sBELA*;? Unchecked;v1.6.0-140-g9a10cc1
roadmap;dimacs;0/30;30;   1158641;   1272769;836775;2205;9081386;1199304;29;3033;2.87979;416455;0;0;sBELA*;? Unchecked;v1.6.0-140-g9a10cc1
roadmap;dimacs;1/30;30;     54758;   1370062;348512;1525;4088390;739506;45;3033;1.67023;442757;0;0;sBELA*;? Unchecked;v1.6.0-140-g9a10cc1
roadmap;dimacs;2/30;30;    935047;   1190851;242246;522;3006204;132147;72;3033;0.359899;367178;0;0;sBELA*;? Unchecked;v1.6.0-140-g9a10cc1
roadmap;dimacs;3/30;30;    548674;   1730064;185823;788;2234711;466828;40;3033;0.987397;472786;0;0;sBELA*;? Unchecked;v1.6.0-140-g9a10cc1
roadmap;dimacs;4/30;30;    713105;   1135162;105821;257;1393693;94839;156;3033;0.219096;432865;0;0;sBELA*;? Unchecked;v1.6.0-140-g9a10cc1
roadmap;dimacs;5/30;30;   1213983;   1847687;385742;1054;5259230;1352678;81;3033;2.90911;464979;0;0;sBELA*;? Unchecked;v1.6.0-140-g9a10cc1
roadmap;dimacs;6/30;30;   1416819;   1454455;129232;583;1387909;448812;30;3033;0.89456;501713;0;0;sBELA*;? Unchecked;v1.6.0-140-g9a10cc1
roadmap;dimacs;7/30;30;   1202525;   1287863;187757;929;2205735;439660;15;3033;0.992178;443126;0;0;sBELA*;? Unchecked;v1.6.0-140-g9a10cc1
roadmap;dimacs;8/30;30;    416104;   1824062;341905;1269;4704621;882048;57;3033;1.96384;449145;0;0;sBELA*;? Unchecked;v1.6.0-140-g9a10cc1
roadmap;dimacs;9/30;30;    350612;   1840987;740325;1635;9115769;1794213;18;3033;3.9865;450072;0;0;sBELA*;? Unchecked;v1.6.0-140-g9a10cc1
roadmap;dimacs;10/30;30;    581610;   1031954;665220;1737;7767683;1387176;17;3033;2.88399;480992;0;0;sBELA*;? Unchecked;v1.6.0-140-g9a10cc1
roadmap;dimacs;11/30;30;    329503;   1179401;311471;688;3446434;831150;15;3033;1.75657;473166;0;0;sBELA*;? Unchecked;v1.6.0-140-g9a10cc1
roadmap;dimacs;12/30;30;    480267;    159302;662588;1501;7974080;1139996;44;3033;2.47985;459703;0;0;sBELA*;? Unchecked;v1.6.0-140-g9a10cc1
roadmap;dimacs;13/30;30;   1890527;   1576171;736387;1614;8709172;1287030;42;3033;3.07142;419035;0;0;sBELA*;? Unchecked;v1.6.0-140-g9a10cc1
roadmap;dimacs;14/30;30;   1743677;    933040;323236;966;5426148;1340170;22;3033;2.87907;465488;0;0;sBELA*;? Unchecked;v1.6.0-140-g9a10cc1
roadmap;dimacs;15/30;30;   1460731;   1705524;743782;2202;8152767;1592956;3;3033;3.34842;475734;0;0;sBELA*;? Unchecked;v1.6.0-140-g9a10cc1
roadmap;dimacs;16/30;30;    801770;    765171;462423;1633;5188967;617750;36;3033;1.41648;436115;0;0;sBELA*;? Unchecked;v1.6.0-140-g9a10cc1
roadmap;dimacs;17/30;30;   1076837;   1604094;79473;407;1055049;213113;31;3033;0.442314;481813;0;0;sBELA*;? Unchecked;v1.6.0-140-g9a10cc1
roadmap;dimacs;18/30;30;   1431544;    194846;459353;1537;5259171;969023;36;3033;2.15081;450539;0;0;sBELA*;? Unchecked;v1.6.0-140-g9a10cc1
roadmap;dimacs;19/30;30;   1536202;    632533;212958;685;2578450;614343;96;3033;1.32923;462181;0;0;sBELA*;? Unchecked;v1.6.0-140-g9a10cc1
roadmap;dimacs;20/30;30;    356711;    288578;443907;1569;4883656;1076463;12;3033;2.4089;446869;0;0;sBELA*;? Unchecked;v1.6.0-140-g9a10cc1
roadmap;dimacs;21/30;30;   1416275;   1578430;108621;455;1176275;371235;299;3033;0.790467;469640;0;0;sBELA*;? Unchecked;v1.6.0-140-g9a10cc1
roadmap;dimacs;22/30;30;   1267172;   1104888;580507;1385;6179740;1303453;14;3033;2.72792;477820;0;0;sBELA*;? Unchecked;v1.6.0-140-g9a10cc1
roadmap;dimacs;23/30;30;   1466216;   1076837;599781;1624;6568826;1245206;6;3033;2.62158;474983;0;0;sBELA*;? Unchecked;v1.6.0-140-g9a10cc1
roadmap;dimacs;24/30;30;   1228417;     41268;151577;923;1804893;261212;32;3033;0.538788;484814;0;0;sBELA*;? Unchecked;v1.6.0-140-g9a10cc1
roadmap;dimacs;25/30;30;    321340;    192757;126579;392;1500509;375034;30;3033;0.773101;485103;0;0;sBELA*;? Unchecked;v1.6.0-140-g9a10cc1
roadmap;dimacs;26/30;30;    965921;   1375640;462180;1281;6122455;1485464;49;3033;3.45102;430442;0;0;sBELA*;? Unchecked;v1.6.0-140-g9a10cc1
roadmap;dimacs;27/30;30;   1657428;    779364;407496;1487;5065201;905053;31;3033;1.99347;454008;0;0;sBELA*;? Unchecked;v1.6.0-140-g9a10cc1
roadmap;dimacs;28/30;30;    454410;    618767;73790;401;955344;329062;14;3033;0.66793;492660;0;0;sBELA*;? Unchecked;v1.6.0-140-g9a10cc1
roadmap;dimacs;29/30;30;   1453433;   1181632;234980;573;3003525;684946;60;3033;1.42314;481291;0;0;sBELA*;? Unchecked;v1.6.0-140-g9a10cc1
roadmap;dimacs;30/30;30;    261444;   1761841;63227;472;789783;220730;34;3033;0.447139;493649;0;0;sBELA*;? Unchecked;v1.6.0-140-g9a10cc1
roadmap;dimacs;31/30;30;   1710330;   1308565;571484;1237;6157057;1000476;6;3033;2.14639;466121;0;0;sBELA*;? Unchecked;v1.6.0-140-g9a10cc1
roadmap;dimacs;32/30;30;   1622269;    239225;324818;1510;3830775;654415;30;3033;1.36457;479575;0;0;sBELA*;? Unchecked;v1.6.0-140-g9a10cc1
roadmap;dimacs;33/30;30;    858782;    835734;273081;940;2932163;457820;40;3033;1.00633;454942;0;0;sBELA*;? Unchecked;v1.6.0-140-g9a10cc1
roadmap;dimacs;34/30;30;   1164733;   1686951;224372;634;3418289;143020;25;3033;0.35842;399029;0;0;sBELA*;? Unchecked;v1.6.0-140-g9a10cc1
roadmap;dimacs;35/30;30;   1008319;    677177;694520;1765;8091467;1745872;58;3033;3.76669;463503;0;0;sBELA*;? Unchecked;v1.6.0-140-g9a10cc1
roadmap;dimacs;36/30;30;   1646034;   1063654;838593;1901;9241742;1858917;3;3033;4.09802;453613;0;0;sBELA*;? Unchecked;v1.6.0-140-g9a10cc1
roadmap;dimacs;37/30;30;    682994;   1688601;1067651;3401;12098031;1867470;4;3033;4.00151;466692;0;0;sBELA*;? Unchecked;v1.6.0-140-g9a10cc1
roadmap;dimacs;38/30;30;    257300;    548822;568383;1145;6020830;1309941;14;3033;2.72894;480018;0;0;sBELA*;? Unchecked;v1.6.0-140-g9a10cc1
roadmap;dimacs;39/30;30;   1208113;    169244;86039;263;994801;56335;48;3033;0.146422;384745;0;0;sBELA*;? Unchecked;v1.6.0-140-g9a10cc1
roadmap;dimacs;40/30;30;   1226440;   1391278;762181;2166;8142673;1479216;5;3033;3.21532;460052;0;0;sBELA*;? Unchecked;v1.6.0-140-g9a10cc1
roadmap;dimacs;41/30;30;    122277;   1128394;211069;715;2944562;500606;49;3033;1.08572;461081;0;0;sBELA*;? Unchecked;v1.6.0-140-g9a10cc1
roadmap;dimacs;42/30;30;     66946;   1214669;559170;1054;5959997;971970;16;3033;2.1119;460235;0;0;sBELA*;? Unchecked;v1.6.0-140-g9a10cc1
roadmap;dimacs;43/30;30;    299055;   1685578;867092;2346;9966137;1809902;1;3033;3.90764;463170;0;0;sBELA*;? Unchecked;v1.6.0-140-g9a10cc1
roadmap;dimacs;44/30;30;   1617239;   1448010;431664;1336;4746071;1054283;42;3033;2.36625;445550;0;0;sBELA*;? Unchecked;v1.6.0-140-g9a10cc1
roadmap;dimacs;45/30;30;     88434;    220092;162378;811;1922234;395388;21;3033;0.81763;483578;0;0;sBELA*;? Unchecked;v1.6.0-140-g9a10cc1
roadmap;dimacs;46/30;30;    765554;   1136443;219632;713;2443486;448547;6;3033;0.955415;469479;0;0;sBELA*;? Unchecked;v1.6.0-140-g9a10cc1
roadmap;dimacs;47/30;30;   1662423;    665304;617218;2023;6865216;1498684;3;3033;3.21156;466653;0;0;sBELA*;? Unchecked;v1.6.0-140-g9a10cc1
roadmap;dimacs;48/30;30;    522581;    744644;559543;1294;6138028;1076415;6;3033;2.30898;466187;0;0;sBELA*;? Unchecked;v1.6.0-140-g9a10cc1
roadmap;dimacs;49/30;30;    880871;    913237;417900;1192;4898543;981398;35;3033;2.12351;462158;0;0;sBELA*;? Unchecked;v1.6.0-140-g9a10cc1
roadmap;dimacs;50/30;30;    184031;   1879161;467172;1180;5260689;1210919;11;3033;2.6587;455455;0;0;sBELA*;? Unchecked;v1.6.0-140-g9a10cc1
roadmap;dimacs;51/30;30;    638122;   1463354;114492;445;1317384;179440;68;3033;0.380747;471284;0;0;sBELA*;? Unchecked;v1.6.0-140-g9a10cc1
roadmap;dimacs;52/30;30;   1314005;    356552;391568;1164;4462535;947635;18;3033;2.06311;459323;0;0;sBELA*;? Unchecked;v1.6.0-140-g9a10cc1
roadmap;dimacs;53/30;30;     21748;   1031477;909846;2541;10681251;1534998;8;3033;3.51013;437305;0;0;sBELA*;? Unchecked;v1.6.0-140-g9a10cc1
roadmap;dimacs;54/30;30;    149376;    488085;110158;253;1226157;26336;74;3033;0.0822327;320262;0;0;sBELA*;? Unchecked;v1.6.0-140-g9a10cc1
roadmap;dimacs;55/30;30;   1471925;   1271058;63505;442;722767;229743;16;3033;0.456322;503466;0;0;sBELA*;? Unchecked;v1.6.0-140-g9a10cc1
roadmap;dimacs;56/30;30;    531829;    538074;663794;1946;7230269;1319690;14;3033;2.831;466156;0;0;sBELA*;? Unchecked;v1.6.0-140-g9a10cc1
roadmap;dimacs;57/30;30;     65785;   1728556;255073;1016;3029472;623673;78;3033;1.31908;472808;0;0;sBELA*;? Unchecked;v1.6.0-140-g9a10cc1
roadmap;dimacs;58/30;30;   1182648;    947461;461621;1106;5479983;1336715;9;3033;2.80712;476187;0;0;sBELA*;? Unchecked;v1.6.0-140-g9a10cc1
roadmap;dimacs;59/30;30;    834369;   1832866;502291;1359;6184368;1425440;29;3033;3.0151;472767;0;0;sBELA*;? Unchecked;v1.6.0-140-g9a10cc1
roadmap;dimacs;60/30;30;   1579344;    795855;1121257;3400;13143892;1884522;7;3033;4.04755;465596;0;0;sBELA*;? Unchecked;v1.6.0-140-g9a10cc1
roadmap;dimacs;61/30;30;    830015;   1296962;605605;1353;6488752;1055190;5;3033;2.31669;455473;0;0;sBELA*;? Unchecked;v1.6.0-140-g9a10cc1
roadmap;dimacs;62/30;30;    390249;     22433;179570;795;2515921;355313;8;3033;0.810863;438191;0;0;sBELA*;? Unchecked;v1.6.0-140-g9a10cc1
roadmap;dimacs;63/30;30;   1361440;    776903;455922;1689;6005665;1471806;63;3033;3.39776;433169;0;0;sBELA*;? Unchecked;v1.6.0-140-g9a10cc1
roadmap;dimacs;64/30;30;   1526444;    433636;84680;457;1090134;259431;36;3033;0.529126;490301;0;0;sBELA*;? Unchecked;v1.6.0-140-g9a10cc1
roadmap;dimacs;65/30;30;    653723;   1649198;619628;1797;6702822;1071768;1;3033;2.32942;460101;0;0;sBELA*;? Unchecked;v1.6.0-140-g9a10cc1
roadmap;dimacs;66/30;30;   1848324;   1867145;207351;317;2482207;104201;283;3033;0.292124;356702;0;0;sBELA*;? Unchecked;v1.6.0-140-g9a10cc1
roadmap;dimacs;67/30;30;    556081;   1705850;131686;547;1729325;327629;25;3033;0.645162;507824;0;0;sBELA*;? Unchecked;v1.6.0-140-g9a10cc1
roadmap;dimacs;68/30;30;   1041215;   1753708;535527;1132;7038201;387476;43;3033;0.992396;390445;0;0;sBELA*;? Unchecked;v1.6.0-140-g9a10cc1
roadmap;dimacs;69/30;30;   1673024;   1341690;235145;731;3011477;213809;30;3033;0.518728;412179;0;0;sBELA*;? Unchecked;v1.6.0-140-g9a10cc1
roadmap;dimacs;70/30;30;   1305038;   1494283;532061;1211;5867912;1269609;31;3033;2.65548;478110;0;0;sBELA*;? Unchecked;v1.6.0-140-g9a10cc1
roadmap;dimacs;71/30;30;    989350;    282657;490147;1041;5936590;695127;27;3033;1.6197;429169;0;0;sBELA*;? Unchecked;v1.6.0-140-g9a10cc1
roadmap;dimacs;72/30;30;    277177;    414997;617912;1576;6899160;1519485;31;3033;3.22614;470991;0;0;sBELA*;? Unchecked;v1.6.0-140-g9a10cc1
roadmap;dimacs;73/30;30;    189385;    632745;319084;1375;3513074;807610;2;3033;1.7097;472370;0;0;sBELA*;? Unchecked;v1.6.0-140-g9a10cc1
roadmap;dimacs;74/30;30;   1642632;    169223;180387;623;2266553;178604;194;3033;0.488502;365616;0;0;sBELA*;? Unchecked;v1.6.0-140-g9a10cc1
roadmap;dimacs;75/30;30;   1160966;    638119;1038391;3044;11495028;1711412;5;3033;3.84952;444578;0;0;sBELA*;? Unchecked;v1.6.0-140-g9a10cc1
roadmap;dimacs;76/30;30;   1759861;   1021392;702708;1543;8552477;1696419;15;3033;3.78627;448044;0;0;sBELA*;? Unchecked;v1.6.0-140-g9a10cc1
roadmap;dimacs;77/30;30;    681135;     95876;662821;1715;7581281;1338599;61;3033;2.79419;479065;0;0;sBELA*;? Unchecked;v1.6.0-140-g9a10cc1
roadmap;dimacs;78/30;30;    614892;    385398;803037;2064;8944838;1759180;21;3033;3.88921;452323;0;0;sBELA*;? Unchecked;v1.6.0-140-g9a10cc1
roadmap;dimacs;79/30;30;   1726489;   1469303;862661;2275;9933285;1674607;15;3033;3.83146;437068;0;0;sBELA*;? Unchecked;v1.6.0-140-g9a10cc1
roadmap;dimacs;80/30;30;     52390;    909716;192130;594;2589184;313983;51;3033;0.692622;453325;0;0;sBELA*;? Unchecked;v1.6.0-140-g9a10cc1
roadmap;dimacs;81/30;30;   1438544;   1709652;210940;739;2861415;408778;29;3033;0.890324;459134;0;0;sBELA*;? Unchecked;v1.6.0-140-g9a10cc1
roadmap;dimacs;82/30;30;   1885245;   1219012;568631;967;7656963;910026;30;3033;2.03491;447208;0;0;sBELA*;? Unchecked;v1.6.0-140-g9a10cc1
roadmap;dimacs;83/30;30;    474128;    462404;632962;1664;6969714;1388485;5;3033;2.95339;470133;0;0;sBELA*;? Unchecked;v1.6.0-140-g9a10cc1
roadmap;dimacs;84/30;30;   1776146;    980278;386384;1125;5051154;902984;60;3033;1.99515;452590;0;0;sBELA*;? Unchecked;v1.6.0-140-g9a10cc1
roadmap;dimacs;85/30;30;   1391963;    468960;690267;2004;7717531;1493173;5;3033;3.16316;472051;0;0;sBELA*;? Unchecked;v1.6.0-140-g9a10cc1
roadmap;dimacs;86/30;30;   1052481;    543349;703537;2133;9460485;1433222;27;3033;3.26412;439084;0;0;sBELA*;? Unchecked;v1.6.0-140-g9a10cc1
roadmap;dimacs;87/30;30;   1821017;    791672;551935;1104;6671156;237789;30;3033;0.680987;349183;0;0;sBELA*;? Unchecked;v1.6.0-140-g9a10cc1
roadmap;dimacs;88/30;30;    135239;   1107730;177484;563;1990042;263820;29;3033;0.537451;490872;0;0;sBELA*;? Unchecked;v1.6.0-140-g9a10cc1
roadmap;dimacs;89/30;30;    105712;   1042809;626385;1607;8540407;1865101;17;3033;4.12824;451791;0;0;sBELA*;? Unchecked;v1.6.0-140-g9a10cc1
roadmap;dimacs;90/30;30;    269271;     31624;538827;1480;5830479;1224798;3;3033;2.56949;476669;0;0;sBELA*;? Unchecked;v1.6.0-140-g9a10cc1
roadmap;dimacs;91/30;30;    711516;   1110978;330196;1486;3813604;734701;17;3033;1.58006;464982;0;0;sBELA*;? Unchecked;v1.6.0-140-g9a10cc1
roadmap;dimacs;92/30;30;    129884;   1702774;256443;944;2963468;525240;38;3033;1.14587;458375;0;0;sBELA*;? Unchecked;v1.6.0-140-g9a10cc1
roadmap;dimacs;93/30;30;    677739;   1445420;90417;334;1109643;209552;333;3033;0.460646;454909;0;0;sBELA*;? Unchecked;v1.6.0-140-g9a10cc1
roadmap;dimacs;94/30;30;    689436;    132056;224853;721;2697478;510199;33;3033;1.06132;480719;0;0;sBELA*;? Unchecked;v1.6.0-140-g9a10cc1
roadmap;dimacs;95/30;30;    172705;   1375271;480521;1060;5217202;1330444;32;3033;2.8747;462811;0;0;sBELA*;? Unchecked;v1.6.0-140-g9a10cc1
roadmap;dimacs;96/30;30;   1879024;    843565;170548;719;2025862;152839;26;3033;0.401254;380904;0;0;sBELA*;? Unchecked;v1.6.0-140-g9a10cc1
roadmap;dimacs;97/30;30;    594555;   1305211;146214;970;1536220;483981;57;3033;0.991296;488230;0;0;sBELA*;? Unchecked;v1.6.0-140-g9a10cc1
roadmap;dimacs;98/30;30;    338636;    646444;221052;1053;2535761;661305;22;3033;1.41579;467094;0;0;sBELA*;? Unchecked;v1.6.0-140-g9a10cc1
roadmap;dimacs;99/30;30;   1834673;    546450;436400;1196;5698060;389780;15;3033;0.986322;395186;0;0;sBELA*;? Unchecked;v1.6.0-140-g9a10cc1
roadmap;dimacs;0/40;40;   1158641;   1272769;836775;2232;9081388;1199304;37;3033;2.88199;416137;0;0;sBELA*;? Unchecked;v1.6.0-140-g9a10cc1
roadmap;dimacs;1/40;40;     54758;   1370062;348512;1524;4088394;739506;59;3033;1.68033;440095;0;0;sBELA*;? Unchecked;v1.6.0-140-g9a10cc1
roadmap;dimacs;2/40;40;    935047;   1190851;242246;523;3006251;132150;94;3033;0.368307;358804;0;0;sBELA*;? Unchecked;v1.6.0-140-g9a10cc1
roadmap;dimacs;3/40;40;    548674;   1730064;185823;788;2234720;466830;53;3033;0.992092;470551;0;0;sBELA*;? Unchecked;v1.6.0-140-g9a10cc1
roadmap;dimacs;4/40;40;    713105;   1135162;105821;257;1393775;94853;223;3033;0.223896;423647;0;0;sBELA*;? Unchecked;v1.6.0-140-g9a10cc1
roadmap;dimacs;5/40;40;   1213983;   1847687;385742;1049;5259266;1352690;115;3033;2.90651;465401;0;0;sBELA*;? Unchecked;v1.6.0-140-g9a10cc1
roadmap;dimacs;6/40;40;   1416819;   1454455;129232;585;1387918;448815;40;3033;0.900574;498365;0;0;sBELA*;? Unchecked;v1.6.0-140-g9a10cc1
roadmap;dimacs;7/40;40;   1202525;   1287863;187757;926;2205740;439664;18;3033;0.993394;442588;0;0;sBELA*;? Unchecked;v1.6.0-140-g9a10cc1
roadmap;dimacs;8/40;40;    416104;   1824062;341905;1269;4704642;882052;81;3033;1.97263;447144;0;0;sBELA*;? Unchecked;v1.6.0-140-g9a10cc1
roadmap;dimacs;9/40;40;    350612;   1840987;740325;1622;9115779;1794214;22;3033;3.99066;449603;0;0;sBELA*;? Unchecked;v1.6.0-140-g9a10cc1
roadmap;dimacs;10/40;40;    581610;   1031954;665220;1739;7767688;1387177;22;3033;2.89851;478583;0;0;sBELA*;? Unchecked;v1.6.0-140-g9a10cc1
roadmap;dimacs;11/40;40;    329503;   1179401;311471;688;3446442;831151;20;3033;1.79922;461950;0;0;sBELA*;? Unchecked;v1.6.0-140-g9a10cc1
roadmap;dimacs;12/40;40;    480267;    159302;662588;1504;7974092;1139999;56;3033;2.48335;459056;0;0;sBELA*;? Unchecked;v1.6.0-140-g9a10cc1
roadmap;dimacs;13/40;40;   1890527;   1576171;736387;1618;8709184;1287035;55;3033;3.08221;417569;0;0;sBELA*;? Unchecked;v1.6.0-140-g9a10cc1
roadmap;dimacs;14/40;40;   1743677;    933040;323236;966;5426151;1340172;28;3033;2.92393;458347;0;0;sBELA*;? Unchecked;v1.6.0-140-g9a10cc1
roadmap;dimacs;15/40;40;   1460731;   1705524;743782;2203;8152769;1592956;4;3033;3.33112;478204;0;0;sBELA*;? Unchecked;v1.6.0-140-g9a10cc1
roadmap;dimacs;16/40;40;    801770;    765171;462423;1630;5188975;617751;45;3033;1.45168;425542;0;0;sBELA*;? Unchecked;v1.6.0-140-g9a10cc1
roadmap;dimacs;17/40;40;   1076837;   1604094;79473;403;1055066;213115;41;3033;0.446243;477576;0;0;sBELA*;? Unchecked;v1.6.0-140-g9a10cc1
roadmap;dimacs;18/40;40;   1431544;    194846;459353;1539;5259179;969024;51;3033;2.16998;446559;0;0;sBELA*;? Unchecked;v1.6.0-140-g9a10cc1
roadmap;dimacs;19/40;40;   1536202;    632533;212958;687;2578524;614370;164;3033;1.33637;459732;0;0;sBELA*;? Unchecked;v1.6.0-140-g9a10cc1
roadmap;dimacs;20/40;40;    356711;    288578;443907;1575;4883657;1076463;14;3033;2.40971;446719;0;0;sBELA*;? Unchecked;v1.6.0-140-g9a10cc1
roadmap;dimacs;21/40;40;   1416275;   1578430;108621;454;1176333;371258;398;3033;0.826686;449092;0;0;sBELA*;? Unchecked;v1.6.0-140-g9a10cc1
roadmap;dimacs;22/40;40;   1267172;   1104888;580507;1359;6179745;1303454;19;3033;2.72406;478497;0;0;sBELA*;? Unchecked;v1.6.0-140-g9a10cc1
roadmap;dimacs;23/40;40;   1466216;   1076837;599781;1628;6568827;1245206;10;3033;2.61277;476584;0;0;sBELA*;? Unchecked;v1.6.0-140-g9a10cc1
roadmap;dimacs;24/40;40;   1228417;     41268;151577;924;1804911;261215;43;3033;0.547145;477414;0;0;sBELA*;? Unchecked;v1.6.0-140-g9a10cc1
roadmap;dimacs;25/40;40;    321340;    192757;126579;392;1500526;375040;41;3033;0.778166;481954;0;0;sBELA*;? Unchecked;v1.6.0-140-g9a10cc1
roadmap;dimacs;26/40;40;    965921;   1375640;462180;1290;6122468;1485468;66;3033;3.43445;432520;0;0;sBELA*;? Unchecked;v1.6.0-140-g9a10cc1
roadmap;dimacs;27/40;40;   1657428;    779364;407496;1485;5065216;905056;41;3033;1.98729;455421;0;0;sBELA*;? Unchecked;v1.6.0-140-g9a10cc1
roadmap;dimacs;28/40;40;    454410;    618767;73790;397;955361;329065;21;3033;0.661619;497363;0;0;sBELA*;? Unchecked;v1.6.0-140-g9a10cc1
roadmap;dimacs;29/40;40;   1453433;   1181632;234980;573;3003580;684955;81;3033;1.42007;482338;0;0;sBELA*;? Unchecked;v1.6.0-140-g9a10cc1
roadmap;dimacs;30/40;40;    261444;   1761841;63227;474;789792;220731;43;3033;0.450933;489498;0;0;sBELA*;? Unchecked;v1.6.0-140-g9a10cc1
roadmap;dimacs;31/40;40;   1710330;   1308565;571484;1240;6157059;1000476;8;3033;2.13371;468891;0;0;sBELA*;? Unchecked;v1.6.0-140-g9a10cc1
roadmap;dimacs;32/40;40;   1622269;    239225;324818;1506;3830782;654417;39;3033;1.37558;475740;0;0;sBELA*;? Unchecked;v1.6.0-140-g9a10cc1
roadmap;dimacs;33/40;40;    858782;    835734;273081;937;2932180;457826;53;3033;1.01105;452823;0;0;sBELA*;? Unchecked;v1.6.0-140-g9a10cc1
roadmap;dimacs;34/40;40;   1164733;   1686951;224372;633;3418298;143020;32;3033;0.362115;394957;0;0;sBELA*;? Unchecked;v1.6.0-140-g9a10cc1
roadmap;dimacs;35/40;40;   1008319;    677177;694520;1773;8091482;1745876;71;3033;3.8097;458271;0;0;sBELA*;? Unchecked;v1.6.0-140-g9a10cc1
roadmap;dimacs;36/40;40;   1646034;   1063654;838593;1907;9241742;1858917;4;3033;4.0964;453793;0;0;sBELA*;? Unchecked;v1.6.0-140-g9a10cc1
roadmap;dimacs;37/40;40;    682994;   1688601;1067651;3400;12098032;1867470;5;3033;4.03886;462376;0;0;sBELA*;? Unchecked;v1.6.0-140-g9a10cc1
roadmap;dimacs;38/40;40;    257300;    548822;568383;1142;6020834;1309941;19;3033;2.70948;483466;0;0;sBELA*;? Unchecked;v1.6.0-140-g9a10cc1
roadmap;dimacs;39/40;40;   1208113;    169244;86039;251;994822;56337;62;3033;0.155158;363095;0;0;sBELA*;? Unchecked;v1.6.0-140-g9a10cc1
roadmap;dimacs;40/40;40;   1226440;   1391278;762181;2166;8142677;1479217;7;3033;3.27424;451774;0;0;sBELA*;? Unchecked;v1.6.0-140-g9a10cc1
roadmap;dimacs;41/40;40;    122277;   1128394;211069;715;2944579;500609;67;3033;1.07789;464435;0;0;sBELA*;? Unchecked;v1.6.0-140-g9a10cc1
roadmap;dimacs;42/40;40;     66946;   1214669;559170;1053;5959999;971970;21;3033;2.10518;461704;0;0;sBELA*;? Unchecked;v1.6.0-140-g9a10cc1
roadmap;dimacs;43/40;40;    299055;   1685578;867092;2346;9966138;1809903;2;3033;3.93029;460501;0;0;sBELA*;? Unchecked;v1.6.0-140-g9a10cc1
roadmap;dimacs;44/40;40;   1617239;   1448010;431664;1333;4746076;1054284;52;3033;2.35732;447239;0;0;sBELA*;? Unchecked;v1.6.0-140-g9a10cc1
roadmap;dimacs;45/40;40;     88434;    220092;162378;810;1922247;395391;26;3033;0.809581;488390;0;0;sBELA*;? Unchecked;v1.6.0-140-g9a10cc1
roadmap;dimacs;46/40;40;    765554;   1136443;219632;713;2443487;448547;10;3033;0.964741;464940;0;0;sBELA*;? Unchecked;v1.6.0-140-g9a10cc1
roadmap;dimacs;47/40;40;   1662423;    665304;617218;2029;6865216;1498684;4;3033;3.23374;463452;0;0;sBELA*;? Unchecked;v1.6.0-140-g9a10cc1
roadmap;dimacs;48/40;40;    522581;    744644;559543;1298;6138029;1076415;10;3033;2.3295;462079;0;0;sBELA*;? Unchecked;v1.6.0-140-g9a10cc1
roadmap;dimacs;49/40;40;    880871;    913237;417900;1192;4898566;981403;50;3033;2.12613;461592;0;0;sBELA*;? Unchecked;v1.6.0-140-g9a10cc1
roadmap;dimacs;50/40;40;    184031;   1879161;467172;1179;5260691;1210919;13;3033;2.70161;448221;0;0;sBELA*;? Unchecked;v1.6.0-140-g9a10cc1
roadmap;dimacs;51/40;40;    638122;   1463354;114492;439;1317463;179464;96;3033;0.385236;465854;0;0;sBELA*;? Unchecked;v1.6.0-140-g9a10cc1
roadmap;dimacs;52/40;40;   1314005;    356552;391568;1165;4462538;947636;23;3033;2.06205;459561;0;0;sBELA*;? Unchecked;v1.6.0-140-g9a10cc1
roadmap;dimacs;53/40;40;     21748;   1031477;909846;2536;10681251;1534998;11;3033;3.52759;435140;0;0;sBELA*;? Unchecked;v1.6.0-140-g9a10cc1
roadmap;dimacs;54/40;40;    149376;    488085;110158;255;1226170;26336;85;3033;0.0831681;316660;0;0;sBELA*;? Unchecked;v1.6.0-140-g9a10cc1
roadmap;dimacs;55/40;40;   1471925;   1271058;63505;446;722773;229745;20;3033;0.455211;504700;0;0;sBELA*;? Unchecked;v1.6.0-140-g9a10cc1
roadmap;dimacs;56/40;40;    531829;    538074;663794;1943;7230270;1319691;17;3033;2.77639;475326;0;0;sBELA*;? Unchecked;v1.6.0-140-g9a10cc1
roadmap;dimacs;57/40;40;     65785;   1728556;255073;1019;3029484;623675;102;3033;1.3177;473306;0;0;sBELA*;? Unchecked;v1.6.0-140-g9a10cc1
roadmap;dimacs;58/40;40;   1182648;    947461;461621;1106;5479990;1336718;11;3033;2.83578;471376;0;0;sBELA*;? Unchecked;v1.6.0-140-g9a10cc1
roadmap;dimacs;59/40;40;    834369;   1832866;502291;1359;6184374;1425441;39;3033;2.98959;476801;0;0;sBELA*;? Unchecked;v1.6.0-140-g9a10cc1
roadmap;dimacs;60/40;40;   1579344;    795855;1121257;3398;13143893;1884522;9;3033;4.07614;462330;0;0;sBELA*;? Unchecked;v1.6.0-140-g9a10cc1
roadmap;dimacs;61/40;40;    830015;   1296962;605605;1353;6488756;1055192;7;3033;2.31487;455832;0;0;sBELA*;? Unchecked;v1.6.0-140-g9a10cc1
roadmap;dimacs;62/40;40;    390249;     22433;179570;796;2515922;355313;10;3033;0.823262;431592;0;0;sBELA*;? Unchecked;v1.6.0-140-g9a10cc1
roadmap;dimacs;63/40;40;   1361440;    776903;455922;1690;6005687;1471814;88;3033;3.43644;428296;0;0;sBELA*;? Unchecked;v1.6.0-140-g9a10cc1
roadmap;dimacs;64/40;40;   1526444;    433636;84680;450;1090153;259447;49;3033;0.536076;483974;0;0;sBELA*;? Unchecked;v1.6.0-140-g9a10cc1
roadmap;dimacs;65/40;40;    653723;   1649198;619628;1796;6702822;1071768;1;3033;2.31046;463876;0;0;sBELA*;? Unchecked;v1.6.0-140-g9a10cc1
roadmap;dimacs;66/40;40;   1848324;   1867145;207351;311;2482382;104222;348;3033;0.299024;348541;0;0;sBELA*;? Unchecked;v1.6.0-140-g9a10cc1
roadmap;dimacs;67/40;40;    556081;   1705850;131686;545;1729352;327643;34;3033;0.649671;504322;0;0;sBELA*;? Unchecked;v1.6.0-140-g9a10cc1
roadmap;dimacs;68/40;40;   1041215;   1753708;535527;1138;7038215;387479;58;3033;0.987152;392522;0;0;sBELA*;? Unchecked;v1.6.0-140-g9a10cc1
roadmap;dimacs;69/40;40;   1673024;   1341690;235145;732;3011496;213812;39;3033;0.507506;421300;0;0;sBELA*;? Unchecked;v1.6.0-140-g9a10cc1
roadmap;dimacs;70/40;40;   1305038;   1494283;532061;1208;5867917;1269609;41;3033;2.72026;466723;0;0;sBELA*;? Unchecked;v1.6.0-140-g9a10cc1
roadmap;dimacs;71/40;40;    989350;    282657;490147;1042;5936599;695137;37;3033;1.60197;433927;0;0;sBELA*;? Unchecked;v1.6.0-140-g9a10cc1
roadmap;dimacs;72/40;40;    277177;    414997;617912;1576;6899169;1519486;41;3033;3.24274;468580;0;0;sBELA*;? Unchecked;v1.6.0-140-g9a10cc1
roadmap;dimacs;73/40;40;    189385;    632745;319084;1375;3513074;807610;2;3033;1.73968;464230;0;0;sBELA*;? Unchecked;v1.6.0-140-g9a10cc1
roadmap;dimacs;74/40;40;   1642632;    169223;180387;620;2266627;178619;294;3033;0.490874;363880;0;0;sBELA*;? Unchecked;v1.6.0-140-g9a10cc1
roadmap;dimacs;75/40;40;   1160966;    638119;1038391;3044;11495032;1711413;7;3033;3.84961;444568;0;0;sBELA*;? Unchecked;v1.6.0-140-g9a10cc1
roadmap;dimacs;76/40;40;   1759861;   1021392;702708;1540;8552481;1696421;20;3033;3.85176;440428;0;0;sBELA*;? Unchecked;v1.6.0-140-g9a10cc1
roadmap;dimacs;77/40;40;    681135;     95876;662821;1714;7581288;1338602;76;3033;2.76437;484234;0;0;sBELA*;? Unchecked;v1.6.0-140-g9a10cc1
roadmap;dimacs;78/40;40;    614892;    385398;803037;2065;8944841;1759180;26;3033;3.92628;448053;0;0;sBELA*;? Unchecked;v1.6.0-140-g9a10cc1
roadmap;dimacs;79/40;40;   1726489;   1469303;862661;2276;9933288;1674607;19;3033;3.82072;438296;0;0;sBELA*;? Unchecked;v1.6.0-140-g9a10cc1
roadmap;dimacs;80/40;40;     52390;    909716;192130;595;2589216;313989;69;3033;0.698273;449665;0;0;sBELA*;? Unchecked;v1.6.0-140-g9a10cc1
roadmap;dimacs;81/40;40;   1438544;   1709652;210940;739;2861420;408780;38;3033;0.894638;456922;0;0;sBELA*;? Unchecked;v1.6.0-140-g9a10cc1
roadmap;dimacs;82/40;40;   1885245;   1219012;568631;967;7656977;910032;39;3033;2.04696;444578;0;0;sBELA*;? Unchecked;v1.6.0-140-g9a10cc1
roadmap;dimacs;83/40;40;    474128;    462404;632962;1666;6969720;1388485;7;3033;2.94867;470885;0;0;sBELA*;? Unchecked;v1.6.0-140-g9a10cc1
roadmap;dimacs;84/40;40;   1776146;    980278;386384;1133;5051159;902984;70;3033;2.008;449694;0;0;sBELA*;? Unchecked;v1.6.0-140-g9a10cc1
roadmap;dimacs;85/40;40;   1391963;    468960;690267;2005;7717537;1493174;7;3033;3.16822;471297;0;0;sBELA*;? Unchecked;v1.6.0-140-g9a10cc1
roadmap;dimacs;86/40;40;   1052481;    543349;703537;2134;9460490;1433225;36;3033;3.28403;436423;0;0;sBELA*;? Unchecked;v1.6.0-140-g9a10cc1
roadmap;dimacs;87/40;40;   1821017;    791672;551935;1105;6671158;237789;38;3033;0.684434;347424;0;0;sBELA*;? Unchecked;v1.6.0-140-g9a10cc1
roadmap;dimacs;88/40;40;    135239;   1107730;177484;563;1990046;263821;38;3033;0.558107;472707;0;0;sBELA*;? Unchecked;v1.6.0-140-g9a10cc1
roadmap;dimacs;89/40;40;    105712;   1042809;626385;1615;8540417;1865101;23;3033;4.12855;451757;0;0;sBELA*;? Unchecked;v1.6.0-140-g9a10cc1
roadmap;dimacs;90/40;40;    269271;     31624;538827;1477;5830480;1224798;4;3033;2.55212;479914;0;0;sBELA*;? Unchecked;v1.6.0-140-g9a10cc1
roadmap;dimacs;91/40;40;    711516;   1110978;330196;1487;3813610;734704;22;3033;1.59152;461637;0;0;sBELA*;? Unchecked;v1.6.0-140-g9a10cc1
roadmap;dimacs;92/40;40;    129884;   1702774;256443;947;2963479;525248;51;3033;1.14388;459183;0;0;sBELA*;? Unchecked;v1.6.0-140-g9a10cc1
roadmap;dimacs;93/40;40;    677739;   1445420;90417;333;1109796;209634;477;3033;0.466412;449461;0;0;sBELA*;? Unchecked;v1.6.0-140-g9a10cc1
roadmap;dimacs;94/40;40;    689436;    132056;224853;720;2697494;510204;46;3033;1.06956;477022;0;0;sBELA*;? Unchecked;v1.6.0-140-g9a10cc1
roadmap;dimacs;95/40;40;    172705;   1375271;480521;1071;5217210;1330444;42;3033;2.88015;461935;0;0;sBELA*;? Unchecked;v1.6.0-140-g9a10cc1
roadmap;dimacs;96/40;40;   1879024;    843565;170548;719;2025883;152853;35;3033;0.406464;376055;0;0;sBELA*;? Unchecked;v1.6.0-140-g9a10cc1
roadmap;dimacs;97/40;40;    594555;   1305211;146214;970;1536230;483982;83;3033;0.998213;484849;0;0;sBELA*;? Unchecked;v1.6.0-140-g9a10cc1
roadmap;dimacs;98/40;40;    338636;    646444;221052;1053;2535770;661308;30;3033;1.40228;471593;0;0;sBELA*;? Unchecked;v1.6.0-140-g9a10cc1
roadmap;dimacs;99/40;40;   1834673;    546450;436400;1192;5698069;389784;20;3033;0.999493;389982;0;0;sBELA*;? Unchecked;v1.6.0-140-g9a10cc1
roadmap;dimacs;0/50;50;   1158641;   1272769;836775;2234;9081391;1199305;46;3033;2.88811;415256;0;0;sBELA*;? Unchecked;v1.6.0-140-g9a10cc1
roadmap;dimacs;1/50;50;     54758;   1370062;348512;1528;4088398;739506;70;3033;1.72376;429008;0;0;sBELA*;? Unchecked;v1.6.0-140-g9a10cc1
roadmap;dimacs;2/50;50;    935047;   1190851;242246;524;3006312;132152;127;3033;0.378523;349125;0;0;sBELA*;? Unchecked;v1.6.0-140-g9a10cc1
roadmap;dimacs;3/50;50;    548674;   1730064;185823;788;2234724;466831;60;3033;0.999292;467162;0;0;sBELA*;? Unchecked;v1.6.0-140-g9a10cc1
roadmap;dimacs;4/50;50;    713105;   1135162;105821;262;1393828;94863;267;3033;0.227689;416633;0;0;sBELA*;? Unchecked;v1.6.0-140-g9a10cc1
roadmap;dimacs;5/50;50;   1213983;   1847687;385742;1050;5259302;1352696;151;3033;2.91435;464151;0;0;sBELA*;? Unchecked;v1.6.0-140-g9a10cc1
roadmap;dimacs;6/50;50;   1416819;   1454455;129232;587;1387936;448822;52;3033;0.907829;494391;0;0;sBELA*;? Unchecked;v1.6.0-140-g9a10cc1
roadmap;dimacs;7/50;50;   1202525;   1287863;187757;927;2205746;439665;22;3033;1.03524;424698;0;0;sBELA*;? Unchecked;v1.6.0-140-g9a10cc1
roadmap;dimacs;8/50;50;    416104;   1824062;341905;1269;4704662;882054;109;3033;1.98478;444408;0;0;sBELA*;? Unchecked;v1.6.0-140-g9a10cc1
roadmap;dimacs;9/50;50;    350612;   1840987;740325;1633;9115787;1794214;27;3033;3.97874;450950;0;0;sBELA*;? Unchecked;v1.6.0-140-g9a10cc1
roadmap;dimacs;10/50;50;    581610;   1031954;665220;1739;7767690;1387178;26;3033;2.92246;474661;0;0;sBELA*;? Unchecked;v1.6.0-140-g9a10cc1
roadmap;dimacs;11/50;50;    329503;   1179401;311471;689;3446459;831154;25;3033;1.76947;469719;0;0;sBELA*;? Unchecked;v1.6.0-140-g9a10cc1
roadmap;dimacs;12/50;50;    480267;    159302;662588;1503;7974107;1140000;73;3033;2.49255;457362;0;0;sBELA*;? Unchecked;v1.6.0-140-g9a10cc1
roadmap;dimacs;13/50;50;   1890527;   1576171;736387;1612;8709202;1287047;72;3033;3.14165;409672;0;0;sBELA*;? Unchecked;v1.6.0-140-g9a10cc1
roadmap;dimacs;14/50;50;   1743677;    933040;323236;967;5426155;1340174;38;3033;2.89784;462473;0;0;sBELA*;? Unchecked;v1.6.0-140-g9a10cc1
roadmap;dimacs;15/50;50;   1460731;   1705524;743782;2204;8152769;1592956;5;3033;3.36049;474024;0;0;sBELA*;? Unchecked;v1.6.0-140-g9a10cc1
roadmap;dimacs;16/50;50;    801770;    765171;462423;1632;5188979;617752;53;3033;1.44875;426402;0;0;sBELA*;? Unchecked;v1.6.0-140-g9a10cc1
roadmap;dimacs;17/50;50;   1076837;   1604094;79473;405;1055101;213123;61;3033;0.451024;472531;0;0;sBELA*;? Unchecked;v1.6.0-140-g9a10cc1
roadmap;dimacs;18/50;50;   1431544;    194846;459353;1538;5259187;969025;65;3033;2.17188;446168;0;0;sBELA*;? Unchecked;v1.6.0-140-g9a10cc1
roadmap;dimacs;19/50;50;   1536202;    632533;212958;695;2578565;614389;213;3033;1.34038;458370;0;0;sBELA*;? Unchecked;v1.6.0-140-g9a10cc1
roadmap;dimacs;20/50;50;    356711;    288578;443907;1570;4883659;1076465;17;3033;2.43223;442583;0;0;sBELA*;? Unchecked;v1.6.0-140-g9a10cc1
roadmap;dimacs;21/50;50;   1416275;   1578430;108621;453;1176398;371274;533;3033;0.834895;444695;0;0;sBELA*;? Unchecked;v1.6.0-140-g9a10cc1
roadmap;dimacs;22/50;50;   1267172;   1104888;580507;1359;6179749;1303454;24;3033;2.7155;480006;0;0;sBELA*;? Unchecked;v1.6.0-140-g9a10cc1
roadmap;dimacs;23/50;50;   1466216;   1076837;599781;1626;6568827;1245206;12;3033;2.66242;467697;0;0;sBELA*;? Unchecked;v1.6.0-140-g9a10cc1
roadmap;dimacs;24/50;50;   1228417;     41268;151577;921;1804922;261218;52;3033;0.554518;471072;0;0;sBELA*;? Unchecked;v1.6.0-140-g9a10cc1
roadmap;dimacs;25/50;50;    321340;    192757;126579;390;1500538;375047;51;3033;0.784717;477939;0;0;sBELA*;? Unchecked;v1.6.0-140-g9a10cc1
roadmap;dimacs;26/50;50;    965921;   1375640;462180;1291;6122486;1485481;88;3033;3.43677;432231;0;0;sBELA*;? Unchecked;v1.6.0-140-g9a10cc1
roadmap;dimacs;27/50;50;   1657428;    779364;407496;1482;5065235;905056;51;3033;2.0317;445467;0;0;sBELA*;? Unchecked;v1.6.0-140-g9a10cc1
roadmap;dimacs;28/50;50;    454410;    618767;73790;398;955405;329073;29;3033;0.666206;493951;0;0;sBELA*;? Unchecked;v1.6.0-140-g9a10cc1
roadmap;dimacs;29/50;50;   1453433;   1181632;234980;575;3003648;684961;113;3033;1.42767;479774;0;0;sBELA*;? Unchecked;v1.6.0-140-g9a10cc1
roadmap;dimacs;30/50;50;    261444;   1761841;63227;478;789804;220733;51;3033;0.455748;484331;0;0;sBELA*;? Unchecked;v1.6.0-140-g9a10cc1
roadmap;dimacs;31/50;50;   1710330;   1308565;571484;1237;6157061;1000476;10;3033;2.14172;467137;0;0;sBELA*;? Unchecked;v1.6.0-140-g9a10cc1
roadmap;dimacs;32/50;50;   1622269;    239225;324818;1508;3830786;654418;48;3033;1.38513;472461;0;0;sBELA*;? Unchecked;v1.6.0-140-g9a10cc1
roadmap;dimacs;33/50;50;    858782;    835734;273081;938;2932191;457829;65;3033;1.03004;444479;0;0;sBELA*;? Unchecked;v1.6.0-140-g9a10cc1
roadmap;dimacs;34/50;50;   1164733;   1686951;224372;634;3418308;143020;38;3033;0.364274;392617;0;0;sBELA*;? Unchecked;v1.6.0-140-g9a10cc1
roadmap;dimacs;35/50;50;   1008319;    677177;694520;1772;8091491;1745879;88;3033;3.80599;458719;0;0;sBELA*;? Unchecked;v1.6.0-140-g9a10cc1
roadmap;dimacs;36/50;50;   1646034;   1063654;838593;1904;9241742;1858917;4;3033;4.10301;453062;0;0;sBELA*;? Unchecked;v1.6.0-140-g9a10cc1
roadmap;dimacs;37/50;50;    682994;   1688601;1067651;3405;12098032;1867470;6;3033;4.02317;464179;0;0;sBELA*;? Unchecked;v1.6.0-140-g9a10cc1
roadmap;dimacs;38/50;50;    257300;    548822;568383;1144;6020837;1309941;25;3033;2.75469;475531;0;0;sBELA*;? Unchecked;v1.6.0-140-g9a10cc1
roadmap;dimacs;39/50;50;   1208113;    169244;86039;253;994846;56339;77;3033;0.150161;375190;0;0;sBELA*;? Unchecked;v1.6.0-140-g9a10cc1
roadmap;dimacs;40/50;50;   1226440;   1391278;762181;2163;8142680;1479218;9;3033;3.24515;455824;0;0;sBELA*;? Unchecked;v1.6.0-140-g9a10cc1
roadmap;dimacs;41/50;50;    122277;   1128394;211069;719;2944594;500616;86;3033;1.09174;458550;0;0;sBELA*;? Unchecked;v1.6.0-140-g9a10cc1
roadmap;dimacs;42/50;50;     66946;   1214669;559170;1054;5960010;971970;29;3033;2.14462;453213;0;0;sBELA*;? Unchecked;v1.6.0-140-g9a10cc1
roadmap;dimacs;43/50;50;    299055;   1685578;867092;2346;9966138;1809903;3;3033;3.91738;462019;0;0;sBELA*;? Unchecked;v1.6.0-140-g9a10cc1
roadmap;dimacs;44/50;50;   1617239;   1448010;431664;1335;4746081;1054286;62;3033;2.35166;448315;0;0;sBELA*;? Unchecked;v1.6.0-140-g9a10cc1
roadmap;dimacs;45/50;50;     88434;    220092;162378;812;1922254;395393;33;3033;0.814462;485466;0;0;sBELA*;? Unchecked;v1.6.0-140-g9a10cc1
roadmap;dimacs;46/50;50;    765554;   1136443;219632;715;2443487;448547;12;3033;0.960115;467180;0;0;sBELA*;? Unchecked;v1.6.0-140-g9a10cc1
roadmap;dimacs;47/50;50;   1662423;    665304;617218;2029;6865216;1498684;4;3033;3.20704;467310;0;0;sBELA*;? Unchecked;v1.6.0-140-g9a10cc1
roadmap;dimacs;48/50;50;    522581;    744644;559543;1296;6138029;1076415;12;3033;2.31833;464306;0;0;sBELA*;? Unchecked;v1.6.0-140-g9a10cc1
roadmap;dimacs;49/50;50;    880871;    913237;417900;1191;4898580;981413;70;3033;2.13803;459026;0;0;sBELA*;? Unchecked;v1.6.0-140-g9a10cc1
roadmap;dimacs;50/50;50;    184031;   1879161;467172;1177;5260707;1210926;17;3033;2.66843;453798;0;0;sBELA*;? Unchecked;v1.6.0-140-g9a10cc1
roadmap;dimacs;51/50;50;    638122;   1463354;114492;450;1317489;179475;117;3033;0.390297;459842;0;0;sBELA*;? Unchecked;v1.6.0-140-g9a10cc1
roadmap;dimacs;52/50;50;   1314005;    356552;391568;1163;4462546;947638;29;3033;2.08524;454449;0;0;sBELA*;? Unchecked;v1.6.0-140-g9a10cc1
roadmap;dimacs;53/50;50;     21748;   1031477;909846;2538;10681252;1534998;14;3033;3.53287;434491;0;0;sBELA*;? Unchecked;v1.6.0-140-g9a10cc1
roadmap;dimacs;54/50;50;    149376;    488085;110158;253;1226176;26337;97;3033;0.0863903;304861;0;0;sBELA*;? Unchecked;v1.6.0-140-g9a10cc1
roadmap;dimacs;55/50;50;   1471925;   1271058;63505;444;722785;229756;28;3033;0.460484;498945;0;0;sBELA*;? Unchecked;v1.6.0-140-g9a10cc1
roadmap;dimacs;56/50;50;    531829;    538074;663794;1942;7230271;1319692;20;3033;2.78468;473912;0;0;sBELA*;? Unchecked;v1.6.0-140-g9a10cc1
roadmap;dimacs;57/50;50;     65785;   1728556;255073;1019;3029511;623677;138;3033;1.33502;467167;0;0;sBELA*;? Unchecked;v1.6.0-140-g9a10cc1
roadmap;dimacs;58/50;50;   1182648;    947461;461621;1107;5480002;1336720;14;3033;2.83405;471664;0;0;sBELA*;? Unchecked;v1.6.0-140-g9a10cc1
roadmap;dimacs;59/50;50;    834369;   1832866;502291;1357;6184379;1425444;48;3033;3.00525;474318;0;0;sBELA*;? Unchecked;v1.6.0-140-g9a10cc1
roadmap;dimacs;60/50;50;   1579344;    795855;1121257;3402;13143894;1884522;11;3033;4.08291;461564;0;0;sBELA*;? Unchecked;v1.6.0-140-g9a10cc1
roadmap;dimacs;61/50;50;    830015;   1296962;605605;1351;6488758;1055194;9;3033;2.29524;459732;0;0;sBELA*;? Unchecked;v1.6.0-140-g9a10cc1
roadmap;dimacs;62/50;50;    390249;     22433;179570;798;2515923;355313;13;3033;0.84031;422836;0;0;sBELA*;? Unchecked;v1.6.0-140-g9a10cc1
roadmap;dimacs;63/50;50;   1361440;    776903;455922;1691;6005702;1471821;109;3033;3.43685;428246;0;0;sBELA*;? Unchecked;v1.6.0-140-g9a10cc1
roadmap;dimacs;64/50;50;   1526444;    433636;84680;450;1090164;259460;58;3033;0.538135;482147;0;0;sBELA*;? Unchecked;v1.6.0-140-g9a10cc1
roadmap;dimacs;65/50;50;    653723;   1649198;619628;1796;6702823;1071768;2;3033;2.31239;463490;0;0;sBELA*;? Unchecked;v1.6.0-140-g9a10cc1
roadmap;dimacs;66/50;50;   1848324;   1867145;207351;310;2482577;104246;449;3033;0.306141;340517;0;0;sBELA*;? Unchecked;v1.6.0-140-g9a10cc1
roadmap;dimacs;67/50;50;    556081;   1705850;131686;550;1729369;327650;42;3033;0.671334;488058;0;0;sBELA*;? Unchecked;v1.6.0-140-g9a10cc1
roadmap;dimacs;68/50;50;   1041215;   1753708;535527;1137;7038230;387482;73;3033;1.00481;385627;0;0;sBELA*;? Unchecked;v1.6.0-140-g9a10cc1
roadmap;dimacs;69/50;50;   1673024;   1341690;235145;731;3011515;213814;49;3033;0.512169;417467;0;0;sBELA*;? Unchecked;v1.6.0-140-g9a10cc1
roadmap;dimacs;70/50;50;   1305038;   1494283;532061;1211;5867923;1269609;50;3033;2.68238;473315;0;0;sBELA*;? Unchecked;v1.6.0-140-g9a10cc1
roadmap;dimacs;71/50;50;    989350;    282657;490147;1041;5936611;695147;47;3033;1.59933;434649;0;0;sBELA*;? Unchecked;v1.6.0-140-g9a10cc1
roadmap;dimacs;72/50;50;    277177;    414997;617912;1576;6899174;1519486;51;3033;3.2756;463881;0;0;sBELA*;? Unchecked;v1.6.0-140-g9a10cc1
roadmap;dimacs;73/50;50;    189385;    632745;319084;1375;3513079;807610;3;3033;1.72762;467470;0;0;sBELA*;? Unchecked;v1.6.0-140-g9a10cc1
roadmap;dimacs;74/50;50;   1642632;    169223;180387;622;2266686;178628;383;3033;0.501404;356256;0;0;sBELA*;? Unchecked;v1.6.0-140-g9a10cc1
roadmap;dimacs;75/50;50;   1160966;    638119;1038391;3044;11495034;1711413;9;3033;3.8829;440757;0;0;sBELA*;? Unchecked;v1.6.0-140-g9a10cc1
roadmap;dimacs;76/50;50;   1759861;   1021392;702708;1543;8552483;1696421;25;3033;3.82042;444041;0;0;sBELA*;? Unchecked;v1.6.0-140-g9a10cc1
roadmap;dimacs;77/50;50;    681135;     95876;662821;1717;7581293;1338602;90;3033;2.80902;476537;0;0;sBELA*;? Unchecked;v1.6.0-140-g9a10cc1
roadmap;dimacs;78/50;50;    614892;    385398;803037;2064;8944843;1759180;31;3033;3.93521;447036;0;0;sBELA*;? Unchecked;v1.6.0-140-g9a10cc1
roadmap;dimacs;79/50;50;   1726489;   1469303;862661;2276;9933290;1674607;21;3033;3.84778;435214;0;0;sBELA*;? Unchecked;v1.6.0-140-g9a10cc1
roadmap;dimacs;80/50;50;     52390;    909716;192130;597;2589251;313998;84;3033;0.706201;444630;0;0;sBELA*;? Unchecked;v1.6.0-140-g9a10cc1
roadmap;dimacs;81/50;50;   1438544;   1709652;210940;740;2861422;408781;47;3033;0.90182;453285;0;0;sBELA*;? Unchecked;v1.6.0-140-g9a10cc1
roadmap;dimacs;82/50;50;   1885245;   1219012;568631;968;7656990;910035;47;3033;2.05168;443557;0;0;sBELA*;? Unchecked;v1.6.0-140-g9a10cc1
roadmap;dimacs;83/50;50;    474128;    462404;632962;1664;6969734;1388493;9;3033;2.96662;468038;0;0;sBELA*;? Unchecked;v1.6.0-140-g9a10cc1
roadmap;dimacs;84/50;50;   1776146;    980278;386384;1126;5051165;902985;82;3033;2.01516;448097;0;0;sBELA*;? Unchecked;v1.6.0-140-g9a10cc1
roadmap;dimacs;85/50;50;   1391963;    468960;690267;2005;7717551;1493177;9;3033;3.15845;472756;0;0;sBELA*;? Unchecked;v1.6.0-140-g9a10cc1
roadmap;dimacs;86/50;50;   1052481;    543349;703537;2134;9460497;1433232;44;3033;3.32176;431468;0;0;sBELA*;? Unchecked;v1.6.0-140-g9a10cc1
roadmap;dimacs;87/50;50;   1821017;    791672;551935;1104;6671176;237789;45;3033;0.704757;337406;0;0;sBELA*;? Unchecked;v1.6.0-140-g9a10cc1
roadmap;dimacs;88/50;50;    135239;   1107730;177484;563;1990050;263825;45;3033;0.547603;481781;0;0;sBELA*;? Unchecked;v1.6.0-140-g9a10cc1
roadmap;dimacs;89/50;50;    105712;   1042809;626385;1615;8540421;1865101;28;3033;4.12241;452430;0;0;sBELA*;? Unchecked;v1.6.0-140-g9a10cc1
roadmap;dimacs;90/50;50;    269271;     31624;538827;1479;5830481;1224799;5;3033;2.5595;478530;0;0;sBELA*;? Unchecked;v1.6.0-140-g9a10cc1
roadmap;dimacs;91/50;50;    711516;   1110978;330196;1485;3813611;734706;26;3033;1.59881;459533;0;0;sBELA*;? Unchecked;v1.6.0-140-g9a10cc1
roadmap;dimacs;92/50;50;    129884;   1702774;256443;946;2963491;525254;67;3033;1.14216;459880;0;0;sBELA*;? Unchecked;v1.6.0-140-g9a10cc1
roadmap;dimacs;93/50;50;    677739;   1445420;90417;327;1109841;209652;529;3033;0.472454;443751;0;0;sBELA*;? Unchecked;v1.6.0-140-g9a10cc1
roadmap;dimacs;94/50;50;    689436;    132056;224853;728;2697506;510210;56;3033;1.10096;463423;0;0;sBELA*;? Unchecked;v1.6.0-140-g9a10cc1
roadmap;dimacs;95/50;50;    172705;   1375271;480521;1061;5217229;1330450;53;3033;2.9031;458286;0;0;sBELA*;? Unchecked;v1.6.0-140-g9a10cc1
roadmap;dimacs;96/50;50;   1879024;    843565;170548;719;2025885;152853;41;3033;0.408322;374344;0;0;sBELA*;? Unchecked;v1.6.0-140-g9a10cc1
roadmap;dimacs;97/50;50;    594555;   1305211;146214;971;1536235;483982;96;3033;1.00963;479366;0;0;sBELA*;? Unchecked;v1.6.0-140-g9a10cc1
roadmap;dimacs;98/50;50;    338636;    646444;221052;1051;2535775;661309;39;3033;1.41271;468113;0;0;sBELA*;? Unchecked;v1.6.0-140-g9a10cc1
roadmap;dimacs;99/50;50;   1834673;    546450;436400;1192;5698074;389784;25;3033;0.998656;390309;0;0;sBELA*;? Unchecked;v1.6.0-140-g9a10cc1
roadmap;dimacs;0/60;60;   1158641;   1272769;836775;2232;9081392;1199305;54;3033;2.91466;411474;0;0;sBELA*;? Unchecked;v1.6.0-140-g9a10cc1
roadmap;dimacs;1/60;60;     54758;   1370062;348512;1528;4088403;739507;85;3033;1.71113;432175;0;0;sBELA*;? Unchecked;v1.6.0-140-g9a10cc1
roadmap;dimacs;2/60;60;    935047;   1190851;242246;524;3006350;132154;163;3033;0.385702;342632;0;0;sBELA*;? Unchecked;v1.6.0-140-g9a10cc1
roadmap;dimacs;3/60;60;    548674;   1730064;185823;788;2234726;466831;68;3033;1.00315;465365;0;0;sBELA*;? Unchecked;v1.6.0-140-g9a10cc1
roadmap;dimacs;4/60;60;    713105;   1135162;105821;256;1393880;94868;312;3033;0.230306;411922;0;0;sBELA*;? Unchecked;v1.6.0-140-g9a10cc1
roadmap;dimacs;5/60;60;   1213983;   1847687;385742;1049;5259327;1352700;186;3033;2.94276;459671;0;0;sBELA*;? Unchecked;v1.6.0-140-g9a10cc1
roadmap;dimacs;6/60;60;   1416819;   1454455;129232;584;1387956;448832;63;3033;0.915111;490467;0;0;sBELA*;? Unchecked;v1.6.0-140-g9a10cc1
roadmap;dimacs;7/60;60;   1202525;   1287863;187757;926;2205750;439666;27;3033;1.00592;437078;0;0;sBELA*;? Unchecked;v1.6.0-140-g9a10cc1
roadmap;dimacs;8/60;60;    416104;   1824062;341905;1270;4704670;882054;122;3033;2.00129;440744;0;0;sBELA*;? Unchecked;v1.6.0-140-g9a10cc1
roadmap;dimacs;9/60;60;    350612;   1840987;740325;1631;9115792;1794215;31;3033;4.00366;448144;0;0;sBELA*;? Unchecked;v1.6.0-140-g9a10cc1
roadmap;dimacs;10/60;60;    581610;   1031954;665220;1738;7767694;1387179;30;3033;2.91151;476447;0;0;sBELA*;? Unchecked;v1.6.0-140-g9a10cc1
roadmap;dimacs;11/60;60;    329503;   1179401;311471;688;3446467;831154;30;3033;1.78526;465564;0;0;sBELA*;? Unchecked;v1.6.0-140-g9a10cc1
roadmap;dimacs;12/60;60;    480267;    159302;662588;1502;7974115;1140006;86;3033;2.50823;454506;0;0;sBELA*;? Unchecked;v1.6.0-140-g9a10cc1
roadmap;dimacs;13/60;60;   1890527;   1576171;736387;1613;8709210;1287054;82;3033;3.12386;412007;0;0;sBELA*;? Unchecked;v1.6.0-140-g9a10cc1
roadmap;dimacs;14/60;60;   1743677;    933040;323236;967;5426162;1340178;46;3033;2.93967;455895;0;0;sBELA*;? Unchecked;v1.6.0-140-g9a10cc1
roadmap;dimacs;15/60;60;   1460731;   1705524;743782;2204;8152769;1592956;5;3033;3.34929;475611;0;0;sBELA*;? Unchecked;v1.6.0-140-g9a10cc1
roadmap;dimacs;16/60;60;    801770;    765171;462423;1632;5188986;617755;61;3033;1.4584;423585;0;0;sBELA*;? Unchecked;v1.6.0-140-g9a10cc1
roadmap;dimacs;17/60;60;   1076837;   1604094;79473;405;1055114;213123;78;3033;0.458199;465131;0;0;sBELA*;? Unchecked;v1.6.0-140-g9a10cc1
roadmap;dimacs;18/60;60;   1431544;    194846;459353;1539;5259194;969026;81;3033;2.20736;438998;0;0;sBELA*;? Unchecked;v1.6.0-140-g9a10cc1
roadmap;dimacs;19/60;60;   1536202;    632533;212958;698;2578604;614400;269;3033;1.37106;448120;0;0;sBELA*;? Unchecked;v1.6.0-140-g9a10cc1
roadmap;dimacs;20/60;60;    356711;    288578;443907;1572;4883662;1076467;21;3033;2.41754;445273;0;0;sBELA*;? Unchecked;v1.6.0-140-g9a10cc1
roadmap;dimacs;21/60;60;   1416275;   1578430;108621;469;1176448;371286;670;3033;0.856898;433291;0;0;sBELA*;? Unchecked;v1.6.0-140-g9a10cc1
roadmap;dimacs;22/60;60;   1267172;   1104888;580507;1362;6179753;1303454;28;3033;2.74768;474383;0;0;sBELA*;? Unchecked;v1.6.0-140-g9a10cc1
roadmap;dimacs;23/60;60;   1466216;   1076837;599781;1625;6568828;1245206;13;3033;2.64671;470474;0;0;sBELA*;? Unchecked;v1.6.0-140-g9a10cc1
roadmap;dimacs;24/60;60;   1228417;     41268;151577;923;1804930;261221;64;3033;0.564323;462893;0;0;sBELA*;? Unchecked;v1.6.0-140-g9a10cc1
roadmap;dimacs;25/60;60;    321340;    192757;126579;388;1500546;375049;59;3033;0.784884;477840;0;0;sBELA*;? Unchecked;v1.6.0-140-g9a10cc1
roadmap;dimacs;26/60;60;    965921;   1375640;462180;1289;6122492;1485481;104;3033;3.46333;428917;0;0;sBELA*;? Unchecked;v1.6.0-140-g9a10cc1
roadmap;dimacs;27/60;60;   1657428;    779364;407496;1485;5065242;905056;66;3033;2.0184;448404;0;0;sBELA*;? Unchecked;v1.6.0-140-g9a10cc1
roadmap;dimacs;28/60;60;    454410;    618767;73790;399;955408;329076;34;3033;0.667851;492739;0;0;sBELA*;? Unchecked;v1.6.0-140-g9a10cc1
roadmap;dimacs;29/60;60;   1453433;   1181632;234980;571;3003703;684966;150;3033;1.43474;477416;0;0;sBELA*;? Unchecked;v1.6.0-140-g9a10cc1
roadmap;dimacs;30/60;60;    261444;   1761841;63227;452;789812;220736;61;3033;0.459148;480751;0;0;sBELA*;? Unchecked;v1.6.0-140-g9a10cc1
roadmap;dimacs;31/60;60;   1710330;   1308565;571484;1240;6157063;1000476;12;3033;2.17236;460548;0;0;sBELA*;? Unchecked;v1.6.0-140-g9a10cc1
roadmap;dimacs;32/60;60;   1622269;    239225;324818;1510;3830791;654419;59;3033;1.40011;467405;0;0;sBELA*;? Unchecked;v1.6.0-140-g9a10cc1
roadmap;dimacs;33/60;60;    858782;    835734;273081;940;2932198;457834;77;3033;1.03157;443821;0;0;sBELA*;? Unchecked;v1.6.0-140-g9a10cc1
roadmap;dimacs;34/60;60;   1164733;   1686951;224372;631;3418320;143022;46;3033;0.368646;387966;0;0;sBELA*;? Unchecked;v1.6.0-140-g9a10cc1
roadmap;dimacs;35/60;60;   1008319;    677177;694520;1771;8091498;1745883;106;3033;3.84556;454000;0;0;sBELA*;? Unchecked;v1.6.0-140-g9a10cc1
roadmap;dimacs;36/60;60;   1646034;   1063654;838593;1908;9241743;1858918;5;3033;4.08165;455433;0;0;sBELA*;? Unchecked;v1.6.0-140-g9a10cc1
roadmap;dimacs;37/60;60;    682994;   1688601;1067651;3405;12098033;1867470;7;3033;4.08033;457676;0;0;sBELA*;? Unchecked;v1.6.0-140-g9a10cc1
roadmap;dimacs;38/60;60;    257300;    548822;568383;1142;6020839;1309941;29;3033;2.7271;480343;0;0;sBELA*;? Unchecked;v1.6.0-140-g9a10cc1
roadmap;dimacs;39/60;60;   1208113;    169244;86039;257;994868;56341;90;3033;0.152762;368815;0;0;sBELA*;? Unchecked;v1.6.0-140-g9a10cc1
roadmap;dimacs;40/60;60;   1226440;   1391278;762181;2163;8142681;1479219;10;3033;3.26845;452575;0;0;sBELA*;? Unchecked;v1.6.0-140-g9a10cc1
roadmap;dimacs;41/60;60;    122277;   1128394;211069;720;2944602;500620;105;3033;1.09929;455403;0;0;sBELA*;? Unchecked;v1.6.0-140-g9a10cc1
roadmap;dimacs;42/60;60;     66946;   1214669;559170;1054;5960014;971970;37;3033;2.12523;457349;0;0;sBELA*;? Unchecked;v1.6.0-140-g9a10cc1
roadmap;dimacs;43/60;60;    299055;   1685578;867092;2346;9966139;1809904;4;3033;3.94127;459218;0;0;sBELA*;? Unchecked;v1.6.0-140-g9a10cc1
roadmap;dimacs;44/60;60;   1617239;   1448010;431664;1334;4746085;1054287;72;3033;2.36807;445210;0;0;sBELA*;? Unchecked;v1.6.0-140-g9a10cc1
roadmap;dimacs;45/60;60;     88434;    220092;162378;810;1922262;395395;41;3033;0.821436;481346;0;0;sBELA*;? Unchecked;v1.6.0-140-g9a10cc1
roadmap;dimacs;46/60;60;    765554;   1136443;219632;714;2443488;448547;15;3033;0.968316;463224;0;0;sBELA*;? Unchecked;v1.6.0-140-g9a10cc1
roadmap;dimacs;47/60;60;   1662423;    665304;617218;2026;6865217;1498684;5;3033;3.23601;463126;0;0;sBELA*;? Unchecked;v1.6.0-140-g9a10cc1
roadmap;dimacs;48/60;60;    522581;    744644;559543;1295;6138030;1076415;13;3033;2.32835;462308;0;0;sBELA*;? Unchecked;v1.6.0-140-g9a10cc1
roadmap;dimacs;49/60;60;    880871;    913237;417900;1191;4898591;981417;86;3033;2.15452;455514;0;0;sBELA*;? Unchecked;v1.6.0-140-g9a10cc1
roadmap;dimacs;50/60;60;    184031;   1879161;467172;1178;5260715;1210928;19;3033;2.71272;446389;0;0;sBELA*;? Unchecked;v1.6.0-140-g9a10cc1
roadmap;dimacs;51/60;60;    638122;   1463354;114492;430;1317515;179483;152;3033;0.398126;450820;0;0;sBELA*;? Unchecked;v1.6.0-140-g9a10cc1
roadmap;dimacs;52/60;60;   1314005;    356552;391568;1165;4462549;947638;35;3033;2.08305;454928;0;0;sBELA*;? Unchecked;v1.6.0-140-g9a10cc1
roadmap;dimacs;53/60;60;     21748;   1031477;909846;2541;10681253;1534998;15;3033;3.52975;434874;0;0;sBELA*;? Unchecked;v1.6.0-140-g9a10cc1
roadmap;dimacs;54/60;60;    149376;    488085;110158;255;1226194;26340;111;3033;0.0899129;292950;0;0;sBELA*;? Unchecked;v1.6.0-140-g9a10cc1
roadmap;dimacs;55/60;60;   1471925;   1271058;63505;439;722791;229761;32;3033;0.461787;497548;0;0;sBELA*;? Unchecked;v1.6.0-140-g9a10cc1
roadmap;dimacs;56/60;60;    531829;    538074;663794;1944;7230273;1319692;25;3033;2.82387;467334;0;0;sBELA*;? Unchecked;v1.6.0-140-g9a10cc1
roadmap;dimacs;57/60;60;     65785;   1728556;255073;1021;3029527;623680;162;3033;1.35235;461181;0;0;sBELA*;? Unchecked;v1.6.0-140-g9a10cc1
roadmap;dimacs;58/60;60;   1182648;    947461;461621;1106;5480004;1336721;16;3033;2.87266;465326;0;0;sBELA*;? Unchecked;v1.6.0-140-g9a10cc1
roadmap;dimacs;59/60;60;    834369;   1832866;502291;1358;6184384;1425445;59;3033;3.01224;473218;0;0;sBELA*;? Unchecked;v1.6.0-140-g9a10cc1
roadmap;dimacs;60/60;60;   1579344;    795855;1121257;3402;13143894;1884522;13;3033;4.09514;460185;0;0;sBELA*;? Unchecked;v1.6.0-140-g9a10cc1
roadmap;dimacs;61/60;60;    830015;   1296962;605605;1352;6488760;1055195;11;3033;2.3056;457667;0;0;sBELA*;? Unchecked;v1.6.0-140-g9a10cc1
roadmap;dimacs;62/60;60;    390249;     22433;179570;795;2515925;355313;16;3033;0.826752;429770;0;0;sBELA*;? Unchecked;v1.6.0-140-g9a10cc1
roadmap;dimacs;63/60;60;   1361440;    776903;455922;1689;6005711;1471826;128;3033;3.44541;427185;0;0;sBELA*;? Unchecked;v1.6.0-140-g9a10cc1
roadmap;dimacs;64/60;60;   1526444;    433636;84680;455;1090172;259466;67;3033;0.542655;478141;0;0;sBELA*;? Unchecked;v1.6.0-140-g9a10cc1
roadmap;dimacs;65/60;60;    653723;   1649198;619628;1797;6702823;1071768;2;3033;2.29697;466602;0;0;sBELA*;? Unchecked;v1.6.0-140-g9a10cc1
roadmap;dimacs;66/60;60;   1848324;   1867145;207351;312;2482776;104270;574;3033;0.316331;329623;0;0;sBELA*;? Unchecked;v1.6.0-140-g9a10cc1
roadmap;dimacs;67/60;60;    556081;   1705850;131686;548;1729378;327654;50;3033;0.657982;497968;0;0;sBELA*;? Unchecked;v1.6.0-140-g9a10cc1
roadmap;dimacs;68/60;60;   1041215;   1753708;535527;1134;7038242;387484;92;3033;1.00657;384953;0;0;sBELA*;? Unchecked;v1.6.0-140-g9a10cc1
roadmap;dimacs;69/60;60;   1673024;   1341690;235145;732;3011524;213815;61;3033;0.518528;412350;0;0;sBELA*;? Unchecked;v1.6.0-140-g9a10cc1
roadmap;dimacs;70/60;60;   1305038;   1494283;532061;1211;5867927;1269610;60;3033;2.71663;467347;0;0;sBELA*;? Unchecked;v1.6.0-140-g9a10cc1
roadmap;dimacs;71/60;60;    989350;    282657;490147;1042;5936614;695147;57;3033;1.60943;431922;0;0;sBELA*;? Unchecked;v1.6.0-140-g9a10cc1
roadmap;dimacs;72/60;60;    277177;    414997;617912;1576;6899179;1519487;60;3033;3.25708;466518;0;0;sBELA*;? Unchecked;v1.6.0-140-g9a10cc1
roadmap;dimacs;73/60;60;    189385;    632745;319084;1375;3513079;807610;3;3033;1.7757;454813;0;0;sBELA*;? Unchecked;v1.6.0-140-g9a10cc1
roadmap;dimacs;74/60;60;   1642632;    169223;180387;622;2266716;178633;448;3033;0.510063;350217;0;0;sBELA*;? Unchecked;v1.6.0-140-g9a10cc1
roadmap;dimacs;75/60;60;   1160966;    638119;1038391;3041;11495035;1711413;10;3033;3.88088;440986;0;0;sBELA*;? Unchecked;v1.6.0-140-g9a10cc1
roadmap;dimacs;76/60;60;   1759861;   1021392;702708;1542;8552485;1696421;30;3033;3.86029;439454;0;0;sBELA*;? Unchecked;v1.6.0-140-g9a10cc1
roadmap;dimacs;77/60;60;    681135;     95876;662821;1719;7581297;1338603;100;3033;2.79313;479249;0;0;sBELA*;? Unchecked;v1.6.0-140-g9a10cc1
roadmap;dimacs;78/60;60;    614892;    385398;803037;2066;8944848;1759181;37;3033;3.96266;443939;0;0;sBELA*;? Unchecked;v1.6.0-140-g9a10cc1
roadmap;dimacs;79/60;60;   1726489;   1469303;862661;2276;9933292;1674607;25;3033;3.85035;434923;0;0;sBELA*;? Unchecked;v1.6.0-140-g9a10cc1
roadmap;dimacs;80/60;60;     52390;    909716;192130;596;2589267;314003;97;3033;0.718645;436937;0;0;sBELA*;? Unchecked;v1.6.0-140-g9a10cc1
roadmap;dimacs;81/60;60;   1438544;   1709652;210940;740;2861426;408782;57;3033;0.908599;449904;0;0;sBELA*;? Unchecked;v1.6.0-140-g9a10cc1
roadmap;dimacs;82/60;60;   1885245;   1219012;568631;967;7657001;910039;55;3033;2.06958;439722;0;0;sBELA*;? Unchecked;v1.6.0-140-g9a10cc1
roadmap;dimacs;83/60;60;    474128;    462404;632962;1665;6969738;1388493;10;3033;2.94744;471084;0;0;sBELA*;? Unchecked;v1.6.0-140-g9a10cc1
roadmap;dimacs;84/60;60;   1776146;    980278;386384;1131;5051177;902986;101;3033;2.02221;446535;0;0;sBELA*;? Unchecked;v1.6.0-140-g9a10cc1
roadmap;dimacs;85/60;60;   1391963;    468960;690267;2005;7717555;1493177;10;3033;3.21887;463882;0;0;sBELA*;? Unchecked;v1.6.0-140-g9a10cc1
roadmap;dimacs;86/60;60;   1052481;    543349;703537;2134;9460502;1433234;54;3033;3.32;431697;0;0;sBELA*;? Unchecked;v1.6.0-140-g9a10cc1
roadmap;dimacs;87/60;60;   1821017;    791672;551935;1102;6671179;237789;51;3033;0.712646;333671;0;0;sBELA*;? Unchecked;v1.6.0-140-g9a10cc1
roadmap;dimacs;88/60;60;    135239;   1107730;177484;563;1990054;263825;54;3033;0.595886;442744;0;0;sBELA*;? Unchecked;v1.6.0-140-g9a10cc1
roadmap;dimacs;89/60;60;    105712;   1042809;626385;1606;8540425;1865101;33;3033;4.1361;450932;0;0;sBELA*;? Unchecked;v1.6.0-140-g9a10cc1
roadmap;dimacs;90/60;60;    269271;     31624;538827;1476;5830482;1224799;6;3033;2.55861;478697;0;0;sBELA*;? Unchecked;v1.6.0-140-g9a10cc1
roadmap;dimacs;91/60;60;    711516;   1110978;330196;1487;3813617;734708;30;3033;1.62699;451574;0;0;sBELA*;? Unchecked;v1.6.0-140-g9a10cc1
roadmap;dimacs;92/60;60;    129884;   1702774;256443;947;2963500;525257;80;3033;1.15088;456397;0;0;sBELA*;? Unchecked;v1.6.0-140-g9a10cc1
roadmap;dimacs;93/60;60;    677739;   1445420;90417;317;1109916;209687;636;3033;0.48605;431411;0;0;sBELA*;? Unchecked;v1.6.0-140-g9a10cc1
roadmap;dimacs;94/60;60;    689436;    132056;224853;728;2697517;510210;68;3033;1.07919;472771;0;0;sBELA*;? Unchecked;v1.6.0-140-g9a10cc1
roadmap;dimacs;95/60;60;    172705;   1375271;480521;1062;5217236;1330452;63;3033;2.90731;457624;0;0;sBELA*;? Unchecked;v1.6.0-140-g9a10cc1
roadmap;dimacs;96/60;60;   1879024;    843565;170548;718;2025891;152854;52;3033;0.423583;360860;0;0;sBELA*;? Unchecked;v1.6.0-140-g9a10cc1
roadmap;dimacs;97/60;60;    594555;   1305211;146214;971;1536237;483982;104;3033;1.01832;475275;0;0;sBELA*;? Unchecked;v1.6.0-140-g9a10cc1
roadmap;dimacs;98/60;60;    338636;    646444;221052;1054;2535789;661313;48;3033;1.42688;463467;0;0;sBELA*;? Unchecked;v1.6.0-140-g9a10cc1
roadmap;dimacs;99/60;60;   1834673;    546450;436400;1194;5698077;389786;30;3033;1.0183;382780;0;0;sBELA*;? Unchecked;v1.6.0-140-g9a10cc1
roadmap;dimacs;0/70;70;   1158641;   1272769;836775;2233;9081394;1199305;61;3033;2.9243;410117;0;0;sBELA*;? Unchecked;v1.6.0-140-g9a10cc1
roadmap;dimacs;1/70;70;     54758;   1370062;348512;1523;4088405;739507;92;3033;1.75628;421065;0;0;sBELA*;? Unchecked;v1.6.0-140-g9a10cc1
roadmap;dimacs;2/70;70;    935047;   1190851;242246;522;3006375;132154;185;3033;0.391359;337680;0;0;sBELA*;? Unchecked;v1.6.0-140-g9a10cc1
roadmap;dimacs;3/70;70;    548674;   1730064;185823;788;2234741;466837;86;3033;1.01087;461817;0;0;sBELA*;? Unchecked;v1.6.0-140-g9a10cc1
roadmap;dimacs;4/70;70;    713105;   1135162;105821;258;1393911;94873;344;3033;0.233255;406736;0;0;sBELA*;? Unchecked;v1.6.0-140-g9a10cc1
roadmap;dimacs;5/70;70;   1213983;   1847687;385742;1055;5259345;1352705;227;3033;2.93989;460121;0;0;sBELA*;? Unchecked;v1.6.0-140-g9a10cc1
roadmap;dimacs;6/70;70;   1416819;   1454455;129232;557;1387962;448834;71;3033;0.916933;489495;0;0;sBELA*;? Unchecked;v1.6.0-140-g9a10cc1
roadmap;dimacs;7/70;70;   1202525;   1287863;187757;925;2205756;439667;31;3033;1.03249;425831;0;0;sBELA*;? Unchecked;v1.6.0-140-g9a10cc1
roadmap;dimacs;8/70;70;    416104;   1824062;341905;1270;4704678;882054;140;3033;2.02617;435331;0;0;sBELA*;? Unchecked;v1.6.0-140-g9a10cc1
roadmap;dimacs;9/70;70;    350612;   1840987;740325;1633;9115800;1794216;37;3033;3.99651;448946;0;0;sBELA*;? Unchecked;v1.6.0-140-g9a10cc1
roadmap;dimacs;10/70;70;    581610;   1031954;665220;1738;7767697;1387180;35;3033;2.96646;467621;0;0;sBELA*;? Unchecked;v1.6.0-140-g9a10cc1
roadmap;dimacs;11/70;70;    329503;   1179401;311471;692;3446473;831154;35;3033;1.78781;464902;0;0;sBELA*;? Unchecked;v1.6.0-140-g9a10cc1
roadmap;dimacs;12/70;70;    480267;    159302;662588;1501;7974126;1140008;102;3033;2.53228;450190;0;0;sBELA*;? Unchecked;v1.6.0-140-g9a10cc1
roadmap;dimacs;13/70;70;   1890527;   1576171;736387;1611;8709224;1287058;98;3033;3.14936;408672;0;0;sBELA*;? Unchecked;v1.6.0-140-g9a10cc1
roadmap;dimacs;14/70;70;   1743677;    933040;323236;967;5426167;1340181;51;3033;2.9083;460813;0;0;sBELA*;? Unchecked;v1.6.0-140-g9a10cc1
roadmap;dimacs;15/70;70;   1460731;   1705524;743782;2199;8152770;1592956;6;3033;3.37866;471475;0;0;sBELA*;? Unchecked;v1.6.0-140-g9a10cc1
roadmap;dimacs;16/70;70;    801770;    765171;462423;1630;5188991;617756;70;3033;1.48594;415734;0;0;sBELA*;? Unchecked;v1.6.0-140-g9a10cc1
roadmap;dimacs;17/70;70;   1076837;   1604094;79473;406;1055124;213127;95;3033;0.461198;462116;0;0;sBELA*;? Unchecked;v1.6.0-140-g9a10cc1
roadmap;dimacs;18/70;70;   1431544;    194846;459353;1538;5259198;969026;92;3033;2.20372;439722;0;0;sBELA*;? Unchecked;v1.6.0-140-g9a10cc1
roadmap;dimacs;19/70;70;   1536202;    632533;212958;697;2578639;614419;325;3033;1.36916;448755;0;0;sBELA*;? Unchecked;v1.6.0-140-g9a10cc1
roadmap;dimacs;20/70;70;    356711;    288578;443907;1574;4883665;1076470;24;3033;2.42146;444554;0;0;sBELA*;? Unchecked;v1.6.0-140-g9a10cc1
roadmap;dimacs;21/70;70;   1416275;   1578430;108621;455;1176481;371296;759;3033;0.862152;430662;0;0;sBELA*;? Unchecked;v1.6.0-140-g9a10cc1
roadmap;dimacs;22/70;70;   1267172;   1104888;580507;1386;6179764;1303456;33;3033;2.73481;476617;0;0;sBELA*;? Unchecked;v1.6.0-140-g9a10cc1
roadmap;dimacs;23/70;70;   1466216;   1076837;599781;1627;6568829;1245206;17;3033;2.66171;467822;0;0;sBELA*;? Unchecked;v1.6.0-140-g9a10cc1
roadmap;dimacs;24/70;70;   1228417;     41268;151577;924;1804935;261222;71;3033;0.588047;444219;0;0;sBELA*;? Unchecked;v1.6.0-140-g9a10cc1
roadmap;dimacs;25/70;70;    321340;    192757;126579;393;1500553;375053;67;3033;0.793553;472625;0;0;sBELA*;? Unchecked;v1.6.0-140-g9a10cc1
roadmap;dimacs;26/70;70;    965921;   1375640;462180;1281;6122504;1485490;124;3033;3.46009;429321;0;0;sBELA*;? Unchecked;v1.6.0-140-g9a10cc1
roadmap;dimacs;27/70;70;   1657428;    779364;407496;1482;5065256;905057;81;3033;2.07522;436125;0;0;sBELA*;? Unchecked;v1.6.0-140-g9a10cc1
roadmap;dimacs;28/70;70;    454410;    618767;73790;399;955409;329076;36;3033;0.680147;483831;0;0;sBELA*;? Unchecked;v1.6.0-140-g9a10cc1
roadmap;dimacs;29/70;70;   1453433;   1181632;234980;574;3003716;684969;168;3033;1.44178;475086;0;0;sBELA*;? Unchecked;v1.6.0-140-g9a10cc1
roadmap;dimacs;30/70;70;    261444;   1761841;63227;474;789816;220737;69;3033;0.467378;472288;0;0;sBELA*;? Unchecked;v1.6.0-140-g9a10cc1
roadmap;dimacs;31/70;70;   1710330;   1308565;571484;1238;6157069;1000476;15;3033;2.16783;461509;0;0;sBELA*;? Unchecked;v1.6.0-140-g9a10cc1
roadmap;dimacs;32/70;70;   1622269;    239225;324818;1506;3830794;654420;69;3033;1.4264;458790;0;0;sBELA*;? Unchecked;v1.6.0-140-g9a10cc1
roadmap;dimacs;33/70;70;    858782;    835734;273081;940;2932203;457837;88;3033;1.03635;441778;0;0;sBELA*;? Unchecked;v1.6.0-140-g9a10cc1
roadmap;dimacs;34/70;70;   1164733;   1686951;224372;628;3418332;143023;53;3033;0.372429;384028;0;0;sBELA*;? Unchecked;v1.6.0-140-g9a10cc1
roadmap;dimacs;35/70;70;   1008319;    677177;694520;1764;8091508;1745886;119;3033;3.84671;453865;0;0;sBELA*;? Unchecked;v1.6.0-140-g9a10cc1
roadmap;dimacs;36/70;70;   1646034;   1063654;838593;1904;9241743;1858918;6;3033;4.11112;452169;0;0;sBELA*;? Unchecked;v1.6.0-140-g9a10cc1
roadmap;dimacs;37/70;70;    682994;   1688601;1067651;3405;12098033;1867470;8;3033;4.04012;462232;0;0;sBELA*;? Unchecked;v1.6.0-140-g9a10cc1
roadmap;dimacs;38/70;70;    257300;    548822;568383;1144;6020841;1309941;33;3033;2.75927;474742;0;0;sBELA*;? Unchecked;v1.6.0-140-g9a10cc1
roadmap;dimacs;39/70;70;   1208113;    169244;86039;255;994882;56343;101;3033;0.155513;362304;0;0;sBELA*;? Unchecked;v1.6.0-140-g9a10cc1
roadmap;dimacs;40/70;70;   1226440;   1391278;762181;2164;8142683;1479219;12;3033;3.25595;454313;0;0;sBELA*;? Unchecked;v1.6.0-140-g9a10cc1
roadmap;dimacs;41/70;70;    122277;   1128394;211069;723;2944613;500623;119;3033;1.10078;454788;0;0;sBELA*;? Unchecked;v1.6.0-140-g9a10cc1
roadmap;dimacs;42/70;70;     66946;   1214669;559170;1054;5960019;971971;43;3033;2.16002;449982;0;0;sBELA*;? Unchecked;v1.6.0-140-g9a10cc1
roadmap;dimacs;43/70;70;    299055;   1685578;867092;2346;9966139;1809904;5;3033;3.93105;460413;0;0;sBELA*;? Unchecked;v1.6.0-140-g9a10cc1
roadmap;dimacs;44/70;70;   1617239;   1448010;431664;1332;4746090;1054289;82;3033;2.39994;439297;0;0;sBELA*;? Unchecked;v1.6.0-140-g9a10cc1
roadmap;dimacs;45/70;70;     88434;    220092;162378;810;1922268;395395;49;3033;0.825403;479033;0;0;sBELA*;? Unchecked;v1.6.0-140-g9a10cc1
roadmap;dimacs;46/70;70;    765554;   1136443;219632;716;2443489;448547;19;3033;0.971901;461515;0;0;sBELA*;? Unchecked;v1.6.0-140-g9a10cc1
roadmap;dimacs;47/70;70;   1662423;    665304;617218;2030;6865217;1498684;7;3033;3.21882;465600;0;0;sBELA*;? Unchecked;v1.6.0-140-g9a10cc1
roadmap;dimacs;48/70;70;    522581;    744644;559543;1297;6138031;1076415;17;3033;2.34424;459174;0;0;sBELA*;? Unchecked;v1.6.0-140-g9a10cc1
roadmap;dimacs;49/70;70;    880871;    913237;417900;1193;4898602;981421;104;3033;2.16602;453098;0;0;sBELA*;? Unchecked;v1.6.0-140-g9a10cc1
roadmap;dimacs;50/70;70;    184031;   1879161;467172;1178;5260722;1210932;22;3033;2.67648;452435;0;0;sBELA*;? Unchecked;v1.6.0-140-g9a10cc1
roadmap;dimacs;51/70;70;    638122;   1463354;114492;423;1317544;179495;185;3033;0.411564;436129;0;0;sBELA*;? Unchecked;v1.6.0-140-g9a10cc1
roadmap;dimacs;52/70;70;   1314005;    356552;391568;1163;4462555;947640;40;3033;2.12321;446324;0;0;sBELA*;? Unchecked;v1.6.0-140-g9a10cc1
roadmap;dimacs;53/70;70;     21748;   1031477;909846;2538;10681253;1534998;18;3033;3.5467;432796;0;0;sBELA*;? Unchecked;v1.6.0-140-g9a10cc1
roadmap;dimacs;54/70;70;    149376;    488085;110158;235;1226270;26345;142;3033;0.0906728;290550;0;0;sBELA*;? Unchecked;v1.6.0-140-g9a10cc1
roadmap;dimacs;55/70;70;   1471925;   1271058;63505;444;722799;229770;39;3033;0.468753;490173;0;0;sBELA*;? Unchecked;v1.6.0-140-g9a10cc1
roadmap;dimacs;56/70;70;    531829;    538074;663794;1944;7230274;1319692;27;3033;2.85605;462069;0;0;sBELA*;? Unchecked;v1.6.0-140-g9a10cc1
roadmap;dimacs;57/70;70;     65785;   1728556;255073;1021;3029537;623681;183;3033;1.3645;457075;0;0;sBELA*;? Unchecked;v1.6.0-140-g9a10cc1
roadmap;dimacs;58/70;70;   1182648;    947461;461621;1104;5480012;1336724;19;3033;2.83238;471943;0;0;sBELA*;? Unchecked;v1.6.0-140-g9a10cc1
roadmap;dimacs;59/70;70;    834369;   1832866;502291;1358;6184387;1425445;68;3033;3.05196;467059;0;0;sBELA*;? Unchecked;v1.6.0-140-g9a10cc1
roadmap;dimacs;60/70;70;   1579344;    795855;1121257;3402;13143895;1884522;15;3033;4.10577;458993;0;0;sBELA*;? Unchecked;v1.6.0-140-g9a10cc1
roadmap;dimacs;61/70;70;    830015;   1296962;605605;1349;6488763;1055197;14;3033;2.30444;457898;0;0;sBELA*;? Unchecked;v1.6.0-140-g9a10cc1
roadmap;dimacs;62/70;70;    390249;     22433;179570;796;2515927;355316;21;3033;0.832576;426767;0;0;sBELA*;? Unchecked;v1.6.0-140-g9a10cc1
roadmap;dimacs;63/70;70;   1361440;    776903;455922;1691;6005726;1471834;157;3033;3.51097;419210;0;0;sBELA*;? Unchecked;v1.6.0-140-g9a10cc1
roadmap;dimacs;64/70;70;   1526444;    433636;84680;452;1090187;259476;77;3033;0.548716;472878;0;0;sBELA*;? Unchecked;v1.6.0-140-g9a10cc1
roadmap;dimacs;65/70;70;    653723;   1649198;619628;1801;6702824;1071768;3;3033;2.30445;465086;0;0;sBELA*;? Unchecked;v1.6.0-140-g9a10cc1
roadmap;dimacs;66/70;70;   1848324;   1867145;207351;306;2482888;104285;641;3033;0.323276;322588;0;0;sBELA*;? Unchecked;v1.6.0-140-g9a10cc1
roadmap;dimacs;67/70;70;    556081;   1705850;131686;551;1729391;327659;60;3033;0.660747;495892;0;0;sBELA*;? Unchecked;v1.6.0-140-g9a10cc1
roadmap;dimacs;68/70;70;   1041215;   1753708;535527;1135;7038249;387486;106;3033;1.01541;381604;0;0;sBELA*;? Unchecked;v1.6.0-140-g9a10cc1
roadmap;dimacs;69/70;70;   1673024;   1341690;235145;732;3011531;213817;69;3033;0.522591;409148;0;0;sBELA*;? Unchecked;v1.6.0-140-g9a10cc1
roadmap;dimacs;70/70;70;   1305038;   1494283;532061;1209;5867930;1269610;69;3033;2.6922;471589;0;0;sBELA*;? Unchecked;v1.6.0-140-g9a10cc1
roadmap;dimacs;71/70;70;    989350;    282657;490147;1041;5936619;695152;64;3033;1.61455;430554;0;0;sBELA*;? Unchecked;v1.6.0-140-g9a10cc1
roadmap;dimacs;72/70;70;    277177;    414997;617912;1574;6899185;1519490;69;3033;3.28121;463089;0;0;sBELA*;? Unchecked;v1.6.0-140-g9a10cc1
roadmap;dimacs;73/70;70;    189385;    632745;319084;1375;3513079;807610;3;3033;1.71884;469859;0;0;sBELA*;? Unchecked;v1.6.0-140-g9a10cc1
roadmap;dimacs;74/70;70;   1642632;    169223;180387;624;2266738;178636;499;3033;0.517881;344937;0;0;sBELA*;? Unchecked;v1.6.0-140-g9a10cc1
roadmap;dimacs;75/70;70;   1160966;    638119;1038391;3041;11495036;1711413;12;3033;3.91203;437475;0;0;sBELA*;? Unchecked;v1.6.0-140-g9a10cc1
roadmap;dimacs;76/70;70;   1759861;   1021392;702708;1543;8552488;1696421;35;3033;3.83592;442247;0;0;sBELA*;? Unchecked;v1.6.0-140-g9a10cc1
roadmap;dimacs;77/70;70;    681135;     95876;662821;1717;7581299;1338603;109;3033;2.80539;477155;0;0;sBELA*;? Unchecked;v1.6.0-140-g9a10cc1
roadmap;dimacs;78/70;70;    614892;    385398;803037;2067;8944851;1759181;43;3033;3.9569;444585;0;0;sBELA*;? Unchecked;v1.6.0-140-g9a10cc1
roadmap;dimacs;79/70;70;   1726489;   1469303;862661;2278;9933293;1674607;29;3033;3.92179;427001;0;0;sBELA*;? Unchecked;v1.6.0-140-g9a10cc1
roadmap;dimacs;80/70;70;     52390;    909716;192130;594;2589279;314007;110;3033;0.715189;439055;0;0;sBELA*;? Unchecked;v1.6.0-140-g9a10cc1
roadmap;dimacs;81/70;70;   1438544;   1709652;210940;738;2861428;408782;66;3033;0.911291;448574;0;0;sBELA*;? Unchecked;v1.6.0-140-g9a10cc1
roadmap;dimacs;82/70;70;   1885245;   1219012;568631;968;7657015;910043;65;3033;2.05819;442156;0;0;sBELA*;? Unchecked;v1.6.0-140-g9a10cc1
roadmap;dimacs;83/70;70;    474128;    462404;632962;1667;6969740;1388495;12;3033;2.9768;466439;0;0;sBELA*;? Unchecked;v1.6.0-140-g9a10cc1
roadmap;dimacs;84/70;70;   1776146;    980278;386384;1131;5051183;902986;117;3033;2.04527;441499;0;0;sBELA*;? Unchecked;v1.6.0-140-g9a10cc1
roadmap;dimacs;85/70;70;   1391963;    468960;690267;2006;7717557;1493179;12;3033;3.17074;470925;0;0;sBELA*;? Unchecked;v1.6.0-140-g9a10cc1
roadmap;dimacs;86/70;70;   1052481;    543349;703537;2133;9460507;1433237;63;3033;3.32402;431175;0;0;sBELA*;? Unchecked;v1.6.0-140-g9a10cc1
roadmap;dimacs;87/70;70;   1821017;    791672;551935;1106;6671195;237790;61;3033;0.707687;336010;0;0;sBELA*;? Unchecked;v1.6.0-140-g9a10cc1
roadmap;dimacs;88/70;70;    135239;   1107730;177484;562;1990057;263825;62;3033;0.557901;472889;0;0;sBELA*;? Unchecked;v1.6.0-140-g9a10cc1
roadmap;dimacs;89/70;70;    105712;   1042809;626385;1606;8540430;1865101;40;3033;4.17698;446519;0;0;sBELA*;? Unchecked;v1.6.0-140-g9a10cc1
roadmap;dimacs;90/70;70;    269271;     31624;538827;1476;5830482;1224799;8;3033;2.56866;476824;0;0;sBELA*;? Unchecked;v1.6.0-140-g9a10cc1
roadmap;dimacs;91/70;70;    711516;   1110978;330196;1483;3813618;734709;34;3033;1.62082;453294;0;0;sBELA*;? Unchecked;v1.6.0-140-g9a10cc1
roadmap;dimacs;92/70;70;    129884;   1702774;256443;946;2963510;525258;95;3033;1.16005;452788;0;0;sBELA*;? Unchecked;v1.6.0-140-g9a10cc1
roadmap;dimacs;93/70;70;    677739;   1445420;90417;331;1109976;209714;734;3033;0.497043;421923;0;0;sBELA*;? Unchecked;v1.6.0-140-g9a10cc1
roadmap;dimacs;94/70;70;    689436;    132056;224853;728;2697524;510211;81;3033;1.08512;470190;0;0;sBELA*;? Unchecked;v1.6.0-140-g9a10cc1
roadmap;dimacs;95/70;70;    172705;   1375271;480521;1051;5217242;1330456;72;3033;2.91852;455867;0;0;sBELA*;? Unchecked;v1.6.0-140-g9a10cc1
roadmap;dimacs;96/70;70;   1879024;    843565;170548;718;2025893;152854;57;3033;0.416251;367216;0;0;sBELA*;? Unchecked;v1.6.0-140-g9a10cc1
roadmap;dimacs;97/70;70;    594555;   1305211;146214;971;1536243;483983;121;3033;1.02773;470924;0;0;sBELA*;? Unchecked;v1.6.0-140-g9a10cc1
roadmap;dimacs;98/70;70;    338636;    646444;221052;1051;2535795;661315;56;3033;1.43502;460841;0;0;sBELA*;? Unchecked;v1.6.0-140-g9a10cc1
roadmap;dimacs;99/70;70;   1834673;    546450;436400;1194;5698080;389786;35;3033;1.00937;386168;0;0;sBELA*;? Unchecked;v1.6.0-140-g9a10cc1
roadmap;dimacs;0/80;80;   1158641;   1272769;836775;2229;9081396;1199305;68;3033;2.94813;406802;0;0;sBELA*;? Unchecked;v1.6.0-140-g9a10cc1
roadmap;dimacs;1/80;80;     54758;   1370062;348512;1530;4088409;739507;103;3033;1.73061;427310;0;0;sBELA*;? Unchecked;v1.6.0-140-g9a10cc1
roadmap;dimacs;2/80;80;    935047;   1190851;242246;524;3006408;132156;217;3033;0.402434;328392;0;0;sBELA*;? Unchecked;v1.6.0-140-g9a10cc1
roadmap;dimacs;3/80;80;    548674;   1730064;185823;787;2234743;466839;94;3033;1.01393;460426;0;0;sBELA*;? Unchecked;v1.6.0-140-g9a10cc1
roadmap;dimacs;4/80;80;    713105;   1135162;105821;255;1393958;94879;387;3033;0.235952;402112;0;0;sBELA*;? Unchecked;v1.6.0-140-g9a10cc1
roadmap;dimacs;5/80;80;   1213983;   1847687;385742;1050;5259358;1352708;257;3033;2.95303;458075;0;0;sBELA*;? Unchecked;v1.6.0-140-g9a10cc1
roadmap;dimacs;6/80;80;   1416819;   1454455;129232;585;1387970;448834;79;3033;0.920869;487403;0;0;sBELA*;? Unchecked;v1.6.0-140-g9a10cc1
roadmap;dimacs;7/80;80;   1202525;   1287863;187757;927;2205760;439669;35;3033;1.01552;432950;0;0;sBELA*;? Unchecked;v1.6.0-140-g9a10cc1
roadmap;dimacs;8/80;80;    416104;   1824062;341905;1270;4704686;882055;166;3033;2.01757;437188;0;0;sBELA*;? Unchecked;v1.6.0-140-g9a10cc1
roadmap;dimacs;9/80;80;    350612;   1840987;740325;1631;9115806;1794216;41;3033;4.01801;446543;0;0;sBELA*;? Unchecked;v1.6.0-140-g9a10cc1
roadmap;dimacs;10/80;80;    581610;   1031954;665220;1737;7767700;1387181;40;3033;2.93993;471842;0;0;sBELA*;? Unchecked;v1.6.0-140-g9a10cc1
roadmap;dimacs;11/80;80;    329503;   1179401;311471;690;3446475;831155;40;3033;1.8063;460142;0;0;sBELA*;? Unchecked;v1.6.0-140-g9a10cc1
roadmap;dimacs;12/80;80;    480267;    159302;662588;1503;7974134;1140008;120;3033;2.53346;449981;0;0;sBELA*;? Unchecked;v1.6.0-140-g9a10cc1
roadmap;dimacs;13/80;80;   1890527;   1576171;736387;1618;8709233;1287062;110;3033;3.13682;410308;0;0;sBELA*;? Unchecked;v1.6.0-140-g9a10cc1
roadmap;dimacs;14/80;80;   1743677;    933040;323236;966;5426171;1340182;56;3033;2.92923;457520;0;0;sBELA*;? Unchecked;v1.6.0-140-g9a10cc1
roadmap;dimacs;15/80;80;   1460731;   1705524;743782;2199;8152770;1592956;6;3033;3.3518;475255;0;0;sBELA*;? Unchecked;v1.6.0-140-g9a10cc1
roadmap;dimacs;16/80;80;    801770;    765171;462423;1632;5188994;617756;77;3033;1.50911;409352;0;0;sBELA*;? Unchecked;v1.6.0-140-g9a10cc1
roadmap;dimacs;17/80;80;   1076837;   1604094;79473;408;1055132;213128;108;3033;0.465981;457375;0;0;sBELA*;? Unchecked;v1.6.0-140-g9a10cc1
roadmap;dimacs;18/80;80;   1431544;    194846;459353;1539;5259201;969026;100;3033;2.21354;437772;0;0;sBELA*;? Unchecked;v1.6.0-140-g9a10cc1
roadmap;dimacs;19/80;80;   1536202;    632533;212958;697;2578682;614436;400;3033;1.39413;440732;0;0;sBELA*;? Unchecked;v1.6.0-140-g9a10cc1
roadmap;dimacs;20/80;80;    356711;    288578;443907;1575;4883666;1076470;27;3033;2.42881;443208;0;0;sBELA*;? Unchecked;v1.6.0-140-g9a10cc1
roadmap;dimacs;21/80;80;   1416275;   1578430;108621;454;1176497;371299;823;3033;0.873785;424932;0;0;sBELA*;? Unchecked;v1.6.0-140-g9a10cc1
roadmap;dimacs;22/80;80;   1267172;   1104888;580507;1361;6179767;1303457;38;3033;2.7396;475783;0;0;sBELA*;? Unchecked;v1.6.0-140-g9a10cc1
roadmap;dimacs;23/80;80;   1466216;   1076837;599781;1624;6568830;1245207;20;3033;2.63885;471875;0;0;sBELA*;? Unchecked;v1.6.0-140-g9a10cc1
roadmap;dimacs;24/80;80;   1228417;     41268;151577;924;1804944;261225;86;3033;0.581498;449228;0;0;sBELA*;? Unchecked;v1.6.0-140-g9a10cc1
roadmap;dimacs;25/80;80;    321340;    192757;126579;391;1500558;375059;76;3033;0.810565;462713;0;0;sBELA*;? Unchecked;v1.6.0-140-g9a10cc1
roadmap;dimacs;26/80;80;    965921;   1375640;462180;1290;6122514;1485495;144;3033;3.46669;428505;0;0;sBELA*;? Unchecked;v1.6.0-140-g9a10cc1
roadmap;dimacs;27/80;80;   1657428;    779364;407496;1487;5065260;905057;89;3033;2.03943;443779;0;0;sBELA*;? Unchecked;v1.6.0-140-g9a10cc1
roadmap;dimacs;28/80;80;    454410;    618767;73790;400;955410;329076;37;3033;0.672655;489219;0;0;sBELA*;? Unchecked;v1.6.0-140-g9a10cc1
roadmap;dimacs;29/80;80;   1453433;   1181632;234980;572;3003722;684971;178;3033;1.46939;466159;0;0;sBELA*;? Unchecked;v1.6.0-140-g9a10cc1
roadmap;dimacs;30/80;80;    261444;   1761841;63227;515;789820;220737;78;3033;0.468206;471452;0;0;sBELA*;? Unchecked;v1.6.0-140-g9a10cc1
roadmap;dimacs;31/80;80;   1710330;   1308565;571484;1239;6157071;1000476;17;3033;2.15313;464662;0;0;sBELA*;? Unchecked;v1.6.0-140-g9a10cc1
roadmap;dimacs;32/80;80;   1622269;    239225;324818;1510;3830796;654421;77;3033;1.41366;462926;0;0;sBELA*;? Unchecked;v1.6.0-140-g9a10cc1
roadmap;dimacs;33/80;80;    858782;    835734;273081;937;2932209;457839;100;3033;1.04345;438774;0;0;sBELA*;? Unchecked;v1.6.0-140-g9a10cc1
roadmap;dimacs;34/80;80;   1164733;   1686951;224372;628;3418341;143024;60;3033;0.376067;380315;0;0;sBELA*;? Unchecked;v1.6.0-140-g9a10cc1
roadmap;dimacs;35/80;80;   1008319;    677177;694520;1770;8091513;1745886;128;3033;3.88343;449573;0;0;sBELA*;? Unchecked;v1.6.0-140-g9a10cc1
roadmap;dimacs;36/80;80;   1646034;   1063654;838593;1904;9241743;1858918;7;3033;4.08375;455199;0;0;sBELA*;? Unchecked;v1.6.0-140-g9a10cc1
roadmap;dimacs;37/80;80;    682994;   1688601;1067651;3400;12098033;1867470;9;3033;4.06925;458923;0;0;sBELA*;? Unchecked;v1.6.0-140-g9a10cc1
roadmap;dimacs;38/80;80;    257300;    548822;568383;1145;6020843;1309942;36;3033;2.74341;477487;0;0;sBELA*;? Unchecked;v1.6.0-140-g9a10cc1
roadmap;dimacs;39/80;80;   1208113;    169244;86039;264;994899;56344;116;3033;0.158826;354753;0;0;sBELA*;? Unchecked;v1.6.0-140-g9a10cc1
roadmap;dimacs;40/80;80;   1226440;   1391278;762181;2162;8142685;1479219;14;3033;3.29136;449425;0;0;sBELA*;? Unchecked;v1.6.0-140-g9a10cc1
roadmap;dimacs;41/80;80;    122277;   1128394;211069;714;2944621;500628;136;3033;1.11464;449140;0;0;sBELA*;? Unchecked;v1.6.0-140-g9a10cc1
roadmap;dimacs;42/80;80;     66946;   1214669;559170;1055;5960025;971971;48;3033;2.13567;455114;0;0;sBELA*;? Unchecked;v1.6.0-140-g9a10cc1
roadmap;dimacs;43/80;80;    299055;   1685578;867092;2347;9966139;1809904;6;3033;3.95582;457529;0;0;sBELA*;? Unchecked;v1.6.0-140-g9a10cc1
roadmap;dimacs;44/80;80;   1617239;   1448010;431664;1338;4746093;1054290;91;3033;2.38209;442591;0;0;sBELA*;? Unchecked;v1.6.0-140-g9a10cc1
roadmap;dimacs;45/80;80;     88434;    220092;162378;811;1922273;395395;56;3033;0.83368;474277;0;0;sBELA*;? Unchecked;v1.6.0-140-g9a10cc1
roadmap;dimacs;46/80;80;    765554;   1136443;219632;713;2443490;448547;23;3033;0.969202;462800;0;0;sBELA*;? Unchecked;v1.6.0-140-g9a10cc1
roadmap;dimacs;47/80;80;   1662423;    665304;617218;2026;6865217;1498684;8;3033;3.22057;465347;0;0;sBELA*;? Unchecked;v1.6.0-140-g9a10cc1
roadmap;dimacs;48/80;80;    522581;    744644;559543;1294;6138032;1076415;20;3033;2.33391;461207;0;0;sBELA*;? Unchecked;v1.6.0-140-g9a10cc1
roadmap;dimacs;49/80;80;    880871;    913237;417900;1190;4898614;981423;126;3033;2.20639;444809;0;0;sBELA*;? Unchecked;v1.6.0-140-g9a10cc1
roadmap;dimacs;50/80;80;    184031;   1879161;467172;1178;5260727;1210932;25;3033;2.69657;449063;0;0;sBELA*;? Unchecked;v1.6.0-140-g9a10cc1
roadmap;dimacs;51/80;80;    638122;   1463354;114492;441;1317575;179509;219;3033;0.409067;438826;0;0;sBELA*;? Unchecked;v1.6.0-140-g9a10cc1
roadmap;dimacs;52/80;80;   1314005;    356552;391568;1166;4462558;947641;45;3033;2.0994;451386;0;0;sBELA*;? Unchecked;v1.6.0-140-g9a10cc1
roadmap;dimacs;53/80;80;     21748;   1031477;909846;2537;10681254;1534998;21;3033;3.57437;429446;0;0;sBELA*;? Unchecked;v1.6.0-140-g9a10cc1
roadmap;dimacs;54/80;80;    149376;    488085;110158;253;1226357;26345;178;3033;0.0939792;280328;0;0;sBELA*;? Unchecked;v1.6.0-140-g9a10cc1
roadmap;dimacs;55/80;80;   1471925;   1271058;63505;441;722809;229774;46;3033;0.465335;493781;0;0;sBELA*;? Unchecked;v1.6.0-140-g9a10cc1
roadmap;dimacs;56/80;80;    531829;    538074;663794;1945;7230275;1319692;30;3033;2.82713;466795;0;0;sBELA*;? Unchecked;v1.6.0-140-g9a10cc1
roadmap;dimacs;57/80;80;     65785;   1728556;255073;1021;3029548;623682;207;3033;1.37474;453674;0;0;sBELA*;? Unchecked;v1.6.0-140-g9a10cc1
roadmap;dimacs;58/80;80;   1182648;    947461;461621;1105;5480020;1336729;22;3033;2.8402;470647;0;0;sBELA*;? Unchecked;v1.6.0-140-g9a10cc1
roadmap;dimacs;59/80;80;    834369;   1832866;502291;1357;6184390;1425445;76;3033;3.03392;469837;0;0;sBELA*;? Unchecked;v1.6.0-140-g9a10cc1
roadmap;dimacs;60/80;80;   1579344;    795855;1121257;3402;13143895;1884522;16;3033;4.14597;454543;0;0;sBELA*;? Unchecked;v1.6.0-140-g9a10cc1
roadmap;dimacs;61/80;80;    830015;   1296962;605605;1352;6488764;1055197;15;3033;2.31265;456272;0;0;sBELA*;? Unchecked;v1.6.0-140-g9a10cc1
roadmap;dimacs;62/80;80;    390249;     22433;179570;797;2515929;355316;24;3033;0.838083;423963;0;0;sBELA*;? Unchecked;v1.6.0-140-g9a10cc1
roadmap;dimacs;63/80;80;   1361440;    776903;455922;1691;6005736;1471838;181;3033;3.53378;416506;0;0;sBELA*;? Unchecked;v1.6.0-140-g9a10cc1
roadmap;dimacs;64/80;80;   1526444;    433636;84680;455;1090195;259481;89;3033;0.562668;461161;0;0;sBELA*;? Unchecked;v1.6.0-140-g9a10cc1
roadmap;dimacs;65/80;80;    653723;   1649198;619628;1801;6702824;1071768;3;3033;2.29257;467495;0;0;sBELA*;? Unchecked;v1.6.0-140-g9a10cc1
roadmap;dimacs;66/80;80;   1848324;   1867145;207351;317;2483006;104296;737;3033;0.33155;314571;0;0;sBELA*;? Unchecked;v1.6.0-140-g9a10cc1
roadmap;dimacs;67/80;80;    556081;   1705850;131686;547;1729402;327661;66;3033;0.664503;493092;0;0;sBELA*;? Unchecked;v1.6.0-140-g9a10cc1
roadmap;dimacs;68/80;80;   1041215;   1753708;535527;1137;7038262;387487;121;3033;1.04606;370427;0;0;sBELA*;? Unchecked;v1.6.0-140-g9a10cc1
roadmap;dimacs;69/80;80;   1673024;   1341690;235145;733;3011543;213820;83;3033;0.528658;404458;0;0;sBELA*;? Unchecked;v1.6.0-140-g9a10cc1
roadmap;dimacs;70/80;80;   1305038;   1494283;532061;1212;5867933;1269611;79;3033;2.73336;464487;0;0;sBELA*;? Unchecked;v1.6.0-140-g9a10cc1
roadmap;dimacs;71/80;80;    989350;    282657;490147;1040;5936632;695160;74;3033;1.62825;426938;0;0;sBELA*;? Unchecked;v1.6.0-140-g9a10cc1
roadmap;dimacs;72/80;80;    277177;    414997;617912;1577;6899189;1519490;78;3033;3.31198;458786;0;0;sBELA*;? Unchecked;v1.6.0-140-g9a10cc1
roadmap;dimacs;73/80;80;    189385;    632745;319084;1377;3513080;807610;4;3033;1.73847;464551;0;0;sBELA*;? Unchecked;v1.6.0-140-g9a10cc1
roadmap;dimacs;74/80;80;   1642632;    169223;180387;619;2266760;178638;558;3033;0.525827;339728;0;0;sBELA*;? Unchecked;v1.6.0-140-g9a10cc1
roadmap;dimacs;75/80;80;   1160966;    638119;1038391;3039;11495037;1711413;14;3033;3.89596;439279;0;0;sBELA*;? Unchecked;v1.6.0-140-g9a10cc1
roadmap;dimacs;76/80;80;   1759861;   1021392;702708;1538;8552491;1696421;39;3033;3.84237;441504;0;0;sBELA*;? Unchecked;v1.6.0-140-g9a10cc1
roadmap;dimacs;77/80;80;    681135;     95876;662821;1717;7581303;1338603;126;3033;2.80066;477960;0;0;sBELA*;? Unchecked;v1.6.0-140-g9a10cc1
roadmap;dimacs;78/80;80;    614892;    385398;803037;2067;8944853;1759181;47;3033;3.99936;439865;0;0;sBELA*;? Unchecked;v1.6.0-140-g9a10cc1
roadmap;dimacs;79/80;80;   1726489;   1469303;862661;2276;9933295;1674607;33;3033;3.87324;432353;0;0;sBELA*;? Unchecked;v1.6.0-140-g9a10cc1
roadmap;dimacs;80/80;80;     52390;    909716;192130;595;2589298;314013;131;3033;0.72255;434590;0;0;sBELA*;? Unchecked;v1.6.0-140-g9a10cc1
roadmap;dimacs;81/80;80;   1438544;   1709652;210940;739;2861432;408782;75;3033;0.916932;445815;0;0;sBELA*;? Unchecked;v1.6.0-140-g9a10cc1
roadmap;dimacs;82/80;80;   1885245;   1219012;568631;969;7657022;910046;75;3033;2.07285;439031;0;0;sBELA*;? Unchecked;v1.6.0-140-g9a10cc1
roadmap;dimacs;83/80;80;    474128;    462404;632962;1664;6969743;1388495;14;3033;2.96025;469046;0;0;sBELA*;? Unchecked;v1.6.0-140-g9a10cc1
roadmap;dimacs;84/80;80;   1776146;    980278;386384;1129;5051213;902988;179;3033;2.05149;440162;0;0;sBELA*;? Unchecked;v1.6.0-140-g9a10cc1
roadmap;dimacs;85/80;80;   1391963;    468960;690267;2005;7717560;1493179;14;3033;3.17705;469989;0;0;sBELA*;? Unchecked;v1.6.0-140-g9a10cc1
roadmap;dimacs;86/80;80;   1052481;    543349;703537;2134;9460513;1433237;77;3033;3.37075;425198;0;0;sBELA*;? Unchecked;v1.6.0-140-g9a10cc1
roadmap;dimacs;87/80;80;   1821017;    791672;551935;1103;6671197;237790;66;3033;0.712592;333697;0;0;sBELA*;? Unchecked;v1.6.0-140-g9a10cc1
roadmap;dimacs;88/80;80;    135239;   1107730;177484;562;1990060;263825;70;3033;0.568092;464406;0;0;sBELA*;? Unchecked;v1.6.0-140-g9a10cc1
roadmap;dimacs;89/80;80;    105712;   1042809;626385;1616;8540436;1865101;45;3033;4.15434;448952;0;0;sBELA*;? Unchecked;v1.6.0-140-g9a10cc1
roadmap;dimacs;90/80;80;    269271;     31624;538827;1480;5830483;1224799;10;3033;2.60111;470876;0;0;sBELA*;? Unchecked;v1.6.0-140-g9a10cc1
roadmap;dimacs;91/80;80;    711516;   1110978;330196;1487;3813624;734715;41;3033;1.64165;447546;0;0;sBELA*;? Unchecked;v1.6.0-140-g9a10cc1
roadmap;dimacs;92/80;80;    129884;   1702774;256443;947;2963520;525261;113;3033;1.17842;445734;0;0;sBELA*;? Unchecked;v1.6.0-140-g9a10cc1
roadmap;dimacs;93/80;80;    677739;   1445420;90417;332;1110046;209744;876;3033;0.508628;412372;0;0;sBELA*;? Unchecked;v1.6.0-140-g9a10cc1
roadmap;dimacs;94/80;80;    689436;    132056;224853;728;2697532;510211;93;3033;1.09317;466728;0;0;sBELA*;? Unchecked;v1.6.0-140-g9a10cc1
roadmap;dimacs;95/80;80;    172705;   1375271;480521;1070;5217246;1330456;79;3033;2.94726;451421;0;0;sBELA*;? Unchecked;v1.6.0-140-g9a10cc1
roadmap;dimacs;96/80;80;   1879024;    843565;170548;720;2025895;152854;64;3033;0.422649;361657;0;0;sBELA*;? Unchecked;v1.6.0-140-g9a10cc1
roadmap;dimacs;97/80;80;    594555;   1305211;146214;972;1536246;483985;130;3033;1.05337;459463;0;0;sBELA*;? Unchecked;v1.6.0-140-g9a10cc1
roadmap;dimacs;98/80;80;    338636;    646444;221052;1055;2535802;661317;61;3033;1.44105;458912;0;0;sBELA*;? Unchecked;v1.6.0-140-g9a10cc1
roadmap;dimacs;99/80;80;   1834673;    546450;436400;1196;5698083;389787;40;3033;1.01728;383165;0;0;sBELA*;? Unchecked;v1.6.0-140-g9a10cc1
roadmap;dimacs;0/90;90;   1158641;   1272769;836775;2230;9081398;1199305;73;3033;2.98466;401823;0;0;sBELA*;? Unchecked;v1.6.0-140-g9a10cc1
roadmap;dimacs;1/90;90;     54758;   1370062;348512;1524;4088413;739508;117;3033;1.75786;420686;0;0;sBELA*;? Unchecked;v1.6.0-140-g9a10cc1
roadmap;dimacs;2/90;90;    935047;   1190851;242246;523;3006425;132157;237;3033;0.410289;322107;0;0;sBELA*;? Unchecked;v1.6.0-140-g9a10cc1
roadmap;dimacs;3/90;90;    548674;   1730064;185823;787;2234747;466839;108;3033;1.02371;456028;0;0;sBELA*;? Unchecked;v1.6.0-140-g9a10cc1
roadmap;dimacs;4/90;90;    713105;   1135162;105821;258;1394013;94892;443;3033;0.240721;394199;0;0;sBELA*;? Unchecked;v1.6.0-140-g9a10cc1
roadmap;dimacs;5/90;90;   1213983;   1847687;385742;1055;5259371;1352711;293;3033;2.99531;451609;0;0;sBELA*;? Unchecked;v1.6.0-140-g9a10cc1
roadmap;dimacs;6/90;90;   1416819;   1454455;129232;587;1387983;448835;90;3033;0.926881;484242;0;0;sBELA*;? Unchecked;v1.6.0-140-g9a10cc1
roadmap;dimacs;7/90;90;   1202525;   1287863;187757;929;2205763;439670;39;3033;1.02138;430468;0;0;sBELA*;? Unchecked;v1.6.0-140-g9a10cc1
roadmap;dimacs;8/90;90;    416104;   1824062;341905;1271;4704698;882056;186;3033;2.03085;434328;0;0;sBELA*;? Unchecked;v1.6.0-140-g9a10cc1
roadmap;dimacs;9/90;90;    350612;   1840987;740325;1634;9115809;1794217;46;3033;4.03348;444831;0;0;sBELA*;? Unchecked;v1.6.0-140-g9a10cc1
roadmap;dimacs;10/90;90;    581610;   1031954;665220;1736;7767703;1387182;45;3033;2.96316;468142;0;0;sBELA*;? Unchecked;v1.6.0-140-g9a10cc1
roadmap;dimacs;11/90;90;    329503;   1179401;311471;691;3446481;831155;45;3033;1.79213;463781;0;0;sBELA*;? Unchecked;v1.6.0-140-g9a10cc1
roadmap;dimacs;12/90;90;    480267;    159302;662588;1501;7974138;1140008;128;3033;2.55952;445399;0;0;sBELA*;? Unchecked;v1.6.0-140-g9a10cc1
roadmap;dimacs;13/90;90;   1890527;   1576171;736387;1615;8709240;1287066;126;3033;3.16149;407107;0;0;sBELA*;? Unchecked;v1.6.0-140-g9a10cc1
roadmap;dimacs;14/90;90;   1743677;    933040;323236;967;5426178;1340185;70;3033;2.95306;453830;0;0;sBELA*;? Unchecked;v1.6.0-140-g9a10cc1
roadmap;dimacs;15/90;90;   1460731;   1705524;743782;2205;8152771;1592956;7;3033;3.35446;474877;0;0;sBELA*;? Unchecked;v1.6.0-140-g9a10cc1
roadmap;dimacs;16/90;90;    801770;    765171;462423;1634;5188998;617757;85;3033;1.50576;410262;0;0;sBELA*;? Unchecked;v1.6.0-140-g9a10cc1
roadmap;dimacs;17/90;90;   1076837;   1604094;79473;406;1055150;213131;138;3033;0.477543;446307;0;0;sBELA*;? Unchecked;v1.6.0-140-g9a10cc1
roadmap;dimacs;18/90;90;   1431544;    194846;459353;1537;5259204;969027;113;3033;2.25124;430442;0;0;sBELA*;? Unchecked;v1.6.0-140-g9a10cc1
roadmap;dimacs;19/90;90;   1536202;    632533;212958;686;2578715;614446;472;3033;1.41281;434910;0;0;sBELA*;? Unchecked;v1.6.0-140-g9a10cc1
roadmap;dimacs;20/90;90;    356711;    288578;443907;1569;4883671;1076472;34;3033;2.44084;441026;0;0;sBELA*;? Unchecked;v1.6.0-140-g9a10cc1
roadmap;dimacs;21/90;90;   1416275;   1578430;108621;454;1176532;371311;939;3033;0.893833;415414;0;0;sBELA*;? Unchecked;v1.6.0-140-g9a10cc1
roadmap;dimacs;22/90;90;   1267172;   1104888;580507;1386;6179769;1303458;43;3033;2.76071;472146;0;0;sBELA*;? Unchecked;v1.6.0-140-g9a10cc1
roadmap;dimacs;23/90;90;   1466216;   1076837;599781;1626;6568831;1245207;21;3033;2.6595;468211;0;0;sBELA*;? Unchecked;v1.6.0-140-g9a10cc1
roadmap;dimacs;24/90;90;   1228417;     41268;151577;925;1804949;261227;97;3033;0.607001;430357;0;0;sBELA*;? Unchecked;v1.6.0-140-g9a10cc1
roadmap;dimacs;25/90;90;    321340;    192757;126579;386;1500563;375060;86;3033;0.794681;471963;0;0;sBELA*;? Unchecked;v1.6.0-140-g9a10cc1
roadmap;dimacs;26/90;90;    965921;   1375640;462180;1292;6122520;1485500;160;3033;3.51001;423219;0;0;sBELA*;? Unchecked;v1.6.0-140-g9a10cc1
roadmap;dimacs;27/90;90;   1657428;    779364;407496;1483;5065266;905058;98;3033;2.05573;440262;0;0;sBELA*;? Unchecked;v1.6.0-140-g9a10cc1
roadmap;dimacs;28/90;90;    454410;    618767;73790;398;955412;329076;40;3033;0.678041;485333;0;0;sBELA*;? Unchecked;v1.6.0-140-g9a10cc1
roadmap;dimacs;29/90;90;   1453433;   1181632;234980;574;3003728;684971;189;3033;1.4454;473897;0;0;sBELA*;? Unchecked;v1.6.0-140-g9a10cc1
roadmap;dimacs;30/90;90;    261444;   1761841;63227;477;789824;220738;88;3033;0.473312;466369;0;0;sBELA*;? Unchecked;v1.6.0-140-g9a10cc1
roadmap;dimacs;31/90;90;   1710330;   1308565;571484;1238;6157073;1000477;19;3033;2.18752;457356;0;0;sBELA*;? Unchecked;v1.6.0-140-g9a10cc1
roadmap;dimacs;32/90;90;   1622269;    239225;324818;1514;3830798;654421;84;3033;1.43041;457506;0;0;sBELA*;? Unchecked;v1.6.0-140-g9a10cc1
roadmap;dimacs;33/90;90;    858782;    835734;273081;938;2932214;457840;111;3033;1.0528;434877;0;0;sBELA*;? Unchecked;v1.6.0-140-g9a10cc1
roadmap;dimacs;34/90;90;   1164733;   1686951;224372;629;3418352;143024;68;3033;0.379547;376828;0;0;sBELA*;? Unchecked;v1.6.0-140-g9a10cc1
roadmap;dimacs;35/90;90;   1008319;    677177;694520;1764;8091517;1745887;140;3033;3.90213;447419;0;0;sBELA*;? Unchecked;v1.6.0-140-g9a10cc1
roadmap;dimacs;36/90;90;   1646034;   1063654;838593;1901;9241743;1858918;7;3033;4.0937;454093;0;0;sBELA*;? Unchecked;v1.6.0-140-g9a10cc1
roadmap;dimacs;37/90;90;    682994;   1688601;1067651;3405;12098034;1867470;10;3033;4.08125;457573;0;0;sBELA*;? Unchecked;v1.6.0-140-g9a10cc1
roadmap;dimacs;38/90;90;    257300;    548822;568383;1144;6020846;1309942;39;3033;2.74713;476841;0;0;sBELA*;? Unchecked;v1.6.0-140-g9a10cc1
roadmap;dimacs;39/90;90;   1208113;    169244;86039;255;994910;56346;129;3033;0.166056;339319;0;0;sBELA*;? Unchecked;v1.6.0-140-g9a10cc1
roadmap;dimacs;40/90;90;   1226440;   1391278;762181;2165;8142686;1479219;15;3033;3.28321;450541;0;0;sBELA*;? Unchecked;v1.6.0-140-g9a10cc1
roadmap;dimacs;41/90;90;    122277;   1128394;211069;708;2944630;500629;152;3033;1.13714;440254;0;0;sBELA*;? Unchecked;v1.6.0-140-g9a10cc1
roadmap;dimacs;42/90;90;     66946;   1214669;559170;1053;5960034;971973;53;3033;2.14934;452219;0;0;sBELA*;? Unchecked;v1.6.0-140-g9a10cc1
roadmap;dimacs;43/90;90;    299055;   1685578;867092;2347;9966139;1809904;6;3033;3.96878;456036;0;0;sBELA*;? Unchecked;v1.6.0-140-g9a10cc1
roadmap;dimacs;44/90;90;   1617239;   1448010;431664;1332;4746096;1054293;99;3033;2.39949;439383;0;0;sBELA*;? Unchecked;v1.6.0-140-g9a10cc1
roadmap;dimacs;45/90;90;     88434;    220092;162378;817;1922277;395396;63;3033;0.840375;470499;0;0;sBELA*;? Unchecked;v1.6.0-140-g9a10cc1
roadmap;dimacs;46/90;90;    765554;   1136443;219632;713;2443491;448547;27;3033;0.973875;460580;0;0;sBELA*;? Unchecked;v1.6.0-140-g9a10cc1
roadmap;dimacs;47/90;90;   1662423;    665304;617218;2022;6865217;1498684;9;3033;3.268;458593;0;0;sBELA*;? Unchecked;v1.6.0-140-g9a10cc1
roadmap;dimacs;48/90;90;    522581;    744644;559543;1296;6138033;1076415;21;3033;2.34659;458715;0;0;sBELA*;? Unchecked;v1.6.0-140-g9a10cc1
roadmap;dimacs;49/90;90;    880871;    913237;417900;1193;4898619;981427;140;3033;2.19407;447308;0;0;sBELA*;? Unchecked;v1.6.0-140-g9a10cc1
roadmap;dimacs;50/90;90;    184031;   1879161;467172;1177;5260736;1210936;31;3033;2.7168;445722;0;0;sBELA*;? Unchecked;v1.6.0-140-g9a10cc1
roadmap;dimacs;51/90;90;    638122;   1463354;114492;442;1317625;179523;257;3033;0.416177;431362;0;0;sBELA*;? Unchecked;v1.6.0-140-g9a10cc1
roadmap;dimacs;52/90;90;   1314005;    356552;391568;1166;4462560;947641;50;3033;2.12261;446451;0;0;sBELA*;? Unchecked;v1.6.0-140-g9a10cc1
roadmap;dimacs;53/90;90;     21748;   1031477;909846;2540;10681255;1534999;23;3033;3.56297;430820;0;0;sBELA*;? Unchecked;v1.6.0-140-g9a10cc1
roadmap;dimacs;54/90;90;    149376;    488085;110158;253;1226375;26345;194;3033;0.0966223;272660;0;0;sBELA*;? Unchecked;v1.6.0-140-g9a10cc1
roadmap;dimacs;55/90;90;   1471925;   1271058;63505;442;722818;229780;56;3033;0.467754;491241;0;0;sBELA*;? Unchecked;v1.6.0-140-g9a10cc1
roadmap;dimacs;56/90;90;    531829;    538074;663794;1946;7230276;1319692;33;3033;2.84604;463694;0;0;sBELA*;? Unchecked;v1.6.0-140-g9a10cc1
roadmap;dimacs;57/90;90;     65785;   1728556;255073;1019;3029561;623685;238;3033;1.39061;448497;0;0;sBELA*;? Unchecked;v1.6.0-140-g9a10cc1
roadmap;dimacs;58/90;90;   1182648;    947461;461621;1104;5480028;1336732;25;3033;2.86686;466271;0;0;sBELA*;? Unchecked;v1.6.0-140-g9a10cc1
roadmap;dimacs;59/90;90;    834369;   1832866;502291;1357;6184394;1425447;83;3033;3.03879;469083;0;0;sBELA*;? Unchecked;v1.6.0-140-g9a10cc1
roadmap;dimacs;60/90;90;   1579344;    795855;1121257;3403;13143896;1884522;18;3033;4.15105;453987;0;0;sBELA*;? Unchecked;v1.6.0-140-g9a10cc1
roadmap;dimacs;61/90;90;    830015;   1296962;605605;1351;6488765;1055198;17;3033;2.31898;455027;0;0;sBELA*;? Unchecked;v1.6.0-140-g9a10cc1
roadmap;dimacs;62/90;90;    390249;     22433;179570;803;2515955;355318;30;3033;0.842365;421810;0;0;sBELA*;? Unchecked;v1.6.0-140-g9a10cc1
roadmap;dimacs;63/90;90;   1361440;    776903;455922;1691;6005740;1471841;203;3033;3.50173;420319;0;0;sBELA*;? Unchecked;v1.6.0-140-g9a10cc1
roadmap;dimacs;64/90;90;   1526444;    433636;84680;456;1090204;259489;100;3033;0.555138;467432;0;0;sBELA*;? Unchecked;v1.6.0-140-g9a10cc1
roadmap;dimacs;65/90;90;    653723;   1649198;619628;1797;6702824;1071768;3;3033;2.30169;465644;0;0;sBELA*;? Unchecked;v1.6.0-140-g9a10cc1
roadmap;dimacs;66/90;90;   1848324;   1867145;207351;312;2483055;104301;800;3033;0.339373;307334;0;0;sBELA*;? Unchecked;v1.6.0-140-g9a10cc1
roadmap;dimacs;67/90;90;    556081;   1705850;131686;546;1729408;327662;73;3033;0.68634;477404;0;0;sBELA*;? Unchecked;v1.6.0-140-g9a10cc1
roadmap;dimacs;68/90;90;   1041215;   1753708;535527;1137;7038271;387489;137;3033;1.04257;371667;0;0;sBELA*;? Unchecked;v1.6.0-140-g9a10cc1
roadmap;dimacs;69/90;90;   1673024;   1341690;235145;731;3011553;213821;94;3033;0.533466;400815;0;0;sBELA*;? Unchecked;v1.6.0-140-g9a10cc1
roadmap;dimacs;70/90;90;   1305038;   1494283;532061;1210;5867936;1269612;89;3033;2.74027;463316;0;0;sBELA*;? Unchecked;v1.6.0-140-g9a10cc1
roadmap;dimacs;71/90;90;    989350;    282657;490147;1041;5936636;695163;84;3033;1.6326;425800;0;0;sBELA*;? Unchecked;v1.6.0-140-g9a10cc1
roadmap;dimacs;72/90;90;    277177;    414997;617912;1576;6899192;1519494;86;3033;3.32396;457134;0;0;sBELA*;? Unchecked;v1.6.0-140-g9a10cc1
roadmap;dimacs;73/90;90;    189385;    632745;319084;1378;3513080;807610;4;3033;1.76301;458086;0;0;sBELA*;? Unchecked;v1.6.0-140-g9a10cc1
roadmap;dimacs;74/90;90;   1642632;    169223;180387;622;2266792;178640;639;3033;0.537395;332418;0;0;sBELA*;? Unchecked;v1.6.0-140-g9a10cc1
roadmap;dimacs;75/90;90;   1160966;    638119;1038391;3042;11495038;1711415;15;3033;3.90415;438358;0;0;sBELA*;? Unchecked;v1.6.0-140-g9a10cc1
roadmap;dimacs;76/90;90;   1759861;   1021392;702708;1541;8552492;1696421;44;3033;3.88364;436813;0;0;sBELA*;? Unchecked;v1.6.0-140-g9a10cc1
roadmap;dimacs;77/90;90;    681135;     95876;662821;1718;7581311;1338604;153;3033;2.81272;475912;0;0;sBELA*;? Unchecked;v1.6.0-140-g9a10cc1
roadmap;dimacs;78/90;90;    614892;    385398;803037;2065;8944857;1759183;52;3033;4.03173;436334;0;0;sBELA*;? Unchecked;v1.6.0-140-g9a10cc1
roadmap;dimacs;79/90;90;   1726489;   1469303;862661;2275;9933297;1674607;39;3033;3.90077;429302;0;0;sBELA*;? Unchecked;v1.6.0-140-g9a10cc1
roadmap;dimacs;80/90;90;     52390;    909716;192130;597;2589310;314015;144;3033;0.727975;431354;0;0;sBELA*;? Unchecked;v1.6.0-140-g9a10cc1
roadmap;dimacs;81/90;90;   1438544;   1709652;210940;738;2861435;408783;85;3033;0.945627;432288;0;0;sBELA*;? Unchecked;v1.6.0-140-g9a10cc1
roadmap;dimacs;82/90;90;   1885245;   1219012;568631;968;7657033;910051;85;3033;2.07058;439514;0;0;sBELA*;? Unchecked;v1.6.0-140-g9a10cc1
roadmap;dimacs;83/90;90;    474128;    462404;632962;1667;6969744;1388495;16;3033;2.9791;466079;0;0;sBELA*;? Unchecked;v1.6.0-140-g9a10cc1
roadmap;dimacs;84/90;90;   1776146;    980278;386384;1126;5051240;902991;247;3033;2.10782;428401;0;0;sBELA*;? Unchecked;v1.6.0-140-g9a10cc1
roadmap;dimacs;85/90;90;   1391963;    468960;690267;2007;7717561;1493179;16;3033;3.19174;467827;0;0;sBELA*;? Unchecked;v1.6.0-140-g9a10cc1
roadmap;dimacs;86/90;90;   1052481;    543349;703537;2134;9460516;1433239;86;3033;3.36094;426440;0;0;sBELA*;? Unchecked;v1.6.0-140-g9a10cc1
roadmap;dimacs;87/90;90;   1821017;    791672;551935;1105;6671213;237791;76;3033;0.725905;327579;0;0;sBELA*;? Unchecked;v1.6.0-140-g9a10cc1
roadmap;dimacs;88/90;90;    135239;   1107730;177484;563;1990063;263826;77;3033;0.573519;460012;0;0;sBELA*;? Unchecked;v1.6.0-140-g9a10cc1
roadmap;dimacs;89/90;90;    105712;   1042809;626385;1605;8540439;1865101;50;3033;4.17352;446889;0;0;sBELA*;? Unchecked;v1.6.0-140-g9a10cc1
roadmap;dimacs;90/90;90;    269271;     31624;538827;1477;5830483;1224799;10;3033;2.60631;469937;0;0;sBELA*;? Unchecked;v1.6.0-140-g9a10cc1
roadmap;dimacs;91/90;90;    711516;   1110978;330196;1483;3813625;734715;44;3033;1.63466;449461;0;0;sBELA*;? Unchecked;v1.6.0-140-g9a10cc1
roadmap;dimacs;92/90;90;    129884;   1702774;256443;943;2963525;525264;127;3033;1.18602;442878;0;0;sBELA*;? Unchecked;v1.6.0-140-g9a10cc1
roadmap;dimacs;93/90;90;    677739;   1445420;90417;323;1110090;209762;968;3033;0.522317;401599;0;0;sBELA*;? Unchecked;v1.6.0-140-g9a10cc1
roadmap;dimacs;94/90;90;    689436;    132056;224853;726;2697540;510213;106;3033;1.0976;464843;0;0;sBELA*;? Unchecked;v1.6.0-140-g9a10cc1
roadmap;dimacs;95/90;90;    172705;   1375271;480521;1062;5217250;1330460;86;3033;2.96655;448487;0;0;sBELA*;? Unchecked;v1.6.0-140-g9a10cc1
roadmap;dimacs;96/90;90;   1879024;    843565;170548;720;2025897;152854;73;3033;0.42552;359217;0;0;sBELA*;? Unchecked;v1.6.0-140-g9a10cc1
roadmap;dimacs;97/90;90;    594555;   1305211;146214;973;1536249;483985;141;3033;1.04512;463092;0;0;sBELA*;? Unchecked;v1.6.0-140-g9a10cc1
roadmap;dimacs;98/90;90;    338636;    646444;221052;1054;2535810;661318;69;3033;1.44486;457705;0;0;sBELA*;? Unchecked;v1.6.0-140-g9a10cc1
roadmap;dimacs;99/90;90;   1834673;    546450;436400;1196;5698088;389787;45;3033;1.03196;377715;0;0;sBELA*;? Unchecked;v1.6.0-140-g9a10cc1
roadmap;dimacs;0/100;100;   1158641;   1272769;836775;2234;9081400;1199306;78;3033;2.94537;407184;0;0;sBELA*;? Unchecked;v1.6.0-140-g9a10cc1
roadmap;dimacs;1/100;100;     54758;   1370062;348512;1526;4088419;739508;134;3033;1.76331;419386;0;0;sBELA*;? Unchecked;v1.6.0-140-g9a10cc1
roadmap;dimacs;2/100;100;    935047;   1190851;242246;523;3006448;132159;273;3033;0.413281;319780;0;0;sBELA*;? Unchecked;v1.6.0-140-g9a10cc1
roadmap;dimacs;3/100;100;    548674;   1730064;185823;788;2234757;466842;129;3033;1.02072;457366;0;0;sBELA*;? Unchecked;v1.6.0-140-g9a10cc1
roadmap;dimacs;4/100;100;    713105;   1135162;105821;258;1394062;94898;497;3033;0.24048;394618;0;0;sBELA*;? Unchecked;v1.6.0-140-g9a10cc1
roadmap;dimacs;5/100;100;   1213983;   1847687;385742;1051;5259380;1352712;323;3033;2.98488;453188;0;0;sBELA*;? Unchecked;v1.6.0-140-g9a10cc1
roadmap;dimacs;6/100;100;   1416819;   1454455;129232;555;1387993;448841;102;3033;0.926555;484419;0;0;sBELA*;? Unchecked;v1.6.0-140-g9a10cc1
roadmap;dimacs;7/100;100;   1202525;   1287863;187757;925;2205764;439670;42;3033;1.01994;431074;0;0;sBELA*;? Unchecked;v1.6.0-140-g9a10cc1
roadmap;dimacs;8/100;100;    416104;   1824062;341905;1271;4704705;882057;212;3033;2.04198;431962;0;0;sBELA*;? Unchecked;v1.6.0-140-g9a10cc1
roadmap;dimacs;9/100;100;    350612;   1840987;740325;1632;9115812;1794217;51;3033;4.00869;447582;0;0;sBELA*;? Unchecked;v1.6.0-140-g9a10cc1
roadmap;dimacs;10/100;100;    581610;   1031954;665220;1737;7767705;1387183;50;3033;2.94967;470284;0;0;sBELA*;? Unchecked;v1.6.0-140-g9a10cc1
roadmap;dimacs;11/100;100;    329503;   1179401;311471;689;3446483;831155;49;3033;1.79086;464108;0;0;sBELA*;? Unchecked;v1.6.0-140-g9a10cc1
roadmap;dimacs;12/100;100;    480267;    159302;662588;1502;7974143;1140008;139;3033;2.57503;442716;0;0;sBELA*;? Unchecked;v1.6.0-140-g9a10cc1
roadmap;dimacs;13/100;100;   1890527;   1576171;736387;1613;8709249;1287072;143;3033;3.1649;406671;0;0;sBELA*;? Unchecked;v1.6.0-140-g9a10cc1
roadmap;dimacs;14/100;100;   1743677;    933040;323236;967;5426189;1340193;89;3033;2.92279;458532;0;0;sBELA*;? Unchecked;v1.6.0-140-g9a10cc1
roadmap;dimacs;15/100;100;   1460731;   1705524;743782;2201;8152772;1592956;8;3033;3.36989;472702;0;0;sBELA*;? Unchecked;v1.6.0-140-g9a10cc1
roadmap;dimacs;16/100;100;    801770;    765171;462423;1633;5189002;617757;90;3033;1.50263;411117;0;0;sBELA*;? Unchecked;v1.6.0-140-g9a10cc1
roadmap;dimacs;17/100;100;   1076837;   1604094;79473;407;1055165;213135;167;3033;0.480413;443649;0;0;sBELA*;? Unchecked;v1.6.0-140-g9a10cc1
roadmap;dimacs;18/100;100;   1431544;    194846;459353;1538;5259207;969027;119;3033;2.23352;433857;0;0;sBELA*;? Unchecked;v1.6.0-140-g9a10cc1
roadmap;dimacs;19/100;100;   1536202;    632533;212958;699;2578756;614454;557;3033;1.40321;437891;0;0;sBELA*;? Unchecked;v1.6.0-140-g9a10cc1
roadmap;dimacs;20/100;100;    356711;    288578;443907;1571;4883673;1076472;38;3033;2.43456;442163;0;0;sBELA*;? Unchecked;v1.6.0-140-g9a10cc1
roadmap;dimacs;21/100;100;   1416275;   1578430;108621;454;1176584;371327;1157;3033;0.914642;405981;0;0;sBELA*;? Unchecked;v1.6.0-140-g9a10cc1
roadmap;dimacs;22/100;100;   1267172;   1104888;580507;1362;6179771;1303458;47;3033;2.73405;476750;0;0;sBELA*;? Unchecked;v1.6.0-140-g9a10cc1
roadmap;dimacs;23/100;100;   1466216;   1076837;599781;1625;6568832;1245207;24;3033;2.65572;468878;0;0;sBELA*;? Unchecked;v1.6.0-140-g9a10cc1
roadmap;dimacs;24/100;100;   1228417;     41268;151577;920;1804954;261229;106;3033;0.594278;439574;0;0;sBELA*;? Unchecked;v1.6.0-140-g9a10cc1
roadmap;dimacs;25/100;100;    321340;    192757;126579;391;1500569;375061;95;3033;0.793052;472934;0;0;sBELA*;? Unchecked;v1.6.0-140-g9a10cc1
roadmap;dimacs;26/100;100;    965921;   1375640;462180;1291;6122530;1485508;187;3033;3.50122;424283;0;0;sBELA*;? Unchecked;v1.6.0-140-g9a10cc1
roadmap;dimacs;27/100;100;   1657428;    779364;407496;1483;5065274;905058;116;3033;2.06302;438705;0;0;sBELA*;? Unchecked;v1.6.0-140-g9a10cc1
roadmap;dimacs;28/100;100;    454410;    618767;73790;397;955420;329080;45;3033;0.673742;488437;0;0;sBELA*;? Unchecked;v1.6.0-140-g9a10cc1
roadmap;dimacs;29/100;100;   1453433;   1181632;234980;572;3003732;684972;196;3033;1.44175;475097;0;0;sBELA*;? Unchecked;v1.6.0-140-g9a10cc1
roadmap;dimacs;30/100;100;    261444;   1761841;63227;471;789828;220739;98;3033;0.472915;466763;0;0;sBELA*;? Unchecked;v1.6.0-140-g9a10cc1
roadmap;dimacs;31/100;100;   1710330;   1308565;571484;1237;6157080;1000478;22;3033;2.16233;462685;0;0;sBELA*;? Unchecked;v1.6.0-140-g9a10cc1
roadmap;dimacs;32/100;100;   1622269;    239225;324818;1508;3830801;654422;93;3033;1.42587;458962;0;0;sBELA*;? Unchecked;v1.6.0-140-g9a10cc1
roadmap;dimacs;33/100;100;    858782;    835734;273081;940;2932218;457840;121;3033;1.06863;428434;0;0;sBELA*;? Unchecked;v1.6.0-140-g9a10cc1
roadmap;dimacs;34/100;100;   1164733;   1686951;224372;628;3418361;143025;77;3033;0.382775;373653;0;0;sBELA*;? Unchecked;v1.6.0-140-g9a10cc1
roadmap;dimacs;35/100;100;   1008319;    677177;694520;1762;8091524;1745888;157;3033;3.8704;451087;0;0;sBELA*;? Unchecked;v1.6.0-140-g9a10cc1
roadmap;dimacs;36/100;100;   1646034;   1063654;838593;1905;9241744;1858919;8;3033;4.09773;453646;0;0;sBELA*;? Unchecked;v1.6.0-140-g9a10cc1
roadmap;dimacs;37/100;100;    682994;   1688601;1067651;3406;12098034;1867470;10;3033;4.06692;459186;0;0;sBELA*;? Unchecked;v1.6.0-140-g9a10cc1
roadmap;dimacs;38/100;100;    257300;    548822;568383;1142;6020850;1309943;46;3033;2.75741;475064;0;0;sBELA*;? Unchecked;v1.6.0-140-g9a10cc1
roadmap;dimacs;39/100;100;   1208113;    169244;86039;255;994924;56349;143;3033;0.161096;349785;0;0;sBELA*;? Unchecked;v1.6.0-140-g9a10cc1
roadmap;dimacs;40/100;100;   1226440;   1391278;762181;2164;8142687;1479219;17;3033;3.27025;452326;0;0;sBELA*;? Unchecked;v1.6.0-140-g9a10cc1
roadmap;dimacs;41/100;100;    122277;   1128394;211069;723;2944640;500635;171;3033;1.13035;442903;0;0;sBELA*;? Unchecked;v1.6.0-140-g9a10cc1
roadmap;dimacs;42/100;100;     66946;   1214669;559170;1055;5960036;971974;59;3033;2.15027;452025;0;0;sBELA*;? Unchecked;v1.6.0-140-g9a10cc1
roadmap;dimacs;43/100;100;    299055;   1685578;867092;2347;9966139;1809904;6;3033;3.92419;461218;0;0;sBELA*;? Unchecked;v1.6.0-140-g9a10cc1
roadmap;dimacs;44/100;100;   1617239;   1448010;431664;1339;4746096;1054293;109;3033;2.39591;440038;0;0;sBELA*;? Unchecked;v1.6.0-140-g9a10cc1
roadmap;dimacs;45/100;100;     88434;    220092;162378;818;1922282;395397;71;3033;0.843159;468947;0;0;sBELA*;? Unchecked;v1.6.0-140-g9a10cc1
roadmap;dimacs;46/100;100;    765554;   1136443;219632;715;2443492;448547;30;3033;0.97038;462238;0;0;sBELA*;? Unchecked;v1.6.0-140-g9a10cc1
roadmap;dimacs;47/100;100;   1662423;    665304;617218;2025;6865217;1498684;9;3033;3.21771;465761;0;0;sBELA*;? Unchecked;v1.6.0-140-g9a10cc1
roadmap;dimacs;48/100;100;    522581;    744644;559543;1295;6138034;1076415;24;3033;2.32183;463606;0;0;sBELA*;? Unchecked;v1.6.0-140-g9a10cc1
roadmap;dimacs;49/100;100;    880871;    913237;417900;1193;4898628;981429;162;3033;2.18951;448241;0;0;sBELA*;? Unchecked;v1.6.0-140-g9a10cc1
roadmap;dimacs;50/100;100;    184031;   1879161;467172;1180;5260738;1210938;33;3033;2.6794;451944;0;0;sBELA*;? Unchecked;v1.6.0-140-g9a10cc1
roadmap;dimacs;51/100;100;    638122;   1463354;114492;418;1317650;179535;292;3033;0.417732;429785;0;0;sBELA*;? Unchecked;v1.6.0-140-g9a10cc1
roadmap;dimacs;52/100;100;   1314005;    356552;391568;1163;4462563;947641;55;3033;2.11239;448611;0;0;sBELA*;? Unchecked;v1.6.0-140-g9a10cc1
roadmap;dimacs;53/100;100;     21748;   1031477;909846;2543;10681255;1534999;25;3033;3.5713;429815;0;0;sBELA*;? Unchecked;v1.6.0-140-g9a10cc1
roadmap;dimacs;54/100;100;    149376;    488085;110158;256;1226412;26347;234;3033;0.0968127;272144;0;0;sBELA*;? Unchecked;v1.6.0-140-g9a10cc1
roadmap;dimacs;55/100;100;   1471925;   1271058;63505;447;722828;229789;66;3033;0.466573;492504;0;0;sBELA*;? Unchecked;v1.6.0-140-g9a10cc1
roadmap;dimacs;56/100;100;    531829;    538074;663794;1944;7230277;1319692;36;3033;2.87303;459339;0;0;sBELA*;? Unchecked;v1.6.0-140-g9a10cc1
roadmap;dimacs;57/100;100;     65785;   1728556;255073;1019;3029572;623685;272;3033;1.40134;445062;0;0;sBELA*;? Unchecked;v1.6.0-140-g9a10cc1
roadmap;dimacs;58/100;100;   1182648;    947461;461621;1109;5480030;1336734;27;3033;2.83608;471331;0;0;sBELA*;? Unchecked;v1.6.0-140-g9a10cc1
roadmap;dimacs;59/100;100;    834369;   1832866;502291;1357;6184397;1425447;92;3033;3.07079;464195;0;0;sBELA*;? Unchecked;v1.6.0-140-g9a10cc1
roadmap;dimacs;60/100;100;   1579344;    795855;1121257;3403;13143896;1884522;20;3033;4.14763;454362;0;0;sBELA*;? Unchecked;v1.6.0-140-g9a10cc1
roadmap;dimacs;61/100;100;    830015;   1296962;605605;1354;6488767;1055199;19;3033;2.3428;450400;0;0;sBELA*;? Unchecked;v1.6.0-140-g9a10cc1
roadmap;dimacs;62/100;100;    390249;     22433;179570;804;2515957;355320;32;3033;0.856537;414833;0;0;sBELA*;? Unchecked;v1.6.0-140-g9a10cc1
roadmap;dimacs;63/100;100;   1361440;    776903;455922;1687;6005747;1471845;220;3033;3.51803;418371;0;0;sBELA*;? Unchecked;v1.6.0-140-g9a10cc1
roadmap;dimacs;64/100;100;   1526444;    433636;84680;452;1090216;259498;111;3033;0.559421;463869;0;0;sBELA*;? Unchecked;v1.6.0-140-g9a10cc1
roadmap;dimacs;65/100;100;    653723;   1649198;619628;1798;6702824;1071768;3;3033;2.31209;463550;0;0;sBELA*;? Unchecked;v1.6.0-140-g9a10cc1
roadmap;dimacs;66/100;100;   1848324;   1867145;207351;311;2483236;104319;975;3033;0.354001;294685;0;0;sBELA*;? Unchecked;v1.6.0-140-g9a10cc1
roadmap;dimacs;67/100;100;    556081;   1705850;131686;547;1729412;327663;78;3033;0.682841;479853;0;0;sBELA*;? Unchecked;v1.6.0-140-g9a10cc1
roadmap;dimacs;68/100;100;   1041215;   1753708;535527;1139;7038279;387491;152;3033;1.04741;369952;0;0;sBELA*;? Unchecked;v1.6.0-140-g9a10cc1
roadmap;dimacs;69/100;100;   1673024;   1341690;235145;731;3011556;213823;103;3033;0.535854;399032;0;0;sBELA*;? Unchecked;v1.6.0-140-g9a10cc1
roadmap;dimacs;70/100;100;   1305038;   1494283;532061;1210;5867940;1269613;100;3033;2.71989;466789;0;0;sBELA*;? Unchecked;v1.6.0-140-g9a10cc1
roadmap;dimacs;71/100;100;    989350;    282657;490147;1040;5936639;695166;91;3033;1.62987;426516;0;0;sBELA*;? Unchecked;v1.6.0-140-g9a10cc1
roadmap;dimacs;72/100;100;    277177;    414997;617912;1577;6899196;1519496;95;3033;3.31273;458684;0;0;sBELA*;? Unchecked;v1.6.0-140-g9a10cc1
roadmap;dimacs;73/100;100;    189385;    632745;319084;1373;3513106;807616;5;3033;1.734;465753;0;0;sBELA*;? Unchecked;v1.6.0-140-g9a10cc1
roadmap;dimacs;74/100;100;   1642632;    169223;180387;622;2266815;178643;707;3033;0.556621;320942;0;0;sBELA*;? Unchecked;v1.6.0-140-g9a10cc1
roadmap;dimacs;75/100;100;   1160966;    638119;1038391;3041;11495039;1711415;17;3033;3.90894;437821;0;0;sBELA*;? Unchecked;v1.6.0-140-g9a10cc1
roadmap;dimacs;76/100;100;   1759861;   1021392;702708;1546;8552493;1696421;48;3033;3.86903;438462;0;0;sBELA*;? Unchecked;v1.6.0-140-g9a10cc1
roadmap;dimacs;77/100;100;    681135;     95876;662821;1717;7581315;1338605;169;3033;2.8234;474111;0;0;sBELA*;? Unchecked;v1.6.0-140-g9a10cc1
roadmap;dimacs;78/100;100;    614892;    385398;803037;2066;8944862;1759183;60;3033;3.98007;441998;0;0;sBELA*;? Unchecked;v1.6.0-140-g9a10cc1
roadmap;dimacs;79/100;100;   1726489;   1469303;862661;2277;9933298;1674607;43;3033;3.89929;429464;0;0;sBELA*;? Unchecked;v1.6.0-140-g9a10cc1
roadmap;dimacs;80/100;100;     52390;    909716;192130;597;2589328;314020;156;3033;0.729695;430344;0;0;sBELA*;? Unchecked;v1.6.0-140-g9a10cc1
roadmap;dimacs;81/100;100;   1438544;   1709652;210940;739;2861437;408783;95;3033;0.924631;442104;0;0;sBELA*;? Unchecked;v1.6.0-140-g9a10cc1
roadmap;dimacs;82/100;100;   1885245;   1219012;568631;968;7657043;910054;97;3033;2.11326;430639;0;0;sBELA*;? Unchecked;v1.6.0-140-g9a10cc1
roadmap;dimacs;83/100;100;    474128;    462404;632962;1667;6969745;1388496;18;3033;2.97539;466661;0;0;sBELA*;? Unchecked;v1.6.0-140-g9a10cc1
roadmap;dimacs;84/100;100;   1776146;    980278;386384;1129;5051243;902991;260;3033;2.07303;435590;0;0;sBELA*;? Unchecked;v1.6.0-140-g9a10cc1
roadmap;dimacs;85/100;100;   1391963;    468960;690267;2006;7717562;1493179;18;3033;3.19765;466961;0;0;sBELA*;? Unchecked;v1.6.0-140-g9a10cc1
roadmap;dimacs;86/100;100;   1052481;    543349;703537;2134;9460519;1433239;97;3033;3.36329;426142;0;0;sBELA*;? Unchecked;v1.6.0-140-g9a10cc1
roadmap;dimacs;87/100;100;   1821017;    791672;551935;1105;6671215;237791;83;3033;0.725516;327754;0;0;sBELA*;? Unchecked;v1.6.0-140-g9a10cc1
roadmap;dimacs;88/100;100;    135239;   1107730;177484;564;1990064;263826;82;3033;0.568952;463705;0;0;sBELA*;? Unchecked;v1.6.0-140-g9a10cc1
roadmap;dimacs;89/100;100;    105712;   1042809;626385;1605;8540444;1865101;54;3033;4.1993;444145;0;0;sBELA*;? Unchecked;v1.6.0-140-g9a10cc1
roadmap;dimacs;90/100;100;    269271;     31624;538827;1481;5830483;1224799;12;3033;2.56792;476962;0;0;sBELA*;? Unchecked;v1.6.0-140-g9a10cc1
roadmap;dimacs;91/100;100;    711516;   1110978;330196;1485;3813628;734717;49;3033;1.66107;442316;0;0;sBELA*;? Unchecked;v1.6.0-140-g9a10cc1
roadmap;dimacs;92/100;100;    129884;   1702774;256443;936;2963532;525264;144;3033;1.18787;442192;0;0;sBELA*;? Unchecked;v1.6.0-140-g9a10cc1
roadmap;dimacs;93/100;100;    677739;   1445420;90417;335;1110118;209773;1028;3033;0.530411;395492;0;0;sBELA*;? Unchecked;v1.6.0-140-g9a10cc1
roadmap;dimacs;94/100;100;    689436;    132056;224853;728;2697549;510215;118;3033;1.09861;464419;0;0;sBELA*;? Unchecked;v1.6.0-140-g9a10cc1
roadmap;dimacs;95/100;100;    172705;   1375271;480521;1062;5217254;1330463;95;3033;2.92326;455130;0;0;sBELA*;? Unchecked;v1.6.0-140-g9a10cc1
roadmap;dimacs;96/100;100;   1879024;    843565;170548;722;2025899;152855;85;3033;0.432588;353350;0;0;sBELA*;? Unchecked;v1.6.0-140-g9a10cc1
roadmap;dimacs;97/100;100;    594555;   1305211;146214;971;1536255;483987;157;3033;1.05296;459643;0;0;sBELA*;? Unchecked;v1.6.0-140-g9a10cc1
roadmap;dimacs;98/100;100;    338636;    646444;221052;1054;2535812;661318;74;3033;1.448;456711;0;0;sBELA*;? Unchecked;v1.6.0-140-g9a10cc1
roadmap;dimacs;99/100;100;   1834673;    546450;436400;1193;5698096;389788;50;3033;1.02003;382134;0;0;sBELA*;? Unchecked;v1.6.0-140-g9a10cc1
roadmap;dimacs;0/200;200;   1158641;   1272769;836775;2226;9081410;1199310;138;3033;3.07223;390371;0;0;sBELA*;? Unchecked;v1.6.0-140-g9a10cc1
roadmap;dimacs;1/200;200;     54758;   1370062;348512;1526;4088436;739509;232;3033;1.90518;388157;0;0;sBELA*;? Unchecked;v1.6.0-140-g9a10cc1
roadmap;dimacs;2/200;200;    935047;   1190851;242246;524;3006604;132164;560;3033;0.492869;268152;0;0;sBELA*;? Unchecked;v1.6.0-140-g9a10cc1
roadmap;dimacs;3/200;200;    548674;   1730064;185823;787;2234819;466876;330;3033;1.0891;428680;0;0;sBELA*;? Unchecked;v1.6.0-140-g9a10cc1
roadmap;dimacs;4/200;200;    713105;   1135162;105821;259;1394327;94928;1087;3033;0.278316;341080;0;0;sBELA*;? Unchecked;v1.6.0-140-g9a10cc1
roadmap;dimacs;5/200;200;   1213983;   1847687;385742;1051;5259464;1352733;678;3033;3.11713;433968;0;0;sBELA*;? Unchecked;v1.6.0-140-g9a10cc1
roadmap;dimacs;6/200;200;   1416819;   1454455;129232;584;1388077;448863;212;3033;0.971785;461896;0;0;sBELA*;? Unchecked;v1.6.0-140-g9a10cc1
roadmap;dimacs;7/200;200;   1202525;   1287863;187757;927;2205790;439682;78;3033;1.09085;403063;0;0;sBELA*;? Unchecked;v1.6.0-140-g9a10cc1
roadmap;dimacs;8/200;200;    416104;   1824062;341905;1268;4704756;882060;421;3033;2.1425;411696;0;0;sBELA*;? Unchecked;v1.6.0-140-g9a10cc1
roadmap;dimacs;9/200;200;    350612;   1840987;740325;1634;9115855;1794224;104;3033;4.09667;437972;0;0;sBELA*;? Unchecked;v1.6.0-140-g9a10cc1
roadmap;dimacs;10/200;200;    581610;   1031954;665220;1737;7767734;1387196;94;3033;3.07376;451303;0;0;sBELA*;? Unchecked;v1.6.0-140-g9a10cc1
roadmap;dimacs;11/200;200;    329503;   1179401;311471;689;3446515;831162;101;3033;1.8389;451988;0;0;sBELA*;? Unchecked;v1.6.0-140-g9a10cc1
roadmap;dimacs;12/200;200;    480267;    159302;662588;1501;7974182;1140023;264;3033;2.6777;425747;0;0;sBELA*;? Unchecked;v1.6.0-140-g9a10cc1
roadmap;dimacs;13/200;200;   1890527;   1576171;736387;1618;8709303;1287112;287;3033;3.31041;388807;0;0;sBELA*;? Unchecked;v1.6.0-140-g9a10cc1
roadmap;dimacs;14/200;200;   1743677;    933040;323236;966;5426218;1340212;174;3033;2.98134;449533;0;0;sBELA*;? Unchecked;v1.6.0-140-g9a10cc1
roadmap;dimacs;15/200;200;   1460731;   1705524;743782;2201;8152776;1592956;16;3033;3.42288;465385;0;0;sBELA*;? Unchecked;v1.6.0-140-g9a10cc1
roadmap;dimacs;16/200;200;    801770;    765171;462423;1631;5189040;617763;189;3033;1.64025;376628;0;0;sBELA*;? Unchecked;v1.6.0-140-g9a10cc1
roadmap;dimacs;17/200;200;   1076837;   1604094;79473;405;1055214;213140;344;3033;0.532674;400132;0;0;sBELA*;? Unchecked;v1.6.0-140-g9a10cc1
roadmap;dimacs;18/200;200;   1431544;    194846;459353;1547;5259225;969031;206;3033;2.3581;410938;0;0;sBELA*;? Unchecked;v1.6.0-140-g9a10cc1
roadmap;dimacs;19/200;200;   1536202;    632533;212958;694;2578963;614532;1251;3033;1.55494;395214;0;0;sBELA*;? Unchecked;v1.6.0-140-g9a10cc1
roadmap;dimacs;20/200;200;    356711;    288578;443907;1571;4883682;1076476;66;3033;2.49257;431874;0;0;sBELA*;? Unchecked;v1.6.0-140-g9a10cc1
roadmap;dimacs;21/200;200;   1416275;   1578430;108621;456;1176783;371377;2585;3033;1.14043;325645;0;0;sBELA*;? Unchecked;v1.6.0-140-g9a10cc1
roadmap;dimacs;22/200;200;   1267172;   1104888;580507;1387;6179781;1303460;87;3033;2.78895;467365;0;0;sBELA*;? Unchecked;v1.6.0-140-g9a10cc1
roadmap;dimacs;23/200;200;   1466216;   1076837;599781;1624;6568839;1245208;45;3033;2.69872;461407;0;0;sBELA*;? Unchecked;v1.6.0-140-g9a10cc1
roadmap;dimacs;24/200;200;   1228417;     41268;151577;921;1804988;261241;209;3033;0.682209;382934;0;0;sBELA*;? Unchecked;v1.6.0-140-g9a10cc1
roadmap;dimacs;25/200;200;    321340;    192757;126579;391;1500613;375085;184;3033;0.827124;453481;0;0;sBELA*;? Unchecked;v1.6.0-140-g9a10cc1
roadmap;dimacs;26/200;200;    965921;   1375640;462180;1294;6122575;1485533;397;3033;3.57138;415955;0;0;sBELA*;? Unchecked;v1.6.0-140-g9a10cc1
roadmap;dimacs;27/200;200;   1657428;    779364;407496;1482;5065310;905060;208;3033;2.18282;414629;0;0;sBELA*;? Unchecked;v1.6.0-140-g9a10cc1
roadmap;dimacs;28/200;200;    454410;    618767;73790;397;955460;329091;87;3033;0.694853;473612;0;0;sBELA*;? Unchecked;v1.6.0-140-g9a10cc1
roadmap;dimacs;29/200;200;   1453433;   1181632;234980;574;3003804;684978;311;3033;1.48209;462170;0;0;sBELA*;? Unchecked;v1.6.0-140-g9a10cc1
roadmap;dimacs;30/200;200;    261444;   1761841;63227;447;789854;220745;174;3033;0.511514;431552;0;0;sBELA*;? Unchecked;v1.6.0-140-g9a10cc1
roadmap;dimacs;31/200;200;   1710330;   1308565;571484;1237;6157097;1000480;52;3033;2.24299;446048;0;0;sBELA*;? Unchecked;v1.6.0-140-g9a10cc1
roadmap;dimacs;32/200;200;   1622269;    239225;324818;1505;3830816;654426;165;3033;1.50013;436245;0;0;sBELA*;? Unchecked;v1.6.0-140-g9a10cc1
roadmap;dimacs;33/200;200;    858782;    835734;273081;942;2932252;457850;225;3033;1.13914;401925;0;0;sBELA*;? Unchecked;v1.6.0-140-g9a10cc1
roadmap;dimacs;34/200;200;   1164733;   1686951;224372;629;3418426;143032;162;3033;0.415838;343961;0;0;sBELA*;? Unchecked;v1.6.0-140-g9a10cc1
roadmap;dimacs;35/200;200;   1008319;    677177;694520;1776;8091569;1745904;306;3033;4.01807;434513;0;0;sBELA*;? Unchecked;v1.6.0-140-g9a10cc1
roadmap;dimacs;36/200;200;   1646034;   1063654;838593;1901;9241746;1858919;14;3033;4.11003;452288;0;0;sBELA*;? Unchecked;v1.6.0-140-g9a10cc1
roadmap;dimacs;37/200;200;    682994;   1688601;1067651;3405;12098036;1867470;17;3033;4.16999;447836;0;0;sBELA*;? Unchecked;v1.6.0-140-g9a10cc1
roadmap;dimacs;38/200;200;    257300;    548822;568383;1143;6020864;1309946;86;3033;2.81548;465266;0;0;sBELA*;? Unchecked;v1.6.0-140-g9a10cc1
roadmap;dimacs;39/200;200;   1208113;    169244;86039;264;995009;56358;295;3033;0.185463;303878;0;0;sBELA*;? Unchecked;v1.6.0-140-g9a10cc1
roadmap;dimacs;40/200;200;   1226440;   1391278;762181;2164;8142704;1479221;34;3033;3.32685;444631;0;0;sBELA*;? Unchecked;v1.6.0-140-g9a10cc1
roadmap;dimacs;41/200;200;    122277;   1128394;211069;724;2944690;500658;317;3033;1.20452;415649;0;0;sBELA*;? Unchecked;v1.6.0-140-g9a10cc1
roadmap;dimacs;42/200;200;     66946;   1214669;559170;1055;5960057;971976;118;3033;2.23153;435564;0;0;sBELA*;? Unchecked;v1.6.0-140-g9a10cc1
roadmap;dimacs;43/200;200;    299055;   1685578;867092;2346;9966141;1809904;10;3033;3.95107;458080;0;0;sBELA*;? Unchecked;v1.6.0-140-g9a10cc1
roadmap;dimacs;44/200;200;   1617239;   1448010;431664;1332;4746110;1054296;201;3033;2.48717;423894;0;0;sBELA*;? Unchecked;v1.6.0-140-g9a10cc1
roadmap;dimacs;45/200;200;     88434;    220092;162378;812;1922306;395408;133;3033;0.898466;440092;0;0;sBELA*;? Unchecked;v1.6.0-140-g9a10cc1
roadmap;dimacs;46/200;200;    765554;   1136443;219632;715;2443499;448548;64;3033;0.998354;449287;0;0;sBELA*;? Unchecked;v1.6.0-140-g9a10cc1
roadmap;dimacs;47/200;200;   1662423;    665304;617218;2031;6865219;1498684;16;3033;3.28156;456698;0;0;sBELA*;? Unchecked;v1.6.0-140-g9a10cc1
roadmap;dimacs;48/200;200;    522581;    744644;559543;1294;6138041;1076415;45;3033;2.35539;457000;0;0;sBELA*;? Unchecked;v1.6.0-140-g9a10cc1
roadmap;dimacs;49/200;200;    880871;    913237;417900;1190;4898675;981445;326;3033;2.30407;425962;0;0;sBELA*;? Unchecked;v1.6.0-140-g9a10cc1
roadmap;dimacs;50/200;200;    184031;   1879161;467172;1179;5260773;1210950;63;3033;2.75667;439280;0;0;sBELA*;? Unchecked;v1.6.0-140-g9a10cc1
roadmap;dimacs;51/200;200;    638122;   1463354;114492;439;1317839;179600;642;3033;0.480874;373486;0;0;sBELA*;? Unchecked;v1.6.0-140-g9a10cc1
roadmap;dimacs;52/200;200;   1314005;    356552;391568;1168;4462590;947644;105;3033;2.18205;434291;0;0;sBELA*;? Unchecked;v1.6.0-140-g9a10cc1
roadmap;dimacs;53/200;200;     21748;   1031477;909846;2538;10681265;1535003;52;3033;3.7047;414339;0;0;sBELA*;? Unchecked;v1.6.0-140-g9a10cc1
roadmap;dimacs;54/200;200;    149376;    488085;110158;256;1226614;26355;535;3033;0.119393;220742;0;0;sBELA*;? Unchecked;v1.6.0-140-g9a10cc1
roadmap;dimacs;55/200;200;   1471925;   1271058;63505;445;722870;229816;123;3033;0.487569;471350;0;0;sBELA*;? Unchecked;v1.6.0-140-g9a10cc1
roadmap;dimacs;56/200;200;    531829;    538074;663794;1944;7230290;1319696;66;3033;2.9906;441281;0;0;sBELA*;? Unchecked;v1.6.0-140-g9a10cc1
roadmap;dimacs;57/200;200;     65785;   1728556;255073;1021;3029651;623697;562;3033;1.53598;406059;0;0;sBELA*;? Unchecked;v1.6.0-140-g9a10cc1
roadmap;dimacs;58/200;200;   1182648;    947461;461621;1104;5480056;1336749;56;3033;2.89618;461555;0;0;sBELA*;? Unchecked;v1.6.0-140-g9a10cc1
roadmap;dimacs;59/200;200;    834369;   1832866;502291;1358;6184420;1425452;167;3033;3.13175;455162;0;0;sBELA*;? Unchecked;v1.6.0-140-g9a10cc1
roadmap;dimacs;60/200;200;   1579344;    795855;1121257;3403;13143900;1884522;32;3033;4.33422;434801;0;0;sBELA*;? Unchecked;v1.6.0-140-g9a10cc1
roadmap;dimacs;61/200;200;    830015;   1296962;605605;1353;6488781;1055205;38;3033;2.36581;446023;0;0;sBELA*;? Unchecked;v1.6.0-140-g9a10cc1
roadmap;dimacs;62/200;200;    390249;     22433;179570;801;2515969;355325;60;3033;0.894695;397146;0;0;sBELA*;? Unchecked;v1.6.0-140-g9a10cc1
roadmap;dimacs;63/200;200;   1361440;    776903;455922;1691;6005799;1471868;457;3033;3.72768;394848;0;0;sBELA*;? Unchecked;v1.6.0-140-g9a10cc1
roadmap;dimacs;64/200;200;   1526444;    433636;84680;448;1090293;259546;212;3033;0.594648;436470;0;0;sBELA*;? Unchecked;v1.6.0-140-g9a10cc1
roadmap;dimacs;65/200;200;    653723;   1649198;619628;1797;6702827;1071768;8;3033;2.32187;461598;0;0;sBELA*;? Unchecked;v1.6.0-140-g9a10cc1
roadmap;dimacs;66/200;200;   1848324;   1867145;207351;304;2483895;104412;1969;3033;0.440256;237162;0;0;sBELA*;? Unchecked;v1.6.0-140-g9a10cc1
roadmap;dimacs;67/200;200;    556081;   1705850;131686;547;1729464;327681;172;3033;0.708976;462189;0;0;sBELA*;? Unchecked;v1.6.0-140-g9a10cc1
roadmap;dimacs;68/200;200;   1041215;   1753708;535527;1138;7038347;387501;325;3033;1.14565;338236;0;0;sBELA*;? Unchecked;v1.6.0-140-g9a10cc1
roadmap;dimacs;69/200;200;   1673024;   1341690;235145;731;3011621;213843;254;3033;0.596833;358296;0;0;sBELA*;? Unchecked;v1.6.0-140-g9a10cc1
roadmap;dimacs;70/200;200;   1305038;   1494283;532061;1207;5867959;1269618;176;3033;2.83822;447328;0;0;sBELA*;? Unchecked;v1.6.0-140-g9a10cc1
roadmap;dimacs;71/200;200;    989350;    282657;490147;1040;5936666;695182;165;3033;1.69091;411129;0;0;sBELA*;? Unchecked;v1.6.0-140-g9a10cc1
roadmap;dimacs;72/200;200;    277177;    414997;617912;1577;6899220;1519502;183;3033;3.43504;442354;0;0;sBELA*;? Unchecked;v1.6.0-140-g9a10cc1
roadmap;dimacs;73/200;200;    189385;    632745;319084;1376;3513112;807616;9;3033;1.74667;462375;0;0;sBELA*;? Unchecked;v1.6.0-140-g9a10cc1
roadmap;dimacs;74/200;200;   1642632;    169223;180387;620;2267009;178682;1608;3033;0.669058;267065;0;0;sBELA*;? Unchecked;v1.6.0-140-g9a10cc1
roadmap;dimacs;75/200;200;   1160966;    638119;1038391;3040;11495048;1711420;36;3033;3.99772;428099;0;0;sBELA*;? Unchecked;v1.6.0-140-g9a10cc1
roadmap;dimacs;76/200;200;   1759861;   1021392;702708;1540;8552502;1696423;90;3033;3.97117;427185;0;0;sBELA*;? Unchecked;v1.6.0-140-g9a10cc1
roadmap;dimacs;77/200;200;    681135;     95876;662821;1720;7581343;1338611;322;3033;2.87305;465919;0;0;sBELA*;? Unchecked;v1.6.0-140-g9a10cc1
roadmap;dimacs;78/200;200;    614892;    385398;803037;2064;8944889;1759184;111;3033;4.12946;426008;0;0;sBELA*;? Unchecked;v1.6.0-140-g9a10cc1
roadmap;dimacs;79/200;200;   1726489;   1469303;862661;2277;9933308;1674607;82;3033;4.0369;414825;0;0;sBELA*;? Unchecked;v1.6.0-140-g9a10cc1
roadmap;dimacs;80/200;200;     52390;    909716;192130;595;2589419;314040;313;3033;0.805272;389980;0;0;sBELA*;? Unchecked;v1.6.0-140-g9a10cc1
roadmap;dimacs;81/200;200;   1438544;   1709652;210940;740;2861454;408788;177;3033;0.973487;419921;0;0;sBELA*;? Unchecked;v1.6.0-140-g9a10cc1
roadmap;dimacs;82/200;200;   1885245;   1219012;568631;968;7657129;910080;242;3033;2.14857;423574;0;0;sBELA*;? Unchecked;v1.6.0-140-g9a10cc1
roadmap;dimacs;83/200;200;    474128;    462404;632962;1664;6969761;1388507;38;3033;3.02455;459079;0;0;sBELA*;? Unchecked;v1.6.0-140-g9a10cc1
roadmap;dimacs;84/200;200;   1776146;    980278;386384;1131;5051284;902993;435;3033;2.19688;411034;0;0;sBELA*;? Unchecked;v1.6.0-140-g9a10cc1
roadmap;dimacs;85/200;200;   1391963;    468960;690267;2007;7717570;1493182;37;3033;3.27144;456429;0;0;sBELA*;? Unchecked;v1.6.0-140-g9a10cc1
roadmap;dimacs;86/200;200;   1052481;    543349;703537;2133;9460536;1433247;186;3033;3.53178;405815;0;0;sBELA*;? Unchecked;v1.6.0-140-g9a10cc1
roadmap;dimacs;87/200;200;   1821017;    791672;551935;1101;6671270;237798;210;3033;0.842387;282291;0;0;sBELA*;? Unchecked;v1.6.0-140-g9a10cc1
roadmap;dimacs;88/200;200;    135239;   1107730;177484;562;1990077;263831;146;3033;0.613991;429698;0;0;sBELA*;? Unchecked;v1.6.0-140-g9a10cc1
roadmap;dimacs;89/200;200;    105712;   1042809;626385;1607;8540470;1865103;108;3033;4.21839;442136;0;0;sBELA*;? Unchecked;v1.6.0-140-g9a10cc1
roadmap;dimacs;90/200;200;    269271;     31624;538827;1476;5830486;1224800;23;3033;2.62366;466829;0;0;sBELA*;? Unchecked;v1.6.0-140-g9a10cc1
roadmap;dimacs;91/200;200;    711516;   1110978;330196;1487;3813642;734730;92;3033;1.73132;424376;0;0;sBELA*;? Unchecked;v1.6.0-140-g9a10cc1
roadmap;dimacs;92/200;200;    129884;   1702774;256443;939;2963576;525292;286;3033;1.27522;411922;0;0;sBELA*;? Unchecked;v1.6.0-140-g9a10cc1
roadmap;dimacs;93/200;200;    677739;   1445420;90417;325;1110408;209874;2022;3033;0.641876;326969;0;0;sBELA*;? Unchecked;v1.6.0-140-g9a10cc1
roadmap;dimacs;94/200;200;    689436;    132056;224853;730;2697592;510229;233;3033;1.15706;440970;0;0;sBELA*;? Unchecked;v1.6.0-140-g9a10cc1
roadmap;dimacs;95/200;200;    172705;   1375271;480521;1061;5217296;1330485;193;3033;3.00948;442097;0;0;sBELA*;? Unchecked;v1.6.0-140-g9a10cc1
roadmap;dimacs;96/200;200;   1879024;    843565;170548;720;2025932;152861;166;3033;0.474816;321937;0;0;sBELA*;? Unchecked;v1.6.0-140-g9a10cc1
roadmap;dimacs;97/200;200;    594555;   1305211;146214;972;1536313;483997;391;3033;1.14286;423495;0;0;sBELA*;? Unchecked;v1.6.0-140-g9a10cc1
roadmap;dimacs;98/200;200;    338636;    646444;221052;1056;2535852;661329;142;3033;1.52294;434245;0;0;sBELA*;? Unchecked;v1.6.0-140-g9a10cc1
roadmap;dimacs;99/200;200;   1834673;    546450;436400;1195;5698124;389791;82;3033;1.07936;361132;0;0;sBELA*;? Unchecked;v1.6.0-140-g9a10cc1
roadmap;dimacs;0/300;300;   1158641;   1272769;836775;2207;9081416;1199315;197;3033;3.22856;371471;0;0;sBELA*;? Unchecked;v1.6.0-140-g9a10cc1
roadmap;dimacs;1/300;300;     54758;   1370062;348512;1530;4088455;739511;343;3033;1.99854;370025;0;0;sBELA*;? Unchecked;v1.6.0-140-g9a10cc1
roadmap;dimacs;2/300;300;    935047;   1190851;242246;523;3006707;132171;878;3033;0.582348;226962;0;0;sBELA*;? Unchecked;v1.6.0-140-g9a10cc1
roadmap;dimacs;3/300;300;    548674;   1730064;185823;788;2234847;466886;495;3033;1.1491;406307;0;0;sBELA*;? Unchecked;v1.6.0-140-g9a10cc1
roadmap;dimacs;4/300;300;    713105;   1135162;105821;257;1394480;94946;1624;3033;0.31421;302174;0;0;sBELA*;? Unchecked;v1.6.0-140-g9a10cc1
roadmap;dimacs;5/300;300;   1213983;   1847687;385742;1053;5259520;1352748;1031;3033;3.27685;412820;0;0;sBELA*;? Unchecked;v1.6.0-140-g9a10cc1
roadmap;dimacs;6/300;300;   1416819;   1454455;129232;556;1388127;448874;308;3033;1.04569;429261;0;0;sBELA*;? Unchecked;v1.6.0-140-g9a10cc1
roadmap;dimacs;7/300;300;   1202525;   1287863;187757;926;2205804;439691;116;3033;1.11541;394195;0;0;sBELA*;? Unchecked;v1.6.0-140-g9a10cc1
roadmap;dimacs;8/300;300;    416104;   1824062;341905;1270;4704791;882062;637;3033;2.27184;388259;0;0;sBELA*;? Unchecked;v1.6.0-140-g9a10cc1
roadmap;dimacs;9/300;300;    350612;   1840987;740325;1631;9115875;1794226;150;3033;4.1971;427491;0;0;sBELA*;? Unchecked;v1.6.0-140-g9a10cc1
roadmap;dimacs;10/300;300;    581610;   1031954;665220;1738;7767744;1387200;126;3033;3.15569;439587;0;0;sBELA*;? Unchecked;v1.6.0-140-g9a10cc1
roadmap;dimacs;11/300;300;    329503;   1179401;311471;691;3446531;831163;146;3033;1.9106;435026;0;0;sBELA*;? Unchecked;v1.6.0-140-g9a10cc1
roadmap;dimacs;12/300;300;    480267;    159302;662588;1506;7974206;1140027;374;3033;2.79682;407616;0;0;sBELA*;? Unchecked;v1.6.0-140-g9a10cc1
roadmap;dimacs;13/300;300;   1890527;   1576171;736387;1612;8709336;1287135;421;3033;3.43551;374656;0;0;sBELA*;? Unchecked;v1.6.0-140-g9a10cc1
roadmap;dimacs;14/300;300;   1743677;    933040;323236;967;5426235;1340219;247;3033;3.04451;440208;0;0;sBELA*;? Unchecked;v1.6.0-140-g9a10cc1
roadmap;dimacs;15/300;300;   1460731;   1705524;743782;2203;8152778;1592956;21;3033;3.43521;463714;0;0;sBELA*;? Unchecked;v1.6.0-140-g9a10cc1
roadmap;dimacs;16/300;300;    801770;    765171;462423;1632;5189058;617763;258;3033;1.79757;343665;0;0;sBELA*;? Unchecked;v1.6.0-140-g9a10cc1
roadmap;dimacs;17/300;300;   1076837;   1604094;79473;406;1055246;213145;484;3033;0.580379;367251;0;0;sBELA*;? Unchecked;v1.6.0-140-g9a10cc1
roadmap;dimacs;18/300;300;   1431544;    194846;459353;1537;5259237;969032;279;3033;2.48098;390584;0;0;sBELA*;? Unchecked;v1.6.0-140-g9a10cc1
roadmap;dimacs;19/300;300;   1536202;    632533;212958;695;2579062;614573;1808;3033;1.63245;376473;0;0;sBELA*;? Unchecked;v1.6.0-140-g9a10cc1
roadmap;dimacs;20/300;300;    356711;    288578;443907;1569;4883694;1076479;102;3033;2.55311;421635;0;0;sBELA*;? Unchecked;v1.6.0-140-g9a10cc1
roadmap;dimacs;21/300;300;   1416275;   1578430;108621;455;1176897;371406;3992;3033;1.39448;266339;0;0;sBELA*;? Unchecked;v1.6.0-140-g9a10cc1
roadmap;dimacs;22/300;300;   1267172;   1104888;580507;1362;6179788;1303460;119;3033;2.84789;457693;0;0;sBELA*;? Unchecked;v1.6.0-140-g9a10cc1
roadmap;dimacs;23/300;300;   1466216;   1076837;599781;1625;6568846;1245208;58;3033;2.76897;449701;0;0;sBELA*;? Unchecked;v1.6.0-140-g9a10cc1
roadmap;dimacs;24/300;300;   1228417;     41268;151577;920;1805014;261251;313;3033;0.770485;339074;0;0;sBELA*;? Unchecked;v1.6.0-140-g9a10cc1
roadmap;dimacs;25/300;300;    321340;    192757;126579;396;1500654;375103;250;3033;0.858868;436741;0;0;sBELA*;? Unchecked;v1.6.0-140-g9a10cc1
roadmap;dimacs;26/300;300;    965921;   1375640;462180;1292;6122603;1485542;591;3033;3.6496;407042;0;0;sBELA*;? Unchecked;v1.6.0-140-g9a10cc1
roadmap;dimacs;27/300;300;   1657428;    779364;407496;1486;5065334;905063;303;3033;2.31959;390182;0;0;sBELA*;? Unchecked;v1.6.0-140-g9a10cc1
roadmap;dimacs;28/300;300;    454410;    618767;73790;399;955496;329098;139;3033;0.717194;458869;0;0;sBELA*;? Unchecked;v1.6.0-140-g9a10cc1
roadmap;dimacs;29/300;300;   1453433;   1181632;234980;574;3003861;684983;445;3033;1.5306;447526;0;0;sBELA*;? Unchecked;v1.6.0-140-g9a10cc1
roadmap;dimacs;30/300;300;    261444;   1761841;63227;453;789876;220748;258;3033;0.550967;400656;0;0;sBELA*;? Unchecked;v1.6.0-140-g9a10cc1
roadmap;dimacs;31/300;300;   1710330;   1308565;571484;1238;6157105;1000481;76;3033;2.27127;440495;0;0;sBELA*;? Unchecked;v1.6.0-140-g9a10cc1
roadmap;dimacs;32/300;300;   1622269;    239225;324818;1507;3830827;654430;220;3033;1.5836;413253;0;0;sBELA*;? Unchecked;v1.6.0-140-g9a10cc1
roadmap;dimacs;33/300;300;    858782;    835734;273081;938;2932277;457864;334;3033;1.21348;377314;0;0;sBELA*;? Unchecked;v1.6.0-140-g9a10cc1
roadmap;dimacs;34/300;300;   1164733;   1686951;224372;635;3418482;143037;294;3033;0.459126;311542;0;0;sBELA*;? Unchecked;v1.6.0-140-g9a10cc1
roadmap;dimacs;35/300;300;   1008319;    677177;694520;1765;8091592;1745913;414;3033;4.17947;417735;0;0;sBELA*;? Unchecked;v1.6.0-140-g9a10cc1
roadmap;dimacs;36/300;300;   1646034;   1063654;838593;1901;9241747;1858919;23;3033;4.16062;446789;0;0;sBELA*;? Unchecked;v1.6.0-140-g9a10cc1
roadmap;dimacs;37/300;300;    682994;   1688601;1067651;3402;12098037;1867470;21;3033;4.21187;443383;0;0;sBELA*;? Unchecked;v1.6.0-140-g9a10cc1
roadmap;dimacs;38/300;300;    257300;    548822;568383;1143;6020874;1309949;120;3033;2.86929;456542;0;0;sBELA*;? Unchecked;v1.6.0-140-g9a10cc1
roadmap;dimacs;39/300;300;   1208113;    169244;86039;253;995057;56362;429;3033;0.208514;270303;0;0;sBELA*;? Unchecked;v1.6.0-140-g9a10cc1
roadmap;dimacs;40/300;300;   1226440;   1391278;762181;2167;8142710;1479224;53;3033;3.40309;434671;0;0;sBELA*;? Unchecked;v1.6.0-140-g9a10cc1
roadmap;dimacs;41/300;300;    122277;   1128394;211069;724;2944723;500669;451;3033;1.30684;383114;0;0;sBELA*;? Unchecked;v1.6.0-140-g9a10cc1
roadmap;dimacs;42/300;300;     66946;   1214669;559170;1055;5960075;971977;180;3033;2.31417;420010;0;0;sBELA*;? Unchecked;v1.6.0-140-g9a10cc1
roadmap;dimacs;43/300;300;    299055;   1685578;867092;2348;9966143;1809904;13;3033;3.99893;452597;0;0;sBELA*;? Unchecked;v1.6.0-140-g9a10cc1
roadmap;dimacs;44/300;300;   1617239;   1448010;431664;1341;4746121;1054302;284;3033;2.58169;408376;0;0;sBELA*;? Unchecked;v1.6.0-140-g9a10cc1
roadmap;dimacs;45/300;300;     88434;    220092;162378;818;1922323;395415;191;3033;0.948143;417042;0;0;sBELA*;? Unchecked;v1.6.0-140-g9a10cc1
roadmap;dimacs;46/300;300;    765554;   1136443;219632;717;2443506;448550;100;3033;1.02176;438999;0;0;sBELA*;? Unchecked;v1.6.0-140-g9a10cc1
roadmap;dimacs;47/300;300;   1662423;    665304;617218;2023;6865220;1498684;25;3033;3.2926;455168;0;0;sBELA*;? Unchecked;v1.6.0-140-g9a10cc1
roadmap;dimacs;48/300;300;    522581;    744644;559543;1295;6138048;1076415;58;3033;2.36769;454627;0;0;sBELA*;? Unchecked;v1.6.0-140-g9a10cc1
roadmap;dimacs;49/300;300;    880871;    913237;417900;1190;4898717;981454;505;3033;2.41403;406563;0;0;sBELA*;? Unchecked;v1.6.0-140-g9a10cc1
roadmap;dimacs;50/300;300;    184031;   1879161;467172;1178;5260793;1210962;97;3033;2.76149;438518;0;0;sBELA*;? Unchecked;v1.6.0-140-g9a10cc1
roadmap;dimacs;51/300;300;    638122;   1463354;114492;438;1317950;179640;984;3033;0.550142;326534;0;0;sBELA*;? Unchecked;v1.6.0-140-g9a10cc1
roadmap;dimacs;52/300;300;   1314005;    356552;391568;1169;4462605;947647;147;3033;2.25243;420722;0;0;sBELA*;? Unchecked;v1.6.0-140-g9a10cc1
roadmap;dimacs;53/300;300;     21748;   1031477;909846;2542;10681270;1535004;70;3033;3.82554;401252;0;0;sBELA*;? Unchecked;v1.6.0-140-g9a10cc1
roadmap;dimacs;54/300;300;    149376;    488085;110158;256;1226655;26357;659;3033;0.138835;189844;0;0;sBELA*;? Unchecked;v1.6.0-140-g9a10cc1
roadmap;dimacs;55/300;300;   1471925;   1271058;63505;444;722885;229825;169;3033;0.54303;423227;0;0;sBELA*;? Unchecked;v1.6.0-140-g9a10cc1
roadmap;dimacs;56/300;300;    531829;    538074;663794;1947;7230305;1319701;107;3033;3.11953;423045;0;0;sBELA*;? Unchecked;v1.6.0-140-g9a10cc1
roadmap;dimacs;57/300;300;     65785;   1728556;255073;1020;3029688;623701;813;3033;1.66728;374083;0;0;sBELA*;? Unchecked;v1.6.0-140-g9a10cc1
roadmap;dimacs;58/300;300;   1182648;    947461;461621;1106;5480074;1336761;80;3033;2.92385;457192;0;0;sBELA*;? Unchecked;v1.6.0-140-g9a10cc1
roadmap;dimacs;59/300;300;    834369;   1832866;502291;1358;6184435;1425457;235;3033;3.21746;443038;0;0;sBELA*;? Unchecked;v1.6.0-140-g9a10cc1
roadmap;dimacs;60/300;300;   1579344;    795855;1121257;3405;13143903;1884522;43;3033;4.44901;423583;0;0;sBELA*;? Unchecked;v1.6.0-140-g9a10cc1
roadmap;dimacs;61/300;300;    830015;   1296962;605605;1353;6488787;1055206;57;3033;2.41726;436529;0;0;sBELA*;? Unchecked;v1.6.0-140-g9a10cc1
roadmap;dimacs;62/300;300;    390249;     22433;179570;796;2515976;355328;82;3033;0.934029;380425;0;0;sBELA*;? Unchecked;v1.6.0-140-g9a10cc1
roadmap;dimacs;63/300;300;   1361440;    776903;455922;1689;6005830;1471887;695;3033;3.9123;376221;0;0;sBELA*;? Unchecked;v1.6.0-140-g9a10cc1
roadmap;dimacs;64/300;300;   1526444;    433636;84680;449;1090355;259594;309;3033;0.637157;407426;0;0;sBELA*;? Unchecked;v1.6.0-140-g9a10cc1
roadmap;dimacs;65/300;300;    653723;   1649198;619628;1802;6702828;1071768;12;3033;2.32656;460667;0;0;sBELA*;? Unchecked;v1.6.0-140-g9a10cc1
roadmap;dimacs;66/300;300;   1848324;   1867145;207351;311;2484284;104448;2884;3033;0.527036;198180;0;0;sBELA*;? Unchecked;v1.6.0-140-g9a10cc1
roadmap;dimacs;67/300;300;    556081;   1705850;131686;546;1729499;327694;252;3033;0.748604;437740;0;0;sBELA*;? Unchecked;v1.6.0-140-g9a10cc1
roadmap;dimacs;68/300;300;   1041215;   1753708;535527;1139;7038386;387509;488;3033;1.25589;308554;0;0;sBELA*;? Unchecked;v1.6.0-140-g9a10cc1
roadmap;dimacs;69/300;300;   1673024;   1341690;235145;730;3011655;213844;420;3033;0.667521;320355;0;0;sBELA*;? Unchecked;v1.6.0-140-g9a10cc1
roadmap;dimacs;70/300;300;   1305038;   1494283;532061;1209;5867971;1269621;259;3033;2.95019;430353;0;0;sBELA*;? Unchecked;v1.6.0-140-g9a10cc1
roadmap;dimacs;71/300;300;    989350;    282657;490147;1041;5936690;695204;238;3033;1.74724;397887;0;0;sBELA*;? Unchecked;v1.6.0-140-g9a10cc1
roadmap;dimacs;72/300;300;    277177;    414997;617912;1576;6899235;1519503;255;3033;3.55545;427373;0;0;sBELA*;? Unchecked;v1.6.0-140-g9a10cc1
roadmap;dimacs;73/300;300;    189385;    632745;319084;1376;3513117;807618;13;3033;1.76615;457276;0;0;sBELA*;? Unchecked;v1.6.0-140-g9a10cc1
roadmap;dimacs;74/300;300;   1642632;    169223;180387;619;2267089;178698;2209;3033;0.762329;234411;0;0;sBELA*;? Unchecked;v1.6.0-140-g9a10cc1
roadmap;dimacs;75/300;300;   1160966;    638119;1038391;3043;11495055;1711424;59;3033;4.09497;417933;0;0;sBELA*;? Unchecked;v1.6.0-140-g9a10cc1
roadmap;dimacs;76/300;300;   1759861;   1021392;702708;1543;8552509;1696423;134;3033;4.06877;416937;0;0;sBELA*;? Unchecked;v1.6.0-140-g9a10cc1
roadmap;dimacs;77/300;300;    681135;     95876;662821;1718;7581354;1338615;416;3033;2.9479;454091;0;0;sBELA*;? Unchecked;v1.6.0-140-g9a10cc1
roadmap;dimacs;78/300;300;    614892;    385398;803037;2067;8944898;1759184;154;3033;4.27451;411553;0;0;sBELA*;? Unchecked;v1.6.0-140-g9a10cc1
roadmap;dimacs;79/300;300;   1726489;   1469303;862661;2271;9933318;1674608;122;3033;4.18708;399946;0;0;sBELA*;? Unchecked;v1.6.0-140-g9a10cc1
roadmap;dimacs;80/300;300;     52390;    909716;192130;597;2589476;314051;484;3033;0.846887;370830;0;0;sBELA*;? Unchecked;v1.6.0-140-g9a10cc1
roadmap;dimacs;81/300;300;   1438544;   1709652;210940;741;2861462;408794;237;3033;1.03109;396468;0;0;sBELA*;? Unchecked;v1.6.0-140-g9a10cc1
roadmap;dimacs;82/300;300;   1885245;   1219012;568631;967;7657213;910113;507;3033;2.24634;405153;0;0;sBELA*;? Unchecked;v1.6.0-140-g9a10cc1
roadmap;dimacs;83/300;300;    474128;    462404;632962;1666;6969774;1388514;55;3033;3.07476;451584;0;0;sBELA*;? Unchecked;v1.6.0-140-g9a10cc1
roadmap;dimacs;84/300;300;   1776146;    980278;386384;1127;5051346;902997;863;3033;2.34408;385225;0;0;sBELA*;? Unchecked;v1.6.0-140-g9a10cc1
roadmap;dimacs;85/300;300;   1391963;    468960;690267;2004;7717579;1493186;58;3033;3.35752;444729;0;0;sBELA*;? Unchecked;v1.6.0-140-g9a10cc1
roadmap;dimacs;86/300;300;   1052481;    543349;703537;2134;9460545;1433250;253;3033;3.66696;390855;0;0;sBELA*;? Unchecked;v1.6.0-140-g9a10cc1
roadmap;dimacs;87/300;300;   1821017;    791672;551935;1103;6671303;237803;325;3033;0.954169;249225;0;0;sBELA*;? Unchecked;v1.6.0-140-g9a10cc1
roadmap;dimacs;88/300;300;    135239;   1107730;177484;562;1990085;263835;197;3033;0.652391;404412;0;0;sBELA*;? Unchecked;v1.6.0-140-g9a10cc1
roadmap;dimacs;89/300;300;    105712;   1042809;626385;1605;8540485;1865103;159;3033;4.31511;432226;0;0;sBELA*;? Unchecked;v1.6.0-140-g9a10cc1
roadmap;dimacs;90/300;300;    269271;     31624;538827;1477;5830489;1224801;32;3033;2.6347;464873;0;0;sBELA*;? Unchecked;v1.6.0-140-g9a10cc1
roadmap;dimacs;91/300;300;    711516;   1110978;330196;1483;3813650;734736;127;3033;1.80694;406619;0;0;sBELA*;? Unchecked;v1.6.0-140-g9a10cc1
roadmap;dimacs;92/300;300;    129884;   1702774;256443;937;2963603;525305;416;3033;1.35087;388863;0;0;sBELA*;? Unchecked;v1.6.0-140-g9a10cc1
roadmap;dimacs;93/300;300;    677739;   1445420;90417;329;1110637;209969;3277;3033;0.833371;251951;0;0;sBELA*;? Unchecked;v1.6.0-140-g9a10cc1
roadmap;dimacs;94/300;300;    689436;    132056;224853;721;2697619;510235;332;3033;1.20766;422501;0;0;sBELA*;? Unchecked;v1.6.0-140-g9a10cc1
roadmap;dimacs;95/300;300;    172705;   1375271;480521;1070;5217323;1330491;267;3033;3.0824;431641;0;0;sBELA*;? Unchecked;v1.6.0-140-g9a10cc1
roadmap;dimacs;96/300;300;   1879024;    843565;170548;719;2025952;152870;255;3033;0.506739;301674;0;0;sBELA*;? Unchecked;v1.6.0-140-g9a10cc1
roadmap;dimacs;97/300;300;    594555;   1305211;146214;971;1536334;483999;536;3033;1.25132;386791;0;0;sBELA*;? Unchecked;v1.6.0-140-g9a10cc1
roadmap;dimacs;98/300;300;    338636;    646444;221052;1055;2535873;661333;203;3033;1.63372;404802;0;0;sBELA*;? Unchecked;v1.6.0-140-g9a10cc1
roadmap;dimacs;99/300;300;   1834673;    546450;436400;1191;5698138;389793;129;3033;1.12011;347995;0;0;sBELA*;? Unchecked;v1.6.0-140-g9a10cc1
roadmap;dimacs;0/400;400;   1158641;   1272769;836775;2204;9081421;1199315;246;3033;3.31785;361474;0;0;sBELA*;? Unchecked;v1.6.0-140-g9a10cc1
roadmap;dimacs;1/400;400;     54758;   1370062;348512;1519;4088463;739513;417;3033;2.10993;350492;0;0;sBELA*;? Unchecked;v1.6.0-140-g9a10cc1
roadmap;dimacs;2/400;400;    935047;   1190851;242246;524;3006777;132176;1172;3033;0.706812;187003;0;0;sBELA*;? Unchecked;v1.6.0-140-g9a10cc1
roadmap;dimacs;3/400;400;    548674;   1730064;185823;788;2234887;466916;751;3033;1.24001;376541;0;0;sBELA*;? Unchecked;v1.6.0-140-g9a10cc1
roadmap;dimacs;4/400;400;    713105;   1135162;105821;258;1394611;94958;2226;3033;0.354861;267592;0;0;sBELA*;? Unchecked;v1.6.0-140-g9a10cc1
roadmap;dimacs;5/400;400;   1213983;   1847687;385742;1054;5259567;1352756;1417;3033;3.41628;395974;0;0;sBELA*;? Unchecked;v1.6.0-140-g9a10cc1
roadmap;dimacs;6/400;400;   1416819;   1454455;129232;584;1388151;448883;384;3033;1.08693;412981;0;0;sBELA*;? Unchecked;v1.6.0-140-g9a10cc1
roadmap;dimacs;7/400;400;   1202525;   1287863;187757;926;2205817;439701;156;3033;1.16318;378016;0;0;sBELA*;? Unchecked;v1.6.0-140-g9a10cc1
roadmap;dimacs;8/400;400;    416104;   1824062;341905;1264;4704814;882064;845;3033;2.37778;370961;0;0;sBELA*;? Unchecked;v1.6.0-140-g9a10cc1
roadmap;dimacs;9/400;400;    350612;   1840987;740325;1633;9115888;1794226;193;3033;4.22936;424231;0;0;sBELA*;? Unchecked;v1.6.0-140-g9a10cc1
roadmap;dimacs;10/400;400;    581610;   1031954;665220;1740;7767753;1387203;159;3033;3.24568;427400;0;0;sBELA*;? Unchecked;v1.6.0-140-g9a10cc1
roadmap;dimacs;11/400;400;    329503;   1179401;311471;687;3446545;831167;184;3033;1.93959;428526;0;0;sBELA*;? Unchecked;v1.6.0-140-g9a10cc1
roadmap;dimacs;12/400;400;    480267;    159302;662588;1498;7974227;1140032;490;3033;2.92884;389244;0;0;sBELA*;? Unchecked;v1.6.0-140-g9a10cc1
roadmap;dimacs;13/400;400;   1890527;   1576171;736387;1617;8709361;1287151;549;3033;3.59502;358037;0;0;sBELA*;? Unchecked;v1.6.0-140-g9a10cc1
roadmap;dimacs;14/400;400;   1743677;    933040;323236;966;5426241;1340227;326;3033;3.09979;432360;0;0;sBELA*;? Unchecked;v1.6.0-140-g9a10cc1
roadmap;dimacs;15/400;400;   1460731;   1705524;743782;2206;8152781;1592956;30;3033;3.49461;455832;0;0;sBELA*;? Unchecked;v1.6.0-140-g9a10cc1
roadmap;dimacs;16/400;400;    801770;    765171;462423;1630;5189069;617765;332;3033;1.89612;325804;0;0;sBELA*;? Unchecked;v1.6.0-140-g9a10cc1
roadmap;dimacs;17/400;400;   1076837;   1604094;79473;408;1055268;213149;632;3033;0.627506;339677;0;0;sBELA*;? Unchecked;v1.6.0-140-g9a10cc1
roadmap;dimacs;18/400;400;   1431544;    194846;459353;1547;5259247;969033;365;3033;2.61406;370701;0;0;sBELA*;? Unchecked;v1.6.0-140-g9a10cc1
roadmap;dimacs;19/400;400;   1536202;    632533;212958;694;2579129;614599;2318;3033;1.73927;353366;0;0;sBELA*;? Unchecked;v1.6.0-140-g9a10cc1
roadmap;dimacs;20/400;400;    356711;    288578;443907;1573;4883698;1076484;123;3033;2.59472;414876;0;0;sBELA*;? Unchecked;v1.6.0-140-g9a10cc1
roadmap;dimacs;21/400;400;   1416275;   1578430;108621;454;1176986;371433;5413;3033;1.64234;226160;0;0;sBELA*;? Unchecked;v1.6.0-140-g9a10cc1
roadmap;dimacs;22/400;400;   1267172;   1104888;580507;1385;6179795;1303460;146;3033;2.92639;445415;0;0;sBELA*;? Unchecked;v1.6.0-140-g9a10cc1
roadmap;dimacs;23/400;400;   1466216;   1076837;599781;1628;6568854;1245210;77;3033;2.82624;440590;0;0;sBELA*;? Unchecked;v1.6.0-140-g9a10cc1
roadmap;dimacs;24/400;400;   1228417;     41268;151577;922;1805032;261259;409;3033;0.862162;303028;0;0;sBELA*;? Unchecked;v1.6.0-140-g9a10cc1
roadmap;dimacs;25/400;400;    321340;    192757;126579;387;1500679;375111;320;3033;0.885965;423392;0;0;sBELA*;? Unchecked;v1.6.0-140-g9a10cc1
roadmap;dimacs;26/400;400;    965921;   1375640;462180;1282;6122624;1485552;769;3033;3.76925;394124;0;0;sBELA*;? Unchecked;v1.6.0-140-g9a10cc1
roadmap;dimacs;27/400;400;   1657428;    779364;407496;1484;5065354;905065;387;3033;2.41294;375088;0;0;sBELA*;? Unchecked;v1.6.0-140-g9a10cc1
roadmap;dimacs;28/400;400;    454410;    618767;73790;397;955507;329100;168;3033;0.738873;445408;0;0;sBELA*;? Unchecked;v1.6.0-140-g9a10cc1
roadmap;dimacs;29/400;400;   1453433;   1181632;234980;576;3003928;684986;640;3033;1.56456;437812;0;0;sBELA*;? Unchecked;v1.6.0-140-g9a10cc1
roadmap;dimacs;30/400;400;    261444;   1761841;63227;451;789889;220751;323;3033;0.589724;374329;0;0;sBELA*;? Unchecked;v1.6.0-140-g9a10cc1
roadmap;dimacs;31/400;400;   1710330;   1308565;571484;1238;6157110;1000481;97;3033;2.33028;429339;0;0;sBELA*;? Unchecked;v1.6.0-140-g9a10cc1
roadmap;dimacs;32/400;400;   1622269;    239225;324818;1505;3830835;654434;279;3033;1.62786;402021;0;0;sBELA*;? Unchecked;v1.6.0-140-g9a10cc1
roadmap;dimacs;33/400;400;    858782;    835734;273081;942;2932291;457865;429;3033;1.29117;354613;0;0;sBELA*;? Unchecked;v1.6.0-140-g9a10cc1
roadmap;dimacs;34/400;400;   1164733;   1686951;224372;634;3418530;143042;442;3033;0.506312;282517;0;0;sBELA*;? Unchecked;v1.6.0-140-g9a10cc1
roadmap;dimacs;35/400;400;   1008319;    677177;694520;1771;8091612;1745915;534;3033;4.37004;399519;0;0;sBELA*;? Unchecked;v1.6.0-140-g9a10cc1
roadmap;dimacs;36/400;400;   1646034;   1063654;838593;1903;9241748;1858919;30;3033;4.15624;447260;0;0;sBELA*;? Unchecked;v1.6.0-140-g9a10cc1
roadmap;dimacs;37/400;400;    682994;   1688601;1067651;3401;12098038;1867470;25;3033;4.30536;433754;0;0;sBELA*;? Unchecked;v1.6.0-140-g9a10cc1
roadmap;dimacs;38/400;400;    257300;    548822;568383;1145;6020880;1309952;143;3033;2.93128;446888;0;0;sBELA*;? Unchecked;v1.6.0-140-g9a10cc1
roadmap;dimacs;39/400;400;   1208113;    169244;86039;265;995091;56366;562;3033;0.232178;242770;0;0;sBELA*;? Unchecked;v1.6.0-140-g9a10cc1
roadmap;dimacs;40/400;400;   1226440;   1391278;762181;2165;8142713;1479224;68;3033;3.46411;427014;0;0;sBELA*;? Unchecked;v1.6.0-140-g9a10cc1
roadmap;dimacs;41/400;400;    122277;   1128394;211069;719;2944750;500682;591;3033;1.34928;371073;0;0;sBELA*;? Unchecked;v1.6.0-140-g9a10cc1
roadmap;dimacs;42/400;400;     66946;   1214669;559170;1053;5960092;971980;235;3033;2.38778;407064;0;0;sBELA*;? Unchecked;v1.6.0-140-g9a10cc1
roadmap;dimacs;43/400;400;    299055;   1685578;867092;2347;9966145;1809904;16;3033;4.04459;447488;0;0;sBELA*;? Unchecked;v1.6.0-140-g9a10cc1
roadmap;dimacs;44/400;400;   1617239;   1448010;431664;1342;4746128;1054303;366;3033;2.64773;398192;0;0;sBELA*;? Unchecked;v1.6.0-140-g9a10cc1
roadmap;dimacs;45/400;400;     88434;    220092;162378;812;1922335;395418;241;3033;1.01205;390709;0;0;sBELA*;? Unchecked;v1.6.0-140-g9a10cc1
roadmap;dimacs;46/400;400;    765554;   1136443;219632;718;2443534;448556;129;3033;1.05621;424686;0;0;sBELA*;? Unchecked;v1.6.0-140-g9a10cc1
roadmap;dimacs;47/400;400;   1662423;    665304;617218;2027;6865221;1498685;31;3033;3.34748;447706;0;0;sBELA*;? Unchecked;v1.6.0-140-g9a10cc1
roadmap;dimacs;48/400;400;    522581;    744644;559543;1295;6138074;1076415;79;3033;2.39509;449425;0;0;sBELA*;? Unchecked;v1.6.0-140-g9a10cc1
roadmap;dimacs;49/400;400;    880871;    913237;417900;1191;4898745;981460;681;3033;2.55907;383522;0;0;sBELA*;? Unchecked;v1.6.0-140-g9a10cc1
roadmap;dimacs;50/400;400;    184031;   1879161;467172;1179;5260811;1210966;128;3033;2.80487;431737;0;0;sBELA*;? Unchecked;v1.6.0-140-g9a10cc1
roadmap;dimacs;51/400;400;    638122;   1463354;114492;432;1318042;179678;1388;3033;0.627633;286279;0;0;sBELA*;? Unchecked;v1.6.0-140-g9a10cc1
roadmap;dimacs;52/400;400;   1314005;    356552;391568;1168;4462618;947651;191;3033;2.35063;403148;0;0;sBELA*;? Unchecked;v1.6.0-140-g9a10cc1
roadmap;dimacs;53/400;400;     21748;   1031477;909846;2541;10681278;1535007;103;3033;3.95168;388444;0;0;sBELA*;? Unchecked;v1.6.0-140-g9a10cc1
roadmap;dimacs;54/400;400;    149376;    488085;110158;260;1226754;26367;946;3033;0.161588;163174;0;0;sBELA*;? Unchecked;v1.6.0-140-g9a10cc1
roadmap;dimacs;55/400;400;   1471925;   1271058;63505;443;722898;229838;218;3033;0.526808;436284;0;0;sBELA*;? Unchecked;v1.6.0-140-g9a10cc1
roadmap;dimacs;56/400;400;    531829;    538074;663794;1947;7230309;1319702;134;3033;3.2545;405501;0;0;sBELA*;? Unchecked;v1.6.0-140-g9a10cc1
roadmap;dimacs;57/400;400;     65785;   1728556;255073;1019;3029717;623705;1086;3033;1.81809;343055;0;0;sBELA*;? Unchecked;v1.6.0-140-g9a10cc1
roadmap;dimacs;58/400;400;   1182648;    947461;461621;1106;5480087;1336770;105;3033;2.96974;450131;0;0;sBELA*;? Unchecked;v1.6.0-140-g9a10cc1
roadmap;dimacs;59/400;400;    834369;   1832866;502291;1359;6184446;1425462;298;3033;3.33576;427328;0;0;sBELA*;? Unchecked;v1.6.0-140-g9a10cc1
roadmap;dimacs;60/400;400;   1579344;    795855;1121257;3400;13143905;1884522;54;3033;4.61941;407957;0;0;sBELA*;? Unchecked;v1.6.0-140-g9a10cc1
roadmap;dimacs;61/400;400;    830015;   1296962;605605;1350;6488791;1055207;76;3033;2.49605;422751;0;0;sBELA*;? Unchecked;v1.6.0-140-g9a10cc1
roadmap;dimacs;62/400;400;    390249;     22433;179570;801;2516007;355339;120;3033;0.982771;361569;0;0;sBELA*;? Unchecked;v1.6.0-140-g9a10cc1
roadmap;dimacs;63/400;400;   1361440;    776903;455922;1687;6005853;1471893;908;3033;4.07791;360943;0;0;sBELA*;? Unchecked;v1.6.0-140-g9a10cc1
roadmap;dimacs;64/400;400;   1526444;    433636;84680;452;1090399;259627;407;3033;0.665696;390009;0;0;sBELA*;? Unchecked;v1.6.0-140-g9a10cc1
roadmap;dimacs;65/400;400;    653723;   1649198;619628;1798;6702829;1071768;14;3033;2.34632;456786;0;0;sBELA*;? Unchecked;v1.6.0-140-g9a10cc1
roadmap;dimacs;66/400;400;   1848324;   1867145;207351;305;2484540;104479;3706;3033;0.619524;168644;0;0;sBELA*;? Unchecked;v1.6.0-140-g9a10cc1
roadmap;dimacs;67/400;400;    556081;   1705850;131686;546;1729534;327707;337;3033;0.792256;413638;0;0;sBELA*;? Unchecked;v1.6.0-140-g9a10cc1
roadmap;dimacs;68/400;400;   1041215;   1753708;535527;1130;7038414;387515;662;3033;1.3695;282961;0;0;sBELA*;? Unchecked;v1.6.0-140-g9a10cc1
roadmap;dimacs;69/400;400;   1673024;   1341690;235145;733;3011687;213846;615;3033;0.738014;289759;0;0;sBELA*;? Unchecked;v1.6.0-140-g9a10cc1
roadmap;dimacs;70/400;400;   1305038;   1494283;532061;1213;5867979;1269623;325;3033;3.03788;417931;0;0;sBELA*;? Unchecked;v1.6.0-140-g9a10cc1
roadmap;dimacs;71/400;400;    989350;    282657;490147;1040;5936702;695215;297;3033;1.80933;384238;0;0;sBELA*;? Unchecked;v1.6.0-140-g9a10cc1
roadmap;dimacs;72/400;400;    277177;    414997;617912;1576;6899248;1519505;321;3033;3.68146;412745;0;0;sBELA*;? Unchecked;v1.6.0-140-g9a10cc1
roadmap;dimacs;73/400;400;    189385;    632745;319084;1378;3513118;807618;16;3033;1.82297;443023;0;0;sBELA*;? Unchecked;v1.6.0-140-g9a10cc1
roadmap;dimacs;74/400;400;   1642632;    169223;180387;622;2267147;178707;2808;3033;0.876365;203919;0;0;sBELA*;? Unchecked;v1.6.0-140-g9a10cc1
roadmap;dimacs;75/400;400;   1160966;    638119;1038391;3043;11495061;1711428;90;3033;4.19202;408259;0;0;sBELA*;? Unchecked;v1.6.0-140-g9a10cc1
roadmap;dimacs;76/400;400;   1759861;   1021392;702708;1534;8552515;1696424;172;3033;4.146;409171;0;0;sBELA*;? Unchecked;v1.6.0-140-g9a10cc1
roadmap;dimacs;77/400;400;    681135;     95876;662821;1717;7581369;1338618;537;3033;3.0192;443368;0;0;sBELA*;? Unchecked;v1.6.0-140-g9a10cc1
roadmap;dimacs;78/400;400;    614892;    385398;803037;2065;8944909;1759184;198;3033;4.43044;397067;0;0;sBELA*;? Unchecked;v1.6.0-140-g9a10cc1
roadmap;dimacs;79/400;400;   1726489;   1469303;862661;2271;9933327;1674610;151;3033;4.34226;385654;0;0;sBELA*;? Unchecked;v1.6.0-140-g9a10cc1
roadmap;dimacs;80/400;400;     52390;    909716;192130;598;2589517;314063;640;3033;0.902924;347829;0;0;sBELA*;? Unchecked;v1.6.0-140-g9a10cc1
roadmap;dimacs;81/400;400;   1438544;   1709652;210940;739;2861470;408796;306;3033;1.06807;382744;0;0;sBELA*;? Unchecked;v1.6.0-140-g9a10cc1
roadmap;dimacs;82/400;400;   1885245;   1219012;568631;967;7657279;910144;814;3033;2.36734;384458;0;0;sBELA*;? Unchecked;v1.6.0-140-g9a10cc1
roadmap;dimacs;83/400;400;    474128;    462404;632962;1668;6969782;1388518;74;3033;3.13922;442313;0;0;sBELA*;? Unchecked;v1.6.0-140-g9a10cc1
roadmap;dimacs;84/400;400;   1776146;    980278;386384;1132;5051367;902998;1034;3033;2.44883;368747;0;0;sBELA*;? Unchecked;v1.6.0-140-g9a10cc1
roadmap;dimacs;85/400;400;   1391963;    468960;690267;2007;7717586;1493188;79;3033;3.44196;433819;0;0;sBELA*;? Unchecked;v1.6.0-140-g9a10cc1
roadmap;dimacs;86/400;400;   1052481;    543349;703537;2131;9460553;1433251;313;3033;3.82573;374635;0;0;sBELA*;? Unchecked;v1.6.0-140-g9a10cc1
roadmap;dimacs;87/400;400;   1821017;    791672;551935;1106;6671320;237803;419;3033;1.04923;226646;0;0;sBELA*;? Unchecked;v1.6.0-140-g9a10cc1
roadmap;dimacs;88/400;400;    135239;   1107730;177484;562;1990091;263838;250;3033;0.695074;379583;0;0;sBELA*;? Unchecked;v1.6.0-140-g9a10cc1
roadmap;dimacs;89/400;400;    105712;   1042809;626385;1616;8540498;1865103;207;3033;4.38823;425024;0;0;sBELA*;? Unchecked;v1.6.0-140-g9a10cc1
roadmap;dimacs;90/400;400;    269271;     31624;538827;1479;5830490;1224801;40;3033;2.67118;458524;0;0;sBELA*;? Unchecked;v1.6.0-140-g9a10cc1
roadmap;dimacs;91/400;400;    711516;   1110978;330196;1487;3813657;734742;156;3033;1.89034;388683;0;0;sBELA*;? Unchecked;v1.6.0-140-g9a10cc1
roadmap;dimacs;92/400;400;    129884;   1702774;256443;945;2963624;525315;548;3033;1.44492;363559;0;0;sBELA*;? Unchecked;v1.6.0-140-g9a10cc1
roadmap;dimacs;93/400;400;    677739;   1445420;90417;333;1110811;210043;4598;3033;1.01754;206423;0;0;sBELA*;? Unchecked;v1.6.0-140-g9a10cc1
roadmap;dimacs;94/400;400;    689436;    132056;224853;727;2697638;510239;432;3033;1.26093;404654;0;0;sBELA*;? Unchecked;v1.6.0-140-g9a10cc1
roadmap;dimacs;95/400;400;    172705;   1375271;480521;1072;5217345;1330495;354;3033;3.16605;420239;0;0;sBELA*;? Unchecked;v1.6.0-140-g9a10cc1
roadmap;dimacs;96/400;400;   1879024;    843565;170548;719;2025971;152873;347;3033;0.56453;270797;0;0;sBELA*;? Unchecked;v1.6.0-140-g9a10cc1
roadmap;dimacs;97/400;400;    594555;   1305211;146214;974;1536354;484002;669;3033;1.33103;363629;0;0;sBELA*;? Unchecked;v1.6.0-140-g9a10cc1
roadmap;dimacs;98/400;400;    338636;    646444;221052;1052;2535885;661334;255;3033;1.69845;389376;0;0;sBELA*;? Unchecked;v1.6.0-140-g9a10cc1
roadmap;dimacs;99/400;400;   1834673;    546450;436400;1195;5698148;389796;164;3033;1.17927;330541;0;0;sBELA*;? Unchecked;v1.6.0-140-g9a10cc1
roadmap;dimacs;0/500;500;   1158641;   1272769;836775;2206;9081424;1199315;284;3033;3.43033;349621;0;0;sBELA*;? Unchecked;v1.6.0-140-g9a10cc1
roadmap;dimacs;1/500;500;     54758;   1370062;348512;1528;4088469;739515;477;3033;2.22735;332016;0;0;sBELA*;? Unchecked;v1.6.0-140-g9a10cc1
roadmap;dimacs;2/500;500;    935047;   1190851;242246;524;3006833;132180;1449;3033;0.746734;177011;0;0;sBELA*;? Unchecked;v1.6.0-140-g9a10cc1
roadmap;dimacs;3/500;500;    548674;   1730064;185823;787;2234918;466931;1016;3033;1.31678;354601;0;0;sBELA*;? Unchecked;v1.6.0-140-g9a10cc1
roadmap;dimacs;4/500;500;    713105;   1135162;105821;258;1394699;94973;2741;3033;0.3958;239952;0;0;sBELA*;? Unchecked;v1.6.0-140-g9a10cc1
roadmap;dimacs;5/500;500;   1213983;   1847687;385742;1056;5259603;1352763;1807;3033;3.55842;380159;0;0;sBELA*;? Unchecked;v1.6.0-140-g9a10cc1
roadmap;dimacs;6/500;500;   1416819;   1454455;129232;587;1388176;448890;475;3033;1.13197;396557;0;0;sBELA*;? Unchecked;v1.6.0-140-g9a10cc1
roadmap;dimacs;7/500;500;   1202525;   1287863;187757;928;2205826;439703;195;3033;1.21658;361425;0;0;sBELA*;? Unchecked;v1.6.0-140-g9a10cc1
roadmap;dimacs;8/500;500;    416104;   1824062;341905;1268;4704832;882069;1042;3033;2.50745;351779;0;0;sBELA*;? Unchecked;v1.6.0-140-g9a10cc1
roadmap;dimacs;9/500;500;    350612;   1840987;740325;1634;9115903;1794226;237;3033;4.29639;417612;0;0;sBELA*;? Unchecked;v1.6.0-140-g9a10cc1
roadmap;dimacs;10/500;500;    581610;   1031954;665220;1736;7767765;1387207;195;3033;3.29807;420612;0;0;sBELA*;? Unchecked;v1.6.0-140-g9a10cc1
roadmap;dimacs;11/500;500;    329503;   1179401;311471;685;3446556;831170;224;3033;1.98575;418568;0;0;sBELA*;? Unchecked;v1.6.0-140-g9a10cc1
roadmap;dimacs;12/500;500;    480267;    159302;662588;1503;7974242;1140035;604;3033;3.09839;367944;0;0;sBELA*;? Unchecked;v1.6.0-140-g9a10cc1
roadmap;dimacs;13/500;500;   1890527;   1576171;736387;1618;8709381;1287159;679;3033;3.71788;346208;0;0;sBELA*;? Unchecked;v1.6.0-140-g9a10cc1
roadmap;dimacs;14/500;500;   1743677;    933040;323236;966;5426246;1340228;394;3033;3.16804;423047;0;0;sBELA*;? Unchecked;v1.6.0-140-g9a10cc1
roadmap;dimacs;15/500;500;   1460731;   1705524;743782;2199;8152783;1592956;37;3033;3.52266;452203;0;0;sBELA*;? Unchecked;v1.6.0-140-g9a10cc1
roadmap;dimacs;16/500;500;    801770;    765171;462423;1630;5189082;617765;403;3033;2.03253;303939;0;0;sBELA*;? Unchecked;v1.6.0-140-g9a10cc1
roadmap;dimacs;17/500;500;   1076837;   1604094;79473;402;1055295;213153;779;3033;0.68241;312353;0;0;sBELA*;? Unchecked;v1.6.0-140-g9a10cc1
roadmap;dimacs;18/500;500;   1431544;    194846;459353;1539;5259255;969033;425;3033;2.77524;349170;0;0;sBELA*;? Unchecked;v1.6.0-140-g9a10cc1
roadmap;dimacs;19/500;500;   1536202;    632533;212958;697;2579191;614620;2868;3033;1.8745;327884;0;0;sBELA*;? Unchecked;v1.6.0-140-g9a10cc1
roadmap;dimacs;20/500;500;    356711;    288578;443907;1574;4883703;1076485;146;3033;2.61958;410938;0;0;sBELA*;? Unchecked;v1.6.0-140-g9a10cc1
roadmap;dimacs;21/500;500;   1416275;   1578430;108621;456;1177045;371449;6601;3033;1.88667;196881;0;0;sBELA*;? Unchecked;v1.6.0-140-g9a10cc1
roadmap;dimacs;22/500;500;   1267172;   1104888;580507;1361;6179807;1303462;184;3033;2.95757;440721;0;0;sBELA*;? Unchecked;v1.6.0-140-g9a10cc1
roadmap;dimacs;23/500;500;   1466216;   1076837;599781;1624;6568857;1245210;94;3033;2.85697;435849;0;0;sBELA*;? Unchecked;v1.6.0-140-g9a10cc1
roadmap;dimacs;24/500;500;   1228417;     41268;151577;921;1805045;261266;496;3033;0.981249;266259;0;0;sBELA*;? Unchecked;v1.6.0-140-g9a10cc1
roadmap;dimacs;25/500;500;    321340;    192757;126579;388;1500695;375117;385;3033;0.913579;410602;0;0;sBELA*;? Unchecked;v1.6.0-140-g9a10cc1
roadmap;dimacs;26/500;500;    965921;   1375640;462180;1293;6122638;1485556;936;3033;3.82803;388074;0;0;sBELA*;? Unchecked;v1.6.0-140-g9a10cc1
roadmap;dimacs;27/500;500;   1657428;    779364;407496;1484;5065368;905066;450;3033;2.52327;358687;0;0;sBELA*;? Unchecked;v1.6.0-140-g9a10cc1
roadmap;dimacs;28/500;500;    454410;    618767;73790;396;955524;329103;206;3033;0.787546;417884;0;0;sBELA*;? Unchecked;v1.6.0-140-g9a10cc1
roadmap;dimacs;29/500;500;   1453433;   1181632;234980;574;3003971;684987;789;3033;1.60366;427139;0;0;sBELA*;? Unchecked;v1.6.0-140-g9a10cc1
roadmap;dimacs;30/500;500;    261444;   1761841;63227;444;789902;220752;389;3033;0.627319;351897;0;0;sBELA*;? Unchecked;v1.6.0-140-g9a10cc1
roadmap;dimacs;31/500;500;   1710330;   1308565;571484;1240;6157115;1000483;115;3033;2.38771;419013;0;0;sBELA*;? Unchecked;v1.6.0-140-g9a10cc1
roadmap;dimacs;32/500;500;   1622269;    239225;324818;1512;3830841;654434;326;3033;1.69376;386380;0;0;sBELA*;? Unchecked;v1.6.0-140-g9a10cc1
roadmap;dimacs;33/500;500;    858782;    835734;273081;941;2932303;457867;509;3033;1.38661;330206;0;0;sBELA*;? Unchecked;v1.6.0-140-g9a10cc1
roadmap;dimacs;34/500;500;   1164733;   1686951;224372;628;3418569;143043;607;3033;0.556765;256918;0;0;sBELA*;? Unchecked;v1.6.0-140-g9a10cc1
roadmap;dimacs;35/500;500;   1008319;    677177;694520;1773;8091628;1745916;646;3033;4.4848;389297;0;0;sBELA*;? Unchecked;v1.6.0-140-g9a10cc1
roadmap;dimacs;36/500;500;   1646034;   1063654;838593;1907;9241749;1858919;37;3033;4.20964;441586;0;0;sBELA*;? Unchecked;v1.6.0-140-g9a10cc1
roadmap;dimacs;37/500;500;    682994;   1688601;1067651;3402;12098039;1867470;29;3033;4.40274;424161;0;0;sBELA*;? Unchecked;v1.6.0-140-g9a10cc1
roadmap;dimacs;38/500;500;    257300;    548822;568383;1141;6020887;1309955;171;3033;3.01022;435170;0;0;sBELA*;? Unchecked;v1.6.0-140-g9a10cc1
roadmap;dimacs;39/500;500;   1208113;    169244;86039;265;995119;56370;698;3033;0.258191;218327;0;0;sBELA*;? Unchecked;v1.6.0-140-g9a10cc1
roadmap;dimacs;40/500;500;   1226440;   1391278;762181;2166;8142716;1479225;87;3033;3.53043;418992;0;0;sBELA*;? Unchecked;v1.6.0-140-g9a10cc1
roadmap;dimacs;41/500;500;    122277;   1128394;211069;720;2944770;500691;723;3033;1.45392;344373;0;0;sBELA*;? Unchecked;v1.6.0-140-g9a10cc1
roadmap;dimacs;42/500;500;     66946;   1214669;559170;1054;5960104;971983;292;3033;2.49037;390297;0;0;sBELA*;? Unchecked;v1.6.0-140-g9a10cc1
roadmap;dimacs;43/500;500;    299055;   1685578;867092;2348;9966147;1809904;19;3033;4.05249;446615;0;0;sBELA*;? Unchecked;v1.6.0-140-g9a10cc1
roadmap;dimacs;44/500;500;   1617239;   1448010;431664;1333;4746136;1054305;446;3033;2.74526;384046;0;0;sBELA*;? Unchecked;v1.6.0-140-g9a10cc1
roadmap;dimacs;45/500;500;     88434;    220092;162378;817;1922346;395419;296;3033;1.05499;374809;0;0;sBELA*;? Unchecked;v1.6.0-140-g9a10cc1
roadmap;dimacs;46/500;500;    765554;   1136443;219632;717;2443541;448558;141;3033;1.08318;414112;0;0;sBELA*;? Unchecked;v1.6.0-140-g9a10cc1
roadmap;dimacs;47/500;500;   1662423;    665304;617218;2027;6865221;1498685;34;3033;3.39118;441936;0;0;sBELA*;? Unchecked;v1.6.0-140-g9a10cc1
roadmap;dimacs;48/500;500;    522581;    744644;559543;1296;6138079;1076416;98;3033;2.41753;445254;0;0;sBELA*;? Unchecked;v1.6.0-140-g9a10cc1
roadmap;dimacs;49/500;500;    880871;    913237;417900;1191;4898769;981465;882;3033;2.65546;369603;0;0;sBELA*;? Unchecked;v1.6.0-140-g9a10cc1
roadmap;dimacs;50/500;500;    184031;   1879161;467172;1180;5260825;1210972;157;3033;2.86588;422548;0;0;sBELA*;? Unchecked;v1.6.0-140-g9a10cc1
roadmap;dimacs;51/500;500;    638122;   1463354;114492;446;1318111;179707;1723;3033;0.682457;263324;0;0;sBELA*;? Unchecked;v1.6.0-140-g9a10cc1
roadmap;dimacs;52/500;500;   1314005;    356552;391568;1167;4462626;947651;230;3033;2.3943;395795;0;0;sBELA*;? Unchecked;v1.6.0-140-g9a10cc1
roadmap;dimacs;53/500;500;     21748;   1031477;909846;2540;10681282;1535008;123;3033;4.04082;379875;0;0;sBELA*;? Unchecked;v1.6.0-140-g9a10cc1
roadmap;dimacs;54/500;500;    149376;    488085;110158;254;1226798;26369;1129;3033;0.180455;146125;0;0;sBELA*;? Unchecked;v1.6.0-140-g9a10cc1
roadmap;dimacs;55/500;500;   1471925;   1271058;63505;441;722910;229847;272;3033;0.544726;421950;0;0;sBELA*;? Unchecked;v1.6.0-140-g9a10cc1
roadmap;dimacs;56/500;500;    531829;    538074;663794;1940;7230313;1319703;155;3033;3.3382;395333;0;0;sBELA*;? Unchecked;v1.6.0-140-g9a10cc1
roadmap;dimacs;57/500;500;     65785;   1728556;255073;1019;3029742;623706;1363;3033;1.94843;320107;0;0;sBELA*;? Unchecked;v1.6.0-140-g9a10cc1
roadmap;dimacs;58/500;500;   1182648;    947461;461621;1106;5480099;1336773;134;3033;3.03981;439756;0;0;sBELA*;? Unchecked;v1.6.0-140-g9a10cc1
roadmap;dimacs;59/500;500;    834369;   1832866;502291;1358;6184456;1425467;359;3033;3.39858;419430;0;0;sBELA*;? Unchecked;v1.6.0-140-g9a10cc1
roadmap;dimacs;60/500;500;   1579344;    795855;1121257;3402;13143908;1884522;66;3033;4.79996;392612;0;0;sBELA*;? Unchecked;v1.6.0-140-g9a10cc1
roadmap;dimacs;61/500;500;    830015;   1296962;605605;1352;6488794;1055207;93;3033;2.50731;420853;0;0;sBELA*;? Unchecked;v1.6.0-140-g9a10cc1
roadmap;dimacs;62/500;500;    390249;     22433;179570;802;2516013;355339;141;3033;1.02923;345246;0;0;sBELA*;? Unchecked;v1.6.0-140-g9a10cc1
roadmap;dimacs;63/500;500;   1361440;    776903;455922;1692;6005868;1471904;1102;3033;4.28507;343496;0;0;sBELA*;? Unchecked;v1.6.0-140-g9a10cc1
roadmap;dimacs;64/500;500;   1526444;    433636;84680;452;1090440;259666;520;3033;0.7033;369211;0;0;sBELA*;? Unchecked;v1.6.0-140-g9a10cc1
roadmap;dimacs;65/500;500;    653723;   1649198;619628;1799;6702830;1071768;20;3033;2.34728;456601;0;0;sBELA*;? Unchecked;v1.6.0-140-g9a10cc1
roadmap;dimacs;66/500;500;   1848324;   1867145;207351;312;2484772;104512;4674;3033;0.704285;148395;0;0;sBELA*;? Unchecked;v1.6.0-140-g9a10cc1
roadmap;dimacs;67/500;500;    556081;   1705850;131686;545;1729554;327715;399;3033;0.870099;376641;0;0;sBELA*;? Unchecked;v1.6.0-140-g9a10cc1
roadmap;dimacs;68/500;500;   1041215;   1753708;535527;1138;7038434;387522;817;3033;1.47746;262290;0;0;sBELA*;? Unchecked;v1.6.0-140-g9a10cc1
roadmap;dimacs;69/500;500;   1673024;   1341690;235145;733;3011713;213850;825;3033;0.820196;260730;0;0;sBELA*;? Unchecked;v1.6.0-140-g9a10cc1
roadmap;dimacs;70/500;500;   1305038;   1494283;532061;1209;5867986;1269629;386;3033;3.10934;408328;0;0;sBELA*;? Unchecked;v1.6.0-140-g9a10cc1
roadmap;dimacs;71/500;500;    989350;    282657;490147;1041;5936718;695226;369;3033;1.85987;373803;0;0;sBELA*;? Unchecked;v1.6.0-140-g9a10cc1
roadmap;dimacs;72/500;500;    277177;    414997;617912;1574;6899256;1519506;383;3033;3.80385;399465;0;0;sBELA*;? Unchecked;v1.6.0-140-g9a10cc1
roadmap;dimacs;73/500;500;    189385;    632745;319084;1377;3513120;807619;20;3033;1.80176;448239;0;0;sBELA*;? Unchecked;v1.6.0-140-g9a10cc1
roadmap;dimacs;74/500;500;   1642632;    169223;180387;621;2267186;178711;3317;3033;0.965441;185108;0;0;sBELA*;? Unchecked;v1.6.0-140-g9a10cc1
roadmap;dimacs;75/500;500;   1160966;    638119;1038391;3039;11495066;1711433;115;3033;4.31746;396399;0;0;sBELA*;? Unchecked;v1.6.0-140-g9a10cc1
roadmap;dimacs;76/500;500;   1759861;   1021392;702708;1543;8552518;1696424;200;3033;4.2266;401368;0;0;sBELA*;? Unchecked;v1.6.0-140-g9a10cc1
roadmap;dimacs;77/500;500;    681135;     95876;662821;1714;7581380;1338625;656;3033;3.09875;431988;0;0;sBELA*;? Unchecked;v1.6.0-140-g9a10cc1
roadmap;dimacs;78/500;500;    614892;    385398;803037;2064;8944923;1759184;250;3033;4.50117;390828;0;0;sBELA*;? Unchecked;v1.6.0-140-g9a10cc1
roadmap;dimacs;79/500;500;   1726489;   1469303;862661;2269;9933336;1674610;183;3033;4.48546;373342;0;0;sBELA*;? Unchecked;v1.6.0-140-g9a10cc1
roadmap;dimacs;80/500;500;     52390;    909716;192130;598;2589550;314069;799;3033;0.958574;327642;0;0;sBELA*;? Unchecked;v1.6.0-140-g9a10cc1
roadmap;dimacs;81/500;500;   1438544;   1709652;210940;739;2861474;408797;366;3033;1.11929;365230;0;0;sBELA*;? Unchecked;v1.6.0-140-g9a10cc1
roadmap;dimacs;82/500;500;   1885245;   1219012;568631;969;7657321;910158;1075;3033;2.51459;361951;0;0;sBELA*;? Unchecked;v1.6.0-140-g9a10cc1
roadmap;dimacs;83/500;500;    474128;    462404;632962;1665;6969788;1388519;97;3033;3.20893;432705;0;0;sBELA*;? Unchecked;v1.6.0-140-g9a10cc1
roadmap;dimacs;84/500;500;   1776146;    980278;386384;1125;5051382;902999;1192;3033;2.56801;351634;0;0;sBELA*;? Unchecked;v1.6.0-140-g9a10cc1
roadmap;dimacs;85/500;500;   1391963;    468960;690267;2004;7717596;1493192;101;3033;3.53093;422889;0;0;sBELA*;? Unchecked;v1.6.0-140-g9a10cc1
roadmap;dimacs;86/500;500;   1052481;    543349;703537;2134;9460558;1433254;373;3033;3.94507;363303;0;0;sBELA*;? Unchecked;v1.6.0-140-g9a10cc1
roadmap;dimacs;87/500;500;   1821017;    791672;551935;1106;6671335;237805;518;3033;1.14848;207061;0;0;sBELA*;? Unchecked;v1.6.0-140-g9a10cc1
roadmap;dimacs;88/500;500;    135239;   1107730;177484;563;1990096;263841;291;3033;0.746368;353500;0;0;sBELA*;? Unchecked;v1.6.0-140-g9a10cc1
roadmap;dimacs;89/500;500;    105712;   1042809;626385;1616;8540507;1865104;248;3033;4.43227;420801;0;0;sBELA*;? Unchecked;v1.6.0-140-g9a10cc1
roadmap;dimacs;90/500;500;    269271;     31624;538827;1479;5830492;1224802;48;3033;2.70612;452605;0;0;sBELA*;? Unchecked;v1.6.0-140-g9a10cc1
roadmap;dimacs;91/500;500;    711516;   1110978;330196;1486;3813663;734746;185;3033;1.99213;368824;0;0;sBELA*;? Unchecked;v1.6.0-140-g9a10cc1
roadmap;dimacs;92/500;500;    129884;   1702774;256443;948;2963640;525323;671;3033;1.53482;342270;0;0;sBELA*;? Unchecked;v1.6.0-140-g9a10cc1
roadmap;dimacs;93/500;500;    677739;   1445420;90417;335;1110933;210089;5753;3033;1.14691;183179;0;0;sBELA*;? Unchecked;v1.6.0-140-g9a10cc1
roadmap;dimacs;94/500;500;    689436;    132056;224853;730;2697653;510239;516;3033;1.34275;379995;0;0;sBELA*;? Unchecked;v1.6.0-140-g9a10cc1
roadmap;dimacs;95/500;500;    172705;   1375271;480521;1049;5217359;1330500;427;3033;3.22762;412224;0;0;sBELA*;? Unchecked;v1.6.0-140-g9a10cc1
roadmap;dimacs;96/500;500;   1879024;    843565;170548;720;2025983;152876;431;3033;0.599347;255071;0;0;sBELA*;? Unchecked;v1.6.0-140-g9a10cc1
roadmap;dimacs;97/500;500;    594555;   1305211;146214;970;1536376;484010;862;3033;1.44431;335115;0;0;sBELA*;? Unchecked;v1.6.0-140-g9a10cc1
roadmap;dimacs;98/500;500;    338636;    646444;221052;1059;2535898;661337;314;3033;1.7504;377822;0;0;sBELA*;? Unchecked;v1.6.0-140-g9a10cc1
roadmap;dimacs;99/500;500;   1834673;    546450;436400;1198;5698154;389797;193;3033;1.24645;312725;0;0;sBELA*;? Unchecked;v1.6.0-140-g9a10cc1
roadmap;dimacs;0/600;600;   1158641;   1272769;836775;2205;9081427;1199317;321;3033;3.54976;337858;0;0;sBELA*;? Unchecked;v1.6.0-140-g9a10cc1
roadmap;dimacs;1/600;600;     54758;   1370062;348512;1519;4088476;739516;554;3033;2.32193;318492;0;0;sBELA*;? Unchecked;v1.6.0-140-g9a10cc1
roadmap;dimacs;2/600;600;    935047;   1190851;242246;524;3006879;132185;1741;3033;0.840795;157214;0;0;sBELA*;? Unchecked;v1.6.0-140-g9a10cc1
roadmap;dimacs;3/600;600;    548674;   1730064;185823;788;2234940;466937;1248;3033;1.39496;334731;0;0;sBELA*;? Unchecked;v1.6.0-140-g9a10cc1
roadmap;dimacs;4/600;600;    713105;   1135162;105821;260;1394776;94982;3311;3033;0.441498;215136;0;0;sBELA*;? Unchecked;v1.6.0-140-g9a10cc1
roadmap;dimacs;5/600;600;   1213983;   1847687;385742;1053;5259630;1352765;2181;3033;3.72838;362829;0;0;sBELA*;? Unchecked;v1.6.0-140-g9a10cc1
roadmap;dimacs;6/600;600;   1416819;   1454455;129232;585;1388196;448899;554;3033;1.1749;382074;0;0;sBELA*;? Unchecked;v1.6.0-140-g9a10cc1
roadmap;dimacs;7/600;600;   1202525;   1287863;187757;932;2205833;439707;237;3033;1.27823;343998;0;0;sBELA*;? Unchecked;v1.6.0-140-g9a10cc1
roadmap;dimacs;8/600;600;    416104;   1824062;341905;1270;4704850;882072;1238;3033;2.62052;336602;0;0;sBELA*;? Unchecked;v1.6.0-140-g9a10cc1
roadmap;dimacs;9/600;600;    350612;   1840987;740325;1635;9115913;1794227;276;3033;4.37609;410007;0;0;sBELA*;? Unchecked;v1.6.0-140-g9a10cc1
roadmap;dimacs;10/600;600;    581610;   1031954;665220;1734;7767773;1387208;228;3033;3.40047;407946;0;0;sBELA*;? Unchecked;v1.6.0-140-g9a10cc1
roadmap;dimacs;11/600;600;    329503;   1179401;311471;688;3446565;831170;262;3033;2.02991;409462;0;0;sBELA*;? Unchecked;v1.6.0-140-g9a10cc1
roadmap;dimacs;12/600;600;    480267;    159302;662588;1504;7974255;1140037;704;3033;3.22069;353973;0;0;sBELA*;? Unchecked;v1.6.0-140-g9a10cc1
roadmap;dimacs;13/600;600;   1890527;   1576171;736387;1612;8709398;1287171;800;3033;3.8547;333923;0;0;sBELA*;? Unchecked;v1.6.0-140-g9a10cc1
roadmap;dimacs;14/600;600;   1743677;    933040;323236;966;5426250;1340231;447;3033;3.21381;417022;0;0;sBELA*;? Unchecked;v1.6.0-140-g9a10cc1
roadmap;dimacs;15/600;600;   1460731;   1705524;743782;2200;8152785;1592956;45;3033;3.56907;446323;0;0;sBELA*;? Unchecked;v1.6.0-140-g9a10cc1
roadmap;dimacs;16/600;600;    801770;    765171;462423;1632;5189091;617765;464;3033;2.14854;287528;0;0;sBELA*;? Unchecked;v1.6.0-140-g9a10cc1
roadmap;dimacs;17/600;600;   1076837;   1604094;79473;407;1055319;213158;940;3033;0.749488;284405;0;0;sBELA*;? Unchecked;v1.6.0-140-g9a10cc1
roadmap;dimacs;18/600;600;   1431544;    194846;459353;1539;5259262;969034;486;3033;2.88031;336434;0;0;sBELA*;? Unchecked;v1.6.0-140-g9a10cc1
roadmap;dimacs;19/600;600;   1536202;    632533;212958;685;2579252;614649;3522;3033;2.00902;305944;0;0;sBELA*;? Unchecked;v1.6.0-140-g9a10cc1
roadmap;dimacs;20/600;600;    356711;    288578;443907;1574;4883709;1076487;173;3033;2.67296;402732;0;0;sBELA*;? Unchecked;v1.6.0-140-g9a10cc1
roadmap;dimacs;21/600;600;   1416275;   1578430;108621;454;1177096;371465;7836;3033;2.14278;173356;0;0;sBELA*;? Unchecked;v1.6.0-140-g9a10cc1
roadmap;dimacs;22/600;600;   1267172;   1104888;580507;1387;6179814;1303462;223;3033;3.01499;432327;0;0;sBELA*;? Unchecked;v1.6.0-140-g9a10cc1
roadmap;dimacs;23/600;600;   1466216;   1076837;599781;1624;6568859;1245212;109;3033;2.9064;428438;0;0;sBELA*;? Unchecked;v1.6.0-140-g9a10cc1
roadmap;dimacs;24/600;600;   1228417;     41268;151577;922;1805057;261271;585;3033;1.06387;245585;0;0;sBELA*;? Unchecked;v1.6.0-140-g9a10cc1
roadmap;dimacs;25/600;600;    321340;    192757;126579;388;1500713;375129;442;3033;0.944015;397376;0;0;sBELA*;? Unchecked;v1.6.0-140-g9a10cc1
roadmap;dimacs;26/600;600;    965921;   1375640;462180;1294;6122653;1485559;1131;3033;3.91766;379195;0;0;sBELA*;? Unchecked;v1.6.0-140-g9a10cc1
roadmap;dimacs;27/600;600;   1657428;    779364;407496;1486;5065380;905067;534;3033;2.64728;341886;0;0;sBELA*;? Unchecked;v1.6.0-140-g9a10cc1
roadmap;dimacs;28/600;600;    454410;    618767;73790;400;955535;329106;245;3033;0.783443;420076;0;0;sBELA*;? Unchecked;v1.6.0-140-g9a10cc1
roadmap;dimacs;29/600;600;   1453433;   1181632;234980;577;3004015;684991;939;3033;1.65778;413198;0;0;sBELA*;? Unchecked;v1.6.0-140-g9a10cc1
roadmap;dimacs;30/600;600;    261444;   1761841;63227;459;789911;220757;456;3033;0.664168;332381;0;0;sBELA*;? Unchecked;v1.6.0-140-g9a10cc1
roadmap;dimacs;31/600;600;   1710330;   1308565;571484;1239;6157118;1000483;133;3033;2.44924;408487;0;0;sBELA*;? Unchecked;v1.6.0-140-g9a10cc1
roadmap;dimacs;32/600;600;   1622269;    239225;324818;1494;3830847;654436;384;3033;1.7666;370450;0;0;sBELA*;? Unchecked;v1.6.0-140-g9a10cc1
roadmap;dimacs;33/600;600;    858782;    835734;273081;938;2932314;457868;589;3033;1.44352;317190;0;0;sBELA*;? Unchecked;v1.6.0-140-g9a10cc1
roadmap;dimacs;34/600;600;   1164733;   1686951;224372;627;3418609;143048;827;3033;0.630312;226948;0;0;sBELA*;? Unchecked;v1.6.0-140-g9a10cc1
roadmap;dimacs;35/600;600;   1008319;    677177;694520;1774;8091641;1745923;749;3033;4.64851;375587;0;0;sBELA*;? Unchecked;v1.6.0-140-g9a10cc1
roadmap;dimacs;36/600;600;   1646034;   1063654;838593;1904;9241751;1858919;46;3033;4.23982;438443;0;0;sBELA*;? Unchecked;v1.6.0-140-g9a10cc1
roadmap;dimacs;37/600;600;    682994;   1688601;1067651;3408;12098040;1867470;32;3033;4.46267;418465;0;0;sBELA*;? Unchecked;v1.6.0-140-g9a10cc1
roadmap;dimacs;38/600;600;    257300;    548822;568383;1145;6020893;1309957;204;3033;3.05709;428498;0;0;sBELA*;? Unchecked;v1.6.0-140-g9a10cc1
roadmap;dimacs;39/600;600;   1208113;    169244;86039;255;995145;56375;840;3033;0.279544;201668;0;0;sBELA*;? Unchecked;v1.6.0-140-g9a10cc1
roadmap;dimacs;40/600;600;   1226440;   1391278;762181;2163;8142718;1479226;100;3033;3.59269;411732;0;0;sBELA*;? Unchecked;v1.6.0-140-g9a10cc1
roadmap;dimacs;41/600;600;    122277;   1128394;211069;711;2944789;500700;857;3033;1.51242;331059;0;0;sBELA*;? Unchecked;v1.6.0-140-g9a10cc1
roadmap;dimacs;42/600;600;     66946;   1214669;559170;1054;5960110;971985;329;3033;2.57963;376792;0;0;sBELA*;? Unchecked;v1.6.0-140-g9a10cc1
roadmap;dimacs;43/600;600;    299055;   1685578;867092;2349;9966149;1809905;21;3033;4.0887;442660;0;0;sBELA*;? Unchecked;v1.6.0-140-g9a10cc1
roadmap;dimacs;44/600;600;   1617239;   1448010;431664;1341;4746143;1054307;507;3033;2.80782;375489;0;0;sBELA*;? Unchecked;v1.6.0-140-g9a10cc1
roadmap;dimacs;45/600;600;     88434;    220092;162378;811;1922354;395420;347;3033;1.08629;364010;0;0;sBELA*;? Unchecked;v1.6.0-140-g9a10cc1
roadmap;dimacs;46/600;600;    765554;   1136443;219632;715;2443549;448561;161;3033;1.14444;391948;0;0;sBELA*;? Unchecked;v1.6.0-140-g9a10cc1
roadmap;dimacs;47/600;600;   1662423;    665304;617218;2033;6865222;1498685;41;3033;3.46079;433047;0;0;sBELA*;? Unchecked;v1.6.0-140-g9a10cc1
roadmap;dimacs;48/600;600;    522581;    744644;559543;1295;6138082;1076416;116;3033;2.44562;440141;0;0;sBELA*;? Unchecked;v1.6.0-140-g9a10cc1
roadmap;dimacs;49/600;600;    880871;    913237;417900;1189;4898789;981473;1085;3033;2.78228;352759;0;0;sBELA*;? Unchecked;v1.6.0-140-g9a10cc1
roadmap;dimacs;50/600;600;    184031;   1879161;467172;1178;5260837;1210978;187;3033;2.89112;418862;0;0;sBELA*;? Unchecked;v1.6.0-140-g9a10cc1
roadmap;dimacs;51/600;600;    638122;   1463354;114492;453;1318172;179733;2074;3033;0.751371;239207;0;0;sBELA*;? Unchecked;v1.6.0-140-g9a10cc1
roadmap;dimacs;52/600;600;   1314005;    356552;391568;1167;4462632;947655;263;3033;2.44976;386836;0;0;sBELA*;? Unchecked;v1.6.0-140-g9a10cc1
roadmap;dimacs;53/600;600;     21748;   1031477;909846;2543;10681285;1535009;141;3033;4.17385;367768;0;0;sBELA*;? Unchecked;v1.6.0-140-g9a10cc1
roadmap;dimacs;54/600;600;    149376;    488085;110158;254;1226817;26370;1240;3033;0.200188;131726;0;0;sBELA*;? Unchecked;v1.6.0-140-g9a10cc1
roadmap;dimacs;55/600;600;   1471925;   1271058;63505;444;722924;229856;324;3033;0.566698;405606;0;0;sBELA*;? Unchecked;v1.6.0-140-g9a10cc1
roadmap;dimacs;56/600;600;    531829;    538074;663794;1947;7230316;1319705;170;3033;3.45909;381518;0;0;sBELA*;? Unchecked;v1.6.0-140-g9a10cc1
roadmap;dimacs;57/600;600;     65785;   1728556;255073;1021;3029764;623709;1646;3033;2.13369;292314;0;0;sBELA*;? Unchecked;v1.6.0-140-g9a10cc1
roadmap;dimacs;58/600;600;   1182648;    947461;461621;1103;5480108;1336776;157;3033;3.05073;438182;0;0;sBELA*;? Unchecked;v1.6.0-140-g9a10cc1
roadmap;dimacs;59/600;600;    834369;   1832866;502291;1359;6184465;1425469;420;3033;3.4712;410656;0;0;sBELA*;? Unchecked;v1.6.0-140-g9a10cc1
roadmap;dimacs;60/600;600;   1579344;    795855;1121257;3404;13143910;1884522;76;3033;4.92016;383020;0;0;sBELA*;? Unchecked;v1.6.0-140-g9a10cc1
roadmap;dimacs;61/600;600;    830015;   1296962;605605;1350;6488797;1055207;113;3033;2.56475;411426;0;0;sBELA*;? Unchecked;v1.6.0-140-g9a10cc1
roadmap;dimacs;62/600;600;    390249;     22433;179570;797;2516018;355340;165;3033;1.0691;332373;0;0;sBELA*;? Unchecked;v1.6.0-140-g9a10cc1
roadmap;dimacs;63/600;600;   1361440;    776903;455922;1689;6005883;1471911;1283;3033;4.43422;331943;0;0;sBELA*;? Unchecked;v1.6.0-140-g9a10cc1
roadmap;dimacs;64/600;600;   1526444;    433636;84680;452;1090471;259694;613;3033;0.741664;350150;0;0;sBELA*;? Unchecked;v1.6.0-140-g9a10cc1
roadmap;dimacs;65/600;600;    653723;   1649198;619628;1797;6702831;1071768;23;3033;2.41017;444685;0;0;sBELA*;? Unchecked;v1.6.0-140-g9a10cc1
roadmap;dimacs;66/600;600;   1848324;   1867145;207351;309;2484955;104531;5500;3033;0.789733;132362;0;0;sBELA*;? Unchecked;v1.6.0-140-g9a10cc1
roadmap;dimacs;67/600;600;    556081;   1705850;131686;548;1729573;327721;470;3033;0.86742;377811;0;0;sBELA*;? Unchecked;v1.6.0-140-g9a10cc1
roadmap;dimacs;68/600;600;   1041215;   1753708;535527;1129;7038451;387524;976;3033;1.58901;243878;0;0;sBELA*;? Unchecked;v1.6.0-140-g9a10cc1
roadmap;dimacs;69/600;600;   1673024;   1341690;235145;731;3011732;213853;1028;3033;0.88086;242778;0;0;sBELA*;? Unchecked;v1.6.0-140-g9a10cc1
roadmap;dimacs;70/600;600;   1305038;   1494283;532061;1213;5867992;1269632;433;3033;3.23753;392161;0;0;sBELA*;? Unchecked;v1.6.0-140-g9a10cc1
roadmap;dimacs;71/600;600;    989350;    282657;490147;1041;5936727;695230;436;3033;1.92372;361398;0;0;sBELA*;? Unchecked;v1.6.0-140-g9a10cc1
roadmap;dimacs;72/600;600;    277177;    414997;617912;1575;6899264;1519508;450;3033;3.91833;387795;0;0;sBELA*;? Unchecked;v1.6.0-140-g9a10cc1
roadmap;dimacs;73/600;600;    189385;    632745;319084;1377;3513123;807620;24;3033;1.85361;435701;0;0;sBELA*;? Unchecked;v1.6.0-140-g9a10cc1
roadmap;dimacs;74/600;600;   1642632;    169223;180387;620;2267239;178720;4054;3033;1.07075;166911;0;0;sBELA*;? Unchecked;v1.6.0-140-g9a10cc1
roadmap;dimacs;75/600;600;   1160966;    638119;1038391;3042;11495068;1711436;132;3033;4.37403;391272;0;0;sBELA*;? Unchecked;v1.6.0-140-g9a10cc1
roadmap;dimacs;76/600;600;   1759861;   1021392;702708;1541;8552521;1696424;225;3033;4.33656;391191;0;0;sBELA*;? Unchecked;v1.6.0-140-g9a10cc1
roadmap;dimacs;77/600;600;    681135;     95876;662821;1718;7581386;1338628;737;3033;3.15947;423688;0;0;sBELA*;? Unchecked;v1.6.0-140-g9a10cc1
roadmap;dimacs;78/600;600;    614892;    385398;803037;2062;8944930;1759184;293;3033;4.78025;368011;0;0;sBELA*;? Unchecked;v1.6.0-140-g9a10cc1
roadmap;dimacs;79/600;600;   1726489;   1469303;862661;2276;9933343;1674611;212;3033;4.65293;359905;0;0;sBELA*;? Unchecked;v1.6.0-140-g9a10cc1
roadmap;dimacs;80/600;600;     52390;    909716;192130;599;2589575;314077;956;3033;1.0152;309375;0;0;sBELA*;? Unchecked;v1.6.0-140-g9a10cc1
roadmap;dimacs;81/600;600;   1438544;   1709652;210940;740;2861479;408799;424;3033;1.16868;349795;0;0;sBELA*;? Unchecked;v1.6.0-140-g9a10cc1
roadmap;dimacs;82/600;600;   1885245;   1219012;568631;968;7657350;910170;1302;3033;2.61056;348650;0;0;sBELA*;? Unchecked;v1.6.0-140-g9a10cc1
roadmap;dimacs;83/600;600;    474128;    462404;632962;1668;6969794;1388521;116;3033;3.29497;421407;0;0;sBELA*;? Unchecked;v1.6.0-140-g9a10cc1
roadmap;dimacs;84/600;600;   1776146;    980278;386384;1130;5051400;902999;1392;3033;2.68439;336390;0;0;sBELA*;? Unchecked;v1.6.0-140-g9a10cc1
roadmap;dimacs;85/600;600;   1391963;    468960;690267;2005;7717600;1493194;119;3033;3.58855;416100;0;0;sBELA*;? Unchecked;v1.6.0-140-g9a10cc1
roadmap;dimacs;86/600;600;   1052481;    543349;703537;2129;9460563;1433257;421;3033;4.07304;351889;0;0;sBELA*;? Unchecked;v1.6.0-140-g9a10cc1
roadmap;dimacs;87/600;600;   1821017;    791672;551935;1106;6671348;237805;625;3033;1.26774;187582;0;0;sBELA*;? Unchecked;v1.6.0-140-g9a10cc1
roadmap;dimacs;88/600;600;    135239;   1107730;177484;561;1990100;263843;333;3033;0.778326;338988;0;0;sBELA*;? Unchecked;v1.6.0-140-g9a10cc1
roadmap;dimacs;89/600;600;    105712;   1042809;626385;1606;8540514;1865104;297;3033;4.51946;412683;0;0;sBELA*;? Unchecked;v1.6.0-140-g9a10cc1
roadmap;dimacs;90/600;600;    269271;     31624;538827;1480;5830494;1224803;57;3033;2.78325;440063;0;0;sBELA*;? Unchecked;v1.6.0-140-g9a10cc1
roadmap;dimacs;91/600;600;    711516;   1110978;330196;1487;3813668;734748;212;3033;2.0735;354351;0;0;sBELA*;? Unchecked;v1.6.0-140-g9a10cc1
roadmap;dimacs;92/600;600;    129884;   1702774;256443;950;2963652;525333;789;3033;1.60538;327234;0;0;sBELA*;? Unchecked;v1.6.0-140-g9a10cc1
roadmap;dimacs;93/600;600;    677739;   1445420;90417;334;1111029;210129;6840;3033;1.29947;161704;0;0;sBELA*;? Unchecked;v1.6.0-140-g9a10cc1
roadmap;dimacs;94/600;600;    689436;    132056;224853;731;2697666;510241;611;3033;1.36799;372985;0;0;sBELA*;? Unchecked;v1.6.0-140-g9a10cc1
roadmap;dimacs;95/600;600;    172705;   1375271;480521;1053;5217377;1330505;513;3033;3.30871;402122;0;0;sBELA*;? Unchecked;v1.6.0-140-g9a10cc1
roadmap;dimacs;96/600;600;   1879024;    843565;170548;718;2025990;152879;501;3033;0.630554;242452;0;0;sBELA*;? Unchecked;v1.6.0-140-g9a10cc1
roadmap;dimacs;97/600;600;    594555;   1305211;146214;973;1536392;484011;1047;3033;1.54132;314024;0;0;sBELA*;? Unchecked;v1.6.0-140-g9a10cc1
roadmap;dimacs;98/600;600;    338636;    646444;221052;1056;2535910;661339;362;3033;1.82645;362090;0;0;sBELA*;? Unchecked;v1.6.0-140-g9a10cc1
roadmap;dimacs;99/600;600;   1834673;    546450;436400;1189;5698160;389798;216;3033;1.26229;308803;0;0;sBELA*;? Unchecked;v1.6.0-140-g9a10cc1
roadmap;dimacs;0/700;700;   1158641;   1272769;836775;2233;9081429;1199317;347;3033;3.66389;327334;0;0;sBELA*;? Unchecked;v1.6.0-140-g9a10cc1
roadmap;dimacs;1/700;700;     54758;   1370062;348512;1522;4088485;739518;636;3033;2.45085;301740;0;0;sBELA*;? Unchecked;v1.6.0-140-g9a10cc1
roadmap;dimacs;2/700;700;    935047;   1190851;242246;524;3006915;132186;1988;3033;0.914936;144476;0;0;sBELA*;? Unchecked;v1.6.0-140-g9a10cc1
roadmap;dimacs;3/700;700;    548674;   1730064;185823;788;2234953;466942;1394;3033;1.45047;321924;0;0;sBELA*;? Unchecked;v1.6.0-140-g9a10cc1
roadmap;dimacs;4/700;700;    713105;   1135162;105821;254;1394836;94994;3817;3033;0.484965;195878;0;0;sBELA*;? Unchecked;v1.6.0-140-g9a10cc1
roadmap;dimacs;5/700;700;   1213983;   1847687;385742;1052;5259653;1352772;2545;3033;3.94941;342525;0;0;sBELA*;? Unchecked;v1.6.0-140-g9a10cc1
roadmap;dimacs;6/700;700;   1416819;   1454455;129232;557;1388210;448906;618;3033;1.21959;368079;0;0;sBELA*;? Unchecked;v1.6.0-140-g9a10cc1
roadmap;dimacs;7/700;700;   1202525;   1287863;187757;926;2205839;439709;268;3033;1.30483;336985;0;0;sBELA*;? Unchecked;v1.6.0-140-g9a10cc1
roadmap;dimacs;8/700;700;    416104;   1824062;341905;1267;4704865;882073;1431;3033;2.78122;317153;0;0;sBELA*;? Unchecked;v1.6.0-140-g9a10cc1
roadmap;dimacs;9/700;700;    350612;   1840987;740325;1635;9115923;1794229;313;3033;4.44455;403692;0;0;sBELA*;? Unchecked;v1.6.0-140-g9a10cc1
roadmap;dimacs;10/700;700;    581610;   1031954;665220;1736;7767779;1387210;262;3033;3.49883;396478;0;0;sBELA*;? Unchecked;v1.6.0-140-g9a10cc1
roadmap;dimacs;11/700;700;    329503;   1179401;311471;693;3446574;831171;301;3033;2.07708;400163;0;0;sBELA*;? Unchecked;v1.6.0-140-g9a10cc1
roadmap;dimacs;12/700;700;    480267;    159302;662588;1498;7974264;1140041;803;3033;3.29786;345691;0;0;sBELA*;? Unchecked;v1.6.0-140-g9a10cc1
roadmap;dimacs;13/700;700;   1890527;   1576171;736387;1615;8709413;1287176;920;3033;4.02375;319894;0;0;sBELA*;? Unchecked;v1.6.0-140-g9a10cc1
roadmap;dimacs;14/700;700;   1743677;    933040;323236;967;5426254;1340232;491;3033;3.26742;410181;0;0;sBELA*;? Unchecked;v1.6.0-140-g9a10cc1
roadmap;dimacs;15/700;700;   1460731;   1705524;743782;2199;8152787;1592956;55;3033;3.62643;439262;0;0;sBELA*;? Unchecked;v1.6.0-140-g9a10cc1
roadmap;dimacs;16/700;700;    801770;    765171;462423;1629;5189101;617771;529;3033;2.26362;272913;0;0;sBELA*;? Unchecked;v1.6.0-140-g9a10cc1
roadmap;dimacs;17/700;700;   1076837;   1604094;79473;410;1055340;213159;1085;3033;0.806019;264459;0;0;sBELA*;? Unchecked;v1.6.0-140-g9a10cc1
roadmap;dimacs;18/700;700;   1431544;    194846;459353;1547;5259267;969036;544;3033;2.99776;323253;0;0;sBELA*;? Unchecked;v1.6.0-140-g9a10cc1
roadmap;dimacs;19/700;700;   1536202;    632533;212958;697;2579295;614661;4066;3033;2.13357;288091;0;0;sBELA*;? Unchecked;v1.6.0-140-g9a10cc1
roadmap;dimacs;20/700;700;    356711;    288578;443907;1575;4883713;1076490;190;3033;2.71316;396767;0;0;sBELA*;? Unchecked;v1.6.0-140-g9a10cc1
roadmap;dimacs;21/700;700;   1416275;   1578430;108621;456;1177148;371484;9290;3033;2.41368;153908;0;0;sBELA*;? Unchecked;v1.6.0-140-g9a10cc1
roadmap;dimacs;22/700;700;   1267172;   1104888;580507;1390;6179819;1303463;254;3033;3.08762;422158;0;0;sBELA*;? Unchecked;v1.6.0-140-g9a10cc1
roadmap;dimacs;23/700;700;   1466216;   1076837;599781;1624;6568862;1245212;125;3033;2.97321;418811;0;0;sBELA*;? Unchecked;v1.6.0-140-g9a10cc1
roadmap;dimacs;24/700;700;   1228417;     41268;151577;922;1805067;261275;674;3033;1.12655;231925;0;0;sBELA*;? Unchecked;v1.6.0-140-g9a10cc1
roadmap;dimacs;25/700;700;    321340;    192757;126579;393;1500730;375140;510;3033;0.998045;375875;0;0;sBELA*;? Unchecked;v1.6.0-140-g9a10cc1
roadmap;dimacs;26/700;700;    965921;   1375640;462180;1280;6122665;1485563;1294;3033;3.99975;371414;0;0;sBELA*;? Unchecked;v1.6.0-140-g9a10cc1
roadmap;dimacs;27/700;700;   1657428;    779364;407496;1486;5065392;905069;610;3033;2.75736;328238;0;0;sBELA*;? Unchecked;v1.6.0-140-g9a10cc1
roadmap;dimacs;28/700;700;    454410;    618767;73790;385;955549;329109;300;3033;0.845994;389021;0;0;sBELA*;? Unchecked;v1.6.0-140-g9a10cc1
roadmap;dimacs;29/700;700;   1453433;   1181632;234980;576;3004041;684991;1056;3033;1.70386;402022;0;0;sBELA*;? Unchecked;v1.6.0-140-g9a10cc1
roadmap;dimacs;30/700;700;    261444;   1761841;63227;502;789919;220761;518;3033;0.708714;311495;0;0;sBELA*;? Unchecked;v1.6.0-140-g9a10cc1
roadmap;dimacs;31/700;700;   1710330;   1308565;571484;1240;6157121;1000483;153;3033;2.5176;397395;0;0;sBELA*;? Unchecked;v1.6.0-140-g9a10cc1
roadmap;dimacs;32/700;700;   1622269;    239225;324818;1510;3830851;654437;419;3033;1.79463;364663;0;0;sBELA*;? Unchecked;v1.6.0-140-g9a10cc1
roadmap;dimacs;33/700;700;    858782;    835734;273081;942;2932323;457868;673;3033;1.53613;298066;0;0;sBELA*;? Unchecked;v1.6.0-140-g9a10cc1
roadmap;dimacs;34/700;700;   1164733;   1686951;224372;636;3418634;143049;994;3033;0.687082;208198;0;0;sBELA*;? Unchecked;v1.6.0-140-g9a10cc1
roadmap;dimacs;35/700;700;   1008319;    677177;694520;1773;8091651;1745923;845;3033;4.80806;363124;0;0;sBELA*;? Unchecked;v1.6.0-140-g9a10cc1
roadmap;dimacs;36/700;700;   1646034;   1063654;838593;1905;9241752;1858919;54;3033;4.28671;433647;0;0;sBELA*;? Unchecked;v1.6.0-140-g9a10cc1
roadmap;dimacs;37/700;700;    682994;   1688601;1067651;3405;12098041;1867470;35;3033;4.54859;410560;0;0;sBELA*;? Unchecked;v1.6.0-140-g9a10cc1
roadmap;dimacs;38/700;700;    257300;    548822;568383;1147;6020897;1309957;229;3033;3.19622;409846;0;0;sBELA*;? Unchecked;v1.6.0-140-g9a10cc1
roadmap;dimacs;39/700;700;   1208113;    169244;86039;264;995166;56377;972;3033;0.305157;184747;0;0;sBELA*;? Unchecked;v1.6.0-140-g9a10cc1
roadmap;dimacs;40/700;700;   1226440;   1391278;762181;2166;8142720;1479226;112;3033;3.65076;405183;0;0;sBELA*;? Unchecked;v1.6.0-140-g9a10cc1
roadmap;dimacs;41/700;700;    122277;   1128394;211069;717;2944805;500706;971;3033;1.57539;317830;0;0;sBELA*;? Unchecked;v1.6.0-140-g9a10cc1
roadmap;dimacs;42/700;700;     66946;   1214669;559170;1056;5960118;971985;378;3033;2.67189;363782;0;0;sBELA*;? Unchecked;v1.6.0-140-g9a10cc1
roadmap;dimacs;43/700;700;    299055;   1685578;867092;2346;9966150;1809906;23;3033;4.111;440260;0;0;sBELA*;? Unchecked;v1.6.0-140-g9a10cc1
roadmap;dimacs;44/700;700;   1617239;   1448010;431664;1339;4746148;1054308;567;3033;2.87318;366948;0;0;sBELA*;? Unchecked;v1.6.0-140-g9a10cc1
roadmap;dimacs;45/700;700;     88434;    220092;162378;811;1922362;395424;393;3033;1.13502;348386;0;0;sBELA*;? Unchecked;v1.6.0-140-g9a10cc1
roadmap;dimacs;46/700;700;    765554;   1136443;219632;715;2443555;448562;181;3033;1.191;376627;0;0;sBELA*;? Unchecked;v1.6.0-140-g9a10cc1
roadmap;dimacs;47/700;700;   1662423;    665304;617218;2029;6865222;1498685;42;3033;3.51492;426378;0;0;sBELA*;? Unchecked;v1.6.0-140-g9a10cc1
roadmap;dimacs;48/700;700;    522581;    744644;559543;1296;6138085;1076416;130;3033;2.46665;436387;0;0;sBELA*;? Unchecked;v1.6.0-140-g9a10cc1
roadmap;dimacs;49/700;700;    880871;    913237;417900;1191;4898804;981482;1270;3033;2.91878;336264;0;0;sBELA*;? Unchecked;v1.6.0-140-g9a10cc1
roadmap;dimacs;50/700;700;    184031;   1879161;467172;1178;5260848;1210983;220;3033;2.91888;414879;0;0;sBELA*;? Unchecked;v1.6.0-140-g9a10cc1
roadmap;dimacs;51/700;700;    638122;   1463354;114492;450;1318231;179752;2476;3033;0.837516;214625;0;0;sBELA*;? Unchecked;v1.6.0-140-g9a10cc1
roadmap;dimacs;52/700;700;   1314005;    356552;391568;1167;4462638;947656;304;3033;2.52968;374615;0;0;sBELA*;? Unchecked;v1.6.0-140-g9a10cc1
roadmap;dimacs;53/700;700;     21748;   1031477;909846;2541;10681288;1535009;164;3033;4.29131;357702;0;0;sBELA*;? Unchecked;v1.6.0-140-g9a10cc1
roadmap;dimacs;54/700;700;    149376;    488085;110158;256;1226838;26372;1350;3033;0.220756;119462;0;0;sBELA*;? Unchecked;v1.6.0-140-g9a10cc1
roadmap;dimacs;55/700;700;   1471925;   1271058;63505;443;722934;229858;361;3033;0.581622;395202;0;0;sBELA*;? Unchecked;v1.6.0-140-g9a10cc1
roadmap;dimacs;56/700;700;    531829;    538074;663794;1938;7230319;1319707;190;3033;3.56946;369722;0;0;sBELA*;? Unchecked;v1.6.0-140-g9a10cc1
roadmap;dimacs;57/700;700;     65785;   1728556;255073;1019;3029782;623712;1918;3033;2.27658;273968;0;0;sBELA*;? Unchecked;v1.6.0-140-g9a10cc1
roadmap;dimacs;58/700;700;   1182648;    947461;461621;1107;5480117;1336780;179;3033;3.07848;434234;0;0;sBELA*;? Unchecked;v1.6.0-140-g9a10cc1
roadmap;dimacs;59/700;700;    834369;   1832866;502291;1355;6184471;1425472;475;3033;3.57359;398891;0;0;sBELA*;? Unchecked;v1.6.0-140-g9a10cc1
roadmap;dimacs;60/700;700;   1579344;    795855;1121257;3403;13143912;1884522;84;3033;5.05683;372668;0;0;sBELA*;? Unchecked;v1.6.0-140-g9a10cc1
roadmap;dimacs;61/700;700;    830015;   1296962;605605;1350;6488800;1055208;131;3033;2.64548;398871;0;0;sBELA*;? Unchecked;v1.6.0-140-g9a10cc1
roadmap;dimacs;62/700;700;    390249;     22433;179570;797;2516028;355343;202;3033;1.1191;317525;0;0;sBELA*;? Unchecked;v1.6.0-140-g9a10cc1
roadmap;dimacs;63/700;700;   1361440;    776903;455922;1691;6005896;1471917;1474;3033;4.61586;318882;0;0;sBELA*;? Unchecked;v1.6.0-140-g9a10cc1
roadmap;dimacs;64/700;700;   1526444;    433636;84680;450;1090495;259708;708;3033;0.781874;332161;0;0;sBELA*;? Unchecked;v1.6.0-140-g9a10cc1
roadmap;dimacs;65/700;700;    653723;   1649198;619628;1799;6702832;1071768;27;3033;2.3836;449642;0;0;sBELA*;? Unchecked;v1.6.0-140-g9a10cc1
roadmap;dimacs;66/700;700;   1848324;   1867145;207351;306;2485107;104548;6315;3033;0.874293;119580;0;0;sBELA*;? Unchecked;v1.6.0-140-g9a10cc1
roadmap;dimacs;67/700;700;    556081;   1705850;131686;544;1729588;327726;542;3033;0.887751;369164;0;0;sBELA*;? Unchecked;v1.6.0-140-g9a10cc1
roadmap;dimacs;68/700;700;   1041215;   1753708;535527;1139;7038465;387530;1115;3033;1.69184;229058;0;0;sBELA*;? Unchecked;v1.6.0-140-g9a10cc1
roadmap;dimacs;69/700;700;   1673024;   1341690;235145;732;3011752;213855;1237;3033;0.966355;221301;0;0;sBELA*;? Unchecked;v1.6.0-140-g9a10cc1
roadmap;dimacs;70/700;700;   1305038;   1494283;532061;1212;5867997;1269635;490;3033;3.32;382420;0;0;sBELA*;? Unchecked;v1.6.0-140-g9a10cc1
roadmap;dimacs;71/700;700;    989350;    282657;490147;1041;5936742;695246;515;3033;1.97743;351591;0;0;sBELA*;? Unchecked;v1.6.0-140-g9a10cc1
roadmap;dimacs;72/700;700;    277177;    414997;617912;1576;6899271;1519508;508;3033;4.03427;376650;0;0;sBELA*;? Unchecked;v1.6.0-140-g9a10cc1
roadmap;dimacs;73/700;700;    189385;    632745;319084;1377;3513128;807621;29;3033;1.8469;437284;0;0;sBELA*;? Unchecked;v1.6.0-140-g9a10cc1
roadmap;dimacs;74/700;700;   1642632;    169223;180387;624;2267285;178726;4747;3033;1.1932;149787;0;0;sBELA*;? Unchecked;v1.6.0-140-g9a10cc1
roadmap;dimacs;75/700;700;   1160966;    638119;1038391;3043;11495070;1711439;155;3033;4.46762;383076;0;0;sBELA*;? Unchecked;v1.6.0-140-g9a10cc1
roadmap;dimacs;76/700;700;   1759861;   1021392;702708;1548;8552524;1696424;253;3033;4.39366;386108;0;0;sBELA*;? Unchecked;v1.6.0-140-g9a10cc1
roadmap;dimacs;77/700;700;    681135;     95876;662821;1718;7581392;1338629;817;3033;3.28777;407154;0;0;sBELA*;? Unchecked;v1.6.0-140-g9a10cc1
roadmap;dimacs;78/700;700;    614892;    385398;803037;2066;8944935;1759184;328;3033;4.76388;369276;0;0;sBELA*;? Unchecked;v1.6.0-140-g9a10cc1
roadmap;dimacs;79/700;700;   1726489;   1469303;862661;2277;9933348;1674612;244;3033;4.78386;350055;0;0;sBELA*;? Unchecked;v1.6.0-140-g9a10cc1
roadmap;dimacs;80/700;700;     52390;    909716;192130;597;2589598;314083;1099;3033;1.07932;291001;0;0;sBELA*;? Unchecked;v1.6.0-140-g9a10cc1
roadmap;dimacs;81/700;700;   1438544;   1709652;210940;739;2861483;408800;484;3033;1.20687;338728;0;0;sBELA*;? Unchecked;v1.6.0-140-g9a10cc1
roadmap;dimacs;82/700;700;   1885245;   1219012;568631;963;7657377;910179;1541;3033;2.72281;334279;0;0;sBELA*;? Unchecked;v1.6.0-140-g9a10cc1
roadmap;dimacs;83/700;700;    474128;    462404;632962;1666;6969797;1388524;131;3033;3.28866;422216;0;0;sBELA*;? Unchecked;v1.6.0-140-g9a10cc1
roadmap;dimacs;84/700;700;   1776146;    980278;386384;1131;5051429;903000;1825;3033;2.85178;316645;0;0;sBELA*;? Unchecked;v1.6.0-140-g9a10cc1
roadmap;dimacs;85/700;700;   1391963;    468960;690267;2006;7717604;1493195;140;3033;3.7143;402013;0;0;sBELA*;? Unchecked;v1.6.0-140-g9a10cc1
roadmap;dimacs;86/700;700;   1052481;    543349;703537;2133;9460566;1433258;464;3033;4.20434;340900;0;0;sBELA*;? Unchecked;v1.6.0-140-g9a10cc1
roadmap;dimacs;87/700;700;   1821017;    791672;551935;1101;6671358;237806;718;3033;1.40683;169037;0;0;sBELA*;? Unchecked;v1.6.0-140-g9a10cc1
roadmap;dimacs;88/700;700;    135239;   1107730;177484;559;1990104;263844;371;3033;0.832407;316965;0;0;sBELA*;? Unchecked;v1.6.0-140-g9a10cc1
roadmap;dimacs;89/700;700;    105712;   1042809;626385;1608;8540520;1865104;343;3033;4.56561;408511;0;0;sBELA*;? Unchecked;v1.6.0-140-g9a10cc1
roadmap;dimacs;90/700;700;    269271;     31624;538827;1481;5830496;1224803;64;3033;2.77055;442079;0;0;sBELA*;? Unchecked;v1.6.0-140-g9a10cc1
roadmap;dimacs;91/700;700;    711516;   1110978;330196;1485;3813671;734751;237;3033;2.14009;343327;0;0;sBELA*;? Unchecked;v1.6.0-140-g9a10cc1
roadmap;dimacs;92/700;700;    129884;   1702774;256443;937;2963665;525334;913;3033;1.71828;305732;0;0;sBELA*;? Unchecked;v1.6.0-140-g9a10cc1
roadmap;dimacs;93/700;700;    677739;   1445420;90417;325;1111109;210159;7853;3033;1.4604;143905;0;0;sBELA*;? Unchecked;v1.6.0-140-g9a10cc1
roadmap;dimacs;94/700;700;    689436;    132056;224853;728;2697678;510242;702;3033;1.43581;355369;0;0;sBELA*;? Unchecked;v1.6.0-140-g9a10cc1
roadmap;dimacs;95/700;700;    172705;   1375271;480521;1061;5217389;1330509;604;3033;3.38793;392720;0;0;sBELA*;? Unchecked;v1.6.0-140-g9a10cc1
roadmap;dimacs;96/700;700;   1879024;    843565;170548;721;2025994;152879;561;3033;0.663411;230444;0;0;sBELA*;? Unchecked;v1.6.0-140-g9a10cc1
roadmap;dimacs;97/700;700;    594555;   1305211;146214;973;1536400;484012;1170;3033;1.64345;294510;0;0;sBELA*;? Unchecked;v1.6.0-140-g9a10cc1
roadmap;dimacs;98/700;700;    338636;    646444;221052;1056;2535918;661342;406;3033;1.92168;344147;0;0;sBELA*;? Unchecked;v1.6.0-140-g9a10cc1
roadmap;dimacs;99/700;700;   1834673;    546450;436400;1200;5698166;389801;247;3033;1.31751;295862;0;0;sBELA*;? Unchecked;v1.6.0-140-g9a10cc1
roadmap;dimacs;0/800;800;   1158641;   1272769;836775;2208;9081431;1199317;378;3033;3.76351;318669;0;0;sBELA*;? Unchecked;v1.6.0-140-g9a10cc1
roadmap;dimacs;1/800;800;     54758;   1370062;348512;1528;4088490;739519;702;3033;2.54379;290715;0;0;sBELA*;? Unchecked;v1.6.0-140-g9a10cc1
roadmap;dimacs;2/800;800;    935047;   1190851;242246;525;3006953;132190;2272;3033;1.0394;127179;0;0;sBELA*;? Unchecked;v1.6.0-140-g9a10cc1
roadmap;dimacs;3/800;800;    548674;   1730064;185823;788;2234963;466951;1507;3033;1.49626;312078;0;0;sBELA*;? Unchecked;v1.6.0-140-g9a10cc1
roadmap;dimacs;4/800;800;    713105;   1135162;105821;263;1394897;95000;4355;3033;0.541235;175525;0;0;sBELA*;? Unchecked;v1.6.0-140-g9a10cc1
roadmap;dimacs;5/800;800;   1213983;   1847687;385742;1057;5259674;1352777;2908;3033;4.05478;333625;0;0;sBELA*;? Unchecked;v1.6.0-140-g9a10cc1
roadmap;dimacs;6/800;800;   1416819;   1454455;129232;589;1388223;448911;686;3033;1.26029;356197;0;0;sBELA*;? Unchecked;v1.6.0-140-g9a10cc1
roadmap;dimacs;7/800;800;   1202525;   1287863;187757;930;2205845;439712;298;3033;1.35106;325457;0;0;sBELA*;? Unchecked;v1.6.0-140-g9a10cc1
roadmap;dimacs;8/800;800;    416104;   1824062;341905;1271;4704877;882073;1621;3033;2.88194;306069;0;0;sBELA*;? Unchecked;v1.6.0-140-g9a10cc1
roadmap;dimacs;9/800;800;    350612;   1840987;740325;1624;9115931;1794229;346;3033;4.56105;393380;0;0;sBELA*;? Unchecked;v1.6.0-140-g9a10cc1
roadmap;dimacs;10/800;800;    581610;   1031954;665220;1736;7767783;1387212;288;3033;3.57609;387913;0;0;sBELA*;? Unchecked;v1.6.0-140-g9a10cc1
roadmap;dimacs;11/800;800;    329503;   1179401;311471;687;3446581;831175;333;3033;2.11965;392129;0;0;sBELA*;? Unchecked;v1.6.0-140-g9a10cc1
roadmap;dimacs;12/800;800;    480267;    159302;662588;1504;7974274;1140044;908;3033;3.45109;330343;0;0;sBELA*;? Unchecked;v1.6.0-140-g9a10cc1
roadmap;dimacs;13/800;800;   1890527;   1576171;736387;1619;8709428;1287183;1046;3033;4.12552;312005;0;0;sBELA*;? Unchecked;v1.6.0-140-g9a10cc1
roadmap;dimacs;14/800;800;   1743677;    933040;323236;966;5426256;1340233;532;3033;3.35719;399212;0;0;sBELA*;? Unchecked;v1.6.0-140-g9a10cc1
roadmap;dimacs;15/800;800;   1460731;   1705524;743782;2201;8152789;1592956;65;3033;3.64558;436955;0;0;sBELA*;? Unchecked;v1.6.0-140-g9a10cc1
roadmap;dimacs;16/800;800;    801770;    765171;462423;1633;5189108;617772;587;3033;2.42399;254857;0;0;sBELA*;? Unchecked;v1.6.0-140-g9a10cc1
roadmap;dimacs;17/800;800;   1076837;   1604094;79473;408;1055356;213163;1222;3033;0.874433;243773;0;0;sBELA*;? Unchecked;v1.6.0-140-g9a10cc1
roadmap;dimacs;18/800;800;   1431544;    194846;459353;1539;5259272;969036;597;3033;3.12035;310554;0;0;sBELA*;? Unchecked;v1.6.0-140-g9a10cc1
roadmap;dimacs;19/800;800;   1536202;    632533;212958;696;2579337;614682;4656;3033;2.2859;268901;0;0;sBELA*;? Unchecked;v1.6.0-140-g9a10cc1
roadmap;dimacs;20/800;800;    356711;    288578;443907;1570;4883717;1076491;210;3033;2.80099;384325;0;0;sBELA*;? Unchecked;v1.6.0-140-g9a10cc1
roadmap;dimacs;21/800;800;   1416275;   1578430;108621;454;1177192;371497;10604;3033;2.69363;137917;0;0;sBELA*;? Unchecked;v1.6.0-140-g9a10cc1
roadmap;dimacs;22/800;800;   1267172;   1104888;580507;1389;6179822;1303463;280;3033;3.10962;419171;0;0;sBELA*;? Unchecked;v1.6.0-140-g9a10cc1
roadmap;dimacs;23/800;800;   1466216;   1076837;599781;1627;6568863;1245212;136;3033;3.01649;412802;0;0;sBELA*;? Unchecked;v1.6.0-140-g9a10cc1
roadmap;dimacs;24/800;800;   1228417;     41268;151577;922;1805074;261276;748;3033;1.21014;215906;0;0;sBELA*;? Unchecked;v1.6.0-140-g9a10cc1
roadmap;dimacs;25/800;800;    321340;    192757;126579;387;1500750;375147;576;3033;1.01205;370681;0;0;sBELA*;? Unchecked;v1.6.0-140-g9a10cc1
roadmap;dimacs;26/800;800;    965921;   1375640;462180;1293;6122677;1485570;1477;3033;4.1014;362210;0;0;sBELA*;? Unchecked;v1.6.0-140-g9a10cc1
roadmap;dimacs;27/800;800;   1657428;    779364;407496;1485;5065400;905069;676;3033;2.85721;316766;0;0;sBELA*;? Unchecked;v1.6.0-140-g9a10cc1
roadmap;dimacs;28/800;800;    454410;    618767;73790;399;955561;329111;343;3033;0.827768;397589;0;0;sBELA*;? Unchecked;v1.6.0-140-g9a10cc1
roadmap;dimacs;29/800;800;   1453433;   1181632;234980;575;3004065;684992;1207;3033;1.73597;394587;0;0;sBELA*;? Unchecked;v1.6.0-140-g9a10cc1
roadmap;dimacs;30/800;800;    261444;   1761841;63227;500;789926;220761;573;3033;0.764524;288756;0;0;sBELA*;? Unchecked;v1.6.0-140-g9a10cc1
roadmap;dimacs;31/800;800;   1710330;   1308565;571484;1238;6157125;1000483;173;3033;2.58836;386532;0;0;sBELA*;? Unchecked;v1.6.0-140-g9a10cc1
roadmap;dimacs;32/800;800;   1622269;    239225;324818;1504;3830855;654437;464;3033;1.85071;353614;0;0;sBELA*;? Unchecked;v1.6.0-140-g9a10cc1
roadmap;dimacs;33/800;800;    858782;    835734;273081;942;2932332;457873;747;3033;1.58712;288493;0;0;sBELA*;? Unchecked;v1.6.0-140-g9a10cc1
roadmap;dimacs;34/800;800;   1164733;   1686951;224372;636;3418662;143052;1209;3033;0.776942;184122;0;0;sBELA*;? Unchecked;v1.6.0-140-g9a10cc1
roadmap;dimacs;35/800;800;   1008319;    677177;694520;1777;8091661;1745925;921;3033;4.97136;351197;0;0;sBELA*;? Unchecked;v1.6.0-140-g9a10cc1
roadmap;dimacs;36/800;800;   1646034;   1063654;838593;1905;9241753;1858919;61;3033;4.30003;432303;0;0;sBELA*;? Unchecked;v1.6.0-140-g9a10cc1
roadmap;dimacs;37/800;800;    682994;   1688601;1067651;3407;12098042;1867470;38;3033;4.62287;403963;0;0;sBELA*;? Unchecked;v1.6.0-140-g9a10cc1
roadmap;dimacs;38/800;800;    257300;    548822;568383;1147;6020901;1309957;250;3033;3.21023;408057;0;0;sBELA*;? Unchecked;v1.6.0-140-g9a10cc1
roadmap;dimacs;39/800;800;   1208113;    169244;86039;263;995180;56378;1084;3033;0.338997;166308;0;0;sBELA*;? Unchecked;v1.6.0-140-g9a10cc1
roadmap;dimacs;40/800;800;   1226440;   1391278;762181;2163;8142722;1479226;125;3033;3.72368;397248;0;0;sBELA*;? Unchecked;v1.6.0-140-g9a10cc1
roadmap;dimacs;41/800;800;    122277;   1128394;211069;723;2944817;500712;1079;3033;1.6445;304476;0;0;sBELA*;? Unchecked;v1.6.0-140-g9a10cc1
roadmap;dimacs;42/800;800;     66946;   1214669;559170;1055;5960125;971985;420;3033;2.77179;350670;0;0;sBELA*;? Unchecked;v1.6.0-140-g9a10cc1
roadmap;dimacs;43/800;800;    299055;   1685578;867092;2347;9966152;1809906;26;3033;4.12931;438307;0;0;sBELA*;? Unchecked;v1.6.0-140-g9a10cc1
roadmap;dimacs;44/800;800;   1617239;   1448010;431664;1338;4746153;1054311;636;3033;2.99601;351904;0;0;sBELA*;? Unchecked;v1.6.0-140-g9a10cc1
roadmap;dimacs;45/800;800;     88434;    220092;162378;812;1922368;395424;439;3033;1.19878;329856;0;0;sBELA*;? Unchecked;v1.6.0-140-g9a10cc1
roadmap;dimacs;46/800;800;    765554;   1136443;219632;715;2443562;448562;209;3033;1.28262;349722;0;0;sBELA*;? Unchecked;v1.6.0-140-g9a10cc1
roadmap;dimacs;47/800;800;   1662423;    665304;617218;2028;6865223;1498685;48;3033;3.51543;426316;0;0;sBELA*;? Unchecked;v1.6.0-140-g9a10cc1
roadmap;dimacs;48/800;800;    522581;    744644;559543;1295;6138088;1076416;146;3033;2.49364;431665;0;0;sBELA*;? Unchecked;v1.6.0-140-g9a10cc1
roadmap;dimacs;49/800;800;    880871;    913237;417900;1191;4898816;981485;1436;3033;3.04169;322677;0;0;sBELA*;? Unchecked;v1.6.0-140-g9a10cc1
roadmap;dimacs;50/800;800;    184031;   1879161;467172;1178;5260855;1210986;248;3033;2.97692;406792;0;0;sBELA*;? Unchecked;v1.6.0-140-g9a10cc1
roadmap;dimacs;51/800;800;    638122;   1463354;114492;436;1318277;179766;2803;3033;0.910239;197493;0;0;sBELA*;? Unchecked;v1.6.0-140-g9a10cc1
roadmap;dimacs;52/800;800;   1314005;    356552;391568;1172;4462643;947658;337;3033;2.5956;365101;0;0;sBELA*;? Unchecked;v1.6.0-140-g9a10cc1
roadmap;dimacs;53/800;800;     21748;   1031477;909846;2539;10681292;1535010;186;3033;4.44806;345096;0;0;sBELA*;? Unchecked;v1.6.0-140-g9a10cc1
roadmap;dimacs;54/800;800;    149376;    488085;110158;256;1226904;26377;1582;3033;0.252392;104508;0;0;sBELA*;? Unchecked;v1.6.0-140-g9a10cc1
roadmap;dimacs;55/800;800;   1471925;   1271058;63505;441;722946;229864;417;3033;0.605115;379868;0;0;sBELA*;? Unchecked;v1.6.0-140-g9a10cc1
roadmap;dimacs;56/800;800;    531829;    538074;663794;1945;7230323;1319707;209;3033;3.6697;359623;0;0;sBELA*;? Unchecked;v1.6.0-140-g9a10cc1
roadmap;dimacs;57/800;800;     65785;   1728556;255073;1021;3029798;623713;2169;3033;2.42702;256987;0;0;sBELA*;? Unchecked;v1.6.0-140-g9a10cc1
roadmap;dimacs;58/800;800;   1182648;    947461;461621;1104;5480125;1336783;203;3033;3.12789;427375;0;0;sBELA*;? Unchecked;v1.6.0-140-g9a10cc1
roadmap;dimacs;59/800;800;    834369;   1832866;502291;1355;6184477;1425476;531;3033;3.6386;391765;0;0;sBELA*;? Unchecked;v1.6.0-140-g9a10cc1
roadmap;dimacs;60/800;800;   1579344;    795855;1121257;3397;13143914;1884522;94;3033;5.2108;361657;0;0;sBELA*;? Unchecked;v1.6.0-140-g9a10cc1
roadmap;dimacs;61/800;800;    830015;   1296962;605605;1351;6488802;1055208;146;3033;2.68053;393657;0;0;sBELA*;? Unchecked;v1.6.0-140-g9a10cc1
roadmap;dimacs;62/800;800;    390249;     22433;179570;793;2516052;355357;245;3033;1.16928;303910;0;0;sBELA*;? Unchecked;v1.6.0-140-g9a10cc1
roadmap;dimacs;63/800;800;   1361440;    776903;455922;1690;6005906;1471923;1629;3033;4.77568;308212;0;0;sBELA*;? Unchecked;v1.6.0-140-g9a10cc1
roadmap;dimacs;64/800;800;   1526444;    433636;84680;454;1090514;259716;799;3033;0.821136;316289;0;0;sBELA*;? Unchecked;v1.6.0-140-g9a10cc1
roadmap;dimacs;65/800;800;    653723;   1649198;619628;1798;6702833;1071768;29;3033;2.39965;446635;0;0;sBELA*;? Unchecked;v1.6.0-140-g9a10cc1
roadmap;dimacs;66/800;800;   1848324;   1867145;207351;311;2485232;104564;7134;3033;0.980034;106694;0;0;sBELA*;? Unchecked;v1.6.0-140-g9a10cc1
roadmap;dimacs;67/800;800;    556081;   1705850;131686;549;1729601;327735;603;3033;0.923703;354806;0;0;sBELA*;? Unchecked;v1.6.0-140-g9a10cc1
roadmap;dimacs;68/800;800;   1041215;   1753708;535527;1139;7038479;387532;1257;3033;1.80604;214575;0;0;sBELA*;? Unchecked;v1.6.0-140-g9a10cc1
roadmap;dimacs;69/800;800;   1673024;   1341690;235145;732;3011769;213857;1459;3033;1.05446;202812;0;0;sBELA*;? Unchecked;v1.6.0-140-g9a10cc1
roadmap;dimacs;70/800;800;   1305038;   1494283;532061;1215;5868002;1269637;541;3033;3.43928;369157;0;0;sBELA*;? Unchecked;v1.6.0-140-g9a10cc1
roadmap;dimacs;71/800;800;    989350;    282657;490147;1041;5936750;695252;580;3033;2.03946;340900;0;0;sBELA*;? Unchecked;v1.6.0-140-g9a10cc1
roadmap;dimacs;72/800;800;    277177;    414997;617912;1577;6899276;1519508;554;3033;4.14868;366263;0;0;sBELA*;? Unchecked;v1.6.0-140-g9a10cc1
roadmap;dimacs;73/800;800;    189385;    632745;319084;1377;3513145;807622;34;3033;1.87171;431489;0;0;sBELA*;? Unchecked;v1.6.0-140-g9a10cc1
roadmap;dimacs;74/800;800;   1642632;    169223;180387;621;2267324;178733;5448;3033;1.32626;134764;0;0;sBELA*;? Unchecked;v1.6.0-140-g9a10cc1
roadmap;dimacs;75/800;800;   1160966;    638119;1038391;3041;11495072;1711440;171;3033;4.57384;374180;0;0;sBELA*;? Unchecked;v1.6.0-140-g9a10cc1
roadmap;dimacs;76/800;800;   1759861;   1021392;702708;1541;8552527;1696424;282;3033;4.48584;378173;0;0;sBELA*;? Unchecked;v1.6.0-140-g9a10cc1
roadmap;dimacs;77/800;800;    681135;     95876;662821;1719;7581397;1338630;884;3033;3.34472;400222;0;0;sBELA*;? Unchecked;v1.6.0-140-g9a10cc1
roadmap;dimacs;78/800;800;    614892;    385398;803037;2066;8944938;1759184;360;3033;4.89391;359464;0;0;sBELA*;? Unchecked;v1.6.0-140-g9a10cc1
roadmap;dimacs;79/800;800;   1726489;   1469303;862661;2269;9933352;1674613;279;3033;4.89398;342178;0;0;sBELA*;? Unchecked;v1.6.0-140-g9a10cc1
roadmap;dimacs;80/800;800;     52390;    909716;192130;598;2589620;314086;1227;3033;1.12853;278314;0;0;sBELA*;? Unchecked;v1.6.0-140-g9a10cc1
roadmap;dimacs;81/800;800;   1438544;   1709652;210940;740;2861487;408802;537;3033;1.25116;326739;0;0;sBELA*;? Unchecked;v1.6.0-140-g9a10cc1
roadmap;dimacs;82/800;800;   1885245;   1219012;568631;971;7657399;910186;1769;3033;2.89456;314447;0;0;sBELA*;? Unchecked;v1.6.0-140-g9a10cc1
roadmap;dimacs;83/800;800;    474128;    462404;632962;1665;6969800;1388525;146;3033;3.36105;413122;0;0;sBELA*;? Unchecked;v1.6.0-140-g9a10cc1
roadmap;dimacs;84/800;800;   1776146;    980278;386384;1132;5051448;903000;2132;3033;3.01206;299795;0;0;sBELA*;? Unchecked;v1.6.0-140-g9a10cc1
roadmap;dimacs;85/800;800;   1391963;    468960;690267;2006;7717607;1493195;160;3033;3.83567;389292;0;0;sBELA*;? Unchecked;v1.6.0-140-g9a10cc1
roadmap;dimacs;86/800;800;   1052481;    543349;703537;2134;9460570;1433263;507;3033;4.32326;331523;0;0;sBELA*;? Unchecked;v1.6.0-140-g9a10cc1
roadmap;dimacs;87/800;800;   1821017;    791672;551935;1103;6671367;237806;788;3033;1.45852;163046;0;0;sBELA*;? Unchecked;v1.6.0-140-g9a10cc1
roadmap;dimacs;88/800;800;    135239;   1107730;177484;563;1990107;263845;408;3033;0.873596;302022;0;0;sBELA*;? Unchecked;v1.6.0-140-g9a10cc1
roadmap;dimacs;89/800;800;    105712;   1042809;626385;1613;8540525;1865104;381;3033;4.61942;403753;0;0;sBELA*;? Unchecked;v1.6.0-140-g9a10cc1
roadmap;dimacs;90/800;800;    269271;     31624;538827;1476;5830497;1224803;70;3033;2.85887;428422;0;0;sBELA*;? Unchecked;v1.6.0-140-g9a10cc1
roadmap;dimacs;91/800;800;    711516;   1110978;330196;1488;3813675;734753;271;3033;2.22669;329975;0;0;sBELA*;? Unchecked;v1.6.0-140-g9a10cc1
roadmap;dimacs;92/800;800;    129884;   1702774;256443;943;2963675;525342;1023;3033;1.77905;295293;0;0;sBELA*;? Unchecked;v1.6.0-140-g9a10cc1
roadmap;dimacs;93/800;800;    677739;   1445420;90417;332;1111178;210185;8835;3033;1.6087;130655;0;0;sBELA*;? Unchecked;v1.6.0-140-g9a10cc1
roadmap;dimacs;94/800;800;    689436;    132056;224853;727;2697688;510245;792;3033;1.50337;339401;0;0;sBELA*;? Unchecked;v1.6.0-140-g9a10cc1
roadmap;dimacs;95/800;800;    172705;   1375271;480521;1039;5217398;1330512;663;3033;3.46379;384120;0;0;sBELA*;? Unchecked;v1.6.0-140-g9a10cc1
roadmap;dimacs;96/800;800;   1879024;    843565;170548;720;2025998;152880;605;3033;0.686097;222826;0;0;sBELA*;? Unchecked;v1.6.0-140-g9a10cc1
roadmap;dimacs;97/800;800;    594555;   1305211;146214;968;1536409;484015;1280;3033;1.72872;279985;0;0;sBELA*;? Unchecked;v1.6.0-140-g9a10cc1
roadmap;dimacs;98/800;800;    338636;    646444;221052;1056;2535926;661345;450;3033;1.99998;330675;0;0;sBELA*;? Unchecked;v1.6.0-140-g9a10cc1
roadmap;dimacs;99/800;800;   1834673;    546450;436400;1195;5698174;389803;277;3033;1.3596;286705;0;0;sBELA*;? Unchecked;v1.6.0-140-g9a10cc1
roadmap;dimacs;0/900;900;   1158641;   1272769;836775;2205;9081433;1199317;403;3033;3.84928;311569;0;0;sBELA*;? Unchecked;v1.6.0-140-g9a10cc1
roadmap;dimacs;1/900;900;     54758;   1370062;348512;1527;4088494;739519;759;3033;2.67415;276544;0;0;sBELA*;? Unchecked;v1.6.0-140-g9a10cc1
roadmap;dimacs;2/900;900;    935047;   1190851;242246;525;3006984;132190;2541;3033;1.09094;121170;0;0;sBELA*;? Unchecked;v1.6.0-140-g9a10cc1
roadmap;dimacs;3/900;900;    548674;   1730064;185823;788;2234976;466958;1665;3033;1.55701;299906;0;0;sBELA*;? Unchecked;v1.6.0-140-g9a10cc1
roadmap;dimacs;4/900;900;    713105;   1135162;105821;263;1394952;95008;4896;3033;0.594003;159945;0;0;sBELA*;? Unchecked;v1.6.0-140-g9a10cc1
roadmap;dimacs;5/900;900;   1213983;   1847687;385742;1054;5259692;1352781;3245;3033;4.24707;318521;0;0;sBELA*;? Unchecked;v1.6.0-140-g9a10cc1
roadmap;dimacs;6/900;900;   1416819;   1454455;129232;558;1388235;448915;760;3033;1.30058;345165;0;0;sBELA*;? Unchecked;v1.6.0-140-g9a10cc1
roadmap;dimacs;7/900;900;   1202525;   1287863;187757;925;2205850;439714;333;3033;1.4025;313522;0;0;sBELA*;? Unchecked;v1.6.0-140-g9a10cc1
roadmap;dimacs;8/900;900;    416104;   1824062;341905;1266;4704890;882074;1816;3033;3.00465;293569;0;0;sBELA*;? Unchecked;v1.6.0-140-g9a10cc1
roadmap;dimacs;9/900;900;    350612;   1840987;740325;1636;9115940;1794230;390;3033;4.61018;389189;0;0;sBELA*;? Unchecked;v1.6.0-140-g9a10cc1
roadmap;dimacs;10/900;900;    581610;   1031954;665220;1737;7767787;1387213;310;3033;3.66231;378780;0;0;sBELA*;? Unchecked;v1.6.0-140-g9a10cc1
roadmap;dimacs;11/900;900;    329503;   1179401;311471;687;3446587;831176;366;3033;2.19829;378101;0;0;sBELA*;? Unchecked;v1.6.0-140-g9a10cc1
roadmap;dimacs;12/900;900;    480267;    159302;662588;1503;7974283;1140048;1009;3033;3.56195;320062;0;0;sBELA*;? Unchecked;v1.6.0-140-g9a10cc1
roadmap;dimacs;13/900;900;   1890527;   1576171;736387;1620;8709438;1287194;1151;3033;4.28768;300207;0;0;sBELA*;? Unchecked;v1.6.0-140-g9a10cc1
roadmap;dimacs;14/900;900;   1743677;    933040;323236;969;5426260;1340236;577;3033;3.38308;396158;0;0;sBELA*;? Unchecked;v1.6.0-140-g9a10cc1
roadmap;dimacs;15/900;900;   1460731;   1705524;743782;2202;8152790;1592956;73;3033;3.72502;427637;0;0;sBELA*;? Unchecked;v1.6.0-140-g9a10cc1
roadmap;dimacs;16/900;900;    801770;    765171;462423;1634;5189114;617773;648;3033;2.50629;246489;0;0;sBELA*;? Unchecked;v1.6.0-140-g9a10cc1
roadmap;dimacs;17/900;900;   1076837;   1604094;79473;409;1055367;213166;1351;3033;0.937035;227490;0;0;sBELA*;? Unchecked;v1.6.0-140-g9a10cc1
roadmap;dimacs;18/900;900;   1431544;    194846;459353;1539;5259277;969039;647;3033;3.24213;298890;0;0;sBELA*;? Unchecked;v1.6.0-140-g9a10cc1
roadmap;dimacs;19/900;900;   1536202;    632533;212958;697;2579367;614693;5121;3033;2.41184;254864;0;0;sBELA*;? Unchecked;v1.6.0-140-g9a10cc1
roadmap;dimacs;20/900;900;    356711;    288578;443907;1576;4883719;1076492;223;3033;2.80686;383522;0;0;sBELA*;? Unchecked;v1.6.0-140-g9a10cc1
roadmap;dimacs;21/900;900;   1416275;   1578430;108621;457;1177225;371506;11740;3033;2.93948;126385;0;0;sBELA*;? Unchecked;v1.6.0-140-g9a10cc1
roadmap;dimacs;22/900;900;   1267172;   1104888;580507;1385;6179824;1303464;303;3033;3.16547;411776;0;0;sBELA*;? Unchecked;v1.6.0-140-g9a10cc1
roadmap;dimacs;23/900;900;   1466216;   1076837;599781;1627;6568865;1245212;148;3033;3.05654;407393;0;0;sBELA*;? Unchecked;v1.6.0-140-g9a10cc1
roadmap;dimacs;24/900;900;   1228417;     41268;151577;923;1805083;261279;833;3033;1.2996;201046;0;0;sBELA*;? Unchecked;v1.6.0-140-g9a10cc1
roadmap;dimacs;25/900;900;    321340;    192757;126579;379;1500768;375155;646;3033;1.06352;352750;0;0;sBELA*;? Unchecked;v1.6.0-140-g9a10cc1
roadmap;dimacs;26/900;900;    965921;   1375640;462180;1282;6122684;1485572;1601;3033;4.16832;356396;0;0;sBELA*;? Unchecked;v1.6.0-140-g9a10cc1
roadmap;dimacs;27/900;900;   1657428;    779364;407496;1486;5065407;905069;736;3033;2.97569;304154;0;0;sBELA*;? Unchecked;v1.6.0-140-g9a10cc1
roadmap;dimacs;28/900;900;    454410;    618767;73790;397;955569;329111;390;3033;0.851995;386283;0;0;sBELA*;? Unchecked;v1.6.0-140-g9a10cc1
roadmap;dimacs;29/900;900;   1453433;   1181632;234980;574;3004092;684992;1379;3033;1.77781;385301;0;0;sBELA*;? Unchecked;v1.6.0-140-g9a10cc1
roadmap;dimacs;30/900;900;    261444;   1761841;63227;449;789933;220763;634;3033;0.777185;284055;0;0;sBELA*;? Unchecked;v1.6.0-140-g9a10cc1
roadmap;dimacs;31/900;900;   1710330;   1308565;571484;1237;6157127;1000483;191;3033;2.65628;376648;0;0;sBELA*;? Unchecked;v1.6.0-140-g9a10cc1
roadmap;dimacs;32/900;900;   1622269;    239225;324818;1518;3830859;654441;511;3033;1.95053;335519;0;0;sBELA*;? Unchecked;v1.6.0-140-g9a10cc1
roadmap;dimacs;33/900;900;    858782;    835734;273081;941;2932340;457881;833;3033;1.66958;274250;0;0;sBELA*;? Unchecked;v1.6.0-140-g9a10cc1
roadmap;dimacs;34/900;900;   1164733;   1686951;224372;630;3418685;143053;1410;3033;0.834355;171453;0;0;sBELA*;? Unchecked;v1.6.0-140-g9a10cc1
roadmap;dimacs;35/900;900;   1008319;    677177;694520;1764;8091669;1745926;1001;3033;5.07508;344019;0;0;sBELA*;? Unchecked;v1.6.0-140-g9a10cc1
roadmap;dimacs;36/900;900;   1646034;   1063654;838593;1907;9241754;1858919;70;3033;4.36897;425482;0;0;sBELA*;? Unchecked;v1.6.0-140-g9a10cc1
roadmap;dimacs;37/900;900;    682994;   1688601;1067651;3410;12098042;1867470;40;3033;4.75079;393086;0;0;sBELA*;? Unchecked;v1.6.0-140-g9a10cc1
roadmap;dimacs;38/900;900;    257300;    548822;568383;1143;6020906;1309957;277;3033;3.31163;395563;0;0;sBELA*;? Unchecked;v1.6.0-140-g9a10cc1
roadmap;dimacs;39/900;900;   1208113;    169244;86039;256;995198;56378;1226;3033;0.365748;154145;0;0;sBELA*;? Unchecked;v1.6.0-140-g9a10cc1
roadmap;dimacs;40/900;900;   1226440;   1391278;762181;2167;8142724;1479227;138;3033;3.8075;388503;0;0;sBELA*;? Unchecked;v1.6.0-140-g9a10cc1
roadmap;dimacs;41/900;900;    122277;   1128394;211069;721;2944830;500719;1202;3033;1.75099;285963;0;0;sBELA*;? Unchecked;v1.6.0-140-g9a10cc1
roadmap;dimacs;42/900;900;     66946;   1214669;559170;1054;5960131;971985;456;3033;2.82924;343550;0;0;sBELA*;? Unchecked;v1.6.0-140-g9a10cc1
roadmap;dimacs;43/900;900;    299055;   1685578;867092;2347;9966154;1809906;28;3033;4.19907;431026;0;0;sBELA*;? Unchecked;v1.6.0-140-g9a10cc1
roadmap;dimacs;44/900;900;   1617239;   1448010;431664;1332;4746157;1054312;691;3033;3.03999;346815;0;0;sBELA*;? Unchecked;v1.6.0-140-g9a10cc1
roadmap;dimacs;45/900;900;     88434;    220092;162378;811;1922374;395425;494;3033;1.24542;317504;0;0;sBELA*;? Unchecked;v1.6.0-140-g9a10cc1
roadmap;dimacs;46/900;900;    765554;   1136443;219632;717;2443569;448563;235;3033;1.36883;327698;0;0;sBELA*;? Unchecked;v1.6.0-140-g9a10cc1
roadmap;dimacs;47/900;900;   1662423;    665304;617218;2027;6865223;1498685;53;3033;3.54301;422997;0;0;sBELA*;? Unchecked;v1.6.0-140-g9a10cc1
roadmap;dimacs;48/900;900;    522581;    744644;559543;1295;6138090;1076416;156;3033;2.50262;430116;0;0;sBELA*;? Unchecked;v1.6.0-140-g9a10cc1
roadmap;dimacs;49/900;900;    880871;    913237;417900;1193;4898825;981486;1585;3033;3.17812;308826;0;0;sBELA*;? Unchecked;v1.6.0-140-g9a10cc1
roadmap;dimacs;50/900;900;    184031;   1879161;467172;1178;5260865;1210990;281;3033;3.00609;402846;0;0;sBELA*;? Unchecked;v1.6.0-140-g9a10cc1
roadmap;dimacs;51/900;900;    638122;   1463354;114492;431;1318315;179783;3135;3033;0.976586;184093;0;0;sBELA*;? Unchecked;v1.6.0-140-g9a10cc1
roadmap;dimacs;52/900;900;   1314005;    356552;391568;1172;4462649;947659;371;3033;2.67421;354369;0;0;sBELA*;? Unchecked;v1.6.0-140-g9a10cc1
roadmap;dimacs;53/900;900;     21748;   1031477;909846;2539;10681295;1535011;203;3033;4.53713;338322;0;0;sBELA*;? Unchecked;v1.6.0-140-g9a10cc1
roadmap;dimacs;54/900;900;    149376;    488085;110158;258;1226935;26380;1755;3033;0.273978;96285;0;0;sBELA*;? Unchecked;v1.6.0-140-g9a10cc1
roadmap;dimacs;55/900;900;   1471925;   1271058;63505;444;722953;229868;457;3033;0.617627;372179;0;0;sBELA*;? Unchecked;v1.6.0-140-g9a10cc1
roadmap;dimacs;56/900;900;    531829;    538074;663794;1943;7230325;1319708;223;3033;3.80346;346976;0;0;sBELA*;? Unchecked;v1.6.0-140-g9a10cc1
roadmap;dimacs;57/900;900;     65785;   1728556;255073;1019;3029813;623715;2448;3033;2.5649;243174;0;0;sBELA*;? Unchecked;v1.6.0-140-g9a10cc1
roadmap;dimacs;58/900;900;   1182648;    947461;461621;1103;5480131;1336786;217;3033;3.17393;421177;0;0;sBELA*;? Unchecked;v1.6.0-140-g9a10cc1
roadmap;dimacs;59/900;900;    834369;   1832866;502291;1360;6184483;1425478;581;3033;3.71259;383958;0;0;sBELA*;? Unchecked;v1.6.0-140-g9a10cc1
roadmap;dimacs;60/900;900;   1579344;    795855;1121257;3404;13143916;1884522;102;3033;5.38235;350130;0;0;sBELA*;? Unchecked;v1.6.0-140-g9a10cc1
roadmap;dimacs;61/900;900;    830015;   1296962;605605;1351;6488804;1055210;161;3033;2.72512;387216;0;0;sBELA*;? Unchecked;v1.6.0-140-g9a10cc1
roadmap;dimacs;62/900;900;    390249;     22433;179570;796;2516058;355358;269;3033;1.20707;294398;0;0;sBELA*;? Unchecked;v1.6.0-140-g9a10cc1
roadmap;dimacs;63/900;900;   1361440;    776903;455922;1692;6005917;1471928;1809;3033;5.02188;293103;0;0;sBELA*;? Unchecked;v1.6.0-140-g9a10cc1
roadmap;dimacs;64/900;900;   1526444;    433636;84680;441;1090532;259728;892;3033;0.858934;302384;0;0;sBELA*;? Unchecked;v1.6.0-140-g9a10cc1
roadmap;dimacs;65/900;900;    653723;   1649198;619628;1798;6702834;1071768;32;3055;2.3946;447577;0;0;sBELA*;? Unchecked;v1.6.0-140-g9a10cc1
roadmap;dimacs;66/900;900;   1848324;   1867145;207351;313;2485381;104591;8167;3055;1.11613;93708.7;0;0;sBELA*;? Unchecked;v1.6.0-140-g9a10cc1
roadmap;dimacs;67/900;900;    556081;   1705850;131686;552;1729614;327740;672;3055;0.959209;341677;0;0;sBELA*;? Unchecked;v1.6.0-140-g9a10cc1
roadmap;dimacs;68/900;900;   1041215;   1753708;535527;1136;7038491;387535;1405;3055;1.91851;201998;0;0;sBELA*;? Unchecked;v1.6.0-140-g9a10cc1
roadmap;dimacs;69/900;900;   1673024;   1341690;235145;734;3011784;213859;1705;3055;1.13732;188038;0;0;sBELA*;? Unchecked;v1.6.0-140-g9a10cc1
roadmap;dimacs;70/900;900;   1305038;   1494283;532061;1215;5868006;1269640;586;3055;3.48825;363976;0;0;sBELA*;? Unchecked;v1.6.0-140-g9a10cc1
roadmap;dimacs;71/900;900;    989350;    282657;490147;1042;5936758;695262;627;3055;2.0861;333283;0;0;sBELA*;? Unchecked;v1.6.0-140-g9a10cc1
roadmap;dimacs;72/900;900;    277177;    414997;617912;1572;6899282;1519509;607;3055;4.26744;356070;0;0;sBELA*;? Unchecked;v1.6.0-140-g9a10cc1
roadmap;dimacs;73/900;900;    189385;    632745;319084;1377;3513148;807623;38;3055;1.91957;420730;0;0;sBELA*;? Unchecked;v1.6.0-140-g9a10cc1
roadmap;dimacs;74/900;900;   1642632;    169223;180387;623;2267361;178739;6179;3055;1.47296;121347;0;0;sBELA*;? Unchecked;v1.6.0-140-g9a10cc1
roadmap;dimacs;75/900;900;   1160966;    638119;1038391;3045;11495073;1711440;187;3055;4.68041;365660;0;0;sBELA*;? Unchecked;v1.6.0-140-g9a10cc1
roadmap;dimacs;76/900;900;   1759861;   1021392;702708;1538;8552529;1696424;303;3055;4.59782;368963;0;0;sBELA*;? Unchecked;v1.6.0-140-g9a10cc1
roadmap;dimacs;77/900;900;    681135;     95876;662821;1718;7581402;1338630;960;3055;3.37903;396158;0;0;sBELA*;? Unchecked;v1.6.0-140-g9a10cc1
roadmap;dimacs;78/900;900;    614892;    385398;803037;2066;8944941;1759184;392;3055;5.03161;349627;0;0;sBELA*;? Unchecked;v1.6.0-140-g9a10cc1
roadmap;dimacs;79/900;900;   1726489;   1469303;862661;2276;9933354;1674613;302;3055;5.01453;333952;0;0;sBELA*;? Unchecked;v1.6.0-140-g9a10cc1
roadmap;dimacs;80/900;900;     52390;    909716;192130;588;2589639;314090;1374;3055;1.19428;262996;0;0;sBELA*;? Unchecked;v1.6.0-140-g9a10cc1
roadmap;dimacs;81/900;900;   1438544;   1709652;210940;738;2861490;408803;586;3055;1.29498;315683;0;0;sBELA*;? Unchecked;v1.6.0-140-g9a10cc1
roadmap;dimacs;82/900;900;   1885245;   1219012;568631;964;7657419;910192;2003;3055;3.00145;303251;0;0;sBELA*;? Unchecked;v1.6.0-140-g9a10cc1
roadmap;dimacs;83/900;900;    474128;    462404;632962;1669;6969804;1388527;160;3055;3.41831;406203;0;0;sBELA*;? Unchecked;v1.6.0-140-g9a10cc1
roadmap;dimacs;84/900;900;   1776146;    980278;386384;1131;5051459;903000;2311;3055;3.14157;287436;0;0;sBELA*;? Unchecked;v1.6.0-140-g9a10cc1
roadmap;dimacs;85/900;900;   1391963;    468960;690267;2004;7717609;1493195;181;3055;3.92953;379994;0;0;sBELA*;? Unchecked;v1.6.0-140-g9a10cc1
roadmap;dimacs;86/900;900;   1052481;    543349;703537;2134;9460572;1433265;546;3055;4.46336;321118;0;0;sBELA*;? Unchecked;v1.6.0-140-g9a10cc1
roadmap;dimacs;87/900;900;   1821017;    791672;551935;1100;6671376;237807;882;3055;1.61359;147377;0;0;sBELA*;? Unchecked;v1.6.0-140-g9a10cc1
roadmap;dimacs;88/900;900;    135239;   1107730;177484;562;1990110;263850;443;3055;0.912427;289174;0;0;sBELA*;? Unchecked;v1.6.0-140-g9a10cc1
roadmap;dimacs;89/900;900;    105712;   1042809;626385;1609;8540530;1865104;422;3055;4.67305;399119;0;0;sBELA*;? Unchecked;v1.6.0-140-g9a10cc1
roadmap;dimacs;90/900;900;    269271;     31624;538827;1476;5830499;1224803;77;3055;2.88197;424988;0;0;sBELA*;? Unchecked;v1.6.0-140-g9a10cc1
roadmap;dimacs;91/900;900;    711516;   1110978;330196;1489;3813678;734759;294;3055;2.30289;319059;0;0;sBELA*;? Unchecked;v1.6.0-140-g9a10cc1
roadmap;dimacs;92/900;900;    129884;   1702774;256443;947;2963684;525345;1129;3055;1.87131;280737;0;0;sBELA*;? Unchecked;v1.6.0-140-g9a10cc1
roadmap;dimacs;93/900;900;    677739;   1445420;90417;329;1111231;210198;9678;3055;1.74848;120217;0;0;sBELA*;? Unchecked;v1.6.0-140-g9a10cc1
roadmap;dimacs;94/900;900;    689436;    132056;224853;727;2697696;510246;867;3055;1.56853;325302;0;0;sBELA*;? Unchecked;v1.6.0-140-g9a10cc1
roadmap;dimacs;95/900;900;    172705;   1375271;480521;1070;5217405;1330514;729;3055;3.5317;376735;0;0;sBELA*;? Unchecked;v1.6.0-140-g9a10cc1
roadmap;dimacs;96/900;900;   1879024;    843565;170548;723;2026002;152881;648;3055;0.723863;211202;0;0;sBELA*;? Unchecked;v1.6.0-140-g9a10cc1
roadmap;dimacs;97/900;900;    594555;   1305211;146214;972;1536421;484018;1432;3055;1.84982;261656;0;0;sBELA*;? Unchecked;v1.6.0-140-g9a10cc1
roadmap;dimacs;98/900;900;    338636;    646444;221052;1054;2535933;661346;499;3055;2.07704;318408;0;0;sBELA*;? Unchecked;v1.6.0-140-g9a10cc1
roadmap;dimacs;99/900;900;   1834673;    546450;436400;1193;5698179;389804;304;3055;1.40308;277821;0;0;sBELA*;? Unchecked;v1.6.0-140-g9a10cc1
roadmap;dimacs;0/1000;1000;   1158641;   1272769;836775;2207;9081435;1199319;425;3055;3.95498;303243;0;0;sBELA*;? Unchecked;v1.6.0-140-g9a10cc1
roadmap;dimacs;1/1000;1000;     54758;   1370062;348512;1529;4088498;739519;812;3055;2.77756;266247;0;0;sBELA*;? Unchecked;v1.6.0-140-g9a10cc1
roadmap;dimacs;2/1000;1000;    935047;   1190851;242246;520;3007014;132192;2833;3055;1.18553;111505;0;0;sBELA*;? Unchecked;v1.6.0-140-g9a10cc1
roadmap;dimacs;3/1000;1000;    548674;   1730064;185823;788;2234988;466964;1833;3055;1.61647;288879;0;0;sBELA*;? Unchecked;v1.6.0-140-g9a10cc1
roadmap;dimacs;4/1000;1000;    713105;   1135162;105821;260;1395000;95013;5424;3055;0.626358;151691;0;0;sBELA*;? Unchecked;v1.6.0-140-g9a10cc1
roadmap;dimacs;5/1000;1000;   1213983;   1847687;385742;1053;5259709;1352787;3589;3055;4.40016;307441;0;0;sBELA*;? Unchecked;v1.6.0-140-g9a10cc1
roadmap;dimacs;6/1000;1000;   1416819;   1454455;129232;586;1388247;448918;833;3055;1.34749;333151;0;0;sBELA*;? Unchecked;v1.6.0-140-g9a10cc1
roadmap;dimacs;7/1000;1000;   1202525;   1287863;187757;927;2205855;439716;364;3055;1.44746;303785;0;0;sBELA*;? Unchecked;v1.6.0-140-g9a10cc1
roadmap;dimacs;8/1000;1000;    416104;   1824062;341905;1267;4704899;882077;1982;3055;3.1312;281705;0;0;sBELA*;? Unchecked;v1.6.0-140-g9a10cc1
roadmap;dimacs;9/1000;1000;    350612;   1840987;740325;1632;9115947;1794230;429;3055;4.68952;382604;0;0;sBELA*;? Unchecked;v1.6.0-140-g9a10cc1
roadmap;dimacs;10/1000;1000;    581610;   1031954;665220;1740;7767790;1387215;329;3055;3.73043;371865;0;0;sBELA*;? Unchecked;v1.6.0-140-g9a10cc1
roadmap;dimacs;11/1000;1000;    329503;   1179401;311471;692;3446593;831178;395;3055;2.21783;374771;0;0;sBELA*;? Unchecked;v1.6.0-140-g9a10cc1
roadmap;dimacs;12/1000;1000;    480267;    159302;662588;1503;7974290;1140049;1086;3055;3.68484;309389;0;0;sBELA*;? Unchecked;v1.6.0-140-g9a10cc1
roadmap;dimacs;13/1000;1000;   1890527;   1576171;736387;1612;8709450;1287201;1267;3055;4.4645;288319;0;0;sBELA*;? Unchecked;v1.6.0-140-g9a10cc1
roadmap;dimacs;14/1000;1000;   1743677;    933040;323236;966;5426263;1340238;628;3055;3.45732;387652;0;0;sBELA*;? Unchecked;v1.6.0-140-g9a10cc1
roadmap;dimacs;15/1000;1000;   1460731;   1705524;743782;2198;8152791;1592956;76;3055;3.74938;424858;0;0;sBELA*;? Unchecked;v1.6.0-140-g9a10cc1
roadmap;dimacs;16/1000;1000;    801770;    765171;462423;1634;5189120;617774;719;3055;2.61696;236066;0;0;sBELA*;? Unchecked;v1.6.0-140-g9a10cc1
roadmap;dimacs;17/1000;1000;   1076837;   1604094;79473;404;1055383;213167;1501;3055;1.00756;211567;0;0;sBELA*;? Unchecked;v1.6.0-140-g9a10cc1
roadmap;dimacs;18/1000;1000;   1431544;    194846;459353;1539;5259281;969039;696;3055;3.40124;284908;0;0;sBELA*;? Unchecked;v1.6.0-140-g9a10cc1
roadmap;dimacs;19/1000;1000;   1536202;    632533;212958;696;2579401;614714;5700;3055;2.5598;240142;0;0;sBELA*;? Unchecked;v1.6.0-140-g9a10cc1
roadmap;dimacs;20/1000;1000;    356711;    288578;443907;1570;4883723;1076492;242;3055;2.85225;377418;0;0;sBELA*;? Unchecked;v1.6.0-140-g9a10cc1
roadmap;dimacs;21/1000;1000;   1416275;   1578430;108621;454;1177257;371510;12973;3055;3.25822;114023;0;0;sBELA*;? Unchecked;v1.6.0-140-g9a10cc1
roadmap;dimacs;22/1000;1000;   1267172;   1104888;580507;1390;6179826;1303464;324;3055;3.27763;397685;0;0;sBELA*;? Unchecked;v1.6.0-140-g9a10cc1
roadmap;dimacs;23/1000;1000;   1466216;   1076837;599781;1628;6568867;1245212;157;3055;3.10356;401220;0;0;sBELA*;? Unchecked;v1.6.0-140-g9a10cc1
roadmap;dimacs;24/1000;1000;   1228417;     41268;151577;921;1805089;261281;918;3055;1.39288;187583;0;0;sBELA*;? Unchecked;v1.6.0-140-g9a10cc1
roadmap;dimacs;25/1000;1000;    321340;    192757;126579;392;1500783;375159;701;3055;1.06862;351069;0;0;sBELA*;? Unchecked;v1.6.0-140-g9a10cc1
roadmap;dimacs;26/1000;1000;    965921;   1375640;462180;1292;6122695;1485575;1789;3055;4.24398;350043;0;0;sBELA*;? Unchecked;v1.6.0-140-g9a10cc1
roadmap;dimacs;27/1000;1000;   1657428;    779364;407496;1484;5065417;905070;822;3055;3.14606;287683;0;0;sBELA*;? Unchecked;v1.6.0-140-g9a10cc1
roadmap;dimacs;28/1000;1000;    454410;    618767;73790;401;955580;329117;432;3055;0.909811;361742;0;0;sBELA*;? Unchecked;v1.6.0-140-g9a10cc1
roadmap;dimacs;29/1000;1000;   1453433;   1181632;234980;575;3004116;684994;1531;3055;1.82628;375077;0;0;sBELA*;? Unchecked;v1.6.0-140-g9a10cc1
roadmap;dimacs;30/1000;1000;    261444;   1761841;63227;477;789938;220763;686;3055;0.813284;271446;0;0;sBELA*;? Unchecked;v1.6.0-140-g9a10cc1
roadmap;dimacs;31/1000;1000;   1710330;   1308565;571484;1240;6157129;1000483;206;3055;2.75685;362907;0;0;sBELA*;? Unchecked;v1.6.0-140-g9a10cc1
roadmap;dimacs;32/1000;1000;   1622269;    239225;324818;1514;3830862;654442;550;3055;1.97386;331554;0;0;sBELA*;? Unchecked;v1.6.0-140-g9a10cc1
roadmap;dimacs;33/1000;1000;    858782;    835734;273081;938;2932347;457886;909;3055;1.74264;262755;0;0;sBELA*;? Unchecked;v1.6.0-140-g9a10cc1
roadmap;dimacs;34/1000;1000;   1164733;   1686951;224372;629;3418708;143055;1620;3055;0.90595;157906;0;0;sBELA*;? Unchecked;v1.6.0-140-g9a10cc1
roadmap;dimacs;35/1000;1000;   1008319;    677177;694520;1772;8091677;1745928;1083;3055;5.26462;331634;0;0;sBELA*;? Unchecked;v1.6.0-140-g9a10cc1
roadmap;dimacs;36/1000;1000;   1646034;   1063654;838593;1903;9241754;1858919;79;3055;4.41086;421441;0;0;sBELA*;? Unchecked;v1.6.0-140-g9a10cc1
roadmap;dimacs;37/1000;1000;    682994;   1688601;1067651;3405;12098043;1867470;45;3055;4.85923;384314;0;0;sBELA*;? Unchecked;v1.6.0-140-g9a10cc1
roadmap;dimacs;38/1000;1000;    257300;    548822;568383;1143;6020911;1309959;306;3055;3.33897;392325;0;0;sBELA*;? Unchecked;v1.6.0-140-g9a10cc1
roadmap;dimacs;39/1000;1000;   1208113;    169244;86039;257;995213;56380;1348;3055;0.391622;143965;0;0;sBELA*;? Unchecked;v1.6.0-140-g9a10cc1
roadmap;dimacs;40/1000;1000;   1226440;   1391278;762181;2164;8142725;1479227;146;3055;3.85194;384022;0;0;sBELA*;? Unchecked;v1.6.0-140-g9a10cc1
roadmap;dimacs;41/1000;1000;    122277;   1128394;211069;716;2944840;500723;1292;3055;1.79358;279174;0;0;sBELA*;? Unchecked;v1.6.0-140-g9a10cc1
roadmap;dimacs;42/1000;1000;     66946;   1214669;559170;1054;5960137;971985;492;3055;2.91838;333057;0;0;sBELA*;? Unchecked;v1.6.0-140-g9a10cc1
roadmap;dimacs;43/1000;1000;    299055;   1685578;867092;2348;9966156;1809906;34;3055;4.19621;431319;0;0;sBELA*;? Unchecked;v1.6.0-140-g9a10cc1
roadmap;dimacs;44/1000;1000;   1617239;   1448010;431664;1340;4746161;1054313;747;3055;3.12677;337189;0;0;sBELA*;? Unchecked;v1.6.0-140-g9a10cc1
roadmap;dimacs;45/1000;1000;     88434;    220092;162378;817;1922379;395427;536;3055;1.28688;307275;0;0;sBELA*;? Unchecked;v1.6.0-140-g9a10cc1
roadmap;dimacs;46/1000;1000;    765554;   1136443;219632;716;2443576;448563;256;3055;1.42062;315751;0;0;sBELA*;? Unchecked;v1.6.0-140-g9a10cc1
roadmap;dimacs;47/1000;1000;   1662423;    665304;617218;2027;6865223;1498685;56;3055;3.59646;416712;0;0;sBELA*;? Unchecked;v1.6.0-140-g9a10cc1
roadmap;dimacs;48/1000;1000;    522581;    744644;559543;1298;6138092;1076416;169;3055;2.52405;426463;0;0;sBELA*;? Unchecked;v1.6.0-140-g9a10cc1
roadmap;dimacs;49/1000;1000;    880871;    913237;417900;1191;4898836;981491;1750;3055;3.28608;298682;0;0;sBELA*;? Unchecked;v1.6.0-140-g9a10cc1
roadmap;dimacs;50/1000;1000;    184031;   1879161;467172;1178;5260871;1210991;303;3055;3.06485;395122;0;0;sBELA*;? Unchecked;v1.6.0-140-g9a10cc1
roadmap;dimacs;51/1000;1000;    638122;   1463354;114492;443;1318350;179795;3522;3055;1.05607;170249;0;0;sBELA*;? Unchecked;v1.6.0-140-g9a10cc1
roadmap;dimacs;52/1000;1000;   1314005;    356552;391568;1165;4462653;947659;401;3055;2.73037;347081;0;0;sBELA*;? Unchecked;v1.6.0-140-g9a10cc1
roadmap;dimacs;53/1000;1000;     21748;   1031477;909846;2539;10681297;1535011;223;3055;4.68419;327701;0;0;sBELA*;? Unchecked;v1.6.0-140-g9a10cc1
roadmap;dimacs;54/1000;1000;    149376;    488085;110158;235;1226948;26381;1857;3055;0.295582;89251;0;0;sBELA*;? Unchecked;v1.6.0-140-g9a10cc1
roadmap;dimacs;55/1000;1000;   1471925;   1271058;63505;440;722964;229878;506;3055;0.64701;355293;0;0;sBELA*;? Unchecked;v1.6.0-140-g9a10cc1
roadmap;dimacs;56/1000;1000;    531829;    538074;663794;1946;7230328;1319708;237;3055;3.89571;338759;0;0;sBELA*;? Unchecked;v1.6.0-140-g9a10cc1
roadmap;dimacs;57/1000;1000;     65785;   1728556;255073;1017;3029824;623716;2678;3055;2.73849;227759;0;0;sBELA*;? Unchecked;v1.6.0-140-g9a10cc1
roadmap;dimacs;58/1000;1000;   1182648;    947461;461621;1106;5480136;1336787;238;3055;3.21503;415793;0;0;sBELA*;? Unchecked;v1.6.0-140-g9a10cc1
roadmap;dimacs;59/1000;1000;    834369;   1832866;502291;1359;6184488;1425480;633;3055;3.83886;371329;0;0;sBELA*;? Unchecked;v1.6.0-140-g9a10cc1
roadmap;dimacs;60/1000;1000;   1579344;    795855;1121257;3403;13143917;1884522;108;3055;5.51546;341680;0;0;sBELA*;? Unchecked;v1.6.0-140-g9a10cc1
roadmap;dimacs;61/1000;1000;    830015;   1296962;605605;1352;6488806;1055210;177;3055;2.79639;377347;0;0;sBELA*;? Unchecked;v1.6.0-140-g9a10cc1
roadmap;dimacs;62/1000;1000;    390249;     22433;179570;798;2516063;355359;295;3055;1.26368;281209;0;0;sBELA*;? Unchecked;v1.6.0-140-g9a10cc1
roadmap;dimacs;63/1000;1000;   1361440;    776903;455922;1689;6005926;1471932;1975;3055;5.15195;285704;0;0;sBELA*;? Unchecked;v1.6.0-140-g9a10cc1
roadmap;dimacs;64/1000;1000;   1526444;    433636;84680;458;1090548;259741;978;3055;0.895552;290035;0;0;sBELA*;? Unchecked;v1.6.0-140-g9a10cc1
roadmap;dimacs;65/1000;1000;    653723;   1649198;619628;1798;6702834;1071768;35;3055;2.4138;444017;0;0;sBELA*;? Unchecked;v1.6.0-140-g9a10cc1
roadmap;dimacs;66/1000;1000;   1848324;   1867145;207351;319;2485496;104609;9041;3055;1.19024;87889.2;0;0;sBELA*;? Unchecked;v1.6.0-140-g9a10cc1
roadmap;dimacs;67/1000;1000;    556081;   1705850;131686;551;1729624;327743;737;3055;0.991258;330633;0;0;sBELA*;? Unchecked;v1.6.0-140-g9a10cc1
roadmap;dimacs;68/1000;1000;   1041215;   1753708;535527;1134;7038501;387535;1539;3055;2.01923;191922;0;0;sBELA*;? Unchecked;v1.6.0-140-g9a10cc1
roadmap;dimacs;69/1000;1000;   1673024;   1341690;235145;731;3011797;213863;1910;3055;1.24998;171093;0;0;sBELA*;? Unchecked;v1.6.0-140-g9a10cc1
roadmap;dimacs;70/1000;1000;   1305038;   1494283;532061;1211;5868009;1269646;630;3055;3.59215;353450;0;0;sBELA*;? Unchecked;v1.6.0-140-g9a10cc1
roadmap;dimacs;71/1000;1000;    989350;    282657;490147;1041;5936768;695271;696;3055;2.15781;322211;0;0;sBELA*;? Unchecked;v1.6.0-140-g9a10cc1
roadmap;dimacs;72/1000;1000;    277177;    414997;617912;1577;6899286;1519510;651;3055;4.41463;344199;0;0;sBELA*;? Unchecked;v1.6.0-140-g9a10cc1
roadmap;dimacs;73/1000;1000;    189385;    632745;319084;1376;3513151;807623;41;3055;1.92645;419229;0;0;sBELA*;? Unchecked;v1.6.0-140-g9a10cc1
roadmap;dimacs;74/1000;1000;   1642632;    169223;180387;624;2267391;178748;6840;3055;1.58747;112599;0;0;sBELA*;? Unchecked;v1.6.0-140-g9a10cc1
roadmap;dimacs;75/1000;1000;   1160966;    638119;1038391;3041;11495075;1711440;201;3055;4.81287;355596;0;0;sBELA*;? Unchecked;v1.6.0-140-g9a10cc1
roadmap;dimacs;76/1000;1000;   1759861;   1021392;702708;1543;8552531;1696424;329;3055;4.64597;365139;0;0;sBELA*;? Unchecked;v1.6.0-140-g9a10cc1
roadmap;dimacs;77/1000;1000;    681135;     95876;662821;1716;7581408;1338632;1053;3055;3.46589;386230;0;0;sBELA*;? Unchecked;v1.6.0-140-g9a10cc1
roadmap;dimacs;78/1000;1000;    614892;    385398;803037;2062;8944944;1759184;428;3055;5.1775;339775;0;0;sBELA*;? Unchecked;v1.6.0-140-g9a10cc1
roadmap;dimacs;79/1000;1000;   1726489;   1469303;862661;2275;9933357;1674613;325;3055;5.1244;326792;0;0;sBELA*;? Unchecked;v1.6.0-140-g9a10cc1
roadmap;dimacs;80/1000;1000;     52390;    909716;192130;587;2589653;314091;1511;3055;1.28318;244775;0;0;sBELA*;? Unchecked;v1.6.0-140-g9a10cc1
roadmap;dimacs;81/1000;1000;   1438544;   1709652;210940;740;2861492;408806;626;3055;1.33891;305326;0;0;sBELA*;? Unchecked;v1.6.0-140-g9a10cc1
roadmap;dimacs;82/1000;1000;   1885245;   1219012;568631;969;7657436;910199;2213;3055;3.14618;289303;0;0;sBELA*;? Unchecked;v1.6.0-140-g9a10cc1
roadmap;dimacs;83/1000;1000;    474128;    462404;632962;1666;6969807;1388527;174;3055;3.45712;401642;0;0;sBELA*;? Unchecked;v1.6.0-140-g9a10cc1
roadmap;dimacs;84/1000;1000;   1776146;    980278;386384;1135;5051469;903001;2491;3055;3.28388;274980;0;0;sBELA*;? Unchecked;v1.6.0-140-g9a10cc1
roadmap;dimacs;85/1000;1000;   1391963;    468960;690267;2006;7717612;1493197;198;3055;4.01114;372263;0;0;sBELA*;? Unchecked;v1.6.0-140-g9a10cc1
roadmap;dimacs;86/1000;1000;   1052481;    543349;703537;2134;9460575;1433266;585;3055;4.58905;312323;0;0;sBELA*;? Unchecked;v1.6.0-140-g9a10cc1
roadmap;dimacs;87/1000;1000;   1821017;    791672;551935;1107;6671385;237807;973;3055;1.68545;141094;0;0;sBELA*;? Unchecked;v1.6.0-140-g9a10cc1
roadmap;dimacs;88/1000;1000;    135239;   1107730;177484;563;1990113;263851;479;3055;0.957665;275515;0;0;sBELA*;? Unchecked;v1.6.0-140-g9a10cc1
roadmap;dimacs;89/1000;1000;    105712;   1042809;626385;1607;8540535;1865106;460;3055;4.75532;392215;0;0;sBELA*;? Unchecked;v1.6.0-140-g9a10cc1
roadmap;dimacs;90/1000;1000;    269271;     31624;538827;1479;5830501;1224803;84;3055;2.90658;421389;0;0;sBELA*;? Unchecked;v1.6.0-140-g9a10cc1
roadmap;dimacs;91/1000;1000;    711516;   1110978;330196;1485;3813680;734759;316;3055;2.40008;306139;0;0;sBELA*;? Unchecked;v1.6.0-140-g9a10cc1
roadmap;dimacs;92/1000;1000;    129884;   1702774;256443;936;2963691;525346;1232;3055;1.95591;268594;0;0;sBELA*;? Unchecked;v1.6.0-140-g9a10cc1
roadmap;dimacs;93/1000;1000;    677739;   1445420;90417;345;1111288;210234;10614;3055;1.89964;110671;0;0;sBELA*;? Unchecked;v1.6.0-140-g9a10cc1
roadmap;dimacs;94/1000;1000;    689436;    132056;224853;724;2697705;510246;943;3055;1.58912;321087;0;0;sBELA*;? Unchecked;v1.6.0-140-g9a10cc1
roadmap;dimacs;95/1000;1000;    172705;   1375271;480521;1070;5217412;1330519;789;3055;3.61834;367715;0;0;sBELA*;? Unchecked;v1.6.0-140-g9a10cc1
roadmap;dimacs;96/1000;1000;   1879024;    843565;170548;719;2026007;152883;689;3055;0.74618;204888;0;0;sBELA*;? Unchecked;v1.6.0-140-g9a10cc1
roadmap;dimacs;97/1000;1000;    594555;   1305211;146214;970;1536433;484022;1612;3055;1.95556;247510;0;0;sBELA*;? Unchecked;v1.6.0-140-g9a10cc1
roadmap;dimacs;98/1000;1000;    338636;    646444;221052;1054;2535938;661348;537;3055;2.11568;312594;0;0;sBELA*;? Unchecked;v1.6.0-140-g9a10cc1
roadmap;dimacs;99/1000;1000;   1834673;    546450;436400;1194;5698183;389806;325;3055;1.47855;263641;0;0;sBELA*;? Unchecked;v1.6.0-140-g9a10cc1
