domain;variant;id;k;start;goal;h0;length;cost;expansions;nbcentroids;mem;runtime;expansions/sec;nbinconsistencies;air;solver;doctor;version
roadmap;dimacs;0/1;1;    294756;    116704;0;1116;4213913;306424;1;485;0.769058;398441;0;0;sBELA0;? Unchecked;v1.6.0-140-g9a10cc1
roadmap;dimacs;1/1;1;    325364;     11913;0;1263;4116051;307929;1;494;0.634389;485395;0;0;sBELA0;? Unchecked;v1.6.0-140-g9a10cc1
roadmap;dimacs;2/1;1;    285177;    334042;0;417;3637123;242801;1;494;0.525097;462393;0;0;sBELA0;? Unchecked;v1.6.0-140-g9a10cc1
roadmap;dimacs;3/1;1;    236480;     66871;0;755;3645074;292931;1;503;0.547189;535338;0;0;sBELA0;? Unchecked;v1.6.0-140-g9a10cc1
roadmap;dimacs;4/1;1;    249937;    358183;0;1212;5848233;417067;1;609;0.886085;470685;0;0;sBELA0;? Unchecked;v1.6.0-140-g9a10cc1
roadmap;dimacs;5/1;1;    278932;    202424;0;1208;5259206;416299;1;609;0.838919;496233;0;0;sBELA0;? Unchecked;v1.6.0-140-g9a10cc1
roadmap;dimacs;6/1;1;    430744;    255885;0;720;2988208;213555;1;609;0.420123;508315;0;0;sBELA0;? Unchecked;v1.6.0-140-g9a10cc1
roadmap;dimacs;7/1;1;    167653;    110820;0;451;1630652;125136;1;609;0.225395;555186;0;0;sBELA0;? Unchecked;v1.6.0-140-g9a10cc1
roadmap;dimacs;8/1;1;    389224;    209129;0;869;3482878;280995;1;609;0.514994;545628;0;0;sBELA0;? Unchecked;v1.6.0-140-g9a10cc1
roadmap;dimacs;9/1;1;    361295;    369960;0;203;826896;18750;1;609;0.0409817;457521;0;0;sBELA0;? Unchecked;v1.6.0-140-g9a10cc1
roadmap;dimacs;10/1;1;     63073;    122016;0;553;1057341;146433;1;609;0.273729;534956;0;0;sBELA0;? Unchecked;v1.6.0-140-g9a10cc1
roadmap;dimacs;11/1;1;    377280;     89101;0;1018;3953934;249419;1;609;0.45457;548692;0;0;sBELA0;? Unchecked;v1.6.0-140-g9a10cc1
roadmap;dimacs;12/1;1;    184086;      9250;0;412;1411330;102866;1;609;0.195109;527223;0;0;sBELA0;? Unchecked;v1.6.0-140-g9a10cc1
roadmap;dimacs;13/1;1;     11558;    157695;0;475;1398938;190773;1;609;0.333311;572357;0;0;sBELA0;? Unchecked;v1.6.0-140-g9a10cc1
roadmap;dimacs;14/1;1;    290606;    380934;0;899;3361700;128072;1;609;0.286407;447168;0;0;sBELA0;? Unchecked;v1.6.0-140-g9a10cc1
roadmap;dimacs;15/1;1;    312872;    335255;0;1137;5080372;215420;1;609;0.524079;411045;0;0;sBELA0;? Unchecked;v1.6.0-140-g9a10cc1
roadmap;dimacs;16/1;1;    172626;    340963;0;503;1825204;70076;1;609;0.136851;512062;0;0;sBELA0;? Unchecked;v1.6.0-140-g9a10cc1
roadmap;dimacs;17/1;1;     71257;    309332;0;808;3137785;361404;1;609;0.660158;547450;0;0;sBELA0;? Unchecked;v1.6.0-140-g9a10cc1
roadmap;dimacs;18/1;1;    197543;    272443;0;1206;3728256;358834;1;609;0.701838;511277;0;0;sBELA0;? Unchecked;v1.6.0-140-g9a10cc1
roadmap;dimacs;19/1;1;    115849;    293642;0;1230;4552429;408251;1;609;0.844429;483464;0;0;sBELA0;? Unchecked;v1.6.0-140-g9a10cc1
roadmap;dimacs;20/1;1;     96029;    288190;0;1381;5471958;411473;1;669;0.858522;479281;0;0;sBELA0;? Unchecked;v1.6.0-140-g9a10cc1
roadmap;dimacs;21/1;1;    123302;    388474;0;610;2889335;317123;1;669;0.567245;559058;0;0;sBELA0;? Unchecked;v1.6.0-140-g9a10cc1
roadmap;dimacs;22/1;1;    395621;    154547;0;1150;4759286;199616;1;669;0.517271;385902;0;0;sBELA0;? Unchecked;v1.6.0-140-g9a10cc1
roadmap;dimacs;23/1;1;    223763;    127629;0;552;1965611;249703;1;669;0.405092;616411;0;0;sBELA0;? Unchecked;v1.6.0-140-g9a10cc1
roadmap;dimacs;24/1;1;    327745;    375938;0;1194;5462085;405016;1;669;0.846638;478381;0;0;sBELA0;? Unchecked;v1.6.0-140-g9a10cc1
roadmap;dimacs;25/1;1;    175197;      5809;0;865;2919985;170946;1;669;0.354603;482077;0;0;sBELA0;? Unchecked;v1.6.0-140-g9a10cc1
roadmap;dimacs;26/1;1;    188424;    158412;0;800;2521863;259607;1;669;0.486379;533754;0;0;sBELA0;? Unchecked;v1.6.0-140-g9a10cc1
roadmap;dimacs;27/1;1;    268346;    359471;0;1014;3161795;296218;1;669;0.545243;543277;0;0;sBELA0;? Unchecked;v1.6.0-140-g9a10cc1
roadmap;dimacs;28/1;1;    174382;    236731;0;1139;4391949;392446;1;669;0.832094;471637;0;0;sBELA0;? Unchecked;v1.6.0-140-g9a10cc1
roadmap;dimacs;29/1;1;    204045;    159790;0;916;2894799;241255;1;669;0.466212;517479;0;0;sBELA0;? Unchecked;v1.6.0-140-g9a10cc1
roadmap;dimacs;30/1;1;    390757;    318002;0;345;1671346;37243;1;669;0.102776;362370;0;0;sBELA0;? Unchecked;v1.6.0-140-g9a10cc1
roadmap;dimacs;31/1;1;     91059;     57980;0;823;3685668;214648;1;669;0.425768;504143;0;0;sBELA0;? Unchecked;v1.6.0-140-g9a10cc1
roadmap;dimacs;32/1;1;     72990;    320575;0;1202;5651921;372588;1;669;0.812861;458366;0;0;sBELA0;? Unchecked;v1.6.0-140-g9a10cc1
roadmap;dimacs;33/1;1;     65526;    339114;0;1130;4409623;402344;1;717;0.846558;475270;0;0;sBELA0;? Unchecked;v1.6.0-140-g9a10cc1
roadmap;dimacs;34/1;1;    349165;     12701;0;574;1338128;142473;1;717;0.256251;555991;0;0;sBELA0;? Unchecked;v1.6.0-140-g9a10cc1
roadmap;dimacs;35/1;1;    187769;    228911;0;354;1371751;61538;1;717;0.127544;482485;0;0;sBELA0;? Unchecked;v1.6.0-140-g9a10cc1
roadmap;dimacs;36/1;1;    190262;     14733;0;1116;3834232;296403;1;717;0.550518;538408;0;0;sBELA0;? Unchecked;v1.6.0-140-g9a10cc1
roadmap;dimacs;37/1;1;    143799;    328188;0;478;1975250;249320;1;717;0.406733;612982;0;0;sBELA0;? Unchecked;v1.6.0-140-g9a10cc1
roadmap;dimacs;38/1;1;     96331;    415538;0;1003;4067266;321493;1;717;0.579385;554887;0;0;sBELA0;? Unchecked;v1.6.0-140-g9a10cc1
roadmap;dimacs;39/1;1;     65115;    387688;0;884;3373824;324280;1;717;0.582927;556296;0;0;sBELA0;? Unchecked;v1.6.0-140-g9a10cc1
roadmap;dimacs;40/1;1;    332193;    387507;0;1007;3944387;334915;1;717;0.598505;559586;0;0;sBELA0;? Unchecked;v1.6.0-140-g9a10cc1
roadmap;dimacs;41/1;1;    127669;    162338;0;664;2783093;282119;1;717;0.529752;532549;0;0;sBELA0;? Unchecked;v1.6.0-140-g9a10cc1
roadmap;dimacs;42/1;1;    263041;    142943;0;919;2504792;246450;1;717;0.507863;485269;0;0;sBELA0;? Unchecked;v1.6.0-140-g9a10cc1
roadmap;dimacs;43/1;1;    390723;      1064;0;936;3692625;339982;1;717;0.609626;557690;0;0;sBELA0;? Unchecked;v1.6.0-140-g9a10cc1
roadmap;dimacs;44/1;1;    304490;    279242;0;1364;5596709;415902;1;717;0.869879;478115;0;0;sBELA0;? Unchecked;v1.6.0-140-g9a10cc1
roadmap;dimacs;45/1;1;     26846;    394583;0;1152;4840316;419733;1;718;0.858024;489185;0;0;sBELA0;? Unchecked;v1.6.0-140-g9a10cc1
roadmap;dimacs;46/1;1;    233353;    185925;0;806;3815420;329931;1;718;0.603524;546675;0;0;sBELA0;? Unchecked;v1.6.0-140-g9a10cc1
roadmap;dimacs;47/1;1;    323833;    176822;0;611;2620163;72235;1;718;0.209125;345415;0;0;sBELA0;? Unchecked;v1.6.0-140-g9a10cc1
roadmap;dimacs;48/1;1;    346446;     63237;0;537;1770296;195855;1;718;0.342433;571951;0;0;sBELA0;? Unchecked;v1.6.0-140-g9a10cc1
roadmap;dimacs;49/1;1;    113928;    360799;0;522;1735097;213895;1;718;0.363517;588405;0;0;sBELA0;? Unchecked;v1.6.0-140-g9a10cc1
roadmap;dimacs;50/1;1;    199421;    266182;0;1125;3654667;311406;1;718;0.570242;546094;0;0;sBELA0;? Unchecked;v1.6.0-140-g9a10cc1
roadmap;dimacs;51/1;1;    293869;     25608;0;1118;4306049;230451;1;718;0.56493;407928;0;0;sBELA0;? Unchecked;v1.6.0-140-g9a10cc1
roadmap;dimacs;52/1;1;    174170;    272593;0;782;3426484;274598;1;718;0.517088;531046;0;0;sBELA0;? Unchecked;v1.6.0-140-g9a10cc1
roadmap;dimacs;53/1;1;    221325;    434952;0;880;4090462;398551;1;720;0.794042;501927;0;0;sBELA0;? Unchecked;v1.6.0-140-g9a10cc1
roadmap;dimacs;54/1;1;    117635;    105076;0;224;583496;61884;1;720;0.103798;596195;0;0;sBELA0;? Unchecked;v1.6.0-140-g9a10cc1
roadmap;dimacs;55/1;1;    193103;    276461;0;850;3632861;349903;1;720;0.657939;531817;0;0;sBELA0;? Unchecked;v1.6.0-140-g9a10cc1
roadmap;dimacs;56/1;1;      4570;     94284;0;1061;3585594;357318;1;612;0.669293;533874;0;0;sBELA0;? Unchecked;v1.6.0-140-g9a10cc1
roadmap;dimacs;57/1;1;    131126;     21354;0;543;1578344;123275;1;660;0.23601;522329;0;0;sBELA0;? Unchecked;v1.6.0-140-g9a10cc1
roadmap;dimacs;58/1;1;    235750;    208824;0;542;2586492;197466;1;666;0.425695;463868;0;0;sBELA0;? Unchecked;v1.6.0-140-g9a10cc1
roadmap;dimacs;59/1;1;       489;    261832;0;410;1641597;163234;1;666;0.29237;558314;0;0;sBELA0;? Unchecked;v1.6.0-140-g9a10cc1
roadmap;dimacs;60/1;1;    318387;    328863;0;1369;5153173;399273;1;672;0.83236;479688;0;0;sBELA0;? Unchecked;v1.6.0-140-g9a10cc1
roadmap;dimacs;61/1;1;    274877;     23528;0;774;2980996;151789;1;693;0.335133;452922;0;0;sBELA0;? Unchecked;v1.6.0-140-g9a10cc1
roadmap;dimacs;62/1;1;    220394;    272522;0;700;1662946;220776;1;770;0.370745;595494;0;0;sBELA0;? Unchecked;v1.6.0-140-g9a10cc1
roadmap;dimacs;63/1;1;    228259;    177627;0;1115;4599311;415076;1;816;0.848035;489456;0;0;sBELA0;? Unchecked;v1.6.0-140-g9a10cc1
roadmap;dimacs;64/1;1;    319517;    205274;0;773;3597633;283933;1;816;0.514865;551471;0;0;sBELA0;? Unchecked;v1.6.0-140-g9a10cc1
roadmap;dimacs;65/1;1;    312838;    292039;0;243;1791033;31705;1;816;0.0718981;440971;0;0;sBELA0;? Unchecked;v1.6.0-140-g9a10cc1
roadmap;dimacs;66/1;1;    231105;    325711;0;1095;3901411;379739;1;612;0.680348;558154;0;0;sBELA0;? Unchecked;v1.6.0-140-g9a10cc1
roadmap;dimacs;67/1;1;     24598;    413512;0;440;1004382;154072;1;612;0.295741;520970;0;0;sBELA0;? Unchecked;v1.6.0-140-g9a10cc1
roadmap;dimacs;68/1;1;     23559;    272815;0;775;1349061;198451;1;612;0.351982;563811;0;0;sBELA0;? Unchecked;v1.6.0-140-g9a10cc1
roadmap;dimacs;69/1;1;     77506;    341012;0;438;2259888;75995;1;684;0.230563;329607;0;0;sBELA0;? Unchecked;v1.6.0-140-g9a10cc1
roadmap;dimacs;70/1;1;    292092;    386735;0;554;2945433;88198;1;684;0.278172;317063;0;0;sBELA0;? Unchecked;v1.6.0-140-g9a10cc1
roadmap;dimacs;71/1;1;    376744;    379588;0;597;3662315;263945;1;702;0.508337;519232;0;0;sBELA0;? Unchecked;v1.6.0-140-g9a10cc1
roadmap;dimacs;72/1;1;    379408;    158562;0;476;2611558;130705;1;702;0.301473;433555;0;0;sBELA0;? Unchecked;v1.6.0-140-g9a10cc1
roadmap;dimacs;73/1;1;    165998;    242916;0;855;3772061;392323;1;702;0.703401;557752;0;0;sBELA0;? Unchecked;v1.6.0-140-g9a10cc1
roadmap;dimacs;74/1;1;    273849;    233106;0;746;3818331;329180;1;714;0.592886;555216;0;0;sBELA0;? Unchecked;v1.6.0-140-g9a10cc1
roadmap;dimacs;75/1;1;    128253;     35195;0;633;2085064;152794;1;714;0.361365;422825;0;0;sBELA0;? Unchecked;v1.6.0-140-g9a10cc1
roadmap;dimacs;76/1;1;    183220;      8889;0;537;1483465;128170;1;714;0.248074;516661;0;0;sBELA0;? Unchecked;v1.6.0-140-g9a10cc1
roadmap;dimacs;77/1;1;    272704;    414613;0;280;1248288;48517;1;714;0.112481;431336;0;0;sBELA0;? Unchecked;v1.6.0-140-g9a10cc1
roadmap;dimacs;78/1;1;    370469;     78546;0;498;2390925;243183;1;714;0.47264;514520;0;0;sBELA0;? Unchecked;v1.6.0-140-g9a10cc1
roadmap;dimacs;79/1;1;     89775;    214561;0;755;2352351;206545;1;714;0.421107;490481;0;0;sBELA0;? Unchecked;v1.6.0-140-g9a10cc1
roadmap;dimacs;80/1;1;    189664;    402552;0;510;2165050;95848;1;714;0.250917;381990;0;0;sBELA0;? Unchecked;v1.6.0-140-g9a10cc1
roadmap;dimacs;81/1;1;    152121;    246814;0;1153;4830855;426904;1;714;0.876925;486819;0;0;sBELA0;? Unchecked;v1.6.0-140-g9a10cc1
roadmap;dimacs;82/1;1;    322470;    286921;0;1463;7188931;421932;1;714;0.851157;495716;0;0;sBELA0;? Unchecked;v1.6.0-140-g9a10cc1
roadmap;dimacs;83/1;1;    299997;    278967;0;1317;5172383;386071;1;714;0.815821;473230;0;0;sBELA0;? Unchecked;v1.6.0-140-g9a10cc1
roadmap;dimacs;84/1;1;    250235;    356746;0;1033;4989852;380496;1;714;0.846456;449516;0;0;sBELA0;? Unchecked;v1.6.0-140-g9a10cc1
roadmap;dimacs;85/1;1;    163254;    319164;0;954;3691991;363941;1;714;0.671221;542207;0;0;sBELA0;? Unchecked;v1.6.0-140-g9a10cc1
roadmap;dimacs;86/1;1;    140318;      8074;0;503;1352334;138964;1;722;0.253943;547224;0;0;sBELA0;? Unchecked;v1.6.0-140-g9a10cc1
roadmap;dimacs;87/1;1;    185965;    196301;0;826;3531211;349303;1;722;0.621871;561697;0;0;sBELA0;? Unchecked;v1.6.0-140-g9a10cc1
roadmap;dimacs;88/1;1;    359803;     81858;0;248;1279672;59302;1;722;0.126027;470549;0;0;sBELA0;? Unchecked;v1.6.0-140-g9a10cc1
roadmap;dimacs;89/1;1;    349089;    308312;0;683;3372796;365989;1;722;0.685968;533537;0;0;sBELA0;? Unchecked;v1.6.0-140-g9a10cc1
roadmap;dimacs;90/1;1;    347477;    427675;0;448;1014872;119461;1;722;0.229682;520114;0;0;sBELA0;? Unchecked;v1.6.0-140-g9a10cc1
roadmap;dimacs;91/1;1;    368929;    215278;0;689;1737781;157426;1;722;0.279063;564124;0;0;sBELA0;? Unchecked;v1.6.0-140-g9a10cc1
roadmap;dimacs;92/1;1;     92275;    285142;0;1507;5738317;411926;1;722;0.843956;488089;0;0;sBELA0;? Unchecked;v1.6.0-140-g9a10cc1
roadmap;dimacs;93/1;1;    118818;    384490;0;737;2890990;317074;1;620;0.584983;542023;0;0;sBELA0;? Unchecked;v1.6.0-140-g9a10cc1
roadmap;dimacs;94/1;1;    413378;    431648;0;449;2462921;243555;1;722;0.477502;510061;0;0;sBELA0;? Unchecked;v1.6.0-140-g9a10cc1
roadmap;dimacs;95/1;1;     22320;    400212;0;352;1094840;169944;1;620;0.286279;593630;0;0;sBELA0;? Unchecked;v1.6.0-140-g9a10cc1
roadmap;dimacs;96/1;1;    110951;    317115;0;1301;5277074;429813;1;623;0.900014;477563;0;0;sBELA0;? Unchecked;v1.6.0-140-g9a10cc1
roadmap;dimacs;97/1;1;    153175;    122456;0;263;814360;55587;1;624;0.114141;487005;0;0;sBELA0;? Unchecked;v1.6.0-140-g9a10cc1
roadmap;dimacs;98/1;1;     72512;    386851;0;1244;5208039;356136;1;713;0.819716;434462;0;0;sBELA0;? Unchecked;v1.6.0-140-g9a10cc1
roadmap;dimacs;99/1;1;    148594;    414859;0;323;1798466;216768;1;725;0.37011;585686;0;0;sBELA0;? Unchecked;v1.6.0-140-g9a10cc1
roadmap;dimacs;0/5;5;    294756;    116704;0;1119;4213940;306432;6;725;0.683344;448430;0;0;sBELA0;? Unchecked;v1.6.0-140-g9a10cc1
roadmap;dimacs;1/5;5;    325364;     11913;0;1261;4116066;307933;5;725;0.636499;483792;0;0;sBELA0;? Unchecked;v1.6.0-140-g9a10cc1
roadmap;dimacs;2/5;5;    285177;    334042;0;416;3637162;242807;5;725;0.468493;518273;0;0;sBELA0;? Unchecked;v1.6.0-140-g9a10cc1
roadmap;dimacs;3/5;5;    236480;     66871;0;754;3645090;292931;5;725;0.546454;536058;0;0;sBELA0;? Unchecked;v1.6.0-140-g9a10cc1
roadmap;dimacs;4/5;5;    249937;    358183;0;1212;5848299;417068;3;725;0.85763;486303;0;0;sBELA0;? Unchecked;v1.6.0-140-g9a10cc1
roadmap;dimacs;5/5;5;    278932;    202424;0;1206;5259222;416299;8;725;0.852015;488605;0;0;sBELA0;? Unchecked;v1.6.0-140-g9a10cc1
roadmap;dimacs;6/5;5;    430744;    255885;0;721;2988230;213561;4;725;0.435098;490835;0;0;sBELA0;? Unchecked;v1.6.0-140-g9a10cc1
roadmap;dimacs;7/5;5;    167653;    110820;0;449;1630674;125142;8;725;0.23068;542491;0;0;sBELA0;? Unchecked;v1.6.0-140-g9a10cc1
roadmap;dimacs;8/5;5;    389224;    209129;0;873;3482885;280997;2;725;0.522668;537621;0;0;sBELA0;? Unchecked;v1.6.0-140-g9a10cc1
roadmap;dimacs;9/5;5;    361295;    369960;0;203;826955;18755;6;725;0.041644;450365;0;0;sBELA0;? Unchecked;v1.6.0-140-g9a10cc1
roadmap;dimacs;10/5;5;     63073;    122016;0;552;1057366;146434;3;624;0.280107;522779;0;0;sBELA0;? Unchecked;v1.6.0-140-g9a10cc1
roadmap;dimacs;11/5;5;    377280;     89101;0;1028;3953944;249422;5;712;0.486957;512206;0;0;sBELA0;? Unchecked;v1.6.0-140-g9a10cc1
roadmap;dimacs;12/5;5;    184086;      9250;0;412;1411378;102883;7;712;0.206356;498569;0;0;sBELA0;? Unchecked;v1.6.0-140-g9a10cc1
roadmap;dimacs;13/5;5;     11558;    157695;0;473;1399104;190793;10;624;0.34237;557272;0;0;sBELA0;? Unchecked;v1.6.0-140-g9a10cc1
roadmap;dimacs;14/5;5;    290606;    380934;0;900;3361730;128074;5;671;0.295188;433873;0;0;sBELA0;? Unchecked;v1.6.0-140-g9a10cc1
roadmap;dimacs;15/5;5;    312872;    335255;0;1104;5080407;215421;7;708;0.547675;393338;0;0;sBELA0;? Unchecked;v1.6.0-140-g9a10cc1
roadmap;dimacs;16/5;5;    172626;    340963;0;502;1825209;70076;5;708;0.148633;471469;0;0;sBELA0;? Unchecked;v1.6.0-140-g9a10cc1
roadmap;dimacs;17/5;5;     71257;    309332;0;808;3137822;361405;5;713;0.677502;533437;0;0;sBELA0;? Unchecked;v1.6.0-140-g9a10cc1
roadmap;dimacs;18/5;5;    197543;    272443;0;1207;3728261;358834;5;713;0.665134;539491;0;0;sBELA0;? Unchecked;v1.6.0-140-g9a10cc1
roadmap;dimacs;19/5;5;    115849;    293642;0;1224;4552452;408253;6;624;0.861832;473703;0;0;sBELA0;? Unchecked;v1.6.0-140-g9a10cc1
roadmap;dimacs;20/5;5;     96029;    288190;0;1382;5471964;411473;5;713;0.86721;474479;0;0;sBELA0;? Unchecked;v1.6.0-140-g9a10cc1
roadmap;dimacs;21/5;5;    123302;    388474;0;611;2889356;317124;5;624;0.586367;540828;0;0;sBELA0;? Unchecked;v1.6.0-140-g9a10cc1
roadmap;dimacs;22/5;5;    395621;    154547;0;1151;4759303;199620;4;706;0.53116;375819;0;0;sBELA0;? Unchecked;v1.6.0-140-g9a10cc1
roadmap;dimacs;23/5;5;    223763;    127629;0;551;1965650;249707;7;624;0.412924;604729;0;0;sBELA0;? Unchecked;v1.6.0-140-g9a10cc1
roadmap;dimacs;24/5;5;    327745;    375938;0;1194;5462108;405017;8;713;0.894815;452627;0;0;sBELA0;? Unchecked;v1.6.0-140-g9a10cc1
roadmap;dimacs;25/5;5;    175197;      5809;0;865;2920018;170956;5;713;0.35771;477918;0;0;sBELA0;? Unchecked;v1.6.0-140-g9a10cc1
roadmap;dimacs;26/5;5;    188424;    158412;0;800;2521894;259610;12;713;0.491112;528616;0;0;sBELA0;? Unchecked;v1.6.0-140-g9a10cc1
roadmap;dimacs;27/5;5;    268346;    359471;0;1014;3161795;296218;1;725;0.558894;530008;0;0;sBELA0;? Unchecked;v1.6.0-140-g9a10cc1
roadmap;dimacs;28/5;5;    174382;    236731;0;1140;4391992;392448;8;725;0.836895;468933;0;0;sBELA0;? Unchecked;v1.6.0-140-g9a10cc1
roadmap;dimacs;29/5;5;    204045;    159790;0;921;2894835;241258;6;725;0.465052;518776;0;0;sBELA0;? Unchecked;v1.6.0-140-g9a10cc1
roadmap;dimacs;30/5;5;    390757;    318002;0;345;1671707;37268;23;725;0.095543;390065;0;0;sBELA0;? Unchecked;v1.6.0-140-g9a10cc1
roadmap;dimacs;31/5;5;     91059;     57980;0;825;3685689;214656;5;725;0.423477;506890;0;0;sBELA0;? Unchecked;v1.6.0-140-g9a10cc1
roadmap;dimacs;32/5;5;     72990;    320575;0;1203;5651945;372590;5;725;0.815558;456853;0;0;sBELA0;? Unchecked;v1.6.0-140-g9a10cc1
roadmap;dimacs;33/5;5;     65526;    339114;0;1130;4409627;402344;2;624;0.854576;470811;0;0;sBELA0;? Unchecked;v1.6.0-140-g9a10cc1
roadmap;dimacs;34/5;5;    349165;     12701;0;574;1338133;142474;3;704;0.267655;532304;0;0;sBELA0;? Unchecked;v1.6.0-140-g9a10cc1
roadmap;dimacs;35/5;5;    187769;    228911;0;353;1371790;61546;7;704;0.140194;439007;0;0;sBELA0;? Unchecked;v1.6.0-140-g9a10cc1
roadmap;dimacs;36/5;5;    190262;     14733;0;1116;3834235;296404;2;713;0.549827;539086;0;0;sBELA0;? Unchecked;v1.6.0-140-g9a10cc1
roadmap;dimacs;37/5;5;    143799;    328188;0;478;1975260;249320;7;624;0.454979;547982;0;0;sBELA0;? Unchecked;v1.6.0-140-g9a10cc1
roadmap;dimacs;38/5;5;     96331;    415538;0;1003;4067281;321496;5;713;0.595937;539480;0;0;sBELA0;? Unchecked;v1.6.0-140-g9a10cc1
roadmap;dimacs;39/5;5;     65115;    387688;0;887;3373867;324282;9;624;0.604602;536357;0;0;sBELA0;? Unchecked;v1.6.0-140-g9a10cc1
roadmap;dimacs;40/5;5;    332193;    387507;0;1010;3944399;334915;5;713;0.615749;543915;0;0;sBELA0;? Unchecked;v1.6.0-140-g9a10cc1
roadmap;dimacs;41/5;5;    127669;    162338;0;660;2783140;282132;6;713;0.531386;530936;0;0;sBELA0;? Unchecked;v1.6.0-140-g9a10cc1
roadmap;dimacs;42/5;5;    263041;    142943;0;917;2504804;246450;3;725;0.469768;524621;0;0;sBELA0;? Unchecked;v1.6.0-140-g9a10cc1
roadmap;dimacs;43/5;5;    390723;      1064;0;937;3692634;339983;5;725;0.61086;556565;0;0;sBELA0;? Unchecked;v1.6.0-140-g9a10cc1
roadmap;dimacs;44/5;5;    304490;    279242;0;1374;5596719;415902;3;725;0.857737;484883;0;0;sBELA0;? Unchecked;v1.6.0-140-g9a10cc1
roadmap;dimacs;45/5;5;     26846;    394583;0;1153;4840333;419733;3;624;0.880237;476841;0;0;sBELA0;? Unchecked;v1.6.0-140-g9a10cc1
roadmap;dimacs;46/5;5;    233353;    185925;0;809;3815482;329937;7;713;0.619904;532238;0;0;sBELA0;? Unchecked;v1.6.0-140-g9a10cc1
roadmap;dimacs;47/5;5;    323833;    176822;0;616;2620174;72235;5;713;0.220881;327031;0;0;sBELA0;? Unchecked;v1.6.0-140-g9a10cc1
roadmap;dimacs;48/5;5;    346446;     63237;0;537;1770309;195855;3;713;0.343736;569784;0;0;sBELA0;? Unchecked;v1.6.0-140-g9a10cc1
roadmap;dimacs;49/5;5;    113928;    360799;0;521;1735129;213902;5;725;0.378101;565727;0;0;sBELA0;? Unchecked;v1.6.0-140-g9a10cc1
roadmap;dimacs;50/5;5;    199421;    266182;0;1123;3654679;311406;3;725;0.571274;545108;0;0;sBELA0;? Unchecked;v1.6.0-140-g9a10cc1
roadmap;dimacs;51/5;5;    293869;     25608;0;1119;4306055;230452;3;725;0.567912;405788;0;0;sBELA0;? Unchecked;v1.6.0-140-g9a10cc1
roadmap;dimacs;52/5;5;    174170;    272593;0;782;3426526;274607;7;725;0.528875;519229;0;0;sBELA0;? Unchecked;v1.6.0-140-g9a10cc1
roadmap;dimacs;53/5;5;    221325;    434952;0;880;4090499;398554;3;624;0.814274;489459;0;0;sBELA0;? Unchecked;v1.6.0-140-g9a10cc1
roadmap;dimacs;54/5;5;    117635;    105076;0;224;583556;61899;5;624;0.116814;529895;0;0;sBELA0;? Unchecked;v1.6.0-140-g9a10cc1
roadmap;dimacs;55/5;5;    193103;    276461;0;860;3632871;349904;3;713;0.647236;540613;0;0;sBELA0;? Unchecked;v1.6.0-140-g9a10cc1
roadmap;dimacs;56/5;5;      4570;     94284;0;1062;3585600;357319;5;624;0.676355;528301;0;0;sBELA0;? Unchecked;v1.6.0-140-g9a10cc1
roadmap;dimacs;57/5;5;    131126;     21354;0;542;1578383;123289;9;695;0.240061;513575;0;0;sBELA0;? Unchecked;v1.6.0-140-g9a10cc1
roadmap;dimacs;58/5;5;    235750;    208824;0;541;2586687;197503;23;706;0.420571;469606;0;0;sBELA0;? Unchecked;v1.6.0-140-g9a10cc1
roadmap;dimacs;59/5;5;       489;    261832;0;412;1641714;163252;15;706;0.297105;549476;0;0;sBELA0;? Unchecked;v1.6.0-140-g9a10cc1
roadmap;dimacs;60/5;5;    318387;    328863;0;1369;5153178;399273;2;713;0.830805;480586;0;0;sBELA0;? Unchecked;v1.6.0-140-g9a10cc1
roadmap;dimacs;61/5;5;    274877;     23528;0;775;2981016;151795;3;713;0.327519;463470;0;0;sBELA0;? Unchecked;v1.6.0-140-g9a10cc1
roadmap;dimacs;62/5;5;    220394;    272522;0;692;1663008;220782;11;624;0.37081;595405;0;0;sBELA0;? Unchecked;v1.6.0-140-g9a10cc1
roadmap;dimacs;63/5;5;    228259;    177627;0;1118;4599338;415076;6;624;0.928891;446851;0;0;sBELA0;? Unchecked;v1.6.0-140-g9a10cc1
roadmap;dimacs;64/5;5;    319517;    205274;0;772;3597659;283942;5;713;0.543689;522251;0;0;sBELA0;? Unchecked;v1.6.0-140-g9a10cc1
roadmap;dimacs;65/5;5;    312838;    292039;0;244;1791608;31728;14;713;0.0931153;340739;0;0;sBELA0;? Unchecked;v1.6.0-140-g9a10cc1
roadmap;dimacs;66/5;5;    231105;    325711;0;1098;3901418;379739;2;624;0.711669;533589;0;0;sBELA0;? Unchecked;v1.6.0-140-g9a10cc1
roadmap;dimacs;67/5;5;     24598;    413512;0;439;1004452;154086;5;624;0.300606;512584;0;0;sBELA0;? Unchecked;v1.6.0-140-g9a10cc1
roadmap;dimacs;68/5;5;     23559;    272815;0;776;1349066;198451;3;624;0.354162;560340;0;0;sBELA0;? Unchecked;v1.6.0-140-g9a10cc1
roadmap;dimacs;69/5;5;     77506;    341012;0;438;2259914;75998;5;695;0.235571;322612;0;0;sBELA0;? Unchecked;v1.6.0-140-g9a10cc1
roadmap;dimacs;70/5;5;    292092;    386735;0;552;2945511;88200;9;695;0.239562;368172;0;0;sBELA0;? Unchecked;v1.6.0-140-g9a10cc1
roadmap;dimacs;71/5;5;    376744;    379588;0;597;3662322;263946;5;713;0.509209;518345;0;0;sBELA0;? Unchecked;v1.6.0-140-g9a10cc1
roadmap;dimacs;72/5;5;    379408;    158562;0;477;2612130;130801;47;713;0.30223;432786;0;0;sBELA0;? Unchecked;v1.6.0-140-g9a10cc1
roadmap;dimacs;73/5;5;    165998;    242916;0;855;3772063;392323;3;713;0.705836;555828;0;0;sBELA0;? Unchecked;v1.6.0-140-g9a10cc1
roadmap;dimacs;74/5;5;    273849;    233106;0;746;3818397;329183;5;725;0.593237;554893;0;0;sBELA0;? Unchecked;v1.6.0-140-g9a10cc1
roadmap;dimacs;75/5;5;    128253;     35195;0;632;2085103;152808;10;725;0.363489;420392;0;0;sBELA0;? Unchecked;v1.6.0-140-g9a10cc1
roadmap;dimacs;76/5;5;    183220;      8889;0;542;1483501;128181;7;725;0.23955;535091;0;0;sBELA0;? Unchecked;v1.6.0-140-g9a10cc1
roadmap;dimacs;77/5;5;    272704;    414613;0;285;1248444;48531;7;725;0.111653;434660;0;0;sBELA0;? Unchecked;v1.6.0-140-g9a10cc1
roadmap;dimacs;78/5;5;    370469;     78546;0;497;2390977;243190;5;725;0.474155;512892;0;0;sBELA0;? Unchecked;v1.6.0-140-g9a10cc1
roadmap;dimacs;79/5;5;     89775;    214561;0;756;2352361;206547;10;725;0.468885;440507;0;0;sBELA0;? Unchecked;v1.6.0-140-g9a10cc1
roadmap;dimacs;80/5;5;    189664;    402552;0;511;2165067;95849;3;725;0.25252;379571;0;0;sBELA0;? Unchecked;v1.6.0-140-g9a10cc1
roadmap;dimacs;81/5;5;    152121;    246814;0;1153;4830872;426904;3;725;0.872028;489553;0;0;sBELA0;? Unchecked;v1.6.0-140-g9a10cc1
roadmap;dimacs;82/5;5;    322470;    286921;0;1463;7188946;421933;5;728;0.854716;493653;0;0;sBELA0;? Unchecked;v1.6.0-140-g9a10cc1
roadmap;dimacs;83/5;5;    299997;    278967;0;1317;5172403;386071;3;728;0.817585;472209;0;0;sBELA0;? Unchecked;v1.6.0-140-g9a10cc1
roadmap;dimacs;84/5;5;    250235;    356746;0;1032;4989889;380496;5;728;0.810972;469185;0;0;sBELA0;? Unchecked;v1.6.0-140-g9a10cc1
roadmap;dimacs;85/5;5;    163254;    319164;0;955;3692035;363942;7;728;0.675406;538850;0;0;sBELA0;? Unchecked;v1.6.0-140-g9a10cc1
roadmap;dimacs;86/5;5;    140318;      8074;0;503;1352572;139029;24;728;0.25589;543316;0;0;sBELA0;? Unchecked;v1.6.0-140-g9a10cc1
roadmap;dimacs;87/5;5;    185965;    196301;0;828;3531212;349303;3;728;0.622552;561083;0;0;sBELA0;? Unchecked;v1.6.0-140-g9a10cc1
roadmap;dimacs;88/5;5;    359803;     81858;0;249;1279860;59321;8;728;0.136123;435789;0;0;sBELA0;? Unchecked;v1.6.0-140-g9a10cc1
roadmap;dimacs;89/5;5;    349089;    308312;0;683;3372821;365991;9;728;0.675046;542172;0;0;sBELA0;? Unchecked;v1.6.0-140-g9a10cc1
roadmap;dimacs;90/5;5;    347477;    427675;0;449;1014904;119464;5;728;0.232063;514791;0;0;sBELA0;? Unchecked;v1.6.0-140-g9a10cc1
roadmap;dimacs;91/5;5;    368929;    215278;0;690;1737801;157427;4;728;0.285927;550585;0;0;sBELA0;? Unchecked;v1.6.0-140-g9a10cc1
roadmap;dimacs;92/5;5;     92275;    285142;0;1508;5738323;411926;5;728;0.862129;477801;0;0;sBELA0;? Unchecked;v1.6.0-140-g9a10cc1
roadmap;dimacs;93/5;5;    118818;    384490;0;738;2891044;317076;8;624;0.589017;538313;0;0;sBELA0;? Unchecked;v1.6.0-140-g9a10cc1
roadmap;dimacs;94/5;5;    413378;    431648;0;449;2462946;243557;3;725;0.479225;508232;0;0;sBELA0;? Unchecked;v1.6.0-140-g9a10cc1
roadmap;dimacs;95/5;5;     22320;    400212;0;351;1094879;169953;7;624;0.288876;588326;0;0;sBELA0;? Unchecked;v1.6.0-140-g9a10cc1
roadmap;dimacs;96/5;5;    110951;    317115;0;1302;5277091;429813;3;625;0.915316;469579;0;0;sBELA0;? Unchecked;v1.6.0-140-g9a10cc1
roadmap;dimacs;97/5;5;    153175;    122456;0;260;814402;55592;5;625;0.105092;528982;0;0;sBELA0;? Unchecked;v1.6.0-140-g9a10cc1
roadmap;dimacs;98/5;5;     72512;    386851;0;1243;5208078;356137;9;730;0.823482;432477;0;0;sBELA0;? Unchecked;v1.6.0-140-g9a10cc1
roadmap;dimacs;99/5;5;    148594;    414859;0;326;1798576;216779;9;730;0.367006;590669;0;0;sBELA0;? Unchecked;v1.6.0-140-g9a10cc1
roadmap;dimacs;0/10;10;    294756;    116704;0;1115;4213952;306434;15;730;0.697397;439397;0;0;sBELA0;? Unchecked;v1.6.0-140-g9a10cc1
roadmap;dimacs;1/10;10;    325364;     11913;0;1263;4116073;307934;10;730;0.640342;480890;0;0;sBELA0;? Unchecked;v1.6.0-140-g9a10cc1
roadmap;dimacs;2/10;10;    285177;    334042;0;418;3637217;242815;10;730;0.471396;515098;0;0;sBELA0;? Unchecked;v1.6.0-140-g9a10cc1
roadmap;dimacs;3/10;10;    236480;     66871;0;753;3645100;292931;10;730;0.549359;533224;0;0;sBELA0;? Unchecked;v1.6.0-140-g9a10cc1
roadmap;dimacs;4/10;10;    249937;    358183;0;1214;5848334;417068;5;730;0.860932;484438;0;0;sBELA0;? Unchecked;v1.6.0-140-g9a10cc1
roadmap;dimacs;5/10;10;    278932;    202424;0;1208;5259231;416299;16;730;0.860066;484032;0;0;sBELA0;? Unchecked;v1.6.0-140-g9a10cc1
roadmap;dimacs;6/10;10;    430744;    255885;0;723;2988246;213565;7;730;0.436799;488933;0;0;sBELA0;? Unchecked;v1.6.0-140-g9a10cc1
roadmap;dimacs;7/10;10;    167653;    110820;0;452;1630680;125142;14;730;0.233379;536218;0;0;sBELA0;? Unchecked;v1.6.0-140-g9a10cc1
roadmap;dimacs;8/10;10;    389224;    209129;0;870;3482887;280997;3;730;0.52256;537731;0;0;sBELA0;? Unchecked;v1.6.0-140-g9a10cc1
roadmap;dimacs;9/10;10;    361295;    369960;0;203;826995;18758;11;625;0.0431499;434717;0;0;sBELA0;? Unchecked;v1.6.0-140-g9a10cc1
roadmap;dimacs;10/10;10;     63073;    122016;0;551;1057424;146439;5;625;0.279075;524731;0;0;sBELA0;? Unchecked;v1.6.0-140-g9a10cc1
roadmap;dimacs;11/10;10;    377280;     89101;0;1027;3953948;249423;10;713;0.486556;512630;0;0;sBELA0;? Unchecked;v1.6.0-140-g9a10cc1
roadmap;dimacs;12/10;10;    184086;      9250;0;412;1411407;102891;18;713;0.207668;495459;0;0;sBELA0;? Unchecked;v1.6.0-140-g9a10cc1
roadmap;dimacs;13/10;10;     11558;    157695;0;477;1399162;190799;20;625;0.336321;567313;0;0;sBELA0;? Unchecked;v1.6.0-140-g9a10cc1
roadmap;dimacs;14/10;10;    290606;    380934;0;901;3361748;128077;10;697;0.300804;425782;0;0;sBELA0;? Unchecked;v1.6.0-140-g9a10cc1
roadmap;dimacs;15/10;10;    312872;    335255;0;1138;5080418;215422;12;709;0.545634;394810;0;0;sBELA0;? Unchecked;v1.6.0-140-g9a10cc1
roadmap;dimacs;16/10;10;    172626;    340963;0;501;1825215;70076;10;709;0.151037;463967;0;0;sBELA0;? Unchecked;v1.6.0-140-g9a10cc1
roadmap;dimacs;17/10;10;     71257;    309332;0;809;3137832;361406;11;715;0.674908;535490;0;0;sBELA0;? Unchecked;v1.6.0-140-g9a10cc1
roadmap;dimacs;18/10;10;    197543;    272443;0;1205;3728268;358834;11;715;0.667551;537538;0;0;sBELA0;? Unchecked;v1.6.0-140-g9a10cc1
roadmap;dimacs;19/10;10;    115849;    293642;0;1229;4552464;408253;11;625;0.892629;457360;0;0;sBELA0;? Unchecked;v1.6.0-140-g9a10cc1
roadmap;dimacs;20/10;10;     96029;    288190;0;1382;5471974;411474;10;715;0.86891;473552;0;0;sBELA0;? Unchecked;v1.6.0-140-g9a10cc1
roadmap;dimacs;21/10;10;    123302;    388474;0;610;2889379;317130;14;625;0.590189;537336;0;0;sBELA0;? Unchecked;v1.6.0-140-g9a10cc1
roadmap;dimacs;22/10;10;    395621;    154547;0;1151;4759310;199621;6;708;0.542984;367637;0;0;sBELA0;? Unchecked;v1.6.0-140-g9a10cc1
roadmap;dimacs;23/10;10;    223763;    127629;0;552;1965684;249708;14;625;0.414548;602362;0;0;sBELA0;? Unchecked;v1.6.0-140-g9a10cc1
roadmap;dimacs;24/10;10;    327745;    375938;0;1196;5462120;405017;14;715;0.864142;468692;0;0;sBELA0;? Unchecked;v1.6.0-140-g9a10cc1
roadmap;dimacs;25/10;10;    175197;      5809;0;866;2920039;170965;14;715;0.360486;474262;0;0;sBELA0;? Unchecked;v1.6.0-140-g9a10cc1
roadmap;dimacs;26/10;10;    188424;    158412;0;799;2521896;259610;17;715;0.492011;527651;0;0;sBELA0;? Unchecked;v1.6.0-140-g9a10cc1
roadmap;dimacs;27/10;10;    268346;    359471;0;1015;3161797;296218;2;727;0.552373;536264;0;0;sBELA0;? Unchecked;v1.6.0-140-g9a10cc1
roadmap;dimacs;28/10;10;    174382;    236731;0;1139;4392050;392452;19;727;0.839936;467240;0;0;sBELA0;? Unchecked;v1.6.0-140-g9a10cc1
roadmap;dimacs;29/10;10;    204045;    159790;0;916;2894861;241259;19;727;0.469488;513877;0;0;sBELA0;? Unchecked;v1.6.0-140-g9a10cc1
roadmap;dimacs;30/10;10;    390757;    318002;0;345;1671893;37289;61;727;0.108236;344516;0;0;sBELA0;? Unchecked;v1.6.0-140-g9a10cc1
roadmap;dimacs;31/10;10;     91059;     57980;0;823;3685708;214665;12;727;0.425459;504550;0;0;sBELA0;? Unchecked;v1.6.0-140-g9a10cc1
roadmap;dimacs;32/10;10;     72990;    320575;0;1203;5651965;372590;12;727;0.820348;454185;0;0;sBELA0;? Unchecked;v1.6.0-140-g9a10cc1
roadmap;dimacs;33/10;10;     65526;    339114;0;1135;4409630;402344;3;625;0.8579;468987;0;0;sBELA0;? Unchecked;v1.6.0-140-g9a10cc1
roadmap;dimacs;34/10;10;    349165;     12701;0;574;1338136;142475;5;706;0.267934;531754;0;0;sBELA0;? Unchecked;v1.6.0-140-g9a10cc1
roadmap;dimacs;35/10;10;    187769;    228911;0;356;1371828;61555;20;706;0.136686;450337;0;0;sBELA0;? Unchecked;v1.6.0-140-g9a10cc1
roadmap;dimacs;36/10;10;    190262;     14733;0;1116;3834237;296405;3;715;0.555214;533857;0;0;sBELA0;? Unchecked;v1.6.0-140-g9a10cc1
roadmap;dimacs;37/10;10;    143799;    328188;0;479;1975271;249320;19;625;0.415228;600442;0;0;sBELA0;? Unchecked;v1.6.0-140-g9a10cc1
roadmap;dimacs;38/10;10;     96331;    415538;0;1006;4067288;321498;9;715;0.60651;530079;0;0;sBELA0;? Unchecked;v1.6.0-140-g9a10cc1
roadmap;dimacs;39/10;10;     65115;    387688;0;890;3373896;324283;15;625;0.607346;533935;0;0;sBELA0;? Unchecked;v1.6.0-140-g9a10cc1
roadmap;dimacs;40/10;10;    332193;    387507;0;1005;3944417;334917;10;715;0.61869;541333;0;0;sBELA0;? Unchecked;v1.6.0-140-g9a10cc1
roadmap;dimacs;41/10;10;    127669;    162338;0;660;2783166;282132;12;715;0.53476;527586;0;0;sBELA0;? Unchecked;v1.6.0-140-g9a10cc1
roadmap;dimacs;42/10;10;    263041;    142943;0;920;2504805;246450;5;727;0.47095;523304;0;0;sBELA0;? Unchecked;v1.6.0-140-g9a10cc1
roadmap;dimacs;43/10;10;    390723;      1064;0;938;3692650;339984;10;727;0.641045;530359;0;0;sBELA0;? Unchecked;v1.6.0-140-g9a10cc1
roadmap;dimacs;44/10;10;    304490;    279242;0;1376;5596728;415902;5;727;0.862908;481977;0;0;sBELA0;? Unchecked;v1.6.0-140-g9a10cc1
roadmap;dimacs;45/10;10;     26846;    394583;0;1155;4840336;419733;5;625;0.879556;477210;0;0;sBELA0;? Unchecked;v1.6.0-140-g9a10cc1
roadmap;dimacs;46/10;10;    233353;    185925;0;808;3815514;329938;17;730;0.627452;525838;0;0;sBELA0;? Unchecked;v1.6.0-140-g9a10cc1
roadmap;dimacs;47/10;10;    323833;    176822;0;610;2620184;72235;11;730;0.214136;337332;0;0;sBELA0;? Unchecked;v1.6.0-140-g9a10cc1
roadmap;dimacs;48/10;10;    346446;     63237;0;539;1770327;195856;6;730;0.368618;531326;0;0;sBELA0;? Unchecked;v1.6.0-140-g9a10cc1
roadmap;dimacs;49/10;10;    113928;    360799;0;523;1735143;213904;10;730;0.370349;577573;0;0;sBELA0;? Unchecked;v1.6.0-140-g9a10cc1
roadmap;dimacs;50/10;10;    199421;    266182;0;1126;3654687;311408;5;730;0.574318;542223;0;0;sBELA0;? Unchecked;v1.6.0-140-g9a10cc1
roadmap;dimacs;51/10;10;    293869;     25608;0;1120;4306070;230456;5;730;0.568983;405032;0;0;sBELA0;? Unchecked;v1.6.0-140-g9a10cc1
roadmap;dimacs;52/10;10;    174170;    272593;0;786;3426562;274617;16;730;0.522645;525437;0;0;sBELA0;? Unchecked;v1.6.0-140-g9a10cc1
roadmap;dimacs;53/10;10;    221325;    434952;0;844;4090532;398555;5;625;0.815897;488487;0;0;sBELA0;? Unchecked;v1.6.0-140-g9a10cc1
roadmap;dimacs;54/10;10;    117635;    105076;0;224;583579;61903;10;625;0.119281;518969;0;0;sBELA0;? Unchecked;v1.6.0-140-g9a10cc1
roadmap;dimacs;55/10;10;    193103;    276461;0;852;3632878;349905;5;730;0.652502;536251;0;0;sBELA0;? Unchecked;v1.6.0-140-g9a10cc1
roadmap;dimacs;56/10;10;      4570;     94284;0;1061;3585616;357319;10;625;0.680371;525182;0;0;sBELA0;? Unchecked;v1.6.0-140-g9a10cc1
roadmap;dimacs;57/10;10;    131126;     21354;0;544;1578402;123296;17;697;0.241624;510281;0;0;sBELA0;? Unchecked;v1.6.0-140-g9a10cc1
roadmap;dimacs;58/10;10;    235750;    208824;0;546;2586724;197509;39;722;0.44147;447389;0;0;sBELA0;? Unchecked;v1.6.0-140-g9a10cc1
roadmap;dimacs;59/10;10;       489;    261832;0;410;1641747;163256;24;722;0.297161;549386;0;0;sBELA0;? Unchecked;v1.6.0-140-g9a10cc1
roadmap;dimacs;60/10;10;    318387;    328863;0;1373;5153180;399273;3;730;0.831234;480337;0;0;sBELA0;? Unchecked;v1.6.0-140-g9a10cc1
roadmap;dimacs;61/10;10;    274877;     23528;0;776;2981027;151798;6;730;0.329714;460393;0;0;sBELA0;? Unchecked;v1.6.0-140-g9a10cc1
roadmap;dimacs;62/10;10;    220394;    272522;0;699;1663067;220785;22;625;0.372545;592640;0;0;sBELA0;? Unchecked;v1.6.0-140-g9a10cc1
roadmap;dimacs;63/10;10;    228259;    177627;0;1115;4599348;415076;11;625;0.892205;465225;0;0;sBELA0;? Unchecked;v1.6.0-140-g9a10cc1
roadmap;dimacs;64/10;10;    319517;    205274;0;773;3597676;283945;10;730;0.548652;517532;0;0;sBELA0;? Unchecked;v1.6.0-140-g9a10cc1
roadmap;dimacs;65/10;10;    312838;    292039;0;244;1791851;31737;34;730;0.0845332;375438;0;0;sBELA0;? Unchecked;v1.6.0-140-g9a10cc1
roadmap;dimacs;66/10;10;    231105;    325711;0;1098;3901420;379739;3;625;0.710991;534098;0;0;sBELA0;? Unchecked;v1.6.0-140-g9a10cc1
roadmap;dimacs;67/10;10;     24598;    413512;0;442;1004492;154093;11;625;0.303256;508129;0;0;sBELA0;? Unchecked;v1.6.0-140-g9a10cc1
roadmap;dimacs;68/10;10;     23559;    272815;0;776;1349073;198451;5;625;0.360206;550938;0;0;sBELA0;? Unchecked;v1.6.0-140-g9a10cc1
roadmap;dimacs;69/10;10;     77506;    341012;0;438;2259939;75998;10;697;0.234587;323965;0;0;sBELA0;? Unchecked;v1.6.0-140-g9a10cc1
roadmap;dimacs;70/10;10;    292092;    386735;0;555;2945578;88202;28;697;0.241068;365881;0;0;sBELA0;? Unchecked;v1.6.0-140-g9a10cc1
roadmap;dimacs;71/10;10;    376744;    379588;0;597;3662325;263948;10;730;0.542617;486435;0;0;sBELA0;? Unchecked;v1.6.0-140-g9a10cc1
roadmap;dimacs;72/10;10;    379408;    158562;0;492;2612333;130833;96;730;0.305703;427974;0;0;sBELA0;? Unchecked;v1.6.0-140-g9a10cc1
roadmap;dimacs;73/10;10;    165998;    242916;0;856;3772102;392326;7;730;0.70825;553937;0;0;sBELA0;? Unchecked;v1.6.0-140-g9a10cc1
roadmap;dimacs;74/10;10;    273849;    233106;0;748;3818445;329188;11;730;0.592733;555373;0;0;sBELA0;? Unchecked;v1.6.0-140-g9a10cc1
roadmap;dimacs;75/10;10;    128253;     35195;0;632;2085134;152813;22;730;0.37714;405190;0;0;sBELA0;? Unchecked;v1.6.0-140-g9a10cc1
roadmap;dimacs;76/10;10;    183220;      8889;0;537;1483513;128186;15;730;0.242104;529466;0;0;sBELA0;? Unchecked;v1.6.0-140-g9a10cc1
roadmap;dimacs;77/10;10;    272704;    414613;0;281;1248538;48543;15;730;0.122396;396605;0;0;sBELA0;? Unchecked;v1.6.0-140-g9a10cc1
roadmap;dimacs;78/10;10;    370469;     78546;0;497;2391002;243195;11;730;0.475411;511547;0;0;sBELA0;? Unchecked;v1.6.0-140-g9a10cc1
roadmap;dimacs;79/10;10;     89775;    214561;0;754;2352375;206549;27;730;0.43503;474792;0;0;sBELA0;? Unchecked;v1.6.0-140-g9a10cc1
roadmap;dimacs;80/10;10;    189664;    402552;0;513;2165075;95851;5;730;0.253678;377846;0;0;sBELA0;? Unchecked;v1.6.0-140-g9a10cc1
roadmap;dimacs;81/10;10;    152121;    246814;0;1154;4830879;426905;5;730;0.872569;489251;0;0;sBELA0;? Unchecked;v1.6.0-140-g9a10cc1
roadmap;dimacs;82/10;10;    322470;    286921;0;1465;7188957;421934;11;730;0.860751;490193;0;0;sBELA0;? Unchecked;v1.6.0-140-g9a10cc1
roadmap;dimacs;83/10;10;    299997;    278967;0;1317;5172408;386071;5;730;0.822237;469537;0;0;sBELA0;? Unchecked;v1.6.0-140-g9a10cc1
roadmap;dimacs;84/10;10;    250235;    356746;0;1030;4989917;380497;10;730;0.854286;445397;0;0;sBELA0;? Unchecked;v1.6.0-140-g9a10cc1
roadmap;dimacs;85/10;10;    163254;    319164;0;954;3692065;363944;15;730;0.682977;532879;0;0;sBELA0;? Unchecked;v1.6.0-140-g9a10cc1
roadmap;dimacs;86/10;10;    140318;      8074;0;504;1352653;139048;55;739;0.263549;527598;0;0;sBELA0;? Unchecked;v1.6.0-140-g9a10cc1
roadmap;dimacs;87/10;10;    185965;    196301;0;827;3531213;349303;5;739;0.623646;560098;0;0;sBELA0;? Unchecked;v1.6.0-140-g9a10cc1
roadmap;dimacs;88/10;10;    359803;     81858;0;257;1279883;59323;12;739;0.128318;462313;0;0;sBELA0;? Unchecked;v1.6.0-140-g9a10cc1
roadmap;dimacs;89/10;10;    349089;    308312;0;682;3372851;365991;19;739;0.675845;541531;0;0;sBELA0;? Unchecked;v1.6.0-140-g9a10cc1
roadmap;dimacs;90/10;10;    347477;    427675;0;447;1014918;119467;10;739;0.233488;511663;0;0;sBELA0;? Unchecked;v1.6.0-140-g9a10cc1
roadmap;dimacs;91/10;10;    368929;    215278;0;691;1737811;157428;7;739;0.282043;558169;0;0;sBELA0;? Unchecked;v1.6.0-140-g9a10cc1
roadmap;dimacs;92/10;10;     92275;    285142;0;1508;5738333;411927;10;739;0.851552;483737;0;0;sBELA0;? Unchecked;v1.6.0-140-g9a10cc1
roadmap;dimacs;93/10;10;    118818;    384490;0;735;2891069;317076;16;625;0.578343;548249;0;0;sBELA0;? Unchecked;v1.6.0-140-g9a10cc1
roadmap;dimacs;94/10;10;    413378;    431648;0;450;2462995;243559;6;739;0.482493;504793;0;0;sBELA0;? Unchecked;v1.6.0-140-g9a10cc1
roadmap;dimacs;95/10;10;     22320;    400212;0;349;1094920;169963;14;625;0.289238;587623;0;0;sBELA0;? Unchecked;v1.6.0-140-g9a10cc1
roadmap;dimacs;96/10;10;    110951;    317115;0;1304;5277098;429813;5;814;0.884215;486096;0;0;sBELA0;? Unchecked;v1.6.0-140-g9a10cc1
roadmap;dimacs;97/10;10;    153175;    122456;0;260;814461;55596;13;814;0.0919855;604399;0;0;sBELA0;? Unchecked;v1.6.0-140-g9a10cc1
roadmap;dimacs;98/10;10;     72512;    386851;0;1242;5208105;356138;14;814;0.858127;415018;0;0;sBELA0;? Unchecked;v1.6.0-140-g9a10cc1
roadmap;dimacs;99/10;10;    148594;    414859;0;320;1798693;216800;28;814;0.369529;586693;0;0;sBELA0;? Unchecked;v1.6.0-140-g9a10cc1
roadmap;dimacs;0/20;20;    294756;    116704;0;1118;4213973;306436;32;814;0.701845;436615;0;0;sBELA0;? Unchecked;v1.6.0-140-g9a10cc1
roadmap;dimacs;1/20;20;    325364;     11913;0;1264;4116094;307944;21;814;0.647726;475423;0;0;sBELA0;? Unchecked;v1.6.0-140-g9a10cc1
roadmap;dimacs;2/20;20;    285177;    334042;0;421;3637237;242820;19;814;0.476791;509280;0;0;sBELA0;? Unchecked;v1.6.0-140-g9a10cc1
roadmap;dimacs;3/20;20;    236480;     66871;0;753;3645117;292933;22;814;0.556613;526278;0;0;sBELA0;? Unchecked;v1.6.0-140-g9a10cc1
roadmap;dimacs;4/20;20;    249937;    358183;0;1211;5848360;417068;12;814;0.865795;481717;0;0;sBELA0;? Unchecked;v1.6.0-140-g9a10cc1
roadmap;dimacs;5/20;20;    278932;    202424;0;1207;5259244;416299;33;814;0.866675;480341;0;0;sBELA0;? Unchecked;v1.6.0-140-g9a10cc1
roadmap;dimacs;6/20;20;    430744;    255885;0;720;2988284;213576;15;814;0.441247;484029;0;0;sBELA0;? Unchecked;v1.6.0-140-g9a10cc1
roadmap;dimacs;7/20;20;    167653;    110820;0;449;1630701;125146;27;814;0.236488;529185;0;0;sBELA0;? Unchecked;v1.6.0-140-g9a10cc1
roadmap;dimacs;8/20;20;    389224;    209129;0;874;3482894;280999;5;814;0.524878;535360;0;0;sBELA0;? Unchecked;v1.6.0-140-g9a10cc1
roadmap;dimacs;9/20;20;    361295;    369960;0;203;827053;18765;26;814;0.0443806;422820;0;0;sBELA0;? Unchecked;v1.6.0-140-g9a10cc1
roadmap;dimacs;10/20;20;     63073;    122016;0;555;1057465;146443;11;814;0.264021;554664;0;0;sBELA0;? Unchecked;v1.6.0-140-g9a10cc1
roadmap;dimacs;11/20;20;    377280;     89101;0;1019;3953971;249427;27;814;0.519338;480279;0;0;sBELA0;? Unchecked;v1.6.0-140-g9a10cc1
roadmap;dimacs;12/20;20;    184086;      9250;0;409;1411435;102906;37;814;0.210662;488488;0;0;sBELA0;? Unchecked;v1.6.0-140-g9a10cc1
roadmap;dimacs;13/20;20;     11558;    157695;0;472;1399240;190806;49;846;0.349778;545506;0;0;sBELA0;? Unchecked;v1.6.0-140-g9a10cc1
roadmap;dimacs;14/20;20;    290606;    380934;0;902;3361772;128078;20;848;0.292242;438259;0;0;sBELA0;? Unchecked;v1.6.0-140-g9a10cc1
roadmap;dimacs;15/20;20;    312872;    335255;0;1105;5080449;215425;34;848;0.538282;400208;0;0;sBELA0;? Unchecked;v1.6.0-140-g9a10cc1
roadmap;dimacs;16/20;20;    172626;    340963;0;502;1825232;70078;24;848;0.143993;486676;0;0;sBELA0;? Unchecked;v1.6.0-140-g9a10cc1
roadmap;dimacs;17/20;20;     71257;    309332;0;808;3137860;361411;22;848;0.668492;540636;0;0;sBELA0;? Unchecked;v1.6.0-140-g9a10cc1
roadmap;dimacs;18/20;20;    197543;    272443;0;1211;3728298;358834;33;848;0.666591;538312;0;0;sBELA0;? Unchecked;v1.6.0-140-g9a10cc1
roadmap;dimacs;19/20;20;    115849;    293642;0;1230;4552474;408254;27;848;0.839299;486422;0;0;sBELA0;? Unchecked;v1.6.0-140-g9a10cc1
roadmap;dimacs;20/20;20;     96029;    288190;0;1382;5471997;411475;22;848;0.851182;483416;0;0;sBELA0;? Unchecked;v1.6.0-140-g9a10cc1
roadmap;dimacs;21/20;20;    123302;    388474;0;609;2889394;317131;30;854;0.560826;565472;0;0;sBELA0;? Unchecked;v1.6.0-140-g9a10cc1
roadmap;dimacs;22/20;20;    395621;    154547;0;1151;4759323;199625;12;854;0.515776;387038;0;0;sBELA0;? Unchecked;v1.6.0-140-g9a10cc1
roadmap;dimacs;23/20;20;    223763;    127629;0;549;1965722;249708;31;854;0.405233;616208;0;0;sBELA0;? Unchecked;v1.6.0-140-g9a10cc1
roadmap;dimacs;24/20;20;    327745;    375938;0;1191;5462151;405017;31;854;0.893422;453332;0;0;sBELA0;? Unchecked;v1.6.0-140-g9a10cc1
roadmap;dimacs;25/20;20;    175197;      5809;0;861;2920072;170979;30;854;0.353326;483913;0;0;sBELA0;? Unchecked;v1.6.0-140-g9a10cc1
roadmap;dimacs;26/20;20;    188424;    158412;0;801;2521909;259612;33;854;0.485921;534268;0;0;sBELA0;? Unchecked;v1.6.0-140-g9a10cc1
roadmap;dimacs;27/20;20;    268346;    359471;0;1014;3161808;296219;4;854;0.540443;548104;0;0;sBELA0;? Unchecked;v1.6.0-140-g9a10cc1
roadmap;dimacs;28/20;20;    174382;    236731;0;1140;4392056;392452;20;854;0.845744;464032;0;0;sBELA0;? Unchecked;v1.6.0-140-g9a10cc1
roadmap;dimacs;29/20;20;    204045;    159790;0;917;2894884;241260;36;854;0.465943;517788;0;0;sBELA0;? Unchecked;v1.6.0-140-g9a10cc1
roadmap;dimacs;30/20;20;    390757;    318002;0;346;1672105;37307;152;854;0.0900163;414447;0;0;sBELA0;? Unchecked;v1.6.0-140-g9a10cc1
roadmap;dimacs;31/20;20;     91059;     57980;0;826;3685763;214692;25;854;0.422063;508673;0;0;sBELA0;? Unchecked;v1.6.0-140-g9a10cc1
roadmap;dimacs;32/20;20;     72990;    320575;0;1202;5651988;372590;26;854;0.812542;458549;0;0;sBELA0;? Unchecked;v1.6.0-140-g9a10cc1
roadmap;dimacs;33/20;20;     65526;    339114;0;1136;4409634;402344;5;854;0.817732;492024;0;0;sBELA0;? Unchecked;v1.6.0-140-g9a10cc1
roadmap;dimacs;34/20;20;    349165;     12701;0;571;1338148;142481;10;854;0.251054;567531;0;0;sBELA0;? Unchecked;v1.6.0-140-g9a10cc1
roadmap;dimacs;35/20;20;    187769;    228911;0;360;1371957;61587;62;854;0.125037;492552;0;0;sBELA0;? Unchecked;v1.6.0-140-g9a10cc1
roadmap;dimacs;36/20;20;    190262;     14733;0;1118;3834240;296406;5;854;0.539508;549401;0;0;sBELA0;? Unchecked;v1.6.0-140-g9a10cc1
roadmap;dimacs;37/20;20;    143799;    328188;0;479;1975281;249322;32;854;0.405141;615396;0;0;sBELA0;? Unchecked;v1.6.0-140-g9a10cc1
roadmap;dimacs;38/20;20;     96331;    415538;0;1003;4067306;321502;20;854;0.59072;544255;0;0;sBELA0;? Unchecked;v1.6.0-140-g9a10cc1
roadmap;dimacs;39/20;20;     65115;    387688;0;891;3373941;324286;31;854;0.587405;552065;0;0;sBELA0;? Unchecked;v1.6.0-140-g9a10cc1
roadmap;dimacs;40/20;20;    332193;    387507;0;1006;3944438;334920;21;854;0.598474;559623;0;0;sBELA0;? Unchecked;v1.6.0-140-g9a10cc1
roadmap;dimacs;41/20;20;    127669;    162338;0;664;2783217;282145;27;854;0.531694;530653;0;0;sBELA0;? Unchecked;v1.6.0-140-g9a10cc1
roadmap;dimacs;42/20;20;    263041;    142943;0;922;2504814;246450;10;854;0.484226;508957;0;0;sBELA0;? Unchecked;v1.6.0-140-g9a10cc1
roadmap;dimacs;43/20;20;    390723;      1064;0;936;3692660;339984;20;854;0.608273;558933;0;0;sBELA0;? Unchecked;v1.6.0-140-g9a10cc1
roadmap;dimacs;44/20;20;    304490;    279242;0;1366;5596746;415903;10;854;0.856539;485562;0;0;sBELA0;? Unchecked;v1.6.0-140-g9a10cc1
roadmap;dimacs;45/20;20;     26846;    394583;0;1153;4840342;419733;9;854;0.83708;501425;0;0;sBELA0;? Unchecked;v1.6.0-140-g9a10cc1
roadmap;dimacs;46/20;20;    233353;    185925;0;808;3815549;329942;41;854;0.60415;546126;0;0;sBELA0;? Unchecked;v1.6.0-140-g9a10cc1
roadmap;dimacs;47/20;20;    323833;    176822;0;609;2620189;72236;21;854;0.204886;352567;0;0;sBELA0;? Unchecked;v1.6.0-140-g9a10cc1
roadmap;dimacs;48/20;20;    346446;     63237;0;540;1770359;195863;13;854;0.344659;568281;0;0;sBELA0;? Unchecked;v1.6.0-140-g9a10cc1
roadmap;dimacs;49/20;20;    113928;    360799;0;518;1735152;213908;20;854;0.364518;586825;0;0;sBELA0;? Unchecked;v1.6.0-140-g9a10cc1
roadmap;dimacs;50/20;20;    199421;    266182;0;1127;3654703;311410;10;854;0.587167;530360;0;0;sBELA0;? Unchecked;v1.6.0-140-g9a10cc1
roadmap;dimacs;51/20;20;    293869;     25608;0;1119;4306081;230460;14;854;0.574802;400938;0;0;sBELA0;? Unchecked;v1.6.0-140-g9a10cc1
roadmap;dimacs;52/20;20;    174170;    272593;0;785;3426602;274635;39;854;0.522778;525338;0;0;sBELA0;? Unchecked;v1.6.0-140-g9a10cc1
roadmap;dimacs;53/20;20;    221325;    434952;0;878;4090553;398555;10;854;0.781428;510034;0;0;sBELA0;? Unchecked;v1.6.0-140-g9a10cc1
roadmap;dimacs;54/20;20;    117635;    105076;0;225;583593;61908;18;854;0.105247;588219;0;0;sBELA0;? Unchecked;v1.6.0-140-g9a10cc1
roadmap;dimacs;55/20;20;    193103;    276461;0;853;3632887;349909;10;854;0.630608;554876;0;0;sBELA0;? Unchecked;v1.6.0-140-g9a10cc1
roadmap;dimacs;56/20;20;      4570;     94284;0;1061;3585626;357320;20;854;0.644921;554052;0;0;sBELA0;? Unchecked;v1.6.0-140-g9a10cc1
roadmap;dimacs;57/20;20;    131126;     21354;0;546;1578430;123300;40;854;0.227981;540835;0;0;sBELA0;? Unchecked;v1.6.0-140-g9a10cc1
roadmap;dimacs;58/20;20;    235750;    208824;0;547;2586796;197516;78;854;0.419315;471044;0;0;sBELA0;? Unchecked;v1.6.0-140-g9a10cc1
roadmap;dimacs;59/20;20;       489;    261832;0;413;1641794;163264;46;854;0.28972;563524;0;0;sBELA0;? Unchecked;v1.6.0-140-g9a10cc1
roadmap;dimacs;60/20;20;    318387;    328863;0;1372;5153190;399274;5;854;0.833155;479232;0;0;sBELA0;? Unchecked;v1.6.0-140-g9a10cc1
roadmap;dimacs;61/20;20;    274877;     23528;0;773;2981052;151806;13;854;0.320783;473236;0;0;sBELA0;? Unchecked;v1.6.0-140-g9a10cc1
roadmap;dimacs;62/20;20;    220394;    272522;0;694;1663122;220787;49;854;0.368057;599871;0;0;sBELA0;? Unchecked;v1.6.0-140-g9a10cc1
roadmap;dimacs;63/20;20;    228259;    177627;0;1117;4599369;415076;25;854;0.890142;466303;0;0;sBELA0;? Unchecked;v1.6.0-140-g9a10cc1
roadmap;dimacs;64/20;20;    319517;    205274;0;772;3597700;283949;20;854;0.522739;543195;0;0;sBELA0;? Unchecked;v1.6.0-140-g9a10cc1
roadmap;dimacs;65/20;20;    312838;    292039;0;245;1792104;31752;64;854;0.0763601;415819;0;0;sBELA0;? Unchecked;v1.6.0-140-g9a10cc1
roadmap;dimacs;66/20;20;    231105;    325711;0;1099;3901428;379739;5;854;0.67426;563194;0;0;sBELA0;? Unchecked;v1.6.0-140-g9a10cc1
roadmap;dimacs;67/20;20;     24598;    413512;0;443;1004559;154107;25;854;0.273562;563335;0;0;sBELA0;? Unchecked;v1.6.0-140-g9a10cc1
roadmap;dimacs;68/20;20;     23559;    272815;0;778;1349087;198452;11;854;0.345778;573930;0;0;sBELA0;? Unchecked;v1.6.0-140-g9a10cc1
roadmap;dimacs;69/20;20;     77506;    341012;0;439;2259961;75998;20;854;0.23587;322203;0;0;sBELA0;? Unchecked;v1.6.0-140-g9a10cc1
roadmap;dimacs;70/20;20;    292092;    386735;0;554;2945697;88205;69;854;0.233334;378020;0;0;sBELA0;? Unchecked;v1.6.0-140-g9a10cc1
roadmap;dimacs;71/20;20;    376744;    379588;0;597;3662331;263948;18;854;0.49726;530805;0;0;sBELA0;? Unchecked;v1.6.0-140-g9a10cc1
roadmap;dimacs;72/20;20;    379408;    158562;0;479;2612640;130896;227;854;0.301533;434101;0;0;sBELA0;? Unchecked;v1.6.0-140-g9a10cc1
roadmap;dimacs;73/20;20;    165998;    242916;0;859;3772113;392327;14;854;0.700205;560303;0;0;sBELA0;? Unchecked;v1.6.0-140-g9a10cc1
roadmap;dimacs;74/20;20;    273849;    233106;0;720;3818490;329191;26;854;0.584606;563099;0;0;sBELA0;? Unchecked;v1.6.0-140-g9a10cc1
roadmap;dimacs;75/20;20;    128253;     35195;0;634;2085154;152820;43;854;0.348646;438324;0;0;sBELA0;? Unchecked;v1.6.0-140-g9a10cc1
roadmap;dimacs;76/20;20;    183220;      8889;0;536;1483537;128192;35;854;0.236693;541596;0;0;sBELA0;? Unchecked;v1.6.0-140-g9a10cc1
roadmap;dimacs;77/20;20;    272704;    414613;0;281;1248695;48563;45;854;0.108119;449163;0;0;sBELA0;? Unchecked;v1.6.0-140-g9a10cc1
roadmap;dimacs;78/20;20;    370469;     78546;0;498;2391051;243203;22;854;0.4709;516464;0;0;sBELA0;? Unchecked;v1.6.0-140-g9a10cc1
roadmap;dimacs;79/20;20;     89775;    214561;0;756;2352394;206550;60;854;0.422706;488637;0;0;sBELA0;? Unchecked;v1.6.0-140-g9a10cc1
roadmap;dimacs;80/20;20;    189664;    402552;0;510;2165091;95852;11;854;0.243901;392995;0;0;sBELA0;? Unchecked;v1.6.0-140-g9a10cc1
roadmap;dimacs;81/20;20;    152121;    246814;0;1156;4830889;426905;10;854;0.869141;491181;0;0;sBELA0;? Unchecked;v1.6.0-140-g9a10cc1
roadmap;dimacs;82/20;20;    322470;    286921;0;1465;7188972;421934;27;854;0.855903;492969;0;0;sBELA0;? Unchecked;v1.6.0-140-g9a10cc1
roadmap;dimacs;83/20;20;    299997;    278967;0;1319;5172413;386073;10;854;0.834541;462617;0;0;sBELA0;? Unchecked;v1.6.0-140-g9a10cc1
roadmap;dimacs;84/20;20;    250235;    356746;0;1032;4989941;380502;20;854;0.808651;470539;0;0;sBELA0;? Unchecked;v1.6.0-140-g9a10cc1
roadmap;dimacs;85/20;20;    163254;    319164;0;954;3692093;363946;30;854;0.673614;540289;0;0;sBELA0;? Unchecked;v1.6.0-140-g9a10cc1
roadmap;dimacs;86/20;20;    140318;      8074;0;505;1352743;139071;101;854;0.258805;537359;0;0;sBELA0;? Unchecked;v1.6.0-140-g9a10cc1
roadmap;dimacs;87/20;20;    185965;    196301;0;822;3531218;349303;9;854;0.618772;564510;0;0;sBELA0;? Unchecked;v1.6.0-140-g9a10cc1
roadmap;dimacs;88/20;20;    359803;     81858;0;243;1280015;59334;22;854;0.117496;504985;0;0;sBELA0;? Unchecked;v1.6.0-140-g9a10cc1
roadmap;dimacs;89/20;20;    349089;    308312;0;682;3372897;365995;30;854;0.672759;544021;0;0;sBELA0;? Unchecked;v1.6.0-140-g9a10cc1
roadmap;dimacs;90/20;20;    347477;    427675;0;450;1014943;119471;20;854;0.226993;526321;0;0;sBELA0;? Unchecked;v1.6.0-140-g9a10cc1
roadmap;dimacs;91/20;20;    368929;    215278;0;690;1737833;157432;15;854;0.280903;560449;0;0;sBELA0;? Unchecked;v1.6.0-140-g9a10cc1
roadmap;dimacs;92/20;20;     92275;    285142;0;1509;5738341;411927;20;854;0.882144;466961;0;0;sBELA0;? Unchecked;v1.6.0-140-g9a10cc1
roadmap;dimacs;93/20;20;    118818;    384490;0;734;2891108;317076;35;854;0.560429;565774;0;0;sBELA0;? Unchecked;v1.6.0-140-g9a10cc1
roadmap;dimacs;94/20;20;    413378;    431648;0;451;2463080;243568;15;854;0.465434;523314;0;0;sBELA0;? Unchecked;v1.6.0-140-g9a10cc1
roadmap;dimacs;95/20;20;     22320;    400212;0;348;1094959;169975;25;854;0.284969;596468;0;0;sBELA0;? Unchecked;v1.6.0-140-g9a10cc1
roadmap;dimacs;96/20;20;    110951;    317115;0;1302;5277100;429813;9;854;0.857766;501084;0;0;sBELA0;? Unchecked;v1.6.0-140-g9a10cc1
roadmap;dimacs;97/20;20;    153175;    122456;0;261;814533;55598;27;854;0.0942102;590149;0;0;sBELA0;? Unchecked;v1.6.0-140-g9a10cc1
roadmap;dimacs;98/20;20;     72512;    386851;0;1244;5208140;356138;26;854;0.797925;446330;0;0;sBELA0;? Unchecked;v1.6.0-140-g9a10cc1
roadmap;dimacs;99/20;20;    148594;    414859;0;324;1798805;216812;71;854;0.361015;600562;0;0;sBELA0;? Unchecked;v1.6.0-140-g9a10cc1
roadmap;dimacs;0/30;30;    294756;    116704;0;1114;4213987;306437;52;854;0.695028;440899;0;0;sBELA0;? Unchecked;v1.6.0-140-g9a10cc1
roadmap;dimacs;1/30;30;    325364;     11913;0;1261;4116108;307948;34;854;0.642744;479114;0;0;sBELA0;? Unchecked;v1.6.0-140-g9a10cc1
roadmap;dimacs;2/30;30;    285177;    334042;0;421;3637254;242821;27;854;0.465788;521312;0;0;sBELA0;? Unchecked;v1.6.0-140-g9a10cc1
roadmap;dimacs;3/30;30;    236480;     66871;0;753;3645134;292933;36;854;0.548233;534322;0;0;sBELA0;? Unchecked;v1.6.0-140-g9a10cc1
roadmap;dimacs;4/30;30;    249937;    358183;0;1207;5848372;417069;20;854;0.869405;479718;0;0;sBELA0;? Unchecked;v1.6.0-140-g9a10cc1
roadmap;dimacs;5/30;30;    278932;    202424;0;1205;5259252;416299;52;854;0.860082;484022;0;0;sBELA0;? Unchecked;v1.6.0-140-g9a10cc1
roadmap;dimacs;6/30;30;    430744;    255885;0;723;2988366;213590;38;854;0.433792;492378;0;0;sBELA0;? Unchecked;v1.6.0-140-g9a10cc1
roadmap;dimacs;7/30;30;    167653;    110820;0;448;1630726;125151;38;854;0.229733;544768;0;0;sBELA0;? Unchecked;v1.6.0-140-g9a10cc1
roadmap;dimacs;8/30;30;    389224;    209129;0;869;3482902;281001;8;854;0.521967;538351;0;0;sBELA0;? Unchecked;v1.6.0-140-g9a10cc1
roadmap;dimacs;9/30;30;    361295;    369960;0;203;827060;18765;32;854;0.0447975;418885;0;0;sBELA0;? Unchecked;v1.6.0-140-g9a10cc1
roadmap;dimacs;10/30;30;     63073;    122016;0;551;1057494;146446;20;854;0.269603;543192;0;0;sBELA0;? Unchecked;v1.6.0-140-g9a10cc1
roadmap;dimacs;11/30;30;    377280;     89101;0;1019;3953990;249433;40;854;0.477688;522167;0;0;sBELA0;? Unchecked;v1.6.0-140-g9a10cc1
roadmap;dimacs;12/30;30;    184086;      9250;0;412;1411453;102910;52;854;0.203018;506901;0;0;sBELA0;? Unchecked;v1.6.0-140-g9a10cc1
roadmap;dimacs;13/30;30;     11558;    157695;0;478;1399302;190814;86;855;0.337219;565845;0;0;sBELA0;? Unchecked;v1.6.0-140-g9a10cc1
roadmap;dimacs;14/30;30;    290606;    380934;0;899;3361785;128078;30;855;0.295587;433301;0;0;sBELA0;? Unchecked;v1.6.0-140-g9a10cc1
roadmap;dimacs;15/30;30;    312872;    335255;0;1102;5080481;215429;74;855;0.55006;391647;0;0;sBELA0;? Unchecked;v1.6.0-140-g9a10cc1
roadmap;dimacs;16/30;30;    172626;    340963;0;502;1825242;70078;33;855;0.14831;472509;0;0;sBELA0;? Unchecked;v1.6.0-140-g9a10cc1
roadmap;dimacs;17/30;30;     71257;    309332;0;809;3137869;361412;31;855;0.675348;535149;0;0;sBELA0;? Unchecked;v1.6.0-140-g9a10cc1
roadmap;dimacs;18/30;30;    197543;    272443;0;1208;3728309;358835;50;855;0.67788;529349;0;0;sBELA0;? Unchecked;v1.6.0-140-g9a10cc1
roadmap;dimacs;19/30;30;    115849;    293642;0;1231;4552485;408254;36;855;0.848987;480872;0;0;sBELA0;? Unchecked;v1.6.0-140-g9a10cc1
roadmap;dimacs;20/30;30;     96029;    288190;0;1381;5472003;411475;32;855;0.860947;477933;0;0;sBELA0;? Unchecked;v1.6.0-140-g9a10cc1
roadmap;dimacs;21/30;30;    123302;    388474;0;613;2889423;317133;58;856;0.569287;557071;0;0;sBELA0;? Unchecked;v1.6.0-140-g9a10cc1
roadmap;dimacs;22/30;30;    395621;    154547;0;1152;4759328;199626;16;856;0.524676;380475;0;0;sBELA0;? Unchecked;v1.6.0-140-g9a10cc1
roadmap;dimacs;23/30;30;    223763;    127629;0;554;1965745;249709;45;856;0.409545;609723;0;0;sBELA0;? Unchecked;v1.6.0-140-g9a10cc1
roadmap;dimacs;24/30;30;    327745;    375938;0;1193;5462196;405020;55;856;0.864059;468741;0;0;sBELA0;? Unchecked;v1.6.0-140-g9a10cc1
roadmap;dimacs;25/30;30;    175197;      5809;0;862;2920086;170981;44;856;0.358488;476951;0;0;sBELA0;? Unchecked;v1.6.0-140-g9a10cc1
roadmap;dimacs;26/30;30;    188424;    158412;0;792;2521918;259612;49;856;0.49457;524925;0;0;sBELA0;? Unchecked;v1.6.0-140-g9a10cc1
roadmap;dimacs;27/30;30;    268346;    359471;0;1016;3161817;296220;6;856;0.542706;545820;0;0;sBELA0;? Unchecked;v1.6.0-140-g9a10cc1
roadmap;dimacs;28/30;30;    174382;    236731;0;1141;4392059;392452;21;856;0.844393;464774;0;0;sBELA0;? Unchecked;v1.6.0-140-g9a10cc1
roadmap;dimacs;29/30;30;    204045;    159790;0;917;2894899;241266;49;856;0.474111;508881;0;0;sBELA0;? Unchecked;v1.6.0-140-g9a10cc1
roadmap;dimacs;30/30;30;    390757;    318002;0;347;1672253;37318;264;856;0.0939425;397243;0;0;sBELA0;? Unchecked;v1.6.0-140-g9a10cc1
roadmap;dimacs;31/30;30;     91059;     57980;0;828;3685784;214697;34;856;0.428656;500861;0;0;sBELA0;? Unchecked;v1.6.0-140-g9a10cc1
roadmap;dimacs;32/30;30;     72990;    320575;0;1206;5651998;372590;36;856;0.85432;436124;0;0;sBELA0;? Unchecked;v1.6.0-140-g9a10cc1
roadmap;dimacs;33/30;30;     65526;    339114;0;1132;4409640;402344;8;856;0.822387;489239;0;0;sBELA0;? Unchecked;v1.6.0-140-g9a10cc1
roadmap;dimacs;34/30;30;    349165;     12701;0;574;1338157;142484;15;856;0.255415;557853;0;0;sBELA0;? Unchecked;v1.6.0-140-g9a10cc1
roadmap;dimacs;35/30;30;    187769;    228911;0;356;1371989;61593;87;856;0.128594;478973;0;0;sBELA0;? Unchecked;v1.6.0-140-g9a10cc1
roadmap;dimacs;36/30;30;    190262;     14733;0;1119;3834247;296410;8;856;0.54749;541398;0;0;sBELA0;? Unchecked;v1.6.0-140-g9a10cc1
roadmap;dimacs;37/30;30;    143799;    328188;0;479;1975286;249322;43;856;0.408341;610573;0;0;sBELA0;? Unchecked;v1.6.0-140-g9a10cc1
roadmap;dimacs;38/30;30;     96331;    415538;0;1005;4067321;321507;32;856;0.58759;547162;0;0;sBELA0;? Unchecked;v1.6.0-140-g9a10cc1
roadmap;dimacs;39/30;30;     65115;    387688;0;888;3373951;324286;39;856;0.590453;549215;0;0;sBELA0;? Unchecked;v1.6.0-140-g9a10cc1
roadmap;dimacs;40/30;30;    332193;    387507;0;1011;3944448;334920;32;856;0.605034;553556;0;0;sBELA0;? Unchecked;v1.6.0-140-g9a10cc1
roadmap;dimacs;41/30;30;    127669;    162338;0;663;2783237;282146;42;856;0.540982;521544;0;0;sBELA0;? Unchecked;v1.6.0-140-g9a10cc1
roadmap;dimacs;42/30;30;    263041;    142943;0;919;2504817;246450;14;856;0.463352;531885;0;0;sBELA0;? Unchecked;v1.6.0-140-g9a10cc1
roadmap;dimacs;43/30;30;    390723;      1064;0;936;3692675;339985;30;856;0.615721;552174;0;0;sBELA0;? Unchecked;v1.6.0-140-g9a10cc1
roadmap;dimacs;44/30;30;    304490;    279242;0;1376;5596756;415903;15;856;0.885482;469691;0;0;sBELA0;? Unchecked;v1.6.0-140-g9a10cc1
roadmap;dimacs;45/30;30;     26846;    394583;0;1156;4840349;419733;14;856;0.842938;497940;0;0;sBELA0;? Unchecked;v1.6.0-140-g9a10cc1
roadmap;dimacs;46/30;30;    233353;    185925;0;810;3815567;329943;57;856;0.609577;541266;0;0;sBELA0;? Unchecked;v1.6.0-140-g9a10cc1
roadmap;dimacs;47/30;30;    323833;    176822;0;612;2620193;72236;31;856;0.207788;347642;0;0;sBELA0;? Unchecked;v1.6.0-140-g9a10cc1
roadmap;dimacs;48/30;30;    346446;     63237;0;539;1770388;195875;18;856;0.339375;577164;0;0;sBELA0;? Unchecked;v1.6.0-140-g9a10cc1
roadmap;dimacs;49/30;30;    113928;    360799;0;517;1735160;213908;31;856;0.367998;581275;0;0;sBELA0;? Unchecked;v1.6.0-140-g9a10cc1
roadmap;dimacs;50/30;30;    199421;    266182;0;1121;3654724;311411;16;856;0.575254;541346;0;0;sBELA0;? Unchecked;v1.6.0-140-g9a10cc1
roadmap;dimacs;51/30;30;    293869;     25608;0;1120;4306087;230460;19;856;0.565217;407737;0;0;sBELA0;? Unchecked;v1.6.0-140-g9a10cc1
roadmap;dimacs;52/30;30;    174170;    272593;0;785;3426651;274651;88;856;0.521232;526927;0;0;sBELA0;? Unchecked;v1.6.0-140-g9a10cc1
roadmap;dimacs;53/30;30;    221325;    434952;0;844;4090569;398555;15;856;0.777497;512613;0;0;sBELA0;? Unchecked;v1.6.0-140-g9a10cc1
roadmap;dimacs;54/30;30;    117635;    105076;0;225;583633;61920;29;856;0.106807;579739;0;0;sBELA0;? Unchecked;v1.6.0-140-g9a10cc1
roadmap;dimacs;55/30;30;    193103;    276461;0;861;3632891;349909;15;856;0.628429;556800;0;0;sBELA0;? Unchecked;v1.6.0-140-g9a10cc1
roadmap;dimacs;56/30;30;      4570;     94284;0;1061;3585636;357321;34;856;0.653422;546846;0;0;sBELA0;? Unchecked;v1.6.0-140-g9a10cc1
roadmap;dimacs;57/30;30;    131126;     21354;0;541;1578448;123302;58;856;0.268687;458906;0;0;sBELA0;? Unchecked;v1.6.0-140-g9a10cc1
roadmap;dimacs;58/30;30;    235750;    208824;0;544;2586889;197530;128;856;0.425328;464418;0;0;sBELA0;? Unchecked;v1.6.0-140-g9a10cc1
roadmap;dimacs;59/30;30;       489;    261832;0;405;1641840;163270;77;856;0.292793;557629;0;0;sBELA0;? Unchecked;v1.6.0-140-g9a10cc1
roadmap;dimacs;60/30;30;    318387;    328863;0;1371;5153195;399274;8;856;0.830601;480705;0;0;sBELA0;? Unchecked;v1.6.0-140-g9a10cc1
roadmap;dimacs;61/30;30;    274877;     23528;0;794;2981069;151808;21;856;0.325222;466782;0;0;sBELA0;? Unchecked;v1.6.0-140-g9a10cc1
roadmap;dimacs;62/30;30;    220394;    272522;0;697;1663147;220788;66;856;0.372982;591953;0;0;sBELA0;? Unchecked;v1.6.0-140-g9a10cc1
roadmap;dimacs;63/30;30;    228259;    177627;0;1117;4599377;415077;39;856;0.860763;482220;0;0;sBELA0;? Unchecked;v1.6.0-140-g9a10cc1
roadmap;dimacs;64/30;30;    319517;    205274;0;774;3597715;283955;32;856;0.529005;536772;0;0;sBELA0;? Unchecked;v1.6.0-140-g9a10cc1
roadmap;dimacs;65/30;30;    312838;    292039;0;246;1792283;31760;109;856;0.0779153;407622;0;0;sBELA0;? Unchecked;v1.6.0-140-g9a10cc1
roadmap;dimacs;66/30;30;    231105;    325711;0;1099;3901435;379739;7;856;0.677419;560568;0;0;sBELA0;? Unchecked;v1.6.0-140-g9a10cc1
roadmap;dimacs;67/30;30;     24598;    413512;0;450;1004591;154111;44;856;0.27691;556539;0;0;sBELA0;? Unchecked;v1.6.0-140-g9a10cc1
roadmap;dimacs;68/30;30;     23559;    272815;0;778;1349093;198454;16;856;0.346984;571939;0;0;sBELA0;? Unchecked;v1.6.0-140-g9a10cc1
roadmap;dimacs;69/30;30;     77506;    341012;0;437;2259971;75999;29;856;0.223431;340146;0;0;sBELA0;? Unchecked;v1.6.0-140-g9a10cc1
roadmap;dimacs;70/30;30;    292092;    386735;0;555;2945750;88209;109;856;0.239086;368942;0;0;sBELA0;? Unchecked;v1.6.0-140-g9a10cc1
roadmap;dimacs;71/30;30;    376744;    379588;0;597;3662336;263948;26;856;0.50077;527084;0;0;sBELA0;? Unchecked;v1.6.0-140-g9a10cc1
roadmap;dimacs;72/30;30;    379408;    158562;0;487;2612786;130924;326;856;0.311111;420828;0;0;sBELA0;? Unchecked;v1.6.0-140-g9a10cc1
roadmap;dimacs;73/30;30;    165998;    242916;0;858;3772115;392328;20;856;0.735799;533200;0;0;sBELA0;? Unchecked;v1.6.0-140-g9a10cc1
roadmap;dimacs;74/30;30;    273849;    233106;0;737;3818517;329192;42;856;0.590266;557701;0;0;sBELA0;? Unchecked;v1.6.0-140-g9a10cc1
roadmap;dimacs;75/30;30;    128253;     35195;0;628;2085177;152826;65;856;0.357922;426981;0;0;sBELA0;? Unchecked;v1.6.0-140-g9a10cc1
roadmap;dimacs;76/30;30;    183220;      8889;0;542;1483547;128198;51;856;0.241041;531851;0;0;sBELA0;? Unchecked;v1.6.0-140-g9a10cc1
roadmap;dimacs;77/30;30;    272704;    414613;0;284;1248886;48573;104;856;0.111338;436264;0;0;sBELA0;? Unchecked;v1.6.0-140-g9a10cc1
roadmap;dimacs;78/30;30;    370469;     78546;0;497;2391074;243207;35;856;0.481931;504651;0;0;sBELA0;? Unchecked;v1.6.0-140-g9a10cc1
roadmap;dimacs;79/30;30;     89775;    214561;0;757;2352414;206558;97;856;0.432691;477380;0;0;sBELA0;? Unchecked;v1.6.0-140-g9a10cc1
roadmap;dimacs;80/30;30;    189664;    402552;0;513;2165099;95853;16;856;0.245875;389844;0;0;sBELA0;? Unchecked;v1.6.0-140-g9a10cc1
roadmap;dimacs;81/30;30;    152121;    246814;0;1154;4830896;426905;15;856;0.870657;490325;0;0;sBELA0;? Unchecked;v1.6.0-140-g9a10cc1
roadmap;dimacs;82/30;30;    322470;    286921;0;1462;7188981;421935;43;856;0.868377;485889;0;0;sBELA0;? Unchecked;v1.6.0-140-g9a10cc1
roadmap;dimacs;83/30;30;    299997;    278967;0;1316;5172421;386074;15;856;0.82843;466031;0;0;sBELA0;? Unchecked;v1.6.0-140-g9a10cc1
roadmap;dimacs;84/30;30;    250235;    356746;0;1035;4989953;380502;30;856;0.814459;467184;0;0;sBELA0;? Unchecked;v1.6.0-140-g9a10cc1
roadmap;dimacs;85/30;30;    163254;    319164;0;954;3692107;363946;46;856;0.706352;515247;0;0;sBELA0;? Unchecked;v1.6.0-140-g9a10cc1
roadmap;dimacs;86/30;30;    140318;      8074;0;504;1352764;139080;122;856;0.255786;543736;0;0;sBELA0;? Unchecked;v1.6.0-140-g9a10cc1
roadmap;dimacs;87/30;30;    185965;    196301;0;822;3531219;349303;10;856;0.620493;562944;0;0;sBELA0;? Unchecked;v1.6.0-140-g9a10cc1
roadmap;dimacs;88/30;30;    359803;     81858;0;250;1280048;59339;32;856;0.119229;497689;0;0;sBELA0;? Unchecked;v1.6.0-140-g9a10cc1
roadmap;dimacs;89/30;30;    349089;    308312;0;678;3372933;365996;50;856;0.678467;539446;0;0;sBELA0;? Unchecked;v1.6.0-140-g9a10cc1
roadmap;dimacs;90/30;30;    347477;    427675;0;450;1014955;119471;31;856;0.22965;520230;0;0;sBELA0;? Unchecked;v1.6.0-140-g9a10cc1
roadmap;dimacs;91/30;30;    368929;    215278;0;690;1737875;157434;22;856;0.284345;553673;0;0;sBELA0;? Unchecked;v1.6.0-140-g9a10cc1
roadmap;dimacs;92/30;30;     92275;    285142;0;1508;5738355;411930;30;856;0.862249;477739;0;0;sBELA0;? Unchecked;v1.6.0-140-g9a10cc1
roadmap;dimacs;93/30;30;    118818;    384490;0;732;2891134;317078;56;856;0.564083;562113;0;0;sBELA0;? Unchecked;v1.6.0-140-g9a10cc1
roadmap;dimacs;94/30;30;    413378;    431648;0;452;2463178;243577;33;856;0.459713;529845;0;0;sBELA0;? Unchecked;v1.6.0-140-g9a10cc1
roadmap;dimacs;95/30;30;     22320;    400212;0;355;1094987;169986;38;856;0.288147;589927;0;0;sBELA0;? Unchecked;v1.6.0-140-g9a10cc1
roadmap;dimacs;96/30;30;    110951;    317115;0;1305;5277107;429813;14;856;0.859794;499902;0;0;sBELA0;? Unchecked;v1.6.0-140-g9a10cc1
roadmap;dimacs;97/30;30;    153175;    122456;0;261;814593;55601;46;856;0.0952475;583753;0;0;sBELA0;? Unchecked;v1.6.0-140-g9a10cc1
roadmap;dimacs;98/30;30;     72512;    386851;0;1244;5208150;356138;32;856;0.803591;443183;0;0;sBELA0;? Unchecked;v1.6.0-140-g9a10cc1
roadmap;dimacs;99/30;30;    148594;    414859;0;327;1798856;216817;103;856;0.36443;594949;0;0;sBELA0;? Unchecked;v1.6.0-140-g9a10cc1
roadmap;dimacs;0/40;40;    294756;    116704;0;1118;4213996;306439;69;856;0.700512;437450;0;0;sBELA0;? Unchecked;v1.6.0-140-g9a10cc1
roadmap;dimacs;1/40;40;    325364;     11913;0;1262;4116114;307951;40;856;0.650369;473502;0;0;sBELA0;? Unchecked;v1.6.0-140-g9a10cc1
roadmap;dimacs;2/40;40;    285177;    334042;0;416;3637265;242821;36;856;0.468937;517811;0;0;sBELA0;? Unchecked;v1.6.0-140-g9a10cc1
roadmap;dimacs;3/40;40;    236480;     66871;0;754;3645145;292933;49;856;0.556792;526109;0;0;sBELA0;? Unchecked;v1.6.0-140-g9a10cc1
roadmap;dimacs;4/40;40;    249937;    358183;0;1211;5848404;417070;27;856;0.868272;480345;0;0;sBELA0;? Unchecked;v1.6.0-140-g9a10cc1
roadmap;dimacs;5/40;40;    278932;    202424;0;1206;5259260;416299;73;856;0.867205;480047;0;0;sBELA0;? Unchecked;v1.6.0-140-g9a10cc1
roadmap;dimacs;6/40;40;    430744;    255885;0;723;2988389;213591;52;856;0.439716;485747;0;0;sBELA0;? Unchecked;v1.6.0-140-g9a10cc1
roadmap;dimacs;7/40;40;    167653;    110820;0;448;1630747;125157;48;856;0.232731;537776;0;0;sBELA0;? Unchecked;v1.6.0-140-g9a10cc1
roadmap;dimacs;8/40;40;    389224;    209129;0;869;3482903;281001;11;856;0.521573;538757;0;0;sBELA0;? Unchecked;v1.6.0-140-g9a10cc1
roadmap;dimacs;9/40;40;    361295;    369960;0;202;827067;18765;42;856;0.0451295;415804;0;0;sBELA0;? Unchecked;v1.6.0-140-g9a10cc1
roadmap;dimacs;10/40;40;     63073;    122016;0;552;1057509;146450;26;856;0.266993;548516;0;0;sBELA0;? Unchecked;v1.6.0-140-g9a10cc1
roadmap;dimacs;11/40;40;    377280;     89101;0;1018;3953992;249435;51;856;0.484078;515278;0;0;sBELA0;? Unchecked;v1.6.0-140-g9a10cc1
roadmap;dimacs;12/40;40;    184086;      9250;0;412;1411471;102921;76;856;0.206923;497389;0;0;sBELA0;? Unchecked;v1.6.0-140-g9a10cc1
roadmap;dimacs;13/40;40;     11558;    157695;0;478;1399331;190821;121;856;0.344012;554692;0;0;sBELA0;? Unchecked;v1.6.0-140-g9a10cc1
roadmap;dimacs;14/40;40;    290606;    380934;0;899;3361801;128080;40;856;0.310738;412180;0;0;sBELA0;? Unchecked;v1.6.0-140-g9a10cc1
roadmap;dimacs;15/40;40;    312872;    335255;0;1106;5080493;215431;86;856;0.55546;387843;0;0;sBELA0;? Unchecked;v1.6.0-140-g9a10cc1
roadmap;dimacs;16/40;40;    172626;    340963;0;503;1825256;70078;46;856;0.151835;461539;0;0;sBELA0;? Unchecked;v1.6.0-140-g9a10cc1
roadmap;dimacs;17/40;40;     71257;    309332;0;807;3137882;361413;40;856;0.680383;531190;0;0;sBELA0;? Unchecked;v1.6.0-140-g9a10cc1
roadmap;dimacs;18/40;40;    197543;    272443;0;1210;3728315;358835;63;856;0.684797;524002;0;0;sBELA0;? Unchecked;v1.6.0-140-g9a10cc1
roadmap;dimacs;19/40;40;    115849;    293642;0;1232;4552491;408254;50;856;0.857848;475905;0;0;sBELA0;? Unchecked;v1.6.0-140-g9a10cc1
roadmap;dimacs;20/40;40;     96029;    288190;0;1382;5472009;411475;41;856;0.866739;474739;0;0;sBELA0;? Unchecked;v1.6.0-140-g9a10cc1
roadmap;dimacs;21/40;40;    123302;    388474;0;612;2889450;317138;78;856;0.573782;552715;0;0;sBELA0;? Unchecked;v1.6.0-140-g9a10cc1
roadmap;dimacs;22/40;40;    395621;    154547;0;1153;4759331;199626;21;856;0.526248;379338;0;0;sBELA0;? Unchecked;v1.6.0-140-g9a10cc1
roadmap;dimacs;23/40;40;    223763;    127629;0;549;1965764;249709;65;856;0.412386;605522;0;0;sBELA0;? Unchecked;v1.6.0-140-g9a10cc1
roadmap;dimacs;24/40;40;    327745;    375938;0;1191;5462213;405021;72;856;0.872802;464047;0;0;sBELA0;? Unchecked;v1.6.0-140-g9a10cc1
roadmap;dimacs;25/40;40;    175197;      5809;0;867;2920101;170982;59;856;0.362916;471134;0;0;sBELA0;? Unchecked;v1.6.0-140-g9a10cc1
roadmap;dimacs;26/40;40;    188424;    158412;0;799;2521927;259612;67;856;0.507846;511202;0;0;sBELA0;? Unchecked;v1.6.0-140-g9a10cc1
roadmap;dimacs;27/40;40;    268346;    359471;0;1012;3161820;296220;7;856;0.545586;542939;0;0;sBELA0;? Unchecked;v1.6.0-140-g9a10cc1
roadmap;dimacs;28/40;40;    174382;    236731;0;1139;4392081;392454;33;856;0.842059;466064;0;0;sBELA0;? Unchecked;v1.6.0-140-g9a10cc1
roadmap;dimacs;29/40;40;    204045;    159790;0;914;2894909;241266;69;856;0.481935;500619;0;0;sBELA0;? Unchecked;v1.6.0-140-g9a10cc1
roadmap;dimacs;30/40;40;    390757;    318002;0;346;1672371;37327;384;856;0.0997526;374196;0;0;sBELA0;? Unchecked;v1.6.0-140-g9a10cc1
roadmap;dimacs;31/40;40;     91059;     57980;0;825;3685802;214703;49;856;0.431422;497663;0;0;sBELA0;? Unchecked;v1.6.0-140-g9a10cc1
roadmap;dimacs;32/40;40;     72990;    320575;0;1203;5652009;372590;48;856;0.830275;448755;0;0;sBELA0;? Unchecked;v1.6.0-140-g9a10cc1
roadmap;dimacs;33/40;40;     65526;    339114;0;1137;4409643;402344;10;856;0.825351;487482;0;0;sBELA0;? Unchecked;v1.6.0-140-g9a10cc1
roadmap;dimacs;34/40;40;    349165;     12701;0;580;1338200;142499;20;856;0.256689;555142;0;0;sBELA0;? Unchecked;v1.6.0-140-g9a10cc1
roadmap;dimacs;35/40;40;    187769;    228911;0;356;1372006;61597;107;856;0.131951;466816;0;0;sBELA0;? Unchecked;v1.6.0-140-g9a10cc1
roadmap;dimacs;36/40;40;    190262;     14733;0;1119;3834249;296410;10;856;0.550313;538620;0;0;sBELA0;? Unchecked;v1.6.0-140-g9a10cc1
roadmap;dimacs;37/40;40;    143799;    328188;0;479;1975291;249322;53;856;0.411421;606002;0;0;sBELA0;? Unchecked;v1.6.0-140-g9a10cc1
roadmap;dimacs;38/40;40;     96331;    415538;0;1006;4067333;321511;37;856;0.590719;544270;0;0;sBELA0;? Unchecked;v1.6.0-140-g9a10cc1
roadmap;dimacs;39/40;40;     65115;    387688;0;892;3373970;324287;56;856;0.636325;509625;0;0;sBELA0;? Unchecked;v1.6.0-140-g9a10cc1
roadmap;dimacs;40/40;40;    332193;    387507;0;1013;3944459;334920;47;856;0.612184;547090;0;0;sBELA0;? Unchecked;v1.6.0-140-g9a10cc1
roadmap;dimacs;41/40;40;    127669;    162338;0;660;2783264;282152;64;856;0.538835;523634;0;0;sBELA0;? Unchecked;v1.6.0-140-g9a10cc1
roadmap;dimacs;42/40;40;    263041;    142943;0;921;2504825;246450;20;856;0.46756;527098;0;0;sBELA0;? Unchecked;v1.6.0-140-g9a10cc1
roadmap;dimacs;43/40;40;    390723;      1064;0;939;3692682;339985;40;856;0.631352;538503;0;0;sBELA0;? Unchecked;v1.6.0-140-g9a10cc1
roadmap;dimacs;44/40;40;    304490;    279242;0;1376;5596766;415903;23;856;0.865694;480427;0;0;sBELA0;? Unchecked;v1.6.0-140-g9a10cc1
roadmap;dimacs;45/40;40;     26846;    394583;0;1156;4840357;419733;20;856;0.849283;494220;0;0;sBELA0;? Unchecked;v1.6.0-140-g9a10cc1
roadmap;dimacs;46/40;40;    233353;    185925;0;813;3815580;329945;80;856;0.616346;535324;0;0;sBELA0;? Unchecked;v1.6.0-140-g9a10cc1
roadmap;dimacs;47/40;40;    323833;    176822;0;617;2620203;72236;41;856;0.210912;342494;0;0;sBELA0;? Unchecked;v1.6.0-140-g9a10cc1
roadmap;dimacs;48/40;40;    346446;     63237;0;539;1770398;195876;23;856;0.341592;573421;0;0;sBELA0;? Unchecked;v1.6.0-140-g9a10cc1
roadmap;dimacs;49/40;40;    113928;    360799;0;521;1735176;213910;42;856;0.37238;574441;0;0;sBELA0;? Unchecked;v1.6.0-140-g9a10cc1
roadmap;dimacs;50/40;40;    199421;    266182;0;1125;3654752;311417;40;856;0.57984;537074;0;0;sBELA0;? Unchecked;v1.6.0-140-g9a10cc1
roadmap;dimacs;51/40;40;    293869;     25608;0;1119;4306091;230462;28;856;0.606879;379750;0;0;sBELA0;? Unchecked;v1.6.0-140-g9a10cc1
roadmap;dimacs;52/40;40;    174170;    272593;0;788;3426691;274667;154;856;0.527484;520712;0;0;sBELA0;? Unchecked;v1.6.0-140-g9a10cc1
roadmap;dimacs;53/40;40;    221325;    434952;0;880;4090591;398555;22;856;0.792751;502749;0;0;sBELA0;? Unchecked;v1.6.0-140-g9a10cc1
roadmap;dimacs;54/40;40;    117635;    105076;0;226;583640;61921;35;856;0.11499;538493;0;0;sBELA0;? Unchecked;v1.6.0-140-g9a10cc1
roadmap;dimacs;55/40;40;    193103;    276461;0;852;3632898;349912;20;856;0.64546;542112;0;0;sBELA0;? Unchecked;v1.6.0-140-g9a10cc1
roadmap;dimacs;56/40;40;      4570;     94284;0;1061;3585641;357322;48;856;0.662705;539187;0;0;sBELA0;? Unchecked;v1.6.0-140-g9a10cc1
roadmap;dimacs;57/40;40;    131126;     21354;0;546;1578460;123303;74;856;0.236914;520454;0;0;sBELA0;? Unchecked;v1.6.0-140-g9a10cc1
roadmap;dimacs;58/40;40;    235750;    208824;0;547;2586941;197539;179;856;0.433387;455803;0;0;sBELA0;? Unchecked;v1.6.0-140-g9a10cc1
roadmap;dimacs;59/40;40;       489;    261832;0;412;1641864;163273;97;856;0.296972;549792;0;0;sBELA0;? Unchecked;v1.6.0-140-g9a10cc1
roadmap;dimacs;60/40;40;    318387;    328863;0;1376;5153197;399274;10;856;0.836026;477586;0;0;sBELA0;? Unchecked;v1.6.0-140-g9a10cc1
roadmap;dimacs;61/40;40;    274877;     23528;0;776;2981075;151809;28;856;0.329689;460462;0;0;sBELA0;? Unchecked;v1.6.0-140-g9a10cc1
roadmap;dimacs;62/40;40;    220394;    272522;0;694;1663198;220791;106;856;0.378355;583555;0;0;sBELA0;? Unchecked;v1.6.0-140-g9a10cc1
roadmap;dimacs;63/40;40;    228259;    177627;0;1111;4599385;415077;51;856;0.862709;481132;0;0;sBELA0;? Unchecked;v1.6.0-140-g9a10cc1
roadmap;dimacs;64/40;40;    319517;    205274;0;771;3597725;283959;41;856;0.563404;504006;0;0;sBELA0;? Unchecked;v1.6.0-140-g9a10cc1
roadmap;dimacs;65/40;40;    312838;    292039;0;245;1792421;31764;137;856;0.0791918;401102;0;0;sBELA0;? Unchecked;v1.6.0-140-g9a10cc1
roadmap;dimacs;66/40;40;    231105;    325711;0;1099;3901436;379739;9;856;0.687501;552347;0;0;sBELA0;? Unchecked;v1.6.0-140-g9a10cc1
roadmap;dimacs;67/40;40;     24598;    413512;0;441;1004632;154121;68;856;0.285666;539514;0;0;sBELA0;? Unchecked;v1.6.0-140-g9a10cc1
roadmap;dimacs;68/40;40;     23559;    272815;0;775;1349101;198456;21;856;0.350491;566223;0;0;sBELA0;? Unchecked;v1.6.0-140-g9a10cc1
roadmap;dimacs;69/40;40;     77506;    341012;0;439;2259976;75999;35;856;0.225409;337160;0;0;sBELA0;? Unchecked;v1.6.0-140-g9a10cc1
roadmap;dimacs;70/40;40;    292092;    386735;0;555;2945805;88210;160;856;0.245655;359081;0;0;sBELA0;? Unchecked;v1.6.0-140-g9a10cc1
roadmap;dimacs;71/40;40;    376744;    379588;0;597;3662340;263950;34;856;0.502821;524938;0;0;sBELA0;? Unchecked;v1.6.0-140-g9a10cc1
roadmap;dimacs;72/40;40;    379408;    158562;0;478;2612900;130941;424;856;0.319773;409481;0;0;sBELA0;? Unchecked;v1.6.0-140-g9a10cc1
roadmap;dimacs;73/40;40;    165998;    242916;0;857;3772155;392335;26;856;0.709316;553118;0;0;sBELA0;? Unchecked;v1.6.0-140-g9a10cc1
roadmap;dimacs;74/40;40;    273849;    233106;0;746;3818546;329193;60;856;0.598008;550483;0;0;sBELA0;? Unchecked;v1.6.0-140-g9a10cc1
roadmap;dimacs;75/40;40;    128253;     35195;0;636;2085190;152830;87;856;0.356838;428290;0;0;sBELA0;? Unchecked;v1.6.0-140-g9a10cc1
roadmap;dimacs;76/40;40;    183220;      8889;0;537;1483555;128199;70;856;0.24626;520584;0;0;sBELA0;? Unchecked;v1.6.0-140-g9a10cc1
roadmap;dimacs;77/40;40;    272704;    414613;0;283;1248987;48577;157;856;0.115408;420914;0;0;sBELA0;? Unchecked;v1.6.0-140-g9a10cc1
roadmap;dimacs;78/40;40;    370469;     78546;0;498;2391081;243208;42;856;0.481444;505164;0;0;sBELA0;? Unchecked;v1.6.0-140-g9a10cc1
roadmap;dimacs;79/40;40;     89775;    214561;0;756;2352432;206563;122;856;0.435955;473817;0;0;sBELA0;? Unchecked;v1.6.0-140-g9a10cc1
roadmap;dimacs;80/40;40;    189664;    402552;0;511;2165106;95853;23;856;0.250213;383086;0;0;sBELA0;? Unchecked;v1.6.0-140-g9a10cc1
roadmap;dimacs;81/40;40;    152121;    246814;0;1154;4830897;426905;18;856;0.919996;464029;0;0;sBELA0;? Unchecked;v1.6.0-140-g9a10cc1
roadmap;dimacs;82/40;40;    322470;    286921;0;1465;7188990;421935;61;856;0.874024;482750;0;0;sBELA0;? Unchecked;v1.6.0-140-g9a10cc1
roadmap;dimacs;83/40;40;    299997;    278967;0;1319;5172427;386074;20;856;0.825729;467555;0;0;sBELA0;? Unchecked;v1.6.0-140-g9a10cc1
roadmap;dimacs;84/40;40;    250235;    356746;0;1029;4989968;380502;40;856;0.83944;453281;0;0;sBELA0;? Unchecked;v1.6.0-140-g9a10cc1
roadmap;dimacs;85/40;40;    163254;    319164;0;954;3692119;363946;63;856;0.688721;528437;0;0;sBELA0;? Unchecked;v1.6.0-140-g9a10cc1
roadmap;dimacs;86/40;40;    140318;      8074;0;504;1352790;139085;149;856;0.262594;529657;0;0;sBELA0;? Unchecked;v1.6.0-140-g9a10cc1
roadmap;dimacs;87/40;40;    185965;    196301;0;824;3531221;349303;13;856;0.625271;558643;0;0;sBELA0;? Unchecked;v1.6.0-140-g9a10cc1
roadmap;dimacs;88/40;40;    359803;     81858;0;250;1280076;59342;37;856;0.12203;486292;0;0;sBELA0;? Unchecked;v1.6.0-140-g9a10cc1
roadmap;dimacs;89/40;40;    349089;    308312;0;678;3372957;365999;73;856;0.682593;536189;0;0;sBELA0;? Unchecked;v1.6.0-140-g9a10cc1
roadmap;dimacs;90/40;40;    347477;    427675;0;451;1014964;119473;42;856;0.234064;510428;0;0;sBELA0;? Unchecked;v1.6.0-140-g9a10cc1
roadmap;dimacs;91/40;40;    368929;    215278;0;688;1737939;157442;48;856;0.285609;551251;0;0;sBELA0;? Unchecked;v1.6.0-140-g9a10cc1
roadmap;dimacs;92/40;40;     92275;    285142;0;1508;5738358;411930;40;856;0.885979;464943;0;0;sBELA0;? Unchecked;v1.6.0-140-g9a10cc1
roadmap;dimacs;93/40;40;    118818;    384490;0;738;2891158;317078;78;856;0.596275;531764;0;0;sBELA0;? Unchecked;v1.6.0-140-g9a10cc1
roadmap;dimacs;94/40;40;    413378;    431648;0;452;2463242;243584;65;856;0.465804;522932;0;0;sBELA0;? Unchecked;v1.6.0-140-g9a10cc1
roadmap;dimacs;95/40;40;     22320;    400212;0;356;1095016;169997;56;856;0.304861;557622;0;0;sBELA0;? Unchecked;v1.6.0-140-g9a10cc1
roadmap;dimacs;96/40;40;    110951;    317115;0;1302;5277115;429813;21;856;0.870194;493928;0;0;sBELA0;? Unchecked;v1.6.0-140-g9a10cc1
roadmap;dimacs;97/40;40;    153175;    122456;0;257;814639;55603;63;856;0.100742;551932;0;0;sBELA0;? Unchecked;v1.6.0-140-g9a10cc1
roadmap;dimacs;98/40;40;     72512;    386851;0;1244;5208155;356138;35;856;0.823571;432432;0;0;sBELA0;? Unchecked;v1.6.0-140-g9a10cc1
roadmap;dimacs;99/40;40;    148594;    414859;0;319;1798938;216832;165;856;0.367343;590272;0;0;sBELA0;? Unchecked;v1.6.0-140-g9a10cc1
roadmap;dimacs;0/50;50;    294756;    116704;0;1116;4214006;306440;87;856;0.7049;434728;0;0;sBELA0;? Unchecked;v1.6.0-140-g9a10cc1
roadmap;dimacs;1/50;50;    325364;     11913;0;1260;4116123;307952;51;856;0.655656;469685;0;0;sBELA0;? Unchecked;v1.6.0-140-g9a10cc1
roadmap;dimacs;2/50;50;    285177;    334042;0;415;3637282;242822;45;856;0.468249;518575;0;0;sBELA0;? Unchecked;v1.6.0-140-g9a10cc1
roadmap;dimacs;3/50;50;    236480;     66871;0;754;3645151;292933;61;856;0.556893;526013;0;0;sBELA0;? Unchecked;v1.6.0-140-g9a10cc1
roadmap;dimacs;4/50;50;    249937;    358183;0;1212;5848416;417070;35;856;0.869658;479579;0;0;sBELA0;? Unchecked;v1.6.0-140-g9a10cc1
roadmap;dimacs;5/50;50;    278932;    202424;0;1206;5259265;416299;90;856;0.902763;461139;0;0;sBELA0;? Unchecked;v1.6.0-140-g9a10cc1
roadmap;dimacs;6/50;50;    430744;    255885;0;725;2988404;213595;63;856;0.445977;478937;0;0;sBELA0;? Unchecked;v1.6.0-140-g9a10cc1
roadmap;dimacs;7/50;50;    167653;    110820;0;450;1630752;125158;58;856;0.236022;530282;0;0;sBELA0;? Unchecked;v1.6.0-140-g9a10cc1
roadmap;dimacs;8/50;50;    389224;    209129;0;871;3482910;281002;15;856;0.528461;531736;0;0;sBELA0;? Unchecked;v1.6.0-140-g9a10cc1
roadmap;dimacs;9/50;50;    361295;    369960;0;202;827074;18765;54;856;0.0530113;353981;0;0;sBELA0;? Unchecked;v1.6.0-140-g9a10cc1
roadmap;dimacs;10/50;50;     63073;    122016;0;553;1057522;146453;33;856;0.272136;538161;0;0;sBELA0;? Unchecked;v1.6.0-140-g9a10cc1
roadmap;dimacs;11/50;50;    377280;     89101;0;1028;3953995;249436;59;856;0.48918;509906;0;0;sBELA0;? Unchecked;v1.6.0-140-g9a10cc1
roadmap;dimacs;12/50;50;    184086;      9250;0;409;1411486;102930;92;856;0.211125;487530;0;0;sBELA0;? Unchecked;v1.6.0-140-g9a10cc1
roadmap;dimacs;13/50;50;     11558;    157695;0;481;1399382;190828;175;856;0.35028;544787;0;0;sBELA0;? Unchecked;v1.6.0-140-g9a10cc1
roadmap;dimacs;14/50;50;    290606;    380934;0;901;3361811;128080;51;856;0.307445;416595;0;0;sBELA0;? Unchecked;v1.6.0-140-g9a10cc1
roadmap;dimacs;15/50;50;    312872;    335255;0;1135;5080516;215433;136;856;0.567581;379563;0;0;sBELA0;? Unchecked;v1.6.0-140-g9a10cc1
roadmap;dimacs;16/50;50;    172626;    340963;0;502;1825260;70078;53;856;0.154587;453325;0;0;sBELA0;? Unchecked;v1.6.0-140-g9a10cc1
roadmap;dimacs;17/50;50;     71257;    309332;0;810;3137890;361413;50;856;0.690396;523486;0;0;sBELA0;? Unchecked;v1.6.0-140-g9a10cc1
roadmap;dimacs;18/50;50;    197543;    272443;0;1211;3728345;358838;88;856;0.697669;514339;0;0;sBELA0;? Unchecked;v1.6.0-140-g9a10cc1
roadmap;dimacs;19/50;50;    115849;    293642;0;1230;4552497;408254;64;856;0.864963;471990;0;0;sBELA0;? Unchecked;v1.6.0-140-g9a10cc1
roadmap;dimacs;20/50;50;     96029;    288190;0;1383;5472015;411476;52;856;0.904092;455126;0;0;sBELA0;? Unchecked;v1.6.0-140-g9a10cc1
roadmap;dimacs;21/50;50;    123302;    388474;0;610;2889464;317139;101;856;0.583146;543841;0;0;sBELA0;? Unchecked;v1.6.0-140-g9a10cc1
roadmap;dimacs;22/50;50;    395621;    154547;0;1150;4759336;199627;26;856;0.530725;376140;0;0;sBELA0;? Unchecked;v1.6.0-140-g9a10cc1
roadmap;dimacs;23/50;50;    223763;    127629;0;555;1965781;249711;82;856;0.417096;598689;0;0;sBELA0;? Unchecked;v1.6.0-140-g9a10cc1
roadmap;dimacs;24/50;50;    327745;    375938;0;1193;5462234;405022;98;856;0.88971;455229;0;0;sBELA0;? Unchecked;v1.6.0-140-g9a10cc1
roadmap;dimacs;25/50;50;    175197;      5809;0;862;2920111;170987;74;856;0.368255;464316;0;0;sBELA0;? Unchecked;v1.6.0-140-g9a10cc1
roadmap;dimacs;26/50;50;    188424;    158412;0;795;2521934;259612;85;856;0.511118;507930;0;0;sBELA0;? Unchecked;v1.6.0-140-g9a10cc1
roadmap;dimacs;27/50;50;    268346;    359471;0;1016;3161828;296220;10;856;0.548236;540315;0;0;sBELA0;? Unchecked;v1.6.0-140-g9a10cc1
roadmap;dimacs;28/50;50;    174382;    236731;0;1139;4392087;392454;37;856;0.846302;463728;0;0;sBELA0;? Unchecked;v1.6.0-140-g9a10cc1
roadmap;dimacs;29/50;50;    204045;    159790;0;919;2894923;241268;90;856;0.491763;490618;0;0;sBELA0;? Unchecked;v1.6.0-140-g9a10cc1
roadmap;dimacs;30/50;50;    390757;    318002;0;343;1672453;37334;480;856;0.104565;357043;0;0;sBELA0;? Unchecked;v1.6.0-140-g9a10cc1
roadmap;dimacs;31/50;50;     91059;     57980;0;825;3685818;214711;63;856;0.435353;493189;0;0;sBELA0;? Unchecked;v1.6.0-140-g9a10cc1
roadmap;dimacs;32/50;50;     72990;    320575;0;1206;5652016;372590;59;856;0.875345;425649;0;0;sBELA0;? Unchecked;v1.6.0-140-g9a10cc1
roadmap;dimacs;33/50;50;     65526;    339114;0;1131;4409644;402344;13;856;0.834942;481882;0;0;sBELA0;? Unchecked;v1.6.0-140-g9a10cc1
roadmap;dimacs;34/50;50;    349165;     12701;0;574;1338205;142499;25;856;0.259457;549219;0;0;sBELA0;? Unchecked;v1.6.0-140-g9a10cc1
roadmap;dimacs;35/50;50;    187769;    228911;0;352;1372022;61603;130;856;0.136601;450969;0;0;sBELA0;? Unchecked;v1.6.0-140-g9a10cc1
roadmap;dimacs;36/50;50;    190262;     14733;0;1116;3834252;296410;13;856;0.551628;537337;0;0;sBELA0;? Unchecked;v1.6.0-140-g9a10cc1
roadmap;dimacs;37/50;50;    143799;    328188;0;479;1975296;249324;61;856;0.429607;580354;0;0;sBELA0;? Unchecked;v1.6.0-140-g9a10cc1
roadmap;dimacs;38/50;50;     96331;    415538;0;1005;4067342;321512;46;856;0.596965;538577;0;0;sBELA0;? Unchecked;v1.6.0-140-g9a10cc1
roadmap;dimacs;39/50;50;     65115;    387688;0;885;3373982;324287;71;856;0.600609;539930;0;0;sBELA0;? Unchecked;v1.6.0-140-g9a10cc1
roadmap;dimacs;40/50;50;    332193;    387507;0;1008;3944465;334920;59;856;0.62208;538387;0;0;sBELA0;? Unchecked;v1.6.0-140-g9a10cc1
roadmap;dimacs;41/50;50;    127669;    162338;0;662;2783278;282155;86;856;0.541381;521176;0;0;sBELA0;? Unchecked;v1.6.0-140-g9a10cc1
roadmap;dimacs;42/50;50;    263041;    142943;0;922;2504828;246450;26;856;0.469676;524724;0;0;sBELA0;? Unchecked;v1.6.0-140-g9a10cc1
roadmap;dimacs;43/50;50;    390723;      1064;0;940;3692691;339985;50;856;0.626975;542263;0;0;sBELA0;? Unchecked;v1.6.0-140-g9a10cc1
roadmap;dimacs;44/50;50;    304490;    279242;0;1366;5596768;415903;30;856;0.89866;462803;0;0;sBELA0;? Unchecked;v1.6.0-140-g9a10cc1
roadmap;dimacs;45/50;50;     26846;    394583;0;1155;4840358;419733;25;856;0.854123;491420;0;0;sBELA0;? Unchecked;v1.6.0-140-g9a10cc1
roadmap;dimacs;46/50;50;    233353;    185925;0;809;3815599;329947;108;856;0.622354;530159;0;0;sBELA0;? Unchecked;v1.6.0-140-g9a10cc1
roadmap;dimacs;47/50;50;    323833;    176822;0;616;2620207;72236;51;856;0.214238;337177;0;0;sBELA0;? Unchecked;v1.6.0-140-g9a10cc1
roadmap;dimacs;48/50;50;    346446;     63237;0;539;1770410;195878;29;856;0.348326;562342;0;0;sBELA0;? Unchecked;v1.6.0-140-g9a10cc1
roadmap;dimacs;49/50;50;    113928;    360799;0;540;1735183;213910;49;856;0.374047;571879;0;0;sBELA0;? Unchecked;v1.6.0-140-g9a10cc1
roadmap;dimacs;50/50;50;    199421;    266182;0;1128;3654756;311418;48;856;0.584066;533190;0;0;sBELA0;? Unchecked;v1.6.0-140-g9a10cc1
roadmap;dimacs;51/50;50;    293869;     25608;0;1120;4306101;230465;37;856;0.572724;402401;0;0;sBELA0;? Unchecked;v1.6.0-140-g9a10cc1
roadmap;dimacs;52/50;50;    174170;    272593;0;783;3426731;274677;252;856;0.535337;513092;0;0;sBELA0;? Unchecked;v1.6.0-140-g9a10cc1
roadmap;dimacs;53/50;50;    221325;    434952;0;882;4090600;398557;28;856;0.783987;508372;0;0;sBELA0;? Unchecked;v1.6.0-140-g9a10cc1
roadmap;dimacs;54/50;50;    117635;    105076;0;226;583647;61925;43;856;0.109569;565170;0;0;sBELA0;? Unchecked;v1.6.0-140-g9a10cc1
roadmap;dimacs;55/50;50;    193103;    276461;0;851;3632899;349912;25;856;0.639791;546916;0;0;sBELA0;? Unchecked;v1.6.0-140-g9a10cc1
roadmap;dimacs;56/50;50;      4570;     94284;0;1061;3585646;357323;57;856;0.669509;533709;0;0;sBELA0;? Unchecked;v1.6.0-140-g9a10cc1
roadmap;dimacs;57/50;50;    131126;     21354;0;550;1578469;123307;92;856;0.254549;484414;0;0;sBELA0;? Unchecked;v1.6.0-140-g9a10cc1
roadmap;dimacs;58/50;50;    235750;    208824;0;543;2586984;197546;218;856;0.438778;450219;0;0;sBELA0;? Unchecked;v1.6.0-140-g9a10cc1
roadmap;dimacs;59/50;50;       489;    261832;0;409;1641910;163278;138;856;0.300735;542930;0;0;sBELA0;? Unchecked;v1.6.0-140-g9a10cc1
roadmap;dimacs;60/50;50;    318387;    328863;0;1368;5153198;399274;13;856;0.836476;477328;0;0;sBELA0;? Unchecked;v1.6.0-140-g9a10cc1
roadmap;dimacs;61/50;50;    274877;     23528;0;795;2981082;151812;37;856;0.332003;457261;0;0;sBELA0;? Unchecked;v1.6.0-140-g9a10cc1
roadmap;dimacs;62/50;50;    220394;    272522;0;691;1663209;220792;124;856;0.381195;579209;0;0;sBELA0;? Unchecked;v1.6.0-140-g9a10cc1
roadmap;dimacs;63/50;50;    228259;    177627;0;1118;4599392;415077;65;856;0.876348;473644;0;0;sBELA0;? Unchecked;v1.6.0-140-g9a10cc1
roadmap;dimacs;64/50;50;    319517;    205274;0;774;3597729;283960;50;856;0.538227;527584;0;0;sBELA0;? Unchecked;v1.6.0-140-g9a10cc1
roadmap;dimacs;65/50;50;    312838;    292039;0;247;1792536;31770;175;856;0.0802859;395711;0;0;sBELA0;? Unchecked;v1.6.0-140-g9a10cc1
roadmap;dimacs;66/50;50;    231105;    325711;0;1095;3901437;379739;11;856;0.684765;554554;0;0;sBELA0;? Unchecked;v1.6.0-140-g9a10cc1
roadmap;dimacs;67/50;50;     24598;    413512;0;450;1004661;154132;91;856;0.284733;541320;0;0;sBELA0;? Unchecked;v1.6.0-140-g9a10cc1
roadmap;dimacs;68/50;50;     23559;    272815;0;777;1349107;198457;26;856;0.351688;564298;0;0;sBELA0;? Unchecked;v1.6.0-140-g9a10cc1
roadmap;dimacs;69/50;50;     77506;    341012;0;435;2259985;75999;43;856;0.225715;336703;0;0;sBELA0;? Unchecked;v1.6.0-140-g9a10cc1
roadmap;dimacs;70/50;50;    292092;    386735;0;555;2945842;88212;218;856;0.256371;344080;0;0;sBELA0;? Unchecked;v1.6.0-140-g9a10cc1
roadmap;dimacs;71/50;50;    376744;    379588;0;598;3662342;263950;42;856;0.505458;522199;0;0;sBELA0;? Unchecked;v1.6.0-140-g9a10cc1
roadmap;dimacs;72/50;50;    379408;    158562;0;480;2612985;130949;511;856;0.333784;392317;0;0;sBELA0;? Unchecked;v1.6.0-140-g9a10cc1
roadmap;dimacs;73/50;50;    165998;    242916;0;858;3772164;392335;33;856;0.759021;516896;0;0;sBELA0;? Unchecked;v1.6.0-140-g9a10cc1
roadmap;dimacs;74/50;50;    273849;    233106;0;743;3818571;329194;82;856;0.597376;551067;0;0;sBELA0;? Unchecked;v1.6.0-140-g9a10cc1
roadmap;dimacs;75/50;50;    128253;     35195;0;634;2085209;152841;111;856;0.363141;420886;0;0;sBELA0;? Unchecked;v1.6.0-140-g9a10cc1
roadmap;dimacs;76/50;50;    183220;      8889;0;536;1483563;128203;91;856;0.250668;511445;0;0;sBELA0;? Unchecked;v1.6.0-140-g9a10cc1
roadmap;dimacs;77/50;50;    272704;    414613;0;284;1249066;48582;210;856;0.118216;410961;0;0;sBELA0;? Unchecked;v1.6.0-140-g9a10cc1
roadmap;dimacs;78/50;50;    370469;     78546;0;496;2391104;243216;57;856;0.48042;506257;0;0;sBELA0;? Unchecked;v1.6.0-140-g9a10cc1
roadmap;dimacs;79/50;50;     89775;    214561;0;757;2352442;206563;144;856;0.451257;457750;0;0;sBELA0;? Unchecked;v1.6.0-140-g9a10cc1
roadmap;dimacs;80/50;50;    189664;    402552;0;513;2165110;95853;29;856;0.249884;383591;0;0;sBELA0;? Unchecked;v1.6.0-140-g9a10cc1
roadmap;dimacs;81/50;50;    152121;    246814;0;1153;4830899;426906;23;856;0.880022;485108;0;0;sBELA0;? Unchecked;v1.6.0-140-g9a10cc1
roadmap;dimacs;82/50;50;    322470;    286921;0;1466;7188996;421935;74;856;0.879671;479651;0;0;sBELA0;? Unchecked;v1.6.0-140-g9a10cc1
roadmap;dimacs;83/50;50;    299997;    278967;0;1318;5172431;386074;26;856;0.830594;464817;0;0;sBELA0;? Unchecked;v1.6.0-140-g9a10cc1
roadmap;dimacs;84/50;50;    250235;    356746;0;1036;4989980;380504;53;856;0.82405;461749;0;0;sBELA0;? Unchecked;v1.6.0-140-g9a10cc1
roadmap;dimacs;85/50;50;    163254;    319164;0;955;3692126;363947;77;856;0.729665;498787;0;0;sBELA0;? Unchecked;v1.6.0-140-g9a10cc1
roadmap;dimacs;86/50;50;    140318;      8074;0;496;1352826;139094;190;856;0.26635;522222;0;0;sBELA0;? Unchecked;v1.6.0-140-g9a10cc1
roadmap;dimacs;87/50;50;    185965;    196301;0;822;3531222;349303;16;856;0.628445;555821;0;0;sBELA0;? Unchecked;v1.6.0-140-g9a10cc1
roadmap;dimacs;88/50;50;    359803;     81858;0;243;1280126;59347;48;856;0.12257;484189;0;0;sBELA0;? Unchecked;v1.6.0-140-g9a10cc1
roadmap;dimacs;89/50;50;    349089;    308312;0;679;3372993;366003;95;856;0.697654;524620;0;0;sBELA0;? Unchecked;v1.6.0-140-g9a10cc1
roadmap;dimacs;90/50;50;    347477;    427675;0;457;1014970;119473;51;856;0.236769;504597;0;0;sBELA0;? Unchecked;v1.6.0-140-g9a10cc1
roadmap;dimacs;91/50;50;    368929;    215278;0;690;1737963;157443;69;856;0.289637;543587;0;0;sBELA0;? Unchecked;v1.6.0-140-g9a10cc1
roadmap;dimacs;92/50;50;     92275;    285142;0;1507;5738362;411931;51;856;0.887733;464026;0;0;sBELA0;? Unchecked;v1.6.0-140-g9a10cc1
roadmap;dimacs;93/50;50;    118818;    384490;0;739;2891181;317081;102;856;0.59309;534626;0;0;sBELA0;? Unchecked;v1.6.0-140-g9a10cc1
roadmap;dimacs;94/50;50;    413378;    431648;0;453;2463266;243584;78;856;0.467182;521389;0;0;sBELA0;? Unchecked;v1.6.0-140-g9a10cc1
roadmap;dimacs;95/50;50;     22320;    400212;0;351;1095030;169998;65;856;0.293855;578509;0;0;sBELA0;? Unchecked;v1.6.0-140-g9a10cc1
roadmap;dimacs;96/50;50;    110951;    317115;0;1304;5277116;429813;25;856;0.8727;492509;0;0;sBELA0;? Unchecked;v1.6.0-140-g9a10cc1
roadmap;dimacs;97/50;50;    153175;    122456;0;261;814677;55604;82;856;0.0981268;566655;0;0;sBELA0;? Unchecked;v1.6.0-140-g9a10cc1
roadmap;dimacs;98/50;50;     72512;    386851;0;1243;5208165;356138;42;856;0.81202;438583;0;0;sBELA0;? Unchecked;v1.6.0-140-g9a10cc1
roadmap;dimacs;99/50;50;    148594;    414859;0;326;1798988;216841;216;856;0.385349;562713;0;0;sBELA0;? Unchecked;v1.6.0-140-g9a10cc1
roadmap;dimacs;0/60;60;    294756;    116704;0;1116;4214012;306442;101;856;0.712958;429818;0;0;sBELA0;? Unchecked;v1.6.0-140-g9a10cc1
roadmap;dimacs;1/60;60;    325364;     11913;0;1262;4116130;307954;59;856;0.659935;466643;0;0;sBELA0;? Unchecked;v1.6.0-140-g9a10cc1
roadmap;dimacs;2/60;60;    285177;    334042;0;420;3637301;242825;54;856;0.474875;511345;0;0;sBELA0;? Unchecked;v1.6.0-140-g9a10cc1
roadmap;dimacs;3/60;60;    236480;     66871;0;755;3645156;292933;76;856;0.56489;518567;0;0;sBELA0;? Unchecked;v1.6.0-140-g9a10cc1
roadmap;dimacs;4/60;60;    249937;    358183;0;1208;5848421;417070;40;856;0.871823;478388;0;0;sBELA0;? Unchecked;v1.6.0-140-g9a10cc1
roadmap;dimacs;5/60;60;    278932;    202424;0;1208;5259270;416299;107;856;0.878838;473692;0;0;sBELA0;? Unchecked;v1.6.0-140-g9a10cc1
roadmap;dimacs;6/60;60;    430744;    255885;0;720;2988411;213596;70;856;0.448184;476581;0;0;sBELA0;? Unchecked;v1.6.0-140-g9a10cc1
roadmap;dimacs;7/60;60;    167653;    110820;0;450;1630760;125160;68;856;0.241604;518038;0;0;sBELA0;? Unchecked;v1.6.0-140-g9a10cc1
roadmap;dimacs;8/60;60;    389224;    209129;0;871;3482911;281002;16;856;0.536077;524182;0;0;sBELA0;? Unchecked;v1.6.0-140-g9a10cc1
roadmap;dimacs;9/60;60;    361295;    369960;0;203;827094;18767;66;856;0.0477682;392876;0;0;sBELA0;? Unchecked;v1.6.0-140-g9a10cc1
roadmap;dimacs;10/60;60;     63073;    122016;0;551;1057531;146453;37;856;0.271416;539588;0;0;sBELA0;? Unchecked;v1.6.0-140-g9a10cc1
roadmap;dimacs;11/60;60;    377280;     89101;0;1019;3954001;249439;68;856;0.500641;498239;0;0;sBELA0;? Unchecked;v1.6.0-140-g9a10cc1
roadmap;dimacs;12/60;60;    184086;      9250;0;410;1411500;102932;122;856;0.220827;466121;0;0;sBELA0;? Unchecked;v1.6.0-140-g9a10cc1
roadmap;dimacs;13/60;60;     11558;    157695;0;483;1399409;190835;220;856;0.35671;534986;0;0;sBELA0;? Unchecked;v1.6.0-140-g9a10cc1
roadmap;dimacs;14/60;60;    290606;    380934;0;903;3361822;128081;62;856;0.309018;414477;0;0;sBELA0;? Unchecked;v1.6.0-140-g9a10cc1
roadmap;dimacs;15/60;60;    312872;    335255;0;1135;5080527;215434;159;856;0.575241;374511;0;0;sBELA0;? Unchecked;v1.6.0-140-g9a10cc1
roadmap;dimacs;16/60;60;    172626;    340963;0;503;1825263;70078;62;856;0.157247;445656;0;0;sBELA0;? Unchecked;v1.6.0-140-g9a10cc1
roadmap;dimacs;17/60;60;     71257;    309332;0;808;3137893;361414;59;856;0.70151;515195;0;0;sBELA0;? Unchecked;v1.6.0-140-g9a10cc1
roadmap;dimacs;18/60;60;    197543;    272443;0;1212;3728352;358838;102;856;0.707528;507171;0;0;sBELA0;? Unchecked;v1.6.0-140-g9a10cc1
roadmap;dimacs;19/60;60;    115849;    293642;0;1223;4552504;408254;78;856;0.87009;469209;0;0;sBELA0;? Unchecked;v1.6.0-140-g9a10cc1
roadmap;dimacs;20/60;60;     96029;    288190;0;1381;5472020;411476;63;856;0.881157;466973;0;0;sBELA0;? Unchecked;v1.6.0-140-g9a10cc1
roadmap;dimacs;21/60;60;    123302;    388474;0;613;2889483;317141;116;856;0.586883;540382;0;0;sBELA0;? Unchecked;v1.6.0-140-g9a10cc1
roadmap;dimacs;22/60;60;    395621;    154547;0;1154;4759340;199627;32;856;0.53474;373316;0;0;sBELA0;? Unchecked;v1.6.0-140-g9a10cc1
roadmap;dimacs;23/60;60;    223763;    127629;0;547;1965797;249712;99;856;0.42352;589610;0;0;sBELA0;? Unchecked;v1.6.0-140-g9a10cc1
roadmap;dimacs;24/60;60;    327745;    375938;0;1196;5462253;405022;128;856;0.893721;453186;0;0;sBELA0;? Unchecked;v1.6.0-140-g9a10cc1
roadmap;dimacs;25/60;60;    175197;      5809;0;862;2920119;170989;90;856;0.372281;459300;0;0;sBELA0;? Unchecked;v1.6.0-140-g9a10cc1
roadmap;dimacs;26/60;60;    188424;    158412;0;797;2521939;259613;98;856;0.52242;496943;0;0;sBELA0;? Unchecked;v1.6.0-140-g9a10cc1
roadmap;dimacs;27/60;60;    268346;    359471;0;1016;3161828;296220;11;856;0.550785;537814;0;0;sBELA0;? Unchecked;v1.6.0-140-g9a10cc1
roadmap;dimacs;28/60;60;    174382;    236731;0;1138;4392089;392454;41;856;0.858656;457056;0;0;sBELA0;? Unchecked;v1.6.0-140-g9a10cc1
roadmap;dimacs;29/60;60;    204045;    159790;0;918;2894931;241268;102;856;0.501644;480955;0;0;sBELA0;? Unchecked;v1.6.0-140-g9a10cc1
roadmap;dimacs;30/60;60;    390757;    318002;0;345;1672507;37338;566;856;0.112333;332388;0;0;sBELA0;? Unchecked;v1.6.0-140-g9a10cc1
roadmap;dimacs;31/60;60;     91059;     57980;0;826;3685838;214719;83;856;0.439458;488600;0;0;sBELA0;? Unchecked;v1.6.0-140-g9a10cc1
roadmap;dimacs;32/60;60;     72990;    320575;0;1208;5652022;372590;67;856;0.840553;443268;0;0;sBELA0;? Unchecked;v1.6.0-140-g9a10cc1
roadmap;dimacs;33/60;60;     65526;    339114;0;1136;4409647;402345;14;856;0.832476;483311;0;0;sBELA0;? Unchecked;v1.6.0-140-g9a10cc1
roadmap;dimacs;34/60;60;    349165;     12701;0;573;1338208;142500;30;856;0.262795;542248;0;0;sBELA0;? Unchecked;v1.6.0-140-g9a10cc1
roadmap;dimacs;35/60;60;    187769;    228911;0;355;1372036;61607;151;856;0.136854;450166;0;0;sBELA0;? Unchecked;v1.6.0-140-g9a10cc1
roadmap;dimacs;36/60;60;    190262;     14733;0;1115;3834254;296411;15;856;0.554369;534682;0;0;sBELA0;? Unchecked;v1.6.0-140-g9a10cc1
roadmap;dimacs;37/60;60;    143799;    328188;0;475;1975301;249324;70;856;0.416684;598352;0;0;sBELA0;? Unchecked;v1.6.0-140-g9a10cc1
roadmap;dimacs;38/60;60;     96331;    415538;0;1005;4067350;321517;56;856;0.636635;505026;0;0;sBELA0;? Unchecked;v1.6.0-140-g9a10cc1
roadmap;dimacs;39/60;60;     65115;    387688;0;885;3373991;324287;82;856;0.606252;534904;0;0;sBELA0;? Unchecked;v1.6.0-140-g9a10cc1
roadmap;dimacs;40/60;60;    332193;    387507;0;1011;3944469;334920;68;856;0.623365;537277;0;0;sBELA0;? Unchecked;v1.6.0-140-g9a10cc1
roadmap;dimacs;41/60;60;    127669;    162338;0;664;2783291;282156;113;856;0.546813;516001;0;0;sBELA0;? Unchecked;v1.6.0-140-g9a10cc1
roadmap;dimacs;42/60;60;    263041;    142943;0;925;2504830;246451;31;856;0.475951;517807;0;0;sBELA0;? Unchecked;v1.6.0-140-g9a10cc1
roadmap;dimacs;43/60;60;    390723;      1064;0;943;3692698;339985;59;856;0.631954;537990;0;0;sBELA0;? Unchecked;v1.6.0-140-g9a10cc1
roadmap;dimacs;44/60;60;    304490;    279242;0;1365;5596775;415903;36;856;0.874655;475505;0;0;sBELA0;? Unchecked;v1.6.0-140-g9a10cc1
roadmap;dimacs;45/60;60;     26846;    394583;0;1154;4840361;419733;30;856;0.886697;473367;0;0;sBELA0;? Unchecked;v1.6.0-140-g9a10cc1
roadmap;dimacs;46/60;60;    233353;    185925;0;811;3815610;329948;125;856;0.627556;525767;0;0;sBELA0;? Unchecked;v1.6.0-140-g9a10cc1
roadmap;dimacs;47/60;60;    323833;    176822;0;612;2620211;72236;61;856;0.218347;330831;0;0;sBELA0;? Unchecked;v1.6.0-140-g9a10cc1
roadmap;dimacs;48/60;60;    346446;     63237;0;539;1770419;195880;35;856;0.345671;566665;0;0;sBELA0;? Unchecked;v1.6.0-140-g9a10cc1
roadmap;dimacs;49/60;60;    113928;    360799;0;519;1735189;213911;54;856;0.378292;565465;0;0;sBELA0;? Unchecked;v1.6.0-140-g9a10cc1
roadmap;dimacs;50/60;60;    199421;    266182;0;1120;3654762;311418;59;856;0.634512;490799;0;0;sBELA0;? Unchecked;v1.6.0-140-g9a10cc1
roadmap;dimacs;51/60;60;    293869;     25608;0;1120;4306107;230465;46;856;0.576971;399439;0;0;sBELA0;? Unchecked;v1.6.0-140-g9a10cc1
roadmap;dimacs;52/60;60;    174170;    272593;0;785;3426769;274686;375;856;0.546026;503064;0;0;sBELA0;? Unchecked;v1.6.0-140-g9a10cc1
roadmap;dimacs;53/60;60;    221325;    434952;0;878;4090609;398557;33;856;0.790969;503885;0;0;sBELA0;? Unchecked;v1.6.0-140-g9a10cc1
roadmap;dimacs;54/60;60;    117635;    105076;0;224;583671;61932;52;856;0.110658;559671;0;0;sBELA0;? Unchecked;v1.6.0-140-g9a10cc1
roadmap;dimacs;55/60;60;    193103;    276461;0;861;3632903;349912;30;856;0.637831;548597;0;0;sBELA0;? Unchecked;v1.6.0-140-g9a10cc1
roadmap;dimacs;56/60;60;      4570;     94284;0;1060;3585657;357323;67;856;0.69636;513129;0;0;sBELA0;? Unchecked;v1.6.0-140-g9a10cc1
roadmap;dimacs;57/60;60;    131126;     21354;0;550;1578475;123309;107;856;0.24234;508827;0;0;sBELA0;? Unchecked;v1.6.0-140-g9a10cc1
roadmap;dimacs;58/60;60;    235750;    208824;0;537;2587028;197552;277;856;0.445574;443365;0;0;sBELA0;? Unchecked;v1.6.0-140-g9a10cc1
roadmap;dimacs;59/60;60;       489;    261832;0;413;1641924;163282;157;856;0.303065;538770;0;0;sBELA0;? Unchecked;v1.6.0-140-g9a10cc1
roadmap;dimacs;60/60;60;    318387;    328863;0;1375;5153202;399274;15;856;0.841211;474642;0;0;sBELA0;? Unchecked;v1.6.0-140-g9a10cc1
roadmap;dimacs;61/60;60;    274877;     23528;0;791;2981087;151813;41;856;0.334055;454454;0;0;sBELA0;? Unchecked;v1.6.0-140-g9a10cc1
roadmap;dimacs;62/60;60;    220394;    272522;0;702;1663227;220793;145;856;0.385501;572743;0;0;sBELA0;? Unchecked;v1.6.0-140-g9a10cc1
roadmap;dimacs;63/60;60;    228259;    177627;0;1115;4599400;415077;76;856;0.909085;456588;0;0;sBELA0;? Unchecked;v1.6.0-140-g9a10cc1
roadmap;dimacs;64/60;60;    319517;    205274;0;772;3597742;283962;61;856;0.543616;522358;0;0;sBELA0;? Unchecked;v1.6.0-140-g9a10cc1
roadmap;dimacs;65/60;60;    312838;    292039;0;247;1792586;31771;194;856;0.0824994;385106;0;0;sBELA0;? Unchecked;v1.6.0-140-g9a10cc1
roadmap;dimacs;66/60;60;    231105;    325711;0;1102;3901443;379740;13;856;0.709408;535291;0;0;sBELA0;? Unchecked;v1.6.0-140-g9a10cc1
roadmap;dimacs;67/60;60;     24598;    413512;0;451;1004685;154137;110;856;0.292838;526356;0;0;sBELA0;? Unchecked;v1.6.0-140-g9a10cc1
roadmap;dimacs;68/60;60;     23559;    272815;0;779;1349111;198457;31;856;0.350346;566460;0;0;sBELA0;? Unchecked;v1.6.0-140-g9a10cc1
roadmap;dimacs;69/60;60;     77506;    341012;0;439;2259996;75999;52;856;0.229876;330609;0;0;sBELA0;? Unchecked;v1.6.0-140-g9a10cc1
roadmap;dimacs;70/60;60;    292092;    386735;0;554;2945885;88213;279;856;0.258582;341142;0;0;sBELA0;? Unchecked;v1.6.0-140-g9a10cc1
roadmap;dimacs;71/60;60;    376744;    379588;0;597;3662346;263951;50;856;0.508899;518671;0;0;sBELA0;? Unchecked;v1.6.0-140-g9a10cc1
roadmap;dimacs;72/60;60;    379408;    158562;0;478;2613023;130960;570;856;0.333071;393189;0;0;sBELA0;? Unchecked;v1.6.0-140-g9a10cc1
roadmap;dimacs;73/60;60;    165998;    242916;0;859;3772206;392341;50;856;0.718711;545895;0;0;sBELA0;? Unchecked;v1.6.0-140-g9a10cc1
roadmap;dimacs;74/60;60;    273849;    233106;0;722;3818591;329195;102;856;0.603559;545423;0;0;sBELA0;? Unchecked;v1.6.0-140-g9a10cc1
roadmap;dimacs;75/60;60;    128253;     35195;0;630;2085217;152845;134;856;0.367811;415553;0;0;sBELA0;? Unchecked;v1.6.0-140-g9a10cc1
roadmap;dimacs;76/60;60;    183220;      8889;0;543;1483570;128206;108;856;0.2558;501197;0;0;sBELA0;? Unchecked;v1.6.0-140-g9a10cc1
roadmap;dimacs;77/60;60;    272704;    414613;0;280;1249137;48587;261;856;0.120525;403127;0;0;sBELA0;? Unchecked;v1.6.0-140-g9a10cc1
roadmap;dimacs;78/60;60;    370469;     78546;0;498;2391113;243218;70;856;0.478997;507765;0;0;sBELA0;? Unchecked;v1.6.0-140-g9a10cc1
roadmap;dimacs;79/60;60;     89775;    214561;0;757;2352483;206573;179;856;0.448527;460559;0;0;sBELA0;? Unchecked;v1.6.0-140-g9a10cc1
roadmap;dimacs;80/60;60;    189664;    402552;0;509;2165117;95855;37;856;0.264753;362054;0;0;sBELA0;? Unchecked;v1.6.0-140-g9a10cc1
roadmap;dimacs;81/60;60;    152121;    246814;0;1156;4830904;426906;28;856;0.896006;476454;0;0;sBELA0;? Unchecked;v1.6.0-140-g9a10cc1
roadmap;dimacs;82/60;60;    322470;    286921;0;1459;7189003;421935;91;856;0.889611;474292;0;0;sBELA0;? Unchecked;v1.6.0-140-g9a10cc1
roadmap;dimacs;83/60;60;    299997;    278967;0;1319;5172433;386074;31;856;0.84266;458161;0;0;sBELA0;? Unchecked;v1.6.0-140-g9a10cc1
roadmap;dimacs;84/60;60;    250235;    356746;0;1024;4989987;380505;62;856;0.833205;456676;0;0;sBELA0;? Unchecked;v1.6.0-140-g9a10cc1
roadmap;dimacs;85/60;60;    163254;    319164;0;953;3692134;363948;96;856;0.704229;516803;0;0;sBELA0;? Unchecked;v1.6.0-140-g9a10cc1
roadmap;dimacs;86/60;60;    140318;      8074;0;503;1352838;139095;216;856;0.269872;515410;0;0;sBELA0;? Unchecked;v1.6.0-140-g9a10cc1
roadmap;dimacs;87/60;60;    185965;    196301;0;826;3531223;349303;18;856;0.628557;555722;0;0;sBELA0;? Unchecked;v1.6.0-140-g9a10cc1
roadmap;dimacs;88/60;60;    359803;     81858;0;250;1280171;59349;57;856;0.123502;480552;0;0;sBELA0;? Unchecked;v1.6.0-140-g9a10cc1
roadmap;dimacs;89/60;60;    349089;    308312;0;681;3373021;366010;129;856;0.694307;527159;0;0;sBELA0;? Unchecked;v1.6.0-140-g9a10cc1
roadmap;dimacs;90/60;60;    347477;    427675;0;448;1014980;119475;61;856;0.238881;500144;0;0;sBELA0;? Unchecked;v1.6.0-140-g9a10cc1
roadmap;dimacs;91/60;60;    368929;    215278;0;691;1737983;157445;93;856;0.297693;528884;0;0;sBELA0;? Unchecked;v1.6.0-140-g9a10cc1
roadmap;dimacs;92/60;60;     92275;    285142;0;1508;5738366;411931;59;856;0.89386;460845;0;0;sBELA0;? Unchecked;v1.6.0-140-g9a10cc1
roadmap;dimacs;93/60;60;    118818;    384490;0;737;2891198;317081;122;856;0.587852;539389;0;0;sBELA0;? Unchecked;v1.6.0-140-g9a10cc1
roadmap;dimacs;94/60;60;    413378;    431648;0;451;2463309;243584;112;856;0.478072;509513;0;0;sBELA0;? Unchecked;v1.6.0-140-g9a10cc1
roadmap;dimacs;95/60;60;     22320;    400212;0;352;1095049;170005;82;856;0.29609;574167;0;0;sBELA0;? Unchecked;v1.6.0-140-g9a10cc1
roadmap;dimacs;96/60;60;    110951;    317115;0;1306;5277122;429813;28;856;0.906864;473955;0;0;sBELA0;? Unchecked;v1.6.0-140-g9a10cc1
roadmap;dimacs;97/60;60;    153175;    122456;0;264;814724;55607;108;856;0.0996396;558081;0;0;sBELA0;? Unchecked;v1.6.0-140-g9a10cc1
roadmap;dimacs;98/60;60;     72512;    386851;0;1244;5208165;356138;43;856;0.817585;435597;0;0;sBELA0;? Unchecked;v1.6.0-140-g9a10cc1
roadmap;dimacs;99/60;60;    148594;    414859;0;321;1799043;216855;283;856;0.372446;582245;0;0;sBELA0;? Unchecked;v1.6.0-140-g9a10cc1
roadmap;dimacs;0/70;70;    294756;    116704;0;1117;4214019;306444;121;856;0.719618;425843;0;0;sBELA0;? Unchecked;v1.6.0-140-g9a10cc1
roadmap;dimacs;1/70;70;    325364;     11913;0;1262;4116132;307954;67;856;0.664271;463597;0;0;sBELA0;? Unchecked;v1.6.0-140-g9a10cc1
roadmap;dimacs;2/70;70;    285177;    334042;0;421;3637311;242825;63;856;0.473116;513247;0;0;sBELA0;? Unchecked;v1.6.0-140-g9a10cc1
roadmap;dimacs;3/70;70;    236480;     66871;0;754;3645163;292933;89;856;0.565802;517730;0;0;sBELA0;? Unchecked;v1.6.0-140-g9a10cc1
roadmap;dimacs;4/70;70;    249937;    358183;0;1211;5848434;417070;49;856;0.891234;467969;0;0;sBELA0;? Unchecked;v1.6.0-140-g9a10cc1
roadmap;dimacs;5/70;70;    278932;    202424;0;1207;5259276;416299;129;856;0.885025;470381;0;0;sBELA0;? Unchecked;v1.6.0-140-g9a10cc1
roadmap;dimacs;6/70;70;    430744;    255885;0;715;2988425;213599;84;856;0.459312;465041;0;0;sBELA0;? Unchecked;v1.6.0-140-g9a10cc1
roadmap;dimacs;7/70;70;    167653;    110820;0;450;1630765;125162;80;856;0.242271;516619;0;0;sBELA0;? Unchecked;v1.6.0-140-g9a10cc1
roadmap;dimacs;8/70;70;    389224;    209129;0;871;3482912;281003;19;856;0.528674;531524;0;0;sBELA0;? Unchecked;v1.6.0-140-g9a10cc1
roadmap;dimacs;9/70;70;    361295;    369960;0;204;827102;18767;72;856;0.0490235;382816;0;0;sBELA0;? Unchecked;v1.6.0-140-g9a10cc1
roadmap;dimacs;10/70;70;     63073;    122016;0;554;1057538;146453;42;856;0.273303;535863;0;0;sBELA0;? Unchecked;v1.6.0-140-g9a10cc1
roadmap;dimacs;11/70;70;    377280;     89101;0;1018;3954003;249440;78;856;0.500813;498070;0;0;sBELA0;? Unchecked;v1.6.0-140-g9a10cc1
roadmap;dimacs;12/70;70;    184086;      9250;0;409;1411512;102940;146;856;0.216743;474941;0;0;sBELA0;? Unchecked;v1.6.0-140-g9a10cc1
roadmap;dimacs;13/70;70;     11558;    157695;0;473;1399432;190836;255;856;0.358555;532237;0;0;sBELA0;? Unchecked;v1.6.0-140-g9a10cc1
roadmap;dimacs;14/70;70;    290606;    380934;0;901;3361829;128081;72;856;0.309635;413652;0;0;sBELA0;? Unchecked;v1.6.0-140-g9a10cc1
roadmap;dimacs;15/70;70;    312872;    335255;0;1106;5080534;215435;178;856;0.581101;370736;0;0;sBELA0;? Unchecked;v1.6.0-140-g9a10cc1
roadmap;dimacs;16/70;70;    172626;    340963;0;503;1825267;70079;67;856;0.159421;439583;0;0;sBELA0;? Unchecked;v1.6.0-140-g9a10cc1
roadmap;dimacs;17/70;70;     71257;    309332;0;809;3137897;361414;69;856;0.695453;519682;0;0;sBELA0;? Unchecked;v1.6.0-140-g9a10cc1
roadmap;dimacs;18/70;70;    197543;    272443;0;1209;3728360;358839;118;856;0.7179;499845;0;0;sBELA0;? Unchecked;v1.6.0-140-g9a10cc1
roadmap;dimacs;19/70;70;    115849;    293642;0;1228;4552507;408255;88;856;0.893114;457114;0;0;sBELA0;? Unchecked;v1.6.0-140-g9a10cc1
roadmap;dimacs;20/70;70;     96029;    288190;0;1383;5472027;411476;72;856;0.890383;462133;0;0;sBELA0;? Unchecked;v1.6.0-140-g9a10cc1
roadmap;dimacs;21/70;70;    123302;    388474;0;612;2889494;317141;138;856;0.61914;512229;0;0;sBELA0;? Unchecked;v1.6.0-140-g9a10cc1
roadmap;dimacs;22/70;70;    395621;    154547;0;1153;4759345;199629;39;856;0.540128;369596;0;0;sBELA0;? Unchecked;v1.6.0-140-g9a10cc1
roadmap;dimacs;23/70;70;    223763;    127629;0;551;1965811;249712;121;856;0.433871;575544;0;0;sBELA0;? Unchecked;v1.6.0-140-g9a10cc1
roadmap;dimacs;24/70;70;    327745;    375938;0;1197;5462266;405022;146;856;0.898214;450919;0;0;sBELA0;? Unchecked;v1.6.0-140-g9a10cc1
roadmap;dimacs;25/70;70;    175197;      5809;0;861;2920129;170992;112;856;0.377978;452386;0;0;sBELA0;? Unchecked;v1.6.0-140-g9a10cc1
roadmap;dimacs;26/70;70;    188424;    158412;0;795;2521941;259613;111;856;0.524632;494848;0;0;sBELA0;? Unchecked;v1.6.0-140-g9a10cc1
roadmap;dimacs;27/70;70;    268346;    359471;0;1011;3161829;296220;13;856;0.552648;536002;0;0;sBELA0;? Unchecked;v1.6.0-140-g9a10cc1
roadmap;dimacs;28/70;70;    174382;    236731;0;1140;4392093;392455;44;856;0.862869;454825;0;0;sBELA0;? Unchecked;v1.6.0-140-g9a10cc1
roadmap;dimacs;29/70;70;    204045;    159790;0;914;2894940;241270;119;856;0.547919;440339;0;0;sBELA0;? Unchecked;v1.6.0-140-g9a10cc1
roadmap;dimacs;30/70;70;    390757;    318002;0;347;1672577;37343;689;856;0.114757;325409;0;0;sBELA0;? Unchecked;v1.6.0-140-g9a10cc1
roadmap;dimacs;31/70;70;     91059;     57980;0;827;3685853;214722;95;856;0.461437;465333;0;0;sBELA0;? Unchecked;v1.6.0-140-g9a10cc1
roadmap;dimacs;32/70;70;     72990;    320575;0;1201;5652027;372590;76;856;0.847418;439677;0;0;sBELA0;? Unchecked;v1.6.0-140-g9a10cc1
roadmap;dimacs;33/70;70;     65526;    339114;0;1131;4409649;402345;17;856;0.859631;468044;0;0;sBELA0;? Unchecked;v1.6.0-140-g9a10cc1
roadmap;dimacs;34/70;70;    349165;     12701;0;574;1338213;142502;35;856;0.264626;538502;0;0;sBELA0;? Unchecked;v1.6.0-140-g9a10cc1
roadmap;dimacs;35/70;70;    187769;    228911;0;358;1372052;61612;178;856;0.140142;439640;0;0;sBELA0;? Unchecked;v1.6.0-140-g9a10cc1
roadmap;dimacs;36/70;70;    190262;     14733;0;1116;3834256;296413;18;856;0.556428;532706;0;0;sBELA0;? Unchecked;v1.6.0-140-g9a10cc1
roadmap;dimacs;37/70;70;    143799;    328188;0;479;1975303;249324;79;856;0.419213;594743;0;0;sBELA0;? Unchecked;v1.6.0-140-g9a10cc1
roadmap;dimacs;38/70;70;     96331;    415538;0;1001;4067357;321519;69;856;0.605894;530652;0;0;sBELA0;? Unchecked;v1.6.0-140-g9a10cc1
roadmap;dimacs;39/70;70;     65115;    387688;0;892;3374006;324289;109;856;0.622821;520678;0;0;sBELA0;? Unchecked;v1.6.0-140-g9a10cc1
roadmap;dimacs;40/70;70;    332193;    387507;0;1007;3944474;334920;78;856;0.627727;533544;0;0;sBELA0;? Unchecked;v1.6.0-140-g9a10cc1
roadmap;dimacs;41/70;70;    127669;    162338;0;666;2783299;282160;134;856;0.551305;511803;0;0;sBELA0;? Unchecked;v1.6.0-140-g9a10cc1
roadmap;dimacs;42/70;70;    263041;    142943;0;921;2504836;246451;36;856;0.486653;506420;0;0;sBELA0;? Unchecked;v1.6.0-140-g9a10cc1
roadmap;dimacs;43/70;70;    390723;      1064;0;937;3692702;339987;68;856;0.636919;533800;0;0;sBELA0;? Unchecked;v1.6.0-140-g9a10cc1
roadmap;dimacs;44/70;70;    304490;    279242;0;1375;5596777;415903;42;856;0.877984;473702;0;0;sBELA0;? Unchecked;v1.6.0-140-g9a10cc1
roadmap;dimacs;45/70;70;     26846;    394583;0;1156;4840365;419733;33;856;0.889943;471640;0;0;sBELA0;? Unchecked;v1.6.0-140-g9a10cc1
roadmap;dimacs;46/70;70;    233353;    185925;0;807;3815617;329948;143;856;0.633329;520974;0;0;sBELA0;? Unchecked;v1.6.0-140-g9a10cc1
roadmap;dimacs;47/70;70;    323833;    176822;0;608;2620214;72236;70;856;0.239336;301818;0;0;sBELA0;? Unchecked;v1.6.0-140-g9a10cc1
roadmap;dimacs;48/70;70;    346446;     63237;0;539;1770424;195881;40;856;0.347485;563711;0;0;sBELA0;? Unchecked;v1.6.0-140-g9a10cc1
roadmap;dimacs;49/70;70;    113928;    360799;0;536;1735193;213911;64;856;0.381323;560970;0;0;sBELA0;? Unchecked;v1.6.0-140-g9a10cc1
roadmap;dimacs;50/70;70;    199421;    266182;0;1129;3654765;311419;66;856;0.592122;525937;0;0;sBELA0;? Unchecked;v1.6.0-140-g9a10cc1
roadmap;dimacs;51/70;70;    293869;     25608;0;1120;4306111;230467;55;856;0.580616;396935;0;0;sBELA0;? Unchecked;v1.6.0-140-g9a10cc1
roadmap;dimacs;52/70;70;    174170;    272593;0;789;3426799;274695;496;856;0.555321;494660;0;0;sBELA0;? Unchecked;v1.6.0-140-g9a10cc1
roadmap;dimacs;53/70;70;    221325;    434952;0;880;4090623;398557;40;856;0.817211;487704;0;0;sBELA0;? Unchecked;v1.6.0-140-g9a10cc1
roadmap;dimacs;54/70;70;    117635;    105076;0;225;583689;61932;60;856;0.135057;458561;0;0;sBELA0;? Unchecked;v1.6.0-140-g9a10cc1
roadmap;dimacs;55/70;70;    193103;    276461;0;852;3632908;349913;35;856;0.653005;535850;0;0;sBELA0;? Unchecked;v1.6.0-140-g9a10cc1
roadmap;dimacs;56/70;70;      4570;     94284;0;1060;3585660;357323;77;856;0.709799;503414;0;0;sBELA0;? Unchecked;v1.6.0-140-g9a10cc1
roadmap;dimacs;57/70;70;    131126;     21354;0;549;1578483;123311;122;856;0.245159;502983;0;0;sBELA0;? Unchecked;v1.6.0-140-g9a10cc1
roadmap;dimacs;58/70;70;    235750;    208824;0;546;2587072;197555;317;856;0.447426;441537;0;0;sBELA0;? Unchecked;v1.6.0-140-g9a10cc1
roadmap;dimacs;59/70;70;       489;    261832;0;410;1641947;163282;185;856;0.312319;522805;0;0;sBELA0;? Unchecked;v1.6.0-140-g9a10cc1
roadmap;dimacs;60/70;70;    318387;    328863;0;1371;5153203;399274;18;856;0.845464;472254;0;0;sBELA0;? Unchecked;v1.6.0-140-g9a10cc1
roadmap;dimacs;61/70;70;    274877;     23528;0;775;2981092;151814;45;856;0.336591;451034;0;0;sBELA0;? Unchecked;v1.6.0-140-g9a10cc1
roadmap;dimacs;62/70;70;    220394;    272522;0;703;1663264;220797;177;856;0.391388;564139;0;0;sBELA0;? Unchecked;v1.6.0-140-g9a10cc1
roadmap;dimacs;63/70;70;    228259;    177627;0;1116;4599406;415077;88;856;0.911306;455475;0;0;sBELA0;? Unchecked;v1.6.0-140-g9a10cc1
roadmap;dimacs;64/70;70;    319517;    205274;0;774;3597746;283963;71;856;0.547034;519096;0;0;sBELA0;? Unchecked;v1.6.0-140-g9a10cc1
roadmap;dimacs;65/70;70;    312838;    292039;0;246;1792679;31776;242;856;0.0845455;375845;0;0;sBELA0;? Unchecked;v1.6.0-140-g9a10cc1
roadmap;dimacs;66/70;70;    231105;    325711;0;1097;3901444;379740;16;856;0.722682;525459;0;0;sBELA0;? Unchecked;v1.6.0-140-g9a10cc1
roadmap;dimacs;67/70;70;     24598;    413512;0;448;1004710;154141;139;856;0.303673;507589;0;0;sBELA0;? Unchecked;v1.6.0-140-g9a10cc1
roadmap;dimacs;68/70;70;     23559;    272815;0;778;1349112;198457;35;856;0.371855;533694;0;0;sBELA0;? Unchecked;v1.6.0-140-g9a10cc1
roadmap;dimacs;69/70;70;     77506;    341012;0;436;2260007;76000;62;856;0.227397;334217;0;0;sBELA0;? Unchecked;v1.6.0-140-g9a10cc1
roadmap;dimacs;70/70;70;    292092;    386735;0;553;2945926;88213;361;856;0.266864;330554;0;0;sBELA0;? Unchecked;v1.6.0-140-g9a10cc1
roadmap;dimacs;71/70;70;    376744;    379588;0;596;3662349;263951;58;856;0.513167;514357;0;0;sBELA0;? Unchecked;v1.6.0-140-g9a10cc1
roadmap;dimacs;72/70;70;    379408;    158562;0;478;2613096;130974;668;856;0.341655;383351;0;0;sBELA0;? Unchecked;v1.6.0-140-g9a10cc1
roadmap;dimacs;73/70;70;    165998;    242916;0;857;3772236;392344;74;856;0.723584;542223;0;0;sBELA0;? Unchecked;v1.6.0-140-g9a10cc1
roadmap;dimacs;74/70;70;    273849;    233106;0;715;3818602;329196;122;856;0.609956;539704;0;0;sBELA0;? Unchecked;v1.6.0-140-g9a10cc1
roadmap;dimacs;75/70;70;    128253;     35195;0;636;2085226;152849;156;856;0.373857;408843;0;0;sBELA0;? Unchecked;v1.6.0-140-g9a10cc1
roadmap;dimacs;76/70;70;    183220;      8889;0;532;1483576;128208;123;856;0.259846;493400;0;0;sBELA0;? Unchecked;v1.6.0-140-g9a10cc1
roadmap;dimacs;77/70;70;    272704;    414613;0;285;1249212;48595;333;856;0.123611;393129;0;0;sBELA0;? Unchecked;v1.6.0-140-g9a10cc1
roadmap;dimacs;78/70;70;    370469;     78546;0;496;2391127;243218;85;856;0.481771;504842;0;0;sBELA0;? Unchecked;v1.6.0-140-g9a10cc1
roadmap;dimacs;79/70;70;     89775;    214561;0;757;2352558;206588;382;856;0.46154;447606;0;0;sBELA0;? Unchecked;v1.6.0-140-g9a10cc1
roadmap;dimacs;80/70;70;    189664;    402552;0;512;2165123;95856;43;856;0.255556;375088;0;0;sBELA0;? Unchecked;v1.6.0-140-g9a10cc1
roadmap;dimacs;81/70;70;    152121;    246814;0;1155;4830906;426906;33;856;0.886952;481318;0;0;sBELA0;? Unchecked;v1.6.0-140-g9a10cc1
roadmap;dimacs;82/70;70;    322470;    286921;0;1465;7189008;421935;104;856;0.896295;470755;0;0;sBELA0;? Unchecked;v1.6.0-140-g9a10cc1
roadmap;dimacs;83/70;70;    299997;    278967;0;1317;5172436;386074;36;856;0.878421;439509;0;0;sBELA0;? Unchecked;v1.6.0-140-g9a10cc1
roadmap;dimacs;84/70;70;    250235;    356746;0;1029;4989990;380505;69;856;0.850869;447196;0;0;sBELA0;? Unchecked;v1.6.0-140-g9a10cc1
roadmap;dimacs;85/70;70;    163254;    319164;0;954;3692143;363949;115;856;0.710921;511940;0;0;sBELA0;? Unchecked;v1.6.0-140-g9a10cc1
roadmap;dimacs;86/70;70;    140318;      8074;0;503;1352860;139104;244;856;0.272289;510869;0;0;sBELA0;? Unchecked;v1.6.0-140-g9a10cc1
roadmap;dimacs;87/70;70;    185965;    196301;0;827;3531227;349303;21;856;0.635438;549704;0;0;sBELA0;? Unchecked;v1.6.0-140-g9a10cc1
roadmap;dimacs;88/70;70;    359803;     81858;0;243;1280211;59353;68;856;0.125435;473178;0;0;sBELA0;? Unchecked;v1.6.0-140-g9a10cc1
roadmap;dimacs;89/70;70;    349089;    308312;0;684;3373042;366010;161;856;0.699536;523218;0;0;sBELA0;? Unchecked;v1.6.0-140-g9a10cc1
roadmap;dimacs;90/70;70;    347477;    427675;0;458;1014985;119475;73;856;0.242402;492881;0;0;sBELA0;? Unchecked;v1.6.0-140-g9a10cc1
roadmap;dimacs;91/70;70;    368929;    215278;0;689;1737993;157446;110;856;0.295006;533705;0;0;sBELA0;? Unchecked;v1.6.0-140-g9a10cc1
roadmap;dimacs;92/70;70;     92275;    285142;0;1508;5738371;411931;69;856;0.901036;457175;0;0;sBELA0;? Unchecked;v1.6.0-140-g9a10cc1
roadmap;dimacs;93/70;70;    118818;    384490;0;730;2891213;317085;148;856;0.605399;523762;0;0;sBELA0;? Unchecked;v1.6.0-140-g9a10cc1
roadmap;dimacs;94/70;70;    413378;    431648;0;452;2463333;243587;126;856;0.479352;508159;0;0;sBELA0;? Unchecked;v1.6.0-140-g9a10cc1
roadmap;dimacs;95/70;70;     22320;    400212;0;355;1095057;170008;100;856;0.300334;566063;0;0;sBELA0;? Unchecked;v1.6.0-140-g9a10cc1
roadmap;dimacs;96/70;70;    110951;    317115;0;1304;5277123;429813;31;856;0.937941;458252;0;0;sBELA0;? Unchecked;v1.6.0-140-g9a10cc1
roadmap;dimacs;97/70;70;    153175;    122456;0;258;814762;55608;132;856;0.102009;545128;0;0;sBELA0;? Unchecked;v1.6.0-140-g9a10cc1
roadmap;dimacs;98/70;70;     72512;    386851;0;1243;5208167;356138;44;856;0.824853;431759;0;0;sBELA0;? Unchecked;v1.6.0-140-g9a10cc1
roadmap;dimacs;99/70;70;    148594;    414859;0;319;1799085;216863;332;856;0.375539;577471;0;0;sBELA0;? Unchecked;v1.6.0-140-g9a10cc1
roadmap;dimacs;0/80;80;    294756;    116704;0;1117;4214025;306445;142;856;0.731964;418661;0;0;sBELA0;? Unchecked;v1.6.0-140-g9a10cc1
roadmap;dimacs;1/80;80;    325364;     11913;0;1265;4116137;307955;76;856;0.67215;458164;0;0;sBELA0;? Unchecked;v1.6.0-140-g9a10cc1
roadmap;dimacs;2/80;80;    285177;    334042;0;420;3637320;242827;73;856;0.476139;509992;0;0;sBELA0;? Unchecked;v1.6.0-140-g9a10cc1
roadmap;dimacs;3/80;80;    236480;     66871;0;753;3645170;292935;99;856;0.572827;511384;0;0;sBELA0;? Unchecked;v1.6.0-140-g9a10cc1
roadmap;dimacs;4/80;80;    249937;    358183;0;1207;5848438;417070;57;856;0.879594;474162;0;0;sBELA0;? Unchecked;v1.6.0-140-g9a10cc1
roadmap;dimacs;5/80;80;    278932;    202424;0;1206;5259281;416299;147;856;0.891433;467000;0;0;sBELA0;? Unchecked;v1.6.0-140-g9a10cc1
roadmap;dimacs;6/80;80;    430744;    255885;0;723;2988428;213600;88;856;0.458437;465931;0;0;sBELA0;? Unchecked;v1.6.0-140-g9a10cc1
roadmap;dimacs;7/80;80;    167653;    110820;0;449;1630773;125162;92;856;0.26715;468508;0;0;sBELA0;? Unchecked;v1.6.0-140-g9a10cc1
roadmap;dimacs;8/80;80;    389224;    209129;0;870;3482914;281003;20;856;0.528754;531444;0;0;sBELA0;? Unchecked;v1.6.0-140-g9a10cc1
roadmap;dimacs;9/80;80;    361295;    369960;0;200;827115;18768;81;856;0.0496126;378291;0;0;sBELA0;? Unchecked;v1.6.0-140-g9a10cc1
roadmap;dimacs;10/80;80;     63073;    122016;0;551;1057547;146455;50;856;0.276765;529167;0;0;sBELA0;? Unchecked;v1.6.0-140-g9a10cc1
roadmap;dimacs;11/80;80;    377280;     89101;0;1018;3954006;249442;86;856;0.504013;494912;0;0;sBELA0;? Unchecked;v1.6.0-140-g9a10cc1
roadmap;dimacs;12/80;80;    184086;      9250;0;409;1411519;102942;162;856;0.232024;443670;0;0;sBELA0;? Unchecked;v1.6.0-140-g9a10cc1
roadmap;dimacs;13/80;80;     11558;    157695;0;478;1399458;190839;316;856;0.369073;517076;0;0;sBELA0;? Unchecked;v1.6.0-140-g9a10cc1
roadmap;dimacs;14/80;80;    290606;    380934;0;899;3361835;128081;81;856;0.317709;403140;0;0;sBELA0;? Unchecked;v1.6.0-140-g9a10cc1
roadmap;dimacs;15/80;80;    312872;    335255;0;1137;5080545;215435;223;856;0.590854;364616;0;0;sBELA0;? Unchecked;v1.6.0-140-g9a10cc1
roadmap;dimacs;16/80;80;    172626;    340963;0;502;1825274;70079;78;856;0.162684;430768;0;0;sBELA0;? Unchecked;v1.6.0-140-g9a10cc1
roadmap;dimacs;17/80;80;     71257;    309332;0;812;3137900;361414;76;856;0.698126;517691;0;0;sBELA0;? Unchecked;v1.6.0-140-g9a10cc1
roadmap;dimacs;18/80;80;    197543;    272443;0;1211;3728366;358839;131;856;0.723358;496074;0;0;sBELA0;? Unchecked;v1.6.0-140-g9a10cc1
roadmap;dimacs;19/80;80;    115849;    293642;0;1234;4552510;408255;98;856;0.896975;455146;0;0;sBELA0;? Unchecked;v1.6.0-140-g9a10cc1
roadmap;dimacs;20/80;80;     96029;    288190;0;1378;5472031;411476;82;856;0.897506;458466;0;0;sBELA0;? Unchecked;v1.6.0-140-g9a10cc1
roadmap;dimacs;21/80;80;    123302;    388474;0;610;2889501;317141;153;856;0.639374;496018;0;0;sBELA0;? Unchecked;v1.6.0-140-g9a10cc1
roadmap;dimacs;22/80;80;    395621;    154547;0;1153;4759347;199629;46;856;0.544996;366295;0;0;sBELA0;? Unchecked;v1.6.0-140-g9a10cc1
roadmap;dimacs;23/80;80;    223763;    127629;0;551;1965822;249714;139;856;0.428786;582375;0;0;sBELA0;? Unchecked;v1.6.0-140-g9a10cc1
roadmap;dimacs;24/80;80;    327745;    375938;0;1191;5462279;405022;173;856;0.906684;446707;0;0;sBELA0;? Unchecked;v1.6.0-140-g9a10cc1
roadmap;dimacs;25/80;80;    175197;      5809;0;862;2920140;170996;136;856;0.387488;441293;0;0;sBELA0;? Unchecked;v1.6.0-140-g9a10cc1
roadmap;dimacs;26/80;80;    188424;    158412;0;796;2521942;259613;119;856;0.528823;490926;0;0;sBELA0;? Unchecked;v1.6.0-140-g9a10cc1
roadmap;dimacs;27/80;80;    268346;    359471;0;1010;3161831;296220;15;856;0.555023;533708;0;0;sBELA0;? Unchecked;v1.6.0-140-g9a10cc1
roadmap;dimacs;28/80;80;    174382;    236731;0;1139;4392095;392455;47;856;0.868769;451737;0;0;sBELA0;? Unchecked;v1.6.0-140-g9a10cc1
roadmap;dimacs;29/80;80;    204045;    159790;0;920;2894946;241271;131;856;0.512565;470713;0;0;sBELA0;? Unchecked;v1.6.0-140-g9a10cc1
roadmap;dimacs;30/80;80;    390757;    318002;0;345;1672614;37345;755;856;0.118667;314705;0;0;sBELA0;? Unchecked;v1.6.0-140-g9a10cc1
roadmap;dimacs;31/80;80;     91059;     57980;0;828;3685873;214733;116;856;0.450198;476974;0;0;sBELA0;? Unchecked;v1.6.0-140-g9a10cc1
roadmap;dimacs;32/80;80;     72990;    320575;0;1202;5652033;372590;92;856;0.857845;434333;0;0;sBELA0;? Unchecked;v1.6.0-140-g9a10cc1
roadmap;dimacs;33/80;80;     65526;    339114;0;1132;4409649;402345;18;856;0.892978;450565;0;0;sBELA0;? Unchecked;v1.6.0-140-g9a10cc1
roadmap;dimacs;34/80;80;    349165;     12701;0;577;1338215;142504;39;856;0.26605;535628;0;0;sBELA0;? Unchecked;v1.6.0-140-g9a10cc1
roadmap;dimacs;35/80;80;    187769;    228911;0;360;1372065;61615;198;856;0.1428;431477;0;0;sBELA0;? Unchecked;v1.6.0-140-g9a10cc1
roadmap;dimacs;36/80;80;    190262;     14733;0;1122;3834256;296413;20;856;0.559964;529343;0;0;sBELA0;? Unchecked;v1.6.0-140-g9a10cc1
roadmap;dimacs;37/80;80;    143799;    328188;0;476;1975307;249326;87;856;0.421957;590880;0;0;sBELA0;? Unchecked;v1.6.0-140-g9a10cc1
roadmap;dimacs;38/80;80;     96331;    415538;0;1001;4067360;321519;77;856;0.610394;526740;0;0;sBELA0;? Unchecked;v1.6.0-140-g9a10cc1
roadmap;dimacs;39/80;80;     65115;    387688;0;885;3374012;324289;124;856;0.630276;514519;0;0;sBELA0;? Unchecked;v1.6.0-140-g9a10cc1
roadmap;dimacs;40/80;80;    332193;    387507;0;1006;3944478;334921;87;856;0.632516;529506;0;0;sBELA0;? Unchecked;v1.6.0-140-g9a10cc1
roadmap;dimacs;41/80;80;    127669;    162338;0;660;2783313;282161;165;856;0.555852;507619;0;0;sBELA0;? Unchecked;v1.6.0-140-g9a10cc1
roadmap;dimacs;42/80;80;    263041;    142943;0;924;2504837;246451;42;856;0.478069;515514;0;0;sBELA0;? Unchecked;v1.6.0-140-g9a10cc1
roadmap;dimacs;43/80;80;    390723;      1064;0;937;3692704;339987;75;856;0.641299;530154;0;0;sBELA0;? Unchecked;v1.6.0-140-g9a10cc1
roadmap;dimacs;44/80;80;    304490;    279242;0;1366;5596779;415903;47;856;0.883938;470511;0;0;sBELA0;? Unchecked;v1.6.0-140-g9a10cc1
roadmap;dimacs;45/80;80;     26846;    394583;0;1155;4840366;419733;37;856;0.922975;454761;0;0;sBELA0;? Unchecked;v1.6.0-140-g9a10cc1
roadmap;dimacs;46/80;80;    233353;    185925;0;811;3815625;329949;169;856;0.646448;510403;0;0;sBELA0;? Unchecked;v1.6.0-140-g9a10cc1
roadmap;dimacs;47/80;80;    323833;    176822;0;614;2620215;72236;79;856;0.224301;322049;0;0;sBELA0;? Unchecked;v1.6.0-140-g9a10cc1
roadmap;dimacs;48/80;80;    346446;     63237;0;539;1770432;195882;47;856;0.34985;559903;0;0;sBELA0;? Unchecked;v1.6.0-140-g9a10cc1
roadmap;dimacs;49/80;80;    113928;    360799;0;537;1735197;213911;73;856;0.383994;557069;0;0;sBELA0;? Unchecked;v1.6.0-140-g9a10cc1
roadmap;dimacs;50/80;80;    199421;    266182;0;1122;3654768;311419;75;856;0.595369;523069;0;0;sBELA0;? Unchecked;v1.6.0-140-g9a10cc1
roadmap;dimacs;51/80;80;    293869;     25608;0;1117;4306115;230467;62;856;0.583071;395264;0;0;sBELA0;? Unchecked;v1.6.0-140-g9a10cc1
roadmap;dimacs;52/80;80;    174170;    272593;0;786;3426807;274701;542;856;0.563736;487287;0;0;sBELA0;? Unchecked;v1.6.0-140-g9a10cc1
roadmap;dimacs;53/80;80;    221325;    434952;0;881;4090630;398558;45;856;0.826781;482060;0;0;sBELA0;? Unchecked;v1.6.0-140-g9a10cc1
roadmap;dimacs;54/80;80;    117635;    105076;0;224;583697;61937;69;856;0.112927;548469;0;0;sBELA0;? Unchecked;v1.6.0-140-g9a10cc1
roadmap;dimacs;55/80;80;    193103;    276461;0;861;3632909;349913;38;856;0.644873;542607;0;0;sBELA0;? Unchecked;v1.6.0-140-g9a10cc1
roadmap;dimacs;56/80;80;      4570;     94284;0;1060;3585662;357323;85;856;0.709647;503522;0;0;sBELA0;? Unchecked;v1.6.0-140-g9a10cc1
roadmap;dimacs;57/80;80;    131126;     21354;0;543;1578489;123312;141;856;0.249367;494500;0;0;sBELA0;? Unchecked;v1.6.0-140-g9a10cc1
roadmap;dimacs;58/80;80;    235750;    208824;0;544;2587095;197557;358;856;0.452496;436593;0;0;sBELA0;? Unchecked;v1.6.0-140-g9a10cc1
roadmap;dimacs;59/80;80;       489;    261832;0;413;1641961;163284;213;856;0.342823;476292;0;0;sBELA0;? Unchecked;v1.6.0-140-g9a10cc1
roadmap;dimacs;60/80;80;    318387;    328863;0;1374;5153204;399274;20;856;0.848568;470527;0;0;sBELA0;? Unchecked;v1.6.0-140-g9a10cc1
roadmap;dimacs;61/80;80;    274877;     23528;0;791;2981096;151815;51;856;0.33912;447673;0;0;sBELA0;? Unchecked;v1.6.0-140-g9a10cc1
roadmap;dimacs;62/80;80;    220394;    272522;0;693;1663282;220799;195;856;0.393542;561055;0;0;sBELA0;? Unchecked;v1.6.0-140-g9a10cc1
roadmap;dimacs;63/80;80;    228259;    177627;0;1117;4599410;415077;99;856;0.90749;457390;0;0;sBELA0;? Unchecked;v1.6.0-140-g9a10cc1
roadmap;dimacs;64/80;80;    319517;    205274;0;770;3597751;283964;80;856;0.550308;516009;0;0;sBELA0;? Unchecked;v1.6.0-140-g9a10cc1
roadmap;dimacs;65/80;80;    312838;    292039;0;252;1792740;31777;264;856;0.0859272;369813;0;0;sBELA0;? Unchecked;v1.6.0-140-g9a10cc1
roadmap;dimacs;66/80;80;    231105;    325711;0;1102;3901444;379740;16;856;0.714201;531699;0;0;sBELA0;? Unchecked;v1.6.0-140-g9a10cc1
roadmap;dimacs;67/80;80;     24598;    413512;0;441;1004726;154145;157;856;0.304446;506313;0;0;sBELA0;? Unchecked;v1.6.0-140-g9a10cc1
roadmap;dimacs;68/80;80;     23559;    272815;0;778;1349113;198457;41;856;0.357701;554813;0;0;sBELA0;? Unchecked;v1.6.0-140-g9a10cc1
roadmap;dimacs;69/80;80;     77506;    341012;0;439;2260014;76000;72;856;0.229796;330728;0;0;sBELA0;? Unchecked;v1.6.0-140-g9a10cc1
roadmap;dimacs;70/80;80;    292092;    386735;0;557;2945953;88213;414;856;0.273915;322045;0;0;sBELA0;? Unchecked;v1.6.0-140-g9a10cc1
roadmap;dimacs;71/80;80;    376744;    379588;0;597;3662351;263952;64;856;0.513592;513933;0;0;sBELA0;? Unchecked;v1.6.0-140-g9a10cc1
roadmap;dimacs;72/80;80;    379408;    158562;0;481;2613181;130991;790;856;0.350987;373208;0;0;sBELA0;? Unchecked;v1.6.0-140-g9a10cc1
roadmap;dimacs;73/80;80;    165998;    242916;0;858;3772278;392351;110;856;0.736897;532437;0;0;sBELA0;? Unchecked;v1.6.0-140-g9a10cc1
roadmap;dimacs;74/80;80;    273849;    233106;0;722;3818612;329196;140;856;0.625997;525875;0;0;sBELA0;? Unchecked;v1.6.0-140-g9a10cc1
roadmap;dimacs;75/80;80;    128253;     35195;0;634;2085240;152853;187;856;0.379601;402668;0;0;sBELA0;? Unchecked;v1.6.0-140-g9a10cc1
roadmap;dimacs;76/80;80;    183220;      8889;0;537;1483581;128212;135;856;0.263382;486792;0;0;sBELA0;? Unchecked;v1.6.0-140-g9a10cc1
roadmap;dimacs;77/80;80;    272704;    414613;0;281;1249264;48599;389;856;0.127204;382055;0;0;sBELA0;? Unchecked;v1.6.0-140-g9a10cc1
roadmap;dimacs;78/80;80;    370469;     78546;0;498;2391133;243220;98;856;0.483904;502620;0;0;sBELA0;? Unchecked;v1.6.0-140-g9a10cc1
roadmap;dimacs;79/80;80;     89775;    214561;0;757;2352583;206596;517;856;0.479956;430448;0;0;sBELA0;? Unchecked;v1.6.0-140-g9a10cc1
roadmap;dimacs;80/80;80;    189664;    402552;0;511;2165126;95857;48;856;0.257307;372540;0;0;sBELA0;? Unchecked;v1.6.0-140-g9a10cc1
roadmap;dimacs;81/80;80;    152121;    246814;0;1153;4830912;426907;40;856;0.895491;476729;0;0;sBELA0;? Unchecked;v1.6.0-140-g9a10cc1
roadmap;dimacs;82/80;80;    322470;    286921;0;1464;7189011;421935;114;856;0.902798;467364;0;0;sBELA0;? Unchecked;v1.6.0-140-g9a10cc1
roadmap;dimacs;83/80;80;    299997;    278967;0;1318;5172438;386074;41;856;0.844067;457398;0;0;sBELA0;? Unchecked;v1.6.0-140-g9a10cc1
roadmap;dimacs;84/80;80;    250235;    356746;0;1029;4989995;380505;79;856;0.845322;450130;0;0;sBELA0;? Unchecked;v1.6.0-140-g9a10cc1
roadmap;dimacs;85/80;80;    163254;    319164;0;954;3692147;363949;129;856;0.719182;506060;0;0;sBELA0;? Unchecked;v1.6.0-140-g9a10cc1
roadmap;dimacs;86/80;80;    140318;      8074;0;506;1352888;139109;296;856;0.298151;466572;0;0;sBELA0;? Unchecked;v1.6.0-140-g9a10cc1
roadmap;dimacs;87/80;80;    185965;    196301;0;820;3531228;349304;23;856;0.629647;554762;0;0;sBELA0;? Unchecked;v1.6.0-140-g9a10cc1
roadmap;dimacs;88/80;80;    359803;     81858;0;245;1280226;59354;74;856;0.125921;471359;0;0;sBELA0;? Unchecked;v1.6.0-140-g9a10cc1
roadmap;dimacs;89/80;80;    349089;    308312;0;682;3373058;366010;187;856;0.704364;519632;0;0;sBELA0;? Unchecked;v1.6.0-140-g9a10cc1
roadmap;dimacs;90/80;80;    347477;    427675;0;460;1014990;119475;86;856;0.245353;486951;0;0;sBELA0;? Unchecked;v1.6.0-140-g9a10cc1
roadmap;dimacs;91/80;80;    368929;    215278;0;693;1738002;157449;121;856;0.296177;531604;0;0;sBELA0;? Unchecked;v1.6.0-140-g9a10cc1
roadmap;dimacs;92/80;80;     92275;    285142;0;1506;5738373;411932;79;856;0.908662;453339;0;0;sBELA0;? Unchecked;v1.6.0-140-g9a10cc1
roadmap;dimacs;93/80;80;    118818;    384490;0;739;2891228;317086;174;856;0.609136;520551;0;0;sBELA0;? Unchecked;v1.6.0-140-g9a10cc1
roadmap;dimacs;94/80;80;    413378;    431648;0;452;2463348;243589;139;856;0.48087;506558;0;0;sBELA0;? Unchecked;v1.6.0-140-g9a10cc1
roadmap;dimacs;95/80;80;     22320;    400212;0;349;1095069;170011;111;856;0.301415;564043;0;0;sBELA0;? Unchecked;v1.6.0-140-g9a10cc1
roadmap;dimacs;96/80;80;    110951;    317115;0;1304;5277124;429813;36;856;0.905029;474916;0;0;sBELA0;? Unchecked;v1.6.0-140-g9a10cc1
roadmap;dimacs;97/80;80;    153175;    122456;0;263;814795;55608;147;856;0.102925;540278;0;0;sBELA0;? Unchecked;v1.6.0-140-g9a10cc1
roadmap;dimacs;98/80;80;     72512;    386851;0;1243;5208179;356138;57;856;0.826447;430927;0;0;sBELA0;? Unchecked;v1.6.0-140-g9a10cc1
roadmap;dimacs;99/80;80;    148594;    414859;0;326;1799124;216865;394;856;0.378461;573019;0;0;sBELA0;? Unchecked;v1.6.0-140-g9a10cc1
roadmap;dimacs;0/90;90;    294756;    116704;0;1121;4214029;306446;153;856;0.746007;410782;0;0;sBELA0;? Unchecked;v1.6.0-140-g9a10cc1
roadmap;dimacs;1/90;90;    325364;     11913;0;1267;4116140;307955;87;856;0.678168;454099;0;0;sBELA0;? Unchecked;v1.6.0-140-g9a10cc1
roadmap;dimacs;2/90;90;    285177;    334042;0;422;3637326;242827;82;856;0.479775;506127;0;0;sBELA0;? Unchecked;v1.6.0-140-g9a10cc1
roadmap;dimacs;3/90;90;    236480;     66871;0;754;3645173;292935;110;856;0.574321;510055;0;0;sBELA0;? Unchecked;v1.6.0-140-g9a10cc1
roadmap;dimacs;4/90;90;    249937;    358183;0;1205;5848442;417070;62;856;0.884831;471356;0;0;sBELA0;? Unchecked;v1.6.0-140-g9a10cc1
roadmap;dimacs;5/90;90;    278932;    202424;0;1206;5259286;416299;168;856;0.895786;464730;0;0;sBELA0;? Unchecked;v1.6.0-140-g9a10cc1
roadmap;dimacs;6/90;90;    430744;    255885;0;723;2988441;213600;96;856;0.461556;462783;0;0;sBELA0;? Unchecked;v1.6.0-140-g9a10cc1
roadmap;dimacs;7/90;90;    167653;    110820;0;451;1630776;125162;102;856;0.246648;507451;0;0;sBELA0;? Unchecked;v1.6.0-140-g9a10cc1
roadmap;dimacs;8/90;90;    389224;    209129;0;872;3482919;281004;23;856;0.539592;520771;0;0;sBELA0;? Unchecked;v1.6.0-140-g9a10cc1
roadmap;dimacs;9/90;90;    361295;    369960;0;203;827131;18772;92;856;0.0509597;368370;0;0;sBELA0;? Unchecked;v1.6.0-140-g9a10cc1
roadmap;dimacs;10/90;90;     63073;    122016;0;549;1057552;146455;56;856;0.277231;528277;0;0;sBELA0;? Unchecked;v1.6.0-140-g9a10cc1
roadmap;dimacs;11/90;90;    377280;     89101;0;1029;3954011;249442;100;856;0.511034;488112;0;0;sBELA0;? Unchecked;v1.6.0-140-g9a10cc1
roadmap;dimacs;12/90;90;    184086;      9250;0;415;1411530;102946;186;856;0.227474;452561;0;0;sBELA0;? Unchecked;v1.6.0-140-g9a10cc1
roadmap;dimacs;13/90;90;     11558;    157695;0;476;1399475;190841;362;856;0.390143;489157;0;0;sBELA0;? Unchecked;v1.6.0-140-g9a10cc1
roadmap;dimacs;14/90;90;    290606;    380934;0;903;3361845;128081;93;856;0.318745;401829;0;0;sBELA0;? Unchecked;v1.6.0-140-g9a10cc1
roadmap;dimacs;15/90;90;    312872;    335255;0;1102;5080551;215437;251;856;0.599649;359272;0;0;sBELA0;? Unchecked;v1.6.0-140-g9a10cc1
roadmap;dimacs;16/90;90;    172626;    340963;0;502;1825281;70080;90;856;0.173442;404053;0;0;sBELA0;? Unchecked;v1.6.0-140-g9a10cc1
roadmap;dimacs;17/90;90;     71257;    309332;0;810;3137907;361416;87;856;0.702266;514642;0;0;sBELA0;? Unchecked;v1.6.0-140-g9a10cc1
roadmap;dimacs;18/90;90;    197543;    272443;0;1209;3728390;358841;169;856;0.743715;482498;0;0;sBELA0;? Unchecked;v1.6.0-140-g9a10cc1
roadmap;dimacs;19/90;90;    115849;    293642;0;1229;4552514;408255;111;856;0.905543;450840;0;0;sBELA0;? Unchecked;v1.6.0-140-g9a10cc1
roadmap;dimacs;20/90;90;     96029;    288190;0;1381;5472036;411476;95;856;0.905505;454416;0;0;sBELA0;? Unchecked;v1.6.0-140-g9a10cc1
roadmap;dimacs;21/90;90;    123302;    388474;0;613;2889507;317141;169;856;0.642103;493910;0;0;sBELA0;? Unchecked;v1.6.0-140-g9a10cc1
roadmap;dimacs;22/90;90;    395621;    154547;0;1155;4759348;199629;50;856;0.548647;363857;0;0;sBELA0;? Unchecked;v1.6.0-140-g9a10cc1
roadmap;dimacs;23/90;90;    223763;    127629;0;551;1965832;249714;158;856;0.437465;570821;0;0;sBELA0;? Unchecked;v1.6.0-140-g9a10cc1
roadmap;dimacs;24/90;90;    327745;    375938;0;1183;5462285;405022;192;856;0.915276;442513;0;0;sBELA0;? Unchecked;v1.6.0-140-g9a10cc1
roadmap;dimacs;25/90;90;    175197;      5809;0;867;2920149;171000;163;856;0.388548;440100;0;0;sBELA0;? Unchecked;v1.6.0-140-g9a10cc1
roadmap;dimacs;26/90;90;    188424;    158412;0;797;2521947;259613;137;856;0.541717;479241;0;0;sBELA0;? Unchecked;v1.6.0-140-g9a10cc1
roadmap;dimacs;27/90;90;    268346;    359471;0;1011;3161838;296220;18;856;0.559361;529569;0;0;sBELA0;? Unchecked;v1.6.0-140-g9a10cc1
roadmap;dimacs;28/90;90;    174382;    236731;0;1140;4392096;392455;48;856;0.874781;448632;0;0;sBELA0;? Unchecked;v1.6.0-140-g9a10cc1
roadmap;dimacs;29/90;90;    204045;    159790;0;919;2894954;241273;149;856;0.520685;463376;0;0;sBELA0;? Unchecked;v1.6.0-140-g9a10cc1
roadmap;dimacs;30/90;90;    390757;    318002;0;348;1672683;37350;914;856;0.12454;299903;0;0;sBELA0;? Unchecked;v1.6.0-140-g9a10cc1
roadmap;dimacs;31/90;90;     91059;     57980;0;825;3685877;214735;125;856;0.455129;471811;0;0;sBELA0;? Unchecked;v1.6.0-140-g9a10cc1
roadmap;dimacs;32/90;90;     72990;    320575;0;1201;5652036;372591;100;856;0.862687;431896;0;0;sBELA0;? Unchecked;v1.6.0-140-g9a10cc1
roadmap;dimacs;33/90;90;     65526;    339114;0;1137;4409651;402345;19;856;0.86497;465155;0;0;sBELA0;? Unchecked;v1.6.0-140-g9a10cc1
roadmap;dimacs;34/90;90;    349165;     12701;0;571;1338217;142504;44;856;0.270223;527358;0;0;sBELA0;? Unchecked;v1.6.0-140-g9a10cc1
roadmap;dimacs;35/90;90;    187769;    228911;0;358;1372083;61620;223;856;0.146121;421704;0;0;sBELA0;? Unchecked;v1.6.0-140-g9a10cc1
roadmap;dimacs;36/90;90;    190262;     14733;0;1116;3834257;296413;23;856;0.563951;525601;0;0;sBELA0;? Unchecked;v1.6.0-140-g9a10cc1
roadmap;dimacs;37/90;90;    143799;    328188;0;475;1975310;249326;96;856;0.426184;585020;0;0;sBELA0;? Unchecked;v1.6.0-140-g9a10cc1
roadmap;dimacs;38/90;90;     96331;    415538;0;1005;4067364;321519;87;856;0.648961;495437;0;0;sBELA0;? Unchecked;v1.6.0-140-g9a10cc1
roadmap;dimacs;39/90;90;     65115;    387688;0;891;3374018;324290;137;856;0.63358;511838;0;0;sBELA0;? Unchecked;v1.6.0-140-g9a10cc1
roadmap;dimacs;40/90;90;    332193;    387507;0;1006;3944483;334921;98;856;0.63864;524428;0;0;sBELA0;? Unchecked;v1.6.0-140-g9a10cc1
roadmap;dimacs;41/90;90;    127669;    162338;0;662;2783323;282162;189;856;0.559987;503872;0;0;sBELA0;? Unchecked;v1.6.0-140-g9a10cc1
roadmap;dimacs;42/90;90;    263041;    142943;0;922;2504838;246451;48;856;0.484717;508443;0;0;sBELA0;? Unchecked;v1.6.0-140-g9a10cc1
roadmap;dimacs;43/90;90;    390723;      1064;0;937;3692708;339987;83;856;0.646114;526203;0;0;sBELA0;? Unchecked;v1.6.0-140-g9a10cc1
roadmap;dimacs;44/90;90;    304490;    279242;0;1364;5596783;415903;52;856;0.885817;469514;0;0;sBELA0;? Unchecked;v1.6.0-140-g9a10cc1
roadmap;dimacs;45/90;90;     26846;    394583;0;1154;4840368;419733;42;856;0.897765;467531;0;0;sBELA0;? Unchecked;v1.6.0-140-g9a10cc1
roadmap;dimacs;46/90;90;    233353;    185925;0;806;3815637;329949;206;856;0.646875;510066;0;0;sBELA0;? Unchecked;v1.6.0-140-g9a10cc1
roadmap;dimacs;47/90;90;    323833;    176822;0;617;2620217;72236;87;856;0.232368;310869;0;0;sBELA0;? Unchecked;v1.6.0-140-g9a10cc1
roadmap;dimacs;48/90;90;    346446;     63237;0;540;1770437;195883;52;856;0.352014;556464;0;0;sBELA0;? Unchecked;v1.6.0-140-g9a10cc1
roadmap;dimacs;49/90;90;    113928;    360799;0;537;1735199;213911;81;856;0.392037;545640;0;0;sBELA0;? Unchecked;v1.6.0-140-g9a10cc1
roadmap;dimacs;50/90;90;    199421;    266182;0;1125;3654772;311420;83;856;0.60013;518921;0;0;sBELA0;? Unchecked;v1.6.0-140-g9a10cc1
roadmap;dimacs;51/90;90;    293869;     25608;0;1117;4306119;230467;73;856;0.586295;393090;0;0;sBELA0;? Unchecked;v1.6.0-140-g9a10cc1
roadmap;dimacs;52/90;90;    174170;    272593;0;786;3426819;274706;602;856;0.570144;481819;0;0;sBELA0;? Unchecked;v1.6.0-140-g9a10cc1
roadmap;dimacs;53/90;90;    221325;    434952;0;879;4090634;398558;50;856;0.830094;480136;0;0;sBELA0;? Unchecked;v1.6.0-140-g9a10cc1
roadmap;dimacs;54/90;90;    117635;    105076;0;225;583706;61941;80;856;0.114362;541622;0;0;sBELA0;? Unchecked;v1.6.0-140-g9a10cc1
roadmap;dimacs;55/90;90;    193103;    276461;0;851;3632911;349913;43;856;0.648551;539530;0;0;sBELA0;? Unchecked;v1.6.0-140-g9a10cc1
roadmap;dimacs;56/90;90;      4570;     94284;0;1061;3585663;357323;93;856;0.714671;499982;0;0;sBELA0;? Unchecked;v1.6.0-140-g9a10cc1
roadmap;dimacs;57/90;90;    131126;     21354;0;544;1578495;123313;162;856;0.252462;488443;0;0;sBELA0;? Unchecked;v1.6.0-140-g9a10cc1
roadmap;dimacs;58/90;90;    235750;    208824;0;538;2587125;197564;413;856;0.459937;429546;0;0;sBELA0;? Unchecked;v1.6.0-140-g9a10cc1
roadmap;dimacs;59/90;90;       489;    261832;0;415;1641972;163284;234;856;0.317643;514049;0;0;sBELA0;? Unchecked;v1.6.0-140-g9a10cc1
roadmap;dimacs;60/90;90;    318387;    328863;0;1374;5153205;399274;23;856;0.852622;468290;0;0;sBELA0;? Unchecked;v1.6.0-140-g9a10cc1
roadmap;dimacs;61/90;90;    274877;     23528;0;775;2981101;151815;61;856;0.342148;443711;0;0;sBELA0;? Unchecked;v1.6.0-140-g9a10cc1
roadmap;dimacs;62/90;90;    220394;    272522;0;698;1663287;220799;204;856;0.403023;547857;0;0;sBELA0;? Unchecked;v1.6.0-140-g9a10cc1
roadmap;dimacs;63/90;90;    228259;    177627;0;1113;4599414;415077;110;856;0.933019;444875;0;0;sBELA0;? Unchecked;v1.6.0-140-g9a10cc1
roadmap;dimacs;64/90;90;    319517;    205274;0;774;3597752;283964;90;856;0.554641;511978;0;0;sBELA0;? Unchecked;v1.6.0-140-g9a10cc1
roadmap;dimacs;65/90;90;    312838;    292039;0;244;1792797;31778;302;856;0.0883682;359609;0;0;sBELA0;? Unchecked;v1.6.0-140-g9a10cc1
roadmap;dimacs;66/90;90;    231105;    325711;0;1097;3901446;379742;19;856;0.718329;528646;0;0;sBELA0;? Unchecked;v1.6.0-140-g9a10cc1
roadmap;dimacs;67/90;90;     24598;    413512;0;440;1004748;154148;177;856;0.308859;499089;0;0;sBELA0;? Unchecked;v1.6.0-140-g9a10cc1
roadmap;dimacs;68/90;90;     23559;    272815;0;776;1349115;198457;45;856;0.361888;548394;0;0;sBELA0;? Unchecked;v1.6.0-140-g9a10cc1
roadmap;dimacs;69/90;90;     77506;    341012;0;439;2260024;76002;81;856;0.232607;326740;0;0;sBELA0;? Unchecked;v1.6.0-140-g9a10cc1
roadmap;dimacs;70/90;90;    292092;    386735;0;559;2945974;88214;475;856;0.280064;314978;0;0;sBELA0;? Unchecked;v1.6.0-140-g9a10cc1
roadmap;dimacs;71/90;90;    376744;    379588;0;597;3662352;263952;70;856;0.514853;512675;0;0;sBELA0;? Unchecked;v1.6.0-140-g9a10cc1
roadmap;dimacs;72/90;90;    379408;    158562;0;488;2613224;131000;874;856;0.360018;363871;0;0;sBELA0;? Unchecked;v1.6.0-140-g9a10cc1
roadmap;dimacs;73/90;90;    165998;    242916;0;859;3772287;392352;123;856;0.733232;535099;0;0;sBELA0;? Unchecked;v1.6.0-140-g9a10cc1
roadmap;dimacs;74/90;90;    273849;    233106;0;746;3818620;329199;160;856;0.617922;532752;0;0;sBELA0;? Unchecked;v1.6.0-140-g9a10cc1
roadmap;dimacs;75/90;90;    128253;     35195;0;635;2085246;152853;208;856;0.383725;398340;0;0;sBELA0;? Unchecked;v1.6.0-140-g9a10cc1
roadmap;dimacs;76/90;90;    183220;      8889;0;534;1483584;128214;149;856;0.266904;480375;0;0;sBELA0;? Unchecked;v1.6.0-140-g9a10cc1
roadmap;dimacs;77/90;90;    272704;    414613;0;285;1249311;48602;447;856;0.129853;374285;0;0;sBELA0;? Unchecked;v1.6.0-140-g9a10cc1
roadmap;dimacs;78/90;90;    370469;     78546;0;498;2391138;243220;108;856;0.492748;493599;0;0;sBELA0;? Unchecked;v1.6.0-140-g9a10cc1
roadmap;dimacs;79/90;90;     89775;    214561;0;757;2352599;206597;593;856;0.48657;424599;0;0;sBELA0;? Unchecked;v1.6.0-140-g9a10cc1
roadmap;dimacs;80/90;90;    189664;    402552;0;513;2165132;95857;56;856;0.260377;368148;0;0;sBELA0;? Unchecked;v1.6.0-140-g9a10cc1
roadmap;dimacs;81/90;90;    152121;    246814;0;1151;4830913;426907;44;856;0.89698;475938;0;0;sBELA0;? Unchecked;v1.6.0-140-g9a10cc1
roadmap;dimacs;82/90;90;    322470;    286921;0;1461;7189014;421936;128;856;0.913928;461673;0;0;sBELA0;? Unchecked;v1.6.0-140-g9a10cc1
roadmap;dimacs;83/90;90;    299997;    278967;0;1316;5172439;386074;46;856;0.856119;450959;0;0;sBELA0;? Unchecked;v1.6.0-140-g9a10cc1
roadmap;dimacs;84/90;90;    250235;    356746;0;1026;4990001;380505;92;856;0.850079;447611;0;0;sBELA0;? Unchecked;v1.6.0-140-g9a10cc1
roadmap;dimacs;85/90;90;    163254;    319164;0;955;3692153;363950;146;856;0.725268;501814;0;0;sBELA0;? Unchecked;v1.6.0-140-g9a10cc1
roadmap;dimacs;86/90;90;    140318;      8074;0;504;1352902;139112;323;856;0.280915;495210;0;0;sBELA0;? Unchecked;v1.6.0-140-g9a10cc1
roadmap;dimacs;87/90;90;    185965;    196301;0;828;3531228;349304;26;856;0.641587;544437;0;0;sBELA0;? Unchecked;v1.6.0-140-g9a10cc1
roadmap;dimacs;88/90;90;    359803;     81858;0;258;1280236;59356;80;856;0.126623;468763;0;0;sBELA0;? Unchecked;v1.6.0-140-g9a10cc1
roadmap;dimacs;89/90;90;    349089;    308312;0;681;3373070;366011;204;856;0.708269;516768;0;0;sBELA0;? Unchecked;v1.6.0-140-g9a10cc1
roadmap;dimacs;90/90;90;    347477;    427675;0;460;1014993;119475;94;856;0.255887;466905;0;0;sBELA0;? Unchecked;v1.6.0-140-g9a10cc1
roadmap;dimacs;91/90;90;    368929;    215278;0;689;1738010;157451;132;856;0.299922;524974;0;0;sBELA0;? Unchecked;v1.6.0-140-g9a10cc1
roadmap;dimacs;92/90;90;     92275;    285142;0;1508;5738377;411933;90;856;0.91779;448831;0;0;sBELA0;? Unchecked;v1.6.0-140-g9a10cc1
roadmap;dimacs;93/90;90;    118818;    384490;0;733;2891241;317087;202;856;0.614368;516119;0;0;sBELA0;? Unchecked;v1.6.0-140-g9a10cc1
roadmap;dimacs;94/90;90;    413378;    431648;0;455;2463406;243595;182;856;0.487974;499197;0;0;sBELA0;? Unchecked;v1.6.0-140-g9a10cc1
roadmap;dimacs;95/90;90;     22320;    400212;0;354;1095080;170014;128;856;0.30425;558797;0;0;sBELA0;? Unchecked;v1.6.0-140-g9a10cc1
roadmap;dimacs;96/90;90;    110951;    317115;0;1307;5277130;429813;40;856;0.911501;471544;0;0;sBELA0;? Unchecked;v1.6.0-140-g9a10cc1
roadmap;dimacs;97/90;90;    153175;    122456;0;262;814818;55610;165;856;0.104881;530220;0;0;sBELA0;? Unchecked;v1.6.0-140-g9a10cc1
roadmap;dimacs;98/90;90;     72512;    386851;0;1243;5208180;356138;59;856;0.845835;421049;0;0;sBELA0;? Unchecked;v1.6.0-140-g9a10cc1
roadmap;dimacs;99/90;90;    148594;    414859;0;327;1799157;216873;453;856;0.381246;568853;0;0;sBELA0;? Unchecked;v1.6.0-140-g9a10cc1
roadmap;dimacs;0/100;100;    294756;    116704;0;1114;4214033;306446;171;856;0.736075;416325;0;0;sBELA0;? Unchecked;v1.6.0-140-g9a10cc1
roadmap;dimacs;1/100;100;    325364;     11913;0;1261;4116145;307955;98;856;0.68089;452283;0;0;sBELA0;? Unchecked;v1.6.0-140-g9a10cc1
roadmap;dimacs;2/100;100;    285177;    334042;0;421;3637331;242828;90;856;0.502529;483212;0;0;sBELA0;? Unchecked;v1.6.0-140-g9a10cc1
roadmap;dimacs;3/100;100;    236480;     66871;0;754;3645175;292935;120;856;0.578299;506546;0;0;sBELA0;? Unchecked;v1.6.0-140-g9a10cc1
roadmap;dimacs;4/100;100;    249937;    358183;0;1209;5848452;417070;73;856;0.891631;467761;0;0;sBELA0;? Unchecked;v1.6.0-140-g9a10cc1
roadmap;dimacs;5/100;100;    278932;    202424;0;1206;5259289;416299;184;856;0.899164;462984;0;0;sBELA0;? Unchecked;v1.6.0-140-g9a10cc1
roadmap;dimacs;6/100;100;    430744;    255885;0;724;2988444;213600;106;856;0.462399;461939;0;0;sBELA0;? Unchecked;v1.6.0-140-g9a10cc1
roadmap;dimacs;7/100;100;    167653;    110820;0;449;1630778;125162;111;856;0.246346;508074;0;0;sBELA0;? Unchecked;v1.6.0-140-g9a10cc1
roadmap;dimacs;8/100;100;    389224;    209129;0;872;3482920;281004;24;856;0.53187;528332;0;0;sBELA0;? Unchecked;v1.6.0-140-g9a10cc1
roadmap;dimacs;9/100;100;    361295;    369960;0;202;827145;18772;107;856;0.0519734;361185;0;0;sBELA0;? Unchecked;v1.6.0-140-g9a10cc1
roadmap;dimacs;10/100;100;     63073;    122016;0;551;1057563;146455;64;856;0.276615;529455;0;0;sBELA0;? Unchecked;v1.6.0-140-g9a10cc1
roadmap;dimacs;11/100;100;    377280;     89101;0;1029;3954013;249442;111;856;0.515826;483577;0;0;sBELA0;? Unchecked;v1.6.0-140-g9a10cc1
roadmap;dimacs;12/100;100;    184086;      9250;0;409;1411539;102948;207;856;0.227686;452150;0;0;sBELA0;? Unchecked;v1.6.0-140-g9a10cc1
roadmap;dimacs;13/100;100;     11558;    157695;0;482;1399495;190843;420;856;0.369974;515827;0;0;sBELA0;? Unchecked;v1.6.0-140-g9a10cc1
roadmap;dimacs;14/100;100;    290606;    380934;0;902;3361848;128081;103;856;0.326201;392645;0;0;sBELA0;? Unchecked;v1.6.0-140-g9a10cc1
roadmap;dimacs;15/100;100;    312872;    335255;0;1102;5080562;215437;297;856;0.606386;355281;0;0;sBELA0;? Unchecked;v1.6.0-140-g9a10cc1
roadmap;dimacs;16/100;100;    172626;    340963;0;502;1825286;70080;103;856;0.167757;417747;0;0;sBELA0;? Unchecked;v1.6.0-140-g9a10cc1
roadmap;dimacs;17/100;100;     71257;    309332;0;809;3137911;361416;95;856;0.721227;501113;0;0;sBELA0;? Unchecked;v1.6.0-140-g9a10cc1
roadmap;dimacs;18/100;100;    197543;    272443;0;1212;3728398;358842;194;856;0.747768;479884;0;0;sBELA0;? Unchecked;v1.6.0-140-g9a10cc1
roadmap;dimacs;19/100;100;    115849;    293642;0;1221;4552520;408255;121;856;0.894086;456617;0;0;sBELA0;? Unchecked;v1.6.0-140-g9a10cc1
roadmap;dimacs;20/100;100;     96029;    288190;0;1382;5472039;411476;102;856;0.912454;450955;0;0;sBELA0;? Unchecked;v1.6.0-140-g9a10cc1
roadmap;dimacs;21/100;100;    123302;    388474;0;610;2889512;317143;184;856;0.604503;524635;0;0;sBELA0;? Unchecked;v1.6.0-140-g9a10cc1
roadmap;dimacs;22/100;100;    395621;    154547;0;1151;4759352;199629;56;856;0.551148;362206;0;0;sBELA0;? Unchecked;v1.6.0-140-g9a10cc1
roadmap;dimacs;23/100;100;    223763;    127629;0;550;1965840;249714;175;856;0.438009;570111;0;0;sBELA0;? Unchecked;v1.6.0-140-g9a10cc1
roadmap;dimacs;24/100;100;    327745;    375938;0;1192;5462292;405022;209;856;0.92215;439215;0;0;sBELA0;? Unchecked;v1.6.0-140-g9a10cc1
roadmap;dimacs;25/100;100;    175197;      5809;0;867;2920155;171001;189;856;0.391542;436737;0;0;sBELA0;? Unchecked;v1.6.0-140-g9a10cc1
roadmap;dimacs;26/100;100;    188424;    158412;0;799;2521949;259613;151;856;0.54088;479983;0;0;sBELA0;? Unchecked;v1.6.0-140-g9a10cc1
roadmap;dimacs;27/100;100;    268346;    359471;0;1013;3161840;296220;20;856;0.557284;531543;0;0;sBELA0;? Unchecked;v1.6.0-140-g9a10cc1
roadmap;dimacs;28/100;100;    174382;    236731;0;1140;4392104;392455;58;856;0.895679;438165;0;0;sBELA0;? Unchecked;v1.6.0-140-g9a10cc1
roadmap;dimacs;29/100;100;    204045;    159790;0;920;2894961;241273;164;856;0.527584;457317;0;0;sBELA0;? Unchecked;v1.6.0-140-g9a10cc1
roadmap;dimacs;30/100;100;    390757;    318002;0;346;1672717;37354;1012;856;0.12735;293317;0;0;sBELA0;? Unchecked;v1.6.0-140-g9a10cc1
roadmap;dimacs;31/100;100;     91059;     57980;0;829;3685889;214739;139;856;0.455733;471194;0;0;sBELA0;? Unchecked;v1.6.0-140-g9a10cc1
roadmap;dimacs;32/100;100;     72990;    320575;0;1201;5652039;372592;110;856;0.867718;429393;0;0;sBELA0;? Unchecked;v1.6.0-140-g9a10cc1
roadmap;dimacs;33/100;100;     65526;    339114;0;1134;4409652;402345;21;856;0.837904;480180;0;0;sBELA0;? Unchecked;v1.6.0-140-g9a10cc1
roadmap;dimacs;34/100;100;    349165;     12701;0;574;1338218;142504;49;856;0.268532;530677;0;0;sBELA0;? Unchecked;v1.6.0-140-g9a10cc1
roadmap;dimacs;35/100;100;    187769;    228911;0;353;1372093;61622;241;856;0.145599;423230;0;0;sBELA0;? Unchecked;v1.6.0-140-g9a10cc1
roadmap;dimacs;36/100;100;    190262;     14733;0;1119;3834257;296413;25;856;0.565462;524196;0;0;sBELA0;? Unchecked;v1.6.0-140-g9a10cc1
roadmap;dimacs;37/100;100;    143799;    328188;0;480;1975312;249326;102;856;0.425141;586455;0;0;sBELA0;? Unchecked;v1.6.0-140-g9a10cc1
roadmap;dimacs;38/100;100;     96331;    415538;0;1003;4067370;321519;96;856;0.617542;520643;0;0;sBELA0;? Unchecked;v1.6.0-140-g9a10cc1
roadmap;dimacs;39/100;100;     65115;    387688;0;888;3374025;324290;151;856;0.626275;517808;0;0;sBELA0;? Unchecked;v1.6.0-140-g9a10cc1
roadmap;dimacs;40/100;100;    332193;    387507;0;1007;3944486;334922;107;856;0.642432;521334;0;0;sBELA0;? Unchecked;v1.6.0-140-g9a10cc1
roadmap;dimacs;41/100;100;    127669;    162338;0;660;2783332;282162;213;856;0.562705;501439;0;0;sBELA0;? Unchecked;v1.6.0-140-g9a10cc1
roadmap;dimacs;42/100;100;    263041;    142943;0;922;2504840;246451;53;856;0.480787;512600;0;0;sBELA0;? Unchecked;v1.6.0-140-g9a10cc1
roadmap;dimacs;43/100;100;    390723;      1064;0;937;3692712;339989;91;856;0.646467;525919;0;0;sBELA0;? Unchecked;v1.6.0-140-g9a10cc1
roadmap;dimacs;44/100;100;    304490;    279242;0;1366;5596784;415903;57;856;0.886318;469248;0;0;sBELA0;? Unchecked;v1.6.0-140-g9a10cc1
roadmap;dimacs;45/100;100;     26846;    394583;0;1156;4840373;419733;49;856;0.902021;465325;0;0;sBELA0;? Unchecked;v1.6.0-140-g9a10cc1
roadmap;dimacs;46/100;100;    233353;    185925;0;811;3815645;329949;241;856;0.658506;501057;0;0;sBELA0;? Unchecked;v1.6.0-140-g9a10cc1
roadmap;dimacs;47/100;100;    323833;    176822;0;617;2620220;72236;98;856;0.228398;316272;0;0;sBELA0;? Unchecked;v1.6.0-140-g9a10cc1
roadmap;dimacs;48/100;100;    346446;     63237;0;539;1770445;195884;58;856;0.350047;559593;0;0;sBELA0;? Unchecked;v1.6.0-140-g9a10cc1
roadmap;dimacs;49/100;100;    113928;    360799;0;538;1735203;213911;88;856;0.386493;553467;0;0;sBELA0;? Unchecked;v1.6.0-140-g9a10cc1
roadmap;dimacs;50/100;100;    199421;    266182;0;1129;3654774;311420;89;856;0.599743;519255;0;0;sBELA0;? Unchecked;v1.6.0-140-g9a10cc1
roadmap;dimacs;51/100;100;    293869;     25608;0;1118;4306122;230468;78;856;0.595155;387240;0;0;sBELA0;? Unchecked;v1.6.0-140-g9a10cc1
roadmap;dimacs;52/100;100;    174170;    272593;0;788;3426831;274710;677;856;0.584794;469755;0;0;sBELA0;? Unchecked;v1.6.0-140-g9a10cc1
roadmap;dimacs;53/100;100;    221325;    434952;0;881;4090640;398558;55;856;0.822835;484372;0;0;sBELA0;? Unchecked;v1.6.0-140-g9a10cc1
roadmap;dimacs;54/100;100;    117635;    105076;0;226;583713;61943;88;856;0.114452;541216;0;0;sBELA0;? Unchecked;v1.6.0-140-g9a10cc1
roadmap;dimacs;55/100;100;    193103;    276461;0;860;3632914;349913;48;856;0.647559;540357;0;0;sBELA0;? Unchecked;v1.6.0-140-g9a10cc1
roadmap;dimacs;56/100;100;      4570;     94284;0;1060;3585665;357323;102;856;0.716212;498907;0;0;sBELA0;? Unchecked;v1.6.0-140-g9a10cc1
roadmap;dimacs;57/100;100;    131126;     21354;0;546;1578501;123316;178;856;0.25423;485056;0;0;sBELA0;? Unchecked;v1.6.0-140-g9a10cc1
roadmap;dimacs;58/100;100;    235750;    208824;0;543;2587137;197565;437;856;0.461838;427780;0;0;sBELA0;? Unchecked;v1.6.0-140-g9a10cc1
roadmap;dimacs;59/100;100;       489;    261832;0;413;1641994;163290;265;856;0.316199;516415;0;0;sBELA0;? Unchecked;v1.6.0-140-g9a10cc1
roadmap;dimacs;60/100;100;    318387;    328863;0;1374;5153206;399274;25;856;0.84892;470332;0;0;sBELA0;? Unchecked;v1.6.0-140-g9a10cc1
roadmap;dimacs;61/100;100;    274877;     23528;0;771;2981106;151816;69;856;0.342772;442907;0;0;sBELA0;? Unchecked;v1.6.0-140-g9a10cc1
roadmap;dimacs;62/100;100;    220394;    272522;0;698;1663322;220802;268;856;0.401512;549927;0;0;sBELA0;? Unchecked;v1.6.0-140-g9a10cc1
roadmap;dimacs;63/100;100;    228259;    177627;0;1113;4599420;415077;120;856;0.908878;456692;0;0;sBELA0;? Unchecked;v1.6.0-140-g9a10cc1
roadmap;dimacs;64/100;100;    319517;    205274;0;774;3597757;283964;101;856;0.555138;511519;0;0;sBELA0;? Unchecked;v1.6.0-140-g9a10cc1
roadmap;dimacs;65/100;100;    312838;    292039;0;247;1792829;31779;326;856;0.0883459;359711;0;0;sBELA0;? Unchecked;v1.6.0-140-g9a10cc1
roadmap;dimacs;66/100;100;    231105;    325711;0;1100;3901451;379742;22;856;0.750416;506042;0;0;sBELA0;? Unchecked;v1.6.0-140-g9a10cc1
roadmap;dimacs;67/100;100;     24598;    413512;0;441;1004764;154149;203;856;0.300762;512529;0;0;sBELA0;? Unchecked;v1.6.0-140-g9a10cc1
roadmap;dimacs;68/100;100;     23559;    272815;0;779;1349116;198457;49;856;0.360061;551177;0;0;sBELA0;? Unchecked;v1.6.0-140-g9a10cc1
roadmap;dimacs;69/100;100;     77506;    341012;0;440;2260032;76002;90;856;0.240943;315435;0;0;sBELA0;? Unchecked;v1.6.0-140-g9a10cc1
roadmap;dimacs;70/100;100;    292092;    386735;0;553;2945999;88214;541;856;0.284255;310334;0;0;sBELA0;? Unchecked;v1.6.0-140-g9a10cc1
roadmap;dimacs;71/100;100;    376744;    379588;0;599;3662354;263953;77;856;0.521474;506168;0;0;sBELA0;? Unchecked;v1.6.0-140-g9a10cc1
roadmap;dimacs;72/100;100;    379408;    158562;0;477;2613287;131019;977;856;0.369859;354241;0;0;sBELA0;? Unchecked;v1.6.0-140-g9a10cc1
roadmap;dimacs;73/100;100;    165998;    242916;0;872;3772310;392355;151;856;0.747371;524980;0;0;sBELA0;? Unchecked;v1.6.0-140-g9a10cc1
roadmap;dimacs;74/100;100;    273849;    233106;0;742;3818630;329200;178;856;0.619018;531810;0;0;sBELA0;? Unchecked;v1.6.0-140-g9a10cc1
roadmap;dimacs;75/100;100;    128253;     35195;0;629;2085250;152854;226;856;0.386311;395676;0;0;sBELA0;? Unchecked;v1.6.0-140-g9a10cc1
roadmap;dimacs;76/100;100;    183220;      8889;0;537;1483588;128214;161;856;0.271305;472583;0;0;sBELA0;? Unchecked;v1.6.0-140-g9a10cc1
roadmap;dimacs;77/100;100;    272704;    414613;0;286;1249362;48610;507;856;0.13156;369488;0;0;sBELA0;? Unchecked;v1.6.0-140-g9a10cc1
roadmap;dimacs;78/100;100;    370469;     78546;0;497;2391150;243221;123;856;0.488448;497947;0;0;sBELA0;? Unchecked;v1.6.0-140-g9a10cc1
roadmap;dimacs;79/100;100;     89775;    214561;0;756;2352614;206602;665;856;0.491095;420696;0;0;sBELA0;? Unchecked;v1.6.0-140-g9a10cc1
roadmap;dimacs;80/100;100;    189664;    402552;0;508;2165134;95858;64;856;0.260248;368333;0;0;sBELA0;? Unchecked;v1.6.0-140-g9a10cc1
roadmap;dimacs;81/100;100;    152121;    246814;0;1154;4830914;426907;46;856;0.902792;472874;0;0;sBELA0;? Unchecked;v1.6.0-140-g9a10cc1
roadmap;dimacs;82/100;100;    322470;    286921;0;1463;7189020;421936;148;856;0.926995;455165;0;0;sBELA0;? Unchecked;v1.6.0-140-g9a10cc1
roadmap;dimacs;83/100;100;    299997;    278967;0;1318;5172440;386074;51;856;0.850951;453697;0;0;sBELA0;? Unchecked;v1.6.0-140-g9a10cc1
roadmap;dimacs;84/100;100;    250235;    356746;0;1029;4990004;380505;102;856;0.854424;445335;0;0;sBELA0;? Unchecked;v1.6.0-140-g9a10cc1
roadmap;dimacs;85/100;100;    163254;    319164;0;956;3692161;363950;165;856;0.738985;492500;0;0;sBELA0;? Unchecked;v1.6.0-140-g9a10cc1
roadmap;dimacs;86/100;100;    140318;      8074;0;505;1352917;139118;369;856;0.284343;489262;0;0;sBELA0;? Unchecked;v1.6.0-140-g9a10cc1
roadmap;dimacs;87/100;100;    185965;    196301;0;823;3531229;349304;29;856;0.632516;552245;0;0;sBELA0;? Unchecked;v1.6.0-140-g9a10cc1
roadmap;dimacs;88/100;100;    359803;     81858;0;244;1280255;59362;87;856;0.136664;434364;0;0;sBELA0;? Unchecked;v1.6.0-140-g9a10cc1
roadmap;dimacs;89/100;100;    349089;    308312;0;682;3373084;366013;231;856;0.718566;509366;0;0;sBELA0;? Unchecked;v1.6.0-140-g9a10cc1
roadmap;dimacs;90/100;100;    347477;    427675;0;449;1014997;119476;101;856;0.248476;480835;0;0;sBELA0;? Unchecked;v1.6.0-140-g9a10cc1
roadmap;dimacs;91/100;100;    368929;    215278;0;690;1738013;157452;139;856;0.301563;522120;0;0;sBELA0;? Unchecked;v1.6.0-140-g9a10cc1
roadmap;dimacs;92/100;100;     92275;    285142;0;1509;5738379;411933;98;856;0.911837;451762;0;0;sBELA0;? Unchecked;v1.6.0-140-g9a10cc1
roadmap;dimacs;93/100;100;    118818;    384490;0;741;2891253;317089;224;856;0.638352;496731;0;0;sBELA0;? Unchecked;v1.6.0-140-g9a10cc1
roadmap;dimacs;94/100;100;    413378;    431648;0;454;2463425;243596;197;856;0.487847;499329;0;0;sBELA0;? Unchecked;v1.6.0-140-g9a10cc1
roadmap;dimacs;95/100;100;     22320;    400212;0;358;1095087;170018;148;856;0.303473;560241;0;0;sBELA0;? Unchecked;v1.6.0-140-g9a10cc1
roadmap;dimacs;96/100;100;    110951;    317115;0;1304;5277131;429813;44;856;0.907766;473484;0;0;sBELA0;? Unchecked;v1.6.0-140-g9a10cc1
roadmap;dimacs;97/100;100;    153175;    122456;0;264;814836;55610;182;856;0.10492;530024;0;0;sBELA0;? Unchecked;v1.6.0-140-g9a10cc1
roadmap;dimacs;98/100;100;     72512;    386851;0;1243;5208182;356138;62;856;0.851828;418087;0;0;sBELA0;? Unchecked;v1.6.0-140-g9a10cc1
roadmap;dimacs;99/100;100;    148594;    414859;0;324;1799171;216884;479;856;0.3811;569099;0;0;sBELA0;? Unchecked;v1.6.0-140-g9a10cc1
roadmap;dimacs;0/200;200;    294756;    116704;0;1116;4214068;306452;339;856;0.789638;388092;0;0;sBELA0;? Unchecked;v1.6.0-140-g9a10cc1
roadmap;dimacs;1/200;200;    325364;     11913;0;1264;4116166;307964;199;856;0.737286;417699;0;0;sBELA0;? Unchecked;v1.6.0-140-g9a10cc1
roadmap;dimacs;2/200;200;    285177;    334042;0;420;3637380;242831;181;856;0.496869;488722;0;0;sBELA0;? Unchecked;v1.6.0-140-g9a10cc1
roadmap;dimacs;3/200;200;    236480;     66871;0;755;3645202;292939;235;856;0.614686;476567;0;0;sBELA0;? Unchecked;v1.6.0-140-g9a10cc1
roadmap;dimacs;4/200;200;    249937;    358183;0;1206;5848499;417071;145;856;0.918051;454301;0;0;sBELA0;? Unchecked;v1.6.0-140-g9a10cc1
roadmap;dimacs;5/200;200;    278932;    202424;0;1205;5259315;416300;334;856;0.950726;437876;0;0;sBELA0;? Unchecked;v1.6.0-140-g9a10cc1
roadmap;dimacs;6/200;200;    430744;    255885;0;724;2988535;213620;250;856;0.501497;425964;0;0;sBELA0;? Unchecked;v1.6.0-140-g9a10cc1
roadmap;dimacs;7/200;200;    167653;    110820;0;454;1630806;125176;215;856;0.271095;461742;0;0;sBELA0;? Unchecked;v1.6.0-140-g9a10cc1
roadmap;dimacs;8/200;200;    389224;    209129;0;872;3482936;281005;48;856;0.544561;516021;0;0;sBELA0;? Unchecked;v1.6.0-140-g9a10cc1
roadmap;dimacs;9/200;200;    361295;    369960;0;200;827207;18776;225;856;0.0634732;295810;0;0;sBELA0;? Unchecked;v1.6.0-140-g9a10cc1
roadmap;dimacs;10/200;200;     63073;    122016;0;552;1057625;146459;138;856;0.30098;486607;0;0;sBELA0;? Unchecked;v1.6.0-140-g9a10cc1
roadmap;dimacs;11/200;200;    377280;     89101;0;1018;3954037;249446;219;856;0.575648;433330;0;0;sBELA0;? Unchecked;v1.6.0-140-g9a10cc1
roadmap;dimacs;12/200;200;    184086;      9250;0;414;1411616;102971;452;856;0.250214;411532;0;0;sBELA0;? Unchecked;v1.6.0-140-g9a10cc1
roadmap;dimacs;13/200;200;     11558;    157695;0;476;1399646;190852;1062;856;0.437757;435977;0;0;sBELA0;? Unchecked;v1.6.0-140-g9a10cc1
roadmap;dimacs;14/200;200;    290606;    380934;0;899;3361886;128083;210;856;0.372079;344236;0;0;sBELA0;? Unchecked;v1.6.0-140-g9a10cc1
roadmap;dimacs;15/200;200;    312872;    335255;0;1141;5080615;215444;666;856;0.709321;303733;0;0;sBELA0;? Unchecked;v1.6.0-140-g9a10cc1
roadmap;dimacs;16/200;200;    172626;    340963;0;503;1825313;70080;197;856;0.196733;356219;0;0;sBELA0;? Unchecked;v1.6.0-140-g9a10cc1
roadmap;dimacs;17/200;200;     71257;    309332;0;808;3137935;361420;185;856;0.743244;486274;0;0;sBELA0;? Unchecked;v1.6.0-140-g9a10cc1
roadmap;dimacs;18/200;200;    197543;    272443;0;1208;3728463;358849;496;856;0.865254;414732;0;0;sBELA0;? Unchecked;v1.6.0-140-g9a10cc1
roadmap;dimacs;19/200;200;    115849;    293642;0;1223;4552545;408257;214;856;0.998847;408728;0;0;sBELA0;? Unchecked;v1.6.0-140-g9a10cc1
roadmap;dimacs;20/200;200;     96029;    288190;0;1386;5472057;411477;191;856;0.970761;423871;0;0;sBELA0;? Unchecked;v1.6.0-140-g9a10cc1
roadmap;dimacs;21/200;200;    123302;    388474;0;612;2889563;317149;371;856;0.669067;474016;0;0;sBELA0;? Unchecked;v1.6.0-140-g9a10cc1
roadmap;dimacs;22/200;200;    395621;    154547;0;1149;4759367;199633;107;856;0.592285;337055;0;0;sBELA0;? Unchecked;v1.6.0-140-g9a10cc1
roadmap;dimacs;23/200;200;    223763;    127629;0;556;1965899;249716;381;856;0.474917;525810;0;0;sBELA0;? Unchecked;v1.6.0-140-g9a10cc1
roadmap;dimacs;24/200;200;    327745;    375938;0;1199;5462352;405024;433;856;1.00585;402669;0;0;sBELA0;? Unchecked;v1.6.0-140-g9a10cc1
roadmap;dimacs;25/200;200;    175197;      5809;0;869;2920211;171027;461;856;0.445583;383827;0;0;sBELA0;? Unchecked;v1.6.0-140-g9a10cc1
roadmap;dimacs;26/200;200;    188424;    158412;0;797;2521972;259614;264;856;0.621821;417506;0;0;sBELA0;? Unchecked;v1.6.0-140-g9a10cc1
roadmap;dimacs;27/200;200;    268346;    359471;0;1016;3161857;296220;42;856;0.581537;509374;0;0;sBELA0;? Unchecked;v1.6.0-140-g9a10cc1
roadmap;dimacs;28/200;200;    174382;    236731;0;1137;4392151;392456;143;856;0.940432;417315;0;0;sBELA0;? Unchecked;v1.6.0-140-g9a10cc1
roadmap;dimacs;29/200;200;    204045;    159790;0;912;2895012;241276;316;856;0.614155;392859;0;0;sBELA0;? Unchecked;v1.6.0-140-g9a10cc1
roadmap;dimacs;30/200;200;    390757;    318002;0;347;1673054;37373;2248;856;0.199937;186923;0;0;sBELA0;? Unchecked;v1.6.0-140-g9a10cc1
roadmap;dimacs;31/200;200;     91059;     57980;0;829;3685949;214757;268;856;0.49488;433958;0;0;sBELA0;? Unchecked;v1.6.0-140-g9a10cc1
roadmap;dimacs;32/200;200;     72990;    320575;0;1203;5652063;372592;206;856;0.927148;401869;0;0;sBELA0;? Unchecked;v1.6.0-140-g9a10cc1
roadmap;dimacs;33/200;200;     65526;    339114;0;1131;4409661;402345;40;856;0.878951;457756;0;0;sBELA0;? Unchecked;v1.6.0-140-g9a10cc1
roadmap;dimacs;34/200;200;    349165;     12701;0;574;1338232;142509;91;856;0.28774;495271;0;0;sBELA0;? Unchecked;v1.6.0-140-g9a10cc1
roadmap;dimacs;35/200;200;    187769;    228911;0;352;1372200;61638;524;856;0.183747;335451;0;0;sBELA0;? Unchecked;v1.6.0-140-g9a10cc1
roadmap;dimacs;36/200;200;    190262;     14733;0;1119;3834266;296414;49;856;0.593807;499176;0;0;sBELA0;? Unchecked;v1.6.0-140-g9a10cc1
roadmap;dimacs;37/200;200;    143799;    328188;0;480;1975337;249329;177;856;0.446883;557929;0;0;sBELA0;? Unchecked;v1.6.0-140-g9a10cc1
roadmap;dimacs;38/200;200;     96331;    415538;0;1007;4067397;321526;180;856;0.663276;484755;0;0;sBELA0;? Unchecked;v1.6.0-140-g9a10cc1
roadmap;dimacs;39/200;200;     65115;    387688;0;887;3374078;324294;308;856;0.695625;466191;0;0;sBELA0;? Unchecked;v1.6.0-140-g9a10cc1
roadmap;dimacs;40/200;200;    332193;    387507;0;1007;3944513;334925;201;856;0.687823;486935;0;0;sBELA0;? Unchecked;v1.6.0-140-g9a10cc1
roadmap;dimacs;41/200;200;    127669;    162338;0;665;2783400;282176;510;856;0.663714;425147;0;0;sBELA0;? Unchecked;v1.6.0-140-g9a10cc1
roadmap;dimacs;42/200;200;    263041;    142943;0;925;2504864;246452;108;856;0.507846;485289;0;0;sBELA0;? Unchecked;v1.6.0-140-g9a10cc1
roadmap;dimacs;43/200;200;    390723;      1064;0;940;3692736;339990;161;856;0.691749;491494;0;0;sBELA0;? Unchecked;v1.6.0-140-g9a10cc1
roadmap;dimacs;44/200;200;    304490;    279242;0;1366;5596804;415904;104;856;0.936758;443982;0;0;sBELA0;? Unchecked;v1.6.0-140-g9a10cc1
roadmap;dimacs;45/200;200;     26846;    394583;0;1157;4840390;419734;98;856;0.933752;449513;0;0;sBELA0;? Unchecked;v1.6.0-140-g9a10cc1
roadmap;dimacs;46/200;200;    233353;    185925;0;810;3815693;329950;483;856;0.713412;462496;0;0;sBELA0;? Unchecked;v1.6.0-140-g9a10cc1
roadmap;dimacs;47/200;200;    323833;    176822;0;613;2620250;72239;179;856;0.255156;283117;0;0;sBELA0;? Unchecked;v1.6.0-140-g9a10cc1
roadmap;dimacs;48/200;200;    346446;     63237;0;539;1770489;195891;129;856;0.367215;533450;0;0;sBELA0;? Unchecked;v1.6.0-140-g9a10cc1
roadmap;dimacs;49/200;200;    113928;    360799;0;536;1735230;213913;160;856;0.412949;518013;0;0;sBELA0;? Unchecked;v1.6.0-140-g9a10cc1
roadmap;dimacs;50/200;200;    199421;    266182;0;1129;3654795;311422;149;856;0.641947;485121;0;0;sBELA0;? Unchecked;v1.6.0-140-g9a10cc1
roadmap;dimacs;51/200;200;    293869;     25608;0;1118;4306144;230471;150;856;0.619858;371812;0;0;sBELA0;? Unchecked;v1.6.0-140-g9a10cc1
roadmap;dimacs;52/200;200;    174170;    272593;0;789;3426910;274728;1256;856;0.664119;413673;0;0;sBELA0;? Unchecked;v1.6.0-140-g9a10cc1
roadmap;dimacs;53/200;200;    221325;    434952;0;882;4090682;398560;113;856;0.839187;474936;0;0;sBELA0;? Unchecked;v1.6.0-140-g9a10cc1
roadmap;dimacs;54/200;200;    117635;    105076;0;225;583791;61970;192;856;0.127792;484928;0;0;sBELA0;? Unchecked;v1.6.0-140-g9a10cc1
roadmap;dimacs;55/200;200;    193103;    276461;0;861;3632928;349917;84;856;0.673348;519667;0;0;sBELA0;? Unchecked;v1.6.0-140-g9a10cc1
roadmap;dimacs;56/200;200;      4570;     94284;0;1062;3585684;357324;200;856;0.761657;469140;0;0;sBELA0;? Unchecked;v1.6.0-140-g9a10cc1
roadmap;dimacs;57/200;200;    131126;     21354;0;545;1578531;123324;318;856;0.283101;435618;0;0;sBELA0;? Unchecked;v1.6.0-140-g9a10cc1
roadmap;dimacs;58/200;200;    235750;    208824;0;544;2587326;197601;856;856;0.51026;387256;0;0;sBELA0;? Unchecked;v1.6.0-140-g9a10cc1
roadmap;dimacs;59/200;200;       489;    261832;0;408;1642091;163310;527;856;0.350073;466503;0;0;sBELA0;? Unchecked;v1.6.0-140-g9a10cc1
roadmap;dimacs;60/200;200;    318387;    328863;0;1371;5153220;399274;49;856;0.879067;454202;0;0;sBELA0;? Unchecked;v1.6.0-140-g9a10cc1
roadmap;dimacs;61/200;200;    274877;     23528;0;775;2981140;151823;134;856;0.368188;412352;0;0;sBELA0;? Unchecked;v1.6.0-140-g9a10cc1
roadmap;dimacs;62/200;200;    220394;    272522;0;701;1663423;220810;500;856;0.451456;489106;0;0;sBELA0;? Unchecked;v1.6.0-140-g9a10cc1
roadmap;dimacs;63/200;200;    228259;    177627;0;1120;4599448;415078;216;856;0.971173;427398;0;0;sBELA0;? Unchecked;v1.6.0-140-g9a10cc1
roadmap;dimacs;64/200;200;    319517;    205274;0;774;3597785;283972;195;856;0.591707;479920;0;0;sBELA0;? Unchecked;v1.6.0-140-g9a10cc1
roadmap;dimacs;65/200;200;    312838;    292039;0;246;1793229;31797;676;856;0.12638;251598;0;0;sBELA0;? Unchecked;v1.6.0-140-g9a10cc1
roadmap;dimacs;66/200;200;    231105;    325711;0;1098;3901462;379744;43;856;0.739675;513393;0;0;sBELA0;? Unchecked;v1.6.0-140-g9a10cc1
roadmap;dimacs;67/200;200;     24598;    413512;0;440;1004877;154172;426;856;0.330485;466502;0;0;sBELA0;? Unchecked;v1.6.0-140-g9a10cc1
roadmap;dimacs;68/200;200;     23559;    272815;0;776;1349130;198457;67;856;0.383894;516958;0;0;sBELA0;? Unchecked;v1.6.0-140-g9a10cc1
roadmap;dimacs;69/200;200;     77506;    341012;0;439;2260075;76004;167;856;0.258389;294145;0;0;sBELA0;? Unchecked;v1.6.0-140-g9a10cc1
roadmap;dimacs;70/200;200;    292092;    386735;0;557;2946172;88221;1283;856;0.361965;243728;0;0;sBELA0;? Unchecked;v1.6.0-140-g9a10cc1
roadmap;dimacs;71/200;200;    376744;    379588;0;600;3662369;263958;141;856;0.545494;483888;0;0;sBELA0;? Unchecked;v1.6.0-140-g9a10cc1
roadmap;dimacs;72/200;200;    379408;    158562;0;484;2613583;131069;1781;856;0.444011;295193;0;0;sBELA0;? Unchecked;v1.6.0-140-g9a10cc1
roadmap;dimacs;73/200;200;    165998;    242916;0;858;3772386;392360;286;856;0.777421;504694;0;0;sBELA0;? Unchecked;v1.6.0-140-g9a10cc1
roadmap;dimacs;74/200;200;    273849;    233106;0;717;3818703;329203;386;856;0.66503;495020;0;0;sBELA0;? Unchecked;v1.6.0-140-g9a10cc1
roadmap;dimacs;75/200;200;    128253;     35195;0;634;2085303;152866;452;856;0.443416;344747;0;0;sBELA0;? Unchecked;v1.6.0-140-g9a10cc1
roadmap;dimacs;76/200;200;    183220;      8889;0;543;1483618;128222;307;856;0.311507;411619;0;0;sBELA0;? Unchecked;v1.6.0-140-g9a10cc1
roadmap;dimacs;77/200;200;    272704;    414613;0;283;1249608;48633;924;856;0.168367;288851;0;0;sBELA0;? Unchecked;v1.6.0-140-g9a10cc1
roadmap;dimacs;78/200;200;    370469;     78546;0;499;2391188;243228;229;856;0.502951;483602;0;0;sBELA0;? Unchecked;v1.6.0-140-g9a10cc1
roadmap;dimacs;79/200;200;     89775;    214561;0;756;2352672;206613;1057;856;0.560356;368717;0;0;sBELA0;? Unchecked;v1.6.0-140-g9a10cc1
roadmap;dimacs;80/200;200;    189664;    402552;0;508;2165160;95859;134;856;0.28727;333689;0;0;sBELA0;? Unchecked;v1.6.0-140-g9a10cc1
roadmap;dimacs;81/200;200;    152121;    246814;0;1152;4830927;426908;91;856;0.972851;438821;0;0;sBELA0;? Unchecked;v1.6.0-140-g9a10cc1
roadmap;dimacs;82/200;200;    322470;    286921;0;1461;7189043;421936;274;856;0.985678;428067;0;0;sBELA0;? Unchecked;v1.6.0-140-g9a10cc1
roadmap;dimacs;83/200;200;    299997;    278967;0;1319;5172455;386075;99;856;0.895594;431082;0;0;sBELA0;? Unchecked;v1.6.0-140-g9a10cc1
roadmap;dimacs;84/200;200;    250235;    356746;0;1006;4990035;380506;201;856;0.903064;421350;0;0;sBELA0;? Unchecked;v1.6.0-140-g9a10cc1
roadmap;dimacs;85/200;200;    163254;    319164;0;953;3692207;363955;326;856;0.81089;448834;0;0;sBELA0;? Unchecked;v1.6.0-140-g9a10cc1
roadmap;dimacs;86/200;200;    140318;      8074;0;505;1352998;139144;695;856;0.325123;427973;0;0;sBELA0;? Unchecked;v1.6.0-140-g9a10cc1
roadmap;dimacs;87/200;200;    185965;    196301;0;826;3531237;349305;50;856;0.647065;539830;0;0;sBELA0;? Unchecked;v1.6.0-140-g9a10cc1
roadmap;dimacs;88/200;200;    359803;     81858;0;251;1280427;59378;189;856;0.149339;397606;0;0;sBELA0;? Unchecked;v1.6.0-140-g9a10cc1
roadmap;dimacs;89/200;200;    349089;    308312;0;681;3373163;366017;425;856;0.752571;486356;0;0;sBELA0;? Unchecked;v1.6.0-140-g9a10cc1
roadmap;dimacs;90/200;200;    347477;    427675;0;447;1015028;119480;197;856;0.276168;432635;0;0;sBELA0;? Unchecked;v1.6.0-140-g9a10cc1
roadmap;dimacs;91/200;200;    368929;    215278;0;687;1738064;157459;231;856;0.330663;476192;0;0;sBELA0;? Unchecked;v1.6.0-140-g9a10cc1
roadmap;dimacs;92/200;200;     92275;    285142;0;1509;5738399;411936;178;856;1.00229;410996;0;0;sBELA0;? Unchecked;v1.6.0-140-g9a10cc1
roadmap;dimacs;93/200;200;    118818;    384490;0;731;2891321;317095;454;856;0.650519;487449;0;0;sBELA0;? Unchecked;v1.6.0-140-g9a10cc1
roadmap;dimacs;94/200;200;    413378;    431648;0;447;2463794;243619;532;856;0.535391;455030;0;0;sBELA0;? Unchecked;v1.6.0-140-g9a10cc1
roadmap;dimacs;95/200;200;     22320;    400212;0;351;1095154;170034;317;856;0.325526;522335;0;0;sBELA0;? Unchecked;v1.6.0-140-g9a10cc1
roadmap;dimacs;96/200;200;    110951;    317115;0;1305;5277148;429814;84;856;0.948312;453241;0;0;sBELA0;? Unchecked;v1.6.0-140-g9a10cc1
roadmap;dimacs;97/200;200;    153175;    122456;0;262;814959;55619;342;856;0.121881;456338;0;0;sBELA0;? Unchecked;v1.6.0-140-g9a10cc1
roadmap;dimacs;98/200;200;     72512;    386851;0;1247;5208209;356138;96;856;0.876166;406473;0;0;sBELA0;? Unchecked;v1.6.0-140-g9a10cc1
roadmap;dimacs;99/200;200;    148594;    414859;0;324;1799344;216911;883;856;0.408195;531391;0;0;sBELA0;? Unchecked;v1.6.0-140-g9a10cc1
roadmap;dimacs;0/300;300;    294756;    116704;0;1113;4214093;306458;511;856;0.844657;362820;0;0;sBELA0;? Unchecked;v1.6.0-140-g9a10cc1
roadmap;dimacs;1/300;300;    325364;     11913;0;1262;4116181;307969;297;856;0.786596;391521;0;0;sBELA0;? Unchecked;v1.6.0-140-g9a10cc1
roadmap;dimacs;2/300;300;    285177;    334042;0;422;3637425;242837;285;856;0.518813;468063;0;0;sBELA0;? Unchecked;v1.6.0-140-g9a10cc1
roadmap;dimacs;3/300;300;    236480;     66871;0;755;3645218;292939;351;856;0.687758;425933;0;0;sBELA0;? Unchecked;v1.6.0-140-g9a10cc1
roadmap;dimacs;4/300;300;    249937;    358183;0;1182;5848531;417071;235;856;0.95638;436093;0;0;sBELA0;? Unchecked;v1.6.0-140-g9a10cc1
roadmap;dimacs;5/300;300;    278932;    202424;0;1208;5259332;416301;447;856;0.992944;419259;0;0;sBELA0;? Unchecked;v1.6.0-140-g9a10cc1
roadmap;dimacs;6/300;300;    430744;    255885;0;711;2988578;213630;384;856;0.55043;388115;0;0;sBELA0;? Unchecked;v1.6.0-140-g9a10cc1
roadmap;dimacs;7/300;300;    167653;    110820;0;452;1630828;125184;309;856;0.293761;426143;0;0;sBELA0;? Unchecked;v1.6.0-140-g9a10cc1
roadmap;dimacs;8/300;300;    389224;    209129;0;874;3482945;281007;63;856;0.556271;505162;0;0;sBELA0;? Unchecked;v1.6.0-140-g9a10cc1
roadmap;dimacs;9/300;300;    361295;    369960;0;202;827230;18776;302;856;0.0714921;262631;0;0;sBELA0;? Unchecked;v1.6.0-140-g9a10cc1
roadmap;dimacs;10/300;300;     63073;    122016;0;553;1057658;146460;216;856;0.321641;455352;0;0;sBELA0;? Unchecked;v1.6.0-140-g9a10cc1
roadmap;dimacs;11/300;300;    377280;     89101;0;1028;3954049;249447;286;856;0.62577;398624;0;0;sBELA0;? Unchecked;v1.6.0-140-g9a10cc1
roadmap;dimacs;12/300;300;    184086;      9250;0;408;1411663;102983;680;856;0.275053;374411;0;0;sBELA0;? Unchecked;v1.6.0-140-g9a10cc1
roadmap;dimacs;13/300;300;     11558;    157695;0;474;1399730;190859;1681;856;0.499409;382169;0;0;sBELA0;? Unchecked;v1.6.0-140-g9a10cc1
roadmap;dimacs;14/300;300;    290606;    380934;0;902;3361910;128084;313;856;0.413883;309469;0;0;sBELA0;? Unchecked;v1.6.0-140-g9a10cc1
roadmap;dimacs;15/300;300;    312872;    335255;0;1133;5080647;215448;988;856;0.816416;263895;0;0;sBELA0;? Unchecked;v1.6.0-140-g9a10cc1
roadmap;dimacs;16/300;300;    172626;    340963;0;503;1825335;70080;281;856;0.22177;316004;0;0;sBELA0;? Unchecked;v1.6.0-140-g9a10cc1
roadmap;dimacs;17/300;300;     71257;    309332;0;808;3137956;361420;274;856;0.815854;442996;0;0;sBELA0;? Unchecked;v1.6.0-140-g9a10cc1
roadmap;dimacs;18/300;300;    197543;    272443;0;1212;3728500;358851;741;856;0.940361;381610;0;0;sBELA0;? Unchecked;v1.6.0-140-g9a10cc1
roadmap;dimacs;19/300;300;    115849;    293642;0;1221;4552562;408257;296;856;1.02382;398759;0;0;sBELA0;? Unchecked;v1.6.0-140-g9a10cc1
roadmap;dimacs;20/300;300;     96029;    288190;0;1379;5472074;411479;292;856;1.0341;397910;0;0;sBELA0;? Unchecked;v1.6.0-140-g9a10cc1
roadmap;dimacs;21/300;300;    123302;    388474;0;612;2889610;317152;588;856;0.735351;431293;0;0;sBELA0;? Unchecked;v1.6.0-140-g9a10cc1
roadmap;dimacs;22/300;300;    395621;    154547;0;1151;4759377;199635;150;856;0.631027;316365;0;0;sBELA0;? Unchecked;v1.6.0-140-g9a10cc1
roadmap;dimacs;23/300;300;    223763;    127629;0;551;1965936;249718;588;856;0.512871;486902;0;0;sBELA0;? Unchecked;v1.6.0-140-g9a10cc1
roadmap;dimacs;24/300;300;    327745;    375938;0;1193;5462396;405024;687;856;1.09592;369574;0;0;sBELA0;? Unchecked;v1.6.0-140-g9a10cc1
roadmap;dimacs;25/300;300;    175197;      5809;0;863;2920245;171045;784;856;0.505;338703;0;0;sBELA0;? Unchecked;v1.6.0-140-g9a10cc1
roadmap;dimacs;26/300;300;    188424;    158412;0;793;2521985;259614;348;856;0.694819;373642;0;0;sBELA0;? Unchecked;v1.6.0-140-g9a10cc1
roadmap;dimacs;27/300;300;    268346;    359471;0;1014;3161873;296221;72;856;0.604767;489810;0;0;sBELA0;? Unchecked;v1.6.0-140-g9a10cc1
roadmap;dimacs;28/300;300;    174382;    236731;0;1141;4392184;392457;230;856;1.03905;377709;0;0;sBELA0;? Unchecked;v1.6.0-140-g9a10cc1
roadmap;dimacs;29/300;300;    204045;    159790;0;920;2895045;241281;471;856;0.671229;359462;0;0;sBELA0;? Unchecked;v1.6.0-140-g9a10cc1
roadmap;dimacs;30/300;300;    390757;    318002;0;344;1673235;37382;3330;856;0.263675;141773;0;0;sBELA0;? Unchecked;v1.6.0-140-g9a10cc1
roadmap;dimacs;31/300;300;     91059;     57980;0;831;3685984;214767;394;856;0.538846;398568;0;0;sBELA0;? Unchecked;v1.6.0-140-g9a10cc1
roadmap;dimacs;32/300;300;     72990;    320575;0;1204;5652077;372593;310;856;0.996561;373879;0;0;sBELA0;? Unchecked;v1.6.0-140-g9a10cc1
roadmap;dimacs;33/300;300;     65526;    339114;0;1129;4409668;402345;61;856;0.893541;450281;0;0;sBELA0;? Unchecked;v1.6.0-140-g9a10cc1
roadmap;dimacs;34/300;300;    349165;     12701;0;575;1338247;142514;120;856;0.303349;469802;0;0;sBELA0;? Unchecked;v1.6.0-140-g9a10cc1
roadmap;dimacs;35/300;300;    187769;    228911;0;353;1372254;61647;761;856;0.214898;286866;0;0;sBELA0;? Unchecked;v1.6.0-140-g9a10cc1
roadmap;dimacs;36/300;300;    190262;     14733;0;1112;3834273;296415;72;856;0.621004;477316;0;0;sBELA0;? Unchecked;v1.6.0-140-g9a10cc1
roadmap;dimacs;37/300;300;    143799;    328188;0;481;1975355;249332;233;856;0.468354;532358;0;0;sBELA0;? Unchecked;v1.6.0-140-g9a10cc1
roadmap;dimacs;38/300;300;     96331;    415538;0;1001;4067416;321529;253;856;0.733875;438125;0;0;sBELA0;? Unchecked;v1.6.0-140-g9a10cc1
roadmap;dimacs;39/300;300;     65115;    387688;0;888;3374111;324298;451;856;0.735206;441098;0;0;sBELA0;? Unchecked;v1.6.0-140-g9a10cc1
roadmap;dimacs;40/300;300;    332193;    387507;0;1006;3944529;334926;284;856;0.736556;454719;0;0;sBELA0;? Unchecked;v1.6.0-140-g9a10cc1
roadmap;dimacs;41/300;300;    127669;    162338;0;662;2783444;282189;842;856;0.677561;416477;0;0;sBELA0;? Unchecked;v1.6.0-140-g9a10cc1
roadmap;dimacs;42/300;300;    263041;    142943;0;920;2504888;246452;162;856;0.53595;459842;0;0;sBELA0;? Unchecked;v1.6.0-140-g9a10cc1
roadmap;dimacs;43/300;300;    390723;      1064;0;941;3692751;339990;225;856;0.733898;463266;0;0;sBELA0;? Unchecked;v1.6.0-140-g9a10cc1
roadmap;dimacs;44/300;300;    304490;    279242;0;1375;5596814;415905;147;856;0.954267;435837;0;0;sBELA0;? Unchecked;v1.6.0-140-g9a10cc1
roadmap;dimacs;45/300;300;     26846;    394583;0;1158;4840402;419734;147;856;0.983257;426881;0;0;sBELA0;? Unchecked;v1.6.0-140-g9a10cc1
roadmap;dimacs;46/300;300;    233353;    185925;0;814;3815725;329952;729;856;0.774208;426180;0;0;sBELA0;? Unchecked;v1.6.0-140-g9a10cc1
roadmap;dimacs;47/300;300;    323833;    176822;0;614;2620264;72239;258;856;0.291005;248239;0;0;sBELA0;? Unchecked;v1.6.0-140-g9a10cc1
roadmap;dimacs;48/300;300;    346446;     63237;0;543;1770516;195903;197;856;0.406905;481446;0;0;sBELA0;? Unchecked;v1.6.0-140-g9a10cc1
roadmap;dimacs;49/300;300;    113928;    360799;0;525;1735247;213915;226;856;0.440934;485141;0;0;sBELA0;? Unchecked;v1.6.0-140-g9a10cc1
roadmap;dimacs;50/300;300;    199421;    266182;0;1126;3654820;311423;238;856;0.679152;458547;0;0;sBELA0;? Unchecked;v1.6.0-140-g9a10cc1
roadmap;dimacs;51/300;300;    293869;     25608;0;1114;4306159;230477;219;856;0.648434;355437;0;0;sBELA0;? Unchecked;v1.6.0-140-g9a10cc1
roadmap;dimacs;52/300;300;    174170;    272593;0;788;3426978;274751;2044;856;0.75419;364299;0;0;sBELA0;? Unchecked;v1.6.0-140-g9a10cc1
roadmap;dimacs;53/300;300;    221325;    434952;0;884;4090710;398561;171;856;0.877467;454218;0;0;sBELA0;? Unchecked;v1.6.0-140-g9a10cc1
roadmap;dimacs;54/300;300;    117635;    105076;0;226;583853;61992;344;856;0.141322;438659;0;0;sBELA0;? Unchecked;v1.6.0-140-g9a10cc1
roadmap;dimacs;55/300;300;    193103;    276461;0;853;3632937;349917;120;856;0.705668;495866;0;0;sBELA0;? Unchecked;v1.6.0-140-g9a10cc1
roadmap;dimacs;56/300;300;      4570;     94284;0;1061;3585695;357324;275;856;0.823159;434089;0;0;sBELA0;? Unchecked;v1.6.0-140-g9a10cc1
roadmap;dimacs;57/300;300;    131126;     21354;0;543;1578556;123329;478;856;0.313376;393550;0;0;sBELA0;? Unchecked;v1.6.0-140-g9a10cc1
roadmap;dimacs;58/300;300;    235750;    208824;0;550;2587428;197618;1228;856;0.558819;353635;0;0;sBELA0;? Unchecked;v1.6.0-140-g9a10cc1
roadmap;dimacs;59/300;300;       489;    261832;0;414;1642159;163322;803;856;0.380723;428979;0;0;sBELA0;? Unchecked;v1.6.0-140-g9a10cc1
roadmap;dimacs;60/300;300;    318387;    328863;0;1372;5153226;399274;73;856;0.946932;421650;0;0;sBELA0;? Unchecked;v1.6.0-140-g9a10cc1
roadmap;dimacs;61/300;300;    274877;     23528;0;774;2981157;151823;200;856;0.39364;385690;0;0;sBELA0;? Unchecked;v1.6.0-140-g9a10cc1
roadmap;dimacs;62/300;300;    220394;    272522;0;698;1663486;220815;747;856;0.482834;457331;0;0;sBELA0;? Unchecked;v1.6.0-140-g9a10cc1
roadmap;dimacs;63/300;300;    228259;    177627;0;1113;4599466;415079;298;856;1.03107;402573;0;0;sBELA0;? Unchecked;v1.6.0-140-g9a10cc1
roadmap;dimacs;64/300;300;    319517;    205274;0;770;3597801;283977;277;856;0.628898;451547;0;0;sBELA0;? Unchecked;v1.6.0-140-g9a10cc1
roadmap;dimacs;65/300;300;    312838;    292039;0;250;1793455;31807;982;856;0.131424;242018;0;0;sBELA0;? Unchecked;v1.6.0-140-g9a10cc1
roadmap;dimacs;66/300;300;    231105;    325711;0;1098;3901471;379745;61;856;0.774506;490306;0;0;sBELA0;? Unchecked;v1.6.0-140-g9a10cc1
roadmap;dimacs;67/300;300;     24598;    413512;0;450;1004941;154187;645;856;0.364997;422433;0;0;sBELA0;? Unchecked;v1.6.0-140-g9a10cc1
roadmap;dimacs;68/300;300;     23559;    272815;0;780;1349146;198457;100;856;0.401852;493855;0;0;sBELA0;? Unchecked;v1.6.0-140-g9a10cc1
roadmap;dimacs;69/300;300;     77506;    341012;0;438;2260112;76005;258;856;0.275226;276155;0;0;sBELA0;? Unchecked;v1.6.0-140-g9a10cc1
roadmap;dimacs;70/300;300;    292092;    386735;0;556;2946288;88221;2098;856;0.44191;199635;0;0;sBELA0;? Unchecked;v1.6.0-140-g9a10cc1
roadmap;dimacs;71/300;300;    376744;    379588;0;596;3662380;263960;195;856;0.554697;475863;0;0;sBELA0;? Unchecked;v1.6.0-140-g9a10cc1
roadmap;dimacs;72/300;300;    379408;    158562;0;490;2613761;131107;2482;856;0.52052;251877;0;0;sBELA0;? Unchecked;v1.6.0-140-g9a10cc1
roadmap;dimacs;73/300;300;    165998;    242916;0;857;3772434;392367;424;856;0.819832;478594;0;0;sBELA0;? Unchecked;v1.6.0-140-g9a10cc1
roadmap;dimacs;74/300;300;    273849;    233106;0;719;3818742;329205;576;856;0.706797;465770;0;0;sBELA0;? Unchecked;v1.6.0-140-g9a10cc1
roadmap;dimacs;75/300;300;    128253;     35195;0;631;2085335;152877;658;856;0.50181;304651;0;0;sBELA0;? Unchecked;v1.6.0-140-g9a10cc1
roadmap;dimacs;76/300;300;    183220;      8889;0;539;1483637;128227;435;856;0.349942;366424;0;0;sBELA0;? Unchecked;v1.6.0-140-g9a10cc1
roadmap;dimacs;77/300;300;    272704;    414613;0;284;1249716;48639;1213;856;0.1924;252801;0;0;sBELA0;? Unchecked;v1.6.0-140-g9a10cc1
roadmap;dimacs;78/300;300;    370469;     78546;0;498;2391213;243229;313;856;0.518975;468672;0;0;sBELA0;? Unchecked;v1.6.0-140-g9a10cc1
roadmap;dimacs;79/300;300;     89775;    214561;0;758;2352701;206622;1341;856;0.606739;340545;0;0;sBELA0;? Unchecked;v1.6.0-140-g9a10cc1
roadmap;dimacs;80/300;300;    189664;    402552;0;511;2165171;95859;189;856;0.305599;313676;0;0;sBELA0;? Unchecked;v1.6.0-140-g9a10cc1
roadmap;dimacs;81/300;300;    152121;    246814;0;1155;4830937;426908;134;856;0.979239;435959;0;0;sBELA0;? Unchecked;v1.6.0-140-g9a10cc1
roadmap;dimacs;82/300;300;    322470;    286921;0;1459;7189059;421936;384;856;1.04544;403597;0;0;sBELA0;? Unchecked;v1.6.0-140-g9a10cc1
roadmap;dimacs;83/300;300;    299997;    278967;0;1319;5172464;386075;145;856;0.931527;414454;0;0;sBELA0;? Unchecked;v1.6.0-140-g9a10cc1
roadmap;dimacs;84/300;300;    250235;    356746;0;1032;4990053;380507;288;856;0.945804;402311;0;0;sBELA0;? Unchecked;v1.6.0-140-g9a10cc1
roadmap;dimacs;85/300;300;    163254;    319164;0;954;3692234;363955;485;856;0.884861;411313;0;0;sBELA0;? Unchecked;v1.6.0-140-g9a10cc1
roadmap;dimacs;86/300;300;    140318;      8074;0;505;1353045;139155;1001;856;0.36557;380652;0;0;sBELA0;? Unchecked;v1.6.0-140-g9a10cc1
roadmap;dimacs;87/300;300;    185965;    196301;0;824;3531240;349306;65;856;0.663152;526736;0;0;sBELA0;? Unchecked;v1.6.0-140-g9a10cc1
roadmap;dimacs;88/300;300;    359803;     81858;0;245;1280537;59384;294;856;0.162449;365554;0;0;sBELA0;? Unchecked;v1.6.0-140-g9a10cc1
roadmap;dimacs;89/300;300;    349089;    308312;0;683;3373209;366022;597;856;0.798823;458202;0;0;sBELA0;? Unchecked;v1.6.0-140-g9a10cc1
roadmap;dimacs;90/300;300;    347477;    427675;0;452;1015045;119481;279;856;0.31243;382425;0;0;sBELA0;? Unchecked;v1.6.0-140-g9a10cc1
roadmap;dimacs;91/300;300;    368929;    215278;0;691;1738117;157466;383;856;0.369026;426707;0;0;sBELA0;? Unchecked;v1.6.0-140-g9a10cc1
roadmap;dimacs;92/300;300;     92275;    285142;0;1507;5738410;411937;256;856;1.04276;395043;0;0;sBELA0;? Unchecked;v1.6.0-140-g9a10cc1
roadmap;dimacs;93/300;300;    118818;    384490;0;742;2891359;317097;663;856;0.700179;452880;0;0;sBELA0;? Unchecked;v1.6.0-140-g9a10cc1
roadmap;dimacs;94/300;300;    413378;    431648;0;452;2463864;243621;653;856;0.574313;424196;0;0;sBELA0;? Unchecked;v1.6.0-140-g9a10cc1
roadmap;dimacs;95/300;300;     22320;    400212;0;349;1095193;170043;475;856;0.358079;474876;0;0;sBELA0;? Unchecked;v1.6.0-140-g9a10cc1
roadmap;dimacs;96/300;300;    110951;    317115;0;1302;5277159;429814;127;856;0.998246;430569;0;0;sBELA0;? Unchecked;v1.6.0-140-g9a10cc1
roadmap;dimacs;97/300;300;    153175;    122456;0;261;815019;55621;482;856;0.135358;410917;0;0;sBELA0;? Unchecked;v1.6.0-140-g9a10cc1
roadmap;dimacs;98/300;300;     72512;    386851;0;1243;5208234;356139;130;856;0.915384;389060;0;0;sBELA0;? Unchecked;v1.6.0-140-g9a10cc1
roadmap;dimacs;99/300;300;    148594;    414859;0;318;1799450;216930;1265;856;0.434027;499807;0;0;sBELA0;? Unchecked;v1.6.0-140-g9a10cc1
roadmap;dimacs;0/400;400;    294756;    116704;0;1121;4214112;306464;676;856;0.896634;341794;0;0;sBELA0;? Unchecked;v1.6.0-140-g9a10cc1
roadmap;dimacs;1/400;400;    325364;     11913;0;1205;4116193;307973;408;856;0.849496;362536;0;0;sBELA0;? Unchecked;v1.6.0-140-g9a10cc1
roadmap;dimacs;2/400;400;    285177;    334042;0;419;3637453;242840;386;856;0.542676;447486;0;0;sBELA0;? Unchecked;v1.6.0-140-g9a10cc1
roadmap;dimacs;3/400;400;    236480;     66871;0;752;3645233;292940;469;856;0.702803;416817;0;0;sBELA0;? Unchecked;v1.6.0-140-g9a10cc1
roadmap;dimacs;4/400;400;    249937;    358183;0;1208;5848546;417071;301;856;0.999249;417384;0;0;sBELA0;? Unchecked;v1.6.0-140-g9a10cc1
roadmap;dimacs;5/400;400;    278932;    202424;0;1207;5259344;416302;553;856;1.03799;401064;0;0;sBELA0;? Unchecked;v1.6.0-140-g9a10cc1
roadmap;dimacs;6/400;400;    430744;    255885;0;721;2988604;213635;469;856;0.596939;357884;0;0;sBELA0;? Unchecked;v1.6.0-140-g9a10cc1
roadmap;dimacs;7/400;400;    167653;    110820;0;448;1630851;125193;398;856;0.324675;385595;0;0;sBELA0;? Unchecked;v1.6.0-140-g9a10cc1
roadmap;dimacs;8/400;400;    389224;    209129;0;871;3482953;281008;86;856;0.569074;493799;0;0;sBELA0;? Unchecked;v1.6.0-140-g9a10cc1
roadmap;dimacs;9/400;400;    361295;    369960;0;202;827262;18780;423;856;0.0824962;227647;0;0;sBELA0;? Unchecked;v1.6.0-140-g9a10cc1
roadmap;dimacs;10/400;400;     63073;    122016;0;553;1057680;146460;289;856;0.330839;442693;0;0;sBELA0;? Unchecked;v1.6.0-140-g9a10cc1
roadmap;dimacs;11/400;400;    377280;     89101;0;1025;3954058;249450;362;856;0.66844;373182;0;0;sBELA0;? Unchecked;v1.6.0-140-g9a10cc1
roadmap;dimacs;12/400;400;    184086;      9250;0;412;1411696;102992;898;856;0.301228;341908;0;0;sBELA0;? Unchecked;v1.6.0-140-g9a10cc1
roadmap;dimacs;13/400;400;     11558;    157695;0;481;1399779;190865;2179;856;0.562102;339556;0;0;sBELA0;? Unchecked;v1.6.0-140-g9a10cc1
roadmap;dimacs;14/400;400;    290606;    380934;0;900;3361928;128085;413;856;0.458776;279189;0;0;sBELA0;? Unchecked;v1.6.0-140-g9a10cc1
roadmap;dimacs;15/400;400;    312872;    335255;0;1137;5080668;215449;1282;856;0.910972;236505;0;0;sBELA0;? Unchecked;v1.6.0-140-g9a10cc1
roadmap;dimacs;16/400;400;    172626;    340963;0;503;1825347;70080;360;856;0.250982;279223;0;0;sBELA0;? Unchecked;v1.6.0-140-g9a10cc1
roadmap;dimacs;17/400;400;     71257;    309332;0;810;3137967;361423;354;856;0.827858;436576;0;0;sBELA0;? Unchecked;v1.6.0-140-g9a10cc1
roadmap;dimacs;18/400;400;    197543;    272443;0;1212;3728522;358852;931;856;1.02647;349597;0;0;sBELA0;? Unchecked;v1.6.0-140-g9a10cc1
roadmap;dimacs;19/400;400;    115849;    293642;0;1223;4552576;408257;373;856;1.07751;378888;0;0;sBELA0;? Unchecked;v1.6.0-140-g9a10cc1
roadmap;dimacs;20/400;400;     96029;    288190;0;1384;5472085;411479;377;856;1.11592;368737;0;0;sBELA0;? Unchecked;v1.6.0-140-g9a10cc1
roadmap;dimacs;21/400;400;    123302;    388474;0;611;2889652;317158;806;856;0.801637;395638;0;0;sBELA0;? Unchecked;v1.6.0-140-g9a10cc1
roadmap;dimacs;22/400;400;    395621;    154547;0;1154;4759383;199638;193;856;0.675897;295367;0;0;sBELA0;? Unchecked;v1.6.0-140-g9a10cc1
roadmap;dimacs;23/400;400;    223763;    127629;0;556;1965967;249719;789;856;0.550202;453868;0;0;sBELA0;? Unchecked;v1.6.0-140-g9a10cc1
roadmap;dimacs;24/400;400;    327745;    375938;0;1193;5462424;405024;881;856;1.17468;344796;0;0;sBELA0;? Unchecked;v1.6.0-140-g9a10cc1
roadmap;dimacs;25/400;400;    175197;      5809;0;867;2920271;171054;1119;856;0.566922;301724;0;0;sBELA0;? Unchecked;v1.6.0-140-g9a10cc1
roadmap;dimacs;26/400;400;    188424;    158412;0;796;2521994;259614;432;856;0.719716;360717;0;0;sBELA0;? Unchecked;v1.6.0-140-g9a10cc1
roadmap;dimacs;27/400;400;    268346;    359471;0;1030;3161882;296222;95;856;0.630084;470131;0;0;sBELA0;? Unchecked;v1.6.0-140-g9a10cc1
roadmap;dimacs;28/400;400;    174382;    236731;0;1141;4392203;392461;289;856;1.0641;368819;0;0;sBELA0;? Unchecked;v1.6.0-140-g9a10cc1
roadmap;dimacs;29/400;400;    204045;    159790;0;919;2895070;241283;626;856;0.756045;319139;0;0;sBELA0;? Unchecked;v1.6.0-140-g9a10cc1
roadmap;dimacs;30/400;400;    390757;    318002;0;348;1673363;37388;4361;856;0.334994;111608;0;0;sBELA0;? Unchecked;v1.6.0-140-g9a10cc1
roadmap;dimacs;31/400;400;     91059;     57980;0;828;3686009;214779;520;856;0.577185;372115;0;0;sBELA0;? Unchecked;v1.6.0-140-g9a10cc1
roadmap;dimacs;32/400;400;     72990;    320575;0;1204;5652089;372593;397;856;1.04944;355039;0;0;sBELA0;? Unchecked;v1.6.0-140-g9a10cc1
roadmap;dimacs;33/400;400;     65526;    339114;0;1129;4409673;402346;78;856;0.9318;431794;0;0;sBELA0;? Unchecked;v1.6.0-140-g9a10cc1
roadmap;dimacs;34/400;400;    349165;     12701;0;573;1338270;142519;167;856;0.325325;438082;0;0;sBELA0;? Unchecked;v1.6.0-140-g9a10cc1
roadmap;dimacs;35/400;400;    187769;    228911;0;363;1372293;61656;981;856;0.241508;255296;0;0;sBELA0;? Unchecked;v1.6.0-140-g9a10cc1
roadmap;dimacs;36/400;400;    190262;     14733;0;1118;3834278;296417;90;856;0.647499;457787;0;0;sBELA0;? Unchecked;v1.6.0-140-g9a10cc1
roadmap;dimacs;37/400;400;    143799;    328188;0;481;1975369;249333;309;856;0.490786;508028;0;0;sBELA0;? Unchecked;v1.6.0-140-g9a10cc1
roadmap;dimacs;38/400;400;     96331;    415538;0;1005;4067436;321531;349;856;0.748182;429749;0;0;sBELA0;? Unchecked;v1.6.0-140-g9a10cc1
roadmap;dimacs;39/400;400;     65115;    387688;0;893;3374134;324300;629;856;0.795991;407416;0;0;sBELA0;? Unchecked;v1.6.0-140-g9a10cc1
roadmap;dimacs;40/400;400;    332193;    387507;0;1010;3944541;334928;350;856;0.808524;414246;0;0;sBELA0;? Unchecked;v1.6.0-140-g9a10cc1
roadmap;dimacs;41/400;400;    127669;    162338;0;666;2783478;282196;1207;856;0.740502;381087;0;0;sBELA0;? Unchecked;v1.6.0-140-g9a10cc1
roadmap;dimacs;42/400;400;    263041;    142943;0;919;2504910;246455;220;856;0.574756;428799;0;0;sBELA0;? Unchecked;v1.6.0-140-g9a10cc1
roadmap;dimacs;43/400;400;    390723;      1064;0;937;3692763;339991;286;856;0.77827;436855;0;0;sBELA0;? Unchecked;v1.6.0-140-g9a10cc1
roadmap;dimacs;44/400;400;    304490;    279242;0;1377;5596825;415905;193;856;0.992852;418899;0;0;sBELA0;? Unchecked;v1.6.0-140-g9a10cc1
roadmap;dimacs;45/400;400;     26846;    394583;0;1154;4840410;419734;196;856;1.02976;407604;0;0;sBELA0;? Unchecked;v1.6.0-140-g9a10cc1
roadmap;dimacs;46/400;400;    233353;    185925;0;802;3815750;329954;992;856;0.845877;390073;0;0;sBELA0;? Unchecked;v1.6.0-140-g9a10cc1
roadmap;dimacs;47/400;400;    323833;    176822;0;611;2620272;72240;324;856;0.309058;233743;0;0;sBELA0;? Unchecked;v1.6.0-140-g9a10cc1
roadmap;dimacs;48/400;400;    346446;     63237;0;539;1770537;195906;266;856;0.399262;490670;0;0;sBELA0;? Unchecked;v1.6.0-140-g9a10cc1
roadmap;dimacs;49/400;400;    113928;    360799;0;522;1735260;213917;281;856;0.46398;461048;0;0;sBELA0;? Unchecked;v1.6.0-140-g9a10cc1
roadmap;dimacs;50/400;400;    199421;    266182;0;1126;3654837;311426;346;856;0.720473;432252;0;0;sBELA0;? Unchecked;v1.6.0-140-g9a10cc1
roadmap;dimacs;51/400;400;    293869;     25608;0;1118;4306167;230479;273;856;0.708581;325268;0;0;sBELA0;? Unchecked;v1.6.0-140-g9a10cc1
roadmap;dimacs;52/400;400;    174170;    272593;0;787;3427039;274767;2994;856;0.857548;320410;0;0;sBELA0;? Unchecked;v1.6.0-140-g9a10cc1
roadmap;dimacs;53/400;400;    221325;    434952;0;877;4090727;398561;223;856;0.905661;440078;0;0;sBELA0;? Unchecked;v1.6.0-140-g9a10cc1
roadmap;dimacs;54/400;400;    117635;    105076;0;228;583905;62006;538;856;0.161096;384901;0;0;sBELA0;? Unchecked;v1.6.0-140-g9a10cc1
roadmap;dimacs;55/400;400;    193103;    276461;0;852;3632945;349918;151;856;0.724217;483167;0;0;sBELA0;? Unchecked;v1.6.0-140-g9a10cc1
roadmap;dimacs;56/400;400;      4570;     94284;0;1059;3585704;357324;355;856;0.878308;406832;0;0;sBELA0;? Unchecked;v1.6.0-140-g9a10cc1
roadmap;dimacs;57/400;400;    131126;     21354;0;547;1578572;123333;621;856;0.344312;358201;0;0;sBELA0;? Unchecked;v1.6.0-140-g9a10cc1
roadmap;dimacs;58/400;400;    235750;    208824;0;544;2587513;197630;1617;856;0.607659;325232;0;0;sBELA0;? Unchecked;v1.6.0-140-g9a10cc1
roadmap;dimacs;59/400;400;       489;    261832;0;403;1642212;163328;1082;856;0.413605;394888;0;0;sBELA0;? Unchecked;v1.6.0-140-g9a10cc1
roadmap;dimacs;60/400;400;    318387;    328863;0;1373;5153230;399274;96;856;0.943402;423228;0;0;sBELA0;? Unchecked;v1.6.0-140-g9a10cc1
roadmap;dimacs;61/400;400;    274877;     23528;0;777;2981171;151826;257;856;0.418452;362828;0;0;sBELA0;? Unchecked;v1.6.0-140-g9a10cc1
roadmap;dimacs;62/400;400;    220394;    272522;0;694;1663536;220821;997;856;0.552875;399405;0;0;sBELA0;? Unchecked;v1.6.0-140-g9a10cc1
roadmap;dimacs;63/400;400;    228259;    177627;0;1112;4599484;415081;390;856;1.08698;381867;0;0;sBELA0;? Unchecked;v1.6.0-140-g9a10cc1
roadmap;dimacs;64/400;400;    319517;    205274;0;774;3597814;283978;367;856;0.66527;426862;0;0;sBELA0;? Unchecked;v1.6.0-140-g9a10cc1
roadmap;dimacs;65/400;400;    312838;    292039;0;242;1793630;31815;1299;856;0.149461;212864;0;0;sBELA0;? Unchecked;v1.6.0-140-g9a10cc1
roadmap;dimacs;66/400;400;    231105;    325711;0;1097;3901479;379746;83;856;0.795521;477355;0;0;sBELA0;? Unchecked;v1.6.0-140-g9a10cc1
roadmap;dimacs;67/400;400;     24598;    413512;0;443;1004986;154195;856;856;0.396523;388867;0;0;sBELA0;? Unchecked;v1.6.0-140-g9a10cc1
roadmap;dimacs;68/400;400;     23559;    272815;0;779;1349156;198457;127;856;0.440221;450812;0;0;sBELA0;? Unchecked;v1.6.0-140-g9a10cc1
roadmap;dimacs;69/400;400;     77506;    341012;0;441;2260138;76006;334;856;0.297004;255909;0;0;sBELA0;? Unchecked;v1.6.0-140-g9a10cc1
roadmap;dimacs;70/400;400;    292092;    386735;0;554;2946372;88226;2870;856;0.526181;167672;0;0;sBELA0;? Unchecked;v1.6.0-140-g9a10cc1
roadmap;dimacs;71/400;400;    376744;    379588;0;601;3662388;263963;248;856;0.572875;460769;0;0;sBELA0;? Unchecked;v1.6.0-140-g9a10cc1
roadmap;dimacs;72/400;400;    379408;    158562;0;484;2613904;131131;3230;856;0.599402;218770;0;0;sBELA0;? Unchecked;v1.6.0-140-g9a10cc1
roadmap;dimacs;73/400;400;    165998;    242916;0;858;3772460;392371;526;856;0.860026;456231;0;0;sBELA0;? Unchecked;v1.6.0-140-g9a10cc1
roadmap;dimacs;74/400;400;    273849;    233106;0;744;3818772;329208;756;856;0.750784;438486;0;0;sBELA0;? Unchecked;v1.6.0-140-g9a10cc1
roadmap;dimacs;75/400;400;    128253;     35195;0;633;2085357;152884;831;856;0.565097;270545;0;0;sBELA0;? Unchecked;v1.6.0-140-g9a10cc1
roadmap;dimacs;76/400;400;    183220;      8889;0;532;1483653;128228;547;856;0.384365;333610;0;0;sBELA0;? Unchecked;v1.6.0-140-g9a10cc1
roadmap;dimacs;77/400;400;    272704;    414613;0;287;1249789;48644;1485;856;0.215032;226218;0;0;sBELA0;? Unchecked;v1.6.0-140-g9a10cc1
roadmap;dimacs;78/400;400;    370469;     78546;0;498;2391239;243230;434;856;0.531258;457837;0;0;sBELA0;? Unchecked;v1.6.0-140-g9a10cc1
roadmap;dimacs;79/400;400;     89775;    214561;0;757;2352730;206626;1689;856;0.67785;304826;0;0;sBELA0;? Unchecked;v1.6.0-140-g9a10cc1
roadmap;dimacs;80/400;400;    189664;    402552;0;511;2165184;95860;254;856;0.32525;294728;0;0;sBELA0;? Unchecked;v1.6.0-140-g9a10cc1
roadmap;dimacs;81/400;400;    152121;    246814;0;1155;4830942;426909;169;856;1.04251;409500;0;0;sBELA0;? Unchecked;v1.6.0-140-g9a10cc1
roadmap;dimacs;82/400;400;    322470;    286921;0;1465;7189070;421937;481;856;1.09948;383761;0;0;sBELA0;? Unchecked;v1.6.0-140-g9a10cc1
roadmap;dimacs;83/400;400;    299997;    278967;0;1316;5172470;386075;178;856;0.96999;398020;0;0;sBELA0;? Unchecked;v1.6.0-140-g9a10cc1
roadmap;dimacs;84/400;400;    250235;    356746;0;1029;4990067;380507;378;856;0.98923;384650;0;0;sBELA0;? Unchecked;v1.6.0-140-g9a10cc1
roadmap;dimacs;85/400;400;    163254;    319164;0;954;3692255;363959;642;856;0.99181;366965;0;0;sBELA0;? Unchecked;v1.6.0-140-g9a10cc1
roadmap;dimacs;86/400;400;    140318;      8074;0;502;1353082;139164;1326;856;0.408508;340664;0;0;sBELA0;? Unchecked;v1.6.0-140-g9a10cc1
roadmap;dimacs;87/400;400;    185965;    196301;0;823;3531244;349306;77;856;0.673175;518893;0;0;sBELA0;? Unchecked;v1.6.0-140-g9a10cc1
roadmap;dimacs;88/400;400;    359803;     81858;0;250;1280618;59394;420;856;0.176473;336562;0;0;sBELA0;? Unchecked;v1.6.0-140-g9a10cc1
roadmap;dimacs;89/400;400;    349089;    308312;0;681;3373250;366031;815;856;0.849347;430956;0;0;sBELA0;? Unchecked;v1.6.0-140-g9a10cc1
roadmap;dimacs;90/400;400;    347477;    427675;0;452;1015059;119483;351;856;0.339676;351756;0;0;sBELA0;? Unchecked;v1.6.0-140-g9a10cc1
roadmap;dimacs;91/400;400;    368929;    215278;0;688;1738146;157469;497;856;0.388432;405397;0;0;sBELA0;? Unchecked;v1.6.0-140-g9a10cc1
roadmap;dimacs;92/400;400;     92275;    285142;0;1507;5738419;411939;327;856;1.10152;373973;0;0;sBELA0;? Unchecked;v1.6.0-140-g9a10cc1
roadmap;dimacs;93/400;400;    118818;    384490;0;738;2891392;317102;894;856;0.749339;423176;0;0;sBELA0;? Unchecked;v1.6.0-140-g9a10cc1
roadmap;dimacs;94/400;400;    413378;    431648;0;453;2463927;243630;787;856;0.600899;405443;0;0;sBELA0;? Unchecked;v1.6.0-140-g9a10cc1
roadmap;dimacs;95/400;400;     22320;    400212;0;352;1095225;170056;636;856;0.37071;458730;0;0;sBELA0;? Unchecked;v1.6.0-140-g9a10cc1
roadmap;dimacs;96/400;400;    110951;    317115;0;1301;5277167;429814;165;856;1.03863;413828;0;0;sBELA0;? Unchecked;v1.6.0-140-g9a10cc1
roadmap;dimacs;97/400;400;    153175;    122456;0;260;815065;55624;620;856;0.178546;311539;0;0;sBELA0;? Unchecked;v1.6.0-140-g9a10cc1
roadmap;dimacs;98/400;400;     72512;    386851;0;1245;5208249;356139;166;856;0.955426;372754;0;0;sBELA0;? Unchecked;v1.6.0-140-g9a10cc1
roadmap;dimacs;99/400;400;    148594;    414859;0;328;1799512;216933;1592;856;0.461357;470206;0;0;sBELA0;? Unchecked;v1.6.0-140-g9a10cc1
roadmap;dimacs;0/500;500;    294756;    116704;0;1118;4214126;306468;813;856;0.953999;321246;0;0;sBELA0;? Unchecked;v1.6.0-140-g9a10cc1
roadmap;dimacs;1/500;500;    325364;     11913;0;1198;4116201;307974;487;856;0.887532;347001;0;0;sBELA0;? Unchecked;v1.6.0-140-g9a10cc1
roadmap;dimacs;2/500;500;    285177;    334042;0;418;3637476;242842;489;856;0.562528;431698;0;0;sBELA0;? Unchecked;v1.6.0-140-g9a10cc1
roadmap;dimacs;3/500;500;    236480;     66871;0;754;3645243;292940;571;856;0.732962;399666;0;0;sBELA0;? Unchecked;v1.6.0-140-g9a10cc1
roadmap;dimacs;4/500;500;    249937;    358183;0;1207;5848565;417071;395;856;1.02463;407045;0;0;sBELA0;? Unchecked;v1.6.0-140-g9a10cc1
roadmap;dimacs;5/500;500;    278932;    202424;0;1206;5259354;416302;656;856;1.0795;385642;0;0;sBELA0;? Unchecked;v1.6.0-140-g9a10cc1
roadmap;dimacs;6/500;500;    430744;    255885;0;725;2988634;213646;559;856;0.639914;333867;0;0;sBELA0;? Unchecked;v1.6.0-140-g9a10cc1
roadmap;dimacs;7/500;500;    167653;    110820;0;450;1630866;125200;481;856;0.341842;366251;0;0;sBELA0;? Unchecked;v1.6.0-140-g9a10cc1
roadmap;dimacs;8/500;500;    389224;    209129;0;871;3482961;281011;106;856;0.584047;481144;0;0;sBELA0;? Unchecked;v1.6.0-140-g9a10cc1
roadmap;dimacs;9/500;500;    361295;    369960;0;203;827288;18783;524;856;0.0923281;203438;0;0;sBELA0;? Unchecked;v1.6.0-140-g9a10cc1
roadmap;dimacs;10/500;500;     63073;    122016;0;561;1057700;146460;352;856;0.354425;413232;0;0;sBELA0;? Unchecked;v1.6.0-140-g9a10cc1
roadmap;dimacs;11/500;500;    377280;     89101;0;1023;3954067;249452;451;856;0.723527;344772;0;0;sBELA0;? Unchecked;v1.6.0-140-g9a10cc1
roadmap;dimacs;12/500;500;    184086;      9250;0;415;1411719;103003;1083;856;0.33504;307435;0;0;sBELA0;? Unchecked;v1.6.0-140-g9a10cc1
roadmap;dimacs;13/500;500;     11558;    157695;0;475;1399830;190868;2774;856;0.623562;306093;0;0;sBELA0;? Unchecked;v1.6.0-140-g9a10cc1
roadmap;dimacs;14/500;500;    290606;    380934;0;907;3361941;128087;506;856;0.498988;256694;0;0;sBELA0;? Unchecked;v1.6.0-140-g9a10cc1
roadmap;dimacs;15/500;500;    312872;    335255;0;1107;5080690;215450;1646;856;1.02655;209878;0;0;sBELA0;? Unchecked;v1.6.0-140-g9a10cc1
roadmap;dimacs;16/500;500;    172626;    340963;0;502;1825362;70081;465;856;0.281828;248666;0;0;sBELA0;? Unchecked;v1.6.0-140-g9a10cc1
roadmap;dimacs;17/500;500;     71257;    309332;0;810;3137978;361424;427;856;0.86215;419213;0;0;sBELA0;? Unchecked;v1.6.0-140-g9a10cc1
roadmap;dimacs;18/500;500;    197543;    272443;0;1211;3728552;358857;1252;856;1.13737;315515;0;0;sBELA0;? Unchecked;v1.6.0-140-g9a10cc1
roadmap;dimacs;19/500;500;    115849;    293642;0;1229;4552584;408258;436;856;1.15853;352394;0;0;sBELA0;? Unchecked;v1.6.0-140-g9a10cc1
roadmap;dimacs;20/500;500;     96029;    288190;0;1380;5472093;411479;459;856;1.1533;356783;0;0;sBELA0;? Unchecked;v1.6.0-140-g9a10cc1
roadmap;dimacs;21/500;500;    123302;    388474;0;613;2889711;317164;1194;856;0.893978;354778;0;0;sBELA0;? Unchecked;v1.6.0-140-g9a10cc1
roadmap;dimacs;22/500;500;    395621;    154547;0;1145;4759389;199639;237;856;0.712299;280274;0;0;sBELA0;? Unchecked;v1.6.0-140-g9a10cc1
roadmap;dimacs;23/500;500;    223763;    127629;0;555;1965990;249720;977;856;0.608274;410539;0;0;sBELA0;? Unchecked;v1.6.0-140-g9a10cc1
roadmap;dimacs;24/500;500;    327745;    375938;0;1196;5462449;405025;1121;856;1.26812;319390;0;0;sBELA0;? Unchecked;v1.6.0-140-g9a10cc1
roadmap;dimacs;25/500;500;    175197;      5809;0;867;2920291;171059;1412;856;0.625969;273271;0;0;sBELA0;? Unchecked;v1.6.0-140-g9a10cc1
roadmap;dimacs;26/500;500;    188424;    158412;0;797;2522003;259615;512;856;0.793643;327118;0;0;sBELA0;? Unchecked;v1.6.0-140-g9a10cc1
roadmap;dimacs;27/500;500;    268346;    359471;0;1013;3161888;296223;114;856;0.652534;453958;0;0;sBELA0;? Unchecked;v1.6.0-140-g9a10cc1
roadmap;dimacs;28/500;500;    174382;    236731;0;1142;4392222;392461;370;856;1.15566;339598;0;0;sBELA0;? Unchecked;v1.6.0-140-g9a10cc1
roadmap;dimacs;29/500;500;    204045;    159790;0;921;2895090;241286;765;856;0.801892;300896;0;0;sBELA0;? Unchecked;v1.6.0-140-g9a10cc1
roadmap;dimacs;30/500;500;    390757;    318002;0;347;1673468;37397;5418;856;0.402943;92809.7;0;0;sBELA0;? Unchecked;v1.6.0-140-g9a10cc1
roadmap;dimacs;31/500;500;     91059;     57980;0;829;3686033;214789;667;856;0.623624;344421;0;0;sBELA0;? Unchecked;v1.6.0-140-g9a10cc1
roadmap;dimacs;32/500;500;     72990;    320575;0;1202;5652099;372593;486;856;1.11771;333355;0;0;sBELA0;? Unchecked;v1.6.0-140-g9a10cc1
roadmap;dimacs;33/500;500;     65526;    339114;0;1132;4409677;402346;89;856;0.930951;432188;0;0;sBELA0;? Unchecked;v1.6.0-140-g9a10cc1
roadmap;dimacs;34/500;500;    349165;     12701;0;579;1338285;142527;213;856;0.347407;410259;0;0;sBELA0;? Unchecked;v1.6.0-140-g9a10cc1
roadmap;dimacs;35/500;500;    187769;    228911;0;359;1372330;61668;1211;856;0.267918;230175;0;0;sBELA0;? Unchecked;v1.6.0-140-g9a10cc1
roadmap;dimacs;36/500;500;    190262;     14733;0;1119;3834281;296417;105;856;0.67436;439553;0;0;sBELA0;? Unchecked;v1.6.0-140-g9a10cc1
roadmap;dimacs;37/500;500;    143799;    328188;0;482;1975382;249335;382;856;0.513683;485387;0;0;sBELA0;? Unchecked;v1.6.0-140-g9a10cc1
roadmap;dimacs;38/500;500;     96331;    415538;0;1006;4067451;321536;440;856;0.791536;406218;0;0;sBELA0;? Unchecked;v1.6.0-140-g9a10cc1
roadmap;dimacs;39/500;500;     65115;    387688;0;889;3374162;324303;870;856;0.906651;357693;0;0;sBELA0;? Unchecked;v1.6.0-140-g9a10cc1
roadmap;dimacs;40/500;500;    332193;    387507;0;1008;3944551;334928;422;856;0.833584;401793;0;0;sBELA0;? Unchecked;v1.6.0-140-g9a10cc1
roadmap;dimacs;41/500;500;    127669;    162338;0;662;2783502;282204;1557;856;0.805507;350343;0;0;sBELA0;? Unchecked;v1.6.0-140-g9a10cc1
roadmap;dimacs;42/500;500;    263041;    142943;0;920;2504922;246456;260;856;0.592172;416190;0;0;sBELA0;? Unchecked;v1.6.0-140-g9a10cc1
roadmap;dimacs;43/500;500;    390723;      1064;0;940;3692771;339991;337;856;0.815112;417110;0;0;sBELA0;? Unchecked;v1.6.0-140-g9a10cc1
roadmap;dimacs;44/500;500;    304490;    279242;0;1371;5596833;415905;235;856;1.02105;407329;0;0;sBELA0;? Unchecked;v1.6.0-140-g9a10cc1
roadmap;dimacs;45/500;500;     26846;    394583;0;1154;4840418;419734;241;856;1.0614;395453;0;0;sBELA0;? Unchecked;v1.6.0-140-g9a10cc1
roadmap;dimacs;46/500;500;    233353;    185925;0;809;3815767;329956;1212;856;0.904151;364934;0;0;sBELA0;? Unchecked;v1.6.0-140-g9a10cc1
roadmap;dimacs;47/500;500;    323833;    176822;0;614;2620279;72240;395;856;0.33677;214508;0;0;sBELA0;? Unchecked;v1.6.0-140-g9a10cc1
roadmap;dimacs;48/500;500;    346446;     63237;0;541;1770554;195909;327;856;0.447878;437416;0;0;sBELA0;? Unchecked;v1.6.0-140-g9a10cc1
roadmap;dimacs;49/500;500;    113928;    360799;0;517;1735271;213917;331;856;0.488868;437576;0;0;sBELA0;? Unchecked;v1.6.0-140-g9a10cc1
roadmap;dimacs;50/500;500;    199421;    266182;0;1123;3654847;311426;424;856;0.758114;410791;0;0;sBELA0;? Unchecked;v1.6.0-140-g9a10cc1
roadmap;dimacs;51/500;500;    293869;     25608;0;1118;4306175;230480;331;856;0.699068;329696;0;0;sBELA0;? Unchecked;v1.6.0-140-g9a10cc1
roadmap;dimacs;52/500;500;    174170;    272593;0;784;3427072;274776;3688;856;0.957108;287090;0;0;sBELA0;? Unchecked;v1.6.0-140-g9a10cc1
roadmap;dimacs;53/500;500;    221325;    434952;0;883;4090741;398562;267;856;0.931318;427955;0;0;sBELA0;? Unchecked;v1.6.0-140-g9a10cc1
roadmap;dimacs;54/500;500;    117635;    105076;0;225;583942;62012;753;856;0.173456;357509;0;0;sBELA0;? Unchecked;v1.6.0-140-g9a10cc1
roadmap;dimacs;55/500;500;    193103;    276461;0;852;3632949;349918;184;856;0.747158;468332;0;0;sBELA0;? Unchecked;v1.6.0-140-g9a10cc1
roadmap;dimacs;56/500;500;      4570;     94284;0;1062;3585709;357324;409;856;0.92906;384608;0;0;sBELA0;? Unchecked;v1.6.0-140-g9a10cc1
roadmap;dimacs;57/500;500;    131126;     21354;0;552;1578584;123337;733;856;0.369333;333945;0;0;sBELA0;? Unchecked;v1.6.0-140-g9a10cc1
roadmap;dimacs;58/500;500;    235750;    208824;0;547;2587573;197635;1997;856;0.655833;301350;0;0;sBELA0;? Unchecked;v1.6.0-140-g9a10cc1
roadmap;dimacs;59/500;500;       489;    261832;0;413;1642248;163335;1322;856;0.458905;355924;0;0;sBELA0;? Unchecked;v1.6.0-140-g9a10cc1
roadmap;dimacs;60/500;500;    318387;    328863;0;1370;5153236;399274;120;856;0.982611;406340;0;0;sBELA0;? Unchecked;v1.6.0-140-g9a10cc1
roadmap;dimacs;61/500;500;    274877;     23528;0;775;2981181;151829;313;856;0.443753;342147;0;0;sBELA0;? Unchecked;v1.6.0-140-g9a10cc1
roadmap;dimacs;62/500;500;    220394;    272522;0;706;1663566;220822;1182;856;0.567015;389447;0;0;sBELA0;? Unchecked;v1.6.0-140-g9a10cc1
roadmap;dimacs;63/500;500;    228259;    177627;0;1117;4599497;415081;476;856;1.16004;357816;0;0;sBELA0;? Unchecked;v1.6.0-140-g9a10cc1
roadmap;dimacs;64/500;500;    319517;    205274;0;773;3597821;283980;435;856;0.701685;404711;0;0;sBELA0;? Unchecked;v1.6.0-140-g9a10cc1
roadmap;dimacs;65/500;500;    312838;    292039;0;247;1793780;31823;1651;856;0.170133;187048;0;0;sBELA0;? Unchecked;v1.6.0-140-g9a10cc1
roadmap;dimacs;66/500;500;    231105;    325711;0;1102;3901487;379747;103;856;0.799174;475174;0;0;sBELA0;? Unchecked;v1.6.0-140-g9a10cc1
roadmap;dimacs;67/500;500;     24598;    413512;0;450;1005024;154200;1060;856;0.425991;361980;0;0;sBELA0;? Unchecked;v1.6.0-140-g9a10cc1
roadmap;dimacs;68/500;500;     23559;    272815;0;783;1349163;198458;158;856;0.448432;442560;0;0;sBELA0;? Unchecked;v1.6.0-140-g9a10cc1
roadmap;dimacs;69/500;500;     77506;    341012;0;441;2260162;76007;417;856;0.317938;239062;0;0;sBELA0;? Unchecked;v1.6.0-140-g9a10cc1
roadmap;dimacs;70/500;500;    292092;    386735;0;556;2946441;88228;3664;856;0.605169;145791;0;0;sBELA0;? Unchecked;v1.6.0-140-g9a10cc1
roadmap;dimacs;71/500;500;    376744;    379588;0;596;3662395;263968;301;856;0.590805;446794;0;0;sBELA0;? Unchecked;v1.6.0-140-g9a10cc1
roadmap;dimacs;72/500;500;    379408;    158562;0;479;2614015;131160;3928;856;0.705504;185910;0;0;sBELA0;? Unchecked;v1.6.0-140-g9a10cc1
roadmap;dimacs;73/500;500;    165998;    242916;0;859;3772485;392377;654;856;0.899054;436433;0;0;sBELA0;? Unchecked;v1.6.0-140-g9a10cc1
roadmap;dimacs;74/500;500;    273849;    233106;0;741;3818797;329208;936;856;0.79637;413386;0;0;sBELA0;? Unchecked;v1.6.0-140-g9a10cc1
roadmap;dimacs;75/500;500;    128253;     35195;0;637;2085378;152890;1016;856;0.627126;243795;0;0;sBELA0;? Unchecked;v1.6.0-140-g9a10cc1
roadmap;dimacs;76/500;500;    183220;      8889;0;539;1483667;128231;655;856;0.419119;305953;0;0;sBELA0;? Unchecked;v1.6.0-140-g9a10cc1
roadmap;dimacs;77/500;500;    272704;    414613;0;311;1249857;48653;1772;856;0.239101;203483;0;0;sBELA0;? Unchecked;v1.6.0-140-g9a10cc1
roadmap;dimacs;78/500;500;    370469;     78546;0;495;2391258;243231;549;856;0.549745;442444;0;0;sBELA0;? Unchecked;v1.6.0-140-g9a10cc1
roadmap;dimacs;79/500;500;     89775;    214561;0;758;2352755;206632;1964;856;0.749217;275797;0;0;sBELA0;? Unchecked;v1.6.0-140-g9a10cc1
roadmap;dimacs;80/500;500;    189664;    402552;0;511;2165192;95860;305;856;0.339302;282521;0;0;sBELA0;? Unchecked;v1.6.0-140-g9a10cc1
roadmap;dimacs;81/500;500;    152121;    246814;0;1154;4830947;426909;206;856;1.06294;401631;0;0;sBELA0;? Unchecked;v1.6.0-140-g9a10cc1
roadmap;dimacs;82/500;500;    322470;    286921;0;1461;7189080;421937;590;856;1.15795;364384;0;0;sBELA0;? Unchecked;v1.6.0-140-g9a10cc1
roadmap;dimacs;83/500;500;    299997;    278967;0;1317;5172475;386075;211;856;1.0379;371976;0;0;sBELA0;? Unchecked;v1.6.0-140-g9a10cc1
roadmap;dimacs;84/500;500;    250235;    356746;0;1024;4990079;380509;461;753;1.04241;365030;0;0;sBELA0;? Unchecked;v1.6.0-140-g9a10cc1
roadmap;dimacs;85/500;500;    163254;    319164;0;955;3692272;363959;797;808;1.06912;340429;0;0;sBELA0;? Unchecked;v1.6.0-140-g9a10cc1
roadmap;dimacs;86/500;500;    140318;      8074;0;502;1353111;139176;1610;808;0.46187;301331;0;0;sBELA0;? Unchecked;v1.6.0-140-g9a10cc1
roadmap;dimacs;87/500;500;    185965;    196301;0;826;3531246;349306;90;808;0.700189;498874;0;0;sBELA0;? Unchecked;v1.6.0-140-g9a10cc1
roadmap;dimacs;88/500;500;    359803;     81858;0;246;1280682;59400;537;808;0.20051;296245;0;0;sBELA0;? Unchecked;v1.6.0-140-g9a10cc1
roadmap;dimacs;89/500;500;    349089;    308312;0;685;3373280;366036;1010;808;0.910018;402229;0;0;sBELA0;? Unchecked;v1.6.0-140-g9a10cc1
roadmap;dimacs;90/500;500;    347477;    427675;0;446;1015071;119486;424;808;0.365331;327062;0;0;sBELA0;? Unchecked;v1.6.0-140-g9a10cc1
roadmap;dimacs;91/500;500;    368929;    215278;0;690;1738166;157473;603;808;0.425843;369791;0;0;sBELA0;? Unchecked;v1.6.0-140-g9a10cc1
roadmap;dimacs;92/500;500;     92275;    285142;0;1509;5738426;411939;402;808;1.17219;351427;0;0;sBELA0;? Unchecked;v1.6.0-140-g9a10cc1
roadmap;dimacs;93/500;500;    118818;    384490;0;740;2891417;317104;1103;856;0.856368;370289;0;0;sBELA0;? Unchecked;v1.6.0-140-g9a10cc1
roadmap;dimacs;94/500;500;    413378;    431648;0;455;2463994;243632;1000;856;0.633386;384650;0;0;sBELA0;? Unchecked;v1.6.0-140-g9a10cc1
roadmap;dimacs;95/500;500;     22320;    400212;0;355;1095253;170059;786;856;0.393141;432565;0;0;sBELA0;? Unchecked;v1.6.0-140-g9a10cc1
roadmap;dimacs;96/500;500;    110951;    317115;0;1307;5277173;429814;200;856;1.08478;396224;0;0;sBELA0;? Unchecked;v1.6.0-140-g9a10cc1
roadmap;dimacs;97/500;500;    153175;    122456;0;258;815093;55626;735;856;0.165685;335733;0;0;sBELA0;? Unchecked;v1.6.0-140-g9a10cc1
roadmap;dimacs;98/500;500;     72512;    386851;0;1246;5208263;356139;199;856;0.978721;363882;0;0;sBELA0;? Unchecked;v1.6.0-140-g9a10cc1
roadmap;dimacs;99/500;500;    148594;    414859;0;319;1799570;216943;1915;748;0.484956;447346;0;0;sBELA0;? Unchecked;v1.6.0-140-g9a10cc1
roadmap;dimacs;0/600;600;    294756;    116704;0;1119;4214139;306471;957;808;1.02485;299041;0;0;sBELA0;? Unchecked;v1.6.0-140-g9a10cc1
roadmap;dimacs;1/600;600;    325364;     11913;0;1264;4116209;307975;573;808;0.949102;324491;0;0;sBELA0;? Unchecked;v1.6.0-140-g9a10cc1
roadmap;dimacs;2/600;600;    285177;    334042;0;419;3637500;242843;605;808;0.597856;406190;0;0;sBELA0;? Unchecked;v1.6.0-140-g9a10cc1
roadmap;dimacs;3/600;600;    236480;     66871;0;756;3645253;292942;673;808;0.820597;356986;0;0;sBELA0;? Unchecked;v1.6.0-140-g9a10cc1
roadmap;dimacs;4/600;600;    249937;    358183;0;1185;5848576;417071;473;808;1.07013;389738;0;0;sBELA0;? Unchecked;v1.6.0-140-g9a10cc1
roadmap;dimacs;5/600;600;    278932;    202424;0;1207;5259362;416302;749;808;1.13272;367526;0;0;sBELA0;? Unchecked;v1.6.0-140-g9a10cc1
roadmap;dimacs;6/600;600;    430744;    255885;0;718;2988661;213652;650;808;0.695729;307091;0;0;sBELA0;? Unchecked;v1.6.0-140-g9a10cc1
roadmap;dimacs;7/600;600;    167653;    110820;0;448;1630876;125202;567;808;0.375432;333488;0;0;sBELA0;? Unchecked;v1.6.0-140-g9a10cc1
roadmap;dimacs;8/600;600;    389224;    209129;0;870;3482965;281012;119;808;0.603826;465385;0;0;sBELA0;? Unchecked;v1.6.0-140-g9a10cc1
roadmap;dimacs;9/600;600;    361295;    369960;0;202;827310;18784;641;808;0.104658;179479;0;0;sBELA0;? Unchecked;v1.6.0-140-g9a10cc1
roadmap;dimacs;10/600;600;     63073;    122016;0;551;1057717;146463;433;808;0.374971;390598;0;0;sBELA0;? Unchecked;v1.6.0-140-g9a10cc1
roadmap;dimacs;11/600;600;    377280;     89101;0;1023;3954072;249453;515;808;0.79113;315312;0;0;sBELA0;? Unchecked;v1.6.0-140-g9a10cc1
roadmap;dimacs;12/600;600;    184086;      9250;0;414;1411741;103009;1295;808;0.366332;281190;0;0;sBELA0;? Unchecked;v1.6.0-140-g9a10cc1
roadmap;dimacs;13/600;600;     11558;    157695;0;474;1399881;190876;3466;847;0.70752;269782;0;0;sBELA0;? Unchecked;v1.6.0-140-g9a10cc1
roadmap;dimacs;14/600;600;    290606;    380934;0;902;3361952;128087;593;850;0.543226;235790;0;0;sBELA0;? Unchecked;v1.6.0-140-g9a10cc1
roadmap;dimacs;15/600;600;    312872;    335255;0;1139;5080704;215454;1930;850;1.15334;186808;0;0;sBELA0;? Unchecked;v1.6.0-140-g9a10cc1
roadmap;dimacs;16/600;600;    172626;    340963;0;503;1825367;70081;527;850;0.301484;232453;0;0;sBELA0;? Unchecked;v1.6.0-140-g9a10cc1
roadmap;dimacs;17/600;600;     71257;    309332;0;807;3137988;361424;508;753;0.916148;394504;0;0;sBELA0;? Unchecked;v1.6.0-140-g9a10cc1
roadmap;dimacs;18/600;600;    197543;    272443;0;1211;3728569;358857;1490;808;1.2801;280336;0;0;sBELA0;? Unchecked;v1.6.0-140-g9a10cc1
roadmap;dimacs;19/600;600;    115849;    293642;0;1225;4552595;408259;508;808;1.1834;344988;0;0;sBELA0;? Unchecked;v1.6.0-140-g9a10cc1
roadmap;dimacs;20/600;600;     96029;    288190;0;1383;5472100;411479;529;808;1.21911;337524;0;0;sBELA0;? Unchecked;v1.6.0-140-g9a10cc1
roadmap;dimacs;21/600;600;    123302;    388474;0;611;2889743;317166;1496;856;0.97281;326031;0;0;sBELA0;? Unchecked;v1.6.0-140-g9a10cc1
roadmap;dimacs;22/600;600;    395621;    154547;0;1149;4759395;199639;275;856;0.748099;266862;0;0;sBELA0;? Unchecked;v1.6.0-140-g9a10cc1
roadmap;dimacs;23/600;600;    223763;    127629;0;558;1966009;249722;1155;856;0.666645;374595;0;0;sBELA0;? Unchecked;v1.6.0-140-g9a10cc1
roadmap;dimacs;24/600;600;    327745;    375938;0;1198;5462466;405026;1297;748;1.38442;292560;0;0;sBELA0;? Unchecked;v1.6.0-140-g9a10cc1
roadmap;dimacs;25/600;600;    175197;      5809;0;867;2920308;171069;1720;797;0.708326;241512;0;0;sBELA0;? Unchecked;v1.6.0-140-g9a10cc1
roadmap;dimacs;26/600;600;    188424;    158412;0;799;2522010;259615;577;807;0.85685;302988;0;0;sBELA0;? Unchecked;v1.6.0-140-g9a10cc1
roadmap;dimacs;27/600;600;    268346;    359471;0;1011;3161896;296225;139;807;0.689323;429733;0;0;sBELA0;? Unchecked;v1.6.0-140-g9a10cc1
roadmap;dimacs;28/600;600;    174382;    236731;0;1135;4392232;392461;421;808;1.18224;331964;0;0;sBELA0;? Unchecked;v1.6.0-140-g9a10cc1
roadmap;dimacs;29/600;600;    204045;    159790;0;924;2895106;241290;893;808;0.879483;274354;0;0;sBELA0;? Unchecked;v1.6.0-140-g9a10cc1
roadmap;dimacs;30/600;600;    390757;    318002;0;349;1673532;37401;6152;808;0.472269;79194.3;0;0;sBELA0;? Unchecked;v1.6.0-140-g9a10cc1
roadmap;dimacs;31/600;600;     91059;     57980;0;830;3686053;214793;808;808;0.673471;318934;0;0;sBELA0;? Unchecked;v1.6.0-140-g9a10cc1
roadmap;dimacs;32/600;600;     72990;    320575;0;1207;5652108;372593;575;808;1.24224;299936;0;0;sBELA0;? Unchecked;v1.6.0-140-g9a10cc1
roadmap;dimacs;33/600;600;     65526;    339114;0;1138;4409681;402346;104;856;0.959209;419456;0;0;sBELA0;? Unchecked;v1.6.0-140-g9a10cc1
roadmap;dimacs;34/600;600;    349165;     12701;0;578;1338294;142529;252;748;0.358369;397715;0;0;sBELA0;? Unchecked;v1.6.0-140-g9a10cc1
roadmap;dimacs;35/600;600;    187769;    228911;0;356;1372361;61678;1442;748;0.31051;198635;0;0;sBELA0;? Unchecked;v1.6.0-140-g9a10cc1
roadmap;dimacs;36/600;600;    190262;     14733;0;1115;3834284;296418;121;808;0.732519;404656;0;0;sBELA0;? Unchecked;v1.6.0-140-g9a10cc1
roadmap;dimacs;37/600;600;    143799;    328188;0;476;1975391;249338;436;808;0.544694;457758;0;0;sBELA0;? Unchecked;v1.6.0-140-g9a10cc1
roadmap;dimacs;38/600;600;     96331;    415538;0;1006;4067465;321540;524;808;0.847905;379217;0;0;sBELA0;? Unchecked;v1.6.0-140-g9a10cc1
roadmap;dimacs;39/600;600;     65115;    387688;0;887;3374176;324303;999;808;0.91268;355330;0;0;sBELA0;? Unchecked;v1.6.0-140-g9a10cc1
roadmap;dimacs;40/600;600;    332193;    387507;0;1011;3944558;334928;480;808;0.883136;379249;0;0;sBELA0;? Unchecked;v1.6.0-140-g9a10cc1
roadmap;dimacs;41/600;600;    127669;    162338;0;663;2783528;282210;1954;808;0.892027;316369;0;0;sBELA0;? Unchecked;v1.6.0-140-g9a10cc1
roadmap;dimacs;42/600;600;    263041;    142943;0;918;2504931;246457;300;808;0.652081;377955;0;0;sBELA0;? Unchecked;v1.6.0-140-g9a10cc1
roadmap;dimacs;43/600;600;    390723;      1064;0;937;3692780;339991;390;808;0.869631;390960;0;0;sBELA0;? Unchecked;v1.6.0-140-g9a10cc1
roadmap;dimacs;44/600;600;    304490;    279242;0;1371;5596841;415906;281;808;1.0656;390303;0;0;sBELA0;? Unchecked;v1.6.0-140-g9a10cc1
roadmap;dimacs;45/600;600;     26846;    394583;0;1157;4840425;419734;287;808;1.11357;376926;0;0;sBELA0;? Unchecked;v1.6.0-140-g9a10cc1
roadmap;dimacs;46/600;600;    233353;    185925;0;801;3815784;329957;1474;808;1.00032;329853;0;0;sBELA0;? Unchecked;v1.6.0-140-g9a10cc1
roadmap;dimacs;47/600;600;    323833;    176822;0;615;2620286;72240;474;808;0.379648;190281;0;0;sBELA0;? Unchecked;v1.6.0-140-g9a10cc1
roadmap;dimacs;48/600;600;    346446;     63237;0;541;1770568;195913;396;808;0.431931;453575;0;0;sBELA0;? Unchecked;v1.6.0-140-g9a10cc1
roadmap;dimacs;49/600;600;    113928;    360799;0;540;1735280;213918;388;808;0.519107;412089;0;0;sBELA0;? Unchecked;v1.6.0-140-g9a10cc1
roadmap;dimacs;50/600;600;    199421;    266182;0;1127;3654853;311426;490;808;0.808934;384983;0;0;sBELA0;? Unchecked;v1.6.0-140-g9a10cc1
roadmap;dimacs;51/600;600;    293869;     25608;0;1120;4306182;230482;384;808;0.739948;311484;0;0;sBELA0;? Unchecked;v1.6.0-140-g9a10cc1
roadmap;dimacs;52/600;600;    174170;    272593;0;788;3427102;274782;4425;808;1.09318;251359;0;0;sBELA0;? Unchecked;v1.6.0-140-g9a10cc1
roadmap;dimacs;53/600;600;    221325;    434952;0;882;4090755;398562;320;808;0.960106;415123;0;0;sBELA0;? Unchecked;v1.6.0-140-g9a10cc1
roadmap;dimacs;54/600;600;    117635;    105076;0;233;583976;62021;963;844;0.193824;319986;0;0;sBELA0;? Unchecked;v1.6.0-140-g9a10cc1
roadmap;dimacs;55/600;600;    193103;    276461;0;852;3632954;349919;206;844;0.780673;448227;0;0;sBELA0;? Unchecked;v1.6.0-140-g9a10cc1
roadmap;dimacs;56/600;600;      4570;     94284;0;1056;3585715;357324;466;844;0.981647;364005;0;0;sBELA0;? Unchecked;v1.6.0-140-g9a10cc1
roadmap;dimacs;57/600;600;    131126;     21354;0;544;1578595;123342;851;844;0.396631;310974;0;0;sBELA0;? Unchecked;v1.6.0-140-g9a10cc1
roadmap;dimacs;58/600;600;    235750;    208824;0;545;2587630;197650;2339;844;0.703955;280771;0;0;sBELA0;? Unchecked;v1.6.0-140-g9a10cc1
roadmap;dimacs;59/600;600;       489;    261832;0;411;1642273;163342;1526;748;0.476881;342522;0;0;sBELA0;? Unchecked;v1.6.0-140-g9a10cc1
roadmap;dimacs;60/600;600;    318387;    328863;0;1373;5153240;399274;139;808;1.02712;388733;0;0;sBELA0;? Unchecked;v1.6.0-140-g9a10cc1
roadmap;dimacs;61/600;600;    274877;     23528;0;776;2981192;151831;366;808;0.483022;314336;0;0;sBELA0;? Unchecked;v1.6.0-140-g9a10cc1
roadmap;dimacs;62/600;600;    220394;    272522;0;696;1663597;220826;1403;851;0.619126;356674;0;0;sBELA0;? Unchecked;v1.6.0-140-g9a10cc1
roadmap;dimacs;63/600;600;    228259;    177627;0;1110;4599507;415081;544;856;1.23397;336380;0;0;sBELA0;? Unchecked;v1.6.0-140-g9a10cc1
roadmap;dimacs;64/600;600;    319517;    205274;0;771;3597828;283985;499;856;0.737066;385291;0;0;sBELA0;? Unchecked;v1.6.0-140-g9a10cc1
roadmap;dimacs;65/600;600;    312838;    292039;0;248;1793904;31831;1977;856;0.193458;164537;0;0;sBELA0;? Unchecked;v1.6.0-140-g9a10cc1
roadmap;dimacs;66/600;600;    231105;    325711;0;1098;3901493;379747;127;856;0.825305;460129;0;0;sBELA0;? Unchecked;v1.6.0-140-g9a10cc1
roadmap;dimacs;67/600;600;     24598;    413512;0;444;1005054;154206;1262;856;0.464725;331822;0;0;sBELA0;? Unchecked;v1.6.0-140-g9a10cc1
roadmap;dimacs;68/600;600;     23559;    272815;0;777;1349169;198458;179;856;0.471978;420482;0;0;sBELA0;? Unchecked;v1.6.0-140-g9a10cc1
roadmap;dimacs;69/600;600;     77506;    341012;0;440;2260181;76008;500;856;0.338582;224489;0;0;sBELA0;? Unchecked;v1.6.0-140-g9a10cc1
roadmap;dimacs;70/600;600;    292092;    386735;0;559;2946493;88228;4371;856;0.681898;129386;0;0;sBELA0;? Unchecked;v1.6.0-140-g9a10cc1
roadmap;dimacs;71/600;600;    376744;    379588;0;596;3662400;263968;348;856;0.609209;433296;0;0;sBELA0;? Unchecked;v1.6.0-140-g9a10cc1
roadmap;dimacs;72/600;600;    379408;    158562;0;481;2614105;131176;4606;856;0.758364;172972;0;0;sBELA0;? Unchecked;v1.6.0-140-g9a10cc1
roadmap;dimacs;73/600;600;    165998;    242916;0;861;3772504;392377;749;748;0.963292;407329;0;0;sBELA0;? Unchecked;v1.6.0-140-g9a10cc1
roadmap;dimacs;74/600;600;    273849;    233106;0;746;3818819;329209;1123;778;0.894172;368172;0;0;sBELA0;? Unchecked;v1.6.0-140-g9a10cc1
roadmap;dimacs;75/600;600;    128253;     35195;0;636;2085392;152894;1168;795;0.699062;218713;0;0;sBELA0;? Unchecked;v1.6.0-140-g9a10cc1
roadmap;dimacs;76/600;600;    183220;      8889;0;545;1483679;128232;766;795;0.47001;272828;0;0;sBELA0;? Unchecked;v1.6.0-140-g9a10cc1
roadmap;dimacs;77/600;600;    272704;    414613;0;299;1249910;48658;2049;795;0.274135;177496;0;0;sBELA0;? Unchecked;v1.6.0-140-g9a10cc1
roadmap;dimacs;78/600;600;    370469;     78546;0;498;2391268;243231;628;805;0.582304;417704;0;0;sBELA0;? Unchecked;v1.6.0-140-g9a10cc1
roadmap;dimacs;79/600;600;     89775;    214561;0;759;2352783;206635;2336;805;0.833034;248051;0;0;sBELA0;? Unchecked;v1.6.0-140-g9a10cc1
roadmap;dimacs;80/600;600;    189664;    402552;0;512;2165195;95860;350;805;0.372733;257181;0;0;sBELA0;? Unchecked;v1.6.0-140-g9a10cc1
roadmap;dimacs;81/600;600;    152121;    246814;0;1150;4830952;426909;252;808;1.12019;381103;0;0;sBELA0;? Unchecked;v1.6.0-140-g9a10cc1
roadmap;dimacs;82/600;600;    322470;    286921;0;1462;7189088;421937;675;808;1.22772;343675;0;0;sBELA0;? Unchecked;v1.6.0-140-g9a10cc1
roadmap;dimacs;83/600;600;    299997;    278967;0;1318;5172479;386075;242;808;1.04709;368713;0;0;sBELA0;? Unchecked;v1.6.0-140-g9a10cc1
roadmap;dimacs;84/600;600;    250235;    356746;0;1032;4990087;380509;547;808;1.12397;338541;0;0;sBELA0;? Unchecked;v1.6.0-140-g9a10cc1
roadmap;dimacs;85/600;600;    163254;    319164;0;935;3692285;363960;940;808;1.13053;321938;0;0;sBELA0;? Unchecked;v1.6.0-140-g9a10cc1
roadmap;dimacs;86/600;600;    140318;      8074;0;510;1353128;139180;1806;808;0.497906;279531;0;0;sBELA0;? Unchecked;v1.6.0-140-g9a10cc1
roadmap;dimacs;87/600;600;    185965;    196301;0;827;3531248;349306;97;808;0.71243;490302;0;0;sBELA0;? Unchecked;v1.6.0-140-g9a10cc1
roadmap;dimacs;88/600;600;    359803;     81858;0;245;1280730;59405;636;808;0.214038;277544;0;0;sBELA0;? Unchecked;v1.6.0-140-g9a10cc1
roadmap;dimacs;89/600;600;    349089;    308312;0;685;3373308;366038;1207;808;0.952651;384231;0;0;sBELA0;? Unchecked;v1.6.0-140-g9a10cc1
roadmap;dimacs;90/600;600;    347477;    427675;0;458;1015081;119488;487;808;0.392044;304782;0;0;sBELA0;? Unchecked;v1.6.0-140-g9a10cc1
roadmap;dimacs;91/600;600;    368929;    215278;0;694;1738186;157482;699;808;0.454674;346363;0;0;sBELA0;? Unchecked;v1.6.0-140-g9a10cc1
roadmap;dimacs;92/600;600;     92275;    285142;0;1507;5738432;411942;472;808;1.2457;330691;0;0;sBELA0;? Unchecked;v1.6.0-140-g9a10cc1
roadmap;dimacs;93/600;600;    118818;    384490;0;739;2891436;317109;1307;856;0.860164;368661;0;0;sBELA0;? Unchecked;v1.6.0-140-g9a10cc1
roadmap;dimacs;94/600;600;    413378;    431648;0;453;2464030;243635;1140;856;0.692359;351891;0;0;sBELA0;? Unchecked;v1.6.0-140-g9a10cc1
roadmap;dimacs;95/600;600;     22320;    400212;0;356;1095271;170061;926;856;0.413894;410881;0;0;sBELA0;? Unchecked;v1.6.0-140-g9a10cc1
roadmap;dimacs;96/600;600;    110951;    317115;0;1309;5277179;429814;236;856;1.12357;382542;0;0;sBELA0;? Unchecked;v1.6.0-140-g9a10cc1
roadmap;dimacs;97/600;600;    153175;    122456;0;258;815122;55627;852;856;0.183402;303307;0;0;sBELA0;? Unchecked;v1.6.0-140-g9a10cc1
roadmap;dimacs;98/600;600;     72512;    386851;0;1243;5208275;356139;231;856;1.0228;348200;0;0;sBELA0;? Unchecked;v1.6.0-140-g9a10cc1
roadmap;dimacs;99/600;600;    148594;    414859;0;321;1799612;216952;2231;856;0.516019;420434;0;0;sBELA0;? Unchecked;v1.6.0-140-g9a10cc1
roadmap;dimacs;0/700;700;    294756;    116704;0;1121;4214149;306471;1083;856;1.04637;292889;0;0;sBELA0;? Unchecked;v1.6.0-140-g9a10cc1
roadmap;dimacs;1/700;700;    325364;     11913;0;1264;4116216;307976;647;856;0.975386;315748;0;0;sBELA0;? Unchecked;v1.6.0-140-g9a10cc1
roadmap;dimacs;2/700;700;    285177;    334042;0;422;3637521;242845;719;856;0.610099;398042;0;0;sBELA0;? Unchecked;v1.6.0-140-g9a10cc1
roadmap;dimacs;3/700;700;    236480;     66871;0;753;3645261;292942;777;856;0.815959;359016;0;0;sBELA0;? Unchecked;v1.6.0-140-g9a10cc1
roadmap;dimacs;4/700;700;    249937;    358183;0;1209;5848592;417071;558;856;1.12686;370119;0;0;sBELA0;? Unchecked;v1.6.0-140-g9a10cc1
roadmap;dimacs;5/700;700;    278932;    202424;0;1207;5259370;416302;857;856;1.17916;353050;0;0;sBELA0;? Unchecked;v1.6.0-140-g9a10cc1
roadmap;dimacs;6/700;700;    430744;    255885;0;714;2988685;213657;749;856;0.721686;296052;0;0;sBELA0;? Unchecked;v1.6.0-140-g9a10cc1
roadmap;dimacs;7/700;700;    167653;    110820;0;454;1630886;125205;636;856;0.388556;322232;0;0;sBELA0;? Unchecked;v1.6.0-140-g9a10cc1
roadmap;dimacs;8/700;700;    389224;    209129;0;871;3482970;281013;137;856;0.608368;461913;0;0;sBELA0;? Unchecked;v1.6.0-140-g9a10cc1
roadmap;dimacs;9/700;700;    361295;    369960;0;200;827328;18786;772;856;0.116369;161435;0;0;sBELA0;? Unchecked;v1.6.0-140-g9a10cc1
roadmap;dimacs;10/700;700;     63073;    122016;0;551;1057732;146463;516;856;0.387244;378219;0;0;sBELA0;? Unchecked;v1.6.0-140-g9a10cc1
roadmap;dimacs;11/700;700;    377280;     89101;0;1025;3954077;249453;582;856;0.819979;304219;0;0;sBELA0;? Unchecked;v1.6.0-140-g9a10cc1
roadmap;dimacs;12/700;700;    184086;      9250;0;412;1411758;103016;1471;856;0.382387;269402;0;0;sBELA0;? Unchecked;v1.6.0-140-g9a10cc1
roadmap;dimacs;13/700;700;     11558;    157695;0;479;1399910;190876;3950;856;0.763667;249947;0;0;sBELA0;? Unchecked;v1.6.0-140-g9a10cc1
roadmap;dimacs;14/700;700;    290606;    380934;0;905;3361962;128087;683;856;0.582671;219827;0;0;sBELA0;? Unchecked;v1.6.0-140-g9a10cc1
roadmap;dimacs;15/700;700;    312872;    335255;0;1139;5080719;215455;2259;856;1.24537;173005;0;0;sBELA0;? Unchecked;v1.6.0-140-g9a10cc1
roadmap;dimacs;16/700;700;    172626;    340963;0;501;1825376;70081;600;856;0.322548;217273;0;0;sBELA0;? Unchecked;v1.6.0-140-g9a10cc1
roadmap;dimacs;17/700;700;     71257;    309332;0;809;3137995;361425;572;753;0.953405;379088;0;0;sBELA0;? Unchecked;v1.6.0-140-g9a10cc1
roadmap;dimacs;18/700;700;    197543;    272443;0;1212;3728585;358860;1683;808;1.34566;266679;0;0;sBELA0;? Unchecked;v1.6.0-140-g9a10cc1
roadmap;dimacs;19/700;700;    115849;    293642;0;1219;4552602;408259;570;808;1.23151;331511;0;0;sBELA0;? Unchecked;v1.6.0-140-g9a10cc1
roadmap;dimacs;20/700;700;     96029;    288190;0;1376;5472107;411479;611;808;1.27647;322356;0;0;sBELA0;? Unchecked;v1.6.0-140-g9a10cc1
roadmap;dimacs;21/700;700;    123302;    388474;0;613;2889761;317169;1704;856;1.03201;307333;0;0;sBELA0;? Unchecked;v1.6.0-140-g9a10cc1
roadmap;dimacs;22/700;700;    395621;    154547;0;1154;4759398;199641;310;856;0.794895;251154;0;0;sBELA0;? Unchecked;v1.6.0-140-g9a10cc1
roadmap;dimacs;23/700;700;    223763;    127629;0;555;1966028;249723;1358;856;0.675379;369753;0;0;sBELA0;? Unchecked;v1.6.0-140-g9a10cc1
roadmap;dimacs;24/700;700;    327745;    375938;0;1194;5462485;405027;1492;748;1.47636;274342;0;0;sBELA0;? Unchecked;v1.6.0-140-g9a10cc1
roadmap;dimacs;25/700;700;    175197;      5809;0;869;2920321;171074;2005;797;0.769068;222443;0;0;sBELA0;? Unchecked;v1.6.0-140-g9a10cc1
roadmap;dimacs;26/700;700;    188424;    158412;0;793;2522016;259616;644;807;0.907181;286179;0;0;sBELA0;? Unchecked;v1.6.0-140-g9a10cc1
roadmap;dimacs;27/700;700;    268346;    359471;0;1016;3161904;296225;169;807;0.713743;415030;0;0;sBELA0;? Unchecked;v1.6.0-140-g9a10cc1
roadmap;dimacs;28/700;700;    174382;    236731;0;1141;4392242;392463;476;808;1.23277;318357;0;0;sBELA0;? Unchecked;v1.6.0-140-g9a10cc1
roadmap;dimacs;29/700;700;    204045;    159790;0;913;2895120;241294;1024;808;0.951208;253671;0;0;sBELA0;? Unchecked;v1.6.0-140-g9a10cc1
roadmap;dimacs;30/700;700;    390757;    318002;0;346;1673582;37407;6816;808;0.527712;70885.3;0;0;sBELA0;? Unchecked;v1.6.0-140-g9a10cc1
roadmap;dimacs;31/700;700;     91059;     57980;0;829;3686067;214802;917;808;0.715032;300409;0;0;sBELA0;? Unchecked;v1.6.0-140-g9a10cc1
roadmap;dimacs;32/700;700;     72990;    320575;0;1205;5652114;372593;641;808;1.27171;292986;0;0;sBELA0;? Unchecked;v1.6.0-140-g9a10cc1
roadmap;dimacs;33/700;700;     65526;    339114;0;1136;4409685;402346;121;856;0.978242;411295;0;0;sBELA0;? Unchecked;v1.6.0-140-g9a10cc1
roadmap;dimacs;34/700;700;    349165;     12701;0;573;1338299;142529;282;748;0.375447;379624;0;0;sBELA0;? Unchecked;v1.6.0-140-g9a10cc1
roadmap;dimacs;35/700;700;    187769;    228911;0;356;1372387;61687;1664;748;0.340447;181194;0;0;sBELA0;? Unchecked;v1.6.0-140-g9a10cc1
roadmap;dimacs;36/700;700;    190262;     14733;0;1116;3834288;296419;140;808;0.769747;385086;0;0;sBELA0;? Unchecked;v1.6.0-140-g9a10cc1
roadmap;dimacs;37/700;700;    143799;    328188;0;479;1975399;249340;493;808;0.564259;441889;0;0;sBELA0;? Unchecked;v1.6.0-140-g9a10cc1
roadmap;dimacs;38/700;700;     96331;    415538;0;1006;4067474;321540;597;808;0.889826;361352;0;0;sBELA0;? Unchecked;v1.6.0-140-g9a10cc1
roadmap;dimacs;39/700;700;     65115;    387688;0;888;3374195;324305;1230;808;0.99416;326210;0;0;sBELA0;? Unchecked;v1.6.0-140-g9a10cc1
roadmap;dimacs;40/700;700;    332193;    387507;0;1006;3944565;334928;531;808;0.92834;360782;0;0;sBELA0;? Unchecked;v1.6.0-140-g9a10cc1
roadmap;dimacs;41/700;700;    127669;    162338;0;665;2783547;282215;2311;808;0.96914;291201;0;0;sBELA0;? Unchecked;v1.6.0-140-g9a10cc1
roadmap;dimacs;42/700;700;    263041;    142943;0;922;2504937;246457;339;808;0.672176;366655;0;0;sBELA0;? Unchecked;v1.6.0-140-g9a10cc1
roadmap;dimacs;43/700;700;    390723;      1064;0;939;3692788;339992;448;808;0.916351;371028;0;0;sBELA0;? Unchecked;v1.6.0-140-g9a10cc1
roadmap;dimacs;44/700;700;    304490;    279242;0;1377;5596845;415906;322;808;1.0999;378131;0;0;sBELA0;? Unchecked;v1.6.0-140-g9a10cc1
roadmap;dimacs;45/700;700;     26846;    394583;0;1156;4840429;419734;327;808;1.1401;368155;0;0;sBELA0;? Unchecked;v1.6.0-140-g9a10cc1
roadmap;dimacs;46/700;700;    233353;    185925;0;812;3815799;329959;1710;808;1.06169;310787;0;0;sBELA0;? Unchecked;v1.6.0-140-g9a10cc1
roadmap;dimacs;47/700;700;    323833;    176822;0;616;2620292;72240;533;808;0.406578;177678;0;0;sBELA0;? Unchecked;v1.6.0-140-g9a10cc1
roadmap;dimacs;48/700;700;    346446;     63237;0;541;1770582;195917;468;808;0.460781;425185;0;0;sBELA0;? Unchecked;v1.6.0-140-g9a10cc1
roadmap;dimacs;49/700;700;    113928;    360799;0;541;1735286;213922;440;808;0.546577;391385;0;0;sBELA0;? Unchecked;v1.6.0-140-g9a10cc1
roadmap;dimacs;50/700;700;    199421;    266182;0;1130;3654859;311426;546;808;0.851459;365756;0;0;sBELA0;? Unchecked;v1.6.0-140-g9a10cc1
roadmap;dimacs;51/700;700;    293869;     25608;0;1120;4306190;230485;444;808;0.81075;284286;0;0;sBELA0;? Unchecked;v1.6.0-140-g9a10cc1
roadmap;dimacs;52/700;700;    174170;    272593;0;785;3427127;274789;5114;808;1.15959;236971;0;0;sBELA0;? Unchecked;v1.6.0-140-g9a10cc1
roadmap;dimacs;53/700;700;    221325;    434952;0;842;4090766;398563;369;808;0.98916;402931;0;0;sBELA0;? Unchecked;v1.6.0-140-g9a10cc1
roadmap;dimacs;54/700;700;    117635;    105076;0;224;583989;62026;1097;844;0.207679;298663;0;0;sBELA0;? Unchecked;v1.6.0-140-g9a10cc1
roadmap;dimacs;55/700;700;    193103;    276461;0;863;3632957;349920;227;844;0.790525;442643;0;0;sBELA0;? Unchecked;v1.6.0-140-g9a10cc1
roadmap;dimacs;56/700;700;      4570;     94284;0;1056;3585720;357325;529;844;1.03271;346008;0;0;sBELA0;? Unchecked;v1.6.0-140-g9a10cc1
roadmap;dimacs;57/700;700;    131126;     21354;0;546;1578605;123345;980;844;0.426713;289059;0;0;sBELA0;? Unchecked;v1.6.0-140-g9a10cc1
roadmap;dimacs;58/700;700;    235750;    208824;0;539;2587690;197660;2759;844;0.757429;260962;0;0;sBELA0;? Unchecked;v1.6.0-140-g9a10cc1
roadmap;dimacs;59/700;700;       489;    261832;0;408;1642306;163348;1790;748;0.511183;319549;0;0;sBELA0;? Unchecked;v1.6.0-140-g9a10cc1
roadmap;dimacs;60/700;700;    318387;    328863;0;1373;5153243;399274;163;808;1.05688;377785;0;0;sBELA0;? Unchecked;v1.6.0-140-g9a10cc1
roadmap;dimacs;61/700;700;    274877;     23528;0;773;2981199;151831;419;808;0.537796;282321;0;0;sBELA0;? Unchecked;v1.6.0-140-g9a10cc1
roadmap;dimacs;62/700;700;    220394;    272522;0;701;1663620;220828;1581;851;0.664555;332294;0;0;sBELA0;? Unchecked;v1.6.0-140-g9a10cc1
roadmap;dimacs;63/700;700;    228259;    177627;0;1112;4599517;415081;627;856;1.25765;330044;0;0;sBELA0;? Unchecked;v1.6.0-140-g9a10cc1
roadmap;dimacs;64/700;700;    319517;    205274;0;773;3597837;283987;585;856;0.773802;367002;0;0;sBELA0;? Unchecked;v1.6.0-140-g9a10cc1
roadmap;dimacs;65/700;700;    312838;    292039;0;255;1794019;31835;2315;856;0.212704;149668;0;0;sBELA0;? Unchecked;v1.6.0-140-g9a10cc1
roadmap;dimacs;66/700;700;    231105;    325711;0;1097;3901496;379747;140;856;0.83461;454999;0;0;sBELA0;? Unchecked;v1.6.0-140-g9a10cc1
roadmap;dimacs;67/700;700;     24598;    413512;0;448;1005082;154213;1466;856;0.494485;311866;0;0;sBELA0;? Unchecked;v1.6.0-140-g9a10cc1
roadmap;dimacs;68/700;700;     23559;    272815;0;782;1349174;198458;194;856;0.484395;409703;0;0;sBELA0;? Unchecked;v1.6.0-140-g9a10cc1
roadmap;dimacs;69/700;700;     77506;    341012;0;438;2260199;76011;583;856;0.360758;210698;0;0;sBELA0;? Unchecked;v1.6.0-140-g9a10cc1
roadmap;dimacs;70/700;700;    292092;    386735;0;556;2946539;88229;5108;856;0.767632;114937;0;0;sBELA0;? Unchecked;v1.6.0-140-g9a10cc1
roadmap;dimacs;71/700;700;    376744;    379588;0;597;3662404;263969;393;856;0.624561;422647;0;0;sBELA0;? Unchecked;v1.6.0-140-g9a10cc1
roadmap;dimacs;72/700;700;    379408;    158562;0;482;2614197;131195;5389;856;0.849797;154384;0;0;sBELA0;? Unchecked;v1.6.0-140-g9a10cc1
roadmap;dimacs;73/700;700;    165998;    242916;0;861;3772532;392379;904;748;1.04142;376774;0;0;sBELA0;? Unchecked;v1.6.0-140-g9a10cc1
roadmap;dimacs;74/700;700;    273849;    233106;0;747;3818836;329210;1297;778;0.904819;363841;0;0;sBELA0;? Unchecked;v1.6.0-140-g9a10cc1
roadmap;dimacs;75/700;700;    128253;     35195;0;637;2085409;152896;1368;795;0.770712;198383;0;0;sBELA0;? Unchecked;v1.6.0-140-g9a10cc1
roadmap;dimacs;76/700;700;    183220;      8889;0;536;1483689;128237;865;795;0.512436;250250;0;0;sBELA0;? Unchecked;v1.6.0-140-g9a10cc1
roadmap;dimacs;77/700;700;    272704;    414613;0;293;1249955;48663;2310;795;0.302595;160819;0;0;sBELA0;? Unchecked;v1.6.0-140-g9a10cc1
roadmap;dimacs;78/700;700;    370469;     78546;0;496;2391284;243234;733;805;0.596819;407550;0;0;sBELA0;? Unchecked;v1.6.0-140-g9a10cc1
roadmap;dimacs;79/700;700;     89775;    214561;0;757;2352816;206643;2852;805;0.931447;221852;0;0;sBELA0;? Unchecked;v1.6.0-140-g9a10cc1
roadmap;dimacs;80/700;700;    189664;    402552;0;510;2165203;95861;409;805;0.391666;244752;0;0;sBELA0;? Unchecked;v1.6.0-140-g9a10cc1
roadmap;dimacs;81/700;700;    152121;    246814;0;1154;4830956;426909;285;808;1.16495;366460;0;0;sBELA0;? Unchecked;v1.6.0-140-g9a10cc1
roadmap;dimacs;82/700;700;    322470;    286921;0;1461;7189097;421937;781;808;1.28701;327842;0;0;sBELA0;? Unchecked;v1.6.0-140-g9a10cc1
roadmap;dimacs;83/700;700;    299997;    278967;0;1318;5172483;386075;275;808;1.09835;351504;0;0;sBELA0;? Unchecked;v1.6.0-140-g9a10cc1
roadmap;dimacs;84/700;700;    250235;    356746;0;1030;4990095;380509;619;808;1.12072;339523;0;0;sBELA0;? Unchecked;v1.6.0-140-g9a10cc1
roadmap;dimacs;85/700;700;    163254;    319164;0;935;3692297;363964;1082;808;1.21103;300541;0;0;sBELA0;? Unchecked;v1.6.0-140-g9a10cc1
roadmap;dimacs;86/700;700;    140318;      8074;0;505;1353150;139185;2072;808;0.536881;259248;0;0;sBELA0;? Unchecked;v1.6.0-140-g9a10cc1
roadmap;dimacs;87/700;700;    185965;    196301;0;824;3531252;349306;105;808;0.721676;484020;0;0;sBELA0;? Unchecked;v1.6.0-140-g9a10cc1
roadmap;dimacs;88/700;700;    359803;     81858;0;259;1280771;59411;753;808;0.236442;251271;0;0;sBELA0;? Unchecked;v1.6.0-140-g9a10cc1
roadmap;dimacs;89/700;700;    349089;    308312;0;685;3373332;366039;1401;808;0.998698;366516;0;0;sBELA0;? Unchecked;v1.6.0-140-g9a10cc1
roadmap;dimacs;90/700;700;    347477;    427675;0;460;1015089;119492;549;808;0.41845;285559;0;0;sBELA0;? Unchecked;v1.6.0-140-g9a10cc1
roadmap;dimacs;91/700;700;    368929;    215278;0;695;1738207;157484;798;808;0.487265;323200;0;0;sBELA0;? Unchecked;v1.6.0-140-g9a10cc1
roadmap;dimacs;92/700;700;     92275;    285142;0;1508;5738437;411942;537;808;1.31926;312253;0;0;sBELA0;? Unchecked;v1.6.0-140-g9a10cc1
roadmap;dimacs;93/700;700;    118818;    384490;0;734;2891455;317111;1511;856;0.910706;348204;0;0;sBELA0;? Unchecked;v1.6.0-140-g9a10cc1
roadmap;dimacs;94/700;700;    413378;    431648;0;454;2464059;243636;1302;856;0.710047;343126;0;0;sBELA0;? Unchecked;v1.6.0-140-g9a10cc1
roadmap;dimacs;95/700;700;     22320;    400212;0;357;1095292;170064;1100;856;0.441031;385605;0;0;sBELA0;? Unchecked;v1.6.0-140-g9a10cc1
roadmap;dimacs;96/700;700;    110951;    317115;0;1304;5277183;429814;268;856;1.16383;369310;0;0;sBELA0;? Unchecked;v1.6.0-140-g9a10cc1
roadmap;dimacs;97/700;700;    153175;    122456;0;266;815150;55629;985;856;0.199028;279503;0;0;sBELA0;? Unchecked;v1.6.0-140-g9a10cc1
roadmap;dimacs;98/700;700;     72512;    386851;0;1241;5208286;356139;267;856;1.05032;339076;0;0;sBELA0;? Unchecked;v1.6.0-140-g9a10cc1
roadmap;dimacs;99/700;700;    148594;    414859;0;319;1799650;216961;2523;856;0.543897;398901;0;0;sBELA0;? Unchecked;v1.6.0-140-g9a10cc1
roadmap;dimacs;0/800;800;    294756;    116704;0;1119;4214159;306474;1214;856;1.10164;278198;0;0;sBELA0;? Unchecked;v1.6.0-140-g9a10cc1
roadmap;dimacs;1/800;800;    325364;     11913;0;1266;4116221;307976;713;856;1.02101;301637;0;0;sBELA0;? Unchecked;v1.6.0-140-g9a10cc1
roadmap;dimacs;2/800;800;    285177;    334042;0;420;3637538;242845;826;856;0.633413;383391;0;0;sBELA0;? Unchecked;v1.6.0-140-g9a10cc1
roadmap;dimacs;3/800;800;    236480;     66871;0;757;3645268;292944;868;856;0.851392;344076;0;0;sBELA0;? Unchecked;v1.6.0-140-g9a10cc1
roadmap;dimacs;4/800;800;    249937;    358183;0;1211;5848603;417071;652;856;1.13184;368490;0;0;sBELA0;? Unchecked;v1.6.0-140-g9a10cc1
roadmap;dimacs;5/800;800;    278932;    202424;0;1210;5259376;416302;952;856;1.21912;341477;0;0;sBELA0;? Unchecked;v1.6.0-140-g9a10cc1
roadmap;dimacs;6/800;800;    430744;    255885;0;725;2988707;213663;857;856;0.769591;277632;0;0;sBELA0;? Unchecked;v1.6.0-140-g9a10cc1
roadmap;dimacs;7/800;800;    167653;    110820;0;450;1630892;125208;699;856;0.412042;303872;0;0;sBELA0;? Unchecked;v1.6.0-140-g9a10cc1
roadmap;dimacs;8/800;800;    389224;    209129;0;871;3482976;281014;156;856;0.620604;452807;0;0;sBELA0;? Unchecked;v1.6.0-140-g9a10cc1
roadmap;dimacs;9/800;800;    361295;    369960;0;204;827344;18787;881;856;0.128856;145799;0;0;sBELA0;? Unchecked;v1.6.0-140-g9a10cc1
roadmap;dimacs;10/800;800;     63073;    122016;0;551;1057745;146464;596;856;0.41318;354479;0;0;sBELA0;? Unchecked;v1.6.0-140-g9a10cc1
roadmap;dimacs;11/800;800;    377280;     89101;0;1025;3954082;249456;646;856;0.873263;285660;0;0;sBELA0;? Unchecked;v1.6.0-140-g9a10cc1
roadmap;dimacs;12/800;800;    184086;      9250;0;409;1411773;103022;1654;856;0.435868;236360;0;0;sBELA0;? Unchecked;v1.6.0-140-g9a10cc1
roadmap;dimacs;13/800;800;     11558;    157695;0;474;1399950;190880;4620;856;0.853925;223533;0;0;sBELA0;? Unchecked;v1.6.0-140-g9a10cc1
roadmap;dimacs;14/800;800;    290606;    380934;0;903;3361971;128088;767;856;0.638142;200720;0;0;sBELA0;? Unchecked;v1.6.0-140-g9a10cc1
roadmap;dimacs;15/800;800;    312872;    335255;0;1140;5080734;215456;2633;856;1.37647;156528;0;0;sBELA0;? Unchecked;v1.6.0-140-g9a10cc1
roadmap;dimacs;16/800;800;    172626;    340963;0;504;1825386;70083;695;856;0.353299;198367;0;0;sBELA0;? Unchecked;v1.6.0-140-g9a10cc1
roadmap;dimacs;17/800;800;     71257;    309332;0;810;3138001;361427;635;748;0.992988;363979;0;0;sBELA0;? Unchecked;v1.6.0-140-g9a10cc1
roadmap;dimacs;18/800;800;    197543;    272443;0;1209;3728599;358864;1912;808;1.44749;247921;0;0;sBELA0;? Unchecked;v1.6.0-140-g9a10cc1
roadmap;dimacs;19/800;800;    115849;    293642;0;1226;4552610;408260;651;856;1.2977;314602;0;0;sBELA0;? Unchecked;v1.6.0-140-g9a10cc1
roadmap;dimacs;20/800;800;     96029;    288190;0;1377;5472113;411479;680;856;1.35796;303012;0;0;sBELA0;? Unchecked;v1.6.0-140-g9a10cc1
roadmap;dimacs;21/800;800;    123302;    388474;0;613;2889773;317170;1869;856;1.08454;292447;0;0;sBELA0;? Unchecked;v1.6.0-140-g9a10cc1
roadmap;dimacs;22/800;800;    395621;    154547;0;1154;4759402;199643;341;856;0.82238;242763;0;0;sBELA0;? Unchecked;v1.6.0-140-g9a10cc1
roadmap;dimacs;23/800;800;    223763;    127629;0;553;1966041;249725;1518;856;0.734753;339876;0;0;sBELA0;? Unchecked;v1.6.0-140-g9a10cc1
roadmap;dimacs;24/800;800;    327745;    375938;0;1195;5462499;405028;1677;748;1.53371;264084;0;0;sBELA0;? Unchecked;v1.6.0-140-g9a10cc1
roadmap;dimacs;25/800;800;    175197;      5809;0;864;2920334;171078;2316;797;0.831584;205725;0;0;sBELA0;? Unchecked;v1.6.0-140-g9a10cc1
roadmap;dimacs;26/800;800;    188424;    158412;0;796;2522020;259616;688;807;0.955151;271806;0;0;sBELA0;? Unchecked;v1.6.0-140-g9a10cc1
roadmap;dimacs;27/800;800;    268346;    359471;0;1032;3161908;296225;187;807;0.735584;402707;0;0;sBELA0;? Unchecked;v1.6.0-140-g9a10cc1
roadmap;dimacs;28/800;800;    174382;    236731;0;1145;4392251;392463;540;808;1.33397;294207;0;0;sBELA0;? Unchecked;v1.6.0-140-g9a10cc1
roadmap;dimacs;29/800;800;    204045;    159790;0;919;2895132;241295;1147;808;1.02198;236106;0;0;sBELA0;? Unchecked;v1.6.0-140-g9a10cc1
roadmap;dimacs;30/800;800;    390757;    318002;0;347;1673634;37409;7596;808;0.590456;63356.1;0;0;sBELA0;? Unchecked;v1.6.0-140-g9a10cc1
roadmap;dimacs;31/800;800;     91059;     57980;0;826;3686081;214811;1043;808;0.765629;280568;0;0;sBELA0;? Unchecked;v1.6.0-140-g9a10cc1
roadmap;dimacs;32/800;800;     72990;    320575;0;1183;5652121;372594;727;808;1.31465;283417;0;0;sBELA0;? Unchecked;v1.6.0-140-g9a10cc1
roadmap;dimacs;33/800;800;     65526;    339114;0;1133;4409687;402346;133;856;1.0085;398955;0;0;sBELA0;? Unchecked;v1.6.0-140-g9a10cc1
roadmap;dimacs;34/800;800;    349165;     12701;0;576;1338304;142529;312;748;0.401548;354949;0;0;sBELA0;? Unchecked;v1.6.0-140-g9a10cc1
roadmap;dimacs;35/800;800;    187769;    228911;0;360;1372408;61690;1866;748;0.370039;166712;0;0;sBELA0;? Unchecked;v1.6.0-140-g9a10cc1
roadmap;dimacs;36/800;800;    190262;     14733;0;1114;3834291;296420;156;808;0.782712;378709;0;0;sBELA0;? Unchecked;v1.6.0-140-g9a10cc1
roadmap;dimacs;37/800;800;    143799;    328188;0;477;1975405;249340;542;854;0.592348;420935;0;0;sBELA0;? Unchecked;v1.6.0-140-g9a10cc1
roadmap;dimacs;38/800;800;     96331;    415538;0;1005;4067484;321544;688;854;0.948756;338911;0;0;sBELA0;? Unchecked;v1.6.0-140-g9a10cc1
roadmap;dimacs;39/800;800;     65115;    387688;0;888;3374208;324306;1422;856;1.05938;306128;0;0;sBELA0;? Unchecked;v1.6.0-140-g9a10cc1
roadmap;dimacs;40/800;800;    332193;    387507;0;1007;3944572;334928;584;748;0.972063;344554;0;0;sBELA0;? Unchecked;v1.6.0-140-g9a10cc1
roadmap;dimacs;41/800;800;    127669;    162338;0;665;2783565;282217;2647;808;1.06074;266058;0;0;sBELA0;? Unchecked;v1.6.0-140-g9a10cc1
roadmap;dimacs;42/800;800;    263041;    142943;0;919;2504942;246457;371;808;0.668055;368917;0;0;sBELA0;? Unchecked;v1.6.0-140-g9a10cc1
roadmap;dimacs;43/800;800;    390723;      1064;0;942;3692793;339993;494;808;0.953946;356407;0;0;sBELA0;? Unchecked;v1.6.0-140-g9a10cc1
roadmap;dimacs;44/800;800;    304490;    279242;0;1372;5596850;415907;365;808;1.13494;366456;0;0;sBELA0;? Unchecked;v1.6.0-140-g9a10cc1
roadmap;dimacs;45/800;800;     26846;    394583;0;1160;4840434;419734;369;856;1.19519;351187;0;0;sBELA0;? Unchecked;v1.6.0-140-g9a10cc1
roadmap;dimacs;46/800;800;    233353;    185925;0;812;3815810;329959;1924;856;1.13481;290763;0;0;sBELA0;? Unchecked;v1.6.0-140-g9a10cc1
roadmap;dimacs;47/800;800;    323833;    176822;0;610;2620297;72240;592;856;0.418505;172614;0;0;sBELA0;? Unchecked;v1.6.0-140-g9a10cc1
roadmap;dimacs;48/800;800;    346446;     63237;0;542;1770592;195920;533;748;0.467402;419168;0;0;sBELA0;? Unchecked;v1.6.0-140-g9a10cc1
roadmap;dimacs;49/800;800;    113928;    360799;0;517;1735293;213923;491;778;0.579009;369464;0;0;sBELA0;? Unchecked;v1.6.0-140-g9a10cc1
roadmap;dimacs;50/800;800;    199421;    266182;0;1124;3654864;311426;592;808;0.912786;341182;0;0;sBELA0;? Unchecked;v1.6.0-140-g9a10cc1
roadmap;dimacs;51/800;800;    293869;     25608;0;1120;4306195;230487;486;808;0.794508;290100;0;0;sBELA0;? Unchecked;v1.6.0-140-g9a10cc1
roadmap;dimacs;52/800;800;    174170;    272593;0;786;3427148;274792;5757;808;1.25989;218107;0;0;sBELA0;? Unchecked;v1.6.0-140-g9a10cc1
roadmap;dimacs;53/800;800;    221325;    434952;0;871;4090777;398564;410;856;1.02642;388305;0;0;sBELA0;? Unchecked;v1.6.0-140-g9a10cc1
roadmap;dimacs;54/800;800;    117635;    105076;0;226;584012;62033;1271;856;0.219559;282535;0;0;sBELA0;? Unchecked;v1.6.0-140-g9a10cc1
roadmap;dimacs;55/800;800;    193103;    276461;0;861;3632960;349920;257;856;0.813143;430330;0;0;sBELA0;? Unchecked;v1.6.0-140-g9a10cc1
roadmap;dimacs;56/800;800;      4570;     94284;0;1058;3585724;357325;587;856;1.11034;321815;0;0;sBELA0;? Unchecked;v1.6.0-140-g9a10cc1
roadmap;dimacs;57/800;800;    131126;     21354;0;545;1578614;123348;1102;856;0.458149;269231;0;0;sBELA0;? Unchecked;v1.6.0-140-g9a10cc1
roadmap;dimacs;58/800;800;    235750;    208824;0;544;2587728;197670;3118;856;0.807835;244691;0;0;sBELA0;? Unchecked;v1.6.0-140-g9a10cc1
roadmap;dimacs;59/800;800;       489;    261832;0;414;1642323;163349;1956;748;0.556503;293528;0;0;sBELA0;? Unchecked;v1.6.0-140-g9a10cc1
roadmap;dimacs;60/800;800;    318387;    328863;0;1371;5153246;399275;183;808;1.08525;367909;0;0;sBELA0;? Unchecked;v1.6.0-140-g9a10cc1
roadmap;dimacs;61/800;800;    274877;     23528;0;774;2981206;151831;463;808;0.532805;284965;0;0;sBELA0;? Unchecked;v1.6.0-140-g9a10cc1
roadmap;dimacs;62/800;800;    220394;    272522;0;693;1663636;220830;1750;851;0.712042;310136;0;0;sBELA0;? Unchecked;v1.6.0-140-g9a10cc1
roadmap;dimacs;63/800;800;    228259;    177627;0;1117;4599526;415081;705;851;1.33081;311902;0;0;sBELA0;? Unchecked;v1.6.0-140-g9a10cc1
roadmap;dimacs;64/800;800;    319517;    205274;0;775;3597844;283988;654;851;0.813002;349308;0;0;sBELA0;? Unchecked;v1.6.0-140-g9a10cc1
roadmap;dimacs;65/800;800;    312838;    292039;0;252;1794110;31837;2661;851;0.232993;136644;0;0;sBELA0;? Unchecked;v1.6.0-140-g9a10cc1
roadmap;dimacs;66/800;800;    231105;    325711;0;1098;3901502;379747;165;851;0.896071;423791;0;0;sBELA0;? Unchecked;v1.6.0-140-g9a10cc1
roadmap;dimacs;67/800;800;     24598;    413512;0;450;1005105;154218;1669;851;0.548291;281271;0;0;sBELA0;? Unchecked;v1.6.0-140-g9a10cc1
roadmap;dimacs;68/800;800;     23559;    272815;0;775;1349180;198458;208;851;0.510221;388965;0;0;sBELA0;? Unchecked;v1.6.0-140-g9a10cc1
roadmap;dimacs;69/800;800;     77506;    341012;0;441;2260214;76014;666;851;0.381287;199362;0;0;sBELA0;? Unchecked;v1.6.0-140-g9a10cc1
roadmap;dimacs;70/800;800;    292092;    386735;0;554;2946585;88231;5863;851;0.847206;104143;0;0;sBELA0;? Unchecked;v1.6.0-140-g9a10cc1
roadmap;dimacs;71/800;800;    376744;    379588;0;599;3662408;263969;438;851;0.642843;410627;0;0;sBELA0;? Unchecked;v1.6.0-140-g9a10cc1
roadmap;dimacs;72/800;800;    379408;    158562;0;480;2614274;131209;6140;851;0.937197;140001;0;0;sBELA0;? Unchecked;v1.6.0-140-g9a10cc1
roadmap;dimacs;73/800;800;    165998;    242916;0;856;3772550;392380;1036;748;1.04341;376056;0;0;sBELA0;? Unchecked;v1.6.0-140-g9a10cc1
roadmap;dimacs;74/800;800;    273849;    233106;0;748;3818852;329214;1474;778;0.950822;346241;0;0;sBELA0;? Unchecked;v1.6.0-140-g9a10cc1
roadmap;dimacs;75/800;800;    128253;     35195;0;637;2085420;152898;1504;795;0.847677;180373;0;0;sBELA0;? Unchecked;v1.6.0-140-g9a10cc1
roadmap;dimacs;76/800;800;    183220;      8889;0;535;1483700;128240;970;795;0.550934;232768;0;0;sBELA0;? Unchecked;v1.6.0-140-g9a10cc1
roadmap;dimacs;77/800;800;    272704;    414613;0;289;1249991;48665;2561;795;0.327298;148687;0;0;sBELA0;? Unchecked;v1.6.0-140-g9a10cc1
roadmap;dimacs;78/800;800;    370469;     78546;0;497;2391293;243235;819;805;0.613967;396170;0;0;sBELA0;? Unchecked;v1.6.0-140-g9a10cc1
roadmap;dimacs;79/800;800;     89775;    214561;0;759;2352839;206647;3288;805;1.02369;201864;0;0;sBELA0;? Unchecked;v1.6.0-140-g9a10cc1
roadmap;dimacs;80/800;800;    189664;    402552;0;512;2165210;95861;469;805;0.415406;230765;0;0;sBELA0;? Unchecked;v1.6.0-140-g9a10cc1
roadmap;dimacs;81/800;800;    152121;    246814;0;1155;4830959;426909;317;805;1.20713;353655;0;0;sBELA0;? Unchecked;v1.6.0-140-g9a10cc1
roadmap;dimacs;82/800;800;    322470;    286921;0;1458;7189102;421938;858;808;1.34538;313620;0;0;sBELA0;? Unchecked;v1.6.0-140-g9a10cc1
roadmap;dimacs;83/800;800;    299997;    278967;0;1318;5172487;386075;310;808;1.12154;344236;0;0;sBELA0;? Unchecked;v1.6.0-140-g9a10cc1
roadmap;dimacs;84/800;800;    250235;    356746;0;1033;4990101;380510;704;808;1.1616;327574;0;0;sBELA0;? Unchecked;v1.6.0-140-g9a10cc1
roadmap;dimacs;85/800;800;    163254;    319164;0;955;3692307;363965;1223;808;1.3356;272511;0;0;sBELA0;? Unchecked;v1.6.0-140-g9a10cc1
roadmap;dimacs;86/800;800;    140318;      8074;0;504;1353163;139190;2273;808;0.570757;243869;0;0;sBELA0;? Unchecked;v1.6.0-140-g9a10cc1
roadmap;dimacs;87/800;800;    185965;    196301;0;825;3531253;349306;116;808;0.730823;477963;0;0;sBELA0;? Unchecked;v1.6.0-140-g9a10cc1
roadmap;dimacs;88/800;800;    359803;     81858;0;249;1280809;59413;879;808;0.243494;244002;0;0;sBELA0;? Unchecked;v1.6.0-140-g9a10cc1
roadmap;dimacs;89/800;800;    349089;    308312;0;678;3373350;366039;1571;808;1.0477;349373;0;0;sBELA0;? Unchecked;v1.6.0-140-g9a10cc1
roadmap;dimacs;90/800;800;    347477;    427675;0;450;1015097;119495;613;808;0.445079;268481;0;0;sBELA0;? Unchecked;v1.6.0-140-g9a10cc1
roadmap;dimacs;91/800;800;    368929;    215278;0;687;1738222;157488;899;808;0.528809;297817;0;0;sBELA0;? Unchecked;v1.6.0-140-g9a10cc1
roadmap;dimacs;92/800;800;     92275;    285142;0;1510;5738442;411942;605;808;1.34379;306552;0;0;sBELA0;? Unchecked;v1.6.0-140-g9a10cc1
roadmap;dimacs;93/800;800;    118818;    384490;0;735;2891469;317112;1719;826;0.970551;326734;0;0;sBELA0;? Unchecked;v1.6.0-140-g9a10cc1
roadmap;dimacs;94/800;800;    413378;    431648;0;457;2464081;243637;1426;826;0.727396;334944;0;0;sBELA0;? Unchecked;v1.6.0-140-g9a10cc1
roadmap;dimacs;95/800;800;     22320;    400212;0;356;1095308;170069;1234;826;0.513541;331169;0;0;sBELA0;? Unchecked;v1.6.0-140-g9a10cc1
roadmap;dimacs;96/800;800;    110951;    317115;0;1302;5277186;429815;300;826;1.19345;360146;0;0;sBELA0;? Unchecked;v1.6.0-140-g9a10cc1
roadmap;dimacs;97/800;800;    153175;    122456;0;258;815169;55631;1096;826;0.214785;259008;0;0;sBELA0;? Unchecked;v1.6.0-140-g9a10cc1
roadmap;dimacs;98/800;800;     72512;    386851;0;1246;5208293;356139;295;826;1.10277;322950;0;0;sBELA0;? Unchecked;v1.6.0-140-g9a10cc1
roadmap;dimacs;99/800;800;    148594;    414859;0;318;1799683;216965;2816;826;0.584324;371310;0;0;sBELA0;? Unchecked;v1.6.0-140-g9a10cc1
roadmap;dimacs;0/900;900;    294756;    116704;0;1113;4214169;306475;1356;826;1.16375;263351;0;0;sBELA0;? Unchecked;v1.6.0-140-g9a10cc1
roadmap;dimacs;1/900;900;    325364;     11913;0;1257;4116226;307976;794;826;1.08394;284127;0;0;sBELA0;? Unchecked;v1.6.0-140-g9a10cc1
roadmap;dimacs;2/900;900;    285177;    334042;0;422;3637552;242846;924;826;0.668642;363193;0;0;sBELA0;? Unchecked;v1.6.0-140-g9a10cc1
roadmap;dimacs;3/900;900;    236480;     66871;0;754;3645274;292944;950;826;0.900697;325241;0;0;sBELA0;? Unchecked;v1.6.0-140-g9a10cc1
roadmap;dimacs;4/900;900;    249937;    358183;0;1211;5848609;417071;700;826;1.19446;349172;0;0;sBELA0;? Unchecked;v1.6.0-140-g9a10cc1
roadmap;dimacs;5/900;900;    278932;    202424;0;1205;5259382;416302;1043;826;1.27286;327060;0;0;sBELA0;? Unchecked;v1.6.0-140-g9a10cc1
roadmap;dimacs;6/900;900;    430744;    255885;0;717;2988723;213668;978;826;0.830747;257200;0;0;sBELA0;? Unchecked;v1.6.0-140-g9a10cc1
roadmap;dimacs;7/900;900;    167653;    110820;0;448;1630901;125211;772;826;0.445384;281130;0;0;sBELA0;? Unchecked;v1.6.0-140-g9a10cc1
roadmap;dimacs;8/900;900;    389224;    209129;0;871;3482978;281015;169;826;0.646144;434911;0;0;sBELA0;? Unchecked;v1.6.0-140-g9a10cc1
roadmap;dimacs;9/900;900;    361295;    369960;0;200;827355;18789;976;826;0.139905;134298;0;0;sBELA0;? Unchecked;v1.6.0-140-g9a10cc1
roadmap;dimacs;10/900;900;     63073;    122016;0;555;1057755;146464;672;842;0.434871;336799;0;0;sBELA0;? Unchecked;v1.6.0-140-g9a10cc1
roadmap;dimacs;11/900;900;    377280;     89101;0;1028;3954086;249456;701;850;0.912687;273320;0;0;sBELA0;? Unchecked;v1.6.0-140-g9a10cc1
roadmap;dimacs;12/900;900;    184086;      9250;0;417;1411787;103024;1826;850;0.435539;236544;0;0;sBELA0;? Unchecked;v1.6.0-140-g9a10cc1
roadmap;dimacs;13/900;900;     11558;    157695;0;477;1399976;190884;5157;850;0.925972;206145;0;0;sBELA0;? Unchecked;v1.6.0-140-g9a10cc1
roadmap;dimacs;14/900;900;    290606;    380934;0;907;3361978;128088;853;850;0.667057;192019;0;0;sBELA0;? Unchecked;v1.6.0-140-g9a10cc1
roadmap;dimacs;15/900;900;    312872;    335255;0;1139;5080744;215460;2906;850;1.50624;143045;0;0;sBELA0;? Unchecked;v1.6.0-140-g9a10cc1
roadmap;dimacs;16/900;900;    172626;    340963;0;502;1825391;70083;768;850;0.388407;180437;0;0;sBELA0;? Unchecked;v1.6.0-140-g9a10cc1
roadmap;dimacs;17/900;900;     71257;    309332;0;810;3138006;361428;689;748;1.03071;350659;0;0;sBELA0;? Unchecked;v1.6.0-140-g9a10cc1
roadmap;dimacs;18/900;900;    197543;    272443;0;1210;3728613;358866;2170;808;1.56371;229497;0;0;sBELA0;? Unchecked;v1.6.0-140-g9a10cc1
roadmap;dimacs;19/900;900;    115849;    293642;0;1221;4552617;408260;711;856;1.35112;302163;0;0;sBELA0;? Unchecked;v1.6.0-140-g9a10cc1
roadmap;dimacs;20/900;900;     96029;    288190;0;1384;5472119;411479;750;856;1.37447;299373;0;0;sBELA0;? Unchecked;v1.6.0-140-g9a10cc1
roadmap;dimacs;21/900;900;    123302;    388474;0;614;2889789;317174;2059;856;1.14756;276391;0;0;sBELA0;? Unchecked;v1.6.0-140-g9a10cc1
roadmap;dimacs;22/900;900;    395621;    154547;0;1155;4759405;199644;376;856;0.876519;227769;0;0;sBELA0;? Unchecked;v1.6.0-140-g9a10cc1
roadmap;dimacs;23/900;900;    223763;    127629;0;556;1966057;249725;1717;856;0.752347;331928;0;0;sBELA0;? Unchecked;v1.6.0-140-g9a10cc1
roadmap;dimacs;24/900;900;    327745;    375938;0;1195;5462513;405028;1867;748;1.62286;249576;0;0;sBELA0;? Unchecked;v1.6.0-140-g9a10cc1
roadmap;dimacs;25/900;900;    175197;      5809;0;867;2920345;171079;2598;797;0.892999;191578;0;0;sBELA0;? Unchecked;v1.6.0-140-g9a10cc1
roadmap;dimacs;26/900;900;    188424;    158412;0;792;2522026;259616;759;807;1.01467;255863;0;0;sBELA0;? Unchecked;v1.6.0-140-g9a10cc1
roadmap;dimacs;27/900;900;    268346;    359471;0;1013;3161914;296225;212;807;0.760802;389359;0;0;sBELA0;? Unchecked;v1.6.0-140-g9a10cc1
roadmap;dimacs;28/900;900;    174382;    236731;0;1139;4392260;392464;604;808;1.34416;291977;0;0;sBELA0;? Unchecked;v1.6.0-140-g9a10cc1
roadmap;dimacs;29/900;900;    204045;    159790;0;917;2895141;241295;1241;808;1.12359;214754;0;0;sBELA0;? Unchecked;v1.6.0-140-g9a10cc1
roadmap;dimacs;30/900;900;    390757;    318002;0;347;1673670;37411;8172;808;0.648319;57704.6;0;0;sBELA0;? Unchecked;v1.6.0-140-g9a10cc1
roadmap;dimacs;31/900;900;     91059;     57980;0;827;3686094;214814;1160;808;0.809175;265473;0;0;sBELA0;? Unchecked;v1.6.0-140-g9a10cc1
roadmap;dimacs;32/900;900;     72990;    320575;0;1205;5652127;372595;789;808;1.38617;268794;0;0;sBELA0;? Unchecked;v1.6.0-140-g9a10cc1
roadmap;dimacs;33/900;900;     65526;    339114;0;1133;4409690;402346;151;826;1.0166;395777;0;0;sBELA0;? Unchecked;v1.6.0-140-g9a10cc1
roadmap;dimacs;34/900;900;    349165;     12701;0;578;1338307;142530;335;826;0.426491;334192;0;0;sBELA0;? Unchecked;v1.6.0-140-g9a10cc1
roadmap;dimacs;35/900;900;    187769;    228911;0;358;1372425;61691;2050;826;0.402137;153408;0;0;sBELA0;? Unchecked;v1.6.0-140-g9a10cc1
roadmap;dimacs;36/900;900;    190262;     14733;0;1122;3834294;296421;176;826;0.803191;369054;0;0;sBELA0;? Unchecked;v1.6.0-140-g9a10cc1
roadmap;dimacs;37/900;900;    143799;    328188;0;477;1975412;249341;594;854;0.609414;409149;0;0;sBELA0;? Unchecked;v1.6.0-140-g9a10cc1
roadmap;dimacs;38/900;900;     96331;    415538;0;1004;4067491;321546;751;854;0.961296;334492;0;0;sBELA0;? Unchecked;v1.6.0-140-g9a10cc1
roadmap;dimacs;39/900;900;     65115;    387688;0;892;3374221;324308;1597;856;1.17329;276408;0;0;sBELA0;? Unchecked;v1.6.0-140-g9a10cc1
roadmap;dimacs;40/900;900;    332193;    387507;0;1006;3944578;334929;638;748;1.01594;329673;0;0;sBELA0;? Unchecked;v1.6.0-140-g9a10cc1
roadmap;dimacs;41/900;900;    127669;    162338;0;658;2783582;282220;3015;808;1.14618;246227;0;0;sBELA0;? Unchecked;v1.6.0-140-g9a10cc1
roadmap;dimacs;42/900;900;    263041;    142943;0;923;2504947;246457;399;808;0.68727;358603;0;0;sBELA0;? Unchecked;v1.6.0-140-g9a10cc1
roadmap;dimacs;43/900;900;    390723;      1064;0;941;3692798;339994;539;808;0.991741;342825;0;0;sBELA0;? Unchecked;v1.6.0-140-g9a10cc1
roadmap;dimacs;44/900;900;    304490;    279242;0;1364;5596853;415907;405;808;1.16988;355513;0;0;sBELA0;? Unchecked;v1.6.0-140-g9a10cc1
roadmap;dimacs;45/900;900;     26846;    394583;0;1155;4840436;419734;401;826;1.21613;345140;0;0;sBELA0;? Unchecked;v1.6.0-140-g9a10cc1
roadmap;dimacs;46/900;900;    233353;    185925;0;806;3815821;329960;2141;826;1.24741;264516;0;0;sBELA0;? Unchecked;v1.6.0-140-g9a10cc1
roadmap;dimacs;47/900;900;    323833;    176822;0;618;2620302;72240;651;826;0.461168;156646;0;0;sBELA0;? Unchecked;v1.6.0-140-g9a10cc1
roadmap;dimacs;48/900;900;    346446;     63237;0;540;1770601;195921;606;826;0.492217;398038;0;0;sBELA0;? Unchecked;v1.6.0-140-g9a10cc1
roadmap;dimacs;49/900;900;    113928;    360799;0;534;1735300;213925;542;826;0.598756;357282;0;0;sBELA0;? Unchecked;v1.6.0-140-g9a10cc1
roadmap;dimacs;50/900;900;    199421;    266182;0;1120;3654869;311426;644;826;0.917734;339342;0;0;sBELA0;? Unchecked;v1.6.0-140-g9a10cc1
roadmap;dimacs;51/900;900;    293869;     25608;0;1121;4306199;230488;522;826;0.815975;282470;0;0;sBELA0;? Unchecked;v1.6.0-140-g9a10cc1
roadmap;dimacs;52/900;900;    174170;    272593;0;786;3427170;274796;6503;826;1.37565;199757;0;0;sBELA0;? Unchecked;v1.6.0-140-g9a10cc1
roadmap;dimacs;53/900;900;    221325;    434952;0;884;4090785;398564;464;826;1.04651;380849;0;0;sBELA0;? Unchecked;v1.6.0-140-g9a10cc1
roadmap;dimacs;54/900;900;    117635;    105076;0;226;584036;62037;1472;844;0.239112;259447;0;0;sBELA0;? Unchecked;v1.6.0-140-g9a10cc1
roadmap;dimacs;55/900;900;    193103;    276461;0;852;3632964;349920;277;844;0.835947;418591;0;0;sBELA0;? Unchecked;v1.6.0-140-g9a10cc1
roadmap;dimacs;56/900;900;      4570;     94284;0;1057;3585728;357325;640;844;1.17125;305081;0;0;sBELA0;? Unchecked;v1.6.0-140-g9a10cc1
roadmap;dimacs;57/900;900;    131126;     21354;0;544;1578620;123348;1208;844;0.484506;254585;0;0;sBELA0;? Unchecked;v1.6.0-140-g9a10cc1
roadmap;dimacs;58/900;900;    235750;    208824;0;522;2587760;197679;3448;844;0.859175;230080;0;0;sBELA0;? Unchecked;v1.6.0-140-g9a10cc1
roadmap;dimacs;59/900;900;       489;    261832;0;416;1642351;163353;2222;748;0.591987;275940;0;0;sBELA0;? Unchecked;v1.6.0-140-g9a10cc1
roadmap;dimacs;60/900;900;    318387;    328863;0;1371;5153248;399275;202;808;1.13221;352650;0;0;sBELA0;? Unchecked;v1.6.0-140-g9a10cc1
roadmap;dimacs;61/900;900;    274877;     23528;0;795;2981213;151833;507;808;0.559925;271167;0;0;sBELA0;? Unchecked;v1.6.0-140-g9a10cc1
roadmap;dimacs;62/900;900;    220394;    272522;0;699;1663658;220831;1920;826;0.749803;294519;0;0;sBELA0;? Unchecked;v1.6.0-140-g9a10cc1
roadmap;dimacs;63/900;900;    228259;    177627;0;1119;4599534;415081;779;826;1.37797;301227;0;0;sBELA0;? Unchecked;v1.6.0-140-g9a10cc1
roadmap;dimacs;64/900;900;    319517;    205274;0;771;3597847;283991;714;826;0.85793;331019;0;0;sBELA0;? Unchecked;v1.6.0-140-g9a10cc1
roadmap;dimacs;65/900;900;    312838;    292039;0;246;1794197;31840;2999;826;0.270171;117851;0;0;sBELA0;? Unchecked;v1.6.0-140-g9a10cc1
roadmap;dimacs;66/900;900;    231105;    325711;0;1102;3901504;379747;182;826;0.91859;413402;0;0;sBELA0;? Unchecked;v1.6.0-140-g9a10cc1
roadmap;dimacs;67/900;900;     24598;    413512;0;443;1005127;154223;1873;826;0.555806;277477;0;0;sBELA0;? Unchecked;v1.6.0-140-g9a10cc1
roadmap;dimacs;68/900;900;     23559;    272815;0;785;1349186;198458;229;826;0.526987;376590;0;0;sBELA0;? Unchecked;v1.6.0-140-g9a10cc1
roadmap;dimacs;69/900;900;     77506;    341012;0;441;2260226;76015;739;826;0.41612;182676;0;0;sBELA0;? Unchecked;v1.6.0-140-g9a10cc1
roadmap;dimacs;70/900;900;    292092;    386735;0;558;2946624;88232;6632;826;0.947909;93080.7;0;0;sBELA0;? Unchecked;v1.6.0-140-g9a10cc1
roadmap;dimacs;71/900;900;    376744;    379588;0;595;3662412;263970;478;826;0.668303;394985;0;0;sBELA0;? Unchecked;v1.6.0-140-g9a10cc1
roadmap;dimacs;72/900;900;    379408;    158562;0;476;2614328;131223;6733;826;1.03115;127258;0;0;sBELA0;? Unchecked;v1.6.0-140-g9a10cc1
roadmap;dimacs;73/900;900;    165998;    242916;0;856;3772576;392382;1221;826;1.09576;358090;0;0;sBELA0;? Unchecked;v1.6.0-140-g9a10cc1
roadmap;dimacs;74/900;900;    273849;    233106;0;744;3818866;329215;1623;826;0.989078;332850;0;0;sBELA0;? Unchecked;v1.6.0-140-g9a10cc1
roadmap;dimacs;75/900;900;    128253;     35195;0;639;2085431;152900;1645;826;0.900992;169702;0;0;sBELA0;? Unchecked;v1.6.0-140-g9a10cc1
roadmap;dimacs;76/900;900;    183220;      8889;0;535;1483709;128242;1063;826;0.586653;218599;0;0;sBELA0;? Unchecked;v1.6.0-140-g9a10cc1
roadmap;dimacs;77/900;900;    272704;    414613;0;275;1250027;48669;2814;826;0.353223;137786;0;0;sBELA0;? Unchecked;v1.6.0-140-g9a10cc1
roadmap;dimacs;78/900;900;    370469;     78546;0;496;2391302;243237;902;826;0.625052;389147;0;0;sBELA0;? Unchecked;v1.6.0-140-g9a10cc1
roadmap;dimacs;79/900;900;     89775;    214561;0;758;2352863;206652;3801;826;1.11447;185427;0;0;sBELA0;? Unchecked;v1.6.0-140-g9a10cc1
roadmap;dimacs;80/900;900;    189664;    402552;0;511;2165212;95861;512;826;0.430227;222815;0;0;sBELA0;? Unchecked;v1.6.0-140-g9a10cc1
roadmap;dimacs;81/900;900;    152121;    246814;0;1160;4830962;426909;347;826;1.24058;344120;0;0;sBELA0;? Unchecked;v1.6.0-140-g9a10cc1
roadmap;dimacs;82/900;900;    322470;    286921;0;1463;7189109;421938;952;826;1.39957;301476;0;0;sBELA0;? Unchecked;v1.6.0-140-g9a10cc1
roadmap;dimacs;83/900;900;    299997;    278967;0;1317;5172490;386075;338;826;1.15517;334216;0;0;sBELA0;? Unchecked;v1.6.0-140-g9a10cc1
roadmap;dimacs;84/900;900;    250235;    356746;0;1028;4990108;380510;776;826;1.22879;309663;0;0;sBELA0;? Unchecked;v1.6.0-140-g9a10cc1
roadmap;dimacs;85/900;900;    163254;    319164;0;935;3692316;363965;1356;826;1.36755;266144;0;0;sBELA0;? Unchecked;v1.6.0-140-g9a10cc1
roadmap;dimacs;86/900;900;    140318;      8074;0;502;1353175;139192;2458;826;0.605832;229753;0;0;sBELA0;? Unchecked;v1.6.0-140-g9a10cc1
roadmap;dimacs;87/900;900;    185965;    196301;0;827;3531254;349306;124;826;0.74091;471455;0;0;sBELA0;? Unchecked;v1.6.0-140-g9a10cc1
roadmap;dimacs;88/900;900;    359803;     81858;0;255;1280842;59417;989;826;0.256889;231294;0;0;sBELA0;? Unchecked;v1.6.0-140-g9a10cc1
roadmap;dimacs;89/900;900;    349089;    308312;0;682;3373368;366039;1749;826;1.08682;336799;0;0;sBELA0;? Unchecked;v1.6.0-140-g9a10cc1
roadmap;dimacs;90/900;900;    347477;    427675;0;452;1015104;119495;669;826;0.481162;248347;0;0;sBELA0;? Unchecked;v1.6.0-140-g9a10cc1
roadmap;dimacs;91/900;900;    368929;    215278;0;689;1738236;157490;1001;826;0.561193;280634;0;0;sBELA0;? Unchecked;v1.6.0-140-g9a10cc1
roadmap;dimacs;92/900;900;     92275;    285142;0;1508;5738446;411942;676;826;1.39392;295528;0;0;sBELA0;? Unchecked;v1.6.0-140-g9a10cc1
roadmap;dimacs;93/900;900;    118818;    384490;0;739;2891484;317114;1899;856;1.0338;306746;0;0;sBELA0;? Unchecked;v1.6.0-140-g9a10cc1
roadmap;dimacs;94/900;900;    413378;    431648;0;452;2464108;243639;1587;856;0.771956;315613;0;0;sBELA0;? Unchecked;v1.6.0-140-g9a10cc1
roadmap;dimacs;95/900;900;     22320;    400212;0;356;1095324;170071;1393;856;0.482766;352284;0;0;sBELA0;? Unchecked;v1.6.0-140-g9a10cc1
roadmap;dimacs;96/900;900;    110951;    317115;0;1307;5277189;429815;324;856;1.23646;347617;0;0;sBELA0;? Unchecked;v1.6.0-140-g9a10cc1
roadmap;dimacs;97/900;900;    153175;    122456;0;258;815189;55631;1205;856;0.232305;239474;0;0;sBELA0;? Unchecked;v1.6.0-140-g9a10cc1
roadmap;dimacs;98/900;900;     72512;    386851;0;1245;5208303;356140;326;856;1.1345;313918;0;0;sBELA0;? Unchecked;v1.6.0-140-g9a10cc1
roadmap;dimacs;99/900;900;    148594;    414859;0;322;1799713;216973;3125;856;0.611505;354818;0;0;sBELA0;? Unchecked;v1.6.0-140-g9a10cc1
roadmap;dimacs;0/1000;1000;    294756;    116704;0;1120;4214176;306479;1465;856;1.2127;252725;0;0;sBELA0;? Unchecked;v1.6.0-140-g9a10cc1
roadmap;dimacs;1/1000;1000;    325364;     11913;0;1262;4116231;307977;865;856;1.13184;272104;0;0;sBELA0;? Unchecked;v1.6.0-140-g9a10cc1
roadmap;dimacs;2/1000;1000;    285177;    334042;0;421;3637565;242846;1022;856;0.69467;349584;0;0;sBELA0;? Unchecked;v1.6.0-140-g9a10cc1
roadmap;dimacs;3/1000;1000;    236480;     66871;0;756;3645280;292944;1047;856;0.972537;301216;0;0;sBELA0;? Unchecked;v1.6.0-140-g9a10cc1
roadmap;dimacs;4/1000;1000;    249937;    358183;0;1213;5848617;417071;781;856;1.20451;346259;0;0;sBELA0;? Unchecked;v1.6.0-140-g9a10cc1
roadmap;dimacs;5/1000;1000;    278932;    202424;0;1206;5259387;416303;1125;856;1.32609;313933;0;0;sBELA0;? Unchecked;v1.6.0-140-g9a10cc1
roadmap;dimacs;6/1000;1000;    430744;    255885;0;726;2988732;213671;1045;856;0.873611;244584;0;0;sBELA0;? Unchecked;v1.6.0-140-g9a10cc1
roadmap;dimacs;7/1000;1000;    167653;    110820;0;453;1630908;125211;838;856;0.45877;272927;0;0;sBELA0;? Unchecked;v1.6.0-140-g9a10cc1
roadmap;dimacs;8/1000;1000;    389224;    209129;0;873;3482983;281015;187;856;0.672408;417923;0;0;sBELA0;? Unchecked;v1.6.0-140-g9a10cc1
roadmap;dimacs;9/1000;1000;    361295;    369960;0;203;827368;18790;1080;856;0.149451;125727;0;0;sBELA0;? Unchecked;v1.6.0-140-g9a10cc1
roadmap;dimacs;10/1000;1000;     63073;    122016;0;552;1057766;146465;742;856;0.450015;325467;0;0;sBELA0;? Unchecked;v1.6.0-140-g9a10cc1
roadmap;dimacs;11/1000;1000;    377280;     89101;0;1020;3954091;249458;777;856;0.987779;252544;0;0;sBELA0;? Unchecked;v1.6.0-140-g9a10cc1
roadmap;dimacs;12/1000;1000;    184086;      9250;0;412;1411800;103030;1996;856;0.462729;222658;0;0;sBELA0;? Unchecked;v1.6.0-140-g9a10cc1
roadmap;dimacs;13/1000;1000;     11558;    157695;0;480;1400000;190888;5670;856;1.02872;185559;0;0;sBELA0;? Unchecked;v1.6.0-140-g9a10cc1
roadmap;dimacs;14/1000;1000;    290606;    380934;0;907;3361985;128088;933;856;0.72317;177120;0;0;sBELA0;? Unchecked;v1.6.0-140-g9a10cc1
roadmap;dimacs;15/1000;1000;    312872;    335255;0;1137;5080752;215460;3143;856;1.60238;134463;0;0;sBELA0;? Unchecked;v1.6.0-140-g9a10cc1
roadmap;dimacs;16/1000;1000;    172626;    340963;0;504;1825396;70083;821;856;0.398819;175727;0;0;sBELA0;? Unchecked;v1.6.0-140-g9a10cc1
roadmap;dimacs;17/1000;1000;     71257;    309332;0;810;3138014;361428;756;856;1.07079;337533;0;0;sBELA0;? Unchecked;v1.6.0-140-g9a10cc1
roadmap;dimacs;18/1000;1000;    197543;    272443;0;1213;3728624;358870;2356;856;1.64433;218246;0;0;sBELA0;? Unchecked;v1.6.0-140-g9a10cc1
roadmap;dimacs;19/1000;1000;    115849;    293642;0;1227;4552622;408260;766;856;1.39101;293499;0;0;sBELA0;? Unchecked;v1.6.0-140-g9a10cc1
roadmap;dimacs;20/1000;1000;     96029;    288190;0;1379;5472124;411479;821;856;1.49666;274931;0;0;sBELA0;? Unchecked;v1.6.0-140-g9a10cc1
roadmap;dimacs;21/1000;1000;    123302;    388474;0;614;2889797;317174;2196;856;1.20113;264063;0;0;sBELA0;? Unchecked;v1.6.0-140-g9a10cc1
roadmap;dimacs;22/1000;1000;    395621;    154547;0;1148;4759408;199645;411;856;0.914391;218337;0;0;sBELA0;? Unchecked;v1.6.0-140-g9a10cc1
roadmap;dimacs;23/1000;1000;    223763;    127629;0;561;1966067;249725;1861;856;0.79451;314313;0;0;sBELA0;? Unchecked;v1.6.0-140-g9a10cc1
roadmap;dimacs;24/1000;1000;    327745;    375938;0;1195;5462524;405028;2024;856;1.6939;239110;0;0;sBELA0;? Unchecked;v1.6.0-140-g9a10cc1
roadmap;dimacs;25/1000;1000;    175197;      5809;0;863;2920355;171082;2846;856;0.946722;180710;0;0;sBELA0;? Unchecked;v1.6.0-140-g9a10cc1
roadmap;dimacs;26/1000;1000;    188424;    158412;0;801;2522031;259617;818;856;1.06364;244084;0;0;sBELA0;? Unchecked;v1.6.0-140-g9a10cc1
roadmap;dimacs;27/1000;1000;    268346;    359471;0;1030;3161917;296225;229;856;0.785038;377339;0;0;sBELA0;? Unchecked;v1.6.0-140-g9a10cc1
roadmap;dimacs;28/1000;1000;    174382;    236731;0;1134;4392266;392464;658;856;1.40112;280108;0;0;sBELA0;? Unchecked;v1.6.0-140-g9a10cc1
roadmap;dimacs;29/1000;1000;    204045;    159790;0;918;2895151;241295;1363;856;1.1481;210168;0;0;sBELA0;? Unchecked;v1.6.0-140-g9a10cc1
roadmap;dimacs;30/1000;1000;    390757;    318002;0;347;1673702;37417;8706;856;0.693094;53985.4;0;0;sBELA0;? Unchecked;v1.6.0-140-g9a10cc1
roadmap;dimacs;31/1000;1000;     91059;     57980;0;827;3686103;214818;1254;856;0.854409;251423;0;0;sBELA0;? Unchecked;v1.6.0-140-g9a10cc1
roadmap;dimacs;32/1000;1000;     72990;    320575;0;1208;5652132;372595;853;856;1.42519;261436;0;0;sBELA0;? Unchecked;v1.6.0-140-g9a10cc1
roadmap;dimacs;33/1000;1000;     65526;    339114;0;1136;4409693;402346;168;856;1.0389;387282;0;0;sBELA0;? Unchecked;v1.6.0-140-g9a10cc1
roadmap;dimacs;34/1000;1000;    349165;     12701;0;574;1338310;142531;360;856;0.44162;322746;0;0;sBELA0;? Unchecked;v1.6.0-140-g9a10cc1
roadmap;dimacs;35/1000;1000;    187769;    228911;0;362;1372442;61699;2231;856;0.421545;146364;0;0;sBELA0;? Unchecked;v1.6.0-140-g9a10cc1
roadmap;dimacs;36/1000;1000;    190262;     14733;0;1122;3834296;296421;199;856;0.858921;345109;0;0;sBELA0;? Unchecked;v1.6.0-140-g9a10cc1
roadmap;dimacs;37/1000;1000;    143799;    328188;0;482;1975417;249341;643;856;0.620917;401569;0;0;sBELA0;? Unchecked;v1.6.0-140-g9a10cc1
roadmap;dimacs;38/1000;1000;     96331;    415538;0;1003;4067499;321548;831;856;1.01258;317552;0;0;sBELA0;? Unchecked;v1.6.0-140-g9a10cc1
roadmap;dimacs;39/1000;1000;     65115;    387688;0;890;3374233;324311;1793;856;1.20521;269091;0;0;sBELA0;? Unchecked;v1.6.0-140-g9a10cc1
roadmap;dimacs;40/1000;1000;    332193;    387507;0;1015;3944583;334930;694;856;1.05875;316345;0;0;sBELA0;? Unchecked;v1.6.0-140-g9a10cc1
roadmap;dimacs;41/1000;1000;    127669;    162338;0;665;2783597;282220;3374;856;1.21274;232714;0;0;sBELA0;? Unchecked;v1.6.0-140-g9a10cc1
roadmap;dimacs;42/1000;1000;    263041;    142943;0;920;2504952;246458;434;856;0.709123;347553;0;0;sBELA0;? Unchecked;v1.6.0-140-g9a10cc1
roadmap;dimacs;43/1000;1000;    390723;      1064;0;941;3692804;339996;588;856;1.03269;329232;0;0;sBELA0;? Unchecked;v1.6.0-140-g9a10cc1
roadmap;dimacs;44/1000;1000;    304490;    279242;0;1370;5596857;415907;441;856;1.24144;335019;0;0;sBELA0;? Unchecked;v1.6.0-140-g9a10cc1
roadmap;dimacs;45/1000;1000;     26846;    394583;0;1156;4840440;419734;437;856;1.25539;334344;0;0;sBELA0;? Unchecked;v1.6.0-140-g9a10cc1
roadmap;dimacs;46/1000;1000;    233353;    185925;0;812;3815832;329961;2378;856;1.27131;259544;0;0;sBELA0;? Unchecked;v1.6.0-140-g9a10cc1
roadmap;dimacs;47/1000;1000;    323833;    176822;0;615;2620307;72241;712;856;0.487681;148132;0;0;sBELA0;? Unchecked;v1.6.0-140-g9a10cc1
roadmap;dimacs;48/1000;1000;    346446;     63237;0;541;1770611;195925;672;856;0.50357;389072;0;0;sBELA0;? Unchecked;v1.6.0-140-g9a10cc1
roadmap;dimacs;49/1000;1000;    113928;    360799;0;522;1735306;213926;590;856;0.621698;344100;0;0;sBELA0;? Unchecked;v1.6.0-140-g9a10cc1
roadmap;dimacs;50/1000;1000;    199421;    266182;0;1128;3654873;311427;691;856;0.979057;318089;0;0;sBELA0;? Unchecked;v1.6.0-140-g9a10cc1
roadmap;dimacs;51/1000;1000;    293869;     25608;0;1116;4306203;230490;566;856;0.84723;272051;0;0;sBELA0;? Unchecked;v1.6.0-140-g9a10cc1
roadmap;dimacs;52/1000;1000;    174170;    272593;0;791;3427187;274796;7115;856;1.51367;181543;0;0;sBELA0;? Unchecked;v1.6.0-140-g9a10cc1
roadmap;dimacs;53/1000;1000;    221325;    434952;0;876;4090793;398564;504;856;1.07223;371716;0;0;sBELA0;? Unchecked;v1.6.0-140-g9a10cc1
roadmap;dimacs;54/1000;1000;    117635;    105076;0;236;584045;62040;1573;856;0.250025;248135;0;0;sBELA0;? Unchecked;v1.6.0-140-g9a10cc1
roadmap;dimacs;55/1000;1000;    193103;    276461;0;862;3632966;349920;297;856;0.870776;401849;0;0;sBELA0;? Unchecked;v1.6.0-140-g9a10cc1
roadmap;dimacs;56/1000;1000;      4570;     94284;0;1062;3585731;357325;684;856;1.199;298019;0;0;sBELA0;? Unchecked;v1.6.0-140-g9a10cc1
roadmap;dimacs;57/1000;1000;    131126;     21354;0;548;1578626;123351;1307;856;0.517836;238205;0;0;sBELA0;? Unchecked;v1.6.0-140-g9a10cc1
roadmap;dimacs;58/1000;1000;    235750;    208824;0;548;2587792;197686;3812;856;0.925406;213621;0;0;sBELA0;? Unchecked;v1.6.0-140-g9a10cc1
roadmap;dimacs;59/1000;1000;       489;    261832;0;409;1642370;163357;2451;856;0.63605;256830;0;0;sBELA0;? Unchecked;v1.6.0-140-g9a10cc1
roadmap;dimacs;60/1000;1000;    318387;    328863;0;1373;5153251;399275;222;856;1.13944;350414;0;0;sBELA0;? Unchecked;v1.6.0-140-g9a10cc1
roadmap;dimacs;61/1000;1000;    274877;     23528;0;791;2981218;151834;549;856;0.584891;259593;0;0;sBELA0;? Unchecked;v1.6.0-140-g9a10cc1
roadmap;dimacs;62/1000;1000;    220394;    272522;0;701;1663677;220834;2114;856;0.816915;270327;0;0;sBELA0;? Unchecked;v1.6.0-140-g9a10cc1
roadmap;dimacs;63/1000;1000;    228259;    177627;0;1113;4599540;415081;828;856;1.43597;289059;0;0;sBELA0;? Unchecked;v1.6.0-140-g9a10cc1
roadmap;dimacs;64/1000;1000;    319517;    205274;0;774;3597853;283992;786;856;0.895559;317111;0;0;sBELA0;? Unchecked;v1.6.0-140-g9a10cc1
roadmap;dimacs;65/1000;1000;    312838;    292039;0;255;1794273;31843;3324;856;0.282014;112913;0;0;sBELA0;? Unchecked;v1.6.0-140-g9a10cc1
roadmap;dimacs;66/1000;1000;    231105;    325711;0;1093;3901508;379747;205;856;0.904036;420058;0;0;sBELA0;? Unchecked;v1.6.0-140-g9a10cc1
roadmap;dimacs;67/1000;1000;     24598;    413512;0;441;1005146;154227;2065;856;0.596712;258461;0;0;sBELA0;? Unchecked;v1.6.0-140-g9a10cc1
roadmap;dimacs;68/1000;1000;     23559;    272815;0;785;1349193;198459;261;856;0.543505;365146;0;0;sBELA0;? Unchecked;v1.6.0-140-g9a10cc1
roadmap;dimacs;69/1000;1000;     77506;    341012;0;441;2260241;76015;834;856;0.438552;173332;0;0;sBELA0;? Unchecked;v1.6.0-140-g9a10cc1
roadmap;dimacs;70/1000;1000;    292092;    386735;0;558;2946659;88237;7378;856;1.03299;85419.4;0;0;sBELA0;? Unchecked;v1.6.0-140-g9a10cc1
roadmap;dimacs;71/1000;1000;    376744;    379588;0;598;3662415;263972;516;856;0.691198;381905;0;0;sBELA0;? Unchecked;v1.6.0-140-g9a10cc1
roadmap;dimacs;72/1000;1000;    379408;    158562;0;488;2614392;131237;7459;856;1.1662;112534;0;0;sBELA0;? Unchecked;v1.6.0-140-g9a10cc1
roadmap;dimacs;73/1000;1000;    165998;    242916;0;858;3772591;392383;1345;856;1.14006;344177;0;0;sBELA0;? Unchecked;v1.6.0-140-g9a10cc1
roadmap;dimacs;74/1000;1000;    273849;    233106;0;745;3818877;329215;1784;856;1.03065;319424;0;0;sBELA0;? Unchecked;v1.6.0-140-g9a10cc1
roadmap;dimacs;75/1000;1000;    128253;     35195;0;634;2085442;152902;1817;856;0.97137;157409;0;0;sBELA0;? Unchecked;v1.6.0-140-g9a10cc1
roadmap;dimacs;76/1000;1000;    183220;      8889;0;538;1483718;128248;1164;856;0.592379;216497;0;0;sBELA0;? Unchecked;v1.6.0-140-g9a10cc1
roadmap;dimacs;77/1000;1000;    272704;    414613;0;279;1250060;48673;3081;856;0.37103;131183;0;0;sBELA0;? Unchecked;v1.6.0-140-g9a10cc1
roadmap;dimacs;78/1000;1000;    370469;     78546;0;496;2391313;243240;997;856;0.644301;377525;0;0;sBELA0;? Unchecked;v1.6.0-140-g9a10cc1
roadmap;dimacs;79/1000;1000;     89775;    214561;0;754;2352880;206655;4186;856;1.20136;172017;0;0;sBELA0;? Unchecked;v1.6.0-140-g9a10cc1
roadmap;dimacs;80/1000;1000;    189664;    402552;0;510;2165218;95861;556;856;0.447918;214015;0;0;sBELA0;? Unchecked;v1.6.0-140-g9a10cc1
roadmap;dimacs;81/1000;1000;    152121;    246814;0;1157;4830964;426909;379;856;1.28086;333298;0;0;sBELA0;? Unchecked;v1.6.0-140-g9a10cc1
roadmap;dimacs;82/1000;1000;    322470;    286921;0;1462;7189115;421938;1051;856;1.45967;289064;0;0;sBELA0;? Unchecked;v1.6.0-140-g9a10cc1
roadmap;dimacs;83/1000;1000;    299997;    278967;0;1317;5172493;386075;362;856;1.21247;318420;0;0;sBELA0;? Unchecked;v1.6.0-140-g9a10cc1
roadmap;dimacs;84/1000;1000;    250235;    356746;0;1030;4990115;380510;859;856;1.23962;306957;0;0;sBELA0;? Unchecked;v1.6.0-140-g9a10cc1
roadmap;dimacs;85/1000;1000;    163254;    319164;0;954;3692324;363965;1484;856;1.45903;249457;0;0;sBELA0;? Unchecked;v1.6.0-140-g9a10cc1
roadmap;dimacs;86/1000;1000;    140318;      8074;0;508;1353190;139196;2692;856;0.647695;214910;0;0;sBELA0;? Unchecked;v1.6.0-140-g9a10cc1
roadmap;dimacs;87/1000;1000;    185965;    196301;0;822;3531256;349306;134;856;0.753225;463747;0;0;sBELA0;? Unchecked;v1.6.0-140-g9a10cc1
roadmap;dimacs;88/1000;1000;    359803;     81858;0;254;1280870;59419;1102;856;0.261052;227613;0;0;sBELA0;? Unchecked;v1.6.0-140-g9a10cc1
roadmap;dimacs;89/1000;1000;    349089;    308312;0;687;3373384;366042;1918;856;1.16039;315447;0;0;sBELA0;? Unchecked;v1.6.0-140-g9a10cc1
roadmap;dimacs;90/1000;1000;    347477;    427675;0;452;1015110;119495;717;856;0.495832;240999;0;0;sBELA0;? Unchecked;v1.6.0-140-g9a10cc1
roadmap;dimacs;91/1000;1000;    368929;    215278;0;691;1738252;157490;1108;856;0.59197;266044;0;0;sBELA0;? Unchecked;v1.6.0-140-g9a10cc1
roadmap;dimacs;92/1000;1000;     92275;    285142;0;1510;5738450;411942;735;856;1.45104;283894;0;0;sBELA0;? Unchecked;v1.6.0-140-g9a10cc1
roadmap;dimacs;93/1000;1000;    118818;    384490;0;733;2891497;317114;2087;856;1.06938;296539;0;0;sBELA0;? Unchecked;v1.6.0-140-g9a10cc1
roadmap;dimacs;94/1000;1000;    413378;    431648;0;447;2464135;243641;1772;856;0.801968;303804;0;0;sBELA0;? Unchecked;v1.6.0-140-g9a10cc1
roadmap;dimacs;95/1000;1000;     22320;    400212;0;357;1095335;170073;1524;856;0.506425;335831;0;0;sBELA0;? Unchecked;v1.6.0-140-g9a10cc1
roadmap;dimacs;96/1000;1000;    110951;    317115;0;1306;5277192;429815;350;856;1.2665;339372;0;0;sBELA0;? Unchecked;v1.6.0-140-g9a10cc1
roadmap;dimacs;97/1000;1000;    153175;    122456;0;260;815208;55634;1316;856;0.245657;226470;0;0;sBELA0;? Unchecked;v1.6.0-140-g9a10cc1
roadmap;dimacs;98/1000;1000;     72512;    386851;0;1236;5208308;356140;349;856;1.20442;295695;0;0;sBELA0;? Unchecked;v1.6.0-140-g9a10cc1
roadmap;dimacs;99/1000;1000;    148594;    414859;0;325;1799739;216982;3400;856;0.643743;337063;0;0;sBELA0;? Unchecked;v1.6.0-140-g9a10cc1
