domain;variant;id;k;start;goal;nbtrees;mem;runtime;solver;version
roadmap;dimacs;0;1;244239;17918;1;189.168;0.0735529;SB*;v2.0-53-g98db238
roadmap;dimacs;1;1;2025;237583;1;189.434;0.0743118;SB*;v2.0-53-g98db238
roadmap;dimacs;2;1;224266;3576;1;189.434;0.0762493;SB*;v2.0-53-g98db238
roadmap;dimacs;3;1;6204;255485;1;189.434;0.0833613;SB*;v2.0-53-g98db238
roadmap;dimacs;4;1;260592;5;1;189.434;0.0740146;SB*;v2.0-53-g98db238
roadmap;dimacs;5;1;12743;257036;1;189.434;0.0808512;SB*;v2.0-53-g98db238
roadmap;dimacs;6;1;13827;248797;1;189.434;0.0757267;SB*;v2.0-53-g98db238
roadmap;dimacs;7;1;3523;248841;1;189.434;0.0749765;SB*;v2.0-53-g98db238
roadmap;dimacs;8;1;15345;246295;1;189.434;0.0761991;SB*;v2.0-53-g98db238
roadmap;dimacs;9;1;5098;235010;1;189.434;0.0805597;SB*;v2.0-53-g98db238
roadmap;dimacs;10;1;5148;260591;1;189.434;0.0891672;SB*;v2.0-53-g98db238
roadmap;dimacs;11;1;5088;257589;1;189.434;0.0785001;SB*;v2.0-53-g98db238
roadmap;dimacs;12;1;252903;9741;1;189.434;0.0741383;SB*;v2.0-53-g98db238
roadmap;dimacs;13;1;258029;17437;1;189.434;0.0741771;SB*;v2.0-53-g98db238
roadmap;dimacs;14;1;260111;38908;1;189.434;0.0758139;SB*;v2.0-53-g98db238
roadmap;dimacs;15;1;248840;6628;1;189.434;0.0775007;SB*;v2.0-53-g98db238
roadmap;dimacs;16;1;259081;13264;1;189.434;0.0752719;SB*;v2.0-53-g98db238
roadmap;dimacs;17;1;14822;261128;1;189.434;0.0772557;SB*;v2.0-53-g98db238
roadmap;dimacs;18;1;253407;5647;1;189.434;0.073935;SB*;v2.0-53-g98db238
roadmap;dimacs;19;1;9721;255546;1;189.434;0.0767337;SB*;v2.0-53-g98db238
roadmap;dimacs;20;1;250337;1568;1;189.434;0.0748097;SB*;v2.0-53-g98db238
roadmap;dimacs;21;1;259598;8158;1;189.434;0.0756179;SB*;v2.0-53-g98db238
roadmap;dimacs;22;1;6156;240625;1;189.434;0.0774622;SB*;v2.0-53-g98db238
roadmap;dimacs;23;1;259617;7635;1;189.434;0.0755057;SB*;v2.0-53-g98db238
roadmap;dimacs;24;1;1013;260659;1;189.434;0.0763535;SB*;v2.0-53-g98db238
roadmap;dimacs;25;1;20453;257542;1;189.434;0.075129;SB*;v2.0-53-g98db238
roadmap;dimacs;26;1;1049;251389;1;189.434;0.0776894;SB*;v2.0-53-g98db238
roadmap;dimacs;27;1;3043;238089;1;189.434;0.0752245;SB*;v2.0-53-g98db238
roadmap;dimacs;28;1;24071;246770;1;189.434;0.0777776;SB*;v2.0-53-g98db238
roadmap;dimacs;29;1;7146;259122;1;189.434;0.0751072;SB*;v2.0-53-g98db238
roadmap;dimacs;30;1;261620;44547;1;189.434;0.0772993;SB*;v2.0-53-g98db238
roadmap;dimacs;31;1;250944;495;1;189.434;0.0748919;SB*;v2.0-53-g98db238
roadmap;dimacs;32;1;8190;259097;1;189.434;0.0773081;SB*;v2.0-53-g98db238
roadmap;dimacs;33;1;14851;235519;1;189.434;0.0766891;SB*;v2.0-53-g98db238
roadmap;dimacs;34;1;244712;17409;1;189.434;0.0759108;SB*;v2.0-53-g98db238
roadmap;dimacs;35;1;3057;231446;1;189.434;0.0761353;SB*;v2.0-53-g98db238
roadmap;dimacs;36;1;252391;12316;1;189.434;0.0769917;SB*;v2.0-53-g98db238
roadmap;dimacs;37;1;256554;10213;1;189.434;0.0748068;SB*;v2.0-53-g98db238
roadmap;dimacs;38;1;249286;1029;1;189.434;0.0743822;SB*;v2.0-53-g98db238
roadmap;dimacs;39;1;1574;237056;1;189.434;0.0768646;SB*;v2.0-53-g98db238
roadmap;dimacs;40;1;27167;253438;1;189.434;0.0760506;SB*;v2.0-53-g98db238
roadmap;dimacs;41;1;6130;243213;1;189.434;0.076351;SB*;v2.0-53-g98db238
roadmap;dimacs;42;1;9203;250895;1;189.434;0.0764244;SB*;v2.0-53-g98db238
roadmap;dimacs;43;1;1488;254485;1;189.434;0.074654;SB*;v2.0-53-g98db238
roadmap;dimacs;44;1;515;245708;1;189.434;0.0753364;SB*;v2.0-53-g98db238
roadmap;dimacs;45;1;1010;261644;1;189.434;0.0766767;SB*;v2.0-53-g98db238
roadmap;dimacs;46;1;11797;252910;1;189.434;0.0756462;SB*;v2.0-53-g98db238
roadmap;dimacs;47;1;7162;254509;1;189.434;0.0756494;SB*;v2.0-53-g98db238
roadmap;dimacs;48;1;533;242143;1;189.434;0.0762783;SB*;v2.0-53-g98db238
roadmap;dimacs;49;1;254440;1554;1;189.434;0.0749066;SB*;v2.0-53-g98db238
roadmap;dimacs;50;1;255976;27655;1;189.434;0.0752867;SB*;v2.0-53-g98db238
roadmap;dimacs;51;1;1058;256493;1;189.434;0.078312;SB*;v2.0-53-g98db238
roadmap;dimacs;52;1;244723;13838;1;189.434;0.0737449;SB*;v2.0-53-g98db238
roadmap;dimacs;53;1;248816;20490;1;189.434;0.0745792;SB*;v2.0-53-g98db238
roadmap;dimacs;54;1;18406;254470;1;189.434;0.0762069;SB*;v2.0-53-g98db238
roadmap;dimacs;55;1;261627;19496;1;189.434;0.0749128;SB*;v2.0-53-g98db238
roadmap;dimacs;56;1;7156;251410;1;189.434;0.0766203;SB*;v2.0-53-g98db238
roadmap;dimacs;57;1;20446;252934;1;189.434;0.0745038;SB*;v2.0-53-g98db238
roadmap;dimacs;58;1;244742;8660;1;189.434;0.0755002;SB*;v2.0-53-g98db238
roadmap;dimacs;59;1;262142;2103;1;189.434;0.0747685;SB*;v2.0-53-g98db238
roadmap;dimacs;60;1;18;249839;1;189.434;0.075477;SB*;v2.0-53-g98db238
roadmap;dimacs;61;1;257040;8142;1;189.434;0.076931;SB*;v2.0-53-g98db238
roadmap;dimacs;62;1;15371;247787;1;189.434;0.0760554;SB*;v2.0-53-g98db238
roadmap;dimacs;63;1;25090;254449;1;189.434;0.0776375;SB*;v2.0-53-g98db238
roadmap;dimacs;64;1;231395;2056;1;189.434;0.073716;SB*;v2.0-53-g98db238
roadmap;dimacs;65;1;261107;32259;1;189.434;0.0767481;SB*;v2.0-53-g98db238
roadmap;dimacs;66;1;232967;17915;1;189.434;0.074933;SB*;v2.0-53-g98db238
roadmap;dimacs;67;1;1546;250877;1;189.434;0.0788921;SB*;v2.0-53-g98db238
roadmap;dimacs;68;1;259095;18400;1;189.434;0.0757768;SB*;v2.0-53-g98db238
roadmap;dimacs;69;1;2077;257011;1;189.434;0.0781083;SB*;v2.0-53-g98db238
roadmap;dimacs;70;1;6105;259598;1;189.434;0.0750513;SB*;v2.0-53-g98db238
roadmap;dimacs;71;1;24096;259054;1;189.434;0.07799;SB*;v2.0-53-g98db238
roadmap;dimacs;72;1;8207;252412;1;189.434;0.0762441;SB*;v2.0-53-g98db238
roadmap;dimacs;73;1;1098;262134;1;189.434;0.0768899;SB*;v2.0-53-g98db238
roadmap;dimacs;74;1;261156;4073;1;189.434;0.0753703;SB*;v2.0-53-g98db238
roadmap;dimacs;75;1;9746;252388;1;189.434;0.0776673;SB*;v2.0-53-g98db238
roadmap;dimacs;76;1;261137;11264;1;189.434;0.0761662;SB*;v2.0-53-g98db238
roadmap;dimacs;77;1;6101;259596;1;189.434;0.0764227;SB*;v2.0-53-g98db238
roadmap;dimacs;78;1;256565;7141;1;189.434;0.0743924;SB*;v2.0-53-g98db238
roadmap;dimacs;79;1;256550;25596;1;189.434;0.0759658;SB*;v2.0-53-g98db238
roadmap;dimacs;80;1;1034;257530;1;189.434;0.0765596;SB*;v2.0-53-g98db238
roadmap;dimacs;81;1;261616;8225;1;189.434;0.0767028;SB*;v2.0-53-g98db238
roadmap;dimacs;82;1;12807;245730;1;189.434;0.0759416;SB*;v2.0-53-g98db238
roadmap;dimacs;83;1;246321;5621;1;189.434;0.0751013;SB*;v2.0-53-g98db238
roadmap;dimacs;84;1;11236;248329;1;189.434;0.0835705;SB*;v2.0-53-g98db238
roadmap;dimacs;85;1;1514;238083;1;189.434;0.0767374;SB*;v2.0-53-g98db238
roadmap;dimacs;86;1;246296;10229;1;189.434;0.0758644;SB*;v2.0-53-g98db238
roadmap;dimacs;87;1;251862;7185;1;189.434;0.0758981;SB*;v2.0-53-g98db238
roadmap;dimacs;88;1;15362;256969;1;189.434;0.0773263;SB*;v2.0-53-g98db238
roadmap;dimacs;89;1;245256;25082;1;189.434;0.0769141;SB*;v2.0-53-g98db238
roadmap;dimacs;90;1;262141;3625;1;189.434;0.0773033;SB*;v2.0-53-g98db238
roadmap;dimacs;91;1;250410;17918;1;189.434;0.0754373;SB*;v2.0-53-g98db238
roadmap;dimacs;92;1;255543;9197;1;189.434;0.0788597;SB*;v2.0-53-g98db238
roadmap;dimacs;93;1;3542;246807;1;189.434;0.0753626;SB*;v2.0-53-g98db238
roadmap;dimacs;94;1;10309;260094;1;189.434;0.0780708;SB*;v2.0-53-g98db238
roadmap;dimacs;95;1;247269;8727;1;189.434;0.0748304;SB*;v2.0-53-g98db238
roadmap;dimacs;96;1;1543;260092;1;189.434;0.0796684;SB*;v2.0-53-g98db238
roadmap;dimacs;97;1;4065;245794;1;189.434;0.0760633;SB*;v2.0-53-g98db238
roadmap;dimacs;98;1;248310;47;1;189.434;0.0745523;SB*;v2.0-53-g98db238
roadmap;dimacs;99;1;252921;12810;1;189.434;0.0747186;SB*;v2.0-53-g98db238
roadmap;dimacs;0;5;244239;17918;1;189.434;0.101834;SB*;v2.0-53-g98db238
roadmap;dimacs;1;5;2025;237583;1;189.434;0.1034;SB*;v2.0-53-g98db238
roadmap;dimacs;2;5;224266;3576;1;189.434;0.102878;SB*;v2.0-53-g98db238
roadmap;dimacs;3;5;6204;255485;1;189.434;0.105876;SB*;v2.0-53-g98db238
roadmap;dimacs;4;5;260592;5;1;189.434;0.104511;SB*;v2.0-53-g98db238
roadmap;dimacs;5;5;12743;257036;1;189.434;0.101051;SB*;v2.0-53-g98db238
roadmap;dimacs;6;5;13827;248797;1;189.434;0.103113;SB*;v2.0-53-g98db238
roadmap;dimacs;7;5;3523;248841;1;189.434;0.101954;SB*;v2.0-53-g98db238
roadmap;dimacs;8;5;15345;246295;1;189.434;0.102468;SB*;v2.0-53-g98db238
roadmap;dimacs;9;5;5098;235010;1;189.434;0.103809;SB*;v2.0-53-g98db238
roadmap;dimacs;10;5;5148;260591;1;189.434;0.103235;SB*;v2.0-53-g98db238
roadmap;dimacs;11;5;5088;257589;1;189.434;0.103243;SB*;v2.0-53-g98db238
roadmap;dimacs;12;5;252903;9741;1;189.434;0.104195;SB*;v2.0-53-g98db238
roadmap;dimacs;13;5;258029;17437;1;189.434;0.10257;SB*;v2.0-53-g98db238
roadmap;dimacs;14;5;260111;38908;1;189.434;0.105149;SB*;v2.0-53-g98db238
roadmap;dimacs;15;5;248840;6628;1;189.434;0.112996;SB*;v2.0-53-g98db238
roadmap;dimacs;16;5;259081;13264;1;189.434;0.100496;SB*;v2.0-53-g98db238
roadmap;dimacs;17;5;14822;261128;1;189.434;0.103319;SB*;v2.0-53-g98db238
roadmap;dimacs;18;5;253407;5647;1;189.434;0.10318;SB*;v2.0-53-g98db238
roadmap;dimacs;19;5;9721;255546;1;189.434;0.104884;SB*;v2.0-53-g98db238
roadmap;dimacs;20;5;250337;1568;1;189.434;0.100222;SB*;v2.0-53-g98db238
roadmap;dimacs;21;5;259598;8158;1;189.434;0.11223;SB*;v2.0-53-g98db238
roadmap;dimacs;22;5;6156;240625;1;189.434;0.104003;SB*;v2.0-53-g98db238
roadmap;dimacs;23;5;259617;7635;1;189.434;0.0999342;SB*;v2.0-53-g98db238
roadmap;dimacs;24;5;1013;260659;1;189.434;0.103086;SB*;v2.0-53-g98db238
roadmap;dimacs;25;5;20453;257542;1;189.434;0.101224;SB*;v2.0-53-g98db238
roadmap;dimacs;26;5;1049;251389;1;189.434;0.104748;SB*;v2.0-53-g98db238
roadmap;dimacs;27;5;3043;238089;1;189.434;0.11263;SB*;v2.0-53-g98db238
roadmap;dimacs;28;5;24071;246770;1;189.434;0.103825;SB*;v2.0-53-g98db238
roadmap;dimacs;29;5;7146;259122;1;189.434;0.102117;SB*;v2.0-53-g98db238
roadmap;dimacs;30;5;261620;44547;1;189.434;0.103928;SB*;v2.0-53-g98db238
roadmap;dimacs;31;5;250944;495;1;189.434;0.103571;SB*;v2.0-53-g98db238
roadmap;dimacs;32;5;8190;259097;1;189.434;0.102252;SB*;v2.0-53-g98db238
roadmap;dimacs;33;5;14851;235519;1;189.434;0.10408;SB*;v2.0-53-g98db238
roadmap;dimacs;34;5;244712;17409;1;189.434;0.100946;SB*;v2.0-53-g98db238
roadmap;dimacs;35;5;3057;231446;1;189.434;0.104051;SB*;v2.0-53-g98db238
roadmap;dimacs;36;5;252391;12316;1;189.434;0.102939;SB*;v2.0-53-g98db238
roadmap;dimacs;37;5;256554;10213;1;189.434;0.102766;SB*;v2.0-53-g98db238
roadmap;dimacs;38;5;249286;1029;1;189.434;0.0997846;SB*;v2.0-53-g98db238
roadmap;dimacs;39;5;1574;237056;1;189.434;0.104305;SB*;v2.0-53-g98db238
roadmap;dimacs;40;5;27167;253438;1;189.434;0.102902;SB*;v2.0-53-g98db238
roadmap;dimacs;41;5;6130;243213;1;189.434;0.101828;SB*;v2.0-53-g98db238
roadmap;dimacs;42;5;9203;250895;1;189.434;0.102425;SB*;v2.0-53-g98db238
roadmap;dimacs;43;5;1488;254485;1;189.434;0.101283;SB*;v2.0-53-g98db238
roadmap;dimacs;44;5;515;245708;1;189.434;0.104008;SB*;v2.0-53-g98db238
roadmap;dimacs;45;5;1010;261644;1;189.434;0.102828;SB*;v2.0-53-g98db238
roadmap;dimacs;46;5;11797;252910;1;189.434;0.104123;SB*;v2.0-53-g98db238
roadmap;dimacs;47;5;7162;254509;1;189.434;0.103875;SB*;v2.0-53-g98db238
roadmap;dimacs;48;5;533;242143;1;189.434;0.10506;SB*;v2.0-53-g98db238
roadmap;dimacs;49;5;254440;1554;1;189.434;0.10244;SB*;v2.0-53-g98db238
roadmap;dimacs;50;5;255976;27655;1;189.434;0.101961;SB*;v2.0-53-g98db238
roadmap;dimacs;51;5;1058;256493;1;189.434;0.104183;SB*;v2.0-53-g98db238
roadmap;dimacs;52;5;244723;13838;1;189.434;0.1013;SB*;v2.0-53-g98db238
roadmap;dimacs;53;5;248816;20490;1;189.434;0.0997612;SB*;v2.0-53-g98db238
roadmap;dimacs;54;5;18406;254470;1;189.434;0.103763;SB*;v2.0-53-g98db238
roadmap;dimacs;55;5;261627;19496;1;189.434;0.102057;SB*;v2.0-53-g98db238
roadmap;dimacs;56;5;7156;251410;1;189.434;0.10382;SB*;v2.0-53-g98db238
roadmap;dimacs;57;5;20446;252934;1;189.434;0.102977;SB*;v2.0-53-g98db238
roadmap;dimacs;58;5;244742;8660;1;189.434;0.104126;SB*;v2.0-53-g98db238
roadmap;dimacs;59;5;262142;2103;1;189.434;0.102885;SB*;v2.0-53-g98db238
roadmap;dimacs;60;5;18;249839;1;189.434;0.102624;SB*;v2.0-53-g98db238
roadmap;dimacs;61;5;257040;8142;1;189.434;0.1061;SB*;v2.0-53-g98db238
roadmap;dimacs;62;5;15371;247787;1;189.434;0.104642;SB*;v2.0-53-g98db238
roadmap;dimacs;63;5;25090;254449;1;189.434;0.10513;SB*;v2.0-53-g98db238
roadmap;dimacs;64;5;231395;2056;1;189.434;0.102466;SB*;v2.0-53-g98db238
roadmap;dimacs;65;5;261107;32259;1;189.434;0.103801;SB*;v2.0-53-g98db238
roadmap;dimacs;66;5;232967;17915;1;189.434;0.103965;SB*;v2.0-53-g98db238
roadmap;dimacs;67;5;1546;250877;1;189.434;0.106359;SB*;v2.0-53-g98db238
roadmap;dimacs;68;5;259095;18400;1;189.434;0.104627;SB*;v2.0-53-g98db238
roadmap;dimacs;69;5;2077;257011;1;189.434;0.106514;SB*;v2.0-53-g98db238
roadmap;dimacs;70;5;6105;259598;1;189.434;0.102235;SB*;v2.0-53-g98db238
roadmap;dimacs;71;5;24096;259054;1;189.434;0.105466;SB*;v2.0-53-g98db238
roadmap;dimacs;72;5;8207;252412;1;189.434;0.105864;SB*;v2.0-53-g98db238
roadmap;dimacs;73;5;1098;262134;1;189.434;0.106412;SB*;v2.0-53-g98db238
roadmap;dimacs;74;5;261156;4073;1;189.434;0.103549;SB*;v2.0-53-g98db238
roadmap;dimacs;75;5;9746;252388;1;189.434;0.104214;SB*;v2.0-53-g98db238
roadmap;dimacs;76;5;261137;11264;1;189.434;0.102963;SB*;v2.0-53-g98db238
roadmap;dimacs;77;5;6101;259596;1;189.434;0.105187;SB*;v2.0-53-g98db238
roadmap;dimacs;78;5;256565;7141;1;189.434;0.101602;SB*;v2.0-53-g98db238
roadmap;dimacs;79;5;256550;25596;1;189.434;0.105225;SB*;v2.0-53-g98db238
roadmap;dimacs;80;5;1034;257530;1;189.434;0.105675;SB*;v2.0-53-g98db238
roadmap;dimacs;81;5;261616;8225;1;189.434;0.105213;SB*;v2.0-53-g98db238
roadmap;dimacs;82;5;12807;245730;1;189.434;0.106159;SB*;v2.0-53-g98db238
roadmap;dimacs;83;5;246321;5621;1;189.434;0.104181;SB*;v2.0-53-g98db238
roadmap;dimacs;84;5;11236;248329;1;189.434;0.10432;SB*;v2.0-53-g98db238
roadmap;dimacs;85;5;1514;238083;1;189.434;0.105982;SB*;v2.0-53-g98db238
roadmap;dimacs;86;5;246296;10229;1;189.434;0.102845;SB*;v2.0-53-g98db238
roadmap;dimacs;87;5;251862;7185;1;189.434;0.103092;SB*;v2.0-53-g98db238
roadmap;dimacs;88;5;15362;256969;1;189.434;0.105774;SB*;v2.0-53-g98db238
roadmap;dimacs;89;5;245256;25082;1;189.434;0.106253;SB*;v2.0-53-g98db238
roadmap;dimacs;90;5;262141;3625;1;189.434;0.104377;SB*;v2.0-53-g98db238
roadmap;dimacs;91;5;250410;17918;1;189.434;0.105293;SB*;v2.0-53-g98db238
roadmap;dimacs;92;5;255543;9197;1;189.434;0.103091;SB*;v2.0-53-g98db238
roadmap;dimacs;93;5;3542;246807;1;189.434;0.104502;SB*;v2.0-53-g98db238
roadmap;dimacs;94;5;10309;260094;1;189.434;0.105512;SB*;v2.0-53-g98db238
roadmap;dimacs;95;5;247269;8727;1;189.434;0.103472;SB*;v2.0-53-g98db238
roadmap;dimacs;96;5;1543;260092;1;189.434;0.10642;SB*;v2.0-53-g98db238
roadmap;dimacs;97;5;4065;245794;1;189.434;0.104198;SB*;v2.0-53-g98db238
roadmap;dimacs;98;5;248310;47;1;189.434;0.104144;SB*;v2.0-53-g98db238
roadmap;dimacs;99;5;252921;12810;1;189.434;0.104391;SB*;v2.0-53-g98db238
roadmap;dimacs;0;10;244239;17918;1;189.434;0.131318;SB*;v2.0-53-g98db238
roadmap;dimacs;1;10;2025;237583;1;189.434;0.134692;SB*;v2.0-53-g98db238
roadmap;dimacs;2;10;224266;3576;1;189.434;0.133115;SB*;v2.0-53-g98db238
roadmap;dimacs;3;10;6204;255485;1;189.434;0.135646;SB*;v2.0-53-g98db238
roadmap;dimacs;4;10;260592;5;1;189.434;0.13215;SB*;v2.0-53-g98db238
roadmap;dimacs;5;10;12743;257036;1;189.434;0.123979;SB*;v2.0-53-g98db238
roadmap;dimacs;6;10;13827;248797;1;189.434;0.126869;SB*;v2.0-53-g98db238
roadmap;dimacs;7;10;3523;248841;1;189.434;0.131303;SB*;v2.0-53-g98db238
roadmap;dimacs;8;10;15345;246295;1;189.434;0.13192;SB*;v2.0-53-g98db238
roadmap;dimacs;9;10;5098;235010;1;189.434;0.13195;SB*;v2.0-53-g98db238
roadmap;dimacs;10;10;5148;260591;1;189.434;0.131081;SB*;v2.0-53-g98db238
roadmap;dimacs;11;10;5088;257589;1;189.434;0.132055;SB*;v2.0-53-g98db238
roadmap;dimacs;12;10;252903;9741;1;189.434;0.133342;SB*;v2.0-53-g98db238
roadmap;dimacs;13;10;258029;17437;1;189.434;0.129204;SB*;v2.0-53-g98db238
roadmap;dimacs;14;10;260111;38908;1;189.434;0.136813;SB*;v2.0-53-g98db238
roadmap;dimacs;15;10;248840;6628;1;189.434;0.133322;SB*;v2.0-53-g98db238
roadmap;dimacs;16;10;259081;13264;1;189.434;0.134554;SB*;v2.0-53-g98db238
roadmap;dimacs;17;10;14822;261128;1;189.434;0.132997;SB*;v2.0-53-g98db238
roadmap;dimacs;18;10;253407;5647;1;189.434;0.131416;SB*;v2.0-53-g98db238
roadmap;dimacs;19;10;9721;255546;1;189.434;0.131862;SB*;v2.0-53-g98db238
roadmap;dimacs;20;10;250337;1568;1;189.434;0.132106;SB*;v2.0-53-g98db238
roadmap;dimacs;21;10;259598;8158;1;189.434;0.13355;SB*;v2.0-53-g98db238
roadmap;dimacs;22;10;6156;240625;1;189.434;0.136424;SB*;v2.0-53-g98db238
roadmap;dimacs;23;10;259617;7635;1;189.434;0.134315;SB*;v2.0-53-g98db238
roadmap;dimacs;24;10;1013;260659;1;189.434;0.131687;SB*;v2.0-53-g98db238
roadmap;dimacs;25;10;20453;257542;1;189.434;0.135582;SB*;v2.0-53-g98db238
roadmap;dimacs;26;10;1049;251389;1;189.434;0.131526;SB*;v2.0-53-g98db238
roadmap;dimacs;27;10;3043;238089;1;189.434;0.131057;SB*;v2.0-53-g98db238
roadmap;dimacs;28;10;24071;246770;1;189.434;0.132677;SB*;v2.0-53-g98db238
roadmap;dimacs;29;10;7146;259122;1;189.434;0.132132;SB*;v2.0-53-g98db238
roadmap;dimacs;30;10;261620;44547;1;189.434;0.130139;SB*;v2.0-53-g98db238
roadmap;dimacs;31;10;250944;495;1;189.434;0.132526;SB*;v2.0-53-g98db238
roadmap;dimacs;32;10;8190;259097;1;189.434;0.134316;SB*;v2.0-53-g98db238
roadmap;dimacs;33;10;14851;235519;1;189.434;0.132236;SB*;v2.0-53-g98db238
roadmap;dimacs;34;10;244712;17409;1;189.434;0.130189;SB*;v2.0-53-g98db238
roadmap;dimacs;35;10;3057;231446;1;189.434;0.135221;SB*;v2.0-53-g98db238
roadmap;dimacs;36;10;252391;12316;1;189.434;0.130242;SB*;v2.0-53-g98db238
roadmap;dimacs;37;10;256554;10213;1;189.434;0.131988;SB*;v2.0-53-g98db238
roadmap;dimacs;38;10;249286;1029;1;189.434;0.129949;SB*;v2.0-53-g98db238
roadmap;dimacs;39;10;1574;237056;1;189.434;0.133457;SB*;v2.0-53-g98db238
roadmap;dimacs;40;10;27167;253438;1;189.434;0.132068;SB*;v2.0-53-g98db238
roadmap;dimacs;41;10;6130;243213;1;189.434;0.134731;SB*;v2.0-53-g98db238
roadmap;dimacs;42;10;9203;250895;1;189.434;0.131643;SB*;v2.0-53-g98db238
roadmap;dimacs;43;10;1488;254485;1;189.434;0.129426;SB*;v2.0-53-g98db238
roadmap;dimacs;44;10;515;245708;1;189.434;0.134804;SB*;v2.0-53-g98db238
roadmap;dimacs;45;10;1010;261644;1;189.434;0.13313;SB*;v2.0-53-g98db238
roadmap;dimacs;46;10;11797;252910;1;189.434;0.135241;SB*;v2.0-53-g98db238
roadmap;dimacs;47;10;7162;254509;1;189.434;0.134038;SB*;v2.0-53-g98db238
roadmap;dimacs;48;10;533;242143;1;189.434;0.132938;SB*;v2.0-53-g98db238
roadmap;dimacs;49;10;254440;1554;1;189.434;0.133112;SB*;v2.0-53-g98db238
roadmap;dimacs;50;10;255976;27655;1;189.434;0.133439;SB*;v2.0-53-g98db238
roadmap;dimacs;51;10;1058;256493;1;189.434;0.132415;SB*;v2.0-53-g98db238
roadmap;dimacs;52;10;244723;13838;1;189.434;0.131382;SB*;v2.0-53-g98db238
roadmap;dimacs;53;10;248816;20490;1;189.434;0.129844;SB*;v2.0-53-g98db238
roadmap;dimacs;54;10;18406;254470;1;189.434;0.131828;SB*;v2.0-53-g98db238
roadmap;dimacs;55;10;261627;19496;1;189.434;0.131299;SB*;v2.0-53-g98db238
roadmap;dimacs;56;10;7156;251410;1;189.434;0.135073;SB*;v2.0-53-g98db238
roadmap;dimacs;57;10;20446;252934;1;189.434;0.131678;SB*;v2.0-53-g98db238
roadmap;dimacs;58;10;244742;8660;1;189.434;0.131833;SB*;v2.0-53-g98db238
roadmap;dimacs;59;10;262142;2103;1;189.434;0.131622;SB*;v2.0-53-g98db238
roadmap;dimacs;60;10;18;249839;1;189.434;0.132936;SB*;v2.0-53-g98db238
roadmap;dimacs;61;10;257040;8142;1;189.434;0.132054;SB*;v2.0-53-g98db238
roadmap;dimacs;62;10;15371;247787;1;189.434;0.134459;SB*;v2.0-53-g98db238
roadmap;dimacs;63;10;25090;254449;1;189.434;0.136532;SB*;v2.0-53-g98db238
roadmap;dimacs;64;10;231395;2056;1;189.434;0.130671;SB*;v2.0-53-g98db238
roadmap;dimacs;65;10;261107;32259;1;189.434;0.135682;SB*;v2.0-53-g98db238
roadmap;dimacs;66;10;232967;17915;1;189.434;0.132152;SB*;v2.0-53-g98db238
roadmap;dimacs;67;10;1546;250877;1;189.434;0.13242;SB*;v2.0-53-g98db238
roadmap;dimacs;68;10;259095;18400;1;189.434;0.131771;SB*;v2.0-53-g98db238
roadmap;dimacs;69;10;2077;257011;1;189.434;0.13435;SB*;v2.0-53-g98db238
roadmap;dimacs;70;10;6105;259598;1;189.434;0.13323;SB*;v2.0-53-g98db238
roadmap;dimacs;71;10;24096;259054;1;189.434;0.13311;SB*;v2.0-53-g98db238
roadmap;dimacs;72;10;8207;252412;1;189.434;0.130409;SB*;v2.0-53-g98db238
roadmap;dimacs;73;10;1098;262134;1;189.434;0.131825;SB*;v2.0-53-g98db238
roadmap;dimacs;74;10;261156;4073;1;189.434;0.133441;SB*;v2.0-53-g98db238
roadmap;dimacs;75;10;9746;252388;1;189.434;0.132606;SB*;v2.0-53-g98db238
roadmap;dimacs;76;10;261137;11264;1;189.434;0.125722;SB*;v2.0-53-g98db238
roadmap;dimacs;77;10;6101;259596;1;189.434;0.134841;SB*;v2.0-53-g98db238
roadmap;dimacs;78;10;256565;7141;1;189.434;0.125234;SB*;v2.0-53-g98db238
roadmap;dimacs;79;10;256550;25596;1;189.434;0.132205;SB*;v2.0-53-g98db238
roadmap;dimacs;80;10;1034;257530;1;189.434;0.134154;SB*;v2.0-53-g98db238
roadmap;dimacs;81;10;261616;8225;1;189.434;0.127887;SB*;v2.0-53-g98db238
roadmap;dimacs;82;10;12807;245730;1;189.434;0.134581;SB*;v2.0-53-g98db238
roadmap;dimacs;83;10;246321;5621;1;189.434;0.135312;SB*;v2.0-53-g98db238
roadmap;dimacs;84;10;11236;248329;1;189.434;0.13247;SB*;v2.0-53-g98db238
roadmap;dimacs;85;10;1514;238083;1;189.434;0.134485;SB*;v2.0-53-g98db238
roadmap;dimacs;86;10;246296;10229;1;189.434;0.130796;SB*;v2.0-53-g98db238
roadmap;dimacs;87;10;251862;7185;1;189.434;0.134132;SB*;v2.0-53-g98db238
roadmap;dimacs;88;10;15362;256969;1;189.434;0.130256;SB*;v2.0-53-g98db238
roadmap;dimacs;89;10;245256;25082;1;189.434;0.130933;SB*;v2.0-53-g98db238
roadmap;dimacs;90;10;262141;3625;1;189.434;0.130686;SB*;v2.0-53-g98db238
roadmap;dimacs;91;10;250410;17918;1;189.434;0.132199;SB*;v2.0-53-g98db238
roadmap;dimacs;92;10;255543;9197;1;189.434;0.131285;SB*;v2.0-53-g98db238
roadmap;dimacs;93;10;3542;246807;1;189.434;0.131192;SB*;v2.0-53-g98db238
roadmap;dimacs;94;10;10309;260094;1;189.434;0.134018;SB*;v2.0-53-g98db238
roadmap;dimacs;95;10;247269;8727;1;189.434;0.129899;SB*;v2.0-53-g98db238
roadmap;dimacs;96;10;1543;260092;1;189.434;0.135453;SB*;v2.0-53-g98db238
roadmap;dimacs;97;10;4065;245794;1;189.434;0.13267;SB*;v2.0-53-g98db238
roadmap;dimacs;98;10;248310;47;1;189.434;0.131574;SB*;v2.0-53-g98db238
roadmap;dimacs;99;10;252921;12810;1;189.434;0.133638;SB*;v2.0-53-g98db238
roadmap;dimacs;0;20;244239;17918;1;189.434;0.186884;SB*;v2.0-53-g98db238
roadmap;dimacs;1;20;2025;237583;1;189.434;0.191815;SB*;v2.0-53-g98db238
roadmap;dimacs;2;20;224266;3576;1;189.434;0.188846;SB*;v2.0-53-g98db238
roadmap;dimacs;3;20;6204;255485;1;189.434;0.191317;SB*;v2.0-53-g98db238
roadmap;dimacs;4;20;260592;5;1;189.434;0.187545;SB*;v2.0-53-g98db238
roadmap;dimacs;5;20;12743;257036;1;189.434;0.190695;SB*;v2.0-53-g98db238
roadmap;dimacs;6;20;13827;248797;1;189.434;0.189093;SB*;v2.0-53-g98db238
roadmap;dimacs;7;20;3523;248841;1;189.434;0.191111;SB*;v2.0-53-g98db238
roadmap;dimacs;8;20;15345;246295;1;189.434;0.186898;SB*;v2.0-53-g98db238
roadmap;dimacs;9;20;5098;235010;1;189.434;0.190296;SB*;v2.0-53-g98db238
roadmap;dimacs;10;20;5148;260591;1;189.434;0.191095;SB*;v2.0-53-g98db238
roadmap;dimacs;11;20;5088;257589;1;189.434;0.192675;SB*;v2.0-53-g98db238
roadmap;dimacs;12;20;252903;9741;1;189.434;0.189031;SB*;v2.0-53-g98db238
roadmap;dimacs;13;20;258029;17437;1;189.434;0.191831;SB*;v2.0-53-g98db238
roadmap;dimacs;14;20;260111;38908;1;189.434;0.189645;SB*;v2.0-53-g98db238
roadmap;dimacs;15;20;248840;6628;1;189.434;0.188675;SB*;v2.0-53-g98db238
roadmap;dimacs;16;20;259081;13264;1;189.434;0.190723;SB*;v2.0-53-g98db238
roadmap;dimacs;17;20;14822;261128;1;189.434;0.189124;SB*;v2.0-53-g98db238
roadmap;dimacs;18;20;253407;5647;1;189.434;0.186559;SB*;v2.0-53-g98db238
roadmap;dimacs;19;20;9721;255546;1;189.434;0.187223;SB*;v2.0-53-g98db238
roadmap;dimacs;20;20;250337;1568;1;189.434;0.187954;SB*;v2.0-53-g98db238
roadmap;dimacs;21;20;259598;8158;1;189.434;0.190886;SB*;v2.0-53-g98db238
roadmap;dimacs;22;20;6156;240625;1;189.434;0.19247;SB*;v2.0-53-g98db238
roadmap;dimacs;23;20;259617;7635;1;189.434;0.189735;SB*;v2.0-53-g98db238
roadmap;dimacs;24;20;1013;260659;1;189.434;0.188779;SB*;v2.0-53-g98db238
roadmap;dimacs;25;20;20453;257542;1;189.434;0.186547;SB*;v2.0-53-g98db238
roadmap;dimacs;26;20;1049;251389;1;189.434;0.19099;SB*;v2.0-53-g98db238
roadmap;dimacs;27;20;3043;238089;1;189.434;0.194821;SB*;v2.0-53-g98db238
roadmap;dimacs;28;20;24071;246770;1;189.434;0.189619;SB*;v2.0-53-g98db238
roadmap;dimacs;29;20;7146;259122;1;189.434;0.188749;SB*;v2.0-53-g98db238
roadmap;dimacs;30;20;261620;44547;1;189.434;0.188735;SB*;v2.0-53-g98db238
roadmap;dimacs;31;20;250944;495;1;189.434;0.188575;SB*;v2.0-53-g98db238
roadmap;dimacs;32;20;8190;259097;1;189.434;0.191248;SB*;v2.0-53-g98db238
roadmap;dimacs;33;20;14851;235519;1;189.434;0.166473;SB*;v2.0-53-g98db238
roadmap;dimacs;34;20;244712;17409;1;189.434;0.178571;SB*;v2.0-53-g98db238
roadmap;dimacs;35;20;3057;231446;1;189.434;0.188203;SB*;v2.0-53-g98db238
roadmap;dimacs;36;20;252391;12316;1;189.434;0.187902;SB*;v2.0-53-g98db238
roadmap;dimacs;37;20;256554;10213;1;189.434;0.185887;SB*;v2.0-53-g98db238
roadmap;dimacs;38;20;249286;1029;1;189.434;0.188049;SB*;v2.0-53-g98db238
roadmap;dimacs;39;20;1574;237056;1;189.434;0.191086;SB*;v2.0-53-g98db238
roadmap;dimacs;40;20;27167;253438;1;189.434;0.189105;SB*;v2.0-53-g98db238
roadmap;dimacs;41;20;6130;243213;1;189.434;0.183713;SB*;v2.0-53-g98db238
roadmap;dimacs;42;20;9203;250895;1;189.434;0.191748;SB*;v2.0-53-g98db238
roadmap;dimacs;43;20;1488;254485;1;189.434;0.19037;SB*;v2.0-53-g98db238
roadmap;dimacs;44;20;515;245708;1;189.434;0.192098;SB*;v2.0-53-g98db238
roadmap;dimacs;45;20;1010;261644;1;189.434;0.189181;SB*;v2.0-53-g98db238
roadmap;dimacs;46;20;11797;252910;1;189.434;0.191229;SB*;v2.0-53-g98db238
roadmap;dimacs;47;20;7162;254509;1;189.434;0.189039;SB*;v2.0-53-g98db238
roadmap;dimacs;48;20;533;242143;1;189.434;0.190641;SB*;v2.0-53-g98db238
roadmap;dimacs;49;20;254440;1554;1;189.434;0.188346;SB*;v2.0-53-g98db238
roadmap;dimacs;50;20;255976;27655;1;189.434;0.185122;SB*;v2.0-53-g98db238
roadmap;dimacs;51;20;1058;256493;1;189.434;0.183995;SB*;v2.0-53-g98db238
roadmap;dimacs;52;20;244723;13838;1;189.434;0.191458;SB*;v2.0-53-g98db238
roadmap;dimacs;53;20;248816;20490;1;189.434;0.188262;SB*;v2.0-53-g98db238
roadmap;dimacs;54;20;18406;254470;1;189.434;0.189623;SB*;v2.0-53-g98db238
roadmap;dimacs;55;20;261627;19496;1;189.434;0.187673;SB*;v2.0-53-g98db238
roadmap;dimacs;56;20;7156;251410;1;189.434;0.190909;SB*;v2.0-53-g98db238
roadmap;dimacs;57;20;20446;252934;1;189.434;0.190321;SB*;v2.0-53-g98db238
roadmap;dimacs;58;20;244742;8660;1;189.434;0.1876;SB*;v2.0-53-g98db238
roadmap;dimacs;59;20;262142;2103;1;189.434;0.191896;SB*;v2.0-53-g98db238
roadmap;dimacs;60;20;18;249839;1;189.434;0.188471;SB*;v2.0-53-g98db238
roadmap;dimacs;61;20;257040;8142;1;189.434;0.191998;SB*;v2.0-53-g98db238
roadmap;dimacs;62;20;15371;247787;1;189.434;0.189189;SB*;v2.0-53-g98db238
roadmap;dimacs;63;20;25090;254449;1;189.434;0.190796;SB*;v2.0-53-g98db238
roadmap;dimacs;64;20;231395;2056;1;189.434;0.185152;SB*;v2.0-53-g98db238
roadmap;dimacs;65;20;261107;32259;1;189.434;0.189747;SB*;v2.0-53-g98db238
roadmap;dimacs;66;20;232967;17915;1;189.434;0.188454;SB*;v2.0-53-g98db238
roadmap;dimacs;67;20;1546;250877;1;189.434;0.190619;SB*;v2.0-53-g98db238
roadmap;dimacs;68;20;259095;18400;1;189.434;0.188035;SB*;v2.0-53-g98db238
roadmap;dimacs;69;20;2077;257011;1;189.434;0.188435;SB*;v2.0-53-g98db238
roadmap;dimacs;70;20;6105;259598;1;189.434;0.19236;SB*;v2.0-53-g98db238
roadmap;dimacs;71;20;24096;259054;1;189.434;0.188007;SB*;v2.0-53-g98db238
roadmap;dimacs;72;20;8207;252412;1;189.434;0.189212;SB*;v2.0-53-g98db238
roadmap;dimacs;73;20;1098;262134;1;189.434;0.188981;SB*;v2.0-53-g98db238
roadmap;dimacs;74;20;261156;4073;1;189.434;0.190266;SB*;v2.0-53-g98db238
roadmap;dimacs;75;20;9746;252388;1;189.434;0.191489;SB*;v2.0-53-g98db238
roadmap;dimacs;76;20;261137;11264;1;189.434;0.188567;SB*;v2.0-53-g98db238
roadmap;dimacs;77;20;6101;259596;1;189.434;0.19116;SB*;v2.0-53-g98db238
roadmap;dimacs;78;20;256565;7141;1;189.434;0.197185;SB*;v2.0-53-g98db238
roadmap;dimacs;79;20;256550;25596;1;189.434;0.205822;SB*;v2.0-53-g98db238
roadmap;dimacs;80;20;1034;257530;1;189.434;0.195476;SB*;v2.0-53-g98db238
roadmap;dimacs;81;20;261616;8225;1;189.434;0.188521;SB*;v2.0-53-g98db238
roadmap;dimacs;82;20;12807;245730;1;189.434;0.184668;SB*;v2.0-53-g98db238
roadmap;dimacs;83;20;246321;5621;1;189.434;0.188486;SB*;v2.0-53-g98db238
roadmap;dimacs;84;20;11236;248329;1;189.434;0.161071;SB*;v2.0-53-g98db238
roadmap;dimacs;85;20;1514;238083;1;189.434;0.185518;SB*;v2.0-53-g98db238
roadmap;dimacs;86;20;246296;10229;1;189.434;0.187335;SB*;v2.0-53-g98db238
roadmap;dimacs;87;20;251862;7185;1;189.434;0.187611;SB*;v2.0-53-g98db238
roadmap;dimacs;88;20;15362;256969;1;189.434;0.188529;SB*;v2.0-53-g98db238
roadmap;dimacs;89;20;245256;25082;1;189.434;0.18876;SB*;v2.0-53-g98db238
roadmap;dimacs;90;20;262141;3625;1;189.434;0.190513;SB*;v2.0-53-g98db238
roadmap;dimacs;91;20;250410;17918;1;189.434;0.183931;SB*;v2.0-53-g98db238
roadmap;dimacs;92;20;255543;9197;1;189.434;0.189958;SB*;v2.0-53-g98db238
roadmap;dimacs;93;20;3542;246807;1;189.434;0.191166;SB*;v2.0-53-g98db238
roadmap;dimacs;94;20;10309;260094;1;189.434;0.194009;SB*;v2.0-53-g98db238
roadmap;dimacs;95;20;247269;8727;1;189.434;0.191795;SB*;v2.0-53-g98db238
roadmap;dimacs;96;20;1543;260092;1;189.434;0.192498;SB*;v2.0-53-g98db238
roadmap;dimacs;97;20;4065;245794;1;189.434;0.189645;SB*;v2.0-53-g98db238
roadmap;dimacs;98;20;248310;47;1;189.434;0.191288;SB*;v2.0-53-g98db238
roadmap;dimacs;99;20;252921;12810;1;189.434;0.18931;SB*;v2.0-53-g98db238
roadmap;dimacs;0;30;244239;17918;1;189.434;0.24912;SB*;v2.0-53-g98db238
roadmap;dimacs;1;30;2025;237583;1;189.434;0.247809;SB*;v2.0-53-g98db238
roadmap;dimacs;2;30;224266;3576;1;189.434;0.245242;SB*;v2.0-53-g98db238
roadmap;dimacs;3;30;6204;255485;1;189.434;0.245855;SB*;v2.0-53-g98db238
roadmap;dimacs;4;30;260592;5;1;189.434;0.240018;SB*;v2.0-53-g98db238
roadmap;dimacs;5;30;12743;257036;1;189.434;0.243243;SB*;v2.0-53-g98db238
roadmap;dimacs;6;30;13827;248797;1;189.434;0.243645;SB*;v2.0-53-g98db238
roadmap;dimacs;7;30;3523;248841;1;189.434;0.248;SB*;v2.0-53-g98db238
roadmap;dimacs;8;30;15345;246295;1;189.434;0.247054;SB*;v2.0-53-g98db238
roadmap;dimacs;9;30;5098;235010;1;189.434;0.246415;SB*;v2.0-53-g98db238
roadmap;dimacs;10;30;5148;260591;1;189.434;0.246985;SB*;v2.0-53-g98db238
roadmap;dimacs;11;30;5088;257589;1;189.434;0.249033;SB*;v2.0-53-g98db238
roadmap;dimacs;12;30;252903;9741;1;189.434;0.242142;SB*;v2.0-53-g98db238
roadmap;dimacs;13;30;258029;17437;1;189.434;0.242958;SB*;v2.0-53-g98db238
roadmap;dimacs;14;30;260111;38908;1;189.434;0.249106;SB*;v2.0-53-g98db238
roadmap;dimacs;15;30;248840;6628;1;189.434;0.244929;SB*;v2.0-53-g98db238
roadmap;dimacs;16;30;259081;13264;1;189.434;0.246807;SB*;v2.0-53-g98db238
roadmap;dimacs;17;30;14822;261128;1;189.434;0.248305;SB*;v2.0-53-g98db238
roadmap;dimacs;18;30;253407;5647;1;189.434;0.247051;SB*;v2.0-53-g98db238
roadmap;dimacs;19;30;9721;255546;1;189.434;0.248378;SB*;v2.0-53-g98db238
roadmap;dimacs;20;30;250337;1568;1;189.434;0.242971;SB*;v2.0-53-g98db238
roadmap;dimacs;21;30;259598;8158;1;189.434;0.247263;SB*;v2.0-53-g98db238
roadmap;dimacs;22;30;6156;240625;1;189.434;0.247662;SB*;v2.0-53-g98db238
roadmap;dimacs;23;30;259617;7635;1;189.434;0.244866;SB*;v2.0-53-g98db238
roadmap;dimacs;24;30;1013;260659;1;189.434;0.246543;SB*;v2.0-53-g98db238
roadmap;dimacs;25;30;20453;257542;1;189.434;0.252725;SB*;v2.0-53-g98db238
roadmap;dimacs;26;30;1049;251389;1;189.434;0.244145;SB*;v2.0-53-g98db238
roadmap;dimacs;27;30;3043;238089;1;189.434;0.211594;SB*;v2.0-53-g98db238
roadmap;dimacs;28;30;24071;246770;1;189.434;0.240353;SB*;v2.0-53-g98db238
roadmap;dimacs;29;30;7146;259122;1;189.434;0.243499;SB*;v2.0-53-g98db238
roadmap;dimacs;30;30;261620;44547;1;189.434;0.238485;SB*;v2.0-53-g98db238
roadmap;dimacs;31;30;250944;495;1;189.434;0.242024;SB*;v2.0-53-g98db238
roadmap;dimacs;32;30;8190;259097;1;189.434;0.244457;SB*;v2.0-53-g98db238
roadmap;dimacs;33;30;14851;235519;1;189.434;0.24992;SB*;v2.0-53-g98db238
roadmap;dimacs;34;30;244712;17409;1;189.434;0.241704;SB*;v2.0-53-g98db238
roadmap;dimacs;35;30;3057;231446;1;189.434;0.246128;SB*;v2.0-53-g98db238
roadmap;dimacs;36;30;252391;12316;1;189.434;0.24508;SB*;v2.0-53-g98db238
roadmap;dimacs;37;30;256554;10213;1;189.434;0.245458;SB*;v2.0-53-g98db238
roadmap;dimacs;38;30;249286;1029;1;189.434;0.24889;SB*;v2.0-53-g98db238
roadmap;dimacs;39;30;1574;237056;1;189.434;0.248447;SB*;v2.0-53-g98db238
roadmap;dimacs;40;30;27167;253438;1;189.434;0.24589;SB*;v2.0-53-g98db238
roadmap;dimacs;41;30;6130;243213;1;189.434;0.245943;SB*;v2.0-53-g98db238
roadmap;dimacs;42;30;9203;250895;1;189.434;0.24237;SB*;v2.0-53-g98db238
roadmap;dimacs;43;30;1488;254485;1;189.434;0.245139;SB*;v2.0-53-g98db238
roadmap;dimacs;44;30;515;245708;1;189.434;0.248026;SB*;v2.0-53-g98db238
roadmap;dimacs;45;30;1010;261644;1;189.434;0.244413;SB*;v2.0-53-g98db238
roadmap;dimacs;46;30;11797;252910;1;189.434;0.247626;SB*;v2.0-53-g98db238
roadmap;dimacs;47;30;7162;254509;1;189.434;0.249054;SB*;v2.0-53-g98db238
roadmap;dimacs;48;30;533;242143;1;189.434;0.249413;SB*;v2.0-53-g98db238
roadmap;dimacs;49;30;254440;1554;1;189.434;0.243303;SB*;v2.0-53-g98db238
roadmap;dimacs;50;30;255976;27655;1;189.434;0.246061;SB*;v2.0-53-g98db238
roadmap;dimacs;51;30;1058;256493;1;189.434;0.23939;SB*;v2.0-53-g98db238
roadmap;dimacs;52;30;244723;13838;1;189.434;0.245644;SB*;v2.0-53-g98db238
roadmap;dimacs;53;30;248816;20490;1;189.434;0.244875;SB*;v2.0-53-g98db238
roadmap;dimacs;54;30;18406;254470;1;189.434;0.247201;SB*;v2.0-53-g98db238
roadmap;dimacs;55;30;261627;19496;1;189.434;0.240849;SB*;v2.0-53-g98db238
roadmap;dimacs;56;30;7156;251410;1;189.434;0.250148;SB*;v2.0-53-g98db238
roadmap;dimacs;57;30;20446;252934;1;189.434;0.251394;SB*;v2.0-53-g98db238
roadmap;dimacs;58;30;244742;8660;1;189.434;0.243144;SB*;v2.0-53-g98db238
roadmap;dimacs;59;30;262142;2103;1;189.434;0.246596;SB*;v2.0-53-g98db238
roadmap;dimacs;60;30;18;249839;1;189.434;0.250577;SB*;v2.0-53-g98db238
roadmap;dimacs;61;30;257040;8142;1;189.434;0.250671;SB*;v2.0-53-g98db238
roadmap;dimacs;62;30;15371;247787;1;189.434;0.244476;SB*;v2.0-53-g98db238
roadmap;dimacs;63;30;25090;254449;1;189.434;0.248669;SB*;v2.0-53-g98db238
roadmap;dimacs;64;30;231395;2056;1;189.434;0.242608;SB*;v2.0-53-g98db238
roadmap;dimacs;65;30;261107;32259;1;189.434;0.247868;SB*;v2.0-53-g98db238
roadmap;dimacs;66;30;232967;17915;1;189.434;0.249863;SB*;v2.0-53-g98db238
roadmap;dimacs;67;30;1546;250877;1;189.434;0.196849;SB*;v2.0-53-g98db238
roadmap;dimacs;68;30;259095;18400;1;189.434;0.239789;SB*;v2.0-53-g98db238
roadmap;dimacs;69;30;2077;257011;1;189.434;0.238942;SB*;v2.0-53-g98db238
roadmap;dimacs;70;30;6105;259598;1;189.434;0.24146;SB*;v2.0-53-g98db238
roadmap;dimacs;71;30;24096;259054;1;189.434;0.247;SB*;v2.0-53-g98db238
roadmap;dimacs;72;30;8207;252412;1;189.434;0.243086;SB*;v2.0-53-g98db238
roadmap;dimacs;73;30;1098;262134;1;189.434;0.244005;SB*;v2.0-53-g98db238
roadmap;dimacs;74;30;261156;4073;1;189.434;0.247876;SB*;v2.0-53-g98db238
roadmap;dimacs;75;30;9746;252388;1;189.434;0.248122;SB*;v2.0-53-g98db238
roadmap;dimacs;76;30;261137;11264;1;189.434;0.246126;SB*;v2.0-53-g98db238
roadmap;dimacs;77;30;6101;259596;1;189.434;0.247155;SB*;v2.0-53-g98db238
roadmap;dimacs;78;30;256565;7141;1;189.434;0.245495;SB*;v2.0-53-g98db238
roadmap;dimacs;79;30;256550;25596;1;189.434;0.246186;SB*;v2.0-53-g98db238
roadmap;dimacs;80;30;1034;257530;1;189.434;0.250622;SB*;v2.0-53-g98db238
roadmap;dimacs;81;30;261616;8225;1;189.434;0.24199;SB*;v2.0-53-g98db238
roadmap;dimacs;82;30;12807;245730;1;189.434;0.248296;SB*;v2.0-53-g98db238
roadmap;dimacs;83;30;246321;5621;1;189.434;0.246146;SB*;v2.0-53-g98db238
roadmap;dimacs;84;30;11236;248329;1;189.434;0.245655;SB*;v2.0-53-g98db238
roadmap;dimacs;85;30;1514;238083;1;189.434;0.248121;SB*;v2.0-53-g98db238
roadmap;dimacs;86;30;246296;10229;1;189.434;0.248868;SB*;v2.0-53-g98db238
roadmap;dimacs;87;30;251862;7185;1;189.434;0.241217;SB*;v2.0-53-g98db238
roadmap;dimacs;88;30;15362;256969;1;189.434;0.24382;SB*;v2.0-53-g98db238
roadmap;dimacs;89;30;245256;25082;1;189.434;0.243887;SB*;v2.0-53-g98db238
roadmap;dimacs;90;30;262141;3625;1;189.434;0.244221;SB*;v2.0-53-g98db238
roadmap;dimacs;91;30;250410;17918;1;189.434;0.244238;SB*;v2.0-53-g98db238
roadmap;dimacs;92;30;255543;9197;1;189.434;0.245155;SB*;v2.0-53-g98db238
roadmap;dimacs;93;30;3542;246807;1;189.434;0.251049;SB*;v2.0-53-g98db238
roadmap;dimacs;94;30;10309;260094;1;189.434;0.246659;SB*;v2.0-53-g98db238
roadmap;dimacs;95;30;247269;8727;1;189.434;0.247503;SB*;v2.0-53-g98db238
roadmap;dimacs;96;30;1543;260092;1;189.434;0.247773;SB*;v2.0-53-g98db238
roadmap;dimacs;97;30;4065;245794;1;189.434;0.249946;SB*;v2.0-53-g98db238
roadmap;dimacs;98;30;248310;47;1;189.434;0.248431;SB*;v2.0-53-g98db238
roadmap;dimacs;99;30;252921;12810;1;189.434;0.246364;SB*;v2.0-53-g98db238
roadmap;dimacs;0;40;244239;17918;1;189.434;0.296753;SB*;v2.0-53-g98db238
roadmap;dimacs;1;40;2025;237583;1;189.434;0.308654;SB*;v2.0-53-g98db238
roadmap;dimacs;2;40;224266;3576;1;189.434;0.299623;SB*;v2.0-53-g98db238
roadmap;dimacs;3;40;6204;255485;1;189.434;0.30341;SB*;v2.0-53-g98db238
roadmap;dimacs;4;40;260592;5;1;189.434;0.30798;SB*;v2.0-53-g98db238
roadmap;dimacs;5;40;12743;257036;1;189.434;0.288437;SB*;v2.0-53-g98db238
roadmap;dimacs;6;40;13827;248797;1;189.434;0.294846;SB*;v2.0-53-g98db238
roadmap;dimacs;7;40;3523;248841;1;189.434;0.296368;SB*;v2.0-53-g98db238
roadmap;dimacs;8;40;15345;246295;1;189.434;0.300891;SB*;v2.0-53-g98db238
roadmap;dimacs;9;40;5098;235010;1;189.434;0.303977;SB*;v2.0-53-g98db238
roadmap;dimacs;10;40;5148;260591;1;189.434;0.304299;SB*;v2.0-53-g98db238
roadmap;dimacs;11;40;5088;257589;1;189.434;0.293387;SB*;v2.0-53-g98db238
roadmap;dimacs;12;40;252903;9741;1;189.434;0.303142;SB*;v2.0-53-g98db238
roadmap;dimacs;13;40;258029;17437;1;189.434;0.298212;SB*;v2.0-53-g98db238
roadmap;dimacs;14;40;260111;38908;1;189.434;0.305903;SB*;v2.0-53-g98db238
roadmap;dimacs;15;40;248840;6628;1;189.434;0.305129;SB*;v2.0-53-g98db238
roadmap;dimacs;16;40;259081;13264;1;189.434;0.299691;SB*;v2.0-53-g98db238
roadmap;dimacs;17;40;14822;261128;1;189.434;0.307833;SB*;v2.0-53-g98db238
roadmap;dimacs;18;40;253407;5647;1;189.434;0.303775;SB*;v2.0-53-g98db238
roadmap;dimacs;19;40;9721;255546;1;189.434;0.30304;SB*;v2.0-53-g98db238
roadmap;dimacs;20;40;250337;1568;1;189.434;0.300629;SB*;v2.0-53-g98db238
roadmap;dimacs;21;40;259598;8158;1;189.434;0.303649;SB*;v2.0-53-g98db238
roadmap;dimacs;22;40;6156;240625;1;189.434;0.295034;SB*;v2.0-53-g98db238
roadmap;dimacs;23;40;259617;7635;1;189.434;0.298542;SB*;v2.0-53-g98db238
roadmap;dimacs;24;40;1013;260659;1;189.434;0.308787;SB*;v2.0-53-g98db238
roadmap;dimacs;25;40;20453;257542;1;189.434;0.292679;SB*;v2.0-53-g98db238
roadmap;dimacs;26;40;1049;251389;1;189.434;0.299194;SB*;v2.0-53-g98db238
roadmap;dimacs;27;40;3043;238089;1;189.434;0.302073;SB*;v2.0-53-g98db238
roadmap;dimacs;28;40;24071;246770;1;189.434;0.301841;SB*;v2.0-53-g98db238
roadmap;dimacs;29;40;7146;259122;1;189.434;0.305196;SB*;v2.0-53-g98db238
roadmap;dimacs;30;40;261620;44547;1;189.434;0.302974;SB*;v2.0-53-g98db238
roadmap;dimacs;31;40;250944;495;1;189.434;0.301493;SB*;v2.0-53-g98db238
roadmap;dimacs;32;40;8190;259097;1;189.434;0.302108;SB*;v2.0-53-g98db238
roadmap;dimacs;33;40;14851;235519;1;189.434;0.300011;SB*;v2.0-53-g98db238
roadmap;dimacs;34;40;244712;17409;1;189.434;0.299661;SB*;v2.0-53-g98db238
roadmap;dimacs;35;40;3057;231446;1;189.434;0.303487;SB*;v2.0-53-g98db238
roadmap;dimacs;36;40;252391;12316;1;189.434;0.296896;SB*;v2.0-53-g98db238
roadmap;dimacs;37;40;256554;10213;1;189.434;0.301995;SB*;v2.0-53-g98db238
roadmap;dimacs;38;40;249286;1029;1;189.434;0.261398;SB*;v2.0-53-g98db238
roadmap;dimacs;39;40;1574;237056;1;189.434;0.283457;SB*;v2.0-53-g98db238
roadmap;dimacs;40;40;27167;253438;1;189.434;0.303999;SB*;v2.0-53-g98db238
roadmap;dimacs;41;40;6130;243213;1;189.434;0.303272;SB*;v2.0-53-g98db238
roadmap;dimacs;42;40;9203;250895;1;189.434;0.30473;SB*;v2.0-53-g98db238
roadmap;dimacs;43;40;1488;254485;1;189.434;0.298923;SB*;v2.0-53-g98db238
roadmap;dimacs;44;40;515;245708;1;189.434;0.298176;SB*;v2.0-53-g98db238
roadmap;dimacs;45;40;1010;261644;1;189.434;0.297089;SB*;v2.0-53-g98db238
roadmap;dimacs;46;40;11797;252910;1;189.434;0.306359;SB*;v2.0-53-g98db238
roadmap;dimacs;47;40;7162;254509;1;189.434;0.304412;SB*;v2.0-53-g98db238
roadmap;dimacs;48;40;533;242143;1;189.434;0.301365;SB*;v2.0-53-g98db238
roadmap;dimacs;49;40;254440;1554;1;189.434;0.301467;SB*;v2.0-53-g98db238
roadmap;dimacs;50;40;255976;27655;1;189.434;0.30699;SB*;v2.0-53-g98db238
roadmap;dimacs;51;40;1058;256493;1;189.434;0.289979;SB*;v2.0-53-g98db238
roadmap;dimacs;52;40;244723;13838;1;189.434;0.29905;SB*;v2.0-53-g98db238
roadmap;dimacs;53;40;248816;20490;1;189.434;0.300356;SB*;v2.0-53-g98db238
roadmap;dimacs;54;40;18406;254470;1;189.434;0.29897;SB*;v2.0-53-g98db238
roadmap;dimacs;55;40;261627;19496;1;189.434;0.303248;SB*;v2.0-53-g98db238
roadmap;dimacs;56;40;7156;251410;1;189.434;0.300794;SB*;v2.0-53-g98db238
roadmap;dimacs;57;40;20446;252934;1;189.434;0.307258;SB*;v2.0-53-g98db238
roadmap;dimacs;58;40;244742;8660;1;189.434;0.299554;SB*;v2.0-53-g98db238
roadmap;dimacs;59;40;262142;2103;1;189.434;0.305023;SB*;v2.0-53-g98db238
roadmap;dimacs;60;40;18;249839;1;189.434;0.303933;SB*;v2.0-53-g98db238
roadmap;dimacs;61;40;257040;8142;1;189.434;0.302978;SB*;v2.0-53-g98db238
roadmap;dimacs;62;40;15371;247787;1;189.434;0.302841;SB*;v2.0-53-g98db238
roadmap;dimacs;63;40;25090;254449;1;189.434;0.305882;SB*;v2.0-53-g98db238
roadmap;dimacs;64;40;231395;2056;1;189.434;0.300925;SB*;v2.0-53-g98db238
roadmap;dimacs;65;40;261107;32259;1;189.434;0.303738;SB*;v2.0-53-g98db238
roadmap;dimacs;66;40;232967;17915;1;189.434;0.301329;SB*;v2.0-53-g98db238
roadmap;dimacs;67;40;1546;250877;1;189.434;0.298554;SB*;v2.0-53-g98db238
roadmap;dimacs;68;40;259095;18400;1;189.434;0.303133;SB*;v2.0-53-g98db238
roadmap;dimacs;69;40;2077;257011;1;189.434;0.305083;SB*;v2.0-53-g98db238
roadmap;dimacs;70;40;6105;259598;1;189.434;0.297306;SB*;v2.0-53-g98db238
roadmap;dimacs;71;40;24096;259054;1;189.434;0.237699;SB*;v2.0-53-g98db238
roadmap;dimacs;72;40;8207;252412;1;189.434;0.29251;SB*;v2.0-53-g98db238
roadmap;dimacs;73;40;1098;262134;1;189.434;0.296947;SB*;v2.0-53-g98db238
roadmap;dimacs;74;40;261156;4073;1;189.434;0.299832;SB*;v2.0-53-g98db238
roadmap;dimacs;75;40;9746;252388;1;189.434;0.30594;SB*;v2.0-53-g98db238
roadmap;dimacs;76;40;261137;11264;1;189.434;0.302477;SB*;v2.0-53-g98db238
roadmap;dimacs;77;40;6101;259596;1;189.434;0.300905;SB*;v2.0-53-g98db238
roadmap;dimacs;78;40;256565;7141;1;189.434;0.304357;SB*;v2.0-53-g98db238
roadmap;dimacs;79;40;256550;25596;1;189.434;0.304556;SB*;v2.0-53-g98db238
roadmap;dimacs;80;40;1034;257530;1;189.434;0.29834;SB*;v2.0-53-g98db238
roadmap;dimacs;81;40;261616;8225;1;189.434;0.299403;SB*;v2.0-53-g98db238
roadmap;dimacs;82;40;12807;245730;1;189.434;0.303512;SB*;v2.0-53-g98db238
roadmap;dimacs;83;40;246321;5621;1;189.434;0.29898;SB*;v2.0-53-g98db238
roadmap;dimacs;84;40;11236;248329;1;189.434;0.306002;SB*;v2.0-53-g98db238
roadmap;dimacs;85;40;1514;238083;1;189.434;0.306543;SB*;v2.0-53-g98db238
roadmap;dimacs;86;40;246296;10229;1;189.434;0.305117;SB*;v2.0-53-g98db238
roadmap;dimacs;87;40;251862;7185;1;189.434;0.275358;SB*;v2.0-53-g98db238
roadmap;dimacs;88;40;15362;256969;1;189.434;0.291695;SB*;v2.0-53-g98db238
roadmap;dimacs;89;40;245256;25082;1;189.434;0.301122;SB*;v2.0-53-g98db238
roadmap;dimacs;90;40;262141;3625;1;189.434;0.300753;SB*;v2.0-53-g98db238
roadmap;dimacs;91;40;250410;17918;1;189.434;0.310542;SB*;v2.0-53-g98db238
roadmap;dimacs;92;40;255543;9197;1;189.434;0.298431;SB*;v2.0-53-g98db238
roadmap;dimacs;93;40;3542;246807;1;189.434;0.301072;SB*;v2.0-53-g98db238
roadmap;dimacs;94;40;10309;260094;1;189.434;0.304806;SB*;v2.0-53-g98db238
roadmap;dimacs;95;40;247269;8727;1;189.434;0.299686;SB*;v2.0-53-g98db238
roadmap;dimacs;96;40;1543;260092;1;189.434;0.306762;SB*;v2.0-53-g98db238
roadmap;dimacs;97;40;4065;245794;1;189.434;0.300239;SB*;v2.0-53-g98db238
roadmap;dimacs;98;40;248310;47;1;189.434;0.306962;SB*;v2.0-53-g98db238
roadmap;dimacs;99;40;252921;12810;1;189.434;0.297087;SB*;v2.0-53-g98db238
roadmap;dimacs;0;50;244239;17918;1;189.434;0.356187;SB*;v2.0-53-g98db238
roadmap;dimacs;1;50;2025;237583;1;189.434;0.359624;SB*;v2.0-53-g98db238
roadmap;dimacs;2;50;224266;3576;1;189.434;0.361961;SB*;v2.0-53-g98db238
roadmap;dimacs;3;50;6204;255485;1;189.434;0.3137;SB*;v2.0-53-g98db238
roadmap;dimacs;4;50;260592;5;1;189.434;0.351313;SB*;v2.0-53-g98db238
roadmap;dimacs;5;50;12743;257036;1;189.434;0.356873;SB*;v2.0-53-g98db238
roadmap;dimacs;6;50;13827;248797;1;189.434;0.352673;SB*;v2.0-53-g98db238
roadmap;dimacs;7;50;3523;248841;1;189.434;0.356889;SB*;v2.0-53-g98db238
roadmap;dimacs;8;50;15345;246295;1;189.434;0.359915;SB*;v2.0-53-g98db238
roadmap;dimacs;9;50;5098;235010;1;189.434;0.36561;SB*;v2.0-53-g98db238
roadmap;dimacs;10;50;5148;260591;1;189.434;0.364076;SB*;v2.0-53-g98db238
roadmap;dimacs;11;50;5088;257589;1;189.434;0.361872;SB*;v2.0-53-g98db238
roadmap;dimacs;12;50;252903;9741;1;189.434;0.360577;SB*;v2.0-53-g98db238
roadmap;dimacs;13;50;258029;17437;1;189.434;0.354138;SB*;v2.0-53-g98db238
roadmap;dimacs;14;50;260111;38908;1;189.434;0.360892;SB*;v2.0-53-g98db238
roadmap;dimacs;15;50;248840;6628;1;189.434;0.36275;SB*;v2.0-53-g98db238
roadmap;dimacs;16;50;259081;13264;1;189.434;0.354771;SB*;v2.0-53-g98db238
roadmap;dimacs;17;50;14822;261128;1;189.434;0.356117;SB*;v2.0-53-g98db238
roadmap;dimacs;18;50;253407;5647;1;189.434;0.360792;SB*;v2.0-53-g98db238
roadmap;dimacs;19;50;9721;255546;1;189.434;0.363109;SB*;v2.0-53-g98db238
roadmap;dimacs;20;50;250337;1568;1;189.434;0.363352;SB*;v2.0-53-g98db238
roadmap;dimacs;21;50;259598;8158;1;189.434;0.353679;SB*;v2.0-53-g98db238
roadmap;dimacs;22;50;6156;240625;1;189.434;0.362287;SB*;v2.0-53-g98db238
roadmap;dimacs;23;50;259617;7635;1;189.434;0.358646;SB*;v2.0-53-g98db238
roadmap;dimacs;24;50;1013;260659;1;189.434;0.358489;SB*;v2.0-53-g98db238
roadmap;dimacs;25;50;20453;257542;1;189.434;0.356957;SB*;v2.0-53-g98db238
roadmap;dimacs;26;50;1049;251389;1;189.434;0.354995;SB*;v2.0-53-g98db238
roadmap;dimacs;27;50;3043;238089;1;189.434;0.358438;SB*;v2.0-53-g98db238
roadmap;dimacs;28;50;24071;246770;1;189.434;0.366771;SB*;v2.0-53-g98db238
roadmap;dimacs;29;50;7146;259122;1;189.434;0.358756;SB*;v2.0-53-g98db238
roadmap;dimacs;30;50;261620;44547;1;189.434;0.35369;SB*;v2.0-53-g98db238
roadmap;dimacs;31;50;250944;495;1;189.434;0.293591;SB*;v2.0-53-g98db238
roadmap;dimacs;32;50;8190;259097;1;189.434;0.357245;SB*;v2.0-53-g98db238
roadmap;dimacs;33;50;14851;235519;1;189.434;0.358312;SB*;v2.0-53-g98db238
roadmap;dimacs;34;50;244712;17409;1;189.434;0.349591;SB*;v2.0-53-g98db238
roadmap;dimacs;35;50;3057;231446;1;189.434;0.362635;SB*;v2.0-53-g98db238
roadmap;dimacs;36;50;252391;12316;1;189.434;0.355413;SB*;v2.0-53-g98db238
roadmap;dimacs;37;50;256554;10213;1;189.434;0.356742;SB*;v2.0-53-g98db238
roadmap;dimacs;38;50;249286;1029;1;189.434;0.358526;SB*;v2.0-53-g98db238
roadmap;dimacs;39;50;1574;237056;1;189.434;0.357694;SB*;v2.0-53-g98db238
roadmap;dimacs;40;50;27167;253438;1;189.434;0.361195;SB*;v2.0-53-g98db238
roadmap;dimacs;41;50;6130;243213;1;189.434;0.367031;SB*;v2.0-53-g98db238
roadmap;dimacs;42;50;9203;250895;1;189.434;0.35397;SB*;v2.0-53-g98db238
roadmap;dimacs;43;50;1488;254485;1;189.434;0.360585;SB*;v2.0-53-g98db238
roadmap;dimacs;44;50;515;245708;1;189.434;0.363405;SB*;v2.0-53-g98db238
roadmap;dimacs;45;50;1010;261644;1;189.434;0.359585;SB*;v2.0-53-g98db238
roadmap;dimacs;46;50;11797;252910;1;189.434;0.365087;SB*;v2.0-53-g98db238
roadmap;dimacs;47;50;7162;254509;1;189.434;0.355539;SB*;v2.0-53-g98db238
roadmap;dimacs;48;50;533;242143;1;189.434;0.355449;SB*;v2.0-53-g98db238
roadmap;dimacs;49;50;254440;1554;1;189.434;0.355503;SB*;v2.0-53-g98db238
roadmap;dimacs;50;50;255976;27655;1;189.434;0.354739;SB*;v2.0-53-g98db238
roadmap;dimacs;51;50;1058;256493;1;189.434;0.353429;SB*;v2.0-53-g98db238
roadmap;dimacs;52;50;244723;13838;1;189.434;0.357948;SB*;v2.0-53-g98db238
roadmap;dimacs;53;50;248816;20490;1;189.434;0.361273;SB*;v2.0-53-g98db238
roadmap;dimacs;54;50;18406;254470;1;189.434;0.360386;SB*;v2.0-53-g98db238
roadmap;dimacs;55;50;261627;19496;1;189.434;0.364946;SB*;v2.0-53-g98db238
roadmap;dimacs;56;50;7156;251410;1;189.434;0.363084;SB*;v2.0-53-g98db238
roadmap;dimacs;57;50;20446;252934;1;189.434;0.351045;SB*;v2.0-53-g98db238
roadmap;dimacs;58;50;244742;8660;1;189.434;0.359932;SB*;v2.0-53-g98db238
roadmap;dimacs;59;50;262142;2103;1;189.434;0.356952;SB*;v2.0-53-g98db238
roadmap;dimacs;60;50;18;249839;1;189.434;0.360751;SB*;v2.0-53-g98db238
roadmap;dimacs;61;50;257040;8142;1;189.434;0.366985;SB*;v2.0-53-g98db238
roadmap;dimacs;62;50;15371;247787;1;189.434;0.355448;SB*;v2.0-53-g98db238
roadmap;dimacs;63;50;25090;254449;1;189.434;0.36401;SB*;v2.0-53-g98db238
roadmap;dimacs;64;50;231395;2056;1;189.434;0.354847;SB*;v2.0-53-g98db238
roadmap;dimacs;65;50;261107;32259;1;189.434;0.356414;SB*;v2.0-53-g98db238
roadmap;dimacs;66;50;232967;17915;1;189.434;0.359841;SB*;v2.0-53-g98db238
roadmap;dimacs;67;50;1546;250877;1;189.434;0.361419;SB*;v2.0-53-g98db238
roadmap;dimacs;68;50;259095;18400;1;189.434;0.35622;SB*;v2.0-53-g98db238
roadmap;dimacs;69;50;2077;257011;1;189.434;0.356987;SB*;v2.0-53-g98db238
roadmap;dimacs;70;50;6105;259598;1;189.434;0.356949;SB*;v2.0-53-g98db238
roadmap;dimacs;71;50;24096;259054;1;189.434;0.365802;SB*;v2.0-53-g98db238
roadmap;dimacs;72;50;8207;252412;1;189.434;0.356661;SB*;v2.0-53-g98db238
roadmap;dimacs;73;50;1098;262134;1;189.434;0.362121;SB*;v2.0-53-g98db238
roadmap;dimacs;74;50;261156;4073;1;189.434;0.358101;SB*;v2.0-53-g98db238
roadmap;dimacs;75;50;9746;252388;1;189.434;0.358095;SB*;v2.0-53-g98db238
roadmap;dimacs;76;50;261137;11264;1;189.434;0.357364;SB*;v2.0-53-g98db238
roadmap;dimacs;77;50;6101;259596;1;189.434;0.354668;SB*;v2.0-53-g98db238
roadmap;dimacs;78;50;256565;7141;1;189.434;0.357127;SB*;v2.0-53-g98db238
roadmap;dimacs;79;50;256550;25596;1;189.434;0.358833;SB*;v2.0-53-g98db238
roadmap;dimacs;80;50;1034;257530;1;189.434;0.354738;SB*;v2.0-53-g98db238
roadmap;dimacs;81;50;261616;8225;1;189.434;0.360239;SB*;v2.0-53-g98db238
roadmap;dimacs;82;50;12807;245730;1;189.434;0.364878;SB*;v2.0-53-g98db238
roadmap;dimacs;83;50;246321;5621;1;189.434;0.372711;SB*;v2.0-53-g98db238
roadmap;dimacs;84;50;11236;248329;1;189.434;0.348393;SB*;v2.0-53-g98db238
roadmap;dimacs;85;50;1514;238083;1;189.434;0.353373;SB*;v2.0-53-g98db238
roadmap;dimacs;86;50;246296;10229;1;189.434;0.301798;SB*;v2.0-53-g98db238
roadmap;dimacs;87;50;251862;7185;1;189.434;0.354345;SB*;v2.0-53-g98db238
roadmap;dimacs;88;50;15362;256969;1;189.434;0.339342;SB*;v2.0-53-g98db238
roadmap;dimacs;89;50;245256;25082;1;189.434;0.354437;SB*;v2.0-53-g98db238
roadmap;dimacs;90;50;262141;3625;1;189.434;0.358581;SB*;v2.0-53-g98db238
roadmap;dimacs;91;50;250410;17918;1;189.434;0.358263;SB*;v2.0-53-g98db238
roadmap;dimacs;92;50;255543;9197;1;189.434;0.354778;SB*;v2.0-53-g98db238
roadmap;dimacs;93;50;3542;246807;1;189.434;0.361764;SB*;v2.0-53-g98db238
roadmap;dimacs;94;50;10309;260094;1;189.434;0.365499;SB*;v2.0-53-g98db238
roadmap;dimacs;95;50;247269;8727;1;189.434;0.357668;SB*;v2.0-53-g98db238
roadmap;dimacs;96;50;1543;260092;1;189.434;0.358279;SB*;v2.0-53-g98db238
roadmap;dimacs;97;50;4065;245794;1;189.434;0.358294;SB*;v2.0-53-g98db238
roadmap;dimacs;98;50;248310;47;1;189.434;0.357933;SB*;v2.0-53-g98db238
roadmap;dimacs;99;50;252921;12810;1;189.434;0.360681;SB*;v2.0-53-g98db238
roadmap;dimacs;0;60;244239;17918;1;189.434;0.416064;SB*;v2.0-53-g98db238
roadmap;dimacs;1;60;2025;237583;1;189.434;0.412171;SB*;v2.0-53-g98db238
roadmap;dimacs;2;60;224266;3576;1;189.434;0.415257;SB*;v2.0-53-g98db238
roadmap;dimacs;3;60;6204;255485;1;189.434;0.424843;SB*;v2.0-53-g98db238
roadmap;dimacs;4;60;260592;5;1;189.434;0.40606;SB*;v2.0-53-g98db238
roadmap;dimacs;5;60;12743;257036;1;189.434;0.415386;SB*;v2.0-53-g98db238
roadmap;dimacs;6;60;13827;248797;1;189.434;0.414105;SB*;v2.0-53-g98db238
roadmap;dimacs;7;60;3523;248841;1;189.434;0.418318;SB*;v2.0-53-g98db238
roadmap;dimacs;8;60;15345;246295;1;189.434;0.415303;SB*;v2.0-53-g98db238
roadmap;dimacs;9;60;5098;235010;1;189.434;0.419602;SB*;v2.0-53-g98db238
roadmap;dimacs;10;60;5148;260591;1;189.434;0.410353;SB*;v2.0-53-g98db238
roadmap;dimacs;11;60;5088;257589;1;189.434;0.414432;SB*;v2.0-53-g98db238
roadmap;dimacs;12;60;252903;9741;1;189.434;0.352735;SB*;v2.0-53-g98db238
roadmap;dimacs;13;60;258029;17437;1;189.434;0.387166;SB*;v2.0-53-g98db238
roadmap;dimacs;14;60;260111;38908;1;189.434;0.424024;SB*;v2.0-53-g98db238
roadmap;dimacs;15;60;248840;6628;1;189.434;0.419161;SB*;v2.0-53-g98db238
roadmap;dimacs;16;60;259081;13264;1;189.434;0.416763;SB*;v2.0-53-g98db238
roadmap;dimacs;17;60;14822;261128;1;189.434;0.413595;SB*;v2.0-53-g98db238
roadmap;dimacs;18;60;253407;5647;1;189.434;0.412852;SB*;v2.0-53-g98db238
roadmap;dimacs;19;60;9721;255546;1;189.434;0.406466;SB*;v2.0-53-g98db238
roadmap;dimacs;20;60;250337;1568;1;189.434;0.399542;SB*;v2.0-53-g98db238
roadmap;dimacs;21;60;259598;8158;1;189.434;0.415479;SB*;v2.0-53-g98db238
roadmap;dimacs;22;60;6156;240625;1;189.434;0.412572;SB*;v2.0-53-g98db238
roadmap;dimacs;23;60;259617;7635;1;189.434;0.412495;SB*;v2.0-53-g98db238
roadmap;dimacs;24;60;1013;260659;1;189.434;0.415265;SB*;v2.0-53-g98db238
roadmap;dimacs;25;60;20453;257542;1;189.434;0.411113;SB*;v2.0-53-g98db238
roadmap;dimacs;26;60;1049;251389;1;189.434;0.415639;SB*;v2.0-53-g98db238
roadmap;dimacs;27;60;3043;238089;1;189.434;0.423048;SB*;v2.0-53-g98db238
roadmap;dimacs;28;60;24071;246770;1;189.434;0.408433;SB*;v2.0-53-g98db238
roadmap;dimacs;29;60;7146;259122;1;189.434;0.415791;SB*;v2.0-53-g98db238
roadmap;dimacs;30;60;261620;44547;1;189.434;0.414259;SB*;v2.0-53-g98db238
roadmap;dimacs;31;60;250944;495;1;189.434;0.40795;SB*;v2.0-53-g98db238
roadmap;dimacs;32;60;8190;259097;1;189.434;0.413569;SB*;v2.0-53-g98db238
roadmap;dimacs;33;60;14851;235519;1;189.434;0.41231;SB*;v2.0-53-g98db238
roadmap;dimacs;34;60;244712;17409;1;189.434;0.418711;SB*;v2.0-53-g98db238
roadmap;dimacs;35;60;3057;231446;1;189.434;0.410901;SB*;v2.0-53-g98db238
roadmap;dimacs;36;60;252391;12316;1;189.434;0.36983;SB*;v2.0-53-g98db238
roadmap;dimacs;37;60;256554;10213;1;189.434;0.407351;SB*;v2.0-53-g98db238
roadmap;dimacs;38;60;249286;1029;1;189.434;0.410533;SB*;v2.0-53-g98db238
roadmap;dimacs;39;60;1574;237056;1;189.434;0.411405;SB*;v2.0-53-g98db238
roadmap;dimacs;40;60;27167;253438;1;189.434;0.405134;SB*;v2.0-53-g98db238
roadmap;dimacs;41;60;6130;243213;1;189.434;0.414172;SB*;v2.0-53-g98db238
roadmap;dimacs;42;60;9203;250895;1;189.434;0.420188;SB*;v2.0-53-g98db238
roadmap;dimacs;43;60;1488;254485;1;189.434;0.429402;SB*;v2.0-53-g98db238
roadmap;dimacs;44;60;515;245708;1;189.434;0.416476;SB*;v2.0-53-g98db238
roadmap;dimacs;45;60;1010;261644;1;189.434;0.414885;SB*;v2.0-53-g98db238
roadmap;dimacs;46;60;11797;252910;1;189.434;0.412789;SB*;v2.0-53-g98db238
roadmap;dimacs;47;60;7162;254509;1;189.434;0.407347;SB*;v2.0-53-g98db238
roadmap;dimacs;48;60;533;242143;1;189.434;0.416404;SB*;v2.0-53-g98db238
roadmap;dimacs;49;60;254440;1554;1;189.434;0.416515;SB*;v2.0-53-g98db238
roadmap;dimacs;50;60;255976;27655;1;189.434;0.418513;SB*;v2.0-53-g98db238
roadmap;dimacs;51;60;1058;256493;1;189.434;0.412996;SB*;v2.0-53-g98db238
roadmap;dimacs;52;60;244723;13838;1;189.434;0.423399;SB*;v2.0-53-g98db238
roadmap;dimacs;53;60;248816;20490;1;189.434;0.411666;SB*;v2.0-53-g98db238
roadmap;dimacs;54;60;18406;254470;1;189.434;0.418081;SB*;v2.0-53-g98db238
roadmap;dimacs;55;60;261627;19496;1;189.434;0.4201;SB*;v2.0-53-g98db238
roadmap;dimacs;56;60;7156;251410;1;189.434;0.416067;SB*;v2.0-53-g98db238
roadmap;dimacs;57;60;20446;252934;1;189.434;0.412091;SB*;v2.0-53-g98db238
roadmap;dimacs;58;60;244742;8660;1;189.434;0.407992;SB*;v2.0-53-g98db238
roadmap;dimacs;59;60;262142;2103;1;189.434;0.414756;SB*;v2.0-53-g98db238
roadmap;dimacs;60;60;18;249839;1;189.434;0.380625;SB*;v2.0-53-g98db238
roadmap;dimacs;61;60;257040;8142;1;189.434;0.406186;SB*;v2.0-53-g98db238
roadmap;dimacs;62;60;15371;247787;1;189.434;0.397866;SB*;v2.0-53-g98db238
roadmap;dimacs;63;60;25090;254449;1;189.434;0.416977;SB*;v2.0-53-g98db238
roadmap;dimacs;64;60;231395;2056;1;189.434;0.415905;SB*;v2.0-53-g98db238
roadmap;dimacs;65;60;261107;32259;1;189.434;0.410668;SB*;v2.0-53-g98db238
roadmap;dimacs;66;60;232967;17915;1;189.434;0.41683;SB*;v2.0-53-g98db238
roadmap;dimacs;67;60;1546;250877;1;189.434;0.41036;SB*;v2.0-53-g98db238
roadmap;dimacs;68;60;259095;18400;1;189.434;0.414381;SB*;v2.0-53-g98db238
roadmap;dimacs;69;60;2077;257011;1;189.434;0.418009;SB*;v2.0-53-g98db238
roadmap;dimacs;70;60;6105;259598;1;189.434;0.416914;SB*;v2.0-53-g98db238
roadmap;dimacs;71;60;24096;259054;1;189.434;0.41451;SB*;v2.0-53-g98db238
roadmap;dimacs;72;60;8207;252412;1;189.434;0.408084;SB*;v2.0-53-g98db238
roadmap;dimacs;73;60;1098;262134;1;189.434;0.41341;SB*;v2.0-53-g98db238
roadmap;dimacs;74;60;261156;4073;1;189.434;0.408017;SB*;v2.0-53-g98db238
roadmap;dimacs;75;60;9746;252388;1;189.434;0.417068;SB*;v2.0-53-g98db238
roadmap;dimacs;76;60;261137;11264;1;189.434;0.414843;SB*;v2.0-53-g98db238
roadmap;dimacs;77;60;6101;259596;1;189.434;0.419507;SB*;v2.0-53-g98db238
roadmap;dimacs;78;60;256565;7141;1;189.434;0.41378;SB*;v2.0-53-g98db238
roadmap;dimacs;79;60;256550;25596;1;189.434;0.41515;SB*;v2.0-53-g98db238
roadmap;dimacs;80;60;1034;257530;1;189.434;0.412219;SB*;v2.0-53-g98db238
roadmap;dimacs;81;60;261616;8225;1;189.434;0.406906;SB*;v2.0-53-g98db238
roadmap;dimacs;82;60;12807;245730;1;189.434;0.413027;SB*;v2.0-53-g98db238
roadmap;dimacs;83;60;246321;5621;1;189.434;0.418071;SB*;v2.0-53-g98db238
roadmap;dimacs;84;60;11236;248329;1;189.434;0.392549;SB*;v2.0-53-g98db238
roadmap;dimacs;85;60;1514;238083;1;189.434;0.409123;SB*;v2.0-53-g98db238
roadmap;dimacs;86;60;246296;10229;1;189.434;0.40567;SB*;v2.0-53-g98db238
roadmap;dimacs;87;60;251862;7185;1;189.434;0.409769;SB*;v2.0-53-g98db238
roadmap;dimacs;88;60;15362;256969;1;189.434;0.416015;SB*;v2.0-53-g98db238
roadmap;dimacs;89;60;245256;25082;1;189.434;0.410326;SB*;v2.0-53-g98db238
roadmap;dimacs;90;60;262141;3625;1;189.434;0.414622;SB*;v2.0-53-g98db238
roadmap;dimacs;91;60;250410;17918;1;189.434;0.414944;SB*;v2.0-53-g98db238
roadmap;dimacs;92;60;255543;9197;1;189.434;0.414557;SB*;v2.0-53-g98db238
roadmap;dimacs;93;60;3542;246807;1;189.434;0.412468;SB*;v2.0-53-g98db238
roadmap;dimacs;94;60;10309;260094;1;189.434;0.41985;SB*;v2.0-53-g98db238
roadmap;dimacs;95;60;247269;8727;1;189.434;0.416988;SB*;v2.0-53-g98db238
roadmap;dimacs;96;60;1543;260092;1;189.434;0.415037;SB*;v2.0-53-g98db238
roadmap;dimacs;97;60;4065;245794;1;189.434;0.413899;SB*;v2.0-53-g98db238
roadmap;dimacs;98;60;248310;47;1;189.434;0.410386;SB*;v2.0-53-g98db238
roadmap;dimacs;99;60;252921;12810;1;189.434;0.41432;SB*;v2.0-53-g98db238
roadmap;dimacs;0;70;244239;17918;1;189.434;0.464432;SB*;v2.0-53-g98db238
roadmap;dimacs;1;70;2025;237583;1;189.434;0.469456;SB*;v2.0-53-g98db238
roadmap;dimacs;2;70;224266;3576;1;189.434;0.468508;SB*;v2.0-53-g98db238
roadmap;dimacs;3;70;6204;255485;1;189.434;0.473464;SB*;v2.0-53-g98db238
roadmap;dimacs;4;70;260592;5;1;189.434;0.469242;SB*;v2.0-53-g98db238
roadmap;dimacs;5;70;12743;257036;1;189.434;0.473004;SB*;v2.0-53-g98db238
roadmap;dimacs;6;70;13827;248797;1;189.434;0.46511;SB*;v2.0-53-g98db238
roadmap;dimacs;7;70;3523;248841;1;189.434;0.459672;SB*;v2.0-53-g98db238
roadmap;dimacs;8;70;15345;246295;1;189.434;0.462966;SB*;v2.0-53-g98db238
roadmap;dimacs;9;70;5098;235010;1;189.434;0.47495;SB*;v2.0-53-g98db238
roadmap;dimacs;10;70;5148;260591;1;189.434;0.470219;SB*;v2.0-53-g98db238
roadmap;dimacs;11;70;5088;257589;1;189.434;0.473859;SB*;v2.0-53-g98db238
roadmap;dimacs;12;70;252903;9741;1;189.434;0.464474;SB*;v2.0-53-g98db238
roadmap;dimacs;13;70;258029;17437;1;189.434;0.468964;SB*;v2.0-53-g98db238
roadmap;dimacs;14;70;260111;38908;1;189.434;0.47415;SB*;v2.0-53-g98db238
roadmap;dimacs;15;70;248840;6628;1;189.434;0.470233;SB*;v2.0-53-g98db238
roadmap;dimacs;16;70;259081;13264;1;189.434;0.47186;SB*;v2.0-53-g98db238
roadmap;dimacs;17;70;14822;261128;1;189.434;0.465107;SB*;v2.0-53-g98db238
roadmap;dimacs;18;70;253407;5647;1;189.434;0.468704;SB*;v2.0-53-g98db238
roadmap;dimacs;19;70;9721;255546;1;189.434;0.473937;SB*;v2.0-53-g98db238
roadmap;dimacs;20;70;250337;1568;1;189.434;0.46654;SB*;v2.0-53-g98db238
roadmap;dimacs;21;70;259598;8158;1;189.434;0.467451;SB*;v2.0-53-g98db238
roadmap;dimacs;22;70;6156;240625;1;189.434;0.474881;SB*;v2.0-53-g98db238
roadmap;dimacs;23;70;259617;7635;1;189.434;0.476421;SB*;v2.0-53-g98db238
roadmap;dimacs;24;70;1013;260659;1;189.434;0.474642;SB*;v2.0-53-g98db238
roadmap;dimacs;25;70;20453;257542;1;189.434;0.470192;SB*;v2.0-53-g98db238
roadmap;dimacs;26;70;1049;251389;1;189.434;0.466433;SB*;v2.0-53-g98db238
roadmap;dimacs;27;70;3043;238089;1;189.434;0.474748;SB*;v2.0-53-g98db238
roadmap;dimacs;28;70;24071;246770;1;189.434;0.48048;SB*;v2.0-53-g98db238
roadmap;dimacs;29;70;7146;259122;1;189.434;0.431879;SB*;v2.0-53-g98db238
roadmap;dimacs;30;70;261620;44547;1;189.434;0.458036;SB*;v2.0-53-g98db238
roadmap;dimacs;31;70;250944;495;1;189.434;0.476404;SB*;v2.0-53-g98db238
roadmap;dimacs;32;70;8190;259097;1;189.434;0.477376;SB*;v2.0-53-g98db238
roadmap;dimacs;33;70;14851;235519;1;189.434;0.474789;SB*;v2.0-53-g98db238
roadmap;dimacs;34;70;244712;17409;1;189.434;0.465499;SB*;v2.0-53-g98db238
roadmap;dimacs;35;70;3057;231446;1;189.434;0.462665;SB*;v2.0-53-g98db238
roadmap;dimacs;36;70;252391;12316;1;189.434;0.465448;SB*;v2.0-53-g98db238
roadmap;dimacs;37;70;256554;10213;1;189.434;0.46738;SB*;v2.0-53-g98db238
roadmap;dimacs;38;70;249286;1029;1;189.434;0.461346;SB*;v2.0-53-g98db238
roadmap;dimacs;39;70;1574;237056;1;189.434;0.466043;SB*;v2.0-53-g98db238
roadmap;dimacs;40;70;27167;253438;1;189.434;0.466625;SB*;v2.0-53-g98db238
roadmap;dimacs;41;70;6130;243213;1;189.434;0.470022;SB*;v2.0-53-g98db238
roadmap;dimacs;42;70;9203;250895;1;189.434;0.468047;SB*;v2.0-53-g98db238
roadmap;dimacs;43;70;1488;254485;1;189.434;0.467505;SB*;v2.0-53-g98db238
roadmap;dimacs;44;70;515;245708;1;189.434;0.470679;SB*;v2.0-53-g98db238
roadmap;dimacs;45;70;1010;261644;1;189.434;0.466173;SB*;v2.0-53-g98db238
roadmap;dimacs;46;70;11797;252910;1;189.434;0.469112;SB*;v2.0-53-g98db238
roadmap;dimacs;47;70;7162;254509;1;189.434;0.473498;SB*;v2.0-53-g98db238
roadmap;dimacs;48;70;533;242143;1;189.434;0.468667;SB*;v2.0-53-g98db238
roadmap;dimacs;49;70;254440;1554;1;189.434;0.467716;SB*;v2.0-53-g98db238
roadmap;dimacs;50;70;255976;27655;1;189.434;0.418491;SB*;v2.0-53-g98db238
roadmap;dimacs;51;70;1058;256493;1;189.434;0.462789;SB*;v2.0-53-g98db238
roadmap;dimacs;52;70;244723;13838;1;189.434;0.473111;SB*;v2.0-53-g98db238
roadmap;dimacs;53;70;248816;20490;1;189.434;0.46614;SB*;v2.0-53-g98db238
roadmap;dimacs;54;70;18406;254470;1;189.434;0.468293;SB*;v2.0-53-g98db238
roadmap;dimacs;55;70;261627;19496;1;189.434;0.458216;SB*;v2.0-53-g98db238
roadmap;dimacs;56;70;7156;251410;1;189.434;0.466636;SB*;v2.0-53-g98db238
roadmap;dimacs;57;70;20446;252934;1;189.434;0.47315;SB*;v2.0-53-g98db238
roadmap;dimacs;58;70;244742;8660;1;189.434;0.471569;SB*;v2.0-53-g98db238
roadmap;dimacs;59;70;262142;2103;1;189.434;0.473137;SB*;v2.0-53-g98db238
roadmap;dimacs;60;70;18;249839;1;189.434;0.478132;SB*;v2.0-53-g98db238
roadmap;dimacs;61;70;257040;8142;1;189.434;0.471872;SB*;v2.0-53-g98db238
roadmap;dimacs;62;70;15371;247787;1;189.434;0.469072;SB*;v2.0-53-g98db238
roadmap;dimacs;63;70;25090;254449;1;189.434;0.480163;SB*;v2.0-53-g98db238
roadmap;dimacs;64;70;231395;2056;1;189.434;0.476359;SB*;v2.0-53-g98db238
roadmap;dimacs;65;70;261107;32259;1;189.434;0.47702;SB*;v2.0-53-g98db238
roadmap;dimacs;66;70;232967;17915;1;189.434;0.469213;SB*;v2.0-53-g98db238
roadmap;dimacs;67;70;1546;250877;1;189.434;0.466043;SB*;v2.0-53-g98db238
roadmap;dimacs;68;70;259095;18400;1;189.434;0.474433;SB*;v2.0-53-g98db238
roadmap;dimacs;69;70;2077;257011;1;189.434;0.478382;SB*;v2.0-53-g98db238
roadmap;dimacs;70;70;6105;259598;1;189.434;0.468525;SB*;v2.0-53-g98db238
roadmap;dimacs;71;70;24096;259054;1;189.434;0.439987;SB*;v2.0-53-g98db238
roadmap;dimacs;72;70;8207;252412;1;189.434;0.455646;SB*;v2.0-53-g98db238
roadmap;dimacs;73;70;1098;262134;1;189.434;0.465294;SB*;v2.0-53-g98db238
roadmap;dimacs;74;70;261156;4073;1;189.434;0.474586;SB*;v2.0-53-g98db238
roadmap;dimacs;75;70;9746;252388;1;189.434;0.472713;SB*;v2.0-53-g98db238
roadmap;dimacs;76;70;261137;11264;1;189.434;0.467332;SB*;v2.0-53-g98db238
roadmap;dimacs;77;70;6101;259596;1;189.434;0.473095;SB*;v2.0-53-g98db238
roadmap;dimacs;78;70;256565;7141;1;189.434;0.472701;SB*;v2.0-53-g98db238
roadmap;dimacs;79;70;256550;25596;1;189.434;0.468786;SB*;v2.0-53-g98db238
roadmap;dimacs;80;70;1034;257530;1;189.434;0.469073;SB*;v2.0-53-g98db238
roadmap;dimacs;81;70;261616;8225;1;189.434;0.462908;SB*;v2.0-53-g98db238
roadmap;dimacs;82;70;12807;245730;1;189.434;0.464552;SB*;v2.0-53-g98db238
roadmap;dimacs;83;70;246321;5621;1;189.434;0.464081;SB*;v2.0-53-g98db238
roadmap;dimacs;84;70;11236;248329;1;189.434;0.475553;SB*;v2.0-53-g98db238
roadmap;dimacs;85;70;1514;238083;1;189.434;0.471101;SB*;v2.0-53-g98db238
roadmap;dimacs;86;70;246296;10229;1;189.434;0.459824;SB*;v2.0-53-g98db238
roadmap;dimacs;87;70;251862;7185;1;189.434;0.470112;SB*;v2.0-53-g98db238
roadmap;dimacs;88;70;15362;256969;1;189.434;0.46395;SB*;v2.0-53-g98db238
roadmap;dimacs;89;70;245256;25082;1;189.434;0.46823;SB*;v2.0-53-g98db238
roadmap;dimacs;90;70;262141;3625;1;189.434;0.471939;SB*;v2.0-53-g98db238
roadmap;dimacs;91;70;250410;17918;1;189.434;0.462875;SB*;v2.0-53-g98db238
roadmap;dimacs;92;70;255543;9197;1;189.434;0.470874;SB*;v2.0-53-g98db238
roadmap;dimacs;93;70;3542;246807;1;189.434;0.438503;SB*;v2.0-53-g98db238
roadmap;dimacs;94;70;10309;260094;1;189.434;0.459832;SB*;v2.0-53-g98db238
roadmap;dimacs;95;70;247269;8727;1;189.434;0.466986;SB*;v2.0-53-g98db238
roadmap;dimacs;96;70;1543;260092;1;189.434;0.475385;SB*;v2.0-53-g98db238
roadmap;dimacs;97;70;4065;245794;1;189.434;0.457844;SB*;v2.0-53-g98db238
roadmap;dimacs;98;70;248310;47;1;189.434;0.46461;SB*;v2.0-53-g98db238
roadmap;dimacs;99;70;252921;12810;1;189.434;0.469094;SB*;v2.0-53-g98db238
roadmap;dimacs;0;80;244239;17918;1;189.434;0.519429;SB*;v2.0-53-g98db238
roadmap;dimacs;1;80;2025;237583;1;189.434;0.523162;SB*;v2.0-53-g98db238
roadmap;dimacs;2;80;224266;3576;1;189.434;0.527975;SB*;v2.0-53-g98db238
roadmap;dimacs;3;80;6204;255485;1;189.434;0.521747;SB*;v2.0-53-g98db238
roadmap;dimacs;4;80;260592;5;1;189.434;0.531239;SB*;v2.0-53-g98db238
roadmap;dimacs;5;80;12743;257036;1;189.434;0.523622;SB*;v2.0-53-g98db238
roadmap;dimacs;6;80;13827;248797;1;189.434;0.529373;SB*;v2.0-53-g98db238
roadmap;dimacs;7;80;3523;248841;1;189.434;0.531408;SB*;v2.0-53-g98db238
roadmap;dimacs;8;80;15345;246295;1;189.434;0.5221;SB*;v2.0-53-g98db238
roadmap;dimacs;9;80;5098;235010;1;189.434;0.536107;SB*;v2.0-53-g98db238
roadmap;dimacs;10;80;5148;260591;1;189.434;0.528317;SB*;v2.0-53-g98db238
roadmap;dimacs;11;80;5088;257589;1;189.434;0.521312;SB*;v2.0-53-g98db238
roadmap;dimacs;12;80;252903;9741;1;189.434;0.505583;SB*;v2.0-53-g98db238
roadmap;dimacs;13;80;258029;17437;1;189.434;0.522612;SB*;v2.0-53-g98db238
roadmap;dimacs;14;80;260111;38908;1;189.434;0.529486;SB*;v2.0-53-g98db238
roadmap;dimacs;15;80;248840;6628;1;189.434;0.523007;SB*;v2.0-53-g98db238
roadmap;dimacs;16;80;259081;13264;1;189.434;0.520923;SB*;v2.0-53-g98db238
roadmap;dimacs;17;80;14822;261128;1;189.434;0.530061;SB*;v2.0-53-g98db238
roadmap;dimacs;18;80;253407;5647;1;189.434;0.534923;SB*;v2.0-53-g98db238
roadmap;dimacs;19;80;9721;255546;1;189.434;0.527874;SB*;v2.0-53-g98db238
roadmap;dimacs;20;80;250337;1568;1;189.434;0.53109;SB*;v2.0-53-g98db238
roadmap;dimacs;21;80;259598;8158;1;189.434;0.530196;SB*;v2.0-53-g98db238
roadmap;dimacs;22;80;6156;240625;1;189.434;0.524849;SB*;v2.0-53-g98db238
roadmap;dimacs;23;80;259617;7635;1;189.434;0.538286;SB*;v2.0-53-g98db238
roadmap;dimacs;24;80;1013;260659;1;189.434;0.535006;SB*;v2.0-53-g98db238
roadmap;dimacs;25;80;20453;257542;1;189.434;0.51418;SB*;v2.0-53-g98db238
roadmap;dimacs;26;80;1049;251389;1;189.434;0.526037;SB*;v2.0-53-g98db238
roadmap;dimacs;27;80;3043;238089;1;189.434;0.527117;SB*;v2.0-53-g98db238
roadmap;dimacs;28;80;24071;246770;1;189.434;0.529592;SB*;v2.0-53-g98db238
roadmap;dimacs;29;80;7146;259122;1;189.434;0.528662;SB*;v2.0-53-g98db238
roadmap;dimacs;30;80;261620;44547;1;189.434;0.527025;SB*;v2.0-53-g98db238
roadmap;dimacs;31;80;250944;495;1;189.434;0.510142;SB*;v2.0-53-g98db238
roadmap;dimacs;32;80;8190;259097;1;189.434;0.525659;SB*;v2.0-53-g98db238
roadmap;dimacs;33;80;14851;235519;1;189.434;0.527243;SB*;v2.0-53-g98db238
roadmap;dimacs;34;80;244712;17409;1;189.434;0.528974;SB*;v2.0-53-g98db238
roadmap;dimacs;35;80;3057;231446;1;189.434;0.527368;SB*;v2.0-53-g98db238
roadmap;dimacs;36;80;252391;12316;1;189.434;0.530827;SB*;v2.0-53-g98db238
roadmap;dimacs;37;80;256554;10213;1;189.434;0.532911;SB*;v2.0-53-g98db238
roadmap;dimacs;38;80;249286;1029;1;189.434;0.522612;SB*;v2.0-53-g98db238
roadmap;dimacs;39;80;1574;237056;1;189.434;0.519937;SB*;v2.0-53-g98db238
roadmap;dimacs;40;80;27167;253438;1;189.434;0.529529;SB*;v2.0-53-g98db238
roadmap;dimacs;41;80;6130;243213;1;189.434;0.527839;SB*;v2.0-53-g98db238
roadmap;dimacs;42;80;9203;250895;1;189.434;0.522083;SB*;v2.0-53-g98db238
roadmap;dimacs;43;80;1488;254485;1;189.434;0.522562;SB*;v2.0-53-g98db238
roadmap;dimacs;44;80;515;245708;1;189.434;0.523496;SB*;v2.0-53-g98db238
roadmap;dimacs;45;80;1010;261644;1;189.434;0.533126;SB*;v2.0-53-g98db238
roadmap;dimacs;46;80;11797;252910;1;189.434;0.532758;SB*;v2.0-53-g98db238
roadmap;dimacs;47;80;7162;254509;1;189.434;0.528771;SB*;v2.0-53-g98db238
roadmap;dimacs;48;80;533;242143;1;189.434;0.517489;SB*;v2.0-53-g98db238
roadmap;dimacs;49;80;254440;1554;1;189.434;0.534053;SB*;v2.0-53-g98db238
roadmap;dimacs;50;80;255976;27655;1;189.434;0.504715;SB*;v2.0-53-g98db238
roadmap;dimacs;51;80;1058;256493;1;189.434;0.522147;SB*;v2.0-53-g98db238
roadmap;dimacs;52;80;244723;13838;1;189.434;0.520563;SB*;v2.0-53-g98db238
roadmap;dimacs;53;80;248816;20490;1;189.434;0.522869;SB*;v2.0-53-g98db238
roadmap;dimacs;54;80;18406;254470;1;189.434;0.523626;SB*;v2.0-53-g98db238
roadmap;dimacs;55;80;261627;19496;1;189.434;0.538503;SB*;v2.0-53-g98db238
roadmap;dimacs;56;80;7156;251410;1;189.434;0.520566;SB*;v2.0-53-g98db238
roadmap;dimacs;57;80;20446;252934;1;189.434;0.509985;SB*;v2.0-53-g98db238
roadmap;dimacs;58;80;244742;8660;1;189.434;0.522987;SB*;v2.0-53-g98db238
roadmap;dimacs;59;80;262142;2103;1;189.434;0.525884;SB*;v2.0-53-g98db238
roadmap;dimacs;60;80;18;249839;1;189.434;0.528954;SB*;v2.0-53-g98db238
roadmap;dimacs;61;80;257040;8142;1;189.434;0.526646;SB*;v2.0-53-g98db238
roadmap;dimacs;62;80;15371;247787;1;189.434;0.518685;SB*;v2.0-53-g98db238
roadmap;dimacs;63;80;25090;254449;1;189.434;0.529962;SB*;v2.0-53-g98db238
roadmap;dimacs;64;80;231395;2056;1;189.434;0.527093;SB*;v2.0-53-g98db238
roadmap;dimacs;65;80;261107;32259;1;189.434;0.51782;SB*;v2.0-53-g98db238
roadmap;dimacs;66;80;232967;17915;1;189.434;0.517018;SB*;v2.0-53-g98db238
roadmap;dimacs;67;80;1546;250877;1;189.434;0.529097;SB*;v2.0-53-g98db238
roadmap;dimacs;68;80;259095;18400;1;189.434;0.523334;SB*;v2.0-53-g98db238
roadmap;dimacs;69;80;2077;257011;1;189.434;0.516747;SB*;v2.0-53-g98db238
roadmap;dimacs;70;80;6105;259598;1;189.434;0.512186;SB*;v2.0-53-g98db238
roadmap;dimacs;71;80;24096;259054;1;189.434;0.514674;SB*;v2.0-53-g98db238
roadmap;dimacs;72;80;8207;252412;1;189.434;0.530364;SB*;v2.0-53-g98db238
roadmap;dimacs;73;80;1098;262134;1;189.434;0.520098;SB*;v2.0-53-g98db238
roadmap;dimacs;74;80;261156;4073;1;189.434;0.529978;SB*;v2.0-53-g98db238
roadmap;dimacs;75;80;9746;252388;1;189.434;0.525739;SB*;v2.0-53-g98db238
roadmap;dimacs;76;80;261137;11264;1;189.434;0.524793;SB*;v2.0-53-g98db238
roadmap;dimacs;77;80;6101;259596;1;189.434;0.520997;SB*;v2.0-53-g98db238
roadmap;dimacs;78;80;256565;7141;1;189.434;0.535686;SB*;v2.0-53-g98db238
roadmap;dimacs;79;80;256550;25596;1;189.434;0.530361;SB*;v2.0-53-g98db238
roadmap;dimacs;80;80;1034;257530;1;189.434;0.515797;SB*;v2.0-53-g98db238
roadmap;dimacs;81;80;261616;8225;1;189.434;0.522054;SB*;v2.0-53-g98db238
roadmap;dimacs;82;80;12807;245730;1;189.434;0.531437;SB*;v2.0-53-g98db238
roadmap;dimacs;83;80;246321;5621;1;189.434;0.513541;SB*;v2.0-53-g98db238
roadmap;dimacs;84;80;11236;248329;1;189.434;0.52993;SB*;v2.0-53-g98db238
roadmap;dimacs;85;80;1514;238083;1;189.434;0.52197;SB*;v2.0-53-g98db238
roadmap;dimacs;86;80;246296;10229;1;189.434;0.523088;SB*;v2.0-53-g98db238
roadmap;dimacs;87;80;251862;7185;1;189.434;0.531518;SB*;v2.0-53-g98db238
roadmap;dimacs;88;80;15362;256969;1;189.434;0.524739;SB*;v2.0-53-g98db238
roadmap;dimacs;89;80;245256;25082;1;189.434;0.491643;SB*;v2.0-53-g98db238
roadmap;dimacs;90;80;262141;3625;1;189.434;0.516187;SB*;v2.0-53-g98db238
roadmap;dimacs;91;80;250410;17918;1;189.434;0.515851;SB*;v2.0-53-g98db238
roadmap;dimacs;92;80;255543;9197;1;189.434;0.528987;SB*;v2.0-53-g98db238
roadmap;dimacs;93;80;3542;246807;1;189.434;0.526179;SB*;v2.0-53-g98db238
roadmap;dimacs;94;80;10309;260094;1;189.434;0.52991;SB*;v2.0-53-g98db238
roadmap;dimacs;95;80;247269;8727;1;189.434;0.513142;SB*;v2.0-53-g98db238
roadmap;dimacs;96;80;1543;260092;1;189.434;0.532147;SB*;v2.0-53-g98db238
roadmap;dimacs;97;80;4065;245794;1;189.434;0.514411;SB*;v2.0-53-g98db238
roadmap;dimacs;98;80;248310;47;1;189.434;0.52952;SB*;v2.0-53-g98db238
roadmap;dimacs;99;80;252921;12810;1;189.434;0.524728;SB*;v2.0-53-g98db238
roadmap;dimacs;0;90;244239;17918;1;189.434;0.587815;SB*;v2.0-53-g98db238
roadmap;dimacs;1;90;2025;237583;1;189.434;0.58672;SB*;v2.0-53-g98db238
roadmap;dimacs;2;90;224266;3576;1;189.434;0.585726;SB*;v2.0-53-g98db238
roadmap;dimacs;3;90;6204;255485;1;189.434;0.585985;SB*;v2.0-53-g98db238
roadmap;dimacs;4;90;260592;5;1;189.434;0.588747;SB*;v2.0-53-g98db238
roadmap;dimacs;5;90;12743;257036;1;189.434;0.593827;SB*;v2.0-53-g98db238
roadmap;dimacs;6;90;13827;248797;1;189.434;0.596591;SB*;v2.0-53-g98db238
roadmap;dimacs;7;90;3523;248841;1;189.434;0.499977;SB*;v2.0-53-g98db238
roadmap;dimacs;8;90;15345;246295;1;189.434;0.585066;SB*;v2.0-53-g98db238
roadmap;dimacs;9;90;5098;235010;1;189.434;0.57592;SB*;v2.0-53-g98db238
roadmap;dimacs;10;90;5148;260591;1;189.434;0.593073;SB*;v2.0-53-g98db238
roadmap;dimacs;11;90;5088;257589;1;189.434;0.573896;SB*;v2.0-53-g98db238
roadmap;dimacs;12;90;252903;9741;1;189.434;0.575424;SB*;v2.0-53-g98db238
roadmap;dimacs;13;90;258029;17437;1;189.434;0.5848;SB*;v2.0-53-g98db238
roadmap;dimacs;14;90;260111;38908;1;189.434;0.58118;SB*;v2.0-53-g98db238
roadmap;dimacs;15;90;248840;6628;1;189.434;0.586503;SB*;v2.0-53-g98db238
roadmap;dimacs;16;90;259081;13264;1;189.434;0.58038;SB*;v2.0-53-g98db238
roadmap;dimacs;17;90;14822;261128;1;189.434;0.584651;SB*;v2.0-53-g98db238
roadmap;dimacs;18;90;253407;5647;1;189.434;0.586729;SB*;v2.0-53-g98db238
roadmap;dimacs;19;90;9721;255546;1;189.434;0.584631;SB*;v2.0-53-g98db238
roadmap;dimacs;20;90;250337;1568;1;189.434;0.585963;SB*;v2.0-53-g98db238
roadmap;dimacs;21;90;259598;8158;1;189.434;0.572709;SB*;v2.0-53-g98db238
roadmap;dimacs;22;90;6156;240625;1;189.434;0.580699;SB*;v2.0-53-g98db238
roadmap;dimacs;23;90;259617;7635;1;189.434;0.586248;SB*;v2.0-53-g98db238
roadmap;dimacs;24;90;1013;260659;1;189.434;0.53484;SB*;v2.0-53-g98db238
roadmap;dimacs;25;90;20453;257542;1;189.434;0.58344;SB*;v2.0-53-g98db238
roadmap;dimacs;26;90;1049;251389;1;189.434;0.581312;SB*;v2.0-53-g98db238
roadmap;dimacs;27;90;3043;238089;1;189.434;0.588702;SB*;v2.0-53-g98db238
roadmap;dimacs;28;90;24071;246770;1;189.434;0.590914;SB*;v2.0-53-g98db238
roadmap;dimacs;29;90;7146;259122;1;189.434;0.58415;SB*;v2.0-53-g98db238
roadmap;dimacs;30;90;261620;44547;1;189.434;0.578163;SB*;v2.0-53-g98db238
roadmap;dimacs;31;90;250944;495;1;189.434;0.57243;SB*;v2.0-53-g98db238
roadmap;dimacs;32;90;8190;259097;1;189.434;0.587593;SB*;v2.0-53-g98db238
roadmap;dimacs;33;90;14851;235519;1;189.434;0.57674;SB*;v2.0-53-g98db238
roadmap;dimacs;34;90;244712;17409;1;189.434;0.581897;SB*;v2.0-53-g98db238
roadmap;dimacs;35;90;3057;231446;1;189.434;0.581963;SB*;v2.0-53-g98db238
roadmap;dimacs;36;90;252391;12316;1;189.434;0.585895;SB*;v2.0-53-g98db238
roadmap;dimacs;37;90;256554;10213;1;189.434;0.58641;SB*;v2.0-53-g98db238
roadmap;dimacs;38;90;249286;1029;1;189.434;0.576877;SB*;v2.0-53-g98db238
roadmap;dimacs;39;90;1574;237056;1;189.434;0.582752;SB*;v2.0-53-g98db238
roadmap;dimacs;40;90;27167;253438;1;189.434;0.589165;SB*;v2.0-53-g98db238
roadmap;dimacs;41;90;6130;243213;1;189.434;0.560114;SB*;v2.0-53-g98db238
roadmap;dimacs;42;90;9203;250895;1;189.434;0.569264;SB*;v2.0-53-g98db238
roadmap;dimacs;43;90;1488;254485;1;189.434;0.589264;SB*;v2.0-53-g98db238
roadmap;dimacs;44;90;515;245708;1;189.434;0.590555;SB*;v2.0-53-g98db238
roadmap;dimacs;45;90;1010;261644;1;189.434;0.586218;SB*;v2.0-53-g98db238
roadmap;dimacs;46;90;11797;252910;1;189.434;0.58606;SB*;v2.0-53-g98db238
roadmap;dimacs;47;90;7162;254509;1;189.434;0.579337;SB*;v2.0-53-g98db238
roadmap;dimacs;48;90;533;242143;1;189.434;0.569245;SB*;v2.0-53-g98db238
roadmap;dimacs;49;90;254440;1554;1;189.434;0.579511;SB*;v2.0-53-g98db238
roadmap;dimacs;50;90;255976;27655;1;189.434;0.577565;SB*;v2.0-53-g98db238
roadmap;dimacs;51;90;1058;256493;1;189.434;0.589637;SB*;v2.0-53-g98db238
roadmap;dimacs;52;90;244723;13838;1;189.434;0.586987;SB*;v2.0-53-g98db238
roadmap;dimacs;53;90;248816;20490;1;189.434;0.588611;SB*;v2.0-53-g98db238
roadmap;dimacs;54;90;18406;254470;1;189.434;0.58781;SB*;v2.0-53-g98db238
roadmap;dimacs;55;90;261627;19496;1;189.434;0.582664;SB*;v2.0-53-g98db238
roadmap;dimacs;56;90;7156;251410;1;189.434;0.585245;SB*;v2.0-53-g98db238
roadmap;dimacs;57;90;20446;252934;1;189.434;0.582992;SB*;v2.0-53-g98db238
roadmap;dimacs;58;90;244742;8660;1;189.434;0.575659;SB*;v2.0-53-g98db238
roadmap;dimacs;59;90;262142;2103;1;189.434;0.506659;SB*;v2.0-53-g98db238
roadmap;dimacs;60;90;18;249839;1;189.434;0.575733;SB*;v2.0-53-g98db238
roadmap;dimacs;61;90;257040;8142;1;189.434;0.581723;SB*;v2.0-53-g98db238
roadmap;dimacs;62;90;15371;247787;1;189.434;0.574572;SB*;v2.0-53-g98db238
roadmap;dimacs;63;90;25090;254449;1;189.434;0.58313;SB*;v2.0-53-g98db238
roadmap;dimacs;64;90;231395;2056;1;189.434;0.569956;SB*;v2.0-53-g98db238
roadmap;dimacs;65;90;261107;32259;1;189.434;0.582146;SB*;v2.0-53-g98db238
roadmap;dimacs;66;90;232967;17915;1;189.434;0.582964;SB*;v2.0-53-g98db238
roadmap;dimacs;67;90;1546;250877;1;189.434;0.580115;SB*;v2.0-53-g98db238
roadmap;dimacs;68;90;259095;18400;1;189.434;0.585273;SB*;v2.0-53-g98db238
roadmap;dimacs;69;90;2077;257011;1;189.434;0.583824;SB*;v2.0-53-g98db238
roadmap;dimacs;70;90;6105;259598;1;189.434;0.583752;SB*;v2.0-53-g98db238
roadmap;dimacs;71;90;24096;259054;1;189.434;0.582392;SB*;v2.0-53-g98db238
roadmap;dimacs;72;90;8207;252412;1;189.434;0.580834;SB*;v2.0-53-g98db238
roadmap;dimacs;73;90;1098;262134;1;189.434;0.584344;SB*;v2.0-53-g98db238
roadmap;dimacs;74;90;261156;4073;1;189.434;0.574724;SB*;v2.0-53-g98db238
roadmap;dimacs;75;90;9746;252388;1;189.434;0.583666;SB*;v2.0-53-g98db238
roadmap;dimacs;76;90;261137;11264;1;189.434;0.522157;SB*;v2.0-53-g98db238
roadmap;dimacs;77;90;6101;259596;1;189.434;0.592785;SB*;v2.0-53-g98db238
roadmap;dimacs;78;90;256565;7141;1;189.434;0.590477;SB*;v2.0-53-g98db238
roadmap;dimacs;79;90;256550;25596;1;189.434;0.577252;SB*;v2.0-53-g98db238
roadmap;dimacs;80;90;1034;257530;1;189.434;0.582269;SB*;v2.0-53-g98db238
roadmap;dimacs;81;90;261616;8225;1;189.434;0.584826;SB*;v2.0-53-g98db238
roadmap;dimacs;82;90;12807;245730;1;189.434;0.581366;SB*;v2.0-53-g98db238
roadmap;dimacs;83;90;246321;5621;1;189.434;0.576338;SB*;v2.0-53-g98db238
roadmap;dimacs;84;90;11236;248329;1;189.434;0.584829;SB*;v2.0-53-g98db238
roadmap;dimacs;85;90;1514;238083;1;189.434;0.581183;SB*;v2.0-53-g98db238
roadmap;dimacs;86;90;246296;10229;1;189.434;0.581094;SB*;v2.0-53-g98db238
roadmap;dimacs;87;90;251862;7185;1;189.434;0.585945;SB*;v2.0-53-g98db238
roadmap;dimacs;88;90;15362;256969;1;189.434;0.586079;SB*;v2.0-53-g98db238
roadmap;dimacs;89;90;245256;25082;1;189.434;0.575488;SB*;v2.0-53-g98db238
roadmap;dimacs;90;90;262141;3625;1;189.434;0.590566;SB*;v2.0-53-g98db238
roadmap;dimacs;91;90;250410;17918;1;189.434;0.584614;SB*;v2.0-53-g98db238
roadmap;dimacs;92;90;255543;9197;1;189.434;0.582447;SB*;v2.0-53-g98db238
roadmap;dimacs;93;90;3542;246807;1;189.434;0.542823;SB*;v2.0-53-g98db238
roadmap;dimacs;94;90;10309;260094;1;189.434;0.564385;SB*;v2.0-53-g98db238
roadmap;dimacs;95;90;247269;8727;1;189.434;0.584071;SB*;v2.0-53-g98db238
roadmap;dimacs;96;90;1543;260092;1;189.434;0.579446;SB*;v2.0-53-g98db238
roadmap;dimacs;97;90;4065;245794;1;189.434;0.582386;SB*;v2.0-53-g98db238
roadmap;dimacs;98;90;248310;47;1;189.434;0.578075;SB*;v2.0-53-g98db238
roadmap;dimacs;99;90;252921;12810;1;189.434;0.588032;SB*;v2.0-53-g98db238
roadmap;dimacs;0;100;244239;17918;1;189.434;0.627362;SB*;v2.0-53-g98db238
roadmap;dimacs;1;100;2025;237583;1;189.434;0.635223;SB*;v2.0-53-g98db238
roadmap;dimacs;2;100;224266;3576;1;189.434;0.628513;SB*;v2.0-53-g98db238
roadmap;dimacs;3;100;6204;255485;1;189.434;0.63356;SB*;v2.0-53-g98db238
roadmap;dimacs;4;100;260592;5;1;189.434;0.633631;SB*;v2.0-53-g98db238
roadmap;dimacs;5;100;12743;257036;1;189.434;0.632899;SB*;v2.0-53-g98db238
roadmap;dimacs;6;100;13827;248797;1;189.434;0.634184;SB*;v2.0-53-g98db238
roadmap;dimacs;7;100;3523;248841;1;189.434;0.639707;SB*;v2.0-53-g98db238
roadmap;dimacs;8;100;15345;246295;1;189.434;0.636217;SB*;v2.0-53-g98db238
roadmap;dimacs;9;100;5098;235010;1;189.434;0.651333;SB*;v2.0-53-g98db238
roadmap;dimacs;10;100;5148;260591;1;189.434;0.577965;SB*;v2.0-53-g98db238
roadmap;dimacs;11;100;5088;257589;1;189.434;0.640078;SB*;v2.0-53-g98db238
roadmap;dimacs;12;100;252903;9741;1;189.434;0.630665;SB*;v2.0-53-g98db238
roadmap;dimacs;13;100;258029;17437;1;189.434;0.639846;SB*;v2.0-53-g98db238
roadmap;dimacs;14;100;260111;38908;1;189.434;0.644187;SB*;v2.0-53-g98db238
roadmap;dimacs;15;100;248840;6628;1;189.434;0.637942;SB*;v2.0-53-g98db238
roadmap;dimacs;16;100;259081;13264;1;189.434;0.627219;SB*;v2.0-53-g98db238
roadmap;dimacs;17;100;14822;261128;1;189.434;0.641944;SB*;v2.0-53-g98db238
roadmap;dimacs;18;100;253407;5647;1;189.434;0.649117;SB*;v2.0-53-g98db238
roadmap;dimacs;19;100;9721;255546;1;189.434;0.645257;SB*;v2.0-53-g98db238
roadmap;dimacs;20;100;250337;1568;1;189.434;0.64397;SB*;v2.0-53-g98db238
roadmap;dimacs;21;100;259598;8158;1;189.434;0.642328;SB*;v2.0-53-g98db238
roadmap;dimacs;22;100;6156;240625;1;189.434;0.637818;SB*;v2.0-53-g98db238
roadmap;dimacs;23;100;259617;7635;1;189.434;0.640805;SB*;v2.0-53-g98db238
roadmap;dimacs;24;100;1013;260659;1;189.434;0.624561;SB*;v2.0-53-g98db238
roadmap;dimacs;25;100;20453;257542;1;189.434;0.62746;SB*;v2.0-53-g98db238
roadmap;dimacs;26;100;1049;251389;1;189.434;0.641817;SB*;v2.0-53-g98db238
roadmap;dimacs;27;100;3043;238089;1;189.434;0.641516;SB*;v2.0-53-g98db238
roadmap;dimacs;28;100;24071;246770;1;189.434;0.642889;SB*;v2.0-53-g98db238
roadmap;dimacs;29;100;7146;259122;1;189.434;0.644326;SB*;v2.0-53-g98db238
roadmap;dimacs;30;100;261620;44547;1;189.434;0.640492;SB*;v2.0-53-g98db238
roadmap;dimacs;31;100;250944;495;1;189.434;0.624029;SB*;v2.0-53-g98db238
roadmap;dimacs;32;100;8190;259097;1;189.434;0.635641;SB*;v2.0-53-g98db238
roadmap;dimacs;33;100;14851;235519;1;189.434;0.639471;SB*;v2.0-53-g98db238
roadmap;dimacs;34;100;244712;17409;1;189.434;0.631955;SB*;v2.0-53-g98db238
roadmap;dimacs;35;100;3057;231446;1;189.434;0.637404;SB*;v2.0-53-g98db238
roadmap;dimacs;36;100;252391;12316;1;189.434;0.636897;SB*;v2.0-53-g98db238
roadmap;dimacs;37;100;256554;10213;1;189.434;0.638411;SB*;v2.0-53-g98db238
roadmap;dimacs;38;100;249286;1029;1;189.434;0.635434;SB*;v2.0-53-g98db238
roadmap;dimacs;39;100;1574;237056;1;189.434;0.634442;SB*;v2.0-53-g98db238
roadmap;dimacs;40;100;27167;253438;1;189.434;0.641433;SB*;v2.0-53-g98db238
roadmap;dimacs;41;100;6130;243213;1;189.434;0.572462;SB*;v2.0-53-g98db238
roadmap;dimacs;42;100;9203;250895;1;189.434;0.632291;SB*;v2.0-53-g98db238
roadmap;dimacs;43;100;1488;254485;1;189.434;0.643916;SB*;v2.0-53-g98db238
roadmap;dimacs;44;100;515;245708;1;189.434;0.634523;SB*;v2.0-53-g98db238
roadmap;dimacs;45;100;1010;261644;1;189.434;0.64814;SB*;v2.0-53-g98db238
roadmap;dimacs;46;100;11797;252910;1;189.434;0.642323;SB*;v2.0-53-g98db238
roadmap;dimacs;47;100;7162;254509;1;189.434;0.628274;SB*;v2.0-53-g98db238
roadmap;dimacs;48;100;533;242143;1;189.434;0.631753;SB*;v2.0-53-g98db238
roadmap;dimacs;49;100;254440;1554;1;189.434;0.64708;SB*;v2.0-53-g98db238
roadmap;dimacs;50;100;255976;27655;1;189.434;0.64426;SB*;v2.0-53-g98db238
roadmap;dimacs;51;100;1058;256493;1;189.434;0.639731;SB*;v2.0-53-g98db238
roadmap;dimacs;52;100;244723;13838;1;189.434;0.629083;SB*;v2.0-53-g98db238
roadmap;dimacs;53;100;248816;20490;1;189.434;0.632207;SB*;v2.0-53-g98db238
roadmap;dimacs;54;100;18406;254470;1;189.434;0.628529;SB*;v2.0-53-g98db238
roadmap;dimacs;55;100;261627;19496;1;189.434;0.623292;SB*;v2.0-53-g98db238
roadmap;dimacs;56;100;7156;251410;1;189.434;0.638452;SB*;v2.0-53-g98db238
roadmap;dimacs;57;100;20446;252934;1;189.434;0.568762;SB*;v2.0-53-g98db238
roadmap;dimacs;58;100;244742;8660;1;189.434;0.627721;SB*;v2.0-53-g98db238
roadmap;dimacs;59;100;262142;2103;1;189.434;0.641398;SB*;v2.0-53-g98db238
roadmap;dimacs;60;100;18;249839;1;189.434;0.640977;SB*;v2.0-53-g98db238
roadmap;dimacs;61;100;257040;8142;1;189.434;0.635128;SB*;v2.0-53-g98db238
roadmap;dimacs;62;100;15371;247787;1;189.434;0.61756;SB*;v2.0-53-g98db238
roadmap;dimacs;63;100;25090;254449;1;189.434;0.637076;SB*;v2.0-53-g98db238
roadmap;dimacs;64;100;231395;2056;1;189.434;0.640022;SB*;v2.0-53-g98db238
roadmap;dimacs;65;100;261107;32259;1;189.434;0.638008;SB*;v2.0-53-g98db238
roadmap;dimacs;66;100;232967;17915;1;189.434;0.641373;SB*;v2.0-53-g98db238
roadmap;dimacs;67;100;1546;250877;1;189.434;0.644946;SB*;v2.0-53-g98db238
roadmap;dimacs;68;100;259095;18400;1;189.434;0.641091;SB*;v2.0-53-g98db238
roadmap;dimacs;69;100;2077;257011;1;189.434;0.644881;SB*;v2.0-53-g98db238
roadmap;dimacs;70;100;6105;259598;1;189.434;0.64186;SB*;v2.0-53-g98db238
roadmap;dimacs;71;100;24096;259054;1;189.434;0.639922;SB*;v2.0-53-g98db238
roadmap;dimacs;72;100;8207;252412;1;189.434;0.642998;SB*;v2.0-53-g98db238
roadmap;dimacs;73;100;1098;262134;1;189.434;0.565084;SB*;v2.0-53-g98db238
roadmap;dimacs;74;100;261156;4073;1;189.434;0.631705;SB*;v2.0-53-g98db238
roadmap;dimacs;75;100;9746;252388;1;189.434;0.640716;SB*;v2.0-53-g98db238
roadmap;dimacs;76;100;261137;11264;1;189.434;0.642197;SB*;v2.0-53-g98db238
roadmap;dimacs;77;100;6101;259596;1;189.434;0.639335;SB*;v2.0-53-g98db238
roadmap;dimacs;78;100;256565;7141;1;189.434;0.635829;SB*;v2.0-53-g98db238
roadmap;dimacs;79;100;256550;25596;1;189.434;0.63959;SB*;v2.0-53-g98db238
roadmap;dimacs;80;100;1034;257530;1;189.434;0.635545;SB*;v2.0-53-g98db238
roadmap;dimacs;81;100;261616;8225;1;189.434;0.637716;SB*;v2.0-53-g98db238
roadmap;dimacs;82;100;12807;245730;1;189.434;0.64183;SB*;v2.0-53-g98db238
roadmap;dimacs;83;100;246321;5621;1;189.434;0.643261;SB*;v2.0-53-g98db238
roadmap;dimacs;84;100;11236;248329;1;189.434;0.640783;SB*;v2.0-53-g98db238
roadmap;dimacs;85;100;1514;238083;1;189.434;0.636765;SB*;v2.0-53-g98db238
roadmap;dimacs;86;100;246296;10229;1;189.434;0.647296;SB*;v2.0-53-g98db238
roadmap;dimacs;87;100;251862;7185;1;189.434;0.630673;SB*;v2.0-53-g98db238
roadmap;dimacs;88;100;15362;256969;1;189.434;0.632884;SB*;v2.0-53-g98db238
roadmap;dimacs;89;100;245256;25082;1;189.434;0.578165;SB*;v2.0-53-g98db238
roadmap;dimacs;90;100;262141;3625;1;189.434;0.634056;SB*;v2.0-53-g98db238
roadmap;dimacs;91;100;250410;17918;1;189.434;0.633953;SB*;v2.0-53-g98db238
roadmap;dimacs;92;100;255543;9197;1;189.434;0.632064;SB*;v2.0-53-g98db238
roadmap;dimacs;93;100;3542;246807;1;189.434;0.61649;SB*;v2.0-53-g98db238
roadmap;dimacs;94;100;10309;260094;1;189.434;0.638472;SB*;v2.0-53-g98db238
roadmap;dimacs;95;100;247269;8727;1;189.434;0.636567;SB*;v2.0-53-g98db238
roadmap;dimacs;96;100;1543;260092;1;189.434;0.641897;SB*;v2.0-53-g98db238
roadmap;dimacs;97;100;4065;245794;1;189.434;0.635479;SB*;v2.0-53-g98db238
roadmap;dimacs;98;100;248310;47;1;189.434;0.636895;SB*;v2.0-53-g98db238
roadmap;dimacs;99;100;252921;12810;1;189.434;0.63787;SB*;v2.0-53-g98db238
roadmap;dimacs;0;200;244239;17918;1;189.434;1.20086;SB*;v2.0-53-g98db238
roadmap;dimacs;1;200;2025;237583;1;189.434;1.20393;SB*;v2.0-53-g98db238
roadmap;dimacs;2;200;224266;3576;1;189.434;1.1337;SB*;v2.0-53-g98db238
roadmap;dimacs;3;200;6204;255485;1;189.434;1.18663;SB*;v2.0-53-g98db238
roadmap;dimacs;4;200;260592;5;1;189.434;1.19157;SB*;v2.0-53-g98db238
roadmap;dimacs;5;200;12743;257036;1;189.434;1.19653;SB*;v2.0-53-g98db238
roadmap;dimacs;6;200;13827;248797;1;189.434;1.19949;SB*;v2.0-53-g98db238
roadmap;dimacs;7;200;3523;248841;1;189.434;1.20072;SB*;v2.0-53-g98db238
roadmap;dimacs;8;200;15345;246295;1;189.434;1.1867;SB*;v2.0-53-g98db238
roadmap;dimacs;9;200;5098;235010;1;189.434;1.18784;SB*;v2.0-53-g98db238
roadmap;dimacs;10;200;5148;260591;1;189.434;1.19704;SB*;v2.0-53-g98db238
roadmap;dimacs;11;200;5088;257589;1;189.434;1.1383;SB*;v2.0-53-g98db238
roadmap;dimacs;12;200;252903;9741;1;189.434;1.18541;SB*;v2.0-53-g98db238
roadmap;dimacs;13;200;258029;17437;1;189.434;1.17959;SB*;v2.0-53-g98db238
roadmap;dimacs;14;200;260111;38908;1;189.434;1.18438;SB*;v2.0-53-g98db238
roadmap;dimacs;15;200;248840;6628;1;189.434;1.19402;SB*;v2.0-53-g98db238
roadmap;dimacs;16;200;259081;13264;1;189.434;1.19646;SB*;v2.0-53-g98db238
roadmap;dimacs;17;200;14822;261128;1;189.434;1.19315;SB*;v2.0-53-g98db238
roadmap;dimacs;18;200;253407;5647;1;189.434;1.19795;SB*;v2.0-53-g98db238
roadmap;dimacs;19;200;9721;255546;1;189.434;1.14298;SB*;v2.0-53-g98db238
roadmap;dimacs;20;200;250337;1568;1;189.434;1.18422;SB*;v2.0-53-g98db238
roadmap;dimacs;21;200;259598;8158;1;189.434;1.17545;SB*;v2.0-53-g98db238
roadmap;dimacs;22;200;6156;240625;1;189.434;1.18679;SB*;v2.0-53-g98db238
roadmap;dimacs;23;200;259617;7635;1;189.434;1.19868;SB*;v2.0-53-g98db238
roadmap;dimacs;24;200;1013;260659;1;189.434;1.18514;SB*;v2.0-53-g98db238
roadmap;dimacs;25;200;20453;257542;1;189.434;1.18804;SB*;v2.0-53-g98db238
roadmap;dimacs;26;200;1049;251389;1;189.434;1.20674;SB*;v2.0-53-g98db238
roadmap;dimacs;27;200;3043;238089;1;189.434;1.20556;SB*;v2.0-53-g98db238
roadmap;dimacs;28;200;24071;246770;1;189.434;1.12475;SB*;v2.0-53-g98db238
roadmap;dimacs;29;200;7146;259122;1;189.434;1.20005;SB*;v2.0-53-g98db238
roadmap;dimacs;30;200;261620;44547;1;189.434;1.19849;SB*;v2.0-53-g98db238
roadmap;dimacs;31;200;250944;495;1;189.434;1.19702;SB*;v2.0-53-g98db238
roadmap;dimacs;32;200;8190;259097;1;189.434;1.20404;SB*;v2.0-53-g98db238
roadmap;dimacs;33;200;14851;235519;1;189.434;1.21535;SB*;v2.0-53-g98db238
roadmap;dimacs;34;200;244712;17409;1;189.434;1.20108;SB*;v2.0-53-g98db238
roadmap;dimacs;35;200;3057;231446;1;189.434;1.18568;SB*;v2.0-53-g98db238
roadmap;dimacs;36;200;252391;12316;1;189.434;1.1182;SB*;v2.0-53-g98db238
roadmap;dimacs;37;200;256554;10213;1;189.434;1.1872;SB*;v2.0-53-g98db238
roadmap;dimacs;38;200;249286;1029;1;189.434;1.19319;SB*;v2.0-53-g98db238
roadmap;dimacs;39;200;1574;237056;1;189.434;1.19919;SB*;v2.0-53-g98db238
roadmap;dimacs;40;200;27167;253438;1;189.434;1.19432;SB*;v2.0-53-g98db238
roadmap;dimacs;41;200;6130;243213;1;189.434;1.18989;SB*;v2.0-53-g98db238
roadmap;dimacs;42;200;9203;250895;1;189.434;1.1967;SB*;v2.0-53-g98db238
roadmap;dimacs;43;200;1488;254485;1;189.434;1.20833;SB*;v2.0-53-g98db238
roadmap;dimacs;44;200;515;245708;1;189.434;1.18753;SB*;v2.0-53-g98db238
roadmap;dimacs;45;200;1010;261644;1;189.434;1.14697;SB*;v2.0-53-g98db238
roadmap;dimacs;46;200;11797;252910;1;189.434;1.20439;SB*;v2.0-53-g98db238
roadmap;dimacs;47;200;7162;254509;1;189.434;1.19121;SB*;v2.0-53-g98db238
roadmap;dimacs;48;200;533;242143;1;189.434;1.19046;SB*;v2.0-53-g98db238
roadmap;dimacs;49;200;254440;1554;1;201.527;1.20462;SB*;v2.0-53-g98db238
roadmap;dimacs;50;200;255976;27655;1;201.543;1.18486;SB*;v2.0-53-g98db238
roadmap;dimacs;51;200;1058;256493;1;201.551;1.21139;SB*;v2.0-53-g98db238
roadmap;dimacs;52;200;244723;13838;1;201.566;1.18987;SB*;v2.0-53-g98db238
roadmap;dimacs;53;200;248816;20490;1;201.582;1.14907;SB*;v2.0-53-g98db238
roadmap;dimacs;54;200;18406;254470;1;201.59;1.18347;SB*;v2.0-53-g98db238
roadmap;dimacs;55;200;261627;19496;1;201.605;1.20455;SB*;v2.0-53-g98db238
roadmap;dimacs;56;200;7156;251410;1;201.613;1.17865;SB*;v2.0-53-g98db238
roadmap;dimacs;57;200;20446;252934;1;201.629;1.18515;SB*;v2.0-53-g98db238
roadmap;dimacs;58;200;244742;8660;1;201.637;1.19838;SB*;v2.0-53-g98db238
roadmap;dimacs;59;200;262142;2103;1;201.652;1.19021;SB*;v2.0-53-g98db238
roadmap;dimacs;60;200;18;249839;1;201.668;1.19035;SB*;v2.0-53-g98db238
roadmap;dimacs;61;200;257040;8142;1;201.676;1.20154;SB*;v2.0-53-g98db238
roadmap;dimacs;62;200;15371;247787;1;201.691;1.12878;SB*;v2.0-53-g98db238
roadmap;dimacs;63;200;25090;254449;1;201.699;1.18442;SB*;v2.0-53-g98db238
roadmap;dimacs;64;200;231395;2056;1;201.715;1.18934;SB*;v2.0-53-g98db238
roadmap;dimacs;65;200;261107;32259;1;201.723;1.18821;SB*;v2.0-53-g98db238
roadmap;dimacs;66;200;232967;17915;1;201.738;1.21449;SB*;v2.0-53-g98db238
roadmap;dimacs;67;200;1546;250877;1;201.746;1.17991;SB*;v2.0-53-g98db238
roadmap;dimacs;68;200;259095;18400;1;201.762;1.21584;SB*;v2.0-53-g98db238
roadmap;dimacs;69;200;2077;257011;1;201.777;1.19946;SB*;v2.0-53-g98db238
roadmap;dimacs;70;200;6105;259598;1;201.785;1.17047;SB*;v2.0-53-g98db238
roadmap;dimacs;71;200;24096;259054;1;201.801;1.18279;SB*;v2.0-53-g98db238
roadmap;dimacs;72;200;8207;252412;1;201.809;1.20378;SB*;v2.0-53-g98db238
roadmap;dimacs;73;200;1098;262134;1;201.824;1.19957;SB*;v2.0-53-g98db238
roadmap;dimacs;74;200;261156;4073;1;201.832;1.20513;SB*;v2.0-53-g98db238
roadmap;dimacs;75;200;9746;252388;1;201.848;1.20001;SB*;v2.0-53-g98db238
roadmap;dimacs;76;200;261137;11264;1;201.863;1.19486;SB*;v2.0-53-g98db238
roadmap;dimacs;77;200;6101;259596;1;201.871;1.18404;SB*;v2.0-53-g98db238
roadmap;dimacs;78;200;256565;7141;1;201.887;1.20877;SB*;v2.0-53-g98db238
roadmap;dimacs;79;200;256550;25596;1;201.895;1.13858;SB*;v2.0-53-g98db238
roadmap;dimacs;80;200;1034;257530;1;201.91;1.21277;SB*;v2.0-53-g98db238
roadmap;dimacs;81;200;261616;8225;1;201.918;1.20213;SB*;v2.0-53-g98db238
roadmap;dimacs;82;200;12807;245730;1;201.934;1.18357;SB*;v2.0-53-g98db238
roadmap;dimacs;83;200;246321;5621;1;201.941;1.1869;SB*;v2.0-53-g98db238
roadmap;dimacs;84;200;11236;248329;1;201.957;1.19321;SB*;v2.0-53-g98db238
roadmap;dimacs;85;200;1514;238083;1;201.973;1.20121;SB*;v2.0-53-g98db238
roadmap;dimacs;86;200;246296;10229;1;201.98;1.19945;SB*;v2.0-53-g98db238
roadmap;dimacs;87;200;251862;7185;1;201.996;1.1734;SB*;v2.0-53-g98db238
roadmap;dimacs;88;200;15362;256969;1;202.004;1.18228;SB*;v2.0-53-g98db238
roadmap;dimacs;89;200;245256;25082;1;202.02;1.2022;SB*;v2.0-53-g98db238
roadmap;dimacs;90;200;262141;3625;1;202.027;1.19635;SB*;v2.0-53-g98db238
roadmap;dimacs;91;200;250410;17918;1;202.043;1.19905;SB*;v2.0-53-g98db238
roadmap;dimacs;92;200;255543;9197;1;202.059;1.17469;SB*;v2.0-53-g98db238
roadmap;dimacs;93;200;3542;246807;1;202.066;1.18865;SB*;v2.0-53-g98db238
roadmap;dimacs;94;200;10309;260094;1;202.082;1.19603;SB*;v2.0-53-g98db238
roadmap;dimacs;95;200;247269;8727;1;202.09;1.19796;SB*;v2.0-53-g98db238
roadmap;dimacs;96;200;1543;260092;1;202.105;1.11773;SB*;v2.0-53-g98db238
roadmap;dimacs;97;200;4065;245794;1;202.113;1.18879;SB*;v2.0-53-g98db238
roadmap;dimacs;98;200;248310;47;1;202.129;1.19548;SB*;v2.0-53-g98db238
roadmap;dimacs;99;200;252921;12810;1;202.137;1.20213;SB*;v2.0-53-g98db238
roadmap;dimacs;0;300;244239;17918;1;202.16;1.75589;SB*;v2.0-53-g98db238
roadmap;dimacs;1;300;2025;237583;1;202.176;1.75273;SB*;v2.0-53-g98db238
roadmap;dimacs;2;300;224266;3576;1;202.199;1.76797;SB*;v2.0-53-g98db238
roadmap;dimacs;3;300;6204;255485;1;202.215;1.69114;SB*;v2.0-53-g98db238
roadmap;dimacs;4;300;260592;5;1;202.23;1.76416;SB*;v2.0-53-g98db238
roadmap;dimacs;5;300;12743;257036;1;202.254;1.74574;SB*;v2.0-53-g98db238
roadmap;dimacs;6;300;13827;248797;1;202.27;1.7444;SB*;v2.0-53-g98db238
roadmap;dimacs;7;300;3523;248841;1;202.285;1.75626;SB*;v2.0-53-g98db238
roadmap;dimacs;8;300;15345;246295;1;202.309;1.75289;SB*;v2.0-53-g98db238
roadmap;dimacs;9;300;5098;235010;1;202.324;1.68651;SB*;v2.0-53-g98db238
roadmap;dimacs;10;300;5148;260591;1;202.34;1.75605;SB*;v2.0-53-g98db238
roadmap;dimacs;11;300;5088;257589;1;202.363;1.74145;SB*;v2.0-53-g98db238
roadmap;dimacs;12;300;252903;9741;1;202.379;1.74637;SB*;v2.0-53-g98db238
roadmap;dimacs;13;300;258029;17437;1;202.395;1.76342;SB*;v2.0-53-g98db238
roadmap;dimacs;14;300;260111;38908;1;202.418;1.73116;SB*;v2.0-53-g98db238
roadmap;dimacs;15;300;248840;6628;1;202.434;1.67434;SB*;v2.0-53-g98db238
roadmap;dimacs;16;300;259081;13264;1;202.449;1.75601;SB*;v2.0-53-g98db238
roadmap;dimacs;17;300;14822;261128;1;202.473;1.74587;SB*;v2.0-53-g98db238
roadmap;dimacs;18;300;253407;5647;1;202.488;1.7695;SB*;v2.0-53-g98db238
roadmap;dimacs;19;300;9721;255546;1;202.504;1.74474;SB*;v2.0-53-g98db238
roadmap;dimacs;20;300;250337;1568;1;202.527;1.6898;SB*;v2.0-53-g98db238
roadmap;dimacs;21;300;259598;8158;1;202.543;1.72621;SB*;v2.0-53-g98db238
roadmap;dimacs;22;300;6156;240625;1;202.559;1.75294;SB*;v2.0-53-g98db238
roadmap;dimacs;23;300;259617;7635;1;202.582;1.751;SB*;v2.0-53-g98db238
roadmap;dimacs;24;300;1013;260659;1;202.598;1.77185;SB*;v2.0-53-g98db238
roadmap;dimacs;25;300;20453;257542;1;202.613;1.76793;SB*;v2.0-53-g98db238
roadmap;dimacs;26;300;1049;251389;1;202.637;1.67849;SB*;v2.0-53-g98db238
roadmap;dimacs;27;300;3043;238089;1;205.012;1.75377;SB*;v2.0-53-g98db238
roadmap;dimacs;28;300;24071;246770;1;205.027;1.74413;SB*;v2.0-53-g98db238
roadmap;dimacs;29;300;7146;259122;1;205.051;1.75008;SB*;v2.0-53-g98db238
roadmap;dimacs;30;300;261620;44547;1;205.066;1.7661;SB*;v2.0-53-g98db238
roadmap;dimacs;31;300;250944;495;1;205.082;1.74358;SB*;v2.0-53-g98db238
roadmap;dimacs;32;300;8190;259097;1;205.105;1.6841;SB*;v2.0-53-g98db238
roadmap;dimacs;33;300;14851;235519;1;205.121;1.76959;SB*;v2.0-53-g98db238
roadmap;dimacs;34;300;244712;17409;1;205.145;1.73245;SB*;v2.0-53-g98db238
roadmap;dimacs;35;300;3057;231446;1;205.16;1.74469;SB*;v2.0-53-g98db238
roadmap;dimacs;36;300;252391;12316;1;205.176;1.75986;SB*;v2.0-53-g98db238
roadmap;dimacs;37;300;256554;10213;1;205.199;1.76024;SB*;v2.0-53-g98db238
roadmap;dimacs;38;300;249286;1029;1;205.215;1.67405;SB*;v2.0-53-g98db238
roadmap;dimacs;39;300;1574;237056;1;205.23;1.77254;SB*;v2.0-53-g98db238
roadmap;dimacs;40;300;27167;253438;1;205.254;1.75837;SB*;v2.0-53-g98db238
roadmap;dimacs;41;300;6130;243213;1;205.27;1.76297;SB*;v2.0-53-g98db238
roadmap;dimacs;42;300;9203;250895;1;205.285;1.76489;SB*;v2.0-53-g98db238
roadmap;dimacs;43;300;1488;254485;1;205.309;1.74313;SB*;v2.0-53-g98db238
roadmap;dimacs;44;300;515;245708;1;205.324;1.68555;SB*;v2.0-53-g98db238
roadmap;dimacs;45;300;1010;261644;1;205.34;1.75197;SB*;v2.0-53-g98db238
roadmap;dimacs;46;300;11797;252910;1;205.363;1.76303;SB*;v2.0-53-g98db238
roadmap;dimacs;47;300;7162;254509;1;205.379;1.76694;SB*;v2.0-53-g98db238
roadmap;dimacs;48;300;533;242143;1;205.395;1.76779;SB*;v2.0-53-g98db238
roadmap;dimacs;49;300;254440;1554;1;205.418;1.76055;SB*;v2.0-53-g98db238
roadmap;dimacs;50;300;255976;27655;1;205.434;1.72127;SB*;v2.0-53-g98db238
roadmap;dimacs;51;300;1058;256493;1;205.449;1.75656;SB*;v2.0-53-g98db238
roadmap;dimacs;52;300;244723;13838;1;205.473;1.74858;SB*;v2.0-53-g98db238
roadmap;dimacs;53;300;248816;20490;1;205.488;1.76544;SB*;v2.0-53-g98db238
roadmap;dimacs;54;300;18406;254470;1;205.504;1.75277;SB*;v2.0-53-g98db238
roadmap;dimacs;55;300;261627;19496;1;205.527;1.69807;SB*;v2.0-53-g98db238
roadmap;dimacs;56;300;7156;251410;1;205.543;1.75325;SB*;v2.0-53-g98db238
roadmap;dimacs;57;300;20446;252934;1;205.559;1.76107;SB*;v2.0-53-g98db238
roadmap;dimacs;58;300;244742;8660;1;205.582;1.77554;SB*;v2.0-53-g98db238
roadmap;dimacs;59;300;262142;2103;1;205.598;1.74891;SB*;v2.0-53-g98db238
roadmap;dimacs;60;300;18;249839;1;205.613;1.73395;SB*;v2.0-53-g98db238
roadmap;dimacs;61;300;257040;8142;1;205.637;1.67691;SB*;v2.0-53-g98db238
roadmap;dimacs;62;300;15371;247787;1;205.652;1.74684;SB*;v2.0-53-g98db238
roadmap;dimacs;63;300;25090;254449;1;205.668;1.74418;SB*;v2.0-53-g98db238
roadmap;dimacs;64;300;231395;2056;1;205.691;1.77072;SB*;v2.0-53-g98db238
roadmap;dimacs;65;300;261107;32259;1;205.707;1.76404;SB*;v2.0-53-g98db238
roadmap;dimacs;66;300;232967;17915;1;205.73;1.76427;SB*;v2.0-53-g98db238
roadmap;dimacs;67;300;1546;250877;1;205.746;1.68486;SB*;v2.0-53-g98db238
roadmap;dimacs;68;300;259095;18400;1;205.762;1.77168;SB*;v2.0-53-g98db238
roadmap;dimacs;69;300;2077;257011;1;205.785;1.72889;SB*;v2.0-53-g98db238
roadmap;dimacs;70;300;6105;259598;1;205.801;1.74403;SB*;v2.0-53-g98db238
roadmap;dimacs;71;300;24096;259054;1;205.816;1.77535;SB*;v2.0-53-g98db238
roadmap;dimacs;72;300;8207;252412;1;205.84;1.75745;SB*;v2.0-53-g98db238
roadmap;dimacs;73;300;1098;262134;1;205.855;1.68952;SB*;v2.0-53-g98db238
roadmap;dimacs;74;300;261156;4073;1;205.871;1.7493;SB*;v2.0-53-g98db238
roadmap;dimacs;75;300;9746;252388;1;205.895;1.7446;SB*;v2.0-53-g98db238
roadmap;dimacs;76;300;261137;11264;1;205.91;1.75319;SB*;v2.0-53-g98db238
roadmap;dimacs;77;300;6101;259596;1;205.926;1.75809;SB*;v2.0-53-g98db238
roadmap;dimacs;78;300;256565;7141;1;205.949;1.75146;SB*;v2.0-53-g98db238
roadmap;dimacs;79;300;256550;25596;1;205.965;1.67514;SB*;v2.0-53-g98db238
roadmap;dimacs;80;300;1034;257530;1;205.98;1.75573;SB*;v2.0-53-g98db238
roadmap;dimacs;81;300;261616;8225;1;206.004;1.75604;SB*;v2.0-53-g98db238
roadmap;dimacs;82;300;12807;245730;1;206.02;1.74643;SB*;v2.0-53-g98db238
roadmap;dimacs;83;300;246321;5621;1;206.035;1.75278;SB*;v2.0-53-g98db238
roadmap;dimacs;84;300;11236;248329;1;206.059;1.74716;SB*;v2.0-53-g98db238
roadmap;dimacs;85;300;1514;238083;1;206.074;1.73812;SB*;v2.0-53-g98db238
roadmap;dimacs;86;300;246296;10229;1;206.09;1.75491;SB*;v2.0-53-g98db238
roadmap;dimacs;87;300;251862;7185;1;206.113;1.74416;SB*;v2.0-53-g98db238
roadmap;dimacs;88;300;15362;256969;1;206.129;1.75151;SB*;v2.0-53-g98db238
roadmap;dimacs;89;300;245256;25082;1;206.145;1.75645;SB*;v2.0-53-g98db238
roadmap;dimacs;90;300;262141;3625;1;206.168;1.69918;SB*;v2.0-53-g98db238
roadmap;dimacs;91;300;250410;17918;1;206.184;1.74418;SB*;v2.0-53-g98db238
roadmap;dimacs;92;300;255543;9197;1;206.199;1.7514;SB*;v2.0-53-g98db238
roadmap;dimacs;93;300;3542;246807;1;206.223;1.76099;SB*;v2.0-53-g98db238
roadmap;dimacs;94;300;10309;260094;1;206.238;1.74753;SB*;v2.0-53-g98db238
roadmap;dimacs;95;300;247269;8727;1;206.254;1.76502;SB*;v2.0-53-g98db238
roadmap;dimacs;96;300;1543;260092;1;206.277;1.61671;SB*;v2.0-53-g98db238
roadmap;dimacs;97;300;4065;245794;1;206.293;1.75131;SB*;v2.0-53-g98db238
roadmap;dimacs;98;300;248310;47;1;206.316;1.73524;SB*;v2.0-53-g98db238
roadmap;dimacs;99;300;252921;12810;1;206.332;1.74754;SB*;v2.0-53-g98db238
roadmap;dimacs;0;400;244239;17918;1;206.355;2.31811;SB*;v2.0-53-g98db238
roadmap;dimacs;1;400;2025;237583;1;206.379;2.24796;SB*;v2.0-53-g98db238
roadmap;dimacs;2;400;224266;3576;1;206.402;2.31639;SB*;v2.0-53-g98db238
roadmap;dimacs;3;400;6204;255485;1;206.426;2.31162;SB*;v2.0-53-g98db238
roadmap;dimacs;4;400;260592;5;1;206.449;2.30955;SB*;v2.0-53-g98db238
roadmap;dimacs;5;400;12743;257036;1;206.48;2.32974;SB*;v2.0-53-g98db238
roadmap;dimacs;6;400;13827;248797;1;206.504;2.23677;SB*;v2.0-53-g98db238
roadmap;dimacs;7;400;3523;248841;1;206.527;2.31012;SB*;v2.0-53-g98db238
roadmap;dimacs;8;400;15345;246295;1;206.551;2.31079;SB*;v2.0-53-g98db238
roadmap;dimacs;9;400;5098;235010;1;206.574;2.31343;SB*;v2.0-53-g98db238
roadmap;dimacs;10;400;5148;260591;1;206.598;2.25506;SB*;v2.0-53-g98db238
roadmap;dimacs;11;400;5088;257589;1;206.621;2.30103;SB*;v2.0-53-g98db238
roadmap;dimacs;12;400;252903;9741;1;206.645;2.30919;SB*;v2.0-53-g98db238
roadmap;dimacs;13;400;258029;17437;1;206.676;2.34002;SB*;v2.0-53-g98db238
roadmap;dimacs;14;400;260111;38908;1;206.699;2.31202;SB*;v2.0-53-g98db238
roadmap;dimacs;15;400;248840;6628;1;206.723;2.23955;SB*;v2.0-53-g98db238
roadmap;dimacs;16;400;259081;13264;1;206.746;2.30035;SB*;v2.0-53-g98db238
roadmap;dimacs;17;400;14822;261128;1;206.77;2.32814;SB*;v2.0-53-g98db238
roadmap;dimacs;18;400;253407;5647;1;206.793;2.32113;SB*;v2.0-53-g98db238
roadmap;dimacs;19;400;9721;255546;1;206.816;2.23843;SB*;v2.0-53-g98db238
roadmap;dimacs;20;400;250337;1568;1;206.84;2.30551;SB*;v2.0-53-g98db238
roadmap;dimacs;21;400;259598;8158;1;206.871;2.2896;SB*;v2.0-53-g98db238
roadmap;dimacs;22;400;6156;240625;1;206.895;2.31853;SB*;v2.0-53-g98db238
roadmap;dimacs;23;400;259617;7635;1;206.918;2.30466;SB*;v2.0-53-g98db238
roadmap;dimacs;24;400;1013;260659;1;206.941;2.25292;SB*;v2.0-53-g98db238
roadmap;dimacs;25;400;20453;257542;1;206.965;2.27502;SB*;v2.0-53-g98db238
roadmap;dimacs;26;400;1049;251389;1;206.988;2.31534;SB*;v2.0-53-g98db238
roadmap;dimacs;27;400;3043;238089;1;207.012;2.34702;SB*;v2.0-53-g98db238
roadmap;dimacs;28;400;24071;246770;1;207.035;2.24106;SB*;v2.0-53-g98db238
roadmap;dimacs;29;400;7146;259122;1;207.066;2.31435;SB*;v2.0-53-g98db238
roadmap;dimacs;30;400;261620;44547;1;207.09;2.28698;SB*;v2.0-53-g98db238
roadmap;dimacs;31;400;250944;495;1;207.113;2.32714;SB*;v2.0-53-g98db238
roadmap;dimacs;32;400;8190;259097;1;207.137;2.26375;SB*;v2.0-53-g98db238
roadmap;dimacs;33;400;14851;235519;1;207.16;2.30158;SB*;v2.0-53-g98db238
roadmap;dimacs;34;400;244712;17409;1;207.184;2.31293;SB*;v2.0-53-g98db238
roadmap;dimacs;35;400;3057;231446;1;207.207;2.31636;SB*;v2.0-53-g98db238
roadmap;dimacs;36;400;252391;12316;1;207.23;2.30739;SB*;v2.0-53-g98db238
roadmap;dimacs;37;400;256554;10213;1;207.262;2.23875;SB*;v2.0-53-g98db238
roadmap;dimacs;38;400;249286;1029;1;207.285;2.30531;SB*;v2.0-53-g98db238
roadmap;dimacs;39;400;1574;237056;1;207.309;2.31399;SB*;v2.0-53-g98db238
roadmap;dimacs;40;400;27167;253438;1;207.332;2.33489;SB*;v2.0-53-g98db238
roadmap;dimacs;41;400;6130;243213;1;207.355;2.23684;SB*;v2.0-53-g98db238
roadmap;dimacs;42;400;9203;250895;1;207.379;2.29719;SB*;v2.0-53-g98db238
roadmap;dimacs;43;400;1488;254485;1;207.402;2.29958;SB*;v2.0-53-g98db238
roadmap;dimacs;44;400;515;245708;1;207.426;2.30682;SB*;v2.0-53-g98db238
roadmap;dimacs;45;400;1010;261644;1;207.457;2.31184;SB*;v2.0-53-g98db238
roadmap;dimacs;46;400;11797;252910;1;207.48;2.24225;SB*;v2.0-53-g98db238
roadmap;dimacs;47;400;7162;254509;1;207.504;2.31052;SB*;v2.0-53-g98db238
roadmap;dimacs;48;400;533;242143;1;207.527;2.3107;SB*;v2.0-53-g98db238
roadmap;dimacs;49;400;254440;1554;1;207.551;2.31534;SB*;v2.0-53-g98db238
roadmap;dimacs;50;400;255976;27655;1;207.574;2.24866;SB*;v2.0-53-g98db238
roadmap;dimacs;51;400;1058;256493;1;207.598;2.31946;SB*;v2.0-53-g98db238
roadmap;dimacs;52;400;244723;13838;1;207.621;2.3132;SB*;v2.0-53-g98db238
roadmap;dimacs;53;400;248816;20490;1;207.652;2.30624;SB*;v2.0-53-g98db238
roadmap;dimacs;54;400;18406;254470;1;207.676;2.33019;SB*;v2.0-53-g98db238
roadmap;dimacs;55;400;261627;19496;1;207.699;2.22522;SB*;v2.0-53-g98db238
roadmap;dimacs;56;400;7156;251410;1;207.723;2.29136;SB*;v2.0-53-g98db238
roadmap;dimacs;57;400;20446;252934;1;207.746;2.33219;SB*;v2.0-53-g98db238
roadmap;dimacs;58;400;244742;8660;1;207.77;2.30357;SB*;v2.0-53-g98db238
roadmap;dimacs;59;400;262142;2103;1;207.793;2.25987;SB*;v2.0-53-g98db238
roadmap;dimacs;60;400;18;249839;1;207.816;2.30515;SB*;v2.0-53-g98db238
roadmap;dimacs;61;400;257040;8142;1;207.848;2.32563;SB*;v2.0-53-g98db238
roadmap;dimacs;62;400;15371;247787;1;207.871;2.30218;SB*;v2.0-53-g98db238
roadmap;dimacs;63;400;25090;254449;1;225.668;2.29276;SB*;v2.0-53-g98db238
roadmap;dimacs;64;400;231395;2056;1;225.715;2.31951;SB*;v2.0-53-g98db238
roadmap;dimacs;65;400;261107;32259;1;225.75;2.30267;SB*;v2.0-53-g98db238
roadmap;dimacs;66;400;232967;17915;1;225.785;2.28872;SB*;v2.0-53-g98db238
roadmap;dimacs;67;400;1546;250877;1;225.82;2.33496;SB*;v2.0-53-g98db238
roadmap;dimacs;68;400;259095;18400;1;225.855;2.23375;SB*;v2.0-53-g98db238
roadmap;dimacs;69;400;2077;257011;1;225.891;2.31082;SB*;v2.0-53-g98db238
roadmap;dimacs;70;400;6105;259598;1;225.926;2.29363;SB*;v2.0-53-g98db238
roadmap;dimacs;71;400;24096;259054;1;225.961;2.32175;SB*;v2.0-53-g98db238
roadmap;dimacs;72;400;8207;252412;1;226.008;2.23906;SB*;v2.0-53-g98db238
roadmap;dimacs;73;400;1098;262134;1;226.043;2.31283;SB*;v2.0-53-g98db238
roadmap;dimacs;74;400;261156;4073;1;226.078;2.30855;SB*;v2.0-53-g98db238
roadmap;dimacs;75;400;9746;252388;1;226.113;2.34;SB*;v2.0-53-g98db238
roadmap;dimacs;76;400;261137;11264;1;226.148;2.30211;SB*;v2.0-53-g98db238
roadmap;dimacs;77;400;6101;259596;1;226.184;2.24121;SB*;v2.0-53-g98db238
roadmap;dimacs;78;400;256565;7141;1;226.219;2.30338;SB*;v2.0-53-g98db238
roadmap;dimacs;79;400;256550;25596;1;226.254;2.29772;SB*;v2.0-53-g98db238
roadmap;dimacs;80;400;1034;257530;1;226.301;2.30627;SB*;v2.0-53-g98db238
roadmap;dimacs;81;400;261616;8225;1;226.336;2.25515;SB*;v2.0-53-g98db238
roadmap;dimacs;82;400;12807;245730;1;226.371;2.31896;SB*;v2.0-53-g98db238
roadmap;dimacs;83;400;246321;5621;1;226.406;2.31821;SB*;v2.0-53-g98db238
roadmap;dimacs;84;400;11236;248329;1;226.441;2.30175;SB*;v2.0-53-g98db238
roadmap;dimacs;85;400;1514;238083;1;226.477;2.312;SB*;v2.0-53-g98db238
roadmap;dimacs;86;400;246296;10229;1;226.512;2.19819;SB*;v2.0-53-g98db238
roadmap;dimacs;87;400;251862;7185;1;226.547;2.30809;SB*;v2.0-53-g98db238
roadmap;dimacs;88;400;15362;256969;1;226.594;2.32182;SB*;v2.0-53-g98db238
roadmap;dimacs;89;400;245256;25082;1;226.629;2.32903;SB*;v2.0-53-g98db238
roadmap;dimacs;90;400;262141;3625;1;226.664;2.25084;SB*;v2.0-53-g98db238
roadmap;dimacs;91;400;250410;17918;1;226.699;2.31249;SB*;v2.0-53-g98db238
roadmap;dimacs;92;400;255543;9197;1;226.734;2.29923;SB*;v2.0-53-g98db238
roadmap;dimacs;93;400;3542;246807;1;226.77;2.30387;SB*;v2.0-53-g98db238
roadmap;dimacs;94;400;10309;260094;1;226.805;2.27817;SB*;v2.0-53-g98db238
roadmap;dimacs;95;400;247269;8727;1;226.84;2.30301;SB*;v2.0-53-g98db238
roadmap;dimacs;96;400;1543;260092;1;226.887;2.31037;SB*;v2.0-53-g98db238
roadmap;dimacs;97;400;4065;245794;1;226.922;2.30112;SB*;v2.0-53-g98db238
roadmap;dimacs;98;400;248310;47;1;226.957;2.30192;SB*;v2.0-53-g98db238
roadmap;dimacs;99;400;252921;12810;1;226.992;2.22611;SB*;v2.0-53-g98db238
roadmap;dimacs;0;500;244239;17918;1;227.039;2.86629;SB*;v2.0-53-g98db238
roadmap;dimacs;1;500;2025;237583;1;227.086;2.88481;SB*;v2.0-53-g98db238
roadmap;dimacs;2;500;224266;3576;1;227.133;2.87443;SB*;v2.0-53-g98db238
roadmap;dimacs;3;500;6204;255485;1;227.18;2.82939;SB*;v2.0-53-g98db238
roadmap;dimacs;4;500;260592;5;1;227.227;2.86576;SB*;v2.0-53-g98db238
roadmap;dimacs;5;500;12743;257036;1;227.262;2.89133;SB*;v2.0-53-g98db238
roadmap;dimacs;6;500;13827;248797;1;227.309;2.77954;SB*;v2.0-53-g98db238
roadmap;dimacs;7;500;3523;248841;1;227.355;2.88659;SB*;v2.0-53-g98db238
roadmap;dimacs;8;500;15345;246295;1;227.402;2.8737;SB*;v2.0-53-g98db238
roadmap;dimacs;9;500;5098;235010;1;227.449;2.85625;SB*;v2.0-53-g98db238
roadmap;dimacs;10;500;5148;260591;1;227.496;2.82954;SB*;v2.0-53-g98db238
roadmap;dimacs;11;500;5088;257589;1;227.543;2.87718;SB*;v2.0-53-g98db238
roadmap;dimacs;12;500;252903;9741;1;227.59;2.88462;SB*;v2.0-53-g98db238
roadmap;dimacs;13;500;258029;17437;1;227.637;2.80637;SB*;v2.0-53-g98db238
roadmap;dimacs;14;500;260111;38908;1;227.684;2.84882;SB*;v2.0-53-g98db238
roadmap;dimacs;15;500;248840;6628;1;227.719;2.88528;SB*;v2.0-53-g98db238
roadmap;dimacs;16;500;259081;13264;1;227.766;2.85538;SB*;v2.0-53-g98db238
roadmap;dimacs;17;500;14822;261128;1;227.812;2.77223;SB*;v2.0-53-g98db238
roadmap;dimacs;18;500;253407;5647;1;227.859;2.8533;SB*;v2.0-53-g98db238
roadmap;dimacs;19;500;9721;255546;1;227.906;2.86489;SB*;v2.0-53-g98db238
roadmap;dimacs;20;500;250337;1568;1;227.953;2.80963;SB*;v2.0-53-g98db238
roadmap;dimacs;21;500;259598;8158;1;228;2.85533;SB*;v2.0-53-g98db238
roadmap;dimacs;22;500;6156;240625;1;228.047;2.84489;SB*;v2.0-53-g98db238
roadmap;dimacs;23;500;259617;7635;1;228.094;2.84893;SB*;v2.0-53-g98db238
roadmap;dimacs;24;500;1013;260659;1;228.141;2.79476;SB*;v2.0-53-g98db238
roadmap;dimacs;25;500;20453;257542;1;228.188;2.85491;SB*;v2.0-53-g98db238
roadmap;dimacs;26;500;1049;251389;1;228.223;2.88907;SB*;v2.0-53-g98db238
roadmap;dimacs;27;500;3043;238089;1;228.27;2.86973;SB*;v2.0-53-g98db238
roadmap;dimacs;28;500;24071;246770;1;228.316;2.78851;SB*;v2.0-53-g98db238
roadmap;dimacs;29;500;7146;259122;1;228.363;2.8728;SB*;v2.0-53-g98db238
roadmap;dimacs;30;500;261620;44547;1;228.41;2.85634;SB*;v2.0-53-g98db238
roadmap;dimacs;31;500;250944;495;1;228.457;2.82128;SB*;v2.0-53-g98db238
roadmap;dimacs;32;500;8190;259097;1;230.84;2.87918;SB*;v2.0-53-g98db238
roadmap;dimacs;33;500;14851;235519;1;230.887;2.86124;SB*;v2.0-53-g98db238
roadmap;dimacs;34;500;244712;17409;1;230.934;2.86471;SB*;v2.0-53-g98db238
roadmap;dimacs;35;500;3057;231446;1;230.98;2.79411;SB*;v2.0-53-g98db238
roadmap;dimacs;36;500;252391;12316;1;231.027;2.87916;SB*;v2.0-53-g98db238
roadmap;dimacs;37;500;256554;10213;1;231.062;2.83495;SB*;v2.0-53-g98db238
roadmap;dimacs;38;500;249286;1029;1;231.109;2.81522;SB*;v2.0-53-g98db238
roadmap;dimacs;39;500;1574;237056;1;231.156;2.86637;SB*;v2.0-53-g98db238
roadmap;dimacs;40;500;27167;253438;1;231.203;2.86342;SB*;v2.0-53-g98db238
roadmap;dimacs;41;500;6130;243213;1;231.25;2.85315;SB*;v2.0-53-g98db238
roadmap;dimacs;42;500;9203;250895;1;231.297;2.82256;SB*;v2.0-53-g98db238
roadmap;dimacs;43;500;1488;254485;1;231.344;2.87849;SB*;v2.0-53-g98db238
roadmap;dimacs;44;500;515;245708;1;231.391;2.89452;SB*;v2.0-53-g98db238
roadmap;dimacs;45;500;1010;261644;1;231.438;2.8365;SB*;v2.0-53-g98db238
roadmap;dimacs;46;500;11797;252910;1;231.484;2.85404;SB*;v2.0-53-g98db238
roadmap;dimacs;47;500;7162;254509;1;231.52;2.86143;SB*;v2.0-53-g98db238
roadmap;dimacs;48;500;533;242143;1;231.566;2.88467;SB*;v2.0-53-g98db238
roadmap;dimacs;49;500;254440;1554;1;231.613;2.79882;SB*;v2.0-53-g98db238
roadmap;dimacs;50;500;255976;27655;1;231.66;2.88622;SB*;v2.0-53-g98db238
roadmap;dimacs;51;500;1058;256493;1;231.707;2.88205;SB*;v2.0-53-g98db238
roadmap;dimacs;52;500;244723;13838;1;231.754;2.86306;SB*;v2.0-53-g98db238
roadmap;dimacs;53;500;248816;20490;1;231.801;2.80276;SB*;v2.0-53-g98db238
roadmap;dimacs;54;500;18406;254470;1;231.848;2.8762;SB*;v2.0-53-g98db238
roadmap;dimacs;55;500;261627;19496;1;231.895;2.87151;SB*;v2.0-53-g98db238
roadmap;dimacs;56;500;7156;251410;1;231.941;2.7786;SB*;v2.0-53-g98db238
roadmap;dimacs;57;500;20446;252934;1;231.988;2.84117;SB*;v2.0-53-g98db238
roadmap;dimacs;58;500;244742;8660;1;232.023;2.87318;SB*;v2.0-53-g98db238
roadmap;dimacs;59;500;262142;2103;1;232.07;2.88758;SB*;v2.0-53-g98db238
roadmap;dimacs;60;500;18;249839;1;232.117;2.79962;SB*;v2.0-53-g98db238
roadmap;dimacs;61;500;257040;8142;1;232.164;2.88144;SB*;v2.0-53-g98db238
roadmap;dimacs;62;500;15371;247787;1;232.211;2.86113;SB*;v2.0-53-g98db238
roadmap;dimacs;63;500;25090;254449;1;232.258;2.78393;SB*;v2.0-53-g98db238
roadmap;dimacs;64;500;231395;2056;1;232.305;2.84736;SB*;v2.0-53-g98db238
roadmap;dimacs;65;500;261107;32259;1;232.352;2.86062;SB*;v2.0-53-g98db238
roadmap;dimacs;66;500;232967;17915;1;232.398;2.87742;SB*;v2.0-53-g98db238
roadmap;dimacs;67;500;1546;250877;1;232.445;2.83364;SB*;v2.0-53-g98db238
roadmap;dimacs;68;500;259095;18400;1;232.492;2.86122;SB*;v2.0-53-g98db238
roadmap;dimacs;69;500;2077;257011;1;232.527;2.88483;SB*;v2.0-53-g98db238
roadmap;dimacs;70;500;6105;259598;1;232.574;2.84616;SB*;v2.0-53-g98db238
roadmap;dimacs;71;500;24096;259054;1;232.621;2.88075;SB*;v2.0-53-g98db238
roadmap;dimacs;72;500;8207;252412;1;232.668;2.86229;SB*;v2.0-53-g98db238
roadmap;dimacs;73;500;1098;262134;1;232.715;2.88983;SB*;v2.0-53-g98db238
roadmap;dimacs;74;500;261156;4073;1;232.762;2.80738;SB*;v2.0-53-g98db238
roadmap;dimacs;75;500;9746;252388;1;232.809;2.86395;SB*;v2.0-53-g98db238
roadmap;dimacs;76;500;261137;11264;1;232.855;2.84562;SB*;v2.0-53-g98db238
roadmap;dimacs;77;500;6101;259596;1;232.902;2.88424;SB*;v2.0-53-g98db238
roadmap;dimacs;78;500;256565;7141;1;232.949;2.82302;SB*;v2.0-53-g98db238
roadmap;dimacs;79;500;256550;25596;1;232.984;2.83958;SB*;v2.0-53-g98db238
roadmap;dimacs;80;500;1034;257530;1;233.031;2.8846;SB*;v2.0-53-g98db238
roadmap;dimacs;81;500;261616;8225;1;233.078;2.78957;SB*;v2.0-53-g98db238
roadmap;dimacs;82;500;12807;245730;1;233.125;2.85385;SB*;v2.0-53-g98db238
roadmap;dimacs;83;500;246321;5621;1;233.172;2.87805;SB*;v2.0-53-g98db238
roadmap;dimacs;84;500;11236;248329;1;233.219;2.86315;SB*;v2.0-53-g98db238
roadmap;dimacs;85;500;1514;238083;1;233.266;2.79163;SB*;v2.0-53-g98db238
roadmap;dimacs;86;500;246296;10229;1;233.312;2.8687;SB*;v2.0-53-g98db238
roadmap;dimacs;87;500;251862;7185;1;233.359;2.86255;SB*;v2.0-53-g98db238
roadmap;dimacs;88;500;15362;256969;1;233.406;2.82053;SB*;v2.0-53-g98db238
roadmap;dimacs;89;500;245256;25082;1;233.453;2.84845;SB*;v2.0-53-g98db238
roadmap;dimacs;90;500;262141;3625;1;233.488;2.87459;SB*;v2.0-53-g98db238
roadmap;dimacs;91;500;250410;17918;1;233.535;2.87346;SB*;v2.0-53-g98db238
roadmap;dimacs;92;500;255543;9197;1;233.582;2.80702;SB*;v2.0-53-g98db238
roadmap;dimacs;93;500;3542;246807;1;233.629;2.8731;SB*;v2.0-53-g98db238
roadmap;dimacs;94;500;10309;260094;1;233.676;2.88208;SB*;v2.0-53-g98db238
roadmap;dimacs;95;500;247269;8727;1;233.723;2.84674;SB*;v2.0-53-g98db238
roadmap;dimacs;96;500;1543;260092;1;233.77;2.86525;SB*;v2.0-53-g98db238
roadmap;dimacs;97;500;4065;245794;1;233.816;2.84726;SB*;v2.0-53-g98db238
roadmap;dimacs;98;500;248310;47;1;233.863;2.87196;SB*;v2.0-53-g98db238
roadmap;dimacs;99;500;252921;12810;1;233.91;2.80562;SB*;v2.0-53-g98db238
roadmap;dimacs;0;600;244239;17918;1;233.957;3.41063;SB*;v2.0-53-g98db238
roadmap;dimacs;1;600;2025;237583;1;234.016;3.41387;SB*;v2.0-53-g98db238
roadmap;dimacs;2;600;224266;3576;1;234.074;3.37246;SB*;v2.0-53-g98db238
roadmap;dimacs;3;600;6204;255485;1;234.141;3.44327;SB*;v2.0-53-g98db238
roadmap;dimacs;4;600;260592;5;1;234.207;3.42704;SB*;v2.0-53-g98db238
roadmap;dimacs;5;600;12743;257036;1;234.266;3.37915;SB*;v2.0-53-g98db238
roadmap;dimacs;6;600;13827;248797;1;234.312;3.42326;SB*;v2.0-53-g98db238
roadmap;dimacs;7;600;3523;248841;1;234.371;3.42569;SB*;v2.0-53-g98db238
roadmap;dimacs;8;600;15345;246295;1;234.43;3.33068;SB*;v2.0-53-g98db238
roadmap;dimacs;9;600;5098;235010;1;234.477;3.43785;SB*;v2.0-53-g98db238
roadmap;dimacs;10;600;5148;260591;1;234.578;3.43408;SB*;v2.0-53-g98db238
roadmap;dimacs;11;600;5088;257589;1;234.641;3.36428;SB*;v2.0-53-g98db238
roadmap;dimacs;12;600;252903;9741;1;234.699;3.45042;SB*;v2.0-53-g98db238
roadmap;dimacs;13;600;258029;17437;1;234.746;3.43426;SB*;v2.0-53-g98db238
roadmap;dimacs;14;600;260111;38908;1;234.805;3.37301;SB*;v2.0-53-g98db238
roadmap;dimacs;15;600;248840;6628;1;234.863;3.42205;SB*;v2.0-53-g98db238
roadmap;dimacs;16;600;259081;13264;1;234.91;3.4438;SB*;v2.0-53-g98db238
roadmap;dimacs;17;600;14822;261128;1;234.969;3.34093;SB*;v2.0-53-g98db238
roadmap;dimacs;18;600;253407;5647;1;235.027;3.4598;SB*;v2.0-53-g98db238
roadmap;dimacs;19;600;9721;255546;1;235.074;3.41428;SB*;v2.0-53-g98db238
roadmap;dimacs;20;600;250337;1568;1;235.133;3.37997;SB*;v2.0-53-g98db238
roadmap;dimacs;21;600;259598;8158;1;235.191;3.41724;SB*;v2.0-53-g98db238
roadmap;dimacs;22;600;6156;240625;1;235.238;3.40092;SB*;v2.0-53-g98db238
roadmap;dimacs;23;600;259617;7635;1;235.297;3.37436;SB*;v2.0-53-g98db238
roadmap;dimacs;24;600;1013;260659;1;235.355;3.43861;SB*;v2.0-53-g98db238
roadmap;dimacs;25;600;20453;257542;1;235.402;3.42697;SB*;v2.0-53-g98db238
roadmap;dimacs;26;600;1049;251389;1;235.461;3.37965;SB*;v2.0-53-g98db238
roadmap;dimacs;27;600;3043;238089;1;235.961;3.44052;SB*;v2.0-53-g98db238
roadmap;dimacs;28;600;24071;246770;1;236.027;3.42363;SB*;v2.0-53-g98db238
roadmap;dimacs;29;600;7146;259122;1;236.074;3.37171;SB*;v2.0-53-g98db238
roadmap;dimacs;30;600;261620;44547;1;236.133;3.42849;SB*;v2.0-53-g98db238
roadmap;dimacs;31;600;250944;495;1;238.625;3.43976;SB*;v2.0-53-g98db238
roadmap;dimacs;32;600;8190;259097;1;238.672;3.37265;SB*;v2.0-53-g98db238
roadmap;dimacs;33;600;14851;235519;1;238.73;3.44607;SB*;v2.0-53-g98db238
roadmap;dimacs;34;600;244712;17409;1;238.789;3.43828;SB*;v2.0-53-g98db238
roadmap;dimacs;35;600;3057;231446;1;238.836;3.34518;SB*;v2.0-53-g98db238
roadmap;dimacs;36;600;252391;12316;1;238.895;3.42354;SB*;v2.0-53-g98db238
roadmap;dimacs;37;600;256554;10213;1;238.953;3.42758;SB*;v2.0-53-g98db238
roadmap;dimacs;38;600;249286;1029;1;239;3.36362;SB*;v2.0-53-g98db238
roadmap;dimacs;39;600;1574;237056;1;239.059;3.47066;SB*;v2.0-53-g98db238
roadmap;dimacs;40;600;27167;253438;1;239.117;3.40456;SB*;v2.0-53-g98db238
roadmap;dimacs;41;600;6130;243213;1;239.164;3.35315;SB*;v2.0-53-g98db238
roadmap;dimacs;42;600;9203;250895;1;239.223;3.41791;SB*;v2.0-53-g98db238
roadmap;dimacs;43;600;1488;254485;1;239.281;3.44665;SB*;v2.0-53-g98db238
roadmap;dimacs;44;600;515;245708;1;239.34;3.37049;SB*;v2.0-53-g98db238
roadmap;dimacs;45;600;1010;261644;1;239.387;3.41714;SB*;v2.0-53-g98db238
roadmap;dimacs;46;600;11797;252910;1;239.445;3.44634;SB*;v2.0-53-g98db238
roadmap;dimacs;47;600;7162;254509;1;239.504;3.35984;SB*;v2.0-53-g98db238
roadmap;dimacs;48;600;533;242143;1;239.551;3.43884;SB*;v2.0-53-g98db238
roadmap;dimacs;49;600;254440;1554;1;239.609;3.4504;SB*;v2.0-53-g98db238
roadmap;dimacs;50;600;255976;27655;1;239.668;3.35807;SB*;v2.0-53-g98db238
roadmap;dimacs;51;600;1058;256493;1;239.715;3.43806;SB*;v2.0-53-g98db238
roadmap;dimacs;52;600;244723;13838;1;239.773;3.43065;SB*;v2.0-53-g98db238
roadmap;dimacs;53;600;248816;20490;1;239.832;3.35925;SB*;v2.0-53-g98db238
roadmap;dimacs;54;600;18406;254470;1;239.879;3.4639;SB*;v2.0-53-g98db238
roadmap;dimacs;55;600;261627;19496;1;239.938;3.42556;SB*;v2.0-53-g98db238
roadmap;dimacs;56;600;7156;251410;1;239.996;3.36721;SB*;v2.0-53-g98db238
roadmap;dimacs;57;600;20446;252934;1;240.043;3.42106;SB*;v2.0-53-g98db238
roadmap;dimacs;58;600;244742;8660;1;240.102;3.4279;SB*;v2.0-53-g98db238
roadmap;dimacs;59;600;262142;2103;1;240.16;3.3793;SB*;v2.0-53-g98db238
roadmap;dimacs;60;600;18;249839;1;240.219;3.4397;SB*;v2.0-53-g98db238
roadmap;dimacs;61;600;257040;8142;1;240.266;3.4544;SB*;v2.0-53-g98db238
roadmap;dimacs;62;600;15371;247787;1;240.324;3.40684;SB*;v2.0-53-g98db238
roadmap;dimacs;63;600;25090;254449;1;240.383;3.40993;SB*;v2.0-53-g98db238
roadmap;dimacs;64;600;231395;2056;1;240.43;3.43525;SB*;v2.0-53-g98db238
roadmap;dimacs;65;600;261107;32259;1;240.488;3.38435;SB*;v2.0-53-g98db238
roadmap;dimacs;66;600;232967;17915;1;240.547;3.44038;SB*;v2.0-53-g98db238
roadmap;dimacs;67;600;1546;250877;1;240.594;3.44122;SB*;v2.0-53-g98db238
roadmap;dimacs;68;600;259095;18400;1;240.652;3.38617;SB*;v2.0-53-g98db238
roadmap;dimacs;69;600;2077;257011;1;240.711;3.45125;SB*;v2.0-53-g98db238
roadmap;dimacs;70;600;6105;259598;1;240.758;3.44242;SB*;v2.0-53-g98db238
roadmap;dimacs;71;600;24096;259054;1;240.816;3.37058;SB*;v2.0-53-g98db238
roadmap;dimacs;72;600;8207;252412;1;240.875;3.44394;SB*;v2.0-53-g98db238
roadmap;dimacs;73;600;1098;262134;1;240.922;3.45161;SB*;v2.0-53-g98db238
roadmap;dimacs;74;600;261156;4073;1;240.98;3.34882;SB*;v2.0-53-g98db238
roadmap;dimacs;75;600;9746;252388;1;241.039;3.43813;SB*;v2.0-53-g98db238
roadmap;dimacs;76;600;261137;11264;1;241.098;3.41263;SB*;v2.0-53-g98db238
roadmap;dimacs;77;600;6101;259596;1;241.145;3.37528;SB*;v2.0-53-g98db238
roadmap;dimacs;78;600;256565;7141;1;241.203;3.44959;SB*;v2.0-53-g98db238
roadmap;dimacs;79;600;256550;25596;1;241.262;3.46725;SB*;v2.0-53-g98db238
roadmap;dimacs;80;600;1034;257530;1;241.309;3.35767;SB*;v2.0-53-g98db238
roadmap;dimacs;81;600;261616;8225;1;241.367;3.45623;SB*;v2.0-53-g98db238
roadmap;dimacs;82;600;12807;245730;1;241.426;3.46135;SB*;v2.0-53-g98db238
roadmap;dimacs;83;600;246321;5621;1;241.473;3.37536;SB*;v2.0-53-g98db238
roadmap;dimacs;84;600;11236;248329;1;241.531;3.43902;SB*;v2.0-53-g98db238
roadmap;dimacs;85;600;1514;238083;1;241.59;3.46575;SB*;v2.0-53-g98db238
roadmap;dimacs;86;600;246296;10229;1;241.637;3.39109;SB*;v2.0-53-g98db238
roadmap;dimacs;87;600;251862;7185;1;241.695;3.41491;SB*;v2.0-53-g98db238
roadmap;dimacs;88;600;15362;256969;1;241.754;3.46092;SB*;v2.0-53-g98db238
roadmap;dimacs;89;600;245256;25082;1;241.801;3.3689;SB*;v2.0-53-g98db238
roadmap;dimacs;90;600;262141;3625;1;241.859;3.44176;SB*;v2.0-53-g98db238
roadmap;dimacs;91;600;250410;17918;1;241.918;3.41487;SB*;v2.0-53-g98db238
roadmap;dimacs;92;600;255543;9197;1;241.977;3.35443;SB*;v2.0-53-g98db238
roadmap;dimacs;93;600;3542;246807;1;242.023;3.41525;SB*;v2.0-53-g98db238
roadmap;dimacs;94;600;10309;260094;1;242.082;3.42428;SB*;v2.0-53-g98db238
roadmap;dimacs;95;600;247269;8727;1;242.141;3.36515;SB*;v2.0-53-g98db238
roadmap;dimacs;96;600;1543;260092;1;242.188;3.44793;SB*;v2.0-53-g98db238
roadmap;dimacs;97;600;4065;245794;1;242.246;3.40668;SB*;v2.0-53-g98db238
roadmap;dimacs;98;600;248310;47;1;242.305;3.36969;SB*;v2.0-53-g98db238
roadmap;dimacs;99;600;252921;12810;1;242.352;3.42354;SB*;v2.0-53-g98db238
roadmap;dimacs;0;700;244239;17918;1;242.422;4.01874;SB*;v2.0-53-g98db238
roadmap;dimacs;1;700;2025;237583;1;242.48;3.98749;SB*;v2.0-53-g98db238
roadmap;dimacs;2;700;224266;3576;1;242.551;3.97835;SB*;v2.0-53-g98db238
roadmap;dimacs;3;700;6204;255485;1;245.535;3.95004;SB*;v2.0-53-g98db238
roadmap;dimacs;4;700;260592;5;1;248.086;3.99151;SB*;v2.0-53-g98db238
roadmap;dimacs;5;700;12743;257036;1;248.145;3.99355;SB*;v2.0-53-g98db238
roadmap;dimacs;6;700;13827;248797;1;248.215;3.94114;SB*;v2.0-53-g98db238
roadmap;dimacs;7;700;3523;248841;1;248.273;4.05421;SB*;v2.0-53-g98db238
roadmap;dimacs;8;700;15345;246295;1;248.344;3.9082;SB*;v2.0-53-g98db238
roadmap;dimacs;9;700;5098;235010;1;291.176;4.0295;SB*;v2.0-53-g98db238
roadmap;dimacs;10;700;5148;260591;1;291.27;4.02756;SB*;v2.0-53-g98db238
roadmap;dimacs;11;700;5088;257589;1;291.34;3.94314;SB*;v2.0-53-g98db238
roadmap;dimacs;12;700;252903;9741;1;291.422;4.01304;SB*;v2.0-53-g98db238
roadmap;dimacs;13;700;258029;17437;1;291.504;3.95776;SB*;v2.0-53-g98db238
roadmap;dimacs;14;700;260111;38908;1;291.574;3.99851;SB*;v2.0-53-g98db238
roadmap;dimacs;15;700;248840;6628;1;291.668;3.97907;SB*;v2.0-53-g98db238
roadmap;dimacs;16;700;259081;13264;1;291.738;3.93156;SB*;v2.0-53-g98db238
roadmap;dimacs;17;700;14822;261128;1;291.82;3.99634;SB*;v2.0-53-g98db238
roadmap;dimacs;18;700;253407;5647;1;291.902;3.94523;SB*;v2.0-53-g98db238
roadmap;dimacs;19;700;9721;255546;1;291.984;3.98007;SB*;v2.0-53-g98db238
roadmap;dimacs;20;700;250337;1568;1;292.066;3.98016;SB*;v2.0-53-g98db238
roadmap;dimacs;21;700;259598;8158;1;292.148;3.95224;SB*;v2.0-53-g98db238
roadmap;dimacs;22;700;6156;240625;1;292.219;4.00013;SB*;v2.0-53-g98db238
roadmap;dimacs;23;700;259617;7635;1;292.312;4.02063;SB*;v2.0-53-g98db238
roadmap;dimacs;24;700;1013;260659;1;292.383;3.91199;SB*;v2.0-53-g98db238
roadmap;dimacs;25;700;20453;257542;1;292.465;3.98904;SB*;v2.0-53-g98db238
roadmap;dimacs;26;700;1049;251389;1;292.547;3.93578;SB*;v2.0-53-g98db238
roadmap;dimacs;27;700;3043;238089;1;292.617;4.00432;SB*;v2.0-53-g98db238
roadmap;dimacs;28;700;24071;246770;1;292.699;3.9665;SB*;v2.0-53-g98db238
roadmap;dimacs;29;700;7146;259122;1;292.781;3.94149;SB*;v2.0-53-g98db238
roadmap;dimacs;30;700;261620;44547;1;292.863;4.01705;SB*;v2.0-53-g98db238
roadmap;dimacs;31;700;250944;495;1;292.945;3.92729;SB*;v2.0-53-g98db238
roadmap;dimacs;32;700;8190;259097;1;293.027;3.99605;SB*;v2.0-53-g98db238
roadmap;dimacs;33;700;14851;235519;1;293.098;3.97917;SB*;v2.0-53-g98db238
roadmap;dimacs;34;700;244712;17409;1;293.191;3.94735;SB*;v2.0-53-g98db238
roadmap;dimacs;35;700;3057;231446;1;293.262;4.01994;SB*;v2.0-53-g98db238
roadmap;dimacs;36;700;252391;12316;1;293.344;3.9701;SB*;v2.0-53-g98db238
roadmap;dimacs;37;700;256554;10213;1;293.426;4.02991;SB*;v2.0-53-g98db238
roadmap;dimacs;38;700;249286;1029;1;293.508;4.00081;SB*;v2.0-53-g98db238
roadmap;dimacs;39;700;1574;237056;1;293.578;3.94065;SB*;v2.0-53-g98db238
roadmap;dimacs;40;700;27167;253438;1;293.672;4.03386;SB*;v2.0-53-g98db238
roadmap;dimacs;41;700;6130;243213;1;293.742;4.0011;SB*;v2.0-53-g98db238
roadmap;dimacs;42;700;9203;250895;1;293.836;3.97956;SB*;v2.0-53-g98db238
roadmap;dimacs;43;700;1488;254485;1;293.906;4.01519;SB*;v2.0-53-g98db238
roadmap;dimacs;44;700;515;245708;1;293.977;3.91935;SB*;v2.0-53-g98db238
roadmap;dimacs;45;700;1010;261644;1;294.07;4.01666;SB*;v2.0-53-g98db238
roadmap;dimacs;46;700;11797;252910;1;294.141;4.02197;SB*;v2.0-53-g98db238
roadmap;dimacs;47;700;7162;254509;1;294.223;3.91788;SB*;v2.0-53-g98db238
roadmap;dimacs;48;700;533;242143;1;294.305;3.9915;SB*;v2.0-53-g98db238
roadmap;dimacs;49;700;254440;1554;1;294.387;3.93975;SB*;v2.0-53-g98db238
roadmap;dimacs;50;700;255976;27655;1;294.469;4.01526;SB*;v2.0-53-g98db238
roadmap;dimacs;51;700;1058;256493;1;294.551;4.02363;SB*;v2.0-53-g98db238
roadmap;dimacs;52;700;244723;13838;1;294.621;3.92961;SB*;v2.0-53-g98db238
roadmap;dimacs;53;700;248816;20490;1;294.715;4.00247;SB*;v2.0-53-g98db238
roadmap;dimacs;54;700;18406;254470;1;294.785;3.93936;SB*;v2.0-53-g98db238
roadmap;dimacs;55;700;261627;19496;1;294.867;3.98007;SB*;v2.0-53-g98db238
roadmap;dimacs;56;700;7156;251410;1;294.949;3.98416;SB*;v2.0-53-g98db238
roadmap;dimacs;57;700;20446;252934;1;295.031;3.91452;SB*;v2.0-53-g98db238
roadmap;dimacs;58;700;244742;8660;1;295.102;3.9848;SB*;v2.0-53-g98db238
roadmap;dimacs;59;700;262142;2103;1;295.184;3.95944;SB*;v2.0-53-g98db238
roadmap;dimacs;60;700;18;249839;1;295.266;3.98906;SB*;v2.0-53-g98db238
roadmap;dimacs;61;700;257040;8142;1;295.348;4.00818;SB*;v2.0-53-g98db238
roadmap;dimacs;62;700;15371;247787;1;295.43;3.89279;SB*;v2.0-53-g98db238
roadmap;dimacs;63;700;25090;254449;1;295.5;3.97963;SB*;v2.0-53-g98db238
roadmap;dimacs;64;700;231395;2056;1;295.594;3.95851;SB*;v2.0-53-g98db238
roadmap;dimacs;65;700;261107;32259;1;295.664;3.93515;SB*;v2.0-53-g98db238
roadmap;dimacs;66;700;232967;17915;1;295.746;3.96665;SB*;v2.0-53-g98db238
roadmap;dimacs;67;700;1546;250877;1;295.828;3.91923;SB*;v2.0-53-g98db238
roadmap;dimacs;68;700;259095;18400;1;295.91;3.98277;SB*;v2.0-53-g98db238
roadmap;dimacs;69;700;2077;257011;1;295.992;4.00136;SB*;v2.0-53-g98db238
roadmap;dimacs;70;700;6105;259598;1;296.074;3.9344;SB*;v2.0-53-g98db238
roadmap;dimacs;71;700;24096;259054;1;296.145;4.04161;SB*;v2.0-53-g98db238
roadmap;dimacs;72;700;8207;252412;1;296.238;3.96654;SB*;v2.0-53-g98db238
roadmap;dimacs;73;700;1098;262134;1;296.309;4.0169;SB*;v2.0-53-g98db238
roadmap;dimacs;74;700;261156;4073;1;296.391;3.99288;SB*;v2.0-53-g98db238
roadmap;dimacs;75;700;9746;252388;1;296.473;3.91742;SB*;v2.0-53-g98db238
roadmap;dimacs;76;700;261137;11264;1;296.543;3.98115;SB*;v2.0-53-g98db238
roadmap;dimacs;77;700;6101;259596;1;296.625;3.95476;SB*;v2.0-53-g98db238
roadmap;dimacs;78;700;256565;7141;1;296.707;4.00986;SB*;v2.0-53-g98db238
roadmap;dimacs;79;700;256550;25596;1;296.789;4.00683;SB*;v2.0-53-g98db238
roadmap;dimacs;80;700;1034;257530;1;296.871;3.92692;SB*;v2.0-53-g98db238
roadmap;dimacs;81;700;261616;8225;1;296.953;4.00415;SB*;v2.0-53-g98db238
roadmap;dimacs;82;700;12807;245730;1;297.023;4.00637;SB*;v2.0-53-g98db238
roadmap;dimacs;83;700;246321;5621;1;297.117;3.85454;SB*;v2.0-53-g98db238
roadmap;dimacs;84;700;11236;248329;1;297.188;3.99064;SB*;v2.0-53-g98db238
roadmap;dimacs;85;700;1514;238083;1;297.27;3.90373;SB*;v2.0-53-g98db238
roadmap;dimacs;86;700;246296;10229;1;297.352;3.96174;SB*;v2.0-53-g98db238
roadmap;dimacs;87;700;251862;7185;1;297.434;3.99777;SB*;v2.0-53-g98db238
roadmap;dimacs;88;700;15362;256969;1;297.504;3.93592;SB*;v2.0-53-g98db238
roadmap;dimacs;89;700;245256;25082;1;297.598;3.98569;SB*;v2.0-53-g98db238
roadmap;dimacs;90;700;262141;3625;1;297.668;3.92209;SB*;v2.0-53-g98db238
roadmap;dimacs;91;700;250410;17918;1;297.75;3.9945;SB*;v2.0-53-g98db238
roadmap;dimacs;92;700;255543;9197;1;297.832;3.98611;SB*;v2.0-53-g98db238
roadmap;dimacs;93;700;3542;246807;1;297.902;3.92363;SB*;v2.0-53-g98db238
roadmap;dimacs;94;700;10309;260094;1;297.996;3.98149;SB*;v2.0-53-g98db238
roadmap;dimacs;95;700;247269;8727;1;298.066;3.95006;SB*;v2.0-53-g98db238
roadmap;dimacs;96;700;1543;260092;1;298.148;3.97411;SB*;v2.0-53-g98db238
roadmap;dimacs;97;700;4065;245794;1;298.23;3.95524;SB*;v2.0-53-g98db238
roadmap;dimacs;98;700;248310;47;1;298.316;3.94312;SB*;v2.0-53-g98db238
roadmap;dimacs;99;700;252921;12810;1;298.398;3.99904;SB*;v2.0-53-g98db238
roadmap;dimacs;0;800;244239;17918;1;298.48;4.53628;SB*;v2.0-53-g98db238
roadmap;dimacs;1;800;2025;237583;1;298.59;4.51412;SB*;v2.0-53-g98db238
roadmap;dimacs;2;800;224266;3576;1;298.676;4.52579;SB*;v2.0-53-g98db238
roadmap;dimacs;3;800;6204;255485;1;298.773;4.50763;SB*;v2.0-53-g98db238
roadmap;dimacs;4;800;260592;5;1;301.316;4.51717;SB*;v2.0-53-g98db238
roadmap;dimacs;5;800;12743;257036;1;301.426;4.45382;SB*;v2.0-53-g98db238
roadmap;dimacs;6;800;13827;248797;1;301.512;4.54099;SB*;v2.0-53-g98db238
roadmap;dimacs;7;800;3523;248841;1;301.609;4.50641;SB*;v2.0-53-g98db238
roadmap;dimacs;8;800;15345;246295;1;301.707;4.56695;SB*;v2.0-53-g98db238
roadmap;dimacs;9;800;5098;235010;1;301.801;4.59886;SB*;v2.0-53-g98db238
roadmap;dimacs;10;800;5148;260591;1;301.898;4.55491;SB*;v2.0-53-g98db238
roadmap;dimacs;11;800;5088;257589;1;301.984;4.57977;SB*;v2.0-53-g98db238
roadmap;dimacs;12;800;252903;9741;1;302.082;4.53213;SB*;v2.0-53-g98db238
roadmap;dimacs;13;800;258029;17437;1;302.176;4.53529;SB*;v2.0-53-g98db238
roadmap;dimacs;14;800;260111;38908;1;302.273;4.52196;SB*;v2.0-53-g98db238
roadmap;dimacs;15;800;248840;6628;1;302.371;4.50304;SB*;v2.0-53-g98db238
roadmap;dimacs;16;800;259081;13264;1;302.457;4.51513;SB*;v2.0-53-g98db238
roadmap;dimacs;17;800;14822;261128;1;302.566;4.61225;SB*;v2.0-53-g98db238
roadmap;dimacs;18;800;253407;5647;1;302.648;4.52481;SB*;v2.0-53-g98db238
roadmap;dimacs;19;800;9721;255546;1;302.746;4.57426;SB*;v2.0-53-g98db238
roadmap;dimacs;20;800;250337;1568;1;302.832;4.58153;SB*;v2.0-53-g98db238
roadmap;dimacs;21;800;259598;8158;1;302.941;4.48169;SB*;v2.0-53-g98db238
roadmap;dimacs;22;800;6156;240625;1;303.027;4.55756;SB*;v2.0-53-g98db238
roadmap;dimacs;23;800;259617;7635;1;303.121;4.49974;SB*;v2.0-53-g98db238
roadmap;dimacs;24;800;1013;260659;1;303.219;4.55211;SB*;v2.0-53-g98db238
roadmap;dimacs;25;800;20453;257542;1;303.316;4.47802;SB*;v2.0-53-g98db238
roadmap;dimacs;26;800;1049;251389;1;303.414;4.55877;SB*;v2.0-53-g98db238
roadmap;dimacs;27;800;3043;238089;1;303.496;4.54174;SB*;v2.0-53-g98db238
roadmap;dimacs;28;800;24071;246770;1;303.594;4.52635;SB*;v2.0-53-g98db238
roadmap;dimacs;29;800;7146;259122;1;303.691;4.57829;SB*;v2.0-53-g98db238
roadmap;dimacs;30;800;261620;44547;1;303.789;4.46613;SB*;v2.0-53-g98db238
roadmap;dimacs;31;800;250944;495;1;303.887;4.52739;SB*;v2.0-53-g98db238
roadmap;dimacs;32;800;8190;259097;1;303.969;4.47844;SB*;v2.0-53-g98db238
roadmap;dimacs;33;800;14851;235519;1;304.078;4.53721;SB*;v2.0-53-g98db238
roadmap;dimacs;34;800;244712;17409;1;304.164;4.51377;SB*;v2.0-53-g98db238
roadmap;dimacs;35;800;3057;231446;1;304.262;4.59855;SB*;v2.0-53-g98db238
roadmap;dimacs;36;800;252391;12316;1;304.344;4.56889;SB*;v2.0-53-g98db238
roadmap;dimacs;37;800;256554;10213;1;304.453;4.58044;SB*;v2.0-53-g98db238
roadmap;dimacs;38;800;249286;1029;1;304.539;4.58105;SB*;v2.0-53-g98db238
roadmap;dimacs;39;800;1574;237056;1;304.637;4.49164;SB*;v2.0-53-g98db238
roadmap;dimacs;40;800;27167;253438;1;304.734;4.59162;SB*;v2.0-53-g98db238
roadmap;dimacs;41;800;6130;243213;1;304.828;4.54504;SB*;v2.0-53-g98db238
roadmap;dimacs;42;800;9203;250895;1;304.926;4.56033;SB*;v2.0-53-g98db238
roadmap;dimacs;43;800;1488;254485;1;305.012;4.50005;SB*;v2.0-53-g98db238
roadmap;dimacs;44;800;515;245708;1;305.109;4.58208;SB*;v2.0-53-g98db238
roadmap;dimacs;45;800;1010;261644;1;305.203;4.511;SB*;v2.0-53-g98db238
roadmap;dimacs;46;800;11797;252910;1;305.301;4.57873;SB*;v2.0-53-g98db238
roadmap;dimacs;47;800;7162;254509;1;305.398;4.59663;SB*;v2.0-53-g98db238
roadmap;dimacs;48;800;533;242143;1;305.484;4.45801;SB*;v2.0-53-g98db238
roadmap;dimacs;49;800;254440;1554;1;305.594;4.55753;SB*;v2.0-53-g98db238
roadmap;dimacs;50;800;255976;27655;1;305.676;4.48009;SB*;v2.0-53-g98db238
roadmap;dimacs;51;800;1058;256493;1;305.773;4.56085;SB*;v2.0-53-g98db238
roadmap;dimacs;52;800;244723;13838;1;305.859;4.50556;SB*;v2.0-53-g98db238
roadmap;dimacs;53;800;248816;20490;1;305.969;4.53417;SB*;v2.0-53-g98db238
roadmap;dimacs;54;800;18406;254470;1;306.055;4.4946;SB*;v2.0-53-g98db238
roadmap;dimacs;55;800;261627;19496;1;306.148;4.53812;SB*;v2.0-53-g98db238
roadmap;dimacs;56;800;7156;251410;1;306.246;4.52148;SB*;v2.0-53-g98db238
roadmap;dimacs;57;800;20446;252934;1;306.344;4.47624;SB*;v2.0-53-g98db238
roadmap;dimacs;58;800;244742;8660;1;306.441;4.55541;SB*;v2.0-53-g98db238
roadmap;dimacs;59;800;262142;2103;1;306.523;4.49862;SB*;v2.0-53-g98db238
roadmap;dimacs;60;800;18;249839;1;306.621;4.55837;SB*;v2.0-53-g98db238
roadmap;dimacs;61;800;257040;8142;1;306.719;4.50418;SB*;v2.0-53-g98db238
roadmap;dimacs;62;800;15371;247787;1;306.816;4.50863;SB*;v2.0-53-g98db238
roadmap;dimacs;63;800;25090;254449;1;306.914;4.53633;SB*;v2.0-53-g98db238
roadmap;dimacs;64;800;231395;2056;1;306.996;4.48216;SB*;v2.0-53-g98db238
roadmap;dimacs;65;800;261107;32259;1;307.105;4.6012;SB*;v2.0-53-g98db238
roadmap;dimacs;66;800;232967;17915;1;307.191;4.46965;SB*;v2.0-53-g98db238
roadmap;dimacs;67;800;1546;250877;1;307.289;4.54499;SB*;v2.0-53-g98db238
roadmap;dimacs;68;800;259095;18400;1;307.371;4.49792;SB*;v2.0-53-g98db238
roadmap;dimacs;69;800;2077;257011;1;307.48;4.56618;SB*;v2.0-53-g98db238
roadmap;dimacs;70;800;6105;259598;1;307.566;4.50626;SB*;v2.0-53-g98db238
roadmap;dimacs;71;800;24096;259054;1;307.664;4.57584;SB*;v2.0-53-g98db238
roadmap;dimacs;72;800;8207;252412;1;307.762;4.5585;SB*;v2.0-53-g98db238
roadmap;dimacs;73;800;1098;262134;1;307.855;4.53736;SB*;v2.0-53-g98db238
roadmap;dimacs;74;800;261156;4073;1;307.953;4.55882;SB*;v2.0-53-g98db238
roadmap;dimacs;75;800;9746;252388;1;308.039;4.50102;SB*;v2.0-53-g98db238
roadmap;dimacs;76;800;261137;11264;1;308.137;4.57687;SB*;v2.0-53-g98db238
roadmap;dimacs;77;800;6101;259596;1;308.23;4.49329;SB*;v2.0-53-g98db238
roadmap;dimacs;78;800;256565;7141;1;308.328;4.54248;SB*;v2.0-53-g98db238
roadmap;dimacs;79;800;256550;25596;1;308.426;4.46661;SB*;v2.0-53-g98db238
roadmap;dimacs;80;800;1034;257530;1;308.512;4.51637;SB*;v2.0-53-g98db238
roadmap;dimacs;81;800;261616;8225;1;308.621;4.55876;SB*;v2.0-53-g98db238
roadmap;dimacs;82;800;12807;245730;1;308.703;4.57367;SB*;v2.0-53-g98db238
roadmap;dimacs;83;800;246321;5621;1;308.801;4.56067;SB*;v2.0-53-g98db238
roadmap;dimacs;84;800;11236;248329;1;308.887;4.4927;SB*;v2.0-53-g98db238
roadmap;dimacs;85;800;1514;238083;1;308.996;4.5526;SB*;v2.0-53-g98db238
roadmap;dimacs;86;800;246296;10229;1;309.082;4.4551;SB*;v2.0-53-g98db238
roadmap;dimacs;87;800;251862;7185;1;309.176;4.59047;SB*;v2.0-53-g98db238
roadmap;dimacs;88;800;15362;256969;1;309.273;4.53489;SB*;v2.0-53-g98db238
roadmap;dimacs;89;800;245256;25082;1;309.371;4.57819;SB*;v2.0-53-g98db238
roadmap;dimacs;90;800;262141;3625;1;309.469;4.56081;SB*;v2.0-53-g98db238
roadmap;dimacs;91;800;250410;17918;1;309.551;4.52574;SB*;v2.0-53-g98db238
roadmap;dimacs;92;800;255543;9197;1;309.648;4.56289;SB*;v2.0-53-g98db238
roadmap;dimacs;93;800;3542;246807;1;309.746;4.50424;SB*;v2.0-53-g98db238
roadmap;dimacs;94;800;10309;260094;1;309.844;4.54303;SB*;v2.0-53-g98db238
roadmap;dimacs;95;800;247269;8727;1;309.941;4.47863;SB*;v2.0-53-g98db238
roadmap;dimacs;96;800;1543;260092;1;310.023;4.53233;SB*;v2.0-53-g98db238
roadmap;dimacs;97;800;4065;245794;1;310.133;4.43337;SB*;v2.0-53-g98db238
roadmap;dimacs;98;800;248310;47;1;310.219;4.52537;SB*;v2.0-53-g98db238
roadmap;dimacs;99;800;252921;12810;1;310.316;4.53254;SB*;v2.0-53-g98db238
roadmap;dimacs;0;900;244239;17918;1;310.426;5.01047;SB*;v2.0-53-g98db238
roadmap;dimacs;1;900;2025;237583;1;310.52;5.13438;SB*;v2.0-53-g98db238
roadmap;dimacs;2;900;224266;3576;1;310.629;5.03529;SB*;v2.0-53-g98db238
roadmap;dimacs;3;900;6204;255485;1;313.844;5.13718;SB*;v2.0-53-g98db238
roadmap;dimacs;4;900;260592;5;1;316.395;5.0238;SB*;v2.0-53-g98db238
roadmap;dimacs;5;900;12743;257036;1;316.492;5.11842;SB*;v2.0-53-g98db238
roadmap;dimacs;6;900;13827;248797;1;316.602;5.04558;SB*;v2.0-53-g98db238
roadmap;dimacs;7;900;3523;248841;1;316.711;5.13901;SB*;v2.0-53-g98db238
roadmap;dimacs;8;900;15345;246295;1;316.832;5.05985;SB*;v2.0-53-g98db238
roadmap;dimacs;9;900;5098;235010;1;316.926;5.10274;SB*;v2.0-53-g98db238
roadmap;dimacs;10;900;5148;260591;1;317.035;5.03716;SB*;v2.0-53-g98db238
roadmap;dimacs;11;900;5088;257589;1;317.145;5.11674;SB*;v2.0-53-g98db238
roadmap;dimacs;12;900;252903;9741;1;317.254;5.02506;SB*;v2.0-53-g98db238
roadmap;dimacs;13;900;258029;17437;1;317.352;5.14038;SB*;v2.0-53-g98db238
roadmap;dimacs;14;900;260111;38908;1;317.461;5.03913;SB*;v2.0-53-g98db238
roadmap;dimacs;15;900;248840;6628;1;317.57;5.05652;SB*;v2.0-53-g98db238
roadmap;dimacs;16;900;259081;13264;1;317.68;5.00638;SB*;v2.0-53-g98db238
roadmap;dimacs;17;900;14822;261128;1;317.773;5.13688;SB*;v2.0-53-g98db238
roadmap;dimacs;18;900;253407;5647;1;317.883;5.02135;SB*;v2.0-53-g98db238
roadmap;dimacs;19;900;9721;255546;1;317.992;5.10131;SB*;v2.0-53-g98db238
roadmap;dimacs;20;900;250337;1568;1;318.102;5.05331;SB*;v2.0-53-g98db238
roadmap;dimacs;21;900;259598;8158;1;318.199;5.12452;SB*;v2.0-53-g98db238
roadmap;dimacs;22;900;6156;240625;1;318.309;5.04913;SB*;v2.0-53-g98db238
roadmap;dimacs;23;900;259617;7635;1;318.418;5.11178;SB*;v2.0-53-g98db238
roadmap;dimacs;24;900;1013;260659;1;318.527;5.03358;SB*;v2.0-53-g98db238
roadmap;dimacs;25;900;20453;257542;1;318.625;5.05513;SB*;v2.0-53-g98db238
roadmap;dimacs;26;900;1049;251389;1;318.73;5.03688;SB*;v2.0-53-g98db238
roadmap;dimacs;27;900;3043;238089;1;318.84;5.14828;SB*;v2.0-53-g98db238
roadmap;dimacs;28;900;24071;246770;1;318.949;5.02951;SB*;v2.0-53-g98db238
roadmap;dimacs;29;900;7146;259122;1;319.059;5.11281;SB*;v2.0-53-g98db238
roadmap;dimacs;30;900;261620;44547;1;319.156;5.0158;SB*;v2.0-53-g98db238
roadmap;dimacs;31;900;250944;495;1;319.266;5.12725;SB*;v2.0-53-g98db238
roadmap;dimacs;32;900;8190;259097;1;319.375;5.04971;SB*;v2.0-53-g98db238
roadmap;dimacs;33;900;14851;235519;1;319.484;5.10974;SB*;v2.0-53-g98db238
roadmap;dimacs;34;900;244712;17409;1;319.578;5.03396;SB*;v2.0-53-g98db238
roadmap;dimacs;35;900;3057;231446;1;319.688;5.10785;SB*;v2.0-53-g98db238
roadmap;dimacs;36;900;252391;12316;1;319.797;4.9898;SB*;v2.0-53-g98db238
roadmap;dimacs;37;900;256554;10213;1;319.906;5.08064;SB*;v2.0-53-g98db238
roadmap;dimacs;38;900;249286;1029;1;320.004;5.0322;SB*;v2.0-53-g98db238
roadmap;dimacs;39;900;1574;237056;1;320.113;5.13877;SB*;v2.0-53-g98db238
roadmap;dimacs;40;900;27167;253438;1;320.234;5.0189;SB*;v2.0-53-g98db238
roadmap;dimacs;41;900;6130;243213;1;320.344;5.1095;SB*;v2.0-53-g98db238
roadmap;dimacs;42;900;9203;250895;1;320.438;5.01499;SB*;v2.0-53-g98db238
roadmap;dimacs;43;900;1488;254485;1;320.547;5.09663;SB*;v2.0-53-g98db238
roadmap;dimacs;44;900;515;245708;1;320.656;5.05743;SB*;v2.0-53-g98db238
roadmap;dimacs;45;900;1010;261644;1;320.766;5.07954;SB*;v2.0-53-g98db238
roadmap;dimacs;46;900;11797;252910;1;320.863;5.08271;SB*;v2.0-53-g98db238
roadmap;dimacs;47;900;7162;254509;1;320.973;5.08755;SB*;v2.0-53-g98db238
roadmap;dimacs;48;900;533;242143;1;321.082;5.03584;SB*;v2.0-53-g98db238
roadmap;dimacs;49;900;254440;1554;1;321.191;5.10689;SB*;v2.0-53-g98db238
roadmap;dimacs;50;900;255976;27655;1;321.285;5.04876;SB*;v2.0-53-g98db238
roadmap;dimacs;51;900;1058;256493;1;321.395;5.12043;SB*;v2.0-53-g98db238
roadmap;dimacs;52;900;244723;13838;1;321.504;5.06872;SB*;v2.0-53-g98db238
roadmap;dimacs;53;900;248816;20490;1;321.613;5.12073;SB*;v2.0-53-g98db238
roadmap;dimacs;54;900;18406;254470;1;321.711;5.03293;SB*;v2.0-53-g98db238
roadmap;dimacs;55;900;261627;19496;1;321.82;5.10482;SB*;v2.0-53-g98db238
roadmap;dimacs;56;900;7156;251410;1;321.93;5.0043;SB*;v2.0-53-g98db238
roadmap;dimacs;57;900;20446;252934;1;322.039;5.10803;SB*;v2.0-53-g98db238
roadmap;dimacs;58;900;244742;8660;1;322.137;5.03035;SB*;v2.0-53-g98db238
roadmap;dimacs;59;900;262142;2103;1;322.242;5.0971;SB*;v2.0-53-g98db238
roadmap;dimacs;60;900;18;249839;1;322.352;5.0257;SB*;v2.0-53-g98db238
roadmap;dimacs;61;900;257040;8142;1;322.461;5.10845;SB*;v2.0-53-g98db238
roadmap;dimacs;62;900;15371;247787;1;322.57;5.04575;SB*;v2.0-53-g98db238
roadmap;dimacs;63;900;25090;254449;1;322.668;5.12506;SB*;v2.0-53-g98db238
roadmap;dimacs;64;900;231395;2056;1;322.777;5.0476;SB*;v2.0-53-g98db238
roadmap;dimacs;65;900;261107;32259;1;322.887;5.08361;SB*;v2.0-53-g98db238
roadmap;dimacs;66;900;232967;17915;1;322.996;5.05864;SB*;v2.0-53-g98db238
roadmap;dimacs;67;900;1546;250877;1;323.09;5.11034;SB*;v2.0-53-g98db238
roadmap;dimacs;68;900;259095;18400;1;323.199;5.05814;SB*;v2.0-53-g98db238
roadmap;dimacs;69;900;2077;257011;1;323.309;5.12342;SB*;v2.0-53-g98db238
roadmap;dimacs;70;900;6105;259598;1;323.418;5.04413;SB*;v2.0-53-g98db238
roadmap;dimacs;71;900;24096;259054;1;323.516;5.16097;SB*;v2.0-53-g98db238
roadmap;dimacs;72;900;8207;252412;1;323.637;5.01994;SB*;v2.0-53-g98db238
roadmap;dimacs;73;900;1098;262134;1;323.746;5.09621;SB*;v2.0-53-g98db238
roadmap;dimacs;74;900;261156;4073;1;323.855;5.02704;SB*;v2.0-53-g98db238
roadmap;dimacs;75;900;9746;252388;1;323.949;5.10734;SB*;v2.0-53-g98db238
roadmap;dimacs;76;900;261137;11264;1;324.059;5.0539;SB*;v2.0-53-g98db238
roadmap;dimacs;77;900;6101;259596;1;324.168;5.13564;SB*;v2.0-53-g98db238
roadmap;dimacs;78;900;256565;7141;1;324.277;5.05751;SB*;v2.0-53-g98db238
roadmap;dimacs;79;900;256550;25596;1;324.375;5.06298;SB*;v2.0-53-g98db238
roadmap;dimacs;80;900;1034;257530;1;324.484;5.01398;SB*;v2.0-53-g98db238
roadmap;dimacs;81;900;261616;8225;1;324.594;5.10365;SB*;v2.0-53-g98db238
roadmap;dimacs;82;900;12807;245730;1;324.703;5.06647;SB*;v2.0-53-g98db238
roadmap;dimacs;83;900;246321;5621;1;324.797;5.1024;SB*;v2.0-53-g98db238
roadmap;dimacs;84;900;11236;248329;1;324.906;5.02026;SB*;v2.0-53-g98db238
roadmap;dimacs;85;900;1514;238083;1;325.016;5.10749;SB*;v2.0-53-g98db238
roadmap;dimacs;86;900;246296;10229;1;325.125;5.02942;SB*;v2.0-53-g98db238
roadmap;dimacs;87;900;251862;7185;1;325.223;5.11018;SB*;v2.0-53-g98db238
roadmap;dimacs;88;900;15362;256969;1;325.332;5.06999;SB*;v2.0-53-g98db238
roadmap;dimacs;89;900;245256;25082;1;325.441;5.11115;SB*;v2.0-53-g98db238
roadmap;dimacs;90;900;262141;3625;1;325.551;5.028;SB*;v2.0-53-g98db238
roadmap;dimacs;91;900;250410;17918;1;325.648;5.11635;SB*;v2.0-53-g98db238
roadmap;dimacs;92;900;255543;9197;1;325.754;5.01935;SB*;v2.0-53-g98db238
roadmap;dimacs;93;900;3542;246807;1;325.863;5.10645;SB*;v2.0-53-g98db238
roadmap;dimacs;94;900;10309;260094;1;325.973;5.03742;SB*;v2.0-53-g98db238
roadmap;dimacs;95;900;247269;8727;1;326.082;5.11019;SB*;v2.0-53-g98db238
roadmap;dimacs;96;900;1543;260092;1;326.18;5.02543;SB*;v2.0-53-g98db238
roadmap;dimacs;97;900;4065;245794;1;326.289;5.05459;SB*;v2.0-53-g98db238
roadmap;dimacs;98;900;248310;47;1;326.398;5.02965;SB*;v2.0-53-g98db238
roadmap;dimacs;99;900;252921;12810;1;326.508;5.07599;SB*;v2.0-53-g98db238
roadmap;dimacs;0;1000;244239;17918;1;326.629;5.56478;SB*;v2.0-53-g98db238
roadmap;dimacs;1;1000;2025;237583;1;326.738;5.69348;SB*;v2.0-53-g98db238
roadmap;dimacs;2;1000;224266;3576;1;326.855;5.63737;SB*;v2.0-53-g98db238
roadmap;dimacs;3;1000;6204;255485;1;332.449;5.74552;SB*;v2.0-53-g98db238
roadmap;dimacs;4;1000;260592;5;1;335;5.58746;SB*;v2.0-53-g98db238
roadmap;dimacs;5;1000;12743;257036;1;335.121;5.6951;SB*;v2.0-53-g98db238
roadmap;dimacs;6;1000;13827;248797;1;335.242;5.6872;SB*;v2.0-53-g98db238
roadmap;dimacs;7;1000;3523;248841;1;335.375;5.64141;SB*;v2.0-53-g98db238
roadmap;dimacs;8;1000;15345;246295;1;335.496;5.70662;SB*;v2.0-53-g98db238
roadmap;dimacs;9;1000;5098;235010;1;335.605;5.6152;SB*;v2.0-53-g98db238
roadmap;dimacs;10;1000;5148;260591;1;335.754;5.74855;SB*;v2.0-53-g98db238
roadmap;dimacs;11;1000;5088;257589;1;335.875;5.67175;SB*;v2.0-53-g98db238
roadmap;dimacs;12;1000;252903;9741;1;335.996;5.73628;SB*;v2.0-53-g98db238
roadmap;dimacs;13;1000;258029;17437;1;336.117;5.66766;SB*;v2.0-53-g98db238
roadmap;dimacs;14;1000;260111;38908;1;336.238;5.66431;SB*;v2.0-53-g98db238
roadmap;dimacs;15;1000;248840;6628;1;336.348;5.69668;SB*;v2.0-53-g98db238
roadmap;dimacs;16;1000;259081;13264;1;336.469;5.57985;SB*;v2.0-53-g98db238
roadmap;dimacs;17;1000;14822;261128;1;336.59;5.69416;SB*;v2.0-53-g98db238
roadmap;dimacs;18;1000;253407;5647;1;336.711;5.64286;SB*;v2.0-53-g98db238
roadmap;dimacs;19;1000;9721;255546;1;336.832;5.6957;SB*;v2.0-53-g98db238
roadmap;dimacs;20;1000;250337;1568;1;336.941;5.641;SB*;v2.0-53-g98db238
roadmap;dimacs;21;1000;259598;8158;1;337.062;5.66887;SB*;v2.0-53-g98db238
roadmap;dimacs;22;1000;6156;240625;1;337.172;5.61545;SB*;v2.0-53-g98db238
roadmap;dimacs;23;1000;259617;7635;1;337.293;5.69133;SB*;v2.0-53-g98db238
roadmap;dimacs;24;1000;1013;260659;1;337.414;5.72503;SB*;v2.0-53-g98db238
roadmap;dimacs;25;1000;20453;257542;1;337.523;5.6445;SB*;v2.0-53-g98db238
roadmap;dimacs;26;1000;1049;251389;1;337.645;5.67549;SB*;v2.0-53-g98db238
roadmap;dimacs;27;1000;3043;238089;1;337.84;5.65619;SB*;v2.0-53-g98db238
roadmap;dimacs;28;1000;24071;246770;1;428.852;5.73027;SB*;v2.0-53-g98db238
roadmap;dimacs;29;1000;7146;259122;1;429.035;5.5681;SB*;v2.0-53-g98db238
roadmap;dimacs;30;1000;261620;44547;1;429.156;5.688;SB*;v2.0-53-g98db238
roadmap;dimacs;31;1000;250944;495;1;429.266;5.59298;SB*;v2.0-53-g98db238
roadmap;dimacs;32;1000;8190;259097;1;429.387;5.71113;SB*;v2.0-53-g98db238
roadmap;dimacs;33;1000;14851;235519;1;429.508;5.70988;SB*;v2.0-53-g98db238
roadmap;dimacs;34;1000;244712;17409;1;429.617;5.63794;SB*;v2.0-53-g98db238
roadmap;dimacs;35;1000;3057;231446;1;429.738;5.67114;SB*;v2.0-53-g98db238
roadmap;dimacs;36;1000;252391;12316;1;429.848;5.59257;SB*;v2.0-53-g98db238
roadmap;dimacs;37;1000;256554;10213;1;429.969;5.6779;SB*;v2.0-53-g98db238
roadmap;dimacs;38;1000;249286;1029;1;430.09;5.62451;SB*;v2.0-53-g98db238
roadmap;dimacs;39;1000;1574;237056;1;430.211;5.72879;SB*;v2.0-53-g98db238
roadmap;dimacs;40;1000;27167;253438;1;430.332;5.6114;SB*;v2.0-53-g98db238
roadmap;dimacs;41;1000;6130;243213;1;430.441;5.64975;SB*;v2.0-53-g98db238
roadmap;dimacs;42;1000;9203;250895;1;430.562;5.66641;SB*;v2.0-53-g98db238
roadmap;dimacs;43;1000;1488;254485;1;430.684;5.66454;SB*;v2.0-53-g98db238
roadmap;dimacs;44;1000;515;245708;1;430.805;5.72651;SB*;v2.0-53-g98db238
roadmap;dimacs;45;1000;1010;261644;1;430.926;5.60349;SB*;v2.0-53-g98db238
roadmap;dimacs;46;1000;11797;252910;1;431.047;5.69164;SB*;v2.0-53-g98db238
roadmap;dimacs;47;1000;7162;254509;1;431.156;5.59363;SB*;v2.0-53-g98db238
roadmap;dimacs;48;1000;533;242143;1;431.277;5.67897;SB*;v2.0-53-g98db238
roadmap;dimacs;49;1000;254440;1554;1;431.398;5.63032;SB*;v2.0-53-g98db238
roadmap;dimacs;50;1000;255976;27655;1;431.52;5.65445;SB*;v2.0-53-g98db238
roadmap;dimacs;51;1000;1058;256493;1;431.641;5.60769;SB*;v2.0-53-g98db238
roadmap;dimacs;52;1000;244723;13838;1;431.75;5.64109;SB*;v2.0-53-g98db238
roadmap;dimacs;53;1000;248816;20490;1;431.871;5.59155;SB*;v2.0-53-g98db238
roadmap;dimacs;54;1000;18406;254470;1;431.992;5.57646;SB*;v2.0-53-g98db238
roadmap;dimacs;55;1000;261627;19496;1;432.105;5.64912;SB*;v2.0-53-g98db238
roadmap;dimacs;56;1000;7156;251410;1;432.223;5.61412;SB*;v2.0-53-g98db238
roadmap;dimacs;57;1000;20446;252934;1;432.332;5.63809;SB*;v2.0-53-g98db238
roadmap;dimacs;58;1000;244742;8660;1;432.453;5.57522;SB*;v2.0-53-g98db238
roadmap;dimacs;59;1000;262142;2103;1;432.574;5.65498;SB*;v2.0-53-g98db238
roadmap;dimacs;60;1000;18;249839;1;432.695;5.55561;SB*;v2.0-53-g98db238
roadmap;dimacs;61;1000;257040;8142;1;432.816;5.61993;SB*;v2.0-53-g98db238
roadmap;dimacs;62;1000;15371;247787;1;432.938;5.62832;SB*;v2.0-53-g98db238
roadmap;dimacs;63;1000;25090;254449;1;433.047;5.59091;SB*;v2.0-53-g98db238
roadmap;dimacs;64;1000;231395;2056;1;433.168;5.63083;SB*;v2.0-53-g98db238
roadmap;dimacs;65;1000;261107;32259;1;433.289;5.60797;SB*;v2.0-53-g98db238
roadmap;dimacs;66;1000;232967;17915;1;433.41;5.68134;SB*;v2.0-53-g98db238
roadmap;dimacs;67;1000;1546;250877;1;433.531;5.60433;SB*;v2.0-53-g98db238
roadmap;dimacs;68;1000;259095;18400;1;433.641;5.67258;SB*;v2.0-53-g98db238
roadmap;dimacs;69;1000;2077;257011;1;433.758;5.61995;SB*;v2.0-53-g98db238
roadmap;dimacs;70;1000;6105;259598;1;433.879;5.64383;SB*;v2.0-53-g98db238
roadmap;dimacs;71;1000;24096;259054;1;434;5.58098;SB*;v2.0-53-g98db238
roadmap;dimacs;72;1000;8207;252412;1;434.121;5.63726;SB*;v2.0-53-g98db238
roadmap;dimacs;73;1000;1098;262134;1;434.23;5.66228;SB*;v2.0-53-g98db238
roadmap;dimacs;74;1000;261156;4073;1;434.352;5.58821;SB*;v2.0-53-g98db238
roadmap;dimacs;75;1000;9746;252388;1;434.473;5.64688;SB*;v2.0-53-g98db238
roadmap;dimacs;76;1000;261137;11264;1;434.594;5.55778;SB*;v2.0-53-g98db238
roadmap;dimacs;77;1000;6101;259596;1;434.703;5.66604;SB*;v2.0-53-g98db238
roadmap;dimacs;78;1000;256565;7141;1;434.824;5.63713;SB*;v2.0-53-g98db238
roadmap;dimacs;79;1000;256550;25596;1;434.934;5.67303;SB*;v2.0-53-g98db238
roadmap;dimacs;80;1000;1034;257530;1;435.055;5.54832;SB*;v2.0-53-g98db238
roadmap;dimacs;81;1000;261616;8225;1;435.176;5.59032;SB*;v2.0-53-g98db238
roadmap;dimacs;82;1000;12807;245730;1;435.297;5.68777;SB*;v2.0-53-g98db238
roadmap;dimacs;83;1000;246321;5621;1;435.418;5.60654;SB*;v2.0-53-g98db238
roadmap;dimacs;84;1000;11236;248329;1;435.527;5.71482;SB*;v2.0-53-g98db238
roadmap;dimacs;85;1000;1514;238083;1;435.648;5.59642;SB*;v2.0-53-g98db238
roadmap;dimacs;86;1000;246296;10229;1;435.77;5.64085;SB*;v2.0-53-g98db238
roadmap;dimacs;87;1000;251862;7185;1;435.891;5.60891;SB*;v2.0-53-g98db238
roadmap;dimacs;88;1000;15362;256969;1;436.012;5.70865;SB*;v2.0-53-g98db238
roadmap;dimacs;89;1000;245256;25082;1;436.121;5.59882;SB*;v2.0-53-g98db238
roadmap;dimacs;90;1000;262141;3625;1;436.242;5.61748;SB*;v2.0-53-g98db238
roadmap;dimacs;91;1000;250410;17918;1;436.363;5.64043;SB*;v2.0-53-g98db238
roadmap;dimacs;92;1000;255543;9197;1;436.484;5.55964;SB*;v2.0-53-g98db238
roadmap;dimacs;93;1000;3542;246807;1;436.605;5.6841;SB*;v2.0-53-g98db238
roadmap;dimacs;94;1000;10309;260094;1;436.727;5.61745;SB*;v2.0-53-g98db238
roadmap;dimacs;95;1000;247269;8727;1;436.836;5.69487;SB*;v2.0-53-g98db238
roadmap;dimacs;96;1000;1543;260092;1;436.957;5.56187;SB*;v2.0-53-g98db238
roadmap;dimacs;97;1000;4065;245794;1;437.078;5.64903;SB*;v2.0-53-g98db238
roadmap;dimacs;98;1000;248310;47;1;437.188;5.59468;SB*;v2.0-53-g98db238
roadmap;dimacs;99;1000;252921;12810;1;437.309;5.65231;SB*;v2.0-53-g98db238
