domain;variant;id;k;start;goal;h0;length;cost;expansions;nbcentroids;mem;runtime;expansions/sec;nbinconsistencies;air;solver;doctor;version
roadmap;dimacs;0/1;1;   4320996;   3421432;0;1087;6670199;887789;1;3029;2.05054;432954;0;0;sBELA0;? Unchecked;v1.6.0-140-g9a10cc1
roadmap;dimacs;1/1;1;   2710066;    136691;0;3416;19652589;4285745;1;6750;9.58156;447291;0;0;sBELA0;? Unchecked;v1.6.0-140-g9a10cc1
roadmap;dimacs;2/1;1;   4833717;    720610;0;2108;10104399;2663189;1;6750;4.78075;557065;0;0;sBELA0;? Unchecked;v1.6.0-140-g9a10cc1
roadmap;dimacs;3/1;1;   2142831;   2373369;0;1035;5387291;923911;1;6750;1.61243;572991;0;0;sBELA0;? Unchecked;v1.6.0-140-g9a10cc1
roadmap;dimacs;4/1;1;    553927;   6184741;0;2873;16021846;4502574;1;6749;7.93333;567552;0;0;sBELA0;? Unchecked;v1.6.0-140-g9a10cc1
roadmap;dimacs;5/1;1;   4290512;   3848681;0;2543;13330716;4141637;1;8344;7.61457;543909;0;0;sBELA0;? Unchecked;v1.6.0-140-g9a10cc1
roadmap;dimacs;6/1;1;   5084840;   5961415;0;3361;13573511;5235899;1;8828;9.36574;559048;0;0;sBELA0;? Unchecked;v1.6.0-140-g9a10cc1
roadmap;dimacs;7/1;1;   4846384;    101177;0;3058;17388270;4975235;1;8828;8.97813;554151;0;0;sBELA0;? Unchecked;v1.6.0-140-g9a10cc1
roadmap;dimacs;8/1;1;   4520980;    965983;0;1700;8453023;1597034;1;8828;3.12424;511175;0;0;sBELA0;? Unchecked;v1.6.0-140-g9a10cc1
roadmap;dimacs;9/1;1;   5487394;   5045506;0;3620;17334322;6217780;1;9826;12.2113;509184;0;0;sBELA0;? Unchecked;v1.6.0-140-g9a10cc1
roadmap;dimacs;10/1;1;   1926823;    854459;0;734;3116590;788731;1;8828;1.38557;569247;0;0;sBELA0;? Unchecked;v1.6.0-140-g9a10cc1
roadmap;dimacs;11/1;1;   3088686;   2457940;0;1455;9247908;1014148;1;8828;1.91538;529476;0;0;sBELA0;? Unchecked;v1.6.0-140-g9a10cc1
roadmap;dimacs;12/1;1;   1991621;   6102039;0;1168;3919717;481874;1;8828;0.826809;582811;0;0;sBELA0;? Unchecked;v1.6.0-140-g9a10cc1
roadmap;dimacs;13/1;1;   1679479;   3135970;0;2556;13105182;3810574;1;8828;6.68176;570295;0;0;sBELA0;? Unchecked;v1.6.0-140-g9a10cc1
roadmap;dimacs;14/1;1;   1063830;   4654604;0;1626;8671611;2218894;1;8828;4.2047;527718;0;0;sBELA0;? Unchecked;v1.6.0-140-g9a10cc1
roadmap;dimacs;15/1;1;   6224466;   1240446;0;2244;11870571;3204187;1;8828;5.9499;538528;0;0;sBELA0;? Unchecked;v1.6.0-140-g9a10cc1
roadmap;dimacs;16/1;1;   2418674;   4452024;0;2926;18598147;5098549;1;8828;9.24245;551645;0;0;sBELA0;? Unchecked;v1.6.0-140-g9a10cc1
roadmap;dimacs;17/1;1;   4931603;   4141462;0;537;2204093;196264;1;8828;0.403187;486781;0;0;sBELA0;? Unchecked;v1.6.0-140-g9a10cc1
roadmap;dimacs;18/1;1;   5574074;   4243473;0;878;3358323;277939;1;8828;0.484706;573418;0;0;sBELA0;? Unchecked;v1.6.0-140-g9a10cc1
roadmap;dimacs;19/1;1;   3494933;   2858057;0;2634;14815641;3205736;1;8828;5.8933;543963;0;0;sBELA0;? Unchecked;v1.6.0-140-g9a10cc1
roadmap;dimacs;20/1;1;    181323;    301703;0;2403;10476956;2337728;1;8828;4.17902;559396;0;0;sBELA0;? Unchecked;v1.6.0-140-g9a10cc1
roadmap;dimacs;21/1;1;   3315543;   4157337;0;3467;18996346;5815693;1;8828;10.5747;549963;0;0;sBELA0;? Unchecked;v1.6.0-140-g9a10cc1
roadmap;dimacs;22/1;1;   3908941;   5345394;0;4816;26973067;6228983;1;8902;11.5937;537275;0;0;sBELA0;? Unchecked;v1.6.0-140-g9a10cc1
roadmap;dimacs;23/1;1;   5242371;   4655349;0;1813;11130875;1841493;1;8902;3.36636;547029;0;0;sBELA0;? Unchecked;v1.6.0-140-g9a10cc1
roadmap;dimacs;24/1;1;   4961834;   2356084;0;2642;10622813;2009289;1;8902;3.80662;527841;0;0;sBELA0;? Unchecked;v1.6.0-140-g9a10cc1
roadmap;dimacs;25/1;1;   1035769;   4238789;0;3658;16540696;3509551;1;8902;6.42295;546408;0;0;sBELA0;? Unchecked;v1.6.0-140-g9a10cc1
roadmap;dimacs;26/1;1;   5543425;   3773681;0;1167;7412142;1273411;1;8902;2.22957;571148;0;0;sBELA0;? Unchecked;v1.6.0-140-g9a10cc1
roadmap;dimacs;27/1;1;   4268952;    369310;0;2766;12778648;2553425;1;8902;4.57269;558408;0;0;sBELA0;? Unchecked;v1.6.0-140-g9a10cc1
roadmap;dimacs;28/1;1;   3974048;   3829589;0;591;1086366;187647;1;8902;0.32513;577144;0;0;sBELA0;? Unchecked;v1.6.0-140-g9a10cc1
roadmap;dimacs;29/1;1;    294053;   1013690;0;2460;14275766;4045486;1;8902;6.92205;584435;0;0;sBELA0;? Unchecked;v1.6.0-140-g9a10cc1
roadmap;dimacs;30/1;1;   3379186;   5160800;0;2426;10391009;1839984;1;8902;3.37973;544417;0;0;sBELA0;? Unchecked;v1.6.0-140-g9a10cc1
roadmap;dimacs;31/1;1;   4901574;   3976463;0;3704;18642269;3536335;1;8902;6.86807;514895;0;0;sBELA0;? Unchecked;v1.6.0-140-g9a10cc1
roadmap;dimacs;32/1;1;   3401397;   2920525;0;2371;9286565;1802970;1;8902;3.29768;546738;0;0;sBELA0;? Unchecked;v1.6.0-140-g9a10cc1
roadmap;dimacs;33/1;1;   1580614;   2113646;0;1651;7681526;1946086;1;8902;3.18678;610675;0;0;sBELA0;? Unchecked;v1.6.0-140-g9a10cc1
roadmap;dimacs;34/1;1;   3461643;   2595916;0;2543;14183157;1468944;1;8902;2.85607;514324;0;0;sBELA0;? Unchecked;v1.6.0-140-g9a10cc1
roadmap;dimacs;35/1;1;   1972302;   2243773;0;2930;15270172;4156297;1;8902;7.40875;560999;0;0;sBELA0;? Unchecked;v1.6.0-140-g9a10cc1
roadmap;dimacs;36/1;1;   5635363;   1260073;0;4176;21538313;4713637;1;8902;8.57479;549709;0;0;sBELA0;? Unchecked;v1.6.0-140-g9a10cc1
roadmap;dimacs;37/1;1;     70522;   3752891;0;1512;7146147;1656977;1;8902;2.95225;561259;0;0;sBELA0;? Unchecked;v1.6.0-140-g9a10cc1
roadmap;dimacs;38/1;1;   1531608;   3855627;0;2208;8119624;2012708;1;8902;3.39594;592681;0;0;sBELA0;? Unchecked;v1.6.0-140-g9a10cc1
roadmap;dimacs;39/1;1;   1273069;   1293225;0;898;2270017;488797;1;8902;0.838485;582953;0;0;sBELA0;? Unchecked;v1.6.0-140-g9a10cc1
roadmap;dimacs;40/1;1;    343255;   3167742;0;1441;10348963;2857298;1;8902;4.97046;574855;0;0;sBELA0;? Unchecked;v1.6.0-140-g9a10cc1
roadmap;dimacs;41/1;1;   2036708;   4028423;0;4324;18850067;5859264;1;8902;10.6521;550057;0;0;sBELA0;? Unchecked;v1.6.0-140-g9a10cc1
roadmap;dimacs;42/1;1;   2450928;   3040803;0;3572;14485408;3776214;1;8902;6.49831;581107;0;0;sBELA0;? Unchecked;v1.6.0-140-g9a10cc1
roadmap;dimacs;43/1;1;   3872326;    927199;0;3308;18777138;4695435;1;8902;8.83667;531358;0;0;sBELA0;? Unchecked;v1.6.0-140-g9a10cc1
roadmap;dimacs;44/1;1;    787505;   5832579;0;2338;7666027;1702161;1;8902;2.95429;576165;0;0;sBELA0;? Unchecked;v1.6.0-140-g9a10cc1
roadmap;dimacs;45/1;1;   4694806;   1706582;0;1943;7741341;1976303;1;8902;3.47266;569103;0;0;sBELA0;? Unchecked;v1.6.0-140-g9a10cc1
roadmap;dimacs;46/1;1;    554299;   5975460;0;3318;17931378;5330840;1;8902;9.71399;548780;0;0;sBELA0;? Unchecked;v1.6.0-140-g9a10cc1
roadmap;dimacs;47/1;1;   4581127;    717795;0;1849;9567367;2627913;1;8902;5.2433;501194;0;0;sBELA0;? Unchecked;v1.6.0-140-g9a10cc1
roadmap;dimacs;48/1;1;   3064769;    215062;0;3039;15625618;3127157;1;8902;5.90835;529277;0;0;sBELA0;? Unchecked;v1.6.0-140-g9a10cc1
roadmap;dimacs;49/1;1;   6261467;   1869006;0;3895;20052469;6054175;1;8902;11.6138;521291;0;0;sBELA0;? Unchecked;v1.6.0-140-g9a10cc1
roadmap;dimacs;50/1;1;   1085538;    780207;0;2250;11739063;3755665;1;8902;7.01148;535645;0;0;sBELA0;? Unchecked;v1.6.0-140-g9a10cc1
roadmap;dimacs;51/1;1;   6240682;   3040367;0;2847;13833130;5152278;1;8902;9.5966;536886;0;0;sBELA0;? Unchecked;v1.6.0-140-g9a10cc1
roadmap;dimacs;52/1;1;   6006351;   2224869;0;2516;7874552;1297280;1;8902;2.14181;605694;0;0;sBELA0;? Unchecked;v1.6.0-140-g9a10cc1
roadmap;dimacs;53/1;1;    508211;   5490672;0;2062;12054214;2999404;1;8902;5.6984;526359;0;0;sBELA0;? Unchecked;v1.6.0-140-g9a10cc1
roadmap;dimacs;54/1;1;    851471;   4412887;0;3298;17634432;5231438;1;8902;9.5935;545311;0;0;sBELA0;? Unchecked;v1.6.0-140-g9a10cc1
roadmap;dimacs;55/1;1;   1574156;   4529788;0;3461;15404816;3947065;1;8902;6.88924;572932;0;0;sBELA0;? Unchecked;v1.6.0-140-g9a10cc1
roadmap;dimacs;56/1;1;   2368242;   3295502;0;2933;17302442;5413857;1;8902;10.0089;540904;0;0;sBELA0;? Unchecked;v1.6.0-140-g9a10cc1
roadmap;dimacs;57/1;1;   5103576;    302904;0;3792;14559400;2910874;1;8902;5.25938;553463;0;0;sBELA0;? Unchecked;v1.6.0-140-g9a10cc1
roadmap;dimacs;58/1;1;   3951955;    573471;0;3362;14997404;3671964;1;8902;6.61486;555109;0;0;sBELA0;? Unchecked;v1.6.0-140-g9a10cc1
roadmap;dimacs;59/1;1;    367593;   3203334;0;1792;10534927;2602780;1;8902;4.68127;555999;0;0;sBELA0;? Unchecked;v1.6.0-140-g9a10cc1
roadmap;dimacs;60/1;1;   1691460;   5850252;0;5005;17713413;5327106;1;8902;9.87968;539198;0;0;sBELA0;? Unchecked;v1.6.0-140-g9a10cc1
roadmap;dimacs;61/1;1;   2246743;   5790235;0;3508;11316598;2989489;1;8902;5.85315;510749;0;0;sBELA0;? Unchecked;v1.6.0-140-g9a10cc1
roadmap;dimacs;62/1;1;   1594081;   2684037;0;3634;19880600;6023299;1;8902;11.4089;527947;0;0;sBELA0;? Unchecked;v1.6.0-140-g9a10cc1
roadmap;dimacs;63/1;1;   3082704;   2876577;0;3629;19706242;4256917;1;8902;8.4534;503575;0;0;sBELA0;? Unchecked;v1.6.0-140-g9a10cc1
roadmap;dimacs;64/1;1;   5912922;    651978;0;3677;17410803;3671681;1;8902;7.10582;516715;0;0;sBELA0;? Unchecked;v1.6.0-140-g9a10cc1
roadmap;dimacs;65/1;1;   1688634;    523217;0;639;1739331;344468;1;8902;0.55537;620249;0;0;sBELA0;? Unchecked;v1.6.0-140-g9a10cc1
roadmap;dimacs;66/1;1;    539319;   3974427;0;3772;14527451;3713333;1;8902;6.58606;563817;0;0;sBELA0;? Unchecked;v1.6.0-140-g9a10cc1
roadmap;dimacs;67/1;1;   4094198;   2717153;0;1469;10586286;1619482;1;8902;3.29437;491591;0;0;sBELA0;? Unchecked;v1.6.0-140-g9a10cc1
roadmap;dimacs;68/1;1;    833395;   4272795;0;2302;12805208;3630342;1;8902;6.61584;548735;0;0;sBELA0;? Unchecked;v1.6.0-140-g9a10cc1
roadmap;dimacs;69/1;1;    217264;   4320040;0;2356;15906642;4516699;1;8902;8.1988;550897;0;0;sBELA0;? Unchecked;v1.6.0-140-g9a10cc1
roadmap;dimacs;70/1;1;   2014775;   3232619;0;3024;13924958;4238808;1;8902;7.99546;530152;0;0;sBELA0;? Unchecked;v1.6.0-140-g9a10cc1
roadmap;dimacs;71/1;1;   5960148;   3979553;0;1453;5968339;904714;1;8902;1.59889;565838;0;0;sBELA0;? Unchecked;v1.6.0-140-g9a10cc1
roadmap;dimacs;72/1;1;   3583772;   3923180;0;3489;20007567;5052170;1;8902;9.69195;521275;0;0;sBELA0;? Unchecked;v1.6.0-140-g9a10cc1
roadmap;dimacs;73/1;1;   5525796;    209527;0;1071;4982580;712461;1;8902;1.34041;531526;0;0;sBELA0;? Unchecked;v1.6.0-140-g9a10cc1
roadmap;dimacs;74/1;1;    973158;   4821763;0;3735;19631044;5959419;1;8902;10.8862;547427;0;0;sBELA0;? Unchecked;v1.6.0-140-g9a10cc1
roadmap;dimacs;75/1;1;   3296732;   4674091;0;2869;14060838;2762385;1;8902;5.2923;521963;0;0;sBELA0;? Unchecked;v1.6.0-140-g9a10cc1
roadmap;dimacs;76/1;1;   4786486;   5170674;0;573;2566241;364647;1;8902;0.65013;560883;0;0;sBELA0;? Unchecked;v1.6.0-140-g9a10cc1
roadmap;dimacs;77/1;1;   2208885;   2401432;0;1481;5557722;1081107;1;8902;1.97013;548750;0;0;sBELA0;? Unchecked;v1.6.0-140-g9a10cc1
roadmap;dimacs;78/1;1;   4790473;   3438138;0;4047;23327731;5661236;1;8902;10.2574;551919;0;0;sBELA0;? Unchecked;v1.6.0-140-g9a10cc1
roadmap;dimacs;79/1;1;   3280776;   5251838;0;1346;7481259;979182;1;8902;1.80377;542852;0;0;sBELA0;? Unchecked;v1.6.0-140-g9a10cc1
roadmap;dimacs;80/1;1;   3994418;   5818995;0;852;3007203;464022;1;8902;0.762417;608619;0;0;sBELA0;? Unchecked;v1.6.0-140-g9a10cc1
roadmap;dimacs;81/1;1;   4879096;   3557810;0;5492;25822789;5879142;1;8902;10.4724;561394;0;0;sBELA0;? Unchecked;v1.6.0-140-g9a10cc1
roadmap;dimacs;82/1;1;   3103038;   3187215;0;3948;19507434;4596795;1;8902;9.03799;508608;0;0;sBELA0;? Unchecked;v1.6.0-140-g9a10cc1
roadmap;dimacs;83/1;1;   4201985;   4810591;0;3431;20139311;5578409;1;8902;10.3751;537673;0;0;sBELA0;? Unchecked;v1.6.0-140-g9a10cc1
roadmap;dimacs;84/1;1;   6144459;   1567853;0;3185;17553509;4881273;1;8902;9.53807;511767;0;0;sBELA0;? Unchecked;v1.6.0-140-g9a10cc1
roadmap;dimacs;85/1;1;   2159995;   5603476;0;3105;17972983;5269484;1;8902;10.2456;514315;0;0;sBELA0;? Unchecked;v1.6.0-140-g9a10cc1
roadmap;dimacs;86/1;1;   2176184;    506799;0;2379;11346907;2836943;1;8902;5.38041;527273;0;0;sBELA0;? Unchecked;v1.6.0-140-g9a10cc1
roadmap;dimacs;87/1;1;   3802848;   5404302;0;2633;13752431;2537740;1;8902;5.00626;506914;0;0;sBELA0;? Unchecked;v1.6.0-140-g9a10cc1
roadmap;dimacs;88/1;1;   1259137;   5623104;0;3371;19301060;5835934;1;8902;10.8422;538259;0;0;sBELA0;? Unchecked;v1.6.0-140-g9a10cc1
roadmap;dimacs;89/1;1;   2820263;   1434973;0;2468;10792576;3320882;1;8902;6.71347;494660;0;0;sBELA0;? Unchecked;v1.6.0-140-g9a10cc1
roadmap;dimacs;90/1;1;   4524729;      4104;0;1630;6647118;1393678;1;8902;2.66379;523194;0;0;sBELA0;? Unchecked;v1.6.0-140-g9a10cc1
roadmap;dimacs;91/1;1;   3667456;   4070555;0;860;5644630;1105808;1;8902;2.18767;505472;0;0;sBELA0;? Unchecked;v1.6.0-140-g9a10cc1
roadmap;dimacs;92/1;1;   1154079;   5856700;0;3625;21044613;6030394;1;8902;11.6049;519644;0;0;sBELA0;? Unchecked;v1.6.0-140-g9a10cc1
roadmap;dimacs;93/1;1;   4698390;   2397670;0;1393;3589185;611631;1;8902;1.0249;596771;0;0;sBELA0;? Unchecked;v1.6.0-140-g9a10cc1
roadmap;dimacs;94/1;1;   3506761;   4717549;0;3769;16478249;4490562;1;8902;8.46881;530247;0;0;sBELA0;? Unchecked;v1.6.0-140-g9a10cc1
roadmap;dimacs;95/1;1;   5875928;   3634686;0;4291;19051916;4834756;1;8902;9.21122;524877;0;0;sBELA0;? Unchecked;v1.6.0-140-g9a10cc1
roadmap;dimacs;96/1;1;   3632274;   4634758;0;1826;9534425;2366798;1;8902;4.7741;495758;0;0;sBELA0;? Unchecked;v1.6.0-140-g9a10cc1
roadmap;dimacs;97/1;1;   3762084;   1813719;0;972;4279501;633523;1;8902;1.23332;513672;0;0;sBELA0;? Unchecked;v1.6.0-140-g9a10cc1
roadmap;dimacs;98/1;1;    935811;   1640005;0;3118;15506249;3821396;1;8902;7.12202;536561;0;0;sBELA0;? Unchecked;v1.6.0-140-g9a10cc1
roadmap;dimacs;99/1;1;   2212088;   5403161;0;1421;8831208;2090210;1;8902;3.901;535814;0;0;sBELA0;? Unchecked;v1.6.0-140-g9a10cc1
roadmap;dimacs;0/5;5;   4320996;   3421432;0;1087;6670206;887792;3;8902;1.71569;517456;0;0;sBELA0;? Unchecked;v1.6.0-140-g9a10cc1
roadmap;dimacs;1/5;5;   2710066;    136691;0;3416;19652589;4285745;1;8736;8.51616;503249;0;0;sBELA0;? Unchecked;v1.6.0-140-g9a10cc1
roadmap;dimacs;2/5;5;   4833717;    720610;0;2108;10104405;2663189;6;8736;5.08199;524044;0;0;sBELA0;? Unchecked;v1.6.0-140-g9a10cc1
roadmap;dimacs;3/5;5;   2142831;   2373369;0;1035;5387294;923911;5;8736;1.703;542520;0;0;sBELA0;? Unchecked;v1.6.0-140-g9a10cc1
roadmap;dimacs;4/5;5;    553927;   6184741;0;2873;16021855;4502575;7;8736;8.08341;557014;0;0;sBELA0;? Unchecked;v1.6.0-140-g9a10cc1
roadmap;dimacs;5/5;5;   4290512;   3848681;0;2543;13330718;4141638;5;8736;7.77248;532859;0;0;sBELA0;? Unchecked;v1.6.0-140-g9a10cc1
roadmap;dimacs;6/5;5;   5084840;   5961415;0;3360;13573527;5235908;4;8736;9.77235;535788;0;0;sBELA0;? Unchecked;v1.6.0-140-g9a10cc1
roadmap;dimacs;7/5;5;   4846384;    101177;0;3061;17388278;4975241;5;8736;9.39756;529418;0;0;sBELA0;? Unchecked;v1.6.0-140-g9a10cc1
roadmap;dimacs;8/5;5;   4520980;    965983;0;1701;8453023;1597034;1;8736;3.29507;484674;0;0;sBELA0;? Unchecked;v1.6.0-140-g9a10cc1
roadmap;dimacs;9/5;5;   5487394;   5045506;0;3621;17334325;6217780;2;9098;12.5487;495492;0;0;sBELA0;? Unchecked;v1.6.0-140-g9a10cc1
roadmap;dimacs;10/5;5;   1926823;    854459;0;736;3116591;788731;3;9098;1.31694;598914;0;0;sBELA0;? Unchecked;v1.6.0-140-g9a10cc1
roadmap;dimacs;11/5;5;   3088686;   2457940;0;1454;9247914;1014150;5;9098;2.14278;473288;0;0;sBELA0;? Unchecked;v1.6.0-140-g9a10cc1
roadmap;dimacs;12/5;5;   1991621;   6102039;0;1168;3919729;481874;5;9098;0.822746;585690;0;0;sBELA0;? Unchecked;v1.6.0-140-g9a10cc1
roadmap;dimacs;13/5;5;   1679479;   3135970;0;2559;13105183;3810575;2;9098;6.99991;544375;0;0;sBELA0;? Unchecked;v1.6.0-140-g9a10cc1
roadmap;dimacs;14/5;5;   1063830;   4654604;0;1627;8671622;2218904;5;9098;4.48024;495264;0;0;sBELA0;? Unchecked;v1.6.0-140-g9a10cc1
roadmap;dimacs;15/5;5;   6224466;   1240446;0;2245;11870577;3204189;3;9098;6.23713;513728;0;0;sBELA0;? Unchecked;v1.6.0-140-g9a10cc1
roadmap;dimacs;16/5;5;   2418674;   4452024;0;2927;18598150;5098550;5;9098;9.50396;536466;0;0;sBELA0;? Unchecked;v1.6.0-140-g9a10cc1
roadmap;dimacs;17/5;5;   4931603;   4141462;0;537;2204096;196264;3;9098;0.407856;481209;0;0;sBELA0;? Unchecked;v1.6.0-140-g9a10cc1
roadmap;dimacs;18/5;5;   5574074;   4243473;0;880;3358403;277951;7;9098;0.486601;571209;0;0;sBELA0;? Unchecked;v1.6.0-140-g9a10cc1
roadmap;dimacs;19/5;5;   3494933;   2858057;0;2634;14815651;3205740;5;9098;6.19989;517064;0;0;sBELA0;? Unchecked;v1.6.0-140-g9a10cc1
roadmap;dimacs;20/5;5;    181323;    301703;0;2407;10476957;2337728;3;9098;4.45688;524521;0;0;sBELA0;? Unchecked;v1.6.0-140-g9a10cc1
roadmap;dimacs;21/5;5;   3315543;   4157337;0;3468;18996349;5815693;3;9098;10.8052;538230;0;0;sBELA0;? Unchecked;v1.6.0-140-g9a10cc1
roadmap;dimacs;22/5;5;   3908941;   5345394;0;4817;26973073;6228983;5;9098;11.6728;533634;0;0;sBELA0;? Unchecked;v1.6.0-140-g9a10cc1
roadmap;dimacs;23/5;5;   5242371;   4655349;0;1815;11130898;1841496;5;9098;3.62505;507992;0;0;sBELA0;? Unchecked;v1.6.0-140-g9a10cc1
roadmap;dimacs;24/5;5;   4961834;   2356084;0;2643;10622816;2009289;3;9098;4.07635;492913;0;0;sBELA0;? Unchecked;v1.6.0-140-g9a10cc1
roadmap;dimacs;25/5;5;   1035769;   4238789;0;3656;16540701;3509554;5;9098;6.74815;520077;0;0;sBELA0;? Unchecked;v1.6.0-140-g9a10cc1
roadmap;dimacs;26/5;5;   5543425;   3773681;0;1166;7412218;1273451;5;9098;2.35853;539933;0;0;sBELA0;? Unchecked;v1.6.0-140-g9a10cc1
roadmap;dimacs;27/5;5;   4268952;    369310;0;2767;12778649;2553426;5;9098;4.83613;527990;0;0;sBELA0;? Unchecked;v1.6.0-140-g9a10cc1
roadmap;dimacs;28/5;5;   3974048;   3829589;0;591;1086370;187647;4;9098;0.330777;567291;0;0;sBELA0;? Unchecked;v1.6.0-140-g9a10cc1
roadmap;dimacs;29/5;5;    294053;   1013690;0;2461;14275776;4045491;5;9098;7.20759;561282;0;0;sBELA0;? Unchecked;v1.6.0-140-g9a10cc1
roadmap;dimacs;30/5;5;   3379186;   5160800;0;2427;10391014;1839988;4;9098;3.66177;502486;0;0;sBELA0;? Unchecked;v1.6.0-140-g9a10cc1
roadmap;dimacs;31/5;5;   4901574;   3976463;0;3704;18642269;3536335;1;9098;7.14336;495052;0;0;sBELA0;? Unchecked;v1.6.0-140-g9a10cc1
roadmap;dimacs;32/5;5;   3401397;   2920525;0;2374;9286566;1802970;2;9098;3.53354;510245;0;0;sBELA0;? Unchecked;v1.6.0-140-g9a10cc1
roadmap;dimacs;33/5;5;   1580614;   2113646;0;1651;7681528;1946086;2;9098;3.41752;569443;0;0;sBELA0;? Unchecked;v1.6.0-140-g9a10cc1
roadmap;dimacs;34/5;5;   3461643;   2595916;0;2544;14183165;1468945;5;9098;3.04254;482802;0;0;sBELA0;? Unchecked;v1.6.0-140-g9a10cc1
roadmap;dimacs;35/5;5;   1972302;   2243773;0;2931;15270194;4156305;5;9098;7.68561;540790;0;0;sBELA0;? Unchecked;v1.6.0-140-g9a10cc1
roadmap;dimacs;36/5;5;   5635363;   1260073;0;4178;21538322;4713640;5;9098;8.87889;530882;0;0;sBELA0;? Unchecked;v1.6.0-140-g9a10cc1
roadmap;dimacs;37/5;5;     70522;   3752891;0;1512;7146167;1656981;5;9098;3.09301;535719;0;0;sBELA0;? Unchecked;v1.6.0-140-g9a10cc1
roadmap;dimacs;38/5;5;   1531608;   3855627;0;2208;8119630;2012710;5;9098;3.59943;559175;0;0;sBELA0;? Unchecked;v1.6.0-140-g9a10cc1
roadmap;dimacs;39/5;5;   1273069;   1293225;0;897;2270047;488802;6;9098;0.834678;585617;0;0;sBELA0;? Unchecked;v1.6.0-140-g9a10cc1
roadmap;dimacs;40/5;5;    343255;   3167742;0;1441;10348997;2857314;5;9098;5.1922;550308;0;0;sBELA0;? Unchecked;v1.6.0-140-g9a10cc1
roadmap;dimacs;41/5;5;   2036708;   4028423;0;4324;18850076;5859267;5;9098;10.9698;534126;0;0;sBELA0;? Unchecked;v1.6.0-140-g9a10cc1
roadmap;dimacs;42/5;5;   2450928;   3040803;0;3573;14485409;3776214;3;9098;6.72595;561439;0;0;sBELA0;? Unchecked;v1.6.0-140-g9a10cc1
roadmap;dimacs;43/5;5;   3872326;    927199;0;3306;18777147;4695442;5;9098;9.0112;521068;0;0;sBELA0;? Unchecked;v1.6.0-140-g9a10cc1
roadmap;dimacs;44/5;5;    787505;   5832579;0;2335;7666029;1702162;5;9098;3.14041;542019;0;0;sBELA0;? Unchecked;v1.6.0-140-g9a10cc1
roadmap;dimacs;45/5;5;   4694806;   1706582;0;1944;7741347;1976311;4;9098;3.63979;542974;0;0;sBELA0;? Unchecked;v1.6.0-140-g9a10cc1
roadmap;dimacs;46/5;5;    554299;   5975460;0;3319;17931385;5330845;8;9098;9.86565;540344;0;0;sBELA0;? Unchecked;v1.6.0-140-g9a10cc1
roadmap;dimacs;47/5;5;   4581127;    717795;0;1850;9567375;2627918;5;9098;5.28215;497509;0;0;sBELA0;? Unchecked;v1.6.0-140-g9a10cc1
roadmap;dimacs;48/5;5;   3064769;    215062;0;3038;15625619;3127157;3;9098;6.08225;514145;0;0;sBELA0;? Unchecked;v1.6.0-140-g9a10cc1
roadmap;dimacs;49/5;5;   6261467;   1869006;0;3896;20052470;6054176;3;9098;11.812;512544;0;0;sBELA0;? Unchecked;v1.6.0-140-g9a10cc1
roadmap;dimacs;50/5;5;   1085538;    780207;0;2250;11739063;3755665;1;9098;7.24396;518454;0;0;sBELA0;? Unchecked;v1.6.0-140-g9a10cc1
roadmap;dimacs;51/5;5;   6240682;   3040367;0;2847;13833152;5152290;5;9098;9.75646;528090;0;0;sBELA0;? Unchecked;v1.6.0-140-g9a10cc1
roadmap;dimacs;52/5;5;   6006351;   2224869;0;2511;7874553;1297280;2;9098;2.21678;585210;0;0;sBELA0;? Unchecked;v1.6.0-140-g9a10cc1
roadmap;dimacs;53/5;5;    508211;   5490672;0;2062;12054215;2999405;3;9098;5.74495;522094;0;0;sBELA0;? Unchecked;v1.6.0-140-g9a10cc1
roadmap;dimacs;54/5;5;    851471;   4412887;0;3298;17634436;5231439;5;9098;9.70892;538828;0;0;sBELA0;? Unchecked;v1.6.0-140-g9a10cc1
roadmap;dimacs;55/5;5;   1574156;   4529788;0;3462;15404816;3947065;1;9098;6.99204;564509;0;0;sBELA0;? Unchecked;v1.6.0-140-g9a10cc1
roadmap;dimacs;56/5;5;   2368242;   3295502;0;2934;17302459;5413865;9;9098;10.0788;537155;0;0;sBELA0;? Unchecked;v1.6.0-140-g9a10cc1
roadmap;dimacs;57/5;5;   5103576;    302904;0;3793;14559402;2910874;5;9098;5.28283;551006;0;0;sBELA0;? Unchecked;v1.6.0-140-g9a10cc1
roadmap;dimacs;58/5;5;   3951955;    573471;0;3362;14997406;3671964;3;9098;6.62947;553885;0;0;sBELA0;? Unchecked;v1.6.0-140-g9a10cc1
roadmap;dimacs;59/5;5;    367593;   3203334;0;1792;10534948;2602787;5;9098;4.81104;541003;0;0;sBELA0;? Unchecked;v1.6.0-140-g9a10cc1
roadmap;dimacs;60/5;5;   1691460;   5850252;0;5005;17713413;5327106;1;9098;9.96856;534391;0;0;sBELA0;? Unchecked;v1.6.0-140-g9a10cc1
roadmap;dimacs;61/5;5;   2246743;   5790235;0;3505;11316600;2989489;5;9098;5.86206;509973;0;0;sBELA0;? Unchecked;v1.6.0-140-g9a10cc1
roadmap;dimacs;62/5;5;   1594081;   2684037;0;3635;19880601;6023299;3;9098;11.4586;525655;0;0;sBELA0;? Unchecked;v1.6.0-140-g9a10cc1
roadmap;dimacs;63/5;5;   3082704;   2876577;0;3632;19706246;4256918;5;9098;8.55712;497471;0;0;sBELA0;? Unchecked;v1.6.0-140-g9a10cc1
roadmap;dimacs;64/5;5;   5912922;    651978;0;3677;17410805;3671681;2;9098;7.10596;516705;0;0;sBELA0;? Unchecked;v1.6.0-140-g9a10cc1
roadmap;dimacs;65/5;5;   1688634;    523217;0;639;1739423;344542;8;9098;0.556874;618707;0;0;sBELA0;? Unchecked;v1.6.0-140-g9a10cc1
roadmap;dimacs;66/5;5;    539319;   3974427;0;3773;14527451;3713333;1;9098;6.61346;561481;0;0;sBELA0;? Unchecked;v1.6.0-140-g9a10cc1
roadmap;dimacs;67/5;5;   4094198;   2717153;0;1469;10586302;1619486;5;9098;3.37351;480059;0;0;sBELA0;? Unchecked;v1.6.0-140-g9a10cc1
roadmap;dimacs;68/5;5;    833395;   4272795;0;2303;12805209;3630343;5;9098;6.66465;544716;0;0;sBELA0;? Unchecked;v1.6.0-140-g9a10cc1
roadmap;dimacs;69/5;5;    217264;   4320040;0;2357;15906672;4516706;3;9098;8.29632;544423;0;0;sBELA0;? Unchecked;v1.6.0-140-g9a10cc1
roadmap;dimacs;70/5;5;   2014775;   3232619;0;3023;13924964;4238810;3;9098;8.13095;521318;0;0;sBELA0;? Unchecked;v1.6.0-140-g9a10cc1
roadmap;dimacs;71/5;5;   5960148;   3979553;0;1455;5968369;904727;5;9098;1.64219;550926;0;0;sBELA0;? Unchecked;v1.6.0-140-g9a10cc1
roadmap;dimacs;72/5;5;   3583772;   3923180;0;3491;20007574;5052172;5;9098;9.77282;516961;0;0;sBELA0;? Unchecked;v1.6.0-140-g9a10cc1
roadmap;dimacs;73/5;5;   5525796;    209527;0;1072;4982602;712466;5;9098;1.34833;528406;0;0;sBELA0;? Unchecked;v1.6.0-140-g9a10cc1
roadmap;dimacs;74/5;5;    973158;   4821763;0;3733;19631053;5959429;5;9098;10.9503;544224;0;0;sBELA0;? Unchecked;v1.6.0-140-g9a10cc1
roadmap;dimacs;75/5;5;   3296732;   4674091;0;2870;14060839;2762385;3;9098;5.33643;517647;0;0;sBELA0;? Unchecked;v1.6.0-140-g9a10cc1
roadmap;dimacs;76/5;5;   4786486;   5170674;0;574;2566322;364661;5;9098;0.653706;557837;0;0;sBELA0;? Unchecked;v1.6.0-140-g9a10cc1
roadmap;dimacs;77/5;5;   2208885;   2401432;0;1480;5557748;1081115;5;9098;2.02129;534863;0;0;sBELA0;? Unchecked;v1.6.0-140-g9a10cc1
roadmap;dimacs;78/5;5;   4790473;   3438138;0;4047;23327733;5661236;5;9098;10.3222;548453;0;0;sBELA0;? Unchecked;v1.6.0-140-g9a10cc1
roadmap;dimacs;79/5;5;   3280776;   5251838;0;1345;7481263;979182;5;9098;1.88887;518396;0;0;sBELA0;? Unchecked;v1.6.0-140-g9a10cc1
roadmap;dimacs;80/5;5;   3994418;   5818995;0;852;3007212;464023;2;9098;0.760638;610045;0;0;sBELA0;? Unchecked;v1.6.0-140-g9a10cc1
roadmap;dimacs;81/5;5;   4879096;   3557810;0;5494;25822791;5879142;3;9098;10.5428;557644;0;0;sBELA0;? Unchecked;v1.6.0-140-g9a10cc1
roadmap;dimacs;82/5;5;   3103038;   3187215;0;3949;19507438;4596796;3;9098;9.05345;507740;0;0;sBELA0;? Unchecked;v1.6.0-140-g9a10cc1
roadmap;dimacs;83/5;5;   4201985;   4810591;0;3432;20139313;5578411;3;9098;10.4252;535090;0;0;sBELA0;? Unchecked;v1.6.0-140-g9a10cc1
roadmap;dimacs;84/5;5;   6144459;   1567853;0;3186;17553512;4881274;3;9098;9.47778;515023;0;0;sBELA0;? Unchecked;v1.6.0-140-g9a10cc1
roadmap;dimacs;85/5;5;   2159995;   5603476;0;3105;17972986;5269486;3;9098;10.2162;515796;0;0;sBELA0;? Unchecked;v1.6.0-140-g9a10cc1
roadmap;dimacs;86/5;5;   2176184;    506799;0;2378;11346908;2836943;2;9098;5.4148;523924;0;0;sBELA0;? Unchecked;v1.6.0-140-g9a10cc1
roadmap;dimacs;87/5;5;   3802848;   5404302;0;2633;13752433;2537741;3;9098;5.02261;505264;0;0;sBELA0;? Unchecked;v1.6.0-140-g9a10cc1
roadmap;dimacs;88/5;5;   1259137;   5623104;0;3372;19301061;5835934;2;9098;10.8256;539086;0;0;sBELA0;? Unchecked;v1.6.0-140-g9a10cc1
roadmap;dimacs;89/5;5;   2820263;   1434973;0;2469;10792580;3320884;3;9098;6.75387;491701;0;0;sBELA0;? Unchecked;v1.6.0-140-g9a10cc1
roadmap;dimacs;90/5;5;   4524729;      4104;0;1634;6647138;1393683;3;9098;2.74112;508435;0;0;sBELA0;? Unchecked;v1.6.0-140-g9a10cc1
roadmap;dimacs;91/5;5;   3667456;   4070555;0;861;5644672;1105832;5;9098;2.2472;492093;0;0;sBELA0;? Unchecked;v1.6.0-140-g9a10cc1
roadmap;dimacs;92/5;5;   1154079;   5856700;0;3625;21044619;6030395;3;9098;11.5973;519985;0;0;sBELA0;? Unchecked;v1.6.0-140-g9a10cc1
roadmap;dimacs;93/5;5;   4698390;   2397670;0;1394;3589189;611632;3;9098;1.07531;568797;0;0;sBELA0;? Unchecked;v1.6.0-140-g9a10cc1
roadmap;dimacs;94/5;5;   3506761;   4717549;0;3767;16478265;4490576;5;9098;8.56856;524076;0;0;sBELA0;? Unchecked;v1.6.0-140-g9a10cc1
roadmap;dimacs;95/5;5;   5875928;   3634686;0;4293;19051919;4834756;2;9098;9.25367;522469;0;0;sBELA0;? Unchecked;v1.6.0-140-g9a10cc1
roadmap;dimacs;96/5;5;   3632274;   4634758;0;1827;9534462;2366814;5;9098;4.83436;489582;0;0;sBELA0;? Unchecked;v1.6.0-140-g9a10cc1
roadmap;dimacs;97/5;5;   3762084;   1813719;0;974;4279523;633535;6;9098;1.25457;504980;0;0;sBELA0;? Unchecked;v1.6.0-140-g9a10cc1
roadmap;dimacs;98/5;5;    935811;   1640005;0;3118;15506249;3821396;1;9098;7.14251;535022;0;0;sBELA0;? Unchecked;v1.6.0-140-g9a10cc1
roadmap;dimacs;99/5;5;   2212088;   5403161;0;1421;8831270;2090225;6;9098;3.97419;525949;0;0;sBELA0;? Unchecked;v1.6.0-140-g9a10cc1
roadmap;dimacs;0/10;10;   4320996;   3421432;0;1089;6670217;887797;5;8897;1.66719;532510;0;0;sBELA0;? Unchecked;v1.6.0-140-g9a10cc1
roadmap;dimacs;1/10;10;   2710066;    136691;0;3417;19652590;4285746;2;8897;8.53996;501846;0;0;sBELA0;? Unchecked;v1.6.0-140-g9a10cc1
roadmap;dimacs;2/10;10;   4833717;    720610;0;2110;10104410;2663193;11;8897;5.09292;522920;0;0;sBELA0;? Unchecked;v1.6.0-140-g9a10cc1
roadmap;dimacs;3/10;10;   2142831;   2373369;0;1033;5387313;923920;13;8897;1.75445;526614;0;0;sBELA0;? Unchecked;v1.6.0-140-g9a10cc1
roadmap;dimacs;4/10;10;    553927;   6184741;0;2875;16021869;4502579;15;8897;8.06513;558277;0;0;sBELA0;? Unchecked;v1.6.0-140-g9a10cc1
roadmap;dimacs;5/10;10;   4290512;   3848681;0;2544;13330732;4141652;9;8897;7.78905;531728;0;0;sBELA0;? Unchecked;v1.6.0-140-g9a10cc1
roadmap;dimacs;6/10;10;   5084840;   5961415;0;3364;13573565;5235926;18;8897;9.80147;534198;0;0;sBELA0;? Unchecked;v1.6.0-140-g9a10cc1
roadmap;dimacs;7/10;10;   4846384;    101177;0;3062;17388281;4975241;9;8897;9.50518;523424;0;0;sBELA0;? Unchecked;v1.6.0-140-g9a10cc1
roadmap;dimacs;8/10;10;   4520980;    965983;0;1703;8453027;1597037;2;8897;3.37504;473191;0;0;sBELA0;? Unchecked;v1.6.0-140-g9a10cc1
roadmap;dimacs;9/10;10;   5487394;   5045506;0;3621;17334325;6217780;3;9103;12.5204;496612;0;0;sBELA0;? Unchecked;v1.6.0-140-g9a10cc1
roadmap;dimacs;10/10;10;   1926823;    854459;0;733;3116605;788731;5;9103;1.3243;595585;0;0;sBELA0;? Unchecked;v1.6.0-140-g9a10cc1
roadmap;dimacs;11/10;10;   3088686;   2457940;0;1453;9247926;1014153;10;9103;2.18738;463638;0;0;sBELA0;? Unchecked;v1.6.0-140-g9a10cc1
roadmap;dimacs;12/10;10;   1991621;   6102039;0;1169;3919731;481874;9;9103;0.826189;583249;0;0;sBELA0;? Unchecked;v1.6.0-140-g9a10cc1
roadmap;dimacs;13/10;10;   1679479;   3135970;0;2557;13105183;3810575;3;9103;7.00208;544206;0;0;sBELA0;? Unchecked;v1.6.0-140-g9a10cc1
roadmap;dimacs;14/10;10;   1063830;   4654604;0;1627;8671628;2218908;10;9103;4.55445;487196;0;0;sBELA0;? Unchecked;v1.6.0-140-g9a10cc1
roadmap;dimacs;15/10;10;   6224466;   1240446;0;2245;11870579;3204189;5;9103;6.36888;503101;0;0;sBELA0;? Unchecked;v1.6.0-140-g9a10cc1
roadmap;dimacs;16/10;10;   2418674;   4452024;0;2927;18598151;5098552;7;9103;9.56016;533313;0;0;sBELA0;? Unchecked;v1.6.0-140-g9a10cc1
roadmap;dimacs;17/10;10;   4931603;   4141462;0;543;2204140;196272;6;9103;0.40523;484347;0;0;sBELA0;? Unchecked;v1.6.0-140-g9a10cc1
roadmap;dimacs;18/10;10;   5574074;   4243473;0;876;3358440;277960;21;9103;0.493569;563163;0;0;sBELA0;? Unchecked;v1.6.0-140-g9a10cc1
roadmap;dimacs;19/10;10;   3494933;   2858057;0;2634;14815660;3205740;10;9103;6.23749;513947;0;0;sBELA0;? Unchecked;v1.6.0-140-g9a10cc1
roadmap;dimacs;20/10;10;    181323;    301703;0;2405;10476957;2337728;5;9103;4.53984;514936;0;0;sBELA0;? Unchecked;v1.6.0-140-g9a10cc1
roadmap;dimacs;21/10;10;   3315543;   4157337;0;3468;18996351;5815693;5;9103;10.8829;534388;0;0;sBELA0;? Unchecked;v1.6.0-140-g9a10cc1
roadmap;dimacs;22/10;10;   3908941;   5345394;0;4818;26973077;6228983;10;9103;11.7759;528960;0;0;sBELA0;? Unchecked;v1.6.0-140-g9a10cc1
roadmap;dimacs;23/10;10;   5242371;   4655349;0;1816;11130913;1841501;10;9103;3.64233;505583;0;0;sBELA0;? Unchecked;v1.6.0-140-g9a10cc1
roadmap;dimacs;24/10;10;   4961834;   2356084;0;2648;10622817;2009289;5;9103;4.04513;496719;0;0;sBELA0;? Unchecked;v1.6.0-140-g9a10cc1
roadmap;dimacs;25/10;10;   1035769;   4238789;0;3655;16540704;3509556;10;9103;6.69945;523857;0;0;sBELA0;? Unchecked;v1.6.0-140-g9a10cc1
roadmap;dimacs;26/10;10;   5543425;   3773681;0;1168;7412266;1273478;14;9103;2.37679;535799;0;0;sBELA0;? Unchecked;v1.6.0-140-g9a10cc1
roadmap;dimacs;27/10;10;   4268952;    369310;0;2768;12778650;2553427;8;9103;4.83074;528579;0;0;sBELA0;? Unchecked;v1.6.0-140-g9a10cc1
roadmap;dimacs;28/10;10;   3974048;   3829589;0;591;1086384;187650;7;9103;0.32269;581519;0;0;sBELA0;? Unchecked;v1.6.0-140-g9a10cc1
roadmap;dimacs;29/10;10;    294053;   1013690;0;2462;14275785;4045498;12;9103;7.22388;560017;0;0;sBELA0;? Unchecked;v1.6.0-140-g9a10cc1
roadmap;dimacs;30/10;10;   3379186;   5160800;0;2426;10391028;1839994;13;9103;3.64523;504767;0;0;sBELA0;? Unchecked;v1.6.0-140-g9a10cc1
roadmap;dimacs;31/10;10;   4901574;   3976463;0;3706;18642269;3536335;1;9103;7.16322;493680;0;0;sBELA0;? Unchecked;v1.6.0-140-g9a10cc1
roadmap;dimacs;32/10;10;   3401397;   2920525;0;2373;9286574;1802974;3;9103;3.53622;509860;0;0;sBELA0;? Unchecked;v1.6.0-140-g9a10cc1
roadmap;dimacs;33/10;10;   1580614;   2113646;0;1650;7681528;1946086;3;9103;3.37963;575829;0;0;sBELA0;? Unchecked;v1.6.0-140-g9a10cc1
roadmap;dimacs;34/10;10;   3461643;   2595916;0;2549;14183172;1468947;10;9103;3.03915;483342;0;0;sBELA0;? Unchecked;v1.6.0-140-g9a10cc1
roadmap;dimacs;35/10;10;   1972302;   2243773;0;2940;15270204;4156310;10;9103;7.69717;539979;0;0;sBELA0;? Unchecked;v1.6.0-140-g9a10cc1
roadmap;dimacs;36/10;10;   5635363;   1260073;0;4179;21538327;4713640;10;9103;8.90392;529389;0;0;sBELA0;? Unchecked;v1.6.0-140-g9a10cc1
roadmap;dimacs;37/10;10;     70522;   3752891;0;1513;7146185;1656984;12;9103;3.09073;536115;0;0;sBELA0;? Unchecked;v1.6.0-140-g9a10cc1
roadmap;dimacs;38/10;10;   1531608;   3855627;0;2209;8119641;2012711;10;9103;3.58053;562127;0;0;sBELA0;? Unchecked;v1.6.0-140-g9a10cc1
roadmap;dimacs;39/10;10;   1273069;   1293225;0;897;2270055;488804;12;9103;0.839743;582088;0;0;sBELA0;? Unchecked;v1.6.0-140-g9a10cc1
roadmap;dimacs;40/10;10;    343255;   3167742;0;1442;10348999;2857315;10;9103;5.20681;548764;0;0;sBELA0;? Unchecked;v1.6.0-140-g9a10cc1
roadmap;dimacs;41/10;10;   2036708;   4028423;0;4324;18850083;5859268;10;9103;11.0213;531633;0;0;sBELA0;? Unchecked;v1.6.0-140-g9a10cc1
roadmap;dimacs;42/10;10;   2450928;   3040803;0;3573;14485410;3776214;5;9103;6.72826;561247;0;0;sBELA0;? Unchecked;v1.6.0-140-g9a10cc1
roadmap;dimacs;43/10;10;   3872326;    927199;0;3308;18777151;4695443;10;9103;9.02414;520320;0;0;sBELA0;? Unchecked;v1.6.0-140-g9a10cc1
roadmap;dimacs;44/10;10;    787505;   5832579;0;2339;7666030;1702162;9;9103;3.18337;534704;0;0;sBELA0;? Unchecked;v1.6.0-140-g9a10cc1
roadmap;dimacs;45/10;10;   4694806;   1706582;0;1942;7741374;1976331;10;9103;3.64059;542859;0;0;sBELA0;? Unchecked;v1.6.0-140-g9a10cc1
roadmap;dimacs;46/10;10;    554299;   5975460;0;3320;17931390;5330848;17;9103;9.94228;536180;0;0;sBELA0;? Unchecked;v1.6.0-140-g9a10cc1
roadmap;dimacs;47/10;10;   4581127;    717795;0;1850;9567385;2627925;10;9103;5.28532;497212;0;0;sBELA0;? Unchecked;v1.6.0-140-g9a10cc1
roadmap;dimacs;48/10;10;   3064769;    215062;0;3040;15625620;3127157;5;9103;6.09979;512666;0;0;sBELA0;? Unchecked;v1.6.0-140-g9a10cc1
roadmap;dimacs;49/10;10;   6261467;   1869006;0;3904;20052478;6054180;5;9103;11.7946;513302;0;0;sBELA0;? Unchecked;v1.6.0-140-g9a10cc1
roadmap;dimacs;50/10;10;   1085538;    780207;0;2250;11739064;3755666;2;9103;7.32922;512424;0;0;sBELA0;? Unchecked;v1.6.0-140-g9a10cc1
roadmap;dimacs;51/10;10;   6240682;   3040367;0;2848;13833164;5152298;10;9103;9.75912;527947;0;0;sBELA0;? Unchecked;v1.6.0-140-g9a10cc1
roadmap;dimacs;52/10;10;   6006351;   2224869;0;2513;7874554;1297281;4;9103;2.2054;588230;0;0;sBELA0;? Unchecked;v1.6.0-140-g9a10cc1
roadmap;dimacs;53/10;10;    508211;   5490672;0;2062;12054239;2999415;7;9103;5.77382;519485;0;0;sBELA0;? Unchecked;v1.6.0-140-g9a10cc1
roadmap;dimacs;54/10;10;    851471;   4412887;0;3297;17634445;5231439;9;9103;9.71377;538559;0;0;sBELA0;? Unchecked;v1.6.0-140-g9a10cc1
roadmap;dimacs;55/10;10;   1574156;   4529788;0;3458;15404817;3947065;2;9103;7.00019;563851;0;0;sBELA0;? Unchecked;v1.6.0-140-g9a10cc1
roadmap;dimacs;56/10;10;   2368242;   3295502;0;2934;17302466;5413871;18;9103;10.1009;535979;0;0;sBELA0;? Unchecked;v1.6.0-140-g9a10cc1
roadmap;dimacs;57/10;10;   5103576;    302904;0;3794;14559406;2910874;10;9103;5.30301;548910;0;0;sBELA0;? Unchecked;v1.6.0-140-g9a10cc1
roadmap;dimacs;58/10;10;   3951955;    573471;0;3365;14997414;3671964;9;9103;6.63182;553689;0;0;sBELA0;? Unchecked;v1.6.0-140-g9a10cc1
roadmap;dimacs;59/10;10;    367593;   3203334;0;1794;10534962;2602792;10;9103;4.80573;541602;0;0;sBELA0;? Unchecked;v1.6.0-140-g9a10cc1
roadmap;dimacs;60/10;10;   1691460;   5850252;0;5005;17713414;5327106;2;9103;9.90909;537598;0;0;sBELA0;? Unchecked;v1.6.0-140-g9a10cc1
roadmap;dimacs;61/10;10;   2246743;   5790235;0;3509;11316601;2989489;9;9103;5.87086;509208;0;0;sBELA0;? Unchecked;v1.6.0-140-g9a10cc1
roadmap;dimacs;62/10;10;   1594081;   2684037;0;3633;19880602;6023300;5;9103;11.4694;525161;0;0;sBELA0;? Unchecked;v1.6.0-140-g9a10cc1
roadmap;dimacs;63/10;10;   3082704;   2876577;0;3633;19706249;4256918;9;9103;8.56095;497249;0;0;sBELA0;? Unchecked;v1.6.0-140-g9a10cc1
roadmap;dimacs;64/10;10;   5912922;    651978;0;3678;17410813;3671685;5;9103;7.15134;513426;0;0;sBELA0;? Unchecked;v1.6.0-140-g9a10cc1
roadmap;dimacs;65/10;10;   1688634;    523217;0;640;1739464;344568;16;9103;0.560825;614395;0;0;sBELA0;? Unchecked;v1.6.0-140-g9a10cc1
roadmap;dimacs;66/10;10;    539319;   3974427;0;3772;14527451;3713333;1;9103;6.61199;561606;0;0;sBELA0;? Unchecked;v1.6.0-140-g9a10cc1
roadmap;dimacs;67/10;10;   4094198;   2717153;0;1468;10586313;1619488;10;9103;3.38209;478843;0;0;sBELA0;? Unchecked;v1.6.0-140-g9a10cc1
roadmap;dimacs;68/10;10;    833395;   4272795;0;2300;12805210;3630343;8;9103;6.6889;542741;0;0;sBELA0;? Unchecked;v1.6.0-140-g9a10cc1
roadmap;dimacs;69/10;10;    217264;   4320040;0;2350;15906731;4516717;7;9103;8.31765;543028;0;0;sBELA0;? Unchecked;v1.6.0-140-g9a10cc1
roadmap;dimacs;70/10;10;   2014775;   3232619;0;3026;13924974;4238818;5;9103;8.12413;521757;0;0;sBELA0;? Unchecked;v1.6.0-140-g9a10cc1
roadmap;dimacs;71/10;10;   5960148;   3979553;0;1453;5968384;904741;10;9103;1.7032;531200;0;0;sBELA0;? Unchecked;v1.6.0-140-g9a10cc1
roadmap;dimacs;72/10;10;   3583772;   3923180;0;3491;20007576;5052172;10;9103;9.78694;516216;0;0;sBELA0;? Unchecked;v1.6.0-140-g9a10cc1
roadmap;dimacs;73/10;10;   5525796;    209527;0;1071;4982611;712468;10;9103;1.35168;527098;0;0;sBELA0;? Unchecked;v1.6.0-140-g9a10cc1
roadmap;dimacs;74/10;10;    973158;   4821763;0;3734;19631058;5959431;10;9103;10.9578;543853;0;0;sBELA0;? Unchecked;v1.6.0-140-g9a10cc1
roadmap;dimacs;75/10;10;   3296732;   4674091;0;2872;14060840;2762385;5;9103;5.33773;517520;0;0;sBELA0;? Unchecked;v1.6.0-140-g9a10cc1
roadmap;dimacs;76/10;10;   4786486;   5170674;0;574;2566436;364693;18;9103;0.655248;556572;0;0;sBELA0;? Unchecked;v1.6.0-140-g9a10cc1
roadmap;dimacs;77/10;10;   2208885;   2401432;0;1480;5557777;1081121;13;9103;2.03306;531770;0;0;sBELA0;? Unchecked;v1.6.0-140-g9a10cc1
roadmap;dimacs;78/10;10;   4790473;   3438138;0;4049;23327740;5661238;10;9103;10.3424;547382;0;0;sBELA0;? Unchecked;v1.6.0-140-g9a10cc1
roadmap;dimacs;79/10;10;   3280776;   5251838;0;1342;7481268;979182;10;9103;1.86521;524972;0;0;sBELA0;? Unchecked;v1.6.0-140-g9a10cc1
roadmap;dimacs;80/10;10;   3994418;   5818995;0;854;3007242;464031;5;9103;0.761162;609635;0;0;sBELA0;? Unchecked;v1.6.0-140-g9a10cc1
roadmap;dimacs;81/10;10;   4879096;   3557810;0;5493;25822792;5879143;5;9103;10.5798;555698;0;0;sBELA0;? Unchecked;v1.6.0-140-g9a10cc1
roadmap;dimacs;82/10;10;   3103038;   3187215;0;3951;19507441;4596797;5;9103;9.03901;508551;0;0;sBELA0;? Unchecked;v1.6.0-140-g9a10cc1
roadmap;dimacs;83/10;10;   4201985;   4810591;0;3432;20139315;5578413;5;9103;10.4583;533394;0;0;sBELA0;? Unchecked;v1.6.0-140-g9a10cc1
roadmap;dimacs;84/10;10;   6144459;   1567853;0;3185;17553512;4881274;5;9103;9.50935;513313;0;0;sBELA0;? Unchecked;v1.6.0-140-g9a10cc1
roadmap;dimacs;85/10;10;   2159995;   5603476;0;3107;17972988;5269486;5;9103;10.2256;515322;0;0;sBELA0;? Unchecked;v1.6.0-140-g9a10cc1
roadmap;dimacs;86/10;10;   2176184;    506799;0;2380;11346908;2836943;3;9103;5.42328;523105;0;0;sBELA0;? Unchecked;v1.6.0-140-g9a10cc1
roadmap;dimacs;87/10;10;   3802848;   5404302;0;2635;13752435;2537742;5;9103;5.01144;506390;0;0;sBELA0;? Unchecked;v1.6.0-140-g9a10cc1
roadmap;dimacs;88/10;10;   1259137;   5623104;0;3372;19301062;5835934;3;9103;10.8899;535902;0;0;sBELA0;? Unchecked;v1.6.0-140-g9a10cc1
roadmap;dimacs;89/10;10;   2820263;   1434973;0;2467;10792585;3320886;7;9103;6.74864;492082;0;0;sBELA0;? Unchecked;v1.6.0-140-g9a10cc1
roadmap;dimacs;90/10;10;   4524729;      4104;0;1636;6647149;1393692;5;9103;2.70014;516156;0;0;sBELA0;? Unchecked;v1.6.0-140-g9a10cc1
roadmap;dimacs;91/10;10;   3667456;   4070555;0;872;5644762;1105866;10;9103;2.19234;504422;0;0;sBELA0;? Unchecked;v1.6.0-140-g9a10cc1
roadmap;dimacs;92/10;10;   1154079;   5856700;0;3625;21044622;6030397;6;9103;11.5477;522217;0;0;sBELA0;? Unchecked;v1.6.0-140-g9a10cc1
roadmap;dimacs;93/10;10;   4698390;   2397670;0;1399;3589193;611635;5;9103;1.05787;578177;0;0;sBELA0;? Unchecked;v1.6.0-140-g9a10cc1
roadmap;dimacs;94/10;10;   3506761;   4717549;0;3768;16478269;4490580;8;9103;8.53714;526005;0;0;sBELA0;? Unchecked;v1.6.0-140-g9a10cc1
roadmap;dimacs;95/10;10;   5875928;   3634686;0;4294;19051922;4834758;3;9103;9.24453;522986;0;0;sBELA0;? Unchecked;v1.6.0-140-g9a10cc1
roadmap;dimacs;96/10;10;   3632274;   4634758;0;1826;9534475;2366816;12;9103;4.78998;494118;0;0;sBELA0;? Unchecked;v1.6.0-140-g9a10cc1
roadmap;dimacs;97/10;10;   3762084;   1813719;0;973;4279529;633536;9;9103;1.24061;510664;0;0;sBELA0;? Unchecked;v1.6.0-140-g9a10cc1
roadmap;dimacs;98/10;10;    935811;   1640005;0;3121;15506249;3821396;1;9103;7.12874;536055;0;0;sBELA0;? Unchecked;v1.6.0-140-g9a10cc1
roadmap;dimacs;99/10;10;   2212088;   5403161;0;1422;8831298;2090232;13;9103;3.93391;531337;0;0;sBELA0;? Unchecked;v1.6.0-140-g9a10cc1
roadmap;dimacs;0/20;20;   4320996;   3421432;0;1088;6670219;887798;8;9103;1.67339;530539;0;0;sBELA0;? Unchecked;v1.6.0-140-g9a10cc1
roadmap;dimacs;1/20;20;   2710066;    136691;0;3416;19652590;4285746;4;9103;8.55045;501230;0;0;sBELA0;? Unchecked;v1.6.0-140-g9a10cc1
roadmap;dimacs;2/20;20;   4833717;    720610;0;2107;10104416;2663195;18;9103;5.11929;520227;0;0;sBELA0;? Unchecked;v1.6.0-140-g9a10cc1
roadmap;dimacs;3/20;20;   2142831;   2373369;0;1032;5387317;923924;22;9103;1.75666;525956;0;0;sBELA0;? Unchecked;v1.6.0-140-g9a10cc1
roadmap;dimacs;4/20;20;    553927;   6184741;0;2875;16021876;4502581;32;9103;8.09003;556559;0;0;sBELA0;? Unchecked;v1.6.0-140-g9a10cc1
roadmap;dimacs;5/20;20;   4290512;   3848681;0;2545;13330744;4141660;18;9103;7.81114;530225;0;0;sBELA0;? Unchecked;v1.6.0-140-g9a10cc1
roadmap;dimacs;6/20;20;   5084840;   5961415;0;3366;13573573;5235928;28;9103;9.81959;533213;0;0;sBELA0;? Unchecked;v1.6.0-140-g9a10cc1
roadmap;dimacs;7/20;20;   4846384;    101177;0;3063;17388298;4975250;18;9103;9.51141;523082;0;0;sBELA0;? Unchecked;v1.6.0-140-g9a10cc1
roadmap;dimacs;8/20;20;   4520980;    965983;0;1704;8453038;1597039;3;9103;3.38921;471213;0;0;sBELA0;? Unchecked;v1.6.0-140-g9a10cc1
roadmap;dimacs;9/20;20;   5487394;   5045506;0;3623;17334328;6217780;5;9107;12.5067;497155;0;0;sBELA0;? Unchecked;v1.6.0-140-g9a10cc1
roadmap;dimacs;10/20;20;   1926823;    854459;0;737;3116624;788732;10;9107;1.35285;583017;0;0;sBELA0;? Unchecked;v1.6.0-140-g9a10cc1
roadmap;dimacs;11/20;20;   3088686;   2457940;0;1454;9247931;1014153;18;9107;2.18259;464656;0;0;sBELA0;? Unchecked;v1.6.0-140-g9a10cc1
roadmap;dimacs;12/20;20;   1991621;   6102039;0;1167;3919742;481878;18;9107;0.833709;577993;0;0;sBELA0;? Unchecked;v1.6.0-140-g9a10cc1
roadmap;dimacs;13/20;20;   1679479;   3135970;0;2559;13105183;3810575;5;9107;7.0096;543623;0;0;sBELA0;? Unchecked;v1.6.0-140-g9a10cc1
roadmap;dimacs;14/20;20;   1063830;   4654604;0;1625;8671635;2218911;20;9107;4.58192;484275;0;0;sBELA0;? Unchecked;v1.6.0-140-g9a10cc1
roadmap;dimacs;15/20;20;   6224466;   1240446;0;2244;11870583;3204192;10;9107;6.38075;502166;0;0;sBELA0;? Unchecked;v1.6.0-140-g9a10cc1
roadmap;dimacs;16/20;20;   2418674;   4452024;0;2928;18598153;5098554;14;9107;9.58039;532187;0;0;sBELA0;? Unchecked;v1.6.0-140-g9a10cc1
roadmap;dimacs;17/20;20;   4931603;   4141462;0;537;2204144;196273;11;9107;0.410748;477842;0;0;sBELA0;? Unchecked;v1.6.0-140-g9a10cc1
roadmap;dimacs;18/20;20;   5574074;   4243473;0;884;3358484;277965;48;9107;0.505954;549388;0;0;sBELA0;? Unchecked;v1.6.0-140-g9a10cc1
roadmap;dimacs;19/20;20;   3494933;   2858057;0;2635;14815670;3205745;22;9107;6.26164;511966;0;0;sBELA0;? Unchecked;v1.6.0-140-g9a10cc1
roadmap;dimacs;20/20;20;    181323;    301703;0;2406;10476958;2337728;8;9107;4.55581;513131;0;0;sBELA0;? Unchecked;v1.6.0-140-g9a10cc1
roadmap;dimacs;21/20;20;   3315543;   4157337;0;3468;18996355;5815693;10;9107;10.9276;532201;0;0;sBELA0;? Unchecked;v1.6.0-140-g9a10cc1
roadmap;dimacs;22/20;20;   3908941;   5345394;0;4819;26973083;6228983;19;9107;11.8318;526459;0;0;sBELA0;? Unchecked;v1.6.0-140-g9a10cc1
roadmap;dimacs;23/20;20;   5242371;   4655349;0;1817;11130934;1841502;20;9107;3.63535;506554;0;0;sBELA0;? Unchecked;v1.6.0-140-g9a10cc1
roadmap;dimacs;24/20;20;   4961834;   2356084;0;2639;10622822;2009289;10;9107;4.07901;492593;0;0;sBELA0;? Unchecked;v1.6.0-140-g9a10cc1
roadmap;dimacs;25/20;20;   1035769;   4238789;0;3657;16540710;3509557;20;9107;6.75572;519494;0;0;sBELA0;? Unchecked;v1.6.0-140-g9a10cc1
roadmap;dimacs;26/20;20;   5543425;   3773681;0;1170;7412337;1273508;46;9107;2.3809;534884;0;0;sBELA0;? Unchecked;v1.6.0-140-g9a10cc1
roadmap;dimacs;27/20;20;   4268952;    369310;0;2767;12778651;2553428;13;9107;4.85059;526416;0;0;sBELA0;? Unchecked;v1.6.0-140-g9a10cc1
roadmap;dimacs;28/20;20;   3974048;   3829589;0;591;1086483;187682;24;9107;0.331803;565643;0;0;sBELA0;? Unchecked;v1.6.0-140-g9a10cc1
roadmap;dimacs;29/20;20;    294053;   1013690;0;2459;14275794;4045500;25;9107;7.24551;558345;0;0;sBELA0;? Unchecked;v1.6.0-140-g9a10cc1
roadmap;dimacs;30/20;20;   3379186;   5160800;0;2428;10391038;1839998;23;9107;3.63242;506549;0;0;sBELA0;? Unchecked;v1.6.0-140-g9a10cc1
roadmap;dimacs;31/20;20;   4901574;   3976463;0;3707;18642269;3536335;1;9107;7.17285;493017;0;0;sBELA0;? Unchecked;v1.6.0-140-g9a10cc1
roadmap;dimacs;32/20;20;   3401397;   2920525;0;2373;9286575;1802974;5;9107;3.55233;507546;0;0;sBELA0;? Unchecked;v1.6.0-140-g9a10cc1
roadmap;dimacs;33/20;20;   1580614;   2113646;0;1652;7681537;1946088;5;9107;3.42301;568531;0;0;sBELA0;? Unchecked;v1.6.0-140-g9a10cc1
roadmap;dimacs;34/20;20;   3461643;   2595916;0;2547;14183182;1468951;20;9107;3.07238;478116;0;0;sBELA0;? Unchecked;v1.6.0-140-g9a10cc1
roadmap;dimacs;35/20;20;   1972302;   2243773;0;2930;15270215;4156315;21;9107;7.72438;538078;0;0;sBELA0;? Unchecked;v1.6.0-140-g9a10cc1
roadmap;dimacs;36/20;20;   5635363;   1260073;0;4177;21538335;4713640;20;9107;8.92186;528325;0;0;sBELA0;? Unchecked;v1.6.0-140-g9a10cc1
roadmap;dimacs;37/20;20;     70522;   3752891;0;1511;7146203;1656989;28;9107;3.12251;530659;0;0;sBELA0;? Unchecked;v1.6.0-140-g9a10cc1
roadmap;dimacs;38/20;20;   1531608;   3855627;0;2209;8119651;2012711;20;9107;3.5885;560879;0;0;sBELA0;? Unchecked;v1.6.0-140-g9a10cc1
roadmap;dimacs;39/20;20;   1273069;   1293225;0;898;2270061;488804;19;9107;0.844286;578956;0;0;sBELA0;? Unchecked;v1.6.0-140-g9a10cc1
roadmap;dimacs;40/20;20;    343255;   3167742;0;1442;10349032;2857333;16;9107;5.21325;548090;0;0;sBELA0;? Unchecked;v1.6.0-140-g9a10cc1
roadmap;dimacs;41/20;20;   2036708;   4028423;0;4322;18850093;5859272;19;9107;11.0321;531111;0;0;sBELA0;? Unchecked;v1.6.0-140-g9a10cc1
roadmap;dimacs;42/20;20;   2450928;   3040803;0;3574;14485411;3776214;8;9107;6.74955;559477;0;0;sBELA0;? Unchecked;v1.6.0-140-g9a10cc1
roadmap;dimacs;43/20;20;   3872326;    927199;0;3307;18777158;4695445;18;9107;9.06776;517818;0;0;sBELA0;? Unchecked;v1.6.0-140-g9a10cc1
roadmap;dimacs;44/20;20;    787505;   5832579;0;2336;7666032;1702164;14;9107;3.14512;541208;0;0;sBELA0;? Unchecked;v1.6.0-140-g9a10cc1
roadmap;dimacs;45/20;20;   4694806;   1706582;0;1945;7741389;1976342;18;9107;3.66774;538844;0;0;sBELA0;? Unchecked;v1.6.0-140-g9a10cc1
roadmap;dimacs;46/20;20;    554299;   5975460;0;3320;17931397;5330853;35;9107;9.94425;536074;0;0;sBELA0;? Unchecked;v1.6.0-140-g9a10cc1
roadmap;dimacs;47/20;20;   4581127;    717795;0;1849;9567391;2627927;17;9107;5.31045;494859;0;0;sBELA0;? Unchecked;v1.6.0-140-g9a10cc1
roadmap;dimacs;48/20;20;   3064769;    215062;0;3038;15625625;3127158;10;9107;6.11;511810;0;0;sBELA0;? Unchecked;v1.6.0-140-g9a10cc1
roadmap;dimacs;49/20;20;   6261467;   1869006;0;3897;20052485;6054185;12;9107;11.8246;511997;0;0;sBELA0;? Unchecked;v1.6.0-140-g9a10cc1
roadmap;dimacs;50/20;20;   1085538;    780207;0;2251;11739066;3755668;4;9107;7.34344;511431;0;0;sBELA0;? Unchecked;v1.6.0-140-g9a10cc1
roadmap;dimacs;51/20;20;   6240682;   3040367;0;2847;13833178;5152308;19;9107;9.85695;522708;0;0;sBELA0;? Unchecked;v1.6.0-140-g9a10cc1
roadmap;dimacs;52/20;20;   6006351;   2224869;0;2516;7874555;1297281;7;9107;2.2904;566398;0;0;sBELA0;? Unchecked;v1.6.0-140-g9a10cc1
roadmap;dimacs;53/20;20;    508211;   5490672;0;2061;12054241;2999416;11;9107;5.85586;512208;0;0;sBELA0;? Unchecked;v1.6.0-140-g9a10cc1
roadmap;dimacs;54/20;20;    851471;   4412887;0;3298;17634451;5231441;16;9107;9.8469;531278;0;0;sBELA0;? Unchecked;v1.6.0-140-g9a10cc1
roadmap;dimacs;55/20;20;   1574156;   4529788;0;3459;15404820;3947066;4;9107;7.08886;556799;0;0;sBELA0;? Unchecked;v1.6.0-140-g9a10cc1
roadmap;dimacs;56/20;20;   2368242;   3295502;0;2932;17302471;5413873;31;9107;10.1882;531385;0;0;sBELA0;? Unchecked;v1.6.0-140-g9a10cc1
roadmap;dimacs;57/20;20;   5103576;    302904;0;3795;14559408;2910874;18;9107;5.38985;540066;0;0;sBELA0;? Unchecked;v1.6.0-140-g9a10cc1
roadmap;dimacs;58/20;20;   3951955;    573471;0;3363;14997419;3671964;14;9107;6.73664;545074;0;0;sBELA0;? Unchecked;v1.6.0-140-g9a10cc1
roadmap;dimacs;59/20;20;    367593;   3203334;0;1793;10534977;2602800;22;9107;4.88678;532621;0;0;sBELA0;? Unchecked;v1.6.0-140-g9a10cc1
roadmap;dimacs;60/20;20;   1691460;   5850252;0;5006;17713414;5327106;3;9107;9.99942;532742;0;0;sBELA0;? Unchecked;v1.6.0-140-g9a10cc1
roadmap;dimacs;61/20;20;   2246743;   5790235;0;3506;11316603;2989489;14;9107;6.01282;497186;0;0;sBELA0;? Unchecked;v1.6.0-140-g9a10cc1
roadmap;dimacs;62/20;20;   1594081;   2684037;0;3635;19880605;6023300;11;9107;11.5505;521473;0;0;sBELA0;? Unchecked;v1.6.0-140-g9a10cc1
roadmap;dimacs;63/20;20;   3082704;   2876577;0;3634;19706253;4256918;16;9107;8.68017;490419;0;0;sBELA0;? Unchecked;v1.6.0-140-g9a10cc1
roadmap;dimacs;64/20;20;   5912922;    651978;0;3679;17410814;3671685;7;9107;7.20779;509405;0;0;sBELA0;? Unchecked;v1.6.0-140-g9a10cc1
roadmap;dimacs;65/20;20;   1688634;    523217;0;636;1739498;344598;43;9107;0.583442;590630;0;0;sBELA0;? Unchecked;v1.6.0-140-g9a10cc1
roadmap;dimacs;66/20;20;    539319;   3974427;0;3775;14527452;3713333;2;9107;6.70492;553822;0;0;sBELA0;? Unchecked;v1.6.0-140-g9a10cc1
roadmap;dimacs;67/20;20;   4094198;   2717153;0;1468;10586325;1619491;20;9107;3.38371;478614;0;0;sBELA0;? Unchecked;v1.6.0-140-g9a10cc1
roadmap;dimacs;68/20;20;    833395;   4272795;0;2300;12805211;3630343;13;9107;6.70143;541726;0;0;sBELA0;? Unchecked;v1.6.0-140-g9a10cc1
roadmap;dimacs;69/20;20;    217264;   4320040;0;2356;15906750;4516719;12;9107;8.32183;542756;0;0;sBELA0;? Unchecked;v1.6.0-140-g9a10cc1
roadmap;dimacs;70/20;20;   2014775;   3232619;0;3024;13924984;4238821;14;9107;8.13618;520984;0;0;sBELA0;? Unchecked;v1.6.0-140-g9a10cc1
roadmap;dimacs;71/20;20;   5960148;   3979553;0;1456;5968410;904753;21;9107;1.67446;540326;0;0;sBELA0;? Unchecked;v1.6.0-140-g9a10cc1
roadmap;dimacs;72/20;20;   3583772;   3923180;0;3490;20007581;5052173;19;9107;9.82111;514420;0;0;sBELA0;? Unchecked;v1.6.0-140-g9a10cc1
roadmap;dimacs;73/20;20;   5525796;    209527;0;1072;4982626;712473;21;9107;1.40465;507223;0;0;sBELA0;? Unchecked;v1.6.0-140-g9a10cc1
roadmap;dimacs;74/20;20;    973158;   4821763;0;3732;19631065;5959436;21;9107;10.9999;541772;0;0;sBELA0;? Unchecked;v1.6.0-140-g9a10cc1
roadmap;dimacs;75/20;20;   3296732;   4674091;0;2869;14060843;2762386;9;9107;5.41409;510222;0;0;sBELA0;? Unchecked;v1.6.0-140-g9a10cc1
roadmap;dimacs;76/20;20;   4786486;   5170674;0;573;2566560;364718;51;9107;0.684505;532820;0;0;sBELA0;? Unchecked;v1.6.0-140-g9a10cc1
roadmap;dimacs;77/20;20;   2208885;   2401432;0;1481;5557794;1081124;25;9107;2.09899;515068;0;0;sBELA0;? Unchecked;v1.6.0-140-g9a10cc1
roadmap;dimacs;78/20;20;   4790473;   3438138;0;4047;23327743;5661239;18;9107;10.3954;544590;0;0;sBELA0;? Unchecked;v1.6.0-140-g9a10cc1
roadmap;dimacs;79/20;20;   3280776;   5251838;0;1346;7481271;979183;18;9107;1.87296;522799;0;0;sBELA0;? Unchecked;v1.6.0-140-g9a10cc1
roadmap;dimacs;80/20;20;   3994418;   5818995;0;854;3007248;464032;7;9107;0.787111;589538;0;0;sBELA0;? Unchecked;v1.6.0-140-g9a10cc1
roadmap;dimacs;81/20;20;   4879096;   3557810;0;5494;25822793;5879143;10;9107;10.6866;550139;0;0;sBELA0;? Unchecked;v1.6.0-140-g9a10cc1
roadmap;dimacs;82/20;20;   3103038;   3187215;0;3952;19507446;4596798;10;9107;9.14407;502708;0;0;sBELA0;? Unchecked;v1.6.0-140-g9a10cc1
roadmap;dimacs;83/20;20;   4201985;   4810591;0;3433;20139323;5578420;10;9107;10.4448;534086;0;0;sBELA0;? Unchecked;v1.6.0-140-g9a10cc1
roadmap;dimacs;84/20;20;   6144459;   1567853;0;3187;17553515;4881280;12;9107;9.53511;511927;0;0;sBELA0;? Unchecked;v1.6.0-140-g9a10cc1
roadmap;dimacs;85/20;20;   2159995;   5603476;0;3105;17972999;5269491;10;9107;10.3277;510229;0;0;sBELA0;? Unchecked;v1.6.0-140-g9a10cc1
roadmap;dimacs;86/20;20;   2176184;    506799;0;2382;11346909;2836944;5;9107;5.40247;525120;0;0;sBELA0;? Unchecked;v1.6.0-140-g9a10cc1
roadmap;dimacs;87/20;20;   3802848;   5404302;0;2636;13752439;2537744;10;9107;5.01602;505927;0;0;sBELA0;? Unchecked;v1.6.0-140-g9a10cc1
roadmap;dimacs;88/20;20;   1259137;   5623104;0;3372;19301063;5835937;5;9107;10.947;533108;0;0;sBELA0;? Unchecked;v1.6.0-140-g9a10cc1
roadmap;dimacs;89/20;20;   2820263;   1434973;0;2470;10792591;3320890;13;9107;6.78601;489373;0;0;sBELA0;? Unchecked;v1.6.0-140-g9a10cc1
roadmap;dimacs;90/20;20;   4524729;      4104;0;1633;6647163;1393700;10;9107;2.73825;508975;0;0;sBELA0;? Unchecked;v1.6.0-140-g9a10cc1
roadmap;dimacs;91/20;20;   3667456;   4070555;0;868;5644823;1105895;26;9107;2.27192;486767;0;0;sBELA0;? Unchecked;v1.6.0-140-g9a10cc1
roadmap;dimacs;92/20;20;   1154079;   5856700;0;3626;21044624;6030397;10;9107;11.643;517941;0;0;sBELA0;? Unchecked;v1.6.0-140-g9a10cc1
roadmap;dimacs;93/20;20;   4698390;   2397670;0;1399;3589197;611636;8;9107;1.07579;568548;0;0;sBELA0;? Unchecked;v1.6.0-140-g9a10cc1
roadmap;dimacs;94/20;20;   3506761;   4717549;0;3771;16478280;4490583;19;9107;8.62088;520896;0;0;sBELA0;? Unchecked;v1.6.0-140-g9a10cc1
roadmap;dimacs;95/20;20;   5875928;   3634686;0;4295;19051925;4834760;5;9107;9.32627;518402;0;0;sBELA0;? Unchecked;v1.6.0-140-g9a10cc1
roadmap;dimacs;96/20;20;   3632274;   4634758;0;1828;9534499;2366825;26;9107;4.89115;483899;0;0;sBELA0;? Unchecked;v1.6.0-140-g9a10cc1
roadmap;dimacs;97/20;20;   3762084;   1813719;0;973;4279547;633545;15;9107;1.27296;497694;0;0;sBELA0;? Unchecked;v1.6.0-140-g9a10cc1
roadmap;dimacs;98/20;20;    935811;   1640005;0;3123;15506251;3821397;2;9107;7.17422;532657;0;0;sBELA0;? Unchecked;v1.6.0-140-g9a10cc1
roadmap;dimacs;99/20;20;   2212088;   5403161;0;1413;8831319;2090236;25;9107;3.9832;524763;0;0;sBELA0;? Unchecked;v1.6.0-140-g9a10cc1
roadmap;dimacs;0/30;30;   4320996;   3421432;0;1088;6670240;887804;13;9107;1.68162;527947;0;0;sBELA0;? Unchecked;v1.6.0-140-g9a10cc1
roadmap;dimacs;1/30;30;   2710066;    136691;0;3415;19652590;4285746;5;9107;8.56103;500611;0;0;sBELA0;? Unchecked;v1.6.0-140-g9a10cc1
roadmap;dimacs;2/30;30;   4833717;    720610;0;2107;10104422;2663195;26;9107;5.16811;515314;0;0;sBELA0;? Unchecked;v1.6.0-140-g9a10cc1
roadmap;dimacs;3/30;30;   2142831;   2373369;0;1032;5387320;923928;31;9107;1.77782;519698;0;0;sBELA0;? Unchecked;v1.6.0-140-g9a10cc1
roadmap;dimacs;4/30;30;    553927;   6184741;0;2873;16021881;4502584;44;9107;8.19026;549749;0;0;sBELA0;? Unchecked;v1.6.0-140-g9a10cc1
roadmap;dimacs;5/30;30;   4290512;   3848681;0;2545;13330757;4141669;27;9107;7.8397;528294;0;0;sBELA0;? Unchecked;v1.6.0-140-g9a10cc1
roadmap;dimacs;6/30;30;   5084840;   5961415;0;3360;13573583;5235932;38;9107;9.82582;532875;0;0;sBELA0;? Unchecked;v1.6.0-140-g9a10cc1
roadmap;dimacs;7/30;30;   4846384;    101177;0;3060;17388324;4975262;33;9107;9.6101;517712;0;0;sBELA0;? Unchecked;v1.6.0-140-g9a10cc1
roadmap;dimacs;8/30;30;   4520980;    965983;0;1702;8453040;1597040;4;9107;3.40954;468404;0;0;sBELA0;? Unchecked;v1.6.0-140-g9a10cc1
roadmap;dimacs;9/30;30;   5487394;   5045506;0;3622;17334329;6217780;9;9112;12.5656;494825;0;0;sBELA0;? Unchecked;v1.6.0-140-g9a10cc1
roadmap;dimacs;10/30;30;   1926823;    854459;0;736;3116639;788734;16;9112;1.40793;560209;0;0;sBELA0;? Unchecked;v1.6.0-140-g9a10cc1
roadmap;dimacs;11/30;30;   3088686;   2457940;0;1455;9247934;1014153;26;9112;2.19043;462992;0;0;sBELA0;? Unchecked;v1.6.0-140-g9a10cc1
roadmap;dimacs;12/30;30;   1991621;   6102039;0;1166;3919750;481880;28;9112;0.867784;555300;0;0;sBELA0;? Unchecked;v1.6.0-140-g9a10cc1
roadmap;dimacs;13/30;30;   1679479;   3135970;0;2558;13105184;3810575;7;9112;7.12531;534794;0;0;sBELA0;? Unchecked;v1.6.0-140-g9a10cc1
roadmap;dimacs;14/30;30;   1063830;   4654604;0;1628;8671639;2218914;28;9112;4.63397;478836;0;0;sBELA0;? Unchecked;v1.6.0-140-g9a10cc1
roadmap;dimacs;15/30;30;   6224466;   1240446;0;2246;11870586;3204194;15;9112;6.33832;505527;0;0;sBELA0;? Unchecked;v1.6.0-140-g9a10cc1
roadmap;dimacs;16/30;30;   2418674;   4452024;0;2928;18598155;5098555;20;9112;9.66786;527371;0;0;sBELA0;? Unchecked;v1.6.0-140-g9a10cc1
roadmap;dimacs;17/30;30;   4931603;   4141462;0;538;2204172;196277;16;9112;0.437181;448961;0;0;sBELA0;? Unchecked;v1.6.0-140-g9a10cc1
roadmap;dimacs;18/30;30;   5574074;   4243473;0;882;3358512;277971;78;9112;0.529462;525007;0;0;sBELA0;? Unchecked;v1.6.0-140-g9a10cc1
roadmap;dimacs;19/30;30;   3494933;   2858057;0;2633;14815674;3205746;32;9112;6.33215;506265;0;0;sBELA0;? Unchecked;v1.6.0-140-g9a10cc1
roadmap;dimacs;20/30;30;    181323;    301703;0;2410;10476959;2337728;10;9112;4.5984;508378;0;0;sBELA0;? Unchecked;v1.6.0-140-g9a10cc1
roadmap;dimacs;21/30;30;   3315543;   4157337;0;3478;18996356;5815693;15;9112;10.9299;532089;0;0;sBELA0;? Unchecked;v1.6.0-140-g9a10cc1
roadmap;dimacs;22/30;30;   3908941;   5345394;0;4817;26973087;6228983;26;9112;11.8918;523806;0;0;sBELA0;? Unchecked;v1.6.0-140-g9a10cc1
roadmap;dimacs;23/30;30;   5242371;   4655349;0;1803;11130948;1841503;30;9112;3.71152;496159;0;0;sBELA0;? Unchecked;v1.6.0-140-g9a10cc1
roadmap;dimacs;24/30;30;   4961834;   2356084;0;2647;10622825;2009290;15;9112;4.05781;495167;0;0;sBELA0;? Unchecked;v1.6.0-140-g9a10cc1
roadmap;dimacs;25/30;30;   1035769;   4238789;0;3655;16540715;3509557;30;9112;6.80494;515736;0;0;sBELA0;? Unchecked;v1.6.0-140-g9a10cc1
roadmap;dimacs;26/30;30;   5543425;   3773681;0;1166;7412372;1273522;84;9112;2.44086;521752;0;0;sBELA0;? Unchecked;v1.6.0-140-g9a10cc1
roadmap;dimacs;27/30;30;   4268952;    369310;0;2764;12778652;2553428;18;9112;4.84701;526805;0;0;sBELA0;? Unchecked;v1.6.0-140-g9a10cc1
roadmap;dimacs;28/30;30;   3974048;   3829589;0;591;1086487;187682;28;9112;0.361762;518800;0;0;sBELA0;? Unchecked;v1.6.0-140-g9a10cc1
roadmap;dimacs;29/30;30;    294053;   1013690;0;2462;14275801;4045501;39;9112;7.27429;556137;0;0;sBELA0;? Unchecked;v1.6.0-140-g9a10cc1
roadmap;dimacs;30/30;30;   3379186;   5160800;0;2436;10391049;1840008;32;9112;3.65377;503591;0;0;sBELA0;? Unchecked;v1.6.0-140-g9a10cc1
roadmap;dimacs;31/30;30;   4901574;   3976463;0;3705;18642269;3536335;1;9112;7.2314;489025;0;0;sBELA0;? Unchecked;v1.6.0-140-g9a10cc1
roadmap;dimacs;32/30;30;   3401397;   2920525;0;2375;9286577;1802975;8;9112;3.60715;499833;0;0;sBELA0;? Unchecked;v1.6.0-140-g9a10cc1
roadmap;dimacs;33/30;30;   1580614;   2113646;0;1650;7681541;1946088;8;9112;3.45605;563096;0;0;sBELA0;? Unchecked;v1.6.0-140-g9a10cc1
roadmap;dimacs;34/30;30;   3461643;   2595916;0;2548;14183188;1468952;29;9112;3.12928;469422;0;0;sBELA0;? Unchecked;v1.6.0-140-g9a10cc1
roadmap;dimacs;35/30;30;   1972302;   2243773;0;2932;15270224;4156317;31;9112;7.8176;531661;0;0;sBELA0;? Unchecked;v1.6.0-140-g9a10cc1
roadmap;dimacs;36/30;30;   5635363;   1260073;0;4145;21538339;4713643;30;9112;9.04833;520941;0;0;sBELA0;? Unchecked;v1.6.0-140-g9a10cc1
roadmap;dimacs;37/30;30;     70522;   3752891;0;1514;7146215;1656992;45;9112;3.17252;522295;0;0;sBELA0;? Unchecked;v1.6.0-140-g9a10cc1
roadmap;dimacs;38/30;30;   1531608;   3855627;0;2203;8119655;2012711;31;9112;3.67288;547993;0;0;sBELA0;? Unchecked;v1.6.0-140-g9a10cc1
roadmap;dimacs;39/30;30;   1273069;   1293225;0;898;2270067;488805;26;9112;0.879114;556020;0;0;sBELA0;? Unchecked;v1.6.0-140-g9a10cc1
roadmap;dimacs;40/30;30;    343255;   3167742;0;1443;10349067;2857348;23;9112;5.33139;535949;0;0;sBELA0;? Unchecked;v1.6.0-140-g9a10cc1
roadmap;dimacs;41/30;30;   2036708;   4028423;0;4320;18850098;5859274;24;9112;11.0475;530369;0;0;sBELA0;? Unchecked;v1.6.0-140-g9a10cc1
roadmap;dimacs;42/30;30;   2450928;   3040803;0;3569;14485412;3776214;12;9112;6.77441;557423;0;0;sBELA0;? Unchecked;v1.6.0-140-g9a10cc1
roadmap;dimacs;43/30;30;   3872326;    927199;0;3310;18777163;4695450;24;9112;9.14411;513495;0;0;sBELA0;? Unchecked;v1.6.0-140-g9a10cc1
roadmap;dimacs;44/30;30;    787505;   5832579;0;2333;7666033;1702165;19;9112;3.22036;528563;0;0;sBELA0;? Unchecked;v1.6.0-140-g9a10cc1
roadmap;dimacs;45/30;30;   4694806;   1706582;0;1944;7741395;1976349;25;9112;3.73694;528869;0;0;sBELA0;? Unchecked;v1.6.0-140-g9a10cc1
roadmap;dimacs;46/30;30;    554299;   5975460;0;3322;17931403;5330860;53;9112;9.98782;533736;0;0;sBELA0;? Unchecked;v1.6.0-140-g9a10cc1
roadmap;dimacs;47/30;30;   4581127;    717795;0;1851;9567393;2627927;26;9112;5.31792;494164;0;0;sBELA0;? Unchecked;v1.6.0-140-g9a10cc1
roadmap;dimacs;48/30;30;   3064769;    215062;0;3040;15625627;3127159;12;9112;6.15733;507876;0;0;sBELA0;? Unchecked;v1.6.0-140-g9a10cc1
roadmap;dimacs;49/30;30;   6261467;   1869006;0;3897;20052488;6054188;18;9112;11.827;511895;0;0;sBELA0;? Unchecked;v1.6.0-140-g9a10cc1
roadmap;dimacs;50/30;30;   1085538;    780207;0;2250;11739068;3755669;6;9112;7.32898;512441;0;0;sBELA0;? Unchecked;v1.6.0-140-g9a10cc1
roadmap;dimacs;51/30;30;   6240682;   3040367;0;2847;13833187;5152316;28;9112;9.87673;521662;0;0;sBELA0;? Unchecked;v1.6.0-140-g9a10cc1
roadmap;dimacs;52/30;30;   6006351;   2224869;0;2512;7874556;1297281;10;9112;2.3116;561206;0;0;sBELA0;? Unchecked;v1.6.0-140-g9a10cc1
roadmap;dimacs;53/30;30;    508211;   5490672;0;2062;12054277;2999436;21;9112;5.84115;513501;0;0;sBELA0;? Unchecked;v1.6.0-140-g9a10cc1
roadmap;dimacs;54/30;30;    851471;   4412887;0;3374;17634454;5231442;24;9112;9.86293;530414;0;0;sBELA0;? Unchecked;v1.6.0-140-g9a10cc1
roadmap;dimacs;55/30;30;   1574156;   4529788;0;3467;15404820;3947066;5;9112;7.10574;555476;0;0;sBELA0;? Unchecked;v1.6.0-140-g9a10cc1
roadmap;dimacs;56/30;30;   2368242;   3295502;0;2934;17302477;5413878;47;9112;10.2108;530213;0;0;sBELA0;? Unchecked;v1.6.0-140-g9a10cc1
roadmap;dimacs;57/30;30;   5103576;    302904;0;3794;14559412;2910876;26;9112;5.4251;536557;0;0;sBELA0;? Unchecked;v1.6.0-140-g9a10cc1
roadmap;dimacs;58/30;30;   3951955;    573471;0;3366;14997430;3671973;23;9112;6.78097;541512;0;0;sBELA0;? Unchecked;v1.6.0-140-g9a10cc1
roadmap;dimacs;59/30;30;    367593;   3203334;0;1794;10534990;2602807;35;9112;4.95061;525755;0;0;sBELA0;? Unchecked;v1.6.0-140-g9a10cc1
roadmap;dimacs;60/30;30;   1691460;   5850252;0;5001;17713414;5327106;4;9112;10.0271;531272;0;0;sBELA0;? Unchecked;v1.6.0-140-g9a10cc1
roadmap;dimacs;61/30;30;   2246743;   5790235;0;3503;11316604;2989489;19;9112;5.98769;499273;0;0;sBELA0;? Unchecked;v1.6.0-140-g9a10cc1
roadmap;dimacs;62/30;30;   1594081;   2684037;0;3636;19880607;6023300;17;9112;11.5531;521360;0;0;sBELA0;? Unchecked;v1.6.0-140-g9a10cc1
roadmap;dimacs;63/30;30;   3082704;   2876577;0;3633;19706256;4256920;22;9112;8.68519;490135;0;0;sBELA0;? Unchecked;v1.6.0-140-g9a10cc1
roadmap;dimacs;64/30;30;   5912922;    651978;0;3677;17410816;3671687;10;9112;7.24415;506848;0;0;sBELA0;? Unchecked;v1.6.0-140-g9a10cc1
roadmap;dimacs;65/30;30;   1688634;    523217;0;639;1739543;344626;67;9112;0.575635;598689;0;0;sBELA0;? Unchecked;v1.6.0-140-g9a10cc1
roadmap;dimacs;66/30;30;    539319;   3974427;0;3773;14527452;3713333;3;9112;6.73968;550965;0;0;sBELA0;? Unchecked;v1.6.0-140-g9a10cc1
roadmap;dimacs;67/30;30;   4094198;   2717153;0;1468;10586332;1619491;30;9112;3.43794;471065;0;0;sBELA0;? Unchecked;v1.6.0-140-g9a10cc1
roadmap;dimacs;68/30;30;    833395;   4272795;0;2299;12805213;3630343;17;9112;6.76455;536672;0;0;sBELA0;? Unchecked;v1.6.0-140-g9a10cc1
roadmap;dimacs;69/30;30;    217264;   4320040;0;2359;15906775;4516721;20;9112;8.39007;538341;0;0;sBELA0;? Unchecked;v1.6.0-140-g9a10cc1
roadmap;dimacs;70/30;30;   2014775;   3232619;0;3027;13924991;4238823;19;9112;8.15686;519663;0;0;sBELA0;? Unchecked;v1.6.0-140-g9a10cc1
roadmap;dimacs;71/30;30;   5960148;   3979553;0;1455;5968425;904760;33;9112;1.70337;531160;0;0;sBELA0;? Unchecked;v1.6.0-140-g9a10cc1
roadmap;dimacs;72/30;30;   3583772;   3923180;0;3492;20007585;5052174;28;9112;9.84441;513202;0;0;sBELA0;? Unchecked;v1.6.0-140-g9a10cc1
roadmap;dimacs;73/30;30;   5525796;    209527;0;1075;4982637;712478;32;9112;1.37814;516986;0;0;sBELA0;? Unchecked;v1.6.0-140-g9a10cc1
roadmap;dimacs;74/30;30;    973158;   4821763;0;3734;19631069;5959437;32;9112;11.0692;538382;0;0;sBELA0;? Unchecked;v1.6.0-140-g9a10cc1
roadmap;dimacs;75/30;30;   3296732;   4674091;0;2870;14060844;2762386;14;9112;5.41333;510293;0;0;sBELA0;? Unchecked;v1.6.0-140-g9a10cc1
roadmap;dimacs;76/30;30;   4786486;   5170674;0;572;2566596;364723;69;9112;0.703975;518091;0;0;sBELA0;? Unchecked;v1.6.0-140-g9a10cc1
roadmap;dimacs;77/30;30;   2208885;   2401432;0;1481;5557803;1081125;34;9112;2.14518;503979;0;0;sBELA0;? Unchecked;v1.6.0-140-g9a10cc1
roadmap;dimacs;78/30;30;   4790473;   3438138;0;4048;23327747;5661239;30;9112;10.4301;542781;0;0;sBELA0;? Unchecked;v1.6.0-140-g9a10cc1
roadmap;dimacs;79/30;30;   3280776;   5251838;0;1342;7481277;979185;27;9112;1.92634;508315;0;0;sBELA0;? Unchecked;v1.6.0-140-g9a10cc1
roadmap;dimacs;80/30;30;   3994418;   5818995;0;855;3007251;464034;10;9112;0.812306;571255;0;0;sBELA0;? Unchecked;v1.6.0-140-g9a10cc1
roadmap;dimacs;81/30;30;   4879096;   3557810;0;5494;25822794;5879143;13;9112;10.7129;548790;0;0;sBELA0;? Unchecked;v1.6.0-140-g9a10cc1
roadmap;dimacs;82/30;30;   3103038;   3187215;0;3949;19507450;4596798;17;9112;9.12855;503563;0;0;sBELA0;? Unchecked;v1.6.0-140-g9a10cc1
roadmap;dimacs;83/30;30;   4201985;   4810591;0;3432;20139326;5578422;14;9112;10.4811;532236;0;0;sBELA0;? Unchecked;v1.6.0-140-g9a10cc1
roadmap;dimacs;84/30;30;   6144459;   1567853;0;3185;17553518;4881283;17;9112;9.62188;507311;0;0;sBELA0;? Unchecked;v1.6.0-140-g9a10cc1
roadmap;dimacs;85/30;30;   2159995;   5603476;0;3105;17973004;5269491;15;9112;10.3663;508330;0;0;sBELA0;? Unchecked;v1.6.0-140-g9a10cc1
roadmap;dimacs;86/30;30;   2176184;    506799;0;2380;11346909;2836944;7;9112;5.48787;516948;0;0;sBELA0;? Unchecked;v1.6.0-140-g9a10cc1
roadmap;dimacs;87/30;30;   3802848;   5404302;0;2633;13752441;2537745;15;9112;5.0981;497783;0;0;sBELA0;? Unchecked;v1.6.0-140-g9a10cc1
roadmap;dimacs;88/30;30;   1259137;   5623104;0;3374;19301066;5835937;8;9112;11.0173;529705;0;0;sBELA0;? Unchecked;v1.6.0-140-g9a10cc1
roadmap;dimacs;89/30;30;   2820263;   1434973;0;2471;10792596;3320893;17;9112;6.80951;487685;0;0;sBELA0;? Unchecked;v1.6.0-140-g9a10cc1
roadmap;dimacs;90/30;30;   4524729;      4104;0;1629;6647173;1393706;17;9112;2.79944;497851;0;0;sBELA0;? Unchecked;v1.6.0-140-g9a10cc1
roadmap;dimacs;91/30;30;   3667456;   4070555;0;870;5644862;1105912;44;9112;2.29976;480881;0;0;sBELA0;? Unchecked;v1.6.0-140-g9a10cc1
roadmap;dimacs;92/30;30;   1154079;   5856700;0;3626;21044626;6030398;15;9112;11.6923;515760;0;0;sBELA0;? Unchecked;v1.6.0-140-g9a10cc1
roadmap;dimacs;93/30;30;   4698390;   2397670;0;1399;3589202;611638;13;9112;1.10993;551059;0;0;sBELA0;? Unchecked;v1.6.0-140-g9a10cc1
roadmap;dimacs;94/30;30;   3506761;   4717549;0;3769;16478289;4490590;33;9112;8.69588;516405;0;0;sBELA0;? Unchecked;v1.6.0-140-g9a10cc1
roadmap;dimacs;95/30;30;   5875928;   3634686;0;4289;19051932;4834761;10;9112;9.38453;515184;0;0;sBELA0;? Unchecked;v1.6.0-140-g9a10cc1
roadmap;dimacs;96/30;30;   3632274;   4634758;0;1830;9534509;2366831;36;9112;4.91595;481460;0;0;sBELA0;? Unchecked;v1.6.0-140-g9a10cc1
roadmap;dimacs;97/30;30;   3762084;   1813719;0;976;4279563;633551;23;9112;1.35634;467102;0;0;sBELA0;? Unchecked;v1.6.0-140-g9a10cc1
roadmap;dimacs;98/30;30;    935811;   1640005;0;3122;15506256;3821405;3;9112;7.28412;524621;0;0;sBELA0;? Unchecked;v1.6.0-140-g9a10cc1
roadmap;dimacs;99/30;30;   2212088;   5403161;0;1423;8831337;2090243;36;9112;4.04589;516634;0;0;sBELA0;? Unchecked;v1.6.0-140-g9a10cc1
roadmap;dimacs;0/40;40;   4320996;   3421432;0;1088;6670242;887804;16;9112;1.7532;506392;0;0;sBELA0;? Unchecked;v1.6.0-140-g9a10cc1
roadmap;dimacs;1/40;40;   2710066;    136691;0;3416;19652591;4285747;7;9112;8.62187;497079;0;0;sBELA0;? Unchecked;v1.6.0-140-g9a10cc1
roadmap;dimacs;2/40;40;   4833717;    720610;0;2108;10104426;2663199;36;9112;5.27313;505051;0;0;sBELA0;? Unchecked;v1.6.0-140-g9a10cc1
roadmap;dimacs;3/40;40;   2142831;   2373369;0;1026;5387322;923929;35;9112;1.80095;513022;0;0;sBELA0;? Unchecked;v1.6.0-140-g9a10cc1
roadmap;dimacs;4/40;40;    553927;   6184741;0;2875;16021887;4502589;60;9112;8.23345;546865;0;0;sBELA0;? Unchecked;v1.6.0-140-g9a10cc1
roadmap;dimacs;5/40;40;   4290512;   3848681;0;2544;13330761;4141671;35;9112;7.93568;521905;0;0;sBELA0;? Unchecked;v1.6.0-140-g9a10cc1
roadmap;dimacs;6/40;40;   5084840;   5961415;0;3363;13573586;5235933;44;9112;9.9319;527183;0;0;sBELA0;? Unchecked;v1.6.0-140-g9a10cc1
roadmap;dimacs;7/40;40;   4846384;    101177;0;3060;17388336;4975268;52;9112;9.61226;517596;0;0;sBELA0;? Unchecked;v1.6.0-140-g9a10cc1
roadmap;dimacs;8/40;40;   4520980;    965983;0;1704;8453042;1597041;5;9112;3.49156;457401;0;0;sBELA0;? Unchecked;v1.6.0-140-g9a10cc1
roadmap;dimacs;9/40;40;   5487394;   5045506;0;3622;17334331;6217780;11;9117;12.6872;490083;0;0;sBELA0;? Unchecked;v1.6.0-140-g9a10cc1
roadmap;dimacs;10/40;40;   1926823;    854459;0;737;3116654;788736;21;9117;1.39766;564326;0;0;sBELA0;? Unchecked;v1.6.0-140-g9a10cc1
roadmap;dimacs;11/40;40;   3088686;   2457940;0;1437;9247936;1014153;35;9117;2.32757;435714;0;0;sBELA0;? Unchecked;v1.6.0-140-g9a10cc1
roadmap;dimacs;12/40;40;   1991621;   6102039;0;1166;3919756;481882;37;9117;0.906082;531830;0;0;sBELA0;? Unchecked;v1.6.0-140-g9a10cc1
roadmap;dimacs;13/40;40;   1679479;   3135970;0;2556;13105184;3810575;8;9117;7.14689;533179;0;0;sBELA0;? Unchecked;v1.6.0-140-g9a10cc1
roadmap;dimacs;14/40;40;   1063830;   4654604;0;1625;8671642;2218914;36;9117;4.67998;474129;0;0;sBELA0;? Unchecked;v1.6.0-140-g9a10cc1
roadmap;dimacs;15/40;40;   6224466;   1240446;0;2244;11870588;3204197;19;9117;6.46742;495437;0;0;sBELA0;? Unchecked;v1.6.0-140-g9a10cc1
roadmap;dimacs;16/40;40;   2418674;   4452024;0;2926;18598156;5098556;24;9117;9.68783;526284;0;0;sBELA0;? Unchecked;v1.6.0-140-g9a10cc1
roadmap;dimacs;17/40;40;   4931603;   4141462;0;537;2204183;196277;20;9117;0.438701;447405;0;0;sBELA0;? Unchecked;v1.6.0-140-g9a10cc1
roadmap;dimacs;18/40;40;   5574074;   4243473;0;883;3358537;277973;117;9117;0.541018;513796;0;0;sBELA0;? Unchecked;v1.6.0-140-g9a10cc1
roadmap;dimacs;19/40;40;   3494933;   2858057;0;2635;14815681;3205750;45;9117;6.43575;498116;0;0;sBELA0;? Unchecked;v1.6.0-140-g9a10cc1
roadmap;dimacs;20/40;40;    181323;    301703;0;2406;10476971;2337733;19;9117;4.73614;493594;0;0;sBELA0;? Unchecked;v1.6.0-140-g9a10cc1
roadmap;dimacs;21/40;40;   3315543;   4157337;0;3466;18996358;5815693;20;9117;11.0346;527044;0;0;sBELA0;? Unchecked;v1.6.0-140-g9a10cc1
roadmap;dimacs;22/40;40;   3908941;   5345394;0;4824;26973090;6228983;35;9117;11.9438;521525;0;0;sBELA0;? Unchecked;v1.6.0-140-g9a10cc1
roadmap;dimacs;23/40;40;   5242371;   4655349;0;1815;11130964;1841506;40;9117;3.74723;491432;0;0;sBELA0;? Unchecked;v1.6.0-140-g9a10cc1
roadmap;dimacs;24/40;40;   4961834;   2356084;0;2645;10622826;2009290;19;9117;4.17341;481450;0;0;sBELA0;? Unchecked;v1.6.0-140-g9a10cc1
roadmap;dimacs;25/40;40;   1035769;   4238789;0;3656;16540718;3509558;38;9117;6.90494;508267;0;0;sBELA0;? Unchecked;v1.6.0-140-g9a10cc1
roadmap;dimacs;26/40;40;   5543425;   3773681;0;1167;7412404;1273531;123;9117;2.51238;506902;0;0;sBELA0;? Unchecked;v1.6.0-140-g9a10cc1
roadmap;dimacs;27/40;40;   4268952;    369310;0;2765;12778653;2553428;20;9117;4.94533;516331;0;0;sBELA0;? Unchecked;v1.6.0-140-g9a10cc1
roadmap;dimacs;28/40;40;   3974048;   3829589;0;591;1086501;187686;35;9117;0.333986;561958;0;0;sBELA0;? Unchecked;v1.6.0-140-g9a10cc1
roadmap;dimacs;29/40;40;    294053;   1013690;0;2460;14275807;4045502;54;9117;7.37456;548575;0;0;sBELA0;? Unchecked;v1.6.0-140-g9a10cc1
roadmap;dimacs;30/40;40;   3379186;   5160800;0;2436;10391053;1840010;42;9117;3.79849;484405;0;0;sBELA0;? Unchecked;v1.6.0-140-g9a10cc1
roadmap;dimacs;31/40;40;   4901574;   3976463;0;3706;18642269;3536335;1;9117;7.33366;482206;0;0;sBELA0;? Unchecked;v1.6.0-140-g9a10cc1
roadmap;dimacs;32/40;40;   3401397;   2920525;0;2375;9286583;1802976;11;9117;3.66066;492528;0;0;sBELA0;? Unchecked;v1.6.0-140-g9a10cc1
roadmap;dimacs;33/40;40;   1580614;   2113646;0;1653;7681556;1946091;11;9117;3.50644;555004;0;0;sBELA0;? Unchecked;v1.6.0-140-g9a10cc1
roadmap;dimacs;34/40;40;   3461643;   2595916;0;2544;14183191;1468953;38;9117;3.1808;461818;0;0;sBELA0;? Unchecked;v1.6.0-140-g9a10cc1
roadmap;dimacs;35/40;40;   1972302;   2243773;0;2931;15270228;4156317;40;9117;7.83505;530477;0;0;sBELA0;? Unchecked;v1.6.0-140-g9a10cc1
roadmap;dimacs;36/40;40;   5635363;   1260073;0;4175;21538341;4713644;37;9117;9.15124;515082;0;0;sBELA0;? Unchecked;v1.6.0-140-g9a10cc1
roadmap;dimacs;37/40;40;     70522;   3752891;0;1511;7146223;1656993;55;9117;3.22533;513744;0;0;sBELA0;? Unchecked;v1.6.0-140-g9a10cc1
roadmap;dimacs;38/40;40;   1531608;   3855627;0;2208;8119659;2012711;44;9117;3.74976;536758;0;0;sBELA0;? Unchecked;v1.6.0-140-g9a10cc1
roadmap;dimacs;39/40;40;   1273069;   1293225;0;896;2270086;488807;33;9117;0.903401;541074;0;0;sBELA0;? Unchecked;v1.6.0-140-g9a10cc1
roadmap;dimacs;40/40;40;    343255;   3167742;0;1445;10349105;2857369;35;9117;5.36147;532945;0;0;sBELA0;? Unchecked;v1.6.0-140-g9a10cc1
roadmap;dimacs;41/40;40;   2036708;   4028423;0;4323;18850102;5859274;34;9117;11.1713;524495;0;0;sBELA0;? Unchecked;v1.6.0-140-g9a10cc1
roadmap;dimacs;42/40;40;   2450928;   3040803;0;3573;14485413;3776214;16;9117;6.8402;552062;0;0;sBELA0;? Unchecked;v1.6.0-140-g9a10cc1
roadmap;dimacs;43/40;40;   3872326;    927199;0;3308;18777171;4695453;34;9117;9.18987;510938;0;0;sBELA0;? Unchecked;v1.6.0-140-g9a10cc1
roadmap;dimacs;44/40;40;    787505;   5832579;0;2334;7666034;1702165;22;9117;3.26929;520654;0;0;sBELA0;? Unchecked;v1.6.0-140-g9a10cc1
roadmap;dimacs;45/40;40;   4694806;   1706582;0;1945;7741403;1976360;31;9117;3.79403;520914;0;0;sBELA0;? Unchecked;v1.6.0-140-g9a10cc1
roadmap;dimacs;46/40;40;    554299;   5975460;0;3318;17931408;5330861;68;9117;10.1016;527726;0;0;sBELA0;? Unchecked;v1.6.0-140-g9a10cc1
roadmap;dimacs;47/40;40;   4581127;    717795;0;1848;9567397;2627933;33;9117;5.41643;485178;0;0;sBELA0;? Unchecked;v1.6.0-140-g9a10cc1
roadmap;dimacs;48/40;40;   3064769;    215062;0;3037;15625628;3127162;17;9117;6.27788;498124;0;0;sBELA0;? Unchecked;v1.6.0-140-g9a10cc1
roadmap;dimacs;49/40;40;   6261467;   1869006;0;3894;20052490;6054189;23;9117;11.959;506245;0;0;sBELA0;? Unchecked;v1.6.0-140-g9a10cc1
roadmap;dimacs;50/40;40;   1085538;    780207;0;2254;11739069;3755669;10;9117;7.3636;510032;0;0;sBELA0;? Unchecked;v1.6.0-140-g9a10cc1
roadmap;dimacs;51/40;40;   6240682;   3040367;0;2850;13833192;5152317;36;9117;9.9679;516891;0;0;sBELA0;? Unchecked;v1.6.0-140-g9a10cc1
roadmap;dimacs;52/40;40;   6006351;   2224869;0;2514;7874557;1297281;13;9117;2.34619;552931;0;0;sBELA0;? Unchecked;v1.6.0-140-g9a10cc1
roadmap;dimacs;53/40;40;    508211;   5490672;0;2061;12054297;2999441;32;9117;5.86922;511046;0;0;sBELA0;? Unchecked;v1.6.0-140-g9a10cc1
roadmap;dimacs;54/40;40;    851471;   4412887;0;3299;17634457;5231443;32;9117;10.0463;520733;0;0;sBELA0;? Unchecked;v1.6.0-140-g9a10cc1
roadmap;dimacs;55/40;40;   1574156;   4529788;0;3463;15404822;3947066;7;9117;7.76949;508021;0;0;sBELA0;? Unchecked;v1.6.0-140-g9a10cc1
roadmap;dimacs;56/40;40;   2368242;   3295502;0;2933;17302481;5413880;60;9117;10.8239;500180;0;0;sBELA0;? Unchecked;v1.6.0-140-g9a10cc1
roadmap;dimacs;57/40;40;   5103576;    302904;0;3796;14559415;2910877;34;9117;5.46524;532616;0;0;sBELA0;? Unchecked;v1.6.0-140-g9a10cc1
roadmap;dimacs;58/40;40;   3951955;    573471;0;3360;14997440;3671974;32;9117;6.77634;541882;0;0;sBELA0;? Unchecked;v1.6.0-140-g9a10cc1
roadmap;dimacs;59/40;40;    367593;   3203334;0;1793;10535002;2602813;48;9117;4.9401;526874;0;0;sBELA0;? Unchecked;v1.6.0-140-g9a10cc1
roadmap;dimacs;60/40;40;   1691460;   5850252;0;5007;17713414;5327106;5;9117;10.008;532284;0;0;sBELA0;? Unchecked;v1.6.0-140-g9a10cc1
roadmap;dimacs;61/40;40;   2246743;   5790235;0;3504;11316605;2989490;22;9117;6.01552;496963;0;0;sBELA0;? Unchecked;v1.6.0-140-g9a10cc1
roadmap;dimacs;62/40;40;   1594081;   2684037;0;3633;19880608;6023300;20;9117;11.6412;517414;0;0;sBELA0;? Unchecked;v1.6.0-140-g9a10cc1
roadmap;dimacs;63/40;40;   3082704;   2876577;0;3629;19706259;4256921;28;9117;8.73682;487239;0;0;sBELA0;? Unchecked;v1.6.0-140-g9a10cc1
roadmap;dimacs;64/40;40;   5912922;    651978;0;3679;17410824;3671690;13;9117;7.2672;505242;0;0;sBELA0;? Unchecked;v1.6.0-140-g9a10cc1
roadmap;dimacs;65/40;40;   1688634;    523217;0;640;1739568;344648;96;9117;0.593132;581065;0;0;sBELA0;? Unchecked;v1.6.0-140-g9a10cc1
roadmap;dimacs;66/40;40;    539319;   3974427;0;3773;14527452;3713333;4;9117;6.75593;549641;0;0;sBELA0;? Unchecked;v1.6.0-140-g9a10cc1
roadmap;dimacs;67/40;40;   4094198;   2717153;0;1469;10586341;1619491;40;9117;3.50056;462638;0;0;sBELA0;? Unchecked;v1.6.0-140-g9a10cc1
roadmap;dimacs;68/40;40;    833395;   4272795;0;2301;12805216;3630343;23;9117;6.82981;531544;0;0;sBELA0;? Unchecked;v1.6.0-140-g9a10cc1
roadmap;dimacs;69/40;40;    217264;   4320040;0;2354;15906781;4516724;27;9117;8.42337;536214;0;0;sBELA0;? Unchecked;v1.6.0-140-g9a10cc1
roadmap;dimacs;70/40;40;   2014775;   3232619;0;3024;13925000;4238831;28;9117;8.24391;514177;0;0;sBELA0;? Unchecked;v1.6.0-140-g9a10cc1
roadmap;dimacs;71/40;40;   5960148;   3979553;0;1456;5968437;904768;47;9117;1.75336;516018;0;0;sBELA0;? Unchecked;v1.6.0-140-g9a10cc1
roadmap;dimacs;72/40;40;   3583772;   3923180;0;3490;20007587;5052176;33;9117;9.92862;508850;0;0;sBELA0;? Unchecked;v1.6.0-140-g9a10cc1
roadmap;dimacs;73/40;40;   5525796;    209527;0;1076;4982645;712481;43;9117;1.44709;492355;0;0;sBELA0;? Unchecked;v1.6.0-140-g9a10cc1
roadmap;dimacs;74/40;40;    973158;   4821763;0;3734;19631075;5959439;51;9117;11.1157;536129;0;0;sBELA0;? Unchecked;v1.6.0-140-g9a10cc1
roadmap;dimacs;75/40;40;   3296732;   4674091;0;2869;14060845;2762387;16;9117;5.52714;499786;0;0;sBELA0;? Unchecked;v1.6.0-140-g9a10cc1
roadmap;dimacs;76/40;40;   4786486;   5170674;0;575;2566622;364727;92;9117;0.719333;507035;0;0;sBELA0;? Unchecked;v1.6.0-140-g9a10cc1
roadmap;dimacs;77/40;40;   2208885;   2401432;0;1479;5557813;1081128;44;9117;2.14587;503817;0;0;sBELA0;? Unchecked;v1.6.0-140-g9a10cc1
roadmap;dimacs;78/40;40;   4790473;   3438138;0;4045;23327749;5661241;37;9117;10.5153;538379;0;0;sBELA0;? Unchecked;v1.6.0-140-g9a10cc1
roadmap;dimacs;79/40;40;   3280776;   5251838;0;1345;7481281;979185;34;9117;1.96474;498378;0;0;sBELA0;? Unchecked;v1.6.0-140-g9a10cc1
roadmap;dimacs;80/40;40;   3994418;   5818995;0;856;3007260;464038;12;9117;0.819209;566447;0;0;sBELA0;? Unchecked;v1.6.0-140-g9a10cc1
roadmap;dimacs;81/40;40;   4879096;   3557810;0;5494;25822795;5879143;18;9117;10.6881;550062;0;0;sBELA0;? Unchecked;v1.6.0-140-g9a10cc1
roadmap;dimacs;82/40;40;   3103038;   3187215;0;3954;19507453;4596798;21;9117;9.21103;499054;0;0;sBELA0;? Unchecked;v1.6.0-140-g9a10cc1
roadmap;dimacs;83/40;40;   4201985;   4810591;0;3431;20139328;5578423;18;9117;10.5164;530448;0;0;sBELA0;? Unchecked;v1.6.0-140-g9a10cc1
roadmap;dimacs;84/40;40;   6144459;   1567853;0;3185;17553520;4881286;23;9117;9.64566;506060;0;0;sBELA0;? Unchecked;v1.6.0-140-g9a10cc1
roadmap;dimacs;85/40;40;   2159995;   5603476;0;3105;17973007;5269491;21;9117;10.3655;508366;0;0;sBELA0;? Unchecked;v1.6.0-140-g9a10cc1
roadmap;dimacs;86/40;40;   2176184;    506799;0;2381;11346910;2836944;9;9117;5.4971;516080;0;0;sBELA0;? Unchecked;v1.6.0-140-g9a10cc1
roadmap;dimacs;87/40;40;   3802848;   5404302;0;2635;13752444;2537746;20;9117;5.11814;495834;0;0;sBELA0;? Unchecked;v1.6.0-140-g9a10cc1
roadmap;dimacs;88/40;40;   1259137;   5623104;0;3374;19301069;5835937;12;9117;10.9521;532858;0;0;sBELA0;? Unchecked;v1.6.0-140-g9a10cc1
roadmap;dimacs;89/40;40;   2820263;   1434973;0;2468;10792601;3320900;22;9117;6.90542;480912;0;0;sBELA0;? Unchecked;v1.6.0-140-g9a10cc1
roadmap;dimacs;90/40;40;   4524729;      4104;0;1624;6647193;1393713;26;9117;2.77447;502336;0;0;sBELA0;? Unchecked;v1.6.0-140-g9a10cc1
roadmap;dimacs;91/40;40;   3667456;   4070555;0;871;5644890;1105925;62;9117;2.34631;471346;0;0;sBELA0;? Unchecked;v1.6.0-140-g9a10cc1
roadmap;dimacs;92/40;40;   1154079;   5856700;0;3626;21044629;6030399;21;9117;11.7208;514506;0;0;sBELA0;? Unchecked;v1.6.0-140-g9a10cc1
roadmap;dimacs;93/40;40;   4698390;   2397670;0;1399;3589206;611640;17;9117;1.08816;562087;0;0;sBELA0;? Unchecked;v1.6.0-140-g9a10cc1
roadmap;dimacs;94/40;40;   3506761;   4717549;0;3770;16478293;4490590;44;9117;8.65971;518562;0;0;sBELA0;? Unchecked;v1.6.0-140-g9a10cc1
roadmap;dimacs;95/40;40;   5875928;   3634686;0;4291;19051935;4834763;13;9117;9.36229;516408;0;0;sBELA0;? Unchecked;v1.6.0-140-g9a10cc1
roadmap;dimacs;96/40;40;   3632274;   4634758;0;1831;9534523;2366834;50;9117;4.95608;477562;0;0;sBELA0;? Unchecked;v1.6.0-140-g9a10cc1
roadmap;dimacs;97/40;40;   3762084;   1813719;0;975;4279578;633559;31;9117;1.30721;484666;0;0;sBELA0;? Unchecked;v1.6.0-140-g9a10cc1
roadmap;dimacs;98/40;40;    935811;   1640005;0;3120;15506256;3821405;4;9117;7.27415;525340;0;0;sBELA0;? Unchecked;v1.6.0-140-g9a10cc1
roadmap;dimacs;99/40;40;   2212088;   5403161;0;1415;8831352;2090246;53;9117;4.03005;518666;0;0;sBELA0;? Unchecked;v1.6.0-140-g9a10cc1
roadmap;dimacs;0/50;50;   4320996;   3421432;0;1088;6670244;887804;21;9117;1.75579;505645;0;0;sBELA0;? Unchecked;v1.6.0-140-g9a10cc1
roadmap;dimacs;1/50;50;   2710066;    136691;0;3417;19652591;4285747;8;9117;8.68083;493702;0;0;sBELA0;? Unchecked;v1.6.0-140-g9a10cc1
roadmap;dimacs;2/50;50;   4833717;    720610;0;2107;10104428;2663202;43;9117;5.2905;503394;0;0;sBELA0;? Unchecked;v1.6.0-140-g9a10cc1
roadmap;dimacs;3/50;50;   2142831;   2373369;0;1024;5387324;923929;43;9117;1.80917;510694;0;0;sBELA0;? Unchecked;v1.6.0-140-g9a10cc1
roadmap;dimacs;4/50;50;    553927;   6184741;0;2874;16021893;4502592;78;9117;8.31096;541765;0;0;sBELA0;? Unchecked;v1.6.0-140-g9a10cc1
roadmap;dimacs;5/50;50;   4290512;   3848681;0;2544;13330771;4141680;44;9117;7.94886;521041;0;0;sBELA0;? Unchecked;v1.6.0-140-g9a10cc1
roadmap;dimacs;6/50;50;   5084840;   5961415;0;3363;13573591;5235935;52;9117;9.96817;525265;0;0;sBELA0;? Unchecked;v1.6.0-140-g9a10cc1
roadmap;dimacs;7/50;50;   4846384;    101177;0;3062;17388347;4975273;77;9117;9.6574;515177;0;0;sBELA0;? Unchecked;v1.6.0-140-g9a10cc1
roadmap;dimacs;8/50;50;   4520980;    965983;0;1701;8453047;1597043;7;9117;3.53635;451608;0;0;sBELA0;? Unchecked;v1.6.0-140-g9a10cc1
roadmap;dimacs;9/50;50;   5487394;   5045506;0;3623;17334332;6217781;14;9123;12.6453;491705;0;0;sBELA0;? Unchecked;v1.6.0-140-g9a10cc1
roadmap;dimacs;10/50;50;   1926823;    854459;0;732;3116668;788740;25;9123;1.40196;562597;0;0;sBELA0;? Unchecked;v1.6.0-140-g9a10cc1
roadmap;dimacs;11/50;50;   3088686;   2457940;0;1453;9247938;1014154;41;9123;2.28072;444663;0;0;sBELA0;? Unchecked;v1.6.0-140-g9a10cc1
roadmap;dimacs;12/50;50;   1991621;   6102039;0;1167;3919764;481885;47;9123;0.905155;532379;0;0;sBELA0;? Unchecked;v1.6.0-140-g9a10cc1
roadmap;dimacs;13/50;50;   1679479;   3135970;0;2558;13105185;3810576;9;9123;7.17407;531159;0;0;sBELA0;? Unchecked;v1.6.0-140-g9a10cc1
roadmap;dimacs;14/50;50;   1063830;   4654604;0;1628;8671644;2218914;43;9123;4.74577;467556;0;0;sBELA0;? Unchecked;v1.6.0-140-g9a10cc1
roadmap;dimacs;15/50;50;   6224466;   1240446;0;2250;11870590;3204199;24;9123;6.48993;493719;0;0;sBELA0;? Unchecked;v1.6.0-140-g9a10cc1
roadmap;dimacs;16/50;50;   2418674;   4452024;0;2928;18598157;5098556;28;9123;9.69397;525951;0;0;sBELA0;? Unchecked;v1.6.0-140-g9a10cc1
roadmap;dimacs;17/50;50;   4931603;   4141462;0;536;2204186;196277;24;9123;0.444839;441231;0;0;sBELA0;? Unchecked;v1.6.0-140-g9a10cc1
roadmap;dimacs;18/50;50;   5574074;   4243473;0;880;3358548;277976;133;9123;0.601306;462287;0;0;sBELA0;? Unchecked;v1.6.0-140-g9a10cc1
roadmap;dimacs;19/50;50;   3494933;   2858057;0;2637;14815684;3205752;54;9123;6.38829;501817;0;0;sBELA0;? Unchecked;v1.6.0-140-g9a10cc1
roadmap;dimacs;20/50;50;    181323;    301703;0;2405;10476972;2337733;23;9123;4.74339;492841;0;0;sBELA0;? Unchecked;v1.6.0-140-g9a10cc1
roadmap;dimacs;21/50;50;   3315543;   4157337;0;3468;18996360;5815694;24;9123;11.03;527262;0;0;sBELA0;? Unchecked;v1.6.0-140-g9a10cc1
roadmap;dimacs;22/50;50;   3908941;   5345394;0;4816;26973091;6228983;43;9123;12.0042;518900;0;0;sBELA0;? Unchecked;v1.6.0-140-g9a10cc1
roadmap;dimacs;23/50;50;   5242371;   4655349;0;1805;11130970;1841508;50;9123;3.80238;484304;0;0;sBELA0;? Unchecked;v1.6.0-140-g9a10cc1
roadmap;dimacs;24/50;50;   4961834;   2356084;0;2649;10622828;2009292;24;9123;4.15926;483089;0;0;sBELA0;? Unchecked;v1.6.0-140-g9a10cc1
roadmap;dimacs;25/50;50;   1035769;   4238789;0;3655;16540720;3509558;45;9123;6.90681;508130;0;0;sBELA0;? Unchecked;v1.6.0-140-g9a10cc1
roadmap;dimacs;26/50;50;   5543425;   3773681;0;1165;7412430;1273538;160;9123;2.53114;503147;0;0;sBELA0;? Unchecked;v1.6.0-140-g9a10cc1
roadmap;dimacs;27/50;50;   4268952;    369310;0;2766;12778654;2553429;26;9123;4.97681;513065;0;0;sBELA0;? Unchecked;v1.6.0-140-g9a10cc1
roadmap;dimacs;28/50;50;   3974048;   3829589;0;592;1086545;187692;48;9123;0.347918;539471;0;0;sBELA0;? Unchecked;v1.6.0-140-g9a10cc1
roadmap;dimacs;29/50;50;    294053;   1013690;0;2461;14275811;4045504;68;9123;7.37116;548829;0;0;sBELA0;? Unchecked;v1.6.0-140-g9a10cc1
roadmap;dimacs;30/50;50;   3379186;   5160800;0;2430;10391058;1840012;48;9123;3.75954;489425;0;0;sBELA0;? Unchecked;v1.6.0-140-g9a10cc1
roadmap;dimacs;31/50;50;   4901574;   3976463;0;3706;18642273;3536335;2;9123;7.3057;484051;0;0;sBELA0;? Unchecked;v1.6.0-140-g9a10cc1
roadmap;dimacs;32/50;50;   3401397;   2920525;0;2376;9286585;1802976;13;9123;3.67097;491145;0;0;sBELA0;? Unchecked;v1.6.0-140-g9a10cc1
roadmap;dimacs;33/50;50;   1580614;   2113646;0;1651;7681560;1946092;14;9123;3.51175;554165;0;0;sBELA0;? Unchecked;v1.6.0-140-g9a10cc1
roadmap;dimacs;34/50;50;   3461643;   2595916;0;2544;14183194;1468956;43;9123;3.18752;460846;0;0;sBELA0;? Unchecked;v1.6.0-140-g9a10cc1
roadmap;dimacs;35/50;50;   1972302;   2243773;0;2941;15270234;4156319;50;9123;7.89687;526325;0;0;sBELA0;? Unchecked;v1.6.0-140-g9a10cc1
roadmap;dimacs;36/50;50;   5635363;   1260073;0;4177;21538342;4713645;45;9123;9.12589;516513;0;0;sBELA0;? Unchecked;v1.6.0-140-g9a10cc1
roadmap;dimacs;37/50;50;     70522;   3752891;0;1511;7146231;1656993;64;9123;3.26794;507045;0;0;sBELA0;? Unchecked;v1.6.0-140-g9a10cc1
roadmap;dimacs;38/50;50;   1531608;   3855627;0;2209;8119664;2012711;58;9123;3.75337;536241;0;0;sBELA0;? Unchecked;v1.6.0-140-g9a10cc1
roadmap;dimacs;39/50;50;   1273069;   1293225;0;897;2270091;488808;41;9123;0.928364;526526;0;0;sBELA0;? Unchecked;v1.6.0-140-g9a10cc1
roadmap;dimacs;40/50;50;    343255;   3167742;0;1442;10349120;2857374;46;9123;5.35702;533389;0;0;sBELA0;? Unchecked;v1.6.0-140-g9a10cc1
roadmap;dimacs;41/50;50;   2036708;   4028423;0;4320;18850107;5859276;44;9123;11.1694;524584;0;0;sBELA0;? Unchecked;v1.6.0-140-g9a10cc1
roadmap;dimacs;42/50;50;   2450928;   3040803;0;3570;14485414;3776214;19;9123;6.93804;544276;0;0;sBELA0;? Unchecked;v1.6.0-140-g9a10cc1
roadmap;dimacs;43/50;50;   3872326;    927199;0;3306;18777174;4695455;40;9123;9.1544;512918;0;0;sBELA0;? Unchecked;v1.6.0-140-g9a10cc1
roadmap;dimacs;44/50;50;    787505;   5832579;0;2333;7666036;1702166;28;9123;3.27391;519919;0;0;sBELA0;? Unchecked;v1.6.0-140-g9a10cc1
roadmap;dimacs;45/50;50;   4694806;   1706582;0;1943;7741421;1976375;46;9123;3.78507;522150;0;0;sBELA0;? Unchecked;v1.6.0-140-g9a10cc1
roadmap;dimacs;46/50;50;    554299;   5975460;0;3321;17931411;5330863;79;9123;10.1274;526378;0;0;sBELA0;? Unchecked;v1.6.0-140-g9a10cc1
roadmap;dimacs;47/50;50;   4581127;    717795;0;1849;9567398;2627934;37;9123;5.46439;480920;0;0;sBELA0;? Unchecked;v1.6.0-140-g9a10cc1
roadmap;dimacs;48/50;50;   3064769;    215062;0;3042;15625630;3127163;21;9123;6.25239;500155;0;0;sBELA0;? Unchecked;v1.6.0-140-g9a10cc1
roadmap;dimacs;49/50;50;   6261467;   1869006;0;3896;20052491;6054189;26;9123;11.9411;507004;0;0;sBELA0;? Unchecked;v1.6.0-140-g9a10cc1
roadmap;dimacs;50/50;50;   1085538;    780207;0;2252;11739069;3755669;12;9123;7.37504;509240;0;0;sBELA0;? Unchecked;v1.6.0-140-g9a10cc1
roadmap;dimacs;51/50;50;   6240682;   3040367;0;2849;13833197;5152319;44;9123;9.92216;519274;0;0;sBELA0;? Unchecked;v1.6.0-140-g9a10cc1
roadmap;dimacs;52/50;50;   6006351;   2224869;0;2514;7874558;1297282;15;9123;2.33678;555159;0;0;sBELA0;? Unchecked;v1.6.0-140-g9a10cc1
roadmap;dimacs;53/50;50;    508211;   5490672;0;2064;12054300;2999444;37;9123;5.92939;505861;0;0;sBELA0;? Unchecked;v1.6.0-140-g9a10cc1
roadmap;dimacs;54/50;50;    851471;   4412887;0;3373;17634458;5231443;36;9123;9.88548;529205;0;0;sBELA0;? Unchecked;v1.6.0-140-g9a10cc1
roadmap;dimacs;55/50;50;   1574156;   4529788;0;3468;15404823;3947066;9;9123;7.1144;554800;0;0;sBELA0;? Unchecked;v1.6.0-140-g9a10cc1
roadmap;dimacs;56/50;50;   2368242;   3295502;0;2934;17302484;5413881;72;9123;10.3493;523116;0;0;sBELA0;? Unchecked;v1.6.0-140-g9a10cc1
roadmap;dimacs;57/50;50;   5103576;    302904;0;3794;14559417;2910877;40;9123;5.53171;526216;0;0;sBELA0;? Unchecked;v1.6.0-140-g9a10cc1
roadmap;dimacs;58/50;50;   3951955;    573471;0;3363;14997447;3671975;42;9123;6.87989;533726;0;0;sBELA0;? Unchecked;v1.6.0-140-g9a10cc1
roadmap;dimacs;59/50;50;    367593;   3203334;0;1793;10535010;2602815;64;9123;4.95898;524869;0;0;sBELA0;? Unchecked;v1.6.0-140-g9a10cc1
roadmap;dimacs;60/50;50;   1691460;   5850252;0;5008;17713415;5327107;7;9123;10.0516;529974;0;0;sBELA0;? Unchecked;v1.6.0-140-g9a10cc1
roadmap;dimacs;61/50;50;   2246743;   5790235;0;3505;11316606;2989491;27;9123;6.11235;489091;0;0;sBELA0;? Unchecked;v1.6.0-140-g9a10cc1
roadmap;dimacs;62/50;50;   1594081;   2684037;0;3635;19880610;6023300;25;9123;11.6282;517992;0;0;sBELA0;? Unchecked;v1.6.0-140-g9a10cc1
roadmap;dimacs;63/50;50;   3082704;   2876577;0;3632;19706262;4256921;34;9123;8.7563;486155;0;0;sBELA0;? Unchecked;v1.6.0-140-g9a10cc1
roadmap;dimacs;64/50;50;   5912922;    651978;0;3677;17410826;3671691;17;9123;7.31271;502097;0;0;sBELA0;? Unchecked;v1.6.0-140-g9a10cc1
roadmap;dimacs;65/50;50;   1688634;    523217;0;636;1739581;344664;116;9123;0.611189;563924;0;0;sBELA0;? Unchecked;v1.6.0-140-g9a10cc1
roadmap;dimacs;66/50;50;    539319;   3974427;0;3774;14527453;3713333;5;9123;6.81823;544618;0;0;sBELA0;? Unchecked;v1.6.0-140-g9a10cc1
roadmap;dimacs;67/50;50;   4094198;   2717153;0;1468;10586347;1619493;53;9123;3.52255;459751;0;0;sBELA0;? Unchecked;v1.6.0-140-g9a10cc1
roadmap;dimacs;68/50;50;    833395;   4272795;0;2299;12805217;3630344;26;9123;6.83856;530864;0;0;sBELA0;? Unchecked;v1.6.0-140-g9a10cc1
roadmap;dimacs;69/50;50;    217264;   4320040;0;2358;15906807;4516731;44;9123;8.38475;538684;0;0;sBELA0;? Unchecked;v1.6.0-140-g9a10cc1
roadmap;dimacs;70/50;50;   2014775;   3232619;0;3025;13925006;4238833;35;9123;8.23825;514531;0;0;sBELA0;? Unchecked;v1.6.0-140-g9a10cc1
roadmap;dimacs;71/50;50;   5960148;   3979553;0;1455;5968447;904771;63;9123;1.75678;515016;0;0;sBELA0;? Unchecked;v1.6.0-140-g9a10cc1
roadmap;dimacs;72/50;50;   3583772;   3923180;0;3492;20007591;5052178;42;9123;9.98496;505979;0;0;sBELA0;? Unchecked;v1.6.0-140-g9a10cc1
roadmap;dimacs;73/50;50;   5525796;    209527;0;1069;4982652;712483;55;9123;1.44331;493643;0;0;sBELA0;? Unchecked;v1.6.0-140-g9a10cc1
roadmap;dimacs;74/50;50;    973158;   4821763;0;3732;19631078;5959443;63;9123;11.1863;532744;0;0;sBELA0;? Unchecked;v1.6.0-140-g9a10cc1
roadmap;dimacs;75/50;50;   3296732;   4674091;0;2872;14060846;2762387;19;9123;5.48453;503669;0;0;sBELA0;? Unchecked;v1.6.0-140-g9a10cc1
roadmap;dimacs;76/50;50;   4786486;   5170674;0;572;2566649;364733;112;9123;0.724395;503500;0;0;sBELA0;? Unchecked;v1.6.0-140-g9a10cc1
roadmap;dimacs;77/50;50;   2208885;   2401432;0;1481;5557821;1081130;59;9123;2.24066;482505;0;0;sBELA0;? Unchecked;v1.6.0-140-g9a10cc1
roadmap;dimacs;78/50;50;   4790473;   3438138;0;4040;23327751;5661241;44;9123;10.5558;536317;0;0;sBELA0;? Unchecked;v1.6.0-140-g9a10cc1
roadmap;dimacs;79/50;50;   3280776;   5251838;0;1347;7481287;979189;44;9123;2.00993;487176;0;0;sBELA0;? Unchecked;v1.6.0-140-g9a10cc1
roadmap;dimacs;80/50;50;   3994418;   5818995;0;855;3007281;464044;18;9123;0.820953;565251;0;0;sBELA0;? Unchecked;v1.6.0-140-g9a10cc1
roadmap;dimacs;81/50;50;   4879096;   3557810;0;5493;25822795;5879143;20;9123;10.7512;546835;0;0;sBELA0;? Unchecked;v1.6.0-140-g9a10cc1
roadmap;dimacs;82/50;50;   3103038;   3187215;0;3946;19507456;4596798;28;9123;9.2315;497947;0;0;sBELA0;? Unchecked;v1.6.0-140-g9a10cc1
roadmap;dimacs;83/50;50;   4201985;   4810591;0;3430;20139331;5578423;22;9123;10.5585;528333;0;0;sBELA0;? Unchecked;v1.6.0-140-g9a10cc1
roadmap;dimacs;84/50;50;   6144459;   1567853;0;3188;17553521;4881288;26;9123;9.67658;504443;0;0;sBELA0;? Unchecked;v1.6.0-140-g9a10cc1
roadmap;dimacs;85/50;50;   2159995;   5603476;0;3106;17973008;5269491;24;9123;10.3812;507601;0;0;sBELA0;? Unchecked;v1.6.0-140-g9a10cc1
roadmap;dimacs;86/50;50;   2176184;    506799;0;2380;11346910;2836944;10;9123;5.53366;512671;0;0;sBELA0;? Unchecked;v1.6.0-140-g9a10cc1
roadmap;dimacs;87/50;50;   3802848;   5404302;0;2634;13752446;2537746;25;9123;5.11125;496502;0;0;sBELA0;? Unchecked;v1.6.0-140-g9a10cc1
roadmap;dimacs;88/50;50;   1259137;   5623104;0;3372;19301069;5835937;15;9123;10.9851;531262;0;0;sBELA0;? Unchecked;v1.6.0-140-g9a10cc1
roadmap;dimacs;89/50;50;   2820263;   1434973;0;2468;10792605;3320901;28;9123;6.89365;481733;0;0;sBELA0;? Unchecked;v1.6.0-140-g9a10cc1
roadmap;dimacs;90/50;50;   4524729;      4104;0;1630;6647207;1393717;35;9123;2.81164;495695;0;0;sBELA0;? Unchecked;v1.6.0-140-g9a10cc1
roadmap;dimacs;91/50;50;   3667456;   4070555;0;873;5644906;1105934;80;9123;2.32714;475234;0;0;sBELA0;? Unchecked;v1.6.0-140-g9a10cc1
roadmap;dimacs;92/50;50;   1154079;   5856700;0;3626;21044632;6030399;29;9123;11.7466;513376;0;0;sBELA0;? Unchecked;v1.6.0-140-g9a10cc1
roadmap;dimacs;93/50;50;   4698390;   2397670;0;1399;3589208;611641;19;9123;1.11473;548691;0;0;sBELA0;? Unchecked;v1.6.0-140-g9a10cc1
roadmap;dimacs;94/50;50;   3506761;   4717549;0;3769;16478297;4490594;54;9123;8.70427;515907;0;0;sBELA0;? Unchecked;v1.6.0-140-g9a10cc1
roadmap;dimacs;95/50;50;   5875928;   3634686;0;4291;19051941;4834763;18;9123;9.40079;514293;0;0;sBELA0;? Unchecked;v1.6.0-140-g9a10cc1
roadmap;dimacs;96/50;50;   3632274;   4634758;0;1830;9534533;2366836;64;9123;4.99576;473769;0;0;sBELA0;? Unchecked;v1.6.0-140-g9a10cc1
roadmap;dimacs;97/50;50;   3762084;   1813719;0;972;4279594;633563;39;9123;1.31125;483173;0;0;sBELA0;? Unchecked;v1.6.0-140-g9a10cc1
roadmap;dimacs;98/50;50;    935811;   1640005;0;3122;15506258;3821406;6;9123;7.29826;523605;0;0;sBELA0;? Unchecked;v1.6.0-140-g9a10cc1
roadmap;dimacs;99/50;50;   2212088;   5403161;0;1414;8831358;2090248;64;9123;4.11707;507703;0;0;sBELA0;? Unchecked;v1.6.0-140-g9a10cc1
roadmap;dimacs;0/60;60;   4320996;   3421432;0;1089;6670248;887804;26;9123;1.76553;502854;0;0;sBELA0;? Unchecked;v1.6.0-140-g9a10cc1
roadmap;dimacs;1/60;60;   2710066;    136691;0;3416;19652591;4285747;8;9123;8.70541;492308;0;0;sBELA0;? Unchecked;v1.6.0-140-g9a10cc1
roadmap;dimacs;2/60;60;   4833717;    720610;0;2107;10104429;2663202;49;9123;5.2676;505582;0;0;sBELA0;? Unchecked;v1.6.0-140-g9a10cc1
roadmap;dimacs;3/60;60;   2142831;   2373369;0;1027;5387327;923931;50;9123;1.85797;497280;0;0;sBELA0;? Unchecked;v1.6.0-140-g9a10cc1
roadmap;dimacs;4/60;60;    553927;   6184741;0;2876;16021897;4502592;93;9123;8.27432;544165;0;0;sBELA0;? Unchecked;v1.6.0-140-g9a10cc1
roadmap;dimacs;5/60;60;   4290512;   3848681;0;2542;13330772;4141682;50;9123;7.97846;519108;0;0;sBELA0;? Unchecked;v1.6.0-140-g9a10cc1
roadmap;dimacs;6/60;60;   5084840;   5961415;0;3366;13573597;5235938;62;9123;9.97586;524861;0;0;sBELA0;? Unchecked;v1.6.0-140-g9a10cc1
roadmap;dimacs;7/60;60;   4846384;    101177;0;3060;17388353;4975277;91;9123;9.67493;514244;0;0;sBELA0;? Unchecked;v1.6.0-140-g9a10cc1
roadmap;dimacs;8/60;60;   4520980;    965983;0;1701;8453047;1597043;8;9123;3.5452;450481;0;0;sBELA0;? Unchecked;v1.6.0-140-g9a10cc1
roadmap;dimacs;9/60;60;   5487394;   5045506;0;3622;17334332;6217781;15;9127;12.6931;489856;0;0;sBELA0;? Unchecked;v1.6.0-140-g9a10cc1
roadmap;dimacs;10/60;60;   1926823;    854459;0;739;3116684;788740;29;9127;1.45779;541051;0;0;sBELA0;? Unchecked;v1.6.0-140-g9a10cc1
roadmap;dimacs;11/60;60;   3088686;   2457940;0;1453;9247940;1014155;49;9127;2.29535;441831;0;0;sBELA0;? Unchecked;v1.6.0-140-g9a10cc1
roadmap;dimacs;12/60;60;   1991621;   6102039;0;1164;3919768;481886;55;9127;0.9093;529952;0;0;sBELA0;? Unchecked;v1.6.0-140-g9a10cc1
roadmap;dimacs;13/60;60;   1679479;   3135970;0;2556;13105185;3810576;10;9127;7.12986;534453;0;0;sBELA0;? Unchecked;v1.6.0-140-g9a10cc1
roadmap;dimacs;14/60;60;   1063830;   4654604;0;1624;8671646;2218916;48;9127;4.71577;470531;0;0;sBELA0;? Unchecked;v1.6.0-140-g9a10cc1
roadmap;dimacs;15/60;60;   6224466;   1240446;0;2246;11870591;3204200;28;9127;6.51092;492127;0;0;sBELA0;? Unchecked;v1.6.0-140-g9a10cc1
roadmap;dimacs;16/60;60;   2418674;   4452024;0;2930;18598158;5098556;33;9127;9.71754;524676;0;0;sBELA0;? Unchecked;v1.6.0-140-g9a10cc1
roadmap;dimacs;17/60;60;   4931603;   4141462;0;536;2204189;196277;27;9127;0.467473;419868;0;0;sBELA0;? Unchecked;v1.6.0-140-g9a10cc1
roadmap;dimacs;18/60;60;   5574074;   4243473;0;886;3358562;277979;160;9127;0.567148;490134;0;0;sBELA0;? Unchecked;v1.6.0-140-g9a10cc1
roadmap;dimacs;19/60;60;   3494933;   2858057;0;2638;14815687;3205753;63;9127;6.4194;499385;0;0;sBELA0;? Unchecked;v1.6.0-140-g9a10cc1
roadmap;dimacs;20/60;60;    181323;    301703;0;2409;10476972;2337733;25;9127;4.6981;497591;0;0;sBELA0;? Unchecked;v1.6.0-140-g9a10cc1
roadmap;dimacs;21/60;60;   3315543;   4157337;0;3467;18996361;5815694;27;9127;11.0348;527032;0;0;sBELA0;? Unchecked;v1.6.0-140-g9a10cc1
roadmap;dimacs;22/60;60;   3908941;   5345394;0;4817;26973093;6228983;50;9127;12.0186;518277;0;0;sBELA0;? Unchecked;v1.6.0-140-g9a10cc1
roadmap;dimacs;23/60;60;   5242371;   4655349;0;1818;11130979;1841512;60;9127;3.78063;487092;0;0;sBELA0;? Unchecked;v1.6.0-140-g9a10cc1
roadmap;dimacs;24/60;60;   4961834;   2356084;0;2645;10622829;2009292;28;9127;4.22921;475099;0;0;sBELA0;? Unchecked;v1.6.0-140-g9a10cc1
roadmap;dimacs;25/60;60;   1035769;   4238789;0;3655;16540722;3509558;51;9127;6.95879;504334;0;0;sBELA0;? Unchecked;v1.6.0-140-g9a10cc1
roadmap;dimacs;26/60;60;   5543425;   3773681;0;1167;7412450;1273549;205;9127;2.52965;503449;0;0;sBELA0;? Unchecked;v1.6.0-140-g9a10cc1
roadmap;dimacs;27/60;60;   4268952;    369310;0;2766;12778655;2553429;30;9127;5.01468;509191;0;0;sBELA0;? Unchecked;v1.6.0-140-g9a10cc1
roadmap;dimacs;28/60;60;   3974048;   3829589;0;592;1086558;187696;56;9127;0.35012;536091;0;0;sBELA0;? Unchecked;v1.6.0-140-g9a10cc1
roadmap;dimacs;29/60;60;    294053;   1013690;0;2463;14275814;4045507;80;9127;7.38969;547453;0;0;sBELA0;? Unchecked;v1.6.0-140-g9a10cc1
roadmap;dimacs;30/60;60;   3379186;   5160800;0;2427;10391065;1840018;56;9127;3.81789;481946;0;0;sBELA0;? Unchecked;v1.6.0-140-g9a10cc1
roadmap;dimacs;31/60;60;   4901574;   3976463;0;3706;18642273;3536335;2;9127;7.31028;483749;0;0;sBELA0;? Unchecked;v1.6.0-140-g9a10cc1
roadmap;dimacs;32/60;60;   3401397;   2920525;0;2374;9286586;1802977;15;9127;3.67071;491179;0;0;sBELA0;? Unchecked;v1.6.0-140-g9a10cc1
roadmap;dimacs;33/60;60;   1580614;   2113646;0;1653;7681567;1946093;17;9127;3.53048;551226;0;0;sBELA0;? Unchecked;v1.6.0-140-g9a10cc1
roadmap;dimacs;34/60;60;   3461643;   2595916;0;2550;14183197;1468956;49;9127;3.19613;459605;0;0;sBELA0;? Unchecked;v1.6.0-140-g9a10cc1
roadmap;dimacs;35/60;60;   1972302;   2243773;0;2931;15270237;4156319;58;9127;7.8465;529703;0;0;sBELA0;? Unchecked;v1.6.0-140-g9a10cc1
roadmap;dimacs;36/60;60;   5635363;   1260073;0;4146;21538344;4713645;49;9127;9.13444;516030;0;0;sBELA0;? Unchecked;v1.6.0-140-g9a10cc1
roadmap;dimacs;37/60;60;     70522;   3752891;0;1515;7146235;1656995;74;9127;3.26717;507165;0;0;sBELA0;? Unchecked;v1.6.0-140-g9a10cc1
roadmap;dimacs;38/60;60;   1531608;   3855627;0;2208;8119667;2012712;68;9127;3.80422;529074;0;0;sBELA0;? Unchecked;v1.6.0-140-g9a10cc1
roadmap;dimacs;39/60;60;   1273069;   1293225;0;897;2270097;488808;49;9127;0.935904;522284;0;0;sBELA0;? Unchecked;v1.6.0-140-g9a10cc1
roadmap;dimacs;40/60;60;    343255;   3167742;0;1446;10349126;2857377;57;9127;5.41409;527767;0;0;sBELA0;? Unchecked;v1.6.0-140-g9a10cc1
roadmap;dimacs;41/60;60;   2036708;   4028423;0;4322;18850109;5859276;52;9127;11.1977;523258;0;0;sBELA0;? Unchecked;v1.6.0-140-g9a10cc1
roadmap;dimacs;42/60;60;   2450928;   3040803;0;3571;14485415;3776215;21;9127;6.88521;548453;0;0;sBELA0;? Unchecked;v1.6.0-140-g9a10cc1
roadmap;dimacs;43/60;60;   3872326;    927199;0;3309;18777183;4695460;50;9127;9.2272;508872;0;0;sBELA0;? Unchecked;v1.6.0-140-g9a10cc1
roadmap;dimacs;44/60;60;    787505;   5832579;0;2337;7666038;1702166;37;9127;3.28022;518917;0;0;sBELA0;? Unchecked;v1.6.0-140-g9a10cc1
roadmap;dimacs;45/60;60;   4694806;   1706582;0;1944;7741428;1976379;52;9127;3.83896;514822;0;0;sBELA0;? Unchecked;v1.6.0-140-g9a10cc1
roadmap;dimacs;46/60;60;    554299;   5975460;0;3318;17931412;5330864;87;9127;10.119;526815;0;0;sBELA0;? Unchecked;v1.6.0-140-g9a10cc1
roadmap;dimacs;47/60;60;   4581127;    717795;0;1840;9567400;2627934;42;9127;5.51413;476582;0;0;sBELA0;? Unchecked;v1.6.0-140-g9a10cc1
roadmap;dimacs;48/60;60;   3064769;    215062;0;3037;15625631;3127163;25;9127;6.30241;496185;0;0;sBELA0;? Unchecked;v1.6.0-140-g9a10cc1
roadmap;dimacs;49/60;60;   6261467;   1869006;0;3905;20052493;6054189;31;9127;11.955;506413;0;0;sBELA0;? Unchecked;v1.6.0-140-g9a10cc1
roadmap;dimacs;50/60;60;   1085538;    780207;0;2251;11739069;3755669;13;9127;7.36576;509882;0;0;sBELA0;? Unchecked;v1.6.0-140-g9a10cc1
roadmap;dimacs;51/60;60;   6240682;   3040367;0;2849;13833203;5152319;52;9127;9.94637;518010;0;0;sBELA0;? Unchecked;v1.6.0-140-g9a10cc1
roadmap;dimacs;52/60;60;   6006351;   2224869;0;2508;7874559;1297284;17;9127;2.40941;538423;0;0;sBELA0;? Unchecked;v1.6.0-140-g9a10cc1
roadmap;dimacs;53/60;60;    508211;   5490672;0;2061;12054302;2999444;41;9127;5.90102;508292;0;0;sBELA0;? Unchecked;v1.6.0-140-g9a10cc1
roadmap;dimacs;54/60;60;    851471;   4412887;0;3297;17634460;5231443;39;9127;9.91593;527580;0;0;sBELA0;? Unchecked;v1.6.0-140-g9a10cc1
roadmap;dimacs;55/60;60;   1574156;   4529788;0;3464;15404824;3947066;10;9127;7.13979;552827;0;0;sBELA0;? Unchecked;v1.6.0-140-g9a10cc1
roadmap;dimacs;56/60;60;   2368242;   3295502;0;2933;17302485;5413881;83;9127;10.3827;521433;0;0;sBELA0;? Unchecked;v1.6.0-140-g9a10cc1
roadmap;dimacs;57/60;60;   5103576;    302904;0;3796;14559418;2910877;45;9127;5.51249;528051;0;0;sBELA0;? Unchecked;v1.6.0-140-g9a10cc1
roadmap;dimacs;58/60;60;   3951955;    573471;0;3364;14997451;3671975;52;9127;6.91432;531068;0;0;sBELA0;? Unchecked;v1.6.0-140-g9a10cc1
roadmap;dimacs;59/60;60;    367593;   3203334;0;1794;10535015;2602817;74;9127;5.01009;519515;0;0;sBELA0;? Unchecked;v1.6.0-140-g9a10cc1
roadmap;dimacs;60/60;60;   1691460;   5850252;0;5002;17713415;5327107;7;9127;10.0673;529147;0;0;sBELA0;? Unchecked;v1.6.0-140-g9a10cc1
roadmap;dimacs;61/60;60;   2246743;   5790235;0;3500;11316607;2989491;33;9127;6.08248;491492;0;0;sBELA0;? Unchecked;v1.6.0-140-g9a10cc1
roadmap;dimacs;62/60;60;   1594081;   2684037;0;3636;19880611;6023300;32;9127;11.67;516135;0;0;sBELA0;? Unchecked;v1.6.0-140-g9a10cc1
roadmap;dimacs;63/60;60;   3082704;   2876577;0;3630;19706263;4256921;38;9127;8.79212;484174;0;0;sBELA0;? Unchecked;v1.6.0-140-g9a10cc1
roadmap;dimacs;64/60;60;   5912922;    651978;0;3679;17410831;3671693;19;9127;7.35881;498952;0;0;sBELA0;? Unchecked;v1.6.0-140-g9a10cc1
roadmap;dimacs;65/60;60;   1688634;    523217;0;636;1739591;344671;134;9127;0.651387;529134;0;0;sBELA0;? Unchecked;v1.6.0-140-g9a10cc1
roadmap;dimacs;66/60;60;    539319;   3974427;0;3774;14527453;3713333;5;9127;6.7835;547407;0;0;sBELA0;? Unchecked;v1.6.0-140-g9a10cc1
roadmap;dimacs;67/60;60;   4094198;   2717153;0;1470;10586352;1619495;64;9127;3.52957;458836;0;0;sBELA0;? Unchecked;v1.6.0-140-g9a10cc1
roadmap;dimacs;68/60;60;    833395;   4272795;0;2297;12805219;3630345;29;9127;6.86135;529101;0;0;sBELA0;? Unchecked;v1.6.0-140-g9a10cc1
roadmap;dimacs;69/60;60;    217264;   4320040;0;2356;15906816;4516733;52;9127;8.46023;533878;0;0;sBELA0;? Unchecked;v1.6.0-140-g9a10cc1
roadmap;dimacs;70/60;60;   2014775;   3232619;0;3027;13925009;4238833;43;9127;8.26515;512856;0;0;sBELA0;? Unchecked;v1.6.0-140-g9a10cc1
roadmap;dimacs;71/60;60;   5960148;   3979553;0;1454;5968456;904774;81;9127;1.81852;497533;0;0;sBELA0;? Unchecked;v1.6.0-140-g9a10cc1
roadmap;dimacs;72/60;60;   3583772;   3923180;0;3488;20007592;5052179;49;9127;9.95929;507283;0;0;sBELA0;? Unchecked;v1.6.0-140-g9a10cc1
roadmap;dimacs;73/60;60;   5525796;    209527;0;1071;4982658;712488;68;9127;1.45213;490650;0;0;sBELA0;? Unchecked;v1.6.0-140-g9a10cc1
roadmap;dimacs;74/60;60;    973158;   4821763;0;3736;19631080;5959443;76;9127;11.2798;528331;0;0;sBELA0;? Unchecked;v1.6.0-140-g9a10cc1
roadmap;dimacs;75/60;60;   3296732;   4674091;0;2870;14060847;2762387;23;9127;5.53481;499093;0;0;sBELA0;? Unchecked;v1.6.0-140-g9a10cc1
roadmap;dimacs;76/60;60;   4786486;   5170674;0;574;2566688;364737;143;9127;0.728432;500715;0;0;sBELA0;? Unchecked;v1.6.0-140-g9a10cc1
roadmap;dimacs;77/60;60;   2208885;   2401432;0;1480;5557830;1081133;73;9127;2.19926;491591;0;0;sBELA0;? Unchecked;v1.6.0-140-g9a10cc1
roadmap;dimacs;78/60;60;   4790473;   3438138;0;4050;23327754;5661241;51;9127;10.5557;536321;0;0;sBELA0;? Unchecked;v1.6.0-140-g9a10cc1
roadmap;dimacs;79/60;60;   3280776;   5251838;0;1346;7481290;979190;53;9127;1.99441;490967;0;0;sBELA0;? Unchecked;v1.6.0-140-g9a10cc1
roadmap;dimacs;80/60;60;   3994418;   5818995;0;855;3007287;464046;22;9127;0.822373;564277;0;0;sBELA0;? Unchecked;v1.6.0-140-g9a10cc1
roadmap;dimacs;81/60;60;   4879096;   3557810;0;5494;25822796;5879144;24;9127;10.756;546593;0;0;sBELA0;? Unchecked;v1.6.0-140-g9a10cc1
roadmap;dimacs;82/60;60;   3103038;   3187215;0;3948;19507458;4596798;32;9127;9.23681;497661;0;0;sBELA0;? Unchecked;v1.6.0-140-g9a10cc1
roadmap;dimacs;83/60;60;   4201985;   4810591;0;3431;20139333;5578426;26;9127;10.5748;527521;0;0;sBELA0;? Unchecked;v1.6.0-140-g9a10cc1
roadmap;dimacs;84/60;60;   6144459;   1567853;0;3185;17553523;4881289;30;9127;9.67743;504399;0;0;sBELA0;? Unchecked;v1.6.0-140-g9a10cc1
roadmap;dimacs;85/60;60;   2159995;   5603476;0;3103;17973009;5269491;28;9127;10.3955;506901;0;0;sBELA0;? Unchecked;v1.6.0-140-g9a10cc1
roadmap;dimacs;86/60;60;   2176184;    506799;0;2382;11346910;2836944;12;9127;5.5084;515022;0;0;sBELA0;? Unchecked;v1.6.0-140-g9a10cc1
roadmap;dimacs;87/60;60;   3802848;   5404302;0;2635;13752448;2537747;30;9127;5.22285;485893;0;0;sBELA0;? Unchecked;v1.6.0-140-g9a10cc1
roadmap;dimacs;88/60;60;   1259137;   5623104;0;3373;19301070;5835937;16;9127;10.9924;530908;0;0;sBELA0;? Unchecked;v1.6.0-140-g9a10cc1
roadmap;dimacs;89/60;60;   2820263;   1434973;0;2471;10792609;3320904;32;9127;6.86951;483427;0;0;sBELA0;? Unchecked;v1.6.0-140-g9a10cc1
roadmap;dimacs;90/60;60;   4524729;      4104;0;1618;6647227;1393724;46;9127;2.80661;496587;0;0;sBELA0;? Unchecked;v1.6.0-140-g9a10cc1
roadmap;dimacs;91/60;60;   3667456;   4070555;0;862;5644929;1105947;104;9127;2.32187;476318;0;0;sBELA0;? Unchecked;v1.6.0-140-g9a10cc1
roadmap;dimacs;92/60;60;   1154079;   5856700;0;3626;21044633;6030399;33;9127;11.8366;509469;0;0;sBELA0;? Unchecked;v1.6.0-140-g9a10cc1
roadmap;dimacs;93/60;60;   4698390;   2397670;0;1400;3589210;611641;23;9127;1.12579;543298;0;0;sBELA0;? Unchecked;v1.6.0-140-g9a10cc1
roadmap;dimacs;94/60;60;   3506761;   4717549;0;3769;16478302;4490595;66;9127;8.7377;513933;0;0;sBELA0;? Unchecked;v1.6.0-140-g9a10cc1
roadmap;dimacs;95/60;60;   5875928;   3634686;0;4293;19051944;4834763;22;9127;9.41905;513296;0;0;sBELA0;? Unchecked;v1.6.0-140-g9a10cc1
roadmap;dimacs;96/60;60;   3632274;   4634758;0;1829;9534539;2366836;76;9127;4.94452;478679;0;0;sBELA0;? Unchecked;v1.6.0-140-g9a10cc1
roadmap;dimacs;97/60;60;   3762084;   1813719;0;977;4279600;633567;49;9127;1.3158;481508;0;0;sBELA0;? Unchecked;v1.6.0-140-g9a10cc1
roadmap;dimacs;98/60;60;    935811;   1640005;0;3124;15506258;3821406;6;9127;7.28054;524879;0;0;sBELA0;? Unchecked;v1.6.0-140-g9a10cc1
roadmap;dimacs;99/60;60;   2212088;   5403161;0;1435;8831365;2090249;73;9127;4.08244;512009;0;0;sBELA0;? Unchecked;v1.6.0-140-g9a10cc1
roadmap;dimacs;0/70;70;   4320996;   3421432;0;1088;6670249;887804;31;9127;1.77943;498925;0;0;sBELA0;? Unchecked;v1.6.0-140-g9a10cc1
roadmap;dimacs;1/70;70;   2710066;    136691;0;3417;19652591;4285747;9;9127;8.71064;492013;0;0;sBELA0;? Unchecked;v1.6.0-140-g9a10cc1
roadmap;dimacs;2/70;70;   4833717;    720610;0;2111;10104430;2663203;56;9127;5.29874;502610;0;0;sBELA0;? Unchecked;v1.6.0-140-g9a10cc1
roadmap;dimacs;3/70;70;   2142831;   2373369;0;1035;5387332;923933;63;9127;1.83658;503071;0;0;sBELA0;? Unchecked;v1.6.0-140-g9a10cc1
roadmap;dimacs;4/70;70;    553927;   6184741;0;2873;16021899;4502593;102;9127;8.32782;540669;0;0;sBELA0;? Unchecked;v1.6.0-140-g9a10cc1
roadmap;dimacs;5/70;70;   4290512;   3848681;0;2541;13330773;4141684;54;9127;7.97725;519187;0;0;sBELA0;? Unchecked;v1.6.0-140-g9a10cc1
roadmap;dimacs;6/70;70;   5084840;   5961415;0;3361;13573607;5235942;78;9127;9.9854;524360;0;0;sBELA0;? Unchecked;v1.6.0-140-g9a10cc1
roadmap;dimacs;7/70;70;   4846384;    101177;0;3060;17388355;4975277;99;9127;9.69926;512954;0;0;sBELA0;? Unchecked;v1.6.0-140-g9a10cc1
roadmap;dimacs;8/70;70;   4520980;    965983;0;1703;8453048;1597044;9;9127;3.53039;452370;0;0;sBELA0;? Unchecked;v1.6.0-140-g9a10cc1
roadmap;dimacs;9/70;70;   5487394;   5045506;0;3622;17334334;6217781;18;9132;12.6775;490456;0;0;sBELA0;? Unchecked;v1.6.0-140-g9a10cc1
roadmap;dimacs;10/70;70;   1926823;    854459;0;737;3116685;788741;33;9132;1.4618;539568;0;0;sBELA0;? Unchecked;v1.6.0-140-g9a10cc1
roadmap;dimacs;11/70;70;   3088686;   2457940;0;1453;9247942;1014155;58;9132;2.30017;440904;0;0;sBELA0;? Unchecked;v1.6.0-140-g9a10cc1
roadmap;dimacs;12/70;70;   1991621;   6102039;0;1164;3919774;481889;63;9132;0.927051;519808;0;0;sBELA0;? Unchecked;v1.6.0-140-g9a10cc1
roadmap;dimacs;13/70;70;   1679479;   3135970;0;2555;13105186;3810576;12;9132;7.19448;529653;0;0;sBELA0;? Unchecked;v1.6.0-140-g9a10cc1
roadmap;dimacs;14/70;70;   1063830;   4654604;0;1626;8671647;2218917;54;9132;4.7831;463908;0;0;sBELA0;? Unchecked;v1.6.0-140-g9a10cc1
roadmap;dimacs;15/70;70;   6224466;   1240446;0;2245;11870593;3204204;35;9132;6.5118;492061;0;0;sBELA0;? Unchecked;v1.6.0-140-g9a10cc1
roadmap;dimacs;16/70;70;   2418674;   4452024;0;2927;18598159;5098557;40;9132;9.76098;522341;0;0;sBELA0;? Unchecked;v1.6.0-140-g9a10cc1
roadmap;dimacs;17/70;70;   4931603;   4141462;0;539;2204193;196277;32;9132;0.478354;410318;0;0;sBELA0;? Unchecked;v1.6.0-140-g9a10cc1
roadmap;dimacs;18/70;70;   5574074;   4243473;0;835;3358575;277981;185;9132;0.574342;483999;0;0;sBELA0;? Unchecked;v1.6.0-140-g9a10cc1
roadmap;dimacs;19/70;70;   3494933;   2858057;0;2633;14815690;3205754;73;9132;6.45101;496939;0;0;sBELA0;? Unchecked;v1.6.0-140-g9a10cc1
roadmap;dimacs;20/70;70;    181323;    301703;0;2410;10476973;2337734;27;9132;4.75496;491641;0;0;sBELA0;? Unchecked;v1.6.0-140-g9a10cc1
roadmap;dimacs;21/70;70;   3315543;   4157337;0;3467;18996362;5815694;30;9132;11.0609;525790;0;0;sBELA0;? Unchecked;v1.6.0-140-g9a10cc1
roadmap;dimacs;22/70;70;   3908941;   5345394;0;4816;26973094;6228983;58;9132;12.0638;516337;0;0;sBELA0;? Unchecked;v1.6.0-140-g9a10cc1
roadmap;dimacs;23/70;70;   5242371;   4655349;0;1817;11130986;1841516;69;9132;3.82502;481439;0;0;sBELA0;? Unchecked;v1.6.0-140-g9a10cc1
roadmap;dimacs;24/70;70;   4961834;   2356084;0;2642;10622830;2009292;33;9132;4.19157;479364;0;0;sBELA0;? Unchecked;v1.6.0-140-g9a10cc1
roadmap;dimacs;25/70;70;   1035769;   4238789;0;3654;16540724;3509558;56;9132;6.94496;505339;0;0;sBELA0;? Unchecked;v1.6.0-140-g9a10cc1
roadmap;dimacs;26/70;70;   5543425;   3773681;0;1168;7412467;1273553;244;9132;2.54968;499495;0;0;sBELA0;? Unchecked;v1.6.0-140-g9a10cc1
roadmap;dimacs;27/70;70;   4268952;    369310;0;2767;12778655;2553429;31;9132;4.99899;510789;0;0;sBELA0;? Unchecked;v1.6.0-140-g9a10cc1
roadmap;dimacs;28/70;70;   3974048;   3829589;0;591;1086560;187697;61;9132;0.360086;521257;0;0;sBELA0;? Unchecked;v1.6.0-140-g9a10cc1
roadmap;dimacs;29/70;70;    294053;   1013690;0;2462;14275816;4045507;89;9132;7.39135;547330;0;0;sBELA0;? Unchecked;v1.6.0-140-g9a10cc1
roadmap;dimacs;30/70;70;   3379186;   5160800;0;2428;10391067;1840019;63;9132;3.78509;486123;0;0;sBELA0;? Unchecked;v1.6.0-140-g9a10cc1
roadmap;dimacs;31/70;70;   4901574;   3976463;0;3707;18642276;3536338;3;9132;7.34601;481396;0;0;sBELA0;? Unchecked;v1.6.0-140-g9a10cc1
roadmap;dimacs;32/70;70;   3401397;   2920525;0;2373;9286591;1802978;18;9132;3.69905;487416;0;0;sBELA0;? Unchecked;v1.6.0-140-g9a10cc1
roadmap;dimacs;33/70;70;   1580614;   2113646;0;1651;7681569;1946093;20;9132;3.52281;552426;0;0;sBELA0;? Unchecked;v1.6.0-140-g9a10cc1
roadmap;dimacs;34/70;70;   3461643;   2595916;0;2545;14183199;1468956;57;9132;3.22349;455704;0;0;sBELA0;? Unchecked;v1.6.0-140-g9a10cc1
roadmap;dimacs;35/70;70;   1972302;   2243773;0;2931;15270240;4156319;68;9132;7.92527;524439;0;0;sBELA0;? Unchecked;v1.6.0-140-g9a10cc1
roadmap;dimacs;36/70;70;   5635363;   1260073;0;4178;21538345;4713645;58;9132;9.16788;514148;0;0;sBELA0;? Unchecked;v1.6.0-140-g9a10cc1
roadmap;dimacs;37/70;70;     70522;   3752891;0;1512;7146241;1656996;84;9132;3.29022;503613;0;0;sBELA0;? Unchecked;v1.6.0-140-g9a10cc1
roadmap;dimacs;38/70;70;   1531608;   3855627;0;2204;8119670;2012712;78;9132;3.78659;531536;0;0;sBELA0;? Unchecked;v1.6.0-140-g9a10cc1
roadmap;dimacs;39/70;70;   1273069;   1293225;0;897;2270099;488809;54;9132;0.940016;520001;0;0;sBELA0;? Unchecked;v1.6.0-140-g9a10cc1
roadmap;dimacs;40/70;70;    343255;   3167742;0;1444;10349131;2857378;65;9132;5.37246;531856;0;0;sBELA0;? Unchecked;v1.6.0-140-g9a10cc1
roadmap;dimacs;41/70;70;   2036708;   4028423;0;4324;18850111;5859276;58;9132;11.2177;522326;0;0;sBELA0;? Unchecked;v1.6.0-140-g9a10cc1
roadmap;dimacs;42/70;70;   2450928;   3040803;0;3574;14485415;3776215;23;9132;6.92879;545004;0;0;sBELA0;? Unchecked;v1.6.0-140-g9a10cc1
roadmap;dimacs;43/70;70;   3872326;    927199;0;3310;18777189;4695467;61;9132;9.2356;508410;0;0;sBELA0;? Unchecked;v1.6.0-140-g9a10cc1
roadmap;dimacs;44/70;70;    787505;   5832579;0;2339;7666039;1702166;41;9132;3.30184;515520;0;0;sBELA0;? Unchecked;v1.6.0-140-g9a10cc1
roadmap;dimacs;45/70;70;   4694806;   1706582;0;1945;7741431;1976379;60;9132;3.8043;519512;0;0;sBELA0;? Unchecked;v1.6.0-140-g9a10cc1
roadmap;dimacs;46/70;70;    554299;   5975460;0;3318;17931414;5330865;95;9132;10.1366;525904;0;0;sBELA0;? Unchecked;v1.6.0-140-g9a10cc1
roadmap;dimacs;47/70;70;   4581127;    717795;0;1852;9567401;2627934;47;9132;5.49227;478479;0;0;sBELA0;? Unchecked;v1.6.0-140-g9a10cc1
roadmap;dimacs;48/70;70;   3064769;    215062;0;3040;15625634;3127164;29;9132;6.26149;499428;0;0;sBELA0;? Unchecked;v1.6.0-140-g9a10cc1
roadmap;dimacs;49/70;70;   6261467;   1869006;0;3905;20052495;6054190;36;9132;12.0179;503763;0;0;sBELA0;? Unchecked;v1.6.0-140-g9a10cc1
roadmap;dimacs;50/70;70;   1085538;    780207;0;2251;11739070;3755671;15;9132;7.41321;506618;0;0;sBELA0;? Unchecked;v1.6.0-140-g9a10cc1
roadmap;dimacs;51/70;70;   6240682;   3040367;0;2848;13833205;5152321;58;9132;9.98858;515821;0;0;sBELA0;? Unchecked;v1.6.0-140-g9a10cc1
roadmap;dimacs;52/70;70;   6006351;   2224869;0;2509;7874560;1297285;20;9132;2.37107;547132;0;0;sBELA0;? Unchecked;v1.6.0-140-g9a10cc1
roadmap;dimacs;53/70;70;    508211;   5490672;0;2064;12054303;2999444;45;9132;5.95915;503335;0;0;sBELA0;? Unchecked;v1.6.0-140-g9a10cc1
roadmap;dimacs;54/70;70;    851471;   4412887;0;3300;17634462;5231445;43;9132;9.94435;526072;0;0;sBELA0;? Unchecked;v1.6.0-140-g9a10cc1
roadmap;dimacs;55/70;70;   1574156;   4529788;0;3458;15404825;3947067;12;9132;7.12033;554337;0;0;sBELA0;? Unchecked;v1.6.0-140-g9a10cc1
roadmap;dimacs;56/70;70;   2368242;   3295502;0;2932;17302487;5413882;95;9132;10.4215;519491;0;0;sBELA0;? Unchecked;v1.6.0-140-g9a10cc1
roadmap;dimacs;57/70;70;   5103576;    302904;0;3793;14559420;2910877;51;9132;5.59118;520619;0;0;sBELA0;? Unchecked;v1.6.0-140-g9a10cc1
roadmap;dimacs;58/70;70;   3951955;    573471;0;3366;14997453;3671975;57;9132;6.88415;533395;0;0;sBELA0;? Unchecked;v1.6.0-140-g9a10cc1
roadmap;dimacs;59/70;70;    367593;   3203334;0;1793;10535024;2602822;91;9132;4.9775;522917;0;0;sBELA0;? Unchecked;v1.6.0-140-g9a10cc1
roadmap;dimacs;60/70;70;   1691460;   5850252;0;5001;17713415;5327107;8;9132;10.0933;527789;0;0;sBELA0;? Unchecked;v1.6.0-140-g9a10cc1
roadmap;dimacs;61/70;70;   2246743;   5790235;0;3507;11316609;2989493;39;9132;6.13147;487565;0;0;sBELA0;? Unchecked;v1.6.0-140-g9a10cc1
roadmap;dimacs;62/70;70;   1594081;   2684037;0;3633;19880613;6023300;38;9132;11.6581;516663;0;0;sBELA0;? Unchecked;v1.6.0-140-g9a10cc1
roadmap;dimacs;63/70;70;   3082704;   2876577;0;3633;19706266;4256922;43;9132;8.8168;482819;0;0;sBELA0;? Unchecked;v1.6.0-140-g9a10cc1
roadmap;dimacs;64/70;70;   5912922;    651978;0;3679;17410836;3671697;22;9132;7.34652;499787;0;0;sBELA0;? Unchecked;v1.6.0-140-g9a10cc1
roadmap;dimacs;65/70;70;   1688634;    523217;0;641;1739611;344694;154;9132;0.621891;554267;0;0;sBELA0;? Unchecked;v1.6.0-140-g9a10cc1
roadmap;dimacs;66/70;70;    539319;   3974427;0;3776;14527453;3713333;6;9132;6.88851;539062;0;0;sBELA0;? Unchecked;v1.6.0-140-g9a10cc1
roadmap;dimacs;67/70;70;   4094198;   2717153;0;1467;10586356;1619495;73;9132;3.556;455426;0;0;sBELA0;? Unchecked;v1.6.0-140-g9a10cc1
roadmap;dimacs;68/70;70;    833395;   4272795;0;2301;12805220;3630346;34;9132;6.85606;529509;0;0;sBELA0;? Unchecked;v1.6.0-140-g9a10cc1
roadmap;dimacs;69/70;70;    217264;   4320040;0;2358;15906844;4516738;73;9132;8.47523;532934;0;0;sBELA0;? Unchecked;v1.6.0-140-g9a10cc1
roadmap;dimacs;70/70;70;   2014775;   3232619;0;3023;13925015;4238834;50;9132;8.29438;511049;0;0;sBELA0;? Unchecked;v1.6.0-140-g9a10cc1
roadmap;dimacs;71/70;70;   5960148;   3979553;0;1455;5968463;904777;95;9132;1.78148;507878;0;0;sBELA0;? Unchecked;v1.6.0-140-g9a10cc1
roadmap;dimacs;72/70;70;   3583772;   3923180;0;3488;20007593;5052179;54;9132;10.0166;504381;0;0;sBELA0;? Unchecked;v1.6.0-140-g9a10cc1
roadmap;dimacs;73/70;70;   5525796;    209527;0;1070;4982664;712489;80;9132;1.46587;486054;0;0;sBELA0;? Unchecked;v1.6.0-140-g9a10cc1
roadmap;dimacs;74/70;70;    973158;   4821763;0;3736;19631084;5959448;96;9132;11.2635;529094;0;0;sBELA0;? Unchecked;v1.6.0-140-g9a10cc1
roadmap;dimacs;75/70;70;   3296732;   4674091;0;2871;14060847;2762387;25;9132;5.52937;499584;0;0;sBELA0;? Unchecked;v1.6.0-140-g9a10cc1
roadmap;dimacs;76/70;70;   4786486;   5170674;0;574;2566701;364741;161;9132;0.741484;491907;0;0;sBELA0;? Unchecked;v1.6.0-140-g9a10cc1
roadmap;dimacs;77/70;70;   2208885;   2401432;0;1480;5557837;1081133;87;9132;2.20495;490321;0;0;sBELA0;? Unchecked;v1.6.0-140-g9a10cc1
roadmap;dimacs;78/70;70;   4790473;   3438138;0;4046;23327755;5661241;59;9132;10.5883;534671;0;0;sBELA0;? Unchecked;v1.6.0-140-g9a10cc1
roadmap;dimacs;79/70;70;   3280776;   5251838;0;1345;7481291;979191;59;9132;2.03248;481771;0;0;sBELA0;? Unchecked;v1.6.0-140-g9a10cc1
roadmap;dimacs;80/70;70;   3994418;   5818995;0;856;3007290;464046;25;9132;0.837677;553968;0;0;sBELA0;? Unchecked;v1.6.0-140-g9a10cc1
roadmap;dimacs;81/70;70;   4879096;   3557810;0;5493;25822796;5879144;26;9132;10.7696;545903;0;0;sBELA0;? Unchecked;v1.6.0-140-g9a10cc1
roadmap;dimacs;82/70;70;   3103038;   3187215;0;3950;19507460;4596798;35;9132;9.24522;497208;0;0;sBELA0;? Unchecked;v1.6.0-140-g9a10cc1
roadmap;dimacs;83/70;70;   4201985;   4810591;0;3432;20139335;5578426;31;9132;10.5765;527435;0;0;sBELA0;? Unchecked;v1.6.0-140-g9a10cc1
roadmap;dimacs;84/70;70;   6144459;   1567853;0;3187;17553524;4881293;34;9132;9.69493;503489;0;0;sBELA0;? Unchecked;v1.6.0-140-g9a10cc1
roadmap;dimacs;85/70;70;   2159995;   5603476;0;3104;17973009;5269491;29;9132;10.3947;506938;0;0;sBELA0;? Unchecked;v1.6.0-140-g9a10cc1
roadmap;dimacs;86/70;70;   2176184;    506799;0;2379;11346911;2836944;14;9132;5.57129;509208;0;0;sBELA0;? Unchecked;v1.6.0-140-g9a10cc1
roadmap;dimacs;87/70;70;   3802848;   5404302;0;2635;13752450;2537748;33;9132;5.18169;489753;0;0;sBELA0;? Unchecked;v1.6.0-140-g9a10cc1
roadmap;dimacs;88/70;70;   1259137;   5623104;0;3373;19301071;5835937;19;9132;10.9847;531280;0;0;sBELA0;? Unchecked;v1.6.0-140-g9a10cc1
roadmap;dimacs;89/70;70;   2820263;   1434973;0;2468;10792614;3320908;36;9132;6.92501;479553;0;0;sBELA0;? Unchecked;v1.6.0-140-g9a10cc1
roadmap;dimacs;90/70;70;   4524729;      4104;0;1631;6647240;1393729;59;9132;2.85667;487886;0;0;sBELA0;? Unchecked;v1.6.0-140-g9a10cc1
roadmap;dimacs;91/70;70;   3667456;   4070555;0;876;5644943;1105951;124;9132;2.33458;473726;0;0;sBELA0;? Unchecked;v1.6.0-140-g9a10cc1
roadmap;dimacs;92/70;70;   1154079;   5856700;0;3626;21044634;6030399;36;9132;11.7896;511502;0;0;sBELA0;? Unchecked;v1.6.0-140-g9a10cc1
roadmap;dimacs;93/70;70;   4698390;   2397670;0;1399;3589213;611642;27;9132;1.1253;543539;0;0;sBELA0;? Unchecked;v1.6.0-140-g9a10cc1
roadmap;dimacs;94/70;70;   3506761;   4717549;0;3767;16478305;4490595;80;9132;8.7684;512134;0;0;sBELA0;? Unchecked;v1.6.0-140-g9a10cc1
roadmap;dimacs;95/70;70;   5875928;   3634686;0;4289;19051946;4834763;27;9132;9.41791;513358;0;0;sBELA0;? Unchecked;v1.6.0-140-g9a10cc1
roadmap;dimacs;96/70;70;   3632274;   4634758;0;1826;9534545;2366838;86;9132;4.98981;474334;0;0;sBELA0;? Unchecked;v1.6.0-140-g9a10cc1
roadmap;dimacs;97/70;70;   3762084;   1813719;0;975;4279606;633568;56;9132;1.36144;465366;0;0;sBELA0;? Unchecked;v1.6.0-140-g9a10cc1
roadmap;dimacs;98/70;70;    935811;   1640005;0;3126;15506258;3821406;7;9132;7.26039;526336;0;0;sBELA0;? Unchecked;v1.6.0-140-g9a10cc1
roadmap;dimacs;99/70;70;   2212088;   5403161;0;1423;8831370;2090250;85;9132;4.09907;509933;0;0;sBELA0;? Unchecked;v1.6.0-140-g9a10cc1
roadmap;dimacs;0/80;80;   4320996;   3421432;0;1088;6670251;887805;36;9132;1.77033;501491;0;0;sBELA0;? Unchecked;v1.6.0-140-g9a10cc1
roadmap;dimacs;1/80;80;   2710066;    136691;0;3416;19652592;4285748;11;9132;8.72182;491382;0;0;sBELA0;? Unchecked;v1.6.0-140-g9a10cc1
roadmap;dimacs;2/80;80;   4833717;    720610;0;2107;10104432;2663204;64;9132;5.27341;505025;0;0;sBELA0;? Unchecked;v1.6.0-140-g9a10cc1
roadmap;dimacs;3/80;80;   2142831;   2373369;0;1026;5387337;923938;71;9132;1.82236;507001;0;0;sBELA0;? Unchecked;v1.6.0-140-g9a10cc1
roadmap;dimacs;4/80;80;    553927;   6184741;0;2877;16021902;4502594;109;9132;8.36106;538519;0;0;sBELA0;? Unchecked;v1.6.0-140-g9a10cc1
roadmap;dimacs;5/80;80;   4290512;   3848681;0;2540;13330775;4141684;57;9132;7.97861;519098;0;0;sBELA0;? Unchecked;v1.6.0-140-g9a10cc1
roadmap;dimacs;6/80;80;   5084840;   5961415;0;3364;13573613;5235945;97;9132;10.0299;522036;0;0;sBELA0;? Unchecked;v1.6.0-140-g9a10cc1
roadmap;dimacs;7/80;80;   4846384;    101177;0;3063;17388361;4975277;112;9132;9.7107;512350;0;0;sBELA0;? Unchecked;v1.6.0-140-g9a10cc1
roadmap;dimacs;8/80;80;   4520980;    965983;0;1702;8453049;1597045;10;9132;3.5131;454597;0;0;sBELA0;? Unchecked;v1.6.0-140-g9a10cc1
roadmap;dimacs;9/80;80;   5487394;   5045506;0;3625;17334335;6217781;19;9137;12.7325;488339;0;0;sBELA0;? Unchecked;v1.6.0-140-g9a10cc1
roadmap;dimacs;10/80;80;   1926823;    854459;0;738;3116687;788742;38;9137;1.47587;534425;0;0;sBELA0;? Unchecked;v1.6.0-140-g9a10cc1
roadmap;dimacs;11/80;80;   3088686;   2457940;0;1453;9247947;1014155;67;9137;2.33167;434947;0;0;sBELA0;? Unchecked;v1.6.0-140-g9a10cc1
roadmap;dimacs;12/80;80;   1991621;   6102039;0;1168;3919778;481889;70;9137;0.931184;517501;0;0;sBELA0;? Unchecked;v1.6.0-140-g9a10cc1
roadmap;dimacs;13/80;80;   1679479;   3135970;0;2556;13105187;3810576;13;9137;7.1904;529953;0;0;sBELA0;? Unchecked;v1.6.0-140-g9a10cc1
roadmap;dimacs;14/80;80;   1063830;   4654604;0;1628;8671649;2218917;59;9137;4.73816;468307;0;0;sBELA0;? Unchecked;v1.6.0-140-g9a10cc1
roadmap;dimacs;15/80;80;   6224466;   1240446;0;2245;11870594;3204204;38;9137;6.48541;494063;0;0;sBELA0;? Unchecked;v1.6.0-140-g9a10cc1
roadmap;dimacs;16/80;80;   2418674;   4452024;0;2927;18598160;5098558;46;9137;9.79474;520540;0;0;sBELA0;? Unchecked;v1.6.0-140-g9a10cc1
roadmap;dimacs;17/80;80;   4931603;   4141462;0;543;2204196;196277;38;9137;0.474915;413289;0;0;sBELA0;? Unchecked;v1.6.0-140-g9a10cc1
roadmap;dimacs;18/80;80;   5574074;   4243473;0;883;3358582;277981;208;9137;0.579968;479304;0;0;sBELA0;? Unchecked;v1.6.0-140-g9a10cc1
roadmap;dimacs;19/80;80;   3494933;   2858057;0;2633;14815692;3205756;84;9137;6.46162;496123;0;0;sBELA0;? Unchecked;v1.6.0-140-g9a10cc1
roadmap;dimacs;20/80;80;    181323;    301703;0;2409;10476973;2337734;28;9137;4.75443;491696;0;0;sBELA0;? Unchecked;v1.6.0-140-g9a10cc1
roadmap;dimacs;21/80;80;   3315543;   4157337;0;3466;18996363;5815694;34;9137;11.1049;523707;0;0;sBELA0;? Unchecked;v1.6.0-140-g9a10cc1
roadmap;dimacs;22/80;80;   3908941;   5345394;0;4818;26973096;6228983;67;9137;12.1158;514120;0;0;sBELA0;? Unchecked;v1.6.0-140-g9a10cc1
roadmap;dimacs;23/80;80;   5242371;   4655349;0;1806;11130991;1841517;83;9137;3.84079;479463;0;0;sBELA0;? Unchecked;v1.6.0-140-g9a10cc1
roadmap;dimacs;24/80;80;   4961834;   2356084;0;2647;10622831;2009292;39;9137;4.20925;477351;0;0;sBELA0;? Unchecked;v1.6.0-140-g9a10cc1
roadmap;dimacs;25/80;80;   1035769;   4238789;0;3667;16540725;3509558;62;9137;6.99783;501521;0;0;sBELA0;? Unchecked;v1.6.0-140-g9a10cc1
roadmap;dimacs;26/80;80;   5543425;   3773681;0;1169;7412487;1273558;292;9137;2.62703;484790;0;0;sBELA0;? Unchecked;v1.6.0-140-g9a10cc1
roadmap;dimacs;27/80;80;   4268952;    369310;0;2767;12778656;2553429;35;9137;5.02549;508096;0;0;sBELA0;? Unchecked;v1.6.0-140-g9a10cc1
roadmap;dimacs;28/80;80;   3974048;   3829589;0;591;1086576;187700;79;9137;0.36643;512240;0;0;sBELA0;? Unchecked;v1.6.0-140-g9a10cc1
roadmap;dimacs;29/80;80;    294053;   1013690;0;2464;14275818;4045507;100;9137;7.41634;545486;0;0;sBELA0;? Unchecked;v1.6.0-140-g9a10cc1
roadmap;dimacs;30/80;80;   3379186;   5160800;0;2427;10391068;1840021;69;9137;3.81218;482669;0;0;sBELA0;? Unchecked;v1.6.0-140-g9a10cc1
roadmap;dimacs;31/80;80;   4901574;   3976463;0;3706;18642276;3536338;3;9137;7.4104;477213;0;0;sBELA0;? Unchecked;v1.6.0-140-g9a10cc1
roadmap;dimacs;32/80;80;   3401397;   2920525;0;2374;9286592;1802978;19;9137;3.73845;482279;0;0;sBELA0;? Unchecked;v1.6.0-140-g9a10cc1
roadmap;dimacs;33/80;80;   1580614;   2113646;0;1652;7681570;1946094;22;9137;3.54817;548477;0;0;sBELA0;? Unchecked;v1.6.0-140-g9a10cc1
roadmap;dimacs;34/80;80;   3461643;   2595916;0;2550;14183202;1468957;65;9137;3.28223;447549;0;0;sBELA0;? Unchecked;v1.6.0-140-g9a10cc1
roadmap;dimacs;35/80;80;   1972302;   2243773;0;2940;15270242;4156320;76;9137;7.95926;522199;0;0;sBELA0;? Unchecked;v1.6.0-140-g9a10cc1
roadmap;dimacs;36/80;80;   5635363;   1260073;0;4178;21538346;4713645;63;9137;9.21785;511360;0;0;sBELA0;? Unchecked;v1.6.0-140-g9a10cc1
roadmap;dimacs;37/80;80;     70522;   3752891;0;1515;7146244;1656997;94;9137;3.35651;493666;0;0;sBELA0;? Unchecked;v1.6.0-140-g9a10cc1
roadmap;dimacs;38/80;80;   1531608;   3855627;0;2210;8119673;2012712;90;9137;3.80228;529344;0;0;sBELA0;? Unchecked;v1.6.0-140-g9a10cc1
roadmap;dimacs;39/80;80;   1273069;   1293225;0;897;2270104;488810;58;9137;0.951897;513512;0;0;sBELA0;? Unchecked;v1.6.0-140-g9a10cc1
roadmap;dimacs;40/80;80;    343255;   3167742;0;1445;10349135;2857378;73;9137;5.40166;528981;0;0;sBELA0;? Unchecked;v1.6.0-140-g9a10cc1
roadmap;dimacs;41/80;80;   2036708;   4028423;0;4321;18850114;5859276;67;9137;11.2994;518547;0;0;sBELA0;? Unchecked;v1.6.0-140-g9a10cc1
roadmap;dimacs;42/80;80;   2450928;   3040803;0;3574;14485416;3776215;26;9137;6.96787;541947;0;0;sBELA0;? Unchecked;v1.6.0-140-g9a10cc1
roadmap;dimacs;43/80;80;   3872326;    927199;0;3310;18777195;4695471;72;9137;9.25648;507263;0;0;sBELA0;? Unchecked;v1.6.0-140-g9a10cc1
roadmap;dimacs;44/80;80;    787505;   5832579;0;2333;7666040;1702166;45;9137;3.40946;499248;0;0;sBELA0;? Unchecked;v1.6.0-140-g9a10cc1
roadmap;dimacs;45/80;80;   4694806;   1706582;0;1943;7741435;1976382;66;9137;3.81614;517900;0;0;sBELA0;? Unchecked;v1.6.0-140-g9a10cc1
roadmap;dimacs;46/80;80;    554299;   5975460;0;3322;17931415;5330865;104;9137;10.1694;524207;0;0;sBELA0;? Unchecked;v1.6.0-140-g9a10cc1
roadmap;dimacs;47/80;80;   4581127;    717795;0;1841;9567403;2627935;51;9137;5.47318;480148;0;0;sBELA0;? Unchecked;v1.6.0-140-g9a10cc1
roadmap;dimacs;48/80;80;   3064769;    215062;0;3042;15625635;3127165;32;9137;6.2979;496541;0;0;sBELA0;? Unchecked;v1.6.0-140-g9a10cc1
roadmap;dimacs;49/80;80;   6261467;   1869006;0;3906;20052498;6054190;42;9137;12.0321;503168;0;0;sBELA0;? Unchecked;v1.6.0-140-g9a10cc1
roadmap;dimacs;50/80;80;   1085538;    780207;0;2253;11739071;3755673;19;9137;7.43066;505429;0;0;sBELA0;? Unchecked;v1.6.0-140-g9a10cc1
roadmap;dimacs;51/80;80;   6240682;   3040367;0;2850;13833208;5152323;67;9137;9.9966;515408;0;0;sBELA0;? Unchecked;v1.6.0-140-g9a10cc1
roadmap;dimacs;52/80;80;   6006351;   2224869;0;2516;7874561;1297286;24;9137;2.36012;549670;0;0;sBELA0;? Unchecked;v1.6.0-140-g9a10cc1
roadmap;dimacs;53/80;80;    508211;   5490672;0;2062;12054317;2999449;52;9137;5.95718;503502;0;0;sBELA0;? Unchecked;v1.6.0-140-g9a10cc1
roadmap;dimacs;54/80;80;    851471;   4412887;0;3298;17634464;5231445;48;9137;10.0126;522488;0;0;sBELA0;? Unchecked;v1.6.0-140-g9a10cc1
roadmap;dimacs;55/80;80;   1574156;   4529788;0;3460;15404826;3947067;14;9137;7.19664;548460;0;0;sBELA0;? Unchecked;v1.6.0-140-g9a10cc1
roadmap;dimacs;56/80;80;   2368242;   3295502;0;2935;17302489;5413882;107;9137;10.4781;516683;0;0;sBELA0;? Unchecked;v1.6.0-140-g9a10cc1
roadmap;dimacs;57/80;80;   5103576;    302904;0;3793;14559421;2910877;58;9137;5.60701;519149;0;0;sBELA0;? Unchecked;v1.6.0-140-g9a10cc1
roadmap;dimacs;58/80;80;   3951955;    573471;0;3365;14997454;3671975;62;9137;6.96395;527284;0;0;sBELA0;? Unchecked;v1.6.0-140-g9a10cc1
roadmap;dimacs;59/80;80;    367593;   3203334;0;1793;10535027;2602824;100;9137;5.03289;517163;0;0;sBELA0;? Unchecked;v1.6.0-140-g9a10cc1
roadmap;dimacs;60/80;80;   1691460;   5850252;0;5007;17713415;5327107;8;9137;10.0953;527680;0;0;sBELA0;? Unchecked;v1.6.0-140-g9a10cc1
roadmap;dimacs;61/80;80;   2246743;   5790235;0;3505;11316609;2989493;43;9137;6.15781;485480;0;0;sBELA0;? Unchecked;v1.6.0-140-g9a10cc1
roadmap;dimacs;62/80;80;   1594081;   2684037;0;3635;19880614;6023300;41;9137;11.6633;516432;0;0;sBELA0;? Unchecked;v1.6.0-140-g9a10cc1
roadmap;dimacs;63/80;80;   3082704;   2876577;0;3634;19706267;4256922;46;9137;8.83017;482088;0;0;sBELA0;? Unchecked;v1.6.0-140-g9a10cc1
roadmap;dimacs;64/80;80;   5912922;    651978;0;3678;17410838;3671700;24;9137;7.36291;498675;0;0;sBELA0;? Unchecked;v1.6.0-140-g9a10cc1
roadmap;dimacs;65/80;80;   1688634;    523217;0;641;1739624;344702;182;9137;0.628345;548588;0;0;sBELA0;? Unchecked;v1.6.0-140-g9a10cc1
roadmap;dimacs;66/80;80;    539319;   3974427;0;3775;14527453;3713333;6;9137;6.84805;542247;0;0;sBELA0;? Unchecked;v1.6.0-140-g9a10cc1
roadmap;dimacs;67/80;80;   4094198;   2717153;0;1471;10586360;1619495;85;9137;3.5446;456891;0;0;sBELA0;? Unchecked;v1.6.0-140-g9a10cc1
roadmap;dimacs;68/80;80;    833395;   4272795;0;2300;12805221;3630346;38;9137;6.86812;528579;0;0;sBELA0;? Unchecked;v1.6.0-140-g9a10cc1
roadmap;dimacs;69/80;80;    217264;   4320040;0;2357;15906853;4516742;82;9137;8.43601;535412;0;0;sBELA0;? Unchecked;v1.6.0-140-g9a10cc1
roadmap;dimacs;70/80;80;   2014775;   3232619;0;3029;13925019;4238835;57;9137;8.29229;511178;0;0;sBELA0;? Unchecked;v1.6.0-140-g9a10cc1
roadmap;dimacs;71/80;80;   5960148;   3979553;0;1456;5968468;904780;111;9137;1.82236;496489;0;0;sBELA0;? Unchecked;v1.6.0-140-g9a10cc1
roadmap;dimacs;72/80;80;   3583772;   3923180;0;3493;20007594;5052180;58;9137;10.0403;503191;0;0;sBELA0;? Unchecked;v1.6.0-140-g9a10cc1
roadmap;dimacs;73/80;80;   5525796;    209527;0;1069;4982669;712490;93;9137;1.46633;485900;0;0;sBELA0;? Unchecked;v1.6.0-140-g9a10cc1
roadmap;dimacs;74/80;80;    973158;   4821763;0;3734;19631087;5959448;114;9137;11.242;530107;0;0;sBELA0;? Unchecked;v1.6.0-140-g9a10cc1
roadmap;dimacs;75/80;80;   3296732;   4674091;0;2868;14060848;2762387;28;9137;5.53903;498713;0;0;sBELA0;? Unchecked;v1.6.0-140-g9a10cc1
roadmap;dimacs;76/80;80;   4786486;   5170674;0;572;2566719;364749;180;9137;0.7497;486527;0;0;sBELA0;? Unchecked;v1.6.0-140-g9a10cc1
roadmap;dimacs;77/80;80;   2208885;   2401432;0;1481;5557847;1081136;105;9137;2.21848;487331;0;0;sBELA0;? Unchecked;v1.6.0-140-g9a10cc1
roadmap;dimacs;78/80;80;   4790473;   3438138;0;4048;23327757;5661241;64;9137;10.5762;535280;0;0;sBELA0;? Unchecked;v1.6.0-140-g9a10cc1
roadmap;dimacs;79/80;80;   3280776;   5251838;0;1344;7481294;979192;68;9137;2.0653;474115;0;0;sBELA0;? Unchecked;v1.6.0-140-g9a10cc1
roadmap;dimacs;80/80;80;   3994418;   5818995;0;855;3007296;464047;28;9137;0.848056;547189;0;0;sBELA0;? Unchecked;v1.6.0-140-g9a10cc1
roadmap;dimacs;81/80;80;   4879096;   3557810;0;5495;25822797;5879146;28;9137;10.77;545880;0;0;sBELA0;? Unchecked;v1.6.0-140-g9a10cc1
roadmap;dimacs;82/80;80;   3103038;   3187215;0;3950;19507461;4596798;39;9137;9.30943;493779;0;0;sBELA0;? Unchecked;v1.6.0-140-g9a10cc1
roadmap;dimacs;83/80;80;   4201985;   4810591;0;3430;20139337;5578426;34;9137;10.6387;524352;0;0;sBELA0;? Unchecked;v1.6.0-140-g9a10cc1
roadmap;dimacs;84/80;80;   6144459;   1567853;0;3187;17553526;4881298;37;9137;9.69098;503695;0;0;sBELA0;? Unchecked;v1.6.0-140-g9a10cc1
roadmap;dimacs;85/80;80;   2159995;   5603476;0;3104;17973010;5269491;33;9137;10.4576;503892;0;0;sBELA0;? Unchecked;v1.6.0-140-g9a10cc1
roadmap;dimacs;86/80;80;   2176184;    506799;0;2381;11346911;2836944;15;9137;5.5726;509088;0;0;sBELA0;? Unchecked;v1.6.0-140-g9a10cc1
roadmap;dimacs;87/80;80;   3802848;   5404302;0;2636;13752451;2537748;37;9137;5.15238;492539;0;0;sBELA0;? Unchecked;v1.6.0-140-g9a10cc1
roadmap;dimacs;88/80;80;   1259137;   5623104;0;3374;19301072;5835937;22;9137;11.0145;529844;0;0;sBELA0;? Unchecked;v1.6.0-140-g9a10cc1
roadmap;dimacs;89/80;80;   2820263;   1434973;0;2467;10792618;3320909;39;9137;6.98024;475759;0;0;sBELA0;? Unchecked;v1.6.0-140-g9a10cc1
roadmap;dimacs;90/80;80;   4524729;      4104;0;1618;6647250;1393732;74;9137;2.86661;486195;0;0;sBELA0;? Unchecked;v1.6.0-140-g9a10cc1
roadmap;dimacs;91/80;80;   3667456;   4070555;0;866;5644957;1105956;146;9137;2.37957;464772;0;0;sBELA0;? Unchecked;v1.6.0-140-g9a10cc1
roadmap;dimacs;92/80;80;   1154079;   5856700;0;3627;21044635;6030399;41;9137;11.8101;510614;0;0;sBELA0;? Unchecked;v1.6.0-140-g9a10cc1
roadmap;dimacs;93/80;80;   4698390;   2397670;0;1399;3589215;611643;30;9137;1.16804;523647;0;0;sBELA0;? Unchecked;v1.6.0-140-g9a10cc1
roadmap;dimacs;94/80;80;   3506761;   4717549;0;3768;16478307;4490595;89;9137;8.79945;510327;0;0;sBELA0;? Unchecked;v1.6.0-140-g9a10cc1
roadmap;dimacs;95/80;80;   5875928;   3634686;0;4294;19051947;4834763;30;9137;9.49617;509127;0;0;sBELA0;? Unchecked;v1.6.0-140-g9a10cc1
roadmap;dimacs;96/80;80;   3632274;   4634758;0;1832;9534550;2366838;97;9137;4.99385;473951;0;0;sBELA0;? Unchecked;v1.6.0-140-g9a10cc1
roadmap;dimacs;97/80;80;   3762084;   1813719;0;973;4279616;633570;66;9137;1.32643;477649;0;0;sBELA0;? Unchecked;v1.6.0-140-g9a10cc1
roadmap;dimacs;98/80;80;    935811;   1640005;0;3119;15506258;3821406;8;9137;7.29313;523973;0;0;sBELA0;? Unchecked;v1.6.0-140-g9a10cc1
roadmap;dimacs;99/80;80;   2212088;   5403161;0;1415;8831375;2090251;96;9137;4.09975;509849;0;0;sBELA0;? Unchecked;v1.6.0-140-g9a10cc1
roadmap;dimacs;0/90;90;   4320996;   3421432;0;1088;6670256;887807;41;9137;1.77818;499277;0;0;sBELA0;? Unchecked;v1.6.0-140-g9a10cc1
roadmap;dimacs;1/90;90;   2710066;    136691;0;3417;19652592;4285748;11;9137;8.75456;489544;0;0;sBELA0;? Unchecked;v1.6.0-140-g9a10cc1
roadmap;dimacs;2/90;90;   4833717;    720610;0;2106;10104433;2663205;71;9137;5.30338;502172;0;0;sBELA0;? Unchecked;v1.6.0-140-g9a10cc1
roadmap;dimacs;3/90;90;   2142831;   2373369;0;1035;5387340;923939;79;9137;1.87824;491919;0;0;sBELA0;? Unchecked;v1.6.0-140-g9a10cc1
roadmap;dimacs;4/90;90;    553927;   6184741;0;2873;16021904;4502594;120;9137;8.37761;537456;0;0;sBELA0;? Unchecked;v1.6.0-140-g9a10cc1
roadmap;dimacs;5/90;90;   4290512;   3848681;0;2546;13330783;4141694;66;9137;7.97263;519489;0;0;sBELA0;? Unchecked;v1.6.0-140-g9a10cc1
roadmap;dimacs;6/90;90;   5084840;   5961415;0;3312;13573624;5235955;139;9137;10.0526;520858;0;0;sBELA0;? Unchecked;v1.6.0-140-g9a10cc1
roadmap;dimacs;7/90;90;   4846384;    101177;0;3063;17388363;4975277;118;9137;9.72769;511455;0;0;sBELA0;? Unchecked;v1.6.0-140-g9a10cc1
roadmap;dimacs;8/90;90;   4520980;    965983;0;1703;8453051;1597045;11;9137;3.51209;454727;0;0;sBELA0;? Unchecked;v1.6.0-140-g9a10cc1
roadmap;dimacs;9/90;90;   5487394;   5045506;0;3625;17334336;6217781;22;9141;12.7427;487947;0;0;sBELA0;? Unchecked;v1.6.0-140-g9a10cc1
roadmap;dimacs;10/90;90;   1926823;    854459;0;736;3116698;788744;44;9141;1.47125;536106;0;0;sBELA0;? Unchecked;v1.6.0-140-g9a10cc1
roadmap;dimacs;11/90;90;   3088686;   2457940;0;1453;9247950;1014155;71;9141;2.39382;423655;0;0;sBELA0;? Unchecked;v1.6.0-140-g9a10cc1
roadmap;dimacs;12/90;90;   1991621;   6102039;0;1166;3919783;481891;75;9141;0.937199;514182;0;0;sBELA0;? Unchecked;v1.6.0-140-g9a10cc1
roadmap;dimacs;13/90;90;   1679479;   3135970;0;2555;13105187;3810576;15;9141;7.20131;529151;0;0;sBELA0;? Unchecked;v1.6.0-140-g9a10cc1
roadmap;dimacs;14/90;90;   1063830;   4654604;0;1627;8671651;2218917;66;9141;4.7738;464811;0;0;sBELA0;? Unchecked;v1.6.0-140-g9a10cc1
roadmap;dimacs;15/90;90;   6224466;   1240446;0;2247;11870595;3204205;41;9141;6.51606;491740;0;0;sBELA0;? Unchecked;v1.6.0-140-g9a10cc1
roadmap;dimacs;16/90;90;   2418674;   4452024;0;2927;18598160;5098558;50;9141;9.79387;520587;0;0;sBELA0;? Unchecked;v1.6.0-140-g9a10cc1
roadmap;dimacs;17/90;90;   4931603;   4141462;0;537;2204198;196277;42;9141;0.47559;412702;0;0;sBELA0;? Unchecked;v1.6.0-140-g9a10cc1
roadmap;dimacs;18/90;90;   5574074;   4243473;0;882;3358596;277983;244;9141;0.59958;463629;0;0;sBELA0;? Unchecked;v1.6.0-140-g9a10cc1
roadmap;dimacs;19/90;90;   3494933;   2858057;0;2638;14815694;3205756;92;9141;6.50151;493079;0;0;sBELA0;? Unchecked;v1.6.0-140-g9a10cc1
roadmap;dimacs;20/90;90;    181323;    301703;0;2409;10476974;2337734;32;9141;4.78146;488917;0;0;sBELA0;? Unchecked;v1.6.0-140-g9a10cc1
roadmap;dimacs;21/90;90;   3315543;   4157337;0;3469;18996364;5815694;38;9141;11.0836;524713;0;0;sBELA0;? Unchecked;v1.6.0-140-g9a10cc1
roadmap;dimacs;22/90;90;   3908941;   5345394;0;4823;26973097;6228983;74;9141;12.1355;513284;0;0;sBELA0;? Unchecked;v1.6.0-140-g9a10cc1
roadmap;dimacs;23/90;90;   5242371;   4655349;0;1804;11130999;1841520;93;9141;3.8426;479239;0;0;sBELA0;? Unchecked;v1.6.0-140-g9a10cc1
roadmap;dimacs;24/90;90;   4961834;   2356084;0;2647;10622832;2009292;42;9141;4.21126;477123;0;0;sBELA0;? Unchecked;v1.6.0-140-g9a10cc1
roadmap;dimacs;25/90;90;   1035769;   4238789;0;3656;16540727;3509560;67;9141;7.02755;499400;0;0;sBELA0;? Unchecked;v1.6.0-140-g9a10cc1
roadmap;dimacs;26/90;90;   5543425;   3773681;0;1168;7412499;1273565;334;9200;2.62444;485272;0;0;sBELA0;? Unchecked;v1.6.0-140-g9a10cc1
roadmap;dimacs;27/90;90;   4268952;    369310;0;2767;12778657;2553430;38;9200;4.99227;511477;0;0;sBELA0;? Unchecked;v1.6.0-140-g9a10cc1
roadmap;dimacs;28/90;90;   3974048;   3829589;0;592;1086587;187702;90;9200;0.406468;461788;0;0;sBELA0;? Unchecked;v1.6.0-140-g9a10cc1
roadmap;dimacs;29/90;90;    294053;   1013690;0;2462;14275821;4045508;110;9200;7.3814;548068;0;0;sBELA0;? Unchecked;v1.6.0-140-g9a10cc1
roadmap;dimacs;30/90;90;   3379186;   5160800;0;2437;10391070;1840021;75;9200;3.81052;482879;0;0;sBELA0;? Unchecked;v1.6.0-140-g9a10cc1
roadmap;dimacs;31/90;90;   4901574;   3976463;0;3707;18642276;3536338;3;9200;7.37529;479484;0;0;sBELA0;? Unchecked;v1.6.0-140-g9a10cc1
roadmap;dimacs;32/90;90;   3401397;   2920525;0;2376;9286593;1802978;21;9200;3.73244;483056;0;0;sBELA0;? Unchecked;v1.6.0-140-g9a10cc1
roadmap;dimacs;33/90;90;   1580614;   2113646;0;1651;7681571;1946094;25;9200;3.56912;545259;0;0;sBELA0;? Unchecked;v1.6.0-140-g9a10cc1
roadmap;dimacs;34/90;90;   3461643;   2595916;0;2549;14183204;1468957;71;9200;3.27144;449024;0;0;sBELA0;? Unchecked;v1.6.0-140-g9a10cc1
roadmap;dimacs;35/90;90;   1972302;   2243773;0;2931;15270245;4156320;87;9200;7.97545;521139;0;0;sBELA0;? Unchecked;v1.6.0-140-g9a10cc1
roadmap;dimacs;36/90;90;   5635363;   1260073;0;4176;21538347;4713645;66;9200;9.18042;513446;0;0;sBELA0;? Unchecked;v1.6.0-140-g9a10cc1
roadmap;dimacs;37/90;90;     70522;   3752891;0;1512;7146249;1656998;103;9200;3.35693;493605;0;0;sBELA0;? Unchecked;v1.6.0-140-g9a10cc1
roadmap;dimacs;38/90;90;   1531608;   3855627;0;2208;8119675;2012712;101;9200;3.83707;524545;0;0;sBELA0;? Unchecked;v1.6.0-140-g9a10cc1
roadmap;dimacs;39/90;90;   1273069;   1293225;0;897;2270105;488810;61;9200;0.959247;509577;0;0;sBELA0;? Unchecked;v1.6.0-140-g9a10cc1
roadmap;dimacs;40/90;90;    343255;   3167742;0;1445;10349143;2857380;83;9200;5.4278;526434;0;0;sBELA0;? Unchecked;v1.6.0-140-g9a10cc1
roadmap;dimacs;41/90;90;   2036708;   4028423;0;4324;18850116;5859278;75;9200;11.3373;516814;0;0;sBELA0;? Unchecked;v1.6.0-140-g9a10cc1
roadmap;dimacs;42/90;90;   2450928;   3040803;0;3572;14485417;3776216;28;9200;6.9985;539575;0;0;sBELA0;? Unchecked;v1.6.0-140-g9a10cc1
roadmap;dimacs;43/90;90;   3872326;    927199;0;3307;18777198;4695471;83;9200;9.28798;505543;0;0;sBELA0;? Unchecked;v1.6.0-140-g9a10cc1
roadmap;dimacs;44/90;90;    787505;   5832579;0;2340;7666041;1702166;48;9200;3.37204;504788;0;0;sBELA0;? Unchecked;v1.6.0-140-g9a10cc1
roadmap;dimacs;45/90;90;   4694806;   1706582;0;1946;7741437;1976382;70;9200;3.83452;515418;0;0;sBELA0;? Unchecked;v1.6.0-140-g9a10cc1
roadmap;dimacs;46/90;90;    554299;   5975460;0;3319;17931417;5330865;114;9200;10.2082;522213;0;0;sBELA0;? Unchecked;v1.6.0-140-g9a10cc1
roadmap;dimacs;47/90;90;   4581127;    717795;0;1841;9567407;2627936;56;9200;5.44386;482734;0;0;sBELA0;? Unchecked;v1.6.0-140-g9a10cc1
roadmap;dimacs;48/90;90;   3064769;    215062;0;3039;15625635;3127165;34;9200;6.29637;496662;0;0;sBELA0;? Unchecked;v1.6.0-140-g9a10cc1
roadmap;dimacs;49/90;90;   6261467;   1869006;0;3904;20052499;6054191;46;9200;12.0275;503363;0;0;sBELA0;? Unchecked;v1.6.0-140-g9a10cc1
roadmap;dimacs;50/90;90;   1085538;    780207;0;2249;11739071;3755673;19;9200;7.42392;505888;0;0;sBELA0;? Unchecked;v1.6.0-140-g9a10cc1
roadmap;dimacs;51/90;90;   6240682;   3040367;0;2846;13833212;5152324;78;9200;10.0317;513604;0;0;sBELA0;? Unchecked;v1.6.0-140-g9a10cc1
roadmap;dimacs;52/90;90;   6006351;   2224869;0;2512;7874561;1297286;26;9200;2.40308;539843;0;0;sBELA0;? Unchecked;v1.6.0-140-g9a10cc1
roadmap;dimacs;53/90;90;    508211;   5490672;0;2062;12054319;2999451;57;9200;5.95774;503455;0;0;sBELA0;? Unchecked;v1.6.0-140-g9a10cc1
roadmap;dimacs;54/90;90;    851471;   4412887;0;3297;17634466;5231447;54;9200;9.96896;524774;0;0;sBELA0;? Unchecked;v1.6.0-140-g9a10cc1
roadmap;dimacs;55/90;90;   1574156;   4529788;0;3468;15404826;3947067;15;9200;7.17764;549911;0;0;sBELA0;? Unchecked;v1.6.0-140-g9a10cc1
roadmap;dimacs;56/90;90;   2368242;   3295502;0;2931;17302491;5413883;118;9200;10.533;513992;0;0;sBELA0;? Unchecked;v1.6.0-140-g9a10cc1
roadmap;dimacs;57/90;90;   5103576;    302904;0;3795;14559423;2910877;63;9200;5.64581;515581;0;0;sBELA0;? Unchecked;v1.6.0-140-g9a10cc1
roadmap;dimacs;58/90;90;   3951955;    573471;0;3366;14997455;3671975;67;9200;6.94711;528561;0;0;sBELA0;? Unchecked;v1.6.0-140-g9a10cc1
roadmap;dimacs;59/90;90;    367593;   3203334;0;1793;10535036;2602825;119;9200;5.01242;519275;0;0;sBELA0;? Unchecked;v1.6.0-140-g9a10cc1
roadmap;dimacs;60/90;90;   1691460;   5850252;0;5006;17713415;5327107;9;9200;10.1203;526380;0;0;sBELA0;? Unchecked;v1.6.0-140-g9a10cc1
roadmap;dimacs;61/90;90;   2246743;   5790235;0;3504;11316610;2989493;47;9200;6.1717;484387;0;0;sBELA0;? Unchecked;v1.6.0-140-g9a10cc1
roadmap;dimacs;62/90;90;   1594081;   2684037;0;3636;19880616;6023300;53;9200;11.7717;511676;0;0;sBELA0;? Unchecked;v1.6.0-140-g9a10cc1
roadmap;dimacs;63/90;90;   3082704;   2876577;0;3629;19706268;4256923;53;9200;8.81242;483060;0;0;sBELA0;? Unchecked;v1.6.0-140-g9a10cc1
roadmap;dimacs;64/90;90;   5912922;    651978;0;3676;17410842;3671701;27;9200;7.41162;495398;0;0;sBELA0;? Unchecked;v1.6.0-140-g9a10cc1
roadmap;dimacs;65/90;90;   1688634;    523217;0;637;1739632;344707;201;9200;0.635056;542798;0;0;sBELA0;? Unchecked;v1.6.0-140-g9a10cc1
roadmap;dimacs;66/90;90;    539319;   3974427;0;3774;14527453;3713333;7;9200;6.92334;536350;0;0;sBELA0;? Unchecked;v1.6.0-140-g9a10cc1
roadmap;dimacs;67/90;90;   4094198;   2717153;0;1470;10586365;1619495;96;9200;3.55198;455942;0;0;sBELA0;? Unchecked;v1.6.0-140-g9a10cc1
roadmap;dimacs;68/90;90;    833395;   4272795;0;2301;12805222;3630346;42;9200;6.87201;528280;0;0;sBELA0;? Unchecked;v1.6.0-140-g9a10cc1
roadmap;dimacs;69/90;90;    217264;   4320040;0;2359;15906866;4516744;97;9200;8.48831;532113;0;0;sBELA0;? Unchecked;v1.6.0-140-g9a10cc1
roadmap;dimacs;70/90;90;   2014775;   3232619;0;3024;13925028;4238837;68;9200;8.31268;509924;0;0;sBELA0;? Unchecked;v1.6.0-140-g9a10cc1
roadmap;dimacs;71/90;90;   5960148;   3979553;0;1454;5968475;904782;131;9200;1.80177;502162;0;0;sBELA0;? Unchecked;v1.6.0-140-g9a10cc1
roadmap;dimacs;72/90;90;   3583772;   3923180;0;3493;20007595;5052180;62;9200;10.0541;502500;0;0;sBELA0;? Unchecked;v1.6.0-140-g9a10cc1
roadmap;dimacs;73/90;90;   5525796;    209527;0;1073;4982674;712490;105;9200;1.48115;481039;0;0;sBELA0;? Unchecked;v1.6.0-140-g9a10cc1
roadmap;dimacs;74/90;90;    973158;   4821763;0;3734;19631088;5959449;121;9200;11.3407;525492;0;0;sBELA0;? Unchecked;v1.6.0-140-g9a10cc1
roadmap;dimacs;75/90;90;   3296732;   4674091;0;2870;14060849;2762388;31;9200;5.55181;497566;0;0;sBELA0;? Unchecked;v1.6.0-140-g9a10cc1
roadmap;dimacs;76/90;90;   4786486;   5170674;0;575;2566757;364759;222;9200;0.781688;466630;0;0;sBELA0;? Unchecked;v1.6.0-140-g9a10cc1
roadmap;dimacs;77/90;90;   2208885;   2401432;0;1482;5557851;1081137;117;9200;2.23838;482999;0;0;sBELA0;? Unchecked;v1.6.0-140-g9a10cc1
roadmap;dimacs;78/90;90;   4790473;   3438138;0;4050;23327758;5661241;69;9200;10.6333;532408;0;0;sBELA0;? Unchecked;v1.6.0-140-g9a10cc1
roadmap;dimacs;79/90;90;   3280776;   5251838;0;1345;7481295;979192;75;9200;2.04714;478323;0;0;sBELA0;? Unchecked;v1.6.0-140-g9a10cc1
roadmap;dimacs;80/90;90;   3994418;   5818995;0;856;3007299;464049;31;9200;0.835248;555582;0;0;sBELA0;? Unchecked;v1.6.0-140-g9a10cc1
roadmap;dimacs;81/90;90;   4879096;   3557810;0;5494;25822797;5879146;29;9200;10.7987;544433;0;0;sBELA0;? Unchecked;v1.6.0-140-g9a10cc1
roadmap;dimacs;82/90;90;   3103038;   3187215;0;3948;19507463;4596799;45;9200;9.28227;495223;0;0;sBELA0;? Unchecked;v1.6.0-140-g9a10cc1
roadmap;dimacs;83/90;90;   4201985;   4810591;0;3432;20139338;5578427;36;9200;10.6128;525632;0;0;sBELA0;? Unchecked;v1.6.0-140-g9a10cc1
roadmap;dimacs;84/90;90;   6144459;   1567853;0;3185;17553527;4881300;42;9200;9.72225;502075;0;0;sBELA0;? Unchecked;v1.6.0-140-g9a10cc1
roadmap;dimacs;85/90;90;   2159995;   5603476;0;3105;17973011;5269491;37;9200;10.4216;505632;0;0;sBELA0;? Unchecked;v1.6.0-140-g9a10cc1
roadmap;dimacs;86/90;90;   2176184;    506799;0;2381;11346912;2836944;17;9200;5.54631;511501;0;0;sBELA0;? Unchecked;v1.6.0-140-g9a10cc1
roadmap;dimacs;87/90;90;   3802848;   5404302;0;2636;13752452;2537749;41;9200;5.20394;487659;0;0;sBELA0;? Unchecked;v1.6.0-140-g9a10cc1
roadmap;dimacs;88/90;90;   1259137;   5623104;0;3374;19301072;5835937;22;9200;11.0234;529411;0;0;sBELA0;? Unchecked;v1.6.0-140-g9a10cc1
roadmap;dimacs;89/90;90;   2820263;   1434973;0;2467;10792620;3320910;43;9200;6.95211;477683;0;0;sBELA0;? Unchecked;v1.6.0-140-g9a10cc1
roadmap;dimacs;90/90;90;   4524729;      4104;0;1628;6647261;1393736;99;9200;2.86185;487005;0;0;sBELA0;? Unchecked;v1.6.0-140-g9a10cc1
roadmap;dimacs;91/90;90;   3667456;   4070555;0;872;5644970;1105961;166;9200;2.34621;471382;0;0;sBELA0;? Unchecked;v1.6.0-140-g9a10cc1
roadmap;dimacs;92/90;90;   1154079;   5856700;0;3627;21044635;6030399;45;9200;11.8294;509779;0;0;sBELA0;? Unchecked;v1.6.0-140-g9a10cc1
roadmap;dimacs;93/90;90;   4698390;   2397670;0;1400;3589217;611643;34;9200;1.13158;540521;0;0;sBELA0;? Unchecked;v1.6.0-140-g9a10cc1
roadmap;dimacs;94/90;90;   3506761;   4717549;0;3769;16478310;4490595;102;9200;8.82528;508833;0;0;sBELA0;? Unchecked;v1.6.0-140-g9a10cc1
roadmap;dimacs;95/90;90;   5875928;   3634686;0;4295;19051950;4834763;34;9200;9.45926;511114;0;0;sBELA0;? Unchecked;v1.6.0-140-g9a10cc1
roadmap;dimacs;96/90;90;   3632274;   4634758;0;1827;9534556;2366840;112;9200;4.99434;473904;0;0;sBELA0;? Unchecked;v1.6.0-140-g9a10cc1
roadmap;dimacs;97/90;90;   3762084;   1813719;0;976;4279621;633573;75;9200;1.35602;467229;0;0;sBELA0;? Unchecked;v1.6.0-140-g9a10cc1
roadmap;dimacs;98/90;90;    935811;   1640005;0;3119;15506260;3821407;9;9200;7.31424;522462;0;0;sBELA0;? Unchecked;v1.6.0-140-g9a10cc1
roadmap;dimacs;99/90;90;   2212088;   5403161;0;1414;8831381;2090252;105;9200;4.12289;506987;0;0;sBELA0;? Unchecked;v1.6.0-140-g9a10cc1
roadmap;dimacs;0/100;100;   4320996;   3421432;0;1089;6670265;887807;44;9200;1.77175;501091;0;0;sBELA0;? Unchecked;v1.6.0-140-g9a10cc1
roadmap;dimacs;1/100;100;   2710066;    136691;0;3418;19652592;4285748;11;9200;8.65677;495075;0;0;sBELA0;? Unchecked;v1.6.0-140-g9a10cc1
roadmap;dimacs;2/100;100;   4833717;    720610;0;2107;10104434;2663205;81;9200;5.26683;505656;0;0;sBELA0;? Unchecked;v1.6.0-140-g9a10cc1
roadmap;dimacs;3/100;100;   2142831;   2373369;0;1029;5387343;923939;90;9200;1.83837;502585;0;0;sBELA0;? Unchecked;v1.6.0-140-g9a10cc1
roadmap;dimacs;4/100;100;    553927;   6184741;0;2873;16021906;4502596;130;9200;8.29063;543094;0;0;sBELA0;? Unchecked;v1.6.0-140-g9a10cc1
roadmap;dimacs;5/100;100;   4290512;   3848681;0;2543;13330785;4141694;72;9200;7.9841;518743;0;0;sBELA0;? Unchecked;v1.6.0-140-g9a10cc1
roadmap;dimacs;6/100;100;   5084840;   5961415;0;3368;13573627;5235956;156;9200;10.027;522188;0;0;sBELA0;? Unchecked;v1.6.0-140-g9a10cc1
roadmap;dimacs;7/100;100;   4846384;    101177;0;3063;17388366;4975279;131;9200;9.73924;510849;0;0;sBELA0;? Unchecked;v1.6.0-140-g9a10cc1
roadmap;dimacs;8/100;100;   4520980;    965983;0;1703;8453052;1597046;12;9200;3.48784;457889;0;0;sBELA0;? Unchecked;v1.6.0-140-g9a10cc1
roadmap;dimacs;9/100;100;   5487394;   5045506;0;3624;17334337;6217781;24;9200;12.7375;488148;0;0;sBELA0;? Unchecked;v1.6.0-140-g9a10cc1
roadmap;dimacs;10/100;100;   1926823;    854459;0;735;3116702;788744;49;9200;1.40872;559902;0;0;sBELA0;? Unchecked;v1.6.0-140-g9a10cc1
roadmap;dimacs;11/100;100;   3088686;   2457940;0;1453;9247952;1014155;73;9200;2.34686;432133;0;0;sBELA0;? Unchecked;v1.6.0-140-g9a10cc1
roadmap;dimacs;12/100;100;   1991621;   6102039;0;1169;3919792;481892;85;9200;0.93226;516907;0;0;sBELA0;? Unchecked;v1.6.0-140-g9a10cc1
roadmap;dimacs;13/100;100;   1679479;   3135970;0;2558;13105187;3810576;16;9200;7.19351;529725;0;0;sBELA0;? Unchecked;v1.6.0-140-g9a10cc1
roadmap;dimacs;14/100;100;   1063830;   4654604;0;1626;8671652;2218917;72;9200;4.70973;471135;0;0;sBELA0;? Unchecked;v1.6.0-140-g9a10cc1
roadmap;dimacs;15/100;100;   6224466;   1240446;0;2244;11870596;3204205;45;9200;6.47395;494938;0;0;sBELA0;? Unchecked;v1.6.0-140-g9a10cc1
roadmap;dimacs;16/100;100;   2418674;   4452024;0;2926;18598161;5098558;53;9200;9.7687;521928;0;0;sBELA0;? Unchecked;v1.6.0-140-g9a10cc1
roadmap;dimacs;17/100;100;   4931603;   4141462;0;537;2204214;196278;47;9200;0.447948;438171;0;0;sBELA0;? Unchecked;v1.6.0-140-g9a10cc1
roadmap;dimacs;18/100;100;   5574074;   4243473;0;834;3358600;277983;261;9200;0.572133;485871;0;0;sBELA0;? Unchecked;v1.6.0-140-g9a10cc1
roadmap;dimacs;19/100;100;   3494933;   2858057;0;2638;14815696;3205756;99;9200;6.47537;495069;0;0;sBELA0;? Unchecked;v1.6.0-140-g9a10cc1
roadmap;dimacs;20/100;100;    181323;    301703;0;2415;10476976;2337734;35;9200;4.74124;493064;0;0;sBELA0;? Unchecked;v1.6.0-140-g9a10cc1
roadmap;dimacs;21/100;100;   3315543;   4157337;0;3478;18996365;5815695;41;9200;11.0892;524449;0;0;sBELA0;? Unchecked;v1.6.0-140-g9a10cc1
roadmap;dimacs;22/100;100;   3908941;   5345394;0;4817;26973097;6228983;80;9200;12.1527;512561;0;0;sBELA0;? Unchecked;v1.6.0-140-g9a10cc1
roadmap;dimacs;23/100;100;   5242371;   4655349;0;1820;11131001;1841521;102;9200;3.82935;480897;0;0;sBELA0;? Unchecked;v1.6.0-140-g9a10cc1
roadmap;dimacs;24/100;100;   4961834;   2356084;0;2643;10622833;2009293;47;9200;4.21639;476543;0;0;sBELA0;? Unchecked;v1.6.0-140-g9a10cc1
roadmap;dimacs;25/100;100;   1035769;   4238789;0;3670;16540729;3509560;74;9200;7.028;499369;0;0;sBELA0;? Unchecked;v1.6.0-140-g9a10cc1
roadmap;dimacs;26/100;100;   5543425;   3773681;0;1170;7412516;1273580;387;9200;2.60982;487995;0;0;sBELA0;? Unchecked;v1.6.0-140-g9a10cc1
roadmap;dimacs;27/100;100;   4268952;    369310;0;2769;12778658;2553430;42;9200;4.99817;510873;0;0;sBELA0;? Unchecked;v1.6.0-140-g9a10cc1
roadmap;dimacs;28/100;100;   3974048;   3829589;0;592;1086591;187703;98;9200;0.383;490087;0;0;sBELA0;? Unchecked;v1.6.0-140-g9a10cc1
roadmap;dimacs;29/100;100;    294053;   1013690;0;2459;14275822;4045509;118;9200;7.38821;547563;0;0;sBELA0;? Unchecked;v1.6.0-140-g9a10cc1
roadmap;dimacs;30/100;100;   3379186;   5160800;0;2436;10391071;1840022;81;9200;3.80302;483832;0;0;sBELA0;? Unchecked;v1.6.0-140-g9a10cc1
roadmap;dimacs;31/100;100;   4901574;   3976463;0;3706;18642276;3536338;3;9200;7.30561;484058;0;0;sBELA0;? Unchecked;v1.6.0-140-g9a10cc1
roadmap;dimacs;32/100;100;   3401397;   2920525;0;2373;9286595;1802979;24;9200;3.72558;483946;0;0;sBELA0;? Unchecked;v1.6.0-140-g9a10cc1
roadmap;dimacs;33/100;100;   1580614;   2113646;0;1650;7681572;1946094;26;9200;3.48325;558701;0;0;sBELA0;? Unchecked;v1.6.0-140-g9a10cc1
roadmap;dimacs;34/100;100;   3461643;   2595916;0;2550;14183205;1468957;76;9200;3.2393;453479;0;0;sBELA0;? Unchecked;v1.6.0-140-g9a10cc1
roadmap;dimacs;35/100;100;   1972302;   2243773;0;2940;15270247;4156321;97;9200;7.93423;523847;0;0;sBELA0;? Unchecked;v1.6.0-140-g9a10cc1
roadmap;dimacs;36/100;100;   5635363;   1260073;0;4179;21538348;4713646;73;9200;9.19749;512492;0;0;sBELA0;? Unchecked;v1.6.0-140-g9a10cc1
roadmap;dimacs;37/100;100;     70522;   3752891;0;1510;7146250;1656998;113;9200;3.30392;501524;0;0;sBELA0;? Unchecked;v1.6.0-140-g9a10cc1
roadmap;dimacs;38/100;100;   1531608;   3855627;0;2204;8119677;2012713;112;9200;3.79049;530990;0;0;sBELA0;? Unchecked;v1.6.0-140-g9a10cc1
roadmap;dimacs;39/100;100;   1273069;   1293225;0;898;2270109;488811;68;9200;0.922129;530089;0;0;sBELA0;? Unchecked;v1.6.0-140-g9a10cc1
roadmap;dimacs;40/100;100;    343255;   3167742;0;1441;10349150;2857385;94;9200;5.41136;528034;0;0;sBELA0;? Unchecked;v1.6.0-140-g9a10cc1
roadmap;dimacs;41/100;100;   2036708;   4028423;0;4325;18850117;5859278;78;9200;11.2552;520582;0;0;sBELA0;? Unchecked;v1.6.0-140-g9a10cc1
roadmap;dimacs;42/100;100;   2450928;   3040803;0;3572;14485418;3776216;30;9200;6.90572;546824;0;0;sBELA0;? Unchecked;v1.6.0-140-g9a10cc1
roadmap;dimacs;43/100;100;   3872326;    927199;0;3308;18777201;4695471;93;9200;9.24963;507639;0;0;sBELA0;? Unchecked;v1.6.0-140-g9a10cc1
roadmap;dimacs;44/100;100;    787505;   5832579;0;2335;7666042;1702166;52;9200;3.35548;507279;0;0;sBELA0;? Unchecked;v1.6.0-140-g9a10cc1
roadmap;dimacs;45/100;100;   4694806;   1706582;0;1945;7741438;1976382;76;9200;3.82519;516676;0;0;sBELA0;? Unchecked;v1.6.0-140-g9a10cc1
roadmap;dimacs;46/100;100;    554299;   5975460;0;3319;17931418;5330865;121;9200;10.1384;525810;0;0;sBELA0;? Unchecked;v1.6.0-140-g9a10cc1
roadmap;dimacs;47/100;100;   4581127;    717795;0;1841;9567408;2627937;61;9200;5.46638;480745;0;0;sBELA0;? Unchecked;v1.6.0-140-g9a10cc1
roadmap;dimacs;48/100;100;   3064769;    215062;0;3036;15625636;3127167;37;9200;6.28846;497287;0;0;sBELA0;? Unchecked;v1.6.0-140-g9a10cc1
roadmap;dimacs;49/100;100;   6261467;   1869006;0;3906;20052500;6054191;51;9200;12.0042;504340;0;0;sBELA0;? Unchecked;v1.6.0-140-g9a10cc1
roadmap;dimacs;50/100;100;   1085538;    780207;0;2250;11739072;3755674;22;9200;7.3966;507757;0;0;sBELA0;? Unchecked;v1.6.0-140-g9a10cc1
roadmap;dimacs;51/100;100;   6240682;   3040367;0;2847;13833215;5152326;87;9200;9.99832;515319;0;0;sBELA0;? Unchecked;v1.6.0-140-g9a10cc1
roadmap;dimacs;52/100;100;   6006351;   2224869;0;2514;7874562;1297287;31;9200;2.33098;556541;0;0;sBELA0;? Unchecked;v1.6.0-140-g9a10cc1
roadmap;dimacs;53/100;100;    508211;   5490672;0;2061;12054321;2999453;61;9200;5.92431;506296;0;0;sBELA0;? Unchecked;v1.6.0-140-g9a10cc1
roadmap;dimacs;54/100;100;    851471;   4412887;0;3372;17634467;5231448;59;9200;9.96241;525119;0;0;sBELA0;? Unchecked;v1.6.0-140-g9a10cc1
roadmap;dimacs;55/100;100;   1574156;   4529788;0;3464;15404827;3947070;17;9200;7.13531;553174;0;0;sBELA0;? Unchecked;v1.6.0-140-g9a10cc1
roadmap;dimacs;56/100;100;   2368242;   3295502;0;2933;17302493;5413884;127;9200;10.3948;520826;0;0;sBELA0;? Unchecked;v1.6.0-140-g9a10cc1
roadmap;dimacs;57/100;100;   5103576;    302904;0;3795;14559424;2910877;68;9200;5.59393;520363;0;0;sBELA0;? Unchecked;v1.6.0-140-g9a10cc1
roadmap;dimacs;58/100;100;   3951955;    573471;0;3364;14997458;3671975;74;9200;6.88277;533503;0;0;sBELA0;? Unchecked;v1.6.0-140-g9a10cc1
roadmap;dimacs;59/100;100;    367593;   3203334;0;1794;10535039;2602826;129;9200;5.00654;519885;0;0;sBELA0;? Unchecked;v1.6.0-140-g9a10cc1
roadmap;dimacs;60/100;100;   1691460;   5850252;0;5006;17713415;5327107;10;9200;10.0251;531376;0;0;sBELA0;? Unchecked;v1.6.0-140-g9a10cc1
roadmap;dimacs;61/100;100;   2246743;   5790235;0;3506;11316611;2989494;52;9200;6.09759;490275;0;0;sBELA0;? Unchecked;v1.6.0-140-g9a10cc1
roadmap;dimacs;62/100;100;   1594081;   2684037;0;3637;19880617;6023300;59;9200;11.5946;519492;0;0;sBELA0;? Unchecked;v1.6.0-140-g9a10cc1
roadmap;dimacs;63/100;100;   3082704;   2876577;0;3631;19706269;4256923;58;9200;8.84688;481178;0;0;sBELA0;? Unchecked;v1.6.0-140-g9a10cc1
roadmap;dimacs;64/100;100;   5912922;    651978;0;3679;17410843;3671701;29;9200;7.27216;504898;0;0;sBELA0;? Unchecked;v1.6.0-140-g9a10cc1
roadmap;dimacs;65/100;100;   1688634;    523217;0;635;1739642;344714;229;9200;0.61596;559637;0;0;sBELA0;? Unchecked;v1.6.0-140-g9a10cc1
roadmap;dimacs;66/100;100;    539319;   3974427;0;3773;14527453;3713333;8;9200;6.7546;549749;0;0;sBELA0;? Unchecked;v1.6.0-140-g9a10cc1
roadmap;dimacs;67/100;100;   4094198;   2717153;0;1470;10586368;1619495;104;9200;3.54579;456738;0;0;sBELA0;? Unchecked;v1.6.0-140-g9a10cc1
roadmap;dimacs;68/100;100;    833395;   4272795;0;2299;12805222;3630346;44;9200;6.86948;528475;0;0;sBELA0;? Unchecked;v1.6.0-140-g9a10cc1
roadmap;dimacs;69/100;100;    217264;   4320040;0;2347;15906870;4516746;104;9200;8.48439;532359;0;0;sBELA0;? Unchecked;v1.6.0-140-g9a10cc1
roadmap;dimacs;70/100;100;   2014775;   3232619;0;3026;13925030;4238837;73;9200;8.25389;513556;0;0;sBELA0;? Unchecked;v1.6.0-140-g9a10cc1
roadmap;dimacs;71/100;100;   5960148;   3979553;0;1454;5968480;904786;149;9200;1.79961;502767;0;0;sBELA0;? Unchecked;v1.6.0-140-g9a10cc1
roadmap;dimacs;72/100;100;   3583772;   3923180;0;3491;20007597;5052181;69;9200;10.0447;502972;0;0;sBELA0;? Unchecked;v1.6.0-140-g9a10cc1
roadmap;dimacs;73/100;100;   5525796;    209527;0;1071;4982678;712492;115;9200;1.51258;471045;0;0;sBELA0;? Unchecked;v1.6.0-140-g9a10cc1
roadmap;dimacs;74/100;100;    973158;   4821763;0;3734;19631090;5959449;138;9200;11.2965;527547;0;0;sBELA0;? Unchecked;v1.6.0-140-g9a10cc1
roadmap;dimacs;75/100;100;   3296732;   4674091;0;2870;14060850;2762389;34;9200;5.57392;495592;0;0;sBELA0;? Unchecked;v1.6.0-140-g9a10cc1
roadmap;dimacs;76/100;100;   4786486;   5170674;0;576;2566769;364761;244;9200;0.730567;499285;0;0;sBELA0;? Unchecked;v1.6.0-140-g9a10cc1
roadmap;dimacs;77/100;100;   2208885;   2401432;0;1480;5557855;1081139;130;9200;2.19209;493199;0;0;sBELA0;? Unchecked;v1.6.0-140-g9a10cc1
roadmap;dimacs;78/100;100;   4790473;   3438138;0;4040;23327759;5661242;76;9200;10.6196;533094;0;0;sBELA0;? Unchecked;v1.6.0-140-g9a10cc1
roadmap;dimacs;79/100;100;   3280776;   5251838;0;1340;7481297;979192;82;9200;1.96983;497094;0;0;sBELA0;? Unchecked;v1.6.0-140-g9a10cc1
roadmap;dimacs;80/100;100;   3994418;   5818995;0;855;3007300;464049;35;9200;0.822623;564109;0;0;sBELA0;? Unchecked;v1.6.0-140-g9a10cc1
roadmap;dimacs;81/100;100;   4879096;   3557810;0;5494;25822797;5879146;30;9200;10.7339;547720;0;0;sBELA0;? Unchecked;v1.6.0-140-g9a10cc1
roadmap;dimacs;82/100;100;   3103038;   3187215;0;3950;19507465;4596799;50;9200;9.30334;494102;0;0;sBELA0;? Unchecked;v1.6.0-140-g9a10cc1
roadmap;dimacs;83/100;100;   4201985;   4810591;0;3432;20139339;5578428;40;9200;10.5652;527998;0;0;sBELA0;? Unchecked;v1.6.0-140-g9a10cc1
roadmap;dimacs;84/100;100;   6144459;   1567853;0;3188;17553529;4881302;44;9200;9.68334;504093;0;0;sBELA0;? Unchecked;v1.6.0-140-g9a10cc1
roadmap;dimacs;85/100;100;   2159995;   5603476;0;3106;17973012;5269491;40;9200;10.4112;506137;0;0;sBELA0;? Unchecked;v1.6.0-140-g9a10cc1
roadmap;dimacs;86/100;100;   2176184;    506799;0;2381;11346914;2836944;19;9200;5.4971;516080;0;0;sBELA0;? Unchecked;v1.6.0-140-g9a10cc1
roadmap;dimacs;87/100;100;   3802848;   5404302;0;2636;13752453;2537749;45;9200;5.12619;495055;0;0;sBELA0;? Unchecked;v1.6.0-140-g9a10cc1
roadmap;dimacs;88/100;100;   1259137;   5623104;0;3372;19301072;5835937;24;9200;11.0324;528981;0;0;sBELA0;? Unchecked;v1.6.0-140-g9a10cc1
roadmap;dimacs;89/100;100;   2820263;   1434973;0;2470;10792622;3320911;47;9200;6.917;480109;0;0;sBELA0;? Unchecked;v1.6.0-140-g9a10cc1
roadmap;dimacs;90/100;100;   4524729;      4104;0;1629;6647268;1393742;118;9200;2.81487;495136;0;0;sBELA0;? Unchecked;v1.6.0-140-g9a10cc1
roadmap;dimacs;91/100;100;   3667456;   4070555;0;873;5644983;1105968;188;9200;2.37209;466243;0;0;sBELA0;? Unchecked;v1.6.0-140-g9a10cc1
roadmap;dimacs;92/100;100;   1154079;   5856700;0;3625;21044636;6030399;49;9200;11.8051;510831;0;0;sBELA0;? Unchecked;v1.6.0-140-g9a10cc1
roadmap;dimacs;93/100;100;   4698390;   2397670;0;1399;3589219;611643;37;9200;1.16152;526587;0;0;sBELA0;? Unchecked;v1.6.0-140-g9a10cc1
roadmap;dimacs;94/100;100;   3506761;   4717549;0;3769;16478313;4490595;119;9200;8.78427;511208;0;0;sBELA0;? Unchecked;v1.6.0-140-g9a10cc1
roadmap;dimacs;95/100;100;   5875928;   3634686;0;4293;19051952;4834763;37;9200;9.46526;510790;0;0;sBELA0;? Unchecked;v1.6.0-140-g9a10cc1
roadmap;dimacs;96/100;100;   3632274;   4634758;0;1826;9534562;2366846;125;9200;5.01798;471673;0;0;sBELA0;? Unchecked;v1.6.0-140-g9a10cc1
roadmap;dimacs;97/100;100;   3762084;   1813719;0;975;4279624;633573;80;9200;1.32296;478905;0;0;sBELA0;? Unchecked;v1.6.0-140-g9a10cc1
roadmap;dimacs;98/100;100;    935811;   1640005;0;3123;15506261;3821408;10;9200;7.29924;523535;0;0;sBELA0;? Unchecked;v1.6.0-140-g9a10cc1
roadmap;dimacs;99/100;100;   2212088;   5403161;0;1434;8831388;2090259;116;9200;4.10805;508820;0;0;sBELA0;? Unchecked;v1.6.0-140-g9a10cc1
roadmap;dimacs;0/200;200;   4320996;   3421432;0;1088;6670273;887809;76;9200;1.79211;495398;0;0;sBELA0;? Unchecked;v1.6.0-140-g9a10cc1
roadmap;dimacs;1/200;200;   2710066;    136691;0;3417;19652594;4285748;19;9200;8.85267;484119;0;0;sBELA0;? Unchecked;v1.6.0-140-g9a10cc1
roadmap;dimacs;2/200;200;   4833717;    720610;0;2108;10104442;2663209;139;9200;5.40942;492328;0;0;sBELA0;? Unchecked;v1.6.0-140-g9a10cc1
roadmap;dimacs;3/200;200;   2142831;   2373369;0;1033;5387365;923955;164;9200;1.86056;496600;0;0;sBELA0;? Unchecked;v1.6.0-140-g9a10cc1
roadmap;dimacs;4/200;200;    553927;   6184741;0;2874;16021923;4502601;236;9200;8.50285;529540;0;0;sBELA0;? Unchecked;v1.6.0-140-g9a10cc1
roadmap;dimacs;5/200;200;   4290512;   3848681;0;2544;13330806;4141708;135;9200;8.04119;515061;0;0;sBELA0;? Unchecked;v1.6.0-140-g9a10cc1
roadmap;dimacs;6/200;200;   5084840;   5961415;0;3364;13573648;5235964;284;9200;10.2566;510495;0;0;sBELA0;? Unchecked;v1.6.0-140-g9a10cc1
roadmap;dimacs;7/200;200;   4846384;    101177;0;3062;17388400;4975293;258;9200;9.9381;500628;0;0;sBELA0;? Unchecked;v1.6.0-140-g9a10cc1
roadmap;dimacs;8/200;200;   4520980;    965983;0;1703;8453064;1597049;22;9200;3.55368;449408;0;0;sBELA0;? Unchecked;v1.6.0-140-g9a10cc1
roadmap;dimacs;9/200;200;   5487394;   5045506;0;3625;17334345;6217781;46;9344;12.7555;487458;0;0;sBELA0;? Unchecked;v1.6.0-140-g9a10cc1
roadmap;dimacs;10/200;200;   1926823;    854459;0;740;3116742;788745;100;9344;1.44595;545486;0;0;sBELA0;? Unchecked;v1.6.0-140-g9a10cc1
roadmap;dimacs;11/200;200;   3088686;   2457940;0;1438;9247959;1014158;116;9344;2.32154;436848;0;0;sBELA0;? Unchecked;v1.6.0-140-g9a10cc1
roadmap;dimacs;12/200;200;   1991621;   6102039;0;1167;3919832;481902;171;9344;1.01726;473725;0;0;sBELA0;? Unchecked;v1.6.0-140-g9a10cc1
roadmap;dimacs;13/200;200;   1679479;   3135970;0;2559;13105189;3810577;23;9344;7.18206;530569;0;0;sBELA0;? Unchecked;v1.6.0-140-g9a10cc1
roadmap;dimacs;14/200;200;   1063830;   4654604;0;1625;8671662;2218919;122;9344;4.76437;465732;0;0;sBELA0;? Unchecked;v1.6.0-140-g9a10cc1
roadmap;dimacs;15/200;200;   6224466;   1240446;0;2243;11870603;3204208;79;9344;6.55979;488462;0;0;sBELA0;? Unchecked;v1.6.0-140-g9a10cc1
roadmap;dimacs;16/200;200;   2418674;   4452024;0;2948;18598165;5098559;80;9344;9.81939;519234;0;0;sBELA0;? Unchecked;v1.6.0-140-g9a10cc1
roadmap;dimacs;17/200;200;   4931603;   4141462;0;539;2204243;196279;93;9344;0.479645;409217;0;0;sBELA0;? Unchecked;v1.6.0-140-g9a10cc1
roadmap;dimacs;18/200;200;   5574074;   4243473;0;885;3358662;277988;525;9344;0.626019;444057;0;0;sBELA0;? Unchecked;v1.6.0-140-g9a10cc1
roadmap;dimacs;19/200;200;   3494933;   2858057;0;2635;14815708;3205761;177;9344;6.54639;489699;0;0;sBELA0;? Unchecked;v1.6.0-140-g9a10cc1
roadmap;dimacs;20/200;200;    181323;    301703;0;2409;10476984;2337735;68;9344;4.76754;490344;0;0;sBELA0;? Unchecked;v1.6.0-140-g9a10cc1
roadmap;dimacs;21/200;200;   3315543;   4157337;0;3467;18996372;5815696;72;9344;11.22;518335;0;0;sBELA0;? Unchecked;v1.6.0-140-g9a10cc1
roadmap;dimacs;22/200;200;   3908941;   5345394;0;4828;26973106;6228983;152;9344;12.3436;504632;0;0;sBELA0;? Unchecked;v1.6.0-140-g9a10cc1
roadmap;dimacs;23/200;200;   5242371;   4655349;0;1806;11131036;1841528;228;9344;3.90859;471149;0;0;sBELA0;? Unchecked;v1.6.0-140-g9a10cc1
roadmap;dimacs;24/200;200;   4961834;   2356084;0;2646;10622840;2009294;83;9344;4.32177;464924;0;0;sBELA0;? Unchecked;v1.6.0-140-g9a10cc1
roadmap;dimacs;25/200;200;   1035769;   4238789;0;3658;16540742;3509562;131;9344;7.2034;487209;0;0;sBELA0;? Unchecked;v1.6.0-140-g9a10cc1
roadmap;dimacs;26/200;200;   5543425;   3773681;0;1168;7412599;1273613;793;9344;2.66426;478036;0;0;sBELA0;? Unchecked;v1.6.0-140-g9a10cc1
roadmap;dimacs;27/200;200;   4268952;    369310;0;2769;12778670;2553438;101;9344;5.11864;498850;0;0;sBELA0;? Unchecked;v1.6.0-140-g9a10cc1
roadmap;dimacs;28/200;200;   3974048;   3829589;0;593;1086660;187722;214;9344;0.370803;506258;0;0;sBELA0;? Unchecked;v1.6.0-140-g9a10cc1
roadmap;dimacs;29/200;200;    294053;   1013690;0;2463;14275835;4045517;194;9344;7.49064;540076;0;0;sBELA0;? Unchecked;v1.6.0-140-g9a10cc1
roadmap;dimacs;30/200;200;   3379186;   5160800;0;2430;10391087;1840033;141;9344;3.90379;471345;0;0;sBELA0;? Unchecked;v1.6.0-140-g9a10cc1
roadmap;dimacs;31/200;200;   4901574;   3976463;0;3707;18642279;3536339;5;9344;7.32614;482701;0;0;sBELA0;? Unchecked;v1.6.0-140-g9a10cc1
roadmap;dimacs;32/200;200;   3401397;   2920525;0;2375;9286629;1802987;57;9344;3.74216;481804;0;0;sBELA0;? Unchecked;v1.6.0-140-g9a10cc1
roadmap;dimacs;33/200;200;   1580614;   2113646;0;1653;7681596;1946098;51;9344;3.55868;546860;0;0;sBELA0;? Unchecked;v1.6.0-140-g9a10cc1
roadmap;dimacs;34/200;200;   3461643;   2595916;0;2549;14183218;1468961;132;9344;3.33954;439869;0;0;sBELA0;? Unchecked;v1.6.0-140-g9a10cc1
roadmap;dimacs;35/200;200;   1972302;   2243773;0;2933;15270262;4156327;178;9344;8.07086;514979;0;0;sBELA0;? Unchecked;v1.6.0-140-g9a10cc1
roadmap;dimacs;36/200;200;   5635363;   1260073;0;4179;21538356;4713646;126;9344;9.44622;498998;0;0;sBELA0;? Unchecked;v1.6.0-140-g9a10cc1
roadmap;dimacs;37/200;200;     70522;   3752891;0;1512;7146268;1657001;200;9344;3.34565;495271;0;0;sBELA0;? Unchecked;v1.6.0-140-g9a10cc1
roadmap;dimacs;38/200;200;   1531608;   3855627;0;2207;8119692;2012716;209;9344;3.9042;515525;0;0;sBELA0;? Unchecked;v1.6.0-140-g9a10cc1
roadmap;dimacs;39/200;200;   1273069;   1293225;0;897;2270133;488818;120;9344;0.960953;508681;0;0;sBELA0;? Unchecked;v1.6.0-140-g9a10cc1
roadmap;dimacs;40/200;200;    343255;   3167742;0;1447;10349181;2857400;171;9344;5.46638;522722;0;0;sBELA0;? Unchecked;v1.6.0-140-g9a10cc1
roadmap;dimacs;41/200;200;   2036708;   4028423;0;4323;18850128;5859280;137;9344;11.4804;510372;0;0;sBELA0;? Unchecked;v1.6.0-140-g9a10cc1
roadmap;dimacs;42/200;200;   2450928;   3040803;0;3571;14485423;3776219;55;9344;7.00142;539350;0;0;sBELA0;? Unchecked;v1.6.0-140-g9a10cc1
roadmap;dimacs;43/200;200;   3872326;    927199;0;3308;18777216;4695480;182;9344;9.46064;496317;0;0;sBELA0;? Unchecked;v1.6.0-140-g9a10cc1
roadmap;dimacs;44/200;200;    787505;   5832579;0;2335;7666046;1702166;80;9344;3.34981;508138;0;0;sBELA0;? Unchecked;v1.6.0-140-g9a10cc1
roadmap;dimacs;45/200;200;   4694806;   1706582;0;1945;7741469;1976406;154;9344;3.88732;508424;0;0;sBELA0;? Unchecked;v1.6.0-140-g9a10cc1
roadmap;dimacs;46/200;200;    554299;   5975460;0;3322;17931427;5330869;186;9344;10.3408;515516;0;0;sBELA0;? Unchecked;v1.6.0-140-g9a10cc1
roadmap;dimacs;47/200;200;   4581127;    717795;0;1846;9567419;2627945;105;9344;5.47113;480329;0;0;sBELA0;? Unchecked;v1.6.0-140-g9a10cc1
roadmap;dimacs;48/200;200;   3064769;    215062;0;3041;15625642;3127169;68;9344;6.43151;486226;0;0;sBELA0;? Unchecked;v1.6.0-140-g9a10cc1
roadmap;dimacs;49/200;200;   6261467;   1869006;0;3896;20052509;6054193;96;9344;12.1041;500176;0;0;sBELA0;? Unchecked;v1.6.0-140-g9a10cc1
roadmap;dimacs;50/200;200;   1085538;    780207;0;2253;11739076;3755676;40;9344;7.38183;508773;0;0;sBELA0;? Unchecked;v1.6.0-140-g9a10cc1
roadmap;dimacs;51/200;200;   6240682;   3040367;0;2848;13833232;5152335;155;9344;10.1384;508202;0;0;sBELA0;? Unchecked;v1.6.0-140-g9a10cc1
roadmap;dimacs;52/200;200;   6006351;   2224869;0;2512;7874569;1297288;56;9344;2.4206;535936;0;0;sBELA0;? Unchecked;v1.6.0-140-g9a10cc1
roadmap;dimacs;53/200;200;    508211;   5490672;0;2062;12054342;2999461;103;9344;5.94923;504176;0;0;sBELA0;? Unchecked;v1.6.0-140-g9a10cc1
roadmap;dimacs;54/200;200;    851471;   4412887;0;3372;17634476;5231450;96;9344;10.0966;518140;0;0;sBELA0;? Unchecked;v1.6.0-140-g9a10cc1
roadmap;dimacs;55/200;200;   1574156;   4529788;0;3458;15404831;3947072;28;9344;7.19564;548536;0;0;sBELA0;? Unchecked;v1.6.0-140-g9a10cc1
roadmap;dimacs;56/200;200;   2368242;   3295502;0;2933;17302502;5413886;202;9344;10.6635;507702;0;0;sBELA0;? Unchecked;v1.6.0-140-g9a10cc1
roadmap;dimacs;57/200;200;   5103576;    302904;0;3788;14559430;2910882;104;9344;5.71611;509242;0;0;sBELA0;? Unchecked;v1.6.0-140-g9a10cc1
roadmap;dimacs;58/200;200;   3951955;    573471;0;3363;14997472;3671976;125;9344;7.03036;522303;0;0;sBELA0;? Unchecked;v1.6.0-140-g9a10cc1
roadmap;dimacs;59/200;200;    367593;   3203334;0;1794;10535078;2602844;277;9344;5.10523;509839;0;0;sBELA0;? Unchecked;v1.6.0-140-g9a10cc1
roadmap;dimacs;60/200;200;   1691460;   5850252;0;5002;17713416;5327108;14;9344;10.1005;527411;0;0;sBELA0;? Unchecked;v1.6.0-140-g9a10cc1
roadmap;dimacs;61/200;200;   2246743;   5790235;0;3511;11316616;2989495;84;9344;6.23942;479131;0;0;sBELA0;? Unchecked;v1.6.0-140-g9a10cc1
roadmap;dimacs;62/200;200;   1594081;   2684037;0;3637;19880625;6023301;101;9344;11.736;513233;0;0;sBELA0;? Unchecked;v1.6.0-140-g9a10cc1
roadmap;dimacs;63/200;200;   3082704;   2876577;0;3634;19706276;4256925;99;9344;9.04426;470677;0;0;sBELA0;? Unchecked;v1.6.0-140-g9a10cc1
roadmap;dimacs;64/200;200;   5912922;    651978;0;3680;17410855;3671712;57;9344;7.37633;497770;0;0;sBELA0;? Unchecked;v1.6.0-140-g9a10cc1
roadmap;dimacs;65/200;200;   1688634;    523217;0;637;1739714;344788;470;9344;0.663919;519322;0;0;sBELA0;? Unchecked;v1.6.0-140-g9a10cc1
roadmap;dimacs;66/200;200;    539319;   3974427;0;3777;14527455;3713333;12;9344;6.91433;537049;0;0;sBELA0;? Unchecked;v1.6.0-140-g9a10cc1
roadmap;dimacs;67/200;200;   4094198;   2717153;0;1469;10586393;1619502;216;9344;3.61095;448497;0;0;sBELA0;? Unchecked;v1.6.0-140-g9a10cc1
roadmap;dimacs;68/200;200;    833395;   4272795;0;2298;12805227;3630347;74;9344;6.97823;520239;0;0;sBELA0;? Unchecked;v1.6.0-140-g9a10cc1
roadmap;dimacs;69/200;200;    217264;   4320040;0;2357;15906919;4516759;230;9344;8.59046;525788;0;0;sBELA0;? Unchecked;v1.6.0-140-g9a10cc1
roadmap;dimacs;70/200;200;   2014775;   3232619;0;3022;13925052;4238844;140;9344;8.33257;508708;0;0;sBELA0;? Unchecked;v1.6.0-140-g9a10cc1
roadmap;dimacs;71/200;200;   5960148;   3979553;0;1456;5968514;904805;305;9344;1.85706;487225;0;0;sBELA0;? Unchecked;v1.6.0-140-g9a10cc1
roadmap;dimacs;72/200;200;   3583772;   3923180;0;3491;20007603;5052181;101;9344;10.1517;497669;0;0;sBELA0;? Unchecked;v1.6.0-140-g9a10cc1
roadmap;dimacs;73/200;200;   5525796;    209527;0;1071;4982710;712500;239;9344;1.53784;463312;0;0;sBELA0;? Unchecked;v1.6.0-140-g9a10cc1
roadmap;dimacs;74/200;200;    973158;   4821763;0;3736;19631104;5959459;256;9344;11.5823;514530;0;0;sBELA0;? Unchecked;v1.6.0-140-g9a10cc1
roadmap;dimacs;75/200;200;   3296732;   4674091;0;2868;14060856;2762389;57;9344;5.64879;489023;0;0;sBELA0;? Unchecked;v1.6.0-140-g9a10cc1
roadmap;dimacs;76/200;200;   4786486;   5170674;0;572;2566889;364794;511;9344;0.760797;479489;0;0;sBELA0;? Unchecked;v1.6.0-140-g9a10cc1
roadmap;dimacs;77/200;200;   2208885;   2401432;0;1482;5557882;1081143;243;9344;2.27344;475553;0;0;sBELA0;? Unchecked;v1.6.0-140-g9a10cc1
roadmap;dimacs;78/200;200;   4790473;   3438138;0;4048;23327767;5661243;128;9344;10.7842;524955;0;0;sBELA0;? Unchecked;v1.6.0-140-g9a10cc1
roadmap;dimacs;79/200;200;   3280776;   5251838;0;1342;7481306;979194;127;9344;2.02828;482772;0;0;sBELA0;? Unchecked;v1.6.0-140-g9a10cc1
roadmap;dimacs;80/200;200;   3994418;   5818995;0;854;3007343;464061;76;9344;0.871747;532335;0;0;sBELA0;? Unchecked;v1.6.0-140-g9a10cc1
roadmap;dimacs;81/200;200;   4879096;   3557810;0;5495;25822800;5879147;50;9344;10.8656;541078;0;0;sBELA0;? Unchecked;v1.6.0-140-g9a10cc1
roadmap;dimacs;82/200;200;   3103038;   3187215;0;3950;19507478;4596802;97;9344;9.46985;485414;0;0;sBELA0;? Unchecked;v1.6.0-140-g9a10cc1
roadmap;dimacs;83/200;200;   4201985;   4810591;0;3430;20139349;5578435;72;9344;10.6703;522802;0;0;sBELA0;? Unchecked;v1.6.0-140-g9a10cc1
roadmap;dimacs;84/200;200;   6144459;   1567853;0;3207;17553537;4881316;72;9344;9.78151;499035;0;0;sBELA0;? Unchecked;v1.6.0-140-g9a10cc1
roadmap;dimacs;85/200;200;   2159995;   5603476;0;3107;17973018;5269492;71;9344;10.4724;503177;0;0;sBELA0;? Unchecked;v1.6.0-140-g9a10cc1
roadmap;dimacs;86/200;200;   2176184;    506799;0;2381;11346924;2836948;41;9344;5.50256;515569;0;0;sBELA0;? Unchecked;v1.6.0-140-g9a10cc1
roadmap;dimacs;87/200;200;   3802848;   5404302;0;2634;13752458;2537749;84;9344;5.23638;484638;0;0;sBELA0;? Unchecked;v1.6.0-140-g9a10cc1
roadmap;dimacs;88/200;200;   1259137;   5623104;0;3373;19301077;5835937;47;9344;11.0719;527095;0;0;sBELA0;? Unchecked;v1.6.0-140-g9a10cc1
roadmap;dimacs;89/200;200;   2820263;   1434973;0;2470;10792645;3320931;89;9344;6.98035;475754;0;0;sBELA0;? Unchecked;v1.6.0-140-g9a10cc1
roadmap;dimacs;90/200;200;   4524729;      4104;0;1632;6647344;1393763;444;9344;2.92096;477159;0;0;sBELA0;? Unchecked;v1.6.0-140-g9a10cc1
roadmap;dimacs;91/200;200;   3667456;   4070555;0;873;5645070;1106004;395;9344;2.37439;465805;0;0;sBELA0;? Unchecked;v1.6.0-140-g9a10cc1
roadmap;dimacs;92/200;200;   1154079;   5856700;0;3627;21044644;6030403;87;9344;11.8992;506789;0;0;sBELA0;? Unchecked;v1.6.0-140-g9a10cc1
roadmap;dimacs;93/200;200;   4698390;   2397670;0;1399;3589232;611646;71;9344;1.13227;540195;0;0;sBELA0;? Unchecked;v1.6.0-140-g9a10cc1
roadmap;dimacs;94/200;200;   3506761;   4717549;0;3770;16478329;4490604;229;9344;9.05334;496016;0;0;sBELA0;? Unchecked;v1.6.0-140-g9a10cc1
roadmap;dimacs;95/200;200;   5875928;   3634686;0;4296;19051964;4834765;76;9344;9.59085;504102;0;0;sBELA0;? Unchecked;v1.6.0-140-g9a10cc1
roadmap;dimacs;96/200;200;   3632274;   4634758;0;1831;9534596;2366853;243;9344;5.0961;464444;0;0;sBELA0;? Unchecked;v1.6.0-140-g9a10cc1
roadmap;dimacs;97/200;200;   3762084;   1813719;0;976;4279659;633590;163;9344;1.33606;474223;0;0;sBELA0;? Unchecked;v1.6.0-140-g9a10cc1
roadmap;dimacs;98/200;200;    935811;   1640005;0;3122;15506266;3821409;18;9344;7.31635;522311;0;0;sBELA0;? Unchecked;v1.6.0-140-g9a10cc1
roadmap;dimacs;99/200;200;   2212088;   5403161;0;1414;8831418;2090270;217;9344;4.17831;500267;0;0;sBELA0;? Unchecked;v1.6.0-140-g9a10cc1
roadmap;dimacs;0/300;300;   4320996;   3421432;0;1089;6670290;887812;108;9344;1.78775;496609;0;0;sBELA0;? Unchecked;v1.6.0-140-g9a10cc1
roadmap;dimacs;1/300;300;   2710066;    136691;0;3418;19652595;4285748;25;9344;8.90774;481126;0;0;sBELA0;? Unchecked;v1.6.0-140-g9a10cc1
roadmap;dimacs;2/300;300;   4833717;    720610;0;2104;10104448;2663210;187;9344;5.45666;488066;0;0;sBELA0;? Unchecked;v1.6.0-140-g9a10cc1
roadmap;dimacs;3/300;300;   2142831;   2373369;0;1035;5387375;923962;218;9344;1.87664;492350;0;0;sBELA0;? Unchecked;v1.6.0-140-g9a10cc1
roadmap;dimacs;4/300;300;    553927;   6184741;0;2876;16021932;4502603;311;9344;8.60397;523317;0;0;sBELA0;? Unchecked;v1.6.0-140-g9a10cc1
roadmap;dimacs;5/300;300;   4290512;   3848681;0;2541;13330815;4141716;186;9344;8.19245;505553;0;0;sBELA0;? Unchecked;v1.6.0-140-g9a10cc1
roadmap;dimacs;6/300;300;   5084840;   5961415;0;3364;13573660;5235971;377;9344;10.4084;503053;0;0;sBELA0;? Unchecked;v1.6.0-140-g9a10cc1
roadmap;dimacs;7/300;300;   4846384;    101177;0;3062;17388418;4975297;424;9344;10.1278;491249;0;0;sBELA0;? Unchecked;v1.6.0-140-g9a10cc1
roadmap;dimacs;8/300;300;   4520980;    965983;0;1701;8453073;1597054;32;9344;3.56737;447684;0;0;sBELA0;? Unchecked;v1.6.0-140-g9a10cc1
roadmap;dimacs;9/300;300;   5487394;   5045506;0;3623;17334349;6217781;63;9355;12.8342;484470;0;0;sBELA0;? Unchecked;v1.6.0-140-g9a10cc1
roadmap;dimacs;10/300;300;   1926823;    854459;0;736;3116762;788752;142;9355;1.48642;530639;0;0;sBELA0;? Unchecked;v1.6.0-140-g9a10cc1
roadmap;dimacs;11/300;300;   3088686;   2457940;0;1458;9247964;1014159;170;9355;2.43619;416288;0;0;sBELA0;? Unchecked;v1.6.0-140-g9a10cc1
roadmap;dimacs;12/300;300;   1991621;   6102039;0;1167;3919847;481908;235;9355;1.06485;452560;0;0;sBELA0;? Unchecked;v1.6.0-140-g9a10cc1
roadmap;dimacs;13/300;300;   1679479;   3135970;0;2558;13105192;3810578;32;9355;7.31243;521109;0;0;sBELA0;? Unchecked;v1.6.0-140-g9a10cc1
roadmap;dimacs;14/300;300;   1063830;   4654604;0;1630;8671669;2218922;162;9355;4.88705;454042;0;0;sBELA0;? Unchecked;v1.6.0-140-g9a10cc1
roadmap;dimacs;15/300;300;   6224466;   1240446;0;2247;11870607;3204212;103;9355;6.6258;483596;0;0;sBELA0;? Unchecked;v1.6.0-140-g9a10cc1
roadmap;dimacs;16/300;300;   2418674;   4452024;0;2934;18598168;5098559;105;9355;10.0103;509333;0;0;sBELA0;? Unchecked;v1.6.0-140-g9a10cc1
roadmap;dimacs;17/300;300;   4931603;   4141462;0;540;2204273;196284;140;9355;0.499424;393020;0;0;sBELA0;? Unchecked;v1.6.0-140-g9a10cc1
roadmap;dimacs;18/300;300;   5574074;   4243473;0;837;3358700;277998;782;9355;0.702745;395589;0;0;sBELA0;? Unchecked;v1.6.0-140-g9a10cc1
roadmap;dimacs;19/300;300;   3494933;   2858057;0;2633;14815717;3205764;246;9355;6.71094;477692;0;0;sBELA0;? Unchecked;v1.6.0-140-g9a10cc1
roadmap;dimacs;20/300;300;    181323;    301703;0;2421;10476992;2337739;103;9355;4.91903;475244;0;0;sBELA0;? Unchecked;v1.6.0-140-g9a10cc1
roadmap;dimacs;21/300;300;   3315543;   4157337;0;3467;18996376;5815698;101;9355;11.3362;513018;0;0;sBELA0;? Unchecked;v1.6.0-140-g9a10cc1
roadmap;dimacs;22/300;300;   3908941;   5345394;0;4823;26973110;6228983;210;9355;12.6949;490666;0;0;sBELA0;? Unchecked;v1.6.0-140-g9a10cc1
roadmap;dimacs;23/300;300;   5242371;   4655349;0;1808;11131060;1841535;345;9355;4.11038;448021;0;0;sBELA0;? Unchecked;v1.6.0-140-g9a10cc1
roadmap;dimacs;24/300;300;   4961834;   2356084;0;2637;10622845;2009298;116;9355;4.42754;453818;0;0;sBELA0;? Unchecked;v1.6.0-140-g9a10cc1
roadmap;dimacs;25/300;300;   1035769;   4238789;0;3656;16540750;3509566;176;9355;7.43998;471717;0;0;sBELA0;? Unchecked;v1.6.0-140-g9a10cc1
roadmap;dimacs;26/300;300;   5543425;   3773681;0;1168;7412646;1273631;1156;9355;2.89137;440495;0;0;sBELA0;? Unchecked;v1.6.0-140-g9a10cc1
roadmap;dimacs;27/300;300;   4268952;    369310;0;2765;12778677;2553440;145;9355;5.21804;489348;0;0;sBELA0;? Unchecked;v1.6.0-140-g9a10cc1
roadmap;dimacs;28/300;300;   3974048;   3829589;0;592;1086687;187731;302;9355;0.39537;474823;0;0;sBELA0;? Unchecked;v1.6.0-140-g9a10cc1
roadmap;dimacs;29/300;300;    294053;   1013690;0;2464;14275843;4045520;256;9355;7.57485;534073;0;0;sBELA0;? Unchecked;v1.6.0-140-g9a10cc1
roadmap;dimacs;30/300;300;   3379186;   5160800;0;2438;10391097;1840038;208;9355;4.01112;458734;0;0;sBELA0;? Unchecked;v1.6.0-140-g9a10cc1
roadmap;dimacs;31/300;300;   4901574;   3976463;0;3707;18642284;3536343;10;9355;7.45764;474191;0;0;sBELA0;? Unchecked;v1.6.0-140-g9a10cc1
roadmap;dimacs;32/300;300;   3401397;   2920525;0;2372;9286638;1802989;77;9355;3.8855;464030;0;0;sBELA0;? Unchecked;v1.6.0-140-g9a10cc1
roadmap;dimacs;33/300;300;   1580614;   2113646;0;1649;7681605;1946099;74;9355;3.60981;539114;0;0;sBELA0;? Unchecked;v1.6.0-140-g9a10cc1
roadmap;dimacs;34/300;300;   3461643;   2595916;0;2550;14183225;1468961;172;9355;3.48726;421237;0;0;sBELA0;? Unchecked;v1.6.0-140-g9a10cc1
roadmap;dimacs;35/300;300;   1972302;   2243773;0;2924;15270270;4156329;249;9355;8.32691;499144;0;0;sBELA0;? Unchecked;v1.6.0-140-g9a10cc1
roadmap;dimacs;36/300;300;   5635363;   1260073;0;4178;21538361;4713647;173;9355;9.7017;485858;0;0;sBELA0;? Unchecked;v1.6.0-140-g9a10cc1
roadmap;dimacs;37/300;300;     70522;   3752891;0;1513;7146277;1657005;274;9355;3.43574;482285;0;0;sBELA0;? Unchecked;v1.6.0-140-g9a10cc1
roadmap;dimacs;38/300;300;   1531608;   3855627;0;2204;8119702;2012718;304;9355;4.0259;499943;0;0;sBELA0;? Unchecked;v1.6.0-140-g9a10cc1
roadmap;dimacs;39/300;300;   1273069;   1293225;0;897;2270152;488822;177;9355;0.988882;494318;0;0;sBELA0;? Unchecked;v1.6.0-140-g9a10cc1
roadmap;dimacs;40/300;300;    343255;   3167742;0;1442;10349213;2857410;258;9355;5.53485;516258;0;0;sBELA0;? Unchecked;v1.6.0-140-g9a10cc1
roadmap;dimacs;41/300;300;   2036708;   4028423;0;4325;18850135;5859280;183;9355;11.7346;499316;0;0;sBELA0;? Unchecked;v1.6.0-140-g9a10cc1
roadmap;dimacs;42/300;300;   2450928;   3040803;0;3569;14485425;3776221;71;9355;7.17692;526162;0;0;sBELA0;? Unchecked;v1.6.0-140-g9a10cc1
roadmap;dimacs;43/300;300;   3872326;    927199;0;3306;18777225;4695487;253;9355;9.72288;482932;0;0;sBELA0;? Unchecked;v1.6.0-140-g9a10cc1
roadmap;dimacs;44/300;300;    787505;   5832579;0;2332;7666048;1702166;103;9355;3.46578;491134;0;0;sBELA0;? Unchecked;v1.6.0-140-g9a10cc1
roadmap;dimacs;45/300;300;   4694806;   1706582;0;1945;7741481;1976419;212;9355;4.05303;487640;0;0;sBELA0;? Unchecked;v1.6.0-140-g9a10cc1
roadmap;dimacs;46/300;300;    554299;   5975460;0;3323;17931434;5330871;248;9355;10.505;507461;0;0;sBELA0;? Unchecked;v1.6.0-140-g9a10cc1
roadmap;dimacs;47/300;300;   4581127;    717795;0;1840;9567425;2627950;139;9355;5.62072;467547;0;0;sBELA0;? Unchecked;v1.6.0-140-g9a10cc1
roadmap;dimacs;48/300;300;   3064769;    215062;0;3042;15625645;3127171;93;9355;6.61973;472402;0;0;sBELA0;? Unchecked;v1.6.0-140-g9a10cc1
roadmap;dimacs;49/300;300;   6261467;   1869006;0;3905;20052515;6054200;131;9355;12.2909;492577;0;0;sBELA0;? Unchecked;v1.6.0-140-g9a10cc1
roadmap;dimacs;50/300;300;   1085538;    780207;0;2249;11739081;3755680;57;9355;7.40141;507428;0;0;sBELA0;? Unchecked;v1.6.0-140-g9a10cc1
roadmap;dimacs;51/300;300;   6240682;   3040367;0;2850;13833244;5152341;222;9355;10.3161;499447;0;0;sBELA0;? Unchecked;v1.6.0-140-g9a10cc1
roadmap;dimacs;52/300;300;   6006351;   2224869;0;2511;7874572;1297289;75;9355;2.42586;534775;0;0;sBELA0;? Unchecked;v1.6.0-140-g9a10cc1
roadmap;dimacs;53/300;300;    508211;   5490672;0;2061;12054356;2999464;147;9355;6.02538;497805;0;0;sBELA0;? Unchecked;v1.6.0-140-g9a10cc1
roadmap;dimacs;54/300;300;    851471;   4412887;0;3299;17634481;5231451;126;9355;10.2665;509566;0;0;sBELA0;? Unchecked;v1.6.0-140-g9a10cc1
roadmap;dimacs;55/300;300;   1574156;   4529788;0;3467;15404834;3947073;40;9355;7.24536;544773;0;0;sBELA0;? Unchecked;v1.6.0-140-g9a10cc1
roadmap;dimacs;56/300;300;   2368242;   3295502;0;2933;17302509;5413892;272;9355;10.9413;494812;0;0;sBELA0;? Unchecked;v1.6.0-140-g9a10cc1
roadmap;dimacs;57/300;300;   5103576;    302904;0;3796;14559434;2910884;138;9355;5.97024;487566;0;0;sBELA0;? Unchecked;v1.6.0-140-g9a10cc1
roadmap;dimacs;58/300;300;   3951955;    573471;0;3363;14997485;3671980;190;9355;7.21466;508961;0;0;sBELA0;? Unchecked;v1.6.0-140-g9a10cc1
roadmap;dimacs;59/300;300;    367593;   3203334;0;1795;10535107;2602856;473;9355;5.29187;491860;0;0;sBELA0;? Unchecked;v1.6.0-140-g9a10cc1
roadmap;dimacs;60/300;300;   1691460;   5850252;0;5004;17713417;5327109;17;9355;10.1815;523216;0;0;sBELA0;? Unchecked;v1.6.0-140-g9a10cc1
roadmap;dimacs;61/300;300;   2246743;   5790235;0;3507;11316620;2989499;110;9355;6.40021;467094;0;0;sBELA0;? Unchecked;v1.6.0-140-g9a10cc1
roadmap;dimacs;62/300;300;   1594081;   2684037;0;3637;19880630;6023303;136;9355;11.8499;508301;0;0;sBELA0;? Unchecked;v1.6.0-140-g9a10cc1
roadmap;dimacs;63/300;300;   3082704;   2876577;0;3634;19706280;4256927;130;9355;9.24199;460607;0;0;sBELA0;? Unchecked;v1.6.0-140-g9a10cc1
roadmap;dimacs;64/300;300;   5912922;    651978;0;3678;17410863;3671721;85;9355;7.54051;486933;0;0;sBELA0;? Unchecked;v1.6.0-140-g9a10cc1
roadmap;dimacs;65/300;300;   1688634;    523217;0;640;1739754;344821;687;9355;0.735636;468739;0;0;sBELA0;? Unchecked;v1.6.0-140-g9a10cc1
roadmap;dimacs;66/300;300;    539319;   3974427;0;3770;14527455;3713333;16;9355;6.96301;533294;0;0;sBELA0;? Unchecked;v1.6.0-140-g9a10cc1
roadmap;dimacs;67/300;300;   4094198;   2717153;0;1467;10586407;1619506;300;9355;3.76039;430675;0;0;sBELA0;? Unchecked;v1.6.0-140-g9a10cc1
roadmap;dimacs;68/300;300;    833395;   4272795;0;2299;12805230;3630349;92;9355;7.02002;517142;0;0;sBELA0;? Unchecked;v1.6.0-140-g9a10cc1
roadmap;dimacs;69/300;300;    217264;   4320040;0;2358;15906953;4516765;376;9355;8.7685;515113;0;0;sBELA0;? Unchecked;v1.6.0-140-g9a10cc1
roadmap;dimacs;70/300;300;   2014775;   3232619;0;3026;13925065;4238848;199;9355;8.49291;499104;0;0;sBELA0;? Unchecked;v1.6.0-140-g9a10cc1
roadmap;dimacs;71/300;300;   5960148;   3979553;0;1456;5968537;904814;469;9355;1.96162;461259;0;0;sBELA0;? Unchecked;v1.6.0-140-g9a10cc1
roadmap;dimacs;72/300;300;   3583772;   3923180;0;3489;20007609;5052181;128;9355;10.3334;488918;0;0;sBELA0;? Unchecked;v1.6.0-140-g9a10cc1
roadmap;dimacs;73/300;300;   5525796;    209527;0;1069;4982730;712505;337;9355;1.61182;442049;0;0;sBELA0;? Unchecked;v1.6.0-140-g9a10cc1
roadmap;dimacs;74/300;300;    973158;   4821763;0;3737;19631112;5959463;340;9355;11.8663;502216;0;0;sBELA0;? Unchecked;v1.6.0-140-g9a10cc1
roadmap;dimacs;75/300;300;   3296732;   4674091;0;2871;14060861;2762390;78;9355;5.79281;476865;0;0;sBELA0;? Unchecked;v1.6.0-140-g9a10cc1
roadmap;dimacs;76/300;300;   4786486;   5170674;0;572;2566961;364804;780;9355;0.830547;439233;0;0;sBELA0;? Unchecked;v1.6.0-140-g9a10cc1
roadmap;dimacs;77/300;300;   2208885;   2401432;0;1479;5557902;1081149;341;9355;2.37576;455076;0;0;sBELA0;? Unchecked;v1.6.0-140-g9a10cc1
roadmap;dimacs;78/300;300;   4790473;   3438138;0;4048;23327772;5661244;176;9355;11.0173;513852;0;0;sBELA0;? Unchecked;v1.6.0-140-g9a10cc1
roadmap;dimacs;79/300;300;   3280776;   5251838;0;1349;7481313;979197;169;9355;2.13013;459689;0;0;sBELA0;? Unchecked;v1.6.0-140-g9a10cc1
roadmap;dimacs;80/300;300;   3994418;   5818995;0;856;3007374;464069;120;9355;0.865399;536248;0;0;sBELA0;? Unchecked;v1.6.0-140-g9a10cc1
roadmap;dimacs;81/300;300;   4879096;   3557810;0;5495;25822802;5879147;59;9355;10.8626;541227;0;0;sBELA0;? Unchecked;v1.6.0-140-g9a10cc1
roadmap;dimacs;82/300;300;   3103038;   3187215;0;3952;19507485;4596803;138;9355;9.68993;474390;0;0;sBELA0;? Unchecked;v1.6.0-140-g9a10cc1
roadmap;dimacs;83/300;300;   4201985;   4810591;0;3430;20139355;5578439;102;9355;10.8185;515638;0;0;sBELA0;? Unchecked;v1.6.0-140-g9a10cc1
roadmap;dimacs;84/300;300;   6144459;   1567853;0;3187;17553542;4881326;100;9355;9.8864;493741;0;0;sBELA0;? Unchecked;v1.6.0-140-g9a10cc1
roadmap;dimacs;85/300;300;   2159995;   5603476;0;3106;17973025;5269493;101;9355;10.653;494648;0;0;sBELA0;? Unchecked;v1.6.0-140-g9a10cc1
roadmap;dimacs;86/300;300;   2176184;    506799;0;2382;11346926;2836949;55;9355;5.61656;505105;0;0;sBELA0;? Unchecked;v1.6.0-140-g9a10cc1
roadmap;dimacs;87/300;300;   3802848;   5404302;0;2633;13752462;2537751;116;9355;5.35497;473906;0;0;sBELA0;? Unchecked;v1.6.0-140-g9a10cc1
roadmap;dimacs;88/300;300;   1259137;   5623104;0;3370;19301082;5835939;65;9355;11.1974;521189;0;0;sBELA0;? Unchecked;v1.6.0-140-g9a10cc1
roadmap;dimacs;89/300;300;   2820263;   1434973;0;2468;10792657;3320949;126;9355;7.12421;466150;0;0;sBELA0;? Unchecked;v1.6.0-140-g9a10cc1
roadmap;dimacs;90/300;300;   4524729;      4104;0;1637;6647375;1393772;697;9355;3.10486;448900;0;0;sBELA0;? Unchecked;v1.6.0-140-g9a10cc1
roadmap;dimacs;91/300;300;   3667456;   4070555;0;866;5645120;1106019;612;9355;2.48108;445782;0;0;sBELA0;? Unchecked;v1.6.0-140-g9a10cc1
roadmap;dimacs;92/300;300;   1154079;   5856700;0;3626;21044648;6030408;114;9355;12.1234;497419;0;0;sBELA0;? Unchecked;v1.6.0-140-g9a10cc1
roadmap;dimacs;93/300;300;   4698390;   2397670;0;1399;3589241;611646;104;9355;1.16431;525330;0;0;sBELA0;? Unchecked;v1.6.0-140-g9a10cc1
roadmap;dimacs;94/300;300;   3506761;   4717549;0;3772;16478339;4490609;321;9355;9.33106;481254;0;0;sBELA0;? Unchecked;v1.6.0-140-g9a10cc1
roadmap;dimacs;95/300;300;   5875928;   3634686;0;4290;19051972;4834766;109;9355;9.69247;498816;0;0;sBELA0;? Unchecked;v1.6.0-140-g9a10cc1
roadmap;dimacs;96/300;300;   3632274;   4634758;0;1828;9534618;2366862;360;9355;5.19402;455689;0;0;sBELA0;? Unchecked;v1.6.0-140-g9a10cc1
roadmap;dimacs;97/300;300;   3762084;   1813719;0;976;4279681;633597;245;9355;1.44502;438469;0;0;sBELA0;? Unchecked;v1.6.0-140-g9a10cc1
roadmap;dimacs;98/300;300;    935811;   1640005;0;3124;15506269;3821411;26;9355;7.33375;521072;0;0;sBELA0;? Unchecked;v1.6.0-140-g9a10cc1
roadmap;dimacs;99/300;300;   2212088;   5403161;0;1416;8831437;2090277;309;9355;4.23791;493233;0;0;sBELA0;? Unchecked;v1.6.0-140-g9a10cc1
roadmap;dimacs;0/400;400;   4320996;   3421432;0;1088;6670293;887813;134;9355;1.87133;474428;0;0;sBELA0;? Unchecked;v1.6.0-140-g9a10cc1
roadmap;dimacs;1/400;400;   2710066;    136691;0;3414;19652599;4285752;35;9355;9.11829;470017;0;0;sBELA0;? Unchecked;v1.6.0-140-g9a10cc1
roadmap;dimacs;2/400;400;   4833717;    720610;0;2107;10104452;2663214;230;9355;5.55131;479745;0;0;sBELA0;? Unchecked;v1.6.0-140-g9a10cc1
roadmap;dimacs;3/400;400;   2142831;   2373369;0;1028;5387390;923969;281;9355;1.96246;470822;0;0;sBELA0;? Unchecked;v1.6.0-140-g9a10cc1
roadmap;dimacs;4/400;400;    553927;   6184741;0;2869;16021939;4502608;373;9355;8.77974;512841;0;0;sBELA0;? Unchecked;v1.6.0-140-g9a10cc1
roadmap;dimacs;5/400;400;   4290512;   3848681;0;2545;13330825;4141722;261;9355;8.33904;496667;0;0;sBELA0;? Unchecked;v1.6.0-140-g9a10cc1
roadmap;dimacs;6/400;400;   5084840;   5961415;0;3316;13573672;5235978;476;9355;10.632;492475;0;0;sBELA0;? Unchecked;v1.6.0-140-g9a10cc1
roadmap;dimacs;7/400;400;   4846384;    101177;0;3065;17388433;4975301;565;9355;10.3665;479942;0;0;sBELA0;? Unchecked;v1.6.0-140-g9a10cc1
roadmap;dimacs;8/400;400;   4520980;    965983;0;1704;8453079;1597058;42;9355;3.71042;430425;0;0;sBELA0;? Unchecked;v1.6.0-140-g9a10cc1
roadmap;dimacs;9/400;400;   5487394;   5045506;0;3624;17334352;6217781;79;9355;12.9859;478811;0;0;sBELA0;? Unchecked;v1.6.0-140-g9a10cc1
roadmap;dimacs;10/400;400;   1926823;    854459;0;742;3116781;788758;183;9355;1.5729;501467;0;0;sBELA0;? Unchecked;v1.6.0-140-g9a10cc1
roadmap;dimacs;11/400;400;   3088686;   2457940;0;1452;9247972;1014160;226;9355;2.49583;406341;0;0;sBELA0;? Unchecked;v1.6.0-140-g9a10cc1
roadmap;dimacs;12/400;400;   1991621;   6102039;0;1163;3919859;481910;297;9355;1.1224;429356;0;0;sBELA0;? Unchecked;v1.6.0-140-g9a10cc1
roadmap;dimacs;13/400;400;   1679479;   3135970;0;2558;13105194;3810580;39;9355;7.35975;517759;0;0;sBELA0;? Unchecked;v1.6.0-140-g9a10cc1
roadmap;dimacs;14/400;400;   1063830;   4654604;0;1627;8671674;2218927;189;9355;4.9993;443848;0;0;sBELA0;? Unchecked;v1.6.0-140-g9a10cc1
roadmap;dimacs;15/400;400;   6224466;   1240446;0;2245;11870611;3204217;128;9355;6.74354;475153;0;0;sBELA0;? Unchecked;v1.6.0-140-g9a10cc1
roadmap;dimacs;16/400;400;   2418674;   4452024;0;2927;18598170;5098559;125;9355;10.1108;504271;0;0;sBELA0;? Unchecked;v1.6.0-140-g9a10cc1
roadmap;dimacs;17/400;400;   4931603;   4141462;0;539;2204286;196286;176;9355;0.539369;363918;0;0;sBELA0;? Unchecked;v1.6.0-140-g9a10cc1
roadmap;dimacs;18/400;400;   5574074;   4243473;0;833;3358726;278001;1008;9355;0.772638;359808;0;0;sBELA0;? Unchecked;v1.6.0-140-g9a10cc1
roadmap;dimacs;19/400;400;   3494933;   2858057;0;2637;14815722;3205767;298;9355;6.78415;472538;0;0;sBELA0;? Unchecked;v1.6.0-140-g9a10cc1
roadmap;dimacs;20/400;400;    181323;    301703;0;2404;10476998;2337740;143;9355;4.98232;469207;0;0;sBELA0;? Unchecked;v1.6.0-140-g9a10cc1
roadmap;dimacs;21/400;400;   3315543;   4157337;0;3467;18996380;5815698;122;9355;11.5263;504559;0;0;sBELA0;? Unchecked;v1.6.0-140-g9a10cc1
roadmap;dimacs;22/400;400;   3908941;   5345394;0;4816;26973114;6228983;269;9355;12.8884;483302;0;0;sBELA0;? Unchecked;v1.6.0-140-g9a10cc1
roadmap;dimacs;23/400;400;   5242371;   4655349;0;1804;11131077;1841537;451;9355;4.15833;442854;0;0;sBELA0;? Unchecked;v1.6.0-140-g9a10cc1
roadmap;dimacs;24/400;400;   4961834;   2356084;0;2640;10622849;2009301;139;9355;4.58829;437919;0;0;sBELA0;? Unchecked;v1.6.0-140-g9a10cc1
roadmap;dimacs;25/400;400;   1035769;   4238789;0;3658;16540756;3509567;218;9355;7.62641;460186;0;0;sBELA0;? Unchecked;v1.6.0-140-g9a10cc1
roadmap;dimacs;26/400;400;   5543425;   3773681;0;1169;7412683;1273651;1544;9355;2.95274;431345;0;0;sBELA0;? Unchecked;v1.6.0-140-g9a10cc1
roadmap;dimacs;27/400;400;   4268952;    369310;0;2767;12778680;2553444;173;9355;5.32987;479082;0;0;sBELA0;? Unchecked;v1.6.0-140-g9a10cc1
roadmap;dimacs;28/400;400;   3974048;   3829589;0;591;1086710;187739;391;9355;0.431004;435585;0;0;sBELA0;? Unchecked;v1.6.0-140-g9a10cc1
roadmap;dimacs;29/400;400;    294053;   1013690;0;2464;14275850;4045525;317;9355;7.73158;523247;0;0;sBELA0;? Unchecked;v1.6.0-140-g9a10cc1
roadmap;dimacs;30/400;400;   3379186;   5160800;0;2426;10391105;1840041;269;9355;4.09531;449305;0;0;sBELA0;? Unchecked;v1.6.0-140-g9a10cc1
roadmap;dimacs;31/400;400;   4901574;   3976463;0;3709;18642286;3536345;12;9355;7.52182;470145;0;0;sBELA0;? Unchecked;v1.6.0-140-g9a10cc1
roadmap;dimacs;32/400;400;   3401397;   2920525;0;2372;9286643;1802989;95;9355;3.95455;455928;0;0;sBELA0;? Unchecked;v1.6.0-140-g9a10cc1
roadmap;dimacs;33/400;400;   1580614;   2113646;0;1649;7681613;1946099;95;9355;3.68336;528349;0;0;sBELA0;? Unchecked;v1.6.0-140-g9a10cc1
roadmap;dimacs;34/400;400;   3461643;   2595916;0;2545;14183231;1468961;208;9355;3.61618;406219;0;0;sBELA0;? Unchecked;v1.6.0-140-g9a10cc1
roadmap;dimacs;35/400;400;   1972302;   2243773;0;2941;15270278;4156329;314;9355;8.48378;489915;0;0;sBELA0;? Unchecked;v1.6.0-140-g9a10cc1
roadmap;dimacs;36/400;400;   5635363;   1260073;0;4181;21538365;4713647;217;9355;9.97617;472491;0;0;sBELA0;? Unchecked;v1.6.0-140-g9a10cc1
roadmap;dimacs;37/400;400;     70522;   3752891;0;1515;7146290;1657008;354;9355;3.60185;460044;0;0;sBELA0;? Unchecked;v1.6.0-140-g9a10cc1
roadmap;dimacs;38/400;400;   1531608;   3855627;0;2198;8119709;2012718;380;9355;4.20037;479176;0;0;sBELA0;? Unchecked;v1.6.0-140-g9a10cc1
roadmap;dimacs;39/400;400;   1273069;   1293225;0;896;2270160;488824;225;9355;1.09068;448181;0;0;sBELA0;? Unchecked;v1.6.0-140-g9a10cc1
roadmap;dimacs;40/400;400;    343255;   3167742;0;1446;10349254;2857431;368;9355;5.63936;506694;0;0;sBELA0;? Unchecked;v1.6.0-140-g9a10cc1
roadmap;dimacs;41/400;400;   2036708;   4028423;0;4328;18850141;5859283;227;9355;11.9779;489176;0;0;sBELA0;? Unchecked;v1.6.0-140-g9a10cc1
roadmap;dimacs;42/400;400;   2450928;   3040803;0;3569;14485426;3776221;81;9355;7.30331;517056;0;0;sBELA0;? Unchecked;v1.6.0-140-g9a10cc1
roadmap;dimacs;43/400;400;   3872326;    927199;0;3309;18777233;4695490;318;9355;9.91233;473702;0;0;sBELA0;? Unchecked;v1.6.0-140-g9a10cc1
roadmap;dimacs;44/400;400;    787505;   5832579;0;2332;7666051;1702168;121;9355;3.58007;475456;0;0;sBELA0;? Unchecked;v1.6.0-140-g9a10cc1
roadmap;dimacs;45/400;400;   4694806;   1706582;0;1945;7741490;1976431;269;9355;4.09181;483021;0;0;sBELA0;? Unchecked;v1.6.0-140-g9a10cc1
roadmap;dimacs;46/400;400;    554299;   5975460;0;3317;17931439;5330873;303;9355;10.6863;498853;0;0;sBELA0;? Unchecked;v1.6.0-140-g9a10cc1
roadmap;dimacs;47/400;400;   4581127;    717795;0;1848;9567433;2627954;180;9355;5.66534;463865;0;0;sBELA0;? Unchecked;v1.6.0-140-g9a10cc1
roadmap;dimacs;48/400;400;   3064769;    215062;0;3043;15625648;3127175;116;9355;6.7117;465929;0;0;sBELA0;? Unchecked;v1.6.0-140-g9a10cc1
roadmap;dimacs;49/400;400;   6261467;   1869006;0;3883;20052519;6054203;164;9355;12.4361;486825;0;0;sBELA0;? Unchecked;v1.6.0-140-g9a10cc1
roadmap;dimacs;50/400;400;   1085538;    780207;0;2250;11739084;3755681;70;9355;7.44846;504222;0;0;sBELA0;? Unchecked;v1.6.0-140-g9a10cc1
roadmap;dimacs;51/400;400;   6240682;   3040367;0;2850;13833253;5152350;288;9355;10.4411;493470;0;0;sBELA0;? Unchecked;v1.6.0-140-g9a10cc1
roadmap;dimacs;52/400;400;   6006351;   2224869;0;2508;7874576;1297289;92;9355;2.48748;521527;0;0;sBELA0;? Unchecked;v1.6.0-140-g9a10cc1
roadmap;dimacs;53/400;400;    508211;   5490672;0;2063;12054362;2999467;167;9355;6.09361;492232;0;0;sBELA0;? Unchecked;v1.6.0-140-g9a10cc1
roadmap;dimacs;54/400;400;    851471;   4412887;0;3297;17634485;5231453;157;9355;10.4258;501779;0;0;sBELA0;? Unchecked;v1.6.0-140-g9a10cc1
roadmap;dimacs;55/400;400;   1574156;   4529788;0;3463;15404837;3947074;49;9355;7.31433;539636;0;0;sBELA0;? Unchecked;v1.6.0-140-g9a10cc1
roadmap;dimacs;56/400;400;   2368242;   3295502;0;2933;17302512;5413892;323;9355;11.1734;484533;0;0;sBELA0;? Unchecked;v1.6.0-140-g9a10cc1
roadmap;dimacs;57/400;400;   5103576;    302904;0;3796;14559437;2910885;163;9355;6.07296;479319;0;0;sBELA0;? Unchecked;v1.6.0-140-g9a10cc1
roadmap;dimacs;58/400;400;   3951955;    573471;0;3363;14997493;3671983;242;9355;7.4032;495999;0;0;sBELA0;? Unchecked;v1.6.0-140-g9a10cc1
roadmap;dimacs;59/400;400;    367593;   3203334;0;1794;10535127;2602868;642;9355;5.44275;478227;0;0;sBELA0;? Unchecked;v1.6.0-140-g9a10cc1
roadmap;dimacs;60/400;400;   1691460;   5850252;0;5005;17713418;5327109;23;9355;10.2132;521591;0;0;sBELA0;? Unchecked;v1.6.0-140-g9a10cc1
roadmap;dimacs;61/400;400;   2246743;   5790235;0;3503;11316623;2989501;134;9355;6.56541;455341;0;0;sBELA0;? Unchecked;v1.6.0-140-g9a10cc1
roadmap;dimacs;62/400;400;   1594081;   2684037;0;3633;19880634;6023303;166;9355;11.9672;503316;0;0;sBELA0;? Unchecked;v1.6.0-140-g9a10cc1
roadmap;dimacs;63/400;400;   3082704;   2876577;0;3631;19706284;4256929;165;9355;9.43884;451001;0;0;sBELA0;? Unchecked;v1.6.0-140-g9a10cc1
roadmap;dimacs;64/400;400;   5912922;    651978;0;3678;17410871;3671728;109;9355;7.63872;480673;0;0;sBELA0;? Unchecked;v1.6.0-140-g9a10cc1
roadmap;dimacs;65/400;400;   1688634;    523217;0;636;1739782;344839;915;9355;0.799423;431360;0;0;sBELA0;? Unchecked;v1.6.0-140-g9a10cc1
roadmap;dimacs;66/400;400;    539319;   3974427;0;3775;14527456;3713333;20;9355;7.10074;522950;0;0;sBELA0;? Unchecked;v1.6.0-140-g9a10cc1
roadmap;dimacs;67/400;400;   4094198;   2717153;0;1466;10586417;1619508;382;9355;3.84354;421358;0;0;sBELA0;? Unchecked;v1.6.0-140-g9a10cc1
roadmap;dimacs;68/400;400;    833395;   4272795;0;2298;12805233;3630350;112;9355;7.12846;509276;0;0;sBELA0;? Unchecked;v1.6.0-140-g9a10cc1
roadmap;dimacs;69/400;400;    217264;   4320040;0;2358;15906978;4516766;509;9355;8.87837;508738;0;0;sBELA0;? Unchecked;v1.6.0-140-g9a10cc1
roadmap;dimacs;70/400;400;   2014775;   3232619;0;3024;13925075;4238853;261;9355;8.59165;493369;0;0;sBELA0;? Unchecked;v1.6.0-140-g9a10cc1
roadmap;dimacs;71/400;400;   5960148;   3979553;0;1456;5968552;904816;622;9355;2.0396;443625;0;0;sBELA0;? Unchecked;v1.6.0-140-g9a10cc1
roadmap;dimacs;72/400;400;   3583772;   3923180;0;3488;20007612;5052182;153;9355;10.5065;480863;0;0;sBELA0;? Unchecked;v1.6.0-140-g9a10cc1
roadmap;dimacs;73/400;400;   5525796;    209527;0;1074;4982745;712507;434;9355;1.64459;433242;0;0;sBELA0;? Unchecked;v1.6.0-140-g9a10cc1
roadmap;dimacs;74/400;400;    973158;   4821763;0;3735;19631118;5959466;412;9355;12.1558;490256;0;0;sBELA0;? Unchecked;v1.6.0-140-g9a10cc1
roadmap;dimacs;75/400;400;   3296732;   4674091;0;2870;14060864;2762391;95;9355;5.87372;470297;0;0;sBELA0;? Unchecked;v1.6.0-140-g9a10cc1
roadmap;dimacs;76/400;400;   4786486;   5170674;0;575;2567015;364818;1063;9355;0.908015;401775;0;0;sBELA0;? Unchecked;v1.6.0-140-g9a10cc1
roadmap;dimacs;77/400;400;   2208885;   2401432;0;1481;5557919;1081152;448;9355;2.45048;441200;0;0;sBELA0;? Unchecked;v1.6.0-140-g9a10cc1
roadmap;dimacs;78/400;400;   4790473;   3438138;0;4048;23327776;5661245;215;9355;11.186;506103;0;0;sBELA0;? Unchecked;v1.6.0-140-g9a10cc1
roadmap;dimacs;79/400;400;   3280776;   5251838;0;1341;7481321;979200;209;9355;2.17675;449845;0;0;sBELA0;? Unchecked;v1.6.0-140-g9a10cc1
roadmap;dimacs;80/400;400;   3994418;   5818995;0;854;3007393;464075;162;9355;0.887606;522839;0;0;sBELA0;? Unchecked;v1.6.0-140-g9a10cc1
roadmap;dimacs;81/400;400;   4879096;   3557810;0;5494;25822804;5879147;69;9355;10.9817;535359;0;0;sBELA0;? Unchecked;v1.6.0-140-g9a10cc1
roadmap;dimacs;82/400;400;   3103038;   3187215;0;3946;19507491;4596803;176;9355;9.93681;462603;0;0;sBELA0;? Unchecked;v1.6.0-140-g9a10cc1
roadmap;dimacs;83/400;400;   4201985;   4810591;0;3432;20139360;5578440;125;9355;10.9198;510853;0;0;sBELA0;? Unchecked;v1.6.0-140-g9a10cc1
roadmap;dimacs;84/400;400;   6144459;   1567853;0;3209;17553546;4881329;122;9355;10.0308;486636;0;0;sBELA0;? Unchecked;v1.6.0-140-g9a10cc1
roadmap;dimacs;85/400;400;   2159995;   5603476;0;3106;17973029;5269494;126;9355;10.686;493119;0;0;sBELA0;? Unchecked;v1.6.0-140-g9a10cc1
roadmap;dimacs;86/400;400;   2176184;    506799;0;2377;11346928;2836949;63;9355;5.64702;502380;0;0;sBELA0;? Unchecked;v1.6.0-140-g9a10cc1
roadmap;dimacs;87/400;400;   3802848;   5404302;0;2636;13752465;2537752;146;9355;5.49817;461563;0;0;sBELA0;? Unchecked;v1.6.0-140-g9a10cc1
roadmap;dimacs;88/400;400;   1259137;   5623104;0;3373;19301086;5835941;76;9355;11.3158;515733;0;0;sBELA0;? Unchecked;v1.6.0-140-g9a10cc1
roadmap;dimacs;89/400;400;   2820263;   1434973;0;2470;10792665;3320955;160;9355;7.18451;462238;0;0;sBELA0;? Unchecked;v1.6.0-140-g9a10cc1
roadmap;dimacs;90/400;400;   4524729;      4104;0;1619;6647398;1393779;907;9355;3.16077;440962;0;0;sBELA0;? Unchecked;v1.6.0-140-g9a10cc1
roadmap;dimacs;91/400;400;   3667456;   4070555;0;877;5645151;1106030;813;9355;2.54641;434349;0;0;sBELA0;? Unchecked;v1.6.0-140-g9a10cc1
roadmap;dimacs;92/400;400;   1154079;   5856700;0;3629;21044652;6030408;137;9355;12.3045;490098;0;0;sBELA0;? Unchecked;v1.6.0-140-g9a10cc1
roadmap;dimacs;93/400;400;   4698390;   2397670;0;1398;3589249;611652;132;9355;1.2161;502961;0;0;sBELA0;? Unchecked;v1.6.0-140-g9a10cc1
roadmap;dimacs;94/400;400;   3506761;   4717549;0;3770;16478346;4490614;402;9355;9.55592;469930;0;0;sBELA0;? Unchecked;v1.6.0-140-g9a10cc1
roadmap;dimacs;95/400;400;   5875928;   3634686;0;4292;19051977;4834766;137;9355;9.86845;489921;0;0;sBELA0;? Unchecked;v1.6.0-140-g9a10cc1
roadmap;dimacs;96/400;400;   3632274;   4634758;0;1830;9534636;2366869;478;9355;5.33826;443378;0;0;sBELA0;? Unchecked;v1.6.0-140-g9a10cc1
roadmap;dimacs;97/400;400;   3762084;   1813719;0;973;4279696;633604;315;9355;1.46097;433687;0;0;sBELA0;? Unchecked;v1.6.0-140-g9a10cc1
roadmap;dimacs;98/400;400;    935811;   1640005;0;3121;15506272;3821412;37;9355;7.42271;514827;0;0;sBELA0;? Unchecked;v1.6.0-140-g9a10cc1
roadmap;dimacs;99/400;400;   2212088;   5403161;0;1416;8831453;2090283;399;9355;4.35791;479653;0;0;sBELA0;? Unchecked;v1.6.0-140-g9a10cc1
roadmap;dimacs;0/500;500;   4320996;   3421432;0;1088;6670300;887816;168;9355;1.8768;473048;0;0;sBELA0;? Unchecked;v1.6.0-140-g9a10cc1
roadmap;dimacs;1/500;500;   2710066;    136691;0;3414;19652601;4285754;45;9355;9.21705;464981;0;0;sBELA0;? Unchecked;v1.6.0-140-g9a10cc1
roadmap;dimacs;2/500;500;   4833717;    720610;0;2103;10104455;2663215;264;9355;5.69429;467699;0;0;sBELA0;? Unchecked;v1.6.0-140-g9a10cc1
roadmap;dimacs;3/500;500;   2142831;   2373369;0;1033;5387395;923974;321;9355;1.99964;462070;0;0;sBELA0;? Unchecked;v1.6.0-140-g9a10cc1
roadmap;dimacs;4/500;500;    553927;   6184741;0;2879;16021945;4502610;444;9355;8.96866;502038;0;0;sBELA0;? Unchecked;v1.6.0-140-g9a10cc1
roadmap;dimacs;5/500;500;   4290512;   3848681;0;2542;13330833;4141727;314;9355;8.48924;487879;0;0;sBELA0;? Unchecked;v1.6.0-140-g9a10cc1
roadmap;dimacs;6/500;500;   5084840;   5961415;0;3360;13573687;5235990;631;9355;10.8469;482716;0;0;sBELA0;? Unchecked;v1.6.0-140-g9a10cc1
roadmap;dimacs;7/500;500;   4846384;    101177;0;3068;17388446;4975306;701;9355;10.5682;470783;0;0;sBELA0;? Unchecked;v1.6.0-140-g9a10cc1
roadmap;dimacs;8/500;500;   4520980;    965983;0;1703;8453084;1597061;50;9355;3.71826;429518;0;0;sBELA0;? Unchecked;v1.6.0-140-g9a10cc1
roadmap;dimacs;9/500;500;   5487394;   5045506;0;3625;17334354;6217781;94;9355;13.1027;474542;0;0;sBELA0;? Unchecked;v1.6.0-140-g9a10cc1
roadmap;dimacs;10/500;500;   1926823;    854459;0;734;3116798;788759;225;9355;1.60652;490974;0;0;sBELA0;? Unchecked;v1.6.0-140-g9a10cc1
roadmap;dimacs;11/500;500;   3088686;   2457940;0;1436;9247977;1014160;245;9355;2.5456;398397;0;0;sBELA0;? Unchecked;v1.6.0-140-g9a10cc1
roadmap;dimacs;12/500;500;   1991621;   6102039;0;1157;3919871;481911;349;9355;1.18388;407061;0;0;sBELA0;? Unchecked;v1.6.0-140-g9a10cc1
roadmap;dimacs;13/500;500;   1679479;   3135970;0;2555;13105198;3810582;50;9355;7.3975;515118;0;0;sBELA0;? Unchecked;v1.6.0-140-g9a10cc1
roadmap;dimacs;14/500;500;   1063830;   4654604;0;1626;8671679;2218934;225;9355;5.05596;438875;0;0;sBELA0;? Unchecked;v1.6.0-140-g9a10cc1
roadmap;dimacs;15/500;500;   6224466;   1240446;0;2246;11870614;3204218;148;9355;6.76735;473482;0;0;sBELA0;? Unchecked;v1.6.0-140-g9a10cc1
roadmap;dimacs;16/500;500;   2418674;   4452024;0;2928;18598172;5098559;143;9355;10.224;498683;0;0;sBELA0;? Unchecked;v1.6.0-140-g9a10cc1
roadmap;dimacs;17/500;500;   4931603;   4141462;0;538;2204302;196287;219;9355;0.561695;349455;0;0;sBELA0;? Unchecked;v1.6.0-140-g9a10cc1
roadmap;dimacs;18/500;500;   5574074;   4243473;0;880;3358747;278004;1227;9355;0.824746;337078;0;0;sBELA0;? Unchecked;v1.6.0-140-g9a10cc1
roadmap;dimacs;19/500;500;   3494933;   2858057;0;2636;14815728;3205770;358;9355;6.95624;460848;0;0;sBELA0;? Unchecked;v1.6.0-140-g9a10cc1
roadmap;dimacs;20/500;500;    181323;    301703;0;2410;10477000;2337741;160;9355;5.06863;461217;0;0;sBELA0;? Unchecked;v1.6.0-140-g9a10cc1
roadmap;dimacs;21/500;500;   3315543;   4157337;0;3468;18996382;5815699;143;9355;11.5631;502955;0;0;sBELA0;? Unchecked;v1.6.0-140-g9a10cc1
roadmap;dimacs;22/500;500;   3908941;   5345394;0;4816;26973117;6228983;322;9355;13.1116;475076;0;0;sBELA0;? Unchecked;v1.6.0-140-g9a10cc1
roadmap;dimacs;23/500;500;   5242371;   4655349;0;1827;11131092;1841540;558;9355;4.32161;426124;0;0;sBELA0;? Unchecked;v1.6.0-140-g9a10cc1
roadmap;dimacs;24/500;500;   4961834;   2356084;0;2636;10622853;2009301;161;9355;4.71706;425965;0;0;sBELA0;? Unchecked;v1.6.0-140-g9a10cc1
roadmap;dimacs;25/500;500;   1035769;   4238789;0;3667;16540761;3509569;257;9355;7.87145;445860;0;0;sBELA0;? Unchecked;v1.6.0-140-g9a10cc1
roadmap;dimacs;26/500;500;   5543425;   3773681;0;1167;7412713;1273665;1911;9355;3.09269;411831;0;0;sBELA0;? Unchecked;v1.6.0-140-g9a10cc1
roadmap;dimacs;27/500;500;   4268952;    369310;0;2764;12778683;2553445;201;9355;5.47757;466164;0;0;sBELA0;? Unchecked;v1.6.0-140-g9a10cc1
roadmap;dimacs;28/500;500;   3974048;   3829589;0;593;1086738;187745;494;9355;0.45419;413362;0;0;sBELA0;? Unchecked;v1.6.0-140-g9a10cc1
roadmap;dimacs;29/500;500;    294053;   1013690;0;2464;14275855;4045526;361;9355;7.78899;519390;0;0;sBELA0;? Unchecked;v1.6.0-140-g9a10cc1
roadmap;dimacs;30/500;500;   3379186;   5160800;0;2438;10391110;1840041;307;9355;4.21269;436785;0;0;sBELA0;? Unchecked;v1.6.0-140-g9a10cc1
roadmap;dimacs;31/500;500;   4901574;   3976463;0;3704;18642287;3536346;13;9355;7.59224;465784;0;0;sBELA0;? Unchecked;v1.6.0-140-g9a10cc1
roadmap;dimacs;32/500;500;   3401397;   2920525;0;2376;9286650;1802993;118;9355;4.0105;449568;0;0;sBELA0;? Unchecked;v1.6.0-140-g9a10cc1
roadmap;dimacs;33/500;500;   1580614;   2113646;0;1650;7681618;1946099;109;9355;3.76495;516899;0;0;sBELA0;? Unchecked;v1.6.0-140-g9a10cc1
roadmap;dimacs;34/500;500;   3461643;   2595916;0;2544;14183235;1468962;245;9355;3.69684;397356;0;0;sBELA0;? Unchecked;v1.6.0-140-g9a10cc1
roadmap;dimacs;35/500;500;   1972302;   2243773;0;2932;15270283;4156329;379;9355;8.63683;481233;0;0;sBELA0;? Unchecked;v1.6.0-140-g9a10cc1
roadmap;dimacs;36/500;500;   5635363;   1260073;0;4178;21538368;4713648;258;9355;10.1752;463247;0;0;sBELA0;? Unchecked;v1.6.0-140-g9a10cc1
roadmap;dimacs;37/500;500;     70522;   3752891;0;1514;7146297;1657010;418;9355;3.67544;450834;0;0;sBELA0;? Unchecked;v1.6.0-140-g9a10cc1
roadmap;dimacs;38/500;500;   1531608;   3855627;0;2209;8119714;2012720;456;9355;4.30748;467261;0;0;sBELA0;? Unchecked;v1.6.0-140-g9a10cc1
roadmap;dimacs;39/500;500;   1273069;   1293225;0;896;2270166;488825;254;9355;1.07237;455834;0;0;sBELA0;? Unchecked;v1.6.0-140-g9a10cc1
roadmap;dimacs;40/500;500;    343255;   3167742;0;1443;10349276;2857439;470;9355;5.78133;494253;0;0;sBELA0;? Unchecked;v1.6.0-140-g9a10cc1
roadmap;dimacs;41/500;500;   2036708;   4028423;0;4325;18850145;5859283;273;9355;12.2013;480218;0;0;sBELA0;? Unchecked;v1.6.0-140-g9a10cc1
roadmap;dimacs;42/500;500;   2450928;   3040803;0;3575;14485427;3776222;90;9355;7.40689;509826;0;0;sBELA0;? Unchecked;v1.6.0-140-g9a10cc1
roadmap;dimacs;43/500;500;   3872326;    927199;0;3306;18777239;4695490;370;9355;10.1103;464427;0;0;sBELA0;? Unchecked;v1.6.0-140-g9a10cc1
roadmap;dimacs;44/500;500;    787505;   5832579;0;2335;7666053;1702169;146;9355;3.64381;467140;0;0;sBELA0;? Unchecked;v1.6.0-140-g9a10cc1
roadmap;dimacs;45/500;500;   4694806;   1706582;0;1944;7741498;1976437;309;9355;4.15554;475615;0;0;sBELA0;? Unchecked;v1.6.0-140-g9a10cc1
roadmap;dimacs;46/500;500;    554299;   5975460;0;3319;17931443;5330874;341;9355;10.7995;493622;0;0;sBELA0;? Unchecked;v1.6.0-140-g9a10cc1
roadmap;dimacs;47/500;500;   4581127;    717795;0;1845;9567439;2627956;214;9355;5.76131;456138;0;0;sBELA0;? Unchecked;v1.6.0-140-g9a10cc1
roadmap;dimacs;48/500;500;   3064769;    215062;0;3038;15625650;3127175;132;9355;6.81923;458582;0;0;sBELA0;? Unchecked;v1.6.0-140-g9a10cc1
roadmap;dimacs;49/500;500;   6261467;   1869006;0;3881;20052524;6054205;202;9355;12.5576;482117;0;0;sBELA0;? Unchecked;v1.6.0-140-g9a10cc1
roadmap;dimacs;50/500;500;   1085538;    780207;0;2252;11739087;3755682;82;9355;7.47488;502441;0;0;sBELA0;? Unchecked;v1.6.0-140-g9a10cc1
roadmap;dimacs;51/500;500;   6240682;   3040367;0;2850;13833259;5152352;337;9355;10.5696;487469;0;0;sBELA0;? Unchecked;v1.6.0-140-g9a10cc1
roadmap;dimacs;52/500;500;   6006351;   2224869;0;2513;7874579;1297289;109;9355;2.52829;513110;0;0;sBELA0;? Unchecked;v1.6.0-140-g9a10cc1
roadmap;dimacs;53/500;500;    508211;   5490672;0;2061;12054384;2999477;232;9355;6.1623;486746;0;0;sBELA0;? Unchecked;v1.6.0-140-g9a10cc1
roadmap;dimacs;54/500;500;    851471;   4412887;0;3296;17634489;5231453;183;9355;10.5217;497208;0;0;sBELA0;? Unchecked;v1.6.0-140-g9a10cc1
roadmap;dimacs;55/500;500;   1574156;   4529788;0;3458;15404839;3947075;58;9355;7.36995;535563;0;0;sBELA0;? Unchecked;v1.6.0-140-g9a10cc1
roadmap;dimacs;56/500;500;   2368242;   3295502;0;2934;17302516;5413896;373;9355;11.4216;474004;0;0;sBELA0;? Unchecked;v1.6.0-140-g9a10cc1
roadmap;dimacs;57/500;500;   5103576;    302904;0;3795;14559440;2910885;194;9355;6.23298;467013;0;0;sBELA0;? Unchecked;v1.6.0-140-g9a10cc1
roadmap;dimacs;58/500;500;   3951955;    573471;0;3363;14997498;3671986;289;9355;7.55109;486285;0;0;sBELA0;? Unchecked;v1.6.0-140-g9a10cc1
roadmap;dimacs;59/500;500;    367593;   3203334;0;1795;10535142;2602877;838;9355;5.51129;472281;0;0;sBELA0;? Unchecked;v1.6.0-140-g9a10cc1
roadmap;dimacs;60/500;500;   1691460;   5850252;0;5006;17713418;5327109;27;9355;10.2738;518513;0;0;sBELA0;? Unchecked;v1.6.0-140-g9a10cc1
roadmap;dimacs;61/500;500;   2246743;   5790235;0;3504;11316625;2989501;155;9355;6.66449;448571;0;0;sBELA0;? Unchecked;v1.6.0-140-g9a10cc1
roadmap;dimacs;62/500;500;   1594081;   2684037;0;3637;19880637;6023303;195;9355;12.0823;498524;0;0;sBELA0;? Unchecked;v1.6.0-140-g9a10cc1
roadmap;dimacs;63/500;500;   3082704;   2876577;0;3630;19706286;4256929;195;9355;9.62268;442385;0;0;sBELA0;? Unchecked;v1.6.0-140-g9a10cc1
roadmap;dimacs;64/500;500;   5912922;    651978;0;3679;17410874;3671729;130;9355;7.69876;476925;0;0;sBELA0;? Unchecked;v1.6.0-140-g9a10cc1
roadmap;dimacs;65/500;500;   1688634;    523217;0;638;1739805;344848;1120;9355;0.85852;401677;0;0;sBELA0;? Unchecked;v1.6.0-140-g9a10cc1
roadmap;dimacs;66/500;500;    539319;   3974427;0;3777;14527457;3713333;23;9355;7.16597;518190;0;0;sBELA0;? Unchecked;v1.6.0-140-g9a10cc1
roadmap;dimacs;67/500;500;   4094198;   2717153;0;1466;10586425;1619512;452;9355;3.91304;413876;0;0;sBELA0;? Unchecked;v1.6.0-140-g9a10cc1
roadmap;dimacs;68/500;500;    833395;   4272795;0;2298;12805235;3630351;129;9355;7.13202;509021;0;0;sBELA0;? Unchecked;v1.6.0-140-g9a10cc1
roadmap;dimacs;69/500;500;    217264;   4320040;0;2357;15907001;4516770;647;9355;8.96218;503981;0;0;sBELA0;? Unchecked;v1.6.0-140-g9a10cc1
roadmap;dimacs;70/500;500;   2014775;   3232619;0;3027;13925082;4238853;322;9355;8.70732;486815;0;0;sBELA0;? Unchecked;v1.6.0-140-g9a10cc1
roadmap;dimacs;71/500;500;   5960148;   3979553;0;1457;5968563;904820;756;9355;2.11077;428669;0;0;sBELA0;? Unchecked;v1.6.0-140-g9a10cc1
roadmap;dimacs;72/500;500;   3583772;   3923180;0;3489;20007616;5052182;179;9355;10.6093;476201;0;0;sBELA0;? Unchecked;v1.6.0-140-g9a10cc1
roadmap;dimacs;73/500;500;   5525796;    209527;0;1068;4982756;712510;523;9355;1.69496;420370;0;0;sBELA0;? Unchecked;v1.6.0-140-g9a10cc1
roadmap;dimacs;74/500;500;    973158;   4821763;0;3734;19631123;5959470;469;9355;12.3455;482723;0;0;sBELA0;? Unchecked;v1.6.0-140-g9a10cc1
roadmap;dimacs;75/500;500;   3296732;   4674091;0;2874;14060867;2762392;109;9355;5.98217;461771;0;0;sBELA0;? Unchecked;v1.6.0-140-g9a10cc1
roadmap;dimacs;76/500;500;   4786486;   5170674;0;575;2567054;364827;1300;9355;0.922799;395348;0;0;sBELA0;? Unchecked;v1.6.0-140-g9a10cc1
roadmap;dimacs;77/500;500;   2208885;   2401432;0;1481;5557931;1081155;537;9355;2.52798;427676;0;0;sBELA0;? Unchecked;v1.6.0-140-g9a10cc1
roadmap;dimacs;78/500;500;   4790473;   3438138;0;4051;23327779;5661246;251;9355;11.3689;497958;0;0;sBELA0;? Unchecked;v1.6.0-140-g9a10cc1
roadmap;dimacs;79/500;500;   3280776;   5251838;0;1341;7481326;979200;247;9355;2.24564;436045;0;0;sBELA0;? Unchecked;v1.6.0-140-g9a10cc1
roadmap;dimacs;80/500;500;   3994418;   5818995;0;858;3007420;464081;224;9355;0.907229;511537;0;0;sBELA0;? Unchecked;v1.6.0-140-g9a10cc1
roadmap;dimacs;81/500;500;   4879096;   3557810;0;5497;25822805;5879147;75;9355;11.0304;532995;0;0;sBELA0;? Unchecked;v1.6.0-140-g9a10cc1
roadmap;dimacs;82/500;500;   3103038;   3187215;0;3948;19507495;4596803;207;9355;10.1226;454115;0;0;sBELA0;? Unchecked;v1.6.0-140-g9a10cc1
roadmap;dimacs;83/500;500;   4201985;   4810591;0;3433;20139363;5578441;147;9355;10.9994;507160;0;0;sBELA0;? Unchecked;v1.6.0-140-g9a10cc1
roadmap;dimacs;84/500;500;   6144459;   1567853;0;3186;17553550;4881340;145;9355;10.0898;483788;0;0;sBELA0;? Unchecked;v1.6.0-140-g9a10cc1
roadmap;dimacs;85/500;500;   2159995;   5603476;0;3105;17973032;5269495;155;9355;10.789;488415;0;0;sBELA0;? Unchecked;v1.6.0-140-g9a10cc1
roadmap;dimacs;86/500;500;   2176184;    506799;0;2381;11346931;2836950;75;9355;5.6524;501902;0;0;sBELA0;? Unchecked;v1.6.0-140-g9a10cc1
roadmap;dimacs;87/500;500;   3802848;   5404302;0;2637;13752468;2537753;173;9355;5.55267;457033;0;0;sBELA0;? Unchecked;v1.6.0-140-g9a10cc1
roadmap;dimacs;88/500;500;   1259137;   5623104;0;3374;19301090;5835944;89;9355;11.4328;510455;0;0;sBELA0;? Unchecked;v1.6.0-140-g9a10cc1
roadmap;dimacs;89/500;500;   2820263;   1434973;0;2471;10792673;3320966;191;9355;7.30241;454777;0;0;sBELA0;? Unchecked;v1.6.0-140-g9a10cc1
roadmap;dimacs;90/500;500;   4524729;      4104;0;1633;6647421;1393788;1178;9355;3.28281;424571;0;0;sBELA0;? Unchecked;v1.6.0-140-g9a10cc1
roadmap;dimacs;91/500;500;   3667456;   4070555;0;871;5645176;1106035;988;9355;2.62044;422079;0;0;sBELA0;? Unchecked;v1.6.0-140-g9a10cc1
roadmap;dimacs;92/500;500;   1154079;   5856700;0;3626;21044656;6030410;166;9355;12.45;484372;0;0;sBELA0;? Unchecked;v1.6.0-140-g9a10cc1
roadmap;dimacs;93/500;500;   4698390;   2397670;0;1399;3589255;611656;159;9355;1.24864;489856;0;0;sBELA0;? Unchecked;v1.6.0-140-g9a10cc1
roadmap;dimacs;94/500;500;   3506761;   4717549;0;3770;16478352;4490618;481;9355;9.78726;458823;0;0;sBELA0;? Unchecked;v1.6.0-140-g9a10cc1
roadmap;dimacs;95/500;500;   5875928;   3634686;0;4292;19051981;4834766;163;9355;9.97;484931;0;0;sBELA0;? Unchecked;v1.6.0-140-g9a10cc1
roadmap;dimacs;96/500;500;   3632274;   4634758;0;1831;9534650;2366870;590;9355;5.40603;437821;0;0;sBELA0;? Unchecked;v1.6.0-140-g9a10cc1
roadmap;dimacs;97/500;500;   3762084;   1813719;0;975;4279708;633611;392;9355;1.5049;421031;0;0;sBELA0;? Unchecked;v1.6.0-140-g9a10cc1
roadmap;dimacs;98/500;500;    935811;   1640005;0;3125;15506274;3821413;44;9355;7.42451;514703;0;0;sBELA0;? Unchecked;v1.6.0-140-g9a10cc1
roadmap;dimacs;99/500;500;   2212088;   5403161;0;1416;8831465;2090285;490;9355;4.40429;474602;0;0;sBELA0;? Unchecked;v1.6.0-140-g9a10cc1
roadmap;dimacs;0/600;600;   4320996;   3421432;0;1090;6670314;887816;199;9355;1.89339;468903;0;0;sBELA0;? Unchecked;v1.6.0-140-g9a10cc1
roadmap;dimacs;1/600;600;   2710066;    136691;0;3415;19652603;4285757;51;9355;9.27482;462085;0;0;sBELA0;? Unchecked;v1.6.0-140-g9a10cc1
roadmap;dimacs;2/600;600;   4833717;    720610;0;2109;10104458;2663217;304;9355;5.74602;463489;0;0;sBELA0;? Unchecked;v1.6.0-140-g9a10cc1
roadmap;dimacs;3/600;600;   2142831;   2373369;0;1037;5387402;923979;366;9355;2.07121;446107;0;0;sBELA0;? Unchecked;v1.6.0-140-g9a10cc1
roadmap;dimacs;4/600;600;    553927;   6184741;0;2873;16021951;4502613;508;9355;9.09559;495032;0;0;sBELA0;? Unchecked;v1.6.0-140-g9a10cc1
roadmap;dimacs;5/600;600;   4290512;   3848681;0;2541;13330838;4141732;353;9355;8.55412;484180;0;0;sBELA0;? Unchecked;v1.6.0-140-g9a10cc1
roadmap;dimacs;6/600;600;   5084840;   5961415;0;3319;13573697;5235995;756;9355;11.096;471882;0;0;sBELA0;? Unchecked;v1.6.0-140-g9a10cc1
roadmap;dimacs;7/600;600;   4846384;    101177;0;3061;17388458;4975310;843;9355;10.7372;463372;0;0;sBELA0;? Unchecked;v1.6.0-140-g9a10cc1
roadmap;dimacs;8/600;600;   4520980;    965983;0;1704;8453089;1597062;59;9355;3.76084;424656;0;0;sBELA0;? Unchecked;v1.6.0-140-g9a10cc1
roadmap;dimacs;9/600;600;   5487394;   5045506;0;3626;17334355;6217781;105;9355;13.1169;474028;0;0;sBELA0;? Unchecked;v1.6.0-140-g9a10cc1
roadmap;dimacs;10/600;600;   1926823;    854459;0;736;3116809;788761;265;9355;1.64556;479327;0;0;sBELA0;? Unchecked;v1.6.0-140-g9a10cc1
roadmap;dimacs;11/600;600;   3088686;   2457940;0;1457;9247980;1014161;273;9355;2.54322;398771;0;0;sBELA0;? Unchecked;v1.6.0-140-g9a10cc1
roadmap;dimacs;12/600;600;   1991621;   6102039;0;1163;3919881;481915;404;9355;1.24409;387365;0;0;sBELA0;? Unchecked;v1.6.0-140-g9a10cc1
roadmap;dimacs;13/600;600;   1679479;   3135970;0;2555;13105201;3810585;60;9355;7.46066;510757;0;0;sBELA0;? Unchecked;v1.6.0-140-g9a10cc1
roadmap;dimacs;14/600;600;   1063830;   4654604;0;1626;8671683;2218936;252;9355;5.08399;436456;0;0;sBELA0;? Unchecked;v1.6.0-140-g9a10cc1
roadmap;dimacs;15/600;600;   6224466;   1240446;0;2250;11870617;3204221;168;9355;6.86939;466449;0;0;sBELA0;? Unchecked;v1.6.0-140-g9a10cc1
roadmap;dimacs;16/600;600;   2418674;   4452024;0;2926;18598173;5098559;162;9355;10.3105;494504;0;0;sBELA0;? Unchecked;v1.6.0-140-g9a10cc1
roadmap;dimacs;17/600;600;   4931603;   4141462;0;537;2204313;196287;259;9355;0.582298;337090;0;0;sBELA0;? Unchecked;v1.6.0-140-g9a10cc1
roadmap;dimacs;18/600;600;   5574074;   4243473;0;881;3358765;278007;1434;9355;0.88809;313039;0;0;sBELA0;? Unchecked;v1.6.0-140-g9a10cc1
roadmap;dimacs;19/600;600;   3494933;   2858057;0;2640;14815732;3205772;405;9355;7.02537;456313;0;0;sBELA0;? Unchecked;v1.6.0-140-g9a10cc1
roadmap;dimacs;20/600;600;    181323;    301703;0;2417;10477004;2337742;186;9355;5.11914;456667;0;0;sBELA0;? Unchecked;v1.6.0-140-g9a10cc1
roadmap;dimacs;21/600;600;   3315543;   4157337;0;3470;18996384;5815699;165;9355;11.6958;497248;0;0;sBELA0;? Unchecked;v1.6.0-140-g9a10cc1
roadmap;dimacs;22/600;600;   3908941;   5345394;0;4819;26973119;6228983;364;9355;13.4285;463862;0;0;sBELA0;? Unchecked;v1.6.0-140-g9a10cc1
roadmap;dimacs;23/600;600;   5242371;   4655349;0;1814;11131104;1841545;660;9355;4.4721;411786;0;0;sBELA0;? Unchecked;v1.6.0-140-g9a10cc1
roadmap;dimacs;24/600;600;   4961834;   2356084;0;2644;10622856;2009301;179;9355;4.8062;418065;0;0;sBELA0;? Unchecked;v1.6.0-140-g9a10cc1
roadmap;dimacs;25/600;600;   1035769;   4238789;0;3657;16540765;3509572;296;9355;8.04476;436256;0;0;sBELA0;? Unchecked;v1.6.0-140-g9a10cc1
roadmap;dimacs;26/600;600;   5543425;   3773681;0;1169;7412738;1273674;2268;9355;3.25982;390720;0;0;sBELA0;? Unchecked;v1.6.0-140-g9a10cc1
roadmap;dimacs;27/600;600;   4268952;    369310;0;2767;12778684;2553445;224;9355;5.5472;460312;0;0;sBELA0;? Unchecked;v1.6.0-140-g9a10cc1
roadmap;dimacs;28/600;600;   3974048;   3829589;0;592;1086762;187747;624;9355;0.485944;386355;0;0;sBELA0;? Unchecked;v1.6.0-140-g9a10cc1
roadmap;dimacs;29/600;600;    294053;   1013690;0;2463;14275859;4045527;412;9355;7.89142;512649;0;0;sBELA0;? Unchecked;v1.6.0-140-g9a10cc1
roadmap;dimacs;30/600;600;   3379186;   5160800;0;2429;10391116;1840046;352;9355;4.25869;432069;0;0;sBELA0;? Unchecked;v1.6.0-140-g9a10cc1
roadmap;dimacs;31/600;600;   4901574;   3976463;0;3705;18642289;3536346;18;9355;7.611;464636;0;0;sBELA0;? Unchecked;v1.6.0-140-g9a10cc1
roadmap;dimacs;32/600;600;   3401397;   2920525;0;2374;9286655;1802997;135;9355;4.08355;441527;0;0;sBELA0;? Unchecked;v1.6.0-140-g9a10cc1
roadmap;dimacs;33/600;600;   1580614;   2113646;0;1651;7681625;1946104;132;9355;3.82623;508622;0;0;sBELA0;? Unchecked;v1.6.0-140-g9a10cc1
roadmap;dimacs;34/600;600;   3461643;   2595916;0;2547;14183239;1468963;277;9355;3.80451;386111;0;0;sBELA0;? Unchecked;v1.6.0-140-g9a10cc1
roadmap;dimacs;35/600;600;   1972302;   2243773;0;2931;15270287;4156330;433;9355;8.89248;467398;0;0;sBELA0;? Unchecked;v1.6.0-140-g9a10cc1
roadmap;dimacs;36/600;600;   5635363;   1260073;0;4147;21538370;4713648;294;9355;10.4917;449275;0;0;sBELA0;? Unchecked;v1.6.0-140-g9a10cc1
roadmap;dimacs;37/600;600;     70522;   3752891;0;1512;7146303;1657011;463;9355;3.72634;444676;0;0;sBELA0;? Unchecked;v1.6.0-140-g9a10cc1
roadmap;dimacs;38/600;600;   1531608;   3855627;0;2204;8119719;2012722;527;9355;4.46365;450914;0;0;sBELA0;? Unchecked;v1.6.0-140-g9a10cc1
roadmap;dimacs;39/600;600;   1273069;   1293225;0;901;2270176;488825;294;9355;1.09742;445430;0;0;sBELA0;? Unchecked;v1.6.0-140-g9a10cc1
roadmap;dimacs;40/600;600;    343255;   3167742;0;1443;10349287;2857446;541;9355;5.84172;489145;0;0;sBELA0;? Unchecked;v1.6.0-140-g9a10cc1
roadmap;dimacs;41/600;600;   2036708;   4028423;0;4321;18850149;5859283;307;9355;12.3807;473258;0;0;sBELA0;? Unchecked;v1.6.0-140-g9a10cc1
roadmap;dimacs;42/600;600;   2450928;   3040803;0;3573;14485428;3776222;101;9355;7.5425;500659;0;0;sBELA0;? Unchecked;v1.6.0-140-g9a10cc1
roadmap;dimacs;43/600;600;   3872326;    927199;0;3311;18777244;4695492;417;9355;10.3061;455602;0;0;sBELA0;? Unchecked;v1.6.0-140-g9a10cc1
roadmap;dimacs;44/600;600;    787505;   5832579;0;2339;7666055;1702170;161;9355;3.75562;453233;0;0;sBELA0;? Unchecked;v1.6.0-140-g9a10cc1
roadmap;dimacs;45/600;600;   4694806;   1706582;0;1945;7741509;1976451;383;9355;4.26063;463887;0;0;sBELA0;? Unchecked;v1.6.0-140-g9a10cc1
roadmap;dimacs;46/600;600;    554299;   5975460;0;3321;17931446;5330878;376;9355;10.9296;487746;0;0;sBELA0;? Unchecked;v1.6.0-140-g9a10cc1
roadmap;dimacs;47/600;600;   4581127;    717795;0;1846;9567443;2627958;236;9355;5.81446;451969;0;0;sBELA0;? Unchecked;v1.6.0-140-g9a10cc1
roadmap;dimacs;48/600;600;   3064769;    215062;0;3037;15625652;3127175;145;9355;6.91052;452524;0;0;sBELA0;? Unchecked;v1.6.0-140-g9a10cc1
roadmap;dimacs;49/600;600;   6261467;   1869006;0;3896;20052527;6054208;227;9355;12.7147;476158;0;0;sBELA0;? Unchecked;v1.6.0-140-g9a10cc1
roadmap;dimacs;50/600;600;   1085538;    780207;0;2250;11739089;3755683;88;9355;7.53542;498404;0;0;sBELA0;? Unchecked;v1.6.0-140-g9a10cc1
roadmap;dimacs;51/600;600;   6240682;   3040367;0;2850;13833264;5152354;387;9355;10.6939;481805;0;0;sBELA0;? Unchecked;v1.6.0-140-g9a10cc1
roadmap;dimacs;52/600;600;   6006351;   2224869;0;2507;7874582;1297290;124;9355;2.57675;503460;0;0;sBELA0;? Unchecked;v1.6.0-140-g9a10cc1
roadmap;dimacs;53/600;600;    508211;   5490672;0;2062;12054396;2999483;272;9355;6.27558;477961;0;0;sBELA0;? Unchecked;v1.6.0-140-g9a10cc1
roadmap;dimacs;54/600;600;    851471;   4412887;0;3372;17634491;5231453;203;9355;10.7193;488039;0;0;sBELA0;? Unchecked;v1.6.0-140-g9a10cc1
roadmap;dimacs;55/600;600;   1574156;   4529788;0;3460;15404841;3947075;67;9355;7.47861;527782;0;0;sBELA0;? Unchecked;v1.6.0-140-g9a10cc1
roadmap;dimacs;56/600;600;   2368242;   3295502;0;2934;17302519;5413897;414;9355;11.6317;465443;0;0;sBELA0;? Unchecked;v1.6.0-140-g9a10cc1
roadmap;dimacs;57/600;600;   5103576;    302904;0;3796;14559442;2910885;221;9355;6.44087;451940;0;0;sBELA0;? Unchecked;v1.6.0-140-g9a10cc1
roadmap;dimacs;58/600;600;   3951955;    573471;0;3364;14997502;3671988;334;9355;7.71308;476073;0;0;sBELA0;? Unchecked;v1.6.0-140-g9a10cc1
roadmap;dimacs;59/600;600;    367593;   3203334;0;1792;10535154;2602883;1016;9355;5.68828;457587;0;0;sBELA0;? Unchecked;v1.6.0-140-g9a10cc1
roadmap;dimacs;60/600;600;   1691460;   5850252;0;5005;17713419;5327109;29;9355;10.3346;515466;0;0;sBELA0;? Unchecked;v1.6.0-140-g9a10cc1
roadmap;dimacs;61/600;600;   2246743;   5790235;0;3506;11316628;2989501;170;9355;6.7971;439820;0;0;sBELA0;? Unchecked;v1.6.0-140-g9a10cc1
roadmap;dimacs;62/600;600;   1594081;   2684037;0;3638;19880641;6023303;224;9355;12.1664;495077;0;0;sBELA0;? Unchecked;v1.6.0-140-g9a10cc1
roadmap;dimacs;63/600;600;   3082704;   2876577;0;3630;19706289;4256930;221;9355;9.82121;433442;0;0;sBELA0;? Unchecked;v1.6.0-140-g9a10cc1
roadmap;dimacs;64/600;600;   5912922;    651978;0;3681;17410880;3671733;156;9355;7.82084;469480;0;0;sBELA0;? Unchecked;v1.6.0-140-g9a10cc1
roadmap;dimacs;65/600;600;   1688634;    523217;0;638;1739824;344863;1316;9355;0.911786;378228;0;0;sBELA0;? Unchecked;v1.6.0-140-g9a10cc1
roadmap;dimacs;66/600;600;    539319;   3974427;0;3775;14527457;3713333;27;9355;7.22645;513853;0;0;sBELA0;? Unchecked;v1.6.0-140-g9a10cc1
roadmap;dimacs;67/600;600;   4094198;   2717153;0;1468;10586432;1619515;513;9355;3.99907;404973;0;0;sBELA0;? Unchecked;v1.6.0-140-g9a10cc1
roadmap;dimacs;68/600;600;    833395;   4272795;0;2301;12805236;3630351;139;9355;7.19315;504696;0;0;sBELA0;? Unchecked;v1.6.0-140-g9a10cc1
roadmap;dimacs;69/600;600;    217264;   4320040;0;2358;15907018;4516772;788;9355;9.09103;496838;0;0;sBELA0;? Unchecked;v1.6.0-140-g9a10cc1
roadmap;dimacs;70/600;600;   2014775;   3232619;0;3025;13925089;4238856;382;9355;8.75506;484161;0;0;sBELA0;? Unchecked;v1.6.0-140-g9a10cc1
roadmap;dimacs;71/600;600;   5960148;   3979553;0;1457;5968572;904824;893;9355;2.18478;414148;0;0;sBELA0;? Unchecked;v1.6.0-140-g9a10cc1
roadmap;dimacs;72/600;600;   3583772;   3923180;0;3487;20007618;5052183;199;9355;10.7515;469903;0;0;sBELA0;? Unchecked;v1.6.0-140-g9a10cc1
roadmap;dimacs;73/600;600;   5525796;    209527;0;1079;4982766;712513;608;9355;1.74352;408663;0;0;sBELA0;? Unchecked;v1.6.0-140-g9a10cc1
roadmap;dimacs;74/600;600;    973158;   4821763;0;3737;19631127;5959475;539;9355;12.6301;471846;0;0;sBELA0;? Unchecked;v1.6.0-140-g9a10cc1
roadmap;dimacs;75/600;600;   3296732;   4674091;0;2869;14060869;2762392;123;9355;6.14215;449743;0;0;sBELA0;? Unchecked;v1.6.0-140-g9a10cc1
roadmap;dimacs;76/600;600;   4786486;   5170674;0;575;2567087;364833;1555;9355;0.978254;372943;0;0;sBELA0;? Unchecked;v1.6.0-140-g9a10cc1
roadmap;dimacs;77/600;600;   2208885;   2401432;0;1480;5557940;1081156;627;9355;2.59682;416339;0;0;sBELA0;? Unchecked;v1.6.0-140-g9a10cc1
roadmap;dimacs;78/600;600;   4790473;   3438138;0;4048;23327781;5661248;272;9355;11.522;491344;0;0;sBELA0;? Unchecked;v1.6.0-140-g9a10cc1
roadmap;dimacs;79/600;600;   3280776;   5251838;0;1342;7481330;979200;274;9355;2.29212;427203;0;0;sBELA0;? Unchecked;v1.6.0-140-g9a10cc1
roadmap;dimacs;80/600;600;   3994418;   5818995;0;855;3007434;464081;270;9355;0.937239;495158;0;0;sBELA0;? Unchecked;v1.6.0-140-g9a10cc1
roadmap;dimacs;81/600;600;   4879096;   3557810;0;5495;25822806;5879147;89;9355;11.1358;527950;0;0;sBELA0;? Unchecked;v1.6.0-140-g9a10cc1
roadmap;dimacs;82/600;600;   3103038;   3187215;0;3952;19507498;4596803;232;9355;10.2302;449337;0;0;sBELA0;? Unchecked;v1.6.0-140-g9a10cc1
roadmap;dimacs;83/600;600;   4201985;   4810591;0;3433;20139366;5578443;169;9355;11.2124;497527;0;0;sBELA0;? Unchecked;v1.6.0-140-g9a10cc1
roadmap;dimacs;84/600;600;   6144459;   1567853;0;3208;17553553;4881343;167;9355;10.1949;478805;0;0;sBELA0;? Unchecked;v1.6.0-140-g9a10cc1
roadmap;dimacs;85/600;600;   2159995;   5603476;0;3106;17973034;5269495;176;9355;10.8998;483448;0;0;sBELA0;? Unchecked;v1.6.0-140-g9a10cc1
roadmap;dimacs;86/600;600;   2176184;    506799;0;2381;11346932;2836950;84;9355;5.72088;495894;0;0;sBELA0;? Unchecked;v1.6.0-140-g9a10cc1
roadmap;dimacs;87/600;600;   3802848;   5404302;0;2636;13752471;2537753;201;9355;5.6599;448374;0;0;sBELA0;? Unchecked;v1.6.0-140-g9a10cc1
roadmap;dimacs;88/600;600;   1259137;   5623104;0;3374;19301095;5835944;107;9355;11.5201;506589;0;0;sBELA0;? Unchecked;v1.6.0-140-g9a10cc1
roadmap;dimacs;89/600;600;   2820263;   1434973;0;2467;10792679;3320973;216;9355;7.40688;448363;0;0;sBELA0;? Unchecked;v1.6.0-140-g9a10cc1
roadmap;dimacs;90/600;600;   4524729;      4104;0;1628;6647441;1393794;1465;9355;3.42191;407314;0;0;sBELA0;? Unchecked;v1.6.0-140-g9a10cc1
roadmap;dimacs;91/600;600;   3667456;   4070555;0;868;5645200;1106040;1189;9355;2.69405;410549;0;0;sBELA0;? Unchecked;v1.6.0-140-g9a10cc1
roadmap;dimacs;92/600;600;   1154079;   5856700;0;3626;21044658;6030410;187;9355;12.5442;480734;0;0;sBELA0;? Unchecked;v1.6.0-140-g9a10cc1
roadmap;dimacs;93/600;600;   4698390;   2397670;0;1398;3589259;611659;182;9355;1.26884;482063;0;0;sBELA0;? Unchecked;v1.6.0-140-g9a10cc1
roadmap;dimacs;94/600;600;   3506761;   4717549;0;3772;16478357;4490621;547;9355;10.0263;447885;0;0;sBELA0;? Unchecked;v1.6.0-140-g9a10cc1
roadmap;dimacs;95/600;600;   5875928;   3634686;0;4290;19051985;4834768;188;9355;10.0821;479541;0;0;sBELA0;? Unchecked;v1.6.0-140-g9a10cc1
roadmap;dimacs;96/600;600;   3632274;   4634758;0;1827;9534661;2366872;702;9355;5.5117;429427;0;0;sBELA0;? Unchecked;v1.6.0-140-g9a10cc1
roadmap;dimacs;97/600;600;   3762084;   1813719;0;977;4279718;633615;459;9355;1.55276;408057;0;0;sBELA0;? Unchecked;v1.6.0-140-g9a10cc1
roadmap;dimacs;98/600;600;    935811;   1640005;0;3129;15506275;3821413;50;9355;7.49051;510167;0;0;sBELA0;? Unchecked;v1.6.0-140-g9a10cc1
roadmap;dimacs;99/600;600;   2212088;   5403161;0;1428;8831474;2090286;563;9355;4.47529;467072;0;0;sBELA0;? Unchecked;v1.6.0-140-g9a10cc1
roadmap;dimacs;0/700;700;   4320996;   3421432;0;1088;6670316;887816;217;9355;1.90608;465780;0;0;sBELA0;? Unchecked;v1.6.0-140-g9a10cc1
roadmap;dimacs;1/700;700;   2710066;    136691;0;3414;19652605;4285759;59;9355;9.43546;454219;0;0;sBELA0;? Unchecked;v1.6.0-140-g9a10cc1
roadmap;dimacs;2/700;700;   4833717;    720610;0;2107;10104459;2663217;330;9355;5.85758;454662;0;0;sBELA0;? Unchecked;v1.6.0-140-g9a10cc1
roadmap;dimacs;3/700;700;   2142831;   2373369;0;1033;5387411;923985;415;9355;2.09655;440717;0;0;sBELA0;? Unchecked;v1.6.0-140-g9a10cc1
roadmap;dimacs;4/700;700;    553927;   6184741;0;2876;16021955;4502614;554;9355;9.26262;486106;0;0;sBELA0;? Unchecked;v1.6.0-140-g9a10cc1
roadmap;dimacs;5/700;700;   4290512;   3848681;0;2544;13330845;4141742;408;9355;8.65653;478453;0;0;sBELA0;? Unchecked;v1.6.0-140-g9a10cc1
roadmap;dimacs;6/700;700;   5084840;   5961415;0;3363;13573703;5236000;849;9355;11.3282;462210;0;0;sBELA0;? Unchecked;v1.6.0-140-g9a10cc1
roadmap;dimacs;7/700;700;   4846384;    101177;0;3063;17388467;4975310;974;9355;10.9841;452955;0;0;sBELA0;? Unchecked;v1.6.0-140-g9a10cc1
roadmap;dimacs;8/700;700;   4520980;    965983;0;1703;8453092;1597064;66;9355;3.80255;419998;0;0;sBELA0;? Unchecked;v1.6.0-140-g9a10cc1
roadmap;dimacs;9/700;700;   5487394;   5045506;0;3623;17334357;6217781;118;9355;13.2923;467774;0;0;sBELA0;? Unchecked;v1.6.0-140-g9a10cc1
roadmap;dimacs;10/700;700;   1926823;    854459;0;736;3116821;788761;303;9355;1.67802;470054;0;0;sBELA0;? Unchecked;v1.6.0-140-g9a10cc1
roadmap;dimacs;11/700;700;   3088686;   2457940;0;1453;9247982;1014161;302;9355;2.64568;383327;0;0;sBELA0;? Unchecked;v1.6.0-140-g9a10cc1
roadmap;dimacs;12/700;700;   1991621;   6102039;0;1161;3919891;481917;456;9355;1.31365;366853;0;0;sBELA0;? Unchecked;v1.6.0-140-g9a10cc1
roadmap;dimacs;13/700;700;   1679479;   3135970;0;2555;13105203;3810586;70;9355;7.50852;507502;0;0;sBELA0;? Unchecked;v1.6.0-140-g9a10cc1
roadmap;dimacs;14/700;700;   1063830;   4654604;0;1627;8671687;2218939;279;9355;5.13402;432203;0;0;sBELA0;? Unchecked;v1.6.0-140-g9a10cc1
roadmap;dimacs;15/700;700;   6224466;   1240446;0;2244;11870619;3204223;186;9355;6.88698;465258;0;0;sBELA0;? Unchecked;v1.6.0-140-g9a10cc1
roadmap;dimacs;16/700;700;   2418674;   4452024;0;2927;18598175;5098559;179;9355;10.437;488507;0;0;sBELA0;? Unchecked;v1.6.0-140-g9a10cc1
roadmap;dimacs;17/700;700;   4931603;   4141462;0;540;2204322;196290;295;9355;0.604406;324765;0;0;sBELA0;? Unchecked;v1.6.0-140-g9a10cc1
roadmap;dimacs;18/700;700;   5574074;   4243473;0;882;3358781;278008;1641;9355;0.947528;293404;0;0;sBELA0;? Unchecked;v1.6.0-140-g9a10cc1
roadmap;dimacs;19/700;700;   3494933;   2858057;0;2640;14815735;3205775;446;9355;7.14802;448484;0;0;sBELA0;? Unchecked;v1.6.0-140-g9a10cc1
roadmap;dimacs;20/700;700;    181323;    301703;0;2421;10477008;2337744;218;9355;5.24979;445303;0;0;sBELA0;? Unchecked;v1.6.0-140-g9a10cc1
roadmap;dimacs;21/700;700;   3315543;   4157337;0;3467;18996386;5815699;181;9355;11.8036;492704;0;0;sBELA0;? Unchecked;v1.6.0-140-g9a10cc1
roadmap;dimacs;22/700;700;   3908941;   5345394;0;4823;26973121;6228983;403;9355;13.6192;457369;0;0;sBELA0;? Unchecked;v1.6.0-140-g9a10cc1
roadmap;dimacs;23/700;700;   5242371;   4655349;0;1821;11131116;1841546;777;9355;4.51318;408038;0;0;sBELA0;? Unchecked;v1.6.0-140-g9a10cc1
roadmap;dimacs;24/700;700;   4961834;   2356084;0;2638;10622860;2009302;195;9355;4.96554;404649;0;0;sBELA0;? Unchecked;v1.6.0-140-g9a10cc1
roadmap;dimacs;25/700;700;   1035769;   4238789;0;3655;16540768;3509573;325;9355;8.20426;427774;0;0;sBELA0;? Unchecked;v1.6.0-140-g9a10cc1
roadmap;dimacs;26/700;700;   5543425;   3773681;0;1168;7412757;1273677;2603;9355;3.34694;380550;0;0;sBELA0;? Unchecked;v1.6.0-140-g9a10cc1
roadmap;dimacs;27/700;700;   4268952;    369310;0;2769;12778686;2553446;243;9355;5.65594;451463;0;0;sBELA0;? Unchecked;v1.6.0-140-g9a10cc1
roadmap;dimacs;28/700;700;   3974048;   3829589;0;591;1086775;187751;717;9355;0.512792;366135;0;0;sBELA0;? Unchecked;v1.6.0-140-g9a10cc1
roadmap;dimacs;29/700;700;    294053;   1013690;0;2460;14275862;4045530;452;9355;8.00167;505586;0;0;sBELA0;? Unchecked;v1.6.0-140-g9a10cc1
roadmap;dimacs;30/700;700;   3379186;   5160800;0;2429;10391122;1840051;401;9355;4.37998;420105;0;0;sBELA0;? Unchecked;v1.6.0-140-g9a10cc1
roadmap;dimacs;31/700;700;   4901574;   3976463;0;3707;18642292;3536349;24;9355;7.69863;459348;0;0;sBELA0;? Unchecked;v1.6.0-140-g9a10cc1
roadmap;dimacs;32/700;700;   3401397;   2920525;0;2373;9286660;1802999;165;9355;4.18449;430876;0;0;sBELA0;? Unchecked;v1.6.0-140-g9a10cc1
roadmap;dimacs;33/700;700;   1580614;   2113646;0;1650;7681627;1946105;144;9355;3.79608;512662;0;0;sBELA0;? Unchecked;v1.6.0-140-g9a10cc1
roadmap;dimacs;34/700;700;   3461643;   2595916;0;2550;14183243;1468964;310;9355;3.96612;370378;0;0;sBELA0;? Unchecked;v1.6.0-140-g9a10cc1
roadmap;dimacs;35/700;700;   1972302;   2243773;0;2930;15270291;4156333;486;9355;9.07192;458154;0;0;sBELA0;? Unchecked;v1.6.0-140-g9a10cc1
roadmap;dimacs;36/700;700;   5635363;   1260073;0;4179;21538372;4713648;325;9355;10.6337;443275;0;0;sBELA0;? Unchecked;v1.6.0-140-g9a10cc1
roadmap;dimacs;37/700;700;     70522;   3752891;0;1518;7146309;1657011;508;9355;3.81566;434266;0;0;sBELA0;? Unchecked;v1.6.0-140-g9a10cc1
roadmap;dimacs;38/700;700;   1531608;   3855627;0;2210;8119723;2012722;591;9355;4.58514;438966;0;0;sBELA0;? Unchecked;v1.6.0-140-g9a10cc1
roadmap;dimacs;39/700;700;   1273069;   1293225;0;893;2270186;488826;349;9355;1.13909;429137;0;0;sBELA0;? Unchecked;v1.6.0-140-g9a10cc1
roadmap;dimacs;40/700;700;    343255;   3167742;0;1443;10349296;2857449;619;9355;5.9403;481028;0;0;sBELA0;? Unchecked;v1.6.0-140-g9a10cc1
roadmap;dimacs;41/700;700;   2036708;   4028423;0;4321;18850152;5859285;347;9355;12.5983;465084;0;0;sBELA0;? Unchecked;v1.6.0-140-g9a10cc1
roadmap;dimacs;42/700;700;   2450928;   3040803;0;3574;14485429;3776223;112;9355;7.56661;499064;0;0;sBELA0;? Unchecked;v1.6.0-140-g9a10cc1
roadmap;dimacs;43/700;700;   3872326;    927199;0;3307;18777249;4695496;455;9355;10.4551;449110;0;0;sBELA0;? Unchecked;v1.6.0-140-g9a10cc1
roadmap;dimacs;44/700;700;    787505;   5832579;0;2338;7666057;1702170;176;9355;3.76599;451985;0;0;sBELA0;? Unchecked;v1.6.0-140-g9a10cc1
roadmap;dimacs;45/700;700;   4694806;   1706582;0;1945;7741517;1976456;442;9355;4.35939;453379;0;0;sBELA0;? Unchecked;v1.6.0-140-g9a10cc1
roadmap;dimacs;46/700;700;    554299;   5975460;0;3321;17931449;5330879;405;9355;11.072;481473;0;0;sBELA0;? Unchecked;v1.6.0-140-g9a10cc1
roadmap;dimacs;47/700;700;   4581127;    717795;0;1838;9567446;2627961;260;9355;5.79033;453854;0;0;sBELA0;? Unchecked;v1.6.0-140-g9a10cc1
roadmap;dimacs;48/700;700;   3064769;    215062;0;3038;15625654;3127175;163;9355;7.0482;443684;0;0;sBELA0;? Unchecked;v1.6.0-140-g9a10cc1
roadmap;dimacs;49/700;700;   6261467;   1869006;0;3898;20052528;6054208;243;9355;12.8113;472569;0;0;sBELA0;? Unchecked;v1.6.0-140-g9a10cc1
roadmap;dimacs;50/700;700;   1085538;    780207;0;2251;11739092;3755684;97;9355;7.59055;494784;0;0;sBELA0;? Unchecked;v1.6.0-140-g9a10cc1
roadmap;dimacs;51/700;700;   6240682;   3040367;0;2851;13833269;5152355;433;9355;10.816;476364;0;0;sBELA0;? Unchecked;v1.6.0-140-g9a10cc1
roadmap;dimacs;52/700;700;   6006351;   2224869;0;2507;7874585;1297291;139;9355;2.63338;492633;0;0;sBELA0;? Unchecked;v1.6.0-140-g9a10cc1
roadmap;dimacs;53/700;700;    508211;   5490672;0;2062;12054405;2999487;316;9355;6.3716;470759;0;0;sBELA0;? Unchecked;v1.6.0-140-g9a10cc1
roadmap;dimacs;54/700;700;    851471;   4412887;0;3371;17634494;5231453;226;9355;10.8788;480886;0;0;sBELA0;? Unchecked;v1.6.0-140-g9a10cc1
roadmap;dimacs;55/700;700;   1574156;   4529788;0;3462;15404842;3947075;74;9355;7.43619;530793;0;0;sBELA0;? Unchecked;v1.6.0-140-g9a10cc1
roadmap;dimacs;56/700;700;   2368242;   3295502;0;2933;17302521;5413898;457;9355;11.8059;458574;0;0;sBELA0;? Unchecked;v1.6.0-140-g9a10cc1
roadmap;dimacs;57/700;700;   5103576;    302904;0;3797;14559444;2910885;247;9355;6.60828;440491;0;0;sBELA0;? Unchecked;v1.6.0-140-g9a10cc1
roadmap;dimacs;58/700;700;   3951955;    573471;0;3362;14997505;3671988;381;9355;7.8723;466444;0;0;sBELA0;? Unchecked;v1.6.0-140-g9a10cc1
roadmap;dimacs;59/700;700;    367593;   3203334;0;1794;10535165;2602888;1187;9355;5.81072;447946;0;0;sBELA0;? Unchecked;v1.6.0-140-g9a10cc1
roadmap;dimacs;60/700;700;   1691460;   5850252;0;5005;17713419;5327109;31;9355;10.3606;514172;0;0;sBELA0;? Unchecked;v1.6.0-140-g9a10cc1
roadmap;dimacs;61/700;700;   2246743;   5790235;0;3501;11316630;2989502;185;9355;6.91145;432543;0;0;sBELA0;? Unchecked;v1.6.0-140-g9a10cc1
roadmap;dimacs;62/700;700;   1594081;   2684037;0;3635;19880644;6023303;246;9355;12.2642;491128;0;0;sBELA0;? Unchecked;v1.6.0-140-g9a10cc1
roadmap;dimacs;63/700;700;   3082704;   2876577;0;3630;19706291;4256930;243;9355;10.0092;425301;0;0;sBELA0;? Unchecked;v1.6.0-140-g9a10cc1
roadmap;dimacs;64/700;700;   5912922;    651978;0;3680;17410883;3671735;177;9355;7.90142;464693;0;0;sBELA0;? Unchecked;v1.6.0-140-g9a10cc1
roadmap;dimacs;65/700;700;   1688634;    523217;0;622;1739844;344881;1508;9355;0.963004;358131;0;0;sBELA0;? Unchecked;v1.6.0-140-g9a10cc1
roadmap;dimacs;66/700;700;    539319;   3974427;0;3771;14527458;3713333;29;9355;7.33879;505987;0;0;sBELA0;? Unchecked;v1.6.0-140-g9a10cc1
roadmap;dimacs;67/700;700;   4094198;   2717153;0;1467;10586438;1619516;573;9355;4.06867;398046;0;0;sBELA0;? Unchecked;v1.6.0-140-g9a10cc1
roadmap;dimacs;68/700;700;    833395;   4272795;0;2298;12805238;3630351;151;9355;7.24203;501289;0;0;sBELA0;? Unchecked;v1.6.0-140-g9a10cc1
roadmap;dimacs;69/700;700;    217264;   4320040;0;2357;15907033;4516775;921;9355;9.27773;486840;0;0;sBELA0;? Unchecked;v1.6.0-140-g9a10cc1
roadmap;dimacs;70/700;700;   2014775;   3232619;0;3026;13925093;4238857;432;9355;8.85224;478846;0;0;sBELA0;? Unchecked;v1.6.0-140-g9a10cc1
roadmap;dimacs;71/700;700;   5960148;   3979553;0;1456;5968580;904830;1023;9355;2.25341;401539;0;0;sBELA0;? Unchecked;v1.6.0-140-g9a10cc1
roadmap;dimacs;72/700;700;   3583772;   3923180;0;3489;20007620;5052184;218;9355;10.9662;460706;0;0;sBELA0;? Unchecked;v1.6.0-140-g9a10cc1
roadmap;dimacs;73/700;700;   5525796;    209527;0;1074;4982775;712516;692;9355;1.80601;394525;0;0;sBELA0;? Unchecked;v1.6.0-140-g9a10cc1
roadmap;dimacs;74/700;700;    973158;   4821763;0;3734;19631130;5959480;583;9355;12.8649;463234;0;0;sBELA0;? Unchecked;v1.6.0-140-g9a10cc1
roadmap;dimacs;75/700;700;   3296732;   4674091;0;2869;14060871;2762392;135;9355;6.18206;446840;0;0;sBELA0;? Unchecked;v1.6.0-140-g9a10cc1
roadmap;dimacs;76/700;700;   4786486;   5170674;0;576;2567116;364842;1777;9355;1.02259;356782;0;0;sBELA0;? Unchecked;v1.6.0-140-g9a10cc1
roadmap;dimacs;77/700;700;   2208885;   2401432;0;1482;5557947;1081159;705;9355;2.65693;406920;0;0;sBELA0;? Unchecked;v1.6.0-140-g9a10cc1
roadmap;dimacs;78/700;700;   4790473;   3438138;0;4049;23327783;5661248;295;9355;11.7563;481548;0;0;sBELA0;? Unchecked;v1.6.0-140-g9a10cc1
roadmap;dimacs;79/700;700;   3280776;   5251838;0;1344;7481334;979200;304;9355;2.35053;416586;0;0;sBELA0;? Unchecked;v1.6.0-140-g9a10cc1
roadmap;dimacs;80/700;700;   3994418;   5818995;0;856;3007452;464086;331;9355;0.954303;486309;0;0;sBELA0;? Unchecked;v1.6.0-140-g9a10cc1
roadmap;dimacs;81/700;700;   4879096;   3557810;0;5496;25822808;5879147;99;9355;11.1999;524930;0;0;sBELA0;? Unchecked;v1.6.0-140-g9a10cc1
roadmap;dimacs;82/700;700;   3103038;   3187215;0;3950;19507501;4596805;256;9355;10.4298;440736;0;0;sBELA0;? Unchecked;v1.6.0-140-g9a10cc1
roadmap;dimacs;83/700;700;   4201985;   4810591;0;3433;20139369;5578445;186;9355;11.2353;496512;0;0;sBELA0;? Unchecked;v1.6.0-140-g9a10cc1
roadmap;dimacs;84/700;700;   6144459;   1567853;0;3187;17553556;4881349;185;9355;10.2792;474879;0;0;sBELA0;? Unchecked;v1.6.0-140-g9a10cc1
roadmap;dimacs;85/700;700;   2159995;   5603476;0;3104;17973037;5269496;195;9355;10.9845;479721;0;0;sBELA0;? Unchecked;v1.6.0-140-g9a10cc1
roadmap;dimacs;86/700;700;   2176184;    506799;0;2382;11346933;2836950;91;9355;5.74633;493698;0;0;sBELA0;? Unchecked;v1.6.0-140-g9a10cc1
roadmap;dimacs;87/700;700;   3802848;   5404302;0;2635;13752473;2537755;225;9355;5.8044;437212;0;0;sBELA0;? Unchecked;v1.6.0-140-g9a10cc1
roadmap;dimacs;88/700;700;   1259137;   5623104;0;3376;19301098;5835944;120;9355;11.5428;505593;0;0;sBELA0;? Unchecked;v1.6.0-140-g9a10cc1
roadmap;dimacs;89/700;700;   2820263;   1434973;0;2466;10792685;3320978;249;9355;7.47923;444027;0;0;sBELA0;? Unchecked;v1.6.0-140-g9a10cc1
roadmap;dimacs;90/700;700;   4524729;      4104;0;1634;6647456;1393803;1723;9355;3.54386;393301;0;0;sBELA0;? Unchecked;v1.6.0-140-g9a10cc1
roadmap;dimacs;91/700;700;   3667456;   4070555;0;873;5645224;1106057;1394;9355;2.75801;401034;0;0;sBELA0;? Unchecked;v1.6.0-140-g9a10cc1
roadmap;dimacs;92/700;700;   1154079;   5856700;0;3623;21044660;6030410;208;9355;12.7661;472379;0;0;sBELA0;? Unchecked;v1.6.0-140-g9a10cc1
roadmap;dimacs;93/700;700;   4698390;   2397670;0;1400;3589264;611660;209;9355;1.2913;473678;0;0;sBELA0;? Unchecked;v1.6.0-140-g9a10cc1
roadmap;dimacs;94/700;700;   3506761;   4717549;0;3769;16478361;4490622;613;9355;10.2497;438124;0;0;sBELA0;? Unchecked;v1.6.0-140-g9a10cc1
roadmap;dimacs;95/700;700;   5875928;   3634686;0;4296;19051989;4834770;213;9355;10.2098;473540;0;0;sBELA0;? Unchecked;v1.6.0-140-g9a10cc1
roadmap;dimacs;96/700;700;   3632274;   4634758;0;1830;9534672;2366874;809;9355;5.6661;417726;0;0;sBELA0;? Unchecked;v1.6.0-140-g9a10cc1
roadmap;dimacs;97/700;700;   3762084;   1813719;0;974;4279729;633620;543;9355;1.59085;398290;0;0;sBELA0;? Unchecked;v1.6.0-140-g9a10cc1
roadmap;dimacs;98/700;700;    935811;   1640005;0;3121;15506276;3821414;58;9355;7.53371;507242;0;0;sBELA0;? Unchecked;v1.6.0-140-g9a10cc1
roadmap;dimacs;99/700;700;   2212088;   5403161;0;1415;8831483;2090288;641;9355;4.60447;453969;0;0;sBELA0;? Unchecked;v1.6.0-140-g9a10cc1
roadmap;dimacs;0/800;800;   4320996;   3421432;0;1087;6670317;887816;233;9355;1.92812;460457;0;0;sBELA0;? Unchecked;v1.6.0-140-g9a10cc1
roadmap;dimacs;1/800;800;   2710066;    136691;0;3414;19652607;4285761;67;9355;9.63436;444841;0;0;sBELA0;? Unchecked;v1.6.0-140-g9a10cc1
roadmap;dimacs;2/800;800;   4833717;    720610;0;2109;10104462;2663217;366;9355;5.95156;447482;0;0;sBELA0;? Unchecked;v1.6.0-140-g9a10cc1
roadmap;dimacs;3/800;800;   2142831;   2373369;0;1026;5387416;923987;457;9355;2.18307;423252;0;0;sBELA0;? Unchecked;v1.6.0-140-g9a10cc1
roadmap;dimacs;4/800;800;    553927;   6184741;0;2875;16021959;4502616;610;9355;9.38611;479711;0;0;sBELA0;? Unchecked;v1.6.0-140-g9a10cc1
roadmap;dimacs;5/800;800;   4290512;   3848681;0;2540;13330849;4141744;460;9355;8.7984;470738;0;0;sBELA0;? Unchecked;v1.6.0-140-g9a10cc1
roadmap;dimacs;6/800;800;   5084840;   5961415;0;3364;13573708;5236004;926;9355;11.5369;453847;0;0;sBELA0;? Unchecked;v1.6.0-140-g9a10cc1
roadmap;dimacs;7/800;800;   4846384;    101177;0;3065;17388476;4975314;1101;9355;11.184;444861;0;0;sBELA0;? Unchecked;v1.6.0-140-g9a10cc1
roadmap;dimacs;8/800;800;   4520980;    965983;0;1700;8453096;1597066;75;9355;3.85512;414271;0;0;sBELA0;? Unchecked;v1.6.0-140-g9a10cc1
roadmap;dimacs;9/800;800;   5487394;   5045506;0;3627;17334358;6217781;126;9355;13.2923;467771;0;0;sBELA0;? Unchecked;v1.6.0-140-g9a10cc1
roadmap;dimacs;10/800;800;   1926823;    854459;0;736;3116834;788762;342;9355;1.72929;456119;0;0;sBELA0;? Unchecked;v1.6.0-140-g9a10cc1
roadmap;dimacs;11/800;800;   3088686;   2457940;0;1454;9247984;1014163;333;9398;2.65496;381988;0;0;sBELA0;? Unchecked;v1.6.0-140-g9a10cc1
roadmap;dimacs;12/800;800;   1991621;   6102039;0;1167;3919900;481917;504;9398;1.40055;344091;0;0;sBELA0;? Unchecked;v1.6.0-140-g9a10cc1
roadmap;dimacs;13/800;800;   1679479;   3135970;0;2557;13105205;3810586;76;9398;7.62518;499737;0;0;sBELA0;? Unchecked;v1.6.0-140-g9a10cc1
roadmap;dimacs;14/800;800;   1063830;   4654604;0;1628;8671690;2218939;305;9398;5.24586;422988;0;0;sBELA0;? Unchecked;v1.6.0-140-g9a10cc1
roadmap;dimacs;15/800;800;   6224466;   1240446;0;2246;11870621;3204223;200;9398;7.02702;455986;0;0;sBELA0;? Unchecked;v1.6.0-140-g9a10cc1
roadmap;dimacs;16/800;800;   2418674;   4452024;0;2929;18598176;5098559;195;9398;10.5184;484726;0;0;sBELA0;? Unchecked;v1.6.0-140-g9a10cc1
roadmap;dimacs;17/800;800;   4931603;   4141462;0;539;2204330;196290;328;9398;0.622837;315155;0;0;sBELA0;? Unchecked;v1.6.0-140-g9a10cc1
roadmap;dimacs;18/800;800;   5574074;   4243473;0;832;3358795;278009;1843;9398;1.01527;273826;0;0;sBELA0;? Unchecked;v1.6.0-140-g9a10cc1
roadmap;dimacs;19/800;800;   3494933;   2858057;0;2633;14815739;3205778;501;9398;7.29356;439535;0;0;sBELA0;? Unchecked;v1.6.0-140-g9a10cc1
roadmap;dimacs;20/800;800;    181323;    301703;0;2403;10477010;2337745;241;9398;5.272;443427;0;0;sBELA0;? Unchecked;v1.6.0-140-g9a10cc1
roadmap;dimacs;21/800;800;   3315543;   4157337;0;3467;18996387;5815699;196;9398;11.9138;488150;0;0;sBELA0;? Unchecked;v1.6.0-140-g9a10cc1
roadmap;dimacs;22/800;800;   3908941;   5345394;0;4820;26973123;6228983;447;9398;13.9291;447191;0;0;sBELA0;? Unchecked;v1.6.0-140-g9a10cc1
roadmap;dimacs;23/800;800;   5242371;   4655349;0;1815;11131124;1841549;864;9398;4.70303;391566;0;0;sBELA0;? Unchecked;v1.6.0-140-g9a10cc1
roadmap;dimacs;24/800;800;   4961834;   2356084;0;2639;10622864;2009303;211;9398;5.09542;394335;0;0;sBELA0;? Unchecked;v1.6.0-140-g9a10cc1
roadmap;dimacs;25/800;800;   1035769;   4238789;0;3659;16540770;3509574;348;9398;8.42735;416451;0;0;sBELA0;? Unchecked;v1.6.0-140-g9a10cc1
roadmap;dimacs;26/800;800;   5543425;   3773681;0;1171;7412776;1273683;2937;9398;3.49994;363915;0;0;sBELA0;? Unchecked;v1.6.0-140-g9a10cc1
roadmap;dimacs;27/800;800;   4268952;    369310;0;2766;12778688;2553447;273;9398;5.79503;440627;0;0;sBELA0;? Unchecked;v1.6.0-140-g9a10cc1
roadmap;dimacs;28/800;800;   3974048;   3829589;0;591;1086788;187752;806;9398;0.547987;342622;0;0;sBELA0;? Unchecked;v1.6.0-140-g9a10cc1
roadmap;dimacs;29/800;800;    294053;   1013690;0;2463;14275865;4045531;491;9398;8.08879;500140;0;0;sBELA0;? Unchecked;v1.6.0-140-g9a10cc1
roadmap;dimacs;30/800;800;   3379186;   5160800;0;2434;10391125;1840052;429;9398;4.51291;407731;0;0;sBELA0;? Unchecked;v1.6.0-140-g9a10cc1
roadmap;dimacs;31/800;800;   4901574;   3976463;0;3704;18642292;3536349;26;9398;7.77584;454787;0;0;sBELA0;? Unchecked;v1.6.0-140-g9a10cc1
roadmap;dimacs;32/800;800;   3401397;   2920525;0;2375;9286666;1803002;189;9398;4.27413;421841;0;0;sBELA0;? Unchecked;v1.6.0-140-g9a10cc1
roadmap;dimacs;33/800;800;   1580614;   2113646;0;1650;7681630;1946106;158;9398;3.93143;495012;0;0;sBELA0;? Unchecked;v1.6.0-140-g9a10cc1
roadmap;dimacs;34/800;800;   3461643;   2595916;0;2549;14183246;1468964;335;9398;4.05489;362270;0;0;sBELA0;? Unchecked;v1.6.0-140-g9a10cc1
roadmap;dimacs;35/800;800;   1972302;   2243773;0;2942;15270295;4156333;532;9398;9.16352;453574;0;0;sBELA0;? Unchecked;v1.6.0-140-g9a10cc1
roadmap;dimacs;36/800;800;   5635363;   1260073;0;4182;21538374;4713648;346;9398;10.8784;433304;0;0;sBELA0;? Unchecked;v1.6.0-140-g9a10cc1
roadmap;dimacs;37/800;800;     70522;   3752891;0;1514;7146314;1657011;563;9398;3.94823;419684;0;0;sBELA0;? Unchecked;v1.6.0-140-g9a10cc1
roadmap;dimacs;38/800;800;   1531608;   3855627;0;2211;8119726;2012723;648;9398;4.67806;430247;0;0;sBELA0;? Unchecked;v1.6.0-140-g9a10cc1
roadmap;dimacs;39/800;800;   1273069;   1293225;0;898;2270191;488826;387;9398;1.18232;413445;0;0;sBELA0;? Unchecked;v1.6.0-140-g9a10cc1
roadmap;dimacs;40/800;800;    343255;   3167742;0;1441;10349307;2857453;698;9398;5.98398;477517;0;0;sBELA0;? Unchecked;v1.6.0-140-g9a10cc1
roadmap;dimacs;41/800;800;   2036708;   4028423;0;4324;18850155;5859286;383;9398;12.8182;457108;0;0;sBELA0;? Unchecked;v1.6.0-140-g9a10cc1
roadmap;dimacs;42/800;800;   2450928;   3040803;0;3571;14485430;3776224;120;9398;7.73431;488243;0;0;sBELA0;? Unchecked;v1.6.0-140-g9a10cc1
roadmap;dimacs;43/800;800;   3872326;    927199;0;3307;18777252;4695500;490;9398;10.6073;442667;0;0;sBELA0;? Unchecked;v1.6.0-140-g9a10cc1
roadmap;dimacs;44/800;800;    787505;   5832579;0;2334;7666058;1702170;189;9398;3.84354;442865;0;0;sBELA0;? Unchecked;v1.6.0-140-g9a10cc1
roadmap;dimacs;45/800;800;   4694806;   1706582;0;1941;7741522;1976457;500;9398;4.5269;436602;0;0;sBELA0;? Unchecked;v1.6.0-140-g9a10cc1
roadmap;dimacs;46/800;800;    554299;   5975460;0;3323;17931452;5330879;438;9398;11.2199;475125;0;0;sBELA0;? Unchecked;v1.6.0-140-g9a10cc1
roadmap;dimacs;47/800;800;   4581127;    717795;0;1837;9567449;2627965;285;9398;5.83269;450558;0;0;sBELA0;? Unchecked;v1.6.0-140-g9a10cc1
roadmap;dimacs;48/800;800;   3064769;    215062;0;3042;15625655;3127175;174;9398;7.2005;434300;0;0;sBELA0;? Unchecked;v1.6.0-140-g9a10cc1
roadmap;dimacs;49/800;800;   6261467;   1869006;0;3899;20052530;6054208;259;9398;12.972;466713;0;0;sBELA0;? Unchecked;v1.6.0-140-g9a10cc1
roadmap;dimacs;50/800;800;   1085538;    780207;0;2263;11739094;3755684;104;9398;7.59641;494403;0;0;sBELA0;? Unchecked;v1.6.0-140-g9a10cc1
roadmap;dimacs;51/800;800;   6240682;   3040367;0;2850;13833273;5152358;471;9398;10.9644;469916;0;0;sBELA0;? Unchecked;v1.6.0-140-g9a10cc1
roadmap;dimacs;52/800;800;   6006351;   2224869;0;2508;7874587;1297292;151;9398;2.67941;484171;0;0;sBELA0;? Unchecked;v1.6.0-140-g9a10cc1
roadmap;dimacs;53/800;800;    508211;   5490672;0;2060;12054412;2999490;353;9398;6.38449;469809;0;0;sBELA0;? Unchecked;v1.6.0-140-g9a10cc1
roadmap;dimacs;54/800;800;    851471;   4412887;0;3299;17634496;5231454;243;9398;10.9605;477302;0;0;sBELA0;? Unchecked;v1.6.0-140-g9a10cc1
roadmap;dimacs;55/800;800;   1574156;   4529788;0;3458;15404844;3947076;80;9398;7.52792;524325;0;0;sBELA0;? Unchecked;v1.6.0-140-g9a10cc1
roadmap;dimacs;56/800;800;   2368242;   3295502;0;2933;17302524;5413900;488;9398;12.0524;449196;0;0;sBELA0;? Unchecked;v1.6.0-140-g9a10cc1
roadmap;dimacs;57/800;800;   5103576;    302904;0;3789;14559446;2910886;274;9398;6.81727;426987;0;0;sBELA0;? Unchecked;v1.6.0-140-g9a10cc1
roadmap;dimacs;58/800;800;   3951955;    573471;0;3367;14997509;3671989;416;9398;8.03609;456937;0;0;sBELA0;? Unchecked;v1.6.0-140-g9a10cc1
roadmap;dimacs;59/800;800;    367593;   3203334;0;1794;10535174;2602891;1358;9398;5.95857;436832;0;0;sBELA0;? Unchecked;v1.6.0-140-g9a10cc1
roadmap;dimacs;60/800;800;   1691460;   5850252;0;5003;17713420;5327109;36;9398;10.4392;510301;0;0;sBELA0;? Unchecked;v1.6.0-140-g9a10cc1
roadmap;dimacs;61/800;800;   2246743;   5790235;0;3503;11316632;2989504;202;9398;7.01777;425991;0;0;sBELA0;? Unchecked;v1.6.0-140-g9a10cc1
roadmap;dimacs;62/800;800;   1594081;   2684037;0;3636;19880647;6023304;273;9398;12.3726;486825;0;0;sBELA0;? Unchecked;v1.6.0-140-g9a10cc1
roadmap;dimacs;63/800;800;   3082704;   2876577;0;3632;19706293;4256930;263;9398;10.1944;417577;0;0;sBELA0;? Unchecked;v1.6.0-140-g9a10cc1
roadmap;dimacs;64/800;800;   5912922;    651978;0;3676;17410887;3671743;195;9398;8.12555;451876;0;0;sBELA0;? Unchecked;v1.6.0-140-g9a10cc1
roadmap;dimacs;65/800;800;   1688634;    523217;0;636;1739860;344895;1701;9398;1.023;337139;0;0;sBELA0;? Unchecked;v1.6.0-140-g9a10cc1
roadmap;dimacs;66/800;800;    539319;   3974427;0;3776;14527458;3713333;32;9398;7.41868;500538;0;0;sBELA0;? Unchecked;v1.6.0-140-g9a10cc1
roadmap;dimacs;67/800;800;   4094198;   2717153;0;1467;10586444;1619518;640;9398;4.18912;386601;0;0;sBELA0;? Unchecked;v1.6.0-140-g9a10cc1
roadmap;dimacs;68/800;800;    833395;   4272795;0;2298;12805240;3630351;164;9398;7.30931;496675;0;0;sBELA0;? Unchecked;v1.6.0-140-g9a10cc1
roadmap;dimacs;69/800;800;    217264;   4320040;0;2367;15907042;4516779;1030;9398;9.44269;478336;0;0;sBELA0;? Unchecked;v1.6.0-140-g9a10cc1
roadmap;dimacs;70/800;800;   2014775;   3232619;0;3022;13925099;4238861;489;9398;9.03839;468984;0;0;sBELA0;? Unchecked;v1.6.0-140-g9a10cc1
roadmap;dimacs;71/800;800;   5960148;   3979553;0;1454;5968588;904833;1160;9398;2.36946;381873;0;0;sBELA0;? Unchecked;v1.6.0-140-g9a10cc1
roadmap;dimacs;72/800;800;   3583772;   3923180;0;3493;20007622;5052186;238;9398;11.1124;454644;0;0;sBELA0;? Unchecked;v1.6.0-140-g9a10cc1
roadmap;dimacs;73/800;800;   5525796;    209527;0;1073;4982784;712518;775;9398;1.87916;379169;0;0;sBELA0;? Unchecked;v1.6.0-140-g9a10cc1
roadmap;dimacs;74/800;800;    973158;   4821763;0;3736;19631133;5959482;633;9398;13.1643;452699;0;0;sBELA0;? Unchecked;v1.6.0-140-g9a10cc1
roadmap;dimacs;75/800;800;   3296732;   4674091;0;2872;14060873;2762392;147;9398;6.30706;437984;0;0;sBELA0;? Unchecked;v1.6.0-140-g9a10cc1
roadmap;dimacs;76/800;800;   4786486;   5170674;0;573;2567144;364847;2028;9398;1.08804;335325;0;0;sBELA0;? Unchecked;v1.6.0-140-g9a10cc1
roadmap;dimacs;77/800;800;   2208885;   2401432;0;1481;5557954;1081159;772;9398;2.71918;397605;0;0;sBELA0;? Unchecked;v1.6.0-140-g9a10cc1
roadmap;dimacs;78/800;800;   4790473;   3438138;0;4049;23327785;5661248;322;9398;11.876;476696;0;0;sBELA0;? Unchecked;v1.6.0-140-g9a10cc1
roadmap;dimacs;79/800;800;   3280776;   5251838;0;1346;7481337;979201;330;9398;2.42034;404571;0;0;sBELA0;? Unchecked;v1.6.0-140-g9a10cc1
roadmap;dimacs;80/800;800;   3994418;   5818995;0;858;3007465;464089;382;9398;0.974386;476289;0;0;sBELA0;? Unchecked;v1.6.0-140-g9a10cc1
roadmap;dimacs;81/800;800;   4879096;   3557810;0;5497;25822809;5879147;108;9398;11.298;520373;0;0;sBELA0;? Unchecked;v1.6.0-140-g9a10cc1
roadmap;dimacs;82/800;800;   3103038;   3187215;0;3948;19507504;4596805;279;9398;10.6453;431814;0;0;sBELA0;? Unchecked;v1.6.0-140-g9a10cc1
roadmap;dimacs;83/800;800;   4201985;   4810591;0;3434;20139372;5578449;204;9398;11.3639;490891;0;0;sBELA0;? Unchecked;v1.6.0-140-g9a10cc1
roadmap;dimacs;84/800;800;   6144459;   1567853;0;3187;17553559;4881358;207;9398;10.3986;469424;0;0;sBELA0;? Unchecked;v1.6.0-140-g9a10cc1
roadmap;dimacs;85/800;800;   2159995;   5603476;0;3105;17973038;5269497;210;9398;11.0762;475750;0;0;sBELA0;? Unchecked;v1.6.0-140-g9a10cc1
roadmap;dimacs;86/800;800;   2176184;    506799;0;2376;11346934;2836950;100;9398;5.79782;489314;0;0;sBELA0;? Unchecked;v1.6.0-140-g9a10cc1
roadmap;dimacs;87/800;800;   3802848;   5404302;0;2635;13752474;2537755;244;9398;5.89597;430422;0;0;sBELA0;? Unchecked;v1.6.0-140-g9a10cc1
roadmap;dimacs;88/800;800;   1259137;   5623104;0;3372;19301101;5835947;138;9398;11.6675;500187;0;0;sBELA0;? Unchecked;v1.6.0-140-g9a10cc1
roadmap;dimacs;89/800;800;   2820263;   1434973;0;2468;10792689;3320980;280;9398;7.53097;440977;0;0;sBELA0;? Unchecked;v1.6.0-140-g9a10cc1
roadmap;dimacs;90/800;800;   4524729;      4104;0;1628;6647470;1393810;1965;9398;3.62523;384475;0;0;sBELA0;? Unchecked;v1.6.0-140-g9a10cc1
roadmap;dimacs;91/800;800;   3667456;   4070555;0;877;5645245;1106065;1602;9398;2.8713;385214;0;0;sBELA0;? Unchecked;v1.6.0-140-g9a10cc1
roadmap;dimacs;92/800;800;   1154079;   5856700;0;3627;21044662;6030410;225;9398;12.8478;469374;0;0;sBELA0;? Unchecked;v1.6.0-140-g9a10cc1
roadmap;dimacs;93/800;800;   4698390;   2397670;0;1400;3589267;611661;228;9398;1.35222;452340;0;0;sBELA0;? Unchecked;v1.6.0-140-g9a10cc1
roadmap;dimacs;94/800;800;   3506761;   4717549;0;3773;16478365;4490624;683;9398;10.5498;425658;0;0;sBELA0;? Unchecked;v1.6.0-140-g9a10cc1
roadmap;dimacs;95/800;800;   5875928;   3634686;0;4295;19051992;4834770;237;9398;10.3448;467363;0;0;sBELA0;? Unchecked;v1.6.0-140-g9a10cc1
roadmap;dimacs;96/800;800;   3632274;   4634758;0;1830;9534681;2366878;918;9398;5.76126;410827;0;0;sBELA0;? Unchecked;v1.6.0-140-g9a10cc1
roadmap;dimacs;97/800;800;   3762084;   1813719;0;977;4279736;633623;602;9398;1.66059;381564;0;0;sBELA0;? Unchecked;v1.6.0-140-g9a10cc1
roadmap;dimacs;98/800;800;    935811;   1640005;0;3124;15506277;3821414;64;9398;7.56848;504912;0;0;sBELA0;? Unchecked;v1.6.0-140-g9a10cc1
roadmap;dimacs;99/800;800;   2212088;   5403161;0;1417;8831491;2090290;713;9398;4.64231;450269;0;0;sBELA0;? Unchecked;v1.6.0-140-g9a10cc1
roadmap;dimacs;0/900;900;   4320996;   3421432;0;1087;6670319;887816;249;9398;1.96579;451632;0;0;sBELA0;? Unchecked;v1.6.0-140-g9a10cc1
roadmap;dimacs;1/900;900;   2710066;    136691;0;3417;19652608;4285761;69;9398;9.7789;438266;0;0;sBELA0;? Unchecked;v1.6.0-140-g9a10cc1
roadmap;dimacs;2/900;900;   4833717;    720610;0;2109;10104463;2663218;389;9398;6.07171;438627;0;0;sBELA0;? Unchecked;v1.6.0-140-g9a10cc1
roadmap;dimacs;3/900;900;   2142831;   2373369;0;1037;5387419;923990;491;9398;2.24268;412002;0;0;sBELA0;? Unchecked;v1.6.0-140-g9a10cc1
roadmap;dimacs;4/900;900;    553927;   6184741;0;2878;16021962;4502617;647;9398;9.5448;471735;0;0;sBELA0;? Unchecked;v1.6.0-140-g9a10cc1
roadmap;dimacs;5/900;900;   4290512;   3848681;0;2544;13330852;4141746;486;9398;8.91479;464592;0;0;sBELA0;? Unchecked;v1.6.0-140-g9a10cc1
roadmap;dimacs;6/900;900;   5084840;   5961415;0;3368;13573712;5236005;1007;9398;11.7937;443968;0;0;sBELA0;? Unchecked;v1.6.0-140-g9a10cc1
roadmap;dimacs;7/900;900;   4846384;    101177;0;3063;17388483;4975319;1212;9398;11.4582;434216;0;0;sBELA0;? Unchecked;v1.6.0-140-g9a10cc1
roadmap;dimacs;8/900;900;   4520980;    965983;0;1700;8453101;1597069;84;9398;3.9169;407738;0;0;sBELA0;? Unchecked;v1.6.0-140-g9a10cc1
roadmap;dimacs;9/900;900;   5487394;   5045506;0;3628;17334359;6217781;138;9398;13.4724;461520;0;0;sBELA0;? Unchecked;v1.6.0-140-g9a10cc1
roadmap;dimacs;10/900;900;   1926823;    854459;0;742;3116841;788763;373;9398;1.76765;446222;0;0;sBELA0;? Unchecked;v1.6.0-140-g9a10cc1
roadmap;dimacs;11/900;900;   3088686;   2457940;0;1454;9247985;1014163;364;9398;2.7476;369109;0;0;sBELA0;? Unchecked;v1.6.0-140-g9a10cc1
roadmap;dimacs;12/900;900;   1991621;   6102039;0;1161;3919906;481918;550;9398;1.46766;328359;0;0;sBELA0;? Unchecked;v1.6.0-140-g9a10cc1
roadmap;dimacs;13/900;900;   1679479;   3135970;0;2557;13105206;3810586;80;9398;7.63543;499067;0;0;sBELA0;? Unchecked;v1.6.0-140-g9a10cc1
roadmap;dimacs;14/900;900;   1063830;   4654604;0;1629;8671692;2218939;326;9398;5.30652;418153;0;0;sBELA0;? Unchecked;v1.6.0-140-g9a10cc1
roadmap;dimacs;15/900;900;   6224466;   1240446;0;2247;11870623;3204225;221;9398;7.03635;455382;0;0;sBELA0;? Unchecked;v1.6.0-140-g9a10cc1
roadmap;dimacs;16/900;900;   2418674;   4452024;0;2929;18598177;5098560;208;9398;10.616;480270;0;0;sBELA0;? Unchecked;v1.6.0-140-g9a10cc1
roadmap;dimacs;17/900;900;   4931603;   4141462;0;537;2204341;196290;368;9398;0.644925;304361;0;0;sBELA0;? Unchecked;v1.6.0-140-g9a10cc1
roadmap;dimacs;18/900;900;   5574074;   4243473;0;883;3358806;278010;2021;9398;1.06434;261204;0;0;sBELA0;? Unchecked;v1.6.0-140-g9a10cc1
roadmap;dimacs;19/900;900;   3494933;   2858057;0;2634;14815742;3205780;544;9398;7.38225;434255;0;0;sBELA0;? Unchecked;v1.6.0-140-g9a10cc1
roadmap;dimacs;20/900;900;    181323;    301703;0;2410;10477013;2337745;262;9398;5.38479;434139;0;0;sBELA0;? Unchecked;v1.6.0-140-g9a10cc1
roadmap;dimacs;21/900;900;   3315543;   4157337;0;3466;18996389;5815699;209;9398;12.0105;484216;0;0;sBELA0;? Unchecked;v1.6.0-140-g9a10cc1
roadmap;dimacs;22/900;900;   3908941;   5345394;0;4817;26973124;6228983;480;9398;14.0937;441969;0;0;sBELA0;? Unchecked;v1.6.0-140-g9a10cc1
roadmap;dimacs;23/900;900;   5242371;   4655349;0;1806;11131131;1841553;954;9398;4.7684;386200;0;0;sBELA0;? Unchecked;v1.6.0-140-g9a10cc1
roadmap;dimacs;24/900;900;   4961834;   2356084;0;2643;10622867;2009303;228;9398;5.26318;381766;0;0;sBELA0;? Unchecked;v1.6.0-140-g9a10cc1
roadmap;dimacs;25/900;900;   1035769;   4238789;0;3670;16540773;3509577;376;9398;8.64805;405823;0;0;sBELA0;? Unchecked;v1.6.0-140-g9a10cc1
roadmap;dimacs;26/900;900;   5543425;   3773681;0;1164;7412793;1273687;3261;9398;3.6568;348306;0;0;sBELA0;? Unchecked;v1.6.0-140-g9a10cc1
roadmap;dimacs;27/900;900;   4268952;    369310;0;2765;12778689;2553448;295;9398;5.88008;434254;0;0;sBELA0;? Unchecked;v1.6.0-140-g9a10cc1
roadmap;dimacs;28/900;900;   3974048;   3829589;0;592;1086798;187753;894;9398;0.589022;318754;0;0;sBELA0;? Unchecked;v1.6.0-140-g9a10cc1
roadmap;dimacs;29/900;900;    294053;   1013690;0;2465;14275868;4045533;527;9398;8.15882;495848;0;0;sBELA0;? Unchecked;v1.6.0-140-g9a10cc1
roadmap;dimacs;30/900;900;   3379186;   5160800;0;2437;10391127;1840052;452;9398;4.55799;403698;0;0;sBELA0;? Unchecked;v1.6.0-140-g9a10cc1
roadmap;dimacs;31/900;900;   4901574;   3976463;0;3707;18642294;3536349;29;9398;7.81426;452551;0;0;sBELA0;? Unchecked;v1.6.0-140-g9a10cc1
roadmap;dimacs;32/900;900;   3401397;   2920525;0;2372;9286670;1803002;214;9398;4.35722;413796;0;0;sBELA0;? Unchecked;v1.6.0-140-g9a10cc1
roadmap;dimacs;33/900;900;   1580614;   2113646;0;1650;7681635;1946106;180;9398;3.97754;489273;0;0;sBELA0;? Unchecked;v1.6.0-140-g9a10cc1
roadmap;dimacs;34/900;900;   3461643;   2595916;0;2548;14183249;1468964;364;9398;4.17679;351697;0;0;sBELA0;? Unchecked;v1.6.0-140-g9a10cc1
roadmap;dimacs;35/900;900;   1972302;   2243773;0;2942;15270298;4156334;575;9398;9.37243;443464;0;0;sBELA0;? Unchecked;v1.6.0-140-g9a10cc1
roadmap;dimacs;36/900;900;   5635363;   1260073;0;4179;21538375;4713648;378;9398;11.0794;425443;0;0;sBELA0;? Unchecked;v1.6.0-140-g9a10cc1
roadmap;dimacs;37/900;900;     70522;   3752891;0;1511;7146318;1657012;619;9398;4.04647;409495;0;0;sBELA0;? Unchecked;v1.6.0-140-g9a10cc1
roadmap;dimacs;38/900;900;   1531608;   3855627;0;2204;8119729;2012724;708;9398;4.78575;420566;0;0;sBELA0;? Unchecked;v1.6.0-140-g9a10cc1
roadmap;dimacs;39/900;900;   1273069;   1293225;0;897;2270195;488826;421;9398;1.24763;391805;0;0;sBELA0;? Unchecked;v1.6.0-140-g9a10cc1
roadmap;dimacs;40/900;900;    343255;   3167742;0;1440;10349314;2857455;758;9398;6.07262;470547;0;0;sBELA0;? Unchecked;v1.6.0-140-g9a10cc1
roadmap;dimacs;41/900;900;   2036708;   4028423;0;4324;18850157;5859286;412;9398;13.1127;446839;0;0;sBELA0;? Unchecked;v1.6.0-140-g9a10cc1
roadmap;dimacs;42/900;900;   2450928;   3040803;0;3569;14485432;3776225;132;9398;7.84039;481637;0;0;sBELA0;? Unchecked;v1.6.0-140-g9a10cc1
roadmap;dimacs;43/900;900;   3872326;    927199;0;3310;18777256;4695504;527;9398;10.7664;436127;0;0;sBELA0;? Unchecked;v1.6.0-140-g9a10cc1
roadmap;dimacs;44/900;900;    787505;   5832579;0;2339;7666059;1702170;199;9398;3.8893;437655;0;0;sBELA0;? Unchecked;v1.6.0-140-g9a10cc1
roadmap;dimacs;45/900;900;   4694806;   1706582;0;1946;7741526;1976459;539;9398;4.61688;428094;0;0;sBELA0;? Unchecked;v1.6.0-140-g9a10cc1
roadmap;dimacs;46/900;900;    554299;   5975460;0;3316;17931454;5330882;460;9398;11.3478;469772;0;0;sBELA0;? Unchecked;v1.6.0-140-g9a10cc1
roadmap;dimacs;47/900;900;   4581127;    717795;0;1844;9567452;2627967;309;9398;5.90153;445302;0;0;sBELA0;? Unchecked;v1.6.0-140-g9a10cc1
roadmap;dimacs;48/900;900;   3064769;    215062;0;3040;15625657;3127176;188;9398;7.32948;426657;0;0;sBELA0;? Unchecked;v1.6.0-140-g9a10cc1
roadmap;dimacs;49/900;900;   6261467;   1869006;0;3905;20052533;6054209;282;9398;13.0929;462405;0;0;sBELA0;? Unchecked;v1.6.0-140-g9a10cc1
roadmap;dimacs;50/900;900;   1085538;    780207;0;2260;11739096;3755684;110;9398;7.64477;491275;0;0;sBELA0;? Unchecked;v1.6.0-140-g9a10cc1
roadmap;dimacs;51/900;900;   6240682;   3040367;0;2847;13833277;5152358;516;9398;11.1088;463808;0;0;sBELA0;? Unchecked;v1.6.0-140-g9a10cc1
roadmap;dimacs;52/900;900;   6006351;   2224869;0;2507;7874589;1297295;164;9398;2.7199;476964;0;0;sBELA0;? Unchecked;v1.6.0-140-g9a10cc1
roadmap;dimacs;53/900;900;    508211;   5490672;0;2060;12054416;2999493;386;9398;6.44049;465725;0;0;sBELA0;? Unchecked;v1.6.0-140-g9a10cc1
roadmap;dimacs;54/900;900;    851471;   4412887;0;3298;17634498;5231454;261;9398;11.0969;471436;0;0;sBELA0;? Unchecked;v1.6.0-140-g9a10cc1
roadmap;dimacs;55/900;900;   1574156;   4529788;0;3463;15404845;3947076;86;9398;7.55933;522146;0;0;sBELA0;? Unchecked;v1.6.0-140-g9a10cc1
roadmap;dimacs;56/900;900;   2368242;   3295502;0;2934;17302526;5413901;520;9398;12.2598;441599;0;0;sBELA0;? Unchecked;v1.6.0-140-g9a10cc1
roadmap;dimacs;57/900;900;   5103576;    302904;0;3790;14559448;2910886;299;9398;6.95727;418395;0;0;sBELA0;? Unchecked;v1.6.0-140-g9a10cc1
roadmap;dimacs;58/900;900;   3951955;    573471;0;3366;14997512;3671989;443;9398;8.13753;451241;0;0;sBELA0;? Unchecked;v1.6.0-140-g9a10cc1
roadmap;dimacs;59/900;900;    367593;   3203334;0;1793;10535182;2602892;1507;9398;6.08799;427545;0;0;sBELA0;? Unchecked;v1.6.0-140-g9a10cc1
roadmap;dimacs;60/900;900;   1691460;   5850252;0;4999;17713420;5327109;38;9398;10.4969;507492;0;0;sBELA0;? Unchecked;v1.6.0-140-g9a10cc1
roadmap;dimacs;61/900;900;   2246743;   5790235;0;3498;11316634;2989505;218;9398;7.16518;417227;0;0;sBELA0;? Unchecked;v1.6.0-140-g9a10cc1
roadmap;dimacs;62/900;900;   1594081;   2684037;0;3635;19880649;6023305;290;9398;12.4391;484223;0;0;sBELA0;? Unchecked;v1.6.0-140-g9a10cc1
roadmap;dimacs;63/900;900;   3082704;   2876577;0;3633;19706295;4256930;290;9398;10.4491;407398;0;0;sBELA0;? Unchecked;v1.6.0-140-g9a10cc1
roadmap;dimacs;64/900;900;   5912922;    651978;0;3680;17410891;3671744;215;9398;8.13749;451213;0;0;sBELA0;? Unchecked;v1.6.0-140-g9a10cc1
roadmap;dimacs;65/900;900;   1688634;    523217;0;637;1739870;344904;1857;9398;1.07451;320986;0;0;sBELA0;? Unchecked;v1.6.0-140-g9a10cc1
roadmap;dimacs;66/900;900;    539319;   3974427;0;3776;14527459;3713333;33;9398;7.55299;491637;0;0;sBELA0;? Unchecked;v1.6.0-140-g9a10cc1
roadmap;dimacs;67/900;900;   4094198;   2717153;0;1467;10586449;1619518;694;9398;4.29918;376704;0;0;sBELA0;? Unchecked;v1.6.0-140-g9a10cc1
roadmap;dimacs;68/900;900;    833395;   4272795;0;2301;12805242;3630351;186;9398;7.44885;487370;0;0;sBELA0;? Unchecked;v1.6.0-140-g9a10cc1
roadmap;dimacs;69/900;900;    217264;   4320040;0;2359;15907054;4516781;1159;9398;9.55461;472733;0;0;sBELA0;? Unchecked;v1.6.0-140-g9a10cc1
roadmap;dimacs;70/900;900;   2014775;   3232619;0;3025;13925104;4238862;538;9398;9.08427;466616;0;0;sBELA0;? Unchecked;v1.6.0-140-g9a10cc1
roadmap;dimacs;71/900;900;   5960148;   3979553;0;1457;5968595;904836;1287;9398;2.44879;369504;0;0;sBELA0;? Unchecked;v1.6.0-140-g9a10cc1
roadmap;dimacs;72/900;900;   3583772;   3923180;0;3490;20007625;5052186;259;9398;11.2075;450785;0;0;sBELA0;? Unchecked;v1.6.0-140-g9a10cc1
roadmap;dimacs;73/900;900;   5525796;    209527;0;1076;4982791;712519;863;9398;1.98817;358379;0;0;sBELA0;? Unchecked;v1.6.0-140-g9a10cc1
roadmap;dimacs;74/900;900;    973158;   4821763;0;3736;19631135;5959483;673;9398;13.2859;448556;0;0;sBELA0;? Unchecked;v1.6.0-140-g9a10cc1
roadmap;dimacs;75/900;900;   3296732;   4674091;0;2869;14060875;2762392;162;9398;6.43995;428946;0;0;sBELA0;? Unchecked;v1.6.0-140-g9a10cc1
roadmap;dimacs;76/900;900;   4786486;   5170674;0;575;2567163;364850;2228;9398;1.12708;323711;0;0;sBELA0;? Unchecked;v1.6.0-140-g9a10cc1
roadmap;dimacs;77/900;900;   2208885;   2401432;0;1482;5557960;1081160;849;9398;2.82497;382716;0;0;sBELA0;? Unchecked;v1.6.0-140-g9a10cc1
roadmap;dimacs;78/900;900;   4790473;   3438138;0;4049;23327787;5661248;349;9398;12.0619;469351;0;0;sBELA0;? Unchecked;v1.6.0-140-g9a10cc1
roadmap;dimacs;79/900;900;   3280776;   5251838;0;1347;7481339;979201;348;9398;2.4644;397338;0;0;sBELA0;? Unchecked;v1.6.0-140-g9a10cc1
roadmap;dimacs;80/900;900;   3994418;   5818995;0;858;3007475;464090;429;9398;0.998223;464916;0;0;sBELA0;? Unchecked;v1.6.0-140-g9a10cc1
roadmap;dimacs;81/900;900;   4879096;   3557810;0;5494;25822810;5879147;116;9398;11.3742;516884;0;0;sBELA0;? Unchecked;v1.6.0-140-g9a10cc1
roadmap;dimacs;82/900;900;   3103038;   3187215;0;3951;19507506;4596805;301;9398;10.8162;424993;0;0;sBELA0;? Unchecked;v1.6.0-140-g9a10cc1
roadmap;dimacs;83/900;900;   4201985;   4810591;0;3431;20139375;5578451;224;9398;11.4451;487408;0;0;sBELA0;? Unchecked;v1.6.0-140-g9a10cc1
roadmap;dimacs;84/900;900;   6144459;   1567853;0;3186;17553561;4881360;224;9398;10.4502;467107;0;0;sBELA0;? Unchecked;v1.6.0-140-g9a10cc1
roadmap;dimacs;85/900;900;   2159995;   5603476;0;3109;17973039;5269498;229;9398;11.1388;473075;0;0;sBELA0;? Unchecked;v1.6.0-140-g9a10cc1
roadmap;dimacs;86/900;900;   2176184;    506799;0;2381;11346934;2836950;105;9398;5.75477;492974;0;0;sBELA0;? Unchecked;v1.6.0-140-g9a10cc1
roadmap;dimacs;87/900;900;   3802848;   5404302;0;2636;13752476;2537755;265;9398;5.97598;424659;0;0;sBELA0;? Unchecked;v1.6.0-140-g9a10cc1
roadmap;dimacs;88/900;900;   1259137;   5623104;0;3373;19301103;5835948;156;9398;11.8089;494198;0;0;sBELA0;? Unchecked;v1.6.0-140-g9a10cc1
roadmap;dimacs;89/900;900;   2820263;   1434973;0;2470;10792693;3320984;303;9398;7.6404;434661;0;0;sBELA0;? Unchecked;v1.6.0-140-g9a10cc1
roadmap;dimacs;90/900;900;   4524729;      4104;0;1631;6647483;1393815;2210;9398;3.72825;373853;0;0;sBELA0;? Unchecked;v1.6.0-140-g9a10cc1
roadmap;dimacs;91/900;900;   3667456;   4070555;0;864;5645260;1106067;1792;9398;2.93273;377146;0;0;sBELA0;? Unchecked;v1.6.0-140-g9a10cc1
roadmap;dimacs;92/900;900;   1154079;   5856700;0;3627;21044665;6030410;250;9398;12.9854;464398;0;0;sBELA0;? Unchecked;v1.6.0-140-g9a10cc1
roadmap;dimacs;93/900;900;   4698390;   2397670;0;1399;3589270;611662;251;9398;1.33656;457638;0;0;sBELA0;? Unchecked;v1.6.0-140-g9a10cc1
roadmap;dimacs;94/900;900;   3506761;   4717549;0;3769;16478368;4490626;737;9398;10.7338;418364;0;0;sBELA0;? Unchecked;v1.6.0-140-g9a10cc1
roadmap;dimacs;95/900;900;   5875928;   3634686;0;4296;19051995;4834771;267;9398;10.4382;463182;0;0;sBELA0;? Unchecked;v1.6.0-140-g9a10cc1
roadmap;dimacs;96/900;900;   3632274;   4634758;0;1828;9534688;2366879;1021;9398;5.81712;406882;0;0;sBELA0;? Unchecked;v1.6.0-140-g9a10cc1
roadmap;dimacs;97/900;900;   3762084;   1813719;0;974;4279744;633627;660;9398;1.7093;370695;0;0;sBELA0;? Unchecked;v1.6.0-140-g9a10cc1
roadmap;dimacs;98/900;900;    935811;   1640005;0;3122;15506278;3821414;72;9398;7.62003;501496;0;0;sBELA0;? Unchecked;v1.6.0-140-g9a10cc1
roadmap;dimacs;99/900;900;   2212088;   5403161;0;1417;8831497;2090292;780;9398;4.74226;440780;0;0;sBELA0;? Unchecked;v1.6.0-140-g9a10cc1
roadmap;dimacs;0/1000;1000;   4320996;   3421432;0;1088;6670323;887817;276;9398;1.99881;444173;0;0;sBELA0;? Unchecked;v1.6.0-140-g9a10cc1
roadmap;dimacs;1/1000;1000;   2710066;    136691;0;3413;19652609;4285762;75;9398;9.84865;435162;0;0;sBELA0;? Unchecked;v1.6.0-140-g9a10cc1
roadmap;dimacs;2/1000;1000;   4833717;    720610;0;2106;10104465;2663219;413;9398;6.19027;430227;0;0;sBELA0;? Unchecked;v1.6.0-140-g9a10cc1
roadmap;dimacs;3/1000;1000;   2142831;   2373369;0;1032;5387423;923995;522;9398;2.28014;405236;0;0;sBELA0;? Unchecked;v1.6.0-140-g9a10cc1
roadmap;dimacs;4/1000;1000;    553927;   6184741;0;2877;16021965;4502618;687;9398;9.59016;469504;0;0;sBELA0;? Unchecked;v1.6.0-140-g9a10cc1
roadmap;dimacs;5/1000;1000;   4290512;   3848681;0;2543;13330857;4141751;532;9398;9.02528;458905;0;0;sBELA0;? Unchecked;v1.6.0-140-g9a10cc1
roadmap;dimacs;6/1000;1000;   5084840;   5961415;0;3360;13573717;5236008;1094;9398;11.9936;436565;0;0;sBELA0;? Unchecked;v1.6.0-140-g9a10cc1
roadmap;dimacs;7/1000;1000;   4846384;    101177;0;3062;17388488;4975320;1316;9398;11.6054;428706;0;0;sBELA0;? Unchecked;v1.6.0-140-g9a10cc1
roadmap;dimacs;8/1000;1000;   4520980;    965983;0;1704;8453104;1597069;93;9398;3.97172;402110;0;0;sBELA0;? Unchecked;v1.6.0-140-g9a10cc1
roadmap;dimacs;9/1000;1000;   5487394;   5045506;0;3624;17334361;6217781;150;9398;13.5034;460462;0;0;sBELA0;? Unchecked;v1.6.0-140-g9a10cc1
roadmap;dimacs;10/1000;1000;   1926823;    854459;0;735;3116851;788764;412;9398;1.79958;438304;0;0;sBELA0;? Unchecked;v1.6.0-140-g9a10cc1
roadmap;dimacs;11/1000;1000;   3088686;   2457940;0;1455;9247986;1014163;399;9398;2.77124;365960;0;0;sBELA0;? Unchecked;v1.6.0-140-g9a10cc1
roadmap;dimacs;12/1000;1000;   1991621;   6102039;0;1160;3919914;481918;600;9398;1.51922;317214;0;0;sBELA0;? Unchecked;v1.6.0-140-g9a10cc1
roadmap;dimacs;13/1000;1000;   1679479;   3135970;0;2554;13105207;3810587;85;9398;7.73698;492516;0;0;sBELA0;? Unchecked;v1.6.0-140-g9a10cc1
roadmap;dimacs;14/1000;1000;   1063830;   4654604;0;1625;8671695;2218940;351;9398;5.37389;412912;0;0;sBELA0;? Unchecked;v1.6.0-140-g9a10cc1
roadmap;dimacs;15/1000;1000;   6224466;   1240446;0;2245;11870625;3204229;236;9398;7.16265;447352;0;0;sBELA0;? Unchecked;v1.6.0-140-g9a10cc1
roadmap;dimacs;16/1000;1000;   2418674;   4452024;0;2952;18598178;5098561;221;9398;10.7744;473211;0;0;sBELA0;? Unchecked;v1.6.0-140-g9a10cc1
roadmap;dimacs;17/1000;1000;   4931603;   4141462;0;538;2204348;196291;404;9398;0.68483;286627;0;0;sBELA0;? Unchecked;v1.6.0-140-g9a10cc1
roadmap;dimacs;18/1000;1000;   5574074;   4243473;0;835;3358818;278011;2226;9398;1.1574;240203;0;0;sBELA0;? Unchecked;v1.6.0-140-g9a10cc1
roadmap;dimacs;19/1000;1000;   3494933;   2858057;0;2633;14815744;3205780;575;9398;7.52642;425937;0;0;sBELA0;? Unchecked;v1.6.0-140-g9a10cc1
roadmap;dimacs;20/1000;1000;    181323;    301703;0;2414;10477016;2337746;297;9398;5.50156;424924;0;0;sBELA0;? Unchecked;v1.6.0-140-g9a10cc1
roadmap;dimacs;21/1000;1000;   3315543;   4157337;0;3477;18996390;5815699;219;9398;12.1601;478261;0;0;sBELA0;? Unchecked;v1.6.0-140-g9a10cc1
roadmap;dimacs;22/1000;1000;   3908941;   5345394;0;4828;26973126;6228983;526;9398;14.3196;434997;0;0;sBELA0;? Unchecked;v1.6.0-140-g9a10cc1
roadmap;dimacs;23/1000;1000;   5242371;   4655349;0;1820;11131141;1841555;1054;9398;4.96186;371142;0;0;sBELA0;? Unchecked;v1.6.0-140-g9a10cc1
roadmap;dimacs;24/1000;1000;   4961834;   2356084;0;2640;10622870;2009304;255;9398;5.45922;368057;0;0;sBELA0;? Unchecked;v1.6.0-140-g9a10cc1
roadmap;dimacs;25/1000;1000;   1035769;   4238789;0;3655;16540775;3509577;399;9398;8.79144;399204;0;0;sBELA0;? Unchecked;v1.6.0-140-g9a10cc1
roadmap;dimacs;26/1000;1000;   5543425;   3773681;0;1168;7412807;1273696;3578;9398;3.78805;336241;0;0;sBELA0;? Unchecked;v1.6.0-140-g9a10cc1
roadmap;dimacs;27/1000;1000;   4268952;    369310;0;2767;12778691;2553450;319;9398;6.02736;423644;0;0;sBELA0;? Unchecked;v1.6.0-140-g9a10cc1
roadmap;dimacs;28/1000;1000;   3974048;   3829589;0;592;1086810;187760;984;9398;0.599264;313318;0;0;sBELA0;? Unchecked;v1.6.0-140-g9a10cc1
roadmap;dimacs;29/1000;1000;    294053;   1013690;0;2464;14275870;4045534;559;9398;8.24863;490449;0;0;sBELA0;? Unchecked;v1.6.0-140-g9a10cc1
roadmap;dimacs;30/1000;1000;   3379186;   5160800;0;2437;10391130;1840055;478;9398;4.63371;397102;0;0;sBELA0;? Unchecked;v1.6.0-140-g9a10cc1
roadmap;dimacs;31/1000;1000;   4901574;   3976463;0;3707;18642294;3536349;33;9398;7.9142;446836;0;0;sBELA0;? Unchecked;v1.6.0-140-g9a10cc1
roadmap;dimacs;32/1000;1000;   3401397;   2920525;0;2374;9286675;1803002;246;9398;4.52573;398389;0;0;sBELA0;? Unchecked;v1.6.0-140-g9a10cc1
roadmap;dimacs;33/1000;1000;   1580614;   2113646;0;1654;7681637;1946107;194;9398;3.96468;490861;0;0;sBELA0;? Unchecked;v1.6.0-140-g9a10cc1
roadmap;dimacs;34/1000;1000;   3461643;   2595916;0;2545;14183251;1468964;387;9398;4.30142;341507;0;0;sBELA0;? Unchecked;v1.6.0-140-g9a10cc1
roadmap;dimacs;35/1000;1000;   1972302;   2243773;0;2932;15270301;4156334;627;9398;9.59178;433322;0;0;sBELA0;? Unchecked;v1.6.0-140-g9a10cc1
roadmap;dimacs;36/1000;1000;   5635363;   1260073;0;4176;21538377;4713648;394;9398;11.3552;415110;0;0;sBELA0;? Unchecked;v1.6.0-140-g9a10cc1
roadmap;dimacs;37/1000;1000;     70522;   3752891;0;1515;7146321;1657012;665;9398;4.07958;406172;0;0;sBELA0;? Unchecked;v1.6.0-140-g9a10cc1
roadmap;dimacs;38/1000;1000;   1531608;   3855627;0;2210;8119732;2012725;767;9398;4.94792;406782;0;0;sBELA0;? Unchecked;v1.6.0-140-g9a10cc1
roadmap;dimacs;39/1000;1000;   1273069;   1293225;0;896;2270199;488826;447;9398;1.2451;392600;0;0;sBELA0;? Unchecked;v1.6.0-140-g9a10cc1
roadmap;dimacs;40/1000;1000;    343255;   3167742;0;1445;10349321;2857456;818;9398;6.20994;460143;0;0;sBELA0;? Unchecked;v1.6.0-140-g9a10cc1
roadmap;dimacs;41/1000;1000;   2036708;   4028423;0;4320;18850160;5859286;455;9398;13.4055;437080;0;0;sBELA0;? Unchecked;v1.6.0-140-g9a10cc1
roadmap;dimacs;42/1000;1000;   2450928;   3040803;0;3571;14485433;3776225;144;9398;7.94054;475563;0;0;sBELA0;? Unchecked;v1.6.0-140-g9a10cc1
roadmap;dimacs;43/1000;1000;   3872326;    927199;0;3308;18777259;4695505;553;9398;10.8977;430870;0;0;sBELA0;? Unchecked;v1.6.0-140-g9a10cc1
roadmap;dimacs;44/1000;1000;    787505;   5832579;0;2339;7666060;1702170;210;9398;3.99212;426382;0;0;sBELA0;? Unchecked;v1.6.0-140-g9a10cc1
roadmap;dimacs;45/1000;1000;   4694806;   1706582;0;1941;7741531;1976462;584;9398;4.70924;419698;0;0;sBELA0;? Unchecked;v1.6.0-140-g9a10cc1
roadmap;dimacs;46/1000;1000;    554299;   5975460;0;3321;17931456;5330887;490;9398;11.5262;462502;0;0;sBELA0;? Unchecked;v1.6.0-140-g9a10cc1
roadmap;dimacs;47/1000;1000;   4581127;    717795;0;1839;9567455;2627968;338;9398;6.0443;434785;0;0;sBELA0;? Unchecked;v1.6.0-140-g9a10cc1
roadmap;dimacs;48/1000;1000;   3064769;    215062;0;3037;15625658;3127177;198;9398;7.48091;418021;0;0;sBELA0;? Unchecked;v1.6.0-140-g9a10cc1
roadmap;dimacs;49/1000;1000;   6261467;   1869006;0;3897;20052535;6054209;304;9398;13.2587;456622;0;0;sBELA0;? Unchecked;v1.6.0-140-g9a10cc1
roadmap;dimacs;50/1000;1000;   1085538;    780207;0;2258;11739099;3755685;119;9398;7.70245;487596;0;0;sBELA0;? Unchecked;v1.6.0-140-g9a10cc1
roadmap;dimacs;51/1000;1000;   6240682;   3040367;0;2848;13833281;5152365;563;9398;11.2386;458453;0;0;sBELA0;? Unchecked;v1.6.0-140-g9a10cc1
roadmap;dimacs;52/1000;1000;   6006351;   2224869;0;2505;7874591;1297297;178;9398;2.77628;467280;0;0;sBELA0;? Unchecked;v1.6.0-140-g9a10cc1
roadmap;dimacs;53/1000;1000;    508211;   5490672;0;2060;12054418;2999493;401;9398;6.48037;462858;0;0;sBELA0;? Unchecked;v1.6.0-140-g9a10cc1
roadmap;dimacs;54/1000;1000;    851471;   4412887;0;3376;17634499;5231455;277;9398;11.2561;464764;0;0;sBELA0;? Unchecked;v1.6.0-140-g9a10cc1
roadmap;dimacs;55/1000;1000;   1574156;   4529788;0;3463;15404846;3947076;93;9398;7.6153;518309;0;0;sBELA0;? Unchecked;v1.6.0-140-g9a10cc1
roadmap;dimacs;56/1000;1000;   2368242;   3295502;0;2934;17302528;5413903;554;9398;12.4418;435139;0;0;sBELA0;? Unchecked;v1.6.0-140-g9a10cc1
roadmap;dimacs;57/1000;1000;   5103576;    302904;0;3795;14559449;2910887;316;9398;7.12817;408364;0;0;sBELA0;? Unchecked;v1.6.0-140-g9a10cc1
roadmap;dimacs;58/1000;1000;   3951955;    573471;0;3365;14997515;3671990;467;9398;8.26208;444439;0;0;sBELA0;? Unchecked;v1.6.0-140-g9a10cc1
roadmap;dimacs;59/1000;1000;    367593;   3203334;0;1793;10535188;2602898;1634;9398;6.2226;418298;0;0;sBELA0;? Unchecked;v1.6.0-140-g9a10cc1
roadmap;dimacs;60/1000;1000;   1691460;   5850252;0;5001;17713420;5327109;39;9398;10.5096;506882;0;0;sBELA0;? Unchecked;v1.6.0-140-g9a10cc1
roadmap;dimacs;61/1000;1000;   2246743;   5790235;0;3503;11316635;2989505;231;9398;7.3359;407517;0;0;sBELA0;? Unchecked;v1.6.0-140-g9a10cc1
roadmap;dimacs;62/1000;1000;   1594081;   2684037;0;3639;19880651;6023306;311;9398;12.5259;480867;0;0;sBELA0;? Unchecked;v1.6.0-140-g9a10cc1
roadmap;dimacs;63/1000;1000;   3082704;   2876577;0;3632;19706296;4256930;303;9398;10.6696;398978;0;0;sBELA0;? Unchecked;v1.6.0-140-g9a10cc1
roadmap;dimacs;64/1000;1000;   5912922;    651978;0;3679;17410893;3671745;237;9398;8.21386;447018;0;0;sBELA0;? Unchecked;v1.6.0-140-g9a10cc1
roadmap;dimacs;65/1000;1000;   1688634;    523217;0;631;1739884;344919;2056;9398;1.13363;304259;0;0;sBELA0;? Unchecked;v1.6.0-140-g9a10cc1
roadmap;dimacs;66/1000;1000;    539319;   3974427;0;3774;14527459;3713333;36;9398;7.58072;489839;0;0;sBELA0;? Unchecked;v1.6.0-140-g9a10cc1
roadmap;dimacs;67/1000;1000;   4094198;   2717153;0;1470;10586455;1619519;764;9398;4.41456;366859;0;0;sBELA0;? Unchecked;v1.6.0-140-g9a10cc1
roadmap;dimacs;68/1000;1000;    833395;   4272795;0;2300;12805243;3630351;197;9398;7.49669;484260;0;0;sBELA0;? Unchecked;v1.6.0-140-g9a10cc1
roadmap;dimacs;69/1000;1000;    217264;   4320040;0;2355;15907064;4516783;1303;9398;9.73581;463935;0;0;sBELA0;? Unchecked;v1.6.0-140-g9a10cc1
roadmap;dimacs;70/1000;1000;   2014775;   3232619;0;3030;13925108;4238864;588;9398;9.20017;460737;0;0;sBELA0;? Unchecked;v1.6.0-140-g9a10cc1
roadmap;dimacs;71/1000;1000;   5960148;   3979553;0;1455;5968601;904840;1411;9398;2.51982;359089;0;0;sBELA0;? Unchecked;v1.6.0-140-g9a10cc1
roadmap;dimacs;72/1000;1000;   3583772;   3923180;0;3489;20007627;5052186;272;9398;11.3335;445775;0;0;sBELA0;? Unchecked;v1.6.0-140-g9a10cc1
roadmap;dimacs;73/1000;1000;   5525796;    209527;0;1074;4982798;712520;937;9398;1.99587;356998;0;0;sBELA0;? Unchecked;v1.6.0-140-g9a10cc1
roadmap;dimacs;74/1000;1000;    973158;   4821763;0;3733;19631138;5959487;721;9398;13.4731;442324;0;0;sBELA0;? Unchecked;v1.6.0-140-g9a10cc1
roadmap;dimacs;75/1000;1000;   3296732;   4674091;0;2869;14060877;2762393;178;9398;6.51025;424315;0;0;sBELA0;? Unchecked;v1.6.0-140-g9a10cc1
roadmap;dimacs;76/1000;1000;   4786486;   5170674;0;575;2567186;364858;2483;9398;1.20993;301554;0;0;sBELA0;? Unchecked;v1.6.0-140-g9a10cc1
roadmap;dimacs;77/1000;1000;   2208885;   2401432;0;1481;5557966;1081160;923;9398;2.868;376973;0;0;sBELA0;? Unchecked;v1.6.0-140-g9a10cc1
roadmap;dimacs;78/1000;1000;   4790473;   3438138;0;4047;23327789;5661248;376;9398;12.2281;462970;0;0;sBELA0;? Unchecked;v1.6.0-140-g9a10cc1
roadmap;dimacs;79/1000;1000;   3280776;   5251838;0;1344;7481342;979202;376;9398;2.53767;385867;0;0;sBELA0;? Unchecked;v1.6.0-140-g9a10cc1
roadmap;dimacs;80/1000;1000;   3994418;   5818995;0;855;3007485;464092;476;9398;1.06222;436909;0;0;sBELA0;? Unchecked;v1.6.0-140-g9a10cc1
roadmap;dimacs;81/1000;1000;   4879096;   3557810;0;5493;25822811;5879147;123;9398;11.4531;513324;0;0;sBELA0;? Unchecked;v1.6.0-140-g9a10cc1
roadmap;dimacs;82/1000;1000;   3103038;   3187215;0;3952;19507509;4596806;322;9398;11.0125;417419;0;0;sBELA0;? Unchecked;v1.6.0-140-g9a10cc1
roadmap;dimacs;83/1000;1000;   4201985;   4810591;0;3428;20139377;5578451;241;9398;11.5835;481584;0;0;sBELA0;? Unchecked;v1.6.0-140-g9a10cc1
roadmap;dimacs;84/1000;1000;   6144459;   1567853;0;3208;17553562;4881360;236;9398;10.6048;460296;0;0;sBELA0;? Unchecked;v1.6.0-140-g9a10cc1
roadmap;dimacs;85/1000;1000;   2159995;   5603476;0;3105;17973041;5269499;242;9398;11.2868;466874;0;0;sBELA0;? Unchecked;v1.6.0-140-g9a10cc1
roadmap;dimacs;86/1000;1000;   2176184;    506799;0;2382;11346935;2836952;109;9398;5.86073;484061;0;0;sBELA0;? Unchecked;v1.6.0-140-g9a10cc1
roadmap;dimacs;87/1000;1000;   3802848;   5404302;0;2622;13752477;2537755;280;9398;6.10885;415422;0;0;sBELA0;? Unchecked;v1.6.0-140-g9a10cc1
roadmap;dimacs;88/1000;1000;   1259137;   5623104;0;3368;19301105;5835948;170;9398;11.8257;493498;0;0;sBELA0;? Unchecked;v1.6.0-140-g9a10cc1
roadmap;dimacs;89/1000;1000;   2820263;   1434973;0;2468;10792697;3320987;333;9398;7.74445;428821;0;0;sBELA0;? Unchecked;v1.6.0-140-g9a10cc1
roadmap;dimacs;90/1000;1000;   4524729;      4104;0;1632;6647493;1393818;2427;9398;3.86454;360668;0;0;sBELA0;? Unchecked;v1.6.0-140-g9a10cc1
roadmap;dimacs;91/1000;1000;   3667456;   4070555;0;863;5645274;1106073;1962;9398;3.01883;366391;0;0;sBELA0;? Unchecked;v1.6.0-140-g9a10cc1
roadmap;dimacs;92/1000;1000;   1154079;   5856700;0;3627;21044666;6030410;267;9398;13.1211;459596;0;0;sBELA0;? Unchecked;v1.6.0-140-g9a10cc1
roadmap;dimacs;93/1000;1000;   4698390;   2397670;0;1404;3589274;611663;272;9398;1.40473;435429;0;0;sBELA0;? Unchecked;v1.6.0-140-g9a10cc1
roadmap;dimacs;94/1000;1000;   3506761;   4717549;0;3768;16478371;4490627;791;9398;10.9977;408326;0;0;sBELA0;? Unchecked;v1.6.0-140-g9a10cc1
roadmap;dimacs;95/1000;1000;   5875928;   3634686;0;4293;19051997;4834771;289;9398;10.6276;454925;0;0;sBELA0;? Unchecked;v1.6.0-140-g9a10cc1
roadmap;dimacs;96/1000;1000;   3632274;   4634758;0;1830;9534696;2366884;1120;9398;6.00174;394366;0;0;sBELA0;? Unchecked;v1.6.0-140-g9a10cc1
roadmap;dimacs;97/1000;1000;   3762084;   1813719;0;976;4279751;633629;735;9398;1.76627;358738;0;0;sBELA0;? Unchecked;v1.6.0-140-g9a10cc1
roadmap;dimacs;98/1000;1000;    935811;   1640005;0;3122;15506280;3821415;81;9398;7.62499;501170;0;0;sBELA0;? Unchecked;v1.6.0-140-g9a10cc1
roadmap;dimacs;99/1000;1000;   2212088;   5403161;0;1416;8831504;2090295;858;9398;4.8084;434717;0;0;sBELA0;? Unchecked;v1.6.0-140-g9a10cc1
