domain;variant;id;k;start;goal;h0;length;cost;expansions;nbcentroids;nbpaths;mem;runtime;expansions/sec;solver;doctor;version
n-puzzle;heavy-cost;0/1;1;5 6 0 8 4 7 1 3 2;0 1 2 3 4 5 6 7 8;84;24;114;432;1;0;10;0.001375;314182;BELA*;                        ? Unchecked;ijcai-2026-base-15-g257422b
n-puzzle;heavy-cost;1/1;1;0 8 6 4 7 1 5 3 2;0 1 2 3 4 5 6 7 8;86;24;114;488;1;0;10;0.00134;364179;BELA*;                        ? Unchecked;ijcai-2026-base-15-g257422b
n-puzzle;heavy-cost;2/1;1;5 2 8 0 7 4 1 3 6;0 1 2 3 4 5 6 7 8;65;21;91;293;1;0;10;0.000784;373724;BELA*;                        ? Unchecked;ijcai-2026-base-15-g257422b
n-puzzle;heavy-cost;3/1;1;7 2 6 0 8 1 5 4 3;0 1 2 3 4 5 6 7 8;93;27;113;513;1;0;10;0.001299;394919;BELA*;                        ? Unchecked;ijcai-2026-base-15-g257422b
n-puzzle;heavy-cost;4/1;1;5 1 8 6 0 7 2 4 3;0 1 2 3 4 5 6 7 8;72;24;92;283;1;0;10;0.000746;379357;BELA*;                        ? Unchecked;ijcai-2026-base-15-g257422b
n-puzzle;heavy-cost;5/1;1;8 0 3 6 4 5 7 2 1;0 1 2 3 4 5 6 7 8;63;23;103;1213;1;0;11;0.003239;374498;BELA*;                        ? Unchecked;ijcai-2026-base-15-g257422b
n-puzzle;heavy-cost;6/1;1;4 2 7 1 5 8 0 6 3;0 1 2 3 4 5 6 7 8;61;18;87;250;1;0;11;0.000304;822368;BELA*;                        ? Unchecked;ijcai-2026-base-15-g257422b
n-puzzle;heavy-cost;7/1;1;4 1 7 3 2 5 6 0 8;0 1 2 3 4 5 6 7 8;33;21;77;491;1;0;11;0.000587;836457;BELA*;                        ? Unchecked;ijcai-2026-base-15-g257422b
n-puzzle;heavy-cost;8/1;1;8 4 0 5 1 6 2 7 3;0 1 2 3 4 5 6 7 8;82;30;126;2857;1;0;13;0.003776;756621;BELA*;                        ? Unchecked;ijcai-2026-base-15-g257422b
n-puzzle;heavy-cost;9/1;1;1 3 0 7 6 2 5 8 4;0 1 2 3 4 5 6 7 8;66;24;94;452;1;0;13;0.000542;833948;BELA*;                        ? Unchecked;ijcai-2026-base-15-g257422b
n-puzzle;heavy-cost;10/1;1;7 0 4 6 8 5 3 1 2;0 1 2 3 4 5 6 7 8;60;29;110;2153;1;0;14;0.002961;727119;BELA*;                        ? Unchecked;ijcai-2026-base-15-g257422b
n-puzzle;heavy-cost;11/1;1;6 1 7 5 8 2 4 3 0;0 1 2 3 4 5 6 7 8;75;24;113;2470;1;0;14;0.003505;704708;BELA*;                        ? Unchecked;ijcai-2026-base-15-g257422b
n-puzzle;heavy-cost;12/1;1;7 5 2 1 6 3 8 0 4;0 1 2 3 4 5 6 7 8;75;25;103;820;1;0;14;0.000956;857741;BELA*;                        ? Unchecked;ijcai-2026-base-15-g257422b
n-puzzle;heavy-cost;13/1;1;6 2 4 0 8 7 5 3 1;0 1 2 3 4 5 6 7 8;76;25;98;379;1;0;14;0.00044;861364;BELA*;                        ? Unchecked;ijcai-2026-base-15-g257422b
n-puzzle;heavy-cost;14/1;1;0 1 6 2 5 7 4 8 3;0 1 2 3 4 5 6 7 8;74;28;112;1378;1;0;14;0.001781;773723;BELA*;                        ? Unchecked;ijcai-2026-base-15-g257422b
n-puzzle;heavy-cost;15/1;1;4 0 3 6 1 2 8 5 7;0 1 2 3 4 5 6 7 8;59;15;73;135;1;0;14;0.000171;789474;BELA*;                        ? Unchecked;ijcai-2026-base-15-g257422b
n-puzzle;heavy-cost;16/1;1;1 5 8 7 6 4 0 3 2;0 1 2 3 4 5 6 7 8;67;20;93;388;1;0;14;0.000452;858407;BELA*;                        ? Unchecked;ijcai-2026-base-15-g257422b
n-puzzle;heavy-cost;17/1;1;2 7 0 8 4 6 3 5 1;0 1 2 3 4 5 6 7 8;76;24;112;462;1;0;14;0.000532;868421;BELA*;                        ? Unchecked;ijcai-2026-base-15-g257422b
n-puzzle;heavy-cost;18/1;1;7 4 8 1 5 6 0 2 3;0 1 2 3 4 5 6 7 8;81;24;101;436;1;0;14;0.000496;879032;BELA*;                        ? Unchecked;ijcai-2026-base-15-g257422b
n-puzzle;heavy-cost;19/1;1;2 3 0 1 4 7 5 6 8;0 1 2 3 4 5 6 7 8;47;24;81;324;1;0;14;0.00039;830769;BELA*;                        ? Unchecked;ijcai-2026-base-15-g257422b
n-puzzle;heavy-cost;20/1;1;2 1 4 5 0 6 8 3 7;0 1 2 3 4 5 6 7 8;69;26;111;2754;1;0;14;0.003501;786632;BELA*;                        ? Unchecked;ijcai-2026-base-15-g257422b
n-puzzle;heavy-cost;21/1;1;8 7 6 2 5 4 1 0 3;0 1 2 3 4 5 6 7 8;97;27;129;1858;1;0;14;0.002128;873120;BELA*;                        ? Unchecked;ijcai-2026-base-15-g257422b
n-puzzle;heavy-cost;22/1;1;2 7 3 1 6 5 4 0 8;0 1 2 3 4 5 6 7 8;49;21;73;120;1;0;14;0.000164;731707;BELA*;                        ? Unchecked;ijcai-2026-base-15-g257422b
n-puzzle;heavy-cost;23/1;1;3 0 4 6 2 1 8 5 7;0 1 2 3 4 5 6 7 8;56;17;78;283;1;0;14;0.000354;799435;BELA*;                        ? Unchecked;ijcai-2026-base-15-g257422b
n-puzzle;heavy-cost;24/1;1;5 3 2 4 8 6 0 1 7;0 1 2 3 4 5 6 7 8;68;24;102;682;1;0;14;0.000891;765432;BELA*;                        ? Unchecked;ijcai-2026-base-15-g257422b
n-puzzle;heavy-cost;25/1;1;1 3 5 2 4 6 8 7 0;0 1 2 3 4 5 6 7 8;52;28;114;3239;1;0;14;0.004208;769724;BELA*;                        ? Unchecked;ijcai-2026-base-15-g257422b
n-puzzle;heavy-cost;26/1;1;8 5 1 4 2 7 6 0 3;0 1 2 3 4 5 6 7 8;74;25;100;680;1;0;14;0.000805;844720;BELA*;                        ? Unchecked;ijcai-2026-base-15-g257422b
n-puzzle;heavy-cost;27/1;1;2 8 5 6 3 1 4 0 7;0 1 2 3 4 5 6 7 8;59;21;85;353;1;0;14;0.000431;819026;BELA*;                        ? Unchecked;ijcai-2026-base-15-g257422b
n-puzzle;heavy-cost;28/1;1;5 0 7 4 2 3 1 6 8;0 1 2 3 4 5 6 7 8;59;19;73;154;1;0;14;0.000188;819149;BELA*;                        ? Unchecked;ijcai-2026-base-15-g257422b
n-puzzle;heavy-cost;29/1;1;3 2 4 7 6 8 5 1 0;0 1 2 3 4 5 6 7 8;64;18;82;224;1;0;14;0.000278;805755;BELA*;                        ? Unchecked;ijcai-2026-base-15-g257422b
n-puzzle;heavy-cost;30/1;1;1 3 2 0 8 6 4 7 5;0 1 2 3 4 5 6 7 8;54;21;88;259;1;0;14;0.00033;784848;BELA*;                        ? Unchecked;ijcai-2026-base-15-g257422b
n-puzzle;heavy-cost;31/1;1;8 2 5 3 7 6 4 0 1;0 1 2 3 4 5 6 7 8;75;23;109;1250;1;0;14;0.001476;846883;BELA*;                        ? Unchecked;ijcai-2026-base-15-g257422b
n-puzzle;heavy-cost;32/1;1;2 4 0 7 5 1 8 6 3;0 1 2 3 4 5 6 7 8;60;22;92;170;1;0;14;0.000222;765766;BELA*;                        ? Unchecked;ijcai-2026-base-15-g257422b
n-puzzle;heavy-cost;33/1;1;0 1 5 2 6 8 7 3 4;0 1 2 3 4 5 6 7 8;52;20;74;159;1;0;14;0.000212;750000;BELA*;                        ? Unchecked;ijcai-2026-base-15-g257422b
n-puzzle;heavy-cost;34/1;1;7 1 5 2 8 6 3 4 0;0 1 2 3 4 5 6 7 8;73;18;83;86;1;0;14;0.000114;754386;BELA*;                        ? Unchecked;ijcai-2026-base-15-g257422b
n-puzzle;heavy-cost;35/1;1;6 3 1 2 8 7 0 4 5;0 1 2 3 4 5 6 7 8;64;22;102;841;1;0;14;0.001158;726252;BELA*;                        ? Unchecked;ijcai-2026-base-15-g257422b
n-puzzle;heavy-cost;36/1;1;0 3 5 4 8 6 7 2 1;0 1 2 3 4 5 6 7 8;65;22;91;248;1;0;14;0.000287;864111;BELA*;                        ? Unchecked;ijcai-2026-base-15-g257422b
n-puzzle;heavy-cost;37/1;1;8 1 4 0 3 2 5 6 7;0 1 2 3 4 5 6 7 8;73;25;97;641;1;0;14;0.000762;841207;BELA*;                        ? Unchecked;ijcai-2026-base-15-g257422b
n-puzzle;heavy-cost;38/1;1;7 4 1 6 2 8 3 5 0;0 1 2 3 4 5 6 7 8;57;22;99;1193;1;0;14;0.001432;833101;BELA*;                        ? Unchecked;ijcai-2026-base-15-g257422b
n-puzzle;heavy-cost;39/1;1;4 6 8 0 5 1 3 2 7;0 1 2 3 4 5 6 7 8;65;23;91;275;1;0;14;0.000351;783476;BELA*;                        ? Unchecked;ijcai-2026-base-15-g257422b
n-puzzle;heavy-cost;40/1;1;4 2 8 6 0 1 3 5 7;0 1 2 3 4 5 6 7 8;54;22;82;340;1;0;14;0.000412;825243;BELA*;                        ? Unchecked;ijcai-2026-base-15-g257422b
n-puzzle;heavy-cost;41/1;1;3 7 8 4 5 2 6 1 0;0 1 2 3 4 5 6 7 8;46;20;92;577;1;0;14;0.000704;819602;BELA*;                        ? Unchecked;ijcai-2026-base-15-g257422b
n-puzzle;heavy-cost;42/1;1;7 5 6 1 0 3 2 8 4;0 1 2 3 4 5 6 7 8;87;24;95;195;1;0;14;0.000229;851528;BELA*;                        ? Unchecked;ijcai-2026-base-15-g257422b
n-puzzle;heavy-cost;43/1;1;1 6 4 8 5 3 7 2 0;0 1 2 3 4 5 6 7 8;75;24;101;482;1;0;14;0.000574;839721;BELA*;                        ? Unchecked;ijcai-2026-base-15-g257422b
n-puzzle;heavy-cost;44/1;1;2 5 7 1 8 4 3 6 0;0 1 2 3 4 5 6 7 8;66;16;74;42;1;0;14;5.7e-05;736842;BELA*;                        ? Unchecked;ijcai-2026-base-15-g257422b
n-puzzle;heavy-cost;45/1;1;3 8 4 0 7 1 5 6 2;0 1 2 3 4 5 6 7 8;69;19;95;292;1;0;14;0.000357;817927;BELA*;                        ? Unchecked;ijcai-2026-base-15-g257422b
n-puzzle;heavy-cost;46/1;1;3 0 5 4 2 1 7 8 6;0 1 2 3 4 5 6 7 8;45;19;73;189;1;0;14;0.000415;455422;BELA*;                        ? Unchecked;ijcai-2026-base-15-g257422b
n-puzzle;heavy-cost;47/1;1;4 5 3 1 7 0 8 2 6;0 1 2 3 4 5 6 7 8;70;23;98;455;1;0;14;0.000546;833333;BELA*;                        ? Unchecked;ijcai-2026-base-15-g257422b
n-puzzle;heavy-cost;48/1;1;1 8 4 2 3 5 6 0 7;0 1 2 3 4 5 6 7 8;49;19;75;157;1;0;14;0.000204;769608;BELA*;                        ? Unchecked;ijcai-2026-base-15-g257422b
n-puzzle;heavy-cost;49/1;1;4 8 1 0 6 7 3 2 5;0 1 2 3 4 5 6 7 8;73;25;101;734;1;0;14;0.000855;858480;BELA*;                        ? Unchecked;ijcai-2026-base-15-g257422b
n-puzzle;heavy-cost;50/1;1;8 5 3 4 6 1 7 2 0;0 1 2 3 4 5 6 7 8;82;26;108;895;1;0;14;0.001054;849146;BELA*;                        ? Unchecked;ijcai-2026-base-15-g257422b
n-puzzle;heavy-cost;51/1;1;4 3 7 1 5 2 6 0 8;0 1 2 3 4 5 6 7 8;44;19;72;186;1;0;14;0.000315;590476;BELA*;                        ? Unchecked;ijcai-2026-base-15-g257422b
n-puzzle;heavy-cost;52/1;1;7 4 1 2 3 0 5 8 6;0 1 2 3 4 5 6 7 8;70;31;118;4059;1;0;16;0.005268;770501;BELA*;                        ? Unchecked;ijcai-2026-base-15-g257422b
n-puzzle;heavy-cost;53/1;1;7 5 6 8 2 1 0 4 3;0 1 2 3 4 5 6 7 8;98;26;112;638;1;0;14;0.000703;907539;BELA*;                        ? Unchecked;ijcai-2026-base-15-g257422b
n-puzzle;heavy-cost;54/1;1;2 8 5 0 7 6 1 4 3;0 1 2 3 4 5 6 7 8;74;21;96;285;1;0;14;0.000383;744125;BELA*;                        ? Unchecked;ijcai-2026-base-15-g257422b
n-puzzle;heavy-cost;55/1;1;3 5 2 4 1 6 8 0 7;0 1 2 3 4 5 6 7 8;59;25;99;953;1;0;14;0.001149;829417;BELA*;                        ? Unchecked;ijcai-2026-base-15-g257422b
n-puzzle;heavy-cost;56/1;1;8 6 1 5 4 3 0 2 7;0 1 2 3 4 5 6 7 8;80;26;114;815;1;0;14;0.000934;872591;BELA*;                        ? Unchecked;ijcai-2026-base-15-g257422b
n-puzzle;heavy-cost;57/1;1;4 6 5 7 3 2 1 0 8;0 1 2 3 4 5 6 7 8;53;27;93;1148;1;0;14;0.001578;727503;BELA*;                        ? Unchecked;ijcai-2026-base-15-g257422b
n-puzzle;heavy-cost;58/1;1;3 7 4 2 8 6 5 0 1;0 1 2 3 4 5 6 7 8;83;25;101;355;1;0;14;0.00044;806818;BELA*;                        ? Unchecked;ijcai-2026-base-15-g257422b
n-puzzle;heavy-cost;59/1;1;8 7 4 5 6 2 3 0 1;0 1 2 3 4 5 6 7 8;84;27;126;4023;1;0;16;0.005;804600;BELA*;                        ? Unchecked;ijcai-2026-base-15-g257422b
n-puzzle;heavy-cost;60/1;1;6 1 5 3 4 0 8 2 7;0 1 2 3 4 5 6 7 8;46;21;94;1081;1;0;16;0.001373;787327;BELA*;                        ? Unchecked;ijcai-2026-base-15-g257422b
n-puzzle;heavy-cost;61/1;1;4 5 2 8 0 3 1 6 7;0 1 2 3 4 5 6 7 8;64;20;96;760;1;0;16;0.000943;805938;BELA*;                        ? Unchecked;ijcai-2026-base-15-g257422b
n-puzzle;heavy-cost;62/1;1;8 5 4 6 1 2 7 3 0;0 1 2 3 4 5 6 7 8;72;28;116;4370;1;0;16;0.005779;756186;BELA*;                        ? Unchecked;ijcai-2026-base-15-g257422b
n-puzzle;heavy-cost;63/1;1;0 5 8 2 6 7 4 3 1;0 1 2 3 4 5 6 7 8;75;22;83;91;1;0;16;0.000118;771186;BELA*;                        ? Unchecked;ijcai-2026-base-15-g257422b
n-puzzle;heavy-cost;64/1;1;5 0 1 8 7 3 4 6 2;0 1 2 3 4 5 6 7 8;71;25;103;298;1;0;16;0.00037;805405;BELA*;                        ? Unchecked;ijcai-2026-base-15-g257422b
n-puzzle;heavy-cost;65/1;1;7 6 1 3 4 8 0 5 2;0 1 2 3 4 5 6 7 8;62;22;102;743;1;0;16;0.000981;757390;BELA*;                        ? Unchecked;ijcai-2026-base-15-g257422b
n-puzzle;heavy-cost;66/1;1;8 0 7 3 6 5 1 2 4;0 1 2 3 4 5 6 7 8;82;27;114;965;1;0;16;0.001134;850970;BELA*;                        ? Unchecked;ijcai-2026-base-15-g257422b
n-puzzle;heavy-cost;67/1;1;7 2 8 6 5 1 4 0 3;0 1 2 3 4 5 6 7 8;69;23;101;1101;1;0;16;0.001352;814349;BELA*;                        ? Unchecked;ijcai-2026-base-15-g257422b
n-puzzle;heavy-cost;68/1;1;5 0 3 4 1 8 2 7 6;0 1 2 3 4 5 6 7 8;57;25;89;325;1;0;16;0.000516;629845;BELA*;                        ? Unchecked;ijcai-2026-base-15-g257422b
n-puzzle;heavy-cost;69/1;1;7 8 4 6 3 5 2 1 0;0 1 2 3 4 5 6 7 8;72;26;104;891;1;0;16;0.001055;844550;BELA*;                        ? Unchecked;ijcai-2026-base-15-g257422b
n-puzzle;heavy-cost;70/1;1;7 0 3 2 8 1 5 4 6;0 1 2 3 4 5 6 7 8;85;21;93;114;1;0;16;0.000144;791667;BELA*;                        ? Unchecked;ijcai-2026-base-15-g257422b
n-puzzle;heavy-cost;71/1;1;1 0 7 3 4 8 2 5 6;0 1 2 3 4 5 6 7 8;60;23;94;461;1;0;16;0.000546;844322;BELA*;                        ? Unchecked;ijcai-2026-base-15-g257422b
n-puzzle;heavy-cost;72/1;1;8 0 7 4 3 6 5 2 1;0 1 2 3 4 5 6 7 8;102;25;116;421;1;0;16;0.000476;884454;BELA*;                        ? Unchecked;ijcai-2026-base-15-g257422b
n-puzzle;heavy-cost;73/1;1;3 7 8 5 1 2 0 6 4;0 1 2 3 4 5 6 7 8;60;26;112;2813;1;0;16;0.003468;811130;BELA*;                        ? Unchecked;ijcai-2026-base-15-g257422b
n-puzzle;heavy-cost;74/1;1;1 6 2 0 7 8 4 5 3;0 1 2 3 4 5 6 7 8;61;17;81;99;1;0;16;0.00013;761538;BELA*;                        ? Unchecked;ijcai-2026-base-15-g257422b
n-puzzle;heavy-cost;75/1;1;6 1 2 3 0 8 4 5 7;0 1 2 3 4 5 6 7 8;45;18;77;262;1;0;16;0.000439;596811;BELA*;                        ? Unchecked;ijcai-2026-base-15-g257422b
n-puzzle;heavy-cost;76/1;1;1 0 7 5 6 4 3 2 8;0 1 2 3 4 5 6 7 8;57;27;91;427;1;0;16;0.000524;814885;BELA*;                        ? Unchecked;ijcai-2026-base-15-g257422b
n-puzzle;heavy-cost;77/1;1;2 7 6 1 4 0 5 3 8;0 1 2 3 4 5 6 7 8;65;27;107;1548;1;0;16;0.001792;863839;BELA*;                        ? Unchecked;ijcai-2026-base-15-g257422b
n-puzzle;heavy-cost;78/1;1;2 3 8 4 0 6 1 5 7;0 1 2 3 4 5 6 7 8;68;22;92;402;1;0;16;0.000495;812121;BELA*;                        ? Unchecked;ijcai-2026-base-15-g257422b
n-puzzle;heavy-cost;79/1;1;0 5 4 6 1 7 8 2 3;0 1 2 3 4 5 6 7 8;70;24;88;207;1;0;16;0.000254;814961;BELA*;                        ? Unchecked;ijcai-2026-base-15-g257422b
n-puzzle;heavy-cost;80/1;1;5 3 4 7 0 1 8 6 2;0 1 2 3 4 5 6 7 8;71;20;85;106;1;0;16;0.000132;803030;BELA*;                        ? Unchecked;ijcai-2026-base-15-g257422b
n-puzzle;heavy-cost;81/1;1;1 7 5 6 8 3 4 2 0;0 1 2 3 4 5 6 7 8;62;28;104;1091;1;0;16;0.001356;804572;BELA*;                        ? Unchecked;ijcai-2026-base-15-g257422b
n-puzzle;heavy-cost;82/1;1;3 1 4 0 5 8 2 7 6;0 1 2 3 4 5 6 7 8;44;21;78;181;1;0;16;0.000234;773504;BELA*;                        ? Unchecked;ijcai-2026-base-15-g257422b
n-puzzle;heavy-cost;83/1;1;4 2 3 0 5 1 8 6 7;0 1 2 3 4 5 6 7 8;55;19;85;277;1;0;16;0.000348;795977;BELA*;                        ? Unchecked;ijcai-2026-base-15-g257422b
n-puzzle;heavy-cost;84/1;1;4 7 3 1 6 5 8 0 2;0 1 2 3 4 5 6 7 8;65;25;103;782;1;0;16;0.001062;736347;BELA*;                        ? Unchecked;ijcai-2026-base-15-g257422b
n-puzzle;heavy-cost;85/1;1;3 6 0 1 5 8 4 2 7;0 1 2 3 4 5 6 7 8;57;28;109;2390;1;0;16;0.002913;820460;BELA*;                        ? Unchecked;ijcai-2026-base-15-g257422b
n-puzzle;heavy-cost;86/1;1;8 6 2 7 5 1 3 0 4;0 1 2 3 4 5 6 7 8;82;29;122;3265;1;0;16;0.003896;838039;BELA*;                        ? Unchecked;ijcai-2026-base-15-g257422b
n-puzzle;heavy-cost;87/1;1;3 2 5 7 6 0 8 1 4;0 1 2 3 4 5 6 7 8;62;17;72;42;1;0;16;6.4e-05;656250;BELA*;                        ? Unchecked;ijcai-2026-base-15-g257422b
n-puzzle;heavy-cost;88/1;1;1 3 2 4 0 5 8 7 6;0 1 2 3 4 5 6 7 8;39;22;107;2394;1;0;16;0.00301;795349;BELA*;                        ? Unchecked;ijcai-2026-base-15-g257422b
n-puzzle;heavy-cost;89/1;1;0 8 4 3 2 1 6 5 7;0 1 2 3 4 5 6 7 8;55;20;75;130;1;0;16;0.000175;742857;BELA*;                        ? Unchecked;ijcai-2026-base-15-g257422b
n-puzzle;heavy-cost;90/1;1;0 6 1 5 7 8 4 2 3;0 1 2 3 4 5 6 7 8;67;22;97;268;1;0;16;0.00033;812121;BELA*;                        ? Unchecked;ijcai-2026-base-15-g257422b
n-puzzle;heavy-cost;91/1;1;2 1 6 4 5 8 3 0 7;0 1 2 3 4 5 6 7 8;55;23;97;975;1;0;16;0.001176;829082;BELA*;                        ? Unchecked;ijcai-2026-base-15-g257422b
n-puzzle;heavy-cost;92/1;1;3 7 4 6 1 5 8 0 2;0 1 2 3 4 5 6 7 8;52;25;90;575;1;0;16;0.0008;718750;BELA*;                        ? Unchecked;ijcai-2026-base-15-g257422b
n-puzzle;heavy-cost;93/1;1;7 6 1 3 5 8 2 4 0;0 1 2 3 4 5 6 7 8;65;24;97;504;1;0;16;0.000624;807692;BELA*;                        ? Unchecked;ijcai-2026-base-15-g257422b
n-puzzle;heavy-cost;94/1;1;4 7 8 1 0 3 6 2 5;0 1 2 3 4 5 6 7 8;57;22;103;2028;1;0;16;0.002453;826743;BELA*;                        ? Unchecked;ijcai-2026-base-15-g257422b
n-puzzle;heavy-cost;95/1;1;0 5 8 2 7 4 1 6 3;0 1 2 3 4 5 6 7 8;61;20;83;95;1;0;16;0.00013;730769;BELA*;                        ? Unchecked;ijcai-2026-base-15-g257422b
n-puzzle;heavy-cost;96/1;1;5 2 3 8 7 0 1 6 4;0 1 2 3 4 5 6 7 8;74;23;100;265;1;0;16;0.000333;795796;BELA*;                        ? Unchecked;ijcai-2026-base-15-g257422b
n-puzzle;heavy-cost;97/1;1;8 3 0 4 7 2 6 1 5;0 1 2 3 4 5 6 7 8;58;18;92;241;1;0;16;0.000305;790164;BELA*;                        ? Unchecked;ijcai-2026-base-15-g257422b
n-puzzle;heavy-cost;98/1;1;5 8 6 0 7 4 1 3 2;0 1 2 3 4 5 6 7 8;87;25;113;499;1;0;16;0.000591;844332;BELA*;                        ? Unchecked;ijcai-2026-base-15-g257422b
n-puzzle;heavy-cost;99/1;1;7 5 0 6 3 2 1 8 4;0 1 2 3 4 5 6 7 8;61;26;93;556;1;0;16;0.000699;795422;BELA*;                        ? Unchecked;ijcai-2026-base-15-g257422b
n-puzzle;heavy-cost;0/2;2;5 6 0 8 4 7 1 3 2;0 1 2 3 4 5 6 7 8;84;26;116;485;2;0;16;0.000709;684062;BELA*;                        ? Unchecked;ijcai-2026-base-15-g257422b
n-puzzle;heavy-cost;1/2;2;0 8 6 4 7 1 5 3 2;0 1 2 3 4 5 6 7 8;86;26;116;589;2;0;16;0.000699;842632;BELA*;                        ? Unchecked;ijcai-2026-base-15-g257422b
n-puzzle;heavy-cost;2/2;2;5 2 8 0 7 4 1 3 6;0 1 2 3 4 5 6 7 8;65;23;93;343;2;0;16;0.00044;779545;BELA*;                        ? Unchecked;ijcai-2026-base-15-g257422b
n-puzzle;heavy-cost;3/2;2;7 2 6 0 8 1 5 4 3;0 1 2 3 4 5 6 7 8;93;27;113;541;2;0;16;0.00064;845312;BELA*;                        ? Unchecked;ijcai-2026-base-15-g257422b
n-puzzle;heavy-cost;4/2;2;5 1 8 6 0 7 2 4 3;0 1 2 3 4 5 6 7 8;72;26;94;335;2;0;16;0.000437;766590;BELA*;                        ? Unchecked;ijcai-2026-base-15-g257422b
n-puzzle;heavy-cost;5/2;2;8 0 3 6 4 5 7 2 1;0 1 2 3 4 5 6 7 8;63;25;105;1299;2;0;16;0.001576;824239;BELA*;                        ? Unchecked;ijcai-2026-base-15-g257422b
n-puzzle;heavy-cost;6/2;2;4 2 7 1 5 8 0 6 3;0 1 2 3 4 5 6 7 8;61;18;87;293;2;0;16;0.000385;761039;BELA*;                        ? Unchecked;ijcai-2026-base-15-g257422b
n-puzzle;heavy-cost;7/2;2;4 1 7 3 2 5 6 0 8;0 1 2 3 4 5 6 7 8;33;21;77;491;1;0;16;0.000618;794498;BELA*;                        ? Unchecked;ijcai-2026-base-15-g257422b
n-puzzle;heavy-cost;8/2;2;8 4 0 5 1 6 2 7 3;0 1 2 3 4 5 6 7 8;82;30;126;2886;2;0;16;0.003406;847328;BELA*;                        ? Unchecked;ijcai-2026-base-15-g257422b
n-puzzle;heavy-cost;9/2;2;1 3 0 7 6 2 5 8 4;0 1 2 3 4 5 6 7 8;66;24;94;452;1;0;16;0.000574;787456;BELA*;                        ? Unchecked;ijcai-2026-base-15-g257422b
n-puzzle;heavy-cost;10/2;2;7 0 4 6 8 5 3 1 2;0 1 2 3 4 5 6 7 8;60;31;112;2408;2;0;16;0.002925;823248;BELA*;                        ? Unchecked;ijcai-2026-base-15-g257422b
n-puzzle;heavy-cost;11/2;2;6 1 7 5 8 2 4 3 0;0 1 2 3 4 5 6 7 8;75;26;115;2476;2;0;16;0.00303;817162;BELA*;                        ? Unchecked;ijcai-2026-base-15-g257422b
n-puzzle;heavy-cost;12/2;2;7 5 2 1 6 3 8 0 4;0 1 2 3 4 5 6 7 8;75;27;105;980;2;0;16;0.0012;816667;BELA*;                        ? Unchecked;ijcai-2026-base-15-g257422b
n-puzzle;heavy-cost;13/2;2;6 2 4 0 8 7 5 3 1;0 1 2 3 4 5 6 7 8;76;27;100;483;2;0;16;0.000601;803661;BELA*;                        ? Unchecked;ijcai-2026-base-15-g257422b
n-puzzle;heavy-cost;14/2;2;0 1 6 2 5 7 4 8 3;0 1 2 3 4 5 6 7 8;74;28;112;1378;1;0;16;0.001645;837690;BELA*;                        ? Unchecked;ijcai-2026-base-15-g257422b
n-puzzle;heavy-cost;15/2;2;4 0 3 6 1 2 8 5 7;0 1 2 3 4 5 6 7 8;59;17;75;135;2;0;16;0.000198;681818;BELA*;                        ? Unchecked;ijcai-2026-base-15-g257422b
n-puzzle;heavy-cost;16/2;2;1 5 8 7 6 4 0 3 2;0 1 2 3 4 5 6 7 8;67;20;93;388;1;0;16;0.000478;811715;BELA*;                        ? Unchecked;ijcai-2026-base-15-g257422b
n-puzzle;heavy-cost;17/2;2;2 7 0 8 4 6 3 5 1;0 1 2 3 4 5 6 7 8;76;26;114;480;2;0;16;0.000598;802676;BELA*;                        ? Unchecked;ijcai-2026-base-15-g257422b
n-puzzle;heavy-cost;18/2;2;7 4 8 1 5 6 0 2 3;0 1 2 3 4 5 6 7 8;81;26;103;459;2;0;16;0.000558;822581;BELA*;                        ? Unchecked;ijcai-2026-base-15-g257422b
n-puzzle;heavy-cost;19/2;2;2 3 0 1 4 7 5 6 8;0 1 2 3 4 5 6 7 8;47;26;83;375;2;0;16;0.000483;776398;BELA*;                        ? Unchecked;ijcai-2026-base-15-g257422b
n-puzzle;heavy-cost;20/2;2;2 1 4 5 0 6 8 3 7;0 1 2 3 4 5 6 7 8;69;28;111;2787;2;0;16;0.003416;815867;BELA*;                        ? Unchecked;ijcai-2026-base-15-g257422b
n-puzzle;heavy-cost;21/2;2;8 7 6 2 5 4 1 0 3;0 1 2 3 4 5 6 7 8;97;27;129;2062;2;0;16;0.002325;886882;BELA*;                        ? Unchecked;ijcai-2026-base-15-g257422b
n-puzzle;heavy-cost;22/2;2;2 7 3 1 6 5 4 0 8;0 1 2 3 4 5 6 7 8;49;23;75;150;2;0;16;0.000227;660793;BELA*;                        ? Unchecked;ijcai-2026-base-15-g257422b
n-puzzle;heavy-cost;23/2;2;3 0 4 6 2 1 8 5 7;0 1 2 3 4 5 6 7 8;56;17;78;283;1;0;16;0.000373;758713;BELA*;                        ? Unchecked;ijcai-2026-base-15-g257422b
n-puzzle;heavy-cost;24/2;2;5 3 2 4 8 6 0 1 7;0 1 2 3 4 5 6 7 8;68;24;102;682;1;0;16;0.000969;703818;BELA*;                        ? Unchecked;ijcai-2026-base-15-g257422b
n-puzzle;heavy-cost;25/2;2;1 3 5 2 4 6 8 7 0;0 1 2 3 4 5 6 7 8;52;28;114;3494;2;0;16;0.0044;794091;BELA*;                        ? Unchecked;ijcai-2026-base-15-g257422b
n-puzzle;heavy-cost;26/2;2;8 5 1 4 2 7 6 0 3;0 1 2 3 4 5 6 7 8;74;25;100;680;1;0;16;0.000827;822249;BELA*;                        ? Unchecked;ijcai-2026-base-15-g257422b
n-puzzle;heavy-cost;27/2;2;2 8 5 6 3 1 4 0 7;0 1 2 3 4 5 6 7 8;59;23;87;361;2;0;16;0.000477;756813;BELA*;                        ? Unchecked;ijcai-2026-base-15-g257422b
n-puzzle;heavy-cost;28/2;2;5 0 7 4 2 3 1 6 8;0 1 2 3 4 5 6 7 8;59;19;73;159;2;0;16;0.000219;726027;BELA*;                        ? Unchecked;ijcai-2026-base-15-g257422b
n-puzzle;heavy-cost;29/2;2;3 2 4 7 6 8 5 1 0;0 1 2 3 4 5 6 7 8;64;20;84;226;2;0;16;0.000307;736156;BELA*;                        ? Unchecked;ijcai-2026-base-15-g257422b
n-puzzle;heavy-cost;30/2;2;1 3 2 0 8 6 4 7 5;0 1 2 3 4 5 6 7 8;54;21;88;282;2;0;16;0.000364;774725;BELA*;                        ? Unchecked;ijcai-2026-base-15-g257422b
n-puzzle;heavy-cost;31/2;2;8 2 5 3 7 6 4 0 1;0 1 2 3 4 5 6 7 8;75;25;111;1316;2;0;16;0.001546;851229;BELA*;                        ? Unchecked;ijcai-2026-base-15-g257422b
n-puzzle;heavy-cost;32/2;2;2 4 0 7 5 1 8 6 3;0 1 2 3 4 5 6 7 8;60;24;94;267;2;0;16;0.000356;750000;BELA*;                        ? Unchecked;ijcai-2026-base-15-g257422b
n-puzzle;heavy-cost;33/2;2;0 1 5 2 6 8 7 3 4;0 1 2 3 4 5 6 7 8;52;20;74;159;1;0;16;0.000343;463557;BELA*;                        ? Unchecked;ijcai-2026-base-15-g257422b
n-puzzle;heavy-cost;34/2;2;7 1 5 2 8 6 3 4 0;0 1 2 3 4 5 6 7 8;73;18;83;99;2;0;16;0.000143;692308;BELA*;                        ? Unchecked;ijcai-2026-base-15-g257422b
n-puzzle;heavy-cost;35/2;2;6 3 1 2 8 7 0 4 5;0 1 2 3 4 5 6 7 8;64;24;104;959;2;0;16;0.001186;808600;BELA*;                        ? Unchecked;ijcai-2026-base-15-g257422b
n-puzzle;heavy-cost;36/2;2;0 3 5 4 8 6 7 2 1;0 1 2 3 4 5 6 7 8;65;22;91;257;2;0;16;0.000326;788344;BELA*;                        ? Unchecked;ijcai-2026-base-15-g257422b
n-puzzle;heavy-cost;37/2;2;8 1 4 0 3 2 5 6 7;0 1 2 3 4 5 6 7 8;73;25;97;641;1;0;16;0.000786;815522;BELA*;                        ? Unchecked;ijcai-2026-base-15-g257422b
n-puzzle;heavy-cost;38/2;2;7 4 1 6 2 8 3 5 0;0 1 2 3 4 5 6 7 8;57;24;101;1344;2;0;16;0.001726;778679;BELA*;                        ? Unchecked;ijcai-2026-base-15-g257422b
n-puzzle;heavy-cost;39/2;2;4 6 8 0 5 1 3 2 7;0 1 2 3 4 5 6 7 8;65;25;93;391;2;0;16;0.000492;794715;BELA*;                        ? Unchecked;ijcai-2026-base-15-g257422b
n-puzzle;heavy-cost;40/2;2;4 2 8 6 0 1 3 5 7;0 1 2 3 4 5 6 7 8;54;22;82;340;1;0;16;0.000431;788863;BELA*;                        ? Unchecked;ijcai-2026-base-15-g257422b
n-puzzle;heavy-cost;41/2;2;3 7 8 4 5 2 6 1 0;0 1 2 3 4 5 6 7 8;46;22;94;577;2;0;16;0.000738;781843;BELA*;                        ? Unchecked;ijcai-2026-base-15-g257422b
n-puzzle;heavy-cost;42/2;2;7 5 6 1 0 3 2 8 4;0 1 2 3 4 5 6 7 8;87;24;95;195;1;0;16;0.000253;770751;BELA*;                        ? Unchecked;ijcai-2026-base-15-g257422b
n-puzzle;heavy-cost;43/2;2;1 6 4 8 5 3 7 2 0;0 1 2 3 4 5 6 7 8;75;24;101;490;2;0;16;0.000612;800654;BELA*;                        ? Unchecked;ijcai-2026-base-15-g257422b
n-puzzle;heavy-cost;44/2;2;2 5 7 1 8 4 3 6 0;0 1 2 3 4 5 6 7 8;66;16;74;50;2;0;16;7.9e-05;632911;BELA*;                        ? Unchecked;ijcai-2026-base-15-g257422b
n-puzzle;heavy-cost;45/2;2;3 8 4 0 7 1 5 6 2;0 1 2 3 4 5 6 7 8;69;21;97;299;2;0;16;0.000397;753149;BELA*;                        ? Unchecked;ijcai-2026-base-15-g257422b
n-puzzle;heavy-cost;46/2;2;3 0 5 4 2 1 7 8 6;0 1 2 3 4 5 6 7 8;45;21;75;204;2;0;16;0.000289;705882;BELA*;                        ? Unchecked;ijcai-2026-base-15-g257422b
n-puzzle;heavy-cost;47/2;2;4 5 3 1 7 0 8 2 6;0 1 2 3 4 5 6 7 8;70;23;98;469;2;0;16;0.000587;798978;BELA*;                        ? Unchecked;ijcai-2026-base-15-g257422b
n-puzzle;heavy-cost;48/2;2;1 8 4 2 3 5 6 0 7;0 1 2 3 4 5 6 7 8;49;21;77;176;2;0;16;0.000247;712551;BELA*;                        ? Unchecked;ijcai-2026-base-15-g257422b
n-puzzle;heavy-cost;49/2;2;4 8 1 0 6 7 3 2 5;0 1 2 3 4 5 6 7 8;73;25;101;734;1;0;16;0.00101;726733;BELA*;                        ? Unchecked;ijcai-2026-base-15-g257422b
n-puzzle;heavy-cost;50/2;2;8 5 3 4 6 1 7 2 0;0 1 2 3 4 5 6 7 8;82;26;108;945;2;0;16;0.001135;832599;BELA*;                        ? Unchecked;ijcai-2026-base-15-g257422b
n-puzzle;heavy-cost;51/2;2;4 3 7 1 5 2 6 0 8;0 1 2 3 4 5 6 7 8;44;19;72;191;2;0;16;0.000261;731801;BELA*;                        ? Unchecked;ijcai-2026-base-15-g257422b
n-puzzle;heavy-cost;52/2;2;7 4 1 2 3 0 5 8 6;0 1 2 3 4 5 6 7 8;70;31;118;4059;1;0;16;0.004945;820829;BELA*;                        ? Unchecked;ijcai-2026-base-15-g257422b
n-puzzle;heavy-cost;53/2;2;7 5 6 8 2 1 0 4 3;0 1 2 3 4 5 6 7 8;98;28;114;711;2;0;16;0.000821;866017;BELA*;                        ? Unchecked;ijcai-2026-base-15-g257422b
n-puzzle;heavy-cost;54/2;2;2 8 5 0 7 6 1 4 3;0 1 2 3 4 5 6 7 8;74;23;98;295;2;0;16;0.000364;810440;BELA*;                        ? Unchecked;ijcai-2026-base-15-g257422b
n-puzzle;heavy-cost;55/2;2;3 5 2 4 1 6 8 0 7;0 1 2 3 4 5 6 7 8;59;27;101;1190;2;0;16;0.001483;802428;BELA*;                        ? Unchecked;ijcai-2026-base-15-g257422b
n-puzzle;heavy-cost;56/2;2;8 6 1 5 4 3 0 2 7;0 1 2 3 4 5 6 7 8;80;28;116;887;2;0;16;0.001049;845567;BELA*;                        ? Unchecked;ijcai-2026-base-15-g257422b
n-puzzle;heavy-cost;57/2;2;4 6 5 7 3 2 1 0 8;0 1 2 3 4 5 6 7 8;53;29;95;1374;2;0;16;0.001714;801634;BELA*;                        ? Unchecked;ijcai-2026-base-15-g257422b
n-puzzle;heavy-cost;58/2;2;3 7 4 2 8 6 5 0 1;0 1 2 3 4 5 6 7 8;83;27;103;401;2;0;16;0.000586;684300;BELA*;                        ? Unchecked;ijcai-2026-base-15-g257422b
n-puzzle;heavy-cost;59/2;2;8 7 4 5 6 2 3 0 1;0 1 2 3 4 5 6 7 8;84;27;126;4031;2;0;16;0.004758;847205;BELA*;                        ? Unchecked;ijcai-2026-base-15-g257422b
n-puzzle;heavy-cost;60/2;2;6 1 5 3 4 0 8 2 7;0 1 2 3 4 5 6 7 8;46;23;96;1104;2;0;16;0.001532;720627;BELA*;                        ? Unchecked;ijcai-2026-base-15-g257422b
n-puzzle;heavy-cost;61/2;2;4 5 2 8 0 3 1 6 7;0 1 2 3 4 5 6 7 8;64;24;96;786;2;0;16;0.000973;807811;BELA*;                        ? Unchecked;ijcai-2026-base-15-g257422b
n-puzzle;heavy-cost;62/2;2;8 5 4 6 1 2 7 3 0;0 1 2 3 4 5 6 7 8;72;26;116;4768;2;0;18;0.006106;780871;BELA*;                        ? Unchecked;ijcai-2026-base-15-g257422b
n-puzzle;heavy-cost;63/2;2;0 5 8 2 6 7 4 3 1;0 1 2 3 4 5 6 7 8;75;22;83;104;2;0;18;0.000153;679739;BELA*;                        ? Unchecked;ijcai-2026-base-15-g257422b
n-puzzle;heavy-cost;64/2;2;5 0 1 8 7 3 4 6 2;0 1 2 3 4 5 6 7 8;71;25;103;303;2;0;18;0.000397;763224;BELA*;                        ? Unchecked;ijcai-2026-base-15-g257422b
n-puzzle;heavy-cost;65/2;2;7 6 1 3 4 8 0 5 2;0 1 2 3 4 5 6 7 8;62;24;104;770;2;0;18;0.000954;807128;BELA*;                        ? Unchecked;ijcai-2026-base-15-g257422b
n-puzzle;heavy-cost;66/2;2;8 0 7 3 6 5 1 2 4;0 1 2 3 4 5 6 7 8;82;27;114;965;1;0;18;0.001296;744599;BELA*;                        ? Unchecked;ijcai-2026-base-15-g257422b
n-puzzle;heavy-cost;67/2;2;7 2 8 6 5 1 4 0 3;0 1 2 3 4 5 6 7 8;69;25;103;1181;2;0;18;0.001478;799053;BELA*;                        ? Unchecked;ijcai-2026-base-15-g257422b
n-puzzle;heavy-cost;68/2;2;5 0 3 4 1 8 2 7 6;0 1 2 3 4 5 6 7 8;57;27;91;364;2;0;18;0.000489;744376;BELA*;                        ? Unchecked;ijcai-2026-base-15-g257422b
n-puzzle;heavy-cost;69/2;2;7 8 4 6 3 5 2 1 0;0 1 2 3 4 5 6 7 8;72;28;106;1023;2;0;18;0.001311;780320;BELA*;                        ? Unchecked;ijcai-2026-base-15-g257422b
n-puzzle;heavy-cost;70/2;2;7 0 3 2 8 1 5 4 6;0 1 2 3 4 5 6 7 8;85;23;95;130;2;0;18;0.000183;710383;BELA*;                        ? Unchecked;ijcai-2026-base-15-g257422b
n-puzzle;heavy-cost;71/2;2;1 0 7 3 4 8 2 5 6;0 1 2 3 4 5 6 7 8;60;23;94;461;1;0;18;0.000561;821747;BELA*;                        ? Unchecked;ijcai-2026-base-15-g257422b
n-puzzle;heavy-cost;72/2;2;8 0 7 4 3 6 5 2 1;0 1 2 3 4 5 6 7 8;102;25;116;430;2;0;18;0.000504;853175;BELA*;                        ? Unchecked;ijcai-2026-base-15-g257422b
n-puzzle;heavy-cost;73/2;2;3 7 8 5 1 2 0 6 4;0 1 2 3 4 5 6 7 8;60;28;114;3164;2;0;18;0.003849;822032;BELA*;                        ? Unchecked;ijcai-2026-base-15-g257422b
n-puzzle;heavy-cost;74/2;2;1 6 2 0 7 8 4 5 3;0 1 2 3 4 5 6 7 8;61;19;83;102;2;0;18;0.000154;662338;BELA*;                        ? Unchecked;ijcai-2026-base-15-g257422b
n-puzzle;heavy-cost;75/2;2;6 1 2 3 0 8 4 5 7;0 1 2 3 4 5 6 7 8;45;20;79;272;2;0;18;0.000371;733154;BELA*;                        ? Unchecked;ijcai-2026-base-15-g257422b
n-puzzle;heavy-cost;76/2;2;1 0 7 5 6 4 3 2 8;0 1 2 3 4 5 6 7 8;57;29;93;513;2;0;18;0.000662;774924;BELA*;                        ? Unchecked;ijcai-2026-base-15-g257422b
n-puzzle;heavy-cost;77/2;2;2 7 6 1 4 0 5 3 8;0 1 2 3 4 5 6 7 8;65;27;107;1548;1;0;18;0.001822;849616;BELA*;                        ? Unchecked;ijcai-2026-base-15-g257422b
n-puzzle;heavy-cost;78/2;2;2 3 8 4 0 6 1 5 7;0 1 2 3 4 5 6 7 8;68;22;92;415;2;0;18;0.000517;802708;BELA*;                        ? Unchecked;ijcai-2026-base-15-g257422b
n-puzzle;heavy-cost;79/2;2;0 5 4 6 1 7 8 2 3;0 1 2 3 4 5 6 7 8;70;24;88;215;2;0;18;0.000282;762411;BELA*;                        ? Unchecked;ijcai-2026-base-15-g257422b
n-puzzle;heavy-cost;80/2;2;5 3 4 7 0 1 8 6 2;0 1 2 3 4 5 6 7 8;71;20;85;115;2;0;18;0.000155;741935;BELA*;                        ? Unchecked;ijcai-2026-base-15-g257422b
n-puzzle;heavy-cost;81/2;2;1 7 5 6 8 3 4 2 0;0 1 2 3 4 5 6 7 8;62;24;104;1189;2;0;18;0.001508;788462;BELA*;                        ? Unchecked;ijcai-2026-base-15-g257422b
n-puzzle;heavy-cost;82/2;2;3 1 4 0 5 8 2 7 6;0 1 2 3 4 5 6 7 8;44;23;80;198;2;0;18;0.000291;680412;BELA*;                        ? Unchecked;ijcai-2026-base-15-g257422b
n-puzzle;heavy-cost;83/2;2;4 2 3 0 5 1 8 6 7;0 1 2 3 4 5 6 7 8;55;21;87;302;2;0;18;0.000403;749380;BELA*;                        ? Unchecked;ijcai-2026-base-15-g257422b
n-puzzle;heavy-cost;84/2;2;4 7 3 1 6 5 8 0 2;0 1 2 3 4 5 6 7 8;65;27;105;905;2;0;18;0.001125;804444;BELA*;                        ? Unchecked;ijcai-2026-base-15-g257422b
n-puzzle;heavy-cost;85/2;2;3 6 0 1 5 8 4 2 7;0 1 2 3 4 5 6 7 8;57;26;109;2465;2;0;18;0.003174;776623;BELA*;                        ? Unchecked;ijcai-2026-base-15-g257422b
n-puzzle;heavy-cost;86/2;2;8 6 2 7 5 1 3 0 4;0 1 2 3 4 5 6 7 8;82;29;122;3274;2;0;18;0.004014;815645;BELA*;                        ? Unchecked;ijcai-2026-base-15-g257422b
n-puzzle;heavy-cost;87/2;2;3 2 5 7 6 0 8 1 4;0 1 2 3 4 5 6 7 8;62;17;72;49;2;0;18;8.5e-05;576471;BELA*;                        ? Unchecked;ijcai-2026-base-15-g257422b
n-puzzle;heavy-cost;88/2;2;1 3 2 4 0 5 8 7 6;0 1 2 3 4 5 6 7 8;39;22;107;2423;2;0;18;0.00297;815825;BELA*;                        ? Unchecked;ijcai-2026-base-15-g257422b
n-puzzle;heavy-cost;89/2;2;0 8 4 3 2 1 6 5 7;0 1 2 3 4 5 6 7 8;55;22;77;132;2;0;18;0.000198;666667;BELA*;                        ? Unchecked;ijcai-2026-base-15-g257422b
n-puzzle;heavy-cost;90/2;2;0 6 1 5 7 8 4 2 3;0 1 2 3 4 5 6 7 8;67;22;97;276;2;0;18;0.000356;775281;BELA*;                        ? Unchecked;ijcai-2026-base-15-g257422b
n-puzzle;heavy-cost;91/2;2;2 1 6 4 5 8 3 0 7;0 1 2 3 4 5 6 7 8;55;23;97;975;1;0;18;0.001201;811823;BELA*;                        ? Unchecked;ijcai-2026-base-15-g257422b
n-puzzle;heavy-cost;92/2;2;3 7 4 6 1 5 8 0 2;0 1 2 3 4 5 6 7 8;52;21;90;635;2;0;18;0.000819;775336;BELA*;                        ? Unchecked;ijcai-2026-base-15-g257422b
n-puzzle;heavy-cost;93/2;2;7 6 1 3 5 8 2 4 0;0 1 2 3 4 5 6 7 8;65;24;97;519;2;0;18;0.000673;771174;BELA*;                        ? Unchecked;ijcai-2026-base-15-g257422b
n-puzzle;heavy-cost;94/2;2;4 7 8 1 0 3 6 2 5;0 1 2 3 4 5 6 7 8;57;22;103;2035;2;0;18;0.002575;790291;BELA*;                        ? Unchecked;ijcai-2026-base-15-g257422b
n-puzzle;heavy-cost;95/2;2;0 5 8 2 7 4 1 6 3;0 1 2 3 4 5 6 7 8;61;20;83;116;2;0;18;0.000173;670520;BELA*;                        ? Unchecked;ijcai-2026-base-15-g257422b
n-puzzle;heavy-cost;96/2;2;5 2 3 8 7 0 1 6 4;0 1 2 3 4 5 6 7 8;74;25;102;353;2;0;18;0.000452;780973;BELA*;                        ? Unchecked;ijcai-2026-base-15-g257422b
n-puzzle;heavy-cost;97/2;2;8 3 0 4 7 2 6 1 5;0 1 2 3 4 5 6 7 8;58;20;94;264;2;0;18;0.000367;719346;BELA*;                        ? Unchecked;ijcai-2026-base-15-g257422b
n-puzzle;heavy-cost;98/2;2;5 8 6 0 7 4 1 3 2;0 1 2 3 4 5 6 7 8;87;27;115;698;2;0;18;0.00083;840964;BELA*;                        ? Unchecked;ijcai-2026-base-15-g257422b
n-puzzle;heavy-cost;99/2;2;7 5 0 6 3 2 1 8 4;0 1 2 3 4 5 6 7 8;61;26;93;556;1;0;18;0.000708;785311;BELA*;                        ? Unchecked;ijcai-2026-base-15-g257422b
n-puzzle;heavy-cost;0/3;3;5 6 0 8 4 7 1 3 2;0 1 2 3 4 5 6 7 8;84;26;116;485;3;0;18;0.000608;797697;BELA*;                        ? Unchecked;ijcai-2026-base-15-g257422b
n-puzzle;heavy-cost;1/3;3;0 8 6 4 7 1 5 3 2;0 1 2 3 4 5 6 7 8;86;26;116;589;3;0;18;0.000849;693757;BELA*;                        ? Unchecked;ijcai-2026-base-15-g257422b
n-puzzle;heavy-cost;2/3;3;5 2 8 0 7 4 1 3 6;0 1 2 3 4 5 6 7 8;65;23;93;343;3;0;18;0.000464;739224;BELA*;                        ? Unchecked;ijcai-2026-base-15-g257422b
n-puzzle;heavy-cost;3/3;3;7 2 6 0 8 1 5 4 3;0 1 2 3 4 5 6 7 8;93;29;115;658;3;0;18;0.000804;818408;BELA*;                        ? Unchecked;ijcai-2026-base-15-g257422b
n-puzzle;heavy-cost;4/3;3;5 1 8 6 0 7 2 4 3;0 1 2 3 4 5 6 7 8;72;26;94;335;3;0;18;0.000463;723542;BELA*;                        ? Unchecked;ijcai-2026-base-15-g257422b
n-puzzle;heavy-cost;5/3;3;8 0 3 6 4 5 7 2 1;0 1 2 3 4 5 6 7 8;63;25;105;1314;3;0;18;0.001691;777055;BELA*;                        ? Unchecked;ijcai-2026-base-15-g257422b
n-puzzle;heavy-cost;6/3;3;4 2 7 1 5 8 0 6 3;0 1 2 3 4 5 6 7 8;61;20;89;303;3;0;18;0.000416;728365;BELA*;                        ? Unchecked;ijcai-2026-base-15-g257422b
n-puzzle;heavy-cost;7/3;3;4 1 7 3 2 5 6 0 8;0 1 2 3 4 5 6 7 8;33;23;79;536;2;0;18;0.000711;753868;BELA*;                        ? Unchecked;ijcai-2026-base-15-g257422b
n-puzzle;heavy-cost;8/3;3;8 4 0 5 1 6 2 7 3;0 1 2 3 4 5 6 7 8;82;32;128;3108;3;0;18;0.003673;846175;BELA*;                        ? Unchecked;ijcai-2026-base-15-g257422b
n-puzzle;heavy-cost;9/3;3;1 3 0 7 6 2 5 8 4;0 1 2 3 4 5 6 7 8;66;24;94;452;1;0;18;0.000585;772650;BELA*;                        ? Unchecked;ijcai-2026-base-15-g257422b
n-puzzle;heavy-cost;10/3;3;7 0 4 6 8 5 3 1 2;0 1 2 3 4 5 6 7 8;60;31;112;2408;3;0;18;0.003082;781311;BELA*;                        ? Unchecked;ijcai-2026-base-15-g257422b
n-puzzle;heavy-cost;11/3;3;6 1 7 5 8 2 4 3 0;0 1 2 3 4 5 6 7 8;75;26;115;2476;3;0;18;0.003076;804941;BELA*;                        ? Unchecked;ijcai-2026-base-15-g257422b
n-puzzle;heavy-cost;12/3;3;7 5 2 1 6 3 8 0 4;0 1 2 3 4 5 6 7 8;75;27;105;980;3;0;18;0.001235;793522;BELA*;                        ? Unchecked;ijcai-2026-base-15-g257422b
n-puzzle;heavy-cost;13/3;3;6 2 4 0 8 7 5 3 1;0 1 2 3 4 5 6 7 8;76;27;100;483;3;0;18;0.000628;769108;BELA*;                        ? Unchecked;ijcai-2026-base-15-g257422b
n-puzzle;heavy-cost;14/3;3;0 1 6 2 5 7 4 8 3;0 1 2 3 4 5 6 7 8;74;28;112;1378;1;0;18;0.001671;824656;BELA*;                        ? Unchecked;ijcai-2026-base-15-g257422b
n-puzzle;heavy-cost;15/3;3;4 0 3 6 1 2 8 5 7;0 1 2 3 4 5 6 7 8;59;17;75;135;3;0;18;0.000209;645933;BELA*;                        ? Unchecked;ijcai-2026-base-15-g257422b
n-puzzle;heavy-cost;16/3;3;1 5 8 7 6 4 0 3 2;0 1 2 3 4 5 6 7 8;67;22;93;413;2;0;18;0.000544;759191;BELA*;                        ? Unchecked;ijcai-2026-base-15-g257422b
n-puzzle;heavy-cost;17/3;3;2 7 0 8 4 6 3 5 1;0 1 2 3 4 5 6 7 8;76;26;114;480;3;0;18;0.000624;769231;BELA*;                        ? Unchecked;ijcai-2026-base-15-g257422b
n-puzzle;heavy-cost;18/3;3;7 4 8 1 5 6 0 2 3;0 1 2 3 4 5 6 7 8;81;26;103;460;3;0;18;0.00058;793103;BELA*;                        ? Unchecked;ijcai-2026-base-15-g257422b
n-puzzle;heavy-cost;19/3;3;2 3 0 1 4 7 5 6 8;0 1 2 3 4 5 6 7 8;47;26;83;375;3;0;18;0.000504;744048;BELA*;                        ? Unchecked;ijcai-2026-base-15-g257422b
n-puzzle;heavy-cost;20/3;3;2 1 4 5 0 6 8 3 7;0 1 2 3 4 5 6 7 8;69;30;113;3360;3;0;18;0.0042;800000;BELA*;                        ? Unchecked;ijcai-2026-base-15-g257422b
n-puzzle;heavy-cost;21/3;3;8 7 6 2 5 4 1 0 3;0 1 2 3 4 5 6 7 8;97;27;129;2070;3;0;18;0.002349;881226;BELA*;                        ? Unchecked;ijcai-2026-base-15-g257422b
n-puzzle;heavy-cost;22/3;3;2 7 3 1 6 5 4 0 8;0 1 2 3 4 5 6 7 8;49;23;75;150;3;0;18;0.000245;612245;BELA*;                        ? Unchecked;ijcai-2026-base-15-g257422b
n-puzzle;heavy-cost;23/3;3;3 0 4 6 2 1 8 5 7;0 1 2 3 4 5 6 7 8;56;19;80;298;2;0;18;0.000414;719807;BELA*;                        ? Unchecked;ijcai-2026-base-15-g257422b
n-puzzle;heavy-cost;24/3;3;5 3 2 4 8 6 0 1 7;0 1 2 3 4 5 6 7 8;68;24;102;687;2;0;18;0.000865;794220;BELA*;                        ? Unchecked;ijcai-2026-base-15-g257422b
n-puzzle;heavy-cost;25/3;3;1 3 5 2 4 6 8 7 0;0 1 2 3 4 5 6 7 8;52;28;114;3497;3;0;18;0.004438;787968;BELA*;                        ? Unchecked;ijcai-2026-base-15-g257422b
n-puzzle;heavy-cost;26/3;3;8 5 1 4 2 7 6 0 3;0 1 2 3 4 5 6 7 8;74;27;102;722;2;0;18;0.000922;783080;BELA*;                        ? Unchecked;ijcai-2026-base-15-g257422b
n-puzzle;heavy-cost;27/3;3;2 8 5 6 3 1 4 0 7;0 1 2 3 4 5 6 7 8;59;23;87;361;3;0;18;0.000497;726358;BELA*;                        ? Unchecked;ijcai-2026-base-15-g257422b
n-puzzle;heavy-cost;28/3;3;5 0 7 4 2 3 1 6 8;0 1 2 3 4 5 6 7 8;59;21;75;168;3;0;18;0.000235;714894;BELA*;                        ? Unchecked;ijcai-2026-base-15-g257422b
n-puzzle;heavy-cost;29/3;3;3 2 4 7 6 8 5 1 0;0 1 2 3 4 5 6 7 8;64;20;84;226;3;0;18;0.00032;706250;BELA*;                        ? Unchecked;ijcai-2026-base-15-g257422b
n-puzzle;heavy-cost;30/3;3;1 3 2 0 8 6 4 7 5;0 1 2 3 4 5 6 7 8;54;23;90;298;3;0;18;0.00041;726829;BELA*;                        ? Unchecked;ijcai-2026-base-15-g257422b
n-puzzle;heavy-cost;31/3;3;8 2 5 3 7 6 4 0 1;0 1 2 3 4 5 6 7 8;75;25;111;1316;3;0;18;0.001705;771848;BELA*;                        ? Unchecked;ijcai-2026-base-15-g257422b
n-puzzle;heavy-cost;32/3;3;2 4 0 7 5 1 8 6 3;0 1 2 3 4 5 6 7 8;60;24;94;267;3;0;18;0.000376;710106;BELA*;                        ? Unchecked;ijcai-2026-base-15-g257422b
n-puzzle;heavy-cost;33/3;3;0 1 5 2 6 8 7 3 4;0 1 2 3 4 5 6 7 8;52;22;76;164;2;0;18;0.000244;672131;BELA*;                        ? Unchecked;ijcai-2026-base-15-g257422b
n-puzzle;heavy-cost;34/3;3;7 1 5 2 8 6 3 4 0;0 1 2 3 4 5 6 7 8;73;18;83;99;2;0;18;0.000151;655629;BELA*;                        ? Unchecked;ijcai-2026-base-15-g257422b
n-puzzle;heavy-cost;35/3;3;6 3 1 2 8 7 0 4 5;0 1 2 3 4 5 6 7 8;64;24;104;1027;3;0;18;0.001311;783371;BELA*;                        ? Unchecked;ijcai-2026-base-15-g257422b
n-puzzle;heavy-cost;36/3;3;0 3 5 4 8 6 7 2 1;0 1 2 3 4 5 6 7 8;65;24;93;312;3;0;18;0.000404;772277;BELA*;                        ? Unchecked;ijcai-2026-base-15-g257422b
n-puzzle;heavy-cost;37/3;3;8 1 4 0 3 2 5 6 7;0 1 2 3 4 5 6 7 8;73;25;97;641;1;0;18;0.0008;801250;BELA*;                        ? Unchecked;ijcai-2026-base-15-g257422b
n-puzzle;heavy-cost;38/3;3;7 4 1 6 2 8 3 5 0;0 1 2 3 4 5 6 7 8;57;24;101;1344;3;0;18;0.00168;800000;BELA*;                        ? Unchecked;ijcai-2026-base-15-g257422b
n-puzzle;heavy-cost;39/3;3;4 6 8 0 5 1 3 2 7;0 1 2 3 4 5 6 7 8;65;25;93;391;3;0;18;0.000533;733583;BELA*;                        ? Unchecked;ijcai-2026-base-15-g257422b
n-puzzle;heavy-cost;40/3;3;4 2 8 6 0 1 3 5 7;0 1 2 3 4 5 6 7 8;54;24;84;406;2;0;18;0.000546;743590;BELA*;                        ? Unchecked;ijcai-2026-base-15-g257422b
n-puzzle;heavy-cost;41/3;3;3 7 8 4 5 2 6 1 0;0 1 2 3 4 5 6 7 8;46;22;94;577;3;0;18;0.00076;759211;BELA*;                        ? Unchecked;ijcai-2026-base-15-g257422b
n-puzzle;heavy-cost;42/3;3;7 5 6 1 0 3 2 8 4;0 1 2 3 4 5 6 7 8;87;24;95;195;1;0;18;0.000249;783133;BELA*;                        ? Unchecked;ijcai-2026-base-15-g257422b
n-puzzle;heavy-cost;43/3;3;1 6 4 8 5 3 7 2 0;0 1 2 3 4 5 6 7 8;75;24;101;501;3;0;18;0.00064;782812;BELA*;                        ? Unchecked;ijcai-2026-base-15-g257422b
n-puzzle;heavy-cost;44/3;3;2 5 7 1 8 4 3 6 0;0 1 2 3 4 5 6 7 8;66;18;76;53;3;0;18;9.6e-05;552083;BELA*;                        ? Unchecked;ijcai-2026-base-15-g257422b
n-puzzle;heavy-cost;45/3;3;3 8 4 0 7 1 5 6 2;0 1 2 3 4 5 6 7 8;69;21;97;299;3;0;18;0.000545;548624;BELA*;                        ? Unchecked;ijcai-2026-base-15-g257422b
n-puzzle;heavy-cost;46/3;3;3 0 5 4 2 1 7 8 6;0 1 2 3 4 5 6 7 8;45;21;75;204;3;0;18;0.000307;664495;BELA*;                        ? Unchecked;ijcai-2026-base-15-g257422b
n-puzzle;heavy-cost;47/3;3;4 5 3 1 7 0 8 2 6;0 1 2 3 4 5 6 7 8;70;23;98;474;3;0;18;0.000607;780890;BELA*;                        ? Unchecked;ijcai-2026-base-15-g257422b
n-puzzle;heavy-cost;48/3;3;1 8 4 2 3 5 6 0 7;0 1 2 3 4 5 6 7 8;49;21;77;176;3;0;18;0.000265;664151;BELA*;                        ? Unchecked;ijcai-2026-base-15-g257422b
n-puzzle;heavy-cost;49/3;3;4 8 1 0 6 7 3 2 5;0 1 2 3 4 5 6 7 8;73;27;103;821;2;0;18;0.001035;793237;BELA*;                        ? Unchecked;ijcai-2026-base-15-g257422b
n-puzzle;heavy-cost;50/3;3;8 5 3 4 6 1 7 2 0;0 1 2 3 4 5 6 7 8;82;28;110;1066;3;0;18;0.001393;765255;BELA*;                        ? Unchecked;ijcai-2026-base-15-g257422b
n-puzzle;heavy-cost;51/3;3;4 3 7 1 5 2 6 0 8;0 1 2 3 4 5 6 7 8;44;21;74;201;3;0;18;0.000298;674497;BELA*;                        ? Unchecked;ijcai-2026-base-15-g257422b
n-puzzle;heavy-cost;52/3;3;7 4 1 2 3 0 5 8 6;0 1 2 3 4 5 6 7 8;70;33;120;4881;2;0;19;0.005985;815539;BELA*;                        ? Unchecked;ijcai-2026-base-15-g257422b
n-puzzle;heavy-cost;53/3;3;7 5 6 8 2 1 0 4 3;0 1 2 3 4 5 6 7 8;98;28;114;711;3;0;19;0.000849;837456;BELA*;                        ? Unchecked;ijcai-2026-base-15-g257422b
n-puzzle;heavy-cost;54/3;3;2 8 5 0 7 6 1 4 3;0 1 2 3 4 5 6 7 8;74;23;98;297;3;0;19;0.000385;771429;BELA*;                        ? Unchecked;ijcai-2026-base-15-g257422b
n-puzzle;heavy-cost;55/3;3;3 5 2 4 1 6 8 0 7;0 1 2 3 4 5 6 7 8;59;27;101;1190;3;0;19;0.001594;746550;BELA*;                        ? Unchecked;ijcai-2026-base-15-g257422b
n-puzzle;heavy-cost;56/3;3;8 6 1 5 4 3 0 2 7;0 1 2 3 4 5 6 7 8;80;28;116;887;3;0;19;0.00108;821296;BELA*;                        ? Unchecked;ijcai-2026-base-15-g257422b
n-puzzle;heavy-cost;57/3;3;4 6 5 7 3 2 1 0 8;0 1 2 3 4 5 6 7 8;53;29;95;1374;3;0;19;0.001759;781126;BELA*;                        ? Unchecked;ijcai-2026-base-15-g257422b
n-puzzle;heavy-cost;58/3;3;3 7 4 2 8 6 5 0 1;0 1 2 3 4 5 6 7 8;83;27;103;401;3;0;19;0.000556;721223;BELA*;                        ? Unchecked;ijcai-2026-base-15-g257422b
n-puzzle;heavy-cost;59/3;3;8 7 4 5 6 2 3 0 1;0 1 2 3 4 5 6 7 8;84;29;128;4379;3;0;19;0.00537;815456;BELA*;                        ? Unchecked;ijcai-2026-base-15-g257422b
n-puzzle;heavy-cost;60/3;3;6 1 5 3 4 0 8 2 7;0 1 2 3 4 5 6 7 8;46;23;96;1104;3;0;19;0.001422;776371;BELA*;                        ? Unchecked;ijcai-2026-base-15-g257422b
n-puzzle;heavy-cost;61/3;3;4 5 2 8 0 3 1 6 7;0 1 2 3 4 5 6 7 8;64;24;96;794;3;0;19;0.00101;786139;BELA*;                        ? Unchecked;ijcai-2026-base-15-g257422b
n-puzzle;heavy-cost;62/3;3;8 5 4 6 1 2 7 3 0;0 1 2 3 4 5 6 7 8;72;26;116;4813;3;0;19;0.006112;787467;BELA*;                        ? Unchecked;ijcai-2026-base-15-g257422b
n-puzzle;heavy-cost;63/3;3;0 5 8 2 6 7 4 3 1;0 1 2 3 4 5 6 7 8;75;24;85;153;3;0;19;0.000226;676991;BELA*;                        ? Unchecked;ijcai-2026-base-15-g257422b
n-puzzle;heavy-cost;64/3;3;5 0 1 8 7 3 4 6 2;0 1 2 3 4 5 6 7 8;71;25;103;311;3;0;19;0.000502;619522;BELA*;                        ? Unchecked;ijcai-2026-base-15-g257422b
n-puzzle;heavy-cost;65/3;3;7 6 1 3 4 8 0 5 2;0 1 2 3 4 5 6 7 8;62;24;104;770;3;0;19;0.000982;784114;BELA*;                        ? Unchecked;ijcai-2026-base-15-g257422b
n-puzzle;heavy-cost;66/3;3;8 0 7 3 6 5 1 2 4;0 1 2 3 4 5 6 7 8;82;27;114;965;1;0;19;0.001177;819881;BELA*;                        ? Unchecked;ijcai-2026-base-15-g257422b
n-puzzle;heavy-cost;67/3;3;7 2 8 6 5 1 4 0 3;0 1 2 3 4 5 6 7 8;69;25;103;1181;3;0;19;0.001517;778510;BELA*;                        ? Unchecked;ijcai-2026-base-15-g257422b
n-puzzle;heavy-cost;68/3;3;5 0 3 4 1 8 2 7 6;0 1 2 3 4 5 6 7 8;57;27;91;364;3;0;19;0.000517;704062;BELA*;                        ? Unchecked;ijcai-2026-base-15-g257422b
n-puzzle;heavy-cost;69/3;3;7 8 4 6 3 5 2 1 0;0 1 2 3 4 5 6 7 8;72;28;106;1023;3;0;19;0.001285;796109;BELA*;                        ? Unchecked;ijcai-2026-base-15-g257422b
n-puzzle;heavy-cost;70/3;3;7 0 3 2 8 1 5 4 6;0 1 2 3 4 5 6 7 8;85;23;95;150;3;0;19;0.000217;691244;BELA*;                        ? Unchecked;ijcai-2026-base-15-g257422b
n-puzzle;heavy-cost;71/3;3;1 0 7 3 4 8 2 5 6;0 1 2 3 4 5 6 7 8;60;23;94;507;2;0;19;0.000638;794671;BELA*;                        ? Unchecked;ijcai-2026-base-15-g257422b
n-puzzle;heavy-cost;72/3;3;8 0 7 4 3 6 5 2 1;0 1 2 3 4 5 6 7 8;102;25;116;545;3;0;19;0.000645;844961;BELA*;                        ? Unchecked;ijcai-2026-base-15-g257422b
n-puzzle;heavy-cost;73/3;3;3 7 8 5 1 2 0 6 4;0 1 2 3 4 5 6 7 8;60;28;114;3164;3;0;19;0.003945;802028;BELA*;                        ? Unchecked;ijcai-2026-base-15-g257422b
n-puzzle;heavy-cost;74/3;3;1 6 2 0 7 8 4 5 3;0 1 2 3 4 5 6 7 8;61;19;83;102;3;0;19;0.000168;607143;BELA*;                        ? Unchecked;ijcai-2026-base-15-g257422b
n-puzzle;heavy-cost;75/3;3;6 1 2 3 0 8 4 5 7;0 1 2 3 4 5 6 7 8;45;20;79;272;3;0;19;0.000391;695652;BELA*;                        ? Unchecked;ijcai-2026-base-15-g257422b
n-puzzle;heavy-cost;76/3;3;1 0 7 5 6 4 3 2 8;0 1 2 3 4 5 6 7 8;57;29;93;513;3;0;19;0.000696;737069;BELA*;                        ? Unchecked;ijcai-2026-base-15-g257422b
n-puzzle;heavy-cost;77/3;3;2 7 6 1 4 0 5 3 8;0 1 2 3 4 5 6 7 8;65;29;109;1808;2;0;19;0.002213;816991;BELA*;                        ? Unchecked;ijcai-2026-base-15-g257422b
n-puzzle;heavy-cost;78/3;3;2 3 8 4 0 6 1 5 7;0 1 2 3 4 5 6 7 8;68;24;94;503;3;0;19;0.000776;648196;BELA*;                        ? Unchecked;ijcai-2026-base-15-g257422b
n-puzzle;heavy-cost;79/3;3;0 5 4 6 1 7 8 2 3;0 1 2 3 4 5 6 7 8;70;26;90;252;3;0;19;0.000347;726225;BELA*;                        ? Unchecked;ijcai-2026-base-15-g257422b
n-puzzle;heavy-cost;80/3;3;5 3 4 7 0 1 8 6 2;0 1 2 3 4 5 6 7 8;71;22;87;180;3;0;19;0.000248;725806;BELA*;                        ? Unchecked;ijcai-2026-base-15-g257422b
n-puzzle;heavy-cost;81/3;3;1 7 5 6 8 3 4 2 0;0 1 2 3 4 5 6 7 8;62;24;104;1193;3;0;19;0.00154;774675;BELA*;                        ? Unchecked;ijcai-2026-base-15-g257422b
n-puzzle;heavy-cost;82/3;3;3 1 4 0 5 8 2 7 6;0 1 2 3 4 5 6 7 8;44;23;80;198;3;0;19;0.000303;653465;BELA*;                        ? Unchecked;ijcai-2026-base-15-g257422b
n-puzzle;heavy-cost;83/3;3;4 2 3 0 5 1 8 6 7;0 1 2 3 4 5 6 7 8;55;21;87;308;3;0;19;0.000497;619718;BELA*;                        ? Unchecked;ijcai-2026-base-15-g257422b
n-puzzle;heavy-cost;84/3;3;4 7 3 1 6 5 8 0 2;0 1 2 3 4 5 6 7 8;65;27;105;905;3;0;19;0.001153;784909;BELA*;                        ? Unchecked;ijcai-2026-base-15-g257422b
n-puzzle;heavy-cost;85/3;3;3 6 0 1 5 8 4 2 7;0 1 2 3 4 5 6 7 8;57;26;109;2465;2;0;19;0.003066;803979;BELA*;                        ? Unchecked;ijcai-2026-base-15-g257422b
n-puzzle;heavy-cost;86/3;3;8 6 2 7 5 1 3 0 4;0 1 2 3 4 5 6 7 8;82;27;122;4021;3;0;19;0.004951;812159;BELA*;                        ? Unchecked;ijcai-2026-base-15-g257422b
n-puzzle;heavy-cost;87/3;3;3 2 5 7 6 0 8 1 4;0 1 2 3 4 5 6 7 8;62;19;74;49;3;0;19;0.000112;437500;BELA*;                        ? Unchecked;ijcai-2026-base-15-g257422b
n-puzzle;heavy-cost;88/3;3;1 3 2 4 0 5 8 7 6;0 1 2 3 4 5 6 7 8;39;22;107;2653;3;0;19;0.003261;813554;BELA*;                        ? Unchecked;ijcai-2026-base-15-g257422b
n-puzzle;heavy-cost;89/3;3;0 8 4 3 2 1 6 5 7;0 1 2 3 4 5 6 7 8;55;22;77;132;3;0;19;0.00022;600000;BELA*;                        ? Unchecked;ijcai-2026-base-15-g257422b
n-puzzle;heavy-cost;90/3;3;0 6 1 5 7 8 4 2 3;0 1 2 3 4 5 6 7 8;67;24;99;327;3;0;19;0.000432;756944;BELA*;                        ? Unchecked;ijcai-2026-base-15-g257422b
n-puzzle;heavy-cost;91/3;3;2 1 6 4 5 8 3 0 7;0 1 2 3 4 5 6 7 8;55;23;97;975;1;0;19;0.001211;805120;BELA*;                        ? Unchecked;ijcai-2026-base-15-g257422b
n-puzzle;heavy-cost;92/3;3;3 7 4 6 1 5 8 0 2;0 1 2 3 4 5 6 7 8;52;21;90;641;3;0;19;0.000846;757683;BELA*;                        ? Unchecked;ijcai-2026-base-15-g257422b
n-puzzle;heavy-cost;93/3;3;7 6 1 3 5 8 2 4 0;0 1 2 3 4 5 6 7 8;65;26;99;571;3;0;19;0.000765;746405;BELA*;                        ? Unchecked;ijcai-2026-base-15-g257422b
n-puzzle;heavy-cost;94/3;3;4 7 8 1 0 3 6 2 5;0 1 2 3 4 5 6 7 8;57;22;103;2040;3;0;19;0.00253;806324;BELA*;                        ? Unchecked;ijcai-2026-base-15-g257422b
n-puzzle;heavy-cost;95/3;3;0 5 8 2 7 4 1 6 3;0 1 2 3 4 5 6 7 8;61;22;85;125;3;0;19;0.000202;618812;BELA*;                        ? Unchecked;ijcai-2026-base-15-g257422b
n-puzzle;heavy-cost;96/3;3;5 2 3 8 7 0 1 6 4;0 1 2 3 4 5 6 7 8;74;25;102;353;3;0;19;0.000478;738494;BELA*;                        ? Unchecked;ijcai-2026-base-15-g257422b
n-puzzle;heavy-cost;97/3;3;8 3 0 4 7 2 6 1 5;0 1 2 3 4 5 6 7 8;58;20;94;283;3;0;19;0.000399;709273;BELA*;                        ? Unchecked;ijcai-2026-base-15-g257422b
n-puzzle;heavy-cost;98/3;3;5 8 6 0 7 4 1 3 2;0 1 2 3 4 5 6 7 8;87;27;115;698;3;0;19;0.00086;811628;BELA*;                        ? Unchecked;ijcai-2026-base-15-g257422b
n-puzzle;heavy-cost;99/3;3;7 5 0 6 3 2 1 8 4;0 1 2 3 4 5 6 7 8;61;28;95;657;2;0;19;0.000869;756041;BELA*;                        ? Unchecked;ijcai-2026-base-15-g257422b
n-puzzle;heavy-cost;0/4;4;5 6 0 8 4 7 1 3 2;0 1 2 3 4 5 6 7 8;84;26;116;512;4;0;19;0.000673;760773;BELA*;                        ? Unchecked;ijcai-2026-base-15-g257422b
n-puzzle;heavy-cost;1/4;4;0 8 6 4 7 1 5 3 2;0 1 2 3 4 5 6 7 8;86;26;116;589;4;0;19;0.000749;786382;BELA*;                        ? Unchecked;ijcai-2026-base-15-g257422b
n-puzzle;heavy-cost;2/4;4;5 2 8 0 7 4 1 3 6;0 1 2 3 4 5 6 7 8;65;23;93;352;4;0;19;0.000495;711111;BELA*;                        ? Unchecked;ijcai-2026-base-15-g257422b
n-puzzle;heavy-cost;3/4;4;7 2 6 0 8 1 5 4 3;0 1 2 3 4 5 6 7 8;93;29;115;658;4;0;19;0.00083;792771;BELA*;                        ? Unchecked;ijcai-2026-base-15-g257422b
n-puzzle;heavy-cost;4/4;4;5 1 8 6 0 7 2 4 3;0 1 2 3 4 5 6 7 8;72;26;94;335;4;0;19;0.000485;690722;BELA*;                        ? Unchecked;ijcai-2026-base-15-g257422b
n-puzzle;heavy-cost;5/4;4;8 0 3 6 4 5 7 2 1;0 1 2 3 4 5 6 7 8;63;25;105;1314;4;0;19;0.001641;800731;BELA*;                        ? Unchecked;ijcai-2026-base-15-g257422b
n-puzzle;heavy-cost;6/4;4;4 2 7 1 5 8 0 6 3;0 1 2 3 4 5 6 7 8;61;20;89;303;4;0;19;0.000433;699769;BELA*;                        ? Unchecked;ijcai-2026-base-15-g257422b
n-puzzle;heavy-cost;7/4;4;4 1 7 3 2 5 6 0 8;0 1 2 3 4 5 6 7 8;33;23;79;536;3;0;19;0.000813;659287;BELA*;                        ? Unchecked;ijcai-2026-base-15-g257422b
n-puzzle;heavy-cost;8/4;4;8 4 0 5 1 6 2 7 3;0 1 2 3 4 5 6 7 8;82;32;128;3108;4;0;19;0.003711;837510;BELA*;                        ? Unchecked;ijcai-2026-base-15-g257422b
n-puzzle;heavy-cost;9/4;4;1 3 0 7 6 2 5 8 4;0 1 2 3 4 5 6 7 8;66;24;94;457;2;0;19;0.000615;743089;BELA*;                        ? Unchecked;ijcai-2026-base-15-g257422b
n-puzzle;heavy-cost;10/4;4;7 0 4 6 8 5 3 1 2;0 1 2 3 4 5 6 7 8;60;31;112;2408;4;0;19;0.00312;771795;BELA*;                        ? Unchecked;ijcai-2026-base-15-g257422b
n-puzzle;heavy-cost;11/4;4;6 1 7 5 8 2 4 3 0;0 1 2 3 4 5 6 7 8;75;26;115;2476;4;0;19;0.003109;796398;BELA*;                        ? Unchecked;ijcai-2026-base-15-g257422b
n-puzzle;heavy-cost;12/4;4;7 5 2 1 6 3 8 0 4;0 1 2 3 4 5 6 7 8;75;27;105;980;4;0;19;0.001248;785256;BELA*;                        ? Unchecked;ijcai-2026-base-15-g257422b
n-puzzle;heavy-cost;13/4;4;6 2 4 0 8 7 5 3 1;0 1 2 3 4 5 6 7 8;76;27;100;483;4;0;19;0.000666;725225;BELA*;                        ? Unchecked;ijcai-2026-base-15-g257422b
n-puzzle;heavy-cost;14/4;4;0 1 6 2 5 7 4 8 3;0 1 2 3 4 5 6 7 8;74;30;114;1778;2;0;19;0.002188;812614;BELA*;                        ? Unchecked;ijcai-2026-base-15-g257422b
n-puzzle;heavy-cost;15/4;4;4 0 3 6 1 2 8 5 7;0 1 2 3 4 5 6 7 8;59;17;75;136;4;0;19;0.000222;612613;BELA*;                        ? Unchecked;ijcai-2026-base-15-g257422b
n-puzzle;heavy-cost;16/4;4;1 5 8 7 6 4 0 3 2;0 1 2 3 4 5 6 7 8;67;22;93;418;3;0;19;0.000703;594595;BELA*;                        ? Unchecked;ijcai-2026-base-15-g257422b
n-puzzle;heavy-cost;17/4;4;2 7 0 8 4 6 3 5 1;0 1 2 3 4 5 6 7 8;76;26;114;480;4;0;19;0.000648;740741;BELA*;                        ? Unchecked;ijcai-2026-base-15-g257422b
n-puzzle;heavy-cost;18/4;4;7 4 8 1 5 6 0 2 3;0 1 2 3 4 5 6 7 8;81;26;103;460;4;0;19;0.000601;765391;BELA*;                        ? Unchecked;ijcai-2026-base-15-g257422b
n-puzzle;heavy-cost;19/4;4;2 3 0 1 4 7 5 6 8;0 1 2 3 4 5 6 7 8;47;26;83;375;4;0;19;0.000529;708885;BELA*;                        ? Unchecked;ijcai-2026-base-15-g257422b
n-puzzle;heavy-cost;20/4;4;2 1 4 5 0 6 8 3 7;0 1 2 3 4 5 6 7 8;69;30;113;3360;4;0;19;0.004241;792266;BELA*;                        ? Unchecked;ijcai-2026-base-15-g257422b
n-puzzle;heavy-cost;21/4;4;8 7 6 2 5 4 1 0 3;0 1 2 3 4 5 6 7 8;97;27;129;2312;4;0;19;0.002607;886843;BELA*;                        ? Unchecked;ijcai-2026-base-15-g257422b
n-puzzle;heavy-cost;22/4;4;2 7 3 1 6 5 4 0 8;0 1 2 3 4 5 6 7 8;49;23;75;150;4;0;19;0.000405;370370;BELA*;                        ? Unchecked;ijcai-2026-base-15-g257422b
n-puzzle;heavy-cost;23/4;4;3 0 4 6 2 1 8 5 7;0 1 2 3 4 5 6 7 8;56;19;80;298;3;0;19;0.00043;693023;BELA*;                        ? Unchecked;ijcai-2026-base-15-g257422b
n-puzzle;heavy-cost;24/4;4;5 3 2 4 8 6 0 1 7;0 1 2 3 4 5 6 7 8;68;24;102;687;2;0;19;0.000879;781570;BELA*;                        ? Unchecked;ijcai-2026-base-15-g257422b
n-puzzle;heavy-cost;25/4;4;1 3 5 2 4 6 8 7 0;0 1 2 3 4 5 6 7 8;52;28;114;3789;4;0;19;0.004811;787570;BELA*;                        ? Unchecked;ijcai-2026-base-15-g257422b
n-puzzle;heavy-cost;26/4;4;8 5 1 4 2 7 6 0 3;0 1 2 3 4 5 6 7 8;74;27;102;722;3;0;19;0.000932;774678;BELA*;                        ? Unchecked;ijcai-2026-base-15-g257422b
n-puzzle;heavy-cost;27/4;4;2 8 5 6 3 1 4 0 7;0 1 2 3 4 5 6 7 8;59;23;87;361;4;0;19;0.000521;692898;BELA*;                        ? Unchecked;ijcai-2026-base-15-g257422b
n-puzzle;heavy-cost;28/4;4;5 0 7 4 2 3 1 6 8;0 1 2 3 4 5 6 7 8;59;21;75;168;4;0;19;0.00025;672000;BELA*;                        ? Unchecked;ijcai-2026-base-15-g257422b
n-puzzle;heavy-cost;29/4;4;3 2 4 7 6 8 5 1 0;0 1 2 3 4 5 6 7 8;64;20;84;226;4;0;19;0.000339;666667;BELA*;                        ? Unchecked;ijcai-2026-base-15-g257422b
n-puzzle;heavy-cost;30/4;4;1 3 2 0 8 6 4 7 5;0 1 2 3 4 5 6 7 8;54;23;90;298;4;0;19;0.000425;701176;BELA*;                        ? Unchecked;ijcai-2026-base-15-g257422b
n-puzzle;heavy-cost;31/4;4;8 2 5 3 7 6 4 0 1;0 1 2 3 4 5 6 7 8;75;25;111;1327;4;0;19;0.001758;754835;BELA*;                        ? Unchecked;ijcai-2026-base-15-g257422b
n-puzzle;heavy-cost;32/4;4;2 4 0 7 5 1 8 6 3;0 1 2 3 4 5 6 7 8;60;24;94;267;4;0;19;0.000399;669173;BELA*;                        ? Unchecked;ijcai-2026-base-15-g257422b
n-puzzle;heavy-cost;33/4;4;0 1 5 2 6 8 7 3 4;0 1 2 3 4 5 6 7 8;52;22;76;164;3;0;19;0.000263;623574;BELA*;                        ? Unchecked;ijcai-2026-base-15-g257422b
n-puzzle;heavy-cost;34/4;4;7 1 5 2 8 6 3 4 0;0 1 2 3 4 5 6 7 8;73;18;83;117;3;0;19;0.000184;635870;BELA*;                        ? Unchecked;ijcai-2026-base-15-g257422b
n-puzzle;heavy-cost;35/4;4;6 3 1 2 8 7 0 4 5;0 1 2 3 4 5 6 7 8;64;24;104;1029;4;0;19;0.001407;731343;BELA*;                        ? Unchecked;ijcai-2026-base-15-g257422b
n-puzzle;heavy-cost;36/4;4;0 3 5 4 8 6 7 2 1;0 1 2 3 4 5 6 7 8;65;24;93;312;4;0;19;0.00042;742857;BELA*;                        ? Unchecked;ijcai-2026-base-15-g257422b
n-puzzle;heavy-cost;37/4;4;8 1 4 0 3 2 5 6 7;0 1 2 3 4 5 6 7 8;73;25;99;825;2;0;19;0.001059;779037;BELA*;                        ? Unchecked;ijcai-2026-base-15-g257422b
n-puzzle;heavy-cost;38/4;4;7 4 1 6 2 8 3 5 0;0 1 2 3 4 5 6 7 8;57;24;101;1384;4;0;19;0.001757;787706;BELA*;                        ? Unchecked;ijcai-2026-base-15-g257422b
n-puzzle;heavy-cost;39/4;4;4 6 8 0 5 1 3 2 7;0 1 2 3 4 5 6 7 8;65;25;93;391;4;0;19;0.00054;724074;BELA*;                        ? Unchecked;ijcai-2026-base-15-g257422b
n-puzzle;heavy-cost;40/4;4;4 2 8 6 0 1 3 5 7;0 1 2 3 4 5 6 7 8;54;24;84;406;3;0;19;0.00057;712281;BELA*;                        ? Unchecked;ijcai-2026-base-15-g257422b
n-puzzle;heavy-cost;41/4;4;3 7 8 4 5 2 6 1 0;0 1 2 3 4 5 6 7 8;46;22;94;578;4;0;19;0.000784;737245;BELA*;                        ? Unchecked;ijcai-2026-base-15-g257422b
n-puzzle;heavy-cost;42/4;4;7 5 6 1 0 3 2 8 4;0 1 2 3 4 5 6 7 8;87;24;95;195;1;0;19;0.000259;752896;BELA*;                        ? Unchecked;ijcai-2026-base-15-g257422b
n-puzzle;heavy-cost;43/4;4;1 6 4 8 5 3 7 2 0;0 1 2 3 4 5 6 7 8;75;26;103;571;4;0;19;0.000757;754293;BELA*;                        ? Unchecked;ijcai-2026-base-15-g257422b
n-puzzle;heavy-cost;44/4;4;2 5 7 1 8 4 3 6 0;0 1 2 3 4 5 6 7 8;66;18;76;53;3;0;19;0.000104;509615;BELA*;                        ? Unchecked;ijcai-2026-base-15-g257422b
n-puzzle;heavy-cost;45/4;4;3 8 4 0 7 1 5 6 2;0 1 2 3 4 5 6 7 8;69;21;97;299;4;0;19;0.000432;692130;BELA*;                        ? Unchecked;ijcai-2026-base-15-g257422b
n-puzzle;heavy-cost;46/4;4;3 0 5 4 2 1 7 8 6;0 1 2 3 4 5 6 7 8;45;21;75;208;4;0;19;0.000329;632219;BELA*;                        ? Unchecked;ijcai-2026-base-15-g257422b
n-puzzle;heavy-cost;47/4;4;4 5 3 1 7 0 8 2 6;0 1 2 3 4 5 6 7 8;70;23;98;483;4;0;19;0.000631;765452;BELA*;                        ? Unchecked;ijcai-2026-base-15-g257422b
n-puzzle;heavy-cost;48/4;4;1 8 4 2 3 5 6 0 7;0 1 2 3 4 5 6 7 8;49;21;77;181;4;0;19;0.000288;628472;BELA*;                        ? Unchecked;ijcai-2026-base-15-g257422b
n-puzzle;heavy-cost;49/4;4;4 8 1 0 6 7 3 2 5;0 1 2 3 4 5 6 7 8;73;27;103;821;2;0;19;0.001131;725906;BELA*;                        ? Unchecked;ijcai-2026-base-15-g257422b
n-puzzle;heavy-cost;50/4;4;8 5 3 4 6 1 7 2 0;0 1 2 3 4 5 6 7 8;82;28;110;1066;3;0;19;0.001343;793745;BELA*;                        ? Unchecked;ijcai-2026-base-15-g257422b
n-puzzle;heavy-cost;51/4;4;4 3 7 1 5 2 6 0 8;0 1 2 3 4 5 6 7 8;44;21;74;201;3;0;19;0.000307;654723;BELA*;                        ? Unchecked;ijcai-2026-base-15-g257422b
n-puzzle;heavy-cost;52/4;4;7 4 1 2 3 0 5 8 6;0 1 2 3 4 5 6 7 8;70;33;120;4881;2;0;19;0.006164;791856;BELA*;                        ? Unchecked;ijcai-2026-base-15-g257422b
n-puzzle;heavy-cost;53/4;4;7 5 6 8 2 1 0 4 3;0 1 2 3 4 5 6 7 8;98;28;114;711;4;0;19;0.000892;797085;BELA*;                        ? Unchecked;ijcai-2026-base-15-g257422b
n-puzzle;heavy-cost;54/4;4;2 8 5 0 7 6 1 4 3;0 1 2 3 4 5 6 7 8;74;23;98;297;4;0;19;0.000403;736973;BELA*;                        ? Unchecked;ijcai-2026-base-15-g257422b
n-puzzle;heavy-cost;55/4;4;3 5 2 4 1 6 8 0 7;0 1 2 3 4 5 6 7 8;59;27;101;1190;4;0;19;0.001543;771225;BELA*;                        ? Unchecked;ijcai-2026-base-15-g257422b
n-puzzle;heavy-cost;56/4;4;8 6 1 5 4 3 0 2 7;0 1 2 3 4 5 6 7 8;80;28;116;932;4;0;19;0.00116;803448;BELA*;                        ? Unchecked;ijcai-2026-base-15-g257422b
n-puzzle;heavy-cost;57/4;4;4 6 5 7 3 2 1 0 8;0 1 2 3 4 5 6 7 8;53;29;95;1374;4;0;19;0.001779;772344;BELA*;                        ? Unchecked;ijcai-2026-base-15-g257422b
n-puzzle;heavy-cost;58/4;4;3 7 4 2 8 6 5 0 1;0 1 2 3 4 5 6 7 8;83;27;103;401;4;0;19;0.000579;692573;BELA*;                        ? Unchecked;ijcai-2026-base-15-g257422b
n-puzzle;heavy-cost;59/4;4;8 7 4 5 6 2 3 0 1;0 1 2 3 4 5 6 7 8;84;29;128;4379;4;0;19;0.005491;797487;BELA*;                        ? Unchecked;ijcai-2026-base-15-g257422b
n-puzzle;heavy-cost;60/4;4;6 1 5 3 4 0 8 2 7;0 1 2 3 4 5 6 7 8;46;23;96;1109;4;0;19;0.001447;766413;BELA*;                        ? Unchecked;ijcai-2026-base-15-g257422b
n-puzzle;heavy-cost;61/4;4;4 5 2 8 0 3 1 6 7;0 1 2 3 4 5 6 7 8;64;24;96;802;4;0;19;0.001057;758751;BELA*;                        ? Unchecked;ijcai-2026-base-15-g257422b
n-puzzle;heavy-cost;62/4;4;8 5 4 6 1 2 7 3 0;0 1 2 3 4 5 6 7 8;72;24;116;4853;4;0;19;0.006178;785529;BELA*;                        ? Unchecked;ijcai-2026-base-15-g257422b
n-puzzle;heavy-cost;63/4;4;0 5 8 2 6 7 4 3 1;0 1 2 3 4 5 6 7 8;75;24;85;153;4;0;19;0.000243;629630;BELA*;                        ? Unchecked;ijcai-2026-base-15-g257422b
n-puzzle;heavy-cost;64/4;4;5 0 1 8 7 3 4 6 2;0 1 2 3 4 5 6 7 8;71;25;103;311;3;0;19;0.000439;708428;BELA*;                        ? Unchecked;ijcai-2026-base-15-g257422b
n-puzzle;heavy-cost;65/4;4;7 6 1 3 4 8 0 5 2;0 1 2 3 4 5 6 7 8;62;24;104;770;4;0;19;0.001002;768463;BELA*;                        ? Unchecked;ijcai-2026-base-15-g257422b
n-puzzle;heavy-cost;66/4;4;8 0 7 3 6 5 1 2 4;0 1 2 3 4 5 6 7 8;82;29;116;1216;2;0;19;0.00151;805298;BELA*;                        ? Unchecked;ijcai-2026-base-15-g257422b
n-puzzle;heavy-cost;67/4;4;7 2 8 6 5 1 4 0 3;0 1 2 3 4 5 6 7 8;69;25;103;1181;4;0;19;0.001543;765392;BELA*;                        ? Unchecked;ijcai-2026-base-15-g257422b
n-puzzle;heavy-cost;68/4;4;5 0 3 4 1 8 2 7 6;0 1 2 3 4 5 6 7 8;57;27;91;364;4;0;19;0.000676;538462;BELA*;                        ? Unchecked;ijcai-2026-base-15-g257422b
n-puzzle;heavy-cost;69/4;4;7 8 4 6 3 5 2 1 0;0 1 2 3 4 5 6 7 8;72;28;106;1023;4;0;19;0.001309;781513;BELA*;                        ? Unchecked;ijcai-2026-base-15-g257422b
n-puzzle;heavy-cost;70/4;4;7 0 3 2 8 1 5 4 6;0 1 2 3 4 5 6 7 8;85;23;95;151;4;0;19;0.000231;653680;BELA*;                        ? Unchecked;ijcai-2026-base-15-g257422b
n-puzzle;heavy-cost;71/4;4;1 0 7 3 4 8 2 5 6;0 1 2 3 4 5 6 7 8;60;23;94;529;3;0;19;0.000687;770015;BELA*;                        ? Unchecked;ijcai-2026-base-15-g257422b
n-puzzle;heavy-cost;72/4;4;8 0 7 4 3 6 5 2 1;0 1 2 3 4 5 6 7 8;102;27;118;577;4;0;19;0.000776;743557;BELA*;                        ? Unchecked;ijcai-2026-base-15-g257422b
n-puzzle;heavy-cost;73/4;4;3 7 8 5 1 2 0 6 4;0 1 2 3 4 5 6 7 8;60;28;114;3164;4;0;19;0.00392;807143;BELA*;                        ? Unchecked;ijcai-2026-base-15-g257422b
n-puzzle;heavy-cost;74/4;4;1 6 2 0 7 8 4 5 3;0 1 2 3 4 5 6 7 8;61;19;83;102;4;0;19;0.000182;560440;BELA*;                        ? Unchecked;ijcai-2026-base-15-g257422b
n-puzzle;heavy-cost;75/4;4;6 1 2 3 0 8 4 5 7;0 1 2 3 4 5 6 7 8;45;20;79;272;4;0;19;0.000407;668305;BELA*;                        ? Unchecked;ijcai-2026-base-15-g257422b
n-puzzle;heavy-cost;76/4;4;1 0 7 5 6 4 3 2 8;0 1 2 3 4 5 6 7 8;57;29;93;513;4;0;19;0.000711;721519;BELA*;                        ? Unchecked;ijcai-2026-base-15-g257422b
n-puzzle;heavy-cost;77/4;4;2 7 6 1 4 0 5 3 8;0 1 2 3 4 5 6 7 8;65;29;109;1808;2;0;19;0.002369;763191;BELA*;                        ? Unchecked;ijcai-2026-base-15-g257422b
n-puzzle;heavy-cost;78/4;4;2 3 8 4 0 6 1 5 7;0 1 2 3 4 5 6 7 8;68;24;94;503;3;0;19;0.00065;773846;BELA*;                        ? Unchecked;ijcai-2026-base-15-g257422b
n-puzzle;heavy-cost;79/4;4;0 5 4 6 1 7 8 2 3;0 1 2 3 4 5 6 7 8;70;26;90;252;4;0;19;0.000363;694215;BELA*;                        ? Unchecked;ijcai-2026-base-15-g257422b
n-puzzle;heavy-cost;80/4;4;5 3 4 7 0 1 8 6 2;0 1 2 3 4 5 6 7 8;71;22;87;180;3;0;19;0.000331;543807;BELA*;                        ? Unchecked;ijcai-2026-base-15-g257422b
n-puzzle;heavy-cost;81/4;4;1 7 5 6 8 3 4 2 0;0 1 2 3 4 5 6 7 8;62;26;106;1319;4;0;19;0.001704;774061;BELA*;                        ? Unchecked;ijcai-2026-base-15-g257422b
n-puzzle;heavy-cost;82/4;4;3 1 4 0 5 8 2 7 6;0 1 2 3 4 5 6 7 8;44;23;80;198;4;0;19;0.000318;622642;BELA*;                        ? Unchecked;ijcai-2026-base-15-g257422b
n-puzzle;heavy-cost;83/4;4;4 2 3 0 5 1 8 6 7;0 1 2 3 4 5 6 7 8;55;21;87;310;4;0;19;0.000442;701357;BELA*;                        ? Unchecked;ijcai-2026-base-15-g257422b
n-puzzle;heavy-cost;84/4;4;4 7 3 1 6 5 8 0 2;0 1 2 3 4 5 6 7 8;65;27;105;922;4;0;19;0.001209;762614;BELA*;                        ? Unchecked;ijcai-2026-base-15-g257422b
n-puzzle;heavy-cost;85/4;4;3 6 0 1 5 8 4 2 7;0 1 2 3 4 5 6 7 8;57;26;109;2465;2;0;19;0.003223;764815;BELA*;                        ? Unchecked;ijcai-2026-base-15-g257422b
n-puzzle;heavy-cost;86/4;4;8 6 2 7 5 1 3 0 4;0 1 2 3 4 5 6 7 8;82;27;122;4021;3;0;19;0.004899;820780;BELA*;                        ? Unchecked;ijcai-2026-base-15-g257422b
n-puzzle;heavy-cost;87/4;4;3 2 5 7 6 0 8 1 4;0 1 2 3 4 5 6 7 8;62;19;74;49;3;0;19;0.000109;449541;BELA*;                        ? Unchecked;ijcai-2026-base-15-g257422b
n-puzzle;heavy-cost;88/4;4;1 3 2 4 0 5 8 7 6;0 1 2 3 4 5 6 7 8;39;24;109;2680;4;0;19;0.003324;806258;BELA*;                        ? Unchecked;ijcai-2026-base-15-g257422b
n-puzzle;heavy-cost;89/4;4;0 8 4 3 2 1 6 5 7;0 1 2 3 4 5 6 7 8;55;22;77;132;4;0;19;0.000234;564103;BELA*;                        ? Unchecked;ijcai-2026-base-15-g257422b
n-puzzle;heavy-cost;90/4;4;0 6 1 5 7 8 4 2 3;0 1 2 3 4 5 6 7 8;67;24;99;327;4;0;19;0.000452;723451;BELA*;                        ? Unchecked;ijcai-2026-base-15-g257422b
n-puzzle;heavy-cost;91/4;4;2 1 6 4 5 8 3 0 7;0 1 2 3 4 5 6 7 8;55;25;99;1074;2;0;19;0.001374;781659;BELA*;                        ? Unchecked;ijcai-2026-base-15-g257422b
n-puzzle;heavy-cost;92/4;4;3 7 4 6 1 5 8 0 2;0 1 2 3 4 5 6 7 8;52;23;92;697;4;0;19;0.000929;750269;BELA*;                        ? Unchecked;ijcai-2026-base-15-g257422b
n-puzzle;heavy-cost;93/4;4;7 6 1 3 5 8 2 4 0;0 1 2 3 4 5 6 7 8;65;26;99;571;4;0;19;0.000791;721871;BELA*;                        ? Unchecked;ijcai-2026-base-15-g257422b
n-puzzle;heavy-cost;94/4;4;4 7 8 1 0 3 6 2 5;0 1 2 3 4 5 6 7 8;57;22;103;2047;4;0;19;0.002559;799922;BELA*;                        ? Unchecked;ijcai-2026-base-15-g257422b
n-puzzle;heavy-cost;95/4;4;0 5 8 2 7 4 1 6 3;0 1 2 3 4 5 6 7 8;61;22;85;125;3;0;19;0.000213;586854;BELA*;                        ? Unchecked;ijcai-2026-base-15-g257422b
n-puzzle;heavy-cost;96/4;4;5 2 3 8 7 0 1 6 4;0 1 2 3 4 5 6 7 8;74;25;102;353;4;0;19;0.000499;707415;BELA*;                        ? Unchecked;ijcai-2026-base-15-g257422b
n-puzzle;heavy-cost;97/4;4;8 3 0 4 7 2 6 1 5;0 1 2 3 4 5 6 7 8;58;20;94;285;4;0;19;0.000416;685096;BELA*;                        ? Unchecked;ijcai-2026-base-15-g257422b
n-puzzle;heavy-cost;98/4;4;5 8 6 0 7 4 1 3 2;0 1 2 3 4 5 6 7 8;87;27;115;698;4;0;19;0.000881;792281;BELA*;                        ? Unchecked;ijcai-2026-base-15-g257422b
n-puzzle;heavy-cost;99/4;4;7 5 0 6 3 2 1 8 4;0 1 2 3 4 5 6 7 8;61;28;95;657;2;0;19;0.001011;649852;BELA*;                        ? Unchecked;ijcai-2026-base-15-g257422b
n-puzzle;heavy-cost;0/5;5;5 6 0 8 4 7 1 3 2;0 1 2 3 4 5 6 7 8;84;26;116;512;5;0;19;0.000694;737752;BELA*;                        ? Unchecked;ijcai-2026-base-15-g257422b
n-puzzle;heavy-cost;1/5;5;0 8 6 4 7 1 5 3 2;0 1 2 3 4 5 6 7 8;86;26;116;589;5;0;19;0.000768;766927;BELA*;                        ? Unchecked;ijcai-2026-base-15-g257422b
n-puzzle;heavy-cost;2/5;5;5 2 8 0 7 4 1 3 6;0 1 2 3 4 5 6 7 8;65;23;93;352;5;0;19;0.000509;691552;BELA*;                        ? Unchecked;ijcai-2026-base-15-g257422b
n-puzzle;heavy-cost;3/5;5;7 2 6 0 8 1 5 4 3;0 1 2 3 4 5 6 7 8;93;29;115;658;5;0;19;0.000874;752860;BELA*;                        ? Unchecked;ijcai-2026-base-15-g257422b
n-puzzle;heavy-cost;4/5;5;5 1 8 6 0 7 2 4 3;0 1 2 3 4 5 6 7 8;72;26;94;430;5;0;19;0.000607;708402;BELA*;                        ? Unchecked;ijcai-2026-base-15-g257422b
n-puzzle;heavy-cost;5/5;5;8 0 3 6 4 5 7 2 1;0 1 2 3 4 5 6 7 8;63;25;105;1315;5;0;19;0.001671;786954;BELA*;                        ? Unchecked;ijcai-2026-base-15-g257422b
n-puzzle;heavy-cost;6/5;5;4 2 7 1 5 8 0 6 3;0 1 2 3 4 5 6 7 8;61;20;89;303;4;0;19;0.000449;674833;BELA*;                        ? Unchecked;ijcai-2026-base-15-g257422b
n-puzzle;heavy-cost;7/5;5;4 1 7 3 2 5 6 0 8;0 1 2 3 4 5 6 7 8;33;23;79;536;4;0;19;0.000819;654457;BELA*;                        ? Unchecked;ijcai-2026-base-15-g257422b
n-puzzle;heavy-cost;8/5;5;8 4 0 5 1 6 2 7 3;0 1 2 3 4 5 6 7 8;82;32;128;3108;5;0;19;0.003861;804973;BELA*;                        ? Unchecked;ijcai-2026-base-15-g257422b
n-puzzle;heavy-cost;9/5;5;1 3 0 7 6 2 5 8 4;0 1 2 3 4 5 6 7 8;66;24;94;457;2;0;19;0.000627;728868;BELA*;                        ? Unchecked;ijcai-2026-base-15-g257422b
n-puzzle;heavy-cost;10/5;5;7 0 4 6 8 5 3 1 2;0 1 2 3 4 5 6 7 8;60;31;112;2408;5;0;19;0.003024;796296;BELA*;                        ? Unchecked;ijcai-2026-base-15-g257422b
n-puzzle;heavy-cost;11/5;5;6 1 7 5 8 2 4 3 0;0 1 2 3 4 5 6 7 8;75;26;115;2484;5;0;19;0.003213;773109;BELA*;                        ? Unchecked;ijcai-2026-base-15-g257422b
n-puzzle;heavy-cost;12/5;5;7 5 2 1 6 3 8 0 4;0 1 2 3 4 5 6 7 8;75;27;105;980;5;0;19;0.001418;691114;BELA*;                        ? Unchecked;ijcai-2026-base-15-g257422b
n-puzzle;heavy-cost;13/5;5;6 2 4 0 8 7 5 3 1;0 1 2 3 4 5 6 7 8;76;27;100;483;5;0;19;0.000676;714497;BELA*;                        ? Unchecked;ijcai-2026-base-15-g257422b
n-puzzle;heavy-cost;14/5;5;0 1 6 2 5 7 4 8 3;0 1 2 3 4 5 6 7 8;74;30;114;1778;3;0;19;0.002221;800540;BELA*;                        ? Unchecked;ijcai-2026-base-15-g257422b
n-puzzle;heavy-cost;15/5;5;4 0 3 6 1 2 8 5 7;0 1 2 3 4 5 6 7 8;59;17;75;137;5;0;19;0.000236;580508;BELA*;                        ? Unchecked;ijcai-2026-base-15-g257422b
n-puzzle;heavy-cost;16/5;5;1 5 8 7 6 4 0 3 2;0 1 2 3 4 5 6 7 8;67;20;93;455;4;0;19;0.000629;723370;BELA*;                        ? Unchecked;ijcai-2026-base-15-g257422b
n-puzzle;heavy-cost;17/5;5;2 7 0 8 4 6 3 5 1;0 1 2 3 4 5 6 7 8;76;26;114;483;5;0;19;0.000669;721973;BELA*;                        ? Unchecked;ijcai-2026-base-15-g257422b
n-puzzle;heavy-cost;18/5;5;7 4 8 1 5 6 0 2 3;0 1 2 3 4 5 6 7 8;81;26;103;460;5;0;19;0.000626;734824;BELA*;                        ? Unchecked;ijcai-2026-base-15-g257422b
n-puzzle;heavy-cost;19/5;5;2 3 0 1 4 7 5 6 8;0 1 2 3 4 5 6 7 8;47;26;83;375;5;0;19;0.000547;685558;BELA*;                        ? Unchecked;ijcai-2026-base-15-g257422b
n-puzzle;heavy-cost;20/5;5;2 1 4 5 0 6 8 3 7;0 1 2 3 4 5 6 7 8;69;30;113;3360;5;0;19;0.004235;793388;BELA*;                        ? Unchecked;ijcai-2026-base-15-g257422b
n-puzzle;heavy-cost;21/5;5;8 7 6 2 5 4 1 0 3;0 1 2 3 4 5 6 7 8;97;27;129;2312;4;0;19;0.002704;855030;BELA*;                        ? Unchecked;ijcai-2026-base-15-g257422b
n-puzzle;heavy-cost;22/5;5;2 7 3 1 6 5 4 0 8;0 1 2 3 4 5 6 7 8;49;23;75;154;5;0;19;0.000283;544170;BELA*;                        ? Unchecked;ijcai-2026-base-15-g257422b
n-puzzle;heavy-cost;23/5;5;3 0 4 6 2 1 8 5 7;0 1 2 3 4 5 6 7 8;56;19;80;298;4;0;19;0.00045;662222;BELA*;                        ? Unchecked;ijcai-2026-base-15-g257422b
n-puzzle;heavy-cost;24/5;5;5 3 2 4 8 6 0 1 7;0 1 2 3 4 5 6 7 8;68;26;104;752;3;0;19;0.000991;758829;BELA*;                        ? Unchecked;ijcai-2026-base-15-g257422b
n-puzzle;heavy-cost;25/5;5;1 3 5 2 4 6 8 7 0;0 1 2 3 4 5 6 7 8;52;30;116;3858;5;0;19;0.00499;773146;BELA*;                        ? Unchecked;ijcai-2026-base-15-g257422b
n-puzzle;heavy-cost;26/5;5;8 5 1 4 2 7 6 0 3;0 1 2 3 4 5 6 7 8;74;27;102;722;3;0;19;0.000943;765642;BELA*;                        ? Unchecked;ijcai-2026-base-15-g257422b
n-puzzle;heavy-cost;27/5;5;2 8 5 6 3 1 4 0 7;0 1 2 3 4 5 6 7 8;59;23;87;363;5;0;19;0.000541;670980;BELA*;                        ? Unchecked;ijcai-2026-base-15-g257422b
n-puzzle;heavy-cost;28/5;5;5 0 7 4 2 3 1 6 8;0 1 2 3 4 5 6 7 8;59;21;75;168;5;0;19;0.000263;638783;BELA*;                        ? Unchecked;ijcai-2026-base-15-g257422b
n-puzzle;heavy-cost;29/5;5;3 2 4 7 6 8 5 1 0;0 1 2 3 4 5 6 7 8;64;20;84;226;5;0;19;0.000387;583979;BELA*;                        ? Unchecked;ijcai-2026-base-15-g257422b
n-puzzle;heavy-cost;30/5;5;1 3 2 0 8 6 4 7 5;0 1 2 3 4 5 6 7 8;54;23;90;298;5;0;19;0.000446;668161;BELA*;                        ? Unchecked;ijcai-2026-base-15-g257422b
n-puzzle;heavy-cost;31/5;5;8 2 5 3 7 6 4 0 1;0 1 2 3 4 5 6 7 8;75;25;111;1327;5;0;19;0.001646;806197;BELA*;                        ? Unchecked;ijcai-2026-base-15-g257422b
n-puzzle;heavy-cost;32/5;5;2 4 0 7 5 1 8 6 3;0 1 2 3 4 5 6 7 8;60;24;94;267;5;0;19;0.000416;641827;BELA*;                        ? Unchecked;ijcai-2026-base-15-g257422b
n-puzzle;heavy-cost;33/5;5;0 1 5 2 6 8 7 3 4;0 1 2 3 4 5 6 7 8;52;22;76;164;3;0;19;0.000278;589928;BELA*;                        ? Unchecked;ijcai-2026-base-15-g257422b
n-puzzle;heavy-cost;34/5;5;7 1 5 2 8 6 3 4 0;0 1 2 3 4 5 6 7 8;73;18;83;117;4;0;19;0.000198;590909;BELA*;                        ? Unchecked;ijcai-2026-base-15-g257422b
n-puzzle;heavy-cost;35/5;5;6 3 1 2 8 7 0 4 5;0 1 2 3 4 5 6 7 8;64;24;104;1029;5;0;19;0.00136;756618;BELA*;                        ? Unchecked;ijcai-2026-base-15-g257422b
n-puzzle;heavy-cost;36/5;5;0 3 5 4 8 6 7 2 1;0 1 2 3 4 5 6 7 8;65;24;93;312;4;0;19;0.000431;723898;BELA*;                        ? Unchecked;ijcai-2026-base-15-g257422b
n-puzzle;heavy-cost;37/5;5;8 1 4 0 3 2 5 6 7;0 1 2 3 4 5 6 7 8;73;25;99;825;2;0;19;0.001212;680693;BELA*;                        ? Unchecked;ijcai-2026-base-15-g257422b
n-puzzle;heavy-cost;38/5;5;7 4 1 6 2 8 3 5 0;0 1 2 3 4 5 6 7 8;57;24;101;1384;5;0;19;0.001773;780598;BELA*;                        ? Unchecked;ijcai-2026-base-15-g257422b
n-puzzle;heavy-cost;39/5;5;4 6 8 0 5 1 3 2 7;0 1 2 3 4 5 6 7 8;65;25;93;418;5;0;19;0.000604;692053;BELA*;                        ? Unchecked;ijcai-2026-base-15-g257422b
n-puzzle;heavy-cost;40/5;5;4 2 8 6 0 1 3 5 7;0 1 2 3 4 5 6 7 8;54;24;84;406;3;0;19;0.00067;605970;BELA*;                        ? Unchecked;ijcai-2026-base-15-g257422b
n-puzzle;heavy-cost;41/5;5;3 7 8 4 5 2 6 1 0;0 1 2 3 4 5 6 7 8;46;22;94;579;5;0;19;0.000801;722846;BELA*;                        ? Unchecked;ijcai-2026-base-15-g257422b
n-puzzle;heavy-cost;42/5;5;7 5 6 1 0 3 2 8 4;0 1 2 3 4 5 6 7 8;87;26;97;204;2;0;19;0.000303;673267;BELA*;                        ? Unchecked;ijcai-2026-base-15-g257422b
n-puzzle;heavy-cost;43/5;5;1 6 4 8 5 3 7 2 0;0 1 2 3 4 5 6 7 8;75;26;103;571;4;0;19;0.000771;740597;BELA*;                        ? Unchecked;ijcai-2026-base-15-g257422b
n-puzzle;heavy-cost;44/5;5;2 5 7 1 8 4 3 6 0;0 1 2 3 4 5 6 7 8;66;20;78;67;4;0;19;0.000138;485507;BELA*;                        ? Unchecked;ijcai-2026-base-15-g257422b
n-puzzle;heavy-cost;45/5;5;3 8 4 0 7 1 5 6 2;0 1 2 3 4 5 6 7 8;69;21;97;317;5;0;19;0.000466;680258;BELA*;                        ? Unchecked;ijcai-2026-base-15-g257422b
n-puzzle;heavy-cost;46/5;5;3 0 5 4 2 1 7 8 6;0 1 2 3 4 5 6 7 8;45;21;75;209;5;0;19;0.000348;600575;BELA*;                        ? Unchecked;ijcai-2026-base-15-g257422b
n-puzzle;heavy-cost;47/5;5;4 5 3 1 7 0 8 2 6;0 1 2 3 4 5 6 7 8;70;23;98;483;4;0;19;0.000643;751166;BELA*;                        ? Unchecked;ijcai-2026-base-15-g257422b
n-puzzle;heavy-cost;48/5;5;1 8 4 2 3 5 6 0 7;0 1 2 3 4 5 6 7 8;49;21;77;181;5;0;19;0.000303;597360;BELA*;                        ? Unchecked;ijcai-2026-base-15-g257422b
n-puzzle;heavy-cost;49/5;5;4 8 1 0 6 7 3 2 5;0 1 2 3 4 5 6 7 8;73;25;103;853;3;0;19;0.001111;767777;BELA*;                        ? Unchecked;ijcai-2026-base-15-g257422b
n-puzzle;heavy-cost;50/5;5;8 5 3 4 6 1 7 2 0;0 1 2 3 4 5 6 7 8;82;28;110;1131;4;0;19;0.001573;719008;BELA*;                        ? Unchecked;ijcai-2026-base-15-g257422b
n-puzzle;heavy-cost;51/5;5;4 3 7 1 5 2 6 0 8;0 1 2 3 4 5 6 7 8;44;21;74;209;4;0;19;0.000333;627628;BELA*;                        ? Unchecked;ijcai-2026-base-15-g257422b
n-puzzle;heavy-cost;52/5;5;7 4 1 2 3 0 5 8 6;0 1 2 3 4 5 6 7 8;70;33;120;4881;3;0;20;0.006109;798985;BELA*;                        ? Unchecked;ijcai-2026-base-15-g257422b
n-puzzle;heavy-cost;53/5;5;7 5 6 8 2 1 0 4 3;0 1 2 3 4 5 6 7 8;98;28;114;724;5;0;20;0.000905;800000;BELA*;                        ? Unchecked;ijcai-2026-base-15-g257422b
n-puzzle;heavy-cost;54/5;5;2 8 5 0 7 6 1 4 3;0 1 2 3 4 5 6 7 8;74;23;98;327;5;0;20;0.000454;720264;BELA*;                        ? Unchecked;ijcai-2026-base-15-g257422b
n-puzzle;heavy-cost;55/5;5;3 5 2 4 1 6 8 0 7;0 1 2 3 4 5 6 7 8;59;27;101;1229;5;0;20;0.001754;700684;BELA*;                        ? Unchecked;ijcai-2026-base-15-g257422b
n-puzzle;heavy-cost;56/5;5;8 6 1 5 4 3 0 2 7;0 1 2 3 4 5 6 7 8;80;28;116;933;5;0;20;0.00117;797436;BELA*;                        ? Unchecked;ijcai-2026-base-15-g257422b
n-puzzle;heavy-cost;57/5;5;4 6 5 7 3 2 1 0 8;0 1 2 3 4 5 6 7 8;53;29;95;1374;5;0;20;0.001883;729687;BELA*;                        ? Unchecked;ijcai-2026-base-15-g257422b
n-puzzle;heavy-cost;58/5;5;3 7 4 2 8 6 5 0 1;0 1 2 3 4 5 6 7 8;83;27;103;412;5;0;20;0.000612;673203;BELA*;                        ? Unchecked;ijcai-2026-base-15-g257422b
n-puzzle;heavy-cost;59/5;5;8 7 4 5 6 2 3 0 1;0 1 2 3 4 5 6 7 8;84;29;128;4379;5;0;20;0.00538;813941;BELA*;                        ? Unchecked;ijcai-2026-base-15-g257422b
n-puzzle;heavy-cost;60/5;5;6 1 5 3 4 0 8 2 7;0 1 2 3 4 5 6 7 8;46;23;96;1110;5;0;20;0.001469;755616;BELA*;                        ? Unchecked;ijcai-2026-base-15-g257422b
n-puzzle;heavy-cost;61/5;5;4 5 2 8 0 3 1 6 7;0 1 2 3 4 5 6 7 8;64;24;96;821;5;0;20;0.001165;704721;BELA*;                        ? Unchecked;ijcai-2026-base-15-g257422b
n-puzzle;heavy-cost;62/5;5;8 5 4 6 1 2 7 3 0;0 1 2 3 4 5 6 7 8;72;24;116;4859;5;0;20;0.006039;804603;BELA*;                        ? Unchecked;ijcai-2026-base-15-g257422b
n-puzzle;heavy-cost;63/5;5;0 5 8 2 6 7 4 3 1;0 1 2 3 4 5 6 7 8;75;24;85;153;5;0;20;0.000261;586207;BELA*;                        ? Unchecked;ijcai-2026-base-15-g257422b
n-puzzle;heavy-cost;64/5;5;5 0 1 8 7 3 4 6 2;0 1 2 3 4 5 6 7 8;71;25;103;311;3;0;20;0.000448;694196;BELA*;                        ? Unchecked;ijcai-2026-base-15-g257422b
n-puzzle;heavy-cost;65/5;5;7 6 1 3 4 8 0 5 2;0 1 2 3 4 5 6 7 8;62;24;104;770;5;0;20;0.001021;754163;BELA*;                        ? Unchecked;ijcai-2026-base-15-g257422b
n-puzzle;heavy-cost;66/5;5;8 0 7 3 6 5 1 2 4;0 1 2 3 4 5 6 7 8;82;29;116;1216;2;0;20;0.00159;764780;BELA*;                        ? Unchecked;ijcai-2026-base-15-g257422b
n-puzzle;heavy-cost;67/5;5;7 2 8 6 5 1 4 0 3;0 1 2 3 4 5 6 7 8;69;25;103;1181;5;0;20;0.001555;759486;BELA*;                        ? Unchecked;ijcai-2026-base-15-g257422b
n-puzzle;heavy-cost;68/5;5;5 0 3 4 1 8 2 7 6;0 1 2 3 4 5 6 7 8;57;27;91;420;5;0;20;0.000633;663507;BELA*;                        ? Unchecked;ijcai-2026-base-15-g257422b
n-puzzle;heavy-cost;69/5;5;7 8 4 6 3 5 2 1 0;0 1 2 3 4 5 6 7 8;72;28;106;1023;5;0;20;0.001343;761727;BELA*;                        ? Unchecked;ijcai-2026-base-15-g257422b
n-puzzle;heavy-cost;70/5;5;7 0 3 2 8 1 5 4 6;0 1 2 3 4 5 6 7 8;85;23;95;151;5;0;20;0.00025;604000;BELA*;                        ? Unchecked;ijcai-2026-base-15-g257422b
n-puzzle;heavy-cost;71/5;5;1 0 7 3 4 8 2 5 6;0 1 2 3 4 5 6 7 8;60;23;94;542;4;0;20;0.000718;754875;BELA*;                        ? Unchecked;ijcai-2026-base-15-g257422b
n-puzzle;heavy-cost;72/5;5;8 0 7 4 3 6 5 2 1;0 1 2 3 4 5 6 7 8;102;27;118;577;5;0;20;0.000725;795862;BELA*;                        ? Unchecked;ijcai-2026-base-15-g257422b
n-puzzle;heavy-cost;73/5;5;3 7 8 5 1 2 0 6 4;0 1 2 3 4 5 6 7 8;60;28;114;3164;5;0;20;0.00395;801013;BELA*;                        ? Unchecked;ijcai-2026-base-15-g257422b
n-puzzle;heavy-cost;74/5;5;1 6 2 0 7 8 4 5 3;0 1 2 3 4 5 6 7 8;61;19;83;103;5;0;20;0.000196;525510;BELA*;                        ? Unchecked;ijcai-2026-base-15-g257422b
n-puzzle;heavy-cost;75/5;5;6 1 2 3 0 8 4 5 7;0 1 2 3 4 5 6 7 8;45;20;79;273;5;0;20;0.000426;640845;BELA*;                        ? Unchecked;ijcai-2026-base-15-g257422b
n-puzzle;heavy-cost;76/5;5;1 0 7 5 6 4 3 2 8;0 1 2 3 4 5 6 7 8;57;29;93;513;5;0;20;0.000732;700820;BELA*;                        ? Unchecked;ijcai-2026-base-15-g257422b
n-puzzle;heavy-cost;77/5;5;2 7 6 1 4 0 5 3 8;0 1 2 3 4 5 6 7 8;65;29;109;1808;2;0;20;0.002258;800709;BELA*;                        ? Unchecked;ijcai-2026-base-15-g257422b
n-puzzle;heavy-cost;78/5;5;2 3 8 4 0 6 1 5 7;0 1 2 3 4 5 6 7 8;68;24;94;515;4;0;20;0.000696;739943;BELA*;                        ? Unchecked;ijcai-2026-base-15-g257422b
n-puzzle;heavy-cost;79/5;5;0 5 4 6 1 7 8 2 3;0 1 2 3 4 5 6 7 8;70;26;90;252;4;0;20;0.000373;675603;BELA*;                        ? Unchecked;ijcai-2026-base-15-g257422b
n-puzzle;heavy-cost;80/5;5;5 3 4 7 0 1 8 6 2;0 1 2 3 4 5 6 7 8;71;22;87;180;4;0;20;0.000275;654545;BELA*;                        ? Unchecked;ijcai-2026-base-15-g257422b
n-puzzle;heavy-cost;81/5;5;1 7 5 6 8 3 4 2 0;0 1 2 3 4 5 6 7 8;62;26;106;1319;4;0;20;0.001842;716069;BELA*;                        ? Unchecked;ijcai-2026-base-15-g257422b
n-puzzle;heavy-cost;82/5;5;3 1 4 0 5 8 2 7 6;0 1 2 3 4 5 6 7 8;44;23;80;198;5;0;20;0.000335;591045;BELA*;                        ? Unchecked;ijcai-2026-base-15-g257422b
n-puzzle;heavy-cost;83/5;5;4 2 3 0 5 1 8 6 7;0 1 2 3 4 5 6 7 8;55;21;87;310;5;0;20;0.000456;679825;BELA*;                        ? Unchecked;ijcai-2026-base-15-g257422b
n-puzzle;heavy-cost;84/5;5;4 7 3 1 6 5 8 0 2;0 1 2 3 4 5 6 7 8;65;27;105;922;5;0;20;0.001292;713622;BELA*;                        ? Unchecked;ijcai-2026-base-15-g257422b
n-puzzle;heavy-cost;85/5;5;3 6 0 1 5 8 4 2 7;0 1 2 3 4 5 6 7 8;57;22;109;2602;3;0;20;0.003274;794746;BELA*;                        ? Unchecked;ijcai-2026-base-15-g257422b
n-puzzle;heavy-cost;86/5;5;8 6 2 7 5 1 3 0 4;0 1 2 3 4 5 6 7 8;82;29;124;4064;4;0;20;0.005048;805071;BELA*;                        ? Unchecked;ijcai-2026-base-15-g257422b
n-puzzle;heavy-cost;87/5;5;3 2 5 7 6 0 8 1 4;0 1 2 3 4 5 6 7 8;62;19;74;49;4;0;20;0.000126;388889;BELA*;                        ? Unchecked;ijcai-2026-base-15-g257422b
n-puzzle;heavy-cost;88/5;5;1 3 2 4 0 5 8 7 6;0 1 2 3 4 5 6 7 8;39;24;109;2680;5;0;20;0.003417;784314;BELA*;                        ? Unchecked;ijcai-2026-base-15-g257422b
n-puzzle;heavy-cost;89/5;5;0 8 4 3 2 1 6 5 7;0 1 2 3 4 5 6 7 8;55;22;77;132;5;0;20;0.000249;530120;BELA*;                        ? Unchecked;ijcai-2026-base-15-g257422b
n-puzzle;heavy-cost;90/5;5;0 6 1 5 7 8 4 2 3;0 1 2 3 4 5 6 7 8;67;24;99;327;4;0;20;0.000466;701717;BELA*;                        ? Unchecked;ijcai-2026-base-15-g257422b
n-puzzle;heavy-cost;91/5;5;2 1 6 4 5 8 3 0 7;0 1 2 3 4 5 6 7 8;55;25;99;1074;3;0;20;0.001396;769341;BELA*;                        ? Unchecked;ijcai-2026-base-15-g257422b
n-puzzle;heavy-cost;92/5;5;3 7 4 6 1 5 8 0 2;0 1 2 3 4 5 6 7 8;52;23;92;697;4;0;20;0.000941;740701;BELA*;                        ? Unchecked;ijcai-2026-base-15-g257422b
n-puzzle;heavy-cost;93/5;5;7 6 1 3 5 8 2 4 0;0 1 2 3 4 5 6 7 8;65;26;99;571;5;0;20;0.000806;708437;BELA*;                        ? Unchecked;ijcai-2026-base-15-g257422b
n-puzzle;heavy-cost;94/5;5;4 7 8 1 0 3 6 2 5;0 1 2 3 4 5 6 7 8;57;22;103;2057;5;0;20;0.002649;776519;BELA*;                        ? Unchecked;ijcai-2026-base-15-g257422b
n-puzzle;heavy-cost;95/5;5;0 5 8 2 7 4 1 6 3;0 1 2 3 4 5 6 7 8;61;22;85;125;4;0;20;0.000231;541126;BELA*;                        ? Unchecked;ijcai-2026-base-15-g257422b
n-puzzle;heavy-cost;96/5;5;5 2 3 8 7 0 1 6 4;0 1 2 3 4 5 6 7 8;74;25;102;395;5;0;20;0.000562;702847;BELA*;                        ? Unchecked;ijcai-2026-base-15-g257422b
n-puzzle;heavy-cost;97/5;5;8 3 0 4 7 2 6 1 5;0 1 2 3 4 5 6 7 8;58;20;94;285;5;0;20;0.000432;659722;BELA*;                        ? Unchecked;ijcai-2026-base-15-g257422b
n-puzzle;heavy-cost;98/5;5;5 8 6 0 7 4 1 3 2;0 1 2 3 4 5 6 7 8;87;27;115;767;5;0;20;0.000975;786667;BELA*;                        ? Unchecked;ijcai-2026-base-15-g257422b
n-puzzle;heavy-cost;99/5;5;7 5 0 6 3 2 1 8 4;0 1 2 3 4 5 6 7 8;61;28;95;657;3;0;20;0.000904;726770;BELA*;                        ? Unchecked;ijcai-2026-base-15-g257422b
n-puzzle;heavy-cost;0/6;6;5 6 0 8 4 7 1 3 2;0 1 2 3 4 5 6 7 8;84;26;116;517;6;0;20;0.000716;722067;BELA*;                        ? Unchecked;ijcai-2026-base-15-g257422b
n-puzzle;heavy-cost;1/6;6;0 8 6 4 7 1 5 3 2;0 1 2 3 4 5 6 7 8;86;26;116;625;6;0;20;0.000818;764059;BELA*;                        ? Unchecked;ijcai-2026-base-15-g257422b
n-puzzle;heavy-cost;2/6;6;5 2 8 0 7 4 1 3 6;0 1 2 3 4 5 6 7 8;65;25;95;499;6;0;20;0.000704;708807;BELA*;                        ? Unchecked;ijcai-2026-base-15-g257422b
n-puzzle;heavy-cost;3/6;6;7 2 6 0 8 1 5 4 3;0 1 2 3 4 5 6 7 8;93;29;115;658;6;0;20;0.000883;745187;BELA*;                        ? Unchecked;ijcai-2026-base-15-g257422b
n-puzzle;heavy-cost;4/6;6;5 1 8 6 0 7 2 4 3;0 1 2 3 4 5 6 7 8;72;26;94;430;6;0;20;0.000624;689103;BELA*;                        ? Unchecked;ijcai-2026-base-15-g257422b
n-puzzle;heavy-cost;5/6;6;8 0 3 6 4 5 7 2 1;0 1 2 3 4 5 6 7 8;63;27;107;1638;6;0;20;0.002179;751721;BELA*;                        ? Unchecked;ijcai-2026-base-15-g257422b
n-puzzle;heavy-cost;6/6;6;4 2 7 1 5 8 0 6 3;0 1 2 3 4 5 6 7 8;61;20;89;303;5;0;20;0.000467;648822;BELA*;                        ? Unchecked;ijcai-2026-base-15-g257422b
n-puzzle;heavy-cost;7/6;6;4 1 7 3 2 5 6 0 8;0 1 2 3 4 5 6 7 8;33;23;79;536;5;0;20;0.000778;688946;BELA*;                        ? Unchecked;ijcai-2026-base-15-g257422b
n-puzzle;heavy-cost;8/6;6;8 4 0 5 1 6 2 7 3;0 1 2 3 4 5 6 7 8;82;32;128;3108;6;0;20;0.003773;823748;BELA*;                        ? Unchecked;ijcai-2026-base-15-g257422b
n-puzzle;heavy-cost;9/6;6;1 3 0 7 6 2 5 8 4;0 1 2 3 4 5 6 7 8;66;24;94;457;2;0;20;0.000776;588918;BELA*;                        ? Unchecked;ijcai-2026-base-15-g257422b
n-puzzle;heavy-cost;10/6;6;7 0 4 6 8 5 3 1 2;0 1 2 3 4 5 6 7 8;60;31;112;2440;6;0;20;0.003113;783810;BELA*;                        ? Unchecked;ijcai-2026-base-15-g257422b
n-puzzle;heavy-cost;11/6;6;6 1 7 5 8 2 4 3 0;0 1 2 3 4 5 6 7 8;75;28;117;2959;6;0;20;0.003722;795003;BELA*;                        ? Unchecked;ijcai-2026-base-15-g257422b
n-puzzle;heavy-cost;12/6;6;7 5 2 1 6 3 8 0 4;0 1 2 3 4 5 6 7 8;75;27;105;980;6;0;20;0.001303;752111;BELA*;                        ? Unchecked;ijcai-2026-base-15-g257422b
n-puzzle;heavy-cost;13/6;6;6 2 4 0 8 7 5 3 1;0 1 2 3 4 5 6 7 8;76;27;100;526;6;0;20;0.00075;701333;BELA*;                        ? Unchecked;ijcai-2026-base-15-g257422b
n-puzzle;heavy-cost;14/6;6;0 1 6 2 5 7 4 8 3;0 1 2 3 4 5 6 7 8;74;30;114;1778;3;0;20;0.002281;779483;BELA*;                        ? Unchecked;ijcai-2026-base-15-g257422b
n-puzzle;heavy-cost;15/6;6;4 0 3 6 1 2 8 5 7;0 1 2 3 4 5 6 7 8;59;17;75;138;6;0;20;0.00025;552000;BELA*;                        ? Unchecked;ijcai-2026-base-15-g257422b
n-puzzle;heavy-cost;16/6;6;1 5 8 7 6 4 0 3 2;0 1 2 3 4 5 6 7 8;67;24;95;470;5;0;20;0.000675;696296;BELA*;                        ? Unchecked;ijcai-2026-base-15-g257422b
n-puzzle;heavy-cost;17/6;6;2 7 0 8 4 6 3 5 1;0 1 2 3 4 5 6 7 8;76;26;114;484;6;0;20;0.000685;706569;BELA*;                        ? Unchecked;ijcai-2026-base-15-g257422b
n-puzzle;heavy-cost;18/6;6;7 4 8 1 5 6 0 2 3;0 1 2 3 4 5 6 7 8;81;28;105;745;6;0;20;0.000962;774428;BELA*;                        ? Unchecked;ijcai-2026-base-15-g257422b
n-puzzle;heavy-cost;19/6;6;2 3 0 1 4 7 5 6 8;0 1 2 3 4 5 6 7 8;47;26;83;397;6;0;20;0.000604;657285;BELA*;                        ? Unchecked;ijcai-2026-base-15-g257422b
n-puzzle;heavy-cost;20/6;6;2 1 4 5 0 6 8 3 7;0 1 2 3 4 5 6 7 8;69;30;113;3360;6;0;20;0.004302;781032;BELA*;                        ? Unchecked;ijcai-2026-base-15-g257422b
n-puzzle;heavy-cost;21/6;6;8 7 6 2 5 4 1 0 3;0 1 2 3 4 5 6 7 8;97;29;131;2471;5;0;20;0.002806;880613;BELA*;                        ? Unchecked;ijcai-2026-base-15-g257422b
n-puzzle;heavy-cost;22/6;6;2 7 3 1 6 5 4 0 8;0 1 2 3 4 5 6 7 8;49;23;75;154;6;0;20;0.000301;511628;BELA*;                        ? Unchecked;ijcai-2026-base-15-g257422b
n-puzzle;heavy-cost;23/6;6;3 0 4 6 2 1 8 5 7;0 1 2 3 4 5 6 7 8;56;19;80;298;5;0;20;0.000463;643629;BELA*;                        ? Unchecked;ijcai-2026-base-15-g257422b
n-puzzle;heavy-cost;24/6;6;5 3 2 4 8 6 0 1 7;0 1 2 3 4 5 6 7 8;68;26;104;752;3;0;20;0.000983;765005;BELA*;                        ? Unchecked;ijcai-2026-base-15-g257422b
n-puzzle;heavy-cost;25/6;6;1 3 5 2 4 6 8 7 0;0 1 2 3 4 5 6 7 8;52;30;116;3858;6;0;20;0.005071;760797;BELA*;                        ? Unchecked;ijcai-2026-base-15-g257422b
n-puzzle;heavy-cost;26/6;6;8 5 1 4 2 7 6 0 3;0 1 2 3 4 5 6 7 8;74;27;102;722;4;0;20;0.000962;750520;BELA*;                        ? Unchecked;ijcai-2026-base-15-g257422b
n-puzzle;heavy-cost;27/6;6;2 8 5 6 3 1 4 0 7;0 1 2 3 4 5 6 7 8;59;23;87;363;6;0;20;0.000558;650538;BELA*;                        ? Unchecked;ijcai-2026-base-15-g257422b
n-puzzle;heavy-cost;28/6;6;5 0 7 4 2 3 1 6 8;0 1 2 3 4 5 6 7 8;59;21;75;168;5;0;20;0.000271;619926;BELA*;                        ? Unchecked;ijcai-2026-base-15-g257422b
n-puzzle;heavy-cost;29/6;6;3 2 4 7 6 8 5 1 0;0 1 2 3 4 5 6 7 8;64;22;86;261;6;0;20;0.000491;531568;BELA*;                        ? Unchecked;ijcai-2026-base-15-g257422b
n-puzzle;heavy-cost;30/6;6;1 3 2 0 8 6 4 7 5;0 1 2 3 4 5 6 7 8;54;23;90;298;6;0;20;0.000459;649237;BELA*;                        ? Unchecked;ijcai-2026-base-15-g257422b
n-puzzle;heavy-cost;31/6;6;8 2 5 3 7 6 4 0 1;0 1 2 3 4 5 6 7 8;75;25;111;1336;6;0;20;0.001664;802885;BELA*;                        ? Unchecked;ijcai-2026-base-15-g257422b
n-puzzle;heavy-cost;32/6;6;2 4 0 7 5 1 8 6 3;0 1 2 3 4 5 6 7 8;60;24;94;267;6;0;20;0.000433;616628;BELA*;                        ? Unchecked;ijcai-2026-base-15-g257422b
n-puzzle;heavy-cost;33/6;6;0 1 5 2 6 8 7 3 4;0 1 2 3 4 5 6 7 8;52;22;76;164;4;0;20;0.00036;455556;BELA*;                        ? Unchecked;ijcai-2026-base-15-g257422b
n-puzzle;heavy-cost;34/6;6;7 1 5 2 8 6 3 4 0;0 1 2 3 4 5 6 7 8;73;20;85;143;5;0;20;0.000243;588477;BELA*;                        ? Unchecked;ijcai-2026-base-15-g257422b
n-puzzle;heavy-cost;35/6;6;6 3 1 2 8 7 0 4 5;0 1 2 3 4 5 6 7 8;64;24;104;1036;6;0;20;0.001378;751814;BELA*;                        ? Unchecked;ijcai-2026-base-15-g257422b
n-puzzle;heavy-cost;36/6;6;0 3 5 4 8 6 7 2 1;0 1 2 3 4 5 6 7 8;65;24;93;312;5;0;20;0.000447;697987;BELA*;                        ? Unchecked;ijcai-2026-base-15-g257422b
n-puzzle;heavy-cost;37/6;6;8 1 4 0 3 2 5 6 7;0 1 2 3 4 5 6 7 8;73;27;99;825;3;0;20;0.001116;739247;BELA*;                        ? Unchecked;ijcai-2026-base-15-g257422b
n-puzzle;heavy-cost;38/6;6;7 4 1 6 2 8 3 5 0;0 1 2 3 4 5 6 7 8;57;26;103;1591;6;0;20;0.002036;781434;BELA*;                        ? Unchecked;ijcai-2026-base-15-g257422b
n-puzzle;heavy-cost;39/6;6;4 6 8 0 5 1 3 2 7;0 1 2 3 4 5 6 7 8;65;25;95;495;6;0;20;0.00071;697183;BELA*;                        ? Unchecked;ijcai-2026-base-15-g257422b
n-puzzle;heavy-cost;40/6;6;4 2 8 6 0 1 3 5 7;0 1 2 3 4 5 6 7 8;54;24;84;406;4;0;20;0.000607;668863;BELA*;                        ? Unchecked;ijcai-2026-base-15-g257422b
n-puzzle;heavy-cost;41/6;6;3 7 8 4 5 2 6 1 0;0 1 2 3 4 5 6 7 8;46;22;94;579;6;0;20;0.000815;710429;BELA*;                        ? Unchecked;ijcai-2026-base-15-g257422b
n-puzzle;heavy-cost;42/6;6;7 5 6 1 0 3 2 8 4;0 1 2 3 4 5 6 7 8;87;26;97;204;2;0;20;0.000307;664495;BELA*;                        ? Unchecked;ijcai-2026-base-15-g257422b
n-puzzle;heavy-cost;43/6;6;1 6 4 8 5 3 7 2 0;0 1 2 3 4 5 6 7 8;75;26;103;571;4;0;20;0.000776;735825;BELA*;                        ? Unchecked;ijcai-2026-base-15-g257422b
n-puzzle;heavy-cost;44/6;6;2 5 7 1 8 4 3 6 0;0 1 2 3 4 5 6 7 8;66;20;78;67;4;0;20;0.000146;458904;BELA*;                        ? Unchecked;ijcai-2026-base-15-g257422b
n-puzzle;heavy-cost;45/6;6;3 8 4 0 7 1 5 6 2;0 1 2 3 4 5 6 7 8;69;23;99;415;6;0;20;0.000615;674797;BELA*;                        ? Unchecked;ijcai-2026-base-15-g257422b
n-puzzle;heavy-cost;46/6;6;3 0 5 4 2 1 7 8 6;0 1 2 3 4 5 6 7 8;45;21;75;214;6;0;20;0.000361;592798;BELA*;                        ? Unchecked;ijcai-2026-base-15-g257422b
n-puzzle;heavy-cost;47/6;6;4 5 3 1 7 0 8 2 6;0 1 2 3 4 5 6 7 8;70;25;100;496;5;0;20;0.000676;733728;BELA*;                        ? Unchecked;ijcai-2026-base-15-g257422b
n-puzzle;heavy-cost;48/6;6;1 8 4 2 3 5 6 0 7;0 1 2 3 4 5 6 7 8;49;23;79;227;6;0;20;0.000376;603723;BELA*;                        ? Unchecked;ijcai-2026-base-15-g257422b
n-puzzle;heavy-cost;49/6;6;4 8 1 0 6 7 3 2 5;0 1 2 3 4 5 6 7 8;73;27;103;868;4;0;20;0.001144;758741;BELA*;                        ? Unchecked;ijcai-2026-base-15-g257422b
n-puzzle;heavy-cost;50/6;6;8 5 3 4 6 1 7 2 0;0 1 2 3 4 5 6 7 8;82;28;110;1131;5;0;20;0.001454;777854;BELA*;                        ? Unchecked;ijcai-2026-base-15-g257422b
n-puzzle;heavy-cost;51/6;6;4 3 7 1 5 2 6 0 8;0 1 2 3 4 5 6 7 8;44;21;74;209;5;0;20;0.000352;593750;BELA*;                        ? Unchecked;ijcai-2026-base-15-g257422b
n-puzzle;heavy-cost;52/6;6;7 4 1 2 3 0 5 8 6;0 1 2 3 4 5 6 7 8;70;33;120;4881;4;0;21;0.006144;794434;BELA*;                        ? Unchecked;ijcai-2026-base-15-g257422b
n-puzzle;heavy-cost;53/6;6;7 5 6 8 2 1 0 4 3;0 1 2 3 4 5 6 7 8;98;28;114;725;6;0;21;0.000927;782093;BELA*;                        ? Unchecked;ijcai-2026-base-15-g257422b
n-puzzle;heavy-cost;54/6;6;2 8 5 0 7 6 1 4 3;0 1 2 3 4 5 6 7 8;74;25;100;400;6;0;21;0.000714;560224;BELA*;                        ? Unchecked;ijcai-2026-base-15-g257422b
n-puzzle;heavy-cost;55/6;6;3 5 2 4 1 6 8 0 7;0 1 2 3 4 5 6 7 8;59;27;101;1229;6;0;21;0.001633;752603;BELA*;                        ? Unchecked;ijcai-2026-base-15-g257422b
n-puzzle;heavy-cost;56/6;6;8 6 1 5 4 3 0 2 7;0 1 2 3 4 5 6 7 8;80;28;116;933;6;0;21;0.001199;778148;BELA*;                        ? Unchecked;ijcai-2026-base-15-g257422b
n-puzzle;heavy-cost;57/6;6;4 6 5 7 3 2 1 0 8;0 1 2 3 4 5 6 7 8;53;29;95;1374;6;0;21;0.001828;751641;BELA*;                        ? Unchecked;ijcai-2026-base-15-g257422b
n-puzzle;heavy-cost;58/6;6;3 7 4 2 8 6 5 0 1;0 1 2 3 4 5 6 7 8;83;27;103;412;6;0;21;0.000631;652932;BELA*;                        ? Unchecked;ijcai-2026-base-15-g257422b
n-puzzle;heavy-cost;59/6;6;8 7 4 5 6 2 3 0 1;0 1 2 3 4 5 6 7 8;84;29;128;4379;5;0;21;0.005489;797777;BELA*;                        ? Unchecked;ijcai-2026-base-15-g257422b
n-puzzle;heavy-cost;60/6;6;6 1 5 3 4 0 8 2 7;0 1 2 3 4 5 6 7 8;46;25;98;1347;6;0;21;0.001844;730477;BELA*;                        ? Unchecked;ijcai-2026-base-15-g257422b
n-puzzle;heavy-cost;61/6;6;4 5 2 8 0 3 1 6 7;0 1 2 3 4 5 6 7 8;64;24;96;821;6;0;21;0.001103;744334;BELA*;                        ? Unchecked;ijcai-2026-base-15-g257422b
n-puzzle;heavy-cost;62/6;6;8 5 4 6 1 2 7 3 0;0 1 2 3 4 5 6 7 8;72;24;116;5002;6;0;21;0.006429;778037;BELA*;                        ? Unchecked;ijcai-2026-base-15-g257422b
n-puzzle;heavy-cost;63/6;6;0 5 8 2 6 7 4 3 1;0 1 2 3 4 5 6 7 8;75;24;85;153;6;0;21;0.000281;544484;BELA*;                        ? Unchecked;ijcai-2026-base-15-g257422b
n-puzzle;heavy-cost;64/6;6;5 0 1 8 7 3 4 6 2;0 1 2 3 4 5 6 7 8;71;25;103;311;3;0;21;0.000451;689579;BELA*;                        ? Unchecked;ijcai-2026-base-15-g257422b
n-puzzle;heavy-cost;65/6;6;7 6 1 3 4 8 0 5 2;0 1 2 3 4 5 6 7 8;62;24;104;779;6;0;21;0.001123;693678;BELA*;                        ? Unchecked;ijcai-2026-base-15-g257422b
n-puzzle;heavy-cost;66/6;6;8 0 7 3 6 5 1 2 4;0 1 2 3 4 5 6 7 8;82;29;116;1216;2;0;21;0.001524;797900;BELA*;                        ? Unchecked;ijcai-2026-base-15-g257422b
n-puzzle;heavy-cost;67/6;6;7 2 8 6 5 1 4 0 3;0 1 2 3 4 5 6 7 8;69;25;103;1181;6;0;21;0.001588;743703;BELA*;                        ? Unchecked;ijcai-2026-base-15-g257422b
n-puzzle;heavy-cost;68/6;6;5 0 3 4 1 8 2 7 6;0 1 2 3 4 5 6 7 8;57;27;91;420;6;0;21;0.000652;644172;BELA*;                        ? Unchecked;ijcai-2026-base-15-g257422b
n-puzzle;heavy-cost;69/6;6;7 8 4 6 3 5 2 1 0;0 1 2 3 4 5 6 7 8;72;28;106;1084;6;0;21;0.001444;750693;BELA*;                        ? Unchecked;ijcai-2026-base-15-g257422b
n-puzzle;heavy-cost;70/6;6;7 0 3 2 8 1 5 4 6;0 1 2 3 4 5 6 7 8;85;23;95;152;6;0;21;0.000405;375309;BELA*;                        ? Unchecked;ijcai-2026-base-15-g257422b
n-puzzle;heavy-cost;71/6;6;1 0 7 3 4 8 2 5 6;0 1 2 3 4 5 6 7 8;60;25;96;566;5;0;21;0.000769;736021;BELA*;                        ? Unchecked;ijcai-2026-base-15-g257422b
n-puzzle;heavy-cost;72/6;6;8 0 7 4 3 6 5 2 1;0 1 2 3 4 5 6 7 8;102;27;118;577;5;0;21;0.000739;780785;BELA*;                        ? Unchecked;ijcai-2026-base-15-g257422b
n-puzzle;heavy-cost;73/6;6;3 7 8 5 1 2 0 6 4;0 1 2 3 4 5 6 7 8;60;28;114;3164;6;0;21;0.004032;784722;BELA*;                        ? Unchecked;ijcai-2026-base-15-g257422b
n-puzzle;heavy-cost;74/6;6;1 6 2 0 7 8 4 5 3;0 1 2 3 4 5 6 7 8;61;19;83;108;6;0;21;0.000217;497696;BELA*;                        ? Unchecked;ijcai-2026-base-15-g257422b
n-puzzle;heavy-cost;75/6;6;6 1 2 3 0 8 4 5 7;0 1 2 3 4 5 6 7 8;45;22;81;332;6;0;21;0.000526;631179;BELA*;                        ? Unchecked;ijcai-2026-base-15-g257422b
n-puzzle;heavy-cost;76/6;6;1 0 7 5 6 4 3 2 8;0 1 2 3 4 5 6 7 8;57;29;93;513;6;0;21;0.000758;676781;BELA*;                        ? Unchecked;ijcai-2026-base-15-g257422b
n-puzzle;heavy-cost;77/6;6;2 7 6 1 4 0 5 3 8;0 1 2 3 4 5 6 7 8;65;29;109;1808;3;0;21;0.002276;794376;BELA*;                        ? Unchecked;ijcai-2026-base-15-g257422b
n-puzzle;heavy-cost;78/6;6;2 3 8 4 0 6 1 5 7;0 1 2 3 4 5 6 7 8;68;24;94;516;5;0;21;0.000715;721678;BELA*;                        ? Unchecked;ijcai-2026-base-15-g257422b
n-puzzle;heavy-cost;79/6;6;0 5 4 6 1 7 8 2 3;0 1 2 3 4 5 6 7 8;70;26;90;252;5;0;21;0.000396;636364;BELA*;                        ? Unchecked;ijcai-2026-base-15-g257422b
n-puzzle;heavy-cost;80/6;6;5 3 4 7 0 1 8 6 2;0 1 2 3 4 5 6 7 8;71;22;87;180;4;0;21;0.000285;631579;BELA*;                        ? Unchecked;ijcai-2026-base-15-g257422b
n-puzzle;heavy-cost;81/6;6;1 7 5 6 8 3 4 2 0;0 1 2 3 4 5 6 7 8;62;26;106;1319;5;0;21;0.001815;726722;BELA*;                        ? Unchecked;ijcai-2026-base-15-g257422b
n-puzzle;heavy-cost;82/6;6;3 1 4 0 5 8 2 7 6;0 1 2 3 4 5 6 7 8;44;23;82;225;6;0;21;0.000388;579897;BELA*;                        ? Unchecked;ijcai-2026-base-15-g257422b
n-puzzle;heavy-cost;83/6;6;4 2 3 0 5 1 8 6 7;0 1 2 3 4 5 6 7 8;55;21;87;310;6;0;21;0.000473;655391;BELA*;                        ? Unchecked;ijcai-2026-base-15-g257422b
n-puzzle;heavy-cost;84/6;6;4 7 3 1 6 5 8 0 2;0 1 2 3 4 5 6 7 8;65;29;107;1106;6;0;21;0.001471;751869;BELA*;                        ? Unchecked;ijcai-2026-base-15-g257422b
n-puzzle;heavy-cost;85/6;6;3 6 0 1 5 8 4 2 7;0 1 2 3 4 5 6 7 8;57;28;111;2674;4;0;21;0.003441;777100;BELA*;                        ? Unchecked;ijcai-2026-base-15-g257422b
n-puzzle;heavy-cost;86/6;6;8 6 2 7 5 1 3 0 4;0 1 2 3 4 5 6 7 8;82;29;124;4064;5;0;21;0.004956;820016;BELA*;                        ? Unchecked;ijcai-2026-base-15-g257422b
n-puzzle;heavy-cost;87/6;6;3 2 5 7 6 0 8 1 4;0 1 2 3 4 5 6 7 8;62;19;74;49;4;0;21;0.000133;368421;BELA*;                        ? Unchecked;ijcai-2026-base-15-g257422b
n-puzzle;heavy-cost;88/6;6;1 3 2 4 0 5 8 7 6;0 1 2 3 4 5 6 7 8;39;24;109;2680;5;0;21;0.003442;778617;BELA*;                        ? Unchecked;ijcai-2026-base-15-g257422b
n-puzzle;heavy-cost;89/6;6;0 8 4 3 2 1 6 5 7;0 1 2 3 4 5 6 7 8;55;24;79;161;6;0;21;0.000303;531353;BELA*;                        ? Unchecked;ijcai-2026-base-15-g257422b
n-puzzle;heavy-cost;90/6;6;0 6 1 5 7 8 4 2 3;0 1 2 3 4 5 6 7 8;67;24;99;327;5;0;21;0.000508;643701;BELA*;                        ? Unchecked;ijcai-2026-base-15-g257422b
n-puzzle;heavy-cost;91/6;6;2 1 6 4 5 8 3 0 7;0 1 2 3 4 5 6 7 8;55;25;99;1074;3;0;21;0.001408;762784;BELA*;                        ? Unchecked;ijcai-2026-base-15-g257422b
n-puzzle;heavy-cost;92/6;6;3 7 4 6 1 5 8 0 2;0 1 2 3 4 5 6 7 8;52;23;92;697;5;0;21;0.000964;723029;BELA*;                        ? Unchecked;ijcai-2026-base-15-g257422b
n-puzzle;heavy-cost;93/6;6;7 6 1 3 5 8 2 4 0;0 1 2 3 4 5 6 7 8;65;26;99;571;6;0;21;0.000905;630939;BELA*;                        ? Unchecked;ijcai-2026-base-15-g257422b
n-puzzle;heavy-cost;94/6;6;4 7 8 1 0 3 6 2 5;0 1 2 3 4 5 6 7 8;57;22;103;2244;6;0;21;0.002861;784341;BELA*;                        ? Unchecked;ijcai-2026-base-15-g257422b
n-puzzle;heavy-cost;95/6;6;0 5 8 2 7 4 1 6 3;0 1 2 3 4 5 6 7 8;61;22;85;125;5;0;21;0.000251;498008;BELA*;                        ? Unchecked;ijcai-2026-base-15-g257422b
n-puzzle;heavy-cost;96/6;6;5 2 3 8 7 0 1 6 4;0 1 2 3 4 5 6 7 8;74;25;102;395;6;0;21;0.00058;681034;BELA*;                        ? Unchecked;ijcai-2026-base-15-g257422b
n-puzzle;heavy-cost;97/6;6;8 3 0 4 7 2 6 1 5;0 1 2 3 4 5 6 7 8;58;20;94;286;6;0;21;0.000449;636971;BELA*;                        ? Unchecked;ijcai-2026-base-15-g257422b
n-puzzle;heavy-cost;98/6;6;5 8 6 0 7 4 1 3 2;0 1 2 3 4 5 6 7 8;87;27;115;767;6;0;21;0.000997;769308;BELA*;                        ? Unchecked;ijcai-2026-base-15-g257422b
n-puzzle;heavy-cost;99/6;6;7 5 0 6 3 2 1 8 4;0 1 2 3 4 5 6 7 8;61;28;95;657;3;0;21;0.001049;626311;BELA*;                        ? Unchecked;ijcai-2026-base-15-g257422b
n-puzzle;heavy-cost;0/7;7;5 6 0 8 4 7 1 3 2;0 1 2 3 4 5 6 7 8;84;28;118;624;7;0;21;0.00085;734118;BELA*;                        ? Unchecked;ijcai-2026-base-15-g257422b
n-puzzle;heavy-cost;1/7;7;0 8 6 4 7 1 5 3 2;0 1 2 3 4 5 6 7 8;86;26;116;635;7;0;21;0.000848;748821;BELA*;                        ? Unchecked;ijcai-2026-base-15-g257422b
n-puzzle;heavy-cost;2/7;7;5 2 8 0 7 4 1 3 6;0 1 2 3 4 5 6 7 8;65;25;95;499;6;0;21;0.000717;695955;BELA*;                        ? Unchecked;ijcai-2026-base-15-g257422b
n-puzzle;heavy-cost;3/7;7;7 2 6 0 8 1 5 4 3;0 1 2 3 4 5 6 7 8;93;29;115;658;6;0;21;0.000895;735196;BELA*;                        ? Unchecked;ijcai-2026-base-15-g257422b
n-puzzle;heavy-cost;4/7;7;5 1 8 6 0 7 2 4 3;0 1 2 3 4 5 6 7 8;72;28;96;543;7;0;21;0.000778;697943;BELA*;                        ? Unchecked;ijcai-2026-base-15-g257422b
n-puzzle;heavy-cost;5/7;7;8 0 3 6 4 5 7 2 1;0 1 2 3 4 5 6 7 8;63;27;107;1638;6;0;21;0.002133;767932;BELA*;                        ? Unchecked;ijcai-2026-base-15-g257422b
n-puzzle;heavy-cost;6/7;7;4 2 7 1 5 8 0 6 3;0 1 2 3 4 5 6 7 8;61;20;89;303;6;0;21;0.000487;622177;BELA*;                        ? Unchecked;ijcai-2026-base-15-g257422b
n-puzzle;heavy-cost;7/7;7;4 1 7 3 2 5 6 0 8;0 1 2 3 4 5 6 7 8;33;23;79;547;6;0;21;0.000809;676143;BELA*;                        ? Unchecked;ijcai-2026-base-15-g257422b
n-puzzle;heavy-cost;8/7;7;8 4 0 5 1 6 2 7 3;0 1 2 3 4 5 6 7 8;82;32;128;3108;7;0;21;0.00393;790840;BELA*;                        ? Unchecked;ijcai-2026-base-15-g257422b
n-puzzle;heavy-cost;9/7;7;1 3 0 7 6 2 5 8 4;0 1 2 3 4 5 6 7 8;66;26;96;522;3;0;21;0.000814;641278;BELA*;                        ? Unchecked;ijcai-2026-base-15-g257422b
n-puzzle;heavy-cost;10/7;7;7 0 4 6 8 5 3 1 2;0 1 2 3 4 5 6 7 8;60;31;112;2440;7;0;21;0.003123;781300;BELA*;                        ? Unchecked;ijcai-2026-base-15-g257422b
n-puzzle;heavy-cost;11/7;7;6 1 7 5 8 2 4 3 0;0 1 2 3 4 5 6 7 8;75;28;117;2959;7;0;21;0.003828;772989;BELA*;                        ? Unchecked;ijcai-2026-base-15-g257422b
n-puzzle;heavy-cost;12/7;7;7 5 2 1 6 3 8 0 4;0 1 2 3 4 5 6 7 8;75;27;107;1255;7;0;21;0.001641;764778;BELA*;                        ? Unchecked;ijcai-2026-base-15-g257422b
n-puzzle;heavy-cost;13/7;7;6 2 4 0 8 7 5 3 1;0 1 2 3 4 5 6 7 8;76;27;102;589;7;0;21;0.000912;645833;BELA*;                        ? Unchecked;ijcai-2026-base-15-g257422b
n-puzzle;heavy-cost;14/7;7;0 1 6 2 5 7 4 8 3;0 1 2 3 4 5 6 7 8;74;30;114;1778;4;0;21;0.002259;787074;BELA*;                        ? Unchecked;ijcai-2026-base-15-g257422b
n-puzzle;heavy-cost;15/7;7;4 0 3 6 1 2 8 5 7;0 1 2 3 4 5 6 7 8;59;17;75;144;7;0;21;0.000267;539326;BELA*;                        ? Unchecked;ijcai-2026-base-15-g257422b
n-puzzle;heavy-cost;16/7;7;1 5 8 7 6 4 0 3 2;0 1 2 3 4 5 6 7 8;67;24;95;470;5;0;21;0.000675;696296;BELA*;                        ? Unchecked;ijcai-2026-base-15-g257422b
n-puzzle;heavy-cost;17/7;7;2 7 0 8 4 6 3 5 1;0 1 2 3 4 5 6 7 8;76;26;114;485;7;0;21;0.000708;685028;BELA*;                        ? Unchecked;ijcai-2026-base-15-g257422b
n-puzzle;heavy-cost;18/7;7;7 4 8 1 5 6 0 2 3;0 1 2 3 4 5 6 7 8;81;28;105;745;6;0;21;0.000978;761759;BELA*;                        ? Unchecked;ijcai-2026-base-15-g257422b
n-puzzle;heavy-cost;19/7;7;2 3 0 1 4 7 5 6 8;0 1 2 3 4 5 6 7 8;47;26;83;397;7;0;21;0.000764;519634;BELA*;                        ? Unchecked;ijcai-2026-base-15-g257422b
n-puzzle;heavy-cost;20/7;7;2 1 4 5 0 6 8 3 7;0 1 2 3 4 5 6 7 8;69;30;113;3360;7;0;21;0.004331;775802;BELA*;                        ? Unchecked;ijcai-2026-base-15-g257422b
n-puzzle;heavy-cost;21/7;7;8 7 6 2 5 4 1 0 3;0 1 2 3 4 5 6 7 8;97;29;131;2471;5;0;21;0.002833;872220;BELA*;                        ? Unchecked;ijcai-2026-base-15-g257422b
n-puzzle;heavy-cost;22/7;7;2 7 3 1 6 5 4 0 8;0 1 2 3 4 5 6 7 8;49;25;77;192;7;0;21;0.000366;524590;BELA*;                        ? Unchecked;ijcai-2026-base-15-g257422b
n-puzzle;heavy-cost;23/7;7;3 0 4 6 2 1 8 5 7;0 1 2 3 4 5 6 7 8;56;19;80;302;6;0;21;0.000483;625259;BELA*;                        ? Unchecked;ijcai-2026-base-15-g257422b
n-puzzle;heavy-cost;24/7;7;5 3 2 4 8 6 0 1 7;0 1 2 3 4 5 6 7 8;68;26;104;752;4;0;21;0.001154;651646;BELA*;                        ? Unchecked;ijcai-2026-base-15-g257422b
n-puzzle;heavy-cost;25/7;7;1 3 5 2 4 6 8 7 0;0 1 2 3 4 5 6 7 8;52;30;116;3858;6;0;21;0.004967;776726;BELA*;                        ? Unchecked;ijcai-2026-base-15-g257422b
n-puzzle;heavy-cost;26/7;7;8 5 1 4 2 7 6 0 3;0 1 2 3 4 5 6 7 8;74;27;102;722;4;0;21;0.000983;734486;BELA*;                        ? Unchecked;ijcai-2026-base-15-g257422b
n-puzzle;heavy-cost;27/7;7;2 8 5 6 3 1 4 0 7;0 1 2 3 4 5 6 7 8;59;25;89;472;7;0;21;0.00072;655556;BELA*;                        ? Unchecked;ijcai-2026-base-15-g257422b
n-puzzle;heavy-cost;28/7;7;5 0 7 4 2 3 1 6 8;0 1 2 3 4 5 6 7 8;59;21;75;168;6;0;21;0.000288;583333;BELA*;                        ? Unchecked;ijcai-2026-base-15-g257422b
n-puzzle;heavy-cost;29/7;7;3 2 4 7 6 8 5 1 0;0 1 2 3 4 5 6 7 8;64;22;86;261;6;0;21;0.000429;608392;BELA*;                        ? Unchecked;ijcai-2026-base-15-g257422b
n-puzzle;heavy-cost;30/7;7;1 3 2 0 8 6 4 7 5;0 1 2 3 4 5 6 7 8;54;23;90;298;7;0;21;0.00048;620833;BELA*;                        ? Unchecked;ijcai-2026-base-15-g257422b
n-puzzle;heavy-cost;31/7;7;8 2 5 3 7 6 4 0 1;0 1 2 3 4 5 6 7 8;75;25;111;1336;7;0;21;0.001824;732456;BELA*;                        ? Unchecked;ijcai-2026-base-15-g257422b
n-puzzle;heavy-cost;32/7;7;2 4 0 7 5 1 8 6 3;0 1 2 3 4 5 6 7 8;60;24;94;284;7;0;21;0.00047;604255;BELA*;                        ? Unchecked;ijcai-2026-base-15-g257422b
n-puzzle;heavy-cost;33/7;7;0 1 5 2 6 8 7 3 4;0 1 2 3 4 5 6 7 8;52;22;76;164;4;0;21;0.000305;537705;BELA*;                        ? Unchecked;ijcai-2026-base-15-g257422b
n-puzzle;heavy-cost;34/7;7;7 1 5 2 8 6 3 4 0;0 1 2 3 4 5 6 7 8;73;20;85;143;5;0;21;0.000253;565217;BELA*;                        ? Unchecked;ijcai-2026-base-15-g257422b
n-puzzle;heavy-cost;35/7;7;6 3 1 2 8 7 0 4 5;0 1 2 3 4 5 6 7 8;64;24;104;1038;7;0;21;0.001403;739843;BELA*;                        ? Unchecked;ijcai-2026-base-15-g257422b
n-puzzle;heavy-cost;36/7;7;0 3 5 4 8 6 7 2 1;0 1 2 3 4 5 6 7 8;65;24;93;312;5;0;21;0.000454;687225;BELA*;                        ? Unchecked;ijcai-2026-base-15-g257422b
n-puzzle;heavy-cost;37/7;7;8 1 4 0 3 2 5 6 7;0 1 2 3 4 5 6 7 8;73;27;99;825;3;0;21;0.001106;745931;BELA*;                        ? Unchecked;ijcai-2026-base-15-g257422b
n-puzzle;heavy-cost;38/7;7;7 4 1 6 2 8 3 5 0;0 1 2 3 4 5 6 7 8;57;26;103;1591;6;0;21;0.00206;772330;BELA*;                        ? Unchecked;ijcai-2026-base-15-g257422b
n-puzzle;heavy-cost;39/7;7;4 6 8 0 5 1 3 2 7;0 1 2 3 4 5 6 7 8;65;25;95;495;6;0;21;0.000725;682759;BELA*;                        ? Unchecked;ijcai-2026-base-15-g257422b
n-puzzle;heavy-cost;40/7;7;4 2 8 6 0 1 3 5 7;0 1 2 3 4 5 6 7 8;54;24;84;406;5;0;21;0.000627;647528;BELA*;                        ? Unchecked;ijcai-2026-base-15-g257422b
n-puzzle;heavy-cost;41/7;7;3 7 8 4 5 2 6 1 0;0 1 2 3 4 5 6 7 8;46;22;94;579;7;0;21;0.000833;695078;BELA*;                        ? Unchecked;ijcai-2026-base-15-g257422b
n-puzzle;heavy-cost;42/7;7;7 5 6 1 0 3 2 8 4;0 1 2 3 4 5 6 7 8;87;26;97;204;2;0;21;0.000318;641509;BELA*;                        ? Unchecked;ijcai-2026-base-15-g257422b
n-puzzle;heavy-cost;43/7;7;1 6 4 8 5 3 7 2 0;0 1 2 3 4 5 6 7 8;75;26;103;571;5;0;21;0.000804;710199;BELA*;                        ? Unchecked;ijcai-2026-base-15-g257422b
n-puzzle;heavy-cost;44/7;7;2 5 7 1 8 4 3 6 0;0 1 2 3 4 5 6 7 8;66;18;78;69;5;0;21;0.000161;428571;BELA*;                        ? Unchecked;ijcai-2026-base-15-g257422b
n-puzzle;heavy-cost;45/7;7;3 8 4 0 7 1 5 6 2;0 1 2 3 4 5 6 7 8;69;23;99;415;6;0;21;0.000621;668277;BELA*;                        ? Unchecked;ijcai-2026-base-15-g257422b
n-puzzle;heavy-cost;46/7;7;3 0 5 4 2 1 7 8 6;0 1 2 3 4 5 6 7 8;45;21;75;214;7;0;21;0.000377;567639;BELA*;                        ? Unchecked;ijcai-2026-base-15-g257422b
n-puzzle;heavy-cost;47/7;7;4 5 3 1 7 0 8 2 6;0 1 2 3 4 5 6 7 8;70;25;100;496;5;0;21;0.000756;656085;BELA*;                        ? Unchecked;ijcai-2026-base-15-g257422b
n-puzzle;heavy-cost;48/7;7;1 8 4 2 3 5 6 0 7;0 1 2 3 4 5 6 7 8;49;23;79;227;6;0;21;0.000389;583548;BELA*;                        ? Unchecked;ijcai-2026-base-15-g257422b
n-puzzle;heavy-cost;49/7;7;4 8 1 0 6 7 3 2 5;0 1 2 3 4 5 6 7 8;73;27;103;868;4;0;21;0.001157;750216;BELA*;                        ? Unchecked;ijcai-2026-base-15-g257422b
n-puzzle;heavy-cost;50/7;7;8 5 3 4 6 1 7 2 0;0 1 2 3 4 5 6 7 8;82;28;110;1134;6;0;21;0.001483;764666;BELA*;                        ? Unchecked;ijcai-2026-base-15-g257422b
n-puzzle;heavy-cost;51/7;7;4 3 7 1 5 2 6 0 8;0 1 2 3 4 5 6 7 8;44;21;74;209;6;0;21;0.000363;575758;BELA*;                        ? Unchecked;ijcai-2026-base-15-g257422b
n-puzzle;heavy-cost;52/7;7;7 4 1 2 3 0 5 8 6;0 1 2 3 4 5 6 7 8;70;33;120;4881;4;0;21;0.006248;781210;BELA*;                        ? Unchecked;ijcai-2026-base-15-g257422b
n-puzzle;heavy-cost;53/7;7;7 5 6 8 2 1 0 4 3;0 1 2 3 4 5 6 7 8;98;30;116;998;7;0;21;0.001271;785208;BELA*;                        ? Unchecked;ijcai-2026-base-15-g257422b
n-puzzle;heavy-cost;54/7;7;2 8 5 0 7 6 1 4 3;0 1 2 3 4 5 6 7 8;74;25;100;400;6;0;21;0.000589;679117;BELA*;                        ? Unchecked;ijcai-2026-base-15-g257422b
n-puzzle;heavy-cost;55/7;7;3 5 2 4 1 6 8 0 7;0 1 2 3 4 5 6 7 8;59;27;101;1229;7;0;21;0.00167;735928;BELA*;                        ? Unchecked;ijcai-2026-base-15-g257422b
n-puzzle;heavy-cost;56/7;7;8 6 1 5 4 3 0 2 7;0 1 2 3 4 5 6 7 8;80;28;116;933;7;0;21;0.001218;766010;BELA*;                        ? Unchecked;ijcai-2026-base-15-g257422b
n-puzzle;heavy-cost;57/7;7;4 6 5 7 3 2 1 0 8;0 1 2 3 4 5 6 7 8;53;29;95;1394;7;0;21;0.002023;689076;BELA*;                        ? Unchecked;ijcai-2026-base-15-g257422b
n-puzzle;heavy-cost;58/7;7;3 7 4 2 8 6 5 0 1;0 1 2 3 4 5 6 7 8;83;27;103;412;6;0;21;0.000643;640747;BELA*;                        ? Unchecked;ijcai-2026-base-15-g257422b
n-puzzle;heavy-cost;59/7;7;8 7 4 5 6 2 3 0 1;0 1 2 3 4 5 6 7 8;84;29;128;4379;6;0;21;0.005493;797196;BELA*;                        ? Unchecked;ijcai-2026-base-15-g257422b
n-puzzle;heavy-cost;60/7;7;6 1 5 3 4 0 8 2 7;0 1 2 3 4 5 6 7 8;46;25;98;1347;6;0;21;0.001785;754622;BELA*;                        ? Unchecked;ijcai-2026-base-15-g257422b
n-puzzle;heavy-cost;61/7;7;4 5 2 8 0 3 1 6 7;0 1 2 3 4 5 6 7 8;64;24;96;828;7;0;21;0.001138;727592;BELA*;                        ? Unchecked;ijcai-2026-base-15-g257422b
n-puzzle;heavy-cost;62/7;7;8 5 4 6 1 2 7 3 0;0 1 2 3 4 5 6 7 8;72;24;116;5002;6;0;21;0.006348;787965;BELA*;                        ? Unchecked;ijcai-2026-base-15-g257422b
n-puzzle;heavy-cost;63/7;7;0 5 8 2 6 7 4 3 1;0 1 2 3 4 5 6 7 8;75;24;85;153;6;0;21;0.000293;522184;BELA*;                        ? Unchecked;ijcai-2026-base-15-g257422b
n-puzzle;heavy-cost;64/7;7;5 0 1 8 7 3 4 6 2;0 1 2 3 4 5 6 7 8;71;27;105;381;4;0;21;0.000568;670775;BELA*;                        ? Unchecked;ijcai-2026-base-15-g257422b
n-puzzle;heavy-cost;65/7;7;7 6 1 3 4 8 0 5 2;0 1 2 3 4 5 6 7 8;62;24;104;784;7;0;21;0.001079;726599;BELA*;                        ? Unchecked;ijcai-2026-base-15-g257422b
n-puzzle;heavy-cost;66/7;7;8 0 7 3 6 5 1 2 4;0 1 2 3 4 5 6 7 8;82;29;116;1216;3;0;21;0.001552;783505;BELA*;                        ? Unchecked;ijcai-2026-base-15-g257422b
n-puzzle;heavy-cost;67/7;7;7 2 8 6 5 1 4 0 3;0 1 2 3 4 5 6 7 8;69;25;103;1212;7;0;21;0.0017;712941;BELA*;                        ? Unchecked;ijcai-2026-base-15-g257422b
n-puzzle;heavy-cost;68/7;7;5 0 3 4 1 8 2 7 6;0 1 2 3 4 5 6 7 8;57;27;91;420;7;0;21;0.000673;624071;BELA*;                        ? Unchecked;ijcai-2026-base-15-g257422b
n-puzzle;heavy-cost;69/7;7;7 8 4 6 3 5 2 1 0;0 1 2 3 4 5 6 7 8;72;28;106;1084;7;0;21;0.001471;736914;BELA*;                        ? Unchecked;ijcai-2026-base-15-g257422b
n-puzzle;heavy-cost;70/7;7;7 0 3 2 8 1 5 4 6;0 1 2 3 4 5 6 7 8;85;25;97;170;7;0;21;0.000309;550162;BELA*;                        ? Unchecked;ijcai-2026-base-15-g257422b
n-puzzle;heavy-cost;71/7;7;1 0 7 3 4 8 2 5 6;0 1 2 3 4 5 6 7 8;60;25;96;566;5;0;21;0.000797;710163;BELA*;                        ? Unchecked;ijcai-2026-base-15-g257422b
n-puzzle;heavy-cost;72/7;7;8 0 7 4 3 6 5 2 1;0 1 2 3 4 5 6 7 8;102;27;118;588;6;0;21;0.000771;762646;BELA*;                        ? Unchecked;ijcai-2026-base-15-g257422b
n-puzzle;heavy-cost;73/7;7;3 7 8 5 1 2 0 6 4;0 1 2 3 4 5 6 7 8;60;28;114;3262;7;0;21;0.004368;746795;BELA*;                        ? Unchecked;ijcai-2026-base-15-g257422b
n-puzzle;heavy-cost;74/7;7;1 6 2 0 7 8 4 5 3;0 1 2 3 4 5 6 7 8;61;21;85;125;7;0;21;0.00025;500000;BELA*;                        ? Unchecked;ijcai-2026-base-15-g257422b
n-puzzle;heavy-cost;75/7;7;6 1 2 3 0 8 4 5 7;0 1 2 3 4 5 6 7 8;45;22;81;332;7;0;21;0.000609;545156;BELA*;                        ? Unchecked;ijcai-2026-base-15-g257422b
n-puzzle;heavy-cost;76/7;7;1 0 7 5 6 4 3 2 8;0 1 2 3 4 5 6 7 8;57;29;93;513;7;0;21;0.000778;659383;BELA*;                        ? Unchecked;ijcai-2026-base-15-g257422b
n-puzzle;heavy-cost;77/7;7;2 7 6 1 4 0 5 3 8;0 1 2 3 4 5 6 7 8;65;29;109;1808;3;0;21;0.002302;785404;BELA*;                        ? Unchecked;ijcai-2026-base-15-g257422b
n-puzzle;heavy-cost;78/7;7;2 3 8 4 0 6 1 5 7;0 1 2 3 4 5 6 7 8;68;24;94;516;6;0;21;0.000736;701087;BELA*;                        ? Unchecked;ijcai-2026-base-15-g257422b
n-puzzle;heavy-cost;79/7;7;0 5 4 6 1 7 8 2 3;0 1 2 3 4 5 6 7 8;70;26;90;252;5;0;21;0.00041;614634;BELA*;                        ? Unchecked;ijcai-2026-base-15-g257422b
n-puzzle;heavy-cost;80/7;7;5 3 4 7 0 1 8 6 2;0 1 2 3 4 5 6 7 8;71;22;87;180;5;0;21;0.000304;592105;BELA*;                        ? Unchecked;ijcai-2026-base-15-g257422b
n-puzzle;heavy-cost;81/7;7;1 7 5 6 8 3 4 2 0;0 1 2 3 4 5 6 7 8;62;26;106;1319;5;0;21;0.0019;694211;BELA*;                        ? Unchecked;ijcai-2026-base-15-g257422b
n-puzzle;heavy-cost;82/7;7;3 1 4 0 5 8 2 7 6;0 1 2 3 4 5 6 7 8;44;23;82;225;7;0;21;0.000405;555556;BELA*;                        ? Unchecked;ijcai-2026-base-15-g257422b
n-puzzle;heavy-cost;83/7;7;4 2 3 0 5 1 8 6 7;0 1 2 3 4 5 6 7 8;55;23;89;365;7;0;21;0.000559;652952;BELA*;                        ? Unchecked;ijcai-2026-base-15-g257422b
n-puzzle;heavy-cost;84/7;7;4 7 3 1 6 5 8 0 2;0 1 2 3 4 5 6 7 8;65;29;107;1106;6;0;21;0.001488;743280;BELA*;                        ? Unchecked;ijcai-2026-base-15-g257422b
n-puzzle;heavy-cost;85/7;7;3 6 0 1 5 8 4 2 7;0 1 2 3 4 5 6 7 8;57;28;111;2674;5;0;21;0.003411;783934;BELA*;                        ? Unchecked;ijcai-2026-base-15-g257422b
n-puzzle;heavy-cost;86/7;7;8 6 2 7 5 1 3 0 4;0 1 2 3 4 5 6 7 8;82;29;124;4064;5;0;21;0.0051;796863;BELA*;                        ? Unchecked;ijcai-2026-base-15-g257422b
n-puzzle;heavy-cost;87/7;7;3 2 5 7 6 0 8 1 4;0 1 2 3 4 5 6 7 8;62;19;74;49;5;0;21;0.000148;331081;BELA*;                        ? Unchecked;ijcai-2026-base-15-g257422b
n-puzzle;heavy-cost;88/7;7;1 3 2 4 0 5 8 7 6;0 1 2 3 4 5 6 7 8;39;24;109;2680;6;0;21;0.003474;771445;BELA*;                        ? Unchecked;ijcai-2026-base-15-g257422b
n-puzzle;heavy-cost;89/7;7;0 8 4 3 2 1 6 5 7;0 1 2 3 4 5 6 7 8;55;24;79;161;7;0;21;0.000352;457386;BELA*;                        ? Unchecked;ijcai-2026-base-15-g257422b
n-puzzle;heavy-cost;90/7;7;0 6 1 5 7 8 4 2 3;0 1 2 3 4 5 6 7 8;67;24;99;351;6;0;21;0.000524;669847;BELA*;                        ? Unchecked;ijcai-2026-base-15-g257422b
n-puzzle;heavy-cost;91/7;7;2 1 6 4 5 8 3 0 7;0 1 2 3 4 5 6 7 8;55;25;99;1074;4;0;21;0.001435;748432;BELA*;                        ? Unchecked;ijcai-2026-base-15-g257422b
n-puzzle;heavy-cost;92/7;7;3 7 4 6 1 5 8 0 2;0 1 2 3 4 5 6 7 8;52;23;92;697;5;0;21;0.001042;668906;BELA*;                        ? Unchecked;ijcai-2026-base-15-g257422b
n-puzzle;heavy-cost;93/7;7;7 6 1 3 5 8 2 4 0;0 1 2 3 4 5 6 7 8;65;26;99;571;7;0;21;0.000855;667836;BELA*;                        ? Unchecked;ijcai-2026-base-15-g257422b
n-puzzle;heavy-cost;94/7;7;4 7 8 1 0 3 6 2 5;0 1 2 3 4 5 6 7 8;57;24;105;2264;7;0;21;0.002993;756432;BELA*;                        ? Unchecked;ijcai-2026-base-15-g257422b
n-puzzle;heavy-cost;95/7;7;0 5 8 2 7 4 1 6 3;0 1 2 3 4 5 6 7 8;61;22;85;125;6;0;21;0.000266;469925;BELA*;                        ? Unchecked;ijcai-2026-base-15-g257422b
n-puzzle;heavy-cost;96/7;7;5 2 3 8 7 0 1 6 4;0 1 2 3 4 5 6 7 8;74;25;102;395;6;0;21;0.000591;668359;BELA*;                        ? Unchecked;ijcai-2026-base-15-g257422b
n-puzzle;heavy-cost;97/7;7;8 3 0 4 7 2 6 1 5;0 1 2 3 4 5 6 7 8;58;22;96;384;7;0;21;0.000574;668990;BELA*;                        ? Unchecked;ijcai-2026-base-15-g257422b
n-puzzle;heavy-cost;98/7;7;5 8 6 0 7 4 1 3 2;0 1 2 3 4 5 6 7 8;87;25;115;817;7;0;21;0.001114;733393;BELA*;                        ? Unchecked;ijcai-2026-base-15-g257422b
n-puzzle;heavy-cost;99/7;7;7 5 0 6 3 2 1 8 4;0 1 2 3 4 5 6 7 8;61;28;95;657;4;0;21;0.000928;707974;BELA*;                        ? Unchecked;ijcai-2026-base-15-g257422b
n-puzzle;heavy-cost;0/8;8;5 6 0 8 4 7 1 3 2;0 1 2 3 4 5 6 7 8;84;28;118;624;7;0;21;0.00087;717241;BELA*;                        ? Unchecked;ijcai-2026-base-15-g257422b
n-puzzle;heavy-cost;1/8;8;0 8 6 4 7 1 5 3 2;0 1 2 3 4 5 6 7 8;86;26;116;651;8;0;21;0.001021;637610;BELA*;                        ? Unchecked;ijcai-2026-base-15-g257422b
n-puzzle;heavy-cost;2/8;8;5 2 8 0 7 4 1 3 6;0 1 2 3 4 5 6 7 8;65;25;95;499;7;0;21;0.000736;677989;BELA*;                        ? Unchecked;ijcai-2026-base-15-g257422b
n-puzzle;heavy-cost;3/8;8;7 2 6 0 8 1 5 4 3;0 1 2 3 4 5 6 7 8;93;29;115;658;7;0;21;0.000921;714441;BELA*;                        ? Unchecked;ijcai-2026-base-15-g257422b
n-puzzle;heavy-cost;4/8;8;5 1 8 6 0 7 2 4 3;0 1 2 3 4 5 6 7 8;72;28;96;543;7;0;21;0.000794;683879;BELA*;                        ? Unchecked;ijcai-2026-base-15-g257422b
n-puzzle;heavy-cost;5/8;8;8 0 3 6 4 5 7 2 1;0 1 2 3 4 5 6 7 8;63;27;107;1638;6;0;21;0.002213;740172;BELA*;                        ? Unchecked;ijcai-2026-base-15-g257422b
n-puzzle;heavy-cost;6/8;8;4 2 7 1 5 8 0 6 3;0 1 2 3 4 5 6 7 8;61;20;89;311;7;0;21;0.000513;606238;BELA*;                        ? Unchecked;ijcai-2026-base-15-g257422b
n-puzzle;heavy-cost;7/8;8;4 1 7 3 2 5 6 0 8;0 1 2 3 4 5 6 7 8;33;23;79;547;6;0;21;0.000828;660628;BELA*;                        ? Unchecked;ijcai-2026-base-15-g257422b
n-puzzle;heavy-cost;8/8;8;8 4 0 5 1 6 2 7 3;0 1 2 3 4 5 6 7 8;82;32;128;3108;7;0;21;0.003966;783661;BELA*;                        ? Unchecked;ijcai-2026-base-15-g257422b
n-puzzle;heavy-cost;9/8;8;1 3 0 7 6 2 5 8 4;0 1 2 3 4 5 6 7 8;66;26;96;522;3;0;21;0.000754;692308;BELA*;                        ? Unchecked;ijcai-2026-base-15-g257422b
n-puzzle;heavy-cost;10/8;8;7 0 4 6 8 5 3 1 2;0 1 2 3 4 5 6 7 8;60;31;112;2440;8;0;21;0.003223;757059;BELA*;                        ? Unchecked;ijcai-2026-base-15-g257422b
n-puzzle;heavy-cost;11/8;8;6 1 7 5 8 2 4 3 0;0 1 2 3 4 5 6 7 8;75;28;117;2959;7;0;21;0.003723;794789;BELA*;                        ? Unchecked;ijcai-2026-base-15-g257422b
n-puzzle;heavy-cost;12/8;8;7 5 2 1 6 3 8 0 4;0 1 2 3 4 5 6 7 8;75;27;107;1255;8;0;21;0.001782;704265;BELA*;                        ? Unchecked;ijcai-2026-base-15-g257422b
n-puzzle;heavy-cost;13/8;8;6 2 4 0 8 7 5 3 1;0 1 2 3 4 5 6 7 8;76;29;102;589;8;0;21;0.000873;674685;BELA*;                        ? Unchecked;ijcai-2026-base-15-g257422b
n-puzzle;heavy-cost;14/8;8;0 1 6 2 5 7 4 8 3;0 1 2 3 4 5 6 7 8;74;30;114;1778;4;0;21;0.002354;755310;BELA*;                        ? Unchecked;ijcai-2026-base-15-g257422b
n-puzzle;heavy-cost;15/8;8;4 0 3 6 1 2 8 5 7;0 1 2 3 4 5 6 7 8;59;17;75;149;8;0;21;0.000284;524648;BELA*;                        ? Unchecked;ijcai-2026-base-15-g257422b
n-puzzle;heavy-cost;16/8;8;1 5 8 7 6 4 0 3 2;0 1 2 3 4 5 6 7 8;67;24;95;470;6;0;21;0.000695;676259;BELA*;                        ? Unchecked;ijcai-2026-base-15-g257422b
n-puzzle;heavy-cost;17/8;8;2 7 0 8 4 6 3 5 1;0 1 2 3 4 5 6 7 8;76;28;116;665;8;0;21;0.000962;691268;BELA*;                        ? Unchecked;ijcai-2026-base-15-g257422b
n-puzzle;heavy-cost;18/8;8;7 4 8 1 5 6 0 2 3;0 1 2 3 4 5 6 7 8;81;28;105;745;6;0;21;0.000991;751766;BELA*;                        ? Unchecked;ijcai-2026-base-15-g257422b
n-puzzle;heavy-cost;19/8;8;2 3 0 1 4 7 5 6 8;0 1 2 3 4 5 6 7 8;47;28;85;443;8;0;21;0.000699;633763;BELA*;                        ? Unchecked;ijcai-2026-base-15-g257422b
n-puzzle;heavy-cost;20/8;8;2 1 4 5 0 6 8 3 7;0 1 2 3 4 5 6 7 8;69;28;113;3360;8;0;21;0.004413;761387;BELA*;                        ? Unchecked;ijcai-2026-base-15-g257422b
n-puzzle;heavy-cost;21/8;8;8 7 6 2 5 4 1 0 3;0 1 2 3 4 5 6 7 8;97;29;131;2471;5;0;21;0.002841;869764;BELA*;                        ? Unchecked;ijcai-2026-base-15-g257422b
n-puzzle;heavy-cost;22/8;8;2 7 3 1 6 5 4 0 8;0 1 2 3 4 5 6 7 8;49;25;77;192;7;0;21;0.000376;510638;BELA*;                        ? Unchecked;ijcai-2026-base-15-g257422b
n-puzzle;heavy-cost;23/8;8;3 0 4 6 2 1 8 5 7;0 1 2 3 4 5 6 7 8;56;19;80;302;6;0;21;0.000491;615071;BELA*;                        ? Unchecked;ijcai-2026-base-15-g257422b
n-puzzle;heavy-cost;24/8;8;5 3 2 4 8 6 0 1 7;0 1 2 3 4 5 6 7 8;68;26;104;752;4;0;21;0.001027;732230;BELA*;                        ? Unchecked;ijcai-2026-base-15-g257422b
n-puzzle;heavy-cost;25/8;8;1 3 5 2 4 6 8 7 0;0 1 2 3 4 5 6 7 8;52;30;116;3858;7;0;21;0.005043;765021;BELA*;                        ? Unchecked;ijcai-2026-base-15-g257422b
n-puzzle;heavy-cost;26/8;8;8 5 1 4 2 7 6 0 3;0 1 2 3 4 5 6 7 8;74;27;102;722;5;0;21;0.001002;720559;BELA*;                        ? Unchecked;ijcai-2026-base-15-g257422b
n-puzzle;heavy-cost;27/8;8;2 8 5 6 3 1 4 0 7;0 1 2 3 4 5 6 7 8;59;25;89;472;7;0;21;0.000725;651034;BELA*;                        ? Unchecked;ijcai-2026-base-15-g257422b
n-puzzle;heavy-cost;28/8;8;5 0 7 4 2 3 1 6 8;0 1 2 3 4 5 6 7 8;59;21;75;168;6;0;21;0.000298;563758;BELA*;                        ? Unchecked;ijcai-2026-base-15-g257422b
n-puzzle;heavy-cost;29/8;8;3 2 4 7 6 8 5 1 0;0 1 2 3 4 5 6 7 8;64;22;86;261;6;0;21;0.000458;569869;BELA*;                        ? Unchecked;ijcai-2026-base-15-g257422b
n-puzzle;heavy-cost;30/8;8;1 3 2 0 8 6 4 7 5;0 1 2 3 4 5 6 7 8;54;23;90;298;7;0;21;0.000494;603239;BELA*;                        ? Unchecked;ijcai-2026-base-15-g257422b
n-puzzle;heavy-cost;31/8;8;8 2 5 3 7 6 4 0 1;0 1 2 3 4 5 6 7 8;75;25;111;1342;8;0;21;0.001713;783421;BELA*;                        ? Unchecked;ijcai-2026-base-15-g257422b
n-puzzle;heavy-cost;32/8;8;2 4 0 7 5 1 8 6 3;0 1 2 3 4 5 6 7 8;60;24;96;358;8;0;21;0.000696;514368;BELA*;                        ? Unchecked;ijcai-2026-base-15-g257422b
n-puzzle;heavy-cost;33/8;8;0 1 5 2 6 8 7 3 4;0 1 2 3 4 5 6 7 8;52;22;76;164;5;0;21;0.000322;509317;BELA*;                        ? Unchecked;ijcai-2026-base-15-g257422b
n-puzzle;heavy-cost;34/8;8;7 1 5 2 8 6 3 4 0;0 1 2 3 4 5 6 7 8;73;20;85;143;6;0;21;0.00027;529630;BELA*;                        ? Unchecked;ijcai-2026-base-15-g257422b
n-puzzle;heavy-cost;35/8;8;6 3 1 2 8 7 0 4 5;0 1 2 3 4 5 6 7 8;64;24;104;1154;8;0;21;0.001557;741169;BELA*;                        ? Unchecked;ijcai-2026-base-15-g257422b
n-puzzle;heavy-cost;36/8;8;0 3 5 4 8 6 7 2 1;0 1 2 3 4 5 6 7 8;65;24;93;312;6;0;21;0.00047;663830;BELA*;                        ? Unchecked;ijcai-2026-base-15-g257422b
n-puzzle;heavy-cost;37/8;8;8 1 4 0 3 2 5 6 7;0 1 2 3 4 5 6 7 8;73;27;99;825;3;0;21;0.001187;695029;BELA*;                        ? Unchecked;ijcai-2026-base-15-g257422b
n-puzzle;heavy-cost;38/8;8;7 4 1 6 2 8 3 5 0;0 1 2 3 4 5 6 7 8;57;26;103;1591;7;0;21;0.002069;768971;BELA*;                        ? Unchecked;ijcai-2026-base-15-g257422b
n-puzzle;heavy-cost;39/8;8;4 6 8 0 5 1 3 2 7;0 1 2 3 4 5 6 7 8;65;27;95;495;7;0;21;0.000743;666218;BELA*;                        ? Unchecked;ijcai-2026-base-15-g257422b
n-puzzle;heavy-cost;40/8;8;4 2 8 6 0 1 3 5 7;0 1 2 3 4 5 6 7 8;54;24;84;406;5;0;21;0.000633;641390;BELA*;                        ? Unchecked;ijcai-2026-base-15-g257422b
n-puzzle;heavy-cost;41/8;8;3 7 8 4 5 2 6 1 0;0 1 2 3 4 5 6 7 8;46;24;96;723;8;0;21;0.001021;708129;BELA*;                        ? Unchecked;ijcai-2026-base-15-g257422b
n-puzzle;heavy-cost;42/8;8;7 5 6 1 0 3 2 8 4;0 1 2 3 4 5 6 7 8;87;26;97;204;3;0;21;0.000341;598240;BELA*;                        ? Unchecked;ijcai-2026-base-15-g257422b
n-puzzle;heavy-cost;43/8;8;1 6 4 8 5 3 7 2 0;0 1 2 3 4 5 6 7 8;75;26;103;571;5;0;21;0.000955;597906;BELA*;                        ? Unchecked;ijcai-2026-base-15-g257422b
n-puzzle;heavy-cost;44/8;8;2 5 7 1 8 4 3 6 0;0 1 2 3 4 5 6 7 8;66;18;78;71;6;0;21;0.000176;403409;BELA*;                        ? Unchecked;ijcai-2026-base-15-g257422b
n-puzzle;heavy-cost;45/8;8;3 8 4 0 7 1 5 6 2;0 1 2 3 4 5 6 7 8;69;23;99;415;6;0;21;0.000631;657686;BELA*;                        ? Unchecked;ijcai-2026-base-15-g257422b
n-puzzle;heavy-cost;46/8;8;3 0 5 4 2 1 7 8 6;0 1 2 3 4 5 6 7 8;45;23;77;248;8;0;21;0.000437;567506;BELA*;                        ? Unchecked;ijcai-2026-base-15-g257422b
n-puzzle;heavy-cost;47/8;8;4 5 3 1 7 0 8 2 6;0 1 2 3 4 5 6 7 8;70;25;100;496;5;0;21;0.000702;706553;BELA*;                        ? Unchecked;ijcai-2026-base-15-g257422b
n-puzzle;heavy-cost;48/8;8;1 8 4 2 3 5 6 0 7;0 1 2 3 4 5 6 7 8;49;23;79;227;7;0;21;0.000473;479915;BELA*;                        ? Unchecked;ijcai-2026-base-15-g257422b
n-puzzle;heavy-cost;49/8;8;4 8 1 0 6 7 3 2 5;0 1 2 3 4 5 6 7 8;73;27;103;872;5;0;21;0.00118;738983;BELA*;                        ? Unchecked;ijcai-2026-base-15-g257422b
n-puzzle;heavy-cost;50/8;8;8 5 3 4 6 1 7 2 0;0 1 2 3 4 5 6 7 8;82;28;110;1134;7;0;21;0.001508;751989;BELA*;                        ? Unchecked;ijcai-2026-base-15-g257422b
n-puzzle;heavy-cost;51/8;8;4 3 7 1 5 2 6 0 8;0 1 2 3 4 5 6 7 8;44;21;74;209;6;0;21;0.000388;538660;BELA*;                        ? Unchecked;ijcai-2026-base-15-g257422b
n-puzzle;heavy-cost;52/8;8;7 4 1 2 3 0 5 8 6;0 1 2 3 4 5 6 7 8;70;33;120;4881;5;0;22;0.006294;775500;BELA*;                        ? Unchecked;ijcai-2026-base-15-g257422b
n-puzzle;heavy-cost;53/8;8;7 5 6 8 2 1 0 4 3;0 1 2 3 4 5 6 7 8;98;30;116;998;7;0;22;0.001281;779079;BELA*;                        ? Unchecked;ijcai-2026-base-15-g257422b
n-puzzle;heavy-cost;54/8;8;2 8 5 0 7 6 1 4 3;0 1 2 3 4 5 6 7 8;74;25;100;400;6;0;22;0.000602;664452;BELA*;                        ? Unchecked;ijcai-2026-base-15-g257422b
n-puzzle;heavy-cost;55/8;8;3 5 2 4 1 6 8 0 7;0 1 2 3 4 5 6 7 8;59;29;103;1504;8;0;22;0.001988;756539;BELA*;                        ? Unchecked;ijcai-2026-base-15-g257422b
n-puzzle;heavy-cost;56/8;8;8 6 1 5 4 3 0 2 7;0 1 2 3 4 5 6 7 8;80;30;118;1223;8;0;22;0.001585;771609;BELA*;                        ? Unchecked;ijcai-2026-base-15-g257422b
n-puzzle;heavy-cost;57/8;8;4 6 5 7 3 2 1 0 8;0 1 2 3 4 5 6 7 8;53;23;95;1516;8;0;22;0.002157;702828;BELA*;                        ? Unchecked;ijcai-2026-base-15-g257422b
n-puzzle;heavy-cost;58/8;8;3 7 4 2 8 6 5 0 1;0 1 2 3 4 5 6 7 8;83;27;103;412;7;0;22;0.000663;621418;BELA*;                        ? Unchecked;ijcai-2026-base-15-g257422b
n-puzzle;heavy-cost;59/8;8;8 7 4 5 6 2 3 0 1;0 1 2 3 4 5 6 7 8;84;29;128;4379;7;0;22;0.005576;785330;BELA*;                        ? Unchecked;ijcai-2026-base-15-g257422b
n-puzzle;heavy-cost;60/8;8;6 1 5 3 4 0 8 2 7;0 1 2 3 4 5 6 7 8;46;25;98;1347;7;0;22;0.001936;695764;BELA*;                        ? Unchecked;ijcai-2026-base-15-g257422b
n-puzzle;heavy-cost;61/8;8;4 5 2 8 0 3 1 6 7;0 1 2 3 4 5 6 7 8;64;20;96;900;8;0;22;0.001232;730519;BELA*;                        ? Unchecked;ijcai-2026-base-15-g257422b
n-puzzle;heavy-cost;62/8;8;8 5 4 6 1 2 7 3 0;0 1 2 3 4 5 6 7 8;72;26;118;5095;7;0;22;0.006572;775259;BELA*;                        ? Unchecked;ijcai-2026-base-15-g257422b
n-puzzle;heavy-cost;63/8;8;0 5 8 2 6 7 4 3 1;0 1 2 3 4 5 6 7 8;75;24;85;153;7;0;22;0.000314;487261;BELA*;                        ? Unchecked;ijcai-2026-base-15-g257422b
n-puzzle;heavy-cost;64/8;8;5 0 1 8 7 3 4 6 2;0 1 2 3 4 5 6 7 8;71;27;105;381;4;0;22;0.000577;660312;BELA*;                        ? Unchecked;ijcai-2026-base-15-g257422b
n-puzzle;heavy-cost;65/8;8;7 6 1 3 4 8 0 5 2;0 1 2 3 4 5 6 7 8;62;26;106;1008;8;0;22;0.001376;732558;BELA*;                        ? Unchecked;ijcai-2026-base-15-g257422b
n-puzzle;heavy-cost;66/8;8;8 0 7 3 6 5 1 2 4;0 1 2 3 4 5 6 7 8;82;29;116;1216;3;0;22;0.001566;776501;BELA*;                        ? Unchecked;ijcai-2026-base-15-g257422b
n-puzzle;heavy-cost;67/8;8;7 2 8 6 5 1 4 0 3;0 1 2 3 4 5 6 7 8;69;25;103;1214;8;0;22;0.001653;734422;BELA*;                        ? Unchecked;ijcai-2026-base-15-g257422b
n-puzzle;heavy-cost;68/8;8;5 0 3 4 1 8 2 7 6;0 1 2 3 4 5 6 7 8;57;25;91;455;8;0;22;0.000731;622435;BELA*;                        ? Unchecked;ijcai-2026-base-15-g257422b
n-puzzle;heavy-cost;69/8;8;7 8 4 6 3 5 2 1 0;0 1 2 3 4 5 6 7 8;72;30;108;1419;8;0;22;0.001915;740992;BELA*;                        ? Unchecked;ijcai-2026-base-15-g257422b
n-puzzle;heavy-cost;70/8;8;7 0 3 2 8 1 5 4 6;0 1 2 3 4 5 6 7 8;85;25;97;170;7;0;22;0.000321;529595;BELA*;                        ? Unchecked;ijcai-2026-base-15-g257422b
n-puzzle;heavy-cost;71/8;8;1 0 7 3 4 8 2 5 6;0 1 2 3 4 5 6 7 8;60;25;96;566;5;0;22;0.000796;711055;BELA*;                        ? Unchecked;ijcai-2026-base-15-g257422b
n-puzzle;heavy-cost;72/8;8;8 0 7 4 3 6 5 2 1;0 1 2 3 4 5 6 7 8;102;27;118;588;7;0;22;0.00079;744304;BELA*;                        ? Unchecked;ijcai-2026-base-15-g257422b
n-puzzle;heavy-cost;73/8;8;3 7 8 5 1 2 0 6 4;0 1 2 3 4 5 6 7 8;60;30;116;3930;8;0;22;0.005038;780071;BELA*;                        ? Unchecked;ijcai-2026-base-15-g257422b
n-puzzle;heavy-cost;74/8;8;1 6 2 0 7 8 4 5 3;0 1 2 3 4 5 6 7 8;61;21;85;125;7;0;22;0.000265;471698;BELA*;                        ? Unchecked;ijcai-2026-base-15-g257422b
n-puzzle;heavy-cost;75/8;8;6 1 2 3 0 8 4 5 7;0 1 2 3 4 5 6 7 8;45;22;81;332;7;0;22;0.000548;605839;BELA*;                        ? Unchecked;ijcai-2026-base-15-g257422b
n-puzzle;heavy-cost;76/8;8;1 0 7 5 6 4 3 2 8;0 1 2 3 4 5 6 7 8;57;29;95;660;8;0;22;0.000975;676923;BELA*;                        ? Unchecked;ijcai-2026-base-15-g257422b
n-puzzle;heavy-cost;77/8;8;2 7 6 1 4 0 5 3 8;0 1 2 3 4 5 6 7 8;65;29;109;1808;4;0;22;0.002313;781669;BELA*;                        ? Unchecked;ijcai-2026-base-15-g257422b
n-puzzle;heavy-cost;78/8;8;2 3 8 4 0 6 1 5 7;0 1 2 3 4 5 6 7 8;68;24;94;516;6;0;22;0.000746;691689;BELA*;                        ? Unchecked;ijcai-2026-base-15-g257422b
n-puzzle;heavy-cost;79/8;8;0 5 4 6 1 7 8 2 3;0 1 2 3 4 5 6 7 8;70;26;90;252;6;0;22;0.00043;586047;BELA*;                        ? Unchecked;ijcai-2026-base-15-g257422b
n-puzzle;heavy-cost;80/8;8;5 3 4 7 0 1 8 6 2;0 1 2 3 4 5 6 7 8;71;22;87;180;5;0;22;0.000315;571429;BELA*;                        ? Unchecked;ijcai-2026-base-15-g257422b
n-puzzle;heavy-cost;81/8;8;1 7 5 6 8 3 4 2 0;0 1 2 3 4 5 6 7 8;62;26;106;1319;6;0;22;0.00179;736872;BELA*;                        ? Unchecked;ijcai-2026-base-15-g257422b
n-puzzle;heavy-cost;82/8;8;3 1 4 0 5 8 2 7 6;0 1 2 3 4 5 6 7 8;44;25;82;225;8;0;22;0.000419;536993;BELA*;                        ? Unchecked;ijcai-2026-base-15-g257422b
n-puzzle;heavy-cost;83/8;8;4 2 3 0 5 1 8 6 7;0 1 2 3 4 5 6 7 8;55;23;89;365;7;0;22;0.000568;642606;BELA*;                        ? Unchecked;ijcai-2026-base-15-g257422b
n-puzzle;heavy-cost;84/8;8;4 7 3 1 6 5 8 0 2;0 1 2 3 4 5 6 7 8;65;29;107;1106;7;0;22;0.001515;730033;BELA*;                        ? Unchecked;ijcai-2026-base-15-g257422b
n-puzzle;heavy-cost;85/8;8;3 6 0 1 5 8 4 2 7;0 1 2 3 4 5 6 7 8;57;28;111;2674;5;0;22;0.003439;777552;BELA*;                        ? Unchecked;ijcai-2026-base-15-g257422b
n-puzzle;heavy-cost;86/8;8;8 6 2 7 5 1 3 0 4;0 1 2 3 4 5 6 7 8;82;29;124;4064;6;0;22;0.005063;802686;BELA*;                        ? Unchecked;ijcai-2026-base-15-g257422b
n-puzzle;heavy-cost;87/8;8;3 2 5 7 6 0 8 1 4;0 1 2 3 4 5 6 7 8;62;19;74;49;6;0;22;0.000162;302469;BELA*;                        ? Unchecked;ijcai-2026-base-15-g257422b
n-puzzle;heavy-cost;88/8;8;1 3 2 4 0 5 8 7 6;0 1 2 3 4 5 6 7 8;39;24;109;2680;7;0;22;0.003428;781797;BELA*;                        ? Unchecked;ijcai-2026-base-15-g257422b
n-puzzle;heavy-cost;89/8;8;0 8 4 3 2 1 6 5 7;0 1 2 3 4 5 6 7 8;55;24;79;161;7;0;22;0.000331;486405;BELA*;                        ? Unchecked;ijcai-2026-base-15-g257422b
n-puzzle;heavy-cost;90/8;8;0 6 1 5 7 8 4 2 3;0 1 2 3 4 5 6 7 8;67;24;99;351;6;0;22;0.000539;651206;BELA*;                        ? Unchecked;ijcai-2026-base-15-g257422b
n-puzzle;heavy-cost;91/8;8;2 1 6 4 5 8 3 0 7;0 1 2 3 4 5 6 7 8;55;25;99;1074;4;0;22;0.001448;741713;BELA*;                        ? Unchecked;ijcai-2026-base-15-g257422b
n-puzzle;heavy-cost;92/8;8;3 7 4 6 1 5 8 0 2;0 1 2 3 4 5 6 7 8;52;23;92;697;6;0;22;0.000992;702621;BELA*;                        ? Unchecked;ijcai-2026-base-15-g257422b
n-puzzle;heavy-cost;93/8;8;7 6 1 3 5 8 2 4 0;0 1 2 3 4 5 6 7 8;65;26;99;571;7;0;22;0.000925;617297;BELA*;                        ? Unchecked;ijcai-2026-base-15-g257422b
n-puzzle;heavy-cost;94/8;8;4 7 8 1 0 3 6 2 5;0 1 2 3 4 5 6 7 8;57;24;105;2264;8;0;22;0.002941;769806;BELA*;                        ? Unchecked;ijcai-2026-base-15-g257422b
n-puzzle;heavy-cost;95/8;8;0 5 8 2 7 4 1 6 3;0 1 2 3 4 5 6 7 8;61;22;85;125;6;0;22;0.000274;456204;BELA*;                        ? Unchecked;ijcai-2026-base-15-g257422b
n-puzzle;heavy-cost;96/8;8;5 2 3 8 7 0 1 6 4;0 1 2 3 4 5 6 7 8;74;25;102;399;7;0;22;0.000629;634340;BELA*;                        ? Unchecked;ijcai-2026-base-15-g257422b
n-puzzle;heavy-cost;97/8;8;8 3 0 4 7 2 6 1 5;0 1 2 3 4 5 6 7 8;58;22;96;384;7;0;22;0.000589;651952;BELA*;                        ? Unchecked;ijcai-2026-base-15-g257422b
n-puzzle;heavy-cost;98/8;8;5 8 6 0 7 4 1 3 2;0 1 2 3 4 5 6 7 8;87;27;117;1034;8;0;22;0.001518;681159;BELA*;                        ? Unchecked;ijcai-2026-base-15-g257422b
n-puzzle;heavy-cost;99/8;8;7 5 0 6 3 2 1 8 4;0 1 2 3 4 5 6 7 8;61;28;95;657;4;0;22;0.000933;704180;BELA*;                        ? Unchecked;ijcai-2026-base-15-g257422b
n-puzzle;heavy-cost;0/9;9;5 6 0 8 4 7 1 3 2;0 1 2 3 4 5 6 7 8;84;28;118;624;7;0;22;0.000874;713959;BELA*;                        ? Unchecked;ijcai-2026-base-15-g257422b
n-puzzle;heavy-cost;1/9;9;0 8 6 4 7 1 5 3 2;0 1 2 3 4 5 6 7 8;86;26;116;715;9;0;22;0.001034;691489;BELA*;                        ? Unchecked;ijcai-2026-base-15-g257422b
n-puzzle;heavy-cost;2/9;9;5 2 8 0 7 4 1 3 6;0 1 2 3 4 5 6 7 8;65;25;95;499;8;0;22;0.000752;663564;BELA*;                        ? Unchecked;ijcai-2026-base-15-g257422b
n-puzzle;heavy-cost;3/9;9;7 2 6 0 8 1 5 4 3;0 1 2 3 4 5 6 7 8;93;29;115;675;8;0;22;0.00096;703125;BELA*;                        ? Unchecked;ijcai-2026-base-15-g257422b
n-puzzle;heavy-cost;4/9;9;5 1 8 6 0 7 2 4 3;0 1 2 3 4 5 6 7 8;72;28;96;543;8;0;22;0.00081;670370;BELA*;                        ? Unchecked;ijcai-2026-base-15-g257422b
n-puzzle;heavy-cost;5/9;9;8 0 3 6 4 5 7 2 1;0 1 2 3 4 5 6 7 8;63;27;107;1638;7;0;22;0.002159;758685;BELA*;                        ? Unchecked;ijcai-2026-base-15-g257422b
n-puzzle;heavy-cost;6/9;9;4 2 7 1 5 8 0 6 3;0 1 2 3 4 5 6 7 8;61;20;89;311;7;0;22;0.000517;601547;BELA*;                        ? Unchecked;ijcai-2026-base-15-g257422b
n-puzzle;heavy-cost;7/9;9;4 1 7 3 2 5 6 0 8;0 1 2 3 4 5 6 7 8;33;23;79;547;7;0;22;0.000976;560451;BELA*;                        ? Unchecked;ijcai-2026-base-15-g257422b
n-puzzle;heavy-cost;8/9;9;8 4 0 5 1 6 2 7 3;0 1 2 3 4 5 6 7 8;82;32;128;3108;8;0;22;0.00393;790840;BELA*;                        ? Unchecked;ijcai-2026-base-15-g257422b
n-puzzle;heavy-cost;9/9;9;1 3 0 7 6 2 5 8 4;0 1 2 3 4 5 6 7 8;66;26;96;522;4;0;22;0.000772;676166;BELA*;                        ? Unchecked;ijcai-2026-base-15-g257422b
n-puzzle;heavy-cost;10/9;9;7 0 4 6 8 5 3 1 2;0 1 2 3 4 5 6 7 8;60;29;112;2582;9;0;22;0.003332;774910;BELA*;                        ? Unchecked;ijcai-2026-base-15-g257422b
n-puzzle;heavy-cost;11/9;9;6 1 7 5 8 2 4 3 0;0 1 2 3 4 5 6 7 8;75;28;117;2959;8;0;22;0.003874;763810;BELA*;                        ? Unchecked;ijcai-2026-base-15-g257422b
n-puzzle;heavy-cost;12/9;9;7 5 2 1 6 3 8 0 4;0 1 2 3 4 5 6 7 8;75;29;107;1255;9;0;22;0.001681;746579;BELA*;                        ? Unchecked;ijcai-2026-base-15-g257422b
n-puzzle;heavy-cost;13/9;9;6 2 4 0 8 7 5 3 1;0 1 2 3 4 5 6 7 8;76;29;102;589;9;0;22;0.000893;659574;BELA*;                        ? Unchecked;ijcai-2026-base-15-g257422b
n-puzzle;heavy-cost;14/9;9;0 1 6 2 5 7 4 8 3;0 1 2 3 4 5 6 7 8;74;30;114;1778;4;0;22;0.002314;768366;BELA*;                        ? Unchecked;ijcai-2026-base-15-g257422b
n-puzzle;heavy-cost;15/9;9;4 0 3 6 1 2 8 5 7;0 1 2 3 4 5 6 7 8;59;17;75;156;9;0;22;0.000303;514851;BELA*;                        ? Unchecked;ijcai-2026-base-15-g257422b
n-puzzle;heavy-cost;16/9;9;1 5 8 7 6 4 0 3 2;0 1 2 3 4 5 6 7 8;67;22;95;470;7;0;22;0.00071;661972;BELA*;                        ? Unchecked;ijcai-2026-base-15-g257422b
n-puzzle;heavy-cost;17/9;9;2 7 0 8 4 6 3 5 1;0 1 2 3 4 5 6 7 8;76;28;116;665;8;0;22;0.000954;697065;BELA*;                        ? Unchecked;ijcai-2026-base-15-g257422b
n-puzzle;heavy-cost;18/9;9;7 4 8 1 5 6 0 2 3;0 1 2 3 4 5 6 7 8;81;28;105;745;7;0;22;0.001014;734714;BELA*;                        ? Unchecked;ijcai-2026-base-15-g257422b
n-puzzle;heavy-cost;19/9;9;2 3 0 1 4 7 5 6 8;0 1 2 3 4 5 6 7 8;47;28;85;443;8;0;22;0.000709;624824;BELA*;                        ? Unchecked;ijcai-2026-base-15-g257422b
n-puzzle;heavy-cost;20/9;9;2 1 4 5 0 6 8 3 7;0 1 2 3 4 5 6 7 8;69;30;113;3360;9;0;22;0.004403;763116;BELA*;                        ? Unchecked;ijcai-2026-base-15-g257422b
n-puzzle;heavy-cost;21/9;9;8 7 6 2 5 4 1 0 3;0 1 2 3 4 5 6 7 8;97;29;131;2471;5;0;22;0.003001;823392;BELA*;                        ? Unchecked;ijcai-2026-base-15-g257422b
n-puzzle;heavy-cost;22/9;9;2 7 3 1 6 5 4 0 8;0 1 2 3 4 5 6 7 8;49;25;77;192;8;0;22;0.000392;489796;BELA*;                        ? Unchecked;ijcai-2026-base-15-g257422b
n-puzzle;heavy-cost;23/9;9;3 0 4 6 2 1 8 5 7;0 1 2 3 4 5 6 7 8;56;19;80;303;7;0;22;0.000502;603586;BELA*;                        ? Unchecked;ijcai-2026-base-15-g257422b
n-puzzle;heavy-cost;24/9;9;5 3 2 4 8 6 0 1 7;0 1 2 3 4 5 6 7 8;68;26;104;752;4;0;22;0.001041;722382;BELA*;                        ? Unchecked;ijcai-2026-base-15-g257422b
n-puzzle;heavy-cost;25/9;9;1 3 5 2 4 6 8 7 0;0 1 2 3 4 5 6 7 8;52;30;116;3858;7;0;22;0.005016;769139;BELA*;                        ? Unchecked;ijcai-2026-base-15-g257422b
n-puzzle;heavy-cost;26/9;9;8 5 1 4 2 7 6 0 3;0 1 2 3 4 5 6 7 8;74;27;102;722;6;0;22;0.001024;705078;BELA*;                        ? Unchecked;ijcai-2026-base-15-g257422b
n-puzzle;heavy-cost;27/9;9;2 8 5 6 3 1 4 0 7;0 1 2 3 4 5 6 7 8;59;25;89;472;8;0;22;0.000884;533937;BELA*;                        ? Unchecked;ijcai-2026-base-15-g257422b
n-puzzle;heavy-cost;28/9;9;5 0 7 4 2 3 1 6 8;0 1 2 3 4 5 6 7 8;59;21;75;168;7;0;22;0.000312;538462;BELA*;                        ? Unchecked;ijcai-2026-base-15-g257422b
n-puzzle;heavy-cost;29/9;9;3 2 4 7 6 8 5 1 0;0 1 2 3 4 5 6 7 8;64;22;86;261;7;0;22;0.000459;568627;BELA*;                        ? Unchecked;ijcai-2026-base-15-g257422b
n-puzzle;heavy-cost;30/9;9;1 3 2 0 8 6 4 7 5;0 1 2 3 4 5 6 7 8;54;23;90;298;8;0;22;0.000511;583170;BELA*;                        ? Unchecked;ijcai-2026-base-15-g257422b
n-puzzle;heavy-cost;31/9;9;8 2 5 3 7 6 4 0 1;0 1 2 3 4 5 6 7 8;75;25;111;1591;9;0;22;0.002112;753314;BELA*;                        ? Unchecked;ijcai-2026-base-15-g257422b
n-puzzle;heavy-cost;32/9;9;2 4 0 7 5 1 8 6 3;0 1 2 3 4 5 6 7 8;60;24;96;358;9;0;22;0.000585;611966;BELA*;                        ? Unchecked;ijcai-2026-base-15-g257422b
n-puzzle;heavy-cost;33/9;9;0 1 5 2 6 8 7 3 4;0 1 2 3 4 5 6 7 8;52;22;76;167;6;0;22;0.00034;491176;BELA*;                        ? Unchecked;ijcai-2026-base-15-g257422b
n-puzzle;heavy-cost;34/9;9;7 1 5 2 8 6 3 4 0;0 1 2 3 4 5 6 7 8;73;20;85;143;7;0;22;0.000283;505300;BELA*;                        ? Unchecked;ijcai-2026-base-15-g257422b
n-puzzle;heavy-cost;35/9;9;6 3 1 2 8 7 0 4 5;0 1 2 3 4 5 6 7 8;64;26;106;1232;9;0;22;0.001672;736842;BELA*;                        ? Unchecked;ijcai-2026-base-15-g257422b
n-puzzle;heavy-cost;36/9;9;0 3 5 4 8 6 7 2 1;0 1 2 3 4 5 6 7 8;65;24;93;312;7;0;22;0.000491;635438;BELA*;                        ? Unchecked;ijcai-2026-base-15-g257422b
n-puzzle;heavy-cost;37/9;9;8 1 4 0 3 2 5 6 7;0 1 2 3 4 5 6 7 8;73;27;99;825;4;0;22;0.00114;723684;BELA*;                        ? Unchecked;ijcai-2026-base-15-g257422b
n-puzzle;heavy-cost;38/9;9;7 4 1 6 2 8 3 5 0;0 1 2 3 4 5 6 7 8;57;26;103;1591;8;0;22;0.002231;713133;BELA*;                        ? Unchecked;ijcai-2026-base-15-g257422b
n-puzzle;heavy-cost;39/9;9;4 6 8 0 5 1 3 2 7;0 1 2 3 4 5 6 7 8;65;27;95;495;8;0;22;0.000766;646214;BELA*;                        ? Unchecked;ijcai-2026-base-15-g257422b
n-puzzle;heavy-cost;40/9;9;4 2 8 6 0 1 3 5 7;0 1 2 3 4 5 6 7 8;54;24;84;406;6;0;22;0.000652;622699;BELA*;                        ? Unchecked;ijcai-2026-base-15-g257422b
n-puzzle;heavy-cost;41/9;9;3 7 8 4 5 2 6 1 0;0 1 2 3 4 5 6 7 8;46;24;96;723;8;0;22;0.001104;654891;BELA*;                        ? Unchecked;ijcai-2026-base-15-g257422b
n-puzzle;heavy-cost;42/9;9;7 5 6 1 0 3 2 8 4;0 1 2 3 4 5 6 7 8;87;26;97;204;4;0;22;0.000358;569832;BELA*;                        ? Unchecked;ijcai-2026-base-15-g257422b
n-puzzle;heavy-cost;43/9;9;1 6 4 8 5 3 7 2 0;0 1 2 3 4 5 6 7 8;75;26;103;571;5;0;22;0.000825;692121;BELA*;                        ? Unchecked;ijcai-2026-base-15-g257422b
n-puzzle;heavy-cost;44/9;9;2 5 7 1 8 4 3 6 0;0 1 2 3 4 5 6 7 8;66;18;78;71;7;0;22;0.000186;381720;BELA*;                        ? Unchecked;ijcai-2026-base-15-g257422b
n-puzzle;heavy-cost;45/9;9;3 8 4 0 7 1 5 6 2;0 1 2 3 4 5 6 7 8;69;23;99;415;7;0;22;0.000649;639445;BELA*;                        ? Unchecked;ijcai-2026-base-15-g257422b
n-puzzle;heavy-cost;46/9;9;3 0 5 4 2 1 7 8 6;0 1 2 3 4 5 6 7 8;45;23;77;248;8;0;22;0.000444;558559;BELA*;                        ? Unchecked;ijcai-2026-base-15-g257422b
n-puzzle;heavy-cost;47/9;9;4 5 3 1 7 0 8 2 6;0 1 2 3 4 5 6 7 8;70;25;100;496;5;0;22;0.000712;696629;BELA*;                        ? Unchecked;ijcai-2026-base-15-g257422b
n-puzzle;heavy-cost;48/9;9;1 8 4 2 3 5 6 0 7;0 1 2 3 4 5 6 7 8;49;23;79;227;8;0;22;0.000422;537915;BELA*;                        ? Unchecked;ijcai-2026-base-15-g257422b
n-puzzle;heavy-cost;49/9;9;4 8 1 0 6 7 3 2 5;0 1 2 3 4 5 6 7 8;73;27;103;872;5;0;22;0.001188;734007;BELA*;                        ? Unchecked;ijcai-2026-base-15-g257422b
n-puzzle;heavy-cost;50/9;9;8 5 3 4 6 1 7 2 0;0 1 2 3 4 5 6 7 8;82;28;110;1134;7;0;22;0.001658;683957;BELA*;                        ? Unchecked;ijcai-2026-base-15-g257422b
n-puzzle;heavy-cost;51/9;9;4 3 7 1 5 2 6 0 8;0 1 2 3 4 5 6 7 8;44;21;74;209;7;0;22;0.000386;541451;BELA*;                        ? Unchecked;ijcai-2026-base-15-g257422b
n-puzzle;heavy-cost;52/9;9;7 4 1 2 3 0 5 8 6;0 1 2 3 4 5 6 7 8;70;33;120;4881;6;0;23;0.006262;779463;BELA*;                        ? Unchecked;ijcai-2026-base-15-g257422b
n-puzzle;heavy-cost;53/9;9;7 5 6 8 2 1 0 4 3;0 1 2 3 4 5 6 7 8;98;30;116;998;8;0;23;0.001302;766513;BELA*;                        ? Unchecked;ijcai-2026-base-15-g257422b
n-puzzle;heavy-cost;54/9;9;2 8 5 0 7 6 1 4 3;0 1 2 3 4 5 6 7 8;74;25;100;400;7;0;23;0.000622;643087;BELA*;                        ? Unchecked;ijcai-2026-base-15-g257422b
n-puzzle;heavy-cost;55/9;9;3 5 2 4 1 6 8 0 7;0 1 2 3 4 5 6 7 8;59;29;103;1504;8;0;23;0.001994;754263;BELA*;                        ? Unchecked;ijcai-2026-base-15-g257422b
n-puzzle;heavy-cost;56/9;9;8 6 1 5 4 3 0 2 7;0 1 2 3 4 5 6 7 8;80;30;118;1223;8;0;23;0.00168;727976;BELA*;                        ? Unchecked;ijcai-2026-base-15-g257422b
n-puzzle;heavy-cost;57/9;9;4 6 5 7 3 2 1 0 8;0 1 2 3 4 5 6 7 8;53;23;95;1530;9;0;23;0.002071;738774;BELA*;                        ? Unchecked;ijcai-2026-base-15-g257422b
n-puzzle;heavy-cost;58/9;9;3 7 4 2 8 6 5 0 1;0 1 2 3 4 5 6 7 8;83;27;103;412;8;0;23;0.000684;602339;BELA*;                        ? Unchecked;ijcai-2026-base-15-g257422b
n-puzzle;heavy-cost;59/9;9;8 7 4 5 6 2 3 0 1;0 1 2 3 4 5 6 7 8;84;29;128;4379;8;0;23;0.005583;784345;BELA*;                        ? Unchecked;ijcai-2026-base-15-g257422b
n-puzzle;heavy-cost;60/9;9;6 1 5 3 4 0 8 2 7;0 1 2 3 4 5 6 7 8;46;25;98;1347;8;0;23;0.001826;737678;BELA*;                        ? Unchecked;ijcai-2026-base-15-g257422b
n-puzzle;heavy-cost;61/9;9;4 5 2 8 0 3 1 6 7;0 1 2 3 4 5 6 7 8;64;22;98;908;9;0;23;0.001269;715524;BELA*;                        ? Unchecked;ijcai-2026-base-15-g257422b
n-puzzle;heavy-cost;62/9;9;8 5 4 6 1 2 7 3 0;0 1 2 3 4 5 6 7 8;72;26;118;5095;8;0;23;0.006546;778338;BELA*;                        ? Unchecked;ijcai-2026-base-15-g257422b
n-puzzle;heavy-cost;63/9;9;0 5 8 2 6 7 4 3 1;0 1 2 3 4 5 6 7 8;75;24;85;164;8;0;23;0.000341;480938;BELA*;                        ? Unchecked;ijcai-2026-base-15-g257422b
n-puzzle;heavy-cost;64/9;9;5 0 1 8 7 3 4 6 2;0 1 2 3 4 5 6 7 8;71;27;105;381;5;0;23;0.000597;638191;BELA*;                        ? Unchecked;ijcai-2026-base-15-g257422b
n-puzzle;heavy-cost;65/9;9;7 6 1 3 4 8 0 5 2;0 1 2 3 4 5 6 7 8;62;26;106;1008;9;0;23;0.001387;726748;BELA*;                        ? Unchecked;ijcai-2026-base-15-g257422b
n-puzzle;heavy-cost;66/9;9;8 0 7 3 6 5 1 2 4;0 1 2 3 4 5 6 7 8;82;29;116;1216;3;0;23;0.001578;770596;BELA*;                        ? Unchecked;ijcai-2026-base-15-g257422b
n-puzzle;heavy-cost;67/9;9;7 2 8 6 5 1 4 0 3;0 1 2 3 4 5 6 7 8;69;27;105;1458;9;0;23;0.002086;698945;BELA*;                        ? Unchecked;ijcai-2026-base-15-g257422b
n-puzzle;heavy-cost;68/9;9;5 0 3 4 1 8 2 7 6;0 1 2 3 4 5 6 7 8;57;27;93;532;9;0;23;0.000854;622951;BELA*;                        ? Unchecked;ijcai-2026-base-15-g257422b
n-puzzle;heavy-cost;69/9;9;7 8 4 6 3 5 2 1 0;0 1 2 3 4 5 6 7 8;72;30;108;1419;8;0;23;0.001896;748418;BELA*;                        ? Unchecked;ijcai-2026-base-15-g257422b
n-puzzle;heavy-cost;70/9;9;7 0 3 2 8 1 5 4 6;0 1 2 3 4 5 6 7 8;85;25;97;170;7;0;23;0.000328;518293;BELA*;                        ? Unchecked;ijcai-2026-base-15-g257422b
n-puzzle;heavy-cost;71/9;9;1 0 7 3 4 8 2 5 6;0 1 2 3 4 5 6 7 8;60;25;96;566;6;0;23;0.000821;689403;BELA*;                        ? Unchecked;ijcai-2026-base-15-g257422b
n-puzzle;heavy-cost;72/9;9;8 0 7 4 3 6 5 2 1;0 1 2 3 4 5 6 7 8;102;27;118;627;8;0;23;0.000854;734192;BELA*;                        ? Unchecked;ijcai-2026-base-15-g257422b
n-puzzle;heavy-cost;73/9;9;3 7 8 5 1 2 0 6 4;0 1 2 3 4 5 6 7 8;60;30;116;3930;9;0;23;0.005203;755333;BELA*;                        ? Unchecked;ijcai-2026-base-15-g257422b
n-puzzle;heavy-cost;74/9;9;1 6 2 0 7 8 4 5 3;0 1 2 3 4 5 6 7 8;61;21;85;125;8;0;23;0.000275;454545;BELA*;                        ? Unchecked;ijcai-2026-base-15-g257422b
n-puzzle;heavy-cost;75/9;9;6 1 2 3 0 8 4 5 7;0 1 2 3 4 5 6 7 8;45;22;81;332;8;0;23;0.000565;587611;BELA*;                        ? Unchecked;ijcai-2026-base-15-g257422b
n-puzzle;heavy-cost;76/9;9;1 0 7 5 6 4 3 2 8;0 1 2 3 4 5 6 7 8;57;29;95;660;9;0;23;0.00106;622642;BELA*;                        ? Unchecked;ijcai-2026-base-15-g257422b
n-puzzle;heavy-cost;77/9;9;2 7 6 1 4 0 5 3 8;0 1 2 3 4 5 6 7 8;65;29;109;1808;5;0;23;0.002344;771331;BELA*;                        ? Unchecked;ijcai-2026-base-15-g257422b
n-puzzle;heavy-cost;78/9;9;2 3 8 4 0 6 1 5 7;0 1 2 3 4 5 6 7 8;68;24;94;521;7;0;23;0.000844;617299;BELA*;                        ? Unchecked;ijcai-2026-base-15-g257422b
n-puzzle;heavy-cost;79/9;9;0 5 4 6 1 7 8 2 3;0 1 2 3 4 5 6 7 8;70;26;90;252;6;0;23;0.000445;566292;BELA*;                        ? Unchecked;ijcai-2026-base-15-g257422b
n-puzzle;heavy-cost;80/9;9;5 3 4 7 0 1 8 6 2;0 1 2 3 4 5 6 7 8;71;22;87;180;6;0;23;0.000331;543807;BELA*;                        ? Unchecked;ijcai-2026-base-15-g257422b
n-puzzle;heavy-cost;81/9;9;1 7 5 6 8 3 4 2 0;0 1 2 3 4 5 6 7 8;62;26;106;1319;6;0;23;0.001794;735229;BELA*;                        ? Unchecked;ijcai-2026-base-15-g257422b
n-puzzle;heavy-cost;82/9;9;3 1 4 0 5 8 2 7 6;0 1 2 3 4 5 6 7 8;44;25;82;225;9;0;23;0.000437;514874;BELA*;                        ? Unchecked;ijcai-2026-base-15-g257422b
n-puzzle;heavy-cost;83/9;9;4 2 3 0 5 1 8 6 7;0 1 2 3 4 5 6 7 8;55;23;89;365;7;0;23;0.000574;635889;BELA*;                        ? Unchecked;ijcai-2026-base-15-g257422b
n-puzzle;heavy-cost;84/9;9;4 7 3 1 6 5 8 0 2;0 1 2 3 4 5 6 7 8;65;29;107;1106;8;0;23;0.001535;720521;BELA*;                        ? Unchecked;ijcai-2026-base-15-g257422b
n-puzzle;heavy-cost;85/9;9;3 6 0 1 5 8 4 2 7;0 1 2 3 4 5 6 7 8;57;28;111;2674;6;0;23;0.00354;755367;BELA*;                        ? Unchecked;ijcai-2026-base-15-g257422b
n-puzzle;heavy-cost;86/9;9;8 6 2 7 5 1 3 0 4;0 1 2 3 4 5 6 7 8;82;29;124;4064;6;0;23;0.005156;788208;BELA*;                        ? Unchecked;ijcai-2026-base-15-g257422b
n-puzzle;heavy-cost;87/9;9;3 2 5 7 6 0 8 1 4;0 1 2 3 4 5 6 7 8;62;19;74;49;7;0;23;0.000172;284884;BELA*;                        ? Unchecked;ijcai-2026-base-15-g257422b
n-puzzle;heavy-cost;88/9;9;1 3 2 4 0 5 8 7 6;0 1 2 3 4 5 6 7 8;39;24;109;2680;8;0;23;0.003521;761147;BELA*;                        ? Unchecked;ijcai-2026-base-15-g257422b
n-puzzle;heavy-cost;89/9;9;0 8 4 3 2 1 6 5 7;0 1 2 3 4 5 6 7 8;55;24;79;161;8;0;23;0.00035;460000;BELA*;                        ? Unchecked;ijcai-2026-base-15-g257422b
n-puzzle;heavy-cost;90/9;9;0 6 1 5 7 8 4 2 3;0 1 2 3 4 5 6 7 8;67;24;99;351;7;0;23;0.000558;629032;BELA*;                        ? Unchecked;ijcai-2026-base-15-g257422b
n-puzzle;heavy-cost;91/9;9;2 1 6 4 5 8 3 0 7;0 1 2 3 4 5 6 7 8;55;25;99;1074;5;0;23;0.001474;728630;BELA*;                        ? Unchecked;ijcai-2026-base-15-g257422b
n-puzzle;heavy-cost;92/9;9;3 7 4 6 1 5 8 0 2;0 1 2 3 4 5 6 7 8;52;23;92;697;6;0;23;0.001008;691468;BELA*;                        ? Unchecked;ijcai-2026-base-15-g257422b
n-puzzle;heavy-cost;93/9;9;7 6 1 3 5 8 2 4 0;0 1 2 3 4 5 6 7 8;65;26;99;571;8;0;23;0.001023;558162;BELA*;                        ? Unchecked;ijcai-2026-base-15-g257422b
n-puzzle;heavy-cost;94/9;9;4 7 8 1 0 3 6 2 5;0 1 2 3 4 5 6 7 8;57;24;105;2264;8;0;23;0.003034;746210;BELA*;                        ? Unchecked;ijcai-2026-base-15-g257422b
n-puzzle;heavy-cost;95/9;9;0 5 8 2 7 4 1 6 3;0 1 2 3 4 5 6 7 8;61;22;85;125;7;0;23;0.000292;428082;BELA*;                        ? Unchecked;ijcai-2026-base-15-g257422b
n-puzzle;heavy-cost;96/9;9;5 2 3 8 7 0 1 6 4;0 1 2 3 4 5 6 7 8;74;27;104;423;8;0;23;0.000684;618421;BELA*;                        ? Unchecked;ijcai-2026-base-15-g257422b
n-puzzle;heavy-cost;97/9;9;8 3 0 4 7 2 6 1 5;0 1 2 3 4 5 6 7 8;58;22;96;384;7;0;23;0.000597;643216;BELA*;                        ? Unchecked;ijcai-2026-base-15-g257422b
n-puzzle;heavy-cost;98/9;9;5 8 6 0 7 4 1 3 2;0 1 2 3 4 5 6 7 8;87;27;117;1034;9;0;23;0.001411;732814;BELA*;                        ? Unchecked;ijcai-2026-base-15-g257422b
n-puzzle;heavy-cost;99/9;9;7 5 0 6 3 2 1 8 4;0 1 2 3 4 5 6 7 8;61;28;95;657;5;0;23;0.000961;683663;BELA*;                        ? Unchecked;ijcai-2026-base-15-g257422b
n-puzzle;heavy-cost;0/10;10;5 6 0 8 4 7 1 3 2;0 1 2 3 4 5 6 7 8;84;28;118;624;8;0;23;0.000895;697207;BELA*;                        ? Unchecked;ijcai-2026-base-15-g257422b
n-puzzle;heavy-cost;1/10;10;0 8 6 4 7 1 5 3 2;0 1 2 3 4 5 6 7 8;86;28;118;846;10;0;23;0.00117;723077;BELA*;                        ? Unchecked;ijcai-2026-base-15-g257422b
n-puzzle;heavy-cost;2/10;10;5 2 8 0 7 4 1 3 6;0 1 2 3 4 5 6 7 8;65;25;95;499;8;0;23;0.000835;597605;BELA*;                        ? Unchecked;ijcai-2026-base-15-g257422b
n-puzzle;heavy-cost;3/10;10;7 2 6 0 8 1 5 4 3;0 1 2 3 4 5 6 7 8;93;29;115;676;9;0;23;0.000981;689093;BELA*;                        ? Unchecked;ijcai-2026-base-15-g257422b
n-puzzle;heavy-cost;4/10;10;5 1 8 6 0 7 2 4 3;0 1 2 3 4 5 6 7 8;72;28;96;543;9;0;23;0.000829;655006;BELA*;                        ? Unchecked;ijcai-2026-base-15-g257422b
n-puzzle;heavy-cost;5/10;10;8 0 3 6 4 5 7 2 1;0 1 2 3 4 5 6 7 8;63;27;107;1638;7;0;23;0.002191;747604;BELA*;                        ? Unchecked;ijcai-2026-base-15-g257422b
n-puzzle;heavy-cost;6/10;10;4 2 7 1 5 8 0 6 3;0 1 2 3 4 5 6 7 8;61;22;91;364;8;0;23;0.000592;614865;BELA*;                        ? Unchecked;ijcai-2026-base-15-g257422b
n-puzzle;heavy-cost;7/10;10;4 1 7 3 2 5 6 0 8;0 1 2 3 4 5 6 7 8;33;23;79;547;7;0;23;0.000836;654306;BELA*;                        ? Unchecked;ijcai-2026-base-15-g257422b
n-puzzle;heavy-cost;8/10;10;8 4 0 5 1 6 2 7 3;0 1 2 3 4 5 6 7 8;82;32;128;3108;9;0;23;0.004044;768546;BELA*;                        ? Unchecked;ijcai-2026-base-15-g257422b
n-puzzle;heavy-cost;9/10;10;1 3 0 7 6 2 5 8 4;0 1 2 3 4 5 6 7 8;66;26;96;522;4;0;23;0.000775;673548;BELA*;                        ? Unchecked;ijcai-2026-base-15-g257422b
n-puzzle;heavy-cost;10/10;10;7 0 4 6 8 5 3 1 2;0 1 2 3 4 5 6 7 8;60;31;114;2865;10;0;23;0.003694;775582;BELA*;                        ? Unchecked;ijcai-2026-base-15-g257422b
n-puzzle;heavy-cost;11/10;10;6 1 7 5 8 2 4 3 0;0 1 2 3 4 5 6 7 8;75;28;117;2959;8;0;23;0.003883;762040;BELA*;                        ? Unchecked;ijcai-2026-base-15-g257422b
n-puzzle;heavy-cost;12/10;10;7 5 2 1 6 3 8 0 4;0 1 2 3 4 5 6 7 8;75;29;107;1255;10;0;23;0.001768;709842;BELA*;                        ? Unchecked;ijcai-2026-base-15-g257422b
n-puzzle;heavy-cost;13/10;10;6 2 4 0 8 7 5 3 1;0 1 2 3 4 5 6 7 8;76;29;102;589;9;0;23;0.000893;659574;BELA*;                        ? Unchecked;ijcai-2026-base-15-g257422b
n-puzzle;heavy-cost;14/10;10;0 1 6 2 5 7 4 8 3;0 1 2 3 4 5 6 7 8;74;30;114;1778;5;0;23;0.002342;759180;BELA*;                        ? Unchecked;ijcai-2026-base-15-g257422b
n-puzzle;heavy-cost;15/10;10;4 0 3 6 1 2 8 5 7;0 1 2 3 4 5 6 7 8;59;17;75;159;10;0;23;0.000318;500000;BELA*;                        ? Unchecked;ijcai-2026-base-15-g257422b
n-puzzle;heavy-cost;16/10;10;1 5 8 7 6 4 0 3 2;0 1 2 3 4 5 6 7 8;67;22;95;470;7;0;23;0.000717;655509;BELA*;                        ? Unchecked;ijcai-2026-base-15-g257422b
n-puzzle;heavy-cost;17/10;10;2 7 0 8 4 6 3 5 1;0 1 2 3 4 5 6 7 8;76;28;116;665;8;0;23;0.001092;608974;BELA*;                        ? Unchecked;ijcai-2026-base-15-g257422b
n-puzzle;heavy-cost;18/10;10;7 4 8 1 5 6 0 2 3;0 1 2 3 4 5 6 7 8;81;28;105;745;7;0;23;0.001089;684114;BELA*;                        ? Unchecked;ijcai-2026-base-15-g257422b
n-puzzle;heavy-cost;19/10;10;2 3 0 1 4 7 5 6 8;0 1 2 3 4 5 6 7 8;47;28;85;443;9;0;23;0.000719;616134;BELA*;                        ? Unchecked;ijcai-2026-base-15-g257422b
n-puzzle;heavy-cost;20/10;10;2 1 4 5 0 6 8 3 7;0 1 2 3 4 5 6 7 8;69;28;113;3360;9;0;23;0.00454;740088;BELA*;                        ? Unchecked;ijcai-2026-base-15-g257422b
n-puzzle;heavy-cost;21/10;10;8 7 6 2 5 4 1 0 3;0 1 2 3 4 5 6 7 8;97;29;131;2471;5;0;23;0.003077;803055;BELA*;                        ? Unchecked;ijcai-2026-base-15-g257422b
n-puzzle;heavy-cost;22/10;10;2 7 3 1 6 5 4 0 8;0 1 2 3 4 5 6 7 8;49;25;77;192;9;0;23;0.000526;365019;BELA*;                        ? Unchecked;ijcai-2026-base-15-g257422b
n-puzzle;heavy-cost;23/10;10;3 0 4 6 2 1 8 5 7;0 1 2 3 4 5 6 7 8;56;19;80;303;7;0;23;0.000641;472699;BELA*;                        ? Unchecked;ijcai-2026-base-15-g257422b
n-puzzle;heavy-cost;24/10;10;5 3 2 4 8 6 0 1 7;0 1 2 3 4 5 6 7 8;68;26;104;752;4;0;23;0.001331;564989;BELA*;                        ? Unchecked;ijcai-2026-base-15-g257422b
n-puzzle;heavy-cost;25/10;10;1 3 5 2 4 6 8 7 0;0 1 2 3 4 5 6 7 8;52;30;116;3858;8;0;23;0.00629;613355;BELA*;                        ? Unchecked;ijcai-2026-base-15-g257422b
n-puzzle;heavy-cost;26/10;10;8 5 1 4 2 7 6 0 3;0 1 2 3 4 5 6 7 8;74;27;102;722;6;0;23;0.001024;705078;BELA*;                        ? Unchecked;ijcai-2026-base-15-g257422b
n-puzzle;heavy-cost;27/10;10;2 8 5 6 3 1 4 0 7;0 1 2 3 4 5 6 7 8;59;25;89;472;9;0;23;0.000752;627660;BELA*;                        ? Unchecked;ijcai-2026-base-15-g257422b
n-puzzle;heavy-cost;28/10;10;5 0 7 4 2 3 1 6 8;0 1 2 3 4 5 6 7 8;59;21;75;168;7;0;23;0.000326;515337;BELA*;                        ? Unchecked;ijcai-2026-base-15-g257422b
n-puzzle;heavy-cost;29/10;10;3 2 4 7 6 8 5 1 0;0 1 2 3 4 5 6 7 8;64;22;86;261;7;0;23;0.000463;563715;BELA*;                        ? Unchecked;ijcai-2026-base-15-g257422b
n-puzzle;heavy-cost;30/10;10;1 3 2 0 8 6 4 7 5;0 1 2 3 4 5 6 7 8;54;23;90;301;9;0;23;0.000588;511905;BELA*;                        ? Unchecked;ijcai-2026-base-15-g257422b
n-puzzle;heavy-cost;31/10;10;8 2 5 3 7 6 4 0 1;0 1 2 3 4 5 6 7 8;75;25;111;1591;9;0;23;0.002038;780667;BELA*;                        ? Unchecked;ijcai-2026-base-15-g257422b
n-puzzle;heavy-cost;32/10;10;2 4 0 7 5 1 8 6 3;0 1 2 3 4 5 6 7 8;60;26;96;358;10;0;23;0.000608;588816;BELA*;                        ? Unchecked;ijcai-2026-base-15-g257422b
n-puzzle;heavy-cost;33/10;10;0 1 5 2 6 8 7 3 4;0 1 2 3 4 5 6 7 8;52;22;76;167;6;0;23;0.000345;484058;BELA*;                        ? Unchecked;ijcai-2026-base-15-g257422b
n-puzzle;heavy-cost;34/10;10;7 1 5 2 8 6 3 4 0;0 1 2 3 4 5 6 7 8;73;20;85;143;7;0;23;0.000286;500000;BELA*;                        ? Unchecked;ijcai-2026-base-15-g257422b
n-puzzle;heavy-cost;35/10;10;6 3 1 2 8 7 0 4 5;0 1 2 3 4 5 6 7 8;64;26;106;1232;10;0;23;0.001679;733770;BELA*;                        ? Unchecked;ijcai-2026-base-15-g257422b
n-puzzle;heavy-cost;36/10;10;0 3 5 4 8 6 7 2 1;0 1 2 3 4 5 6 7 8;65;24;93;312;7;0;23;0.000498;626506;BELA*;                        ? Unchecked;ijcai-2026-base-15-g257422b
n-puzzle;heavy-cost;37/10;10;8 1 4 0 3 2 5 6 7;0 1 2 3 4 5 6 7 8;73;27;99;825;5;0;23;0.001291;639040;BELA*;                        ? Unchecked;ijcai-2026-base-15-g257422b
n-puzzle;heavy-cost;38/10;10;7 4 1 6 2 8 3 5 0;0 1 2 3 4 5 6 7 8;57;26;103;1591;8;0;23;0.002096;759065;BELA*;                        ? Unchecked;ijcai-2026-base-15-g257422b
n-puzzle;heavy-cost;39/10;10;4 6 8 0 5 1 3 2 7;0 1 2 3 4 5 6 7 8;65;27;95;495;8;0;23;0.000764;647906;BELA*;                        ? Unchecked;ijcai-2026-base-15-g257422b
n-puzzle;heavy-cost;40/10;10;4 2 8 6 0 1 3 5 7;0 1 2 3 4 5 6 7 8;54;24;84;406;6;0;23;0.000655;619847;BELA*;                        ? Unchecked;ijcai-2026-base-15-g257422b
n-puzzle;heavy-cost;41/10;10;3 7 8 4 5 2 6 1 0;0 1 2 3 4 5 6 7 8;46;24;96;723;8;0;23;0.001034;699226;BELA*;                        ? Unchecked;ijcai-2026-base-15-g257422b
n-puzzle;heavy-cost;42/10;10;7 5 6 1 0 3 2 8 4;0 1 2 3 4 5 6 7 8;87;26;97;204;5;0;23;0.000378;539683;BELA*;                        ? Unchecked;ijcai-2026-base-15-g257422b
n-puzzle;heavy-cost;43/10;10;1 6 4 8 5 3 7 2 0;0 1 2 3 4 5 6 7 8;75;26;103;609;6;0;23;0.000887;686584;BELA*;                        ? Unchecked;ijcai-2026-base-15-g257422b
n-puzzle;heavy-cost;44/10;10;2 5 7 1 8 4 3 6 0;0 1 2 3 4 5 6 7 8;66;18;78;71;7;0;23;0.000192;369792;BELA*;                        ? Unchecked;ijcai-2026-base-15-g257422b
n-puzzle;heavy-cost;45/10;10;3 8 4 0 7 1 5 6 2;0 1 2 3 4 5 6 7 8;69;23;99;415;7;0;23;0.000654;634557;BELA*;                        ? Unchecked;ijcai-2026-base-15-g257422b
n-puzzle;heavy-cost;46/10;10;3 0 5 4 2 1 7 8 6;0 1 2 3 4 5 6 7 8;45;23;77;248;8;0;23;0.000448;553571;BELA*;                        ? Unchecked;ijcai-2026-base-15-g257422b
n-puzzle;heavy-cost;47/10;10;4 5 3 1 7 0 8 2 6;0 1 2 3 4 5 6 7 8;70;25;100;496;5;0;23;0.00071;698592;BELA*;                        ? Unchecked;ijcai-2026-base-15-g257422b
n-puzzle;heavy-cost;48/10;10;1 8 4 2 3 5 6 0 7;0 1 2 3 4 5 6 7 8;49;23;79;227;8;0;23;0.000563;403197;BELA*;                        ? Unchecked;ijcai-2026-base-15-g257422b
n-puzzle;heavy-cost;49/10;10;4 8 1 0 6 7 3 2 5;0 1 2 3 4 5 6 7 8;73;27;103;873;6;0;23;0.001204;725083;BELA*;                        ? Unchecked;ijcai-2026-base-15-g257422b
n-puzzle;heavy-cost;50/10;10;8 5 3 4 6 1 7 2 0;0 1 2 3 4 5 6 7 8;82;28;110;1142;8;0;23;0.001541;741077;BELA*;                        ? Unchecked;ijcai-2026-base-15-g257422b
n-puzzle;heavy-cost;51/10;10;4 3 7 1 5 2 6 0 8;0 1 2 3 4 5 6 7 8;44;21;74;209;7;0;23;0.000453;461369;BELA*;                        ? Unchecked;ijcai-2026-base-15-g257422b
n-puzzle;heavy-cost;52/10;10;7 4 1 2 3 0 5 8 6;0 1 2 3 4 5 6 7 8;70;33;120;4881;7;0;21;0.006298;775008;BELA*;                        ? Unchecked;ijcai-2026-base-15-g257422b
n-puzzle;heavy-cost;53/10;10;7 5 6 8 2 1 0 4 3;0 1 2 3 4 5 6 7 8;98;30;116;998;9;0;21;0.001324;753776;BELA*;                        ? Unchecked;ijcai-2026-base-15-g257422b
n-puzzle;heavy-cost;54/10;10;2 8 5 0 7 6 1 4 3;0 1 2 3 4 5 6 7 8;74;25;100;400;7;0;21;0.000628;636943;BELA*;                        ? Unchecked;ijcai-2026-base-15-g257422b
n-puzzle;heavy-cost;55/10;10;3 5 2 4 1 6 8 0 7;0 1 2 3 4 5 6 7 8;59;29;103;1504;8;0;21;0.002069;726921;BELA*;                        ? Unchecked;ijcai-2026-base-15-g257422b
n-puzzle;heavy-cost;56/10;10;8 6 1 5 4 3 0 2 7;0 1 2 3 4 5 6 7 8;80;30;118;1223;8;0;21;0.001617;756339;BELA*;                        ? Unchecked;ijcai-2026-base-15-g257422b
n-puzzle;heavy-cost;57/10;10;4 6 5 7 3 2 1 0 8;0 1 2 3 4 5 6 7 8;53;23;95;1534;10;0;21;0.002069;741421;BELA*;                        ? Unchecked;ijcai-2026-base-15-g257422b
n-puzzle;heavy-cost;58/10;10;3 7 4 2 8 6 5 0 1;0 1 2 3 4 5 6 7 8;83;29;105;680;9;0;21;0.000996;682731;BELA*;                        ? Unchecked;ijcai-2026-base-15-g257422b
n-puzzle;heavy-cost;59/10;10;8 7 4 5 6 2 3 0 1;0 1 2 3 4 5 6 7 8;84;29;128;4379;9;0;21;0.005883;744348;BELA*;                        ? Unchecked;ijcai-2026-base-15-g257422b
n-puzzle;heavy-cost;60/10;10;6 1 5 3 4 0 8 2 7;0 1 2 3 4 5 6 7 8;46;25;98;1347;8;0;21;0.001845;730081;BELA*;                        ? Unchecked;ijcai-2026-base-15-g257422b
n-puzzle;heavy-cost;61/10;10;4 5 2 8 0 3 1 6 7;0 1 2 3 4 5 6 7 8;64;22;98;908;10;0;21;0.001268;716088;BELA*;                        ? Unchecked;ijcai-2026-base-15-g257422b
n-puzzle;heavy-cost;62/10;10;8 5 4 6 1 2 7 3 0;0 1 2 3 4 5 6 7 8;72;26;118;5095;8;0;21;0.007032;724545;BELA*;                        ? Unchecked;ijcai-2026-base-15-g257422b
n-puzzle;heavy-cost;63/10;10;0 5 8 2 6 7 4 3 1;0 1 2 3 4 5 6 7 8;75;24;85;164;8;0;21;0.000346;473988;BELA*;                        ? Unchecked;ijcai-2026-base-15-g257422b
n-puzzle;heavy-cost;64/10;10;5 0 1 8 7 3 4 6 2;0 1 2 3 4 5 6 7 8;71;27;105;381;5;0;21;0.000598;637124;BELA*;                        ? Unchecked;ijcai-2026-base-15-g257422b
n-puzzle;heavy-cost;65/10;10;7 6 1 3 4 8 0 5 2;0 1 2 3 4 5 6 7 8;62;26;106;1008;9;0;21;0.001384;728324;BELA*;                        ? Unchecked;ijcai-2026-base-15-g257422b
n-puzzle;heavy-cost;66/10;10;8 0 7 3 6 5 1 2 4;0 1 2 3 4 5 6 7 8;82;29;116;1216;4;0;21;0.001731;702484;BELA*;                        ? Unchecked;ijcai-2026-base-15-g257422b
n-puzzle;heavy-cost;67/10;10;7 2 8 6 5 1 4 0 3;0 1 2 3 4 5 6 7 8;69;27;105;1458;10;0;21;0.001964;742363;BELA*;                        ? Unchecked;ijcai-2026-base-15-g257422b
n-puzzle;heavy-cost;68/10;10;5 0 3 4 1 8 2 7 6;0 1 2 3 4 5 6 7 8;57;27;93;532;10;0;21;0.000871;610792;BELA*;                        ? Unchecked;ijcai-2026-base-15-g257422b
n-puzzle;heavy-cost;69/10;10;7 8 4 6 3 5 2 1 0;0 1 2 3 4 5 6 7 8;72;30;108;1419;9;0;21;0.001873;757608;BELA*;                        ? Unchecked;ijcai-2026-base-15-g257422b
n-puzzle;heavy-cost;70/10;10;7 0 3 2 8 1 5 4 6;0 1 2 3 4 5 6 7 8;85;25;97;170;7;0;21;0.000359;473538;BELA*;                        ? Unchecked;ijcai-2026-base-15-g257422b
n-puzzle;heavy-cost;71/10;10;1 0 7 3 4 8 2 5 6;0 1 2 3 4 5 6 7 8;60;25;96;566;7;0;21;0.000833;679472;BELA*;                        ? Unchecked;ijcai-2026-base-15-g257422b
n-puzzle;heavy-cost;72/10;10;8 0 7 4 3 6 5 2 1;0 1 2 3 4 5 6 7 8;102;27;118;627;9;0;21;0.00087;720690;BELA*;                        ? Unchecked;ijcai-2026-base-15-g257422b
n-puzzle;heavy-cost;73/10;10;3 7 8 5 1 2 0 6 4;0 1 2 3 4 5 6 7 8;60;30;116;3930;9;0;21;0.005341;735817;BELA*;                        ? Unchecked;ijcai-2026-base-15-g257422b
n-puzzle;heavy-cost;74/10;10;1 6 2 0 7 8 4 5 3;0 1 2 3 4 5 6 7 8;61;21;85;125;8;0;21;0.000277;451264;BELA*;                        ? Unchecked;ijcai-2026-base-15-g257422b
n-puzzle;heavy-cost;75/10;10;6 1 2 3 0 8 4 5 7;0 1 2 3 4 5 6 7 8;45;22;81;332;8;0;21;0.000568;584507;BELA*;                        ? Unchecked;ijcai-2026-base-15-g257422b
n-puzzle;heavy-cost;76/10;10;1 0 7 5 6 4 3 2 8;0 1 2 3 4 5 6 7 8;57;29;95;660;10;0;21;0.000995;663317;BELA*;                        ? Unchecked;ijcai-2026-base-15-g257422b
n-puzzle;heavy-cost;77/10;10;2 7 6 1 4 0 5 3 8;0 1 2 3 4 5 6 7 8;65;29;109;1808;5;0;21;0.002428;744646;BELA*;                        ? Unchecked;ijcai-2026-base-15-g257422b
n-puzzle;heavy-cost;78/10;10;2 3 8 4 0 6 1 5 7;0 1 2 3 4 5 6 7 8;68;24;94;521;7;0;21;0.000774;673127;BELA*;                        ? Unchecked;ijcai-2026-base-15-g257422b
n-puzzle;heavy-cost;79/10;10;0 5 4 6 1 7 8 2 3;0 1 2 3 4 5 6 7 8;70;26;90;252;7;0;21;0.000487;517454;BELA*;                        ? Unchecked;ijcai-2026-base-15-g257422b
n-puzzle;heavy-cost;80/10;10;5 3 4 7 0 1 8 6 2;0 1 2 3 4 5 6 7 8;71;22;87;180;7;0;21;0.000347;518732;BELA*;                        ? Unchecked;ijcai-2026-base-15-g257422b
n-puzzle;heavy-cost;81/10;10;1 7 5 6 8 3 4 2 0;0 1 2 3 4 5 6 7 8;62;26;106;1319;7;0;21;0.001797;734001;BELA*;                        ? Unchecked;ijcai-2026-base-15-g257422b
n-puzzle;heavy-cost;82/10;10;3 1 4 0 5 8 2 7 6;0 1 2 3 4 5 6 7 8;44;25;82;225;9;0;21;0.000449;501114;BELA*;                        ? Unchecked;ijcai-2026-base-15-g257422b
n-puzzle;heavy-cost;83/10;10;4 2 3 0 5 1 8 6 7;0 1 2 3 4 5 6 7 8;55;23;89;365;7;0;21;0.000654;558104;BELA*;                        ? Unchecked;ijcai-2026-base-15-g257422b
n-puzzle;heavy-cost;84/10;10;4 7 3 1 6 5 8 0 2;0 1 2 3 4 5 6 7 8;65;29;107;1106;8;0;21;0.001538;719116;BELA*;                        ? Unchecked;ijcai-2026-base-15-g257422b
n-puzzle;heavy-cost;85/10;10;3 6 0 1 5 8 4 2 7;0 1 2 3 4 5 6 7 8;57;28;111;2674;7;0;21;0.003489;766409;BELA*;                        ? Unchecked;ijcai-2026-base-15-g257422b
n-puzzle;heavy-cost;86/10;10;8 6 2 7 5 1 3 0 4;0 1 2 3 4 5 6 7 8;82;29;124;4064;7;0;22;0.005337;761476;BELA*;                        ? Unchecked;ijcai-2026-base-15-g257422b
n-puzzle;heavy-cost;87/10;10;3 2 5 7 6 0 8 1 4;0 1 2 3 4 5 6 7 8;62;19;74;49;8;0;22;0.000187;262032;BELA*;                        ? Unchecked;ijcai-2026-base-15-g257422b
n-puzzle;heavy-cost;88/10;10;1 3 2 4 0 5 8 7 6;0 1 2 3 4 5 6 7 8;39;24;109;2680;9;0;22;0.003463;773895;BELA*;                        ? Unchecked;ijcai-2026-base-15-g257422b
n-puzzle;heavy-cost;89/10;10;0 8 4 3 2 1 6 5 7;0 1 2 3 4 5 6 7 8;55;24;79;161;8;0;22;0.000357;450980;BELA*;                        ? Unchecked;ijcai-2026-base-15-g257422b
n-puzzle;heavy-cost;90/10;10;0 6 1 5 7 8 4 2 3;0 1 2 3 4 5 6 7 8;67;24;99;351;7;0;22;0.000554;633574;BELA*;                        ? Unchecked;ijcai-2026-base-15-g257422b
n-puzzle;heavy-cost;91/10;10;2 1 6 4 5 8 3 0 7;0 1 2 3 4 5 6 7 8;55;25;99;1074;6;0;22;0.001629;659300;BELA*;                        ? Unchecked;ijcai-2026-base-15-g257422b
n-puzzle;heavy-cost;92/10;10;3 7 4 6 1 5 8 0 2;0 1 2 3 4 5 6 7 8;52;23;92;697;7;0;22;0.001015;686700;BELA*;                        ? Unchecked;ijcai-2026-base-15-g257422b
n-puzzle;heavy-cost;93/10;10;7 6 1 3 5 8 2 4 0;0 1 2 3 4 5 6 7 8;65;26;99;571;9;0;22;0.0009;634444;BELA*;                        ? Unchecked;ijcai-2026-base-15-g257422b
n-puzzle;heavy-cost;94/10;10;4 7 8 1 0 3 6 2 5;0 1 2 3 4 5 6 7 8;57;24;105;2264;8;0;22;0.003024;748677;BELA*;                        ? Unchecked;ijcai-2026-base-15-g257422b
n-puzzle;heavy-cost;95/10;10;0 5 8 2 7 4 1 6 3;0 1 2 3 4 5 6 7 8;61;24;87;161;8;0;22;0.000362;444751;BELA*;                        ? Unchecked;ijcai-2026-base-15-g257422b
n-puzzle;heavy-cost;96/10;10;5 2 3 8 7 0 1 6 4;0 1 2 3 4 5 6 7 8;74;27;104;423;8;0;22;0.000691;612156;BELA*;                        ? Unchecked;ijcai-2026-base-15-g257422b
n-puzzle;heavy-cost;97/10;10;8 3 0 4 7 2 6 1 5;0 1 2 3 4 5 6 7 8;58;22;96;384;7;0;22;0.000605;634711;BELA*;                        ? Unchecked;ijcai-2026-base-15-g257422b
n-puzzle;heavy-cost;98/10;10;5 8 6 0 7 4 1 3 2;0 1 2 3 4 5 6 7 8;87;27;117;1034;10;0;22;0.001416;730226;BELA*;                        ? Unchecked;ijcai-2026-base-15-g257422b
n-puzzle;heavy-cost;99/10;10;7 5 0 6 3 2 1 8 4;0 1 2 3 4 5 6 7 8;61;28;95;657;6;0;22;0.001118;587657;BELA*;                        ? Unchecked;ijcai-2026-base-15-g257422b
n-puzzle;heavy-cost;0/20;20;5 6 0 8 4 7 1 3 2;0 1 2 3 4 5 6 7 8;84;28;118;624;11;0;22;0.001035;602899;BELA*;                        ? Unchecked;ijcai-2026-base-15-g257422b
n-puzzle;heavy-cost;1/20;20;0 8 6 4 7 1 5 3 2;0 1 2 3 4 5 6 7 8;86;28;118;846;14;0;22;0.00132;640909;BELA*;                        ? Unchecked;ijcai-2026-base-15-g257422b
n-puzzle;heavy-cost;2/20;20;5 2 8 0 7 4 1 3 6;0 1 2 3 4 5 6 7 8;65;23;95;550;14;0;22;0.000982;560081;BELA*;                        ? Unchecked;ijcai-2026-base-15-g257422b
n-puzzle;heavy-cost;3/20;20;7 2 6 0 8 1 5 4 3;0 1 2 3 4 5 6 7 8;93;31;117;919;16;0;22;0.001422;646273;BELA*;                        ? Unchecked;ijcai-2026-base-15-g257422b
n-puzzle;heavy-cost;4/20;20;5 1 8 6 0 7 2 4 3;0 1 2 3 4 5 6 7 8;72;28;96;543;11;0;22;0.000983;552391;BELA*;                        ? Unchecked;ijcai-2026-base-15-g257422b
n-puzzle;heavy-cost;5/20;20;8 0 3 6 4 5 7 2 1;0 1 2 3 4 5 6 7 8;63;25;107;1765;14;0;22;0.002491;708551;BELA*;                        ? Unchecked;ijcai-2026-base-15-g257422b
n-puzzle;heavy-cost;6/20;20;4 2 7 1 5 8 0 6 3;0 1 2 3 4 5 6 7 8;61;22;91;364;11;0;22;0.000861;422764;BELA*;                        ? Unchecked;ijcai-2026-base-15-g257422b
n-puzzle;heavy-cost;7/20;20;4 1 7 3 2 5 6 0 8;0 1 2 3 4 5 6 7 8;33;25;81;621;11;0;22;0.001066;582552;BELA*;                        ? Unchecked;ijcai-2026-base-15-g257422b
n-puzzle;heavy-cost;8/20;20;8 4 0 5 1 6 2 7 3;0 1 2 3 4 5 6 7 8;82;34;130;4347;17;0;21;0.00587;740545;BELA*;                        ? Unchecked;ijcai-2026-base-15-g257422b
n-puzzle;heavy-cost;9/20;20;1 3 0 7 6 2 5 8 4;0 1 2 3 4 5 6 7 8;66;26;96;522;9;0;21;0.000918;568627;BELA*;                        ? Unchecked;ijcai-2026-base-15-g257422b
n-puzzle;heavy-cost;10/20;20;7 0 4 6 8 5 3 1 2;0 1 2 3 4 5 6 7 8;60;33;114;2865;15;0;21;0.004089;700660;BELA*;                        ? Unchecked;ijcai-2026-base-15-g257422b
n-puzzle;heavy-cost;11/20;20;6 1 7 5 8 2 4 3 0;0 1 2 3 4 5 6 7 8;75;26;117;3059;14;0;21;0.00418;731818;BELA*;                        ? Unchecked;ijcai-2026-base-15-g257422b
n-puzzle;heavy-cost;12/20;20;7 5 2 1 6 3 8 0 4;0 1 2 3 4 5 6 7 8;75;29;107;1255;13;0;21;0.00186;674731;BELA*;                        ? Unchecked;ijcai-2026-base-15-g257422b
n-puzzle;heavy-cost;13/20;20;6 2 4 0 8 7 5 3 1;0 1 2 3 4 5 6 7 8;76;29;102;589;12;0;21;0.001202;490017;BELA*;                        ? Unchecked;ijcai-2026-base-15-g257422b
n-puzzle;heavy-cost;14/20;20;0 1 6 2 5 7 4 8 3;0 1 2 3 4 5 6 7 8;74;30;114;1952;10;0;21;0.002676;729447;BELA*;                        ? Unchecked;ijcai-2026-base-15-g257422b
n-puzzle;heavy-cost;15/20;20;4 0 3 6 1 2 8 5 7;0 1 2 3 4 5 6 7 8;59;19;77;204;12;0;21;0.000473;431290;BELA*;                        ? Unchecked;ijcai-2026-base-15-g257422b
n-puzzle;heavy-cost;16/20;20;1 5 8 7 6 4 0 3 2;0 1 2 3 4 5 6 7 8;67;24;95;547;13;0;21;0.000992;551411;BELA*;                        ? Unchecked;ijcai-2026-base-15-g257422b
n-puzzle;heavy-cost;17/20;20;2 7 0 8 4 6 3 5 1;0 1 2 3 4 5 6 7 8;76;28;116;665;12;0;21;0.001103;602901;BELA*;                        ? Unchecked;ijcai-2026-base-15-g257422b
n-puzzle;heavy-cost;18/20;20;7 4 8 1 5 6 0 2 3;0 1 2 3 4 5 6 7 8;81;26;105;915;14;0;21;0.001404;651709;BELA*;                        ? Unchecked;ijcai-2026-base-15-g257422b
n-puzzle;heavy-cost;19/20;20;2 3 0 1 4 7 5 6 8;0 1 2 3 4 5 6 7 8;47;28;85;443;12;0;21;0.00085;521176;BELA*;                        ? Unchecked;ijcai-2026-base-15-g257422b
n-puzzle;heavy-cost;20/20;20;2 1 4 5 0 6 8 3 7;0 1 2 3 4 5 6 7 8;69;30;115;4036;18;0;22;0.005673;711440;BELA*;                        ? Unchecked;ijcai-2026-base-15-g257422b
n-puzzle;heavy-cost;21/20;20;8 7 6 2 5 4 1 0 3;0 1 2 3 4 5 6 7 8;97;29;131;2499;9;0;22;0.003071;813741;BELA*;                        ? Unchecked;ijcai-2026-base-15-g257422b
n-puzzle;heavy-cost;22/20;20;2 7 3 1 6 5 4 0 8;0 1 2 3 4 5 6 7 8;49;25;77;192;11;0;22;0.000538;356877;BELA*;                        ? Unchecked;ijcai-2026-base-15-g257422b
n-puzzle;heavy-cost;23/20;20;3 0 4 6 2 1 8 5 7;0 1 2 3 4 5 6 7 8;56;21;82;356;11;0;22;0.000664;536145;BELA*;                        ? Unchecked;ijcai-2026-base-15-g257422b
n-puzzle;heavy-cost;24/20;20;5 3 2 4 8 6 0 1 7;0 1 2 3 4 5 6 7 8;68;26;104;768;8;0;22;0.00131;586260;BELA*;                        ? Unchecked;ijcai-2026-base-15-g257422b
n-puzzle;heavy-cost;25/20;20;1 3 5 2 4 6 8 7 0;0 1 2 3 4 5 6 7 8;52;30;116;3858;13;0;22;0.005238;736541;BELA*;                        ? Unchecked;ijcai-2026-base-15-g257422b
n-puzzle;heavy-cost;26/20;20;8 5 1 4 2 7 6 0 3;0 1 2 3 4 5 6 7 8;74;29;104;885;10;0;22;0.001378;642235;BELA*;                        ? Unchecked;ijcai-2026-base-15-g257422b
n-puzzle;heavy-cost;27/20;20;2 8 5 6 3 1 4 0 7;0 1 2 3 4 5 6 7 8;59;25;89;472;11;0;22;0.000872;541284;BELA*;                        ? Unchecked;ijcai-2026-base-15-g257422b
n-puzzle;heavy-cost;28/20;20;5 0 7 4 2 3 1 6 8;0 1 2 3 4 5 6 7 8;59;23;77;184;9;0;22;0.000449;409800;BELA*;                        ? Unchecked;ijcai-2026-base-15-g257422b
n-puzzle;heavy-cost;29/20;20;3 2 4 7 6 8 5 1 0;0 1 2 3 4 5 6 7 8;64;20;86;291;14;0;22;0.000638;456113;BELA*;                        ? Unchecked;ijcai-2026-base-15-g257422b
n-puzzle;heavy-cost;30/20;20;1 3 2 0 8 6 4 7 5;0 1 2 3 4 5 6 7 8;54;25;92;363;16;0;22;0.00087;417241;BELA*;                        ? Unchecked;ijcai-2026-base-15-g257422b
n-puzzle;heavy-cost;31/20;20;8 2 5 3 7 6 4 0 1;0 1 2 3 4 5 6 7 8;75;27;113;1672;13;0;22;0.002334;716367;BELA*;                        ? Unchecked;ijcai-2026-base-15-g257422b
n-puzzle;heavy-cost;32/20;20;2 4 0 7 5 1 8 6 3;0 1 2 3 4 5 6 7 8;60;26;96;358;13;0;22;0.000806;444169;BELA*;                        ? Unchecked;ijcai-2026-base-15-g257422b
n-puzzle;heavy-cost;33/20;20;0 1 5 2 6 8 7 3 4;0 1 2 3 4 5 6 7 8;52;24;78;196;10;0;22;0.000492;398374;BELA*;                        ? Unchecked;ijcai-2026-base-15-g257422b
n-puzzle;heavy-cost;34/20;20;7 1 5 2 8 6 3 4 0;0 1 2 3 4 5 6 7 8;73;20;85;160;13;0;22;0.000442;361991;BELA*;                        ? Unchecked;ijcai-2026-base-15-g257422b
n-puzzle;heavy-cost;35/20;20;6 3 1 2 8 7 0 4 5;0 1 2 3 4 5 6 7 8;64;26;106;1232;14;0;22;0.001816;678414;BELA*;                        ? Unchecked;ijcai-2026-base-15-g257422b
n-puzzle;heavy-cost;36/20;20;0 3 5 4 8 6 7 2 1;0 1 2 3 4 5 6 7 8;65;26;95;399;10;0;22;0.000747;534137;BELA*;                        ? Unchecked;ijcai-2026-base-15-g257422b
n-puzzle;heavy-cost;37/20;20;8 1 4 0 3 2 5 6 7;0 1 2 3 4 5 6 7 8;73;27;99;825;10;0;22;0.00131;629771;BELA*;                        ? Unchecked;ijcai-2026-base-15-g257422b
n-puzzle;heavy-cost;38/20;20;7 4 1 6 2 8 3 5 0;0 1 2 3 4 5 6 7 8;57;24;103;1695;14;0;22;0.002578;657486;BELA*;                        ? Unchecked;ijcai-2026-base-15-g257422b
n-puzzle;heavy-cost;39/20;20;4 6 8 0 5 1 3 2 7;0 1 2 3 4 5 6 7 8;65;25;95;581;13;0;22;0.001036;560811;BELA*;                        ? Unchecked;ijcai-2026-base-15-g257422b
n-puzzle;heavy-cost;40/20;20;4 2 8 6 0 1 3 5 7;0 1 2 3 4 5 6 7 8;54;26;86;519;11;0;22;0.00099;524242;BELA*;                        ? Unchecked;ijcai-2026-base-15-g257422b
n-puzzle;heavy-cost;41/20;20;3 7 8 4 5 2 6 1 0;0 1 2 3 4 5 6 7 8;46;24;96;723;12;0;22;0.00117;617949;BELA*;                        ? Unchecked;ijcai-2026-base-15-g257422b
n-puzzle;heavy-cost;42/20;20;7 5 6 1 0 3 2 8 4;0 1 2 3 4 5 6 7 8;87;26;97;204;9;0;22;0.000533;382739;BELA*;                        ? Unchecked;ijcai-2026-base-15-g257422b
n-puzzle;heavy-cost;43/20;20;1 6 4 8 5 3 7 2 0;0 1 2 3 4 5 6 7 8;75;28;105;805;16;0;22;0.001313;613100;BELA*;                        ? Unchecked;ijcai-2026-base-15-g257422b
n-puzzle;heavy-cost;44/20;20;2 5 7 1 8 4 3 6 0;0 1 2 3 4 5 6 7 8;66;20;80;92;11;0;22;0.000321;286604;BELA*;                        ? Unchecked;ijcai-2026-base-15-g257422b
n-puzzle;heavy-cost;45/20;20;3 8 4 0 7 1 5 6 2;0 1 2 3 4 5 6 7 8;69;21;99;468;14;0;22;0.000861;543554;BELA*;                        ? Unchecked;ijcai-2026-base-15-g257422b
n-puzzle;heavy-cost;46/20;20;3 0 5 4 2 1 7 8 6;0 1 2 3 4 5 6 7 8;45;23;77;248;11;0;22;0.000557;445242;BELA*;                        ? Unchecked;ijcai-2026-base-15-g257422b
n-puzzle;heavy-cost;47/20;20;4 5 3 1 7 0 8 2 6;0 1 2 3 4 5 6 7 8;70;25;100;496;10;0;22;0.000841;589774;BELA*;                        ? Unchecked;ijcai-2026-base-15-g257422b
n-puzzle;heavy-cost;48/20;20;1 8 4 2 3 5 6 0 7;0 1 2 3 4 5 6 7 8;49;21;79;237;14;0;22;0.00072;329167;BELA*;                        ? Unchecked;ijcai-2026-base-15-g257422b
n-puzzle;heavy-cost;49/20;20;4 8 1 0 6 7 3 2 5;0 1 2 3 4 5 6 7 8;73;29;105;972;9;0;22;0.001447;671735;BELA*;                        ? Unchecked;ijcai-2026-base-15-g257422b
n-puzzle;heavy-cost;50/20;20;8 5 3 4 6 1 7 2 0;0 1 2 3 4 5 6 7 8;82;28;110;1149;14;0;22;0.001761;652470;BELA*;                        ? Unchecked;ijcai-2026-base-15-g257422b
n-puzzle;heavy-cost;51/20;20;4 3 7 1 5 2 6 0 8;0 1 2 3 4 5 6 7 8;44;23;76;251;9;0;22;0.00054;464815;BELA*;                        ? Unchecked;ijcai-2026-base-15-g257422b
n-puzzle;heavy-cost;52/20;20;7 4 1 2 3 0 5 8 6;0 1 2 3 4 5 6 7 8;70;35;122;6008;12;0;24;0.008155;736726;BELA*;                        ? Unchecked;ijcai-2026-base-15-g257422b
n-puzzle;heavy-cost;53/20;20;7 5 6 8 2 1 0 4 3;0 1 2 3 4 5 6 7 8;98;30;116;998;11;0;24;0.001556;641388;BELA*;                        ? Unchecked;ijcai-2026-base-15-g257422b
n-puzzle;heavy-cost;54/20;20;2 8 5 0 7 6 1 4 3;0 1 2 3 4 5 6 7 8;74;25;102;450;14;0;24;0.000849;530035;BELA*;                        ? Unchecked;ijcai-2026-base-15-g257422b
n-puzzle;heavy-cost;55/20;20;3 5 2 4 1 6 8 0 7;0 1 2 3 4 5 6 7 8;59;29;103;1504;12;0;24;0.002174;691812;BELA*;                        ? Unchecked;ijcai-2026-base-15-g257422b
n-puzzle;heavy-cost;56/20;20;8 6 1 5 4 3 0 2 7;0 1 2 3 4 5 6 7 8;80;30;118;1223;12;0;24;0.001766;692525;BELA*;                        ? Unchecked;ijcai-2026-base-15-g257422b
n-puzzle;heavy-cost;57/20;20;4 6 5 7 3 2 1 0 8;0 1 2 3 4 5 6 7 8;53;31;97;1699;19;0;24;0.002492;681782;BELA*;                        ? Unchecked;ijcai-2026-base-15-g257422b
n-puzzle;heavy-cost;58/20;20;3 7 4 2 8 6 5 0 1;0 1 2 3 4 5 6 7 8;83;29;105;680;12;0;24;0.001218;558292;BELA*;                        ? Unchecked;ijcai-2026-base-15-g257422b
n-puzzle;heavy-cost;59/20;20;8 7 4 5 6 2 3 0 1;0 1 2 3 4 5 6 7 8;84;31;130;5367;17;0;24;0.006978;769132;BELA*;                        ? Unchecked;ijcai-2026-base-15-g257422b
n-puzzle;heavy-cost;60/20;20;6 1 5 3 4 0 8 2 7;0 1 2 3 4 5 6 7 8;46;23;98;1405;14;0;24;0.002058;682702;BELA*;                        ? Unchecked;ijcai-2026-base-15-g257422b
n-puzzle;heavy-cost;61/20;20;4 5 2 8 0 3 1 6 7;0 1 2 3 4 5 6 7 8;64;22;98;908;14;0;24;0.001419;639887;BELA*;                        ? Unchecked;ijcai-2026-base-15-g257422b
n-puzzle;heavy-cost;62/20;20;8 5 4 6 1 2 7 3 0;0 1 2 3 4 5 6 7 8;72;26;118;5095;11;0;24;0.006852;743579;BELA*;                        ? Unchecked;ijcai-2026-base-15-g257422b
n-puzzle;heavy-cost;63/20;20;0 5 8 2 6 7 4 3 1;0 1 2 3 4 5 6 7 8;75;26;87;176;14;0;24;0.000517;340426;BELA*;                        ? Unchecked;ijcai-2026-base-15-g257422b
n-puzzle;heavy-cost;64/20;20;5 0 1 8 7 3 4 6 2;0 1 2 3 4 5 6 7 8;71;27;105;381;7;0;24;0.000789;482890;BELA*;                        ? Unchecked;ijcai-2026-base-15-g257422b
n-puzzle;heavy-cost;65/20;20;7 6 1 3 4 8 0 5 2;0 1 2 3 4 5 6 7 8;62;26;106;1008;12;0;24;0.00152;663158;BELA*;                        ? Unchecked;ijcai-2026-base-15-g257422b
n-puzzle;heavy-cost;66/20;20;8 0 7 3 6 5 1 2 4;0 1 2 3 4 5 6 7 8;82;29;116;1216;9;0;24;0.001846;658722;BELA*;                        ? Unchecked;ijcai-2026-base-15-g257422b
n-puzzle;heavy-cost;67/20;20;7 2 8 6 5 1 4 0 3;0 1 2 3 4 5 6 7 8;69;27;105;1458;13;0;24;0.0021;694286;BELA*;                        ? Unchecked;ijcai-2026-base-15-g257422b
n-puzzle;heavy-cost;68/20;20;5 0 3 4 1 8 2 7 6;0 1 2 3 4 5 6 7 8;57;29;93;532;15;0;24;0.001162;457831;BELA*;                        ? Unchecked;ijcai-2026-base-15-g257422b
n-puzzle;heavy-cost;69/20;20;7 8 4 6 3 5 2 1 0;0 1 2 3 4 5 6 7 8;72;30;108;1419;12;0;24;0.002041;695247;BELA*;                        ? Unchecked;ijcai-2026-base-15-g257422b
n-puzzle;heavy-cost;70/20;20;7 0 3 2 8 1 5 4 6;0 1 2 3 4 5 6 7 8;85;25;97;170;11;0;24;0.000473;359408;BELA*;                        ? Unchecked;ijcai-2026-base-15-g257422b
n-puzzle;heavy-cost;71/20;20;1 0 7 3 4 8 2 5 6;0 1 2 3 4 5 6 7 8;60;25;96;566;11;0;24;0.000983;575788;BELA*;                        ? Unchecked;ijcai-2026-base-15-g257422b
n-puzzle;heavy-cost;72/20;20;8 0 7 4 3 6 5 2 1;0 1 2 3 4 5 6 7 8;102;27;118;761;14;0;24;0.001153;660017;BELA*;                        ? Unchecked;ijcai-2026-base-15-g257422b
n-puzzle;heavy-cost;73/20;20;3 7 8 5 1 2 0 6 4;0 1 2 3 4 5 6 7 8;60;30;116;3930;12;0;24;0.00533;737336;BELA*;                        ? Unchecked;ijcai-2026-base-15-g257422b
n-puzzle;heavy-cost;74/20;20;1 6 2 0 7 8 4 5 3;0 1 2 3 4 5 6 7 8;61;19;85;125;11;0;24;0.000397;314861;BELA*;                        ? Unchecked;ijcai-2026-base-15-g257422b
n-puzzle;heavy-cost;75/20;20;6 1 2 3 0 8 4 5 7;0 1 2 3 4 5 6 7 8;45;20;83;416;14;0;24;0.000827;503023;BELA*;                        ? Unchecked;ijcai-2026-base-15-g257422b
n-puzzle;heavy-cost;76/20;20;1 0 7 5 6 4 3 2 8;0 1 2 3 4 5 6 7 8;57;31;95;660;14;0;24;0.001251;527578;BELA*;                        ? Unchecked;ijcai-2026-base-15-g257422b
n-puzzle;heavy-cost;77/20;20;2 7 6 1 4 0 5 3 8;0 1 2 3 4 5 6 7 8;65;29;111;2174;11;0;24;0.003022;719391;BELA*;                        ? Unchecked;ijcai-2026-base-15-g257422b
n-puzzle;heavy-cost;78/20;20;2 3 8 4 0 6 1 5 7;0 1 2 3 4 5 6 7 8;68;26;96;626;9;0;24;0.001024;611328;BELA*;                        ? Unchecked;ijcai-2026-base-15-g257422b
n-puzzle;heavy-cost;79/20;20;0 5 4 6 1 7 8 2 3;0 1 2 3 4 5 6 7 8;70;28;92;317;13;0;24;0.000701;452211;BELA*;                        ? Unchecked;ijcai-2026-base-15-g257422b
n-puzzle;heavy-cost;80/20;20;5 3 4 7 0 1 8 6 2;0 1 2 3 4 5 6 7 8;71;24;89;213;13;0;24;0.000523;407266;BELA*;                        ? Unchecked;ijcai-2026-base-15-g257422b
n-puzzle;heavy-cost;81/20;20;1 7 5 6 8 3 4 2 0;0 1 2 3 4 5 6 7 8;62;26;108;1708;17;0;24;0.002611;654155;BELA*;                        ? Unchecked;ijcai-2026-base-15-g257422b
n-puzzle;heavy-cost;82/20;20;3 1 4 0 5 8 2 7 6;0 1 2 3 4 5 6 7 8;44;23;82;241;14;0;24;0.000604;399007;BELA*;                        ? Unchecked;ijcai-2026-base-15-g257422b
n-puzzle;heavy-cost;83/20;20;4 2 3 0 5 1 8 6 7;0 1 2 3 4 5 6 7 8;55;23;89;365;11;0;24;0.00078;467949;BELA*;                        ? Unchecked;ijcai-2026-base-15-g257422b
n-puzzle;heavy-cost;84/20;20;4 7 3 1 6 5 8 0 2;0 1 2 3 4 5 6 7 8;65;27;107;1175;14;0;24;0.00179;656425;BELA*;                        ? Unchecked;ijcai-2026-base-15-g257422b
n-puzzle;heavy-cost;85/20;20;3 6 0 1 5 8 4 2 7;0 1 2 3 4 5 6 7 8;57;30;111;2674;12;0;24;0.003824;699268;BELA*;                        ? Unchecked;ijcai-2026-base-15-g257422b
n-puzzle;heavy-cost;86/20;20;8 6 2 7 5 1 3 0 4;0 1 2 3 4 5 6 7 8;82;31;124;4064;12;0;24;0.005435;747746;BELA*;                        ? Unchecked;ijcai-2026-base-15-g257422b
n-puzzle;heavy-cost;87/20;20;3 2 5 7 6 0 8 1 4;0 1 2 3 4 5 6 7 8;62;21;76;81;13;0;24;0.000333;243243;BELA*;                        ? Unchecked;ijcai-2026-base-15-g257422b
n-puzzle;heavy-cost;88/20;20;1 3 2 4 0 5 8 7 6;0 1 2 3 4 5 6 7 8;39;24;109;3116;18;0;24;0.004201;741728;BELA*;                        ? Unchecked;ijcai-2026-base-15-g257422b
n-puzzle;heavy-cost;89/20;20;0 8 4 3 2 1 6 5 7;0 1 2 3 4 5 6 7 8;55;22;79;168;14;0;24;0.000524;320611;BELA*;                        ? Unchecked;ijcai-2026-base-15-g257422b
n-puzzle;heavy-cost;90/20;20;0 6 1 5 7 8 4 2 3;0 1 2 3 4 5 6 7 8;67;26;101;376;11;0;24;0.000722;520776;BELA*;                        ? Unchecked;ijcai-2026-base-15-g257422b
n-puzzle;heavy-cost;91/20;20;2 1 6 4 5 8 3 0 7;0 1 2 3 4 5 6 7 8;55;27;101;1336;10;0;24;0.001917;696922;BELA*;                        ? Unchecked;ijcai-2026-base-15-g257422b
n-puzzle;heavy-cost;92/20;20;3 7 4 6 1 5 8 0 2;0 1 2 3 4 5 6 7 8;52;25;92;721;15;0;24;0.001217;592440;BELA*;                        ? Unchecked;ijcai-2026-base-15-g257422b
n-puzzle;heavy-cost;93/20;20;7 6 1 3 5 8 2 4 0;0 1 2 3 4 5 6 7 8;65;28;101;683;17;0;24;0.00121;564463;BELA*;                        ? Unchecked;ijcai-2026-base-15-g257422b
n-puzzle;heavy-cost;94/20;20;4 7 8 1 0 3 6 2 5;0 1 2 3 4 5 6 7 8;57;24;105;2273;11;0;24;0.003187;713210;BELA*;                        ? Unchecked;ijcai-2026-base-15-g257422b
n-puzzle;heavy-cost;95/20;20;0 5 8 2 7 4 1 6 3;0 1 2 3 4 5 6 7 8;61;24;87;161;12;0;24;0.000491;327902;BELA*;                        ? Unchecked;ijcai-2026-base-15-g257422b
n-puzzle;heavy-cost;96/20;20;5 2 3 8 7 0 1 6 4;0 1 2 3 4 5 6 7 8;74;27;104;423;12;0;24;0.000828;510870;BELA*;                        ? Unchecked;ijcai-2026-base-15-g257422b
n-puzzle;heavy-cost;97/20;20;8 3 0 4 7 2 6 1 5;0 1 2 3 4 5 6 7 8;58;22;96;384;11;0;24;0.000727;528198;BELA*;                        ? Unchecked;ijcai-2026-base-15-g257422b
n-puzzle;heavy-cost;98/20;20;5 8 6 0 7 4 1 3 2;0 1 2 3 4 5 6 7 8;87;29;117;1034;14;0;24;0.00157;658599;BELA*;                        ? Unchecked;ijcai-2026-base-15-g257422b
n-puzzle;heavy-cost;99/20;20;7 5 0 6 3 2 1 8 4;0 1 2 3 4 5 6 7 8;61;28;97;841;12;0;24;0.001361;617928;BELA*;                        ? Unchecked;ijcai-2026-base-15-g257422b
n-puzzle;heavy-cost;0/30;30;5 6 0 8 4 7 1 3 2;0 1 2 3 4 5 6 7 8;84;28;120;826;20;0;24;0.001477;559242;BELA*;                        ? Unchecked;ijcai-2026-base-15-g257422b
n-puzzle;heavy-cost;1/30;30;0 8 6 4 7 1 5 3 2;0 1 2 3 4 5 6 7 8;86;28;118;846;16;0;24;0.001521;556213;BELA*;                        ? Unchecked;ijcai-2026-base-15-g257422b
n-puzzle;heavy-cost;2/30;30;5 2 8 0 7 4 1 3 6;0 1 2 3 4 5 6 7 8;65;27;97;614;21;0;24;0.001207;508699;BELA*;                        ? Unchecked;ijcai-2026-base-15-g257422b
n-puzzle;heavy-cost;3/30;30;7 2 6 0 8 1 5 4 3;0 1 2 3 4 5 6 7 8;93;31;117;919;20;0;24;0.00169;543787;BELA*;                        ? Unchecked;ijcai-2026-base-15-g257422b
n-puzzle;heavy-cost;4/30;30;5 1 8 6 0 7 2 4 3;0 1 2 3 4 5 6 7 8;72;26;96;706;20;0;24;0.001324;533233;BELA*;                        ? Unchecked;ijcai-2026-base-15-g257422b
n-puzzle;heavy-cost;5/30;30;8 0 3 6 4 5 7 2 1;0 1 2 3 4 5 6 7 8;63;29;109;2015;21;0;24;0.002973;677767;BELA*;                        ? Unchecked;ijcai-2026-base-15-g257422b
n-puzzle;heavy-cost;6/30;30;4 2 7 1 5 8 0 6 3;0 1 2 3 4 5 6 7 8;61;20;91;401;16;0;24;0.000917;437296;BELA*;                        ? Unchecked;ijcai-2026-base-15-g257422b
n-puzzle;heavy-cost;7/30;30;4 1 7 3 2 5 6 0 8;0 1 2 3 4 5 6 7 8;33;25;81;621;13;0;24;0.001262;492076;BELA*;                        ? Unchecked;ijcai-2026-base-15-g257422b
n-puzzle;heavy-cost;8/30;30;8 4 0 5 1 6 2 7 3;0 1 2 3 4 5 6 7 8;82;34;130;4347;19;0;25;0.005872;740293;BELA*;                        ? Unchecked;ijcai-2026-base-15-g257422b
n-puzzle;heavy-cost;9/30;30;1 3 0 7 6 2 5 8 4;0 1 2 3 4 5 6 7 8;66;26;96;548;11;0;25;0.001048;522901;BELA*;                        ? Unchecked;ijcai-2026-base-15-g257422b
n-puzzle;heavy-cost;10/30;30;7 0 4 6 8 5 3 1 2;0 1 2 3 4 5 6 7 8;60;33;114;2865;17;0;25;0.004066;704624;BELA*;                        ? Unchecked;ijcai-2026-base-15-g257422b
n-puzzle;heavy-cost;11/30;30;6 1 7 5 8 2 4 3 0;0 1 2 3 4 5 6 7 8;75;28;119;3613;18;0;25;0.005233;690426;BELA*;                        ? Unchecked;ijcai-2026-base-15-g257422b
n-puzzle;heavy-cost;12/30;30;7 5 2 1 6 3 8 0 4;0 1 2 3 4 5 6 7 8;75;27;109;1567;20;0;25;0.002431;644591;BELA*;                        ? Unchecked;ijcai-2026-base-15-g257422b
n-puzzle;heavy-cost;13/30;30;6 2 4 0 8 7 5 3 1;0 1 2 3 4 5 6 7 8;76;29;104;792;19;0;25;0.00146;542466;BELA*;                        ? Unchecked;ijcai-2026-base-15-g257422b
n-puzzle;heavy-cost;14/30;30;0 1 6 2 5 7 4 8 3;0 1 2 3 4 5 6 7 8;74;32;116;2267;12;0;25;0.003357;675305;BELA*;                        ? Unchecked;ijcai-2026-base-15-g257422b
n-puzzle;heavy-cost;15/30;30;4 0 3 6 1 2 8 5 7;0 1 2 3 4 5 6 7 8;59;19;77;204;15;0;25;0.000576;354167;BELA*;                        ? Unchecked;ijcai-2026-base-15-g257422b
n-puzzle;heavy-cost;16/30;30;1 5 8 7 6 4 0 3 2;0 1 2 3 4 5 6 7 8;67;24;97;558;19;0;25;0.001203;463840;BELA*;                        ? Unchecked;ijcai-2026-base-15-g257422b
n-puzzle;heavy-cost;17/30;30;2 7 0 8 4 6 3 5 1;0 1 2 3 4 5 6 7 8;76;26;116;665;15;0;25;0.001264;526108;BELA*;                        ? Unchecked;ijcai-2026-base-15-g257422b
n-puzzle;heavy-cost;18/30;30;7 4 8 1 5 6 0 2 3;0 1 2 3 4 5 6 7 8;81;28;107;1145;20;0;25;0.001841;621945;BELA*;                        ? Unchecked;ijcai-2026-base-15-g257422b
n-puzzle;heavy-cost;19/30;30;2 3 0 1 4 7 5 6 8;0 1 2 3 4 5 6 7 8;47;26;85;443;15;0;25;0.000998;443888;BELA*;                        ? Unchecked;ijcai-2026-base-15-g257422b
n-puzzle;heavy-cost;20/30;30;2 1 4 5 0 6 8 3 7;0 1 2 3 4 5 6 7 8;69;30;115;4036;21;0;25;0.005746;702402;BELA*;                        ? Unchecked;ijcai-2026-base-15-g257422b
n-puzzle;heavy-cost;21/30;30;8 7 6 2 5 4 1 0 3;0 1 2 3 4 5 6 7 8;97;31;133;3015;14;0;25;0.003834;786385;BELA*;                        ? Unchecked;ijcai-2026-base-15-g257422b
n-puzzle;heavy-cost;22/30;30;2 7 3 1 6 5 4 0 8;0 1 2 3 4 5 6 7 8;49;25;79;266;20;0;25;0.000805;330435;BELA*;                        ? Unchecked;ijcai-2026-base-15-g257422b
n-puzzle;heavy-cost;23/30;30;3 0 4 6 2 1 8 5 7;0 1 2 3 4 5 6 7 8;56;21;82;356;14;0;25;0.000928;383621;BELA*;                        ? Unchecked;ijcai-2026-base-15-g257422b
n-puzzle;heavy-cost;24/30;30;5 3 2 4 8 6 0 1 7;0 1 2 3 4 5 6 7 8;68;28;106;994;11;0;25;0.001571;632718;BELA*;                        ? Unchecked;ijcai-2026-base-15-g257422b
n-puzzle;heavy-cost;25/30;30;1 3 5 2 4 6 8 7 0;0 1 2 3 4 5 6 7 8;52;28;116;4004;20;0;25;0.00558;717563;BELA*;                        ? Unchecked;ijcai-2026-base-15-g257422b
n-puzzle;heavy-cost;26/30;30;8 5 1 4 2 7 6 0 3;0 1 2 3 4 5 6 7 8;74;29;104;885;12;0;25;0.001488;594758;BELA*;                        ? Unchecked;ijcai-2026-base-15-g257422b
n-puzzle;heavy-cost;27/30;30;2 8 5 6 3 1 4 0 7;0 1 2 3 4 5 6 7 8;59;25;91;540;19;0;25;0.001269;425532;BELA*;                        ? Unchecked;ijcai-2026-base-15-g257422b
n-puzzle;heavy-cost;28/30;30;5 0 7 4 2 3 1 6 8;0 1 2 3 4 5 6 7 8;59;23;77;184;12;0;25;0.000552;333333;BELA*;                        ? Unchecked;ijcai-2026-base-15-g257422b
n-puzzle;heavy-cost;29/30;30;3 2 4 7 6 8 5 1 0;0 1 2 3 4 5 6 7 8;64;22;88;351;18;0;25;0.000827;424426;BELA*;                        ? Unchecked;ijcai-2026-base-15-g257422b
n-puzzle;heavy-cost;30/30;30;1 3 2 0 8 6 4 7 5;0 1 2 3 4 5 6 7 8;54;25;92;363;20;0;25;0.000853;425557;BELA*;                        ? Unchecked;ijcai-2026-base-15-g257422b
n-puzzle;heavy-cost;31/30;30;8 2 5 3 7 6 4 0 1;0 1 2 3 4 5 6 7 8;75;27;113;1672;16;0;25;0.002473;676102;BELA*;                        ? Unchecked;ijcai-2026-base-15-g257422b
n-puzzle;heavy-cost;32/30;30;2 4 0 7 5 1 8 6 3;0 1 2 3 4 5 6 7 8;60;26;96;358;15;0;25;0.000896;399554;BELA*;                        ? Unchecked;ijcai-2026-base-15-g257422b
n-puzzle;heavy-cost;33/30;30;0 1 5 2 6 8 7 3 4;0 1 2 3 4 5 6 7 8;52;24;78;196;12;0;25;0.000614;319218;BELA*;                        ? Unchecked;ijcai-2026-base-15-g257422b
n-puzzle;heavy-cost;34/30;30;7 1 5 2 8 6 3 4 0;0 1 2 3 4 5 6 7 8;73;20;87;173;18;0;25;0.000566;305654;BELA*;                        ? Unchecked;ijcai-2026-base-15-g257422b
n-puzzle;heavy-cost;35/30;30;6 3 1 2 8 7 0 4 5;0 1 2 3 4 5 6 7 8;64;26;106;1232;16;0;25;0.001937;636035;BELA*;                        ? Unchecked;ijcai-2026-base-15-g257422b
n-puzzle;heavy-cost;36/30;30;0 3 5 4 8 6 7 2 1;0 1 2 3 4 5 6 7 8;65;26;95;399;12;0;25;0.00089;448315;BELA*;                        ? Unchecked;ijcai-2026-base-15-g257422b
n-puzzle;heavy-cost;37/30;30;8 1 4 0 3 2 5 6 7;0 1 2 3 4 5 6 7 8;73;27;101;972;14;0;25;0.001629;596685;BELA*;                        ? Unchecked;ijcai-2026-base-15-g257422b
n-puzzle;heavy-cost;38/30;30;7 4 1 6 2 8 3 5 0;0 1 2 3 4 5 6 7 8;57;28;105;1893;20;0;25;0.002911;650292;BELA*;                        ? Unchecked;ijcai-2026-base-15-g257422b
n-puzzle;heavy-cost;39/30;30;4 6 8 0 5 1 3 2 7;0 1 2 3 4 5 6 7 8;65;27;97;633;19;0;25;0.001257;503580;BELA*;                        ? Unchecked;ijcai-2026-base-15-g257422b
n-puzzle;heavy-cost;40/30;30;4 2 8 6 0 1 3 5 7;0 1 2 3 4 5 6 7 8;54;26;86;519;15;0;25;0.001027;505355;BELA*;                        ? Unchecked;ijcai-2026-base-15-g257422b
n-puzzle;heavy-cost;41/30;30;3 7 8 4 5 2 6 1 0;0 1 2 3 4 5 6 7 8;46;22;96;723;15;0;25;0.001313;550647;BELA*;                        ? Unchecked;ijcai-2026-base-15-g257422b
n-puzzle;heavy-cost;42/30;30;7 5 6 1 0 3 2 8 4;0 1 2 3 4 5 6 7 8;87;26;99;245;13;0;25;0.000841;291320;BELA*;                        ? Unchecked;ijcai-2026-base-15-g257422b
n-puzzle;heavy-cost;43/30;30;1 6 4 8 5 3 7 2 0;0 1 2 3 4 5 6 7 8;75;28;105;805;20;0;25;0.001424;565309;BELA*;                        ? Unchecked;ijcai-2026-base-15-g257422b
n-puzzle;heavy-cost;44/30;30;2 5 7 1 8 4 3 6 0;0 1 2 3 4 5 6 7 8;66;18;80;97;17;0;25;0.000453;214128;BELA*;                        ? Unchecked;ijcai-2026-base-15-g257422b
n-puzzle;heavy-cost;45/30;30;3 8 4 0 7 1 5 6 2;0 1 2 3 4 5 6 7 8;69;27;101;513;21;0;25;0.001159;442623;BELA*;                        ? Unchecked;ijcai-2026-base-15-g257422b
n-puzzle;heavy-cost;46/30;30;3 0 5 4 2 1 7 8 6;0 1 2 3 4 5 6 7 8;45;23;77;271;16;0;25;0.000735;368707;BELA*;                        ? Unchecked;ijcai-2026-base-15-g257422b
n-puzzle;heavy-cost;47/30;30;4 5 3 1 7 0 8 2 6;0 1 2 3 4 5 6 7 8;70;25;100;496;12;0;25;0.000928;534483;BELA*;                        ? Unchecked;ijcai-2026-base-15-g257422b
n-puzzle;heavy-cost;48/30;30;1 8 4 2 3 5 6 0 7;0 1 2 3 4 5 6 7 8;49;25;81;257;19;0;25;0.000752;341755;BELA*;                        ? Unchecked;ijcai-2026-base-15-g257422b
n-puzzle;heavy-cost;49/30;30;4 8 1 0 6 7 3 2 5;0 1 2 3 4 5 6 7 8;73;29;105;972;11;0;25;0.001556;624679;BELA*;                        ? Unchecked;ijcai-2026-base-15-g257422b
n-puzzle;heavy-cost;50/30;30;8 5 3 4 6 1 7 2 0;0 1 2 3 4 5 6 7 8;82;30;112;1377;16;0;25;0.002067;666183;BELA*;                        ? Unchecked;ijcai-2026-base-15-g257422b
n-puzzle;heavy-cost;51/30;30;4 3 7 1 5 2 6 0 8;0 1 2 3 4 5 6 7 8;44;23;76;251;12;0;25;0.000645;389147;BELA*;                        ? Unchecked;ijcai-2026-base-15-g257422b
n-puzzle;heavy-cost;52/30;30;7 4 1 2 3 0 5 8 6;0 1 2 3 4 5 6 7 8;70;35;122;6008;13;0;25;0.008019;749221;BELA*;                        ? Unchecked;ijcai-2026-base-15-g257422b
n-puzzle;heavy-cost;53/30;30;7 5 6 8 2 1 0 4 3;0 1 2 3 4 5 6 7 8;98;30;118;1424;19;0;22;0.002298;619669;BELA*;                        ? Unchecked;ijcai-2026-base-15-g257422b
n-puzzle;heavy-cost;54/30;30;2 8 5 0 7 6 1 4 3;0 1 2 3 4 5 6 7 8;74;27;102;450;18;0;22;0.000977;460594;BELA*;                        ? Unchecked;ijcai-2026-base-15-g257422b
n-puzzle;heavy-cost;55/30;30;3 5 2 4 1 6 8 0 7;0 1 2 3 4 5 6 7 8;59;27;103;1504;15;0;22;0.002396;627713;BELA*;                        ? Unchecked;ijcai-2026-base-15-g257422b
n-puzzle;heavy-cost;56/30;30;8 6 1 5 4 3 0 2 7;0 1 2 3 4 5 6 7 8;80;28;118;1223;15;0;22;0.001944;629115;BELA*;                        ? Unchecked;ijcai-2026-base-15-g257422b
n-puzzle;heavy-cost;57/30;30;4 6 5 7 3 2 1 0 8;0 1 2 3 4 5 6 7 8;53;25;97;1699;21;0;22;0.002651;640890;BELA*;                        ? Unchecked;ijcai-2026-base-15-g257422b
n-puzzle;heavy-cost;58/30;30;3 7 4 2 8 6 5 0 1;0 1 2 3 4 5 6 7 8;83;29;105;680;15;0;22;0.001275;533333;BELA*;                        ? Unchecked;ijcai-2026-base-15-g257422b
n-puzzle;heavy-cost;59/30;30;8 7 4 5 6 2 3 0 1;0 1 2 3 4 5 6 7 8;84;31;130;5367;22;0;24;0.007385;726743;BELA*;                        ? Unchecked;ijcai-2026-base-15-g257422b
n-puzzle;heavy-cost;60/30;30;6 1 5 3 4 0 8 2 7;0 1 2 3 4 5 6 7 8;46;27;100;1649;21;0;24;0.002686;613924;BELA*;                        ? Unchecked;ijcai-2026-base-15-g257422b
n-puzzle;heavy-cost;61/30;30;4 5 2 8 0 3 1 6 7;0 1 2 3 4 5 6 7 8;64;26;98;929;20;0;24;0.001657;560652;BELA*;                        ? Unchecked;ijcai-2026-base-15-g257422b
n-puzzle;heavy-cost;62/30;30;8 5 4 6 1 2 7 3 0;0 1 2 3 4 5 6 7 8;72;28;118;5095;18;0;26;0.007171;710501;BELA*;                        ? Unchecked;ijcai-2026-base-15-g257422b
n-puzzle;heavy-cost;63/30;30;0 5 8 2 6 7 4 3 1;0 1 2 3 4 5 6 7 8;75;26;87;176;16;0;26;0.000656;268293;BELA*;                        ? Unchecked;ijcai-2026-base-15-g257422b
n-puzzle;heavy-cost;64/30;30;5 0 1 8 7 3 4 6 2;0 1 2 3 4 5 6 7 8;71;27;105;381;9;0;26;0.00084;453571;BELA*;                        ? Unchecked;ijcai-2026-base-15-g257422b
n-puzzle;heavy-cost;65/30;30;7 6 1 3 4 8 0 5 2;0 1 2 3 4 5 6 7 8;62;24;106;1008;16;0;26;0.001684;598575;BELA*;                        ? Unchecked;ijcai-2026-base-15-g257422b
n-puzzle;heavy-cost;66/30;30;8 0 7 3 6 5 1 2 4;0 1 2 3 4 5 6 7 8;82;29;118;1686;17;0;26;0.002599;648711;BELA*;                        ? Unchecked;ijcai-2026-base-15-g257422b
n-puzzle;heavy-cost;67/30;30;7 2 8 6 5 1 4 0 3;0 1 2 3 4 5 6 7 8;69;27;105;1458;15;0;26;0.002261;644847;BELA*;                        ? Unchecked;ijcai-2026-base-15-g257422b
n-puzzle;heavy-cost;68/30;30;5 0 3 4 1 8 2 7 6;0 1 2 3 4 5 6 7 8;57;29;93;532;17;0;26;0.001156;460208;BELA*;                        ? Unchecked;ijcai-2026-base-15-g257422b
n-puzzle;heavy-cost;69/30;30;7 8 4 6 3 5 2 1 0;0 1 2 3 4 5 6 7 8;72;28;108;1419;15;0;26;0.002221;638901;BELA*;                        ? Unchecked;ijcai-2026-base-15-g257422b
n-puzzle;heavy-cost;70/30;30;7 0 3 2 8 1 5 4 6;0 1 2 3 4 5 6 7 8;85;25;99;247;17;0;26;0.000715;345455;BELA*;                        ? Unchecked;ijcai-2026-base-15-g257422b
n-puzzle;heavy-cost;71/30;30;1 0 7 3 4 8 2 5 6;0 1 2 3 4 5 6 7 8;60;25;96;581;17;0;26;0.001151;504778;BELA*;                        ? Unchecked;ijcai-2026-base-15-g257422b
n-puzzle;heavy-cost;72/30;30;8 0 7 4 3 6 5 2 1;0 1 2 3 4 5 6 7 8;102;29;120;874;21;0;26;0.00148;590541;BELA*;                        ? Unchecked;ijcai-2026-base-15-g257422b
n-puzzle;heavy-cost;73/30;30;3 7 8 5 1 2 0 6 4;0 1 2 3 4 5 6 7 8;60;28;116;3930;15;0;26;0.005522;711699;BELA*;                        ? Unchecked;ijcai-2026-base-15-g257422b
n-puzzle;heavy-cost;74/30;30;1 6 2 0 7 8 4 5 3;0 1 2 3 4 5 6 7 8;61;23;87;152;16;0;26;0.000631;240887;BELA*;                        ? Unchecked;ijcai-2026-base-15-g257422b
n-puzzle;heavy-cost;75/30;30;6 1 2 3 0 8 4 5 7;0 1 2 3 4 5 6 7 8;45;24;83;416;17;0;26;0.000946;439746;BELA*;                        ? Unchecked;ijcai-2026-base-15-g257422b
n-puzzle;heavy-cost;76/30;30;1 0 7 5 6 4 3 2 8;0 1 2 3 4 5 6 7 8;57;31;95;660;16;0;26;0.001334;494753;BELA*;                        ? Unchecked;ijcai-2026-base-15-g257422b
n-puzzle;heavy-cost;77/30;30;2 7 6 1 4 0 5 3 8;0 1 2 3 4 5 6 7 8;65;31;111;2174;16;0;26;0.003222;674736;BELA*;                        ? Unchecked;ijcai-2026-base-15-g257422b
n-puzzle;heavy-cost;78/30;30;2 3 8 4 0 6 1 5 7;0 1 2 3 4 5 6 7 8;68;26;96;626;12;0;26;0.001321;473883;BELA*;                        ? Unchecked;ijcai-2026-base-15-g257422b
n-puzzle;heavy-cost;79/30;30;0 5 4 6 1 7 8 2 3;0 1 2 3 4 5 6 7 8;70;28;92;317;14;0;26;0.000821;386114;BELA*;                        ? Unchecked;ijcai-2026-base-15-g257422b
n-puzzle;heavy-cost;80/30;30;5 3 4 7 0 1 8 6 2;0 1 2 3 4 5 6 7 8;71;24;89;213;16;0;26;0.000627;339713;BELA*;                        ? Unchecked;ijcai-2026-base-15-g257422b
n-puzzle;heavy-cost;81/30;30;1 7 5 6 8 3 4 2 0;0 1 2 3 4 5 6 7 8;62;32;108;1708;26;0;26;0.002771;616384;BELA*;                        ? Unchecked;ijcai-2026-base-15-g257422b
n-puzzle;heavy-cost;82/30;30;3 1 4 0 5 8 2 7 6;0 1 2 3 4 5 6 7 8;44;25;84;277;19;0;26;0.000775;357419;BELA*;                        ? Unchecked;ijcai-2026-base-15-g257422b
n-puzzle;heavy-cost;83/30;30;4 2 3 0 5 1 8 6 7;0 1 2 3 4 5 6 7 8;55;23;91;452;17;0;26;0.000991;456105;BELA*;                        ? Unchecked;ijcai-2026-base-15-g257422b
n-puzzle;heavy-cost;84/30;30;4 7 3 1 6 5 8 0 2;0 1 2 3 4 5 6 7 8;65;31;109;1330;20;0;26;0.002141;621205;BELA*;                        ? Unchecked;ijcai-2026-base-15-g257422b
n-puzzle;heavy-cost;85/30;30;3 6 0 1 5 8 4 2 7;0 1 2 3 4 5 6 7 8;57;28;111;2760;20;0;26;0.004074;677467;BELA*;                        ? Unchecked;ijcai-2026-base-15-g257422b
n-puzzle;heavy-cost;86/30;30;8 6 2 7 5 1 3 0 4;0 1 2 3 4 5 6 7 8;82;27;124;5036;18;0;26;0.006575;765932;BELA*;                        ? Unchecked;ijcai-2026-base-15-g257422b
n-puzzle;heavy-cost;87/30;30;3 2 5 7 6 0 8 1 4;0 1 2 3 4 5 6 7 8;62;21;76;81;14;0;26;0.000437;185355;BELA*;                        ? Unchecked;ijcai-2026-base-15-g257422b
n-puzzle;heavy-cost;88/30;30;1 3 2 4 0 5 8 7 6;0 1 2 3 4 5 6 7 8;39;26;111;3248;27;0;26;0.004642;699698;BELA*;                        ? Unchecked;ijcai-2026-base-15-g257422b
n-puzzle;heavy-cost;89/30;30;0 8 4 3 2 1 6 5 7;0 1 2 3 4 5 6 7 8;55;26;81;206;16;0;26;0.000721;285714;BELA*;                        ? Unchecked;ijcai-2026-base-15-g257422b
n-puzzle;heavy-cost;90/30;30;0 6 1 5 7 8 4 2 3;0 1 2 3 4 5 6 7 8;67;26;101;376;12;0;26;0.000843;446026;BELA*;                        ? Unchecked;ijcai-2026-base-15-g257422b
n-puzzle;heavy-cost;91/30;30;2 1 6 4 5 8 3 0 7;0 1 2 3 4 5 6 7 8;55;27;101;1336;13;0;26;0.002045;653301;BELA*;                        ? Unchecked;ijcai-2026-base-15-g257422b
n-puzzle;heavy-cost;92/30;30;3 7 4 6 1 5 8 0 2;0 1 2 3 4 5 6 7 8;52;29;94;859;24;0;26;0.001739;493962;BELA*;                        ? Unchecked;ijcai-2026-base-15-g257422b
n-puzzle;heavy-cost;93/30;30;7 6 1 3 5 8 2 4 0;0 1 2 3 4 5 6 7 8;65;28;101;683;21;0;26;0.001363;501101;BELA*;                        ? Unchecked;ijcai-2026-base-15-g257422b
n-puzzle;heavy-cost;94/30;30;4 7 8 1 0 3 6 2 5;0 1 2 3 4 5 6 7 8;57;24;105;2333;18;0;26;0.003409;684365;BELA*;                        ? Unchecked;ijcai-2026-base-15-g257422b
n-puzzle;heavy-cost;95/30;30;0 5 8 2 7 4 1 6 3;0 1 2 3 4 5 6 7 8;61;22;87;167;15;0;26;0.00064;260937;BELA*;                        ? Unchecked;ijcai-2026-base-15-g257422b
n-puzzle;heavy-cost;96/30;30;5 2 3 8 7 0 1 6 4;0 1 2 3 4 5 6 7 8;74;27;104;423;14;0;26;0.000976;433402;BELA*;                        ? Unchecked;ijcai-2026-base-15-g257422b
n-puzzle;heavy-cost;97/30;30;8 3 0 4 7 2 6 1 5;0 1 2 3 4 5 6 7 8;58;24;98;472;18;0;26;0.000997;473420;BELA*;                        ? Unchecked;ijcai-2026-base-15-g257422b
n-puzzle;heavy-cost;98/30;30;5 8 6 0 7 4 1 3 2;0 1 2 3 4 5 6 7 8;87;27;117;1034;18;0;26;0.001904;543067;BELA*;                        ? Unchecked;ijcai-2026-base-15-g257422b
n-puzzle;heavy-cost;99/30;30;7 5 0 6 3 2 1 8 4;0 1 2 3 4 5 6 7 8;61;30;97;841;16;0;26;0.001498;561415;BELA*;                        ? Unchecked;ijcai-2026-base-15-g257422b
n-puzzle;heavy-cost;0/40;40;5 6 0 8 4 7 1 3 2;0 1 2 3 4 5 6 7 8;84;28;120;826;24;0;26;0.001701;485597;BELA*;                        ? Unchecked;ijcai-2026-base-15-g257422b
n-puzzle;heavy-cost;1/40;40;0 8 6 4 7 1 5 3 2;0 1 2 3 4 5 6 7 8;86;28;118;920;23;0;26;0.001733;530871;BELA*;                        ? Unchecked;ijcai-2026-base-15-g257422b
n-puzzle;heavy-cost;2/40;40;5 2 8 0 7 4 1 3 6;0 1 2 3 4 5 6 7 8;65;27;97;614;21;0;26;0.001324;463746;BELA*;                        ? Unchecked;ijcai-2026-base-15-g257422b
n-puzzle;heavy-cost;3/40;40;7 2 6 0 8 1 5 4 3;0 1 2 3 4 5 6 7 8;93;31;117;919;23;0;26;0.001723;533372;BELA*;                        ? Unchecked;ijcai-2026-base-15-g257422b
n-puzzle;heavy-cost;4/40;40;5 1 8 6 0 7 2 4 3;0 1 2 3 4 5 6 7 8;72;26;98;804;27;0;26;0.001768;454751;BELA*;                        ? Unchecked;ijcai-2026-base-15-g257422b
n-puzzle;heavy-cost;5/40;40;8 0 3 6 4 5 7 2 1;0 1 2 3 4 5 6 7 8;63;29;109;2015;22;0;26;0.003174;634846;BELA*;                        ? Unchecked;ijcai-2026-base-15-g257422b
n-puzzle;heavy-cost;6/40;40;4 2 7 1 5 8 0 6 3;0 1 2 3 4 5 6 7 8;61;24;93;447;21;0;26;0.001099;406733;BELA*;                        ? Unchecked;ijcai-2026-base-15-g257422b
n-puzzle;heavy-cost;7/40;40;4 1 7 3 2 5 6 0 8;0 1 2 3 4 5 6 7 8;33;23;81;652;20;0;26;0.001415;460777;BELA*;                        ? Unchecked;ijcai-2026-base-15-g257422b
n-puzzle;heavy-cost;8/40;40;8 4 0 5 1 6 2 7 3;0 1 2 3 4 5 6 7 8;82;34;130;4347;23;0;26;0.006193;701922;BELA*;                        ? Unchecked;ijcai-2026-base-15-g257422b
n-puzzle;heavy-cost;9/40;40;1 3 0 7 6 2 5 8 4;0 1 2 3 4 5 6 7 8;66;26;98;656;16;0;26;0.001305;502682;BELA*;                        ? Unchecked;ijcai-2026-base-15-g257422b
n-puzzle;heavy-cost;10/40;40;7 0 4 6 8 5 3 1 2;0 1 2 3 4 5 6 7 8;60;33;114;2865;18;0;26;0.00425;674118;BELA*;                        ? Unchecked;ijcai-2026-base-15-g257422b
n-puzzle;heavy-cost;11/40;40;6 1 7 5 8 2 4 3 0;0 1 2 3 4 5 6 7 8;75;30;119;3613;19;0;26;0.005423;666236;BELA*;                        ? Unchecked;ijcai-2026-base-15-g257422b
n-puzzle;heavy-cost;12/40;40;7 5 2 1 6 3 8 0 4;0 1 2 3 4 5 6 7 8;75;31;109;1567;25;0;26;0.002599;602924;BELA*;                        ? Unchecked;ijcai-2026-base-15-g257422b
n-puzzle;heavy-cost;13/40;40;6 2 4 0 8 7 5 3 1;0 1 2 3 4 5 6 7 8;76;31;104;792;20;0;26;0.001601;494691;BELA*;                        ? Unchecked;ijcai-2026-base-15-g257422b
n-puzzle;heavy-cost;14/40;40;0 1 6 2 5 7 4 8 3;0 1 2 3 4 5 6 7 8;74;32;116;2267;13;0;26;0.003478;651811;BELA*;                        ? Unchecked;ijcai-2026-base-15-g257422b
n-puzzle;heavy-cost;15/40;40;4 0 3 6 1 2 8 5 7;0 1 2 3 4 5 6 7 8;59;19;77;204;16;0;26;0.000678;300885;BELA*;                        ? Unchecked;ijcai-2026-base-15-g257422b
n-puzzle;heavy-cost;16/40;40;1 5 8 7 6 4 0 3 2;0 1 2 3 4 5 6 7 8;67;26;97;558;22;0;26;0.001269;439716;BELA*;                        ? Unchecked;ijcai-2026-base-15-g257422b
n-puzzle;heavy-cost;17/40;40;2 7 0 8 4 6 3 5 1;0 1 2 3 4 5 6 7 8;76;28;118;895;22;0;26;0.00173;517341;BELA*;                        ? Unchecked;ijcai-2026-base-15-g257422b
n-puzzle;heavy-cost;18/40;40;7 4 8 1 5 6 0 2 3;0 1 2 3 4 5 6 7 8;81;28;107;1145;26;0;26;0.001994;574223;BELA*;                        ? Unchecked;ijcai-2026-base-15-g257422b
n-puzzle;heavy-cost;19/40;40;2 3 0 1 4 7 5 6 8;0 1 2 3 4 5 6 7 8;47;28;87;540;24;0;26;0.001449;372671;BELA*;                        ? Unchecked;ijcai-2026-base-15-g257422b
n-puzzle;heavy-cost;20/40;40;2 1 4 5 0 6 8 3 7;0 1 2 3 4 5 6 7 8;69;30;115;4036;23;0;26;0.005787;697425;BELA*;                        ? Unchecked;ijcai-2026-base-15-g257422b
n-puzzle;heavy-cost;21/40;40;8 7 6 2 5 4 1 0 3;0 1 2 3 4 5 6 7 8;97;31;133;3015;14;0;26;0.004048;744812;BELA*;                        ? Unchecked;ijcai-2026-base-15-g257422b
n-puzzle;heavy-cost;22/40;40;2 7 3 1 6 5 4 0 8;0 1 2 3 4 5 6 7 8;49;25;79;266;22;0;26;0.00094;282979;BELA*;                        ? Unchecked;ijcai-2026-base-15-g257422b
n-puzzle;heavy-cost;23/40;40;3 0 4 6 2 1 8 5 7;0 1 2 3 4 5 6 7 8;56;19;82;356;17;0;26;0.000921;386536;BELA*;                        ? Unchecked;ijcai-2026-base-15-g257422b
n-puzzle;heavy-cost;24/40;40;5 3 2 4 8 6 0 1 7;0 1 2 3 4 5 6 7 8;68;28;106;994;11;0;26;0.001708;581967;BELA*;                        ? Unchecked;ijcai-2026-base-15-g257422b
n-puzzle;heavy-cost;25/40;40;1 3 5 2 4 6 8 7 0;0 1 2 3 4 5 6 7 8;52;30;118;4903;25;0;26;0.006956;704859;BELA*;                        ? Unchecked;ijcai-2026-base-15-g257422b
n-puzzle;heavy-cost;26/40;40;8 5 1 4 2 7 6 0 3;0 1 2 3 4 5 6 7 8;74;29;104;885;14;0;26;0.001722;513937;BELA*;                        ? Unchecked;ijcai-2026-base-15-g257422b
n-puzzle;heavy-cost;27/40;40;2 8 5 6 3 1 4 0 7;0 1 2 3 4 5 6 7 8;59;27;91;540;20;0;26;0.001245;433735;BELA*;                        ? Unchecked;ijcai-2026-base-15-g257422b
n-puzzle;heavy-cost;28/40;40;5 0 7 4 2 3 1 6 8;0 1 2 3 4 5 6 7 8;59;21;77;194;19;0;26;0.000692;280347;BELA*;                        ? Unchecked;ijcai-2026-base-15-g257422b
n-puzzle;heavy-cost;29/40;40;3 2 4 7 6 8 5 1 0;0 1 2 3 4 5 6 7 8;64;22;88;351;19;0;26;0.001073;327120;BELA*;                        ? Unchecked;ijcai-2026-base-15-g257422b
n-puzzle;heavy-cost;30/40;40;1 3 2 0 8 6 4 7 5;0 1 2 3 4 5 6 7 8;54;25;92;363;22;0;26;0.000968;375000;BELA*;                        ? Unchecked;ijcai-2026-base-15-g257422b
n-puzzle;heavy-cost;31/40;40;8 2 5 3 7 6 4 0 1;0 1 2 3 4 5 6 7 8;75;27;113;1672;19;0;26;0.002702;618801;BELA*;                        ? Unchecked;ijcai-2026-base-15-g257422b
n-puzzle;heavy-cost;32/40;40;2 4 0 7 5 1 8 6 3;0 1 2 3 4 5 6 7 8;60;26;98;453;23;0;26;0.001167;388175;BELA*;                        ? Unchecked;ijcai-2026-base-15-g257422b
n-puzzle;heavy-cost;33/40;40;0 1 5 2 6 8 7 3 4;0 1 2 3 4 5 6 7 8;52;24;78;196;13;0;26;0.000754;259947;BELA*;                        ? Unchecked;ijcai-2026-base-15-g257422b
n-puzzle;heavy-cost;34/40;40;7 1 5 2 8 6 3 4 0;0 1 2 3 4 5 6 7 8;73;22;87;173;20;0;26;0.00066;262121;BELA*;                        ? Unchecked;ijcai-2026-base-15-g257422b
n-puzzle;heavy-cost;35/40;40;6 3 1 2 8 7 0 4 5;0 1 2 3 4 5 6 7 8;64;24;106;1301;26;0;26;0.002204;590290;BELA*;                        ? Unchecked;ijcai-2026-base-15-g257422b
n-puzzle;heavy-cost;36/40;40;0 3 5 4 8 6 7 2 1;0 1 2 3 4 5 6 7 8;65;26;95;399;13;0;26;0.001068;373596;BELA*;                        ? Unchecked;ijcai-2026-base-15-g257422b
n-puzzle;heavy-cost;37/40;40;8 1 4 0 3 2 5 6 7;0 1 2 3 4 5 6 7 8;73;29;101;972;17;0;26;0.001771;548842;BELA*;                        ? Unchecked;ijcai-2026-base-15-g257422b
n-puzzle;heavy-cost;38/40;40;7 4 1 6 2 8 3 5 0;0 1 2 3 4 5 6 7 8;57;28;105;1893;20;0;26;0.002978;635662;BELA*;                        ? Unchecked;ijcai-2026-base-15-g257422b
n-puzzle;heavy-cost;39/40;40;4 6 8 0 5 1 3 2 7;0 1 2 3 4 5 6 7 8;65;29;97;633;21;0;26;0.001409;449255;BELA*;                        ? Unchecked;ijcai-2026-base-15-g257422b
n-puzzle;heavy-cost;40/40;40;4 2 8 6 0 1 3 5 7;0 1 2 3 4 5 6 7 8;54;26;86;519;17;0;26;0.001151;450912;BELA*;                        ? Unchecked;ijcai-2026-base-15-g257422b
n-puzzle;heavy-cost;41/40;40;3 7 8 4 5 2 6 1 0;0 1 2 3 4 5 6 7 8;46;24;98;898;25;0;26;0.001715;523615;BELA*;                        ? Unchecked;ijcai-2026-base-15-g257422b
n-puzzle;heavy-cost;42/40;40;7 5 6 1 0 3 2 8 4;0 1 2 3 4 5 6 7 8;87;26;99;245;18;0;26;0.000839;292014;BELA*;                        ? Unchecked;ijcai-2026-base-15-g257422b
n-puzzle;heavy-cost;43/40;40;1 6 4 8 5 3 7 2 0;0 1 2 3 4 5 6 7 8;75;28;105;805;24;0;26;0.001555;517685;BELA*;                        ? Unchecked;ijcai-2026-base-15-g257422b
n-puzzle;heavy-cost;44/40;40;2 5 7 1 8 4 3 6 0;0 1 2 3 4 5 6 7 8;66;20;82;101;23;0;26;0.000584;172945;BELA*;                        ? Unchecked;ijcai-2026-base-15-g257422b
n-puzzle;heavy-cost;45/40;40;3 8 4 0 7 1 5 6 2;0 1 2 3 4 5 6 7 8;69;23;101;513;27;0;26;0.001364;376100;BELA*;                        ? Unchecked;ijcai-2026-base-15-g257422b
n-puzzle;heavy-cost;46/40;40;3 0 5 4 2 1 7 8 6;0 1 2 3 4 5 6 7 8;45;23;79;314;21;0;26;0.000897;350056;BELA*;                        ? Unchecked;ijcai-2026-base-15-g257422b
n-puzzle;heavy-cost;47/40;40;4 5 3 1 7 0 8 2 6;0 1 2 3 4 5 6 7 8;70;27;102;595;15;0;26;0.001197;497076;BELA*;                        ? Unchecked;ijcai-2026-base-15-g257422b
n-puzzle;heavy-cost;48/40;40;1 8 4 2 3 5 6 0 7;0 1 2 3 4 5 6 7 8;49;25;81;257;19;0;26;0.000863;297798;BELA*;                        ? Unchecked;ijcai-2026-base-15-g257422b
n-puzzle;heavy-cost;49/40;40;4 8 1 0 6 7 3 2 5;0 1 2 3 4 5 6 7 8;73;29;105;972;17;0;26;0.001706;569754;BELA*;                        ? Unchecked;ijcai-2026-base-15-g257422b
n-puzzle;heavy-cost;50/40;40;8 5 3 4 6 1 7 2 0;0 1 2 3 4 5 6 7 8;82;30;112;1377;17;0;26;0.002191;628480;BELA*;                        ? Unchecked;ijcai-2026-base-15-g257422b
n-puzzle;heavy-cost;51/40;40;4 3 7 1 5 2 6 0 8;0 1 2 3 4 5 6 7 8;44;23;78;313;20;0;26;0.00087;359770;BELA*;                        ? Unchecked;ijcai-2026-base-15-g257422b
n-puzzle;heavy-cost;52/40;40;7 4 1 2 3 0 5 8 6;0 1 2 3 4 5 6 7 8;70;35;122;6008;14;0;26;0.008429;712777;BELA*;                        ? Unchecked;ijcai-2026-base-15-g257422b
n-puzzle;heavy-cost;53/40;40;7 5 6 8 2 1 0 4 3;0 1 2 3 4 5 6 7 8;98;32;118;1424;20;0;26;0.002472;576052;BELA*;                        ? Unchecked;ijcai-2026-base-15-g257422b
n-puzzle;heavy-cost;54/40;40;2 8 5 0 7 6 1 4 3;0 1 2 3 4 5 6 7 8;74;27;102;450;19;0;26;0.001102;408348;BELA*;                        ? Unchecked;ijcai-2026-base-15-g257422b
n-puzzle;heavy-cost;55/40;40;3 5 2 4 1 6 8 0 7;0 1 2 3 4 5 6 7 8;59;25;105;1874;25;0;26;0.003069;610622;BELA*;                        ? Unchecked;ijcai-2026-base-15-g257422b
n-puzzle;heavy-cost;56/40;40;8 6 1 5 4 3 0 2 7;0 1 2 3 4 5 6 7 8;80;30;120;1849;25;0;26;0.002875;643130;BELA*;                        ? Unchecked;ijcai-2026-base-15-g257422b
n-puzzle;heavy-cost;57/40;40;4 6 5 7 3 2 1 0 8;0 1 2 3 4 5 6 7 8;53;31;97;1699;23;0;26;0.002968;572439;BELA*;                        ? Unchecked;ijcai-2026-base-15-g257422b
n-puzzle;heavy-cost;58/40;40;3 7 4 2 8 6 5 0 1;0 1 2 3 4 5 6 7 8;83;29;105;680;16;0;26;0.001422;478200;BELA*;                        ? Unchecked;ijcai-2026-base-15-g257422b
n-puzzle;heavy-cost;59/40;40;8 7 4 5 6 2 3 0 1;0 1 2 3 4 5 6 7 8;84;31;130;5367;25;0;26;0.007209;744486;BELA*;                        ? Unchecked;ijcai-2026-base-15-g257422b
n-puzzle;heavy-cost;60/40;40;6 1 5 3 4 0 8 2 7;0 1 2 3 4 5 6 7 8;46;27;100;1649;21;0;26;0.002648;622734;BELA*;                        ? Unchecked;ijcai-2026-base-15-g257422b
n-puzzle;heavy-cost;61/40;40;4 5 2 8 0 3 1 6 7;0 1 2 3 4 5 6 7 8;64;22;98;932;27;0;26;0.00179;520670;BELA*;                        ? Unchecked;ijcai-2026-base-15-g257422b
n-puzzle;heavy-cost;62/40;40;8 5 4 6 1 2 7 3 0;0 1 2 3 4 5 6 7 8;72;28;118;5196;25;0;26;0.00726;715702;BELA*;                        ? Unchecked;ijcai-2026-base-15-g257422b
n-puzzle;heavy-cost;63/40;40;0 5 8 2 6 7 4 3 1;0 1 2 3 4 5 6 7 8;75;24;87;184;21;0;26;0.000878;209567;BELA*;                        ? Unchecked;ijcai-2026-base-15-g257422b
n-puzzle;heavy-cost;64/40;40;5 0 1 8 7 3 4 6 2;0 1 2 3 4 5 6 7 8;71;27;105;404;12;0;26;0.000997;405216;BELA*;                        ? Unchecked;ijcai-2026-base-15-g257422b
n-puzzle;heavy-cost;65/40;40;7 6 1 3 4 8 0 5 2;0 1 2 3 4 5 6 7 8;62;28;108;1271;25;0;26;0.002186;581427;BELA*;                        ? Unchecked;ijcai-2026-base-15-g257422b
n-puzzle;heavy-cost;66/40;40;8 0 7 3 6 5 1 2 4;0 1 2 3 4 5 6 7 8;82;31;118;1686;20;0;26;0.002653;635507;BELA*;                        ? Unchecked;ijcai-2026-base-15-g257422b
n-puzzle;heavy-cost;67/40;40;7 2 8 6 5 1 4 0 3;0 1 2 3 4 5 6 7 8;69;25;105;1581;20;0;26;0.002705;584473;BELA*;                        ? Unchecked;ijcai-2026-base-15-g257422b
n-puzzle;heavy-cost;68/40;40;5 0 3 4 1 8 2 7 6;0 1 2 3 4 5 6 7 8;57;27;93;549;24;0;26;0.001437;382046;BELA*;                        ? Unchecked;ijcai-2026-base-15-g257422b
n-puzzle;heavy-cost;69/40;40;7 8 4 6 3 5 2 1 0;0 1 2 3 4 5 6 7 8;72;28;110;1854;25;0;26;0.00298;622148;BELA*;                        ? Unchecked;ijcai-2026-base-15-g257422b
n-puzzle;heavy-cost;70/40;40;7 0 3 2 8 1 5 4 6;0 1 2 3 4 5 6 7 8;85;27;99;247;20;0;26;0.000833;296519;BELA*;                        ? Unchecked;ijcai-2026-base-15-g257422b
n-puzzle;heavy-cost;71/40;40;1 0 7 3 4 8 2 5 6;0 1 2 3 4 5 6 7 8;60;27;98;650;21;0;26;0.001356;479351;BELA*;                        ? Unchecked;ijcai-2026-base-15-g257422b
n-puzzle;heavy-cost;72/40;40;8 0 7 4 3 6 5 2 1;0 1 2 3 4 5 6 7 8;102;29;120;874;24;0;26;0.001757;497439;BELA*;                        ? Unchecked;ijcai-2026-base-15-g257422b
n-puzzle;heavy-cost;73/40;40;3 7 8 5 1 2 0 6 4;0 1 2 3 4 5 6 7 8;60;26;118;4858;25;0;26;0.00684;710234;BELA*;                        ? Unchecked;ijcai-2026-base-15-g257422b
n-puzzle;heavy-cost;74/40;40;1 6 2 0 7 8 4 5 3;0 1 2 3 4 5 6 7 8;61;23;87;152;17;0;26;0.000645;235659;BELA*;                        ? Unchecked;ijcai-2026-base-15-g257422b
n-puzzle;heavy-cost;75/40;40;6 1 2 3 0 8 4 5 7;0 1 2 3 4 5 6 7 8;45;22;83;416;18;0;26;0.001237;336297;BELA*;                        ? Unchecked;ijcai-2026-base-15-g257422b
n-puzzle;heavy-cost;76/40;40;1 0 7 5 6 4 3 2 8;0 1 2 3 4 5 6 7 8;57;31;97;835;23;0;26;0.001732;482102;BELA*;                        ? Unchecked;ijcai-2026-base-15-g257422b
n-puzzle;heavy-cost;77/40;40;2 7 6 1 4 0 5 3 8;0 1 2 3 4 5 6 7 8;65;31;111;2174;18;0;26;0.003417;636231;BELA*;                        ? Unchecked;ijcai-2026-base-15-g257422b
n-puzzle;heavy-cost;78/40;40;2 3 8 4 0 6 1 5 7;0 1 2 3 4 5 6 7 8;68;24;96;729;17;0;26;0.001426;511220;BELA*;                        ? Unchecked;ijcai-2026-base-15-g257422b
n-puzzle;heavy-cost;79/40;40;0 5 4 6 1 7 8 2 3;0 1 2 3 4 5 6 7 8;70;28;92;317;15;0;26;0.000972;326132;BELA*;                        ? Unchecked;ijcai-2026-base-15-g257422b
n-puzzle;heavy-cost;80/40;40;5 3 4 7 0 1 8 6 2;0 1 2 3 4 5 6 7 8;71;24;89;213;18;0;26;0.000758;281003;BELA*;                        ? Unchecked;ijcai-2026-base-15-g257422b
n-puzzle;heavy-cost;81/40;40;1 7 5 6 8 3 4 2 0;0 1 2 3 4 5 6 7 8;62;32;108;1708;28;0;26;0.002991;571046;BELA*;                        ? Unchecked;ijcai-2026-base-15-g257422b
n-puzzle;heavy-cost;82/40;40;3 1 4 0 5 8 2 7 6;0 1 2 3 4 5 6 7 8;44;27;84;277;20;0;26;0.000901;307436;BELA*;                        ? Unchecked;ijcai-2026-base-15-g257422b
n-puzzle;heavy-cost;83/40;40;4 2 3 0 5 1 8 6 7;0 1 2 3 4 5 6 7 8;55;25;91;452;21;0;26;0.00116;389655;BELA*;                        ? Unchecked;ijcai-2026-base-15-g257422b
n-puzzle;heavy-cost;84/40;40;4 7 3 1 6 5 8 0 2;0 1 2 3 4 5 6 7 8;65;29;109;1330;20;0;26;0.002251;590849;BELA*;                        ? Unchecked;ijcai-2026-base-15-g257422b
n-puzzle;heavy-cost;85/40;40;3 6 0 1 5 8 4 2 7;0 1 2 3 4 5 6 7 8;57;28;111;2794;23;0;26;0.004241;658807;BELA*;                        ? Unchecked;ijcai-2026-base-15-g257422b
n-puzzle;heavy-cost;86/40;40;8 6 2 7 5 1 3 0 4;0 1 2 3 4 5 6 7 8;82;31;126;5069;23;0;26;0.006877;737095;BELA*;                        ? Unchecked;ijcai-2026-base-15-g257422b
n-puzzle;heavy-cost;87/40;40;3 2 5 7 6 0 8 1 4;0 1 2 3 4 5 6 7 8;62;21;78;109;22;0;26;0.000614;177524;BELA*;                        ? Unchecked;ijcai-2026-base-15-g257422b
n-puzzle;heavy-cost;88/40;40;1 3 2 4 0 5 8 7 6;0 1 2 3 4 5 6 7 8;39;26;111;3248;30;0;26;0.004835;671768;BELA*;                        ? Unchecked;ijcai-2026-base-15-g257422b
n-puzzle;heavy-cost;89/40;40;0 8 4 3 2 1 6 5 7;0 1 2 3 4 5 6 7 8;55;26;81;206;17;0;26;0.000845;243787;BELA*;                        ? Unchecked;ijcai-2026-base-15-g257422b
n-puzzle;heavy-cost;90/40;40;0 6 1 5 7 8 4 2 3;0 1 2 3 4 5 6 7 8;67;26;103;447;19;0;26;0.001091;409716;BELA*;                        ? Unchecked;ijcai-2026-base-15-g257422b
n-puzzle;heavy-cost;91/40;40;2 1 6 4 5 8 3 0 7;0 1 2 3 4 5 6 7 8;55;27;101;1336;15;0;26;0.002182;612282;BELA*;                        ? Unchecked;ijcai-2026-base-15-g257422b
n-puzzle;heavy-cost;92/40;40;3 7 4 6 1 5 8 0 2;0 1 2 3 4 5 6 7 8;52;29;94;859;26;0;26;0.001744;492546;BELA*;                        ? Unchecked;ijcai-2026-base-15-g257422b
n-puzzle;heavy-cost;93/40;40;7 6 1 3 5 8 2 4 0;0 1 2 3 4 5 6 7 8;65;28;101;683;22;0;26;0.001498;455941;BELA*;                        ? Unchecked;ijcai-2026-base-15-g257422b
n-puzzle;heavy-cost;94/40;40;4 7 8 1 0 3 6 2 5;0 1 2 3 4 5 6 7 8;57;26;107;2708;20;0;26;0.003953;685049;BELA*;                        ? Unchecked;ijcai-2026-base-15-g257422b
n-puzzle;heavy-cost;95/40;40;0 5 8 2 7 4 1 6 3;0 1 2 3 4 5 6 7 8;61;24;89;197;20;0;26;0.000816;241422;BELA*;                        ? Unchecked;ijcai-2026-base-15-g257422b
n-puzzle;heavy-cost;96/40;40;5 2 3 8 7 0 1 6 4;0 1 2 3 4 5 6 7 8;74;25;104;452;19;0;26;0.001164;388316;BELA*;                        ? Unchecked;ijcai-2026-base-15-g257422b
n-puzzle;heavy-cost;97/40;40;8 3 0 4 7 2 6 1 5;0 1 2 3 4 5 6 7 8;58;24;98;472;19;0;26;0.001092;432234;BELA*;                        ? Unchecked;ijcai-2026-base-15-g257422b
n-puzzle;heavy-cost;98/40;40;5 8 6 0 7 4 1 3 2;0 1 2 3 4 5 6 7 8;87;29;119;1445;26;0;26;0.002517;574096;BELA*;                        ? Unchecked;ijcai-2026-base-15-g257422b
n-puzzle;heavy-cost;99/40;40;7 5 0 6 3 2 1 8 4;0 1 2 3 4 5 6 7 8;61;30;97;841;18;0;26;0.001637;513745;BELA*;                        ? Unchecked;ijcai-2026-base-15-g257422b
n-puzzle;heavy-cost;0/50;50;5 6 0 8 4 7 1 3 2;0 1 2 3 4 5 6 7 8;84;30;120;826;25;0;26;0.001745;473352;BELA*;                        ? Unchecked;ijcai-2026-base-15-g257422b
n-puzzle;heavy-cost;1/50;50;0 8 6 4 7 1 5 3 2;0 1 2 3 4 5 6 7 8;86;26;118;982;28;0;26;0.001942;505664;BELA*;                        ? Unchecked;ijcai-2026-base-15-g257422b
n-puzzle;heavy-cost;2/50;50;5 2 8 0 7 4 1 3 6;0 1 2 3 4 5 6 7 8;65;25;97;614;22;0;26;0.001474;416554;BELA*;                        ? Unchecked;ijcai-2026-base-15-g257422b
n-puzzle;heavy-cost;3/50;50;7 2 6 0 8 1 5 4 3;0 1 2 3 4 5 6 7 8;93;31;117;919;25;0;26;0.002023;454276;BELA*;                        ? Unchecked;ijcai-2026-base-15-g257422b
n-puzzle;heavy-cost;4/50;50;5 1 8 6 0 7 2 4 3;0 1 2 3 4 5 6 7 8;72;28;98;804;32;0;26;0.001774;453213;BELA*;                        ? Unchecked;ijcai-2026-base-15-g257422b
n-puzzle;heavy-cost;5/50;50;8 0 3 6 4 5 7 2 1;0 1 2 3 4 5 6 7 8;63;29;109;2015;23;0;26;0.00332;606928;BELA*;                        ? Unchecked;ijcai-2026-base-15-g257422b
n-puzzle;heavy-cost;6/50;50;4 2 7 1 5 8 0 6 3;0 1 2 3 4 5 6 7 8;61;24;93;447;22;0;26;0.001303;343054;BELA*;                        ? Unchecked;ijcai-2026-base-15-g257422b
n-puzzle;heavy-cost;7/50;50;4 1 7 3 2 5 6 0 8;0 1 2 3 4 5 6 7 8;33;21;83;749;25;0;26;0.001643;455873;BELA*;                        ? Unchecked;ijcai-2026-base-15-g257422b
n-puzzle;heavy-cost;8/50;50;8 4 0 5 1 6 2 7 3;0 1 2 3 4 5 6 7 8;82;34;130;4347;23;0;26;0.006356;683921;BELA*;                        ? Unchecked;ijcai-2026-base-15-g257422b
n-puzzle;heavy-cost;9/50;50;1 3 0 7 6 2 5 8 4;0 1 2 3 4 5 6 7 8;66;28;98;656;18;0;26;0.001467;447171;BELA*;                        ? Unchecked;ijcai-2026-base-15-g257422b
n-puzzle;heavy-cost;10/50;50;7 0 4 6 8 5 3 1 2;0 1 2 3 4 5 6 7 8;60;31;114;2984;28;0;26;0.004639;643242;BELA*;                        ? Unchecked;ijcai-2026-base-15-g257422b
n-puzzle;heavy-cost;11/50;50;6 1 7 5 8 2 4 3 0;0 1 2 3 4 5 6 7 8;75;28;119;3613;19;0;26;0.005398;669322;BELA*;                        ? Unchecked;ijcai-2026-base-15-g257422b
n-puzzle;heavy-cost;12/50;50;7 5 2 1 6 3 8 0 4;0 1 2 3 4 5 6 7 8;75;29;109;1567;25;0;26;0.002852;549439;BELA*;                        ? Unchecked;ijcai-2026-base-15-g257422b
n-puzzle;heavy-cost;13/50;50;6 2 4 0 8 7 5 3 1;0 1 2 3 4 5 6 7 8;76;31;104;792;20;0;26;0.001712;462617;BELA*;                        ? Unchecked;ijcai-2026-base-15-g257422b
n-puzzle;heavy-cost;14/50;50;0 1 6 2 5 7 4 8 3;0 1 2 3 4 5 6 7 8;74;32;116;2267;16;0;26;0.003617;626763;BELA*;                        ? Unchecked;ijcai-2026-base-15-g257422b
n-puzzle;heavy-cost;15/50;50;4 0 3 6 1 2 8 5 7;0 1 2 3 4 5 6 7 8;59;17;77;221;21;0;26;0.000831;265945;BELA*;                        ? Unchecked;ijcai-2026-base-15-g257422b
n-puzzle;heavy-cost;16/50;50;1 5 8 7 6 4 0 3 2;0 1 2 3 4 5 6 7 8;67;26;97;558;23;0;26;0.001415;394346;BELA*;                        ? Unchecked;ijcai-2026-base-15-g257422b
n-puzzle;heavy-cost;17/50;50;2 7 0 8 4 6 3 5 1;0 1 2 3 4 5 6 7 8;76;30;118;895;26;0;26;0.002001;447276;BELA*;                        ? Unchecked;ijcai-2026-base-15-g257422b
n-puzzle;heavy-cost;18/50;50;7 4 8 1 5 6 0 2 3;0 1 2 3 4 5 6 7 8;81;28;107;1145;30;0;26;0.002145;533800;BELA*;                        ? Unchecked;ijcai-2026-base-15-g257422b
n-puzzle;heavy-cost;19/50;50;2 3 0 1 4 7 5 6 8;0 1 2 3 4 5 6 7 8;47;30;87;540;28;0;26;0.001519;355497;BELA*;                        ? Unchecked;ijcai-2026-base-15-g257422b
n-puzzle;heavy-cost;20/50;50;2 1 4 5 0 6 8 3 7;0 1 2 3 4 5 6 7 8;69;32;115;4036;24;0;26;0.005904;683604;BELA*;                        ? Unchecked;ijcai-2026-base-15-g257422b
n-puzzle;heavy-cost;21/50;50;8 7 6 2 5 4 1 0 3;0 1 2 3 4 5 6 7 8;97;31;133;3015;16;0;26;0.004123;731264;BELA*;                        ? Unchecked;ijcai-2026-base-15-g257422b
n-puzzle;heavy-cost;22/50;50;2 7 3 1 6 5 4 0 8;0 1 2 3 4 5 6 7 8;49;27;79;266;22;0;26;0.001032;257752;BELA*;                        ? Unchecked;ijcai-2026-base-15-g257422b
n-puzzle;heavy-cost;23/50;50;3 0 4 6 2 1 8 5 7;0 1 2 3 4 5 6 7 8;56;23;84;425;22;0;26;0.00113;376106;BELA*;                        ? Unchecked;ijcai-2026-base-15-g257422b
n-puzzle;heavy-cost;24/50;50;5 3 2 4 8 6 0 1 7;0 1 2 3 4 5 6 7 8;68;28;106;994;12;0;26;0.001745;569628;BELA*;                        ? Unchecked;ijcai-2026-base-15-g257422b
n-puzzle;heavy-cost;25/50;50;1 3 5 2 4 6 8 7 0;0 1 2 3 4 5 6 7 8;52;32;118;4903;28;0;26;0.007116;689011;BELA*;                        ? Unchecked;ijcai-2026-base-15-g257422b
n-puzzle;heavy-cost;26/50;50;8 5 1 4 2 7 6 0 3;0 1 2 3 4 5 6 7 8;74;29;104;885;14;0;26;0.001771;499718;BELA*;                        ? Unchecked;ijcai-2026-base-15-g257422b
n-puzzle;heavy-cost;27/50;50;2 8 5 6 3 1 4 0 7;0 1 2 3 4 5 6 7 8;59;27;91;540;20;0;26;0.001471;367097;BELA*;                        ? Unchecked;ijcai-2026-base-15-g257422b
n-puzzle;heavy-cost;28/50;50;5 0 7 4 2 3 1 6 8;0 1 2 3 4 5 6 7 8;59;23;79;286;22;0;26;0.000919;311208;BELA*;                        ? Unchecked;ijcai-2026-base-15-g257422b
n-puzzle;heavy-cost;29/50;50;3 2 4 7 6 8 5 1 0;0 1 2 3 4 5 6 7 8;64;24;88;351;20;0;26;0.001078;325603;BELA*;                        ? Unchecked;ijcai-2026-base-15-g257422b
n-puzzle;heavy-cost;30/50;50;1 3 2 0 8 6 4 7 5;0 1 2 3 4 5 6 7 8;54;25;92;363;25;0;26;0.001174;309199;BELA*;                        ? Unchecked;ijcai-2026-base-15-g257422b
n-puzzle;heavy-cost;31/50;50;8 2 5 3 7 6 4 0 1;0 1 2 3 4 5 6 7 8;75;27;113;1672;21;0;26;0.002726;613353;BELA*;                        ? Unchecked;ijcai-2026-base-15-g257422b
n-puzzle;heavy-cost;32/50;50;2 4 0 7 5 1 8 6 3;0 1 2 3 4 5 6 7 8;60;26;98;453;24;0;26;0.001292;350619;BELA*;                        ? Unchecked;ijcai-2026-base-15-g257422b
n-puzzle;heavy-cost;33/50;50;0 1 5 2 6 8 7 3 4;0 1 2 3 4 5 6 7 8;52;22;78;196;18;0;26;0.000894;219239;BELA*;                        ? Unchecked;ijcai-2026-base-15-g257422b
n-puzzle;heavy-cost;34/50;50;7 1 5 2 8 6 3 4 0;0 1 2 3 4 5 6 7 8;73;22;87;173;25;0;26;0.000781;221511;BELA*;                        ? Unchecked;ijcai-2026-base-15-g257422b
n-puzzle;heavy-cost;35/50;50;6 3 1 2 8 7 0 4 5;0 1 2 3 4 5 6 7 8;64;26;108;1551;35;0;26;0.002805;552941;BELA*;                        ? Unchecked;ijcai-2026-base-15-g257422b
n-puzzle;heavy-cost;36/50;50;0 3 5 4 8 6 7 2 1;0 1 2 3 4 5 6 7 8;65;26;95;399;15;0;26;0.0012;332500;BELA*;                        ? Unchecked;ijcai-2026-base-15-g257422b
n-puzzle;heavy-cost;37/50;50;8 1 4 0 3 2 5 6 7;0 1 2 3 4 5 6 7 8;73;29;101;972;19;0;26;0.001926;504673;BELA*;                        ? Unchecked;ijcai-2026-base-15-g257422b
n-puzzle;heavy-cost;38/50;50;7 4 1 6 2 8 3 5 0;0 1 2 3 4 5 6 7 8;57;26;105;1893;21;0;26;0.003097;611237;BELA*;                        ? Unchecked;ijcai-2026-base-15-g257422b
n-puzzle;heavy-cost;39/50;50;4 6 8 0 5 1 3 2 7;0 1 2 3 4 5 6 7 8;65;29;97;633;21;0;26;0.001632;387868;BELA*;                        ? Unchecked;ijcai-2026-base-15-g257422b
n-puzzle;heavy-cost;40/50;50;4 2 8 6 0 1 3 5 7;0 1 2 3 4 5 6 7 8;54;26;86;519;18;0;26;0.001277;406421;BELA*;                        ? Unchecked;ijcai-2026-base-15-g257422b
n-puzzle;heavy-cost;41/50;50;3 7 8 4 5 2 6 1 0;0 1 2 3 4 5 6 7 8;46;24;98;898;29;0;26;0.001914;469175;BELA*;                        ? Unchecked;ijcai-2026-base-15-g257422b
n-puzzle;heavy-cost;42/50;50;7 5 6 1 0 3 2 8 4;0 1 2 3 4 5 6 7 8;87;28;99;245;21;0;26;0.000963;254413;BELA*;                        ? Unchecked;ijcai-2026-base-15-g257422b
n-puzzle;heavy-cost;43/50;50;1 6 4 8 5 3 7 2 0;0 1 2 3 4 5 6 7 8;75;28;105;805;25;0;26;0.001675;480597;BELA*;                        ? Unchecked;ijcai-2026-base-15-g257422b
n-puzzle;heavy-cost;44/50;50;2 5 7 1 8 4 3 6 0;0 1 2 3 4 5 6 7 8;66;22;82;101;23;0;26;0.000668;151198;BELA*;                        ? Unchecked;ijcai-2026-base-15-g257422b
n-puzzle;heavy-cost;45/50;50;3 8 4 0 7 1 5 6 2;0 1 2 3 4 5 6 7 8;69;23;101;513;28;0;26;0.001352;379438;BELA*;                        ? Unchecked;ijcai-2026-base-15-g257422b
n-puzzle;heavy-cost;46/50;50;3 0 5 4 2 1 7 8 6;0 1 2 3 4 5 6 7 8;45;25;79;314;22;0;26;0.00101;310891;BELA*;                        ? Unchecked;ijcai-2026-base-15-g257422b
n-puzzle;heavy-cost;47/50;50;4 5 3 1 7 0 8 2 6;0 1 2 3 4 5 6 7 8;70;27;102;595;15;0;26;0.001424;417837;BELA*;                        ? Unchecked;ijcai-2026-base-15-g257422b
n-puzzle;heavy-cost;48/50;50;1 8 4 2 3 5 6 0 7;0 1 2 3 4 5 6 7 8;49;25;81;257;20;0;26;0.000982;261711;BELA*;                        ? Unchecked;ijcai-2026-base-15-g257422b
n-puzzle;heavy-cost;49/50;50;4 8 1 0 6 7 3 2 5;0 1 2 3 4 5 6 7 8;73;27;105;972;19;0;26;0.001903;510772;BELA*;                        ? Unchecked;ijcai-2026-base-15-g257422b
n-puzzle;heavy-cost;50/50;50;8 5 3 4 6 1 7 2 0;0 1 2 3 4 5 6 7 8;82;30;112;1377;19;0;26;0.002306;597138;BELA*;                        ? Unchecked;ijcai-2026-base-15-g257422b
n-puzzle;heavy-cost;51/50;50;4 3 7 1 5 2 6 0 8;0 1 2 3 4 5 6 7 8;44;23;78;313;22;0;26;0.000961;325702;BELA*;                        ? Unchecked;ijcai-2026-base-15-g257422b
n-puzzle;heavy-cost;52/50;50;7 4 1 2 3 0 5 8 6;0 1 2 3 4 5 6 7 8;70;35;122;6008;16;0;26;0.008502;706657;BELA*;                        ? Unchecked;ijcai-2026-base-15-g257422b
n-puzzle;heavy-cost;53/50;50;7 5 6 8 2 1 0 4 3;0 1 2 3 4 5 6 7 8;98;32;118;1424;20;0;26;0.002462;578392;BELA*;                        ? Unchecked;ijcai-2026-base-15-g257422b
n-puzzle;heavy-cost;54/50;50;2 8 5 0 7 6 1 4 3;0 1 2 3 4 5 6 7 8;74;25;102;450;20;0;26;0.001408;319602;BELA*;                        ? Unchecked;ijcai-2026-base-15-g257422b
n-puzzle;heavy-cost;55/50;50;3 5 2 4 1 6 8 0 7;0 1 2 3 4 5 6 7 8;59;29;105;1874;29;0;26;0.003208;584165;BELA*;                        ? Unchecked;ijcai-2026-base-15-g257422b
n-puzzle;heavy-cost;56/50;50;8 6 1 5 4 3 0 2 7;0 1 2 3 4 5 6 7 8;80;30;120;1849;32;0;26;0.003073;601692;BELA*;                        ? Unchecked;ijcai-2026-base-15-g257422b
n-puzzle;heavy-cost;57/50;50;4 6 5 7 3 2 1 0 8;0 1 2 3 4 5 6 7 8;53;25;97;1715;28;0;26;0.003162;542378;BELA*;                        ? Unchecked;ijcai-2026-base-15-g257422b
n-puzzle;heavy-cost;58/50;50;3 7 4 2 8 6 5 0 1;0 1 2 3 4 5 6 7 8;83;27;105;814;22;0;26;0.001773;459109;BELA*;                        ? Unchecked;ijcai-2026-base-15-g257422b
n-puzzle;heavy-cost;59/50;50;8 7 4 5 6 2 3 0 1;0 1 2 3 4 5 6 7 8;84;31;130;5367;27;0;26;0.007343;730900;BELA*;                        ? Unchecked;ijcai-2026-base-15-g257422b
n-puzzle;heavy-cost;60/50;50;6 1 5 3 4 0 8 2 7;0 1 2 3 4 5 6 7 8;46;25;100;1649;22;0;26;0.002824;583924;BELA*;                        ? Unchecked;ijcai-2026-base-15-g257422b
n-puzzle;heavy-cost;61/50;50;4 5 2 8 0 3 1 6 7;0 1 2 3 4 5 6 7 8;64;24;100;1110;32;0;26;0.002135;519906;BELA*;                        ? Unchecked;ijcai-2026-base-15-g257422b
n-puzzle;heavy-cost;62/50;50;8 5 4 6 1 2 7 3 0;0 1 2 3 4 5 6 7 8;72;28;120;6229;31;0;27;0.008669;718537;BELA*;                        ? Unchecked;ijcai-2026-base-15-g257422b
n-puzzle;heavy-cost;63/50;50;0 5 8 2 6 7 4 3 1;0 1 2 3 4 5 6 7 8;75;26;89;248;26;0;27;0.000994;249497;BELA*;                        ? Unchecked;ijcai-2026-base-15-g257422b
n-puzzle;heavy-cost;64/50;50;5 0 1 8 7 3 4 6 2;0 1 2 3 4 5 6 7 8;71;29;107;497;14;0;27;0.001232;403409;BELA*;                        ? Unchecked;ijcai-2026-base-15-g257422b
n-puzzle;heavy-cost;65/50;50;7 6 1 3 4 8 0 5 2;0 1 2 3 4 5 6 7 8;62;28;108;1271;31;0;27;0.002342;542699;BELA*;                        ? Unchecked;ijcai-2026-base-15-g257422b
n-puzzle;heavy-cost;66/50;50;8 0 7 3 6 5 1 2 4;0 1 2 3 4 5 6 7 8;82;31;118;1686;21;0;27;0.002893;582786;BELA*;                        ? Unchecked;ijcai-2026-base-15-g257422b
n-puzzle;heavy-cost;67/50;50;7 2 8 6 5 1 4 0 3;0 1 2 3 4 5 6 7 8;69;29;107;1851;23;0;27;0.003145;588553;BELA*;                        ? Unchecked;ijcai-2026-base-15-g257422b
n-puzzle;heavy-cost;68/50;50;5 0 3 4 1 8 2 7 6;0 1 2 3 4 5 6 7 8;57;29;95;617;30;0;27;0.001674;368578;BELA*;                        ? Unchecked;ijcai-2026-base-15-g257422b
n-puzzle;heavy-cost;69/50;50;7 8 4 6 3 5 2 1 0;0 1 2 3 4 5 6 7 8;72;30;110;1854;32;0;27;0.003297;562329;BELA*;                        ? Unchecked;ijcai-2026-base-15-g257422b
n-puzzle;heavy-cost;70/50;50;7 0 3 2 8 1 5 4 6;0 1 2 3 4 5 6 7 8;85;27;99;247;22;0;27;0.000957;258098;BELA*;                        ? Unchecked;ijcai-2026-base-15-g257422b
n-puzzle;heavy-cost;71/50;50;1 0 7 3 4 8 2 5 6;0 1 2 3 4 5 6 7 8;60;27;98;650;23;0;27;0.001489;436535;BELA*;                        ? Unchecked;ijcai-2026-base-15-g257422b
n-puzzle;heavy-cost;72/50;50;8 0 7 4 3 6 5 2 1;0 1 2 3 4 5 6 7 8;102;29;120;874;26;0;27;0.001745;500860;BELA*;                        ? Unchecked;ijcai-2026-base-15-g257422b
n-puzzle;heavy-cost;73/50;50;3 7 8 5 1 2 0 6 4;0 1 2 3 4 5 6 7 8;60;32;118;4858;32;0;27;0.007161;678397;BELA*;                        ? Unchecked;ijcai-2026-base-15-g257422b
n-puzzle;heavy-cost;74/50;50;1 6 2 0 7 8 4 5 3;0 1 2 3 4 5 6 7 8;61;21;87;152;18;0;27;0.000791;192162;BELA*;                        ? Unchecked;ijcai-2026-base-15-g257422b
n-puzzle;heavy-cost;75/50;50;6 1 2 3 0 8 4 5 7;0 1 2 3 4 5 6 7 8;45;22;83;416;19;0;27;0.001214;342669;BELA*;                        ? Unchecked;ijcai-2026-base-15-g257422b
n-puzzle;heavy-cost;76/50;50;1 0 7 5 6 4 3 2 8;0 1 2 3 4 5 6 7 8;57;33;97;835;25;0;27;0.001879;444385;BELA*;                        ? Unchecked;ijcai-2026-base-15-g257422b
n-puzzle;heavy-cost;77/50;50;2 7 6 1 4 0 5 3 8;0 1 2 3 4 5 6 7 8;65;31;111;2174;19;0;27;0.003489;623101;BELA*;                        ? Unchecked;ijcai-2026-base-15-g257422b
n-puzzle;heavy-cost;78/50;50;2 3 8 4 0 6 1 5 7;0 1 2 3 4 5 6 7 8;68;26;98;889;19;0;27;0.001755;506553;BELA*;                        ? Unchecked;ijcai-2026-base-15-g257422b
n-puzzle;heavy-cost;79/50;50;0 5 4 6 1 7 8 2 3;0 1 2 3 4 5 6 7 8;70;26;92;326;20;0;27;0.001235;263968;BELA*;                        ? Unchecked;ijcai-2026-base-15-g257422b
n-puzzle;heavy-cost;80/50;50;5 3 4 7 0 1 8 6 2;0 1 2 3 4 5 6 7 8;71;24;89;213;18;0;27;0.000858;248252;BELA*;                        ? Unchecked;ijcai-2026-base-15-g257422b
n-puzzle;heavy-cost;81/50;50;1 7 5 6 8 3 4 2 0;0 1 2 3 4 5 6 7 8;62;28;108;1708;32;0;27;0.003023;565002;BELA*;                        ? Unchecked;ijcai-2026-base-15-g257422b
n-puzzle;heavy-cost;82/50;50;3 1 4 0 5 8 2 7 6;0 1 2 3 4 5 6 7 8;44;27;84;277;21;0;27;0.001034;267892;BELA*;                        ? Unchecked;ijcai-2026-base-15-g257422b
n-puzzle;heavy-cost;83/50;50;4 2 3 0 5 1 8 6 7;0 1 2 3 4 5 6 7 8;55;25;91;452;22;0;27;0.001202;376040;BELA*;                        ? Unchecked;ijcai-2026-base-15-g257422b
n-puzzle;heavy-cost;84/50;50;4 7 3 1 6 5 8 0 2;0 1 2 3 4 5 6 7 8;65;31;109;1330;21;0;27;0.002411;551638;BELA*;                        ? Unchecked;ijcai-2026-base-15-g257422b
n-puzzle;heavy-cost;85/50;50;3 6 0 1 5 8 4 2 7;0 1 2 3 4 5 6 7 8;57;30;113;3290;25;0;27;0.005017;655770;BELA*;                        ? Unchecked;ijcai-2026-base-15-g257422b
n-puzzle;heavy-cost;86/50;50;8 6 2 7 5 1 3 0 4;0 1 2 3 4 5 6 7 8;82;33;126;5069;27;0;27;0.007148;709149;BELA*;                        ? Unchecked;ijcai-2026-base-15-g257422b
n-puzzle;heavy-cost;87/50;50;3 2 5 7 6 0 8 1 4;0 1 2 3 4 5 6 7 8;62;21;78;109;26;0;27;0.000724;150552;BELA*;                        ? Unchecked;ijcai-2026-base-15-g257422b
n-puzzle;heavy-cost;88/50;50;1 3 2 4 0 5 8 7 6;0 1 2 3 4 5 6 7 8;39;26;111;3248;33;0;27;0.004989;651032;BELA*;                        ? Unchecked;ijcai-2026-base-15-g257422b
n-puzzle;heavy-cost;89/50;50;0 8 4 3 2 1 6 5 7;0 1 2 3 4 5 6 7 8;55;26;81;206;18;0;27;0.000964;213693;BELA*;                        ? Unchecked;ijcai-2026-base-15-g257422b
n-puzzle;heavy-cost;90/50;50;0 6 1 5 7 8 4 2 3;0 1 2 3 4 5 6 7 8;67;28;103;447;23;0;27;0.001231;363119;BELA*;                        ? Unchecked;ijcai-2026-base-15-g257422b
n-puzzle;heavy-cost;91/50;50;2 1 6 4 5 8 3 0 7;0 1 2 3 4 5 6 7 8;55;27;101;1336;16;0;27;0.002295;582135;BELA*;                        ? Unchecked;ijcai-2026-base-15-g257422b
n-puzzle;heavy-cost;92/50;50;3 7 4 6 1 5 8 0 2;0 1 2 3 4 5 6 7 8;52;25;94;859;30;0;27;0.001902;451630;BELA*;                        ? Unchecked;ijcai-2026-base-15-g257422b
n-puzzle;heavy-cost;93/50;50;7 6 1 3 5 8 2 4 0;0 1 2 3 4 5 6 7 8;65;26;101;710;28;0;27;0.001726;411356;BELA*;                        ? Unchecked;ijcai-2026-base-15-g257422b
n-puzzle;heavy-cost;94/50;50;4 7 8 1 0 3 6 2 5;0 1 2 3 4 5 6 7 8;57;26;107;2708;20;0;27;0.004099;660649;BELA*;                        ? Unchecked;ijcai-2026-base-15-g257422b
n-puzzle;heavy-cost;95/50;50;0 5 8 2 7 4 1 6 3;0 1 2 3 4 5 6 7 8;61;24;89;197;21;0;27;0.000889;221597;BELA*;                        ? Unchecked;ijcai-2026-base-15-g257422b
n-puzzle;heavy-cost;96/50;50;5 2 3 8 7 0 1 6 4;0 1 2 3 4 5 6 7 8;74;27;106;535;26;0;27;0.001432;373603;BELA*;                        ? Unchecked;ijcai-2026-base-15-g257422b
n-puzzle;heavy-cost;97/50;50;8 3 0 4 7 2 6 1 5;0 1 2 3 4 5 6 7 8;58;24;98;472;20;0;27;0.001212;389439;BELA*;                        ? Unchecked;ijcai-2026-base-15-g257422b
n-puzzle;heavy-cost;98/50;50;5 8 6 0 7 4 1 3 2;0 1 2 3 4 5 6 7 8;87;31;119;1445;27;0;27;0.002513;575010;BELA*;                        ? Unchecked;ijcai-2026-base-15-g257422b
n-puzzle;heavy-cost;99/50;50;7 5 0 6 3 2 1 8 4;0 1 2 3 4 5 6 7 8;61;30;97;841;18;0;27;0.001764;476757;BELA*;                        ? Unchecked;ijcai-2026-base-15-g257422b
n-puzzle;heavy-cost;0/60;60;5 6 0 8 4 7 1 3 2;0 1 2 3 4 5 6 7 8;84;28;120;826;25;0;27;0.001919;430433;BELA*;                        ? Unchecked;ijcai-2026-base-15-g257422b
n-puzzle;heavy-cost;1/60;60;0 8 6 4 7 1 5 3 2;0 1 2 3 4 5 6 7 8;86;30;120;1105;32;0;27;0.002228;495961;BELA*;                        ? Unchecked;ijcai-2026-base-15-g257422b
n-puzzle;heavy-cost;2/60;60;5 2 8 0 7 4 1 3 6;0 1 2 3 4 5 6 7 8;65;27;97;614;23;0;27;0.001605;382555;BELA*;                        ? Unchecked;ijcai-2026-base-15-g257422b
n-puzzle;heavy-cost;3/60;60;7 2 6 0 8 1 5 4 3;0 1 2 3 4 5 6 7 8;93;31;117;919;26;0;27;0.002185;420595;BELA*;                        ? Unchecked;ijcai-2026-base-15-g257422b
n-puzzle;heavy-cost;4/60;60;5 1 8 6 0 7 2 4 3;0 1 2 3 4 5 6 7 8;72;26;98;804;37;0;27;0.001931;416365;BELA*;                        ? Unchecked;ijcai-2026-base-15-g257422b
n-puzzle;heavy-cost;5/60;60;8 0 3 6 4 5 7 2 1;0 1 2 3 4 5 6 7 8;63;27;109;2015;24;0;27;0.00345;584058;BELA*;                        ? Unchecked;ijcai-2026-base-15-g257422b
n-puzzle;heavy-cost;6/60;60;4 2 7 1 5 8 0 6 3;0 1 2 3 4 5 6 7 8;61;24;93;447;22;0;27;0.001339;333831;BELA*;                        ? Unchecked;ijcai-2026-base-15-g257422b
n-puzzle;heavy-cost;7/60;60;4 1 7 3 2 5 6 0 8;0 1 2 3 4 5 6 7 8;33;25;83;749;30;0;27;0.001761;425327;BELA*;                        ? Unchecked;ijcai-2026-base-15-g257422b
n-puzzle;heavy-cost;8/60;60;8 4 0 5 1 6 2 7 3;0 1 2 3 4 5 6 7 8;82;32;130;4347;28;0;27;0.006685;650262;BELA*;                        ? Unchecked;ijcai-2026-base-15-g257422b
n-puzzle;heavy-cost;9/60;60;1 3 0 7 6 2 5 8 4;0 1 2 3 4 5 6 7 8;66;28;98;656;21;0;27;0.001534;427640;BELA*;                        ? Unchecked;ijcai-2026-base-15-g257422b
n-puzzle;heavy-cost;10/60;60;7 0 4 6 8 5 3 1 2;0 1 2 3 4 5 6 7 8;60;33;116;3469;35;0;27;0.005633;615835;BELA*;                        ? Unchecked;ijcai-2026-base-15-g257422b
n-puzzle;heavy-cost;11/60;60;6 1 7 5 8 2 4 3 0;0 1 2 3 4 5 6 7 8;75;30;119;3613;21;0;27;0.005479;659427;BELA*;                        ? Unchecked;ijcai-2026-base-15-g257422b
n-puzzle;heavy-cost;12/60;60;7 5 2 1 6 3 8 0 4;0 1 2 3 4 5 6 7 8;75;31;109;1567;26;0;27;0.003042;515122;BELA*;                        ? Unchecked;ijcai-2026-base-15-g257422b
n-puzzle;heavy-cost;13/60;60;6 2 4 0 8 7 5 3 1;0 1 2 3 4 5 6 7 8;76;31;104;792;21;0;27;0.001986;398792;BELA*;                        ? Unchecked;ijcai-2026-base-15-g257422b
n-puzzle;heavy-cost;14/60;60;0 1 6 2 5 7 4 8 3;0 1 2 3 4 5 6 7 8;74;32;116;2267;16;0;27;0.003706;611711;BELA*;                        ? Unchecked;ijcai-2026-base-15-g257422b
n-puzzle;heavy-cost;15/60;60;4 0 3 6 1 2 8 5 7;0 1 2 3 4 5 6 7 8;59;21;79;255;27;0;27;0.000972;262346;BELA*;                        ? Unchecked;ijcai-2026-base-15-g257422b
n-puzzle;heavy-cost;16/60;60;1 5 8 7 6 4 0 3 2;0 1 2 3 4 5 6 7 8;67;22;97;558;28;0;27;0.001693;329592;BELA*;                        ? Unchecked;ijcai-2026-base-15-g257422b
n-puzzle;heavy-cost;17/60;60;2 7 0 8 4 6 3 5 1;0 1 2 3 4 5 6 7 8;76;30;118;895;26;0;27;0.001958;457099;BELA*;                        ? Unchecked;ijcai-2026-base-15-g257422b
n-puzzle;heavy-cost;18/60;60;7 4 8 1 5 6 0 2 3;0 1 2 3 4 5 6 7 8;81;28;107;1145;30;0;27;0.002312;495242;BELA*;                        ? Unchecked;ijcai-2026-base-15-g257422b
n-puzzle;heavy-cost;19/60;60;2 3 0 1 4 7 5 6 8;0 1 2 3 4 5 6 7 8;47;30;87;540;28;0;27;0.00156;346154;BELA*;                        ? Unchecked;ijcai-2026-base-15-g257422b
n-puzzle;heavy-cost;20/60;60;2 1 4 5 0 6 8 3 7;0 1 2 3 4 5 6 7 8;69;30;115;4036;28;0;27;0.006235;647314;BELA*;                        ? Unchecked;ijcai-2026-base-15-g257422b
n-puzzle;heavy-cost;21/60;60;8 7 6 2 5 4 1 0 3;0 1 2 3 4 5 6 7 8;97;31;133;3015;18;0;27;0.004204;717174;BELA*;                        ? Unchecked;ijcai-2026-base-15-g257422b
n-puzzle;heavy-cost;22/60;60;2 7 3 1 6 5 4 0 8;0 1 2 3 4 5 6 7 8;49;25;79;266;23;0;27;0.001188;223906;BELA*;                        ? Unchecked;ijcai-2026-base-15-g257422b
n-puzzle;heavy-cost;23/60;60;3 0 4 6 2 1 8 5 7;0 1 2 3 4 5 6 7 8;56;23;84;425;24;0;27;0.001374;309316;BELA*;                        ? Unchecked;ijcai-2026-base-15-g257422b
n-puzzle;heavy-cost;24/60;60;5 3 2 4 8 6 0 1 7;0 1 2 3 4 5 6 7 8;68;28;106;994;13;0;27;0.001835;541689;BELA*;                        ? Unchecked;ijcai-2026-base-15-g257422b
n-puzzle;heavy-cost;25/60;60;1 3 5 2 4 6 8 7 0;0 1 2 3 4 5 6 7 8;52;32;118;4903;32;0;27;0.007244;676836;BELA*;                        ? Unchecked;ijcai-2026-base-15-g257422b
n-puzzle;heavy-cost;26/60;60;8 5 1 4 2 7 6 0 3;0 1 2 3 4 5 6 7 8;74;27;104;885;18;0;27;0.001969;449467;BELA*;                        ? Unchecked;ijcai-2026-base-15-g257422b
n-puzzle;heavy-cost;27/60;60;2 8 5 6 3 1 4 0 7;0 1 2 3 4 5 6 7 8;59;27;91;540;21;0;27;0.001548;348837;BELA*;                        ? Unchecked;ijcai-2026-base-15-g257422b
n-puzzle;heavy-cost;28/60;60;5 0 7 4 2 3 1 6 8;0 1 2 3 4 5 6 7 8;59;25;79;286;27;0;27;0.001025;279024;BELA*;                        ? Unchecked;ijcai-2026-base-15-g257422b
n-puzzle;heavy-cost;29/60;60;3 2 4 7 6 8 5 1 0;0 1 2 3 4 5 6 7 8;64;22;88;351;21;0;27;0.001183;296703;BELA*;                        ? Unchecked;ijcai-2026-base-15-g257422b
n-puzzle;heavy-cost;30/60;60;1 3 2 0 8 6 4 7 5;0 1 2 3 4 5 6 7 8;54;25;92;363;25;0;27;0.001267;286504;BELA*;                        ? Unchecked;ijcai-2026-base-15-g257422b
n-puzzle;heavy-cost;31/60;60;8 2 5 3 7 6 4 0 1;0 1 2 3 4 5 6 7 8;75;27;113;1672;22;0;27;0.002986;559946;BELA*;                        ? Unchecked;ijcai-2026-base-15-g257422b
n-puzzle;heavy-cost;32/60;60;2 4 0 7 5 1 8 6 3;0 1 2 3 4 5 6 7 8;60;26;98;453;25;0;27;0.001416;319915;BELA*;                        ? Unchecked;ijcai-2026-base-15-g257422b
n-puzzle;heavy-cost;33/60;60;0 1 5 2 6 8 7 3 4;0 1 2 3 4 5 6 7 8;52;24;80;243;25;0;27;0.001095;221918;BELA*;                        ? Unchecked;ijcai-2026-base-15-g257422b
n-puzzle;heavy-cost;34/60;60;7 1 5 2 8 6 3 4 0;0 1 2 3 4 5 6 7 8;73;22;87;173;26;0;27;0.000888;194820;BELA*;                        ? Unchecked;ijcai-2026-base-15-g257422b
n-puzzle;heavy-cost;35/60;60;6 3 1 2 8 7 0 4 5;0 1 2 3 4 5 6 7 8;64;28;108;1551;38;0;27;0.002864;541550;BELA*;                        ? Unchecked;ijcai-2026-base-15-g257422b
n-puzzle;heavy-cost;36/60;60;0 3 5 4 8 6 7 2 1;0 1 2 3 4 5 6 7 8;65;24;95;404;20;0;27;0.001269;318361;BELA*;                        ? Unchecked;ijcai-2026-base-15-g257422b
n-puzzle;heavy-cost;37/60;60;8 1 4 0 3 2 5 6 7;0 1 2 3 4 5 6 7 8;73;29;101;972;20;0;27;0.002072;469112;BELA*;                        ? Unchecked;ijcai-2026-base-15-g257422b
n-puzzle;heavy-cost;38/60;60;7 4 1 6 2 8 3 5 0;0 1 2 3 4 5 6 7 8;57;26;105;1893;24;0;27;0.003295;574507;BELA*;                        ? Unchecked;ijcai-2026-base-15-g257422b
n-puzzle;heavy-cost;39/60;60;4 6 8 0 5 1 3 2 7;0 1 2 3 4 5 6 7 8;65;27;97;633;22;0;27;0.001648;384102;BELA*;                        ? Unchecked;ijcai-2026-base-15-g257422b
n-puzzle;heavy-cost;40/60;60;4 2 8 6 0 1 3 5 7;0 1 2 3 4 5 6 7 8;54;26;86;519;19;0;27;0.001426;363955;BELA*;                        ? Unchecked;ijcai-2026-base-15-g257422b
n-puzzle;heavy-cost;41/60;60;3 7 8 4 5 2 6 1 0;0 1 2 3 4 5 6 7 8;46;26;98;898;30;0;27;0.001942;462410;BELA*;                        ? Unchecked;ijcai-2026-base-15-g257422b
n-puzzle;heavy-cost;42/60;60;7 5 6 1 0 3 2 8 4;0 1 2 3 4 5 6 7 8;87;28;99;245;23;0;27;0.001237;198060;BELA*;                        ? Unchecked;ijcai-2026-base-15-g257422b
n-puzzle;heavy-cost;43/60;60;1 6 4 8 5 3 7 2 0;0 1 2 3 4 5 6 7 8;75;28;105;805;26;0;27;0.001797;447969;BELA*;                        ? Unchecked;ijcai-2026-base-15-g257422b
n-puzzle;heavy-cost;44/60;60;2 5 7 1 8 4 3 6 0;0 1 2 3 4 5 6 7 8;66;20;82;101;24;0;27;0.000877;115165;BELA*;                        ? Unchecked;ijcai-2026-base-15-g257422b
n-puzzle;heavy-cost;45/60;60;3 8 4 0 7 1 5 6 2;0 1 2 3 4 5 6 7 8;69;23;101;513;29;0;27;0.001486;345222;BELA*;                        ? Unchecked;ijcai-2026-base-15-g257422b
n-puzzle;heavy-cost;46/60;60;3 0 5 4 2 1 7 8 6;0 1 2 3 4 5 6 7 8;45;25;79;314;22;0;27;0.001088;288603;BELA*;                        ? Unchecked;ijcai-2026-base-15-g257422b
n-puzzle;heavy-cost;47/60;60;4 5 3 1 7 0 8 2 6;0 1 2 3 4 5 6 7 8;70;27;102;595;15;0;27;0.001378;431785;BELA*;                        ? Unchecked;ijcai-2026-base-15-g257422b
n-puzzle;heavy-cost;48/60;60;1 8 4 2 3 5 6 0 7;0 1 2 3 4 5 6 7 8;49;23;81;257;23;0;27;0.001125;228444;BELA*;                        ? Unchecked;ijcai-2026-base-15-g257422b
n-puzzle;heavy-cost;49/60;60;4 8 1 0 6 7 3 2 5;0 1 2 3 4 5 6 7 8;73;27;105;1040;25;0;27;0.002207;471228;BELA*;                        ? Unchecked;ijcai-2026-base-15-g257422b
n-puzzle;heavy-cost;50/60;60;8 5 3 4 6 1 7 2 0;0 1 2 3 4 5 6 7 8;82;30;112;1377;20;0;27;0.002397;574468;BELA*;                        ? Unchecked;ijcai-2026-base-15-g257422b
n-puzzle;heavy-cost;51/60;60;4 3 7 1 5 2 6 0 8;0 1 2 3 4 5 6 7 8;44;25;78;313;23;0;27;0.001065;293897;BELA*;                        ? Unchecked;ijcai-2026-base-15-g257422b
n-puzzle;heavy-cost;52/60;60;7 4 1 2 3 0 5 8 6;0 1 2 3 4 5 6 7 8;70;35;122;6008;17;0;27;0.008591;699337;BELA*;                        ? Unchecked;ijcai-2026-base-15-g257422b
n-puzzle;heavy-cost;53/60;60;7 5 6 8 2 1 0 4 3;0 1 2 3 4 5 6 7 8;98;30;118;1424;21;0;27;0.002646;538171;BELA*;                        ? Unchecked;ijcai-2026-base-15-g257422b
n-puzzle;heavy-cost;54/60;60;2 8 5 0 7 6 1 4 3;0 1 2 3 4 5 6 7 8;74;25;102;454;23;0;27;0.00142;319718;BELA*;                        ? Unchecked;ijcai-2026-base-15-g257422b
n-puzzle;heavy-cost;55/60;60;3 5 2 4 1 6 8 0 7;0 1 2 3 4 5 6 7 8;59;31;105;1874;33;0;27;0.003411;549399;BELA*;                        ? Unchecked;ijcai-2026-base-15-g257422b
n-puzzle;heavy-cost;56/60;60;8 6 1 5 4 3 0 2 7;0 1 2 3 4 5 6 7 8;80;30;120;1849;34;0;27;0.003249;569098;BELA*;                        ? Unchecked;ijcai-2026-base-15-g257422b
n-puzzle;heavy-cost;57/60;60;4 6 5 7 3 2 1 0 8;0 1 2 3 4 5 6 7 8;53;25;97;1715;32;0;27;0.003213;533769;BELA*;                        ? Unchecked;ijcai-2026-base-15-g257422b
n-puzzle;heavy-cost;58/60;60;3 7 4 2 8 6 5 0 1;0 1 2 3 4 5 6 7 8;83;29;107;900;29;0;27;0.002163;416089;BELA*;                        ? Unchecked;ijcai-2026-base-15-g257422b
n-puzzle;heavy-cost;59/60;60;8 7 4 5 6 2 3 0 1;0 1 2 3 4 5 6 7 8;84;31;130;5367;28;0;28;0.007629;703500;BELA*;                        ? Unchecked;ijcai-2026-base-15-g257422b
n-puzzle;heavy-cost;60/60;60;6 1 5 3 4 0 8 2 7;0 1 2 3 4 5 6 7 8;46;25;100;1649;23;0;28;0.003008;548205;BELA*;                        ? Unchecked;ijcai-2026-base-15-g257422b
n-puzzle;heavy-cost;61/60;60;4 5 2 8 0 3 1 6 7;0 1 2 3 4 5 6 7 8;64;28;100;1110;36;0;28;0.002312;480104;BELA*;                        ? Unchecked;ijcai-2026-base-15-g257422b
n-puzzle;heavy-cost;62/60;60;8 5 4 6 1 2 7 3 0;0 1 2 3 4 5 6 7 8;72;30;120;6229;34;0;28;0.008774;709938;BELA*;                        ? Unchecked;ijcai-2026-base-15-g257422b
n-puzzle;heavy-cost;63/60;60;0 5 8 2 6 7 4 3 1;0 1 2 3 4 5 6 7 8;75;26;89;248;27;0;28;0.00111;223423;BELA*;                        ? Unchecked;ijcai-2026-base-15-g257422b
n-puzzle;heavy-cost;64/60;60;5 0 1 8 7 3 4 6 2;0 1 2 3 4 5 6 7 8;71;29;107;497;15;0;28;0.001305;380843;BELA*;                        ? Unchecked;ijcai-2026-base-15-g257422b
n-puzzle;heavy-cost;65/60;60;7 6 1 3 4 8 0 5 2;0 1 2 3 4 5 6 7 8;62;26;108;1271;37;0;28;0.002518;504766;BELA*;                        ? Unchecked;ijcai-2026-base-15-g257422b
n-puzzle;heavy-cost;66/60;60;8 0 7 3 6 5 1 2 4;0 1 2 3 4 5 6 7 8;82;31;118;1686;23;0;28;0.003063;550441;BELA*;                        ? Unchecked;ijcai-2026-base-15-g257422b
n-puzzle;heavy-cost;67/60;60;7 2 8 6 5 1 4 0 3;0 1 2 3 4 5 6 7 8;69;29;107;1851;24;0;28;0.003275;565191;BELA*;                        ? Unchecked;ijcai-2026-base-15-g257422b
n-puzzle;heavy-cost;68/60;60;5 0 3 4 1 8 2 7 6;0 1 2 3 4 5 6 7 8;57;31;95;617;32;0;28;0.001732;356236;BELA*;                        ? Unchecked;ijcai-2026-base-15-g257422b
n-puzzle;heavy-cost;69/60;60;7 8 4 6 3 5 2 1 0;0 1 2 3 4 5 6 7 8;72;32;110;1854;33;0;28;0.003325;557594;BELA*;                        ? Unchecked;ijcai-2026-base-15-g257422b
n-puzzle;heavy-cost;70/60;60;7 0 3 2 8 1 5 4 6;0 1 2 3 4 5 6 7 8;85;27;99;247;22;0;28;0.001048;235687;BELA*;                        ? Unchecked;ijcai-2026-base-15-g257422b
n-puzzle;heavy-cost;71/60;60;1 0 7 3 4 8 2 5 6;0 1 2 3 4 5 6 7 8;60;27;98;650;26;0;28;0.001625;400000;BELA*;                        ? Unchecked;ijcai-2026-base-15-g257422b
n-puzzle;heavy-cost;72/60;60;8 0 7 4 3 6 5 2 1;0 1 2 3 4 5 6 7 8;102;29;120;874;28;0;28;0.001867;468131;BELA*;                        ? Unchecked;ijcai-2026-base-15-g257422b
n-puzzle;heavy-cost;73/60;60;3 7 8 5 1 2 0 6 4;0 1 2 3 4 5 6 7 8;60;32;118;4858;32;0;28;0.007288;666575;BELA*;                        ? Unchecked;ijcai-2026-base-15-g257422b
n-puzzle;heavy-cost;74/60;60;1 6 2 0 7 8 4 5 3;0 1 2 3 4 5 6 7 8;61;21;87;152;21;0;28;0.000973;156218;BELA*;                        ? Unchecked;ijcai-2026-base-15-g257422b
n-puzzle;heavy-cost;75/60;60;6 1 2 3 0 8 4 5 7;0 1 2 3 4 5 6 7 8;45;20;83;416;25;0;28;0.00136;305882;BELA*;                        ? Unchecked;ijcai-2026-base-15-g257422b
n-puzzle;heavy-cost;76/60;60;1 0 7 5 6 4 3 2 8;0 1 2 3 4 5 6 7 8;57;33;97;835;26;0;28;0.002109;395922;BELA*;                        ? Unchecked;ijcai-2026-base-15-g257422b
n-puzzle;heavy-cost;77/60;60;2 7 6 1 4 0 5 3 8;0 1 2 3 4 5 6 7 8;65;31;111;2174;19;0;28;0.003745;580507;BELA*;                        ? Unchecked;ijcai-2026-base-15-g257422b
n-puzzle;heavy-cost;78/60;60;2 3 8 4 0 6 1 5 7;0 1 2 3 4 5 6 7 8;68;26;98;889;22;0;28;0.001872;474893;BELA*;                        ? Unchecked;ijcai-2026-base-15-g257422b
n-puzzle;heavy-cost;79/60;60;0 5 4 6 1 7 8 2 3;0 1 2 3 4 5 6 7 8;70;28;94;367;24;0;28;0.001325;276981;BELA*;                        ? Unchecked;ijcai-2026-base-15-g257422b
n-puzzle;heavy-cost;80/60;60;5 3 4 7 0 1 8 6 2;0 1 2 3 4 5 6 7 8;71;24;89;213;19;0;28;0.000977;218014;BELA*;                        ? Unchecked;ijcai-2026-base-15-g257422b
n-puzzle;heavy-cost;81/60;60;1 7 5 6 8 3 4 2 0;0 1 2 3 4 5 6 7 8;62;28;108;1708;33;0;28;0.00322;530435;BELA*;                        ? Unchecked;ijcai-2026-base-15-g257422b
n-puzzle;heavy-cost;82/60;60;3 1 4 0 5 8 2 7 6;0 1 2 3 4 5 6 7 8;44;25;84;277;23;0;28;0.001215;227984;BELA*;                        ? Unchecked;ijcai-2026-base-15-g257422b
n-puzzle;heavy-cost;83/60;60;4 2 3 0 5 1 8 6 7;0 1 2 3 4 5 6 7 8;55;23;91;452;22;0;28;0.001285;351751;BELA*;                        ? Unchecked;ijcai-2026-base-15-g257422b
n-puzzle;heavy-cost;84/60;60;4 7 3 1 6 5 8 0 2;0 1 2 3 4 5 6 7 8;65;31;109;1330;22;0;28;0.002626;506474;BELA*;                        ? Unchecked;ijcai-2026-base-15-g257422b
n-puzzle;heavy-cost;85/60;60;3 6 0 1 5 8 4 2 7;0 1 2 3 4 5 6 7 8;57;30;113;3290;26;0;28;0.005043;652389;BELA*;                        ? Unchecked;ijcai-2026-base-15-g257422b
n-puzzle;heavy-cost;86/60;60;8 6 2 7 5 1 3 0 4;0 1 2 3 4 5 6 7 8;82;33;126;5069;28;0;28;0.007325;692014;BELA*;                        ? Unchecked;ijcai-2026-base-15-g257422b
n-puzzle;heavy-cost;87/60;60;3 2 5 7 6 0 8 1 4;0 1 2 3 4 5 6 7 8;62;23;78;109;27;0;28;0.000809;134734;BELA*;                        ? Unchecked;ijcai-2026-base-15-g257422b
n-puzzle;heavy-cost;88/60;60;1 3 2 4 0 5 8 7 6;0 1 2 3 4 5 6 7 8;39;26;111;3248;36;0;28;0.00513;633138;BELA*;                        ? Unchecked;ijcai-2026-base-15-g257422b
n-puzzle;heavy-cost;89/60;60;0 8 4 3 2 1 6 5 7;0 1 2 3 4 5 6 7 8;55;24;81;206;20;0;28;0.001071;192344;BELA*;                        ? Unchecked;ijcai-2026-base-15-g257422b
n-puzzle;heavy-cost;90/60;60;0 6 1 5 7 8 4 2 3;0 1 2 3 4 5 6 7 8;67;26;103;447;25;0;28;0.001342;333085;BELA*;                        ? Unchecked;ijcai-2026-base-15-g257422b
n-puzzle;heavy-cost;91/60;60;2 1 6 4 5 8 3 0 7;0 1 2 3 4 5 6 7 8;55;25;101;1336;20;0;28;0.002486;537409;BELA*;                        ? Unchecked;ijcai-2026-base-15-g257422b
n-puzzle;heavy-cost;92/60;60;3 7 4 6 1 5 8 0 2;0 1 2 3 4 5 6 7 8;52;25;94;859;31;0;28;0.002168;396218;BELA*;                        ? Unchecked;ijcai-2026-base-15-g257422b
n-puzzle;heavy-cost;93/60;60;7 6 1 3 5 8 2 4 0;0 1 2 3 4 5 6 7 8;65;28;103;755;34;0;28;0.001942;388774;BELA*;                        ? Unchecked;ijcai-2026-base-15-g257422b
n-puzzle;heavy-cost;94/60;60;4 7 8 1 0 3 6 2 5;0 1 2 3 4 5 6 7 8;57;26;107;2708;21;0;28;0.004164;650336;BELA*;                        ? Unchecked;ijcai-2026-base-15-g257422b
n-puzzle;heavy-cost;95/60;60;0 5 8 2 7 4 1 6 3;0 1 2 3 4 5 6 7 8;61;26;89;197;22;0;28;0.001007;195631;BELA*;                        ? Unchecked;ijcai-2026-base-15-g257422b
n-puzzle;heavy-cost;96/60;60;5 2 3 8 7 0 1 6 4;0 1 2 3 4 5 6 7 8;74;27;106;535;27;0;28;0.001534;348761;BELA*;                        ? Unchecked;ijcai-2026-base-15-g257422b
n-puzzle;heavy-cost;97/60;60;8 3 0 4 7 2 6 1 5;0 1 2 3 4 5 6 7 8;58;24;98;472;21;0;28;0.001486;317631;BELA*;                        ? Unchecked;ijcai-2026-base-15-g257422b
n-puzzle;heavy-cost;98/60;60;5 8 6 0 7 4 1 3 2;0 1 2 3 4 5 6 7 8;87;29;119;1445;30;0;28;0.002719;531445;BELA*;                        ? Unchecked;ijcai-2026-base-15-g257422b
n-puzzle;heavy-cost;99/60;60;7 5 0 6 3 2 1 8 4;0 1 2 3 4 5 6 7 8;61;30;97;841;20;0;28;0.001928;436203;BELA*;                        ? Unchecked;ijcai-2026-base-15-g257422b
n-puzzle;heavy-cost;0/70;70;5 6 0 8 4 7 1 3 2;0 1 2 3 4 5 6 7 8;84;30;120;826;26;0;28;0.002039;405101;BELA*;                        ? Unchecked;ijcai-2026-base-15-g257422b
n-puzzle;heavy-cost;1/70;70;0 8 6 4 7 1 5 3 2;0 1 2 3 4 5 6 7 8;86;30;120;1105;33;0;28;0.002486;444489;BELA*;                        ? Unchecked;ijcai-2026-base-15-g257422b
n-puzzle;heavy-cost;2/70;70;5 2 8 0 7 4 1 3 6;0 1 2 3 4 5 6 7 8;65;23;97;680;26;0;28;0.001823;373012;BELA*;                        ? Unchecked;ijcai-2026-base-15-g257422b
n-puzzle;heavy-cost;3/70;70;7 2 6 0 8 1 5 4 3;0 1 2 3 4 5 6 7 8;93;29;117;919;30;0;28;0.00229;401310;BELA*;                        ? Unchecked;ijcai-2026-base-15-g257422b
n-puzzle;heavy-cost;4/70;70;5 1 8 6 0 7 2 4 3;0 1 2 3 4 5 6 7 8;72;28;98;804;45;0;28;0.002124;378531;BELA*;                        ? Unchecked;ijcai-2026-base-15-g257422b
n-puzzle;heavy-cost;5/70;70;8 0 3 6 4 5 7 2 1;0 1 2 3 4 5 6 7 8;63;25;109;2180;29;0;28;0.003916;556691;BELA*;                        ? Unchecked;ijcai-2026-base-15-g257422b
n-puzzle;heavy-cost;6/70;70;4 2 7 1 5 8 0 6 3;0 1 2 3 4 5 6 7 8;61;24;93;447;22;0;28;0.001443;309771;BELA*;                        ? Unchecked;ijcai-2026-base-15-g257422b
n-puzzle;heavy-cost;7/70;70;4 1 7 3 2 5 6 0 8;0 1 2 3 4 5 6 7 8;33;27;83;749;31;0;28;0.001967;380783;BELA*;                        ? Unchecked;ijcai-2026-base-15-g257422b
n-puzzle;heavy-cost;8/70;70;8 4 0 5 1 6 2 7 3;0 1 2 3 4 5 6 7 8;82;32;130;4347;37;0;28;0.006876;632199;BELA*;                        ? Unchecked;ijcai-2026-base-15-g257422b
n-puzzle;heavy-cost;9/70;70;1 3 0 7 6 2 5 8 4;0 1 2 3 4 5 6 7 8;66;28;98;656;21;0;28;0.0016;410000;BELA*;                        ? Unchecked;ijcai-2026-base-15-g257422b
n-puzzle;heavy-cost;10/70;70;7 0 4 6 8 5 3 1 2;0 1 2 3 4 5 6 7 8;60;33;116;3469;39;0;28;0.005695;609131;BELA*;                        ? Unchecked;ijcai-2026-base-15-g257422b
n-puzzle;heavy-cost;11/70;70;6 1 7 5 8 2 4 3 0;0 1 2 3 4 5 6 7 8;75;28;119;3613;25;0;28;0.005891;613308;BELA*;                        ? Unchecked;ijcai-2026-base-15-g257422b
n-puzzle;heavy-cost;12/70;70;7 5 2 1 6 3 8 0 4;0 1 2 3 4 5 6 7 8;75;29;109;1567;26;0;28;0.003016;519562;BELA*;                        ? Unchecked;ijcai-2026-base-15-g257422b
n-puzzle;heavy-cost;13/70;70;6 2 4 0 8 7 5 3 1;0 1 2 3 4 5 6 7 8;76;31;104;792;22;0;28;0.002213;357885;BELA*;                        ? Unchecked;ijcai-2026-base-15-g257422b
n-puzzle;heavy-cost;14/70;70;0 1 6 2 5 7 4 8 3;0 1 2 3 4 5 6 7 8;74;32;116;2267;18;0;28;0.003962;572186;BELA*;                        ? Unchecked;ijcai-2026-base-15-g257422b
n-puzzle;heavy-cost;15/70;70;4 0 3 6 1 2 8 5 7;0 1 2 3 4 5 6 7 8;59;21;79;255;30;0;28;0.001078;236549;BELA*;                        ? Unchecked;ijcai-2026-base-15-g257422b
n-puzzle;heavy-cost;16/70;70;1 5 8 7 6 4 0 3 2;0 1 2 3 4 5 6 7 8;67;26;97;558;33;0;28;0.00171;326316;BELA*;                        ? Unchecked;ijcai-2026-base-15-g257422b
n-puzzle;heavy-cost;17/70;70;2 7 0 8 4 6 3 5 1;0 1 2 3 4 5 6 7 8;76;30;118;895;26;0;28;0.002074;431533;BELA*;                        ? Unchecked;ijcai-2026-base-15-g257422b
n-puzzle;heavy-cost;18/70;70;7 4 8 1 5 6 0 2 3;0 1 2 3 4 5 6 7 8;81;28;107;1145;31;0;28;0.002444;468494;BELA*;                        ? Unchecked;ijcai-2026-base-15-g257422b
n-puzzle;heavy-cost;19/70;70;2 3 0 1 4 7 5 6 8;0 1 2 3 4 5 6 7 8;47;30;87;540;28;0;28;0.001725;313043;BELA*;                        ? Unchecked;ijcai-2026-base-15-g257422b
n-puzzle;heavy-cost;20/70;70;2 1 4 5 0 6 8 3 7;0 1 2 3 4 5 6 7 8;69;28;115;4405;37;0;28;0.007003;629016;BELA*;                        ? Unchecked;ijcai-2026-base-15-g257422b
n-puzzle;heavy-cost;21/70;70;8 7 6 2 5 4 1 0 3;0 1 2 3 4 5 6 7 8;97;31;133;3015;18;0;28;0.004409;683829;BELA*;                        ? Unchecked;ijcai-2026-base-15-g257422b
n-puzzle;heavy-cost;22/70;70;2 7 3 1 6 5 4 0 8;0 1 2 3 4 5 6 7 8;49;27;79;266;23;0;28;0.001286;206843;BELA*;                        ? Unchecked;ijcai-2026-base-15-g257422b
n-puzzle;heavy-cost;23/70;70;3 0 4 6 2 1 8 5 7;0 1 2 3 4 5 6 7 8;56;23;84;425;24;0;28;0.001314;323440;BELA*;                        ? Unchecked;ijcai-2026-base-15-g257422b
n-puzzle;heavy-cost;24/70;70;5 3 2 4 8 6 0 1 7;0 1 2 3 4 5 6 7 8;68;28;106;994;16;0;28;0.002098;473785;BELA*;                        ? Unchecked;ijcai-2026-base-15-g257422b
n-puzzle;heavy-cost;25/70;70;1 3 5 2 4 6 8 7 0;0 1 2 3 4 5 6 7 8;52;32;118;4903;34;0;28;0.007321;669717;BELA*;                        ? Unchecked;ijcai-2026-base-15-g257422b
n-puzzle;heavy-cost;26/70;70;8 5 1 4 2 7 6 0 3;0 1 2 3 4 5 6 7 8;74;27;104;1013;23;0;28;0.002398;422435;BELA*;                        ? Unchecked;ijcai-2026-base-15-g257422b
n-puzzle;heavy-cost;27/70;70;2 8 5 6 3 1 4 0 7;0 1 2 3 4 5 6 7 8;59;27;91;540;22;0;28;0.001597;338134;BELA*;                        ? Unchecked;ijcai-2026-base-15-g257422b
n-puzzle;heavy-cost;28/70;70;5 0 7 4 2 3 1 6 8;0 1 2 3 4 5 6 7 8;59;25;79;286;28;0;28;0.001192;239933;BELA*;                        ? Unchecked;ijcai-2026-base-15-g257422b
n-puzzle;heavy-cost;29/70;70;3 2 4 7 6 8 5 1 0;0 1 2 3 4 5 6 7 8;64;24;90;390;28;0;28;0.001388;280980;BELA*;                        ? Unchecked;ijcai-2026-base-15-g257422b
n-puzzle;heavy-cost;30/70;70;1 3 2 0 8 6 4 7 5;0 1 2 3 4 5 6 7 8;54;23;92;399;31;0;28;0.00146;273288;BELA*;                        ? Unchecked;ijcai-2026-base-15-g257422b
n-puzzle;heavy-cost;31/70;70;8 2 5 3 7 6 4 0 1;0 1 2 3 4 5 6 7 8;75;27;113;1676;26;0;28;0.003176;527708;BELA*;                        ? Unchecked;ijcai-2026-base-15-g257422b
n-puzzle;heavy-cost;32/70;70;2 4 0 7 5 1 8 6 3;0 1 2 3 4 5 6 7 8;60;26;98;453;26;0;28;0.001543;293584;BELA*;                        ? Unchecked;ijcai-2026-base-15-g257422b
n-puzzle;heavy-cost;33/70;70;0 1 5 2 6 8 7 3 4;0 1 2 3 4 5 6 7 8;52;26;80;243;26;0;28;0.001227;198044;BELA*;                        ? Unchecked;ijcai-2026-base-15-g257422b
n-puzzle;heavy-cost;34/70;70;7 1 5 2 8 6 3 4 0;0 1 2 3 4 5 6 7 8;73;22;87;173;28;0;28;0.001005;172139;BELA*;                        ? Unchecked;ijcai-2026-base-15-g257422b
n-puzzle;heavy-cost;35/70;70;6 3 1 2 8 7 0 4 5;0 1 2 3 4 5 6 7 8;64;28;108;1551;42;0;28;0.002945;526655;BELA*;                        ? Unchecked;ijcai-2026-base-15-g257422b
n-puzzle;heavy-cost;36/70;70;0 3 5 4 8 6 7 2 1;0 1 2 3 4 5 6 7 8;65;26;97;480;26;0;28;0.001509;318091;BELA*;                        ? Unchecked;ijcai-2026-base-15-g257422b
n-puzzle;heavy-cost;37/70;70;8 1 4 0 3 2 5 6 7;0 1 2 3 4 5 6 7 8;73;29;101;972;21;0;28;0.002338;415740;BELA*;                        ? Unchecked;ijcai-2026-base-15-g257422b
n-puzzle;heavy-cost;38/70;70;7 4 1 6 2 8 3 5 0;0 1 2 3 4 5 6 7 8;57;26;105;2030;31;0;28;0.003637;558152;BELA*;                        ? Unchecked;ijcai-2026-base-15-g257422b
n-puzzle;heavy-cost;39/70;70;4 6 8 0 5 1 3 2 7;0 1 2 3 4 5 6 7 8;65;27;97;633;24;0;28;0.001812;349338;BELA*;                        ? Unchecked;ijcai-2026-base-15-g257422b
n-puzzle;heavy-cost;40/70;70;4 2 8 6 0 1 3 5 7;0 1 2 3 4 5 6 7 8;54;24;86;550;26;0;28;0.001624;338670;BELA*;                        ? Unchecked;ijcai-2026-base-15-g257422b
n-puzzle;heavy-cost;41/70;70;3 7 8 4 5 2 6 1 0;0 1 2 3 4 5 6 7 8;46;26;98;898;31;0;28;0.002232;402330;BELA*;                        ? Unchecked;ijcai-2026-base-15-g257422b
n-puzzle;heavy-cost;42/70;70;7 5 6 1 0 3 2 8 4;0 1 2 3 4 5 6 7 8;87;28;99;245;24;0;28;0.001247;196472;BELA*;                        ? Unchecked;ijcai-2026-base-15-g257422b
n-puzzle;heavy-cost;43/70;70;1 6 4 8 5 3 7 2 0;0 1 2 3 4 5 6 7 8;75;28;105;805;26;0;28;0.001967;409253;BELA*;                        ? Unchecked;ijcai-2026-base-15-g257422b
n-puzzle;heavy-cost;44/70;70;2 5 7 1 8 4 3 6 0;0 1 2 3 4 5 6 7 8;66;20;82;101;27;0;28;0.000894;112975;BELA*;                        ? Unchecked;ijcai-2026-base-15-g257422b
n-puzzle;heavy-cost;45/70;70;3 8 4 0 7 1 5 6 2;0 1 2 3 4 5 6 7 8;69;21;101;606;34;0;28;0.001751;346088;BELA*;                        ? Unchecked;ijcai-2026-base-15-g257422b
n-puzzle;heavy-cost;46/70;70;3 0 5 4 2 1 7 8 6;0 1 2 3 4 5 6 7 8;45;23;79;314;23;0;28;0.001235;254251;BELA*;                        ? Unchecked;ijcai-2026-base-15-g257422b
n-puzzle;heavy-cost;47/70;70;4 5 3 1 7 0 8 2 6;0 1 2 3 4 5 6 7 8;70;27;102;595;17;0;28;0.001546;384864;BELA*;                        ? Unchecked;ijcai-2026-base-15-g257422b
n-puzzle;heavy-cost;48/70;70;1 8 4 2 3 5 6 0 7;0 1 2 3 4 5 6 7 8;49;21;81;296;30;0;28;0.001312;225610;BELA*;                        ? Unchecked;ijcai-2026-base-15-g257422b
n-puzzle;heavy-cost;49/70;70;4 8 1 0 6 7 3 2 5;0 1 2 3 4 5 6 7 8;73;29;107;1226;27;0;28;0.002476;495153;BELA*;                        ? Unchecked;ijcai-2026-base-15-g257422b
n-puzzle;heavy-cost;50/70;70;8 5 3 4 6 1 7 2 0;0 1 2 3 4 5 6 7 8;82;30;112;1377;24;0;28;0.00255;540000;BELA*;                        ? Unchecked;ijcai-2026-base-15-g257422b
n-puzzle;heavy-cost;51/70;70;4 3 7 1 5 2 6 0 8;0 1 2 3 4 5 6 7 8;44;25;78;313;23;0;28;0.001145;273362;BELA*;                        ? Unchecked;ijcai-2026-base-15-g257422b
n-puzzle;heavy-cost;52/70;70;7 4 1 2 3 0 5 8 6;0 1 2 3 4 5 6 7 8;70;33;122;6008;22;0;28;0.008862;677951;BELA*;                        ? Unchecked;ijcai-2026-base-15-g257422b
n-puzzle;heavy-cost;53/70;70;7 5 6 8 2 1 0 4 3;0 1 2 3 4 5 6 7 8;98;32;118;1424;22;0;28;0.00283;503180;BELA*;                        ? Unchecked;ijcai-2026-base-15-g257422b
n-puzzle;heavy-cost;54/70;70;2 8 5 0 7 6 1 4 3;0 1 2 3 4 5 6 7 8;74;27;104;548;31;0;28;0.001729;316946;BELA*;                        ? Unchecked;ijcai-2026-base-15-g257422b
n-puzzle;heavy-cost;55/70;70;3 5 2 4 1 6 8 0 7;0 1 2 3 4 5 6 7 8;59;31;105;1874;35;0;28;0.003485;537733;BELA*;                        ? Unchecked;ijcai-2026-base-15-g257422b
n-puzzle;heavy-cost;56/70;70;8 6 1 5 4 3 0 2 7;0 1 2 3 4 5 6 7 8;80;32;120;1849;38;0;28;0.003328;555589;BELA*;                        ? Unchecked;ijcai-2026-base-15-g257422b
n-puzzle;heavy-cost;57/70;70;4 6 5 7 3 2 1 0 8;0 1 2 3 4 5 6 7 8;53;25;97;1715;34;0;28;0.00338;507396;BELA*;                        ? Unchecked;ijcai-2026-base-15-g257422b
n-puzzle;heavy-cost;58/70;70;3 7 4 2 8 6 5 0 1;0 1 2 3 4 5 6 7 8;83;31;107;900;35;0;28;0.002291;392842;BELA*;                        ? Unchecked;ijcai-2026-base-15-g257422b
n-puzzle;heavy-cost;59/70;70;8 7 4 5 6 2 3 0 1;0 1 2 3 4 5 6 7 8;84;31;130;5367;29;0;28;0.007845;684130;BELA*;                        ? Unchecked;ijcai-2026-base-15-g257422b
n-puzzle;heavy-cost;60/70;70;6 1 5 3 4 0 8 2 7;0 1 2 3 4 5 6 7 8;46;25;100;1649;24;0;28;0.00307;537134;BELA*;                        ? Unchecked;ijcai-2026-base-15-g257422b
n-puzzle;heavy-cost;61/70;70;4 5 2 8 0 3 1 6 7;0 1 2 3 4 5 6 7 8;64;28;100;1110;41;0;28;0.002396;463272;BELA*;                        ? Unchecked;ijcai-2026-base-15-g257422b
n-puzzle;heavy-cost;62/70;70;8 5 4 6 1 2 7 3 0;0 1 2 3 4 5 6 7 8;72;32;120;6229;39;0;28;0.009083;685787;BELA*;                        ? Unchecked;ijcai-2026-base-15-g257422b
n-puzzle;heavy-cost;63/70;70;0 5 8 2 6 7 4 3 1;0 1 2 3 4 5 6 7 8;75;26;89;248;28;0;28;0.001238;200323;BELA*;                        ? Unchecked;ijcai-2026-base-15-g257422b
n-puzzle;heavy-cost;64/70;70;5 0 1 8 7 3 4 6 2;0 1 2 3 4 5 6 7 8;71;29;107;497;17;0;28;0.001419;350247;BELA*;                        ? Unchecked;ijcai-2026-base-15-g257422b
n-puzzle;heavy-cost;65/70;70;7 6 1 3 4 8 0 5 2;0 1 2 3 4 5 6 7 8;62;28;108;1271;39;0;28;0.002719;467451;BELA*;                        ? Unchecked;ijcai-2026-base-15-g257422b
n-puzzle;heavy-cost;66/70;70;8 0 7 3 6 5 1 2 4;0 1 2 3 4 5 6 7 8;82;31;118;1686;24;0;28;0.003063;550441;BELA*;                        ? Unchecked;ijcai-2026-base-15-g257422b
n-puzzle;heavy-cost;67/70;70;7 2 8 6 5 1 4 0 3;0 1 2 3 4 5 6 7 8;69;29;107;1851;24;0;28;0.003444;537456;BELA*;                        ? Unchecked;ijcai-2026-base-15-g257422b
n-puzzle;heavy-cost;68/70;70;5 0 3 4 1 8 2 7 6;0 1 2 3 4 5 6 7 8;57;31;95;617;32;0;28;0.001828;337527;BELA*;                        ? Unchecked;ijcai-2026-base-15-g257422b
n-puzzle;heavy-cost;69/70;70;7 8 4 6 3 5 2 1 0;0 1 2 3 4 5 6 7 8;72;32;110;1854;33;0;28;0.003523;526256;BELA*;                        ? Unchecked;ijcai-2026-base-15-g257422b
n-puzzle;heavy-cost;70/70;70;7 0 3 2 8 1 5 4 6;0 1 2 3 4 5 6 7 8;85;27;99;247;23;0;28;0.001213;203627;BELA*;                        ? Unchecked;ijcai-2026-base-15-g257422b
n-puzzle;heavy-cost;71/70;70;1 0 7 3 4 8 2 5 6;0 1 2 3 4 5 6 7 8;60;27;98;650;28;0;28;0.001743;372920;BELA*;                        ? Unchecked;ijcai-2026-base-15-g257422b
n-puzzle;heavy-cost;72/70;70;8 0 7 4 3 6 5 2 1;0 1 2 3 4 5 6 7 8;102;29;120;874;32;0;28;0.002167;403323;BELA*;                        ? Unchecked;ijcai-2026-base-15-g257422b
n-puzzle;heavy-cost;73/70;70;3 7 8 5 1 2 0 6 4;0 1 2 3 4 5 6 7 8;60;32;118;4858;32;0;28;0.00735;660952;BELA*;                        ? Unchecked;ijcai-2026-base-15-g257422b
n-puzzle;heavy-cost;74/70;70;1 6 2 0 7 8 4 5 3;0 1 2 3 4 5 6 7 8;61;23;89;175;27;0;28;0.001201;145712;BELA*;                        ? Unchecked;ijcai-2026-base-15-g257422b
n-puzzle;heavy-cost;75/70;70;6 1 2 3 0 8 4 5 7;0 1 2 3 4 5 6 7 8;45;22;85;497;34;0;28;0.001616;307550;BELA*;                        ? Unchecked;ijcai-2026-base-15-g257422b
n-puzzle;heavy-cost;76/70;70;1 0 7 5 6 4 3 2 8;0 1 2 3 4 5 6 7 8;57;33;97;835;26;0;28;0.002258;369796;BELA*;                        ? Unchecked;ijcai-2026-base-15-g257422b
n-puzzle;heavy-cost;77/70;70;2 7 6 1 4 0 5 3 8;0 1 2 3 4 5 6 7 8;65;31;111;2174;20;0;28;0.003821;568961;BELA*;                        ? Unchecked;ijcai-2026-base-15-g257422b
n-puzzle;heavy-cost;78/70;70;2 3 8 4 0 6 1 5 7;0 1 2 3 4 5 6 7 8;68;28;98;889;23;0;28;0.002145;414452;BELA*;                        ? Unchecked;ijcai-2026-base-15-g257422b
n-puzzle;heavy-cost;79/70;70;0 5 4 6 1 7 8 2 3;0 1 2 3 4 5 6 7 8;70;30;94;367;25;0;28;0.001441;254684;BELA*;                        ? Unchecked;ijcai-2026-base-15-g257422b
n-puzzle;heavy-cost;80/70;70;5 3 4 7 0 1 8 6 2;0 1 2 3 4 5 6 7 8;71;22;91;294;26;0;28;0.001299;226328;BELA*;                        ? Unchecked;ijcai-2026-base-15-g257422b
n-puzzle;heavy-cost;81/70;70;1 7 5 6 8 3 4 2 0;0 1 2 3 4 5 6 7 8;62;26;108;1708;36;0;28;0.003354;509243;BELA*;                        ? Unchecked;ijcai-2026-base-15-g257422b
n-puzzle;heavy-cost;82/70;70;3 1 4 0 5 8 2 7 6;0 1 2 3 4 5 6 7 8;44;23;84;277;27;0;28;0.001293;214230;BELA*;                        ? Unchecked;ijcai-2026-base-15-g257422b
n-puzzle;heavy-cost;83/70;70;4 2 3 0 5 1 8 6 7;0 1 2 3 4 5 6 7 8;55;23;91;452;23;0;28;0.001429;316305;BELA*;                        ? Unchecked;ijcai-2026-base-15-g257422b
n-puzzle;heavy-cost;84/70;70;4 7 3 1 6 5 8 0 2;0 1 2 3 4 5 6 7 8;65;29;109;1330;25;0;28;0.002789;476873;BELA*;                        ? Unchecked;ijcai-2026-base-15-g257422b
n-puzzle;heavy-cost;85/70;70;3 6 0 1 5 8 4 2 7;0 1 2 3 4 5 6 7 8;57;26;113;3290;27;0;28;0.005187;634278;BELA*;                        ? Unchecked;ijcai-2026-base-15-g257422b
n-puzzle;heavy-cost;86/70;70;8 6 2 7 5 1 3 0 4;0 1 2 3 4 5 6 7 8;82;33;126;5069;29;0;28;0.007379;686949;BELA*;                        ? Unchecked;ijcai-2026-base-15-g257422b
n-puzzle;heavy-cost;87/70;70;3 2 5 7 6 0 8 1 4;0 1 2 3 4 5 6 7 8;62;23;78;109;27;0;28;0.000904;120575;BELA*;                        ? Unchecked;ijcai-2026-base-15-g257422b
n-puzzle;heavy-cost;88/70;70;1 3 2 4 0 5 8 7 6;0 1 2 3 4 5 6 7 8;39;26;111;3248;37;0;28;0.005287;614337;BELA*;                        ? Unchecked;ijcai-2026-base-15-g257422b
n-puzzle;heavy-cost;89/70;70;0 8 4 3 2 1 6 5 7;0 1 2 3 4 5 6 7 8;55;22;81;206;24;0;28;0.001235;166802;BELA*;                        ? Unchecked;ijcai-2026-base-15-g257422b
n-puzzle;heavy-cost;90/70;70;0 6 1 5 7 8 4 2 3;0 1 2 3 4 5 6 7 8;67;28;103;447;25;0;28;0.001442;309986;BELA*;                        ? Unchecked;ijcai-2026-base-15-g257422b
n-puzzle;heavy-cost;91/70;70;2 1 6 4 5 8 3 0 7;0 1 2 3 4 5 6 7 8;55;25;101;1410;26;0;28;0.002737;515163;BELA*;                        ? Unchecked;ijcai-2026-base-15-g257422b
n-puzzle;heavy-cost;92/70;70;3 7 4 6 1 5 8 0 2;0 1 2 3 4 5 6 7 8;52;29;94;859;31;0;28;0.002183;393495;BELA*;                        ? Unchecked;ijcai-2026-base-15-g257422b
n-puzzle;heavy-cost;93/70;70;7 6 1 3 5 8 2 4 0;0 1 2 3 4 5 6 7 8;65;28;103;755;37;0;28;0.002066;365440;BELA*;                        ? Unchecked;ijcai-2026-base-15-g257422b
n-puzzle;heavy-cost;94/70;70;4 7 8 1 0 3 6 2 5;0 1 2 3 4 5 6 7 8;57;26;107;2708;24;0;28;0.004246;637777;BELA*;                        ? Unchecked;ijcai-2026-base-15-g257422b
n-puzzle;heavy-cost;95/70;70;0 5 8 2 7 4 1 6 3;0 1 2 3 4 5 6 7 8;61;26;89;197;22;0;28;0.001118;176208;BELA*;                        ? Unchecked;ijcai-2026-base-15-g257422b
n-puzzle;heavy-cost;96/70;70;5 2 3 8 7 0 1 6 4;0 1 2 3 4 5 6 7 8;74;29;106;535;29;0;28;0.001672;319976;BELA*;                        ? Unchecked;ijcai-2026-base-15-g257422b
n-puzzle;heavy-cost;97/70;70;8 3 0 4 7 2 6 1 5;0 1 2 3 4 5 6 7 8;58;24;98;472;21;0;28;0.00143;330070;BELA*;                        ? Unchecked;ijcai-2026-base-15-g257422b
n-puzzle;heavy-cost;98/70;70;5 8 6 0 7 4 1 3 2;0 1 2 3 4 5 6 7 8;87;29;119;1445;30;0;28;0.002805;515152;BELA*;                        ? Unchecked;ijcai-2026-base-15-g257422b
n-puzzle;heavy-cost;99/70;70;7 5 0 6 3 2 1 8 4;0 1 2 3 4 5 6 7 8;61;28;97;841;23;0;28;0.002073;405692;BELA*;                        ? Unchecked;ijcai-2026-base-15-g257422b
n-puzzle;heavy-cost;0/80;80;5 6 0 8 4 7 1 3 2;0 1 2 3 4 5 6 7 8;84;28;120;826;26;0;28;0.002133;387248;BELA*;                        ? Unchecked;ijcai-2026-base-15-g257422b
n-puzzle;heavy-cost;1/80;80;0 8 6 4 7 1 5 3 2;0 1 2 3 4 5 6 7 8;86;30;120;1105;37;0;28;0.00252;438492;BELA*;                        ? Unchecked;ijcai-2026-base-15-g257422b
n-puzzle;heavy-cost;2/80;80;5 2 8 0 7 4 1 3 6;0 1 2 3 4 5 6 7 8;65;25;99;710;31;0;28;0.002024;350791;BELA*;                        ? Unchecked;ijcai-2026-base-15-g257422b
n-puzzle;heavy-cost;3/80;80;7 2 6 0 8 1 5 4 3;0 1 2 3 4 5 6 7 8;93;31;119;1290;37;0;28;0.002816;458097;BELA*;                        ? Unchecked;ijcai-2026-base-15-g257422b
n-puzzle;heavy-cost;4/80;80;5 1 8 6 0 7 2 4 3;0 1 2 3 4 5 6 7 8;72;28;98;804;45;0;28;0.002226;361186;BELA*;                        ? Unchecked;ijcai-2026-base-15-g257422b
n-puzzle;heavy-cost;5/80;80;8 0 3 6 4 5 7 2 1;0 1 2 3 4 5 6 7 8;63;29;111;2383;37;0;28;0.004352;547564;BELA*;                        ? Unchecked;ijcai-2026-base-15-g257422b
n-puzzle;heavy-cost;6/80;80;4 2 7 1 5 8 0 6 3;0 1 2 3 4 5 6 7 8;61;22;93;447;23;0;28;0.001614;276952;BELA*;                        ? Unchecked;ijcai-2026-base-15-g257422b
n-puzzle;heavy-cost;7/80;80;4 1 7 3 2 5 6 0 8;0 1 2 3 4 5 6 7 8;33;27;83;749;31;0;28;0.002028;369329;BELA*;                        ? Unchecked;ijcai-2026-base-15-g257422b
n-puzzle;heavy-cost;8/80;80;8 4 0 5 1 6 2 7 3;0 1 2 3 4 5 6 7 8;82;28;130;5850;44;0;28;0.008595;680628;BELA*;                        ? Unchecked;ijcai-2026-base-15-g257422b
n-puzzle;heavy-cost;9/80;80;1 3 0 7 6 2 5 8 4;0 1 2 3 4 5 6 7 8;66;28;98;656;22;0;28;0.001723;380731;BELA*;                        ? Unchecked;ijcai-2026-base-15-g257422b
n-puzzle;heavy-cost;10/80;80;7 0 4 6 8 5 3 1 2;0 1 2 3 4 5 6 7 8;60;35;116;3469;42;0;28;0.006003;577878;BELA*;                        ? Unchecked;ijcai-2026-base-15-g257422b
n-puzzle;heavy-cost;11/80;80;6 1 7 5 8 2 4 3 0;0 1 2 3 4 5 6 7 8;75;26;119;3906;33;0;28;0.006212;628783;BELA*;                        ? Unchecked;ijcai-2026-base-15-g257422b
n-puzzle;heavy-cost;12/80;80;7 5 2 1 6 3 8 0 4;0 1 2 3 4 5 6 7 8;75;31;109;1567;27;0;28;0.003208;488466;BELA*;                        ? Unchecked;ijcai-2026-base-15-g257422b
n-puzzle;heavy-cost;13/80;80;6 2 4 0 8 7 5 3 1;0 1 2 3 4 5 6 7 8;76;31;104;792;23;0;28;0.002208;358696;BELA*;                        ? Unchecked;ijcai-2026-base-15-g257422b
n-puzzle;heavy-cost;14/80;80;0 1 6 2 5 7 4 8 3;0 1 2 3 4 5 6 7 8;74;32;116;2267;18;0;28;0.004044;560584;BELA*;                        ? Unchecked;ijcai-2026-base-15-g257422b
n-puzzle;heavy-cost;15/80;80;4 0 3 6 1 2 8 5 7;0 1 2 3 4 5 6 7 8;59;21;79;255;30;0;28;0.001155;220779;BELA*;                        ? Unchecked;ijcai-2026-base-15-g257422b
n-puzzle;heavy-cost;16/80;80;1 5 8 7 6 4 0 3 2;0 1 2 3 4 5 6 7 8;67;22;97;605;38;0;28;0.001891;319937;BELA*;                        ? Unchecked;ijcai-2026-base-15-g257422b
n-puzzle;heavy-cost;17/80;80;2 7 0 8 4 6 3 5 1;0 1 2 3 4 5 6 7 8;76;28;118;895;27;0;28;0.002277;393061;BELA*;                        ? Unchecked;ijcai-2026-base-15-g257422b
n-puzzle;heavy-cost;18/80;80;7 4 8 1 5 6 0 2 3;0 1 2 3 4 5 6 7 8;81;28;107;1145;32;0;28;0.002631;435196;BELA*;                        ? Unchecked;ijcai-2026-base-15-g257422b
n-puzzle;heavy-cost;19/80;80;2 3 0 1 4 7 5 6 8;0 1 2 3 4 5 6 7 8;47;30;87;540;29;0;28;0.001915;281984;BELA*;                        ? Unchecked;ijcai-2026-base-15-g257422b
n-puzzle;heavy-cost;20/80;80;2 1 4 5 0 6 8 3 7;0 1 2 3 4 5 6 7 8;69;30;117;4955;47;0;28;0.007837;632257;BELA*;                        ? Unchecked;ijcai-2026-base-15-g257422b
n-puzzle;heavy-cost;21/80;80;8 7 6 2 5 4 1 0 3;0 1 2 3 4 5 6 7 8;97;29;133;3260;22;0;28;0.005071;642871;BELA*;                        ? Unchecked;ijcai-2026-base-15-g257422b
n-puzzle;heavy-cost;22/80;80;2 7 3 1 6 5 4 0 8;0 1 2 3 4 5 6 7 8;49;27;79;266;24;0;28;0.001424;186798;BELA*;                        ? Unchecked;ijcai-2026-base-15-g257422b
n-puzzle;heavy-cost;23/80;80;3 0 4 6 2 1 8 5 7;0 1 2 3 4 5 6 7 8;56;21;84;425;25;0;28;0.001464;290301;BELA*;                        ? Unchecked;ijcai-2026-base-15-g257422b
n-puzzle;heavy-cost;24/80;80;5 3 2 4 8 6 0 1 7;0 1 2 3 4 5 6 7 8;68;28;106;994;17;0;28;0.002078;478345;BELA*;                        ? Unchecked;ijcai-2026-base-15-g257422b
n-puzzle;heavy-cost;25/80;80;1 3 5 2 4 6 8 7 0;0 1 2 3 4 5 6 7 8;52;32;118;4903;35;0;28;0.007437;659271;BELA*;                        ? Unchecked;ijcai-2026-base-15-g257422b
n-puzzle;heavy-cost;26/80;80;8 5 1 4 2 7 6 0 3;0 1 2 3 4 5 6 7 8;74;29;106;1202;29;0;28;0.002637;455821;BELA*;                        ? Unchecked;ijcai-2026-base-15-g257422b
n-puzzle;heavy-cost;27/80;80;2 8 5 6 3 1 4 0 7;0 1 2 3 4 5 6 7 8;59;25;91;540;25;0;28;0.001732;311778;BELA*;                        ? Unchecked;ijcai-2026-base-15-g257422b
n-puzzle;heavy-cost;28/80;80;5 0 7 4 2 3 1 6 8;0 1 2 3 4 5 6 7 8;59;25;79;286;28;0;28;0.001205;237344;BELA*;                        ? Unchecked;ijcai-2026-base-15-g257422b
n-puzzle;heavy-cost;29/80;80;3 2 4 7 6 8 5 1 0;0 1 2 3 4 5 6 7 8;64;24;90;390;30;0;28;0.001518;256917;BELA*;                        ? Unchecked;ijcai-2026-base-15-g257422b
n-puzzle;heavy-cost;30/80;80;1 3 2 0 8 6 4 7 5;0 1 2 3 4 5 6 7 8;54;25;94;458;37;0;28;0.001649;277744;BELA*;                        ? Unchecked;ijcai-2026-base-15-g257422b
n-puzzle;heavy-cost;31/80;80;8 2 5 3 7 6 4 0 1;0 1 2 3 4 5 6 7 8;75;25;113;1814;30;0;28;0.003357;540363;BELA*;                        ? Unchecked;ijcai-2026-base-15-g257422b
n-puzzle;heavy-cost;32/80;80;2 4 0 7 5 1 8 6 3;0 1 2 3 4 5 6 7 8;60;28;98;453;27;0;28;0.001706;265533;BELA*;                        ? Unchecked;ijcai-2026-base-15-g257422b
n-puzzle;heavy-cost;33/80;80;0 1 5 2 6 8 7 3 4;0 1 2 3 4 5 6 7 8;52;26;80;243;27;0;28;0.00134;181343;BELA*;                        ? Unchecked;ijcai-2026-base-15-g257422b
n-puzzle;heavy-cost;34/80;80;7 1 5 2 8 6 3 4 0;0 1 2 3 4 5 6 7 8;73;22;87;173;29;0;28;0.001141;151621;BELA*;                        ? Unchecked;ijcai-2026-base-15-g257422b
n-puzzle;heavy-cost;35/80;80;6 3 1 2 8 7 0 4 5;0 1 2 3 4 5 6 7 8;64;28;108;1551;44;0;28;0.003045;509360;BELA*;                        ? Unchecked;ijcai-2026-base-15-g257422b
n-puzzle;heavy-cost;36/80;80;0 3 5 4 8 6 7 2 1;0 1 2 3 4 5 6 7 8;65;26;97;480;28;0;28;0.001636;293399;BELA*;                        ? Unchecked;ijcai-2026-base-15-g257422b
n-puzzle;heavy-cost;37/80;80;8 1 4 0 3 2 5 6 7;0 1 2 3 4 5 6 7 8;73;29;101;972;22;0;28;0.002467;394001;BELA*;                        ? Unchecked;ijcai-2026-base-15-g257422b
n-puzzle;heavy-cost;38/80;80;7 4 1 6 2 8 3 5 0;0 1 2 3 4 5 6 7 8;57;26;107;2321;40;0;28;0.004131;561849;BELA*;                        ? Unchecked;ijcai-2026-base-15-g257422b
n-puzzle;heavy-cost;39/80;80;4 6 8 0 5 1 3 2 7;0 1 2 3 4 5 6 7 8;65;25;97;750;30;0;28;0.002122;353440;BELA*;                        ? Unchecked;ijcai-2026-base-15-g257422b
n-puzzle;heavy-cost;40/80;80;4 2 8 6 0 1 3 5 7;0 1 2 3 4 5 6 7 8;54;26;88;616;31;0;28;0.001814;339581;BELA*;                        ? Unchecked;ijcai-2026-base-15-g257422b
n-puzzle;heavy-cost;41/80;80;3 7 8 4 5 2 6 1 0;0 1 2 3 4 5 6 7 8;46;24;98;898;31;0;28;0.002222;404140;BELA*;                        ? Unchecked;ijcai-2026-base-15-g257422b
n-puzzle;heavy-cost;42/80;80;7 5 6 1 0 3 2 8 4;0 1 2 3 4 5 6 7 8;87;28;99;245;24;0;28;0.001375;178182;BELA*;                        ? Unchecked;ijcai-2026-base-15-g257422b
n-puzzle;heavy-cost;43/80;80;1 6 4 8 5 3 7 2 0;0 1 2 3 4 5 6 7 8;75;26;105;805;29;0;28;0.002068;389265;BELA*;                        ? Unchecked;ijcai-2026-base-15-g257422b
n-puzzle;heavy-cost;44/80;80;2 5 7 1 8 4 3 6 0;0 1 2 3 4 5 6 7 8;66;18;82;117;33;0;28;0.001016;115157;BELA*;                        ? Unchecked;ijcai-2026-base-15-g257422b
n-puzzle;heavy-cost;45/80;80;3 8 4 0 7 1 5 6 2;0 1 2 3 4 5 6 7 8;69;25;103;663;41;0;28;0.001961;338093;BELA*;                        ? Unchecked;ijcai-2026-base-15-g257422b
n-puzzle;heavy-cost;46/80;80;3 0 5 4 2 1 7 8 6;0 1 2 3 4 5 6 7 8;45;25;79;314;23;0;28;0.00132;237879;BELA*;                        ? Unchecked;ijcai-2026-base-15-g257422b
n-puzzle;heavy-cost;47/80;80;4 5 3 1 7 0 8 2 6;0 1 2 3 4 5 6 7 8;70;27;102;595;17;0;28;0.001606;370486;BELA*;                        ? Unchecked;ijcai-2026-base-15-g257422b
n-puzzle;heavy-cost;48/80;80;1 8 4 2 3 5 6 0 7;0 1 2 3 4 5 6 7 8;49;23;83;329;38;0;28;0.001506;218459;BELA*;                        ? Unchecked;ijcai-2026-base-15-g257422b
n-puzzle;heavy-cost;49/80;80;4 8 1 0 6 7 3 2 5;0 1 2 3 4 5 6 7 8;73;29;107;1226;29;0;28;0.002507;489031;BELA*;                        ? Unchecked;ijcai-2026-base-15-g257422b
n-puzzle;heavy-cost;50/80;80;8 5 3 4 6 1 7 2 0;0 1 2 3 4 5 6 7 8;82;30;112;1377;24;0;28;0.002671;515537;BELA*;                        ? Unchecked;ijcai-2026-base-15-g257422b
n-puzzle;heavy-cost;51/80;80;4 3 7 1 5 2 6 0 8;0 1 2 3 4 5 6 7 8;44;25;78;313;24;0;28;0.001323;236584;BELA*;                        ? Unchecked;ijcai-2026-base-15-g257422b
n-puzzle;heavy-cost;52/80;80;7 4 1 2 3 0 5 8 6;0 1 2 3 4 5 6 7 8;70;33;122;6514;28;0;29;0.009768;666871;BELA*;                        ? Unchecked;ijcai-2026-base-15-g257422b
n-puzzle;heavy-cost;53/80;80;7 5 6 8 2 1 0 4 3;0 1 2 3 4 5 6 7 8;98;32;118;1424;23;0;26;0.002974;478816;BELA*;                        ? Unchecked;ijcai-2026-base-15-g257422b
n-puzzle;heavy-cost;54/80;80;2 8 5 0 7 6 1 4 3;0 1 2 3 4 5 6 7 8;74;25;104;548;34;0;26;0.001854;295577;BELA*;                        ? Unchecked;ijcai-2026-base-15-g257422b
n-puzzle;heavy-cost;55/80;80;3 5 2 4 1 6 8 0 7;0 1 2 3 4 5 6 7 8;59;31;105;1874;35;0;26;0.003534;530277;BELA*;                        ? Unchecked;ijcai-2026-base-15-g257422b
n-puzzle;heavy-cost;56/80;80;8 6 1 5 4 3 0 2 7;0 1 2 3 4 5 6 7 8;80;32;120;1849;40;0;26;0.00351;526781;BELA*;                        ? Unchecked;ijcai-2026-base-15-g257422b
n-puzzle;heavy-cost;57/80;80;4 6 5 7 3 2 1 0 8;0 1 2 3 4 5 6 7 8;53;29;97;1806;40;0;26;0.003528;511905;BELA*;                        ? Unchecked;ijcai-2026-base-15-g257422b
n-puzzle;heavy-cost;58/80;80;3 7 4 2 8 6 5 0 1;0 1 2 3 4 5 6 7 8;83;29;107;900;36;0;26;0.002313;389105;BELA*;                        ? Unchecked;ijcai-2026-base-15-g257422b
n-puzzle;heavy-cost;59/80;80;8 7 4 5 6 2 3 0 1;0 1 2 3 4 5 6 7 8;84;31;130;5367;30;0;28;0.008249;650624;BELA*;                        ? Unchecked;ijcai-2026-base-15-g257422b
n-puzzle;heavy-cost;60/80;80;6 1 5 3 4 0 8 2 7;0 1 2 3 4 5 6 7 8;46;23;100;1974;33;0;28;0.003642;542010;BELA*;                        ? Unchecked;ijcai-2026-base-15-g257422b
n-puzzle;heavy-cost;61/80;80;4 5 2 8 0 3 1 6 7;0 1 2 3 4 5 6 7 8;64;28;100;1110;42;0;28;0.002535;437870;BELA*;                        ? Unchecked;ijcai-2026-base-15-g257422b
n-puzzle;heavy-cost;62/80;80;8 5 4 6 1 2 7 3 0;0 1 2 3 4 5 6 7 8;72;32;120;6229;40;0;29;0.009324;668061;BELA*;                        ? Unchecked;ijcai-2026-base-15-g257422b
n-puzzle;heavy-cost;63/80;80;0 5 8 2 6 7 4 3 1;0 1 2 3 4 5 6 7 8;75;28;89;248;29;0;29;0.001367;181419;BELA*;                        ? Unchecked;ijcai-2026-base-15-g257422b
n-puzzle;heavy-cost;64/80;80;5 0 1 8 7 3 4 6 2;0 1 2 3 4 5 6 7 8;71;29;107;497;18;0;29;0.001528;325262;BELA*;                        ? Unchecked;ijcai-2026-base-15-g257422b
n-puzzle;heavy-cost;65/80;80;7 6 1 3 4 8 0 5 2;0 1 2 3 4 5 6 7 8;62;28;108;1271;39;0;29;0.002744;463192;BELA*;                        ? Unchecked;ijcai-2026-base-15-g257422b
n-puzzle;heavy-cost;66/80;80;8 0 7 3 6 5 1 2 4;0 1 2 3 4 5 6 7 8;82;31;118;1686;25;0;29;0.0032;526875;BELA*;                        ? Unchecked;ijcai-2026-base-15-g257422b
n-puzzle;heavy-cost;67/80;80;7 2 8 6 5 1 4 0 3;0 1 2 3 4 5 6 7 8;69;29;107;1851;24;0;29;0.003547;521849;BELA*;                        ? Unchecked;ijcai-2026-base-15-g257422b
n-puzzle;heavy-cost;68/80;80;5 0 3 4 1 8 2 7 6;0 1 2 3 4 5 6 7 8;57;31;95;617;33;0;29;0.001981;311459;BELA*;                        ? Unchecked;ijcai-2026-base-15-g257422b
n-puzzle;heavy-cost;69/80;80;7 8 4 6 3 5 2 1 0;0 1 2 3 4 5 6 7 8;72;32;110;1854;33;0;29;0.003633;510322;BELA*;                        ? Unchecked;ijcai-2026-base-15-g257422b
n-puzzle;heavy-cost;70/80;80;7 0 3 2 8 1 5 4 6;0 1 2 3 4 5 6 7 8;85;25;99;247;24;0;29;0.001351;182828;BELA*;                        ? Unchecked;ijcai-2026-base-15-g257422b
n-puzzle;heavy-cost;71/80;80;1 0 7 3 4 8 2 5 6;0 1 2 3 4 5 6 7 8;60;27;98;650;31;0;29;0.001898;342466;BELA*;                        ? Unchecked;ijcai-2026-base-15-g257422b
n-puzzle;heavy-cost;72/80;80;8 0 7 4 3 6 5 2 1;0 1 2 3 4 5 6 7 8;102;29;120;874;32;0;29;0.002163;404068;BELA*;                        ? Unchecked;ijcai-2026-base-15-g257422b
n-puzzle;heavy-cost;73/80;80;3 7 8 5 1 2 0 6 4;0 1 2 3 4 5 6 7 8;60;32;118;4858;33;0;29;0.007708;630254;BELA*;                        ? Unchecked;ijcai-2026-base-15-g257422b
n-puzzle;heavy-cost;74/80;80;1 6 2 0 7 8 4 5 3;0 1 2 3 4 5 6 7 8;61;23;89;175;29;0;29;0.001181;148180;BELA*;                        ? Unchecked;ijcai-2026-base-15-g257422b
n-puzzle;heavy-cost;75/80;80;6 1 2 3 0 8 4 5 7;0 1 2 3 4 5 6 7 8;45;24;85;497;35;0;29;0.001723;288450;BELA*;                        ? Unchecked;ijcai-2026-base-15-g257422b
n-puzzle;heavy-cost;76/80;80;1 0 7 5 6 4 3 2 8;0 1 2 3 4 5 6 7 8;57;33;97;835;26;0;29;0.002333;357908;BELA*;                        ? Unchecked;ijcai-2026-base-15-g257422b
n-puzzle;heavy-cost;77/80;80;2 7 6 1 4 0 5 3 8;0 1 2 3 4 5 6 7 8;65;31;111;2174;21;0;29;0.003983;545820;BELA*;                        ? Unchecked;ijcai-2026-base-15-g257422b
n-puzzle;heavy-cost;78/80;80;2 3 8 4 0 6 1 5 7;0 1 2 3 4 5 6 7 8;68;28;98;889;23;0;29;0.002183;407238;BELA*;                        ? Unchecked;ijcai-2026-base-15-g257422b
n-puzzle;heavy-cost;79/80;80;0 5 4 6 1 7 8 2 3;0 1 2 3 4 5 6 7 8;70;30;94;367;26;0;29;0.00159;230818;BELA*;                        ? Unchecked;ijcai-2026-base-15-g257422b
n-puzzle;heavy-cost;80/80;80;5 3 4 7 0 1 8 6 2;0 1 2 3 4 5 6 7 8;71;24;91;294;31;0;29;0.001432;205307;BELA*;                        ? Unchecked;ijcai-2026-base-15-g257422b
n-puzzle;heavy-cost;81/80;80;1 7 5 6 8 3 4 2 0;0 1 2 3 4 5 6 7 8;62;30;108;1708;41;0;29;0.003494;488838;BELA*;                        ? Unchecked;ijcai-2026-base-15-g257422b
n-puzzle;heavy-cost;82/80;80;3 1 4 0 5 8 2 7 6;0 1 2 3 4 5 6 7 8;44;27;86;339;33;0;29;0.001535;220847;BELA*;                        ? Unchecked;ijcai-2026-base-15-g257422b
n-puzzle;heavy-cost;83/80;80;4 2 3 0 5 1 8 6 7;0 1 2 3 4 5 6 7 8;55;23;91;452;24;0;29;0.001583;285534;BELA*;                        ? Unchecked;ijcai-2026-base-15-g257422b
n-puzzle;heavy-cost;84/80;80;4 7 3 1 6 5 8 0 2;0 1 2 3 4 5 6 7 8;65;27;109;1484;33;0;29;0.003092;479948;BELA*;                        ? Unchecked;ijcai-2026-base-15-g257422b
n-puzzle;heavy-cost;85/80;80;3 6 0 1 5 8 4 2 7;0 1 2 3 4 5 6 7 8;57;32;113;3290;31;0;29;0.00532;618421;BELA*;                        ? Unchecked;ijcai-2026-base-15-g257422b
n-puzzle;heavy-cost;86/80;80;8 6 2 7 5 1 3 0 4;0 1 2 3 4 5 6 7 8;82;31;126;5069;31;0;29;0.007613;665835;BELA*;                        ? Unchecked;ijcai-2026-base-15-g257422b
n-puzzle;heavy-cost;87/80;80;3 2 5 7 6 0 8 1 4;0 1 2 3 4 5 6 7 8;62;21;78;109;28;0;29;0.001046;104207;BELA*;                        ? Unchecked;ijcai-2026-base-15-g257422b
n-puzzle;heavy-cost;88/80;80;1 3 2 4 0 5 8 7 6;0 1 2 3 4 5 6 7 8;39;24;111;3248;44;0;29;0.005469;593893;BELA*;                        ? Unchecked;ijcai-2026-base-15-g257422b
n-puzzle;heavy-cost;89/80;80;0 8 4 3 2 1 6 5 7;0 1 2 3 4 5 6 7 8;55;24;83;256;32;0;29;0.001437;178149;BELA*;                        ? Unchecked;ijcai-2026-base-15-g257422b
n-puzzle;heavy-cost;90/80;80;0 6 1 5 7 8 4 2 3;0 1 2 3 4 5 6 7 8;67;28;103;447;25;0;29;0.001555;287460;BELA*;                        ? Unchecked;ijcai-2026-base-15-g257422b
n-puzzle;heavy-cost;91/80;80;2 1 6 4 5 8 3 0 7;0 1 2 3 4 5 6 7 8;55;27;103;1616;28;0;29;0.003146;513668;BELA*;                        ? Unchecked;ijcai-2026-base-15-g257422b
n-puzzle;heavy-cost;92/80;80;3 7 4 6 1 5 8 0 2;0 1 2 3 4 5 6 7 8;52;23;94;859;33;0;29;0.002339;367251;BELA*;                        ? Unchecked;ijcai-2026-base-15-g257422b
n-puzzle;heavy-cost;93/80;80;7 6 1 3 5 8 2 4 0;0 1 2 3 4 5 6 7 8;65;30;103;755;39;0;29;0.002217;340550;BELA*;                        ? Unchecked;ijcai-2026-base-15-g257422b
n-puzzle;heavy-cost;94/80;80;4 7 8 1 0 3 6 2 5;0 1 2 3 4 5 6 7 8;57;26;107;2708;30;0;29;0.004463;606767;BELA*;                        ? Unchecked;ijcai-2026-base-15-g257422b
n-puzzle;heavy-cost;95/80;80;0 5 8 2 7 4 1 6 3;0 1 2 3 4 5 6 7 8;61;26;89;197;23;0;29;0.001288;152950;BELA*;                        ? Unchecked;ijcai-2026-base-15-g257422b
n-puzzle;heavy-cost;96/80;80;5 2 3 8 7 0 1 6 4;0 1 2 3 4 5 6 7 8;74;29;106;535;29;0;29;0.003036;176219;BELA*;                        ? Unchecked;ijcai-2026-base-15-g257422b
n-puzzle;heavy-cost;97/80;80;8 3 0 4 7 2 6 1 5;0 1 2 3 4 5 6 7 8;58;22;98;520;27;0;29;0.001669;311564;BELA*;                        ? Unchecked;ijcai-2026-base-15-g257422b
n-puzzle;heavy-cost;98/80;80;5 8 6 0 7 4 1 3 2;0 1 2 3 4 5 6 7 8;87;29;119;1445;30;0;29;0.002967;487024;BELA*;                        ? Unchecked;ijcai-2026-base-15-g257422b
n-puzzle;heavy-cost;99/80;80;7 5 0 6 3 2 1 8 4;0 1 2 3 4 5 6 7 8;61;28;97;876;29;0;29;0.002364;370558;BELA*;                        ? Unchecked;ijcai-2026-base-15-g257422b
n-puzzle;heavy-cost;0/90;90;5 6 0 8 4 7 1 3 2;0 1 2 3 4 5 6 7 8;84;28;120;826;27;0;29;0.002343;352539;BELA*;                        ? Unchecked;ijcai-2026-base-15-g257422b
n-puzzle;heavy-cost;1/90;90;0 8 6 4 7 1 5 3 2;0 1 2 3 4 5 6 7 8;86;30;120;1105;41;0;29;0.00266;415414;BELA*;                        ? Unchecked;ijcai-2026-base-15-g257422b
n-puzzle;heavy-cost;2/90;90;5 2 8 0 7 4 1 3 6;0 1 2 3 4 5 6 7 8;65;29;99;710;31;0;29;0.002125;334118;BELA*;                        ? Unchecked;ijcai-2026-base-15-g257422b
n-puzzle;heavy-cost;3/90;90;7 2 6 0 8 1 5 4 3;0 1 2 3 4 5 6 7 8;93;31;119;1290;41;0;29;0.002996;430574;BELA*;                        ? Unchecked;ijcai-2026-base-15-g257422b
n-puzzle;heavy-cost;4/90;90;5 1 8 6 0 7 2 4 3;0 1 2 3 4 5 6 7 8;72;26;98;804;45;0;29;0.002503;321215;BELA*;                        ? Unchecked;ijcai-2026-base-15-g257422b
n-puzzle;heavy-cost;5/90;90;8 0 3 6 4 5 7 2 1;0 1 2 3 4 5 6 7 8;63;29;111;2383;39;0;29;0.004384;543568;BELA*;                        ? Unchecked;ijcai-2026-base-15-g257422b
n-puzzle;heavy-cost;6/90;90;4 2 7 1 5 8 0 6 3;0 1 2 3 4 5 6 7 8;61;22;93;447;25;0;29;0.001755;254701;BELA*;                        ? Unchecked;ijcai-2026-base-15-g257422b
n-puzzle;heavy-cost;7/90;90;4 1 7 3 2 5 6 0 8;0 1 2 3 4 5 6 7 8;33;27;83;749;32;0;29;0.002305;324946;BELA*;                        ? Unchecked;ijcai-2026-base-15-g257422b
n-puzzle;heavy-cost;8/90;90;8 4 0 5 1 6 2 7 3;0 1 2 3 4 5 6 7 8;82;30;132;6224;51;0;27;0.009437;659532;BELA*;                        ? Unchecked;ijcai-2026-base-15-g257422b
n-puzzle;heavy-cost;9/90;90;1 3 0 7 6 2 5 8 4;0 1 2 3 4 5 6 7 8;66;28;98;656;23;0;27;0.001825;359452;BELA*;                        ? Unchecked;ijcai-2026-base-15-g257422b
n-puzzle;heavy-cost;10/90;90;7 0 4 6 8 5 3 1 2;0 1 2 3 4 5 6 7 8;60;35;116;3469;42;0;28;0.006171;562146;BELA*;                        ? Unchecked;ijcai-2026-base-15-g257422b
n-puzzle;heavy-cost;11/90;90;6 1 7 5 8 2 4 3 0;0 1 2 3 4 5 6 7 8;75;30;121;4430;43;0;29;0.007422;596874;BELA*;                        ? Unchecked;ijcai-2026-base-15-g257422b
n-puzzle;heavy-cost;12/90;90;7 5 2 1 6 3 8 0 4;0 1 2 3 4 5 6 7 8;75;29;109;1567;28;0;29;0.003353;467343;BELA*;                        ? Unchecked;ijcai-2026-base-15-g257422b
n-puzzle;heavy-cost;13/90;90;6 2 4 0 8 7 5 3 1;0 1 2 3 4 5 6 7 8;76;29;104;792;25;0;29;0.002348;337308;BELA*;                        ? Unchecked;ijcai-2026-base-15-g257422b
n-puzzle;heavy-cost;14/90;90;0 1 6 2 5 7 4 8 3;0 1 2 3 4 5 6 7 8;74;32;116;2267;19;0;29;0.004258;532410;BELA*;                        ? Unchecked;ijcai-2026-base-15-g257422b
n-puzzle;heavy-cost;15/90;90;4 0 3 6 1 2 8 5 7;0 1 2 3 4 5 6 7 8;59;21;79;255;31;0;29;0.001265;201581;BELA*;                        ? Unchecked;ijcai-2026-base-15-g257422b
n-puzzle;heavy-cost;16/90;90;1 5 8 7 6 4 0 3 2;0 1 2 3 4 5 6 7 8;67;26;99;691;43;0;29;0.00226;305752;BELA*;                        ? Unchecked;ijcai-2026-base-15-g257422b
n-puzzle;heavy-cost;17/90;90;2 7 0 8 4 6 3 5 1;0 1 2 3 4 5 6 7 8;76;28;118;895;27;0;29;0.002372;377319;BELA*;                        ? Unchecked;ijcai-2026-base-15-g257422b
n-puzzle;heavy-cost;18/90;90;7 4 8 1 5 6 0 2 3;0 1 2 3 4 5 6 7 8;81;26;107;1319;40;0;29;0.003028;435601;BELA*;                        ? Unchecked;ijcai-2026-base-15-g257422b
n-puzzle;heavy-cost;19/90;90;2 3 0 1 4 7 5 6 8;0 1 2 3 4 5 6 7 8;47;28;87;540;29;0;29;0.001945;277635;BELA*;                        ? Unchecked;ijcai-2026-base-15-g257422b
n-puzzle;heavy-cost;20/90;90;2 1 4 5 0 6 8 3 7;0 1 2 3 4 5 6 7 8;69;30;117;4955;51;0;29;0.007943;623820;BELA*;                        ? Unchecked;ijcai-2026-base-15-g257422b
n-puzzle;heavy-cost;21/90;90;8 7 6 2 5 4 1 0 3;0 1 2 3 4 5 6 7 8;97;29;133;3342;26;0;29;0.005301;630447;BELA*;                        ? Unchecked;ijcai-2026-base-15-g257422b
n-puzzle;heavy-cost;22/90;90;2 7 3 1 6 5 4 0 8;0 1 2 3 4 5 6 7 8;49;25;79;266;26;0;29;0.001553;171281;BELA*;                        ? Unchecked;ijcai-2026-base-15-g257422b
n-puzzle;heavy-cost;23/90;90;3 0 4 6 2 1 8 5 7;0 1 2 3 4 5 6 7 8;56;21;84;425;26;0;29;0.001565;271565;BELA*;                        ? Unchecked;ijcai-2026-base-15-g257422b
n-puzzle;heavy-cost;24/90;90;5 3 2 4 8 6 0 1 7;0 1 2 3 4 5 6 7 8;68;28;106;994;17;0;29;0.00221;449774;BELA*;                        ? Unchecked;ijcai-2026-base-15-g257422b
n-puzzle;heavy-cost;25/90;90;1 3 5 2 4 6 8 7 0;0 1 2 3 4 5 6 7 8;52;32;118;4903;36;0;29;0.007779;630287;BELA*;                        ? Unchecked;ijcai-2026-base-15-g257422b
n-puzzle;heavy-cost;26/90;90;8 5 1 4 2 7 6 0 3;0 1 2 3 4 5 6 7 8;74;31;106;1202;32;0;29;0.002801;429132;BELA*;                        ? Unchecked;ijcai-2026-base-15-g257422b
n-puzzle;heavy-cost;27/90;90;2 8 5 6 3 1 4 0 7;0 1 2 3 4 5 6 7 8;59;23;91;540;28;0;29;0.002022;267062;BELA*;                        ? Unchecked;ijcai-2026-base-15-g257422b
n-puzzle;heavy-cost;28/90;90;5 0 7 4 2 3 1 6 8;0 1 2 3 4 5 6 7 8;59;25;79;286;29;0;29;0.001322;216339;BELA*;                        ? Unchecked;ijcai-2026-base-15-g257422b
n-puzzle;heavy-cost;29/90;90;3 2 4 7 6 8 5 1 0;0 1 2 3 4 5 6 7 8;64;26;90;390;30;0;29;0.001595;244514;BELA*;                        ? Unchecked;ijcai-2026-base-15-g257422b
n-puzzle;heavy-cost;30/90;90;1 3 2 0 8 6 4 7 5;0 1 2 3 4 5 6 7 8;54;27;94;458;40;0;29;0.001773;258319;BELA*;                        ? Unchecked;ijcai-2026-base-15-g257422b
n-puzzle;heavy-cost;31/90;90;8 2 5 3 7 6 4 0 1;0 1 2 3 4 5 6 7 8;75;27;115;2091;36;0;29;0.003997;523142;BELA*;                        ? Unchecked;ijcai-2026-base-15-g257422b
n-puzzle;heavy-cost;32/90;90;2 4 0 7 5 1 8 6 3;0 1 2 3 4 5 6 7 8;60;28;98;453;27;0;29;0.001816;249449;BELA*;                        ? Unchecked;ijcai-2026-base-15-g257422b
n-puzzle;heavy-cost;33/90;90;0 1 5 2 6 8 7 3 4;0 1 2 3 4 5 6 7 8;52;26;80;243;27;0;29;0.001414;171853;BELA*;                        ? Unchecked;ijcai-2026-base-15-g257422b
n-puzzle;heavy-cost;34/90;90;7 1 5 2 8 6 3 4 0;0 1 2 3 4 5 6 7 8;73;20;87;173;31;0;29;0.00128;135156;BELA*;                        ? Unchecked;ijcai-2026-base-15-g257422b
n-puzzle;heavy-cost;35/90;90;6 3 1 2 8 7 0 4 5;0 1 2 3 4 5 6 7 8;64;28;108;1551;46;0;29;0.003258;476059;BELA*;                        ? Unchecked;ijcai-2026-base-15-g257422b
n-puzzle;heavy-cost;36/90;90;0 3 5 4 8 6 7 2 1;0 1 2 3 4 5 6 7 8;65;26;97;480;30;0;29;0.001737;276339;BELA*;                        ? Unchecked;ijcai-2026-base-15-g257422b
n-puzzle;heavy-cost;37/90;90;8 1 4 0 3 2 5 6 7;0 1 2 3 4 5 6 7 8;73;29;101;972;23;0;29;0.002493;389892;BELA*;                        ? Unchecked;ijcai-2026-base-15-g257422b
n-puzzle;heavy-cost;38/90;90;7 4 1 6 2 8 3 5 0;0 1 2 3 4 5 6 7 8;57;28;107;2321;45;0;29;0.004289;541152;BELA*;                        ? Unchecked;ijcai-2026-base-15-g257422b
n-puzzle;heavy-cost;39/90;90;4 6 8 0 5 1 3 2 7;0 1 2 3 4 5 6 7 8;65;29;99;772;36;0;29;0.002306;334779;BELA*;                        ? Unchecked;ijcai-2026-base-15-g257422b
n-puzzle;heavy-cost;40/90;90;4 2 8 6 0 1 3 5 7;0 1 2 3 4 5 6 7 8;54;26;88;616;35;0;29;0.00198;311111;BELA*;                        ? Unchecked;ijcai-2026-base-15-g257422b
n-puzzle;heavy-cost;41/90;90;3 7 8 4 5 2 6 1 0;0 1 2 3 4 5 6 7 8;46;24;98;898;31;0;29;0.002311;388576;BELA*;                        ? Unchecked;ijcai-2026-base-15-g257422b
n-puzzle;heavy-cost;42/90;90;7 5 6 1 0 3 2 8 4;0 1 2 3 4 5 6 7 8;87;28;99;245;25;0;29;0.001549;158167;BELA*;                        ? Unchecked;ijcai-2026-base-15-g257422b
n-puzzle;heavy-cost;43/90;90;1 6 4 8 5 3 7 2 0;0 1 2 3 4 5 6 7 8;75;26;105;880;36;0;29;0.002312;380623;BELA*;                        ? Unchecked;ijcai-2026-base-15-g257422b
n-puzzle;heavy-cost;44/90;90;2 5 7 1 8 4 3 6 0;0 1 2 3 4 5 6 7 8;66;22;84;118;40;0;29;0.001137;103782;BELA*;                        ? Unchecked;ijcai-2026-base-15-g257422b
n-puzzle;heavy-cost;45/90;90;3 8 4 0 7 1 5 6 2;0 1 2 3 4 5 6 7 8;69;29;103;663;44;0;29;0.002262;293103;BELA*;                        ? Unchecked;ijcai-2026-base-15-g257422b
n-puzzle;heavy-cost;46/90;90;3 0 5 4 2 1 7 8 6;0 1 2 3 4 5 6 7 8;45;25;79;314;24;0;29;0.001445;217301;BELA*;                        ? Unchecked;ijcai-2026-base-15-g257422b
n-puzzle;heavy-cost;47/90;90;4 5 3 1 7 0 8 2 6;0 1 2 3 4 5 6 7 8;70;27;102;595;19;0;29;0.001737;342545;BELA*;                        ? Unchecked;ijcai-2026-base-15-g257422b
n-puzzle;heavy-cost;48/90;90;1 8 4 2 3 5 6 0 7;0 1 2 3 4 5 6 7 8;49;27;83;329;40;0;29;0.001643;200243;BELA*;                        ? Unchecked;ijcai-2026-base-15-g257422b
n-puzzle;heavy-cost;49/90;90;4 8 1 0 6 7 3 2 5;0 1 2 3 4 5 6 7 8;73;29;107;1226;33;0;29;0.002686;456441;BELA*;                        ? Unchecked;ijcai-2026-base-15-g257422b
n-puzzle;heavy-cost;50/90;90;8 5 3 4 6 1 7 2 0;0 1 2 3 4 5 6 7 8;82;30;112;1377;25;0;29;0.002831;486401;BELA*;                        ? Unchecked;ijcai-2026-base-15-g257422b
n-puzzle;heavy-cost;51/90;90;4 3 7 1 5 2 6 0 8;0 1 2 3 4 5 6 7 8;44;25;78;313;24;0;29;0.001361;229978;BELA*;                        ? Unchecked;ijcai-2026-base-15-g257422b
n-puzzle;heavy-cost;52/90;90;7 4 1 2 3 0 5 8 6;0 1 2 3 4 5 6 7 8;70;35;124;7533;36;0;28;0.011668;645612;BELA*;                        ? Unchecked;ijcai-2026-base-15-g257422b
n-puzzle;heavy-cost;53/90;90;7 5 6 8 2 1 0 4 3;0 1 2 3 4 5 6 7 8;98;30;118;1424;25;0;28;0.003164;450063;BELA*;                        ? Unchecked;ijcai-2026-base-15-g257422b
n-puzzle;heavy-cost;54/90;90;2 8 5 0 7 6 1 4 3;0 1 2 3 4 5 6 7 8;74;29;104;548;34;0;28;0.001953;280594;BELA*;                        ? Unchecked;ijcai-2026-base-15-g257422b
n-puzzle;heavy-cost;55/90;90;3 5 2 4 1 6 8 0 7;0 1 2 3 4 5 6 7 8;59;31;105;1874;35;0;28;0.003666;511184;BELA*;                        ? Unchecked;ijcai-2026-base-15-g257422b
n-puzzle;heavy-cost;56/90;90;8 6 1 5 4 3 0 2 7;0 1 2 3 4 5 6 7 8;80;30;120;1849;40;0;28;0.003623;510351;BELA*;                        ? Unchecked;ijcai-2026-base-15-g257422b
n-puzzle;heavy-cost;57/90;90;4 6 5 7 3 2 1 0 8;0 1 2 3 4 5 6 7 8;53;31;99;1964;48;0;28;0.004006;490265;BELA*;                        ? Unchecked;ijcai-2026-base-15-g257422b
n-puzzle;heavy-cost;58/90;90;3 7 4 2 8 6 5 0 1;0 1 2 3 4 5 6 7 8;83;29;107;900;38;0;28;0.002462;365556;BELA*;                        ? Unchecked;ijcai-2026-base-15-g257422b
n-puzzle;heavy-cost;59/90;90;8 7 4 5 6 2 3 0 1;0 1 2 3 4 5 6 7 8;84;29;130;5761;39;0;29;0.008658;665396;BELA*;                        ? Unchecked;ijcai-2026-base-15-g257422b
n-puzzle;heavy-cost;60/90;90;6 1 5 3 4 0 8 2 7;0 1 2 3 4 5 6 7 8;46;25;102;2007;40;0;29;0.00385;521299;BELA*;                        ? Unchecked;ijcai-2026-base-15-g257422b
n-puzzle;heavy-cost;61/90;90;4 5 2 8 0 3 1 6 7;0 1 2 3 4 5 6 7 8;64;28;100;1110;45;0;29;0.002785;398564;BELA*;                        ? Unchecked;ijcai-2026-base-15-g257422b
n-puzzle;heavy-cost;62/90;90;8 5 4 6 1 2 7 3 0;0 1 2 3 4 5 6 7 8;72;30;120;6229;43;0;30;0.009284;670939;BELA*;                        ? Unchecked;ijcai-2026-base-15-g257422b
n-puzzle;heavy-cost;63/90;90;0 5 8 2 6 7 4 3 1;0 1 2 3 4 5 6 7 8;75;28;89;248;29;0;30;0.00147;168707;BELA*;                        ? Unchecked;ijcai-2026-base-15-g257422b
n-puzzle;heavy-cost;64/90;90;5 0 1 8 7 3 4 6 2;0 1 2 3 4 5 6 7 8;71;29;107;497;18;0;30;0.001656;300121;BELA*;                        ? Unchecked;ijcai-2026-base-15-g257422b
n-puzzle;heavy-cost;65/90;90;7 6 1 3 4 8 0 5 2;0 1 2 3 4 5 6 7 8;62;28;108;1271;39;0;30;0.002869;443012;BELA*;                        ? Unchecked;ijcai-2026-base-15-g257422b
n-puzzle;heavy-cost;66/90;90;8 0 7 3 6 5 1 2 4;0 1 2 3 4 5 6 7 8;82;31;118;1686;26;0;30;0.003307;509828;BELA*;                        ? Unchecked;ijcai-2026-base-15-g257422b
n-puzzle;heavy-cost;67/90;90;7 2 8 6 5 1 4 0 3;0 1 2 3 4 5 6 7 8;69;29;107;1851;25;0;30;0.003625;510621;BELA*;                        ? Unchecked;ijcai-2026-base-15-g257422b
n-puzzle;heavy-cost;68/90;90;5 0 3 4 1 8 2 7 6;0 1 2 3 4 5 6 7 8;57;31;95;617;34;0;30;0.002261;272888;BELA*;                        ? Unchecked;ijcai-2026-base-15-g257422b
n-puzzle;heavy-cost;69/90;90;7 8 4 6 3 5 2 1 0;0 1 2 3 4 5 6 7 8;72;32;110;1854;34;0;30;0.004168;444818;BELA*;                        ? Unchecked;ijcai-2026-base-15-g257422b
n-puzzle;heavy-cost;70/90;90;7 0 3 2 8 1 5 4 6;0 1 2 3 4 5 6 7 8;85;25;101;296;32;0;30;0.001648;179612;BELA*;                        ? Unchecked;ijcai-2026-base-15-g257422b
n-puzzle;heavy-cost;71/90;90;1 0 7 3 4 8 2 5 6;0 1 2 3 4 5 6 7 8;60;27;98;650;31;0;30;0.00224;290179;BELA*;                        ? Unchecked;ijcai-2026-base-15-g257422b
n-puzzle;heavy-cost;72/90;90;8 0 7 4 3 6 5 2 1;0 1 2 3 4 5 6 7 8;102;29;120;882;36;0;30;0.002522;349722;BELA*;                        ? Unchecked;ijcai-2026-base-15-g257422b
n-puzzle;heavy-cost;73/90;90;3 7 8 5 1 2 0 6 4;0 1 2 3 4 5 6 7 8;60;30;118;4858;33;0;30;0.008563;567325;BELA*;                        ? Unchecked;ijcai-2026-base-15-g257422b
n-puzzle;heavy-cost;74/90;90;1 6 2 0 7 8 4 5 3;0 1 2 3 4 5 6 7 8;61;23;89;175;30;0;30;0.001368;127924;BELA*;                        ? Unchecked;ijcai-2026-base-15-g257422b
n-puzzle;heavy-cost;75/90;90;6 1 2 3 0 8 4 5 7;0 1 2 3 4 5 6 7 8;45;24;85;497;36;0;30;0.001844;269523;BELA*;                        ? Unchecked;ijcai-2026-base-15-g257422b
n-puzzle;heavy-cost;76/90;90;1 0 7 5 6 4 3 2 8;0 1 2 3 4 5 6 7 8;57;33;97;835;27;0;30;0.002671;312617;BELA*;                        ? Unchecked;ijcai-2026-base-15-g257422b
n-puzzle;heavy-cost;77/90;90;2 7 6 1 4 0 5 3 8;0 1 2 3 4 5 6 7 8;65;31;111;2174;22;0;30;0.004142;524867;BELA*;                        ? Unchecked;ijcai-2026-base-15-g257422b
n-puzzle;heavy-cost;78/90;90;2 3 8 4 0 6 1 5 7;0 1 2 3 4 5 6 7 8;68;28;98;889;23;0;30;0.002237;397407;BELA*;                        ? Unchecked;ijcai-2026-base-15-g257422b
n-puzzle;heavy-cost;79/90;90;0 5 4 6 1 7 8 2 3;0 1 2 3 4 5 6 7 8;70;30;94;367;26;0;30;0.001893;193872;BELA*;                        ? Unchecked;ijcai-2026-base-15-g257422b
n-puzzle;heavy-cost;80/90;90;5 3 4 7 0 1 8 6 2;0 1 2 3 4 5 6 7 8;71;26;91;294;33;0;30;0.001455;202062;BELA*;                        ? Unchecked;ijcai-2026-base-15-g257422b
n-puzzle;heavy-cost;81/90;90;1 7 5 6 8 3 4 2 0;0 1 2 3 4 5 6 7 8;62;26;108;1819;50;0;30;0.003814;476927;BELA*;                        ? Unchecked;ijcai-2026-base-15-g257422b
n-puzzle;heavy-cost;82/90;90;3 1 4 0 5 8 2 7 6;0 1 2 3 4 5 6 7 8;44;27;86;339;33;0;30;0.001683;201426;BELA*;                        ? Unchecked;ijcai-2026-base-15-g257422b
n-puzzle;heavy-cost;83/90;90;4 2 3 0 5 1 8 6 7;0 1 2 3 4 5 6 7 8;55;23;93;576;31;0;30;0.001883;305895;BELA*;                        ? Unchecked;ijcai-2026-base-15-g257422b
n-puzzle;heavy-cost;84/90;90;4 7 3 1 6 5 8 0 2;0 1 2 3 4 5 6 7 8;65;29;111;1741;41;0;30;0.003732;466506;BELA*;                        ? Unchecked;ijcai-2026-base-15-g257422b
n-puzzle;heavy-cost;85/90;90;3 6 0 1 5 8 4 2 7;0 1 2 3 4 5 6 7 8;57;32;113;3290;33;0;30;0.005783;568909;BELA*;                        ? Unchecked;ijcai-2026-base-15-g257422b
n-puzzle;heavy-cost;86/90;90;8 6 2 7 5 1 3 0 4;0 1 2 3 4 5 6 7 8;82;31;126;5069;32;0;30;0.007889;642540;BELA*;                        ? Unchecked;ijcai-2026-base-15-g257422b
n-puzzle;heavy-cost;87/90;90;3 2 5 7 6 0 8 1 4;0 1 2 3 4 5 6 7 8;62;23;78;109;28;0;30;0.001108;98375.5;BELA*;                        ? Unchecked;ijcai-2026-base-15-g257422b
n-puzzle;heavy-cost;88/90;90;1 3 2 4 0 5 8 7 6;0 1 2 3 4 5 6 7 8;39;26;111;3810;54;0;30;0.00643;592535;BELA*;                        ? Unchecked;ijcai-2026-base-15-g257422b
n-puzzle;heavy-cost;89/90;90;0 8 4 3 2 1 6 5 7;0 1 2 3 4 5 6 7 8;55;28;83;256;34;0;30;0.001607;159303;BELA*;                        ? Unchecked;ijcai-2026-base-15-g257422b
n-puzzle;heavy-cost;90/90;90;0 6 1 5 7 8 4 2 3;0 1 2 3 4 5 6 7 8;67;26;103;447;26;0;30;0.001703;262478;BELA*;                        ? Unchecked;ijcai-2026-base-15-g257422b
n-puzzle;heavy-cost;91/90;90;2 1 6 4 5 8 3 0 7;0 1 2 3 4 5 6 7 8;55;29;103;1616;31;0;30;0.003356;481526;BELA*;                        ? Unchecked;ijcai-2026-base-15-g257422b
n-puzzle;heavy-cost;92/90;90;3 7 4 6 1 5 8 0 2;0 1 2 3 4 5 6 7 8;52;27;94;859;38;0;30;0.002625;327238;BELA*;                        ? Unchecked;ijcai-2026-base-15-g257422b
n-puzzle;heavy-cost;93/90;90;7 6 1 3 5 8 2 4 0;0 1 2 3 4 5 6 7 8;65;30;103;755;40;0;30;0.002514;300318;BELA*;                        ? Unchecked;ijcai-2026-base-15-g257422b
n-puzzle;heavy-cost;94/90;90;4 7 8 1 0 3 6 2 5;0 1 2 3 4 5 6 7 8;57;26;107;2708;30;0;30;0.004619;586274;BELA*;                        ? Unchecked;ijcai-2026-base-15-g257422b
n-puzzle;heavy-cost;95/90;90;0 5 8 2 7 4 1 6 3;0 1 2 3 4 5 6 7 8;61;26;89;197;24;0;30;0.001473;133741;BELA*;                        ? Unchecked;ijcai-2026-base-15-g257422b
n-puzzle;heavy-cost;96/90;90;5 2 3 8 7 0 1 6 4;0 1 2 3 4 5 6 7 8;74;27;106;535;29;0;30;0.001879;284726;BELA*;                        ? Unchecked;ijcai-2026-base-15-g257422b
n-puzzle;heavy-cost;97/90;90;8 3 0 4 7 2 6 1 5;0 1 2 3 4 5 6 7 8;58;24;100;604;33;0;30;0.001942;311020;BELA*;                        ? Unchecked;ijcai-2026-base-15-g257422b
n-puzzle;heavy-cost;98/90;90;5 8 6 0 7 4 1 3 2;0 1 2 3 4 5 6 7 8;87;31;119;1445;31;0;30;0.003205;450858;BELA*;                        ? Unchecked;ijcai-2026-base-15-g257422b
n-puzzle;heavy-cost;99/90;90;7 5 0 6 3 2 1 8 4;0 1 2 3 4 5 6 7 8;61;30;99;945;34;0;30;0.00266;355263;BELA*;                        ? Unchecked;ijcai-2026-base-15-g257422b
n-puzzle;heavy-cost;0/100;100;5 6 0 8 4 7 1 3 2;0 1 2 3 4 5 6 7 8;84;28;120;826;29;0;30;0.002449;337281;BELA*;                        ? Unchecked;ijcai-2026-base-15-g257422b
n-puzzle;heavy-cost;1/100;100;0 8 6 4 7 1 5 3 2;0 1 2 3 4 5 6 7 8;86;30;120;1105;42;0;30;0.002977;371179;BELA*;                        ? Unchecked;ijcai-2026-base-15-g257422b
n-puzzle;heavy-cost;2/100;100;5 2 8 0 7 4 1 3 6;0 1 2 3 4 5 6 7 8;65;27;99;710;31;0;30;0.002291;309908;BELA*;                        ? Unchecked;ijcai-2026-base-15-g257422b
n-puzzle;heavy-cost;3/100;100;7 2 6 0 8 1 5 4 3;0 1 2 3 4 5 6 7 8;93;33;119;1290;46;0;30;0.003271;394375;BELA*;                        ? Unchecked;ijcai-2026-base-15-g257422b
n-puzzle;heavy-cost;4/100;100;5 1 8 6 0 7 2 4 3;0 1 2 3 4 5 6 7 8;72;30;98;804;46;0;30;0.002642;304315;BELA*;                        ? Unchecked;ijcai-2026-base-15-g257422b
n-puzzle;heavy-cost;5/100;100;8 0 3 6 4 5 7 2 1;0 1 2 3 4 5 6 7 8;63;31;111;2383;39;0;30;0.004569;521558;BELA*;                        ? Unchecked;ijcai-2026-base-15-g257422b
n-puzzle;heavy-cost;6/100;100;4 2 7 1 5 8 0 6 3;0 1 2 3 4 5 6 7 8;61;20;93;447;28;0;30;0.00195;229231;BELA*;                        ? Unchecked;ijcai-2026-base-15-g257422b
n-puzzle;heavy-cost;7/100;100;4 1 7 3 2 5 6 0 8;0 1 2 3 4 5 6 7 8;33;25;83;749;33;0;30;0.002312;323962;BELA*;                        ? Unchecked;ijcai-2026-base-15-g257422b
n-puzzle;heavy-cost;8/100;100;8 4 0 5 1 6 2 7 3;0 1 2 3 4 5 6 7 8;82;30;132;6224;55;0;31;0.009972;624148;BELA*;                        ? Unchecked;ijcai-2026-base-15-g257422b
n-puzzle;heavy-cost;9/100;100;1 3 0 7 6 2 5 8 4;0 1 2 3 4 5 6 7 8;66;28;98;656;24;0;31;0.001948;336756;BELA*;                        ? Unchecked;ijcai-2026-base-15-g257422b
n-puzzle;heavy-cost;10/100;100;7 0 4 6 8 5 3 1 2;0 1 2 3 4 5 6 7 8;60;33;116;3469;42;0;31;0.006331;547939;BELA*;                        ? Unchecked;ijcai-2026-base-15-g257422b
n-puzzle;heavy-cost;11/100;100;6 1 7 5 8 2 4 3 0;0 1 2 3 4 5 6 7 8;75;32;121;4430;46;0;31;0.007559;586056;BELA*;                        ? Unchecked;ijcai-2026-base-15-g257422b
n-puzzle;heavy-cost;12/100;100;7 5 2 1 6 3 8 0 4;0 1 2 3 4 5 6 7 8;75;29;109;1567;31;0;31;0.003498;447970;BELA*;                        ? Unchecked;ijcai-2026-base-15-g257422b
n-puzzle;heavy-cost;13/100;100;6 2 4 0 8 7 5 3 1;0 1 2 3 4 5 6 7 8;76;27;104;933;31;0;31;0.002753;338903;BELA*;                        ? Unchecked;ijcai-2026-base-15-g257422b
n-puzzle;heavy-cost;14/100;100;0 1 6 2 5 7 4 8 3;0 1 2 3 4 5 6 7 8;74;30;116;2267;24;0;31;0.00455;498242;BELA*;                        ? Unchecked;ijcai-2026-base-15-g257422b
n-puzzle;heavy-cost;15/100;100;4 0 3 6 1 2 8 5 7;0 1 2 3 4 5 6 7 8;59;21;79;255;31;0;31;0.001346;189450;BELA*;                        ? Unchecked;ijcai-2026-base-15-g257422b
n-puzzle;heavy-cost;16/100;100;1 5 8 7 6 4 0 3 2;0 1 2 3 4 5 6 7 8;67;26;99;691;44;0;31;0.002389;289242;BELA*;                        ? Unchecked;ijcai-2026-base-15-g257422b
n-puzzle;heavy-cost;17/100;100;2 7 0 8 4 6 3 5 1;0 1 2 3 4 5 6 7 8;76;30;118;895;28;0;31;0.002624;341082;BELA*;                        ? Unchecked;ijcai-2026-base-15-g257422b
n-puzzle;heavy-cost;18/100;100;7 4 8 1 5 6 0 2 3;0 1 2 3 4 5 6 7 8;81;28;109;1394;46;0;31;0.003359;415004;BELA*;                        ? Unchecked;ijcai-2026-base-15-g257422b
n-puzzle;heavy-cost;19/100;100;2 3 0 1 4 7 5 6 8;0 1 2 3 4 5 6 7 8;47;30;87;540;30;0;31;0.002058;262391;BELA*;                        ? Unchecked;ijcai-2026-base-15-g257422b
n-puzzle;heavy-cost;20/100;100;2 1 4 5 0 6 8 3 7;0 1 2 3 4 5 6 7 8;69;32;117;4955;53;0;31;0.008281;598358;BELA*;                        ? Unchecked;ijcai-2026-base-15-g257422b
n-puzzle;heavy-cost;21/100;100;8 7 6 2 5 4 1 0 3;0 1 2 3 4 5 6 7 8;97;29;133;3412;29;0;31;0.005582;611250;BELA*;                        ? Unchecked;ijcai-2026-base-15-g257422b
n-puzzle;heavy-cost;22/100;100;2 7 3 1 6 5 4 0 8;0 1 2 3 4 5 6 7 8;49;23;79;266;31;0;31;0.001712;155374;BELA*;                        ? Unchecked;ijcai-2026-base-15-g257422b
n-puzzle;heavy-cost;23/100;100;3 0 4 6 2 1 8 5 7;0 1 2 3 4 5 6 7 8;56;23;84;425;26;0;31;0.001684;252375;BELA*;                        ? Unchecked;ijcai-2026-base-15-g257422b
n-puzzle;heavy-cost;24/100;100;5 3 2 4 8 6 0 1 7;0 1 2 3 4 5 6 7 8;68;28;106;994;17;0;31;0.002308;430676;BELA*;                        ? Unchecked;ijcai-2026-base-15-g257422b
n-puzzle;heavy-cost;25/100;100;1 3 5 2 4 6 8 7 0;0 1 2 3 4 5 6 7 8;52;32;118;4903;37;0;31;0.007871;622920;BELA*;                        ? Unchecked;ijcai-2026-base-15-g257422b
n-puzzle;heavy-cost;26/100;100;8 5 1 4 2 7 6 0 3;0 1 2 3 4 5 6 7 8;74;31;106;1202;32;0;31;0.003053;393711;BELA*;                        ? Unchecked;ijcai-2026-base-15-g257422b
n-puzzle;heavy-cost;27/100;100;2 8 5 6 3 1 4 0 7;0 1 2 3 4 5 6 7 8;59;27;93;641;35;0;31;0.0022;291364;BELA*;                        ? Unchecked;ijcai-2026-base-15-g257422b
n-puzzle;heavy-cost;28/100;100;5 0 7 4 2 3 1 6 8;0 1 2 3 4 5 6 7 8;59;25;79;286;29;0;31;0.001402;203994;BELA*;                        ? Unchecked;ijcai-2026-base-15-g257422b
n-puzzle;heavy-cost;29/100;100;3 2 4 7 6 8 5 1 0;0 1 2 3 4 5 6 7 8;64;24;90;390;30;0;31;0.001705;228739;BELA*;                        ? Unchecked;ijcai-2026-base-15-g257422b
n-puzzle;heavy-cost;30/100;100;1 3 2 0 8 6 4 7 5;0 1 2 3 4 5 6 7 8;54;27;94;458;41;0;31;0.001914;239289;BELA*;                        ? Unchecked;ijcai-2026-base-15-g257422b
n-puzzle;heavy-cost;31/100;100;8 2 5 3 7 6 4 0 1;0 1 2 3 4 5 6 7 8;75;27;115;2091;41;0;31;0.00409;511247;BELA*;                        ? Unchecked;ijcai-2026-base-15-g257422b
n-puzzle;heavy-cost;32/100;100;2 4 0 7 5 1 8 6 3;0 1 2 3 4 5 6 7 8;60;28;98;453;28;0;31;0.00198;228788;BELA*;                        ? Unchecked;ijcai-2026-base-15-g257422b
n-puzzle;heavy-cost;33/100;100;0 1 5 2 6 8 7 3 4;0 1 2 3 4 5 6 7 8;52;26;80;243;28;0;31;0.001543;157485;BELA*;                        ? Unchecked;ijcai-2026-base-15-g257422b
n-puzzle;heavy-cost;34/100;100;7 1 5 2 8 6 3 4 0;0 1 2 3 4 5 6 7 8;73;20;87;183;34;0;31;0.001445;126644;BELA*;                        ? Unchecked;ijcai-2026-base-15-g257422b
n-puzzle;heavy-cost;35/100;100;6 3 1 2 8 7 0 4 5;0 1 2 3 4 5 6 7 8;64;28;108;1551;46;0;31;0.003469;447103;BELA*;                        ? Unchecked;ijcai-2026-base-15-g257422b
n-puzzle;heavy-cost;36/100;100;0 3 5 4 8 6 7 2 1;0 1 2 3 4 5 6 7 8;65;28;97;480;33;0;31;0.001937;247806;BELA*;                        ? Unchecked;ijcai-2026-base-15-g257422b
n-puzzle;heavy-cost;37/100;100;8 1 4 0 3 2 5 6 7;0 1 2 3 4 5 6 7 8;73;29;101;972;24;0;31;0.002519;385867;BELA*;                        ? Unchecked;ijcai-2026-base-15-g257422b
n-puzzle;heavy-cost;38/100;100;7 4 1 6 2 8 3 5 0;0 1 2 3 4 5 6 7 8;57;28;107;2321;47;0;31;0.004464;519937;BELA*;                        ? Unchecked;ijcai-2026-base-15-g257422b
n-puzzle;heavy-cost;39/100;100;4 6 8 0 5 1 3 2 7;0 1 2 3 4 5 6 7 8;65;29;99;772;38;0;31;0.002411;320199;BELA*;                        ? Unchecked;ijcai-2026-base-15-g257422b
n-puzzle;heavy-cost;40/100;100;4 2 8 6 0 1 3 5 7;0 1 2 3 4 5 6 7 8;54;28;88;616;38;0;31;0.002087;295161;BELA*;                        ? Unchecked;ijcai-2026-base-15-g257422b
n-puzzle;heavy-cost;41/100;100;3 7 8 4 5 2 6 1 0;0 1 2 3 4 5 6 7 8;46;26;98;898;32;0;31;0.002505;358483;BELA*;                        ? Unchecked;ijcai-2026-base-15-g257422b
n-puzzle;heavy-cost;42/100;100;7 5 6 1 0 3 2 8 4;0 1 2 3 4 5 6 7 8;87;28;99;245;26;0;31;0.001683;145573;BELA*;                        ? Unchecked;ijcai-2026-base-15-g257422b
n-puzzle;heavy-cost;43/100;100;1 6 4 8 5 3 7 2 0;0 1 2 3 4 5 6 7 8;75;28;107;1012;41;0;31;0.002647;382320;BELA*;                        ? Unchecked;ijcai-2026-base-15-g257422b
n-puzzle;heavy-cost;44/100;100;2 5 7 1 8 4 3 6 0;0 1 2 3 4 5 6 7 8;66;22;84;118;43;0;31;0.001378;85631.3;BELA*;                        ? Unchecked;ijcai-2026-base-15-g257422b
n-puzzle;heavy-cost;45/100;100;3 8 4 0 7 1 5 6 2;0 1 2 3 4 5 6 7 8;69;29;103;663;46;0;31;0.002404;275790;BELA*;                        ? Unchecked;ijcai-2026-base-15-g257422b
n-puzzle;heavy-cost;46/100;100;3 0 5 4 2 1 7 8 6;0 1 2 3 4 5 6 7 8;45;23;79;314;26;0;31;0.001767;177702;BELA*;                        ? Unchecked;ijcai-2026-base-15-g257422b
n-puzzle;heavy-cost;47/100;100;4 5 3 1 7 0 8 2 6;0 1 2 3 4 5 6 7 8;70;27;102;595;20;0;31;0.002082;285783;BELA*;                        ? Unchecked;ijcai-2026-base-15-g257422b
n-puzzle;heavy-cost;48/100;100;1 8 4 2 3 5 6 0 7;0 1 2 3 4 5 6 7 8;49;27;83;329;40;0;31;0.001848;178030;BELA*;                        ? Unchecked;ijcai-2026-base-15-g257422b
n-puzzle;heavy-cost;49/100;100;4 8 1 0 6 7 3 2 5;0 1 2 3 4 5 6 7 8;73;29;107;1226;37;0;31;0.003126;392194;BELA*;                        ? Unchecked;ijcai-2026-base-15-g257422b
n-puzzle;heavy-cost;50/100;100;8 5 3 4 6 1 7 2 0;0 1 2 3 4 5 6 7 8;82;30;112;1377;28;0;31;0.003316;415259;BELA*;                        ? Unchecked;ijcai-2026-base-15-g257422b
n-puzzle;heavy-cost;51/100;100;4 3 7 1 5 2 6 0 8;0 1 2 3 4 5 6 7 8;44;23;78;313;25;0;31;0.001619;193329;BELA*;                        ? Unchecked;ijcai-2026-base-15-g257422b
n-puzzle;heavy-cost;52/100;100;7 4 1 2 3 0 5 8 6;0 1 2 3 4 5 6 7 8;70;35;124;7533;42;0;32;0.012149;620051;BELA*;                        ? Unchecked;ijcai-2026-base-15-g257422b
n-puzzle;heavy-cost;53/100;100;7 5 6 8 2 1 0 4 3;0 1 2 3 4 5 6 7 8;98;30;118;1518;30;0;32;0.003477;436583;BELA*;                        ? Unchecked;ijcai-2026-base-15-g257422b
n-puzzle;heavy-cost;54/100;100;2 8 5 0 7 6 1 4 3;0 1 2 3 4 5 6 7 8;74;29;104;548;35;0;32;0.002174;252070;BELA*;                        ? Unchecked;ijcai-2026-base-15-g257422b
n-puzzle;heavy-cost;55/100;100;3 5 2 4 1 6 8 0 7;0 1 2 3 4 5 6 7 8;59;31;105;1874;36;0;32;0.004073;460103;BELA*;                        ? Unchecked;ijcai-2026-base-15-g257422b
n-puzzle;heavy-cost;56/100;100;8 6 1 5 4 3 0 2 7;0 1 2 3 4 5 6 7 8;80;30;120;1849;40;0;32;0.003793;487477;BELA*;                        ? Unchecked;ijcai-2026-base-15-g257422b
n-puzzle;heavy-cost;57/100;100;4 6 5 7 3 2 1 0 8;0 1 2 3 4 5 6 7 8;53;27;99;1964;50;0;32;0.004081;481255;BELA*;                        ? Unchecked;ijcai-2026-base-15-g257422b
n-puzzle;heavy-cost;58/100;100;3 7 4 2 8 6 5 0 1;0 1 2 3 4 5 6 7 8;83;31;107;900;39;0;32;0.002629;342335;BELA*;                        ? Unchecked;ijcai-2026-base-15-g257422b
n-puzzle;heavy-cost;59/100;100;8 7 4 5 6 2 3 0 1;0 1 2 3 4 5 6 7 8;84;29;130;6336;47;0;32;0.009805;646201;BELA*;                        ? Unchecked;ijcai-2026-base-15-g257422b
n-puzzle;heavy-cost;60/100;100;6 1 5 3 4 0 8 2 7;0 1 2 3 4 5 6 7 8;46;27;102;2007;45;0;32;0.004101;489393;BELA*;                        ? Unchecked;ijcai-2026-base-15-g257422b
n-puzzle;heavy-cost;61/100;100;4 5 2 8 0 3 1 6 7;0 1 2 3 4 5 6 7 8;64;28;100;1110;47;0;32;0.002876;385953;BELA*;                        ? Unchecked;ijcai-2026-base-15-g257422b
n-puzzle;heavy-cost;62/100;100;8 5 4 6 1 2 7 3 0;0 1 2 3 4 5 6 7 8;72;30;120;6229;45;0;32;0.009568;651024;BELA*;                        ? Unchecked;ijcai-2026-base-15-g257422b
n-puzzle;heavy-cost;63/100;100;0 5 8 2 6 7 4 3 1;0 1 2 3 4 5 6 7 8;75;26;89;248;29;0;32;0.001641;151127;BELA*;                        ? Unchecked;ijcai-2026-base-15-g257422b
n-puzzle;heavy-cost;64/100;100;5 0 1 8 7 3 4 6 2;0 1 2 3 4 5 6 7 8;71;29;107;497;19;0;32;0.001715;289796;BELA*;                        ? Unchecked;ijcai-2026-base-15-g257422b
n-puzzle;heavy-cost;65/100;100;7 6 1 3 4 8 0 5 2;0 1 2 3 4 5 6 7 8;62;28;108;1271;40;0;32;0.003097;410397;BELA*;                        ? Unchecked;ijcai-2026-base-15-g257422b
n-puzzle;heavy-cost;66/100;100;8 0 7 3 6 5 1 2 4;0 1 2 3 4 5 6 7 8;82;31;118;1686;26;0;32;0.003502;481439;BELA*;                        ? Unchecked;ijcai-2026-base-15-g257422b
n-puzzle;heavy-cost;67/100;100;7 2 8 6 5 1 4 0 3;0 1 2 3 4 5 6 7 8;69;27;107;1851;25;0;32;0.003756;492812;BELA*;                        ? Unchecked;ijcai-2026-base-15-g257422b
n-puzzle;heavy-cost;68/100;100;5 0 3 4 1 8 2 7 6;0 1 2 3 4 5 6 7 8;57;29;95;617;36;0;32;0.002269;271926;BELA*;                        ? Unchecked;ijcai-2026-base-15-g257422b
n-puzzle;heavy-cost;69/100;100;7 8 4 6 3 5 2 1 0;0 1 2 3 4 5 6 7 8;72;32;110;1854;34;0;32;0.004131;448802;BELA*;                        ? Unchecked;ijcai-2026-base-15-g257422b
n-puzzle;heavy-cost;70/100;100;7 0 3 2 8 1 5 4 6;0 1 2 3 4 5 6 7 8;85;27;101;296;38;0;32;0.001772;167043;BELA*;                        ? Unchecked;ijcai-2026-base-15-g257422b
n-puzzle;heavy-cost;71/100;100;1 0 7 3 4 8 2 5 6;0 1 2 3 4 5 6 7 8;60;27;98;650;31;0;32;0.002144;303172;BELA*;                        ? Unchecked;ijcai-2026-base-15-g257422b
n-puzzle;heavy-cost;72/100;100;8 0 7 4 3 6 5 2 1;0 1 2 3 4 5 6 7 8;102;27;120;984;43;0;32;0.002692;365527;BELA*;                        ? Unchecked;ijcai-2026-base-15-g257422b
n-puzzle;heavy-cost;73/100;100;3 7 8 5 1 2 0 6 4;0 1 2 3 4 5 6 7 8;60;32;118;4858;34;0;32;0.007952;610915;BELA*;                        ? Unchecked;ijcai-2026-base-15-g257422b
n-puzzle;heavy-cost;74/100;100;1 6 2 0 7 8 4 5 3;0 1 2 3 4 5 6 7 8;61;25;89;175;30;0;32;0.001349;129726;BELA*;                        ? Unchecked;ijcai-2026-base-15-g257422b
n-puzzle;heavy-cost;75/100;100;6 1 2 3 0 8 4 5 7;0 1 2 3 4 5 6 7 8;45;26;85;497;36;0;32;0.002087;238141;BELA*;                        ? Unchecked;ijcai-2026-base-15-g257422b
n-puzzle;heavy-cost;76/100;100;1 0 7 5 6 4 3 2 8;0 1 2 3 4 5 6 7 8;57;33;97;835;27;0;32;0.002653;314738;BELA*;                        ? Unchecked;ijcai-2026-base-15-g257422b
n-puzzle;heavy-cost;77/100;100;2 7 6 1 4 0 5 3 8;0 1 2 3 4 5 6 7 8;65;29;111;2359;28;0;32;0.004546;518918;BELA*;                        ? Unchecked;ijcai-2026-base-15-g257422b
n-puzzle;heavy-cost;78/100;100;2 3 8 4 0 6 1 5 7;0 1 2 3 4 5 6 7 8;68;28;98;889;24;0;32;0.002417;367811;BELA*;                        ? Unchecked;ijcai-2026-base-15-g257422b
n-puzzle;heavy-cost;79/100;100;0 5 4 6 1 7 8 2 3;0 1 2 3 4 5 6 7 8;70;30;94;367;26;0;32;0.001798;204116;BELA*;                        ? Unchecked;ijcai-2026-base-15-g257422b
n-puzzle;heavy-cost;80/100;100;5 3 4 7 0 1 8 6 2;0 1 2 3 4 5 6 7 8;71;26;91;294;34;0;32;0.001586;185372;BELA*;                        ? Unchecked;ijcai-2026-base-15-g257422b
n-puzzle;heavy-cost;81/100;100;1 7 5 6 8 3 4 2 0;0 1 2 3 4 5 6 7 8;62;24;108;2012;57;0;32;0.004205;478478;BELA*;                        ? Unchecked;ijcai-2026-base-15-g257422b
n-puzzle;heavy-cost;82/100;100;3 1 4 0 5 8 2 7 6;0 1 2 3 4 5 6 7 8;44;27;86;339;33;0;32;0.001889;179460;BELA*;                        ? Unchecked;ijcai-2026-base-15-g257422b
n-puzzle;heavy-cost;83/100;100;4 2 3 0 5 1 8 6 7;0 1 2 3 4 5 6 7 8;55;23;93;576;34;0;32;0.001978;291203;BELA*;                        ? Unchecked;ijcai-2026-base-15-g257422b
n-puzzle;heavy-cost;84/100;100;4 7 3 1 6 5 8 0 2;0 1 2 3 4 5 6 7 8;65;31;111;1741;45;0;32;0.003785;459974;BELA*;                        ? Unchecked;ijcai-2026-base-15-g257422b
n-puzzle;heavy-cost;85/100;100;3 6 0 1 5 8 4 2 7;0 1 2 3 4 5 6 7 8;57;32;113;3290;35;0;32;0.005754;571776;BELA*;                        ? Unchecked;ijcai-2026-base-15-g257422b
n-puzzle;heavy-cost;86/100;100;8 6 2 7 5 1 3 0 4;0 1 2 3 4 5 6 7 8;82;31;126;5069;34;0;32;0.008012;632676;BELA*;                        ? Unchecked;ijcai-2026-base-15-g257422b
n-puzzle;heavy-cost;87/100;100;3 2 5 7 6 0 8 1 4;0 1 2 3 4 5 6 7 8;62;21;78;109;30;0;32;0.001249;87269.8;BELA*;                        ? Unchecked;ijcai-2026-base-15-g257422b
n-puzzle;heavy-cost;88/100;100;1 3 2 4 0 5 8 7 6;0 1 2 3 4 5 6 7 8;39;26;113;3968;61;0;32;0.006591;602033;BELA*;                        ? Unchecked;ijcai-2026-base-15-g257422b
n-puzzle;heavy-cost;89/100;100;0 8 4 3 2 1 6 5 7;0 1 2 3 4 5 6 7 8;55;26;83;256;34;0;32;0.00181;141436;BELA*;                        ? Unchecked;ijcai-2026-base-15-g257422b
n-puzzle;heavy-cost;90/100;100;0 6 1 5 7 8 4 2 3;0 1 2 3 4 5 6 7 8;67;28;103;447;27;0;32;0.001805;247645;BELA*;                        ? Unchecked;ijcai-2026-base-15-g257422b
n-puzzle;heavy-cost;91/100;100;2 1 6 4 5 8 3 0 7;0 1 2 3 4 5 6 7 8;55;29;103;1616;31;0;32;0.003386;477259;BELA*;                        ? Unchecked;ijcai-2026-base-15-g257422b
n-puzzle;heavy-cost;92/100;100;3 7 4 6 1 5 8 0 2;0 1 2 3 4 5 6 7 8;52;27;94;922;45;0;32;0.002761;333937;BELA*;                        ? Unchecked;ijcai-2026-base-15-g257422b
n-puzzle;heavy-cost;93/100;100;7 6 1 3 5 8 2 4 0;0 1 2 3 4 5 6 7 8;65;30;103;755;41;0;32;0.002513;300438;BELA*;                        ? Unchecked;ijcai-2026-base-15-g257422b
n-puzzle;heavy-cost;94/100;100;4 7 8 1 0 3 6 2 5;0 1 2 3 4 5 6 7 8;57;26;107;2708;30;0;32;0.004638;583872;BELA*;                        ? Unchecked;ijcai-2026-base-15-g257422b
n-puzzle;heavy-cost;95/100;100;0 5 8 2 7 4 1 6 3;0 1 2 3 4 5 6 7 8;61;22;89;197;27;0;32;0.001583;124447;BELA*;                        ? Unchecked;ijcai-2026-base-15-g257422b
n-puzzle;heavy-cost;96/100;100;5 2 3 8 7 0 1 6 4;0 1 2 3 4 5 6 7 8;74;29;106;535;30;0;32;0.002089;256103;BELA*;                        ? Unchecked;ijcai-2026-base-15-g257422b
n-puzzle;heavy-cost;97/100;100;8 3 0 4 7 2 6 1 5;0 1 2 3 4 5 6 7 8;58;24;100;604;37;0;32;0.002015;299752;BELA*;                        ? Unchecked;ijcai-2026-base-15-g257422b
n-puzzle;heavy-cost;98/100;100;5 8 6 0 7 4 1 3 2;0 1 2 3 4 5 6 7 8;87;31;119;1445;31;0;32;0.003332;433673;BELA*;                        ? Unchecked;ijcai-2026-base-15-g257422b
n-puzzle;heavy-cost;99/100;100;7 5 0 6 3 2 1 8 4;0 1 2 3 4 5 6 7 8;61;30;99;945;38;0;32;0.002747;344012;BELA*;                        ? Unchecked;ijcai-2026-base-15-g257422b
n-puzzle;heavy-cost;0/200;200;5 6 0 8 4 7 1 3 2;0 1 2 3 4 5 6 7 8;84;30;122;1289;47;0;32;0.004285;300817;BELA*;                        ? Unchecked;ijcai-2026-base-15-g257422b
n-puzzle;heavy-cost;1/200;200;0 8 6 4 7 1 5 3 2;0 1 2 3 4 5 6 7 8;86;28;120;1105;53;0;32;0.004268;258903;BELA*;                        ? Unchecked;ijcai-2026-base-15-g257422b
n-puzzle;heavy-cost;2/200;200;5 2 8 0 7 4 1 3 6;0 1 2 3 4 5 6 7 8;65;25;99;710;37;0;32;0.003695;192152;BELA*;                        ? Unchecked;ijcai-2026-base-15-g257422b
n-puzzle;heavy-cost;3/200;200;7 2 6 0 8 1 5 4 3;0 1 2 3 4 5 6 7 8;93;31;119;1290;52;0;32;0.004642;277897;BELA*;                        ? Unchecked;ijcai-2026-base-15-g257422b
n-puzzle;heavy-cost;4/200;200;5 1 8 6 0 7 2 4 3;0 1 2 3 4 5 6 7 8;72;30;100;1035;78;0;32;0.00423;244681;BELA*;                        ? Unchecked;ijcai-2026-base-15-g257422b
n-puzzle;heavy-cost;5/200;200;8 0 3 6 4 5 7 2 1;0 1 2 3 4 5 6 7 8;63;29;111;2383;48;0;32;0.005861;406586;BELA*;                        ? Unchecked;ijcai-2026-base-15-g257422b
n-puzzle;heavy-cost;6/200;200;4 2 7 1 5 8 0 6 3;0 1 2 3 4 5 6 7 8;61;22;95;577;44;0;32;0.003117;185114;BELA*;                        ? Unchecked;ijcai-2026-base-15-g257422b
n-puzzle;heavy-cost;7/200;200;4 1 7 3 2 5 6 0 8;0 1 2 3 4 5 6 7 8;33;23;85;916;59;0;32;0.003985;229862;BELA*;                        ? Unchecked;ijcai-2026-base-15-g257422b
n-puzzle;heavy-cost;8/200;200;8 4 0 5 1 6 2 7 3;0 1 2 3 4 5 6 7 8;82;36;132;6224;69;0;32;0.011142;558607;BELA*;                        ? Unchecked;ijcai-2026-base-15-g257422b
n-puzzle;heavy-cost;9/200;200;1 3 0 7 6 2 5 8 4;0 1 2 3 4 5 6 7 8;66;30;100;796;45;0;32;0.003295;241578;BELA*;                        ? Unchecked;ijcai-2026-base-15-g257422b
n-puzzle;heavy-cost;10/200;200;7 0 4 6 8 5 3 1 2;0 1 2 3 4 5 6 7 8;60;33;116;3469;48;0;32;0.00807;429864;BELA*;                        ? Unchecked;ijcai-2026-base-15-g257422b
n-puzzle;heavy-cost;11/200;200;6 1 7 5 8 2 4 3 0;0 1 2 3 4 5 6 7 8;75;30;121;4430;48;0;32;0.008963;494254;BELA*;                        ? Unchecked;ijcai-2026-base-15-g257422b
n-puzzle;heavy-cost;12/200;200;7 5 2 1 6 3 8 0 4;0 1 2 3 4 5 6 7 8;75;31;111;2027;50;0;32;0.005624;360420;BELA*;                        ? Unchecked;ijcai-2026-base-15-g257422b
n-puzzle;heavy-cost;13/200;200;6 2 4 0 8 7 5 3 1;0 1 2 3 4 5 6 7 8;76;31;106;979;42;0;32;0.004275;229006;BELA*;                        ? Unchecked;ijcai-2026-base-15-g257422b
n-puzzle;heavy-cost;14/200;200;0 1 6 2 5 7 4 8 3;0 1 2 3 4 5 6 7 8;74;34;118;2974;39;0;32;0.00692;429769;BELA*;                        ? Unchecked;ijcai-2026-base-15-g257422b
n-puzzle;heavy-cost;15/200;200;4 0 3 6 1 2 8 5 7;0 1 2 3 4 5 6 7 8;59;17;79;284;44;0;32;0.00247;114980;BELA*;                        ? Unchecked;ijcai-2026-base-15-g257422b
n-puzzle;heavy-cost;16/200;200;1 5 8 7 6 4 0 3 2;0 1 2 3 4 5 6 7 8;67;26;99;691;54;0;32;0.003501;197372;BELA*;                        ? Unchecked;ijcai-2026-base-15-g257422b
n-puzzle;heavy-cost;17/200;200;2 7 0 8 4 6 3 5 1;0 1 2 3 4 5 6 7 8;76;30;120;1121;48;0;32;0.004304;260455;BELA*;                        ? Unchecked;ijcai-2026-base-15-g257422b
n-puzzle;heavy-cost;18/200;200;7 4 8 1 5 6 0 2 3;0 1 2 3 4 5 6 7 8;81;32;109;1394;59;0;32;0.004643;300237;BELA*;                        ? Unchecked;ijcai-2026-base-15-g257422b
n-puzzle;heavy-cost;19/200;200;2 3 0 1 4 7 5 6 8;0 1 2 3 4 5 6 7 8;47;32;89;643;57;0;32;0.003556;180821;BELA*;                        ? Unchecked;ijcai-2026-base-15-g257422b
n-puzzle;heavy-cost;20/200;200;2 1 4 5 0 6 8 3 7;0 1 2 3 4 5 6 7 8;69;32;117;4955;57;0;32;0.009752;508101;BELA*;                        ? Unchecked;ijcai-2026-base-15-g257422b
n-puzzle;heavy-cost;21/200;200;8 7 6 2 5 4 1 0 3;0 1 2 3 4 5 6 7 8;97;33;135;4189;46;0;32;0.007535;555939;BELA*;                        ? Unchecked;ijcai-2026-base-15-g257422b
n-puzzle;heavy-cost;22/200;200;2 7 3 1 6 5 4 0 8;0 1 2 3 4 5 6 7 8;49;27;81;347;52;0;32;0.003069;113066;BELA*;                        ? Unchecked;ijcai-2026-base-15-g257422b
n-puzzle;heavy-cost;23/200;200;3 0 4 6 2 1 8 5 7;0 1 2 3 4 5 6 7 8;56;23;86;530;48;0;32;0.00296;179054;BELA*;                        ? Unchecked;ijcai-2026-base-15-g257422b
n-puzzle;heavy-cost;24/200;200;5 3 2 4 8 6 0 1 7;0 1 2 3 4 5 6 7 8;68;30;108;1198;35;0;32;0.00365;328219;BELA*;                        ? Unchecked;ijcai-2026-base-15-g257422b
n-puzzle;heavy-cost;25/200;200;1 3 5 2 4 6 8 7 0;0 1 2 3 4 5 6 7 8;52;30;120;5864;77;0;32;0.010782;543869;BELA*;                        ? Unchecked;ijcai-2026-base-15-g257422b
n-puzzle;heavy-cost;26/200;200;8 5 1 4 2 7 6 0 3;0 1 2 3 4 5 6 7 8;74;31;106;1202;35;0;32;0.004315;278563;BELA*;                        ? Unchecked;ijcai-2026-base-15-g257422b
n-puzzle;heavy-cost;27/200;200;2 8 5 6 3 1 4 0 7;0 1 2 3 4 5 6 7 8;59;29;93;641;37;0;32;0.003217;199254;BELA*;                        ? Unchecked;ijcai-2026-base-15-g257422b
n-puzzle;heavy-cost;28/200;200;5 0 7 4 2 3 1 6 8;0 1 2 3 4 5 6 7 8;59;25;81;320;47;0;32;0.002488;128617;BELA*;                        ? Unchecked;ijcai-2026-base-15-g257422b
n-puzzle;heavy-cost;29/200;200;3 2 4 7 6 8 5 1 0;0 1 2 3 4 5 6 7 8;64;22;92;485;44;0;32;0.003065;158238;BELA*;                        ? Unchecked;ijcai-2026-base-15-g257422b
n-puzzle;heavy-cost;30/200;200;1 3 2 0 8 6 4 7 5;0 1 2 3 4 5 6 7 8;54;27;94;458;48;0;32;0.002969;154261;BELA*;                        ? Unchecked;ijcai-2026-base-15-g257422b
n-puzzle;heavy-cost;31/200;200;8 2 5 3 7 6 4 0 1;0 1 2 3 4 5 6 7 8;75;29;115;2091;51;0;32;0.005209;401421;BELA*;                        ? Unchecked;ijcai-2026-base-15-g257422b
n-puzzle;heavy-cost;32/200;200;2 4 0 7 5 1 8 6 3;0 1 2 3 4 5 6 7 8;60;28;100;604;46;0;32;0.003468;174164;BELA*;                        ? Unchecked;ijcai-2026-base-15-g257422b
n-puzzle;heavy-cost;33/200;200;0 1 5 2 6 8 7 3 4;0 1 2 3 4 5 6 7 8;52;24;82;312;43;0;32;0.00304;102632;BELA*;                        ? Unchecked;ijcai-2026-base-15-g257422b
n-puzzle;heavy-cost;34/200;200;7 1 5 2 8 6 3 4 0;0 1 2 3 4 5 6 7 8;73;22;89;192;53;0;32;0.002376;80808.1;BELA*;                        ? Unchecked;ijcai-2026-base-15-g257422b
n-puzzle;heavy-cost;35/200;200;6 3 1 2 8 7 0 4 5;0 1 2 3 4 5 6 7 8;64;28;110;1884;76;0;32;0.005172;364269;BELA*;                        ? Unchecked;ijcai-2026-base-15-g257422b
n-puzzle;heavy-cost;36/200;200;0 3 5 4 8 6 7 2 1;0 1 2 3 4 5 6 7 8;65;28;97;480;39;0;32;0.003009;159521;BELA*;                        ? Unchecked;ijcai-2026-base-15-g257422b
n-puzzle;heavy-cost;37/200;200;8 1 4 0 3 2 5 6 7;0 1 2 3 4 5 6 7 8;73;31;103;1204;50;0;32;0.004268;282099;BELA*;                        ? Unchecked;ijcai-2026-base-15-g257422b
n-puzzle;heavy-cost;38/200;200;7 4 1 6 2 8 3 5 0;0 1 2 3 4 5 6 7 8;57;28;107;2321;53;0;32;0.005781;401488;BELA*;                        ? Unchecked;ijcai-2026-base-15-g257422b
n-puzzle;heavy-cost;39/200;200;4 6 8 0 5 1 3 2 7;0 1 2 3 4 5 6 7 8;65;29;99;772;41;0;32;0.003777;204395;BELA*;                        ? Unchecked;ijcai-2026-base-15-g257422b
n-puzzle;heavy-cost;40/200;200;4 2 8 6 0 1 3 5 7;0 1 2 3 4 5 6 7 8;54;28;88;616;41;0;32;0.00338;182249;BELA*;                        ? Unchecked;ijcai-2026-base-15-g257422b
n-puzzle;heavy-cost;41/200;200;3 7 8 4 5 2 6 1 0;0 1 2 3 4 5 6 7 8;46;28;100;1066;56;0;32;0.004011;265769;BELA*;                        ? Unchecked;ijcai-2026-base-15-g257422b
n-puzzle;heavy-cost;42/200;200;7 5 6 1 0 3 2 8 4;0 1 2 3 4 5 6 7 8;87;28;101;271;45;0;32;0.002864;94622.9;BELA*;                        ? Unchecked;ijcai-2026-base-15-g257422b
n-puzzle;heavy-cost;43/200;200;1 6 4 8 5 3 7 2 0;0 1 2 3 4 5 6 7 8;75;30;107;1012;53;0;32;0.003837;263748;BELA*;                        ? Unchecked;ijcai-2026-base-15-g257422b
n-puzzle;heavy-cost;44/200;200;2 5 7 1 8 4 3 6 0;0 1 2 3 4 5 6 7 8;66;18;84;124;56;0;32;0.002342;52946.2;BELA*;                        ? Unchecked;ijcai-2026-base-15-g257422b
n-puzzle;heavy-cost;45/200;200;3 8 4 0 7 1 5 6 2;0 1 2 3 4 5 6 7 8;69;23;103;663;53;0;32;0.003495;189700;BELA*;                        ? Unchecked;ijcai-2026-base-15-g257422b
n-puzzle;heavy-cost;46/200;200;3 0 5 4 2 1 7 8 6;0 1 2 3 4 5 6 7 8;45;25;81;383;38;0;32;0.002622;146072;BELA*;                        ? Unchecked;ijcai-2026-base-15-g257422b
n-puzzle;heavy-cost;47/200;200;4 5 3 1 7 0 8 2 6;0 1 2 3 4 5 6 7 8;70;27;104;764;38;0;32;0.003149;242617;BELA*;                        ? Unchecked;ijcai-2026-base-15-g257422b
n-puzzle;heavy-cost;48/200;200;1 8 4 2 3 5 6 0 7;0 1 2 3 4 5 6 7 8;49;25;83;329;47;0;32;0.002943;111791;BELA*;                        ? Unchecked;ijcai-2026-base-15-g257422b
n-puzzle;heavy-cost;49/200;200;4 8 1 0 6 7 3 2 5;0 1 2 3 4 5 6 7 8;73;29;107;1226;44;0;32;0.003867;317042;BELA*;                        ? Unchecked;ijcai-2026-base-15-g257422b
n-puzzle;heavy-cost;50/200;200;8 5 3 4 6 1 7 2 0;0 1 2 3 4 5 6 7 8;82;32;114;1760;55;0;32;0.004927;357215;BELA*;                        ? Unchecked;ijcai-2026-base-15-g257422b
n-puzzle;heavy-cost;51/200;200;4 3 7 1 5 2 6 0 8;0 1 2 3 4 5 6 7 8;44;25;80;386;36;0;32;0.002475;155960;BELA*;                        ? Unchecked;ijcai-2026-base-15-g257422b
n-puzzle;heavy-cost;52/200;200;7 4 1 2 3 0 5 8 6;0 1 2 3 4 5 6 7 8;70;37;124;7533;51;0;34;0.013419;561368;BELA*;                        ? Unchecked;ijcai-2026-base-15-g257422b
n-puzzle;heavy-cost;53/200;200;7 5 6 8 2 1 0 4 3;0 1 2 3 4 5 6 7 8;98;32;120;1910;54;0;34;0.005533;345202;BELA*;                        ? Unchecked;ijcai-2026-base-15-g257422b
n-puzzle;heavy-cost;54/200;200;2 8 5 0 7 6 1 4 3;0 1 2 3 4 5 6 7 8;74;25;106;674;50;0;34;0.00382;176440;BELA*;                        ? Unchecked;ijcai-2026-base-15-g257422b
n-puzzle;heavy-cost;55/200;200;3 5 2 4 1 6 8 0 7;0 1 2 3 4 5 6 7 8;59;29;107;2297;55;0;34;0.005857;392180;BELA*;                        ? Unchecked;ijcai-2026-base-15-g257422b
n-puzzle;heavy-cost;56/200;200;8 6 1 5 4 3 0 2 7;0 1 2 3 4 5 6 7 8;80;32;122;2549;68;0;34;0.006377;399718;BELA*;                        ? Unchecked;ijcai-2026-base-15-g257422b
n-puzzle;heavy-cost;57/200;200;4 6 5 7 3 2 1 0 8;0 1 2 3 4 5 6 7 8;53;33;99;1964;60;0;34;0.00515;381359;BELA*;                        ? Unchecked;ijcai-2026-base-15-g257422b
n-puzzle;heavy-cost;58/200;200;3 7 4 2 8 6 5 0 1;0 1 2 3 4 5 6 7 8;83;31;107;900;41;0;34;0.003903;230592;BELA*;                        ? Unchecked;ijcai-2026-base-15-g257422b
n-puzzle;heavy-cost;59/200;200;8 7 4 5 6 2 3 0 1;0 1 2 3 4 5 6 7 8;84;33;132;6996;74;0;34;0.012153;575660;BELA*;                        ? Unchecked;ijcai-2026-base-15-g257422b
n-puzzle;heavy-cost;60/200;200;6 1 5 3 4 0 8 2 7;0 1 2 3 4 5 6 7 8;46;29;102;2007;47;0;34;0.005283;379898;BELA*;                        ? Unchecked;ijcai-2026-base-15-g257422b
n-puzzle;heavy-cost;61/200;200;4 5 2 8 0 3 1 6 7;0 1 2 3 4 5 6 7 8;64;28;102;1352;86;0;34;0.004477;301988;BELA*;                        ? Unchecked;ijcai-2026-base-15-g257422b
n-puzzle;heavy-cost;62/200;200;8 5 4 6 1 2 7 3 0;0 1 2 3 4 5 6 7 8;72;28;120;6229;57;0;34;0.011108;560767;BELA*;                        ? Unchecked;ijcai-2026-base-15-g257422b
n-puzzle;heavy-cost;63/200;200;0 5 8 2 6 7 4 3 1;0 1 2 3 4 5 6 7 8;75;30;91;324;54;0;34;0.003093;104753;BELA*;                        ? Unchecked;ijcai-2026-base-15-g257422b
n-puzzle;heavy-cost;64/200;200;5 0 1 8 7 3 4 6 2;0 1 2 3 4 5 6 7 8;71;29;107;497;23;0;34;0.002895;171675;BELA*;                        ? Unchecked;ijcai-2026-base-15-g257422b
n-puzzle;heavy-cost;65/200;200;7 6 1 3 4 8 0 5 2;0 1 2 3 4 5 6 7 8;62;28;110;1510;72;0;34;0.004698;321413;BELA*;                        ? Unchecked;ijcai-2026-base-15-g257422b
n-puzzle;heavy-cost;66/200;200;8 0 7 3 6 5 1 2 4;0 1 2 3 4 5 6 7 8;82;33;120;2147;52;0;34;0.005435;395032;BELA*;                        ? Unchecked;ijcai-2026-base-15-g257422b
n-puzzle;heavy-cost;67/200;200;7 2 8 6 5 1 4 0 3;0 1 2 3 4 5 6 7 8;69;31;109;2235;51;0;34;0.005647;395785;BELA*;                        ? Unchecked;ijcai-2026-base-15-g257422b
n-puzzle;heavy-cost;68/200;200;5 0 3 4 1 8 2 7 6;0 1 2 3 4 5 6 7 8;57;31;97;791;62;0;34;0.003943;200609;BELA*;                        ? Unchecked;ijcai-2026-base-15-g257422b
n-puzzle;heavy-cost;69/200;200;7 8 4 6 3 5 2 1 0;0 1 2 3 4 5 6 7 8;72;32;112;2146;61;0;34;0.006172;347699;BELA*;                        ? Unchecked;ijcai-2026-base-15-g257422b
n-puzzle;heavy-cost;70/200;200;7 0 3 2 8 1 5 4 6;0 1 2 3 4 5 6 7 8;85;27;101;296;44;0;34;0.002897;102175;BELA*;                        ? Unchecked;ijcai-2026-base-15-g257422b
n-puzzle;heavy-cost;71/200;200;1 0 7 3 4 8 2 5 6;0 1 2 3 4 5 6 7 8;60;29;100;774;54;0;34;0.003655;211765;BELA*;                        ? Unchecked;ijcai-2026-base-15-g257422b
n-puzzle;heavy-cost;72/200;200;8 0 7 4 3 6 5 2 1;0 1 2 3 4 5 6 7 8;102;29;122;1426;66;0;34;0.00443;321896;BELA*;                        ? Unchecked;ijcai-2026-base-15-g257422b
n-puzzle;heavy-cost;73/200;200;3 7 8 5 1 2 0 6 4;0 1 2 3 4 5 6 7 8;60;34;120;5811;77;0;34;0.010912;532533;BELA*;                        ? Unchecked;ijcai-2026-base-15-g257422b
n-puzzle;heavy-cost;74/200;200;1 6 2 0 7 8 4 5 3;0 1 2 3 4 5 6 7 8;61;19;89;207;47;0;34;0.002586;80046.4;BELA*;                        ? Unchecked;ijcai-2026-base-15-g257422b
n-puzzle;heavy-cost;75/200;200;6 1 2 3 0 8 4 5 7;0 1 2 3 4 5 6 7 8;45;24;87;590;58;0;34;0.003447;171163;BELA*;                        ? Unchecked;ijcai-2026-base-15-g257422b
n-puzzle;heavy-cost;76/200;200;1 0 7 5 6 4 3 2 8;0 1 2 3 4 5 6 7 8;57;35;99;1047;43;0;34;0.004465;234490;BELA*;                        ? Unchecked;ijcai-2026-base-15-g257422b
n-puzzle;heavy-cost;77/200;200;2 7 6 1 4 0 5 3 8;0 1 2 3 4 5 6 7 8;65;33;113;2884;43;0;34;0.006582;438165;BELA*;                        ? Unchecked;ijcai-2026-base-15-g257422b
n-puzzle;heavy-cost;78/200;200;2 3 8 4 0 6 1 5 7;0 1 2 3 4 5 6 7 8;68;30;100;1120;52;0;34;0.004003;279790;BELA*;                        ? Unchecked;ijcai-2026-base-15-g257422b
n-puzzle;heavy-cost;79/200;200;0 5 4 6 1 7 8 2 3;0 1 2 3 4 5 6 7 8;70;28;94;367;36;0;34;0.003259;112611;BELA*;                        ? Unchecked;ijcai-2026-base-15-g257422b
n-puzzle;heavy-cost;80/200;200;5 3 4 7 0 1 8 6 2;0 1 2 3 4 5 6 7 8;71;26;91;294;38;0;34;0.002702;108808;BELA*;                        ? Unchecked;ijcai-2026-base-15-g257422b
n-puzzle;heavy-cost;81/200;200;1 7 5 6 8 3 4 2 0;0 1 2 3 4 5 6 7 8;62;28;110;2263;82;0;34;0.005949;380400;BELA*;                        ? Unchecked;ijcai-2026-base-15-g257422b
n-puzzle;heavy-cost;82/200;200;3 1 4 0 5 8 2 7 6;0 1 2 3 4 5 6 7 8;44;27;86;339;42;0;34;0.003071;110387;BELA*;                        ? Unchecked;ijcai-2026-base-15-g257422b
n-puzzle;heavy-cost;83/200;200;4 2 3 0 5 1 8 6 7;0 1 2 3 4 5 6 7 8;55;25;93;576;41;0;34;0.002975;193613;BELA*;                        ? Unchecked;ijcai-2026-base-15-g257422b
n-puzzle;heavy-cost;84/200;200;4 7 3 1 6 5 8 0 2;0 1 2 3 4 5 6 7 8;65;31;111;1741;47;0;34;0.005186;335712;BELA*;                        ? Unchecked;ijcai-2026-base-15-g257422b
n-puzzle;heavy-cost;85/200;200;3 6 0 1 5 8 4 2 7;0 1 2 3 4 5 6 7 8;57;28;113;3290;50;0;34;0.007129;461495;BELA*;                        ? Unchecked;ijcai-2026-base-15-g257422b
n-puzzle;heavy-cost;86/200;200;8 6 2 7 5 1 3 0 4;0 1 2 3 4 5 6 7 8;82;31;128;6564;70;0;34;0.011673;562323;BELA*;                        ? Unchecked;ijcai-2026-base-15-g257422b
n-puzzle;heavy-cost;87/200;200;3 2 5 7 6 0 8 1 4;0 1 2 3 4 5 6 7 8;62;25;80;137;40;0;34;0.002226;61545.4;BELA*;                        ? Unchecked;ijcai-2026-base-15-g257422b
n-puzzle;heavy-cost;88/200;200;1 3 2 4 0 5 8 7 6;0 1 2 3 4 5 6 7 8;39;28;113;3968;79;0;34;0.007836;506381;BELA*;                        ? Unchecked;ijcai-2026-base-15-g257422b
n-puzzle;heavy-cost;89/200;200;0 8 4 3 2 1 6 5 7;0 1 2 3 4 5 6 7 8;55;24;83;256;38;0;34;0.00294;87074.8;BELA*;                        ? Unchecked;ijcai-2026-base-15-g257422b
n-puzzle;heavy-cost;90/200;200;0 6 1 5 7 8 4 2 3;0 1 2 3 4 5 6 7 8;67;28;105;679;50;0;34;0.003256;208538;BELA*;                        ? Unchecked;ijcai-2026-base-15-g257422b
n-puzzle;heavy-cost;91/200;200;2 1 6 4 5 8 3 0 7;0 1 2 3 4 5 6 7 8;55;29;103;1616;37;0;34;0.004697;344049;BELA*;                        ? Unchecked;ijcai-2026-base-15-g257422b
n-puzzle;heavy-cost;92/200;200;3 7 4 6 1 5 8 0 2;0 1 2 3 4 5 6 7 8;52;29;96;1025;60;0;34;0.004182;245098;BELA*;                        ? Unchecked;ijcai-2026-base-15-g257422b
n-puzzle;heavy-cost;93/200;200;7 6 1 3 5 8 2 4 0;0 1 2 3 4 5 6 7 8;65;26;103;794;58;0;34;0.003982;199397;BELA*;                        ? Unchecked;ijcai-2026-base-15-g257422b
n-puzzle;heavy-cost;94/200;200;4 7 8 1 0 3 6 2 5;0 1 2 3 4 5 6 7 8;57;26;109;3300;52;0;34;0.00678;486726;BELA*;                        ? Unchecked;ijcai-2026-base-15-g257422b
n-puzzle;heavy-cost;95/200;200;0 5 8 2 7 4 1 6 3;0 1 2 3 4 5 6 7 8;61;28;91;248;41;0;34;0.002712;91445.4;BELA*;                        ? Unchecked;ijcai-2026-base-15-g257422b
n-puzzle;heavy-cost;96/200;200;5 2 3 8 7 0 1 6 4;0 1 2 3 4 5 6 7 8;74;29;108;741;48;0;34;0.003635;203851;BELA*;                        ? Unchecked;ijcai-2026-base-15-g257422b
n-puzzle;heavy-cost;97/200;200;8 3 0 4 7 2 6 1 5;0 1 2 3 4 5 6 7 8;58;24;100;604;40;0;34;0.00322;187578;BELA*;                        ? Unchecked;ijcai-2026-base-15-g257422b
n-puzzle;heavy-cost;98/200;200;5 8 6 0 7 4 1 3 2;0 1 2 3 4 5 6 7 8;87;31;121;1861;55;0;34;0.005454;341217;BELA*;                        ? Unchecked;ijcai-2026-base-15-g257422b
n-puzzle;heavy-cost;99/200;200;7 5 0 6 3 2 1 8 4;0 1 2 3 4 5 6 7 8;61;32;99;945;43;0;34;0.003982;237318;BELA*;                        ? Unchecked;ijcai-2026-base-15-g257422b
n-puzzle;heavy-cost;0/300;300;5 6 0 8 4 7 1 3 2;0 1 2 3 4 5 6 7 8;84;28;122;1289;49;0;34;0.005695;226339;BELA*;                        ? Unchecked;ijcai-2026-base-15-g257422b
n-puzzle;heavy-cost;1/300;300;0 8 6 4 7 1 5 3 2;0 1 2 3 4 5 6 7 8;86;30;122;1636;91;0;34;0.006458;253329;BELA*;                        ? Unchecked;ijcai-2026-base-15-g257422b
n-puzzle;heavy-cost;2/300;300;5 2 8 0 7 4 1 3 6;0 1 2 3 4 5 6 7 8;65;29;101;843;55;0;34;0.004951;170269;BELA*;                        ? Unchecked;ijcai-2026-base-15-g257422b
n-puzzle;heavy-cost;3/300;300;7 2 6 0 8 1 5 4 3;0 1 2 3 4 5 6 7 8;93;31;119;1290;60;0;34;0.006229;207096;BELA*;                        ? Unchecked;ijcai-2026-base-15-g257422b
n-puzzle;heavy-cost;4/300;300;5 1 8 6 0 7 2 4 3;0 1 2 3 4 5 6 7 8;72;30;100;1035;89;0;34;0.005559;186185;BELA*;                        ? Unchecked;ijcai-2026-base-15-g257422b
n-puzzle;heavy-cost;5/300;300;8 0 3 6 4 5 7 2 1;0 1 2 3 4 5 6 7 8;63;31;113;3117;74;0;34;0.008299;375587;BELA*;                        ? Unchecked;ijcai-2026-base-15-g257422b
n-puzzle;heavy-cost;6/300;300;4 2 7 1 5 8 0 6 3;0 1 2 3 4 5 6 7 8;61;22;95;577;47;0;34;0.004471;129054;BELA*;                        ? Unchecked;ijcai-2026-base-15-g257422b
n-puzzle;heavy-cost;7/300;300;4 1 7 3 2 5 6 0 8;0 1 2 3 4 5 6 7 8;33;25;85;916;62;0;34;0.005035;181927;BELA*;                        ? Unchecked;ijcai-2026-base-15-g257422b
n-puzzle;heavy-cost;8/300;300;8 4 0 5 1 6 2 7 3;0 1 2 3 4 5 6 7 8;82;36;132;6224;71;0;34;0.01312;474390;BELA*;                        ? Unchecked;ijcai-2026-base-15-g257422b
n-puzzle;heavy-cost;9/300;300;1 3 0 7 6 2 5 8 4;0 1 2 3 4 5 6 7 8;66;30;100;796;50;0;34;0.004471;178036;BELA*;                        ? Unchecked;ijcai-2026-base-15-g257422b
n-puzzle;heavy-cost;10/300;300;7 0 4 6 8 5 3 1 2;0 1 2 3 4 5 6 7 8;60;35;118;4213;86;0;34;0.010926;385594;BELA*;                        ? Unchecked;ijcai-2026-base-15-g257422b
n-puzzle;heavy-cost;11/300;300;6 1 7 5 8 2 4 3 0;0 1 2 3 4 5 6 7 8;75;30;123;5504;80;0;34;0.011781;467193;BELA*;                        ? Unchecked;ijcai-2026-base-15-g257422b
n-puzzle;heavy-cost;12/300;300;7 5 2 1 6 3 8 0 4;0 1 2 3 4 5 6 7 8;75;33;111;2027;52;0;34;0.007206;281293;BELA*;                        ? Unchecked;ijcai-2026-base-15-g257422b
n-puzzle;heavy-cost;13/300;300;6 2 4 0 8 7 5 3 1;0 1 2 3 4 5 6 7 8;76;31;106;979;46;0;34;0.005669;172694;BELA*;                        ? Unchecked;ijcai-2026-base-15-g257422b
n-puzzle;heavy-cost;14/300;300;0 1 6 2 5 7 4 8 3;0 1 2 3 4 5 6 7 8;74;32;118;2974;40;0;34;0.00842;353207;BELA*;                        ? Unchecked;ijcai-2026-base-15-g257422b
n-puzzle;heavy-cost;15/300;300;4 0 3 6 1 2 8 5 7;0 1 2 3 4 5 6 7 8;59;21;81;303;55;0;34;0.003401;89091.4;BELA*;                        ? Unchecked;ijcai-2026-base-15-g257422b
n-puzzle;heavy-cost;16/300;300;1 5 8 7 6 4 0 3 2;0 1 2 3 4 5 6 7 8;67;30;101;883;100;0;34;0.005167;170892;BELA*;                        ? Unchecked;ijcai-2026-base-15-g257422b
n-puzzle;heavy-cost;17/300;300;2 7 0 8 4 6 3 5 1;0 1 2 3 4 5 6 7 8;76;30;120;1121;49;0;34;0.005624;199324;BELA*;                        ? Unchecked;ijcai-2026-base-15-g257422b
n-puzzle;heavy-cost;18/300;300;7 4 8 1 5 6 0 2 3;0 1 2 3 4 5 6 7 8;81;30;109;1394;66;0;34;0.006291;221586;BELA*;                        ? Unchecked;ijcai-2026-base-15-g257422b
n-puzzle;heavy-cost;19/300;300;2 3 0 1 4 7 5 6 8;0 1 2 3 4 5 6 7 8;47;30;89;643;58;0;34;0.004914;130851;BELA*;                        ? Unchecked;ijcai-2026-base-15-g257422b
n-puzzle;heavy-cost;20/300;300;2 1 4 5 0 6 8 3 7;0 1 2 3 4 5 6 7 8;69;30;119;5942;82;0;34;0.012844;462628;BELA*;                        ? Unchecked;ijcai-2026-base-15-g257422b
n-puzzle;heavy-cost;21/300;300;8 7 6 2 5 4 1 0 3;0 1 2 3 4 5 6 7 8;97;31;135;4189;48;0;34;0.008903;470516;BELA*;                        ? Unchecked;ijcai-2026-base-15-g257422b
n-puzzle;heavy-cost;22/300;300;2 7 3 1 6 5 4 0 8;0 1 2 3 4 5 6 7 8;49;29;81;347;54;0;34;0.004414;78613.5;BELA*;                        ? Unchecked;ijcai-2026-base-15-g257422b
n-puzzle;heavy-cost;23/300;300;3 0 4 6 2 1 8 5 7;0 1 2 3 4 5 6 7 8;56;21;86;530;50;0;34;0.004009;132203;BELA*;                        ? Unchecked;ijcai-2026-base-15-g257422b
n-puzzle;heavy-cost;24/300;300;5 3 2 4 8 6 0 1 7;0 1 2 3 4 5 6 7 8;68;30;108;1198;37;0;34;0.004652;257524;BELA*;                        ? Unchecked;ijcai-2026-base-15-g257422b
n-puzzle;heavy-cost;25/300;300;1 3 5 2 4 6 8 7 0;0 1 2 3 4 5 6 7 8;52;34;120;5864;86;0;34;0.012319;476013;BELA*;                        ? Unchecked;ijcai-2026-base-15-g257422b
n-puzzle;heavy-cost;26/300;300;8 5 1 4 2 7 6 0 3;0 1 2 3 4 5 6 7 8;74;27;106;1202;48;0;34;0.005819;206565;BELA*;                        ? Unchecked;ijcai-2026-base-15-g257422b
n-puzzle;heavy-cost;27/300;300;2 8 5 6 3 1 4 0 7;0 1 2 3 4 5 6 7 8;59;23;93;641;49;0;34;0.004482;143017;BELA*;                        ? Unchecked;ijcai-2026-base-15-g257422b
n-puzzle;heavy-cost;28/300;300;5 0 7 4 2 3 1 6 8;0 1 2 3 4 5 6 7 8;59;27;81;320;48;0;34;0.003489;91716.8;BELA*;                        ? Unchecked;ijcai-2026-base-15-g257422b
n-puzzle;heavy-cost;29/300;300;3 2 4 7 6 8 5 1 0;0 1 2 3 4 5 6 7 8;64;24;92;485;50;0;34;0.004049;119783;BELA*;                        ? Unchecked;ijcai-2026-base-15-g257422b
n-puzzle;heavy-cost;30/300;300;1 3 2 0 8 6 4 7 5;0 1 2 3 4 5 6 7 8;54;27;96;546;70;0;34;0.004596;118799;BELA*;                        ? Unchecked;ijcai-2026-base-15-g257422b
n-puzzle;heavy-cost;31/300;300;8 2 5 3 7 6 4 0 1;0 1 2 3 4 5 6 7 8;75;29;115;2091;56;0;34;0.006303;331747;BELA*;                        ? Unchecked;ijcai-2026-base-15-g257422b
n-puzzle;heavy-cost;32/300;300;2 4 0 7 5 1 8 6 3;0 1 2 3 4 5 6 7 8;60;30;100;604;47;0;34;0.004809;125598;BELA*;                        ? Unchecked;ijcai-2026-base-15-g257422b
n-puzzle;heavy-cost;33/300;300;0 1 5 2 6 8 7 3 4;0 1 2 3 4 5 6 7 8;52;28;82;312;51;0;34;0.004067;76715;BELA*;                        ? Unchecked;ijcai-2026-base-15-g257422b
n-puzzle;heavy-cost;34/300;300;7 1 5 2 8 6 3 4 0;0 1 2 3 4 5 6 7 8;73;24;89;192;56;0;34;0.003591;53467;BELA*;                        ? Unchecked;ijcai-2026-base-15-g257422b
n-puzzle;heavy-cost;35/300;300;6 3 1 2 8 7 0 4 5;0 1 2 3 4 5 6 7 8;64;30;110;1884;88;0;34;0.006315;298337;BELA*;                        ? Unchecked;ijcai-2026-base-15-g257422b
n-puzzle;heavy-cost;36/300;300;0 3 5 4 8 6 7 2 1;0 1 2 3 4 5 6 7 8;65;26;99;572;55;0;34;0.004503;127026;BELA*;                        ? Unchecked;ijcai-2026-base-15-g257422b
n-puzzle;heavy-cost;37/300;300;8 1 4 0 3 2 5 6 7;0 1 2 3 4 5 6 7 8;73;29;103;1204;53;0;34;0.005523;217997;BELA*;                        ? Unchecked;ijcai-2026-base-15-g257422b
n-puzzle;heavy-cost;38/300;300;7 4 1 6 2 8 3 5 0;0 1 2 3 4 5 6 7 8;57;32;109;2820;80;0;34;0.007738;364435;BELA*;                        ? Unchecked;ijcai-2026-base-15-g257422b
n-puzzle;heavy-cost;39/300;300;4 6 8 0 5 1 3 2 7;0 1 2 3 4 5 6 7 8;65;29;101;1007;63;0;34;0.005472;184028;BELA*;                        ? Unchecked;ijcai-2026-base-15-g257422b
n-puzzle;heavy-cost;40/300;300;4 2 8 6 0 1 3 5 7;0 1 2 3 4 5 6 7 8;54;24;88;663;62;0;34;0.004573;144981;BELA*;                        ? Unchecked;ijcai-2026-base-15-g257422b
n-puzzle;heavy-cost;41/300;300;3 7 8 4 5 2 6 1 0;0 1 2 3 4 5 6 7 8;46;28;100;1066;57;0;34;0.005272;202200;BELA*;                        ? Unchecked;ijcai-2026-base-15-g257422b
n-puzzle;heavy-cost;42/300;300;7 5 6 1 0 3 2 8 4;0 1 2 3 4 5 6 7 8;87;30;101;271;46;0;34;0.004053;66864.1;BELA*;                        ? Unchecked;ijcai-2026-base-15-g257422b
n-puzzle;heavy-cost;43/300;300;1 6 4 8 5 3 7 2 0;0 1 2 3 4 5 6 7 8;75;28;107;1012;57;0;34;0.00499;202806;BELA*;                        ? Unchecked;ijcai-2026-base-15-g257422b
n-puzzle;heavy-cost;44/300;300;2 5 7 1 8 4 3 6 0;0 1 2 3 4 5 6 7 8;66;22;86;129;67;0;34;0.003276;39377.3;BELA*;                        ? Unchecked;ijcai-2026-base-15-g257422b
n-puzzle;heavy-cost;45/300;300;3 8 4 0 7 1 5 6 2;0 1 2 3 4 5 6 7 8;69;31;105;871;83;0;34;0.005365;162349;BELA*;                        ? Unchecked;ijcai-2026-base-15-g257422b
n-puzzle;heavy-cost;46/300;300;3 0 5 4 2 1 7 8 6;0 1 2 3 4 5 6 7 8;45;25;81;383;44;0;34;0.003881;98685.9;BELA*;                        ? Unchecked;ijcai-2026-base-15-g257422b
n-puzzle;heavy-cost;47/300;300;4 5 3 1 7 0 8 2 6;0 1 2 3 4 5 6 7 8;70;27;104;764;50;0;34;0.004227;180743;BELA*;                        ? Unchecked;ijcai-2026-base-15-g257422b
n-puzzle;heavy-cost;48/300;300;1 8 4 2 3 5 6 0 7;0 1 2 3 4 5 6 7 8;49;27;85;417;67;0;34;0.004341;96060.8;BELA*;                        ? Unchecked;ijcai-2026-base-15-g257422b
n-puzzle;heavy-cost;49/300;300;4 8 1 0 6 7 3 2 5;0 1 2 3 4 5 6 7 8;73;29;109;1477;70;0;34;0.005683;259898;BELA*;                        ? Unchecked;ijcai-2026-base-15-g257422b
n-puzzle;heavy-cost;50/300;300;8 5 3 4 6 1 7 2 0;0 1 2 3 4 5 6 7 8;82;32;114;1760;59;0;34;0.006106;288241;BELA*;                        ? Unchecked;ijcai-2026-base-15-g257422b
n-puzzle;heavy-cost;51/300;300;4 3 7 1 5 2 6 0 8;0 1 2 3 4 5 6 7 8;44;23;80;386;45;0;34;0.003764;102550;BELA*;                        ? Unchecked;ijcai-2026-base-15-g257422b
n-puzzle;heavy-cost;52/300;300;7 4 1 2 3 0 5 8 6;0 1 2 3 4 5 6 7 8;70;37;124;7533;55;0;34;0.015147;497326;BELA*;                        ? Unchecked;ijcai-2026-base-15-g257422b
n-puzzle;heavy-cost;53/300;300;7 5 6 8 2 1 0 4 3;0 1 2 3 4 5 6 7 8;98;34;120;1910;56;0;34;0.007159;266797;BELA*;                        ? Unchecked;ijcai-2026-base-15-g257422b
n-puzzle;heavy-cost;54/300;300;2 8 5 0 7 6 1 4 3;0 1 2 3 4 5 6 7 8;74;27;106;674;55;0;34;0.00488;138115;BELA*;                        ? Unchecked;ijcai-2026-base-15-g257422b
n-puzzle;heavy-cost;55/300;300;3 5 2 4 1 6 8 0 7;0 1 2 3 4 5 6 7 8;59;33;107;2297;57;0;35;0.007114;322884;BELA*;                        ? Unchecked;ijcai-2026-base-15-g257422b
n-puzzle;heavy-cost;56/300;300;8 6 1 5 4 3 0 2 7;0 1 2 3 4 5 6 7 8;80;34;122;2549;76;0;35;0.007654;333028;BELA*;                        ? Unchecked;ijcai-2026-base-15-g257422b
n-puzzle;heavy-cost;57/300;300;4 6 5 7 3 2 1 0 8;0 1 2 3 4 5 6 7 8;53;27;99;1964;68;0;35;0.006556;299573;BELA*;                        ? Unchecked;ijcai-2026-base-15-g257422b
n-puzzle;heavy-cost;58/300;300;3 7 4 2 8 6 5 0 1;0 1 2 3 4 5 6 7 8;83;33;109;1044;64;0;35;0.005523;189028;BELA*;                        ? Unchecked;ijcai-2026-base-15-g257422b
n-puzzle;heavy-cost;59/300;300;8 7 4 5 6 2 3 0 1;0 1 2 3 4 5 6 7 8;84;31;132;6996;79;0;35;0.013563;515815;BELA*;                        ? Unchecked;ijcai-2026-base-15-g257422b
n-puzzle;heavy-cost;60/300;300;6 1 5 3 4 0 8 2 7;0 1 2 3 4 5 6 7 8;46;27;104;2329;76;0;35;0.007117;327245;BELA*;                        ? Unchecked;ijcai-2026-base-15-g257422b
n-puzzle;heavy-cost;61/300;300;4 5 2 8 0 3 1 6 7;0 1 2 3 4 5 6 7 8;64;28;102;1352;101;0;35;0.005658;238954;BELA*;                        ? Unchecked;ijcai-2026-base-15-g257422b
n-puzzle;heavy-cost;62/300;300;8 5 4 6 1 2 7 3 0;0 1 2 3 4 5 6 7 8;72;30;122;7789;119;0;35;0.015425;504959;BELA*;                        ? Unchecked;ijcai-2026-base-15-g257422b
n-puzzle;heavy-cost;63/300;300;0 5 8 2 6 7 4 3 1;0 1 2 3 4 5 6 7 8;75;28;91;324;55;0;35;0.00423;76595.7;BELA*;                        ? Unchecked;ijcai-2026-base-15-g257422b
n-puzzle;heavy-cost;64/300;300;5 0 1 8 7 3 4 6 2;0 1 2 3 4 5 6 7 8;71;29;109;699;42;0;35;0.004269;163739;BELA*;                        ? Unchecked;ijcai-2026-base-15-g257422b
n-puzzle;heavy-cost;65/300;300;7 6 1 3 4 8 0 5 2;0 1 2 3 4 5 6 7 8;62;30;110;1510;75;0;35;0.005859;257723;BELA*;                        ? Unchecked;ijcai-2026-base-15-g257422b
n-puzzle;heavy-cost;66/300;300;8 0 7 3 6 5 1 2 4;0 1 2 3 4 5 6 7 8;82;33;120;2147;55;0;35;0.006816;314994;BELA*;                        ? Unchecked;ijcai-2026-base-15-g257422b
n-puzzle;heavy-cost;67/300;300;7 2 8 6 5 1 4 0 3;0 1 2 3 4 5 6 7 8;69;31;109;2235;54;0;35;0.006995;319514;BELA*;                        ? Unchecked;ijcai-2026-base-15-g257422b
n-puzzle;heavy-cost;68/300;300;5 0 3 4 1 8 2 7 6;0 1 2 3 4 5 6 7 8;57;33;97;791;68;0;35;0.005201;152086;BELA*;                        ? Unchecked;ijcai-2026-base-15-g257422b
n-puzzle;heavy-cost;69/300;300;7 8 4 6 3 5 2 1 0;0 1 2 3 4 5 6 7 8;72;32;112;2146;62;0;35;0.007494;286362;BELA*;                        ? Unchecked;ijcai-2026-base-15-g257422b
n-puzzle;heavy-cost;70/300;300;7 0 3 2 8 1 5 4 6;0 1 2 3 4 5 6 7 8;85;27;103;395;64;0;35;0.004357;90658.7;BELA*;                        ? Unchecked;ijcai-2026-base-15-g257422b
n-puzzle;heavy-cost;71/300;300;1 0 7 3 4 8 2 5 6;0 1 2 3 4 5 6 7 8;60;29;100;774;58;0;35;0.004908;157702;BELA*;                        ? Unchecked;ijcai-2026-base-15-g257422b
n-puzzle;heavy-cost;72/300;300;8 0 7 4 3 6 5 2 1;0 1 2 3 4 5 6 7 8;102;31;122;1426;73;0;35;0.005748;248086;BELA*;                        ? Unchecked;ijcai-2026-base-15-g257422b
n-puzzle;heavy-cost;73/300;300;3 7 8 5 1 2 0 6 4;0 1 2 3 4 5 6 7 8;60;32;120;5811;78;0;35;0.012459;466410;BELA*;                        ? Unchecked;ijcai-2026-base-15-g257422b
n-puzzle;heavy-cost;74/300;300;1 6 2 0 7 8 4 5 3;0 1 2 3 4 5 6 7 8;61;27;91;240;52;0;35;0.003627;66170.4;BELA*;                        ? Unchecked;ijcai-2026-base-15-g257422b
n-puzzle;heavy-cost;75/300;300;6 1 2 3 0 8 4 5 7;0 1 2 3 4 5 6 7 8;45;24;87;590;64;0;35;0.004487;131491;BELA*;                        ? Unchecked;ijcai-2026-base-15-g257422b
n-puzzle;heavy-cost;76/300;300;1 0 7 5 6 4 3 2 8;0 1 2 3 4 5 6 7 8;57;35;99;1047;44;0;35;0.006066;172601;BELA*;                        ? Unchecked;ijcai-2026-base-15-g257422b
n-puzzle;heavy-cost;77/300;300;2 7 6 1 4 0 5 3 8;0 1 2 3 4 5 6 7 8;65;33;113;2884;45;0;35;0.008185;352352;BELA*;                        ? Unchecked;ijcai-2026-base-15-g257422b
n-puzzle;heavy-cost;78/300;300;2 3 8 4 0 6 1 5 7;0 1 2 3 4 5 6 7 8;68;28;100;1120;53;0;35;0.005237;213863;BELA*;                        ? Unchecked;ijcai-2026-base-15-g257422b
n-puzzle;heavy-cost;79/300;300;0 5 4 6 1 7 8 2 3;0 1 2 3 4 5 6 7 8;70;32;96;439;51;0;35;0.004751;92401.6;BELA*;                        ? Unchecked;ijcai-2026-base-15-g257422b
n-puzzle;heavy-cost;80/300;300;5 3 4 7 0 1 8 6 2;0 1 2 3 4 5 6 7 8;71;26;93;366;55;0;35;0.004053;90303.5;BELA*;                        ? Unchecked;ijcai-2026-base-15-g257422b
n-puzzle;heavy-cost;81/300;300;1 7 5 6 8 3 4 2 0;0 1 2 3 4 5 6 7 8;62;28;110;2263;90;0;35;0.007426;304740;BELA*;                        ? Unchecked;ijcai-2026-base-15-g257422b
n-puzzle;heavy-cost;82/300;300;3 1 4 0 5 8 2 7 6;0 1 2 3 4 5 6 7 8;44;27;88;431;57;0;35;0.004228;101939;BELA*;                        ? Unchecked;ijcai-2026-base-15-g257422b
n-puzzle;heavy-cost;83/300;300;4 2 3 0 5 1 8 6 7;0 1 2 3 4 5 6 7 8;55;23;95;724;57;0;35;0.004616;156846;BELA*;                        ? Unchecked;ijcai-2026-base-15-g257422b
n-puzzle;heavy-cost;84/300;300;4 7 3 1 6 5 8 0 2;0 1 2 3 4 5 6 7 8;65;27;111;2059;74;0;35;0.007095;290204;BELA*;                        ? Unchecked;ijcai-2026-base-15-g257422b
n-puzzle;heavy-cost;85/300;300;3 6 0 1 5 8 4 2 7;0 1 2 3 4 5 6 7 8;57;34;115;3988;74;0;35;0.009677;412111;BELA*;                        ? Unchecked;ijcai-2026-base-15-g257422b
n-puzzle;heavy-cost;86/300;300;8 6 2 7 5 1 3 0 4;0 1 2 3 4 5 6 7 8;82;33;128;6564;74;0;35;0.01319;497650;BELA*;                        ? Unchecked;ijcai-2026-base-15-g257422b
n-puzzle;heavy-cost;87/300;300;3 2 5 7 6 0 8 1 4;0 1 2 3 4 5 6 7 8;62;19;80;137;53;0;35;0.003451;39698.6;BELA*;                        ? Unchecked;ijcai-2026-base-15-g257422b
n-puzzle;heavy-cost;88/300;300;1 3 2 4 0 5 8 7 6;0 1 2 3 4 5 6 7 8;39;26;113;3968;89;0;35;0.009378;423118;BELA*;                        ? Unchecked;ijcai-2026-base-15-g257422b
n-puzzle;heavy-cost;89/300;300;0 8 4 3 2 1 6 5 7;0 1 2 3 4 5 6 7 8;55;28;85;294;63;0;35;0.004475;65698.3;BELA*;                        ? Unchecked;ijcai-2026-base-15-g257422b
n-puzzle;heavy-cost;90/300;300;0 6 1 5 7 8 4 2 3;0 1 2 3 4 5 6 7 8;67;30;105;679;52;0;35;0.004506;150688;BELA*;                        ? Unchecked;ijcai-2026-base-15-g257422b
n-puzzle;heavy-cost;91/300;300;2 1 6 4 5 8 3 0 7;0 1 2 3 4 5 6 7 8;55;31;105;1942;57;0;35;0.006507;298448;BELA*;                        ? Unchecked;ijcai-2026-base-15-g257422b
n-puzzle;heavy-cost;92/300;300;3 7 4 6 1 5 8 0 2;0 1 2 3 4 5 6 7 8;52;31;96;1025;65;0;35;0.005696;179951;BELA*;                        ? Unchecked;ijcai-2026-base-15-g257422b
n-puzzle;heavy-cost;93/300;300;7 6 1 3 5 8 2 4 0;0 1 2 3 4 5 6 7 8;65;28;105;895;68;0;35;0.005594;159993;BELA*;                        ? Unchecked;ijcai-2026-base-15-g257422b
n-puzzle;heavy-cost;94/300;300;4 7 8 1 0 3 6 2 5;0 1 2 3 4 5 6 7 8;57;26;109;3300;72;0;35;0.008055;409683;BELA*;                        ? Unchecked;ijcai-2026-base-15-g257422b
n-puzzle;heavy-cost;95/300;300;0 5 8 2 7 4 1 6 3;0 1 2 3 4 5 6 7 8;61;26;91;248;50;0;35;0.004085;60709.9;BELA*;                        ? Unchecked;ijcai-2026-base-15-g257422b
n-puzzle;heavy-cost;96/300;300;5 2 3 8 7 0 1 6 4;0 1 2 3 4 5 6 7 8;74;29;108;741;51;0;35;0.004742;156263;BELA*;                        ? Unchecked;ijcai-2026-base-15-g257422b
n-puzzle;heavy-cost;97/300;300;8 3 0 4 7 2 6 1 5;0 1 2 3 4 5 6 7 8;58;28;102;790;64;0;35;0.004636;170406;BELA*;                        ? Unchecked;ijcai-2026-base-15-g257422b
n-puzzle;heavy-cost;98/300;300;5 8 6 0 7 4 1 3 2;0 1 2 3 4 5 6 7 8;87;31;121;1861;56;0;35;0.006852;271600;BELA*;                        ? Unchecked;ijcai-2026-base-15-g257422b
n-puzzle;heavy-cost;99/300;300;7 5 0 6 3 2 1 8 4;0 1 2 3 4 5 6 7 8;61;30;99;945;52;0;35;0.005412;174612;BELA*;                        ? Unchecked;ijcai-2026-base-15-g257422b
n-puzzle;heavy-cost;0/400;400;5 6 0 8 4 7 1 3 2;0 1 2 3 4 5 6 7 8;84;30;124;1799;75;0;35;0.007926;226975;BELA*;                        ? Unchecked;ijcai-2026-base-15-g257422b
n-puzzle;heavy-cost;1/400;400;0 8 6 4 7 1 5 3 2;0 1 2 3 4 5 6 7 8;86;32;122;1636;96;0;35;0.007816;209314;BELA*;                        ? Unchecked;ijcai-2026-base-15-g257422b
n-puzzle;heavy-cost;2/400;400;5 2 8 0 7 4 1 3 6;0 1 2 3 4 5 6 7 8;65;31;101;843;55;0;35;0.006116;137835;BELA*;                        ? Unchecked;ijcai-2026-base-15-g257422b
n-puzzle;heavy-cost;3/400;400;7 2 6 0 8 1 5 4 3;0 1 2 3 4 5 6 7 8;93;35;121;1841;98;0;35;0.008717;211197;BELA*;                        ? Unchecked;ijcai-2026-base-15-g257422b
n-puzzle;heavy-cost;4/400;400;5 1 8 6 0 7 2 4 3;0 1 2 3 4 5 6 7 8;72;30;100;1035;96;0;35;0.007048;146850;BELA*;                        ? Unchecked;ijcai-2026-base-15-g257422b
n-puzzle;heavy-cost;5/400;400;8 0 3 6 4 5 7 2 1;0 1 2 3 4 5 6 7 8;63;33;113;3117;76;0;35;0.009479;328832;BELA*;                        ? Unchecked;ijcai-2026-base-15-g257422b
n-puzzle;heavy-cost;6/400;400;4 2 7 1 5 8 0 6 3;0 1 2 3 4 5 6 7 8;61;24;97;767;67;0;35;0.005722;134044;BELA*;                        ? Unchecked;ijcai-2026-base-15-g257422b
n-puzzle;heavy-cost;7/400;400;4 1 7 3 2 5 6 0 8;0 1 2 3 4 5 6 7 8;33;29;85;916;65;0;35;0.006279;145883;BELA*;                        ? Unchecked;ijcai-2026-base-15-g257422b
n-puzzle;heavy-cost;8/400;400;8 4 0 5 1 6 2 7 3;0 1 2 3 4 5 6 7 8;82;30;132;6609;111;0;35;0.015813;417947;BELA*;                        ? Unchecked;ijcai-2026-base-15-g257422b
n-puzzle;heavy-cost;9/400;400;1 3 0 7 6 2 5 8 4;0 1 2 3 4 5 6 7 8;66;30;100;796;52;0;35;0.005351;148757;BELA*;                        ? Unchecked;ijcai-2026-base-15-g257422b
n-puzzle;heavy-cost;10/400;400;7 0 4 6 8 5 3 1 2;0 1 2 3 4 5 6 7 8;60;35;118;4213;92;0;35;0.012527;336314;BELA*;                        ? Unchecked;ijcai-2026-base-15-g257422b
n-puzzle;heavy-cost;11/400;400;6 1 7 5 8 2 4 3 0;0 1 2 3 4 5 6 7 8;75;30;123;5504;82;0;35;0.013162;418174;BELA*;                        ? Unchecked;ijcai-2026-base-15-g257422b
n-puzzle;heavy-cost;12/400;400;7 5 2 1 6 3 8 0 4;0 1 2 3 4 5 6 7 8;75;29;111;2027;62;0;35;0.00869;233257;BELA*;                        ? Unchecked;ijcai-2026-base-15-g257422b
n-puzzle;heavy-cost;13/400;400;6 2 4 0 8 7 5 3 1;0 1 2 3 4 5 6 7 8;76;35;108;1239;69;0;35;0.007683;161265;BELA*;                        ? Unchecked;ijcai-2026-base-15-g257422b
n-puzzle;heavy-cost;14/400;400;0 1 6 2 5 7 4 8 3;0 1 2 3 4 5 6 7 8;74;34;118;2974;44;0;35;0.010073;295245;BELA*;                        ? Unchecked;ijcai-2026-base-15-g257422b
n-puzzle;heavy-cost;15/400;400;4 0 3 6 1 2 8 5 7;0 1 2 3 4 5 6 7 8;59;23;81;303;56;0;35;0.004658;65049.4;BELA*;                        ? Unchecked;ijcai-2026-base-15-g257422b
n-puzzle;heavy-cost;16/400;400;1 5 8 7 6 4 0 3 2;0 1 2 3 4 5 6 7 8;67;26;101;883;107;0;35;0.006484;136181;BELA*;                        ? Unchecked;ijcai-2026-base-15-g257422b
n-puzzle;heavy-cost;17/400;400;2 7 0 8 4 6 3 5 1;0 1 2 3 4 5 6 7 8;76;30;120;1121;51;0;35;0.007041;159210;BELA*;                        ? Unchecked;ijcai-2026-base-15-g257422b
n-puzzle;heavy-cost;18/400;400;7 4 8 1 5 6 0 2 3;0 1 2 3 4 5 6 7 8;81;30;111;1589;100;0;35;0.007939;200151;BELA*;                        ? Unchecked;ijcai-2026-base-15-g257422b
n-puzzle;heavy-cost;19/400;400;2 3 0 1 4 7 5 6 8;0 1 2 3 4 5 6 7 8;47;32;89;643;60;0;35;0.00615;104553;BELA*;                        ? Unchecked;ijcai-2026-base-15-g257422b
n-puzzle;heavy-cost;20/400;400;2 1 4 5 0 6 8 3 7;0 1 2 3 4 5 6 7 8;69;32;119;5942;100;0;35;0.014522;409172;BELA*;                        ? Unchecked;ijcai-2026-base-15-g257422b
n-puzzle;heavy-cost;21/400;400;8 7 6 2 5 4 1 0 3;0 1 2 3 4 5 6 7 8;97;31;137;6553;87;0;36;0.013597;481945;BELA*;                        ? Unchecked;ijcai-2026-base-15-g257422b
n-puzzle;heavy-cost;22/400;400;2 7 3 1 6 5 4 0 8;0 1 2 3 4 5 6 7 8;49;25;83;384;80;0;36;0.00584;65753.4;BELA*;                        ? Unchecked;ijcai-2026-base-15-g257422b
n-puzzle;heavy-cost;23/400;400;3 0 4 6 2 1 8 5 7;0 1 2 3 4 5 6 7 8;56;23;86;530;55;0;36;0.005272;100531;BELA*;                        ? Unchecked;ijcai-2026-base-15-g257422b
n-puzzle;heavy-cost;24/400;400;5 3 2 4 8 6 0 1 7;0 1 2 3 4 5 6 7 8;68;28;108;1198;38;0;36;0.005786;207052;BELA*;                        ? Unchecked;ijcai-2026-base-15-g257422b
n-puzzle;heavy-cost;25/400;400;1 3 5 2 4 6 8 7 0;0 1 2 3 4 5 6 7 8;52;34;120;5864;88;0;36;0.013876;422600;BELA*;                        ? Unchecked;ijcai-2026-base-15-g257422b
n-puzzle;heavy-cost;26/400;400;8 5 1 4 2 7 6 0 3;0 1 2 3 4 5 6 7 8;74;31;108;1462;67;0;36;0.007196;203168;BELA*;                        ? Unchecked;ijcai-2026-base-15-g257422b
n-puzzle;heavy-cost;27/400;400;2 8 5 6 3 1 4 0 7;0 1 2 3 4 5 6 7 8;59;29;95;799;60;0;36;0.005963;133993;BELA*;                        ? Unchecked;ijcai-2026-base-15-g257422b
n-puzzle;heavy-cost;28/400;400;5 0 7 4 2 3 1 6 8;0 1 2 3 4 5 6 7 8;59;25;81;320;55;0;36;0.004595;69640.9;BELA*;                        ? Unchecked;ijcai-2026-base-15-g257422b
n-puzzle;heavy-cost;29/400;400;3 2 4 7 6 8 5 1 0;0 1 2 3 4 5 6 7 8;64;26;92;485;51;0;36;0.005452;88958.2;BELA*;                        ? Unchecked;ijcai-2026-base-15-g257422b
n-puzzle;heavy-cost;30/400;400;1 3 2 0 8 6 4 7 5;0 1 2 3 4 5 6 7 8;54;27;96;546;76;0;36;0.00575;94956.5;BELA*;                        ? Unchecked;ijcai-2026-base-15-g257422b
n-puzzle;heavy-cost;31/400;400;8 2 5 3 7 6 4 0 1;0 1 2 3 4 5 6 7 8;75;27;115;2091;64;0;36;0.010929;191326;BELA*;                        ? Unchecked;ijcai-2026-base-15-g257422b
n-puzzle;heavy-cost;32/400;400;2 4 0 7 5 1 8 6 3;0 1 2 3 4 5 6 7 8;60;28;100;604;48;0;36;0.007114;84903;BELA*;                        ? Unchecked;ijcai-2026-base-15-g257422b
n-puzzle;heavy-cost;33/400;400;0 1 5 2 6 8 7 3 4;0 1 2 3 4 5 6 7 8;52;28;82;312;52;0;36;0.006974;44737.6;BELA*;                        ? Unchecked;ijcai-2026-base-15-g257422b
n-puzzle;heavy-cost;34/400;400;7 1 5 2 8 6 3 4 0;0 1 2 3 4 5 6 7 8;73;24;91;238;84;0;36;0.005785;41140.9;BELA*;                        ? Unchecked;ijcai-2026-base-15-g257422b
n-puzzle;heavy-cost;35/400;400;6 3 1 2 8 7 0 4 5;0 1 2 3 4 5 6 7 8;64;28;110;1884;91;0;36;0.008825;213484;BELA*;                        ? Unchecked;ijcai-2026-base-15-g257422b
n-puzzle;heavy-cost;36/400;400;0 3 5 4 8 6 7 2 1;0 1 2 3 4 5 6 7 8;65;30;99;572;57;0;36;0.00643;88958;BELA*;                        ? Unchecked;ijcai-2026-base-15-g257422b
n-puzzle;heavy-cost;37/400;400;8 1 4 0 3 2 5 6 7;0 1 2 3 4 5 6 7 8;73;31;103;1204;54;0;36;0.008613;139789;BELA*;                        ? Unchecked;ijcai-2026-base-15-g257422b
n-puzzle;heavy-cost;38/400;400;7 4 1 6 2 8 3 5 0;0 1 2 3 4 5 6 7 8;57;28;109;2820;84;0;36;0.012095;233154;BELA*;                        ? Unchecked;ijcai-2026-base-15-g257422b
n-puzzle;heavy-cost;39/400;400;4 6 8 0 5 1 3 2 7;0 1 2 3 4 5 6 7 8;65;31;101;1007;66;0;36;0.007489;134464;BELA*;                        ? Unchecked;ijcai-2026-base-15-g257422b
n-puzzle;heavy-cost;40/400;400;4 2 8 6 0 1 3 5 7;0 1 2 3 4 5 6 7 8;54;28;90;731;78;0;36;0.006566;111331;BELA*;                        ? Unchecked;ijcai-2026-base-15-g257422b
n-puzzle;heavy-cost;41/400;400;3 7 8 4 5 2 6 1 0;0 1 2 3 4 5 6 7 8;46;28;100;1066;60;0;36;0.006813;156466;BELA*;                        ? Unchecked;ijcai-2026-base-15-g257422b
n-puzzle;heavy-cost;42/400;400;7 5 6 1 0 3 2 8 4;0 1 2 3 4 5 6 7 8;87;28;101;271;49;0;36;0.010169;26649.6;BELA*;                        ? Unchecked;ijcai-2026-base-15-g257422b
n-puzzle;heavy-cost;43/400;400;1 6 4 8 5 3 7 2 0;0 1 2 3 4 5 6 7 8;75;32;109;1232;92;0;36;0.010113;121823;BELA*;                        ? Unchecked;ijcai-2026-base-15-g257422b
n-puzzle;heavy-cost;44/400;400;2 5 7 1 8 4 3 6 0;0 1 2 3 4 5 6 7 8;66;22;86;129;78;0;36;0.00455;28351.6;BELA*;                        ? Unchecked;ijcai-2026-base-15-g257422b
n-puzzle;heavy-cost;45/400;400;3 8 4 0 7 1 5 6 2;0 1 2 3 4 5 6 7 8;69;29;105;871;89;0;36;0.006705;129903;BELA*;                        ? Unchecked;ijcai-2026-base-15-g257422b
n-puzzle;heavy-cost;46/400;400;3 0 5 4 2 1 7 8 6;0 1 2 3 4 5 6 7 8;45;29;83;454;61;0;36;0.005935;76495.4;BELA*;                        ? Unchecked;ijcai-2026-base-15-g257422b
n-puzzle;heavy-cost;47/400;400;4 5 3 1 7 0 8 2 6;0 1 2 3 4 5 6 7 8;70;29;104;764;54;0;36;0.005321;143582;BELA*;                        ? Unchecked;ijcai-2026-base-15-g257422b
n-puzzle;heavy-cost;48/400;400;1 8 4 2 3 5 6 0 7;0 1 2 3 4 5 6 7 8;49;29;85;417;69;0;36;0.007066;59015;BELA*;                        ? Unchecked;ijcai-2026-base-15-g257422b
n-puzzle;heavy-cost;49/400;400;4 8 1 0 6 7 3 2 5;0 1 2 3 4 5 6 7 8;73;33;109;1477;74;0;36;0.007342;201171;BELA*;                        ? Unchecked;ijcai-2026-base-15-g257422b
n-puzzle;heavy-cost;50/400;400;8 5 3 4 6 1 7 2 0;0 1 2 3 4 5 6 7 8;82;32;114;1760;60;0;36;0.007513;234261;BELA*;                        ? Unchecked;ijcai-2026-base-15-g257422b
n-puzzle;heavy-cost;51/400;400;4 3 7 1 5 2 6 0 8;0 1 2 3 4 5 6 7 8;44;27;82;482;61;0;36;0.004829;99813.6;BELA*;                        ? Unchecked;ijcai-2026-base-15-g257422b
n-puzzle;heavy-cost;52/400;400;7 4 1 2 3 0 5 8 6;0 1 2 3 4 5 6 7 8;70;35;126;9139;88;0;37;0.020472;446415;BELA*;                        ? Unchecked;ijcai-2026-base-15-g257422b
n-puzzle;heavy-cost;53/400;400;7 5 6 8 2 1 0 4 3;0 1 2 3 4 5 6 7 8;98;32;122;2786;79;0;37;0.010086;276224;BELA*;                        ? Unchecked;ijcai-2026-base-15-g257422b
n-puzzle;heavy-cost;54/400;400;2 8 5 0 7 6 1 4 3;0 1 2 3 4 5 6 7 8;74;31;106;674;56;0;37;0.006423;104935;BELA*;                        ? Unchecked;ijcai-2026-base-15-g257422b
n-puzzle;heavy-cost;55/400;400;3 5 2 4 1 6 8 0 7;0 1 2 3 4 5 6 7 8;59;31;107;2297;62;0;37;0.008616;266597;BELA*;                        ? Unchecked;ijcai-2026-base-15-g257422b
n-puzzle;heavy-cost;56/400;400;8 6 1 5 4 3 0 2 7;0 1 2 3 4 5 6 7 8;80;32;122;2549;78;0;37;0.009427;270394;BELA*;                        ? Unchecked;ijcai-2026-base-15-g257422b
n-puzzle;heavy-cost;57/400;400;4 6 5 7 3 2 1 0 8;0 1 2 3 4 5 6 7 8;53;27;101;2302;109;0;37;0.009016;255324;BELA*;                        ? Unchecked;ijcai-2026-base-15-g257422b
n-puzzle;heavy-cost;58/400;400;3 7 4 2 8 6 5 0 1;0 1 2 3 4 5 6 7 8;83;33;109;1044;66;0;37;0.007058;147917;BELA*;                        ? Unchecked;ijcai-2026-base-15-g257422b
n-puzzle;heavy-cost;59/400;400;8 7 4 5 6 2 3 0 1;0 1 2 3 4 5 6 7 8;84;33;132;6996;83;0;37;0.015255;458604;BELA*;                        ? Unchecked;ijcai-2026-base-15-g257422b
n-puzzle;heavy-cost;60/400;400;6 1 5 3 4 0 8 2 7;0 1 2 3 4 5 6 7 8;46;25;104;2329;77;0;37;0.008031;290001;BELA*;                        ? Unchecked;ijcai-2026-base-15-g257422b
n-puzzle;heavy-cost;61/400;400;4 5 2 8 0 3 1 6 7;0 1 2 3 4 5 6 7 8;64;30;102;1352;106;0;37;0.006919;195404;BELA*;                        ? Unchecked;ijcai-2026-base-15-g257422b
n-puzzle;heavy-cost;62/400;400;8 5 4 6 1 2 7 3 0;0 1 2 3 4 5 6 7 8;72;30;122;7789;125;0;37;0.016862;461926;BELA*;                        ? Unchecked;ijcai-2026-base-15-g257422b
n-puzzle;heavy-cost;63/400;400;0 5 8 2 6 7 4 3 1;0 1 2 3 4 5 6 7 8;75;26;91;324;62;0;37;0.005552;58357.3;BELA*;                        ? Unchecked;ijcai-2026-base-15-g257422b
n-puzzle;heavy-cost;64/400;400;5 0 1 8 7 3 4 6 2;0 1 2 3 4 5 6 7 8;71;31;109;699;48;0;37;0.005344;130801;BELA*;                        ? Unchecked;ijcai-2026-base-15-g257422b
n-puzzle;heavy-cost;65/400;400;7 6 1 3 4 8 0 5 2;0 1 2 3 4 5 6 7 8;62;30;110;1510;84;0;37;0.007226;208968;BELA*;                        ? Unchecked;ijcai-2026-base-15-g257422b
n-puzzle;heavy-cost;66/400;400;8 0 7 3 6 5 1 2 4;0 1 2 3 4 5 6 7 8;82;33;120;2147;61;0;37;0.008126;264214;BELA*;                        ? Unchecked;ijcai-2026-base-15-g257422b
n-puzzle;heavy-cost;67/400;400;7 2 8 6 5 1 4 0 3;0 1 2 3 4 5 6 7 8;69;29;109;2235;54;0;37;0.007934;281699;BELA*;                        ? Unchecked;ijcai-2026-base-15-g257422b
n-puzzle;heavy-cost;68/400;400;5 0 3 4 1 8 2 7 6;0 1 2 3 4 5 6 7 8;57;31;97;791;69;0;37;0.006703;118007;BELA*;                        ? Unchecked;ijcai-2026-base-15-g257422b
n-puzzle;heavy-cost;69/400;400;7 8 4 6 3 5 2 1 0;0 1 2 3 4 5 6 7 8;72;32;112;2146;70;0;37;0.009105;235695;BELA*;                        ? Unchecked;ijcai-2026-base-15-g257422b
n-puzzle;heavy-cost;70/400;400;7 0 3 2 8 1 5 4 6;0 1 2 3 4 5 6 7 8;85;29;103;395;70;0;37;0.005451;72463.8;BELA*;                        ? Unchecked;ijcai-2026-base-15-g257422b
n-puzzle;heavy-cost;71/400;400;1 0 7 3 4 8 2 5 6;0 1 2 3 4 5 6 7 8;60;29;100;774;60;0;37;0.006123;126409;BELA*;                        ? Unchecked;ijcai-2026-base-15-g257422b
n-puzzle;heavy-cost;72/400;400;8 0 7 4 3 6 5 2 1;0 1 2 3 4 5 6 7 8;102;31;122;1426;80;0;37;0.007078;201469;BELA*;                        ? Unchecked;ijcai-2026-base-15-g257422b
n-puzzle;heavy-cost;73/400;400;3 7 8 5 1 2 0 6 4;0 1 2 3 4 5 6 7 8;60;34;120;5811;89;0;37;0.014314;405966;BELA*;                        ? Unchecked;ijcai-2026-base-15-g257422b
n-puzzle;heavy-cost;74/400;400;1 6 2 0 7 8 4 5 3;0 1 2 3 4 5 6 7 8;61;23;91;240;53;0;37;0.004792;50083.5;BELA*;                        ? Unchecked;ijcai-2026-base-15-g257422b
n-puzzle;heavy-cost;75/400;400;6 1 2 3 0 8 4 5 7;0 1 2 3 4 5 6 7 8;45;24;87;590;65;0;37;0.005932;99460.6;BELA*;                        ? Unchecked;ijcai-2026-base-15-g257422b
n-puzzle;heavy-cost;76/400;400;1 0 7 5 6 4 3 2 8;0 1 2 3 4 5 6 7 8;57;33;99;1047;47;0;37;0.007665;136595;BELA*;                        ? Unchecked;ijcai-2026-base-15-g257422b
n-puzzle;heavy-cost;77/400;400;2 7 6 1 4 0 5 3 8;0 1 2 3 4 5 6 7 8;65;33;113;2884;48;0;37;0.009841;293060;BELA*;                        ? Unchecked;ijcai-2026-base-15-g257422b
n-puzzle;heavy-cost;78/400;400;2 3 8 4 0 6 1 5 7;0 1 2 3 4 5 6 7 8;68;26;100;1120;60;0;37;0.006596;169800;BELA*;                        ? Unchecked;ijcai-2026-base-15-g257422b
n-puzzle;heavy-cost;79/400;400;0 5 4 6 1 7 8 2 3;0 1 2 3 4 5 6 7 8;70;32;96;439;51;0;37;0.005825;75364.8;BELA*;                        ? Unchecked;ijcai-2026-base-15-g257422b
n-puzzle;heavy-cost;80/400;400;5 3 4 7 0 1 8 6 2;0 1 2 3 4 5 6 7 8;71;28;93;366;57;0;37;0.005054;72417.9;BELA*;                        ? Unchecked;ijcai-2026-base-15-g257422b
n-puzzle;heavy-cost;81/400;400;1 7 5 6 8 3 4 2 0;0 1 2 3 4 5 6 7 8;62;30;110;2263;113;0;37;0.008951;252821;BELA*;                        ? Unchecked;ijcai-2026-base-15-g257422b
n-puzzle;heavy-cost;82/400;400;3 1 4 0 5 8 2 7 6;0 1 2 3 4 5 6 7 8;44;29;88;431;58;0;37;0.008528;50539.4;BELA*;                        ? Unchecked;ijcai-2026-base-15-g257422b
n-puzzle;heavy-cost;83/400;400;4 2 3 0 5 1 8 6 7;0 1 2 3 4 5 6 7 8;55;29;95;724;67;0;37;0.005781;125238;BELA*;                        ? Unchecked;ijcai-2026-base-15-g257422b
n-puzzle;heavy-cost;84/400;400;4 7 3 1 6 5 8 0 2;0 1 2 3 4 5 6 7 8;65;31;113;2344;107;0;37;0.009217;254313;BELA*;                        ? Unchecked;ijcai-2026-base-15-g257422b
n-puzzle;heavy-cost;85/400;400;3 6 0 1 5 8 4 2 7;0 1 2 3 4 5 6 7 8;57;32;115;3988;80;0;37;0.011233;355025;BELA*;                        ? Unchecked;ijcai-2026-base-15-g257422b
n-puzzle;heavy-cost;86/400;400;8 6 2 7 5 1 3 0 4;0 1 2 3 4 5 6 7 8;82;33;128;6564;79;0;37;0.014949;439093;BELA*;                        ? Unchecked;ijcai-2026-base-15-g257422b
n-puzzle;heavy-cost;87/400;400;3 2 5 7 6 0 8 1 4;0 1 2 3 4 5 6 7 8;62;27;82;172;60;0;37;0.004555;37760.7;BELA*;                        ? Unchecked;ijcai-2026-base-15-g257422b
n-puzzle;heavy-cost;88/400;400;1 3 2 4 0 5 8 7 6;0 1 2 3 4 5 6 7 8;39;28;115;4842;147;0;37;0.012711;380930;BELA*;                        ? Unchecked;ijcai-2026-base-15-g257422b
n-puzzle;heavy-cost;89/400;400;0 8 4 3 2 1 6 5 7;0 1 2 3 4 5 6 7 8;55;26;85;294;64;0;37;0.005557;52906.2;BELA*;                        ? Unchecked;ijcai-2026-base-15-g257422b
n-puzzle;heavy-cost;90/400;400;0 6 1 5 7 8 4 2 3;0 1 2 3 4 5 6 7 8;67;24;105;679;61;0;37;0.005906;114968;BELA*;                        ? Unchecked;ijcai-2026-base-15-g257422b
n-puzzle;heavy-cost;91/400;400;2 1 6 4 5 8 3 0 7;0 1 2 3 4 5 6 7 8;55;29;105;1942;59;0;37;0.007452;260601;BELA*;                        ? Unchecked;ijcai-2026-base-15-g257422b
n-puzzle;heavy-cost;92/400;400;3 7 4 6 1 5 8 0 2;0 1 2 3 4 5 6 7 8;52;23;96;1025;82;0;37;0.007028;145845;BELA*;                        ? Unchecked;ijcai-2026-base-15-g257422b
n-puzzle;heavy-cost;93/400;400;7 6 1 3 5 8 2 4 0;0 1 2 3 4 5 6 7 8;65;30;105;895;70;0;37;0.006978;128260;BELA*;                        ? Unchecked;ijcai-2026-base-15-g257422b
n-puzzle;heavy-cost;94/400;400;4 7 8 1 0 3 6 2 5;0 1 2 3 4 5 6 7 8;57;28;109;3300;73;0;37;0.009189;359125;BELA*;                        ? Unchecked;ijcai-2026-base-15-g257422b
n-puzzle;heavy-cost;95/400;400;0 5 8 2 7 4 1 6 3;0 1 2 3 4 5 6 7 8;61;28;93;265;65;0;37;0.005372;49329.9;BELA*;                        ? Unchecked;ijcai-2026-base-15-g257422b
n-puzzle;heavy-cost;96/400;400;5 2 3 8 7 0 1 6 4;0 1 2 3 4 5 6 7 8;74;31;108;741;52;0;37;0.00609;121675;BELA*;                        ? Unchecked;ijcai-2026-base-15-g257422b
n-puzzle;heavy-cost;97/400;400;8 3 0 4 7 2 6 1 5;0 1 2 3 4 5 6 7 8;58;28;102;790;68;0;37;0.005557;142163;BELA*;                        ? Unchecked;ijcai-2026-base-15-g257422b
n-puzzle;heavy-cost;98/400;400;5 8 6 0 7 4 1 3 2;0 1 2 3 4 5 6 7 8;87;31;121;1861;62;0;37;0.008311;223920;BELA*;                        ? Unchecked;ijcai-2026-base-15-g257422b
n-puzzle;heavy-cost;99/400;400;7 5 0 6 3 2 1 8 4;0 1 2 3 4 5 6 7 8;61;30;101;1225;72;0;37;0.007176;170708;BELA*;                        ? Unchecked;ijcai-2026-base-15-g257422b
n-puzzle;heavy-cost;0/500;500;5 6 0 8 4 7 1 3 2;0 1 2 3 4 5 6 7 8;84;32;124;1799;80;0;37;0.008998;199933;BELA*;                        ? Unchecked;ijcai-2026-base-15-g257422b
n-puzzle;heavy-cost;1/500;500;0 8 6 4 7 1 5 3 2;0 1 2 3 4 5 6 7 8;86;32;122;1636;98;0;37;0.009469;172774;BELA*;                        ? Unchecked;ijcai-2026-base-15-g257422b
n-puzzle;heavy-cost;2/500;500;5 2 8 0 7 4 1 3 6;0 1 2 3 4 5 6 7 8;65;27;101;843;57;0;37;0.007823;107759;BELA*;                        ? Unchecked;ijcai-2026-base-15-g257422b
n-puzzle;heavy-cost;3/500;500;7 2 6 0 8 1 5 4 3;0 1 2 3 4 5 6 7 8;93;35;121;1841;99;0;37;0.009961;184821;BELA*;                        ? Unchecked;ijcai-2026-base-15-g257422b
n-puzzle;heavy-cost;4/500;500;5 1 8 6 0 7 2 4 3;0 1 2 3 4 5 6 7 8;72;28;100;1035;96;0;37;0.008203;126173;BELA*;                        ? Unchecked;ijcai-2026-base-15-g257422b
n-puzzle;heavy-cost;5/500;500;8 0 3 6 4 5 7 2 1;0 1 2 3 4 5 6 7 8;63;33;113;3117;77;0;37;0.010886;286331;BELA*;                        ? Unchecked;ijcai-2026-base-15-g257422b
n-puzzle;heavy-cost;6/500;500;4 2 7 1 5 8 0 6 3;0 1 2 3 4 5 6 7 8;61;24;97;767;72;0;37;0.006721;114120;BELA*;                        ? Unchecked;ijcai-2026-base-15-g257422b
n-puzzle;heavy-cost;7/500;500;4 1 7 3 2 5 6 0 8;0 1 2 3 4 5 6 7 8;33;27;85;916;75;0;37;0.007434;123218;BELA*;                        ? Unchecked;ijcai-2026-base-15-g257422b
n-puzzle;heavy-cost;8/500;500;8 4 0 5 1 6 2 7 3;0 1 2 3 4 5 6 7 8;82;34;134;8345;154;0;40;0.020286;411367;BELA*;                        ? Unchecked;ijcai-2026-base-15-g257422b
n-puzzle;heavy-cost;9/500;500;1 3 0 7 6 2 5 8 4;0 1 2 3 4 5 6 7 8;66;28;100;796;60;0;40;0.00662;120242;BELA*;                        ? Unchecked;ijcai-2026-base-15-g257422b
n-puzzle;heavy-cost;10/500;500;7 0 4 6 8 5 3 1 2;0 1 2 3 4 5 6 7 8;60;33;118;4213;93;0;40;0.01375;306400;BELA*;                        ? Unchecked;ijcai-2026-base-15-g257422b
n-puzzle;heavy-cost;11/500;500;6 1 7 5 8 2 4 3 0;0 1 2 3 4 5 6 7 8;75;32;123;5504;83;0;40;0.01511;364262;BELA*;                        ? Unchecked;ijcai-2026-base-15-g257422b
n-puzzle;heavy-cost;12/500;500;7 5 2 1 6 3 8 0 4;0 1 2 3 4 5 6 7 8;75;33;113;2480;94;0;40;0.010699;231797;BELA*;                        ? Unchecked;ijcai-2026-base-15-g257422b
n-puzzle;heavy-cost;13/500;500;6 2 4 0 8 7 5 3 1;0 1 2 3 4 5 6 7 8;76;33;108;1239;69;0;40;0.008739;141778;BELA*;                        ? Unchecked;ijcai-2026-base-15-g257422b
n-puzzle;heavy-cost;14/500;500;0 1 6 2 5 7 4 8 3;0 1 2 3 4 5 6 7 8;74;30;118;2974;60;0;40;0.011463;259443;BELA*;                        ? Unchecked;ijcai-2026-base-15-g257422b
n-puzzle;heavy-cost;15/500;500;4 0 3 6 1 2 8 5 7;0 1 2 3 4 5 6 7 8;59;23;81;303;57;0;40;0.005552;54574.9;BELA*;                        ? Unchecked;ijcai-2026-base-15-g257422b
n-puzzle;heavy-cost;16/500;500;1 5 8 7 6 4 0 3 2;0 1 2 3 4 5 6 7 8;67;28;101;883;107;0;40;0.007343;120251;BELA*;                        ? Unchecked;ijcai-2026-base-15-g257422b
n-puzzle;heavy-cost;17/500;500;2 7 0 8 4 6 3 5 1;0 1 2 3 4 5 6 7 8;76;28;120;1121;59;0;40;0.008222;136342;BELA*;                        ? Unchecked;ijcai-2026-base-15-g257422b
n-puzzle;heavy-cost;18/500;500;7 4 8 1 5 6 0 2 3;0 1 2 3 4 5 6 7 8;81;30;111;1589;104;0;40;0.009296;170934;BELA*;                        ? Unchecked;ijcai-2026-base-15-g257422b
n-puzzle;heavy-cost;19/500;500;2 3 0 1 4 7 5 6 8;0 1 2 3 4 5 6 7 8;47;28;89;643;72;0;40;0.007462;86169.9;BELA*;                        ? Unchecked;ijcai-2026-base-15-g257422b
n-puzzle;heavy-cost;20/500;500;2 1 4 5 0 6 8 3 7;0 1 2 3 4 5 6 7 8;69;34;119;5942;102;0;40;0.015904;373617;BELA*;                        ? Unchecked;ijcai-2026-base-15-g257422b
n-puzzle;heavy-cost;21/500;500;8 7 6 2 5 4 1 0 3;0 1 2 3 4 5 6 7 8;97;33;137;6553;128;0;40;0.015224;430439;BELA*;                        ? Unchecked;ijcai-2026-base-15-g257422b
n-puzzle;heavy-cost;22/500;500;2 7 3 1 6 5 4 0 8;0 1 2 3 4 5 6 7 8;49;29;83;384;95;0;40;0.007031;54615.3;BELA*;                        ? Unchecked;ijcai-2026-base-15-g257422b
n-puzzle;heavy-cost;23/500;500;3 0 4 6 2 1 8 5 7;0 1 2 3 4 5 6 7 8;56;21;86;589;69;0;40;0.006332;93019.6;BELA*;                        ? Unchecked;ijcai-2026-base-15-g257422b
n-puzzle;heavy-cost;24/500;500;5 3 2 4 8 6 0 1 7;0 1 2 3 4 5 6 7 8;68;28;108;1198;42;0;40;0.006834;175300;BELA*;                        ? Unchecked;ijcai-2026-base-15-g257422b
n-puzzle;heavy-cost;25/500;500;1 3 5 2 4 6 8 7 0;0 1 2 3 4 5 6 7 8;52;32;120;5864;96;0;40;0.015654;374601;BELA*;                        ? Unchecked;ijcai-2026-base-15-g257422b
n-puzzle;heavy-cost;26/500;500;8 5 1 4 2 7 6 0 3;0 1 2 3 4 5 6 7 8;74;31;108;1462;68;0;40;0.008613;169743;BELA*;                        ? Unchecked;ijcai-2026-base-15-g257422b
n-puzzle;heavy-cost;27/500;500;2 8 5 6 3 1 4 0 7;0 1 2 3 4 5 6 7 8;59;31;95;799;60;0;40;0.006698;119289;BELA*;                        ? Unchecked;ijcai-2026-base-15-g257422b
n-puzzle;heavy-cost;28/500;500;5 0 7 4 2 3 1 6 8;0 1 2 3 4 5 6 7 8;59;27;83;381;76;0;40;0.005943;64109;BELA*;                        ? Unchecked;ijcai-2026-base-15-g257422b
n-puzzle;heavy-cost;29/500;500;3 2 4 7 6 8 5 1 0;0 1 2 3 4 5 6 7 8;64;24;92;485;58;0;40;0.006611;73362.6;BELA*;                        ? Unchecked;ijcai-2026-base-15-g257422b
n-puzzle;heavy-cost;30/500;500;1 3 2 0 8 6 4 7 5;0 1 2 3 4 5 6 7 8;54;29;96;546;79;0;40;0.006622;82452.4;BELA*;                        ? Unchecked;ijcai-2026-base-15-g257422b
n-puzzle;heavy-cost;31/500;500;8 2 5 3 7 6 4 0 1;0 1 2 3 4 5 6 7 8;75;29;117;2693;102;0;40;0.009717;277143;BELA*;                        ? Unchecked;ijcai-2026-base-15-g257422b
n-puzzle;heavy-cost;32/500;500;2 4 0 7 5 1 8 6 3;0 1 2 3 4 5 6 7 8;60;28;102;689;70;0;40;0.007532;91476.4;BELA*;                        ? Unchecked;ijcai-2026-base-15-g257422b
n-puzzle;heavy-cost;33/500;500;0 1 5 2 6 8 7 3 4;0 1 2 3 4 5 6 7 8;52;26;82;312;53;0;40;0.006566;47517.5;BELA*;                        ? Unchecked;ijcai-2026-base-15-g257422b
n-puzzle;heavy-cost;34/500;500;7 1 5 2 8 6 3 4 0;0 1 2 3 4 5 6 7 8;73;26;91;238;90;0;40;0.00556;42805.8;BELA*;                        ? Unchecked;ijcai-2026-base-15-g257422b
n-puzzle;heavy-cost;35/500;500;6 3 1 2 8 7 0 4 5;0 1 2 3 4 5 6 7 8;64;28;110;1884;104;0;40;0.008827;213436;BELA*;                        ? Unchecked;ijcai-2026-base-15-g257422b
n-puzzle;heavy-cost;36/500;500;0 3 5 4 8 6 7 2 1;0 1 2 3 4 5 6 7 8;65;28;99;572;60;0;40;0.006516;87783.9;BELA*;                        ? Unchecked;ijcai-2026-base-15-g257422b
n-puzzle;heavy-cost;37/500;500;8 1 4 0 3 2 5 6 7;0 1 2 3 4 5 6 7 8;73;31;103;1204;57;0;40;0.00808;149010;BELA*;                        ? Unchecked;ijcai-2026-base-15-g257422b
n-puzzle;heavy-cost;38/500;500;7 4 1 6 2 8 3 5 0;0 1 2 3 4 5 6 7 8;57;28;109;2820;85;0;40;0.009699;290752;BELA*;                        ? Unchecked;ijcai-2026-base-15-g257422b
n-puzzle;heavy-cost;39/500;500;4 6 8 0 5 1 3 2 7;0 1 2 3 4 5 6 7 8;65;31;101;1007;66;0;40;0.007702;130745;BELA*;                        ? Unchecked;ijcai-2026-base-15-g257422b
n-puzzle;heavy-cost;40/500;500;4 2 8 6 0 1 3 5 7;0 1 2 3 4 5 6 7 8;54;28;90;731;79;0;40;0.006956;105089;BELA*;                        ? Unchecked;ijcai-2026-base-15-g257422b
n-puzzle;heavy-cost;41/500;500;3 7 8 4 5 2 6 1 0;0 1 2 3 4 5 6 7 8;46;24;100;1066;67;0;40;0.007735;137815;BELA*;                        ? Unchecked;ijcai-2026-base-15-g257422b
n-puzzle;heavy-cost;42/500;500;7 5 6 1 0 3 2 8 4;0 1 2 3 4 5 6 7 8;87;30;103;367;75;0;40;0.007049;52064.1;BELA*;                        ? Unchecked;ijcai-2026-base-15-g257422b
n-puzzle;heavy-cost;43/500;500;1 6 4 8 5 3 7 2 0;0 1 2 3 4 5 6 7 8;75;32;109;1232;95;0;40;0.00774;159173;BELA*;                        ? Unchecked;ijcai-2026-base-15-g257422b
n-puzzle;heavy-cost;44/500;500;2 5 7 1 8 4 3 6 0;0 1 2 3 4 5 6 7 8;66;22;88;176;95;0;40;0.005597;31445.4;BELA*;                        ? Unchecked;ijcai-2026-base-15-g257422b
n-puzzle;heavy-cost;45/500;500;3 8 4 0 7 1 5 6 2;0 1 2 3 4 5 6 7 8;69;27;105;871;89;0;40;0.007506;116041;BELA*;                        ? Unchecked;ijcai-2026-base-15-g257422b
n-puzzle;heavy-cost;46/500;500;3 0 5 4 2 1 7 8 6;0 1 2 3 4 5 6 7 8;45;27;83;454;61;0;40;0.005965;76110.6;BELA*;                        ? Unchecked;ijcai-2026-base-15-g257422b
n-puzzle;heavy-cost;47/500;500;4 5 3 1 7 0 8 2 6;0 1 2 3 4 5 6 7 8;70;27;104;764;55;0;40;0.006211;123008;BELA*;                        ? Unchecked;ijcai-2026-base-15-g257422b
n-puzzle;heavy-cost;48/500;500;1 8 4 2 3 5 6 0 7;0 1 2 3 4 5 6 7 8;49;29;85;417;69;0;40;0.006478;64371.7;BELA*;                        ? Unchecked;ijcai-2026-base-15-g257422b
n-puzzle;heavy-cost;49/500;500;4 8 1 0 6 7 3 2 5;0 1 2 3 4 5 6 7 8;73;33;109;1477;74;0;40;0.007618;193883;BELA*;                        ? Unchecked;ijcai-2026-base-15-g257422b
n-puzzle;heavy-cost;50/500;500;8 5 3 4 6 1 7 2 0;0 1 2 3 4 5 6 7 8;82;32;114;1760;61;0;40;0.008622;204129;BELA*;                        ? Unchecked;ijcai-2026-base-15-g257422b
n-puzzle;heavy-cost;51/500;500;4 3 7 1 5 2 6 0 8;0 1 2 3 4 5 6 7 8;44;27;82;482;61;0;40;0.00552;87318.8;BELA*;                        ? Unchecked;ijcai-2026-base-15-g257422b
n-puzzle;heavy-cost;52/500;500;7 4 1 2 3 0 5 8 6;0 1 2 3 4 5 6 7 8;70;37;126;9139;123;0;40;0.021053;434095;BELA*;                        ? Unchecked;ijcai-2026-base-15-g257422b
n-puzzle;heavy-cost;53/500;500;7 5 6 8 2 1 0 4 3;0 1 2 3 4 5 6 7 8;98;34;122;2786;89;0;40;0.011339;245701;BELA*;                        ? Unchecked;ijcai-2026-base-15-g257422b
n-puzzle;heavy-cost;54/500;500;2 8 5 0 7 6 1 4 3;0 1 2 3 4 5 6 7 8;74;29;106;674;62;0;40;0.007681;87749;BELA*;                        ? Unchecked;ijcai-2026-base-15-g257422b
n-puzzle;heavy-cost;55/500;500;3 5 2 4 1 6 8 0 7;0 1 2 3 4 5 6 7 8;59;29;107;2297;69;0;40;0.009932;231273;BELA*;                        ? Unchecked;ijcai-2026-base-15-g257422b
n-puzzle;heavy-cost;56/500;500;8 6 1 5 4 3 0 2 7;0 1 2 3 4 5 6 7 8;80;32;122;2549;82;0;40;0.010649;239365;BELA*;                        ? Unchecked;ijcai-2026-base-15-g257422b
n-puzzle;heavy-cost;57/500;500;4 6 5 7 3 2 1 0 8;0 1 2 3 4 5 6 7 8;53;29;101;2302;129;0;40;0.009855;233587;BELA*;                        ? Unchecked;ijcai-2026-base-15-g257422b
n-puzzle;heavy-cost;58/500;500;3 7 4 2 8 6 5 0 1;0 1 2 3 4 5 6 7 8;83;31;109;1044;66;0;40;0.007937;131536;BELA*;                        ? Unchecked;ijcai-2026-base-15-g257422b
n-puzzle;heavy-cost;59/500;500;8 7 4 5 6 2 3 0 1;0 1 2 3 4 5 6 7 8;84;33;134;9261;131;0;43;0.020319;455780;BELA*;                        ? Unchecked;ijcai-2026-base-15-g257422b
n-puzzle;heavy-cost;60/500;500;6 1 5 3 4 0 8 2 7;0 1 2 3 4 5 6 7 8;46;31;104;2329;77;0;43;0.009143;254730;BELA*;                        ? Unchecked;ijcai-2026-base-15-g257422b
n-puzzle;heavy-cost;61/500;500;4 5 2 8 0 3 1 6 7;0 1 2 3 4 5 6 7 8;64;30;102;1352;109;0;43;0.007976;169509;BELA*;                        ? Unchecked;ijcai-2026-base-15-g257422b
n-puzzle;heavy-cost;62/500;500;8 5 4 6 1 2 7 3 0;0 1 2 3 4 5 6 7 8;72;30;122;7789;132;0;43;0.018041;431739;BELA*;                        ? Unchecked;ijcai-2026-base-15-g257422b
n-puzzle;heavy-cost;63/500;500;0 5 8 2 6 7 4 3 1;0 1 2 3 4 5 6 7 8;75;26;93;376;86;0;43;0.007044;53378.8;BELA*;                        ? Unchecked;ijcai-2026-base-15-g257422b
n-puzzle;heavy-cost;64/500;500;5 0 1 8 7 3 4 6 2;0 1 2 3 4 5 6 7 8;71;29;109;699;48;0;43;0.006343;110200;BELA*;                        ? Unchecked;ijcai-2026-base-15-g257422b
n-puzzle;heavy-cost;65/500;500;7 6 1 3 4 8 0 5 2;0 1 2 3 4 5 6 7 8;62;28;110;1510;110;0;43;0.008772;172139;BELA*;                        ? Unchecked;ijcai-2026-base-15-g257422b
n-puzzle;heavy-cost;66/500;500;8 0 7 3 6 5 1 2 4;0 1 2 3 4 5 6 7 8;82;33;120;2147;62;0;43;0.009824;218546;BELA*;                        ? Unchecked;ijcai-2026-base-15-g257422b
n-puzzle;heavy-cost;67/500;500;7 2 8 6 5 1 4 0 3;0 1 2 3 4 5 6 7 8;69;29;109;2235;58;0;43;0.009537;234350;BELA*;                        ? Unchecked;ijcai-2026-base-15-g257422b
n-puzzle;heavy-cost;68/500;500;5 0 3 4 1 8 2 7 6;0 1 2 3 4 5 6 7 8;57;33;97;791;71;0;43;0.008255;95820.7;BELA*;                        ? Unchecked;ijcai-2026-base-15-g257422b
n-puzzle;heavy-cost;69/500;500;7 8 4 6 3 5 2 1 0;0 1 2 3 4 5 6 7 8;72;32;112;2146;76;0;43;0.010779;199091;BELA*;                        ? Unchecked;ijcai-2026-base-15-g257422b
n-puzzle;heavy-cost;70/500;500;7 0 3 2 8 1 5 4 6;0 1 2 3 4 5 6 7 8;85;29;103;395;70;0;43;0.006414;61584;BELA*;                        ? Unchecked;ijcai-2026-base-15-g257422b
n-puzzle;heavy-cost;71/500;500;1 0 7 3 4 8 2 5 6;0 1 2 3 4 5 6 7 8;60;25;100;774;71;0;43;0.007844;98674.1;BELA*;                        ? Unchecked;ijcai-2026-base-15-g257422b
n-puzzle;heavy-cost;72/500;500;8 0 7 4 3 6 5 2 1;0 1 2 3 4 5 6 7 8;102;29;124;2142;115;0;43;0.009546;224387;BELA*;                        ? Unchecked;ijcai-2026-base-15-g257422b
n-puzzle;heavy-cost;73/500;500;3 7 8 5 1 2 0 6 4;0 1 2 3 4 5 6 7 8;60;28;120;5811;90;0;43;0.015719;369680;BELA*;                        ? Unchecked;ijcai-2026-base-15-g257422b
n-puzzle;heavy-cost;74/500;500;1 6 2 0 7 8 4 5 3;0 1 2 3 4 5 6 7 8;61;23;91;240;63;0;43;0.005959;40275.2;BELA*;                        ? Unchecked;ijcai-2026-base-15-g257422b
n-puzzle;heavy-cost;75/500;500;6 1 2 3 0 8 4 5 7;0 1 2 3 4 5 6 7 8;45;24;87;590;72;0;43;0.007122;82841.9;BELA*;                        ? Unchecked;ijcai-2026-base-15-g257422b
n-puzzle;heavy-cost;76/500;500;1 0 7 5 6 4 3 2 8;0 1 2 3 4 5 6 7 8;57;31;101;1258;70;0;43;0.009353;134502;BELA*;                        ? Unchecked;ijcai-2026-base-15-g257422b
n-puzzle;heavy-cost;77/500;500;2 7 6 1 4 0 5 3 8;0 1 2 3 4 5 6 7 8;65;27;115;3531;72;0;43;0.012194;289569;BELA*;                        ? Unchecked;ijcai-2026-base-15-g257422b
n-puzzle;heavy-cost;78/500;500;2 3 8 4 0 6 1 5 7;0 1 2 3 4 5 6 7 8;68;30;102;1406;105;0;43;0.008387;167640;BELA*;                        ? Unchecked;ijcai-2026-base-15-g257422b
n-puzzle;heavy-cost;79/500;500;0 5 4 6 1 7 8 2 3;0 1 2 3 4 5 6 7 8;70;32;96;439;52;0;43;0.007335;59850;BELA*;                        ? Unchecked;ijcai-2026-base-15-g257422b
n-puzzle;heavy-cost;80/500;500;5 3 4 7 0 1 8 6 2;0 1 2 3 4 5 6 7 8;71;28;93;366;57;0;43;0.006186;59165.9;BELA*;                        ? Unchecked;ijcai-2026-base-15-g257422b
n-puzzle;heavy-cost;81/500;500;1 7 5 6 8 3 4 2 0;0 1 2 3 4 5 6 7 8;62;30;112;2633;156;0;43;0.010938;240720;BELA*;                        ? Unchecked;ijcai-2026-base-15-g257422b
n-puzzle;heavy-cost;82/500;500;3 1 4 0 5 8 2 7 6;0 1 2 3 4 5 6 7 8;44;31;88;431;59;0;43;0.006521;66094.2;BELA*;                        ? Unchecked;ijcai-2026-base-15-g257422b
n-puzzle;heavy-cost;83/500;500;4 2 3 0 5 1 8 6 7;0 1 2 3 4 5 6 7 8;55;29;95;724;67;0;43;0.006547;110585;BELA*;                        ? Unchecked;ijcai-2026-base-15-g257422b
n-puzzle;heavy-cost;84/500;500;4 7 3 1 6 5 8 0 2;0 1 2 3 4 5 6 7 8;65;35;113;2344;108;0;43;0.010051;233211;BELA*;                        ? Unchecked;ijcai-2026-base-15-g257422b
n-puzzle;heavy-cost;85/500;500;3 6 0 1 5 8 4 2 7;0 1 2 3 4 5 6 7 8;57;30;115;3988;83;0;43;0.012531;318251;BELA*;                        ? Unchecked;ijcai-2026-base-15-g257422b
n-puzzle;heavy-cost;86/500;500;8 6 2 7 5 1 3 0 4;0 1 2 3 4 5 6 7 8;82;33;128;6564;84;0;43;0.016142;406641;BELA*;                        ? Unchecked;ijcai-2026-base-15-g257422b
n-puzzle;heavy-cost;87/500;500;3 2 5 7 6 0 8 1 4;0 1 2 3 4 5 6 7 8;62;27;82;172;60;0;43;0.005262;32687.2;BELA*;                        ? Unchecked;ijcai-2026-base-15-g257422b
n-puzzle;heavy-cost;88/500;500;1 3 2 4 0 5 8 7 6;0 1 2 3 4 5 6 7 8;39;30;115;4842;153;0;43;0.013257;365241;BELA*;                        ? Unchecked;ijcai-2026-base-15-g257422b
n-puzzle;heavy-cost;89/500;500;0 8 4 3 2 1 6 5 7;0 1 2 3 4 5 6 7 8;55;28;85;294;64;0;43;0.006425;45758.8;BELA*;                        ? Unchecked;ijcai-2026-base-15-g257422b
n-puzzle;heavy-cost;90/500;500;0 6 1 5 7 8 4 2 3;0 1 2 3 4 5 6 7 8;67;32;107;881;86;0;43;0.007273;121133;BELA*;                        ? Unchecked;ijcai-2026-base-15-g257422b
n-puzzle;heavy-cost;91/500;500;2 1 6 4 5 8 3 0 7;0 1 2 3 4 5 6 7 8;55;31;105;1942;59;0;43;0.008501;228444;BELA*;                        ? Unchecked;ijcai-2026-base-15-g257422b
n-puzzle;heavy-cost;92/500;500;3 7 4 6 1 5 8 0 2;0 1 2 3 4 5 6 7 8;52;27;98;1227;109;0;43;0.008512;144149;BELA*;                        ? Unchecked;ijcai-2026-base-15-g257422b
n-puzzle;heavy-cost;93/500;500;7 6 1 3 5 8 2 4 0;0 1 2 3 4 5 6 7 8;65;30;105;895;71;0;43;0.008227;108788;BELA*;                        ? Unchecked;ijcai-2026-base-15-g257422b
n-puzzle;heavy-cost;94/500;500;4 7 8 1 0 3 6 2 5;0 1 2 3 4 5 6 7 8;57;28;109;3300;74;0;43;0.010177;324261;BELA*;                        ? Unchecked;ijcai-2026-base-15-g257422b
n-puzzle;heavy-cost;95/500;500;0 5 8 2 7 4 1 6 3;0 1 2 3 4 5 6 7 8;61;30;93;265;66;0;43;0.006347;41752;BELA*;                        ? Unchecked;ijcai-2026-base-15-g257422b
n-puzzle;heavy-cost;96/500;500;5 2 3 8 7 0 1 6 4;0 1 2 3 4 5 6 7 8;74;27;108;741;53;0;43;0.007348;100844;BELA*;                        ? Unchecked;ijcai-2026-base-15-g257422b
n-puzzle;heavy-cost;97/500;500;8 3 0 4 7 2 6 1 5;0 1 2 3 4 5 6 7 8;58;28;102;790;69;0;43;0.007001;112841;BELA*;                        ? Unchecked;ijcai-2026-base-15-g257422b
n-puzzle;heavy-cost;98/500;500;5 8 6 0 7 4 1 3 2;0 1 2 3 4 5 6 7 8;87;29;123;2442;99;0;43;0.010563;231184;BELA*;                        ? Unchecked;ijcai-2026-base-15-g257422b
n-puzzle;heavy-cost;99/500;500;7 5 0 6 3 2 1 8 4;0 1 2 3 4 5 6 7 8;61;32;101;1225;74;0;43;0.008448;145005;BELA*;                        ? Unchecked;ijcai-2026-base-15-g257422b
n-puzzle;heavy-cost;0/600;600;5 6 0 8 4 7 1 3 2;0 1 2 3 4 5 6 7 8;84;30;124;1799;81;0;43;0.010276;175068;BELA*;                        ? Unchecked;ijcai-2026-base-15-g257422b
n-puzzle;heavy-cost;1/600;600;0 8 6 4 7 1 5 3 2;0 1 2 3 4 5 6 7 8;86;30;122;1636;100;0;43;0.01064;153759;BELA*;                        ? Unchecked;ijcai-2026-base-15-g257422b
n-puzzle;heavy-cost;2/600;600;5 2 8 0 7 4 1 3 6;0 1 2 3 4 5 6 7 8;65;27;101;843;65;0;43;0.008969;93990.4;BELA*;                        ? Unchecked;ijcai-2026-base-15-g257422b
n-puzzle;heavy-cost;3/600;600;7 2 6 0 8 1 5 4 3;0 1 2 3 4 5 6 7 8;93;31;121;1841;101;0;43;0.011454;160730;BELA*;                        ? Unchecked;ijcai-2026-base-15-g257422b
n-puzzle;heavy-cost;4/600;600;5 1 8 6 0 7 2 4 3;0 1 2 3 4 5 6 7 8;72;30;100;1035;114;0;43;0.009905;104493;BELA*;                        ? Unchecked;ijcai-2026-base-15-g257422b
n-puzzle;heavy-cost;5/600;600;8 0 3 6 4 5 7 2 1;0 1 2 3 4 5 6 7 8;63;29;113;3117;85;0;43;0.012511;249141;BELA*;                        ? Unchecked;ijcai-2026-base-15-g257422b
n-puzzle;heavy-cost;6/600;600;4 2 7 1 5 8 0 6 3;0 1 2 3 4 5 6 7 8;61;24;97;767;73;0;43;0.008017;95671.7;BELA*;                        ? Unchecked;ijcai-2026-base-15-g257422b
n-puzzle;heavy-cost;7/600;600;4 1 7 3 2 5 6 0 8;0 1 2 3 4 5 6 7 8;33;29;87;1065;96;0;43;0.008977;118637;BELA*;                        ? Unchecked;ijcai-2026-base-15-g257422b
n-puzzle;heavy-cost;8/600;600;8 4 0 5 1 6 2 7 3;0 1 2 3 4 5 6 7 8;82;32;134;8345;175;0;43;0.02129;391968;BELA*;                        ? Unchecked;ijcai-2026-base-15-g257422b
n-puzzle;heavy-cost;9/600;600;1 3 0 7 6 2 5 8 4;0 1 2 3 4 5 6 7 8;66;26;100;796;73;0;43;0.007889;100900;BELA*;                        ? Unchecked;ijcai-2026-base-15-g257422b
n-puzzle;heavy-cost;10/600;600;7 0 4 6 8 5 3 1 2;0 1 2 3 4 5 6 7 8;60;37;118;4213;93;0;43;0.015239;276462;BELA*;                        ? Unchecked;ijcai-2026-base-15-g257422b
n-puzzle;heavy-cost;11/600;600;6 1 7 5 8 2 4 3 0;0 1 2 3 4 5 6 7 8;75;28;123;5504;84;0;43;0.01681;327424;BELA*;                        ? Unchecked;ijcai-2026-base-15-g257422b
n-puzzle;heavy-cost;12/600;600;7 5 2 1 6 3 8 0 4;0 1 2 3 4 5 6 7 8;75;35;113;2480;102;0;43;0.012107;204840;BELA*;                        ? Unchecked;ijcai-2026-base-15-g257422b
n-puzzle;heavy-cost;13/600;600;6 2 4 0 8 7 5 3 1;0 1 2 3 4 5 6 7 8;76;35;108;1239;69;0;43;0.010018;123677;BELA*;                        ? Unchecked;ijcai-2026-base-15-g257422b
n-puzzle;heavy-cost;14/600;600;0 1 6 2 5 7 4 8 3;0 1 2 3 4 5 6 7 8;74;34;120;3766;81;0;43;0.01417;265773;BELA*;                        ? Unchecked;ijcai-2026-base-15-g257422b
n-puzzle;heavy-cost;15/600;600;4 0 3 6 1 2 8 5 7;0 1 2 3 4 5 6 7 8;59;21;81;303;59;0;43;0.006641;45625.7;BELA*;                        ? Unchecked;ijcai-2026-base-15-g257422b
n-puzzle;heavy-cost;16/600;600;1 5 8 7 6 4 0 3 2;0 1 2 3 4 5 6 7 8;67;26;101;883;110;0;43;0.00884;99886.9;BELA*;                        ? Unchecked;ijcai-2026-base-15-g257422b
n-puzzle;heavy-cost;17/600;600;2 7 0 8 4 6 3 5 1;0 1 2 3 4 5 6 7 8;76;32;122;1392;78;0;43;0.009943;139998;BELA*;                        ? Unchecked;ijcai-2026-base-15-g257422b
n-puzzle;heavy-cost;18/600;600;7 4 8 1 5 6 0 2 3;0 1 2 3 4 5 6 7 8;81;32;111;1589;108;0;43;0.010723;148186;BELA*;                        ? Unchecked;ijcai-2026-base-15-g257422b
n-puzzle;heavy-cost;19/600;600;2 3 0 1 4 7 5 6 8;0 1 2 3 4 5 6 7 8;47;30;91;891;106;0;43;0.009371;95080.6;BELA*;                        ? Unchecked;ijcai-2026-base-15-g257422b
n-puzzle;heavy-cost;20/600;600;2 1 4 5 0 6 8 3 7;0 1 2 3 4 5 6 7 8;69;32;119;5942;103;0;43;0.018272;325197;BELA*;                        ? Unchecked;ijcai-2026-base-15-g257422b
n-puzzle;heavy-cost;21/600;600;8 7 6 2 5 4 1 0 3;0 1 2 3 4 5 6 7 8;97;33;137;6553;131;0;43;0.01651;396911;BELA*;                        ? Unchecked;ijcai-2026-base-15-g257422b
n-puzzle;heavy-cost;22/600;600;2 7 3 1 6 5 4 0 8;0 1 2 3 4 5 6 7 8;49;29;83;384;95;0;43;0.008089;47471.9;BELA*;                        ? Unchecked;ijcai-2026-base-15-g257422b
n-puzzle;heavy-cost;23/600;600;3 0 4 6 2 1 8 5 7;0 1 2 3 4 5 6 7 8;56;21;88;667;80;0;43;0.007405;90074.3;BELA*;                        ? Unchecked;ijcai-2026-base-15-g257422b
n-puzzle;heavy-cost;24/600;600;5 3 2 4 8 6 0 1 7;0 1 2 3 4 5 6 7 8;68;28;110;1691;58;0;43;0.008493;199105;BELA*;                        ? Unchecked;ijcai-2026-base-15-g257422b
n-puzzle;heavy-cost;25/600;600;1 3 5 2 4 6 8 7 0;0 1 2 3 4 5 6 7 8;52;34;120;5864;98;0;43;0.016972;345510;BELA*;                        ? Unchecked;ijcai-2026-base-15-g257422b
n-puzzle;heavy-cost;26/600;600;8 5 1 4 2 7 6 0 3;0 1 2 3 4 5 6 7 8;74;31;108;1462;70;0;43;0.009552;153057;BELA*;                        ? Unchecked;ijcai-2026-base-15-g257422b
n-puzzle;heavy-cost;27/600;600;2 8 5 6 3 1 4 0 7;0 1 2 3 4 5 6 7 8;59;31;95;799;61;0;43;0.008005;99812.6;BELA*;                        ? Unchecked;ijcai-2026-base-15-g257422b
n-puzzle;heavy-cost;28/600;600;5 0 7 4 2 3 1 6 8;0 1 2 3 4 5 6 7 8;59;25;83;381;78;0;43;0.00663;57466.1;BELA*;                        ? Unchecked;ijcai-2026-base-15-g257422b
n-puzzle;heavy-cost;29/600;600;3 2 4 7 6 8 5 1 0;0 1 2 3 4 5 6 7 8;64;28;94;603;80;0;43;0.007971;75649.2;BELA*;                        ? Unchecked;ijcai-2026-base-15-g257422b
n-puzzle;heavy-cost;30/600;600;1 3 2 0 8 6 4 7 5;0 1 2 3 4 5 6 7 8;54;29;96;546;79;0;43;0.007665;71232.9;BELA*;                        ? Unchecked;ijcai-2026-base-15-g257422b
n-puzzle;heavy-cost;31/600;600;8 2 5 3 7 6 4 0 1;0 1 2 3 4 5 6 7 8;75;29;117;2693;110;0;43;0.010704;251588;BELA*;                        ? Unchecked;ijcai-2026-base-15-g257422b
n-puzzle;heavy-cost;32/600;600;2 4 0 7 5 1 8 6 3;0 1 2 3 4 5 6 7 8;60;30;102;689;72;0;43;0.008725;78968.5;BELA*;                        ? Unchecked;ijcai-2026-base-15-g257422b
n-puzzle;heavy-cost;33/600;600;0 1 5 2 6 8 7 3 4;0 1 2 3 4 5 6 7 8;52;26;82;312;61;0;43;0.007902;39483.7;BELA*;                        ? Unchecked;ijcai-2026-base-15-g257422b
n-puzzle;heavy-cost;34/600;600;7 1 5 2 8 6 3 4 0;0 1 2 3 4 5 6 7 8;73;24;91;238;93;0;43;0.006495;36643.6;BELA*;                        ? Unchecked;ijcai-2026-base-15-g257422b
n-puzzle;heavy-cost;35/600;600;6 3 1 2 8 7 0 4 5;0 1 2 3 4 5 6 7 8;64;28;110;1884;112;0;43;0.010072;187053;BELA*;                        ? Unchecked;ijcai-2026-base-15-g257422b
n-puzzle;heavy-cost;36/600;600;0 3 5 4 8 6 7 2 1;0 1 2 3 4 5 6 7 8;65;30;99;572;61;0;43;0.007795;73380.4;BELA*;                        ? Unchecked;ijcai-2026-base-15-g257422b
n-puzzle;heavy-cost;37/600;600;8 1 4 0 3 2 5 6 7;0 1 2 3 4 5 6 7 8;73;29;103;1204;66;0;43;0.009279;129755;BELA*;                        ? Unchecked;ijcai-2026-base-15-g257422b
n-puzzle;heavy-cost;38/600;600;7 4 1 6 2 8 3 5 0;0 1 2 3 4 5 6 7 8;57;28;109;2820;93;0;43;0.011316;249205;BELA*;                        ? Unchecked;ijcai-2026-base-15-g257422b
n-puzzle;heavy-cost;39/600;600;4 6 8 0 5 1 3 2 7;0 1 2 3 4 5 6 7 8;65;31;101;1007;67;0;43;0.009226;109148;BELA*;                        ? Unchecked;ijcai-2026-base-15-g257422b
n-puzzle;heavy-cost;40/600;600;4 2 8 6 0 1 3 5 7;0 1 2 3 4 5 6 7 8;54;30;90;731;80;0;43;0.007923;92263;BELA*;                        ? Unchecked;ijcai-2026-base-15-g257422b
n-puzzle;heavy-cost;41/600;600;3 7 8 4 5 2 6 1 0;0 1 2 3 4 5 6 7 8;46;28;102;1247;90;0;43;0.009587;130072;BELA*;                        ? Unchecked;ijcai-2026-base-15-g257422b
n-puzzle;heavy-cost;42/600;600;7 5 6 1 0 3 2 8 4;0 1 2 3 4 5 6 7 8;87;30;103;367;79;0;43;0.008473;43314.1;BELA*;                        ? Unchecked;ijcai-2026-base-15-g257422b
n-puzzle;heavy-cost;43/600;600;1 6 4 8 5 3 7 2 0;0 1 2 3 4 5 6 7 8;75;30;109;1232;99;0;43;0.009457;130274;BELA*;                        ? Unchecked;ijcai-2026-base-15-g257422b
n-puzzle;heavy-cost;44/600;600;2 5 7 1 8 4 3 6 0;0 1 2 3 4 5 6 7 8;66;26;88;176;99;0;43;0.006671;26382.9;BELA*;                        ? Unchecked;ijcai-2026-base-15-g257422b
n-puzzle;heavy-cost;45/600;600;3 8 4 0 7 1 5 6 2;0 1 2 3 4 5 6 7 8;69;23;105;871;91;0;43;0.009153;95160.1;BELA*;                        ? Unchecked;ijcai-2026-base-15-g257422b
n-puzzle;heavy-cost;46/600;600;3 0 5 4 2 1 7 8 6;0 1 2 3 4 5 6 7 8;45;27;83;454;61;0;43;0.00683;66471.4;BELA*;                        ? Unchecked;ijcai-2026-base-15-g257422b
n-puzzle;heavy-cost;47/600;600;4 5 3 1 7 0 8 2 6;0 1 2 3 4 5 6 7 8;70;29;104;764;56;0;43;0.007603;100487;BELA*;                        ? Unchecked;ijcai-2026-base-15-g257422b
n-puzzle;heavy-cost;48/600;600;1 8 4 2 3 5 6 0 7;0 1 2 3 4 5 6 7 8;49;27;85;417;78;0;43;0.007786;53557.7;BELA*;                        ? Unchecked;ijcai-2026-base-15-g257422b
n-puzzle;heavy-cost;49/600;600;4 8 1 0 6 7 3 2 5;0 1 2 3 4 5 6 7 8;73;29;109;1477;76;0;43;0.008736;169071;BELA*;                        ? Unchecked;ijcai-2026-base-15-g257422b
n-puzzle;heavy-cost;50/600;600;8 5 3 4 6 1 7 2 0;0 1 2 3 4 5 6 7 8;82;30;114;1959;69;0;43;0.010642;184082;BELA*;                        ? Unchecked;ijcai-2026-base-15-g257422b
n-puzzle;heavy-cost;51/600;600;4 3 7 1 5 2 6 0 8;0 1 2 3 4 5 6 7 8;44;25;82;482;62;0;43;0.006997;68886.7;BELA*;                        ? Unchecked;ijcai-2026-base-15-g257422b
n-puzzle;heavy-cost;52/600;600;7 4 1 2 3 0 5 8 6;0 1 2 3 4 5 6 7 8;70;39;126;9139;134;0;43;0.022563;405044;BELA*;                        ? Unchecked;ijcai-2026-base-15-g257422b
n-puzzle;heavy-cost;53/600;600;7 5 6 8 2 1 0 4 3;0 1 2 3 4 5 6 7 8;98;32;122;2786;89;0;43;0.012696;219439;BELA*;                        ? Unchecked;ijcai-2026-base-15-g257422b
n-puzzle;heavy-cost;54/600;600;2 8 5 0 7 6 1 4 3;0 1 2 3 4 5 6 7 8;74;31;108;850;74;0;43;0.00939;90521.8;BELA*;                        ? Unchecked;ijcai-2026-base-15-g257422b
n-puzzle;heavy-cost;55/600;600;3 5 2 4 1 6 8 0 7;0 1 2 3 4 5 6 7 8;59;29;109;2784;87;0;43;0.012021;231595;BELA*;                        ? Unchecked;ijcai-2026-base-15-g257422b
n-puzzle;heavy-cost;56/600;600;8 6 1 5 4 3 0 2 7;0 1 2 3 4 5 6 7 8;80;32;122;2549;95;0;43;0.012129;210157;BELA*;                        ? Unchecked;ijcai-2026-base-15-g257422b
n-puzzle;heavy-cost;57/600;600;4 6 5 7 3 2 1 0 8;0 1 2 3 4 5 6 7 8;53;29;101;2302;135;0;43;0.010885;211484;BELA*;                        ? Unchecked;ijcai-2026-base-15-g257422b
n-puzzle;heavy-cost;58/600;600;3 7 4 2 8 6 5 0 1;0 1 2 3 4 5 6 7 8;83;31;109;1044;67;0;43;0.009485;110069;BELA*;                        ? Unchecked;ijcai-2026-base-15-g257422b
n-puzzle;heavy-cost;59/600;600;8 7 4 5 6 2 3 0 1;0 1 2 3 4 5 6 7 8;84;35;134;9261;150;0;45;0.02231;415105;BELA*;                        ? Unchecked;ijcai-2026-base-15-g257422b
n-puzzle;heavy-cost;60/600;600;6 1 5 3 4 0 8 2 7;0 1 2 3 4 5 6 7 8;46;27;104;2329;78;0;45;0.010612;219469;BELA*;                        ? Unchecked;ijcai-2026-base-15-g257422b
n-puzzle;heavy-cost;61/600;600;4 5 2 8 0 3 1 6 7;0 1 2 3 4 5 6 7 8;64;28;102;1352;123;0;45;0.009423;143479;BELA*;                        ? Unchecked;ijcai-2026-base-15-g257422b
n-puzzle;heavy-cost;62/600;600;8 5 4 6 1 2 7 3 0;0 1 2 3 4 5 6 7 8;72;30;122;7789;133;0;45;0.019528;398863;BELA*;                        ? Unchecked;ijcai-2026-base-15-g257422b
n-puzzle;heavy-cost;63/600;600;0 5 8 2 6 7 4 3 1;0 1 2 3 4 5 6 7 8;75;26;93;376;96;0;45;0.008111;46356.8;BELA*;                        ? Unchecked;ijcai-2026-base-15-g257422b
n-puzzle;heavy-cost;64/600;600;5 0 1 8 7 3 4 6 2;0 1 2 3 4 5 6 7 8;71;29;109;699;49;0;45;0.007762;90054.1;BELA*;                        ? Unchecked;ijcai-2026-base-15-g257422b
n-puzzle;heavy-cost;65/600;600;7 6 1 3 4 8 0 5 2;0 1 2 3 4 5 6 7 8;62;30;112;2017;134;0;45;0.010783;187054;BELA*;                        ? Unchecked;ijcai-2026-base-15-g257422b
n-puzzle;heavy-cost;66/600;600;8 0 7 3 6 5 1 2 4;0 1 2 3 4 5 6 7 8;82;29;120;2147;78;0;45;0.011419;188020;BELA*;                        ? Unchecked;ijcai-2026-base-15-g257422b
n-puzzle;heavy-cost;67/600;600;7 2 8 6 5 1 4 0 3;0 1 2 3 4 5 6 7 8;69;27;109;2235;66;0;45;0.0109;205046;BELA*;                        ? Unchecked;ijcai-2026-base-15-g257422b
n-puzzle;heavy-cost;68/600;600;5 0 3 4 1 8 2 7 6;0 1 2 3 4 5 6 7 8;57;29;97;791;86;0;45;0.009713;81437.2;BELA*;                        ? Unchecked;ijcai-2026-base-15-g257422b
n-puzzle;heavy-cost;69/600;600;7 8 4 6 3 5 2 1 0;0 1 2 3 4 5 6 7 8;72;30;112;2146;86;0;45;0.012429;172661;BELA*;                        ? Unchecked;ijcai-2026-base-15-g257422b
n-puzzle;heavy-cost;70/600;600;7 0 3 2 8 1 5 4 6;0 1 2 3 4 5 6 7 8;85;27;103;395;71;0;45;0.007876;50152.4;BELA*;                        ? Unchecked;ijcai-2026-base-15-g257422b
n-puzzle;heavy-cost;71/600;600;1 0 7 3 4 8 2 5 6;0 1 2 3 4 5 6 7 8;60;29;102;1102;103;0;45;0.009354;117811;BELA*;                        ? Unchecked;ijcai-2026-base-15-g257422b
n-puzzle;heavy-cost;72/600;600;8 0 7 4 3 6 5 2 1;0 1 2 3 4 5 6 7 8;102;33;124;2142;135;0;45;0.010981;195064;BELA*;                        ? Unchecked;ijcai-2026-base-15-g257422b
n-puzzle;heavy-cost;73/600;600;3 7 8 5 1 2 0 6 4;0 1 2 3 4 5 6 7 8;60;30;120;5811;108;0;45;0.017416;333659;BELA*;                        ? Unchecked;ijcai-2026-base-15-g257422b
n-puzzle;heavy-cost;74/600;600;1 6 2 0 7 8 4 5 3;0 1 2 3 4 5 6 7 8;61;23;93;279;78;0;45;0.007162;38955.6;BELA*;                        ? Unchecked;ijcai-2026-base-15-g257422b
n-puzzle;heavy-cost;75/600;600;6 1 2 3 0 8 4 5 7;0 1 2 3 4 5 6 7 8;45;24;89;699;100;0;45;0.008602;81260.2;BELA*;                        ? Unchecked;ijcai-2026-base-15-g257422b
n-puzzle;heavy-cost;76/600;600;1 0 7 5 6 4 3 2 8;0 1 2 3 4 5 6 7 8;57;37;101;1258;75;0;45;0.010769;116817;BELA*;                        ? Unchecked;ijcai-2026-base-15-g257422b
n-puzzle;heavy-cost;77/600;600;2 7 6 1 4 0 5 3 8;0 1 2 3 4 5 6 7 8;65;33;115;3531;75;0;45;0.013574;260130;BELA*;                        ? Unchecked;ijcai-2026-base-15-g257422b
n-puzzle;heavy-cost;78/600;600;2 3 8 4 0 6 1 5 7;0 1 2 3 4 5 6 7 8;68;28;102;1406;112;0;45;0.009736;144412;BELA*;                        ? Unchecked;ijcai-2026-base-15-g257422b
n-puzzle;heavy-cost;79/600;600;0 5 4 6 1 7 8 2 3;0 1 2 3 4 5 6 7 8;70;30;96;439;55;0;45;0.00872;50344;BELA*;                        ? Unchecked;ijcai-2026-base-15-g257422b
n-puzzle;heavy-cost;80/600;600;5 3 4 7 0 1 8 6 2;0 1 2 3 4 5 6 7 8;71;28;93;366;58;0;45;0.007487;48884.7;BELA*;                        ? Unchecked;ijcai-2026-base-15-g257422b
n-puzzle;heavy-cost;81/600;600;1 7 5 6 8 3 4 2 0;0 1 2 3 4 5 6 7 8;62;30;112;2633;168;0;45;0.01228;214414;BELA*;                        ? Unchecked;ijcai-2026-base-15-g257422b
n-puzzle;heavy-cost;82/600;600;3 1 4 0 5 8 2 7 6;0 1 2 3 4 5 6 7 8;44;29;88;431;67;0;45;0.00782;55115.1;BELA*;                        ? Unchecked;ijcai-2026-base-15-g257422b
n-puzzle;heavy-cost;83/600;600;4 2 3 0 5 1 8 6 7;0 1 2 3 4 5 6 7 8;55;27;95;724;67;0;45;0.00757;95640.7;BELA*;                        ? Unchecked;ijcai-2026-base-15-g257422b
n-puzzle;heavy-cost;84/600;600;4 7 3 1 6 5 8 0 2;0 1 2 3 4 5 6 7 8;65;31;113;2344;109;0;45;0.011797;198695;BELA*;                        ? Unchecked;ijcai-2026-base-15-g257422b
n-puzzle;heavy-cost;85/600;600;3 6 0 1 5 8 4 2 7;0 1 2 3 4 5 6 7 8;57;32;115;3988;86;0;45;0.013805;288881;BELA*;                        ? Unchecked;ijcai-2026-base-15-g257422b
n-puzzle;heavy-cost;86/600;600;8 6 2 7 5 1 3 0 4;0 1 2 3 4 5 6 7 8;82;29;128;6564;98;0;45;0.017968;365316;BELA*;                        ? Unchecked;ijcai-2026-base-15-g257422b
n-puzzle;heavy-cost;87/600;600;3 2 5 7 6 0 8 1 4;0 1 2 3 4 5 6 7 8;62;25;82;172;61;0;45;0.006494;26486;BELA*;                        ? Unchecked;ijcai-2026-base-15-g257422b
n-puzzle;heavy-cost;88/600;600;1 3 2 4 0 5 8 7 6;0 1 2 3 4 5 6 7 8;39;28;115;4842;162;0;45;0.014374;336858;BELA*;                        ? Unchecked;ijcai-2026-base-15-g257422b
n-puzzle;heavy-cost;89/600;600;0 8 4 3 2 1 6 5 7;0 1 2 3 4 5 6 7 8;55;30;85;294;65;0;45;0.007925;37097.8;BELA*;                        ? Unchecked;ijcai-2026-base-15-g257422b
n-puzzle;heavy-cost;90/600;600;0 6 1 5 7 8 4 2 3;0 1 2 3 4 5 6 7 8;67;30;107;881;87;0;45;0.008441;104372;BELA*;                        ? Unchecked;ijcai-2026-base-15-g257422b
n-puzzle;heavy-cost;91/600;600;2 1 6 4 5 8 3 0 7;0 1 2 3 4 5 6 7 8;55;31;105;1942;62;0;45;0.010148;191368;BELA*;                        ? Unchecked;ijcai-2026-base-15-g257422b
n-puzzle;heavy-cost;92/600;600;3 7 4 6 1 5 8 0 2;0 1 2 3 4 5 6 7 8;52;29;98;1227;111;0;45;0.010153;120851;BELA*;                        ? Unchecked;ijcai-2026-base-15-g257422b
n-puzzle;heavy-cost;93/600;600;7 6 1 3 5 8 2 4 0;0 1 2 3 4 5 6 7 8;65;28;105;895;81;0;45;0.009653;92717.3;BELA*;                        ? Unchecked;ijcai-2026-base-15-g257422b
n-puzzle;heavy-cost;94/600;600;4 7 8 1 0 3 6 2 5;0 1 2 3 4 5 6 7 8;57;26;109;3300;76;0;45;0.011383;289906;BELA*;                        ? Unchecked;ijcai-2026-base-15-g257422b
n-puzzle;heavy-cost;95/600;600;0 5 8 2 7 4 1 6 3;0 1 2 3 4 5 6 7 8;61;30;93;265;67;0;45;0.007423;35699.9;BELA*;                        ? Unchecked;ijcai-2026-base-15-g257422b
n-puzzle;heavy-cost;96/600;600;5 2 3 8 7 0 1 6 4;0 1 2 3 4 5 6 7 8;74;29;108;741;60;0;45;0.00878;84396.4;BELA*;                        ? Unchecked;ijcai-2026-base-15-g257422b
n-puzzle;heavy-cost;97/600;600;8 3 0 4 7 2 6 1 5;0 1 2 3 4 5 6 7 8;58;24;102;790;70;0;45;0.008165;96754.4;BELA*;                        ? Unchecked;ijcai-2026-base-15-g257422b
n-puzzle;heavy-cost;98/600;600;5 8 6 0 7 4 1 3 2;0 1 2 3 4 5 6 7 8;87;33;123;2442;128;0;45;0.01206;202488;BELA*;                        ? Unchecked;ijcai-2026-base-15-g257422b
n-puzzle;heavy-cost;99/600;600;7 5 0 6 3 2 1 8 4;0 1 2 3 4 5 6 7 8;61;30;101;1225;75;0;45;0.010035;122073;BELA*;                        ? Unchecked;ijcai-2026-base-15-g257422b
n-puzzle;heavy-cost;0/700;700;5 6 0 8 4 7 1 3 2;0 1 2 3 4 5 6 7 8;84;30;124;1799;81;0;45;0.01134;158642;BELA*;                        ? Unchecked;ijcai-2026-base-15-g257422b
n-puzzle;heavy-cost;1/700;700;0 8 6 4 7 1 5 3 2;0 1 2 3 4 5 6 7 8;86;32;122;1636;101;0;45;0.012404;131893;BELA*;                        ? Unchecked;ijcai-2026-base-15-g257422b
n-puzzle;heavy-cost;2/700;700;5 2 8 0 7 4 1 3 6;0 1 2 3 4 5 6 7 8;65;27;103;1092;85;0;45;0.010849;100654;BELA*;                        ? Unchecked;ijcai-2026-base-15-g257422b
n-puzzle;heavy-cost;3/700;700;7 2 6 0 8 1 5 4 3;0 1 2 3 4 5 6 7 8;93;35;121;1841;105;0;45;0.013105;140481;BELA*;                        ? Unchecked;ijcai-2026-base-15-g257422b
n-puzzle;heavy-cost;4/700;700;5 1 8 6 0 7 2 4 3;0 1 2 3 4 5 6 7 8;72;30;102;1183;151;0;45;0.011493;102932;BELA*;                        ? Unchecked;ijcai-2026-base-15-g257422b
n-puzzle;heavy-cost;5/700;700;8 0 3 6 4 5 7 2 1;0 1 2 3 4 5 6 7 8;63;29;113;3117;87;0;45;0.013542;230173;BELA*;                        ? Unchecked;ijcai-2026-base-15-g257422b
n-puzzle;heavy-cost;6/700;700;4 2 7 1 5 8 0 6 3;0 1 2 3 4 5 6 7 8;61;28;97;767;73;0;45;0.008857;86598.2;BELA*;                        ? Unchecked;ijcai-2026-base-15-g257422b
n-puzzle;heavy-cost;7/700;700;4 1 7 3 2 5 6 0 8;0 1 2 3 4 5 6 7 8;33;27;87;1065;103;0;45;0.010236;104045;BELA*;                        ? Unchecked;ijcai-2026-base-15-g257422b
n-puzzle;heavy-cost;8/700;700;8 4 0 5 1 6 2 7 3;0 1 2 3 4 5 6 7 8;82;34;134;8345;192;0;46;0.023609;353467;BELA*;                        ? Unchecked;ijcai-2026-base-15-g257422b
n-puzzle;heavy-cost;9/700;700;1 3 0 7 6 2 5 8 4;0 1 2 3 4 5 6 7 8;66;30;102;1022;99;0;46;0.009691;105459;BELA*;                        ? Unchecked;ijcai-2026-base-15-g257422b
n-puzzle;heavy-cost;10/700;700;7 0 4 6 8 5 3 1 2;0 1 2 3 4 5 6 7 8;60;37;118;4213;94;0;46;0.017117;246130;BELA*;                        ? Unchecked;ijcai-2026-base-15-g257422b
n-puzzle;heavy-cost;11/700;700;6 1 7 5 8 2 4 3 0;0 1 2 3 4 5 6 7 8;75;32;123;5504;97;0;46;0.017848;308382;BELA*;                        ? Unchecked;ijcai-2026-base-15-g257422b
n-puzzle;heavy-cost;12/700;700;7 5 2 1 6 3 8 0 4;0 1 2 3 4 5 6 7 8;75;33;113;2480;102;0;46;0.013472;184086;BELA*;                        ? Unchecked;ijcai-2026-base-15-g257422b
n-puzzle;heavy-cost;13/700;700;6 2 4 0 8 7 5 3 1;0 1 2 3 4 5 6 7 8;76;29;108;1239;70;0;46;0.011726;105663;BELA*;                        ? Unchecked;ijcai-2026-base-15-g257422b
n-puzzle;heavy-cost;14/700;700;0 1 6 2 5 7 4 8 3;0 1 2 3 4 5 6 7 8;74;34;120;3766;82;0;46;0.015586;241627;BELA*;                        ? Unchecked;ijcai-2026-base-15-g257422b
n-puzzle;heavy-cost;15/700;700;4 0 3 6 1 2 8 5 7;0 1 2 3 4 5 6 7 8;59;21;83;361;82;0;46;0.007832;46093;BELA*;                        ? Unchecked;ijcai-2026-base-15-g257422b
n-puzzle;heavy-cost;16/700;700;1 5 8 7 6 4 0 3 2;0 1 2 3 4 5 6 7 8;67;26;101;883;122;0;46;0.010039;87957;BELA*;                        ? Unchecked;ijcai-2026-base-15-g257422b
n-puzzle;heavy-cost;17/700;700;2 7 0 8 4 6 3 5 1;0 1 2 3 4 5 6 7 8;76;30;122;1392;78;0;46;0.011086;125564;BELA*;                        ? Unchecked;ijcai-2026-base-15-g257422b
n-puzzle;heavy-cost;18/700;700;7 4 8 1 5 6 0 2 3;0 1 2 3 4 5 6 7 8;81;30;111;1589;108;0;46;0.021004;75652.3;BELA*;                        ? Unchecked;ijcai-2026-base-15-g257422b
n-puzzle;heavy-cost;19/700;700;2 3 0 1 4 7 5 6 8;0 1 2 3 4 5 6 7 8;47;30;91;891;113;0;46;0.011007;80948.5;BELA*;                        ? Unchecked;ijcai-2026-base-15-g257422b
n-puzzle;heavy-cost;20/700;700;2 1 4 5 0 6 8 3 7;0 1 2 3 4 5 6 7 8;69;34;119;5942;103;0;46;0.01969;301778;BELA*;                        ? Unchecked;ijcai-2026-base-15-g257422b
n-puzzle;heavy-cost;21/700;700;8 7 6 2 5 4 1 0 3;0 1 2 3 4 5 6 7 8;97;33;137;6553;132;0;46;0.017618;371949;BELA*;                        ? Unchecked;ijcai-2026-base-15-g257422b
n-puzzle;heavy-cost;22/700;700;2 7 3 1 6 5 4 0 8;0 1 2 3 4 5 6 7 8;49;27;83;384;95;0;46;0.009367;40995;BELA*;                        ? Unchecked;ijcai-2026-base-15-g257422b
n-puzzle;heavy-cost;23/700;700;3 0 4 6 2 1 8 5 7;0 1 2 3 4 5 6 7 8;56;23;88;667;81;0;46;0.008828;75555.1;BELA*;                        ? Unchecked;ijcai-2026-base-15-g257422b
n-puzzle;heavy-cost;24/700;700;5 3 2 4 8 6 0 1 7;0 1 2 3 4 5 6 7 8;68;30;110;1691;60;0;46;0.009616;175853;BELA*;                        ? Unchecked;ijcai-2026-base-15-g257422b
n-puzzle;heavy-cost;25/700;700;1 3 5 2 4 6 8 7 0;0 1 2 3 4 5 6 7 8;52;32;120;5864;110;0;46;0.018825;311501;BELA*;                        ? Unchecked;ijcai-2026-base-15-g257422b
n-puzzle;heavy-cost;26/700;700;8 5 1 4 2 7 6 0 3;0 1 2 3 4 5 6 7 8;74;31;108;1462;73;0;46;0.010982;133127;BELA*;                        ? Unchecked;ijcai-2026-base-15-g257422b
n-puzzle;heavy-cost;27/700;700;2 8 5 6 3 1 4 0 7;0 1 2 3 4 5 6 7 8;59;27;95;799;68;0;46;0.009388;85108.6;BELA*;                        ? Unchecked;ijcai-2026-base-15-g257422b
n-puzzle;heavy-cost;28/700;700;5 0 7 4 2 3 1 6 8;0 1 2 3 4 5 6 7 8;59;29;83;381;78;0;46;0.007549;50470.3;BELA*;                        ? Unchecked;ijcai-2026-base-15-g257422b
n-puzzle;heavy-cost;29/700;700;3 2 4 7 6 8 5 1 0;0 1 2 3 4 5 6 7 8;64;24;94;603;82;0;46;0.00905;66629.8;BELA*;                        ? Unchecked;ijcai-2026-base-15-g257422b
n-puzzle;heavy-cost;30/700;700;1 3 2 0 8 6 4 7 5;0 1 2 3 4 5 6 7 8;54;29;96;546;80;0;46;0.009284;58810.9;BELA*;                        ? Unchecked;ijcai-2026-base-15-g257422b
n-puzzle;heavy-cost;31/700;700;8 2 5 3 7 6 4 0 1;0 1 2 3 4 5 6 7 8;75;31;117;2693;112;0;46;0.011564;232878;BELA*;                        ? Unchecked;ijcai-2026-base-15-g257422b
n-puzzle;heavy-cost;32/700;700;2 4 0 7 5 1 8 6 3;0 1 2 3 4 5 6 7 8;60;30;102;689;73;0;46;0.010053;68536.8;BELA*;                        ? Unchecked;ijcai-2026-base-15-g257422b
n-puzzle;heavy-cost;33/700;700;0 1 5 2 6 8 7 3 4;0 1 2 3 4 5 6 7 8;52;26;84;385;84;0;46;0.009288;41451.3;BELA*;                        ? Unchecked;ijcai-2026-base-15-g257422b
n-puzzle;heavy-cost;34/700;700;7 1 5 2 8 6 3 4 0;0 1 2 3 4 5 6 7 8;73;26;91;238;95;0;46;0.007608;31282.9;BELA*;                        ? Unchecked;ijcai-2026-base-15-g257422b
n-puzzle;heavy-cost;35/700;700;6 3 1 2 8 7 0 4 5;0 1 2 3 4 5 6 7 8;64;32;112;2250;150;0;46;0.0122;184426;BELA*;                        ? Unchecked;ijcai-2026-base-15-g257422b
n-puzzle;heavy-cost;36/700;700;0 3 5 4 8 6 7 2 1;0 1 2 3 4 5 6 7 8;65;28;99;572;61;0;46;0.008834;64749.8;BELA*;                        ? Unchecked;ijcai-2026-base-15-g257422b
n-puzzle;heavy-cost;37/700;700;8 1 4 0 3 2 5 6 7;0 1 2 3 4 5 6 7 8;73;31;105;1434;81;0;46;0.010955;130899;BELA*;                        ? Unchecked;ijcai-2026-base-15-g257422b
n-puzzle;heavy-cost;38/700;700;7 4 1 6 2 8 3 5 0;0 1 2 3 4 5 6 7 8;57;28;109;2820;97;0;46;0.012619;223473;BELA*;                        ? Unchecked;ijcai-2026-base-15-g257422b
n-puzzle;heavy-cost;39/700;700;4 6 8 0 5 1 3 2 7;0 1 2 3 4 5 6 7 8;65;29;101;1007;75;0;46;0.010786;93361.8;BELA*;                        ? Unchecked;ijcai-2026-base-15-g257422b
n-puzzle;heavy-cost;40/700;700;4 2 8 6 0 1 3 5 7;0 1 2 3 4 5 6 7 8;54;28;90;731;83;0;46;0.009051;80764.6;BELA*;                        ? Unchecked;ijcai-2026-base-15-g257422b
n-puzzle;heavy-cost;41/700;700;3 7 8 4 5 2 6 1 0;0 1 2 3 4 5 6 7 8;46;28;102;1247;97;0;46;0.01063;117310;BELA*;                        ? Unchecked;ijcai-2026-base-15-g257422b
n-puzzle;heavy-cost;42/700;700;7 5 6 1 0 3 2 8 4;0 1 2 3 4 5 6 7 8;87;30;103;367;81;0;46;0.009484;38696.8;BELA*;                        ? Unchecked;ijcai-2026-base-15-g257422b
n-puzzle;heavy-cost;43/700;700;1 6 4 8 5 3 7 2 0;0 1 2 3 4 5 6 7 8;75;28;109;1232;99;0;46;0.010197;120820;BELA*;                        ? Unchecked;ijcai-2026-base-15-g257422b
n-puzzle;heavy-cost;44/700;700;2 5 7 1 8 4 3 6 0;0 1 2 3 4 5 6 7 8;66;24;88;176;99;0;46;0.007343;23968.4;BELA*;                        ? Unchecked;ijcai-2026-base-15-g257422b
n-puzzle;heavy-cost;45/700;700;3 8 4 0 7 1 5 6 2;0 1 2 3 4 5 6 7 8;69;25;105;871;105;0;46;0.010265;84851.4;BELA*;                        ? Unchecked;ijcai-2026-base-15-g257422b
n-puzzle;heavy-cost;46/700;700;3 0 5 4 2 1 7 8 6;0 1 2 3 4 5 6 7 8;45;29;83;454;62;0;46;0.008396;54073.4;BELA*;                        ? Unchecked;ijcai-2026-base-15-g257422b
n-puzzle;heavy-cost;47/700;700;4 5 3 1 7 0 8 2 6;0 1 2 3 4 5 6 7 8;70;25;104;883;65;0;46;0.008941;98758.5;BELA*;                        ? Unchecked;ijcai-2026-base-15-g257422b
n-puzzle;heavy-cost;48/700;700;1 8 4 2 3 5 6 0 7;0 1 2 3 4 5 6 7 8;49;23;85;417;83;0;46;0.00916;45524;BELA*;                        ? Unchecked;ijcai-2026-base-15-g257422b
n-puzzle;heavy-cost;49/700;700;4 8 1 0 6 7 3 2 5;0 1 2 3 4 5 6 7 8;73;31;109;1477;85;0;46;0.009939;148606;BELA*;                        ? Unchecked;ijcai-2026-base-15-g257422b
n-puzzle;heavy-cost;50/700;700;8 5 3 4 6 1 7 2 0;0 1 2 3 4 5 6 7 8;82;32;116;2407;99;0;46;0.012492;192683;BELA*;                        ? Unchecked;ijcai-2026-base-15-g257422b
n-puzzle;heavy-cost;51/700;700;4 3 7 1 5 2 6 0 8;0 1 2 3 4 5 6 7 8;44;27;82;482;69;0;46;0.007876;61198.6;BELA*;                        ? Unchecked;ijcai-2026-base-15-g257422b
n-puzzle;heavy-cost;52/700;700;7 4 1 2 3 0 5 8 6;0 1 2 3 4 5 6 7 8;70;39;126;9139;135;0;46;0.024128;378772;BELA*;                        ? Unchecked;ijcai-2026-base-15-g257422b
n-puzzle;heavy-cost;53/700;700;7 5 6 8 2 1 0 4 3;0 1 2 3 4 5 6 7 8;98;32;122;2786;90;0;46;0.014748;188907;BELA*;                        ? Unchecked;ijcai-2026-base-15-g257422b
n-puzzle;heavy-cost;54/700;700;2 8 5 0 7 6 1 4 3;0 1 2 3 4 5 6 7 8;74;29;108;850;76;0;46;0.010564;80461.9;BELA*;                        ? Unchecked;ijcai-2026-base-15-g257422b
n-puzzle;heavy-cost;55/700;700;3 5 2 4 1 6 8 0 7;0 1 2 3 4 5 6 7 8;59;29;109;2784;98;0;46;0.013299;209339;BELA*;                        ? Unchecked;ijcai-2026-base-15-g257422b
n-puzzle;heavy-cost;56/700;700;8 6 1 5 4 3 0 2 7;0 1 2 3 4 5 6 7 8;80;32;124;3101;118;0;46;0.014577;212732;BELA*;                        ? Unchecked;ijcai-2026-base-15-g257422b
n-puzzle;heavy-cost;57/700;700;4 6 5 7 3 2 1 0 8;0 1 2 3 4 5 6 7 8;53;27;101;2302;136;0;46;0.011849;194278;BELA*;                        ? Unchecked;ijcai-2026-base-15-g257422b
n-puzzle;heavy-cost;58/700;700;3 7 4 2 8 6 5 0 1;0 1 2 3 4 5 6 7 8;83;29;109;1044;68;0;46;0.011123;93859.6;BELA*;                        ? Unchecked;ijcai-2026-base-15-g257422b
n-puzzle;heavy-cost;59/700;700;8 7 4 5 6 2 3 0 1;0 1 2 3 4 5 6 7 8;84;35;134;9261;155;0;46;0.023409;395617;BELA*;                        ? Unchecked;ijcai-2026-base-15-g257422b
n-puzzle;heavy-cost;60/700;700;6 1 5 3 4 0 8 2 7;0 1 2 3 4 5 6 7 8;46;25;104;2329;98;0;46;0.012111;192305;BELA*;                        ? Unchecked;ijcai-2026-base-15-g257422b
n-puzzle;heavy-cost;61/700;700;4 5 2 8 0 3 1 6 7;0 1 2 3 4 5 6 7 8;64;24;104;1683;159;0;46;0.011395;147696;BELA*;                        ? Unchecked;ijcai-2026-base-15-g257422b
n-puzzle;heavy-cost;62/700;700;8 5 4 6 1 2 7 3 0;0 1 2 3 4 5 6 7 8;72;30;122;7789;136;0;46;0.021006;370799;BELA*;                        ? Unchecked;ijcai-2026-base-15-g257422b
n-puzzle;heavy-cost;63/700;700;0 5 8 2 6 7 4 3 1;0 1 2 3 4 5 6 7 8;75;30;93;376;100;0;46;0.009331;40295.8;BELA*;                        ? Unchecked;ijcai-2026-base-15-g257422b
n-puzzle;heavy-cost;64/700;700;5 0 1 8 7 3 4 6 2;0 1 2 3 4 5 6 7 8;71;31;109;699;49;0;46;0.00873;80068.7;BELA*;                        ? Unchecked;ijcai-2026-base-15-g257422b
n-puzzle;heavy-cost;65/700;700;7 6 1 3 4 8 0 5 2;0 1 2 3 4 5 6 7 8;62;32;112;2017;143;0;46;0.012379;162937;BELA*;                        ? Unchecked;ijcai-2026-base-15-g257422b
n-puzzle;heavy-cost;66/700;700;8 0 7 3 6 5 1 2 4;0 1 2 3 4 5 6 7 8;82;29;122;2906;108;0;46;0.013739;211515;BELA*;                        ? Unchecked;ijcai-2026-base-15-g257422b
n-puzzle;heavy-cost;67/700;700;7 2 8 6 5 1 4 0 3;0 1 2 3 4 5 6 7 8;69;31;111;2671;82;0;46;0.012779;209015;BELA*;                        ? Unchecked;ijcai-2026-base-15-g257422b
n-puzzle;heavy-cost;68/700;700;5 0 3 4 1 8 2 7 6;0 1 2 3 4 5 6 7 8;57;33;99;1136;115;0;46;0.011566;98218.9;BELA*;                        ? Unchecked;ijcai-2026-base-15-g257422b
n-puzzle;heavy-cost;69/700;700;7 8 4 6 3 5 2 1 0;0 1 2 3 4 5 6 7 8;72;32;114;2645;113;0;46;0.01489;177636;BELA*;                        ? Unchecked;ijcai-2026-base-15-g257422b
n-puzzle;heavy-cost;70/700;700;7 0 3 2 8 1 5 4 6;0 1 2 3 4 5 6 7 8;85;25;103;395;75;0;46;0.009394;42048.1;BELA*;                        ? Unchecked;ijcai-2026-base-15-g257422b
n-puzzle;heavy-cost;71/700;700;1 0 7 3 4 8 2 5 6;0 1 2 3 4 5 6 7 8;60;29;102;1102;106;0;46;0.01049;105052;BELA*;                        ? Unchecked;ijcai-2026-base-15-g257422b
n-puzzle;heavy-cost;72/700;700;8 0 7 4 3 6 5 2 1;0 1 2 3 4 5 6 7 8;102;31;124;2142;139;0;46;0.012468;171800;BELA*;                        ? Unchecked;ijcai-2026-base-15-g257422b
n-puzzle;heavy-cost;73/700;700;3 7 8 5 1 2 0 6 4;0 1 2 3 4 5 6 7 8;60;30;122;6949;148;0;46;0.021089;329508;BELA*;                        ? Unchecked;ijcai-2026-base-15-g257422b
n-puzzle;heavy-cost;74/700;700;1 6 2 0 7 8 4 5 3;0 1 2 3 4 5 6 7 8;61;27;93;279;78;0;46;0.008037;34714.4;BELA*;                        ? Unchecked;ijcai-2026-base-15-g257422b
n-puzzle;heavy-cost;75/700;700;6 1 2 3 0 8 4 5 7;0 1 2 3 4 5 6 7 8;45;26;89;699;103;0;46;0.009763;71596.8;BELA*;                        ? Unchecked;ijcai-2026-base-15-g257422b
n-puzzle;heavy-cost;76/700;700;1 0 7 5 6 4 3 2 8;0 1 2 3 4 5 6 7 8;57;35;101;1258;75;0;46;0.012245;102736;BELA*;                        ? Unchecked;ijcai-2026-base-15-g257422b
n-puzzle;heavy-cost;77/700;700;2 7 6 1 4 0 5 3 8;0 1 2 3 4 5 6 7 8;65;33;115;3531;75;0;46;0.014618;241552;BELA*;                        ? Unchecked;ijcai-2026-base-15-g257422b
n-puzzle;heavy-cost;78/700;700;2 3 8 4 0 6 1 5 7;0 1 2 3 4 5 6 7 8;68;30;102;1406;112;0;46;0.010689;131537;BELA*;                        ? Unchecked;ijcai-2026-base-15-g257422b
n-puzzle;heavy-cost;79/700;700;0 5 4 6 1 7 8 2 3;0 1 2 3 4 5 6 7 8;70;30;96;439;62;0;46;0.010186;43098.4;BELA*;                        ? Unchecked;ijcai-2026-base-15-g257422b
n-puzzle;heavy-cost;80/700;700;5 3 4 7 0 1 8 6 2;0 1 2 3 4 5 6 7 8;71;24;93;366;59;0;46;0.008685;42141.6;BELA*;                        ? Unchecked;ijcai-2026-base-15-g257422b
n-puzzle;heavy-cost;81/700;700;1 7 5 6 8 3 4 2 0;0 1 2 3 4 5 6 7 8;62;30;112;2633;171;0;46;0.013945;188813;BELA*;                        ? Unchecked;ijcai-2026-base-15-g257422b
n-puzzle;heavy-cost;82/700;700;3 1 4 0 5 8 2 7 6;0 1 2 3 4 5 6 7 8;44;29;90;567;88;0;46;0.009472;59860.6;BELA*;                        ? Unchecked;ijcai-2026-base-15-g257422b
n-puzzle;heavy-cost;83/700;700;4 2 3 0 5 1 8 6 7;0 1 2 3 4 5 6 7 8;55;27;95;724;68;0;46;0.008861;81706.4;BELA*;                        ? Unchecked;ijcai-2026-base-15-g257422b
n-puzzle;heavy-cost;84/700;700;4 7 3 1 6 5 8 0 2;0 1 2 3 4 5 6 7 8;65;33;113;2344;109;0;46;0.012894;181790;BELA*;                        ? Unchecked;ijcai-2026-base-15-g257422b
n-puzzle;heavy-cost;85/700;700;3 6 0 1 5 8 4 2 7;0 1 2 3 4 5 6 7 8;57;30;115;3988;86;0;46;0.015023;265460;BELA*;                        ? Unchecked;ijcai-2026-base-15-g257422b
n-puzzle;heavy-cost;86/700;700;8 6 2 7 5 1 3 0 4;0 1 2 3 4 5 6 7 8;82;33;130;8333;149;0;46;0.022388;372208;BELA*;                        ? Unchecked;ijcai-2026-base-15-g257422b
n-puzzle;heavy-cost;87/700;700;3 2 5 7 6 0 8 1 4;0 1 2 3 4 5 6 7 8;62;23;82;172;71;0;46;0.007789;22082.4;BELA*;                        ? Unchecked;ijcai-2026-base-15-g257422b
n-puzzle;heavy-cost;88/700;700;1 3 2 4 0 5 8 7 6;0 1 2 3 4 5 6 7 8;39;28;115;4842;164;0;46;0.0155;312387;BELA*;                        ? Unchecked;ijcai-2026-base-15-g257422b
n-puzzle;heavy-cost;89/700;700;0 8 4 3 2 1 6 5 7;0 1 2 3 4 5 6 7 8;55;26;85;294;75;0;46;0.009519;30885.6;BELA*;                        ? Unchecked;ijcai-2026-base-15-g257422b
n-puzzle;heavy-cost;90/700;700;0 6 1 5 7 8 4 2 3;0 1 2 3 4 5 6 7 8;67;30;107;881;87;0;46;0.009436;93365.8;BELA*;                        ? Unchecked;ijcai-2026-base-15-g257422b
n-puzzle;heavy-cost;91/700;700;2 1 6 4 5 8 3 0 7;0 1 2 3 4 5 6 7 8;55;29;105;1942;67;0;46;0.01119;173548;BELA*;                        ? Unchecked;ijcai-2026-base-15-g257422b
n-puzzle;heavy-cost;92/700;700;3 7 4 6 1 5 8 0 2;0 1 2 3 4 5 6 7 8;52;29;98;1227;111;0;46;0.011125;110292;BELA*;                        ? Unchecked;ijcai-2026-base-15-g257422b
n-puzzle;heavy-cost;93/700;700;7 6 1 3 5 8 2 4 0;0 1 2 3 4 5 6 7 8;65;28;107;1389;113;0;46;0.011709;118627;BELA*;                        ? Unchecked;ijcai-2026-base-15-g257422b
n-puzzle;heavy-cost;94/700;700;4 7 8 1 0 3 6 2 5;0 1 2 3 4 5 6 7 8;57;28;111;4003;104;0;46;0.013738;291382;BELA*;                        ? Unchecked;ijcai-2026-base-15-g257422b
n-puzzle;heavy-cost;95/700;700;0 5 8 2 7 4 1 6 3;0 1 2 3 4 5 6 7 8;61;28;93;265;67;0;46;0.008618;30749.6;BELA*;                        ? Unchecked;ijcai-2026-base-15-g257422b
n-puzzle;heavy-cost;96/700;700;5 2 3 8 7 0 1 6 4;0 1 2 3 4 5 6 7 8;74;27;110;1005;77;0;46;0.010374;96876.8;BELA*;                        ? Unchecked;ijcai-2026-base-15-g257422b
n-puzzle;heavy-cost;97/700;700;8 3 0 4 7 2 6 1 5;0 1 2 3 4 5 6 7 8;58;24;102;790;77;0;46;0.009168;86169.3;BELA*;                        ? Unchecked;ijcai-2026-base-15-g257422b
n-puzzle;heavy-cost;98/700;700;5 8 6 0 7 4 1 3 2;0 1 2 3 4 5 6 7 8;87;33;123;2442;131;0;46;0.013639;179045;BELA*;                        ? Unchecked;ijcai-2026-base-15-g257422b
n-puzzle;heavy-cost;99/700;700;7 5 0 6 3 2 1 8 4;0 1 2 3 4 5 6 7 8;61;32;101;1225;75;0;46;0.011333;108091;BELA*;                        ? Unchecked;ijcai-2026-base-15-g257422b
n-puzzle;heavy-cost;0/800;800;5 6 0 8 4 7 1 3 2;0 1 2 3 4 5 6 7 8;84;34;124;1799;82;0;46;0.013155;136754;BELA*;                        ? Unchecked;ijcai-2026-base-15-g257422b
n-puzzle;heavy-cost;1/800;800;0 8 6 4 7 1 5 3 2;0 1 2 3 4 5 6 7 8;86;30;122;1636;108;0;46;0.013886;117817;BELA*;                        ? Unchecked;ijcai-2026-base-15-g257422b
n-puzzle;heavy-cost;2/800;800;5 2 8 0 7 4 1 3 6;0 1 2 3 4 5 6 7 8;65;31;103;1092;89;0;46;0.01191;91687.7;BELA*;                        ? Unchecked;ijcai-2026-base-15-g257422b
n-puzzle;heavy-cost;3/800;800;7 2 6 0 8 1 5 4 3;0 1 2 3 4 5 6 7 8;93;33;121;1841;105;0;46;0.014347;128320;BELA*;                        ? Unchecked;ijcai-2026-base-15-g257422b
n-puzzle;heavy-cost;4/800;800;5 1 8 6 0 7 2 4 3;0 1 2 3 4 5 6 7 8;72;30;102;1183;156;0;46;0.012742;92842.6;BELA*;                        ? Unchecked;ijcai-2026-base-15-g257422b
n-puzzle;heavy-cost;5/800;800;8 0 3 6 4 5 7 2 1;0 1 2 3 4 5 6 7 8;63;33;115;3774;113;0;46;0.016302;231505;BELA*;                        ? Unchecked;ijcai-2026-base-15-g257422b
n-puzzle;heavy-cost;6/800;800;4 2 7 1 5 8 0 6 3;0 1 2 3 4 5 6 7 8;61;24;97;767;74;0;46;0.010582;72481.6;BELA*;                        ? Unchecked;ijcai-2026-base-15-g257422b
n-puzzle;heavy-cost;7/800;800;4 1 7 3 2 5 6 0 8;0 1 2 3 4 5 6 7 8;33;27;87;1065;104;0;46;0.011297;94272.8;BELA*;                        ? Unchecked;ijcai-2026-base-15-g257422b
n-puzzle;heavy-cost;8/800;800;8 4 0 5 1 6 2 7 3;0 1 2 3 4 5 6 7 8;82;36;134;8345;193;0;46;0.024886;335329;BELA*;                        ? Unchecked;ijcai-2026-base-15-g257422b
n-puzzle;heavy-cost;9/800;800;1 3 0 7 6 2 5 8 4;0 1 2 3 4 5 6 7 8;66;28;102;1022;104;0;46;0.010719;95344.7;BELA*;                        ? Unchecked;ijcai-2026-base-15-g257422b
n-puzzle;heavy-cost;10/800;800;7 0 4 6 8 5 3 1 2;0 1 2 3 4 5 6 7 8;60;37;118;4213;96;0;46;0.019113;220426;BELA*;                        ? Unchecked;ijcai-2026-base-15-g257422b
n-puzzle;heavy-cost;11/800;800;6 1 7 5 8 2 4 3 0;0 1 2 3 4 5 6 7 8;75;30;123;5504;100;0;46;0.019468;282720;BELA*;                        ? Unchecked;ijcai-2026-base-15-g257422b
n-puzzle;heavy-cost;12/800;800;7 5 2 1 6 3 8 0 4;0 1 2 3 4 5 6 7 8;75;33;113;2480;102;0;46;0.014735;168307;BELA*;                        ? Unchecked;ijcai-2026-base-15-g257422b
n-puzzle;heavy-cost;13/800;800;6 2 4 0 8 7 5 3 1;0 1 2 3 4 5 6 7 8;76;31;108;1239;70;0;46;0.01313;94364.1;BELA*;                        ? Unchecked;ijcai-2026-base-15-g257422b
n-puzzle;heavy-cost;14/800;800;0 1 6 2 5 7 4 8 3;0 1 2 3 4 5 6 7 8;74;36;120;3766;83;0;46;0.017139;219733;BELA*;                        ? Unchecked;ijcai-2026-base-15-g257422b
n-puzzle;heavy-cost;15/800;800;4 0 3 6 1 2 8 5 7;0 1 2 3 4 5 6 7 8;59;25;83;361;90;0;46;0.008876;40671.5;BELA*;                        ? Unchecked;ijcai-2026-base-15-g257422b
n-puzzle;heavy-cost;16/800;800;1 5 8 7 6 4 0 3 2;0 1 2 3 4 5 6 7 8;67;26;101;883;136;0;46;0.011484;76889.6;BELA*;                        ? Unchecked;ijcai-2026-base-15-g257422b
n-puzzle;heavy-cost;17/800;800;2 7 0 8 4 6 3 5 1;0 1 2 3 4 5 6 7 8;76;34;122;1392;78;0;46;0.012239;113735;BELA*;                        ? Unchecked;ijcai-2026-base-15-g257422b
n-puzzle;heavy-cost;18/800;800;7 4 8 1 5 6 0 2 3;0 1 2 3 4 5 6 7 8;81;30;111;1589;108;0;46;0.01324;120015;BELA*;                        ? Unchecked;ijcai-2026-base-15-g257422b
n-puzzle;heavy-cost;19/800;800;2 3 0 1 4 7 5 6 8;0 1 2 3 4 5 6 7 8;47;32;91;891;113;0;46;0.011676;76310.4;BELA*;                        ? Unchecked;ijcai-2026-base-15-g257422b
n-puzzle;heavy-cost;20/800;800;2 1 4 5 0 6 8 3 7;0 1 2 3 4 5 6 7 8;69;36;119;5942;104;0;46;0.02111;281478;BELA*;                        ? Unchecked;ijcai-2026-base-15-g257422b
n-puzzle;heavy-cost;21/800;800;8 7 6 2 5 4 1 0 3;0 1 2 3 4 5 6 7 8;97;33;137;6553;136;0;46;0.019508;335913;BELA*;                        ? Unchecked;ijcai-2026-base-15-g257422b
n-puzzle;heavy-cost;22/800;800;2 7 3 1 6 5 4 0 8;0 1 2 3 4 5 6 7 8;49;31;83;384;96;0;46;0.010864;35346.1;BELA*;                        ? Unchecked;ijcai-2026-base-15-g257422b
n-puzzle;heavy-cost;23/800;800;3 0 4 6 2 1 8 5 7;0 1 2 3 4 5 6 7 8;56;25;88;667;82;0;46;0.009934;67143.1;BELA*;                        ? Unchecked;ijcai-2026-base-15-g257422b
n-puzzle;heavy-cost;24/800;800;5 3 2 4 8 6 0 1 7;0 1 2 3 4 5 6 7 8;68;32;110;1691;61;0;46;0.010868;155594;BELA*;                        ? Unchecked;ijcai-2026-base-15-g257422b
n-puzzle;heavy-cost;25/800;800;1 3 5 2 4 6 8 7 0;0 1 2 3 4 5 6 7 8;52;32;122;7036;145;0;46;0.022476;313045;BELA*;                        ? Unchecked;ijcai-2026-base-15-g257422b
n-puzzle;heavy-cost;26/800;800;8 5 1 4 2 7 6 0 3;0 1 2 3 4 5 6 7 8;74;33;108;1462;73;0;46;0.012303;118833;BELA*;                        ? Unchecked;ijcai-2026-base-15-g257422b
n-puzzle;heavy-cost;27/800;800;2 8 5 6 3 1 4 0 7;0 1 2 3 4 5 6 7 8;59;27;95;799;70;0;46;0.01063;75164.6;BELA*;                        ? Unchecked;ijcai-2026-base-15-g257422b
n-puzzle;heavy-cost;28/800;800;5 0 7 4 2 3 1 6 8;0 1 2 3 4 5 6 7 8;59;27;83;381;79;0;46;0.008903;42794.6;BELA*;                        ? Unchecked;ijcai-2026-base-15-g257422b
n-puzzle;heavy-cost;29/800;800;3 2 4 7 6 8 5 1 0;0 1 2 3 4 5 6 7 8;64;30;94;603;82;0;46;0.010333;58356.7;BELA*;                        ? Unchecked;ijcai-2026-base-15-g257422b
n-puzzle;heavy-cost;30/800;800;1 3 2 0 8 6 4 7 5;0 1 2 3 4 5 6 7 8;54;29;96;546;81;0;46;0.010475;52124.1;BELA*;                        ? Unchecked;ijcai-2026-base-15-g257422b
n-puzzle;heavy-cost;31/800;800;8 2 5 3 7 6 4 0 1;0 1 2 3 4 5 6 7 8;75;31;117;2693;113;0;46;0.012679;212398;BELA*;                        ? Unchecked;ijcai-2026-base-15-g257422b
n-puzzle;heavy-cost;32/800;800;2 4 0 7 5 1 8 6 3;0 1 2 3 4 5 6 7 8;60;30;102;689;73;0;46;0.011159;61743.9;BELA*;                        ? Unchecked;ijcai-2026-base-15-g257422b
n-puzzle;heavy-cost;33/800;800;0 1 5 2 6 8 7 3 4;0 1 2 3 4 5 6 7 8;52;26;84;385;89;0;46;0.010333;37259.3;BELA*;                        ? Unchecked;ijcai-2026-base-15-g257422b
n-puzzle;heavy-cost;34/800;800;7 1 5 2 8 6 3 4 0;0 1 2 3 4 5 6 7 8;73;22;91;238;96;0;46;0.008939;26624.9;BELA*;                        ? Unchecked;ijcai-2026-base-15-g257422b
n-puzzle;heavy-cost;35/800;800;6 3 1 2 8 7 0 4 5;0 1 2 3 4 5 6 7 8;64;30;112;2250;158;0;46;0.013501;166654;BELA*;                        ? Unchecked;ijcai-2026-base-15-g257422b
n-puzzle;heavy-cost;36/800;800;0 3 5 4 8 6 7 2 1;0 1 2 3 4 5 6 7 8;65;30;99;572;62;0;46;0.010402;54989.4;BELA*;                        ? Unchecked;ijcai-2026-base-15-g257422b
n-puzzle;heavy-cost;37/800;800;8 1 4 0 3 2 5 6 7;0 1 2 3 4 5 6 7 8;73;33;105;1434;86;0;46;0.012254;117023;BELA*;                        ? Unchecked;ijcai-2026-base-15-g257422b
n-puzzle;heavy-cost;38/800;800;7 4 1 6 2 8 3 5 0;0 1 2 3 4 5 6 7 8;57;32;111;3457;126;0;46;0.014882;232294;BELA*;                        ? Unchecked;ijcai-2026-base-15-g257422b
n-puzzle;heavy-cost;39/800;800;4 6 8 0 5 1 3 2 7;0 1 2 3 4 5 6 7 8;65;29;101;1007;78;0;46;0.012151;82873.8;BELA*;                        ? Unchecked;ijcai-2026-base-15-g257422b
n-puzzle;heavy-cost;40/800;800;4 2 8 6 0 1 3 5 7;0 1 2 3 4 5 6 7 8;54;30;90;731;83;0;46;0.010189;71744;BELA*;                        ? Unchecked;ijcai-2026-base-15-g257422b
n-puzzle;heavy-cost;41/800;800;3 7 8 4 5 2 6 1 0;0 1 2 3 4 5 6 7 8;46;28;102;1247;98;0;46;0.011599;107509;BELA*;                        ? Unchecked;ijcai-2026-base-15-g257422b
n-puzzle;heavy-cost;42/800;800;7 5 6 1 0 3 2 8 4;0 1 2 3 4 5 6 7 8;87;30;103;367;82;0;46;0.010675;34379.4;BELA*;                        ? Unchecked;ijcai-2026-base-15-g257422b
n-puzzle;heavy-cost;43/800;800;1 6 4 8 5 3 7 2 0;0 1 2 3 4 5 6 7 8;75;32;109;1232;99;0;46;0.011304;108988;BELA*;                        ? Unchecked;ijcai-2026-base-15-g257422b
n-puzzle;heavy-cost;44/800;800;2 5 7 1 8 4 3 6 0;0 1 2 3 4 5 6 7 8;66;26;88;176;99;0;46;0.008224;21400.8;BELA*;                        ? Unchecked;ijcai-2026-base-15-g257422b
n-puzzle;heavy-cost;45/800;800;3 8 4 0 7 1 5 6 2;0 1 2 3 4 5 6 7 8;69;25;107;1026;125;0;46;0.011939;85936.8;BELA*;                        ? Unchecked;ijcai-2026-base-15-g257422b
n-puzzle;heavy-cost;46/800;800;3 0 5 4 2 1 7 8 6;0 1 2 3 4 5 6 7 8;45;29;83;454;63;0;46;0.009477;47905.5;BELA*;                        ? Unchecked;ijcai-2026-base-15-g257422b
n-puzzle;heavy-cost;47/800;800;4 5 3 1 7 0 8 2 6;0 1 2 3 4 5 6 7 8;70;31;106;968;83;0;46;0.010216;94753.3;BELA*;                        ? Unchecked;ijcai-2026-base-15-g257422b
n-puzzle;heavy-cost;48/800;800;1 8 4 2 3 5 6 0 7;0 1 2 3 4 5 6 7 8;49;25;87;496;98;0;46;0.010588;46845.5;BELA*;                        ? Unchecked;ijcai-2026-base-15-g257422b
n-puzzle;heavy-cost;49/800;800;4 8 1 0 6 7 3 2 5;0 1 2 3 4 5 6 7 8;73;29;109;1477;95;0;46;0.011314;130546;BELA*;                        ? Unchecked;ijcai-2026-base-15-g257422b
n-puzzle;heavy-cost;50/800;800;8 5 3 4 6 1 7 2 0;0 1 2 3 4 5 6 7 8;82;34;116;2407;105;0;46;0.013715;175501;BELA*;                        ? Unchecked;ijcai-2026-base-15-g257422b
n-puzzle;heavy-cost;51/800;800;4 3 7 1 5 2 6 0 8;0 1 2 3 4 5 6 7 8;44;25;82;482;72;0;46;0.008881;54273.2;BELA*;                        ? Unchecked;ijcai-2026-base-15-g257422b
n-puzzle;heavy-cost;52/800;800;7 4 1 2 3 0 5 8 6;0 1 2 3 4 5 6 7 8;70;31;126;9139;144;0;46;0.025813;354046;BELA*;                        ? Unchecked;ijcai-2026-base-15-g257422b
n-puzzle;heavy-cost;53/800;800;7 5 6 8 2 1 0 4 3;0 1 2 3 4 5 6 7 8;98;36;122;2786;90;0;46;0.015966;174496;BELA*;                        ? Unchecked;ijcai-2026-base-15-g257422b
n-puzzle;heavy-cost;54/800;800;2 8 5 0 7 6 1 4 3;0 1 2 3 4 5 6 7 8;74;27;108;850;76;0;46;0.011922;71296.8;BELA*;                        ? Unchecked;ijcai-2026-base-15-g257422b
n-puzzle;heavy-cost;55/800;800;3 5 2 4 1 6 8 0 7;0 1 2 3 4 5 6 7 8;59;31;109;2784;104;0;46;0.014563;191169;BELA*;                        ? Unchecked;ijcai-2026-base-15-g257422b
n-puzzle;heavy-cost;56/800;800;8 6 1 5 4 3 0 2 7;0 1 2 3 4 5 6 7 8;80;34;124;3101;128;0;46;0.01618;191656;BELA*;                        ? Unchecked;ijcai-2026-base-15-g257422b
n-puzzle;heavy-cost;57/800;800;4 6 5 7 3 2 1 0 8;0 1 2 3 4 5 6 7 8;53;31;101;2302;141;0;46;0.013222;174104;BELA*;                        ? Unchecked;ijcai-2026-base-15-g257422b
n-puzzle;heavy-cost;58/800;800;3 7 4 2 8 6 5 0 1;0 1 2 3 4 5 6 7 8;83;33;109;1044;70;0;46;0.012616;82752.1;BELA*;                        ? Unchecked;ijcai-2026-base-15-g257422b
n-puzzle;heavy-cost;59/800;800;8 7 4 5 6 2 3 0 1;0 1 2 3 4 5 6 7 8;84;35;134;9261;156;0;46;0.024888;372107;BELA*;                        ? Unchecked;ijcai-2026-base-15-g257422b
n-puzzle;heavy-cost;60/800;800;6 1 5 3 4 0 8 2 7;0 1 2 3 4 5 6 7 8;46;25;104;2329;103;0;46;0.013474;172851;BELA*;                        ? Unchecked;ijcai-2026-base-15-g257422b
n-puzzle;heavy-cost;61/800;800;4 5 2 8 0 3 1 6 7;0 1 2 3 4 5 6 7 8;64;28;104;1683;183;0;46;0.012627;133286;BELA*;                        ? Unchecked;ijcai-2026-base-15-g257422b
n-puzzle;heavy-cost;62/800;800;8 5 4 6 1 2 7 3 0;0 1 2 3 4 5 6 7 8;72;34;122;7789;137;0;46;0.022647;343931;BELA*;                        ? Unchecked;ijcai-2026-base-15-g257422b
n-puzzle;heavy-cost;63/800;800;0 5 8 2 6 7 4 3 1;0 1 2 3 4 5 6 7 8;75;32;93;376;101;0;46;0.010673;35229.1;BELA*;                        ? Unchecked;ijcai-2026-base-15-g257422b
n-puzzle;heavy-cost;64/800;800;5 0 1 8 7 3 4 6 2;0 1 2 3 4 5 6 7 8;71;31;109;699;51;0;46;0.01022;68395.3;BELA*;                        ? Unchecked;ijcai-2026-base-15-g257422b
n-puzzle;heavy-cost;65/800;800;7 6 1 3 4 8 0 5 2;0 1 2 3 4 5 6 7 8;62;30;112;2017;149;0;46;0.013762;146563;BELA*;                        ? Unchecked;ijcai-2026-base-15-g257422b
n-puzzle;heavy-cost;66/800;800;8 0 7 3 6 5 1 2 4;0 1 2 3 4 5 6 7 8;82;35;122;2906;111;0;46;0.015101;192438;BELA*;                        ? Unchecked;ijcai-2026-base-15-g257422b
n-puzzle;heavy-cost;67/800;800;7 2 8 6 5 1 4 0 3;0 1 2 3 4 5 6 7 8;69;33;111;2671;83;0;46;0.014104;189379;BELA*;                        ? Unchecked;ijcai-2026-base-15-g257422b
n-puzzle;heavy-cost;68/800;800;5 0 3 4 1 8 2 7 6;0 1 2 3 4 5 6 7 8;57;31;99;1136;116;0;46;0.012797;88770.8;BELA*;                        ? Unchecked;ijcai-2026-base-15-g257422b
n-puzzle;heavy-cost;69/800;800;7 8 4 6 3 5 2 1 0;0 1 2 3 4 5 6 7 8;72;34;114;2645;120;0;46;0.016108;164204;BELA*;                        ? Unchecked;ijcai-2026-base-15-g257422b
n-puzzle;heavy-cost;70/800;800;7 0 3 2 8 1 5 4 6;0 1 2 3 4 5 6 7 8;85;27;103;395;80;0;46;0.01037;38090.6;BELA*;                        ? Unchecked;ijcai-2026-base-15-g257422b
n-puzzle;heavy-cost;71/800;800;1 0 7 3 4 8 2 5 6;0 1 2 3 4 5 6 7 8;60;31;102;1102;107;0;46;0.017994;61242.6;BELA*;                        ? Unchecked;ijcai-2026-base-15-g257422b
n-puzzle;heavy-cost;72/800;800;8 0 7 4 3 6 5 2 1;0 1 2 3 4 5 6 7 8;102;29;124;2142;144;0;46;0.013981;153208;BELA*;                        ? Unchecked;ijcai-2026-base-15-g257422b
n-puzzle;heavy-cost;73/800;800;3 7 8 5 1 2 0 6 4;0 1 2 3 4 5 6 7 8;60;34;122;6949;169;0;46;0.022916;303238;BELA*;                        ? Unchecked;ijcai-2026-base-15-g257422b
n-puzzle;heavy-cost;74/800;800;1 6 2 0 7 8 4 5 3;0 1 2 3 4 5 6 7 8;61;27;93;279;78;0;46;0.008929;31246.5;BELA*;                        ? Unchecked;ijcai-2026-base-15-g257422b
n-puzzle;heavy-cost;75/800;800;6 1 2 3 0 8 4 5 7;0 1 2 3 4 5 6 7 8;45;26;89;699;103;0;46;0.010749;65029.3;BELA*;                        ? Unchecked;ijcai-2026-base-15-g257422b
n-puzzle;heavy-cost;76/800;800;1 0 7 5 6 4 3 2 8;0 1 2 3 4 5 6 7 8;57;31;101;1258;75;0;46;0.013385;93985.8;BELA*;                        ? Unchecked;ijcai-2026-base-15-g257422b
n-puzzle;heavy-cost;77/800;800;2 7 6 1 4 0 5 3 8;0 1 2 3 4 5 6 7 8;65;35;115;3531;77;0;46;0.016265;217092;BELA*;                        ? Unchecked;ijcai-2026-base-15-g257422b
n-puzzle;heavy-cost;78/800;800;2 3 8 4 0 6 1 5 7;0 1 2 3 4 5 6 7 8;68;26;102;1406;112;0;46;0.011786;119294;BELA*;                        ? Unchecked;ijcai-2026-base-15-g257422b
n-puzzle;heavy-cost;79/800;800;0 5 4 6 1 7 8 2 3;0 1 2 3 4 5 6 7 8;70;34;98;601;82;0;46;0.011553;52021.1;BELA*;                        ? Unchecked;ijcai-2026-base-15-g257422b
n-puzzle;heavy-cost;80/800;800;5 3 4 7 0 1 8 6 2;0 1 2 3 4 5 6 7 8;71;26;93;366;61;0;46;0.010168;35995.3;BELA*;                        ? Unchecked;ijcai-2026-base-15-g257422b
n-puzzle;heavy-cost;81/800;800;1 7 5 6 8 3 4 2 0;0 1 2 3 4 5 6 7 8;62;30;112;2633;171;0;46;0.014991;175639;BELA*;                        ? Unchecked;ijcai-2026-base-15-g257422b
n-puzzle;heavy-cost;82/800;800;3 1 4 0 5 8 2 7 6;0 1 2 3 4 5 6 7 8;44;29;90;567;91;0;46;0.010459;54211.7;BELA*;                        ? Unchecked;ijcai-2026-base-15-g257422b
n-puzzle;heavy-cost;83/800;800;4 2 3 0 5 1 8 6 7;0 1 2 3 4 5 6 7 8;55;23;95;724;76;0;46;0.010247;70654.8;BELA*;                        ? Unchecked;ijcai-2026-base-15-g257422b
n-puzzle;heavy-cost;84/800;800;4 7 3 1 6 5 8 0 2;0 1 2 3 4 5 6 7 8;65;29;113;2344;120;0;46;0.014838;157973;BELA*;                        ? Unchecked;ijcai-2026-base-15-g257422b
n-puzzle;heavy-cost;85/800;800;3 6 0 1 5 8 4 2 7;0 1 2 3 4 5 6 7 8;57;32;115;3988;97;0;46;0.016967;235044;BELA*;                        ? Unchecked;ijcai-2026-base-15-g257422b
n-puzzle;heavy-cost;86/800;800;8 6 2 7 5 1 3 0 4;0 1 2 3 4 5 6 7 8;82;31;130;8333;163;0;46;0.02402;346919;BELA*;                        ? Unchecked;ijcai-2026-base-15-g257422b
n-puzzle;heavy-cost;87/800;800;3 2 5 7 6 0 8 1 4;0 1 2 3 4 5 6 7 8;62;19;82;186;86;0;46;0.008956;20768.2;BELA*;                        ? Unchecked;ijcai-2026-base-15-g257422b
n-puzzle;heavy-cost;88/800;800;1 3 2 4 0 5 8 7 6;0 1 2 3 4 5 6 7 8;39;28;115;4842;165;0;46;0.0168;288214;BELA*;                        ? Unchecked;ijcai-2026-base-15-g257422b
n-puzzle;heavy-cost;89/800;800;0 8 4 3 2 1 6 5 7;0 1 2 3 4 5 6 7 8;55;24;85;294;82;0;46;0.010601;27733.2;BELA*;                        ? Unchecked;ijcai-2026-base-15-g257422b
n-puzzle;heavy-cost;90/800;800;0 6 1 5 7 8 4 2 3;0 1 2 3 4 5 6 7 8;67;32;107;881;87;0;46;0.010446;84338.5;BELA*;                        ? Unchecked;ijcai-2026-base-15-g257422b
n-puzzle;heavy-cost;91/800;800;2 1 6 4 5 8 3 0 7;0 1 2 3 4 5 6 7 8;55;27;105;1942;77;0;46;0.012529;155000;BELA*;                        ? Unchecked;ijcai-2026-base-15-g257422b
n-puzzle;heavy-cost;92/800;800;3 7 4 6 1 5 8 0 2;0 1 2 3 4 5 6 7 8;52;29;98;1227;119;0;46;0.012612;97288.3;BELA*;                        ? Unchecked;ijcai-2026-base-15-g257422b
n-puzzle;heavy-cost;93/800;800;7 6 1 3 5 8 2 4 0;0 1 2 3 4 5 6 7 8;65;32;107;1389;120;0;46;0.013005;106805;BELA*;                        ? Unchecked;ijcai-2026-base-15-g257422b
n-puzzle;heavy-cost;94/800;800;4 7 8 1 0 3 6 2 5;0 1 2 3 4 5 6 7 8;57;28;111;4003;125;0;46;0.0153;261634;BELA*;                        ? Unchecked;ijcai-2026-base-15-g257422b
n-puzzle;heavy-cost;95/800;800;0 5 8 2 7 4 1 6 3;0 1 2 3 4 5 6 7 8;61;24;93;265;71;0;46;0.010212;25949.9;BELA*;                        ? Unchecked;ijcai-2026-base-15-g257422b
n-puzzle;heavy-cost;96/800;800;5 2 3 8 7 0 1 6 4;0 1 2 3 4 5 6 7 8;74;33;110;1005;86;0;46;0.011557;86960.3;BELA*;                        ? Unchecked;ijcai-2026-base-15-g257422b
n-puzzle;heavy-cost;97/800;800;8 3 0 4 7 2 6 1 5;0 1 2 3 4 5 6 7 8;58;26;104;1006;107;0;46;0.011031;91197.5;BELA*;                        ? Unchecked;ijcai-2026-base-15-g257422b
n-puzzle;heavy-cost;98/800;800;5 8 6 0 7 4 1 3 2;0 1 2 3 4 5 6 7 8;87;31;123;2442;131;0;46;0.014914;163739;BELA*;                        ? Unchecked;ijcai-2026-base-15-g257422b
n-puzzle;heavy-cost;99/800;800;7 5 0 6 3 2 1 8 4;0 1 2 3 4 5 6 7 8;61;34;101;1225;76;0;46;0.013068;93740.4;BELA*;                        ? Unchecked;ijcai-2026-base-15-g257422b
n-puzzle;heavy-cost;0/900;900;5 6 0 8 4 7 1 3 2;0 1 2 3 4 5 6 7 8;84;28;124;1799;82;0;46;0.014298;125822;BELA*;                        ? Unchecked;ijcai-2026-base-15-g257422b
n-puzzle;heavy-cost;1/900;900;0 8 6 4 7 1 5 3 2;0 1 2 3 4 5 6 7 8;86;30;124;2063;141;0;46;0.015952;129325;BELA*;                        ? Unchecked;ijcai-2026-base-15-g257422b
n-puzzle;heavy-cost;2/900;900;5 2 8 0 7 4 1 3 6;0 1 2 3 4 5 6 7 8;65;29;103;1092;89;0;46;0.012969;84200.8;BELA*;                        ? Unchecked;ijcai-2026-base-15-g257422b
n-puzzle;heavy-cost;3/900;900;7 2 6 0 8 1 5 4 3;0 1 2 3 4 5 6 7 8;93;35;121;1841;106;0;46;0.016133;114114;BELA*;                        ? Unchecked;ijcai-2026-base-15-g257422b
n-puzzle;heavy-cost;4/900;900;5 1 8 6 0 7 2 4 3;0 1 2 3 4 5 6 7 8;72;30;102;1183;161;0;46;0.01378;85849.1;BELA*;                        ? Unchecked;ijcai-2026-base-15-g257422b
n-puzzle;heavy-cost;5/900;900;8 0 3 6 4 5 7 2 1;0 1 2 3 4 5 6 7 8;63;29;115;3774;115;0;46;0.017906;210767;BELA*;                        ? Unchecked;ijcai-2026-base-15-g257422b
n-puzzle;heavy-cost;6/900;900;4 2 7 1 5 8 0 6 3;0 1 2 3 4 5 6 7 8;61;24;97;767;75;0;46;0.011733;65371.2;BELA*;                        ? Unchecked;ijcai-2026-base-15-g257422b
n-puzzle;heavy-cost;7/900;900;4 1 7 3 2 5 6 0 8;0 1 2 3 4 5 6 7 8;33;31;87;1065;105;0;46;0.012601;84517.1;BELA*;                        ? Unchecked;ijcai-2026-base-15-g257422b
n-puzzle;heavy-cost;8/900;900;8 4 0 5 1 6 2 7 3;0 1 2 3 4 5 6 7 8;82;38;134;8345;197;0;46;0.026636;313298;BELA*;                        ? Unchecked;ijcai-2026-base-15-g257422b
n-puzzle;heavy-cost;9/900;900;1 3 0 7 6 2 5 8 4;0 1 2 3 4 5 6 7 8;66;32;102;1022;105;0;46;0.0118;86610.2;BELA*;                        ? Unchecked;ijcai-2026-base-15-g257422b
n-puzzle;heavy-cost;10/900;900;7 0 4 6 8 5 3 1 2;0 1 2 3 4 5 6 7 8;60;33;118;4213;103;0;46;0.020505;205462;BELA*;                        ? Unchecked;ijcai-2026-base-15-g257422b
n-puzzle;heavy-cost;11/900;900;6 1 7 5 8 2 4 3 0;0 1 2 3 4 5 6 7 8;75;32;125;6660;126;0;46;0.022995;289628;BELA*;                        ? Unchecked;ijcai-2026-base-15-g257422b
n-puzzle;heavy-cost;12/900;900;7 5 2 1 6 3 8 0 4;0 1 2 3 4 5 6 7 8;75;33;113;2480;103;0;46;0.016943;146373;BELA*;                        ? Unchecked;ijcai-2026-base-15-g257422b
n-puzzle;heavy-cost;13/900;900;6 2 4 0 8 7 5 3 1;0 1 2 3 4 5 6 7 8;76;35;108;1239;72;0;46;0.014796;83738.8;BELA*;                        ? Unchecked;ijcai-2026-base-15-g257422b
n-puzzle;heavy-cost;14/900;900;0 1 6 2 5 7 4 8 3;0 1 2 3 4 5 6 7 8;74;36;120;3766;83;0;46;0.018511;203447;BELA*;                        ? Unchecked;ijcai-2026-base-15-g257422b
n-puzzle;heavy-cost;15/900;900;4 0 3 6 1 2 8 5 7;0 1 2 3 4 5 6 7 8;59;23;83;361;90;0;46;0.009713;37166.7;BELA*;                        ? Unchecked;ijcai-2026-base-15-g257422b
n-puzzle;heavy-cost;16/900;900;1 5 8 7 6 4 0 3 2;0 1 2 3 4 5 6 7 8;67;30;103;1088;168;0;46;0.01302;83563.7;BELA*;                        ? Unchecked;ijcai-2026-base-15-g257422b
n-puzzle;heavy-cost;17/900;900;2 7 0 8 4 6 3 5 1;0 1 2 3 4 5 6 7 8;76;34;122;1392;78;0;46;0.01365;101978;BELA*;                        ? Unchecked;ijcai-2026-base-15-g257422b
n-puzzle;heavy-cost;18/900;900;7 4 8 1 5 6 0 2 3;0 1 2 3 4 5 6 7 8;81;30;111;1589;109;0;46;0.015204;104512;BELA*;                        ? Unchecked;ijcai-2026-base-15-g257422b
n-puzzle;heavy-cost;19/900;900;2 3 0 1 4 7 5 6 8;0 1 2 3 4 5 6 7 8;47;32;91;891;113;0;46;0.01273;69992.1;BELA*;                        ? Unchecked;ijcai-2026-base-15-g257422b
n-puzzle;heavy-cost;20/900;900;2 1 4 5 0 6 8 3 7;0 1 2 3 4 5 6 7 8;69;32;119;5942;107;0;46;0.02269;261877;BELA*;                        ? Unchecked;ijcai-2026-base-15-g257422b
n-puzzle;heavy-cost;21/900;900;8 7 6 2 5 4 1 0 3;0 1 2 3 4 5 6 7 8;97;33;137;6553;136;0;46;0.020457;320330;BELA*;                        ? Unchecked;ijcai-2026-base-15-g257422b
n-puzzle;heavy-cost;22/900;900;2 7 3 1 6 5 4 0 8;0 1 2 3 4 5 6 7 8;49;27;83;384;96;0;46;0.011913;32233.7;BELA*;                        ? Unchecked;ijcai-2026-base-15-g257422b
n-puzzle;heavy-cost;23/900;900;3 0 4 6 2 1 8 5 7;0 1 2 3 4 5 6 7 8;56;25;88;667;82;0;46;0.010888;61260.1;BELA*;                        ? Unchecked;ijcai-2026-base-15-g257422b
n-puzzle;heavy-cost;24/900;900;5 3 2 4 8 6 0 1 7;0 1 2 3 4 5 6 7 8;68;32;110;1691;61;0;46;0.012028;140589;BELA*;                        ? Unchecked;ijcai-2026-base-15-g257422b
n-puzzle;heavy-cost;25/900;900;1 3 5 2 4 6 8 7 0;0 1 2 3 4 5 6 7 8;52;36;122;7036;168;0;46;0.024047;292594;BELA*;                        ? Unchecked;ijcai-2026-base-15-g257422b
n-puzzle;heavy-cost;26/900;900;8 5 1 4 2 7 6 0 3;0 1 2 3 4 5 6 7 8;74;33;108;1462;74;0;46;0.014441;101240;BELA*;                        ? Unchecked;ijcai-2026-base-15-g257422b
n-puzzle;heavy-cost;27/900;900;2 8 5 6 3 1 4 0 7;0 1 2 3 4 5 6 7 8;59;25;95;799;78;0;46;0.011854;67403.4;BELA*;                        ? Unchecked;ijcai-2026-base-15-g257422b
n-puzzle;heavy-cost;28/900;900;5 0 7 4 2 3 1 6 8;0 1 2 3 4 5 6 7 8;59;25;83;381;82;0;46;0.00981;38837.9;BELA*;                        ? Unchecked;ijcai-2026-base-15-g257422b
n-puzzle;heavy-cost;29/900;900;3 2 4 7 6 8 5 1 0;0 1 2 3 4 5 6 7 8;64;28;94;603;82;0;46;0.010908;55280.5;BELA*;                        ? Unchecked;ijcai-2026-base-15-g257422b
n-puzzle;heavy-cost;30/900;900;1 3 2 0 8 6 4 7 5;0 1 2 3 4 5 6 7 8;54;27;96;546;88;0;46;0.011498;47486.5;BELA*;                        ? Unchecked;ijcai-2026-base-15-g257422b
n-puzzle;heavy-cost;31/900;900;8 2 5 3 7 6 4 0 1;0 1 2 3 4 5 6 7 8;75;31;117;2693;117;0;46;0.013784;195371;BELA*;                        ? Unchecked;ijcai-2026-base-15-g257422b
n-puzzle;heavy-cost;32/900;900;2 4 0 7 5 1 8 6 3;0 1 2 3 4 5 6 7 8;60;32;102;689;73;0;46;0.012152;56698.5;BELA*;                        ? Unchecked;ijcai-2026-base-15-g257422b
n-puzzle;heavy-cost;33/900;900;0 1 5 2 6 8 7 3 4;0 1 2 3 4 5 6 7 8;52;30;84;385;90;0;46;0.011641;33072.8;BELA*;                        ? Unchecked;ijcai-2026-base-15-g257422b
n-puzzle;heavy-cost;34/900;900;7 1 5 2 8 6 3 4 0;0 1 2 3 4 5 6 7 8;73;24;91;238;97;0;46;0.010187;23363.1;BELA*;                        ? Unchecked;ijcai-2026-base-15-g257422b
n-puzzle;heavy-cost;35/900;900;6 3 1 2 8 7 0 4 5;0 1 2 3 4 5 6 7 8;64;30;112;2250;161;0;46;0.014643;153657;BELA*;                        ? Unchecked;ijcai-2026-base-15-g257422b
n-puzzle;heavy-cost;36/900;900;0 3 5 4 8 6 7 2 1;0 1 2 3 4 5 6 7 8;65;28;99;572;70;0;46;0.011628;49191.6;BELA*;                        ? Unchecked;ijcai-2026-base-15-g257422b
n-puzzle;heavy-cost;37/900;900;8 1 4 0 3 2 5 6 7;0 1 2 3 4 5 6 7 8;73;33;105;1434;86;0;46;0.013433;106752;BELA*;                        ? Unchecked;ijcai-2026-base-15-g257422b
n-puzzle;heavy-cost;38/900;900;7 4 1 6 2 8 3 5 0;0 1 2 3 4 5 6 7 8;57;30;111;3457;130;0;46;0.016296;212138;BELA*;                        ? Unchecked;ijcai-2026-base-15-g257422b
n-puzzle;heavy-cost;39/900;900;4 6 8 0 5 1 3 2 7;0 1 2 3 4 5 6 7 8;65;31;103;1261;103;0;46;0.013922;90576.1;BELA*;                        ? Unchecked;ijcai-2026-base-15-g257422b
n-puzzle;heavy-cost;40/900;900;4 2 8 6 0 1 3 5 7;0 1 2 3 4 5 6 7 8;54;28;90;731;87;0;46;0.011631;62849.3;BELA*;                        ? Unchecked;ijcai-2026-base-15-g257422b
n-puzzle;heavy-cost;41/900;900;3 7 8 4 5 2 6 1 0;0 1 2 3 4 5 6 7 8;46;30;102;1247;98;0;46;0.01281;97345.8;BELA*;                        ? Unchecked;ijcai-2026-base-15-g257422b
n-puzzle;heavy-cost;42/900;900;7 5 6 1 0 3 2 8 4;0 1 2 3 4 5 6 7 8;87;32;103;367;82;0;46;0.011838;31001.9;BELA*;                        ? Unchecked;ijcai-2026-base-15-g257422b
n-puzzle;heavy-cost;43/900;900;1 6 4 8 5 3 7 2 0;0 1 2 3 4 5 6 7 8;75;32;109;1232;100;0;46;0.012837;95972.6;BELA*;                        ? Unchecked;ijcai-2026-base-15-g257422b
n-puzzle;heavy-cost;44/900;900;2 5 7 1 8 4 3 6 0;0 1 2 3 4 5 6 7 8;66;24;88;176;112;0;46;0.009821;17920.8;BELA*;                        ? Unchecked;ijcai-2026-base-15-g257422b
n-puzzle;heavy-cost;45/900;900;3 8 4 0 7 1 5 6 2;0 1 2 3 4 5 6 7 8;69;33;107;1026;129;0;46;0.013418;76464.5;BELA*;                        ? Unchecked;ijcai-2026-base-15-g257422b
n-puzzle;heavy-cost;46/900;900;3 0 5 4 2 1 7 8 6;0 1 2 3 4 5 6 7 8;45;25;83;454;71;0;46;0.010457;43415.9;BELA*;                        ? Unchecked;ijcai-2026-base-15-g257422b
n-puzzle;heavy-cost;47/900;900;4 5 3 1 7 0 8 2 6;0 1 2 3 4 5 6 7 8;70;31;106;968;85;0;46;0.011241;86113.3;BELA*;                        ? Unchecked;ijcai-2026-base-15-g257422b
n-puzzle;heavy-cost;48/900;900;1 8 4 2 3 5 6 0 7;0 1 2 3 4 5 6 7 8;49;29;87;496;105;0;46;0.011584;42817.7;BELA*;                        ? Unchecked;ijcai-2026-base-15-g257422b
n-puzzle;heavy-cost;49/900;900;4 8 1 0 6 7 3 2 5;0 1 2 3 4 5 6 7 8;73;29;111;1811;115;0;46;0.013089;138360;BELA*;                        ? Unchecked;ijcai-2026-base-15-g257422b
n-puzzle;heavy-cost;50/900;900;8 5 3 4 6 1 7 2 0;0 1 2 3 4 5 6 7 8;82;34;116;2407;106;0;46;0.015076;159658;BELA*;                        ? Unchecked;ijcai-2026-base-15-g257422b
n-puzzle;heavy-cost;51/900;900;4 3 7 1 5 2 6 0 8;0 1 2 3 4 5 6 7 8;44;25;84;573;99;0;46;0.010203;56160;BELA*;                        ? Unchecked;ijcai-2026-base-15-g257422b
n-puzzle;heavy-cost;52/900;900;7 4 1 2 3 0 5 8 6;0 1 2 3 4 5 6 7 8;70;37;126;9139;149;0;46;0.027577;331399;BELA*;                        ? Unchecked;ijcai-2026-base-15-g257422b
n-puzzle;heavy-cost;53/900;900;7 5 6 8 2 1 0 4 3;0 1 2 3 4 5 6 7 8;98;34;122;2786;91;0;46;0.01759;158385;BELA*;                        ? Unchecked;ijcai-2026-base-15-g257422b
n-puzzle;heavy-cost;54/900;900;2 8 5 0 7 6 1 4 3;0 1 2 3 4 5 6 7 8;74;33;108;850;76;0;46;0.012951;65632;BELA*;                        ? Unchecked;ijcai-2026-base-15-g257422b
n-puzzle;heavy-cost;55/900;900;3 5 2 4 1 6 8 0 7;0 1 2 3 4 5 6 7 8;59;33;109;2784;105;0;46;0.015856;175580;BELA*;                        ? Unchecked;ijcai-2026-base-15-g257422b
n-puzzle;heavy-cost;56/900;900;8 6 1 5 4 3 0 2 7;0 1 2 3 4 5 6 7 8;80;34;124;3101;131;0;46;0.017819;174028;BELA*;                        ? Unchecked;ijcai-2026-base-15-g257422b
n-puzzle;heavy-cost;57/900;900;4 6 5 7 3 2 1 0 8;0 1 2 3 4 5 6 7 8;53;31;101;2302;147;0;46;0.014565;158050;BELA*;                        ? Unchecked;ijcai-2026-base-15-g257422b
n-puzzle;heavy-cost;58/900;900;3 7 4 2 8 6 5 0 1;0 1 2 3 4 5 6 7 8;83;31;109;1044;80;0;46;0.013809;75602.9;BELA*;                        ? Unchecked;ijcai-2026-base-15-g257422b
n-puzzle;heavy-cost;59/900;900;8 7 4 5 6 2 3 0 1;0 1 2 3 4 5 6 7 8;84;33;134;9261;158;0;47;0.026583;348381;BELA*;                        ? Unchecked;ijcai-2026-base-15-g257422b
n-puzzle;heavy-cost;60/900;900;6 1 5 3 4 0 8 2 7;0 1 2 3 4 5 6 7 8;46;29;106;2818;122;0;47;0.01554;181338;BELA*;                        ? Unchecked;ijcai-2026-base-15-g257422b
n-puzzle;heavy-cost;61/900;900;4 5 2 8 0 3 1 6 7;0 1 2 3 4 5 6 7 8;64;32;104;1683;191;0;47;0.013893;121140;BELA*;                        ? Unchecked;ijcai-2026-base-15-g257422b
n-puzzle;heavy-cost;62/900;900;8 5 4 6 1 2 7 3 0;0 1 2 3 4 5 6 7 8;72;28;122;7789;154;0;47;0.024727;315000;BELA*;                        ? Unchecked;ijcai-2026-base-15-g257422b
n-puzzle;heavy-cost;63/900;900;0 5 8 2 6 7 4 3 1;0 1 2 3 4 5 6 7 8;75;30;93;376;101;0;47;0.011839;31759.4;BELA*;                        ? Unchecked;ijcai-2026-base-15-g257422b
n-puzzle;heavy-cost;64/900;900;5 0 1 8 7 3 4 6 2;0 1 2 3 4 5 6 7 8;71;31;109;699;52;0;47;0.01093;63952.4;BELA*;                        ? Unchecked;ijcai-2026-base-15-g257422b
n-puzzle;heavy-cost;65/900;900;7 6 1 3 4 8 0 5 2;0 1 2 3 4 5 6 7 8;62;32;112;2017;154;0;47;0.014965;134781;BELA*;                        ? Unchecked;ijcai-2026-base-15-g257422b
n-puzzle;heavy-cost;66/900;900;8 0 7 3 6 5 1 2 4;0 1 2 3 4 5 6 7 8;82;33;122;2906;112;0;47;0.01673;173700;BELA*;                        ? Unchecked;ijcai-2026-base-15-g257422b
n-puzzle;heavy-cost;67/900;900;7 2 8 6 5 1 4 0 3;0 1 2 3 4 5 6 7 8;69;33;111;2671;83;0;47;0.015203;175689;BELA*;                        ? Unchecked;ijcai-2026-base-15-g257422b
n-puzzle;heavy-cost;68/900;900;5 0 3 4 1 8 2 7 6;0 1 2 3 4 5 6 7 8;57;35;99;1136;120;0;47;0.014223;79870.6;BELA*;                        ? Unchecked;ijcai-2026-base-15-g257422b
n-puzzle;heavy-cost;69/900;900;7 8 4 6 3 5 2 1 0;0 1 2 3 4 5 6 7 8;72;36;114;2645;120;0;47;0.017874;147980;BELA*;                        ? Unchecked;ijcai-2026-base-15-g257422b
n-puzzle;heavy-cost;70/900;900;7 0 3 2 8 1 5 4 6;0 1 2 3 4 5 6 7 8;85;25;105;487;97;0;47;0.012319;39532.4;BELA*;                        ? Unchecked;ijcai-2026-base-15-g257422b
n-puzzle;heavy-cost;71/900;900;1 0 7 3 4 8 2 5 6;0 1 2 3 4 5 6 7 8;60;31;102;1102;109;0;47;0.013907;79240.7;BELA*;                        ? Unchecked;ijcai-2026-base-15-g257422b
n-puzzle;heavy-cost;72/900;900;8 0 7 4 3 6 5 2 1;0 1 2 3 4 5 6 7 8;102;31;124;2142;148;0;47;0.015804;135535;BELA*;                        ? Unchecked;ijcai-2026-base-15-g257422b
n-puzzle;heavy-cost;73/900;900;3 7 8 5 1 2 0 6 4;0 1 2 3 4 5 6 7 8;60;32;122;6949;170;0;47;0.024631;282124;BELA*;                        ? Unchecked;ijcai-2026-base-15-g257422b
n-puzzle;heavy-cost;74/900;900;1 6 2 0 7 8 4 5 3;0 1 2 3 4 5 6 7 8;61;29;93;279;78;0;47;0.009996;27911.2;BELA*;                        ? Unchecked;ijcai-2026-base-15-g257422b
n-puzzle;heavy-cost;75/900;900;6 1 2 3 0 8 4 5 7;0 1 2 3 4 5 6 7 8;45;28;89;699;103;0;47;0.011995;58274.3;BELA*;                        ? Unchecked;ijcai-2026-base-15-g257422b
n-puzzle;heavy-cost;76/900;900;1 0 7 5 6 4 3 2 8;0 1 2 3 4 5 6 7 8;57;37;101;1258;75;0;47;0.014691;85630.7;BELA*;                        ? Unchecked;ijcai-2026-base-15-g257422b
n-puzzle;heavy-cost;77/900;900;2 7 6 1 4 0 5 3 8;0 1 2 3 4 5 6 7 8;65;31;115;3531;78;0;47;0.018247;193511;BELA*;                        ? Unchecked;ijcai-2026-base-15-g257422b
n-puzzle;heavy-cost;78/900;900;2 3 8 4 0 6 1 5 7;0 1 2 3 4 5 6 7 8;68;30;102;1406;113;0;47;0.014039;100150;BELA*;                        ? Unchecked;ijcai-2026-base-15-g257422b
n-puzzle;heavy-cost;79/900;900;0 5 4 6 1 7 8 2 3;0 1 2 3 4 5 6 7 8;70;32;98;601;83;0;47;0.01301;46195.2;BELA*;                        ? Unchecked;ijcai-2026-base-15-g257422b
n-puzzle;heavy-cost;80/900;900;5 3 4 7 0 1 8 6 2;0 1 2 3 4 5 6 7 8;71;26;93;366;72;0;47;0.011524;31759.8;BELA*;                        ? Unchecked;ijcai-2026-base-15-g257422b
n-puzzle;heavy-cost;81/900;900;1 7 5 6 8 3 4 2 0;0 1 2 3 4 5 6 7 8;62;30;112;2633;172;0;47;0.017012;154773;BELA*;                        ? Unchecked;ijcai-2026-base-15-g257422b
n-puzzle;heavy-cost;82/900;900;3 1 4 0 5 8 2 7 6;0 1 2 3 4 5 6 7 8;44;29;90;567;91;0;47;0.011757;48226.6;BELA*;                        ? Unchecked;ijcai-2026-base-15-g257422b
n-puzzle;heavy-cost;83/900;900;4 2 3 0 5 1 8 6 7;0 1 2 3 4 5 6 7 8;55;23;97;866;86;0;47;0.012231;70803.7;BELA*;                        ? Unchecked;ijcai-2026-base-15-g257422b
n-puzzle;heavy-cost;84/900;900;4 7 3 1 6 5 8 0 2;0 1 2 3 4 5 6 7 8;65;29;113;2344;122;0;47;0.016776;139723;BELA*;                        ? Unchecked;ijcai-2026-base-15-g257422b
n-puzzle;heavy-cost;85/900;900;3 6 0 1 5 8 4 2 7;0 1 2 3 4 5 6 7 8;57;26;115;3988;105;0;47;0.018401;216727;BELA*;                        ? Unchecked;ijcai-2026-base-15-g257422b
n-puzzle;heavy-cost;86/900;900;8 6 2 7 5 1 3 0 4;0 1 2 3 4 5 6 7 8;82;35;130;8333;165;0;47;0.02618;318296;BELA*;                        ? Unchecked;ijcai-2026-base-15-g257422b
n-puzzle;heavy-cost;87/900;900;3 2 5 7 6 0 8 1 4;0 1 2 3 4 5 6 7 8;62;27;84;212;96;0;47;0.010201;20782.3;BELA*;                        ? Unchecked;ijcai-2026-base-15-g257422b
n-puzzle;heavy-cost;88/900;900;1 3 2 4 0 5 8 7 6;0 1 2 3 4 5 6 7 8;39;30;115;4842;168;0;47;0.018859;256747;BELA*;                        ? Unchecked;ijcai-2026-base-15-g257422b
n-puzzle;heavy-cost;89/900;900;0 8 4 3 2 1 6 5 7;0 1 2 3 4 5 6 7 8;55;28;87;368;107;0;47;0.012352;29792.7;BELA*;                        ? Unchecked;ijcai-2026-base-15-g257422b
n-puzzle;heavy-cost;90/900;900;0 6 1 5 7 8 4 2 3;0 1 2 3 4 5 6 7 8;67;30;107;881;89;0;47;0.012665;69561.8;BELA*;                        ? Unchecked;ijcai-2026-base-15-g257422b
n-puzzle;heavy-cost;91/900;900;2 1 6 4 5 8 3 0 7;0 1 2 3 4 5 6 7 8;55;29;107;2387;99;0;47;0.014989;159250;BELA*;                        ? Unchecked;ijcai-2026-base-15-g257422b
n-puzzle;heavy-cost;92/900;900;3 7 4 6 1 5 8 0 2;0 1 2 3 4 5 6 7 8;52;27;98;1227;119;0;47;0.013963;87875.1;BELA*;                        ? Unchecked;ijcai-2026-base-15-g257422b
n-puzzle;heavy-cost;93/900;900;7 6 1 3 5 8 2 4 0;0 1 2 3 4 5 6 7 8;65;30;107;1389;121;0;47;0.014899;93227.7;BELA*;                        ? Unchecked;ijcai-2026-base-15-g257422b
n-puzzle;heavy-cost;94/900;900;4 7 8 1 0 3 6 2 5;0 1 2 3 4 5 6 7 8;57;28;111;4003;130;0;47;0.016555;241800;BELA*;                        ? Unchecked;ijcai-2026-base-15-g257422b
n-puzzle;heavy-cost;95/900;900;0 5 8 2 7 4 1 6 3;0 1 2 3 4 5 6 7 8;61;28;93;265;77;0;47;0.011539;22965.6;BELA*;                        ? Unchecked;ijcai-2026-base-15-g257422b
n-puzzle;heavy-cost;96/900;900;5 2 3 8 7 0 1 6 4;0 1 2 3 4 5 6 7 8;74;31;110;1005;86;0;47;0.01315;76425.9;BELA*;                        ? Unchecked;ijcai-2026-base-15-g257422b
n-puzzle;heavy-cost;97/900;900;8 3 0 4 7 2 6 1 5;0 1 2 3 4 5 6 7 8;58;28;104;1006;118;0;47;0.012247;82142.6;BELA*;                        ? Unchecked;ijcai-2026-base-15-g257422b
n-puzzle;heavy-cost;98/900;900;5 8 6 0 7 4 1 3 2;0 1 2 3 4 5 6 7 8;87;33;123;2442;131;0;47;0.016657;146605;BELA*;                        ? Unchecked;ijcai-2026-base-15-g257422b
n-puzzle;heavy-cost;99/900;900;7 5 0 6 3 2 1 8 4;0 1 2 3 4 5 6 7 8;61;32;101;1225;77;0;47;0.014811;82708.8;BELA*;                        ? Unchecked;ijcai-2026-base-15-g257422b
n-puzzle;heavy-cost;0/1000;1000;5 6 0 8 4 7 1 3 2;0 1 2 3 4 5 6 7 8;84;28;124;1799;93;0;47;0.01666;107983;BELA*;                        ? Unchecked;ijcai-2026-base-15-g257422b
n-puzzle;heavy-cost;1/1000;1000;0 8 6 4 7 1 5 3 2;0 1 2 3 4 5 6 7 8;86;32;124;2063;159;0;47;0.018007;114567;BELA*;                        ? Unchecked;ijcai-2026-base-15-g257422b
n-puzzle;heavy-cost;2/1000;1000;5 2 8 0 7 4 1 3 6;0 1 2 3 4 5 6 7 8;65;33;103;1092;89;0;47;0.014652;74529.1;BELA*;                        ? Unchecked;ijcai-2026-base-15-g257422b
n-puzzle;heavy-cost;3/1000;1000;7 2 6 0 8 1 5 4 3;0 1 2 3 4 5 6 7 8;93;31;121;1841;110;0;47;0.018184;101243;BELA*;                        ? Unchecked;ijcai-2026-base-15-g257422b
n-puzzle;heavy-cost;4/1000;1000;5 1 8 6 0 7 2 4 3;0 1 2 3 4 5 6 7 8;72;30;102;1183;168;0;47;0.015649;75595.9;BELA*;                        ? Unchecked;ijcai-2026-base-15-g257422b
n-puzzle;heavy-cost;5/1000;1000;8 0 3 6 4 5 7 2 1;0 1 2 3 4 5 6 7 8;63;33;115;3774;119;0;47;0.019897;189677;BELA*;                        ? Unchecked;ijcai-2026-base-15-g257422b
n-puzzle;heavy-cost;6/1000;1000;4 2 7 1 5 8 0 6 3;0 1 2 3 4 5 6 7 8;61;22;97;767;83;0;47;0.013227;57987.4;BELA*;                        ? Unchecked;ijcai-2026-base-15-g257422b
n-puzzle;heavy-cost;7/1000;1000;4 1 7 3 2 5 6 0 8;0 1 2 3 4 5 6 7 8;33;31;87;1065;106;0;47;0.014182;75095.2;BELA*;                        ? Unchecked;ijcai-2026-base-15-g257422b
n-puzzle;heavy-cost;8/1000;1000;8 4 0 5 1 6 2 7 3;0 1 2 3 4 5 6 7 8;82;38;134;8345;198;0;49;0.029271;285094;BELA*;                        ? Unchecked;ijcai-2026-base-15-g257422b
n-puzzle;heavy-cost;9/1000;1000;1 3 0 7 6 2 5 8 4;0 1 2 3 4 5 6 7 8;66;30;102;1022;106;0;49;0.013143;77760;BELA*;                        ? Unchecked;ijcai-2026-base-15-g257422b
n-puzzle;heavy-cost;10/1000;1000;7 0 4 6 8 5 3 1 2;0 1 2 3 4 5 6 7 8;60;35;118;4213;107;0;49;0.022906;183926;BELA*;                        ? Unchecked;ijcai-2026-base-15-g257422b
n-puzzle;heavy-cost;11/1000;1000;6 1 7 5 8 2 4 3 0;0 1 2 3 4 5 6 7 8;75;34;125;6660;136;0;49;0.025576;260400;BELA*;                        ? Unchecked;ijcai-2026-base-15-g257422b
n-puzzle;heavy-cost;12/1000;1000;7 5 2 1 6 3 8 0 4;0 1 2 3 4 5 6 7 8;75;31;113;2480;103;0;49;0.018718;132493;BELA*;                        ? Unchecked;ijcai-2026-base-15-g257422b
n-puzzle;heavy-cost;13/1000;1000;6 2 4 0 8 7 5 3 1;0 1 2 3 4 5 6 7 8;76;33;108;1239;78;0;49;0.016488;75145.6;BELA*;                        ? Unchecked;ijcai-2026-base-15-g257422b
n-puzzle;heavy-cost;14/1000;1000;0 1 6 2 5 7 4 8 3;0 1 2 3 4 5 6 7 8;74;36;120;3766;83;0;49;0.020681;182100;BELA*;                        ? Unchecked;ijcai-2026-base-15-g257422b
n-puzzle;heavy-cost;15/1000;1000;4 0 3 6 1 2 8 5 7;0 1 2 3 4 5 6 7 8;59;25;83;361;90;0;49;0.010668;33839.5;BELA*;                        ? Unchecked;ijcai-2026-base-15-g257422b
n-puzzle;heavy-cost;16/1000;1000;1 5 8 7 6 4 0 3 2;0 1 2 3 4 5 6 7 8;67;32;103;1088;173;0;49;0.014621;74413.5;BELA*;                        ? Unchecked;ijcai-2026-base-15-g257422b
n-puzzle;heavy-cost;17/1000;1000;2 7 0 8 4 6 3 5 1;0 1 2 3 4 5 6 7 8;76;32;122;1392;79;0;49;0.015784;88190.6;BELA*;                        ? Unchecked;ijcai-2026-base-15-g257422b
n-puzzle;heavy-cost;18/1000;1000;7 4 8 1 5 6 0 2 3;0 1 2 3 4 5 6 7 8;81;30;111;1589;122;0;49;0.017105;92896.8;BELA*;                        ? Unchecked;ijcai-2026-base-15-g257422b
n-puzzle;heavy-cost;19/1000;1000;2 3 0 1 4 7 5 6 8;0 1 2 3 4 5 6 7 8;47;34;91;891;113;0;49;0.013921;64004;BELA*;                        ? Unchecked;ijcai-2026-base-15-g257422b
n-puzzle;heavy-cost;20/1000;1000;2 1 4 5 0 6 8 3 7;0 1 2 3 4 5 6 7 8;69;34;119;5942;123;0;49;0.024506;242471;BELA*;                        ? Unchecked;ijcai-2026-base-15-g257422b
n-puzzle;heavy-cost;21/1000;1000;8 7 6 2 5 4 1 0 3;0 1 2 3 4 5 6 7 8;97;33;137;6553;136;0;49;0.021808;300486;BELA*;                        ? Unchecked;ijcai-2026-base-15-g257422b
n-puzzle;heavy-cost;22/1000;1000;2 7 3 1 6 5 4 0 8;0 1 2 3 4 5 6 7 8;49;27;83;384;97;0;49;0.01332;28828.8;BELA*;                        ? Unchecked;ijcai-2026-base-15-g257422b
n-puzzle;heavy-cost;23/1000;1000;3 0 4 6 2 1 8 5 7;0 1 2 3 4 5 6 7 8;56;27;88;667;83;0;49;0.012206;54645.3;BELA*;                        ? Unchecked;ijcai-2026-base-15-g257422b
n-puzzle;heavy-cost;24/1000;1000;5 3 2 4 8 6 0 1 7;0 1 2 3 4 5 6 7 8;68;32;110;1691;61;0;49;0.012914;130943;BELA*;                        ? Unchecked;ijcai-2026-base-15-g257422b
n-puzzle;heavy-cost;25/1000;1000;1 3 5 2 4 6 8 7 0;0 1 2 3 4 5 6 7 8;52;36;122;7036;168;0;49;0.025063;280733;BELA*;                        ? Unchecked;ijcai-2026-base-15-g257422b
n-puzzle;heavy-cost;26/1000;1000;8 5 1 4 2 7 6 0 3;0 1 2 3 4 5 6 7 8;74;29;108;1462;83;0;49;0.01576;92766.5;BELA*;                        ? Unchecked;ijcai-2026-base-15-g257422b
n-puzzle;heavy-cost;27/1000;1000;2 8 5 6 3 1 4 0 7;0 1 2 3 4 5 6 7 8;59;29;97;1000;97;0;49;0.013654;73238.6;BELA*;                        ? Unchecked;ijcai-2026-base-15-g257422b
n-puzzle;heavy-cost;28/1000;1000;5 0 7 4 2 3 1 6 8;0 1 2 3 4 5 6 7 8;59;23;83;381;88;0;49;0.010773;35366.2;BELA*;                        ? Unchecked;ijcai-2026-base-15-g257422b
n-puzzle;heavy-cost;29/1000;1000;3 2 4 7 6 8 5 1 0;0 1 2 3 4 5 6 7 8;64;28;94;603;83;0;49;0.012754;47279.3;BELA*;                        ? Unchecked;ijcai-2026-base-15-g257422b
n-puzzle;heavy-cost;30/1000;1000;1 3 2 0 8 6 4 7 5;0 1 2 3 4 5 6 7 8;54;23;96;546;99;0;49;0.012742;42850.4;BELA*;                        ? Unchecked;ijcai-2026-base-15-g257422b
n-puzzle;heavy-cost;31/1000;1000;8 2 5 3 7 6 4 0 1;0 1 2 3 4 5 6 7 8;75;29;117;2693;121;0;49;0.018668;144258;BELA*;                        ? Unchecked;ijcai-2026-base-15-g257422b
n-puzzle;heavy-cost;32/1000;1000;2 4 0 7 5 1 8 6 3;0 1 2 3 4 5 6 7 8;60;30;102;689;74;0;49;0.017382;39638.7;BELA*;                        ? Unchecked;ijcai-2026-base-15-g257422b
n-puzzle;heavy-cost;33/1000;1000;0 1 5 2 6 8 7 3 4;0 1 2 3 4 5 6 7 8;52;30;84;385;90;0;49;0.016717;23030.4;BELA*;                        ? Unchecked;ijcai-2026-base-15-g257422b
n-puzzle;heavy-cost;34/1000;1000;7 1 5 2 8 6 3 4 0;0 1 2 3 4 5 6 7 8;73;22;91;238;102;0;49;0.013672;17407.8;BELA*;                        ? Unchecked;ijcai-2026-base-15-g257422b
n-puzzle;heavy-cost;35/1000;1000;6 3 1 2 8 7 0 4 5;0 1 2 3 4 5 6 7 8;64;30;112;2250;163;0;49;0.017319;129915;BELA*;                        ? Unchecked;ijcai-2026-base-15-g257422b
n-puzzle;heavy-cost;36/1000;1000;0 3 5 4 8 6 7 2 1;0 1 2 3 4 5 6 7 8;65;32;101;692;83;0;49;0.013474;51358.2;BELA*;                        ? Unchecked;ijcai-2026-base-15-g257422b
n-puzzle;heavy-cost;37/1000;1000;8 1 4 0 3 2 5 6 7;0 1 2 3 4 5 6 7 8;73;33;105;1434;87;0;49;0.017431;82267.2;BELA*;                        ? Unchecked;ijcai-2026-base-15-g257422b
n-puzzle;heavy-cost;38/1000;1000;7 4 1 6 2 8 3 5 0;0 1 2 3 4 5 6 7 8;57;34;111;3457;137;0;49;0.018324;188660;BELA*;                        ? Unchecked;ijcai-2026-base-15-g257422b
n-puzzle;heavy-cost;39/1000;1000;4 6 8 0 5 1 3 2 7;0 1 2 3 4 5 6 7 8;65;31;103;1261;105;0;49;0.015591;80880;BELA*;                        ? Unchecked;ijcai-2026-base-15-g257422b
n-puzzle;heavy-cost;40/1000;1000;4 2 8 6 0 1 3 5 7;0 1 2 3 4 5 6 7 8;54;28;90;731;92;0;49;0.013582;53821.2;BELA*;                        ? Unchecked;ijcai-2026-base-15-g257422b
n-puzzle;heavy-cost;41/1000;1000;3 7 8 4 5 2 6 1 0;0 1 2 3 4 5 6 7 8;46;28;102;1247;98;0;49;0.013799;90368.9;BELA*;                        ? Unchecked;ijcai-2026-base-15-g257422b
n-puzzle;heavy-cost;42/1000;1000;7 5 6 1 0 3 2 8 4;0 1 2 3 4 5 6 7 8;87;30;103;367;82;0;49;0.013324;27544.3;BELA*;                        ? Unchecked;ijcai-2026-base-15-g257422b
n-puzzle;heavy-cost;43/1000;1000;1 6 4 8 5 3 7 2 0;0 1 2 3 4 5 6 7 8;75;30;109;1232;110;0;49;0.014696;83832.3;BELA*;                        ? Unchecked;ijcai-2026-base-15-g257422b
n-puzzle;heavy-cost;44/1000;1000;2 5 7 1 8 4 3 6 0;0 1 2 3 4 5 6 7 8;66;22;88;176;113;0;49;0.01095;16073.1;BELA*;                        ? Unchecked;ijcai-2026-base-15-g257422b
n-puzzle;heavy-cost;45/1000;1000;3 8 4 0 7 1 5 6 2;0 1 2 3 4 5 6 7 8;69;33;107;1026;130;0;49;0.015148;67731.7;BELA*;                        ? Unchecked;ijcai-2026-base-15-g257422b
n-puzzle;heavy-cost;46/1000;1000;3 0 5 4 2 1 7 8 6;0 1 2 3 4 5 6 7 8;45;27;83;454;72;0;49;0.012201;37210.1;BELA*;                        ? Unchecked;ijcai-2026-base-15-g257422b
n-puzzle;heavy-cost;47/1000;1000;4 5 3 1 7 0 8 2 6;0 1 2 3 4 5 6 7 8;70;31;106;968;86;0;49;0.012199;79350.8;BELA*;                        ? Unchecked;ijcai-2026-base-15-g257422b
n-puzzle;heavy-cost;48/1000;1000;1 8 4 2 3 5 6 0 7;0 1 2 3 4 5 6 7 8;49;25;87;496;105;0;49;0.012576;39440.2;BELA*;                        ? Unchecked;ijcai-2026-base-15-g257422b
n-puzzle;heavy-cost;49/1000;1000;4 8 1 0 6 7 3 2 5;0 1 2 3 4 5 6 7 8;73;31;111;1811;117;0;49;0.014483;125043;BELA*;                        ? Unchecked;ijcai-2026-base-15-g257422b
n-puzzle;heavy-cost;50/1000;1000;8 5 3 4 6 1 7 2 0;0 1 2 3 4 5 6 7 8;82;34;116;2407;110;0;49;0.016231;148296;BELA*;                        ? Unchecked;ijcai-2026-base-15-g257422b
n-puzzle;heavy-cost;51/1000;1000;4 3 7 1 5 2 6 0 8;0 1 2 3 4 5 6 7 8;44;29;84;573;102;0;49;0.011223;51055.9;BELA*;                        ? Unchecked;ijcai-2026-base-15-g257422b
n-puzzle;heavy-cost;52/1000;1000;7 4 1 2 3 0 5 8 6;0 1 2 3 4 5 6 7 8;70;39;126;9139;149;0;49;0.03028;301816;BELA*;                        ? Unchecked;ijcai-2026-base-15-g257422b
n-puzzle;heavy-cost;53/1000;1000;7 5 6 8 2 1 0 4 3;0 1 2 3 4 5 6 7 8;98;32;122;2786;94;0;49;0.01954;142579;BELA*;                        ? Unchecked;ijcai-2026-base-15-g257422b
n-puzzle;heavy-cost;54/1000;1000;2 8 5 0 7 6 1 4 3;0 1 2 3 4 5 6 7 8;74;33;108;850;76;0;49;0.013944;60958.1;BELA*;                        ? Unchecked;ijcai-2026-base-15-g257422b
n-puzzle;heavy-cost;55/1000;1000;3 5 2 4 1 6 8 0 7;0 1 2 3 4 5 6 7 8;59;31;109;2784;105;0;49;0.016808;165635;BELA*;                        ? Unchecked;ijcai-2026-base-15-g257422b
n-puzzle;heavy-cost;56/1000;1000;8 6 1 5 4 3 0 2 7;0 1 2 3 4 5 6 7 8;80;34;124;3101;138;0;49;0.019451;159426;BELA*;                        ? Unchecked;ijcai-2026-base-15-g257422b
n-puzzle;heavy-cost;57/1000;1000;4 6 5 7 3 2 1 0 8;0 1 2 3 4 5 6 7 8;53;33;101;2302;148;0;49;0.016099;142990;BELA*;                        ? Unchecked;ijcai-2026-base-15-g257422b
n-puzzle;heavy-cost;58/1000;1000;3 7 4 2 8 6 5 0 1;0 1 2 3 4 5 6 7 8;83;31;111;1301;102;0;49;0.015719;82766.1;BELA*;                        ? Unchecked;ijcai-2026-base-15-g257422b
n-puzzle;heavy-cost;59/1000;1000;8 7 4 5 6 2 3 0 1;0 1 2 3 4 5 6 7 8;84;35;134;9261;164;0;50;0.028204;328358;BELA*;                        ? Unchecked;ijcai-2026-base-15-g257422b
n-puzzle;heavy-cost;60/1000;1000;6 1 5 3 4 0 8 2 7;0 1 2 3 4 5 6 7 8;46;27;106;2818;127;0;50;0.016797;167768;BELA*;                        ? Unchecked;ijcai-2026-base-15-g257422b
n-puzzle;heavy-cost;61/1000;1000;4 5 2 8 0 3 1 6 7;0 1 2 3 4 5 6 7 8;64;32;104;1683;193;0;50;0.01502;112051;BELA*;                        ? Unchecked;ijcai-2026-base-15-g257422b
n-puzzle;heavy-cost;62/1000;1000;8 5 4 6 1 2 7 3 0;0 1 2 3 4 5 6 7 8;72;32;122;8082;182;0;50;0.02689;300558;BELA*;                        ? Unchecked;ijcai-2026-base-15-g257422b
n-puzzle;heavy-cost;63/1000;1000;0 5 8 2 6 7 4 3 1;0 1 2 3 4 5 6 7 8;75;26;93;376;101;0;50;0.012988;28949.8;BELA*;                        ? Unchecked;ijcai-2026-base-15-g257422b
n-puzzle;heavy-cost;64/1000;1000;5 0 1 8 7 3 4 6 2;0 1 2 3 4 5 6 7 8;71;29;109;699;56;0;50;0.012051;58003.5;BELA*;                        ? Unchecked;ijcai-2026-base-15-g257422b
n-puzzle;heavy-cost;65/1000;1000;7 6 1 3 4 8 0 5 2;0 1 2 3 4 5 6 7 8;62;30;112;2017;154;0;50;0.015897;126879;BELA*;                        ? Unchecked;ijcai-2026-base-15-g257422b
n-puzzle;heavy-cost;66/1000;1000;8 0 7 3 6 5 1 2 4;0 1 2 3 4 5 6 7 8;82;35;122;2906;113;0;50;0.018144;160163;BELA*;                        ? Unchecked;ijcai-2026-base-15-g257422b
n-puzzle;heavy-cost;67/1000;1000;7 2 8 6 5 1 4 0 3;0 1 2 3 4 5 6 7 8;69;33;111;2671;83;0;50;0.016546;161429;BELA*;                        ? Unchecked;ijcai-2026-base-15-g257422b
n-puzzle;heavy-cost;68/1000;1000;5 0 3 4 1 8 2 7 6;0 1 2 3 4 5 6 7 8;57;31;99;1136;121;0;50;0.015275;74369.9;BELA*;                        ? Unchecked;ijcai-2026-base-15-g257422b
n-puzzle;heavy-cost;69/1000;1000;7 8 4 6 3 5 2 1 0;0 1 2 3 4 5 6 7 8;72;36;114;2645;120;0;50;0.019092;138540;BELA*;                        ? Unchecked;ijcai-2026-base-15-g257422b
n-puzzle;heavy-cost;70/1000;1000;7 0 3 2 8 1 5 4 6;0 1 2 3 4 5 6 7 8;85;33;105;487;109;0;50;0.013136;37073.7;BELA*;                        ? Unchecked;ijcai-2026-base-15-g257422b
n-puzzle;heavy-cost;71/1000;1000;1 0 7 3 4 8 2 5 6;0 1 2 3 4 5 6 7 8;60;31;102;1102;110;0;50;0.014441;76310.5;BELA*;                        ? Unchecked;ijcai-2026-base-15-g257422b
n-puzzle;heavy-cost;72/1000;1000;8 0 7 4 3 6 5 2 1;0 1 2 3 4 5 6 7 8;102;33;124;2142;150;0;50;0.016512;129724;BELA*;                        ? Unchecked;ijcai-2026-base-15-g257422b
n-puzzle;heavy-cost;73/1000;1000;3 7 8 5 1 2 0 6 4;0 1 2 3 4 5 6 7 8;60;32;122;6949;176;0;50;0.025814;269195;BELA*;                        ? Unchecked;ijcai-2026-base-15-g257422b
n-puzzle;heavy-cost;74/1000;1000;1 6 2 0 7 8 4 5 3;0 1 2 3 4 5 6 7 8;61;23;93;279;79;0;50;0.011592;24068.3;BELA*;                        ? Unchecked;ijcai-2026-base-15-g257422b
n-puzzle;heavy-cost;75/1000;1000;6 1 2 3 0 8 4 5 7;0 1 2 3 4 5 6 7 8;45;28;89;699;103;0;50;0.013092;53391.4;BELA*;                        ? Unchecked;ijcai-2026-base-15-g257422b
n-puzzle;heavy-cost;76/1000;1000;1 0 7 5 6 4 3 2 8;0 1 2 3 4 5 6 7 8;57;33;101;1258;76;0;50;0.016931;74301.6;BELA*;                        ? Unchecked;ijcai-2026-base-15-g257422b
n-puzzle;heavy-cost;77/1000;1000;2 7 6 1 4 0 5 3 8;0 1 2 3 4 5 6 7 8;65;35;115;3531;81;0;50;0.019031;185539;BELA*;                        ? Unchecked;ijcai-2026-base-15-g257422b
n-puzzle;heavy-cost;78/1000;1000;2 3 8 4 0 6 1 5 7;0 1 2 3 4 5 6 7 8;68;28;102;1406;116;0;50;0.014815;94903.8;BELA*;                        ? Unchecked;ijcai-2026-base-15-g257422b
n-puzzle;heavy-cost;79/1000;1000;0 5 4 6 1 7 8 2 3;0 1 2 3 4 5 6 7 8;70;32;98;601;84;0;50;0.013989;42962.3;BELA*;                        ? Unchecked;ijcai-2026-base-15-g257422b
n-puzzle;heavy-cost;80/1000;1000;5 3 4 7 0 1 8 6 2;0 1 2 3 4 5 6 7 8;71;26;95;441;87;0;50;0.012424;35495.8;BELA*;                        ? Unchecked;ijcai-2026-base-15-g257422b
n-puzzle;heavy-cost;81/1000;1000;1 7 5 6 8 3 4 2 0;0 1 2 3 4 5 6 7 8;62;36;112;2633;175;0;50;0.017722;148572;BELA*;                        ? Unchecked;ijcai-2026-base-15-g257422b
n-puzzle;heavy-cost;82/1000;1000;3 1 4 0 5 8 2 7 6;0 1 2 3 4 5 6 7 8;44;29;90;567;91;0;50;0.012402;45718.4;BELA*;                        ? Unchecked;ijcai-2026-base-15-g257422b
n-puzzle;heavy-cost;83/1000;1000;4 2 3 0 5 1 8 6 7;0 1 2 3 4 5 6 7 8;55;29;97;866;96;0;50;0.012712;68124.6;BELA*;                        ? Unchecked;ijcai-2026-base-15-g257422b
n-puzzle;heavy-cost;84/1000;1000;4 7 3 1 6 5 8 0 2;0 1 2 3 4 5 6 7 8;65;27;113;2416;136;0;50;0.018031;133991;BELA*;                        ? Unchecked;ijcai-2026-base-15-g257422b
n-puzzle;heavy-cost;85/1000;1000;3 6 0 1 5 8 4 2 7;0 1 2 3 4 5 6 7 8;57;26;117;4817;155;0;50;0.020922;230236;BELA*;                        ? Unchecked;ijcai-2026-base-15-g257422b
n-puzzle;heavy-cost;86/1000;1000;8 6 2 7 5 1 3 0 4;0 1 2 3 4 5 6 7 8;82;35;130;8333;165;0;50;0.026631;312906;BELA*;                        ? Unchecked;ijcai-2026-base-15-g257422b
n-puzzle;heavy-cost;87/1000;1000;3 2 5 7 6 0 8 1 4;0 1 2 3 4 5 6 7 8;62;23;84;212;96;0;50;0.010948;19364.3;BELA*;                        ? Unchecked;ijcai-2026-base-15-g257422b
n-puzzle;heavy-cost;88/1000;1000;1 3 2 4 0 5 8 7 6;0 1 2 3 4 5 6 7 8;39;30;115;4842;173;0;50;0.019548;247698;BELA*;                        ? Unchecked;ijcai-2026-base-15-g257422b
n-puzzle;heavy-cost;89/1000;1000;0 8 4 3 2 1 6 5 7;0 1 2 3 4 5 6 7 8;55;30;87;368;107;0;50;0.013351;27563.5;BELA*;                        ? Unchecked;ijcai-2026-base-15-g257422b
n-puzzle;heavy-cost;90/1000;1000;0 6 1 5 7 8 4 2 3;0 1 2 3 4 5 6 7 8;67;30;107;881;96;0;50;0.013612;64722.3;BELA*;                        ? Unchecked;ijcai-2026-base-15-g257422b
n-puzzle;heavy-cost;91/1000;1000;2 1 6 4 5 8 3 0 7;0 1 2 3 4 5 6 7 8;55;33;107;2387;99;0;50;0.015964;149524;BELA*;                        ? Unchecked;ijcai-2026-base-15-g257422b
n-puzzle;heavy-cost;92/1000;1000;3 7 4 6 1 5 8 0 2;0 1 2 3 4 5 6 7 8;52;31;98;1227;119;0;50;0.015028;81647.6;BELA*;                        ? Unchecked;ijcai-2026-base-15-g257422b
n-puzzle;heavy-cost;93/1000;1000;7 6 1 3 5 8 2 4 0;0 1 2 3 4 5 6 7 8;65;30;107;1389;123;0;50;0.015729;88308.2;BELA*;                        ? Unchecked;ijcai-2026-base-15-g257422b
n-puzzle;heavy-cost;94/1000;1000;4 7 8 1 0 3 6 2 5;0 1 2 3 4 5 6 7 8;57;30;111;4003;133;0;50;0.01742;229793;BELA*;                        ? Unchecked;ijcai-2026-base-15-g257422b
n-puzzle;heavy-cost;95/1000;1000;0 5 8 2 7 4 1 6 3;0 1 2 3 4 5 6 7 8;61;28;95;315;95;0;50;0.012849;24515.5;BELA*;                        ? Unchecked;ijcai-2026-base-15-g257422b
n-puzzle;heavy-cost;96/1000;1000;5 2 3 8 7 0 1 6 4;0 1 2 3 4 5 6 7 8;74;31;110;1005;86;0;50;0.013644;73658.8;BELA*;                        ? Unchecked;ijcai-2026-base-15-g257422b
n-puzzle;heavy-cost;97/1000;1000;8 3 0 4 7 2 6 1 5;0 1 2 3 4 5 6 7 8;58;30;104;1006;119;0;50;0.013194;76246.8;BELA*;                        ? Unchecked;ijcai-2026-base-15-g257422b
n-puzzle;heavy-cost;98/1000;1000;5 8 6 0 7 4 1 3 2;0 1 2 3 4 5 6 7 8;87;31;123;2442;131;0;50;0.017447;139967;BELA*;                        ? Unchecked;ijcai-2026-base-15-g257422b
n-puzzle;heavy-cost;99/1000;1000;7 5 0 6 3 2 1 8 4;0 1 2 3 4 5 6 7 8;61;30;101;1225;82;0;50;0.015496;79052.7;BELA*;                        ? Unchecked;ijcai-2026-base-15-g257422b
n-puzzle;heavy-cost;0/2000;2000;5 6 0 8 4 7 1 3 2;0 1 2 3 4 5 6 7 8;84;34;126;2509;121;0;50;0.029161;86039.6;BELA*;                        ? Unchecked;ijcai-2026-base-15-g257422b
n-puzzle;heavy-cost;1/2000;2000;0 8 6 4 7 1 5 3 2;0 1 2 3 4 5 6 7 8;86;34;124;2063;174;0;50;0.031468;65558.7;BELA*;                        ? Unchecked;ijcai-2026-base-15-g257422b
n-puzzle;heavy-cost;2/2000;2000;5 2 8 0 7 4 1 3 6;0 1 2 3 4 5 6 7 8;65;27;105;1344;140;0;50;0.027822;48307.1;BELA*;                        ? Unchecked;ijcai-2026-base-15-g257422b
n-puzzle;heavy-cost;3/2000;2000;7 2 6 0 8 1 5 4 3;0 1 2 3 4 5 6 7 8;93;35;123;2458;165;0;50;0.033449;73485;BELA*;                        ? Unchecked;ijcai-2026-base-15-g257422b
n-puzzle;heavy-cost;4/2000;2000;5 1 8 6 0 7 2 4 3;0 1 2 3 4 5 6 7 8;72;28;102;1183;193;0;50;0.02885;41005.2;BELA*;                        ? Unchecked;ijcai-2026-base-15-g257422b
n-puzzle;heavy-cost;5/2000;2000;8 0 3 6 4 5 7 2 1;0 1 2 3 4 5 6 7 8;63;31;115;3774;138;0;50;0.032711;115374;BELA*;                        ? Unchecked;ijcai-2026-base-15-g257422b
n-puzzle;heavy-cost;6/2000;2000;4 2 7 1 5 8 0 6 3;0 1 2 3 4 5 6 7 8;61;30;99;994;118;0;50;0.023343;42582.4;BELA*;                        ? Unchecked;ijcai-2026-base-15-g257422b
n-puzzle;heavy-cost;7/2000;2000;4 1 7 3 2 5 6 0 8;0 1 2 3 4 5 6 7 8;33;25;89;1296;160;0;50;0.026014;49819.3;BELA*;                        ? Unchecked;ijcai-2026-base-15-g257422b
n-puzzle;heavy-cost;8/2000;2000;8 4 0 5 1 6 2 7 3;0 1 2 3 4 5 6 7 8;82;32;136;10387;308;0;54;0.049314;210630;BELA*;                        ? Unchecked;ijcai-2026-base-15-g257422b
n-puzzle;heavy-cost;9/2000;2000;1 3 0 7 6 2 5 8 4;0 1 2 3 4 5 6 7 8;66;28;102;1022;134;0;54;0.024312;42036.9;BELA*;                        ? Unchecked;ijcai-2026-base-15-g257422b
n-puzzle;heavy-cost;10/2000;2000;7 0 4 6 8 5 3 1 2;0 1 2 3 4 5 6 7 8;60;39;120;5188;152;0;54;0.039964;129817;BELA*;                        ? Unchecked;ijcai-2026-base-15-g257422b
n-puzzle;heavy-cost;11/2000;2000;6 1 7 5 8 2 4 3 0;0 1 2 3 4 5 6 7 8;75;34;125;6660;157;0;54;0.040007;166471;BELA*;                        ? Unchecked;ijcai-2026-base-15-g257422b
n-puzzle;heavy-cost;12/2000;2000;7 5 2 1 6 3 8 0 4;0 1 2 3 4 5 6 7 8;75;31;115;3159;178;0;54;0.034597;91308.5;BELA*;                        ? Unchecked;ijcai-2026-base-15-g257422b
n-puzzle;heavy-cost;13/2000;2000;6 2 4 0 8 7 5 3 1;0 1 2 3 4 5 6 7 8;76;33;110;1506;106;0;54;0.032073;46955.4;BELA*;                        ? Unchecked;ijcai-2026-base-15-g257422b
n-puzzle;heavy-cost;14/2000;2000;0 1 6 2 5 7 4 8 3;0 1 2 3 4 5 6 7 8;74;32;120;3766;108;0;54;0.035782;105248;BELA*;                        ? Unchecked;ijcai-2026-base-15-g257422b
n-puzzle;heavy-cost;15/2000;2000;4 0 3 6 1 2 8 5 7;0 1 2 3 4 5 6 7 8;59;21;83;361;104;0;54;0.021907;16478.8;BELA*;                        ? Unchecked;ijcai-2026-base-15-g257422b
n-puzzle;heavy-cost;16/2000;2000;1 5 8 7 6 4 0 3 2;0 1 2 3 4 5 6 7 8;67;28;103;1088;206;0;54;0.026685;40772;BELA*;                        ? Unchecked;ijcai-2026-base-15-g257422b
n-puzzle;heavy-cost;17/2000;2000;2 7 0 8 4 6 3 5 1;0 1 2 3 4 5 6 7 8;76;34;124;2002;123;0;54;0.030224;66238.8;BELA*;                        ? Unchecked;ijcai-2026-base-15-g257422b
n-puzzle;heavy-cost;18/2000;2000;7 4 8 1 5 6 0 2 3;0 1 2 3 4 5 6 7 8;81;34;113;2215;173;0;54;0.032091;69022.5;BELA*;                        ? Unchecked;ijcai-2026-base-15-g257422b
n-puzzle;heavy-cost;19/2000;2000;2 3 0 1 4 7 5 6 8;0 1 2 3 4 5 6 7 8;47;34;93;1101;168;0;54;0.028772;38266.4;BELA*;                        ? Unchecked;ijcai-2026-base-15-g257422b
n-puzzle;heavy-cost;20/2000;2000;2 1 4 5 0 6 8 3 7;0 1 2 3 4 5 6 7 8;69;36;121;7173;185;0;54;0.042264;169719;BELA*;                        ? Unchecked;ijcai-2026-base-15-g257422b
n-puzzle;heavy-cost;21/2000;2000;8 7 6 2 5 4 1 0 3;0 1 2 3 4 5 6 7 8;97;33;139;8298;277;0;55;0.040106;206902;BELA*;                        ? Unchecked;ijcai-2026-base-15-g257422b
n-puzzle;heavy-cost;22/2000;2000;2 7 3 1 6 5 4 0 8;0 1 2 3 4 5 6 7 8;49;31;85;464;158;0;55;0.026065;17801.6;BELA*;                        ? Unchecked;ijcai-2026-base-15-g257422b
n-puzzle;heavy-cost;23/2000;2000;3 0 4 6 2 1 8 5 7;0 1 2 3 4 5 6 7 8;56;29;90;786;123;0;55;0.023278;33765.8;BELA*;                        ? Unchecked;ijcai-2026-base-15-g257422b
n-puzzle;heavy-cost;24/2000;2000;5 3 2 4 8 6 0 1 7;0 1 2 3 4 5 6 7 8;68;34;112;2015;102;0;55;0.025246;79814.6;BELA*;                        ? Unchecked;ijcai-2026-base-15-g257422b
n-puzzle;heavy-cost;25/2000;2000;1 3 5 2 4 6 8 7 0;0 1 2 3 4 5 6 7 8;52;36;122;7036;188;0;55;0.040402;174150;BELA*;                        ? Unchecked;ijcai-2026-base-15-g257422b
n-puzzle;heavy-cost;26/2000;2000;8 5 1 4 2 7 6 0 3;0 1 2 3 4 5 6 7 8;74;31;110;1693;126;0;55;0.030929;54738.3;BELA*;                        ? Unchecked;ijcai-2026-base-15-g257422b
n-puzzle;heavy-cost;27/2000;2000;2 8 5 6 3 1 4 0 7;0 1 2 3 4 5 6 7 8;59;31;97;1000;105;0;55;0.025146;39767.8;BELA*;                        ? Unchecked;ijcai-2026-base-15-g257422b
n-puzzle;heavy-cost;28/2000;2000;5 0 7 4 2 3 1 6 8;0 1 2 3 4 5 6 7 8;59;29;85;459;115;0;55;0.019983;22969.5;BELA*;                        ? Unchecked;ijcai-2026-base-15-g257422b
n-puzzle;heavy-cost;29/2000;2000;3 2 4 7 6 8 5 1 0;0 1 2 3 4 5 6 7 8;64;30;96;762;117;0;55;0.023592;32299.1;BELA*;                        ? Unchecked;ijcai-2026-base-15-g257422b
n-puzzle;heavy-cost;30/2000;2000;1 3 2 0 8 6 4 7 5;0 1 2 3 4 5 6 7 8;54;31;98;666;135;0;55;0.023344;28529.8;BELA*;                        ? Unchecked;ijcai-2026-base-15-g257422b
n-puzzle;heavy-cost;31/2000;2000;8 2 5 3 7 6 4 0 1;0 1 2 3 4 5 6 7 8;75;29;119;3309;182;0;55;0.028997;114115;BELA*;                        ? Unchecked;ijcai-2026-base-15-g257422b
n-puzzle;heavy-cost;32/2000;2000;2 4 0 7 5 1 8 6 3;0 1 2 3 4 5 6 7 8;60;32;104;860;114;0;55;0.027008;31842.4;BELA*;                        ? Unchecked;ijcai-2026-base-15-g257422b
n-puzzle;heavy-cost;33/2000;2000;0 1 5 2 6 8 7 3 4;0 1 2 3 4 5 6 7 8;52;26;84;385;105;0;55;0.024617;15639.6;BELA*;                        ? Unchecked;ijcai-2026-base-15-g257422b
n-puzzle;heavy-cost;34/2000;2000;7 1 5 2 8 6 3 4 0;0 1 2 3 4 5 6 7 8;73;28;93;315;156;0;55;0.02067;15239.5;BELA*;                        ? Unchecked;ijcai-2026-base-15-g257422b
n-puzzle;heavy-cost;35/2000;2000;6 3 1 2 8 7 0 4 5;0 1 2 3 4 5 6 7 8;64;28;112;2250;187;0;55;0.028106;80054.1;BELA*;                        ? Unchecked;ijcai-2026-base-15-g257422b
n-puzzle;heavy-cost;36/2000;2000;0 3 5 4 8 6 7 2 1;0 1 2 3 4 5 6 7 8;65;32;101;692;89;0;55;0.024271;28511.4;BELA*;                        ? Unchecked;ijcai-2026-base-15-g257422b
n-puzzle;heavy-cost;37/2000;2000;8 1 4 0 3 2 5 6 7;0 1 2 3 4 5 6 7 8;73;29;105;1434;96;0;55;0.02797;51269.2;BELA*;                        ? Unchecked;ijcai-2026-base-15-g257422b
n-puzzle;heavy-cost;38/2000;2000;7 4 1 6 2 8 3 5 0;0 1 2 3 4 5 6 7 8;57;32;111;3457;157;0;55;0.03019;114508;BELA*;                        ? Unchecked;ijcai-2026-base-15-g257422b
n-puzzle;heavy-cost;39/2000;2000;4 6 8 0 5 1 3 2 7;0 1 2 3 4 5 6 7 8;65;31;103;1261;120;0;55;0.029124;43297.6;BELA*;                        ? Unchecked;ijcai-2026-base-15-g257422b
n-puzzle;heavy-cost;40/2000;2000;4 2 8 6 0 1 3 5 7;0 1 2 3 4 5 6 7 8;54;30;92;888;138;0;55;0.024423;36359.2;BELA*;                        ? Unchecked;ijcai-2026-base-15-g257422b
n-puzzle;heavy-cost;41/2000;2000;3 7 8 4 5 2 6 1 0;0 1 2 3 4 5 6 7 8;46;30;104;1501;147;0;55;0.026907;55784.7;BELA*;                        ? Unchecked;ijcai-2026-base-15-g257422b
n-puzzle;heavy-cost;42/2000;2000;7 5 6 1 0 3 2 8 4;0 1 2 3 4 5 6 7 8;87;32;105;601;128;0;55;0.026322;22832.6;BELA*;                        ? Unchecked;ijcai-2026-base-15-g257422b
n-puzzle;heavy-cost;43/2000;2000;1 6 4 8 5 3 7 2 0;0 1 2 3 4 5 6 7 8;75;34;111;1610;165;0;55;0.026763;60157.7;BELA*;                        ? Unchecked;ijcai-2026-base-15-g257422b
n-puzzle;heavy-cost;44/2000;2000;2 5 7 1 8 4 3 6 0;0 1 2 3 4 5 6 7 8;66;22;90;226;158;0;55;0.02165;10438.8;BELA*;                        ? Unchecked;ijcai-2026-base-15-g257422b
n-puzzle;heavy-cost;45/2000;2000;3 8 4 0 7 1 5 6 2;0 1 2 3 4 5 6 7 8;69;25;107;1026;156;0;55;0.027177;37752.5;BELA*;                        ? Unchecked;ijcai-2026-base-15-g257422b
n-puzzle;heavy-cost;46/2000;2000;3 0 5 4 2 1 7 8 6;0 1 2 3 4 5 6 7 8;45;29;85;548;95;0;55;0.022207;24676.9;BELA*;                        ? Unchecked;ijcai-2026-base-15-g257422b
n-puzzle;heavy-cost;47/2000;2000;4 5 3 1 7 0 8 2 6;0 1 2 3 4 5 6 7 8;70;31;106;968;91;0;55;0.022061;43878.3;BELA*;                        ? Unchecked;ijcai-2026-base-15-g257422b
n-puzzle;heavy-cost;48/2000;2000;1 8 4 2 3 5 6 0 7;0 1 2 3 4 5 6 7 8;49;25;87;496;123;0;55;0.024013;20655.5;BELA*;                        ? Unchecked;ijcai-2026-base-15-g257422b
n-puzzle;heavy-cost;49/2000;2000;4 8 1 0 6 7 3 2 5;0 1 2 3 4 5 6 7 8;73;33;111;1811;137;0;55;0.025612;70709;BELA*;                        ? Unchecked;ijcai-2026-base-15-g257422b
n-puzzle;heavy-cost;50/2000;2000;8 5 3 4 6 1 7 2 0;0 1 2 3 4 5 6 7 8;82;32;116;2407;113;0;55;0.029548;81460.7;BELA*;                        ? Unchecked;ijcai-2026-base-15-g257422b
n-puzzle;heavy-cost;51/2000;2000;4 3 7 1 5 2 6 0 8;0 1 2 3 4 5 6 7 8;44;23;84;573;117;0;55;0.021253;26960.9;BELA*;                        ? Unchecked;ijcai-2026-base-15-g257422b
n-puzzle;heavy-cost;52/2000;2000;7 4 1 2 3 0 5 8 6;0 1 2 3 4 5 6 7 8;70;39;128;11064;241;0;58;0.049468;223660;BELA*;                        ? Unchecked;ijcai-2026-base-15-g257422b
n-puzzle;heavy-cost;53/2000;2000;7 5 6 8 2 1 0 4 3;0 1 2 3 4 5 6 7 8;98;36;124;3679;171;0;58;0.035538;103523;BELA*;                        ? Unchecked;ijcai-2026-base-15-g257422b
n-puzzle;heavy-cost;54/2000;2000;2 8 5 0 7 6 1 4 3;0 1 2 3 4 5 6 7 8;74;27;110;1018;108;0;58;0.027841;36564.8;BELA*;                        ? Unchecked;ijcai-2026-base-15-g257422b
n-puzzle;heavy-cost;55/2000;2000;3 5 2 4 1 6 8 0 7;0 1 2 3 4 5 6 7 8;59;29;109;2784;128;0;58;0.031026;89731.2;BELA*;                        ? Unchecked;ijcai-2026-base-15-g257422b
n-puzzle;heavy-cost;56/2000;2000;8 6 1 5 4 3 0 2 7;0 1 2 3 4 5 6 7 8;80;32;124;3101;151;0;58;0.034245;90553.4;BELA*;                        ? Unchecked;ijcai-2026-base-15-g257422b
n-puzzle;heavy-cost;57/2000;2000;4 6 5 7 3 2 1 0 8;0 1 2 3 4 5 6 7 8;53;31;103;2813;262;0;58;0.03092;90976.7;BELA*;                        ? Unchecked;ijcai-2026-base-15-g257422b
n-puzzle;heavy-cost;58/2000;2000;3 7 4 2 8 6 5 0 1;0 1 2 3 4 5 6 7 8;83;31;111;1301;109;0;58;0.029706;43795.9;BELA*;                        ? Unchecked;ijcai-2026-base-15-g257422b
n-puzzle;heavy-cost;59/2000;2000;8 7 4 5 6 2 3 0 1;0 1 2 3 4 5 6 7 8;84;31;134;9261;221;0;58;0.044414;208515;BELA*;                        ? Unchecked;ijcai-2026-base-15-g257422b
n-puzzle;heavy-cost;60/2000;2000;6 1 5 3 4 0 8 2 7;0 1 2 3 4 5 6 7 8;46;29;106;2818;141;0;58;0.029094;96858.5;BELA*;                        ? Unchecked;ijcai-2026-base-15-g257422b
n-puzzle;heavy-cost;61/2000;2000;4 5 2 8 0 3 1 6 7;0 1 2 3 4 5 6 7 8;64;30;104;1683;227;0;58;0.02764;60890;BELA*;                        ? Unchecked;ijcai-2026-base-15-g257422b
n-puzzle;heavy-cost;62/2000;2000;8 5 4 6 1 2 7 3 0;0 1 2 3 4 5 6 7 8;72;34;124;9318;282;0;58;0.044052;211523;BELA*;                        ? Unchecked;ijcai-2026-base-15-g257422b
n-puzzle;heavy-cost;63/2000;2000;0 5 8 2 6 7 4 3 1;0 1 2 3 4 5 6 7 8;75;30;95;462;160;0;58;0.026158;17661.9;BELA*;                        ? Unchecked;ijcai-2026-base-15-g257422b
n-puzzle;heavy-cost;64/2000;2000;5 0 1 8 7 3 4 6 2;0 1 2 3 4 5 6 7 8;71;31;111;890;87;0;58;0.023084;38554.8;BELA*;                        ? Unchecked;ijcai-2026-base-15-g257422b
n-puzzle;heavy-cost;65/2000;2000;7 6 1 3 4 8 0 5 2;0 1 2 3 4 5 6 7 8;62;34;114;2410;251;0;58;0.030427;79206;BELA*;                        ? Unchecked;ijcai-2026-base-15-g257422b
n-puzzle;heavy-cost;66/2000;2000;8 0 7 3 6 5 1 2 4;0 1 2 3 4 5 6 7 8;82;31;122;2906;119;0;58;0.032584;89184.9;BELA*;                        ? Unchecked;ijcai-2026-base-15-g257422b
n-puzzle;heavy-cost;67/2000;2000;7 2 8 6 5 1 4 0 3;0 1 2 3 4 5 6 7 8;69;29;111;2671;99;0;58;0.03076;86833.6;BELA*;                        ? Unchecked;ijcai-2026-base-15-g257422b
n-puzzle;heavy-cost;68/2000;2000;5 0 3 4 1 8 2 7 6;0 1 2 3 4 5 6 7 8;57;31;99;1136;138;0;58;0.029582;38401.7;BELA*;                        ? Unchecked;ijcai-2026-base-15-g257422b
n-puzzle;heavy-cost;69/2000;2000;7 8 4 6 3 5 2 1 0;0 1 2 3 4 5 6 7 8;72;32;114;2645;141;0;58;0.035765;73955;BELA*;                        ? Unchecked;ijcai-2026-base-15-g257422b
n-puzzle;heavy-cost;70/2000;2000;7 0 3 2 8 1 5 4 6;0 1 2 3 4 5 6 7 8;85;31;105;487;119;0;58;0.026611;18300.7;BELA*;                        ? Unchecked;ijcai-2026-base-15-g257422b
n-puzzle;heavy-cost;71/2000;2000;1 0 7 3 4 8 2 5 6;0 1 2 3 4 5 6 7 8;60;31;104;1513;190;0;58;0.028324;53417.6;BELA*;                        ? Unchecked;ijcai-2026-base-15-g257422b
n-puzzle;heavy-cost;72/2000;2000;8 0 7 4 3 6 5 2 1;0 1 2 3 4 5 6 7 8;102;31;126;2839;252;0;58;0.031852;89131;BELA*;                        ? Unchecked;ijcai-2026-base-15-g257422b
n-puzzle;heavy-cost;73/2000;2000;3 7 8 5 1 2 0 6 4;0 1 2 3 4 5 6 7 8;60;32;122;6949;211;0;58;0.043237;160719;BELA*;                        ? Unchecked;ijcai-2026-base-15-g257422b
n-puzzle;heavy-cost;74/2000;2000;1 6 2 0 7 8 4 5 3;0 1 2 3 4 5 6 7 8;61;25;95;361;112;0;58;0.022705;15899.6;BELA*;                        ? Unchecked;ijcai-2026-base-15-g257422b
n-puzzle;heavy-cost;75/2000;2000;6 1 2 3 0 8 4 5 7;0 1 2 3 4 5 6 7 8;45;28;91;866;160;0;58;0.026371;32839.1;BELA*;                        ? Unchecked;ijcai-2026-base-15-g257422b
n-puzzle;heavy-cost;76/2000;2000;1 0 7 5 6 4 3 2 8;0 1 2 3 4 5 6 7 8;57;37;103;1509;114;0;58;0.031779;47484.2;BELA*;                        ? Unchecked;ijcai-2026-base-15-g257422b
n-puzzle;heavy-cost;77/2000;2000;2 7 6 1 4 0 5 3 8;0 1 2 3 4 5 6 7 8;65;31;117;4273;145;0;58;0.037631;113550;BELA*;                        ? Unchecked;ijcai-2026-base-15-g257422b
n-puzzle;heavy-cost;78/2000;2000;2 3 8 4 0 6 1 5 7;0 1 2 3 4 5 6 7 8;68;30;104;1686;193;0;58;0.029133;57872.5;BELA*;                        ? Unchecked;ijcai-2026-base-15-g257422b
n-puzzle;heavy-cost;79/2000;2000;0 5 4 6 1 7 8 2 3;0 1 2 3 4 5 6 7 8;70;30;98;601;95;0;58;0.028633;20989.8;BELA*;                        ? Unchecked;ijcai-2026-base-15-g257422b
n-puzzle;heavy-cost;80/2000;2000;5 3 4 7 0 1 8 6 2;0 1 2 3 4 5 6 7 8;71;28;95;441;92;0;58;0.024262;18176.6;BELA*;                        ? Unchecked;ijcai-2026-base-15-g257422b
n-puzzle;heavy-cost;81/2000;2000;1 7 5 6 8 3 4 2 0;0 1 2 3 4 5 6 7 8;62;30;114;3189;297;0;58;0.033421;95419;BELA*;                        ? Unchecked;ijcai-2026-base-15-g257422b
n-puzzle;heavy-cost;82/2000;2000;3 1 4 0 5 8 2 7 6;0 1 2 3 4 5 6 7 8;44;31;92;691;126;0;58;0.025795;26788.1;BELA*;                        ? Unchecked;ijcai-2026-base-15-g257422b
n-puzzle;heavy-cost;83/2000;2000;4 2 3 0 5 1 8 6 7;0 1 2 3 4 5 6 7 8;55;31;97;866;99;0;58;0.023509;36837;BELA*;                        ? Unchecked;ijcai-2026-base-15-g257422b
n-puzzle;heavy-cost;84/2000;2000;4 7 3 1 6 5 8 0 2;0 1 2 3 4 5 6 7 8;65;33;115;2974;197;0;58;0.033085;89889.7;BELA*;                        ? Unchecked;ijcai-2026-base-15-g257422b
n-puzzle;heavy-cost;85/2000;2000;3 6 0 1 5 8 4 2 7;0 1 2 3 4 5 6 7 8;57;36;117;4817;172;0;58;0.034262;140593;BELA*;                        ? Unchecked;ijcai-2026-base-15-g257422b
n-puzzle;heavy-cost;86/2000;2000;8 6 2 7 5 1 3 0 4;0 1 2 3 4 5 6 7 8;82;37;130;8333;184;0;58;0.04313;193207;BELA*;                        ? Unchecked;ijcai-2026-base-15-g257422b
n-puzzle;heavy-cost;87/2000;2000;3 2 5 7 6 0 8 1 4;0 1 2 3 4 5 6 7 8;62;21;84;212;118;0;58;0.022185;9556.01;BELA*;                        ? Unchecked;ijcai-2026-base-15-g257422b
n-puzzle;heavy-cost;88/2000;2000;1 3 2 4 0 5 8 7 6;0 1 2 3 4 5 6 7 8;39;32;117;5853;282;0;58;0.034706;168645;BELA*;                        ? Unchecked;ijcai-2026-base-15-g257422b
n-puzzle;heavy-cost;89/2000;2000;0 8 4 3 2 1 6 5 7;0 1 2 3 4 5 6 7 8;55;26;87;368;117;0;58;0.026445;13915.7;BELA*;                        ? Unchecked;ijcai-2026-base-15-g257422b
n-puzzle;heavy-cost;90/2000;2000;0 6 1 5 7 8 4 2 3;0 1 2 3 4 5 6 7 8;67;32;109;1134;129;0;58;0.025989;43633.8;BELA*;                        ? Unchecked;ijcai-2026-base-15-g257422b
n-puzzle;heavy-cost;91/2000;2000;2 1 6 4 5 8 3 0 7;0 1 2 3 4 5 6 7 8;55;27;107;2387;111;0;58;0.028726;83095.5;BELA*;                        ? Unchecked;ijcai-2026-base-15-g257422b
n-puzzle;heavy-cost;92/2000;2000;3 7 4 6 1 5 8 0 2;0 1 2 3 4 5 6 7 8;52;35;100;1536;188;0;58;0.030268;50746.7;BELA*;                        ? Unchecked;ijcai-2026-base-15-g257422b
n-puzzle;heavy-cost;93/2000;2000;7 6 1 3 5 8 2 4 0;0 1 2 3 4 5 6 7 8;65;30;107;1389;139;0;58;0.02997;46346.3;BELA*;                        ? Unchecked;ijcai-2026-base-15-g257422b
n-puzzle;heavy-cost;94/2000;2000;4 7 8 1 0 3 6 2 5;0 1 2 3 4 5 6 7 8;57;28;111;4003;136;0;58;0.029253;136841;BELA*;                        ? Unchecked;ijcai-2026-base-15-g257422b
n-puzzle;heavy-cost;95/2000;2000;0 5 8 2 7 4 1 6 3;0 1 2 3 4 5 6 7 8;61;32;95;315;101;0;58;0.025925;12150.4;BELA*;                        ? Unchecked;ijcai-2026-base-15-g257422b
n-puzzle;heavy-cost;96/2000;2000;5 2 3 8 7 0 1 6 4;0 1 2 3 4 5 6 7 8;74;29;110;1005;101;0;58;0.027419;36653.4;BELA*;                        ? Unchecked;ijcai-2026-base-15-g257422b
n-puzzle;heavy-cost;97/2000;2000;8 3 0 4 7 2 6 1 5;0 1 2 3 4 5 6 7 8;58;26;104;1006;134;0;58;0.024766;40620.2;BELA*;                        ? Unchecked;ijcai-2026-base-15-g257422b
n-puzzle;heavy-cost;98/2000;2000;5 8 6 0 7 4 1 3 2;0 1 2 3 4 5 6 7 8;87;29;125;3271;222;0;58;0.03436;95197.9;BELA*;                        ? Unchecked;ijcai-2026-base-15-g257422b
n-puzzle;heavy-cost;99/2000;2000;7 5 0 6 3 2 1 8 4;0 1 2 3 4 5 6 7 8;61;34;103;1500;120;0;58;0.030863;48601.9;BELA*;                        ? Unchecked;ijcai-2026-base-15-g257422b
n-puzzle;heavy-cost;0/3000;3000;5 6 0 8 4 7 1 3 2;0 1 2 3 4 5 6 7 8;84;30;126;2509;138;0;58;0.043989;57037;BELA*;                        ? Unchecked;ijcai-2026-base-15-g257422b
n-puzzle;heavy-cost;1/3000;3000;0 8 6 4 7 1 5 3 2;0 1 2 3 4 5 6 7 8;86;30;124;2063;195;0;58;0.047396;43526.9;BELA*;                        ? Unchecked;ijcai-2026-base-15-g257422b
n-puzzle;heavy-cost;2/3000;3000;5 2 8 0 7 4 1 3 6;0 1 2 3 4 5 6 7 8;65;35;105;1344;140;0;58;0.03958;33956.5;BELA*;                        ? Unchecked;ijcai-2026-base-15-g257422b
n-puzzle;heavy-cost;3/3000;3000;7 2 6 0 8 1 5 4 3;0 1 2 3 4 5 6 7 8;93;37;123;2458;170;0;58;0.047134;52149.2;BELA*;                        ? Unchecked;ijcai-2026-base-15-g257422b
n-puzzle;heavy-cost;4/3000;3000;5 1 8 6 0 7 2 4 3;0 1 2 3 4 5 6 7 8;72;30;104;1470;274;0;58;0.04285;34305.7;BELA*;                        ? Unchecked;ijcai-2026-base-15-g257422b
n-puzzle;heavy-cost;5/3000;3000;8 0 3 6 4 5 7 2 1;0 1 2 3 4 5 6 7 8;63;33;117;4551;207;0;58;0.049733;91508.7;BELA*;                        ? Unchecked;ijcai-2026-base-15-g257422b
n-puzzle;heavy-cost;6/3000;3000;4 2 7 1 5 8 0 6 3;0 1 2 3 4 5 6 7 8;61;24;99;994;134;0;58;0.036185;27469.9;BELA*;                        ? Unchecked;ijcai-2026-base-15-g257422b
n-puzzle;heavy-cost;7/3000;3000;4 1 7 3 2 5 6 0 8;0 1 2 3 4 5 6 7 8;33;29;89;1296;167;0;58;0.039958;32434.1;BELA*;                        ? Unchecked;ijcai-2026-base-15-g257422b
n-puzzle;heavy-cost;8/3000;3000;8 4 0 5 1 6 2 7 3;0 1 2 3 4 5 6 7 8;82;34;136;10387;405;0;61;0.064001;162294;BELA*;                        ? Unchecked;ijcai-2026-base-15-g257422b
n-puzzle;heavy-cost;9/3000;3000;1 3 0 7 6 2 5 8 4;0 1 2 3 4 5 6 7 8;66;34;104;1301;182;0;61;0.03683;35324.5;BELA*;                        ? Unchecked;ijcai-2026-base-15-g257422b
n-puzzle;heavy-cost;10/3000;3000;7 0 4 6 8 5 3 1 2;0 1 2 3 4 5 6 7 8;60;37;120;5188;153;0;61;0.055093;94168;BELA*;                        ? Unchecked;ijcai-2026-base-15-g257422b
n-puzzle;heavy-cost;11/3000;3000;6 1 7 5 8 2 4 3 0;0 1 2 3 4 5 6 7 8;75;34;127;8263;220;0;61;0.059743;138309;BELA*;                        ? Unchecked;ijcai-2026-base-15-g257422b
n-puzzle;heavy-cost;12/3000;3000;7 5 2 1 6 3 8 0 4;0 1 2 3 4 5 6 7 8;75;33;115;3159;181;0;61;0.047275;66821.8;BELA*;                        ? Unchecked;ijcai-2026-base-15-g257422b
n-puzzle;heavy-cost;13/3000;3000;6 2 4 0 8 7 5 3 1;0 1 2 3 4 5 6 7 8;76;31;110;1506;116;0;61;0.045613;33016.9;BELA*;                        ? Unchecked;ijcai-2026-base-15-g257422b
n-puzzle;heavy-cost;14/3000;3000;0 1 6 2 5 7 4 8 3;0 1 2 3 4 5 6 7 8;74;38;122;4571;136;0;61;0.051054;89532.7;BELA*;                        ? Unchecked;ijcai-2026-base-15-g257422b
n-puzzle;heavy-cost;15/3000;3000;4 0 3 6 1 2 8 5 7;0 1 2 3 4 5 6 7 8;59;23;85;418;130;0;61;0.031357;13330.4;BELA*;                        ? Unchecked;ijcai-2026-base-15-g257422b
n-puzzle;heavy-cost;16/3000;3000;1 5 8 7 6 4 0 3 2;0 1 2 3 4 5 6 7 8;67;24;105;1285;281;0;61;0.043864;29295.1;BELA*;                        ? Unchecked;ijcai-2026-base-15-g257422b
n-puzzle;heavy-cost;17/3000;3000;2 7 0 8 4 6 3 5 1;0 1 2 3 4 5 6 7 8;76;34;124;2002;124;0;61;0.046496;43057.5;BELA*;                        ? Unchecked;ijcai-2026-base-15-g257422b
n-puzzle;heavy-cost;18/3000;3000;7 4 8 1 5 6 0 2 3;0 1 2 3 4 5 6 7 8;81;30;113;2215;184;0;61;0.047715;46421.5;BELA*;                        ? Unchecked;ijcai-2026-base-15-g257422b
n-puzzle;heavy-cost;19/3000;3000;2 3 0 1 4 7 5 6 8;0 1 2 3 4 5 6 7 8;47;32;93;1101;182;0;61;0.039718;27720.4;BELA*;                        ? Unchecked;ijcai-2026-base-15-g257422b
n-puzzle;heavy-cost;20/3000;3000;2 1 4 5 0 6 8 3 7;0 1 2 3 4 5 6 7 8;69;34;121;7173;187;0;61;0.059133;121303;BELA*;                        ? Unchecked;ijcai-2026-base-15-g257422b
n-puzzle;heavy-cost;21/3000;3000;8 7 6 2 5 4 1 0 3;0 1 2 3 4 5 6 7 8;97;35;139;8298;297;0;61;0.05366;154640;BELA*;                        ? Unchecked;ijcai-2026-base-15-g257422b
n-puzzle;heavy-cost;22/3000;3000;2 7 3 1 6 5 4 0 8;0 1 2 3 4 5 6 7 8;49;29;85;464;159;0;61;0.037914;12238.2;BELA*;                        ? Unchecked;ijcai-2026-base-15-g257422b
n-puzzle;heavy-cost;23/3000;3000;3 0 4 6 2 1 8 5 7;0 1 2 3 4 5 6 7 8;56;29;90;786;126;0;61;0.034484;22793.2;BELA*;                        ? Unchecked;ijcai-2026-base-15-g257422b
n-puzzle;heavy-cost;24/3000;3000;5 3 2 4 8 6 0 1 7;0 1 2 3 4 5 6 7 8;68;32;112;2015;103;0;61;0.036133;55766.2;BELA*;                        ? Unchecked;ijcai-2026-base-15-g257422b
n-puzzle;heavy-cost;25/3000;3000;1 3 5 2 4 6 8 7 0;0 1 2 3 4 5 6 7 8;52;32;122;7036;225;0;61;0.0564;124752;BELA*;                        ? Unchecked;ijcai-2026-base-15-g257422b
n-puzzle;heavy-cost;26/3000;3000;8 5 1 4 2 7 6 0 3;0 1 2 3 4 5 6 7 8;74;31;110;1693;131;0;61;0.042519;39817.5;BELA*;                        ? Unchecked;ijcai-2026-base-15-g257422b
n-puzzle;heavy-cost;27/3000;3000;2 8 5 6 3 1 4 0 7;0 1 2 3 4 5 6 7 8;59;35;99;1190;145;0;61;0.037848;31441.6;BELA*;                        ? Unchecked;ijcai-2026-base-15-g257422b
n-puzzle;heavy-cost;28/3000;3000;5 0 7 4 2 3 1 6 8;0 1 2 3 4 5 6 7 8;59;27;85;459;129;0;61;0.031541;14552.5;BELA*;                        ? Unchecked;ijcai-2026-base-15-g257422b
n-puzzle;heavy-cost;29/3000;3000;3 2 4 7 6 8 5 1 0;0 1 2 3 4 5 6 7 8;64;30;96;762;119;0;61;0.035322;21573;BELA*;                        ? Unchecked;ijcai-2026-base-15-g257422b
n-puzzle;heavy-cost;30/3000;3000;1 3 2 0 8 6 4 7 5;0 1 2 3 4 5 6 7 8;54;29;98;666;149;0;61;0.036058;18470.2;BELA*;                        ? Unchecked;ijcai-2026-base-15-g257422b
n-puzzle;heavy-cost;31/3000;3000;8 2 5 3 7 6 4 0 1;0 1 2 3 4 5 6 7 8;75;29;119;3309;215;0;61;0.040547;81609;BELA*;                        ? Unchecked;ijcai-2026-base-15-g257422b
n-puzzle;heavy-cost;32/3000;3000;2 4 0 7 5 1 8 6 3;0 1 2 3 4 5 6 7 8;60;34;104;860;115;0;61;0.040752;21103.3;BELA*;                        ? Unchecked;ijcai-2026-base-15-g257422b
n-puzzle;heavy-cost;33/3000;3000;0 1 5 2 6 8 7 3 4;0 1 2 3 4 5 6 7 8;52;26;86;469;144;0;61;0.036572;12824;BELA*;                        ? Unchecked;ijcai-2026-base-15-g257422b
n-puzzle;heavy-cost;34/3000;3000;7 1 5 2 8 6 3 4 0;0 1 2 3 4 5 6 7 8;73;24;93;315;176;0;61;0.032575;9669.99;BELA*;                        ? Unchecked;ijcai-2026-base-15-g257422b
n-puzzle;heavy-cost;35/3000;3000;6 3 1 2 8 7 0 4 5;0 1 2 3 4 5 6 7 8;64;32;114;2812;258;0;61;0.042986;65416.6;BELA*;                        ? Unchecked;ijcai-2026-base-15-g257422b
n-puzzle;heavy-cost;36/3000;3000;0 3 5 4 8 6 7 2 1;0 1 2 3 4 5 6 7 8;65;28;101;692;104;0;61;0.037895;18261;BELA*;                        ? Unchecked;ijcai-2026-base-15-g257422b
n-puzzle;heavy-cost;37/3000;3000;8 1 4 0 3 2 5 6 7;0 1 2 3 4 5 6 7 8;73;33;107;1757;148;0;61;0.04251;41331.5;BELA*;                        ? Unchecked;ijcai-2026-base-15-g257422b
n-puzzle;heavy-cost;38/3000;3000;7 4 1 6 2 8 3 5 0;0 1 2 3 4 5 6 7 8;57;30;113;4260;216;0;61;0.045536;93552.4;BELA*;                        ? Unchecked;ijcai-2026-base-15-g257422b
n-puzzle;heavy-cost;39/3000;3000;4 6 8 0 5 1 3 2 7;0 1 2 3 4 5 6 7 8;65;31;105;1648;169;0;61;0.044182;37300.3;BELA*;                        ? Unchecked;ijcai-2026-base-15-g257422b
n-puzzle;heavy-cost;40/3000;3000;4 2 8 6 0 1 3 5 7;0 1 2 3 4 5 6 7 8;54;28;92;888;150;0;61;0.037809;23486.5;BELA*;                        ? Unchecked;ijcai-2026-base-15-g257422b
n-puzzle;heavy-cost;41/3000;3000;3 7 8 4 5 2 6 1 0;0 1 2 3 4 5 6 7 8;46;30;104;1501;155;0;61;0.039475;38024.1;BELA*;                        ? Unchecked;ijcai-2026-base-15-g257422b
n-puzzle;heavy-cost;42/3000;3000;7 5 6 1 0 3 2 8 4;0 1 2 3 4 5 6 7 8;87;34;105;601;131;0;61;0.040085;14993.1;BELA*;                        ? Unchecked;ijcai-2026-base-15-g257422b
n-puzzle;heavy-cost;43/3000;3000;1 6 4 8 5 3 7 2 0;0 1 2 3 4 5 6 7 8;75;32;111;1610;166;0;61;0.041313;38970.8;BELA*;                        ? Unchecked;ijcai-2026-base-15-g257422b
n-puzzle;heavy-cost;44/3000;3000;2 5 7 1 8 4 3 6 0;0 1 2 3 4 5 6 7 8;66;26;92;300;201;0;61;0.033121;9057.7;BELA*;                        ? Unchecked;ijcai-2026-base-15-g257422b
n-puzzle;heavy-cost;45/3000;3000;3 8 4 0 7 1 5 6 2;0 1 2 3 4 5 6 7 8;69;27;109;1184;198;0;61;0.041524;28513.6;BELA*;                        ? Unchecked;ijcai-2026-base-15-g257422b
n-puzzle;heavy-cost;46/3000;3000;3 0 5 4 2 1 7 8 6;0 1 2 3 4 5 6 7 8;45;27;85;548;111;0;61;0.033758;16233.2;BELA*;                        ? Unchecked;ijcai-2026-base-15-g257422b
n-puzzle;heavy-cost;47/3000;3000;4 5 3 1 7 0 8 2 6;0 1 2 3 4 5 6 7 8;70;29;108;1320;141;0;61;0.036764;35904.7;BELA*;                        ? Unchecked;ijcai-2026-base-15-g257422b
n-puzzle;heavy-cost;48/3000;3000;1 8 4 2 3 5 6 0 7;0 1 2 3 4 5 6 7 8;49;29;89;589;148;0;61;0.03637;16194.7;BELA*;                        ? Unchecked;ijcai-2026-base-15-g257422b
n-puzzle;heavy-cost;49/3000;3000;4 8 1 0 6 7 3 2 5;0 1 2 3 4 5 6 7 8;73;35;113;2307;189;0;61;0.039526;58366.6;BELA*;                        ? Unchecked;ijcai-2026-base-15-g257422b
n-puzzle;heavy-cost;50/3000;3000;8 5 3 4 6 1 7 2 0;0 1 2 3 4 5 6 7 8;82;36;118;2885;168;0;61;0.044854;64319.8;BELA*;                        ? Unchecked;ijcai-2026-base-15-g257422b
n-puzzle;heavy-cost;51/3000;3000;4 3 7 1 5 2 6 0 8;0 1 2 3 4 5 6 7 8;44;27;86;713;162;0;61;0.032139;22184.9;BELA*;                        ? Unchecked;ijcai-2026-base-15-g257422b
n-puzzle;heavy-cost;52/3000;3000;7 4 1 2 3 0 5 8 6;0 1 2 3 4 5 6 7 8;70;37;128;11064;284;0;64;0.065781;168194;BELA*;                        ? Unchecked;ijcai-2026-base-15-g257422b
n-puzzle;heavy-cost;53/3000;3000;7 5 6 8 2 1 0 4 3;0 1 2 3 4 5 6 7 8;98;34;124;3679;172;0;64;0.050987;72155.6;BELA*;                        ? Unchecked;ijcai-2026-base-15-g257422b
n-puzzle;heavy-cost;54/3000;3000;2 8 5 0 7 6 1 4 3;0 1 2 3 4 5 6 7 8;74;29;110;1018;109;0;64;0.042504;23950.7;BELA*;                        ? Unchecked;ijcai-2026-base-15-g257422b
n-puzzle;heavy-cost;55/3000;3000;3 5 2 4 1 6 8 0 7;0 1 2 3 4 5 6 7 8;59;33;111;3363;171;0;64;0.045136;74508.2;BELA*;                        ? Unchecked;ijcai-2026-base-15-g257422b
n-puzzle;heavy-cost;56/3000;3000;8 6 1 5 4 3 0 2 7;0 1 2 3 4 5 6 7 8;80;36;126;3687;211;0;64;0.050355;73220.1;BELA*;                        ? Unchecked;ijcai-2026-base-15-g257422b
n-puzzle;heavy-cost;57/3000;3000;4 6 5 7 3 2 1 0 8;0 1 2 3 4 5 6 7 8;53;35;103;2813;273;0;64;0.043391;64829.1;BELA*;                        ? Unchecked;ijcai-2026-base-15-g257422b
n-puzzle;heavy-cost;58/3000;3000;3 7 4 2 8 6 5 0 1;0 1 2 3 4 5 6 7 8;83;31;111;1301;120;0;64;0.04466;29131.2;BELA*;                        ? Unchecked;ijcai-2026-base-15-g257422b
n-puzzle;heavy-cost;59/3000;3000;8 7 4 5 6 2 3 0 1;0 1 2 3 4 5 6 7 8;84;33;136;11419;338;0;64;0.063884;178746;BELA*;                        ? Unchecked;ijcai-2026-base-15-g257422b
n-puzzle;heavy-cost;60/3000;3000;6 1 5 3 4 0 8 2 7;0 1 2 3 4 5 6 7 8;46;27;108;3436;196;0;64;0.043148;79632.9;BELA*;                        ? Unchecked;ijcai-2026-base-15-g257422b
n-puzzle;heavy-cost;61/3000;3000;4 5 2 8 0 3 1 6 7;0 1 2 3 4 5 6 7 8;64;32;106;1989;307;0;64;0.041116;48375.3;BELA*;                        ? Unchecked;ijcai-2026-base-15-g257422b
n-puzzle;heavy-cost;62/3000;3000;8 5 4 6 1 2 7 3 0;0 1 2 3 4 5 6 7 8;72;32;124;9318;292;0;64;0.060512;153986;BELA*;                        ? Unchecked;ijcai-2026-base-15-g257422b
n-puzzle;heavy-cost;63/3000;3000;0 5 8 2 6 7 4 3 1;0 1 2 3 4 5 6 7 8;75;30;95;462;162;0;64;0.038125;12118;BELA*;                        ? Unchecked;ijcai-2026-base-15-g257422b
n-puzzle;heavy-cost;64/3000;3000;5 0 1 8 7 3 4 6 2;0 1 2 3 4 5 6 7 8;71;33;111;890;89;0;64;0.036734;24228.2;BELA*;                        ? Unchecked;ijcai-2026-base-15-g257422b
n-puzzle;heavy-cost;65/3000;3000;7 6 1 3 4 8 0 5 2;0 1 2 3 4 5 6 7 8;62;30;114;2410;258;0;64;0.042904;56171.9;BELA*;                        ? Unchecked;ijcai-2026-base-15-g257422b
n-puzzle;heavy-cost;66/3000;3000;8 0 7 3 6 5 1 2 4;0 1 2 3 4 5 6 7 8;82;33;124;3779;206;0;64;0.048082;78594.9;BELA*;                        ? Unchecked;ijcai-2026-base-15-g257422b
n-puzzle;heavy-cost;67/3000;3000;7 2 8 6 5 1 4 0 3;0 1 2 3 4 5 6 7 8;69;31;113;3371;128;0;64;0.044856;75151.6;BELA*;                        ? Unchecked;ijcai-2026-base-15-g257422b
n-puzzle;heavy-cost;68/3000;3000;5 0 3 4 1 8 2 7 6;0 1 2 3 4 5 6 7 8;57;33;101;1384;191;0;64;0.042822;32319.8;BELA*;                        ? Unchecked;ijcai-2026-base-15-g257422b
n-puzzle;heavy-cost;69/3000;3000;7 8 4 6 3 5 2 1 0;0 1 2 3 4 5 6 7 8;72;36;116;3490;192;0;64;0.051996;67120.5;BELA*;                        ? Unchecked;ijcai-2026-base-15-g257422b
n-puzzle;heavy-cost;70/3000;3000;7 0 3 2 8 1 5 4 6;0 1 2 3 4 5 6 7 8;85;27;107;652;164;0;64;0.039169;16645.8;BELA*;                        ? Unchecked;ijcai-2026-base-15-g257422b
n-puzzle;heavy-cost;71/3000;3000;1 0 7 3 4 8 2 5 6;0 1 2 3 4 5 6 7 8;60;31;104;1513;203;0;64;0.040723;37153.5;BELA*;                        ? Unchecked;ijcai-2026-base-15-g257422b
n-puzzle;heavy-cost;72/3000;3000;8 0 7 4 3 6 5 2 1;0 1 2 3 4 5 6 7 8;102;35;126;2839;273;0;64;0.04713;60237.6;BELA*;                        ? Unchecked;ijcai-2026-base-15-g257422b
n-puzzle;heavy-cost;73/3000;3000;3 7 8 5 1 2 0 6 4;0 1 2 3 4 5 6 7 8;60;34;124;8346;332;0;66;0.060984;136856;BELA*;                        ? Unchecked;ijcai-2026-base-15-g257422b
n-puzzle;heavy-cost;74/3000;3000;1 6 2 0 7 8 4 5 3;0 1 2 3 4 5 6 7 8;61;27;95;361;121;0;66;0.03417;10564.8;BELA*;                        ? Unchecked;ijcai-2026-base-15-g257422b
n-puzzle;heavy-cost;75/3000;3000;6 1 2 3 0 8 4 5 7;0 1 2 3 4 5 6 7 8;45;28;91;866;161;0;66;0.038534;22473.7;BELA*;                        ? Unchecked;ijcai-2026-base-15-g257422b
n-puzzle;heavy-cost;76/3000;3000;1 0 7 5 6 4 3 2 8;0 1 2 3 4 5 6 7 8;57;37;103;1509;115;0;66;0.04759;31708.3;BELA*;                        ? Unchecked;ijcai-2026-base-15-g257422b
n-puzzle;heavy-cost;77/3000;3000;2 7 6 1 4 0 5 3 8;0 1 2 3 4 5 6 7 8;65;35;117;4273;166;0;66;0.0518;82490.3;BELA*;                        ? Unchecked;ijcai-2026-base-15-g257422b
n-puzzle;heavy-cost;78/3000;3000;2 3 8 4 0 6 1 5 7;0 1 2 3 4 5 6 7 8;68;32;104;1686;224;0;66;0.043256;38977.3;BELA*;                        ? Unchecked;ijcai-2026-base-15-g257422b
n-puzzle;heavy-cost;79/3000;3000;0 5 4 6 1 7 8 2 3;0 1 2 3 4 5 6 7 8;70;28;100;750;131;0;66;0.041644;18009.8;BELA*;                        ? Unchecked;ijcai-2026-base-15-g257422b
n-puzzle;heavy-cost;80/3000;3000;5 3 4 7 0 1 8 6 2;0 1 2 3 4 5 6 7 8;71;26;95;441;109;0;66;0.035813;12314;BELA*;                        ? Unchecked;ijcai-2026-base-15-g257422b
n-puzzle;heavy-cost;81/3000;3000;1 7 5 6 8 3 4 2 0;0 1 2 3 4 5 6 7 8;62;32;114;3189;305;0;66;0.04769;66869.4;BELA*;                        ? Unchecked;ijcai-2026-base-15-g257422b
n-puzzle;heavy-cost;82/3000;3000;3 1 4 0 5 8 2 7 6;0 1 2 3 4 5 6 7 8;44;33;92;691;132;0;66;0.036353;19008.1;BELA*;                        ? Unchecked;ijcai-2026-base-15-g257422b
n-puzzle;heavy-cost;83/3000;3000;4 2 3 0 5 1 8 6 7;0 1 2 3 4 5 6 7 8;55;29;99;1072;137;0;66;0.037007;28967.5;BELA*;                        ? Unchecked;ijcai-2026-base-15-g257422b
n-puzzle;heavy-cost;84/3000;3000;4 7 3 1 6 5 8 0 2;0 1 2 3 4 5 6 7 8;65;35;115;2974;226;0;66;0.048203;61697.4;BELA*;                        ? Unchecked;ijcai-2026-base-15-g257422b
n-puzzle;heavy-cost;85/3000;3000;3 6 0 1 5 8 4 2 7;0 1 2 3 4 5 6 7 8;57;34;117;4817;196;0;66;0.0496;97116.9;BELA*;                        ? Unchecked;ijcai-2026-base-15-g257422b
n-puzzle;heavy-cost;86/3000;3000;8 6 2 7 5 1 3 0 4;0 1 2 3 4 5 6 7 8;82;35;132;10259;318;0;66;0.062071;165278;BELA*;                        ? Unchecked;ijcai-2026-base-15-g257422b
n-puzzle;heavy-cost;87/3000;3000;3 2 5 7 6 0 8 1 4;0 1 2 3 4 5 6 7 8;62;25;86;259;133;0;66;0.031265;8284.02;BELA*;                        ? Unchecked;ijcai-2026-base-15-g257422b
n-puzzle;heavy-cost;88/3000;3000;1 3 2 4 0 5 8 7 6;0 1 2 3 4 5 6 7 8;39;28;117;5853;288;0;66;0.047508;123200;BELA*;                        ? Unchecked;ijcai-2026-base-15-g257422b
n-puzzle;heavy-cost;89/3000;3000;0 8 4 3 2 1 6 5 7;0 1 2 3 4 5 6 7 8;55;28;89;478;160;0;66;0.039239;12181.8;BELA*;                        ? Unchecked;ijcai-2026-base-15-g257422b
n-puzzle;heavy-cost;90/3000;3000;0 6 1 5 7 8 4 2 3;0 1 2 3 4 5 6 7 8;67;32;109;1134;143;0;66;0.037959;29874.3;BELA*;                        ? Unchecked;ijcai-2026-base-15-g257422b
n-puzzle;heavy-cost;91/3000;3000;2 1 6 4 5 8 3 0 7;0 1 2 3 4 5 6 7 8;55;33;109;2852;165;0;66;0.041729;68345.8;BELA*;                        ? Unchecked;ijcai-2026-base-15-g257422b
n-puzzle;heavy-cost;92/3000;3000;3 7 4 6 1 5 8 0 2;0 1 2 3 4 5 6 7 8;52;27;100;1536;205;0;66;0.042179;36416.2;BELA*;                        ? Unchecked;ijcai-2026-base-15-g257422b
n-puzzle;heavy-cost;93/3000;3000;7 6 1 3 5 8 2 4 0;0 1 2 3 4 5 6 7 8;65;32;109;1644;202;0;66;0.04376;37568.6;BELA*;                        ? Unchecked;ijcai-2026-base-15-g257422b
n-puzzle;heavy-cost;94/3000;3000;4 7 8 1 0 3 6 2 5;0 1 2 3 4 5 6 7 8;57;32;113;4730;211;0;66;0.042029;112541;BELA*;                        ? Unchecked;ijcai-2026-base-15-g257422b
n-puzzle;heavy-cost;95/3000;3000;0 5 8 2 7 4 1 6 3;0 1 2 3 4 5 6 7 8;61;34;97;440;143;0;66;0.036824;11948.7;BELA*;                        ? Unchecked;ijcai-2026-base-15-g257422b
n-puzzle;heavy-cost;96/3000;3000;5 2 3 8 7 0 1 6 4;0 1 2 3 4 5 6 7 8;74;33;112;1211;140;0;66;0.039193;30898.4;BELA*;                        ? Unchecked;ijcai-2026-base-15-g257422b
n-puzzle;heavy-cost;97/3000;3000;8 3 0 4 7 2 6 1 5;0 1 2 3 4 5 6 7 8;58;24;106;1252;197;0;66;0.036114;34668;BELA*;                        ? Unchecked;ijcai-2026-base-15-g257422b
n-puzzle;heavy-cost;98/3000;3000;5 8 6 0 7 4 1 3 2;0 1 2 3 4 5 6 7 8;87;33;125;3271;238;0;66;0.04738;69037.6;BELA*;                        ? Unchecked;ijcai-2026-base-15-g257422b
n-puzzle;heavy-cost;99/3000;3000;7 5 0 6 3 2 1 8 4;0 1 2 3 4 5 6 7 8;61;36;103;1500;122;0;66;0.044896;33410.5;BELA*;                        ? Unchecked;ijcai-2026-base-15-g257422b
n-puzzle;heavy-cost;0/4000;4000;5 6 0 8 4 7 1 3 2;0 1 2 3 4 5 6 7 8;84;32;128;3373;202;0;66;0.059002;57167.6;BELA*;                        ? Unchecked;ijcai-2026-base-15-g257422b
n-puzzle;heavy-cost;1/4000;4000;0 8 6 4 7 1 5 3 2;0 1 2 3 4 5 6 7 8;86;36;126;2862;284;0;66;0.067352;42493.2;BELA*;                        ? Unchecked;ijcai-2026-base-15-g257422b
n-puzzle;heavy-cost;2/4000;4000;5 2 8 0 7 4 1 3 6;0 1 2 3 4 5 6 7 8;65;29;105;1344;142;0;66;0.05463;24601.9;BELA*;                        ? Unchecked;ijcai-2026-base-15-g257422b
n-puzzle;heavy-cost;3/4000;4000;7 2 6 0 8 1 5 4 3;0 1 2 3 4 5 6 7 8;93;35;123;2458;198;0;66;0.062527;39311;BELA*;                        ? Unchecked;ijcai-2026-base-15-g257422b
n-puzzle;heavy-cost;4/4000;4000;5 1 8 6 0 7 2 4 3;0 1 2 3 4 5 6 7 8;72;32;104;1470;288;0;66;0.055181;26639.6;BELA*;                        ? Unchecked;ijcai-2026-base-15-g257422b
n-puzzle;heavy-cost;5/4000;4000;8 0 3 6 4 5 7 2 1;0 1 2 3 4 5 6 7 8;63;29;117;4551;208;0;67;0.063693;71452.1;BELA*;                        ? Unchecked;ijcai-2026-base-15-g257422b
n-puzzle;heavy-cost;6/4000;4000;4 2 7 1 5 8 0 6 3;0 1 2 3 4 5 6 7 8;61;26;101;1280;186;0;67;0.046725;27394.3;BELA*;                        ? Unchecked;ijcai-2026-base-15-g257422b
n-puzzle;heavy-cost;7/4000;4000;4 1 7 3 2 5 6 0 8;0 1 2 3 4 5 6 7 8;33;21;89;1296;181;0;67;0.050164;25835.3;BELA*;                        ? Unchecked;ijcai-2026-base-15-g257422b
n-puzzle;heavy-cost;8/4000;4000;8 4 0 5 1 6 2 7 3;0 1 2 3 4 5 6 7 8;82;34;136;10387;427;0;69;0.07949;130671;BELA*;                        ? Unchecked;ijcai-2026-base-15-g257422b
n-puzzle;heavy-cost;9/4000;4000;1 3 0 7 6 2 5 8 4;0 1 2 3 4 5 6 7 8;66;32;104;1301;186;0;69;0.046349;28069.6;BELA*;                        ? Unchecked;ijcai-2026-base-15-g257422b
n-puzzle;heavy-cost;10/4000;4000;7 0 4 6 8 5 3 1 2;0 1 2 3 4 5 6 7 8;60;33;120;5188;185;0;69;0.070509;73579.3;BELA*;                        ? Unchecked;ijcai-2026-base-15-g257422b
n-puzzle;heavy-cost;11/4000;4000;6 1 7 5 8 2 4 3 0;0 1 2 3 4 5 6 7 8;75;34;127;8263;220;0;72;0.07015;117790;BELA*;                        ? Unchecked;ijcai-2026-base-15-g257422b
n-puzzle;heavy-cost;12/4000;4000;7 5 2 1 6 3 8 0 4;0 1 2 3 4 5 6 7 8;75;33;115;3159;184;0;72;0.062587;50473.7;BELA*;                        ? Unchecked;ijcai-2026-base-15-g257422b
n-puzzle;heavy-cost;13/4000;4000;6 2 4 0 8 7 5 3 1;0 1 2 3 4 5 6 7 8;76;35;112;1924;149;0;72;0.059438;32369.9;BELA*;                        ? Unchecked;ijcai-2026-base-15-g257422b
n-puzzle;heavy-cost;14/4000;4000;0 1 6 2 5 7 4 8 3;0 1 2 3 4 5 6 7 8;74;36;122;4571;136;0;72;0.063157;72375.2;BELA*;                        ? Unchecked;ijcai-2026-base-15-g257422b
n-puzzle;heavy-cost;15/4000;4000;4 0 3 6 1 2 8 5 7;0 1 2 3 4 5 6 7 8;59;27;85;418;131;0;72;0.041977;9957.83;BELA*;                        ? Unchecked;ijcai-2026-base-15-g257422b
n-puzzle;heavy-cost;16/4000;4000;1 5 8 7 6 4 0 3 2;0 1 2 3 4 5 6 7 8;67;32;105;1285;285;0;72;0.048705;26383.3;BELA*;                        ? Unchecked;ijcai-2026-base-15-g257422b
n-puzzle;heavy-cost;17/4000;4000;2 7 0 8 4 6 3 5 1;0 1 2 3 4 5 6 7 8;76;34;124;2002;125;0;72;0.056689;35315.5;BELA*;                        ? Unchecked;ijcai-2026-base-15-g257422b
n-puzzle;heavy-cost;18/4000;4000;7 4 8 1 5 6 0 2 3;0 1 2 3 4 5 6 7 8;81;32;115;2911;268;0;72;0.061243;47532;BELA*;                        ? Unchecked;ijcai-2026-base-15-g257422b
n-puzzle;heavy-cost;19/4000;4000;2 3 0 1 4 7 5 6 8;0 1 2 3 4 5 6 7 8;47;32;93;1101;183;0;72;0.053528;20568.7;BELA*;                        ? Unchecked;ijcai-2026-base-15-g257422b
n-puzzle;heavy-cost;20/4000;4000;2 1 4 5 0 6 8 3 7;0 1 2 3 4 5 6 7 8;69;34;123;8610;288;0;72;0.077278;111416;BELA*;                        ? Unchecked;ijcai-2026-base-15-g257422b
n-puzzle;heavy-cost;21/4000;4000;8 7 6 2 5 4 1 0 3;0 1 2 3 4 5 6 7 8;97;35;139;8298;344;0;72;0.06971;119036;BELA*;                        ? Unchecked;ijcai-2026-base-15-g257422b
n-puzzle;heavy-cost;22/4000;4000;2 7 3 1 6 5 4 0 8;0 1 2 3 4 5 6 7 8;49;29;85;464;188;0;72;0.049576;9359.37;BELA*;                        ? Unchecked;ijcai-2026-base-15-g257422b
n-puzzle;heavy-cost;23/4000;4000;3 0 4 6 2 1 8 5 7;0 1 2 3 4 5 6 7 8;56;25;90;786;142;0;72;0.044766;17558;BELA*;                        ? Unchecked;ijcai-2026-base-15-g257422b
n-puzzle;heavy-cost;24/4000;4000;5 3 2 4 8 6 0 1 7;0 1 2 3 4 5 6 7 8;68;32;112;2015;104;0;72;0.048957;41158.6;BELA*;                        ? Unchecked;ijcai-2026-base-15-g257422b
n-puzzle;heavy-cost;25/4000;4000;1 3 5 2 4 6 8 7 0;0 1 2 3 4 5 6 7 8;52;34;124;8339;306;0;72;0.074893;111346;BELA*;                        ? Unchecked;ijcai-2026-base-15-g257422b
n-puzzle;heavy-cost;26/4000;4000;8 5 1 4 2 7 6 0 3;0 1 2 3 4 5 6 7 8;74;31;110;1693;148;0;72;0.057803;29289.1;BELA*;                        ? Unchecked;ijcai-2026-base-15-g257422b
n-puzzle;heavy-cost;27/4000;4000;2 8 5 6 3 1 4 0 7;0 1 2 3 4 5 6 7 8;59;29;99;1190;145;0;72;0.047182;25221.5;BELA*;                        ? Unchecked;ijcai-2026-base-15-g257422b
n-puzzle;heavy-cost;28/4000;4000;5 0 7 4 2 3 1 6 8;0 1 2 3 4 5 6 7 8;59;29;87;544;165;0;72;0.041095;13237.6;BELA*;                        ? Unchecked;ijcai-2026-base-15-g257422b
n-puzzle;heavy-cost;29/4000;4000;3 2 4 7 6 8 5 1 0;0 1 2 3 4 5 6 7 8;64;28;98;912;155;0;72;0.047918;19032.5;BELA*;                        ? Unchecked;ijcai-2026-base-15-g257422b
n-puzzle;heavy-cost;30/4000;4000;1 3 2 0 8 6 4 7 5;0 1 2 3 4 5 6 7 8;54;27;100;802;191;0;72;0.048622;16494.6;BELA*;                        ? Unchecked;ijcai-2026-base-15-g257422b
n-puzzle;heavy-cost;31/4000;4000;8 2 5 3 7 6 4 0 1;0 1 2 3 4 5 6 7 8;75;31;119;3309;219;0;72;0.051326;64470.2;BELA*;                        ? Unchecked;ijcai-2026-base-15-g257422b
n-puzzle;heavy-cost;32/4000;4000;2 4 0 7 5 1 8 6 3;0 1 2 3 4 5 6 7 8;60;26;104;860;125;0;72;0.053048;16211.7;BELA*;                        ? Unchecked;ijcai-2026-base-15-g257422b
n-puzzle;heavy-cost;33/4000;4000;0 1 5 2 6 8 7 3 4;0 1 2 3 4 5 6 7 8;52;26;86;469;146;0;72;0.046591;10066.3;BELA*;                        ? Unchecked;ijcai-2026-base-15-g257422b
n-puzzle;heavy-cost;34/4000;4000;7 1 5 2 8 6 3 4 0;0 1 2 3 4 5 6 7 8;73;26;95;442;234;0;72;0.042547;10388.5;BELA*;                        ? Unchecked;ijcai-2026-base-15-g257422b
n-puzzle;heavy-cost;35/4000;4000;6 3 1 2 8 7 0 4 5;0 1 2 3 4 5 6 7 8;64;32;114;2812;267;0;72;0.054162;51918.3;BELA*;                        ? Unchecked;ijcai-2026-base-15-g257422b
n-puzzle;heavy-cost;36/4000;4000;0 3 5 4 8 6 7 2 1;0 1 2 3 4 5 6 7 8;65;32;103;834;132;0;72;0.049281;16923.4;BELA*;                        ? Unchecked;ijcai-2026-base-15-g257422b
n-puzzle;heavy-cost;37/4000;4000;8 1 4 0 3 2 5 6 7;0 1 2 3 4 5 6 7 8;73;33;107;1757;151;0;72;0.054826;32046.8;BELA*;                        ? Unchecked;ijcai-2026-base-15-g257422b
n-puzzle;heavy-cost;38/4000;4000;7 4 1 6 2 8 3 5 0;0 1 2 3 4 5 6 7 8;57;30;113;4260;216;0;72;0.055448;76828.7;BELA*;                        ? Unchecked;ijcai-2026-base-15-g257422b
n-puzzle;heavy-cost;39/4000;4000;4 6 8 0 5 1 3 2 7;0 1 2 3 4 5 6 7 8;65;33;105;1648;169;0;72;0.054607;30179.3;BELA*;                        ? Unchecked;ijcai-2026-base-15-g257422b
n-puzzle;heavy-cost;40/4000;4000;4 2 8 6 0 1 3 5 7;0 1 2 3 4 5 6 7 8;54;28;94;1054;213;0;72;0.048472;21744.5;BELA*;                        ? Unchecked;ijcai-2026-base-15-g257422b
n-puzzle;heavy-cost;41/4000;4000;3 7 8 4 5 2 6 1 0;0 1 2 3 4 5 6 7 8;46;32;104;1501;156;0;72;0.052119;28799.5;BELA*;                        ? Unchecked;ijcai-2026-base-15-g257422b
n-puzzle;heavy-cost;42/4000;4000;7 5 6 1 0 3 2 8 4;0 1 2 3 4 5 6 7 8;87;34;105;601;132;0;72;0.054181;11092.4;BELA*;                        ? Unchecked;ijcai-2026-base-15-g257422b
n-puzzle;heavy-cost;43/4000;4000;1 6 4 8 5 3 7 2 0;0 1 2 3 4 5 6 7 8;75;30;111;1610;199;0;72;0.052694;30553.8;BELA*;                        ? Unchecked;ijcai-2026-base-15-g257422b
n-puzzle;heavy-cost;44/4000;4000;2 5 7 1 8 4 3 6 0;0 1 2 3 4 5 6 7 8;66;28;92;300;201;0;72;0.040018;7496.63;BELA*;                        ? Unchecked;ijcai-2026-base-15-g257422b
n-puzzle;heavy-cost;45/4000;4000;3 8 4 0 7 1 5 6 2;0 1 2 3 4 5 6 7 8;69;33;109;1184;202;0;72;0.052625;22498.8;BELA*;                        ? Unchecked;ijcai-2026-base-15-g257422b
n-puzzle;heavy-cost;46/4000;4000;3 0 5 4 2 1 7 8 6;0 1 2 3 4 5 6 7 8;45;31;87;689;135;0;72;0.043552;15820.2;BELA*;                        ? Unchecked;ijcai-2026-base-15-g257422b
n-puzzle;heavy-cost;47/4000;4000;4 5 3 1 7 0 8 2 6;0 1 2 3 4 5 6 7 8;70;29;108;1320;145;0;72;0.044232;29842.6;BELA*;                        ? Unchecked;ijcai-2026-base-15-g257422b
n-puzzle;heavy-cost;48/4000;4000;1 8 4 2 3 5 6 0 7;0 1 2 3 4 5 6 7 8;49;29;89;589;149;0;72;0.046745;12600.3;BELA*;                        ? Unchecked;ijcai-2026-base-15-g257422b
n-puzzle;heavy-cost;49/4000;4000;4 8 1 0 6 7 3 2 5;0 1 2 3 4 5 6 7 8;73;33;113;2307;195;0;72;0.048971;47109.5;BELA*;                        ? Unchecked;ijcai-2026-base-15-g257422b
n-puzzle;heavy-cost;50/4000;4000;8 5 3 4 6 1 7 2 0;0 1 2 3 4 5 6 7 8;82;36;118;2885;173;0;72;0.055639;51852.1;BELA*;                        ? Unchecked;ijcai-2026-base-15-g257422b
n-puzzle;heavy-cost;51/4000;4000;4 3 7 1 5 2 6 0 8;0 1 2 3 4 5 6 7 8;44;31;86;713;163;0;72;0.042061;16951.6;BELA*;                        ? Unchecked;ijcai-2026-base-15-g257422b
n-puzzle;heavy-cost;52/4000;4000;7 4 1 2 3 0 5 8 6;0 1 2 3 4 5 6 7 8;70;39;128;11064;313;0;76;0.080874;136805;BELA*;                        ? Unchecked;ijcai-2026-base-15-g257422b
n-puzzle;heavy-cost;53/4000;4000;7 5 6 8 2 1 0 4 3;0 1 2 3 4 5 6 7 8;98;36;124;3679;188;0;76;0.065527;56144.8;BELA*;                        ? Unchecked;ijcai-2026-base-15-g257422b
n-puzzle;heavy-cost;54/4000;4000;2 8 5 0 7 6 1 4 3;0 1 2 3 4 5 6 7 8;74;29;110;1018;126;0;76;0.059394;17139.8;BELA*;                        ? Unchecked;ijcai-2026-base-15-g257422b
n-puzzle;heavy-cost;55/4000;4000;3 5 2 4 1 6 8 0 7;0 1 2 3 4 5 6 7 8;59;35;111;3363;171;0;76;0.05599;60064.3;BELA*;                        ? Unchecked;ijcai-2026-base-15-g257422b
n-puzzle;heavy-cost;56/4000;4000;8 6 1 5 4 3 0 2 7;0 1 2 3 4 5 6 7 8;80;34;126;3687;218;0;76;0.06295;58570.3;BELA*;                        ? Unchecked;ijcai-2026-base-15-g257422b
n-puzzle;heavy-cost;57/4000;4000;4 6 5 7 3 2 1 0 8;0 1 2 3 4 5 6 7 8;53;35;103;2813;282;0;76;0.055532;50655.5;BELA*;                        ? Unchecked;ijcai-2026-base-15-g257422b
n-puzzle;heavy-cost;58/4000;4000;3 7 4 2 8 6 5 0 1;0 1 2 3 4 5 6 7 8;83;35;113;1569;166;0;76;0.056915;27567.4;BELA*;                        ? Unchecked;ijcai-2026-base-15-g257422b
n-puzzle;heavy-cost;59/4000;4000;8 7 4 5 6 2 3 0 1;0 1 2 3 4 5 6 7 8;84;33;136;11419;343;0;76;0.078297;145842;BELA*;                        ? Unchecked;ijcai-2026-base-15-g257422b
n-puzzle;heavy-cost;60/4000;4000;6 1 5 3 4 0 8 2 7;0 1 2 3 4 5 6 7 8;46;33;108;3436;196;0;76;0.051777;66361.5;BELA*;                        ? Unchecked;ijcai-2026-base-15-g257422b
n-puzzle;heavy-cost;61/4000;4000;4 5 2 8 0 3 1 6 7;0 1 2 3 4 5 6 7 8;64;26;106;1989;315;0;76;0.052627;37794.3;BELA*;                        ? Unchecked;ijcai-2026-base-15-g257422b
n-puzzle;heavy-cost;62/4000;4000;8 5 4 6 1 2 7 3 0;0 1 2 3 4 5 6 7 8;72;32;126;11189;457;0;76;0.079649;140479;BELA*;                        ? Unchecked;ijcai-2026-base-15-g257422b
n-puzzle;heavy-cost;63/4000;4000;0 5 8 2 6 7 4 3 1;0 1 2 3 4 5 6 7 8;75;30;95;462;185;0;76;0.051016;9055.98;BELA*;                        ? Unchecked;ijcai-2026-base-15-g257422b
n-puzzle;heavy-cost;64/4000;4000;5 0 1 8 7 3 4 6 2;0 1 2 3 4 5 6 7 8;71;29;111;890;106;0;76;0.046397;19182.3;BELA*;                        ? Unchecked;ijcai-2026-base-15-g257422b
n-puzzle;heavy-cost;65/4000;4000;7 6 1 3 4 8 0 5 2;0 1 2 3 4 5 6 7 8;62;32;114;2410;267;0;76;0.057192;42138.8;BELA*;                        ? Unchecked;ijcai-2026-base-15-g257422b
n-puzzle;heavy-cost;66/4000;4000;8 0 7 3 6 5 1 2 4;0 1 2 3 4 5 6 7 8;82;37;124;3779;209;0;76;0.06193;61020.5;BELA*;                        ? Unchecked;ijcai-2026-base-15-g257422b
n-puzzle;heavy-cost;67/4000;4000;7 2 8 6 5 1 4 0 3;0 1 2 3 4 5 6 7 8;69;33;113;3371;129;0;76;0.058567;57558;BELA*;                        ? Unchecked;ijcai-2026-base-15-g257422b
n-puzzle;heavy-cost;68/4000;4000;5 0 3 4 1 8 2 7 6;0 1 2 3 4 5 6 7 8;57;37;101;1384;193;0;76;0.053733;25757;BELA*;                        ? Unchecked;ijcai-2026-base-15-g257422b
n-puzzle;heavy-cost;69/4000;4000;7 8 4 6 3 5 2 1 0;0 1 2 3 4 5 6 7 8;72;36;116;3490;192;0;76;0.064247;54321.6;BELA*;                        ? Unchecked;ijcai-2026-base-15-g257422b
n-puzzle;heavy-cost;70/4000;4000;7 0 3 2 8 1 5 4 6;0 1 2 3 4 5 6 7 8;85;35;107;652;165;0;76;0.04896;13317;BELA*;                        ? Unchecked;ijcai-2026-base-15-g257422b
n-puzzle;heavy-cost;71/4000;4000;1 0 7 3 4 8 2 5 6;0 1 2 3 4 5 6 7 8;60;31;104;1513;204;0;76;0.052025;29082.2;BELA*;                        ? Unchecked;ijcai-2026-base-15-g257422b
n-puzzle;heavy-cost;72/4000;4000;8 0 7 4 3 6 5 2 1;0 1 2 3 4 5 6 7 8;102;33;126;2839;278;0;76;0.062301;45569.1;BELA*;                        ? Unchecked;ijcai-2026-base-15-g257422b
n-puzzle;heavy-cost;73/4000;4000;3 7 8 5 1 2 0 6 4;0 1 2 3 4 5 6 7 8;60;30;124;8346;340;0;76;0.07655;109027;BELA*;                        ? Unchecked;ijcai-2026-base-15-g257422b
n-puzzle;heavy-cost;74/4000;4000;1 6 2 0 7 8 4 5 3;0 1 2 3 4 5 6 7 8;61;29;97;470;160;0;76;0.044847;10480.1;BELA*;                        ? Unchecked;ijcai-2026-base-15-g257422b
n-puzzle;heavy-cost;75/4000;4000;6 1 2 3 0 8 4 5 7;0 1 2 3 4 5 6 7 8;45;24;91;866;184;0;76;0.051053;16962.8;BELA*;                        ? Unchecked;ijcai-2026-base-15-g257422b
n-puzzle;heavy-cost;76/4000;4000;1 0 7 5 6 4 3 2 8;0 1 2 3 4 5 6 7 8;57;37;103;1509;117;0;76;0.062264;24235.5;BELA*;                        ? Unchecked;ijcai-2026-base-15-g257422b
n-puzzle;heavy-cost;77/4000;4000;2 7 6 1 4 0 5 3 8;0 1 2 3 4 5 6 7 8;65;37;117;4273;166;0;76;0.065943;64798.4;BELA*;                        ? Unchecked;ijcai-2026-base-15-g257422b
n-puzzle;heavy-cost;78/4000;4000;2 3 8 4 0 6 1 5 7;0 1 2 3 4 5 6 7 8;68;30;106;2193;290;0;76;0.055439;39557;BELA*;                        ? Unchecked;ijcai-2026-base-15-g257422b
n-puzzle;heavy-cost;79/4000;4000;0 5 4 6 1 7 8 2 3;0 1 2 3 4 5 6 7 8;70;32;100;750;131;0;76;0.052146;14382.7;BELA*;                        ? Unchecked;ijcai-2026-base-15-g257422b
n-puzzle;heavy-cost;80/4000;4000;5 3 4 7 0 1 8 6 2;0 1 2 3 4 5 6 7 8;71;30;97;531;132;0;76;0.046257;11479.3;BELA*;                        ? Unchecked;ijcai-2026-base-15-g257422b
n-puzzle;heavy-cost;81/4000;4000;1 7 5 6 8 3 4 2 0;0 1 2 3 4 5 6 7 8;62;32;114;3189;333;0;76;0.06129;52031.3;BELA*;                        ? Unchecked;ijcai-2026-base-15-g257422b
n-puzzle;heavy-cost;82/4000;4000;3 1 4 0 5 8 2 7 6;0 1 2 3 4 5 6 7 8;44;31;92;691;143;0;76;0.048625;14210.8;BELA*;                        ? Unchecked;ijcai-2026-base-15-g257422b
n-puzzle;heavy-cost;83/4000;4000;4 2 3 0 5 1 8 6 7;0 1 2 3 4 5 6 7 8;55;29;99;1072;137;0;76;0.045351;23637.8;BELA*;                        ? Unchecked;ijcai-2026-base-15-g257422b
n-puzzle;heavy-cost;84/4000;4000;4 7 3 1 6 5 8 0 2;0 1 2 3 4 5 6 7 8;65;33;117;3575;332;0;76;0.061624;58013.1;BELA*;                        ? Unchecked;ijcai-2026-base-15-g257422b
n-puzzle;heavy-cost;85/4000;4000;3 6 0 1 5 8 4 2 7;0 1 2 3 4 5 6 7 8;57;38;119;5788;283;0;76;0.065258;88694.1;BELA*;                        ? Unchecked;ijcai-2026-base-15-g257422b
n-puzzle;heavy-cost;86/4000;4000;8 6 2 7 5 1 3 0 4;0 1 2 3 4 5 6 7 8;82;31;132;10259;332;0;76;0.075658;135597;BELA*;                        ? Unchecked;ijcai-2026-base-15-g257422b
n-puzzle;heavy-cost;87/4000;4000;3 2 5 7 6 0 8 1 4;0 1 2 3 4 5 6 7 8;62;23;86;259;134;0;76;0.041972;6170.78;BELA*;                        ? Unchecked;ijcai-2026-base-15-g257422b
n-puzzle;heavy-cost;88/4000;4000;1 3 2 4 0 5 8 7 6;0 1 2 3 4 5 6 7 8;39;26;117;5853;343;0;76;0.061351;95401.9;BELA*;                        ? Unchecked;ijcai-2026-base-15-g257422b
n-puzzle;heavy-cost;89/4000;4000;0 8 4 3 2 1 6 5 7;0 1 2 3 4 5 6 7 8;55;28;89;478;160;0;76;0.048478;9860.14;BELA*;                        ? Unchecked;ijcai-2026-base-15-g257422b
n-puzzle;heavy-cost;90/4000;4000;0 6 1 5 7 8 4 2 3;0 1 2 3 4 5 6 7 8;67;34;111;1413;189;0;76;0.052312;27011;BELA*;                        ? Unchecked;ijcai-2026-base-15-g257422b
n-puzzle;heavy-cost;91/4000;4000;2 1 6 4 5 8 3 0 7;0 1 2 3 4 5 6 7 8;55;33;109;2852;167;0;76;0.054245;52576.3;BELA*;                        ? Unchecked;ijcai-2026-base-15-g257422b
n-puzzle;heavy-cost;92/4000;4000;3 7 4 6 1 5 8 0 2;0 1 2 3 4 5 6 7 8;52;31;100;1536;207;0;76;0.05486;27998.5;BELA*;                        ? Unchecked;ijcai-2026-base-15-g257422b
n-puzzle;heavy-cost;93/4000;4000;7 6 1 3 5 8 2 4 0;0 1 2 3 4 5 6 7 8;65;34;109;1644;214;0;76;0.057232;28725.2;BELA*;                        ? Unchecked;ijcai-2026-base-15-g257422b
n-puzzle;heavy-cost;94/4000;4000;4 7 8 1 0 3 6 2 5;0 1 2 3 4 5 6 7 8;57;30;113;4730;213;0;76;0.052573;89970.1;BELA*;                        ? Unchecked;ijcai-2026-base-15-g257422b
n-puzzle;heavy-cost;95/4000;4000;0 5 8 2 7 4 1 6 3;0 1 2 3 4 5 6 7 8;61;32;97;440;145;0;76;0.049124;8956.93;BELA*;                        ? Unchecked;ijcai-2026-base-15-g257422b
n-puzzle;heavy-cost;96/4000;4000;5 2 3 8 7 0 1 6 4;0 1 2 3 4 5 6 7 8;74;33;112;1211;140;0;76;0.050556;23953.6;BELA*;                        ? Unchecked;ijcai-2026-base-15-g257422b
n-puzzle;heavy-cost;97/4000;4000;8 3 0 4 7 2 6 1 5;0 1 2 3 4 5 6 7 8;58;30;106;1252;198;0;76;0.049527;25279.1;BELA*;                        ? Unchecked;ijcai-2026-base-15-g257422b
n-puzzle;heavy-cost;98/4000;4000;5 8 6 0 7 4 1 3 2;0 1 2 3 4 5 6 7 8;87;31;125;3271;239;0;76;0.063738;51319.5;BELA*;                        ? Unchecked;ijcai-2026-base-15-g257422b
n-puzzle;heavy-cost;99/4000;4000;7 5 0 6 3 2 1 8 4;0 1 2 3 4 5 6 7 8;61;34;103;1500;140;0;76;0.05861;25592.9;BELA*;                        ? Unchecked;ijcai-2026-base-15-g257422b
n-puzzle;heavy-cost;0/5000;5000;5 6 0 8 4 7 1 3 2;0 1 2 3 4 5 6 7 8;84;32;128;3373;208;0;76;0.072275;46669;BELA*;                        ? Unchecked;ijcai-2026-base-15-g257422b
n-puzzle;heavy-cost;1/5000;5000;0 8 6 4 7 1 5 3 2;0 1 2 3 4 5 6 7 8;86;34;126;2862;285;0;76;0.077492;36932.8;BELA*;                        ? Unchecked;ijcai-2026-base-15-g257422b
n-puzzle;heavy-cost;2/5000;5000;5 2 8 0 7 4 1 3 6;0 1 2 3 4 5 6 7 8;65;25;105;1344;176;0;76;0.068501;19620.2;BELA*;                        ? Unchecked;ijcai-2026-base-15-g257422b
n-puzzle;heavy-cost;3/5000;5000;7 2 6 0 8 1 5 4 3;0 1 2 3 4 5 6 7 8;93;37;125;3343;267;0;76;0.080977;41283.3;BELA*;                        ? Unchecked;ijcai-2026-base-15-g257422b
n-puzzle;heavy-cost;4/5000;5000;5 1 8 6 0 7 2 4 3;0 1 2 3 4 5 6 7 8;72;34;104;1470;288;0;76;0.075724;19412.6;BELA*;                        ? Unchecked;ijcai-2026-base-15-g257422b
n-puzzle;heavy-cost;5/5000;5000;8 0 3 6 4 5 7 2 1;0 1 2 3 4 5 6 7 8;63;27;117;4551;220;0;76;0.077533;58697.6;BELA*;                        ? Unchecked;ijcai-2026-base-15-g257422b
n-puzzle;heavy-cost;6/5000;5000;4 2 7 1 5 8 0 6 3;0 1 2 3 4 5 6 7 8;61;28;101;1280;190;0;76;0.057499;22261.3;BELA*;                        ? Unchecked;ijcai-2026-base-15-g257422b
n-puzzle;heavy-cost;7/5000;5000;4 1 7 3 2 5 6 0 8;0 1 2 3 4 5 6 7 8;33;29;89;1296;192;0;76;0.062843;20622.8;BELA*;                        ? Unchecked;ijcai-2026-base-15-g257422b
n-puzzle;heavy-cost;8/5000;5000;8 4 0 5 1 6 2 7 3;0 1 2 3 4 5 6 7 8;82;36;136;10387;441;0;78;0.096278;107885;BELA*;                        ? Unchecked;ijcai-2026-base-15-g257422b
n-puzzle;heavy-cost;9/5000;5000;1 3 0 7 6 2 5 8 4;0 1 2 3 4 5 6 7 8;66;30;104;1301;215;0;78;0.059779;21763.5;BELA*;                        ? Unchecked;ijcai-2026-base-15-g257422b
n-puzzle;heavy-cost;10/5000;5000;7 0 4 6 8 5 3 1 2;0 1 2 3 4 5 6 7 8;60;37;122;6194;228;0;78;0.089193;69444.9;BELA*;                        ? Unchecked;ijcai-2026-base-15-g257422b
n-puzzle;heavy-cost;11/5000;5000;6 1 7 5 8 2 4 3 0;0 1 2 3 4 5 6 7 8;75;34;127;8263;222;0;79;0.088636;93224;BELA*;                        ? Unchecked;ijcai-2026-base-15-g257422b
n-puzzle;heavy-cost;12/5000;5000;7 5 2 1 6 3 8 0 4;0 1 2 3 4 5 6 7 8;75;29;115;3159;220;0;79;0.077766;40621.9;BELA*;                        ? Unchecked;ijcai-2026-base-15-g257422b
n-puzzle;heavy-cost;13/5000;5000;6 2 4 0 8 7 5 3 1;0 1 2 3 4 5 6 7 8;76;37;112;1924;149;0;79;0.072123;26676.6;BELA*;                        ? Unchecked;ijcai-2026-base-15-g257422b
n-puzzle;heavy-cost;14/5000;5000;0 1 6 2 5 7 4 8 3;0 1 2 3 4 5 6 7 8;74;36;122;4571;138;0;79;0.083273;54891.7;BELA*;                        ? Unchecked;ijcai-2026-base-15-g257422b
n-puzzle;heavy-cost;15/5000;5000;4 0 3 6 1 2 8 5 7;0 1 2 3 4 5 6 7 8;59;25;85;418;132;0;79;0.052032;8033.52;BELA*;                        ? Unchecked;ijcai-2026-base-15-g257422b
n-puzzle;heavy-cost;16/5000;5000;1 5 8 7 6 4 0 3 2;0 1 2 3 4 5 6 7 8;67;30;105;1285;300;0;79;0.064153;20030.2;BELA*;                        ? Unchecked;ijcai-2026-base-15-g257422b
n-puzzle;heavy-cost;17/5000;5000;2 7 0 8 4 6 3 5 1;0 1 2 3 4 5 6 7 8;76;32;124;2002;139;0;79;0.070942;28220.2;BELA*;                        ? Unchecked;ijcai-2026-base-15-g257422b
n-puzzle;heavy-cost;18/5000;5000;7 4 8 1 5 6 0 2 3;0 1 2 3 4 5 6 7 8;81;34;115;2911;276;0;79;0.073939;39370.3;BELA*;                        ? Unchecked;ijcai-2026-base-15-g257422b
n-puzzle;heavy-cost;19/5000;5000;2 3 0 1 4 7 5 6 8;0 1 2 3 4 5 6 7 8;47;32;93;1101;210;0;79;0.06803;16184;BELA*;                        ? Unchecked;ijcai-2026-base-15-g257422b
n-puzzle;heavy-cost;20/5000;5000;2 1 4 5 0 6 8 3 7;0 1 2 3 4 5 6 7 8;69;36;123;8610;296;0;79;0.092522;93058.9;BELA*;                        ? Unchecked;ijcai-2026-base-15-g257422b
n-puzzle;heavy-cost;21/5000;5000;8 7 6 2 5 4 1 0 3;0 1 2 3 4 5 6 7 8;97;35;141;11726;467;0;79;0.089893;130444;BELA*;                        ? Unchecked;ijcai-2026-base-15-g257422b
n-puzzle;heavy-cost;22/5000;5000;2 7 3 1 6 5 4 0 8;0 1 2 3 4 5 6 7 8;49;31;87;550;239;0;79;0.062163;8847.71;BELA*;                        ? Unchecked;ijcai-2026-base-15-g257422b
n-puzzle;heavy-cost;23/5000;5000;3 0 4 6 2 1 8 5 7;0 1 2 3 4 5 6 7 8;56;25;92;949;175;0;79;0.055724;17030.4;BELA*;                        ? Unchecked;ijcai-2026-base-15-g257422b
n-puzzle;heavy-cost;24/5000;5000;5 3 2 4 8 6 0 1 7;0 1 2 3 4 5 6 7 8;68;30;112;2015;117;0;79;0.059925;33625.4;BELA*;                        ? Unchecked;ijcai-2026-base-15-g257422b
n-puzzle;heavy-cost;25/5000;5000;1 3 5 2 4 6 8 7 0;0 1 2 3 4 5 6 7 8;52;38;124;8339;311;0;82;0.087483;95321.4;BELA*;                        ? Unchecked;ijcai-2026-base-15-g257422b
n-puzzle;heavy-cost;26/5000;5000;8 5 1 4 2 7 6 0 3;0 1 2 3 4 5 6 7 8;74;33;112;2197;211;0;82;0.072007;30510.9;BELA*;                        ? Unchecked;ijcai-2026-base-15-g257422b
n-puzzle;heavy-cost;27/5000;5000;2 8 5 6 3 1 4 0 7;0 1 2 3 4 5 6 7 8;59;31;99;1190;147;0;82;0.061861;19236.7;BELA*;                        ? Unchecked;ijcai-2026-base-15-g257422b
n-puzzle;heavy-cost;28/5000;5000;5 0 7 4 2 3 1 6 8;0 1 2 3 4 5 6 7 8;59;29;87;544;165;0;82;0.049618;10963.8;BELA*;                        ? Unchecked;ijcai-2026-base-15-g257422b
n-puzzle;heavy-cost;29/5000;5000;3 2 4 7 6 8 5 1 0;0 1 2 3 4 5 6 7 8;64;30;98;912;167;0;82;0.058006;15722.5;BELA*;                        ? Unchecked;ijcai-2026-base-15-g257422b
n-puzzle;heavy-cost;30/5000;5000;1 3 2 0 8 6 4 7 5;0 1 2 3 4 5 6 7 8;54;33;100;802;196;0;82;0.059539;13470.2;BELA*;                        ? Unchecked;ijcai-2026-base-15-g257422b
n-puzzle;heavy-cost;31/5000;5000;8 2 5 3 7 6 4 0 1;0 1 2 3 4 5 6 7 8;75;33;119;3309;228;0;82;0.064145;51586.2;BELA*;                        ? Unchecked;ijcai-2026-base-15-g257422b
n-puzzle;heavy-cost;32/5000;5000;2 4 0 7 5 1 8 6 3;0 1 2 3 4 5 6 7 8;60;34;106;1100;164;0;82;0.06674;16481.9;BELA*;                        ? Unchecked;ijcai-2026-base-15-g257422b
n-puzzle;heavy-cost;33/5000;5000;0 1 5 2 6 8 7 3 4;0 1 2 3 4 5 6 7 8;52;30;86;469;148;0;82;0.061801;7588.87;BELA*;                        ? Unchecked;ijcai-2026-base-15-g257422b
n-puzzle;heavy-cost;34/5000;5000;7 1 5 2 8 6 3 4 0;0 1 2 3 4 5 6 7 8;73;28;95;442;239;0;82;0.050403;8769.32;BELA*;                        ? Unchecked;ijcai-2026-base-15-g257422b
n-puzzle;heavy-cost;35/5000;5000;6 3 1 2 8 7 0 4 5;0 1 2 3 4 5 6 7 8;64;32;114;2812;291;0;82;0.067772;41492.1;BELA*;                        ? Unchecked;ijcai-2026-base-15-g257422b
n-puzzle;heavy-cost;36/5000;5000;0 3 5 4 8 6 7 2 1;0 1 2 3 4 5 6 7 8;65;30;103;834;132;0;82;0.060316;13827.2;BELA*;                        ? Unchecked;ijcai-2026-base-15-g257422b
n-puzzle;heavy-cost;37/5000;5000;8 1 4 0 3 2 5 6 7;0 1 2 3 4 5 6 7 8;73;35;107;1757;154;0;82;0.069015;25458.2;BELA*;                        ? Unchecked;ijcai-2026-base-15-g257422b
n-puzzle;heavy-cost;38/5000;5000;7 4 1 6 2 8 3 5 0;0 1 2 3 4 5 6 7 8;57;32;113;4260;217;0;82;0.070994;60005.1;BELA*;                        ? Unchecked;ijcai-2026-base-15-g257422b
n-puzzle;heavy-cost;39/5000;5000;4 6 8 0 5 1 3 2 7;0 1 2 3 4 5 6 7 8;65;31;105;1648;170;0;82;0.071605;23015.2;BELA*;                        ? Unchecked;ijcai-2026-base-15-g257422b
n-puzzle;heavy-cost;40/5000;5000;4 2 8 6 0 1 3 5 7;0 1 2 3 4 5 6 7 8;54;32;94;1054;218;0;82;0.072087;14621.2;BELA*;                        ? Unchecked;ijcai-2026-base-15-g257422b
n-puzzle;heavy-cost;41/5000;5000;3 7 8 4 5 2 6 1 0;0 1 2 3 4 5 6 7 8;46;28;104;1501;168;0;82;0.06504;23078.1;BELA*;                        ? Unchecked;ijcai-2026-base-15-g257422b
n-puzzle;heavy-cost;42/5000;5000;7 5 6 1 0 3 2 8 4;0 1 2 3 4 5 6 7 8;87;28;105;601;151;0;82;0.067282;8932.55;BELA*;                        ? Unchecked;ijcai-2026-base-15-g257422b
n-puzzle;heavy-cost;43/5000;5000;1 6 4 8 5 3 7 2 0;0 1 2 3 4 5 6 7 8;75;36;113;2021;246;0;82;0.066856;30229.1;BELA*;                        ? Unchecked;ijcai-2026-base-15-g257422b
n-puzzle;heavy-cost;44/5000;5000;2 5 7 1 8 4 3 6 0;0 1 2 3 4 5 6 7 8;66;24;92;300;222;0;82;0.052053;5763.36;BELA*;                        ? Unchecked;ijcai-2026-base-15-g257422b
n-puzzle;heavy-cost;45/5000;5000;3 8 4 0 7 1 5 6 2;0 1 2 3 4 5 6 7 8;69;29;109;1184;203;0;82;0.063825;18550.7;BELA*;                        ? Unchecked;ijcai-2026-base-15-g257422b
n-puzzle;heavy-cost;46/5000;5000;3 0 5 4 2 1 7 8 6;0 1 2 3 4 5 6 7 8;45;31;87;689;135;0;82;0.052358;13159.4;BELA*;                        ? Unchecked;ijcai-2026-base-15-g257422b
n-puzzle;heavy-cost;47/5000;5000;4 5 3 1 7 0 8 2 6;0 1 2 3 4 5 6 7 8;70;33;108;1320;146;0;82;0.058382;22609.7;BELA*;                        ? Unchecked;ijcai-2026-base-15-g257422b
n-puzzle;heavy-cost;48/5000;5000;1 8 4 2 3 5 6 0 7;0 1 2 3 4 5 6 7 8;49;27;89;589;161;0;82;0.059608;9881.22;BELA*;                        ? Unchecked;ijcai-2026-base-15-g257422b
n-puzzle;heavy-cost;49/5000;5000;4 8 1 0 6 7 3 2 5;0 1 2 3 4 5 6 7 8;73;35;113;2307;197;0;82;0.060372;38213.1;BELA*;                        ? Unchecked;ijcai-2026-base-15-g257422b
n-puzzle;heavy-cost;50/5000;5000;8 5 3 4 6 1 7 2 0;0 1 2 3 4 5 6 7 8;82;32;118;2885;174;0;82;0.071009;40628.7;BELA*;                        ? Unchecked;ijcai-2026-base-15-g257422b
n-puzzle;heavy-cost;51/5000;5000;4 3 7 1 5 2 6 0 8;0 1 2 3 4 5 6 7 8;44;23;86;713;189;0;82;0.053604;13301.2;BELA*;                        ? Unchecked;ijcai-2026-base-15-g257422b
n-puzzle;heavy-cost;52/5000;5000;7 4 1 2 3 0 5 8 6;0 1 2 3 4 5 6 7 8;70;37;128;11064;314;0;85;0.099867;110787;BELA*;                        ? Unchecked;ijcai-2026-base-15-g257422b
n-puzzle;heavy-cost;53/5000;5000;7 5 6 8 2 1 0 4 3;0 1 2 3 4 5 6 7 8;98;36;126;5089;283;0;77;0.083141;61209.3;BELA*;                        ? Unchecked;ijcai-2026-base-15-g257422b
n-puzzle;heavy-cost;54/5000;5000;2 8 5 0 7 6 1 4 3;0 1 2 3 4 5 6 7 8;74;33;112;1310;153;0;77;0.068126;19229.1;BELA*;                        ? Unchecked;ijcai-2026-base-15-g257422b
n-puzzle;heavy-cost;55/5000;5000;3 5 2 4 1 6 8 0 7;0 1 2 3 4 5 6 7 8;59;37;111;3363;173;0;77;0.073377;45831.8;BELA*;                        ? Unchecked;ijcai-2026-base-15-g257422b
n-puzzle;heavy-cost;56/5000;5000;8 6 1 5 4 3 0 2 7;0 1 2 3 4 5 6 7 8;80;38;126;3687;219;0;77;0.07822;47136.3;BELA*;                        ? Unchecked;ijcai-2026-base-15-g257422b
n-puzzle;heavy-cost;57/5000;5000;4 6 5 7 3 2 1 0 8;0 1 2 3 4 5 6 7 8;53;31;103;2813;304;0;77;0.070362;39979;BELA*;                        ? Unchecked;ijcai-2026-base-15-g257422b
n-puzzle;heavy-cost;58/5000;5000;3 7 4 2 8 6 5 0 1;0 1 2 3 4 5 6 7 8;83;33;113;1569;166;0;77;0.068941;22758.6;BELA*;                        ? Unchecked;ijcai-2026-base-15-g257422b
n-puzzle;heavy-cost;59/5000;5000;8 7 4 5 6 2 3 0 1;0 1 2 3 4 5 6 7 8;84;37;136;11419;360;0;79;0.093264;122437;BELA*;                        ? Unchecked;ijcai-2026-base-15-g257422b
n-puzzle;heavy-cost;60/5000;5000;6 1 5 3 4 0 8 2 7;0 1 2 3 4 5 6 7 8;46;31;108;3436;199;0;79;0.067211;51122.6;BELA*;                        ? Unchecked;ijcai-2026-base-15-g257422b
n-puzzle;heavy-cost;61/5000;5000;4 5 2 8 0 3 1 6 7;0 1 2 3 4 5 6 7 8;64;28;106;1989;320;0;79;0.065208;30502.4;BELA*;                        ? Unchecked;ijcai-2026-base-15-g257422b
n-puzzle;heavy-cost;62/5000;5000;8 5 4 6 1 2 7 3 0;0 1 2 3 4 5 6 7 8;72;38;126;11189;512;0;79;0.095235;117488;BELA*;                        ? Unchecked;ijcai-2026-base-15-g257422b
n-puzzle;heavy-cost;63/5000;5000;0 5 8 2 6 7 4 3 1;0 1 2 3 4 5 6 7 8;75;32;97;614;241;0;79;0.063242;9708.74;BELA*;                        ? Unchecked;ijcai-2026-base-15-g257422b
n-puzzle;heavy-cost;64/5000;5000;5 0 1 8 7 3 4 6 2;0 1 2 3 4 5 6 7 8;71;35;113;1138;145;0;79;0.058882;19326.8;BELA*;                        ? Unchecked;ijcai-2026-base-15-g257422b
n-puzzle;heavy-cost;65/5000;5000;7 6 1 3 4 8 0 5 2;0 1 2 3 4 5 6 7 8;62;32;114;2410;307;0;79;0.070687;34094;BELA*;                        ? Unchecked;ijcai-2026-base-15-g257422b
n-puzzle;heavy-cost;66/5000;5000;8 0 7 3 6 5 1 2 4;0 1 2 3 4 5 6 7 8;82;33;124;3779;211;0;79;0.074101;50998;BELA*;                        ? Unchecked;ijcai-2026-base-15-g257422b
n-puzzle;heavy-cost;67/5000;5000;7 2 8 6 5 1 4 0 3;0 1 2 3 4 5 6 7 8;69;35;113;3371;130;0;79;0.072523;46481.8;BELA*;                        ? Unchecked;ijcai-2026-base-15-g257422b
n-puzzle;heavy-cost;68/5000;5000;5 0 3 4 1 8 2 7 6;0 1 2 3 4 5 6 7 8;57;37;101;1384;194;0;79;0.069936;19789.5;BELA*;                        ? Unchecked;ijcai-2026-base-15-g257422b
n-puzzle;heavy-cost;69/5000;5000;7 8 4 6 3 5 2 1 0;0 1 2 3 4 5 6 7 8;72;34;116;3490;194;0;79;0.083164;41965.3;BELA*;                        ? Unchecked;ijcai-2026-base-15-g257422b
n-puzzle;heavy-cost;70/5000;5000;7 0 3 2 8 1 5 4 6;0 1 2 3 4 5 6 7 8;85;35;107;652;166;0;79;0.065002;10030.5;BELA*;                        ? Unchecked;ijcai-2026-base-15-g257422b
n-puzzle;heavy-cost;71/5000;5000;1 0 7 3 4 8 2 5 6;0 1 2 3 4 5 6 7 8;60;31;104;1513;241;0;79;0.066095;22891.3;BELA*;                        ? Unchecked;ijcai-2026-base-15-g257422b
n-puzzle;heavy-cost;72/5000;5000;8 0 7 4 3 6 5 2 1;0 1 2 3 4 5 6 7 8;102;33;126;2839;293;0;79;0.077212;36768.9;BELA*;                        ? Unchecked;ijcai-2026-base-15-g257422b
n-puzzle;heavy-cost;73/5000;5000;3 7 8 5 1 2 0 6 4;0 1 2 3 4 5 6 7 8;60;32;124;8346;351;0;82;0.091504;91209.1;BELA*;                        ? Unchecked;ijcai-2026-base-15-g257422b
n-puzzle;heavy-cost;74/5000;5000;1 6 2 0 7 8 4 5 3;0 1 2 3 4 5 6 7 8;61;25;97;470;160;0;82;0.053332;8812.72;BELA*;                        ? Unchecked;ijcai-2026-base-15-g257422b
n-puzzle;heavy-cost;75/5000;5000;6 1 2 3 0 8 4 5 7;0 1 2 3 4 5 6 7 8;45;26;93;1049;242;0;82;0.062899;16677.5;BELA*;                        ? Unchecked;ijcai-2026-base-15-g257422b
n-puzzle;heavy-cost;76/5000;5000;1 0 7 5 6 4 3 2 8;0 1 2 3 4 5 6 7 8;57;33;103;1509;139;0;82;0.097372;15497.3;BELA*;                        ? Unchecked;ijcai-2026-base-15-g257422b
n-puzzle;heavy-cost;77/5000;5000;2 7 6 1 4 0 5 3 8;0 1 2 3 4 5 6 7 8;65;37;117;4273;167;0;82;0.082582;51742.5;BELA*;                        ? Unchecked;ijcai-2026-base-15-g257422b
n-puzzle;heavy-cost;78/5000;5000;2 3 8 4 0 6 1 5 7;0 1 2 3 4 5 6 7 8;68;32;106;2193;308;0;82;0.069871;31386.4;BELA*;                        ? Unchecked;ijcai-2026-base-15-g257422b
n-puzzle;heavy-cost;79/5000;5000;0 5 4 6 1 7 8 2 3;0 1 2 3 4 5 6 7 8;70;32;100;750;132;0;82;0.068873;10889.6;BELA*;                        ? Unchecked;ijcai-2026-base-15-g257422b
n-puzzle;heavy-cost;80/5000;5000;5 3 4 7 0 1 8 6 2;0 1 2 3 4 5 6 7 8;71;28;97;531;132;0;82;0.056328;9426.93;BELA*;                        ? Unchecked;ijcai-2026-base-15-g257422b
n-puzzle;heavy-cost;81/5000;5000;1 7 5 6 8 3 4 2 0;0 1 2 3 4 5 6 7 8;62;34;114;3189;360;0;82;0.075562;42203.8;BELA*;                        ? Unchecked;ijcai-2026-base-15-g257422b
n-puzzle;heavy-cost;82/5000;5000;3 1 4 0 5 8 2 7 6;0 1 2 3 4 5 6 7 8;44;27;92;691;153;0;82;0.061191;11292.5;BELA*;                        ? Unchecked;ijcai-2026-base-15-g257422b
n-puzzle;heavy-cost;83/5000;5000;4 2 3 0 5 1 8 6 7;0 1 2 3 4 5 6 7 8;55;29;99;1072;138;0;82;0.058659;18275.1;BELA*;                        ? Unchecked;ijcai-2026-base-15-g257422b
n-puzzle;heavy-cost;84/5000;5000;4 7 3 1 6 5 8 0 2;0 1 2 3 4 5 6 7 8;65;33;117;3575;339;0;82;0.074887;47738.6;BELA*;                        ? Unchecked;ijcai-2026-base-15-g257422b
n-puzzle;heavy-cost;85/5000;5000;3 6 0 1 5 8 4 2 7;0 1 2 3 4 5 6 7 8;57;30;119;5788;289;0;82;0.080566;71841.7;BELA*;                        ? Unchecked;ijcai-2026-base-15-g257422b
n-puzzle;heavy-cost;86/5000;5000;8 6 2 7 5 1 3 0 4;0 1 2 3 4 5 6 7 8;82;35;132;10259;341;0;82;0.091133;112572;BELA*;                        ? Unchecked;ijcai-2026-base-15-g257422b
n-puzzle;heavy-cost;87/5000;5000;3 2 5 7 6 0 8 1 4;0 1 2 3 4 5 6 7 8;62;23;86;259;169;0;82;0.053646;4827.95;BELA*;                        ? Unchecked;ijcai-2026-base-15-g257422b
n-puzzle;heavy-cost;88/5000;5000;1 3 2 4 0 5 8 7 6;0 1 2 3 4 5 6 7 8;39;34;119;7153;473;0;82;0.07689;93029;BELA*;                        ? Unchecked;ijcai-2026-base-15-g257422b
n-puzzle;heavy-cost;89/5000;5000;0 8 4 3 2 1 6 5 7;0 1 2 3 4 5 6 7 8;55;30;89;478;162;0;82;0.063562;7520.22;BELA*;                        ? Unchecked;ijcai-2026-base-15-g257422b
n-puzzle;heavy-cost;90/5000;5000;0 6 1 5 7 8 4 2 3;0 1 2 3 4 5 6 7 8;67;34;111;1413;197;0;82;0.064353;21957;BELA*;                        ? Unchecked;ijcai-2026-base-15-g257422b
n-puzzle;heavy-cost;91/5000;5000;2 1 6 4 5 8 3 0 7;0 1 2 3 4 5 6 7 8;55;33;109;2852;169;0;82;0.069184;41223.4;BELA*;                        ? Unchecked;ijcai-2026-base-15-g257422b
n-puzzle;heavy-cost;92/5000;5000;3 7 4 6 1 5 8 0 2;0 1 2 3 4 5 6 7 8;52;33;100;1536;237;0;82;0.070809;21692.2;BELA*;                        ? Unchecked;ijcai-2026-base-15-g257422b
n-puzzle;heavy-cost;93/5000;5000;7 6 1 3 5 8 2 4 0;0 1 2 3 4 5 6 7 8;65;36;109;1644;214;0;82;0.068098;24141.7;BELA*;                        ? Unchecked;ijcai-2026-base-15-g257422b
n-puzzle;heavy-cost;94/5000;5000;4 7 8 1 0 3 6 2 5;0 1 2 3 4 5 6 7 8;57;28;113;4730;219;0;82;0.065181;72567.2;BELA*;                        ? Unchecked;ijcai-2026-base-15-g257422b
n-puzzle;heavy-cost;95/5000;5000;0 5 8 2 7 4 1 6 3;0 1 2 3 4 5 6 7 8;61;32;97;440;145;0;82;0.058839;7478.03;BELA*;                        ? Unchecked;ijcai-2026-base-15-g257422b
n-puzzle;heavy-cost;96/5000;5000;5 2 3 8 7 0 1 6 4;0 1 2 3 4 5 6 7 8;74;31;112;1211;141;0;82;0.06557;18468.8;BELA*;                        ? Unchecked;ijcai-2026-base-15-g257422b
n-puzzle;heavy-cost;97/5000;5000;8 3 0 4 7 2 6 1 5;0 1 2 3 4 5 6 7 8;58;26;106;1252;219;0;82;0.061455;20372.6;BELA*;                        ? Unchecked;ijcai-2026-base-15-g257422b
n-puzzle;heavy-cost;98/5000;5000;5 8 6 0 7 4 1 3 2;0 1 2 3 4 5 6 7 8;87;31;125;3271;278;0;82;0.077947;41964.4;BELA*;                        ? Unchecked;ijcai-2026-base-15-g257422b
n-puzzle;heavy-cost;99/5000;5000;7 5 0 6 3 2 1 8 4;0 1 2 3 4 5 6 7 8;61;36;105;1851;179;0;82;0.072422;25558.5;BELA*;                        ? Unchecked;ijcai-2026-base-15-g257422b
n-puzzle;heavy-cost;0/6000;6000;5 6 0 8 4 7 1 3 2;0 1 2 3 4 5 6 7 8;84;36;128;3373;208;0;82;0.082147;41060.5;BELA*;                        ? Unchecked;ijcai-2026-base-15-g257422b
n-puzzle;heavy-cost;1/6000;6000;0 8 6 4 7 1 5 3 2;0 1 2 3 4 5 6 7 8;86;36;126;2862;286;0;82;0.091156;31396.7;BELA*;                        ? Unchecked;ijcai-2026-base-15-g257422b
n-puzzle;heavy-cost;2/6000;6000;5 2 8 0 7 4 1 3 6;0 1 2 3 4 5 6 7 8;65;33;107;1720;228;0;82;0.08057;21347.9;BELA*;                        ? Unchecked;ijcai-2026-base-15-g257422b
n-puzzle;heavy-cost;3/6000;6000;7 2 6 0 8 1 5 4 3;0 1 2 3 4 5 6 7 8;93;35;125;3343;273;0;82;0.101992;32777.1;BELA*;                        ? Unchecked;ijcai-2026-base-15-g257422b
n-puzzle;heavy-cost;4/6000;6000;5 1 8 6 0 7 2 4 3;0 1 2 3 4 5 6 7 8;72;36;104;1470;290;0;82;0.08539;17215.1;BELA*;                        ? Unchecked;ijcai-2026-base-15-g257422b
n-puzzle;heavy-cost;5/6000;6000;8 0 3 6 4 5 7 2 1;0 1 2 3 4 5 6 7 8;63;29;117;4551;225;0;83;0.091735;49610.3;BELA*;                        ? Unchecked;ijcai-2026-base-15-g257422b
n-puzzle;heavy-cost;6/6000;6000;4 2 7 1 5 8 0 6 3;0 1 2 3 4 5 6 7 8;61;32;101;1280;190;0;83;0.067105;19074.6;BELA*;                        ? Unchecked;ijcai-2026-base-15-g257422b
n-puzzle;heavy-cost;7/6000;6000;4 1 7 3 2 5 6 0 8;0 1 2 3 4 5 6 7 8;33;31;91;1514;242;0;83;0.074798;20241.2;BELA*;                        ? Unchecked;ijcai-2026-base-15-g257422b
n-puzzle;heavy-cost;8/6000;6000;8 4 0 5 1 6 2 7 3;0 1 2 3 4 5 6 7 8;82;38;136;10387;441;0;90;0.109212;95108.6;BELA*;                        ? Unchecked;ijcai-2026-base-15-g257422b
n-puzzle;heavy-cost;9/6000;6000;1 3 0 7 6 2 5 8 4;0 1 2 3 4 5 6 7 8;66;30;104;1301;228;0;90;0.076222;17068.6;BELA*;                        ? Unchecked;ijcai-2026-base-15-g257422b
n-puzzle;heavy-cost;10/6000;6000;7 0 4 6 8 5 3 1 2;0 1 2 3 4 5 6 7 8;60;39;122;6194;233;0;90;0.103604;59785.3;BELA*;                        ? Unchecked;ijcai-2026-base-15-g257422b
n-puzzle;heavy-cost;11/6000;6000;6 1 7 5 8 2 4 3 0;0 1 2 3 4 5 6 7 8;75;30;127;8263;243;0;90;0.103021;80206.9;BELA*;                        ? Unchecked;ijcai-2026-base-15-g257422b
n-puzzle;heavy-cost;12/6000;6000;7 5 2 1 6 3 8 0 4;0 1 2 3 4 5 6 7 8;75;31;117;3823;289;0;90;0.09243;41361;BELA*;                        ? Unchecked;ijcai-2026-base-15-g257422b
n-puzzle;heavy-cost;13/6000;6000;6 2 4 0 8 7 5 3 1;0 1 2 3 4 5 6 7 8;76;35;112;1924;150;0;90;0.090637;21227.5;BELA*;                        ? Unchecked;ijcai-2026-base-15-g257422b
n-puzzle;heavy-cost;14/6000;6000;0 1 6 2 5 7 4 8 3;0 1 2 3 4 5 6 7 8;74;36;122;4571;155;0;90;0.09515;48039.9;BELA*;                        ? Unchecked;ijcai-2026-base-15-g257422b
n-puzzle;heavy-cost;15/6000;6000;4 0 3 6 1 2 8 5 7;0 1 2 3 4 5 6 7 8;59;23;85;418;156;0;90;0.0627;6666.67;BELA*;                        ? Unchecked;ijcai-2026-base-15-g257422b
n-puzzle;heavy-cost;16/6000;6000;1 5 8 7 6 4 0 3 2;0 1 2 3 4 5 6 7 8;67;28;105;1285;319;0;90;0.074997;17134;BELA*;                        ? Unchecked;ijcai-2026-base-15-g257422b
n-puzzle;heavy-cost;17/6000;6000;2 7 0 8 4 6 3 5 1;0 1 2 3 4 5 6 7 8;76;34;126;2624;198;0;90;0.085019;30863.7;BELA*;                        ? Unchecked;ijcai-2026-base-15-g257422b
n-puzzle;heavy-cost;18/6000;6000;7 4 8 1 5 6 0 2 3;0 1 2 3 4 5 6 7 8;81;34;115;2911;280;0;90;0.101446;28695.1;BELA*;                        ? Unchecked;ijcai-2026-base-15-g257422b
n-puzzle;heavy-cost;19/6000;6000;2 3 0 1 4 7 5 6 8;0 1 2 3 4 5 6 7 8;47;28;93;1101;223;0;90;0.08055;13668.5;BELA*;                        ? Unchecked;ijcai-2026-base-15-g257422b
n-puzzle;heavy-cost;20/6000;6000;2 1 4 5 0 6 8 3 7;0 1 2 3 4 5 6 7 8;69;32;123;8610;310;0;90;0.107703;79942.1;BELA*;                        ? Unchecked;ijcai-2026-base-15-g257422b
n-puzzle;heavy-cost;21/6000;6000;8 7 6 2 5 4 1 0 3;0 1 2 3 4 5 6 7 8;97;35;141;11726;487;0;90;0.103148;113681;BELA*;                        ? Unchecked;ijcai-2026-base-15-g257422b
n-puzzle;heavy-cost;22/6000;6000;2 7 3 1 6 5 4 0 8;0 1 2 3 4 5 6 7 8;49;29;87;550;240;0;90;0.073225;7511.1;BELA*;                        ? Unchecked;ijcai-2026-base-15-g257422b
n-puzzle;heavy-cost;23/6000;6000;3 0 4 6 2 1 8 5 7;0 1 2 3 4 5 6 7 8;56;29;92;949;176;0;90;0.066849;14196.2;BELA*;                        ? Unchecked;ijcai-2026-base-15-g257422b
n-puzzle;heavy-cost;24/6000;6000;5 3 2 4 8 6 0 1 7;0 1 2 3 4 5 6 7 8;68;34;114;2462;156;0;90;0.073217;33626.1;BELA*;                        ? Unchecked;ijcai-2026-base-15-g257422b
n-puzzle;heavy-cost;25/6000;6000;1 3 5 2 4 6 8 7 0;0 1 2 3 4 5 6 7 8;52;38;124;8339;312;0;90;0.102243;81560.6;BELA*;                        ? Unchecked;ijcai-2026-base-15-g257422b
n-puzzle;heavy-cost;26/6000;6000;8 5 1 4 2 7 6 0 3;0 1 2 3 4 5 6 7 8;74;31;112;2197;212;0;90;0.083732;26238.5;BELA*;                        ? Unchecked;ijcai-2026-base-15-g257422b
n-puzzle;heavy-cost;27/6000;6000;2 8 5 6 3 1 4 0 7;0 1 2 3 4 5 6 7 8;59;29;99;1190;156;0;90;0.07428;16020.5;BELA*;                        ? Unchecked;ijcai-2026-base-15-g257422b
n-puzzle;heavy-cost;28/6000;6000;5 0 7 4 2 3 1 6 8;0 1 2 3 4 5 6 7 8;59;25;87;544;166;0;90;0.062056;8766.28;BELA*;                        ? Unchecked;ijcai-2026-base-15-g257422b
n-puzzle;heavy-cost;29/6000;6000;3 2 4 7 6 8 5 1 0;0 1 2 3 4 5 6 7 8;64;28;98;912;167;0;90;0.068427;13328.1;BELA*;                        ? Unchecked;ijcai-2026-base-15-g257422b
n-puzzle;heavy-cost;30/6000;6000;1 3 2 0 8 6 4 7 5;0 1 2 3 4 5 6 7 8;54;29;100;802;196;0;90;0.06995;11465.3;BELA*;                        ? Unchecked;ijcai-2026-base-15-g257422b
n-puzzle;heavy-cost;31/6000;6000;8 2 5 3 7 6 4 0 1;0 1 2 3 4 5 6 7 8;75;33;119;3309;228;0;90;0.076087;43489.7;BELA*;                        ? Unchecked;ijcai-2026-base-15-g257422b
n-puzzle;heavy-cost;32/6000;6000;2 4 0 7 5 1 8 6 3;0 1 2 3 4 5 6 7 8;60;32;106;1100;166;0;90;0.079288;13873.5;BELA*;                        ? Unchecked;ijcai-2026-base-15-g257422b
n-puzzle;heavy-cost;33/6000;6000;0 1 5 2 6 8 7 3 4;0 1 2 3 4 5 6 7 8;52;26;86;469;166;0;90;0.074315;6310.97;BELA*;                        ? Unchecked;ijcai-2026-base-15-g257422b
n-puzzle;heavy-cost;34/6000;6000;7 1 5 2 8 6 3 4 0;0 1 2 3 4 5 6 7 8;73;30;95;442;248;0;90;0.061273;7213.62;BELA*;                        ? Unchecked;ijcai-2026-base-15-g257422b
n-puzzle;heavy-cost;35/6000;6000;6 3 1 2 8 7 0 4 5;0 1 2 3 4 5 6 7 8;64;30;114;2812;301;0;90;0.098565;28529.4;BELA*;                        ? Unchecked;ijcai-2026-base-15-g257422b
n-puzzle;heavy-cost;36/6000;6000;0 3 5 4 8 6 7 2 1;0 1 2 3 4 5 6 7 8;65;28;103;834;133;0;90;0.076915;10843.1;BELA*;                        ? Unchecked;ijcai-2026-base-15-g257422b
n-puzzle;heavy-cost;37/6000;6000;8 1 4 0 3 2 5 6 7;0 1 2 3 4 5 6 7 8;73;33;107;1757;157;0;90;0.078726;22317.9;BELA*;                        ? Unchecked;ijcai-2026-base-15-g257422b
n-puzzle;heavy-cost;38/6000;6000;7 4 1 6 2 8 3 5 0;0 1 2 3 4 5 6 7 8;57;34;113;4260;243;0;90;0.084908;50172;BELA*;                        ? Unchecked;ijcai-2026-base-15-g257422b
n-puzzle;heavy-cost;39/6000;6000;4 6 8 0 5 1 3 2 7;0 1 2 3 4 5 6 7 8;65;33;105;1648;188;0;90;0.085317;19316.2;BELA*;                        ? Unchecked;ijcai-2026-base-15-g257422b
n-puzzle;heavy-cost;40/6000;6000;4 2 8 6 0 1 3 5 7;0 1 2 3 4 5 6 7 8;54;32;94;1054;218;0;90;0.072478;14542.3;BELA*;                        ? Unchecked;ijcai-2026-base-15-g257422b
n-puzzle;heavy-cost;41/6000;6000;3 7 8 4 5 2 6 1 0;0 1 2 3 4 5 6 7 8;46;26;104;1501;181;0;90;0.077208;19441;BELA*;                        ? Unchecked;ijcai-2026-base-15-g257422b
n-puzzle;heavy-cost;42/6000;6000;7 5 6 1 0 3 2 8 4;0 1 2 3 4 5 6 7 8;87;34;107;879;197;0;90;0.081097;10838.9;BELA*;                        ? Unchecked;ijcai-2026-base-15-g257422b
n-puzzle;heavy-cost;43/6000;6000;1 6 4 8 5 3 7 2 0;0 1 2 3 4 5 6 7 8;75;34;113;2021;252;0;90;0.077145;26197.4;BELA*;                        ? Unchecked;ijcai-2026-base-15-g257422b
n-puzzle;heavy-cost;44/6000;6000;2 5 7 1 8 4 3 6 0;0 1 2 3 4 5 6 7 8;66;26;94;390;267;0;90;0.06658;5857.61;BELA*;                        ? Unchecked;ijcai-2026-base-15-g257422b
n-puzzle;heavy-cost;45/6000;6000;3 8 4 0 7 1 5 6 2;0 1 2 3 4 5 6 7 8;69;29;109;1184;222;0;90;0.08032;14741;BELA*;                        ? Unchecked;ijcai-2026-base-15-g257422b
n-puzzle;heavy-cost;46/6000;6000;3 0 5 4 2 1 7 8 6;0 1 2 3 4 5 6 7 8;45;31;87;689;136;0;90;0.067071;10272.7;BELA*;                        ? Unchecked;ijcai-2026-base-15-g257422b
n-puzzle;heavy-cost;47/6000;6000;4 5 3 1 7 0 8 2 6;0 1 2 3 4 5 6 7 8;70;33;108;1320;147;0;90;0.069678;18944.3;BELA*;                        ? Unchecked;ijcai-2026-base-15-g257422b
n-puzzle;heavy-cost;48/6000;6000;1 8 4 2 3 5 6 0 7;0 1 2 3 4 5 6 7 8;49;31;91;708;199;0;90;0.07026;10076.9;BELA*;                        ? Unchecked;ijcai-2026-base-15-g257422b
n-puzzle;heavy-cost;49/6000;6000;4 8 1 0 6 7 3 2 5;0 1 2 3 4 5 6 7 8;73;31;113;2307;218;0;90;0.073283;31480.7;BELA*;                        ? Unchecked;ijcai-2026-base-15-g257422b
n-puzzle;heavy-cost;50/6000;6000;8 5 3 4 6 1 7 2 0;0 1 2 3 4 5 6 7 8;82;34;118;2885;177;0;90;0.082562;34943.4;BELA*;                        ? Unchecked;ijcai-2026-base-15-g257422b
n-puzzle;heavy-cost;51/6000;6000;4 3 7 1 5 2 6 0 8;0 1 2 3 4 5 6 7 8;44;35;88;839;251;0;90;0.064529;13001.9;BELA*;                        ? Unchecked;ijcai-2026-base-15-g257422b
n-puzzle;heavy-cost;52/6000;6000;7 4 1 2 3 0 5 8 6;0 1 2 3 4 5 6 7 8;70;39;128;11064;353;0;90;0.11602;95362.9;BELA*;                        ? Unchecked;ijcai-2026-base-15-g257422b
n-puzzle;heavy-cost;53/6000;6000;7 5 6 8 2 1 0 4 3;0 1 2 3 4 5 6 7 8;98;36;126;5089;285;0;90;0.098029;51913.2;BELA*;                        ? Unchecked;ijcai-2026-base-15-g257422b
n-puzzle;heavy-cost;54/6000;6000;2 8 5 0 7 6 1 4 3;0 1 2 3 4 5 6 7 8;74;33;112;1310;153;0;90;0.079498;16478.4;BELA*;                        ? Unchecked;ijcai-2026-base-15-g257422b
n-puzzle;heavy-cost;55/6000;6000;3 5 2 4 1 6 8 0 7;0 1 2 3 4 5 6 7 8;59;31;111;3363;191;0;90;0.087413;38472.5;BELA*;                        ? Unchecked;ijcai-2026-base-15-g257422b
n-puzzle;heavy-cost;56/6000;6000;8 6 1 5 4 3 0 2 7;0 1 2 3 4 5 6 7 8;80;32;126;3687;221;0;90;0.09235;39924.2;BELA*;                        ? Unchecked;ijcai-2026-base-15-g257422b
n-puzzle;heavy-cost;57/6000;6000;4 6 5 7 3 2 1 0 8;0 1 2 3 4 5 6 7 8;53;27;105;3206;421;0;90;0.085209;37625.1;BELA*;                        ? Unchecked;ijcai-2026-base-15-g257422b
n-puzzle;heavy-cost;58/6000;6000;3 7 4 2 8 6 5 0 1;0 1 2 3 4 5 6 7 8;83;33;113;1569;166;0;90;0.079982;19616.9;BELA*;                        ? Unchecked;ijcai-2026-base-15-g257422b
n-puzzle;heavy-cost;59/6000;6000;8 7 4 5 6 2 3 0 1;0 1 2 3 4 5 6 7 8;84;33;136;11419;360;0;90;0.106978;106742;BELA*;                        ? Unchecked;ijcai-2026-base-15-g257422b
n-puzzle;heavy-cost;60/6000;6000;6 1 5 3 4 0 8 2 7;0 1 2 3 4 5 6 7 8;46;27;108;3436;226;0;90;0.079533;43202.2;BELA*;                        ? Unchecked;ijcai-2026-base-15-g257422b
n-puzzle;heavy-cost;61/6000;6000;4 5 2 8 0 3 1 6 7;0 1 2 3 4 5 6 7 8;64;30;106;1989;365;0;90;0.077511;25660.9;BELA*;                        ? Unchecked;ijcai-2026-base-15-g257422b
n-puzzle;heavy-cost;62/6000;6000;8 5 4 6 1 2 7 3 0;0 1 2 3 4 5 6 7 8;72;32;126;11189;522;0;90;0.110958;100840;BELA*;                        ? Unchecked;ijcai-2026-base-15-g257422b
n-puzzle;heavy-cost;63/6000;6000;0 5 8 2 6 7 4 3 1;0 1 2 3 4 5 6 7 8;75;32;97;614;243;0;90;0.076141;8063.99;BELA*;                        ? Unchecked;ijcai-2026-base-15-g257422b
n-puzzle;heavy-cost;64/6000;6000;5 0 1 8 7 3 4 6 2;0 1 2 3 4 5 6 7 8;71;33;113;1138;146;0;90;0.070936;16042.6;BELA*;                        ? Unchecked;ijcai-2026-base-15-g257422b
n-puzzle;heavy-cost;65/6000;6000;7 6 1 3 4 8 0 5 2;0 1 2 3 4 5 6 7 8;62;26;114;2410;351;0;90;0.084247;28606.4;BELA*;                        ? Unchecked;ijcai-2026-base-15-g257422b
n-puzzle;heavy-cost;66/6000;6000;8 0 7 3 6 5 1 2 4;0 1 2 3 4 5 6 7 8;82;35;124;3779;211;0;90;0.08743;43223.1;BELA*;                        ? Unchecked;ijcai-2026-base-15-g257422b
n-puzzle;heavy-cost;67/6000;6000;7 2 8 6 5 1 4 0 3;0 1 2 3 4 5 6 7 8;69;31;113;3371;142;0;90;0.085706;39332.1;BELA*;                        ? Unchecked;ijcai-2026-base-15-g257422b
n-puzzle;heavy-cost;68/6000;6000;5 0 3 4 1 8 2 7 6;0 1 2 3 4 5 6 7 8;57;33;101;1384;215;0;90;0.08376;16523.4;BELA*;                        ? Unchecked;ijcai-2026-base-15-g257422b
n-puzzle;heavy-cost;69/6000;6000;7 8 4 6 3 5 2 1 0;0 1 2 3 4 5 6 7 8;72;34;116;3490;218;0;90;0.098558;35410.6;BELA*;                        ? Unchecked;ijcai-2026-base-15-g257422b
n-puzzle;heavy-cost;70/6000;6000;7 0 3 2 8 1 5 4 6;0 1 2 3 4 5 6 7 8;85;29;107;652;179;0;90;0.077366;8427.47;BELA*;                        ? Unchecked;ijcai-2026-base-15-g257422b
n-puzzle;heavy-cost;71/6000;6000;1 0 7 3 4 8 2 5 6;0 1 2 3 4 5 6 7 8;60;31;106;1752;306;0;90;0.079821;21949.1;BELA*;                        ? Unchecked;ijcai-2026-base-15-g257422b
n-puzzle;heavy-cost;72/6000;6000;8 0 7 4 3 6 5 2 1;0 1 2 3 4 5 6 7 8;102;31;126;2839;313;0;90;0.08745;32464.3;BELA*;                        ? Unchecked;ijcai-2026-base-15-g257422b
n-puzzle;heavy-cost;73/6000;6000;3 7 8 5 1 2 0 6 4;0 1 2 3 4 5 6 7 8;60;34;124;8346;354;0;90;0.108951;76603.2;BELA*;                        ? Unchecked;ijcai-2026-base-15-g257422b
n-puzzle;heavy-cost;74/6000;6000;1 6 2 0 7 8 4 5 3;0 1 2 3 4 5 6 7 8;61;33;97;470;161;0;90;0.068228;6888.67;BELA*;                        ? Unchecked;ijcai-2026-base-15-g257422b
n-puzzle;heavy-cost;75/6000;6000;6 1 2 3 0 8 4 5 7;0 1 2 3 4 5 6 7 8;45;26;93;1049;242;0;90;0.072616;14445.9;BELA*;                        ? Unchecked;ijcai-2026-base-15-g257422b
n-puzzle;heavy-cost;76/6000;6000;1 0 7 5 6 4 3 2 8;0 1 2 3 4 5 6 7 8;57;37;105;1897;167;0;90;0.090755;20902.4;BELA*;                        ? Unchecked;ijcai-2026-base-15-g257422b
n-puzzle;heavy-cost;77/6000;6000;2 7 6 1 4 0 5 3 8;0 1 2 3 4 5 6 7 8;65;37;117;4273;169;0;90;0.096794;44145.3;BELA*;                        ? Unchecked;ijcai-2026-base-15-g257422b
n-puzzle;heavy-cost;78/6000;6000;2 3 8 4 0 6 1 5 7;0 1 2 3 4 5 6 7 8;68;28;106;2193;313;0;90;0.081243;26993.1;BELA*;                        ? Unchecked;ijcai-2026-base-15-g257422b
n-puzzle;heavy-cost;79/6000;6000;0 5 4 6 1 7 8 2 3;0 1 2 3 4 5 6 7 8;70;34;100;750;145;0;90;0.082917;9045.19;BELA*;                        ? Unchecked;ijcai-2026-base-15-g257422b
n-puzzle;heavy-cost;80/6000;6000;5 3 4 7 0 1 8 6 2;0 1 2 3 4 5 6 7 8;71;30;97;531;133;0;90;0.071628;7413.3;BELA*;                        ? Unchecked;ijcai-2026-base-15-g257422b
n-puzzle;heavy-cost;81/6000;6000;1 7 5 6 8 3 4 2 0;0 1 2 3 4 5 6 7 8;62;38;116;3775;454;0;90;0.09101;41479;BELA*;                        ? Unchecked;ijcai-2026-base-15-g257422b
n-puzzle;heavy-cost;82/6000;6000;3 1 4 0 5 8 2 7 6;0 1 2 3 4 5 6 7 8;44;35;94;811;190;0;90;0.081217;9985.59;BELA*;                        ? Unchecked;ijcai-2026-base-15-g257422b
n-puzzle;heavy-cost;83/6000;6000;4 2 3 0 5 1 8 6 7;0 1 2 3 4 5 6 7 8;55;29;99;1072;153;0;90;0.071965;14896.1;BELA*;                        ? Unchecked;ijcai-2026-base-15-g257422b
n-puzzle;heavy-cost;84/6000;6000;4 7 3 1 6 5 8 0 2;0 1 2 3 4 5 6 7 8;65;37;117;3575;339;0;90;0.087042;41072.1;BELA*;                        ? Unchecked;ijcai-2026-base-15-g257422b
n-puzzle;heavy-cost;85/6000;6000;3 6 0 1 5 8 4 2 7;0 1 2 3 4 5 6 7 8;57;30;119;5788;294;0;90;0.09312;62156.4;BELA*;                        ? Unchecked;ijcai-2026-base-15-g257422b
n-puzzle;heavy-cost;86/6000;6000;8 6 2 7 5 1 3 0 4;0 1 2 3 4 5 6 7 8;82;35;132;10259;345;0;90;0.105807;96959.6;BELA*;                        ? Unchecked;ijcai-2026-base-15-g257422b
n-puzzle;heavy-cost;87/6000;6000;3 2 5 7 6 0 8 1 4;0 1 2 3 4 5 6 7 8;62;27;88;351;192;0;90;0.064002;5484.2;BELA*;                        ? Unchecked;ijcai-2026-base-15-g257422b
n-puzzle;heavy-cost;88/6000;6000;1 3 2 4 0 5 8 7 6;0 1 2 3 4 5 6 7 8;39;32;119;7153;481;0;90;0.092348;77457;BELA*;                        ? Unchecked;ijcai-2026-base-15-g257422b
n-puzzle;heavy-cost;89/6000;6000;0 8 4 3 2 1 6 5 7;0 1 2 3 4 5 6 7 8;55;28;89;478;178;0;90;0.07425;6437.71;BELA*;                        ? Unchecked;ijcai-2026-base-15-g257422b
n-puzzle;heavy-cost;90/6000;6000;0 6 1 5 7 8 4 2 3;0 1 2 3 4 5 6 7 8;67;32;111;1413;197;0;90;0.074002;19094.1;BELA*;                        ? Unchecked;ijcai-2026-base-15-g257422b
n-puzzle;heavy-cost;91/6000;6000;2 1 6 4 5 8 3 0 7;0 1 2 3 4 5 6 7 8;55;29;109;2852;181;0;90;0.081979;34789.4;BELA*;                        ? Unchecked;ijcai-2026-base-15-g257422b
n-puzzle;heavy-cost;92/6000;6000;3 7 4 6 1 5 8 0 2;0 1 2 3 4 5 6 7 8;52;31;102;1908;315;0;90;0.084928;22466.1;BELA*;                        ? Unchecked;ijcai-2026-base-15-g257422b
n-puzzle;heavy-cost;93/6000;6000;7 6 1 3 5 8 2 4 0;0 1 2 3 4 5 6 7 8;65;32;109;1644;248;0;90;0.087063;18882.9;BELA*;                        ? Unchecked;ijcai-2026-base-15-g257422b
n-puzzle;heavy-cost;94/6000;6000;4 7 8 1 0 3 6 2 5;0 1 2 3 4 5 6 7 8;57;32;113;4730;219;0;90;0.076272;62014.9;BELA*;                        ? Unchecked;ijcai-2026-base-15-g257422b
n-puzzle;heavy-cost;95/6000;6000;0 5 8 2 7 4 1 6 3;0 1 2 3 4 5 6 7 8;61;26;97;440;162;0;90;0.075356;5838.95;BELA*;                        ? Unchecked;ijcai-2026-base-15-g257422b
n-puzzle;heavy-cost;96/6000;6000;5 2 3 8 7 0 1 6 4;0 1 2 3 4 5 6 7 8;74;31;112;1211;156;0;90;0.079822;15171.3;BELA*;                        ? Unchecked;ijcai-2026-base-15-g257422b
n-puzzle;heavy-cost;97/6000;6000;8 3 0 4 7 2 6 1 5;0 1 2 3 4 5 6 7 8;58;26;106;1252;233;0;90;0.073826;16958.8;BELA*;                        ? Unchecked;ijcai-2026-base-15-g257422b
n-puzzle;heavy-cost;98/6000;6000;5 8 6 0 7 4 1 3 2;0 1 2 3 4 5 6 7 8;87;33;127;4303;384;0;90;0.095543;45037.3;BELA*;                        ? Unchecked;ijcai-2026-base-15-g257422b
n-puzzle;heavy-cost;99/6000;6000;7 5 0 6 3 2 1 8 4;0 1 2 3 4 5 6 7 8;61;34;105;1851;184;0;90;0.085468;21657.2;BELA*;                        ? Unchecked;ijcai-2026-base-15-g257422b
n-puzzle;heavy-cost;0/7000;7000;5 6 0 8 4 7 1 3 2;0 1 2 3 4 5 6 7 8;84;32;128;3373;209;0;90;0.100528;33552.8;BELA*;                        ? Unchecked;ijcai-2026-base-15-g257422b
n-puzzle;heavy-cost;1/7000;7000;0 8 6 4 7 1 5 3 2;0 1 2 3 4 5 6 7 8;86;34;126;2862;286;0;90;0.1043;27440.1;BELA*;                        ? Unchecked;ijcai-2026-base-15-g257422b
n-puzzle;heavy-cost;2/7000;7000;5 2 8 0 7 4 1 3 6;0 1 2 3 4 5 6 7 8;65;33;107;1720;228;0;90;0.091813;18733.7;BELA*;                        ? Unchecked;ijcai-2026-base-15-g257422b
n-puzzle;heavy-cost;3/7000;7000;7 2 6 0 8 1 5 4 3;0 1 2 3 4 5 6 7 8;93;35;125;3343;275;0;90;0.109916;30414.1;BELA*;                        ? Unchecked;ijcai-2026-base-15-g257422b
n-puzzle;heavy-cost;4/7000;7000;5 1 8 6 0 7 2 4 3;0 1 2 3 4 5 6 7 8;72;30;104;1470;326;0;90;0.098447;14931.9;BELA*;                        ? Unchecked;ijcai-2026-base-15-g257422b
n-puzzle;heavy-cost;5/7000;7000;8 0 3 6 4 5 7 2 1;0 1 2 3 4 5 6 7 8;63;31;119;5653;317;0;90;0.108706;52002.6;BELA*;                        ? Unchecked;ijcai-2026-base-15-g257422b
n-puzzle;heavy-cost;6/7000;7000;4 2 7 1 5 8 0 6 3;0 1 2 3 4 5 6 7 8;61;24;101;1280;191;0;90;0.083203;15384.1;BELA*;                        ? Unchecked;ijcai-2026-base-15-g257422b
n-puzzle;heavy-cost;7/7000;7000;4 1 7 3 2 5 6 0 8;0 1 2 3 4 5 6 7 8;33;33;91;1514;256;0;90;0.088366;17133.3;BELA*;                        ? Unchecked;ijcai-2026-base-15-g257422b
n-puzzle;heavy-cost;8/7000;7000;8 4 0 5 1 6 2 7 3;0 1 2 3 4 5 6 7 8;82;38;136;10387;483;0;97;0.13116;79193.4;BELA*;                        ? Unchecked;ijcai-2026-base-15-g257422b
n-puzzle;heavy-cost;9/7000;7000;1 3 0 7 6 2 5 8 4;0 1 2 3 4 5 6 7 8;66;32;106;1624;303;0;97;0.084522;19213.9;BELA*;                        ? Unchecked;ijcai-2026-base-15-g257422b
n-puzzle;heavy-cost;10/7000;7000;7 0 4 6 8 5 3 1 2;0 1 2 3 4 5 6 7 8;60;35;122;6194;233;0;97;0.117465;52730.6;BELA*;                        ? Unchecked;ijcai-2026-base-15-g257422b
n-puzzle;heavy-cost;11/7000;7000;6 1 7 5 8 2 4 3 0;0 1 2 3 4 5 6 7 8;75;32;127;8263;272;0;97;0.119385;69213.1;BELA*;                        ? Unchecked;ijcai-2026-base-15-g257422b
n-puzzle;heavy-cost;12/7000;7000;7 5 2 1 6 3 8 0 4;0 1 2 3 4 5 6 7 8;75;35;117;3823;297;0;97;0.108769;35147.9;BELA*;                        ? Unchecked;ijcai-2026-base-15-g257422b
n-puzzle;heavy-cost;13/7000;7000;6 2 4 0 8 7 5 3 1;0 1 2 3 4 5 6 7 8;76;35;112;1924;150;0;97;0.102748;18725.4;BELA*;                        ? Unchecked;ijcai-2026-base-15-g257422b
n-puzzle;heavy-cost;14/7000;7000;0 1 6 2 5 7 4 8 3;0 1 2 3 4 5 6 7 8;74;34;122;4571;160;0;97;0.110895;41219.2;BELA*;                        ? Unchecked;ijcai-2026-base-15-g257422b
n-puzzle;heavy-cost;15/7000;7000;4 0 3 6 1 2 8 5 7;0 1 2 3 4 5 6 7 8;59;23;87;531;184;0;97;0.073213;7252.81;BELA*;                        ? Unchecked;ijcai-2026-base-15-g257422b
n-puzzle;heavy-cost;16/7000;7000;1 5 8 7 6 4 0 3 2;0 1 2 3 4 5 6 7 8;67;28;107;1564;421;0;97;0.088489;17674.5;BELA*;                        ? Unchecked;ijcai-2026-base-15-g257422b
n-puzzle;heavy-cost;17/7000;7000;2 7 0 8 4 6 3 5 1;0 1 2 3 4 5 6 7 8;76;36;126;2624;198;0;97;0.097947;26790;BELA*;                        ? Unchecked;ijcai-2026-base-15-g257422b
n-puzzle;heavy-cost;18/7000;7000;7 4 8 1 5 6 0 2 3;0 1 2 3 4 5 6 7 8;81;36;115;2911;281;0;97;0.10258;28377.9;BELA*;                        ? Unchecked;ijcai-2026-base-15-g257422b
n-puzzle;heavy-cost;19/7000;7000;2 3 0 1 4 7 5 6 8;0 1 2 3 4 5 6 7 8;47;32;95;1280;270;0;97;0.09612;13316.7;BELA*;                        ? Unchecked;ijcai-2026-base-15-g257422b
n-puzzle;heavy-cost;20/7000;7000;2 1 4 5 0 6 8 3 7;0 1 2 3 4 5 6 7 8;69;32;123;8610;313;0;97;0.121199;71040.2;BELA*;                        ? Unchecked;ijcai-2026-base-15-g257422b
n-puzzle;heavy-cost;21/7000;7000;8 7 6 2 5 4 1 0 3;0 1 2 3 4 5 6 7 8;97;37;141;11726;523;0;97;0.118609;98862.6;BELA*;                        ? Unchecked;ijcai-2026-base-15-g257422b
n-puzzle;heavy-cost;22/7000;7000;2 7 3 1 6 5 4 0 8;0 1 2 3 4 5 6 7 8;49;31;87;550;240;0;97;0.083143;6615.11;BELA*;                        ? Unchecked;ijcai-2026-base-15-g257422b
n-puzzle;heavy-cost;23/7000;7000;3 0 4 6 2 1 8 5 7;0 1 2 3 4 5 6 7 8;56;29;92;949;177;0;97;0.07681;12355.2;BELA*;                        ? Unchecked;ijcai-2026-base-15-g257422b
n-puzzle;heavy-cost;24/7000;7000;5 3 2 4 8 6 0 1 7;0 1 2 3 4 5 6 7 8;68;34;114;2462;158;0;97;0.081568;30183.4;BELA*;                        ? Unchecked;ijcai-2026-base-15-g257422b
n-puzzle;heavy-cost;25/7000;7000;1 3 5 2 4 6 8 7 0;0 1 2 3 4 5 6 7 8;52;38;124;8339;320;0;97;0.117686;70858;BELA*;                        ? Unchecked;ijcai-2026-base-15-g257422b
n-puzzle;heavy-cost;26/7000;7000;8 5 1 4 2 7 6 0 3;0 1 2 3 4 5 6 7 8;74;33;112;2197;213;0;97;0.097243;22592.9;BELA*;                        ? Unchecked;ijcai-2026-base-15-g257422b
n-puzzle;heavy-cost;27/7000;7000;2 8 5 6 3 1 4 0 7;0 1 2 3 4 5 6 7 8;59;27;99;1190;171;0;97;0.084473;14087.3;BELA*;                        ? Unchecked;ijcai-2026-base-15-g257422b
n-puzzle;heavy-cost;28/7000;7000;5 0 7 4 2 3 1 6 8;0 1 2 3 4 5 6 7 8;59;29;87;544;179;0;97;0.071687;7588.54;BELA*;                        ? Unchecked;ijcai-2026-base-15-g257422b
n-puzzle;heavy-cost;29/7000;7000;3 2 4 7 6 8 5 1 0;0 1 2 3 4 5 6 7 8;64;32;98;912;168;0;97;0.084761;10759.7;BELA*;                        ? Unchecked;ijcai-2026-base-15-g257422b
n-puzzle;heavy-cost;30/7000;7000;1 3 2 0 8 6 4 7 5;0 1 2 3 4 5 6 7 8;54;33;100;802;197;0;97;0.084864;9450.41;BELA*;                        ? Unchecked;ijcai-2026-base-15-g257422b
n-puzzle;heavy-cost;31/7000;7000;8 2 5 3 7 6 4 0 1;0 1 2 3 4 5 6 7 8;75;31;119;3309;252;0;97;0.091557;36141.4;BELA*;                        ? Unchecked;ijcai-2026-base-15-g257422b
n-puzzle;heavy-cost;32/7000;7000;2 4 0 7 5 1 8 6 3;0 1 2 3 4 5 6 7 8;60;32;106;1100;166;0;97;0.089562;12282;BELA*;                        ? Unchecked;ijcai-2026-base-15-g257422b
n-puzzle;heavy-cost;33/7000;7000;0 1 5 2 6 8 7 3 4;0 1 2 3 4 5 6 7 8;52;30;88;576;224;0;97;0.085542;6733.53;BELA*;                        ? Unchecked;ijcai-2026-base-15-g257422b
n-puzzle;heavy-cost;34/7000;7000;7 1 5 2 8 6 3 4 0;0 1 2 3 4 5 6 7 8;73;22;95;442;251;0;97;0.073943;5977.58;BELA*;                        ? Unchecked;ijcai-2026-base-15-g257422b
n-puzzle;heavy-cost;35/7000;7000;6 3 1 2 8 7 0 4 5;0 1 2 3 4 5 6 7 8;64;32;116;3277;393;0;97;0.095883;34177.1;BELA*;                        ? Unchecked;ijcai-2026-base-15-g257422b
n-puzzle;heavy-cost;36/7000;7000;0 3 5 4 8 6 7 2 1;0 1 2 3 4 5 6 7 8;65;30;103;834;134;0;97;0.089275;9341.92;BELA*;                        ? Unchecked;ijcai-2026-base-15-g257422b
n-puzzle;heavy-cost;37/7000;7000;8 1 4 0 3 2 5 6 7;0 1 2 3 4 5 6 7 8;73;33;107;1757;170;0;97;0.097478;18024.6;BELA*;                        ? Unchecked;ijcai-2026-base-15-g257422b
n-puzzle;heavy-cost;38/7000;7000;7 4 1 6 2 8 3 5 0;0 1 2 3 4 5 6 7 8;57;34;115;4969;299;0;97;0.098932;50226.4;BELA*;                        ? Unchecked;ijcai-2026-base-15-g257422b
n-puzzle;heavy-cost;39/7000;7000;4 6 8 0 5 1 3 2 7;0 1 2 3 4 5 6 7 8;65;31;105;1648;200;0;97;0.099979;16483.5;BELA*;                        ? Unchecked;ijcai-2026-base-15-g257422b
n-puzzle;heavy-cost;40/7000;7000;4 2 8 6 0 1 3 5 7;0 1 2 3 4 5 6 7 8;54;30;94;1054;218;0;97;0.083558;12614;BELA*;                        ? Unchecked;ijcai-2026-base-15-g257422b
n-puzzle;heavy-cost;41/7000;7000;3 7 8 4 5 2 6 1 0;0 1 2 3 4 5 6 7 8;46;32;106;1866;207;0;97;0.09029;20666.7;BELA*;                        ? Unchecked;ijcai-2026-base-15-g257422b
n-puzzle;heavy-cost;42/7000;7000;7 5 6 1 0 3 2 8 4;0 1 2 3 4 5 6 7 8;87;36;107;879;201;0;97;0.09178;9577.25;BELA*;                        ? Unchecked;ijcai-2026-base-15-g257422b
n-puzzle;heavy-cost;43/7000;7000;1 6 4 8 5 3 7 2 0;0 1 2 3 4 5 6 7 8;75;36;113;2021;252;0;97;0.087718;23039.7;BELA*;                        ? Unchecked;ijcai-2026-base-15-g257422b
n-puzzle;heavy-cost;44/7000;7000;2 5 7 1 8 4 3 6 0;0 1 2 3 4 5 6 7 8;66;30;94;390;276;0;97;0.074847;5210.63;BELA*;                        ? Unchecked;ijcai-2026-base-15-g257422b
n-puzzle;heavy-cost;45/7000;7000;3 8 4 0 7 1 5 6 2;0 1 2 3 4 5 6 7 8;69;31;111;1471;279;0;97;0.092485;15905.3;BELA*;                        ? Unchecked;ijcai-2026-base-15-g257422b
n-puzzle;heavy-cost;46/7000;7000;3 0 5 4 2 1 7 8 6;0 1 2 3 4 5 6 7 8;45;29;87;689;147;0;97;0.078475;8779.87;BELA*;                        ? Unchecked;ijcai-2026-base-15-g257422b
n-puzzle;heavy-cost;47/7000;7000;4 5 3 1 7 0 8 2 6;0 1 2 3 4 5 6 7 8;70;29;108;1320;167;0;97;0.081205;16255.2;BELA*;                        ? Unchecked;ijcai-2026-base-15-g257422b
n-puzzle;heavy-cost;48/7000;7000;1 8 4 2 3 5 6 0 7;0 1 2 3 4 5 6 7 8;49;31;91;708;205;0;97;0.084677;8361.18;BELA*;                        ? Unchecked;ijcai-2026-base-15-g257422b
n-puzzle;heavy-cost;49/7000;7000;4 8 1 0 6 7 3 2 5;0 1 2 3 4 5 6 7 8;73;31;113;2307;222;0;97;0.088065;26196.6;BELA*;                        ? Unchecked;ijcai-2026-base-15-g257422b
n-puzzle;heavy-cost;50/7000;7000;8 5 3 4 6 1 7 2 0;0 1 2 3 4 5 6 7 8;82;34;118;2885;177;0;97;0.094793;30434.7;BELA*;                        ? Unchecked;ijcai-2026-base-15-g257422b
n-puzzle;heavy-cost;51/7000;7000;4 3 7 1 5 2 6 0 8;0 1 2 3 4 5 6 7 8;44;29;88;839;252;0;97;0.08535;9830.11;BELA*;                        ? Unchecked;ijcai-2026-base-15-g257422b
n-puzzle;heavy-cost;52/7000;7000;7 4 1 2 3 0 5 8 6;0 1 2 3 4 5 6 7 8;70;41;130;12963;495;0;97;0.138173;93817.2;BELA*;                        ? Unchecked;ijcai-2026-base-15-g257422b
n-puzzle;heavy-cost;53/7000;7000;7 5 6 8 2 1 0 4 3;0 1 2 3 4 5 6 7 8;98;40;126;5089;292;0;97;0.111249;45744.2;BELA*;                        ? Unchecked;ijcai-2026-base-15-g257422b
n-puzzle;heavy-cost;54/7000;7000;2 8 5 0 7 6 1 4 3;0 1 2 3 4 5 6 7 8;74;33;112;1310;154;0;97;0.099855;13119;BELA*;                        ? Unchecked;ijcai-2026-base-15-g257422b
n-puzzle;heavy-cost;55/7000;7000;3 5 2 4 1 6 8 0 7;0 1 2 3 4 5 6 7 8;59;31;113;3996;230;0;97;0.101975;39186.1;BELA*;                        ? Unchecked;ijcai-2026-base-15-g257422b
n-puzzle;heavy-cost;56/7000;7000;8 6 1 5 4 3 0 2 7;0 1 2 3 4 5 6 7 8;80;34;126;3687;239;0;97;0.107216;34388.5;BELA*;                        ? Unchecked;ijcai-2026-base-15-g257422b
n-puzzle;heavy-cost;57/7000;7000;4 6 5 7 3 2 1 0 8;0 1 2 3 4 5 6 7 8;53;35;105;3206;440;0;97;0.11205;28612.2;BELA*;                        ? Unchecked;ijcai-2026-base-15-g257422b
n-puzzle;heavy-cost;58/7000;7000;3 7 4 2 8 6 5 0 1;0 1 2 3 4 5 6 7 8;83;35;113;1569;167;0;97;0.099638;15747;BELA*;                        ? Unchecked;ijcai-2026-base-15-g257422b
n-puzzle;heavy-cost;59/7000;7000;8 7 4 5 6 2 3 0 1;0 1 2 3 4 5 6 7 8;84;35;136;11419;394;0;98;0.12563;90893.9;BELA*;                        ? Unchecked;ijcai-2026-base-15-g257422b
n-puzzle;heavy-cost;60/7000;7000;6 1 5 3 4 0 8 2 7;0 1 2 3 4 5 6 7 8;46;31;110;4092;286;0;98;0.093216;43898;BELA*;                        ? Unchecked;ijcai-2026-base-15-g257422b
n-puzzle;heavy-cost;61/7000;7000;4 5 2 8 0 3 1 6 7;0 1 2 3 4 5 6 7 8;64;30;106;1989;385;0;98;0.090178;22056.4;BELA*;                        ? Unchecked;ijcai-2026-base-15-g257422b
n-puzzle;heavy-cost;62/7000;7000;8 5 4 6 1 2 7 3 0;0 1 2 3 4 5 6 7 8;72;34;126;11189;524;0;98;0.123401;90671.9;BELA*;                        ? Unchecked;ijcai-2026-base-15-g257422b
n-puzzle;heavy-cost;63/7000;7000;0 5 8 2 6 7 4 3 1;0 1 2 3 4 5 6 7 8;75;34;97;614;244;0;98;0.088615;6928.85;BELA*;                        ? Unchecked;ijcai-2026-base-15-g257422b
n-puzzle;heavy-cost;64/7000;7000;5 0 1 8 7 3 4 6 2;0 1 2 3 4 5 6 7 8;71;35;113;1138;146;0;98;0.08133;13992.4;BELA*;                        ? Unchecked;ijcai-2026-base-15-g257422b
n-puzzle;heavy-cost;65/7000;7000;7 6 1 3 4 8 0 5 2;0 1 2 3 4 5 6 7 8;62;32;116;2871;423;0;98;0.098993;29002.1;BELA*;                        ? Unchecked;ijcai-2026-base-15-g257422b
n-puzzle;heavy-cost;66/7000;7000;8 0 7 3 6 5 1 2 4;0 1 2 3 4 5 6 7 8;82;31;124;3779;213;0;98;0.10734;35205.9;BELA*;                        ? Unchecked;ijcai-2026-base-15-g257422b
n-puzzle;heavy-cost;67/7000;7000;7 2 8 6 5 1 4 0 3;0 1 2 3 4 5 6 7 8;69;35;115;4149;178;0;98;0.102055;40654.5;BELA*;                        ? Unchecked;ijcai-2026-base-15-g257422b
n-puzzle;heavy-cost;68/7000;7000;5 0 3 4 1 8 2 7 6;0 1 2 3 4 5 6 7 8;57;27;101;1456;252;0;98;0.097636;14912.5;BELA*;                        ? Unchecked;ijcai-2026-base-15-g257422b
n-puzzle;heavy-cost;69/7000;7000;7 8 4 6 3 5 2 1 0;0 1 2 3 4 5 6 7 8;72;28;116;3490;241;0;98;0.115068;30329.9;BELA*;                        ? Unchecked;ijcai-2026-base-15-g257422b
n-puzzle;heavy-cost;70/7000;7000;7 0 3 2 8 1 5 4 6;0 1 2 3 4 5 6 7 8;85;29;107;652;190;0;98;0.090396;7212.71;BELA*;                        ? Unchecked;ijcai-2026-base-15-g257422b
n-puzzle;heavy-cost;71/7000;7000;1 0 7 3 4 8 2 5 6;0 1 2 3 4 5 6 7 8;60;31;106;1752;313;0;98;0.092109;19020.9;BELA*;                        ? Unchecked;ijcai-2026-base-15-g257422b
n-puzzle;heavy-cost;72/7000;7000;8 0 7 4 3 6 5 2 1;0 1 2 3 4 5 6 7 8;102;33;128;3909;425;0;98;0.104155;37530.6;BELA*;                        ? Unchecked;ijcai-2026-base-15-g257422b
n-puzzle;heavy-cost;73/7000;7000;3 7 8 5 1 2 0 6 4;0 1 2 3 4 5 6 7 8;60;34;124;8346;415;0;99;0.125511;66496.2;BELA*;                        ? Unchecked;ijcai-2026-base-15-g257422b
n-puzzle;heavy-cost;74/7000;7000;1 6 2 0 7 8 4 5 3;0 1 2 3 4 5 6 7 8;61;31;97;470;171;0;99;0.078877;5958.64;BELA*;                        ? Unchecked;ijcai-2026-base-15-g257422b
n-puzzle;heavy-cost;75/7000;7000;6 1 2 3 0 8 4 5 7;0 1 2 3 4 5 6 7 8;45;30;93;1049;242;0;99;0.083052;12630.6;BELA*;                        ? Unchecked;ijcai-2026-base-15-g257422b
n-puzzle;heavy-cost;76/7000;7000;1 0 7 5 6 4 3 2 8;0 1 2 3 4 5 6 7 8;57;37;105;1897;168;0;99;0.103576;18315.1;BELA*;                        ? Unchecked;ijcai-2026-base-15-g257422b
n-puzzle;heavy-cost;77/7000;7000;2 7 6 1 4 0 5 3 8;0 1 2 3 4 5 6 7 8;65;33;117;4273;205;0;99;0.113199;37747.7;BELA*;                        ? Unchecked;ijcai-2026-base-15-g257422b
n-puzzle;heavy-cost;78/7000;7000;2 3 8 4 0 6 1 5 7;0 1 2 3 4 5 6 7 8;68;36;106;2193;313;0;99;0.092522;23702.5;BELA*;                        ? Unchecked;ijcai-2026-base-15-g257422b
n-puzzle;heavy-cost;79/7000;7000;0 5 4 6 1 7 8 2 3;0 1 2 3 4 5 6 7 8;70;28;100;750;149;0;99;0.097653;7680.26;BELA*;                        ? Unchecked;ijcai-2026-base-15-g257422b
n-puzzle;heavy-cost;80/7000;7000;5 3 4 7 0 1 8 6 2;0 1 2 3 4 5 6 7 8;71;28;97;531;133;0;99;0.081517;6513.98;BELA*;                        ? Unchecked;ijcai-2026-base-15-g257422b
n-puzzle;heavy-cost;81/7000;7000;1 7 5 6 8 3 4 2 0;0 1 2 3 4 5 6 7 8;62;36;116;3775;455;0;99;0.10505;35935.3;BELA*;                        ? Unchecked;ijcai-2026-base-15-g257422b
n-puzzle;heavy-cost;82/7000;7000;3 1 4 0 5 8 2 7 6;0 1 2 3 4 5 6 7 8;44;31;94;811;191;0;99;0.084203;9631.49;BELA*;                        ? Unchecked;ijcai-2026-base-15-g257422b
n-puzzle;heavy-cost;83/7000;7000;4 2 3 0 5 1 8 6 7;0 1 2 3 4 5 6 7 8;55;27;99;1072;162;0;99;0.083405;12852.9;BELA*;                        ? Unchecked;ijcai-2026-base-15-g257422b
n-puzzle;heavy-cost;84/7000;7000;4 7 3 1 6 5 8 0 2;0 1 2 3 4 5 6 7 8;65;37;117;3575;340;0;99;0.102731;34799.6;BELA*;                        ? Unchecked;ijcai-2026-base-15-g257422b
n-puzzle;heavy-cost;85/7000;7000;3 6 0 1 5 8 4 2 7;0 1 2 3 4 5 6 7 8;57;34;119;5788;301;0;99;0.105098;55072.4;BELA*;                        ? Unchecked;ijcai-2026-base-15-g257422b
n-puzzle;heavy-cost;86/7000;7000;8 6 2 7 5 1 3 0 4;0 1 2 3 4 5 6 7 8;82;31;132;10259;363;0;99;0.122934;83451.3;BELA*;                        ? Unchecked;ijcai-2026-base-15-g257422b
n-puzzle;heavy-cost;87/7000;7000;3 2 5 7 6 0 8 1 4;0 1 2 3 4 5 6 7 8;62;29;88;351;192;0;99;0.072069;4870.33;BELA*;                        ? Unchecked;ijcai-2026-base-15-g257422b
n-puzzle;heavy-cost;88/7000;7000;1 3 2 4 0 5 8 7 6;0 1 2 3 4 5 6 7 8;39;34;119;7153;486;0;99;0.103428;69159.2;BELA*;                        ? Unchecked;ijcai-2026-base-15-g257422b
n-puzzle;heavy-cost;89/7000;7000;0 8 4 3 2 1 6 5 7;0 1 2 3 4 5 6 7 8;55;26;89;478;198;0;99;0.087539;5460.42;BELA*;                        ? Unchecked;ijcai-2026-base-15-g257422b
n-puzzle;heavy-cost;90/7000;7000;0 6 1 5 7 8 4 2 3;0 1 2 3 4 5 6 7 8;67;32;111;1413;198;0;99;0.089599;15770.3;BELA*;                        ? Unchecked;ijcai-2026-base-15-g257422b
n-puzzle;heavy-cost;91/7000;7000;2 1 6 4 5 8 3 0 7;0 1 2 3 4 5 6 7 8;55;29;109;2852;195;0;99;0.094341;30230.8;BELA*;                        ? Unchecked;ijcai-2026-base-15-g257422b
n-puzzle;heavy-cost;92/7000;7000;3 7 4 6 1 5 8 0 2;0 1 2 3 4 5 6 7 8;52;29;102;1908;317;0;99;0.096833;19704;BELA*;                        ? Unchecked;ijcai-2026-base-15-g257422b
n-puzzle;heavy-cost;93/7000;7000;7 6 1 3 5 8 2 4 0;0 1 2 3 4 5 6 7 8;65;34;111;1923;329;0;99;0.100067;19217.1;BELA*;                        ? Unchecked;ijcai-2026-base-15-g257422b
n-puzzle;heavy-cost;94/7000;7000;4 7 8 1 0 3 6 2 5;0 1 2 3 4 5 6 7 8;57;28;113;4730;256;0;99;0.092194;51304.9;BELA*;                        ? Unchecked;ijcai-2026-base-15-g257422b
n-puzzle;heavy-cost;95/7000;7000;0 5 8 2 7 4 1 6 3;0 1 2 3 4 5 6 7 8;61;28;97;440;173;0;99;0.08743;5032.6;BELA*;                        ? Unchecked;ijcai-2026-base-15-g257422b
n-puzzle;heavy-cost;96/7000;7000;5 2 3 8 7 0 1 6 4;0 1 2 3 4 5 6 7 8;74;31;112;1211;160;0;99;0.091384;13251.8;BELA*;                        ? Unchecked;ijcai-2026-base-15-g257422b
n-puzzle;heavy-cost;97/7000;7000;8 3 0 4 7 2 6 1 5;0 1 2 3 4 5 6 7 8;58;30;108;1615;311;0;99;0.085893;18802.5;BELA*;                        ? Unchecked;ijcai-2026-base-15-g257422b
n-puzzle;heavy-cost;98/7000;7000;5 8 6 0 7 4 1 3 2;0 1 2 3 4 5 6 7 8;87;35;127;4303;396;0;99;0.107937;39865.8;BELA*;                        ? Unchecked;ijcai-2026-base-15-g257422b
n-puzzle;heavy-cost;99/7000;7000;7 5 0 6 3 2 1 8 4;0 1 2 3 4 5 6 7 8;61;36;105;1851;185;0;99;0.099301;18640.3;BELA*;                        ? Unchecked;ijcai-2026-base-15-g257422b
n-puzzle;heavy-cost;0/8000;8000;5 6 0 8 4 7 1 3 2;0 1 2 3 4 5 6 7 8;84;30;128;3373;221;0;99;0.114611;29430;BELA*;                        ? Unchecked;ijcai-2026-base-15-g257422b
n-puzzle;heavy-cost;1/8000;8000;0 8 6 4 7 1 5 3 2;0 1 2 3 4 5 6 7 8;86;34;126;2862;287;0;99;0.122593;23345.5;BELA*;                        ? Unchecked;ijcai-2026-base-15-g257422b
n-puzzle;heavy-cost;2/8000;8000;5 2 8 0 7 4 1 3 6;0 1 2 3 4 5 6 7 8;65;33;107;1720;228;0;99;0.102888;16717.2;BELA*;                        ? Unchecked;ijcai-2026-base-15-g257422b
n-puzzle;heavy-cost;3/8000;8000;7 2 6 0 8 1 5 4 3;0 1 2 3 4 5 6 7 8;93;35;125;3343;282;0;99;0.123029;27172.5;BELA*;                        ? Unchecked;ijcai-2026-base-15-g257422b
n-puzzle;heavy-cost;4/8000;8000;5 1 8 6 0 7 2 4 3;0 1 2 3 4 5 6 7 8;72;34;106;1808;413;0;99;0.113141;15980.1;BELA*;                        ? Unchecked;ijcai-2026-base-15-g257422b
n-puzzle;heavy-cost;5/8000;8000;8 0 3 6 4 5 7 2 1;0 1 2 3 4 5 6 7 8;63;35;119;5653;325;0;99;0.120975;46728.7;BELA*;                        ? Unchecked;ijcai-2026-base-15-g257422b
n-puzzle;heavy-cost;6/8000;8000;4 2 7 1 5 8 0 6 3;0 1 2 3 4 5 6 7 8;61;24;101;1280;210;0;99;0.094386;13561.3;BELA*;                        ? Unchecked;ijcai-2026-base-15-g257422b
n-puzzle;heavy-cost;7/8000;8000;4 1 7 3 2 5 6 0 8;0 1 2 3 4 5 6 7 8;33;31;91;1514;256;0;99;0.097885;15467.1;BELA*;                        ? Unchecked;ijcai-2026-base-15-g257422b
n-puzzle;heavy-cost;8/8000;8000;8 4 0 5 1 6 2 7 3;0 1 2 3 4 5 6 7 8;82;34;138;13538;632;0;100;0.152647;88688.3;BELA*;                        ? Unchecked;ijcai-2026-base-15-g257422b
n-puzzle;heavy-cost;9/8000;8000;1 3 0 7 6 2 5 8 4;0 1 2 3 4 5 6 7 8;66;36;106;1624;313;0;100;0.095915;16931.7;BELA*;                        ? Unchecked;ijcai-2026-base-15-g257422b
n-puzzle;heavy-cost;10/8000;8000;7 0 4 6 8 5 3 1 2;0 1 2 3 4 5 6 7 8;60;41;122;6194;233;0;108;0.129768;47731.3;BELA*;                        ? Unchecked;ijcai-2026-base-15-g257422b
n-puzzle;heavy-cost;11/8000;8000;6 1 7 5 8 2 4 3 0;0 1 2 3 4 5 6 7 8;75;34;129;10019;357;0;108;0.137434;72900.4;BELA*;                        ? Unchecked;ijcai-2026-base-15-g257422b
n-puzzle;heavy-cost;12/8000;8000;7 5 2 1 6 3 8 0 4;0 1 2 3 4 5 6 7 8;75;33;117;3823;297;0;108;0.119899;31885.2;BELA*;                        ? Unchecked;ijcai-2026-base-15-g257422b
n-puzzle;heavy-cost;13/8000;8000;6 2 4 0 8 7 5 3 1;0 1 2 3 4 5 6 7 8;76;35;112;1924;152;0;108;0.119338;16122.3;BELA*;                        ? Unchecked;ijcai-2026-base-15-g257422b
n-puzzle;heavy-cost;14/8000;8000;0 1 6 2 5 7 4 8 3;0 1 2 3 4 5 6 7 8;74;36;124;5827;206;0;108;0.125899;46283.1;BELA*;                        ? Unchecked;ijcai-2026-base-15-g257422b
n-puzzle;heavy-cost;15/8000;8000;4 0 3 6 1 2 8 5 7;0 1 2 3 4 5 6 7 8;59;27;87;531;186;0;108;0.081947;6479.8;BELA*;                        ? Unchecked;ijcai-2026-base-15-g257422b
n-puzzle;heavy-cost;16/8000;8000;1 5 8 7 6 4 0 3 2;0 1 2 3 4 5 6 7 8;67;36;107;1564;440;0;108;0.100966;15490.4;BELA*;                        ? Unchecked;ijcai-2026-base-15-g257422b
n-puzzle;heavy-cost;17/8000;8000;2 7 0 8 4 6 3 5 1;0 1 2 3 4 5 6 7 8;76;36;126;2624;198;0;108;0.108168;24258.6;BELA*;                        ? Unchecked;ijcai-2026-base-15-g257422b
n-puzzle;heavy-cost;18/8000;8000;7 4 8 1 5 6 0 2 3;0 1 2 3 4 5 6 7 8;81;34;115;2911;281;0;108;0.117214;24834.9;BELA*;                        ? Unchecked;ijcai-2026-base-15-g257422b
n-puzzle;heavy-cost;19/8000;8000;2 3 0 1 4 7 5 6 8;0 1 2 3 4 5 6 7 8;47;34;95;1280;276;0;108;0.107842;11869.2;BELA*;                        ? Unchecked;ijcai-2026-base-15-g257422b
n-puzzle;heavy-cost;20/8000;8000;2 1 4 5 0 6 8 3 7;0 1 2 3 4 5 6 7 8;69;36;123;8610;313;0;108;0.134182;64166.6;BELA*;                        ? Unchecked;ijcai-2026-base-15-g257422b
n-puzzle;heavy-cost;21/8000;8000;8 7 6 2 5 4 1 0 3;0 1 2 3 4 5 6 7 8;97;37;141;11726;534;0;108;0.13114;89415.9;BELA*;                        ? Unchecked;ijcai-2026-base-15-g257422b
n-puzzle;heavy-cost;22/8000;8000;2 7 3 1 6 5 4 0 8;0 1 2 3 4 5 6 7 8;49;25;87;550;241;0;108;0.101702;5407.96;BELA*;                        ? Unchecked;ijcai-2026-base-15-g257422b
n-puzzle;heavy-cost;23/8000;8000;3 0 4 6 2 1 8 5 7;0 1 2 3 4 5 6 7 8;56;29;92;949;178;0;108;0.089888;10557.6;BELA*;                        ? Unchecked;ijcai-2026-base-15-g257422b
n-puzzle;heavy-cost;24/8000;8000;5 3 2 4 8 6 0 1 7;0 1 2 3 4 5 6 7 8;68;34;114;2462;159;0;108;0.095198;25861.9;BELA*;                        ? Unchecked;ijcai-2026-base-15-g257422b
n-puzzle;heavy-cost;25/8000;8000;1 3 5 2 4 6 8 7 0;0 1 2 3 4 5 6 7 8;52;36;124;8339;321;0;108;0.132571;62902.1;BELA*;                        ? Unchecked;ijcai-2026-base-15-g257422b
n-puzzle;heavy-cost;26/8000;8000;8 5 1 4 2 7 6 0 3;0 1 2 3 4 5 6 7 8;74;35;112;2197;213;0;108;0.109473;20068.9;BELA*;                        ? Unchecked;ijcai-2026-base-15-g257422b
n-puzzle;heavy-cost;27/8000;8000;2 8 5 6 3 1 4 0 7;0 1 2 3 4 5 6 7 8;59;33;101;1421;206;0;108;0.097084;14636.8;BELA*;                        ? Unchecked;ijcai-2026-base-15-g257422b
n-puzzle;heavy-cost;28/8000;8000;5 0 7 4 2 3 1 6 8;0 1 2 3 4 5 6 7 8;59;25;87;544;180;0;108;0.082976;6556.11;BELA*;                        ? Unchecked;ijcai-2026-base-15-g257422b
n-puzzle;heavy-cost;29/8000;8000;3 2 4 7 6 8 5 1 0;0 1 2 3 4 5 6 7 8;64;26;98;912;169;0;108;0.09685;9416.62;BELA*;                        ? Unchecked;ijcai-2026-base-15-g257422b
n-puzzle;heavy-cost;30/8000;8000;1 3 2 0 8 6 4 7 5;0 1 2 3 4 5 6 7 8;54;31;100;802;198;0;108;0.096876;8278.62;BELA*;                        ? Unchecked;ijcai-2026-base-15-g257422b
n-puzzle;heavy-cost;31/8000;8000;8 2 5 3 7 6 4 0 1;0 1 2 3 4 5 6 7 8;75;33;121;4114;354;0;108;0.106951;38466.2;BELA*;                        ? Unchecked;ijcai-2026-base-15-g257422b
n-puzzle;heavy-cost;32/8000;8000;2 4 0 7 5 1 8 6 3;0 1 2 3 4 5 6 7 8;60;34;106;1100;166;0;108;0.10013;10985.7;BELA*;                        ? Unchecked;ijcai-2026-base-15-g257422b
n-puzzle;heavy-cost;33/8000;8000;0 1 5 2 6 8 7 3 4;0 1 2 3 4 5 6 7 8;52;32;88;576;224;0;108;0.095491;6031.98;BELA*;                        ? Unchecked;ijcai-2026-base-15-g257422b
n-puzzle;heavy-cost;34/8000;8000;7 1 5 2 8 6 3 4 0;0 1 2 3 4 5 6 7 8;73;28;95;442;252;0;108;0.082859;5334.36;BELA*;                        ? Unchecked;ijcai-2026-base-15-g257422b
n-puzzle;heavy-cost;35/8000;8000;6 3 1 2 8 7 0 4 5;0 1 2 3 4 5 6 7 8;64;34;116;3277;403;0;108;0.108207;30284.5;BELA*;                        ? Unchecked;ijcai-2026-base-15-g257422b
n-puzzle;heavy-cost;36/8000;8000;0 3 5 4 8 6 7 2 1;0 1 2 3 4 5 6 7 8;65;32;103;834;144;0;108;0.099982;8341.5;BELA*;                        ? Unchecked;ijcai-2026-base-15-g257422b
n-puzzle;heavy-cost;37/8000;8000;8 1 4 0 3 2 5 6 7;0 1 2 3 4 5 6 7 8;73;31;107;1757;183;0;108;0.108626;16174.8;BELA*;                        ? Unchecked;ijcai-2026-base-15-g257422b
n-puzzle;heavy-cost;38/8000;8000;7 4 1 6 2 8 3 5 0;0 1 2 3 4 5 6 7 8;57;32;115;4969;316;0;108;0.113552;43759.7;BELA*;                        ? Unchecked;ijcai-2026-base-15-g257422b
n-puzzle;heavy-cost;39/8000;8000;4 6 8 0 5 1 3 2 7;0 1 2 3 4 5 6 7 8;65;33;107;2123;279;0;108;0.113385;18723.8;BELA*;                        ? Unchecked;ijcai-2026-base-15-g257422b
n-puzzle;heavy-cost;40/8000;8000;4 2 8 6 0 1 3 5 7;0 1 2 3 4 5 6 7 8;54;30;94;1054;219;0;108;0.10054;10483.4;BELA*;                        ? Unchecked;ijcai-2026-base-15-g257422b
n-puzzle;heavy-cost;41/8000;8000;3 7 8 4 5 2 6 1 0;0 1 2 3 4 5 6 7 8;46;28;106;1866;213;0;108;0.101262;18427.4;BELA*;                        ? Unchecked;ijcai-2026-base-15-g257422b
n-puzzle;heavy-cost;42/8000;8000;7 5 6 1 0 3 2 8 4;0 1 2 3 4 5 6 7 8;87;32;107;879;206;0;108;0.104184;8437;BELA*;                        ? Unchecked;ijcai-2026-base-15-g257422b
n-puzzle;heavy-cost;43/8000;8000;1 6 4 8 5 3 7 2 0;0 1 2 3 4 5 6 7 8;75;36;113;2021;253;0;108;0.106006;19065;BELA*;                        ? Unchecked;ijcai-2026-base-15-g257422b
n-puzzle;heavy-cost;44/8000;8000;2 5 7 1 8 4 3 6 0;0 1 2 3 4 5 6 7 8;66;26;94;390;276;0;108;0.082851;4707.25;BELA*;                        ? Unchecked;ijcai-2026-base-15-g257422b
n-puzzle;heavy-cost;45/8000;8000;3 8 4 0 7 1 5 6 2;0 1 2 3 4 5 6 7 8;69;35;111;1471;288;0;108;0.106616;13797.2;BELA*;                        ? Unchecked;ijcai-2026-base-15-g257422b
n-puzzle;heavy-cost;46/8000;8000;3 0 5 4 2 1 7 8 6;0 1 2 3 4 5 6 7 8;45;27;87;689;158;0;108;0.090647;7600.91;BELA*;                        ? Unchecked;ijcai-2026-base-15-g257422b
n-puzzle;heavy-cost;47/8000;8000;4 5 3 1 7 0 8 2 6;0 1 2 3 4 5 6 7 8;70;29;110;1647;203;0;108;0.093057;17698.8;BELA*;                        ? Unchecked;ijcai-2026-base-15-g257422b
n-puzzle;heavy-cost;48/8000;8000;1 8 4 2 3 5 6 0 7;0 1 2 3 4 5 6 7 8;49;27;91;708;205;0;108;0.093265;7591.27;BELA*;                        ? Unchecked;ijcai-2026-base-15-g257422b
n-puzzle;heavy-cost;49/8000;8000;4 8 1 0 6 7 3 2 5;0 1 2 3 4 5 6 7 8;73;33;113;2307;235;0;108;0.100259;23010.4;BELA*;                        ? Unchecked;ijcai-2026-base-15-g257422b
n-puzzle;heavy-cost;50/8000;8000;8 5 3 4 6 1 7 2 0;0 1 2 3 4 5 6 7 8;82;34;118;2885;203;0;108;0.11209;25738.2;BELA*;                        ? Unchecked;ijcai-2026-base-15-g257422b
n-puzzle;heavy-cost;51/8000;8000;4 3 7 1 5 2 6 0 8;0 1 2 3 4 5 6 7 8;44;27;88;839;252;0;108;0.082104;10218.7;BELA*;                        ? Unchecked;ijcai-2026-base-15-g257422b
n-puzzle;heavy-cost;52/8000;8000;7 4 1 2 3 0 5 8 6;0 1 2 3 4 5 6 7 8;70;37;130;12963;536;0;108;0.153576;84407.7;BELA*;                        ? Unchecked;ijcai-2026-base-15-g257422b
n-puzzle;heavy-cost;53/8000;8000;7 5 6 8 2 1 0 4 3;0 1 2 3 4 5 6 7 8;98;34;126;5089;292;0;108;0.123004;41372.6;BELA*;                        ? Unchecked;ijcai-2026-base-15-g257422b
n-puzzle;heavy-cost;54/8000;8000;2 8 5 0 7 6 1 4 3;0 1 2 3 4 5 6 7 8;74;27;112;1310;154;0;108;0.11042;11863.8;BELA*;                        ? Unchecked;ijcai-2026-base-15-g257422b
n-puzzle;heavy-cost;55/8000;8000;3 5 2 4 1 6 8 0 7;0 1 2 3 4 5 6 7 8;59;35;113;3996;239;0;108;0.116388;34333.4;BELA*;                        ? Unchecked;ijcai-2026-base-15-g257422b
n-puzzle;heavy-cost;56/8000;8000;8 6 1 5 4 3 0 2 7;0 1 2 3 4 5 6 7 8;80;32;126;3687;251;0;108;0.121212;30417.8;BELA*;                        ? Unchecked;ijcai-2026-base-15-g257422b
n-puzzle;heavy-cost;57/8000;8000;4 6 5 7 3 2 1 0 8;0 1 2 3 4 5 6 7 8;53;31;105;3206;448;0;108;0.108156;29642.4;BELA*;                        ? Unchecked;ijcai-2026-base-15-g257422b
n-puzzle;heavy-cost;58/8000;8000;3 7 4 2 8 6 5 0 1;0 1 2 3 4 5 6 7 8;83;35;113;1569;167;0;108;0.111319;14094.6;BELA*;                        ? Unchecked;ijcai-2026-base-15-g257422b
n-puzzle;heavy-cost;59/8000;8000;8 7 4 5 6 2 3 0 1;0 1 2 3 4 5 6 7 8;84;31;136;11419;452;0;108;0.140803;81099.1;BELA*;                        ? Unchecked;ijcai-2026-base-15-g257422b
n-puzzle;heavy-cost;60/8000;8000;6 1 5 3 4 0 8 2 7;0 1 2 3 4 5 6 7 8;46;31;110;4092;292;0;108;0.105595;38751.8;BELA*;                        ? Unchecked;ijcai-2026-base-15-g257422b
n-puzzle;heavy-cost;61/8000;8000;4 5 2 8 0 3 1 6 7;0 1 2 3 4 5 6 7 8;64;28;108;2378;481;0;108;0.103671;22937.9;BELA*;                        ? Unchecked;ijcai-2026-base-15-g257422b
n-puzzle;heavy-cost;62/8000;8000;8 5 4 6 1 2 7 3 0;0 1 2 3 4 5 6 7 8;72;38;126;11189;524;0;108;0.137327;81477.1;BELA*;                        ? Unchecked;ijcai-2026-base-15-g257422b
n-puzzle;heavy-cost;63/8000;8000;0 5 8 2 6 7 4 3 1;0 1 2 3 4 5 6 7 8;75;32;97;614;244;0;108;0.100488;6110.18;BELA*;                        ? Unchecked;ijcai-2026-base-15-g257422b
n-puzzle;heavy-cost;64/8000;8000;5 0 1 8 7 3 4 6 2;0 1 2 3 4 5 6 7 8;71;33;113;1138;146;0;108;0.091713;12408.3;BELA*;                        ? Unchecked;ijcai-2026-base-15-g257422b
n-puzzle;heavy-cost;65/8000;8000;7 6 1 3 4 8 0 5 2;0 1 2 3 4 5 6 7 8;62;34;116;2871;425;0;108;0.113976;25189.5;BELA*;                        ? Unchecked;ijcai-2026-base-15-g257422b
n-puzzle;heavy-cost;66/8000;8000;8 0 7 3 6 5 1 2 4;0 1 2 3 4 5 6 7 8;82;35;124;3779;237;0;108;0.122481;30853.8;BELA*;                        ? Unchecked;ijcai-2026-base-15-g257422b
n-puzzle;heavy-cost;67/8000;8000;7 2 8 6 5 1 4 0 3;0 1 2 3 4 5 6 7 8;69;31;115;4149;187;0;108;0.115447;35938.6;BELA*;                        ? Unchecked;ijcai-2026-base-15-g257422b
n-puzzle;heavy-cost;68/8000;8000;5 0 3 4 1 8 2 7 6;0 1 2 3 4 5 6 7 8;57;31;103;1561;283;0;108;0.108884;14336.4;BELA*;                        ? Unchecked;ijcai-2026-base-15-g257422b
n-puzzle;heavy-cost;69/8000;8000;7 8 4 6 3 5 2 1 0;0 1 2 3 4 5 6 7 8;72;32;118;4165;292;0;108;0.130765;31851;BELA*;                        ? Unchecked;ijcai-2026-base-15-g257422b
n-puzzle;heavy-cost;70/8000;8000;7 0 3 2 8 1 5 4 6;0 1 2 3 4 5 6 7 8;85;35;109;805;238;0;108;0.103482;7779.13;BELA*;                        ? Unchecked;ijcai-2026-base-15-g257422b
n-puzzle;heavy-cost;71/8000;8000;1 0 7 3 4 8 2 5 6;0 1 2 3 4 5 6 7 8;60;33;106;1752;327;0;108;0.110174;15902.1;BELA*;                        ? Unchecked;ijcai-2026-base-15-g257422b
n-puzzle;heavy-cost;72/8000;8000;8 0 7 4 3 6 5 2 1;0 1 2 3 4 5 6 7 8;102;33;128;3909;444;0;108;0.11779;33186.2;BELA*;                        ? Unchecked;ijcai-2026-base-15-g257422b
n-puzzle;heavy-cost;73/8000;8000;3 7 8 5 1 2 0 6 4;0 1 2 3 4 5 6 7 8;60;36;126;9865;527;0;108;0.145151;67963.7;BELA*;                        ? Unchecked;ijcai-2026-base-15-g257422b
n-puzzle;heavy-cost;74/8000;8000;1 6 2 0 7 8 4 5 3;0 1 2 3 4 5 6 7 8;61;23;97;470;188;0;108;0.090399;5199.17;BELA*;                        ? Unchecked;ijcai-2026-base-15-g257422b
n-puzzle;heavy-cost;75/8000;8000;6 1 2 3 0 8 4 5 7;0 1 2 3 4 5 6 7 8;45;32;93;1049;243;0;108;0.100962;10390;BELA*;                        ? Unchecked;ijcai-2026-base-15-g257422b
n-puzzle;heavy-cost;76/8000;8000;1 0 7 5 6 4 3 2 8;0 1 2 3 4 5 6 7 8;57;37;105;1897;168;0;108;0.115372;16442.5;BELA*;                        ? Unchecked;ijcai-2026-base-15-g257422b
n-puzzle;heavy-cost;77/8000;8000;2 7 6 1 4 0 5 3 8;0 1 2 3 4 5 6 7 8;65;37;119;5390;291;0;108;0.130224;41390.2;BELA*;                        ? Unchecked;ijcai-2026-base-15-g257422b
n-puzzle;heavy-cost;78/8000;8000;2 3 8 4 0 6 1 5 7;0 1 2 3 4 5 6 7 8;68;28;106;2193;327;0;108;0.109409;20044.1;BELA*;                        ? Unchecked;ijcai-2026-base-15-g257422b
n-puzzle;heavy-cost;79/8000;8000;0 5 4 6 1 7 8 2 3;0 1 2 3 4 5 6 7 8;70;34;102;905;187;0;108;0.10972;8248.27;BELA*;                        ? Unchecked;ijcai-2026-base-15-g257422b
n-puzzle;heavy-cost;80/8000;8000;5 3 4 7 0 1 8 6 2;0 1 2 3 4 5 6 7 8;71;28;97;531;135;0;108;0.093952;5651.82;BELA*;                        ? Unchecked;ijcai-2026-base-15-g257422b
n-puzzle;heavy-cost;81/8000;8000;1 7 5 6 8 3 4 2 0;0 1 2 3 4 5 6 7 8;62;34;116;3775;470;0;108;0.119367;31625.2;BELA*;                        ? Unchecked;ijcai-2026-base-15-g257422b
n-puzzle;heavy-cost;82/8000;8000;3 1 4 0 5 8 2 7 6;0 1 2 3 4 5 6 7 8;44;29;94;811;191;0;108;0.094877;8547.91;BELA*;                        ? Unchecked;ijcai-2026-base-15-g257422b
n-puzzle;heavy-cost;83/8000;8000;4 2 3 0 5 1 8 6 7;0 1 2 3 4 5 6 7 8;55;31;101;1318;198;0;108;0.094946;13881.6;BELA*;                        ? Unchecked;ijcai-2026-base-15-g257422b
n-puzzle;heavy-cost;84/8000;8000;4 7 3 1 6 5 8 0 2;0 1 2 3 4 5 6 7 8;65;33;117;3575;365;0;108;0.118132;30262.8;BELA*;                        ? Unchecked;ijcai-2026-base-15-g257422b
n-puzzle;heavy-cost;85/8000;8000;3 6 0 1 5 8 4 2 7;0 1 2 3 4 5 6 7 8;57;34;119;5788;301;0;108;0.116303;49766.6;BELA*;                        ? Unchecked;ijcai-2026-base-15-g257422b
n-puzzle;heavy-cost;86/8000;8000;8 6 2 7 5 1 3 0 4;0 1 2 3 4 5 6 7 8;82;33;132;10259;415;0;108;0.138774;73926;BELA*;                        ? Unchecked;ijcai-2026-base-15-g257422b
n-puzzle;heavy-cost;87/8000;8000;3 2 5 7 6 0 8 1 4;0 1 2 3 4 5 6 7 8;62;33;88;351;192;0;108;0.081816;4290.11;BELA*;                        ? Unchecked;ijcai-2026-base-15-g257422b
n-puzzle;heavy-cost;88/8000;8000;1 3 2 4 0 5 8 7 6;0 1 2 3 4 5 6 7 8;39;30;119;7153;492;0;108;0.116256;61528;BELA*;                        ? Unchecked;ijcai-2026-base-15-g257422b
n-puzzle;heavy-cost;89/8000;8000;0 8 4 3 2 1 6 5 7;0 1 2 3 4 5 6 7 8;55;30;91;549;239;0;108;0.099776;5502.33;BELA*;                        ? Unchecked;ijcai-2026-base-15-g257422b
n-puzzle;heavy-cost;90/8000;8000;0 6 1 5 7 8 4 2 3;0 1 2 3 4 5 6 7 8;67;32;111;1413;208;0;108;0.102103;13839;BELA*;                        ? Unchecked;ijcai-2026-base-15-g257422b
n-puzzle;heavy-cost;91/8000;8000;2 1 6 4 5 8 3 0 7;0 1 2 3 4 5 6 7 8;55;31;111;3523;252;0;108;0.109222;32255.4;BELA*;                        ? Unchecked;ijcai-2026-base-15-g257422b
n-puzzle;heavy-cost;92/8000;8000;3 7 4 6 1 5 8 0 2;0 1 2 3 4 5 6 7 8;52;29;102;1908;318;0;108;0.110775;17224.1;BELA*;                        ? Unchecked;ijcai-2026-base-15-g257422b
n-puzzle;heavy-cost;93/8000;8000;7 6 1 3 5 8 2 4 0;0 1 2 3 4 5 6 7 8;65;32;111;1923;339;0;108;0.111429;17257.6;BELA*;                        ? Unchecked;ijcai-2026-base-15-g257422b
n-puzzle;heavy-cost;94/8000;8000;4 7 8 1 0 3 6 2 5;0 1 2 3 4 5 6 7 8;57;28;113;4730;261;0;108;0.10264;46083.4;BELA*;                        ? Unchecked;ijcai-2026-base-15-g257422b
n-puzzle;heavy-cost;95/8000;8000;0 5 8 2 7 4 1 6 3;0 1 2 3 4 5 6 7 8;61;26;99;627;216;0;108;0.098803;6345.96;BELA*;                        ? Unchecked;ijcai-2026-base-15-g257422b
n-puzzle;heavy-cost;96/8000;8000;5 2 3 8 7 0 1 6 4;0 1 2 3 4 5 6 7 8;74;31;114;1639;213;0;108;0.105413;15548.4;BELA*;                        ? Unchecked;ijcai-2026-base-15-g257422b
n-puzzle;heavy-cost;97/8000;8000;8 3 0 4 7 2 6 1 5;0 1 2 3 4 5 6 7 8;58;30;108;1615;315;0;108;0.097122;16628.6;BELA*;                        ? Unchecked;ijcai-2026-base-15-g257422b
n-puzzle;heavy-cost;98/8000;8000;5 8 6 0 7 4 1 3 2;0 1 2 3 4 5 6 7 8;87;33;127;4303;410;0;108;0.122149;35227.5;BELA*;                        ? Unchecked;ijcai-2026-base-15-g257422b
n-puzzle;heavy-cost;99/8000;8000;7 5 0 6 3 2 1 8 4;0 1 2 3 4 5 6 7 8;61;34;105;1851;185;0;108;0.111474;16604.8;BELA*;                        ? Unchecked;ijcai-2026-base-15-g257422b
n-puzzle;heavy-cost;0/9000;9000;5 6 0 8 4 7 1 3 2;0 1 2 3 4 5 6 7 8;84;34;128;3373;223;0;113;0.130883;25771.1;BELA*;                        ? Unchecked;ijcai-2026-base-15-g257422b
n-puzzle;heavy-cost;1/9000;9000;0 8 6 4 7 1 5 3 2;0 1 2 3 4 5 6 7 8;86;32;126;2862;317;0;113;0.139353;20537.8;BELA*;                        ? Unchecked;ijcai-2026-base-15-g257422b
n-puzzle;heavy-cost;2/9000;9000;5 2 8 0 7 4 1 3 6;0 1 2 3 4 5 6 7 8;65;33;107;1720;229;0;113;0.132115;13019;BELA*;                        ? Unchecked;ijcai-2026-base-15-g257422b
n-puzzle;heavy-cost;3/9000;9000;7 2 6 0 8 1 5 4 3;0 1 2 3 4 5 6 7 8;93;37;125;3343;282;0;113;0.136797;24437.7;BELA*;                        ? Unchecked;ijcai-2026-base-15-g257422b
n-puzzle;heavy-cost;4/9000;9000;5 1 8 6 0 7 2 4 3;0 1 2 3 4 5 6 7 8;72;30;106;1808;424;0;113;0.125384;14419.7;BELA*;                        ? Unchecked;ijcai-2026-base-15-g257422b
n-puzzle;heavy-cost;5/9000;9000;8 0 3 6 4 5 7 2 1;0 1 2 3 4 5 6 7 8;63;33;119;5653;333;0;113;0.138194;40906.3;BELA*;                        ? Unchecked;ijcai-2026-base-15-g257422b
n-puzzle;heavy-cost;6/9000;9000;4 2 7 1 5 8 0 6 3;0 1 2 3 4 5 6 7 8;61;26;103;1570;283;0;113;0.106283;14771.9;BELA*;                        ? Unchecked;ijcai-2026-base-15-g257422b
n-puzzle;heavy-cost;7/9000;9000;4 1 7 3 2 5 6 0 8;0 1 2 3 4 5 6 7 8;33;29;91;1514;258;0;113;0.111906;13529.2;BELA*;                        ? Unchecked;ijcai-2026-base-15-g257422b
n-puzzle;heavy-cost;8/9000;9000;8 4 0 5 1 6 2 7 3;0 1 2 3 4 5 6 7 8;82;36;138;13538;714;0;113;0.169258;79984.4;BELA*;                        ? Unchecked;ijcai-2026-base-15-g257422b
n-puzzle;heavy-cost;9/9000;9000;1 3 0 7 6 2 5 8 4;0 1 2 3 4 5 6 7 8;66;32;106;1624;314;0;113;0.108574;14957.5;BELA*;                        ? Unchecked;ijcai-2026-base-15-g257422b
n-puzzle;heavy-cost;10/9000;9000;7 0 4 6 8 5 3 1 2;0 1 2 3 4 5 6 7 8;60;39;122;6194;234;0;115;0.151159;40976.7;BELA*;                        ? Unchecked;ijcai-2026-base-15-g257422b
n-puzzle;heavy-cost;11/9000;9000;6 1 7 5 8 2 4 3 0;0 1 2 3 4 5 6 7 8;75;36;129;10019;363;0;117;0.151303;66218.1;BELA*;                        ? Unchecked;ijcai-2026-base-15-g257422b
n-puzzle;heavy-cost;12/9000;9000;7 5 2 1 6 3 8 0 4;0 1 2 3 4 5 6 7 8;75;33;117;3823;297;0;117;0.131701;29027.9;BELA*;                        ? Unchecked;ijcai-2026-base-15-g257422b
n-puzzle;heavy-cost;13/9000;9000;6 2 4 0 8 7 5 3 1;0 1 2 3 4 5 6 7 8;76;33;112;1924;166;0;117;0.132684;14500.6;BELA*;                        ? Unchecked;ijcai-2026-base-15-g257422b
n-puzzle;heavy-cost;14/9000;9000;0 1 6 2 5 7 4 8 3;0 1 2 3 4 5 6 7 8;74;40;124;5827;215;0;117;0.142254;40961.9;BELA*;                        ? Unchecked;ijcai-2026-base-15-g257422b
n-puzzle;heavy-cost;15/9000;9000;4 0 3 6 1 2 8 5 7;0 1 2 3 4 5 6 7 8;59;27;87;531;186;0;117;0.090412;5873.11;BELA*;                        ? Unchecked;ijcai-2026-base-15-g257422b
n-puzzle;heavy-cost;16/9000;9000;1 5 8 7 6 4 0 3 2;0 1 2 3 4 5 6 7 8;67;28;107;1564;444;0;117;0.113452;13785.6;BELA*;                        ? Unchecked;ijcai-2026-base-15-g257422b
n-puzzle;heavy-cost;17/9000;9000;2 7 0 8 4 6 3 5 1;0 1 2 3 4 5 6 7 8;76;36;126;2624;198;0;117;0.120417;21790.9;BELA*;                        ? Unchecked;ijcai-2026-base-15-g257422b
n-puzzle;heavy-cost;18/9000;9000;7 4 8 1 5 6 0 2 3;0 1 2 3 4 5 6 7 8;81;32;115;2911;281;0;117;0.128456;22661.5;BELA*;                        ? Unchecked;ijcai-2026-base-15-g257422b
n-puzzle;heavy-cost;19/9000;9000;2 3 0 1 4 7 5 6 8;0 1 2 3 4 5 6 7 8;47;32;95;1280;276;0;117;0.119254;10733.4;BELA*;                        ? Unchecked;ijcai-2026-base-15-g257422b
n-puzzle;heavy-cost;20/9000;9000;2 1 4 5 0 6 8 3 7;0 1 2 3 4 5 6 7 8;69;36;123;8610;313;0;120;0.148213;58092.1;BELA*;                        ? Unchecked;ijcai-2026-base-15-g257422b
n-puzzle;heavy-cost;21/9000;9000;8 7 6 2 5 4 1 0 3;0 1 2 3 4 5 6 7 8;97;37;141;11726;552;0;120;0.146999;79769.3;BELA*;                        ? Unchecked;ijcai-2026-base-15-g257422b
n-puzzle;heavy-cost;22/9000;9000;2 7 3 1 6 5 4 0 8;0 1 2 3 4 5 6 7 8;49;31;87;550;241;0;120;0.11153;4931.41;BELA*;                        ? Unchecked;ijcai-2026-base-15-g257422b
n-puzzle;heavy-cost;23/9000;9000;3 0 4 6 2 1 8 5 7;0 1 2 3 4 5 6 7 8;56;27;92;949;189;0;120;0.100611;9432.37;BELA*;                        ? Unchecked;ijcai-2026-base-15-g257422b
n-puzzle;heavy-cost;24/9000;9000;5 3 2 4 8 6 0 1 7;0 1 2 3 4 5 6 7 8;68;36;114;2462;159;0;120;0.105566;23321.9;BELA*;                        ? Unchecked;ijcai-2026-base-15-g257422b
n-puzzle;heavy-cost;25/9000;9000;1 3 5 2 4 6 8 7 0;0 1 2 3 4 5 6 7 8;52;34;124;8339;348;0;120;0.148103;56305.4;BELA*;                        ? Unchecked;ijcai-2026-base-15-g257422b
n-puzzle;heavy-cost;26/9000;9000;8 5 1 4 2 7 6 0 3;0 1 2 3 4 5 6 7 8;74;37;112;2197;213;0;120;0.12177;18042.2;BELA*;                        ? Unchecked;ijcai-2026-base-15-g257422b
n-puzzle;heavy-cost;27/9000;9000;2 8 5 6 3 1 4 0 7;0 1 2 3 4 5 6 7 8;59;31;101;1421;206;0;120;0.106556;13335.7;BELA*;                        ? Unchecked;ijcai-2026-base-15-g257422b
n-puzzle;heavy-cost;28/9000;9000;5 0 7 4 2 3 1 6 8;0 1 2 3 4 5 6 7 8;59;27;87;544;193;0;120;0.093604;5811.72;BELA*;                        ? Unchecked;ijcai-2026-base-15-g257422b
n-puzzle;heavy-cost;29/9000;9000;3 2 4 7 6 8 5 1 0;0 1 2 3 4 5 6 7 8;64;32;98;912;181;0;120;0.109569;8323.52;BELA*;                        ? Unchecked;ijcai-2026-base-15-g257422b
n-puzzle;heavy-cost;30/9000;9000;1 3 2 0 8 6 4 7 5;0 1 2 3 4 5 6 7 8;54;31;100;802;222;0;120;0.108863;7367.06;BELA*;                        ? Unchecked;ijcai-2026-base-15-g257422b
n-puzzle;heavy-cost;31/9000;9000;8 2 5 3 7 6 4 0 1;0 1 2 3 4 5 6 7 8;75;33;121;4114;380;0;120;0.118573;34695.9;BELA*;                        ? Unchecked;ijcai-2026-base-15-g257422b
n-puzzle;heavy-cost;32/9000;9000;2 4 0 7 5 1 8 6 3;0 1 2 3 4 5 6 7 8;60;34;106;1100;167;0;120;0.122766;8960.14;BELA*;                        ? Unchecked;ijcai-2026-base-15-g257422b
n-puzzle;heavy-cost;33/9000;9000;0 1 5 2 6 8 7 3 4;0 1 2 3 4 5 6 7 8;52;28;88;576;225;0;120;0.108711;5298.45;BELA*;                        ? Unchecked;ijcai-2026-base-15-g257422b
n-puzzle;heavy-cost;34/9000;9000;7 1 5 2 8 6 3 4 0;0 1 2 3 4 5 6 7 8;73;24;95;442;274;0;120;0.095151;4645.25;BELA*;                        ? Unchecked;ijcai-2026-base-15-g257422b
n-puzzle;heavy-cost;35/9000;9000;6 3 1 2 8 7 0 4 5;0 1 2 3 4 5 6 7 8;64;34;116;3277;408;0;120;0.120796;27128.4;BELA*;                        ? Unchecked;ijcai-2026-base-15-g257422b
n-puzzle;heavy-cost;36/9000;9000;0 3 5 4 8 6 7 2 1;0 1 2 3 4 5 6 7 8;65;28;103;834;148;0;120;0.112029;7444.5;BELA*;                        ? Unchecked;ijcai-2026-base-15-g257422b
n-puzzle;heavy-cost;37/9000;9000;8 1 4 0 3 2 5 6 7;0 1 2 3 4 5 6 7 8;73;35;109;2279;237;0;120;0.123348;18476.2;BELA*;                        ? Unchecked;ijcai-2026-base-15-g257422b
n-puzzle;heavy-cost;38/9000;9000;7 4 1 6 2 8 3 5 0;0 1 2 3 4 5 6 7 8;57;34;115;4969;321;0;120;0.12536;39637.8;BELA*;                        ? Unchecked;ijcai-2026-base-15-g257422b
n-puzzle;heavy-cost;39/9000;9000;4 6 8 0 5 1 3 2 7;0 1 2 3 4 5 6 7 8;65;37;107;2123;282;0;120;0.127663;16629.7;BELA*;                        ? Unchecked;ijcai-2026-base-15-g257422b
n-puzzle;heavy-cost;40/9000;9000;4 2 8 6 0 1 3 5 7;0 1 2 3 4 5 6 7 8;54;32;94;1054;221;0;120;0.124049;8496.64;BELA*;                        ? Unchecked;ijcai-2026-base-15-g257422b
n-puzzle;heavy-cost;41/9000;9000;3 7 8 4 5 2 6 1 0;0 1 2 3 4 5 6 7 8;46;34;106;1866;215;0;120;0.115223;16194.7;BELA*;                        ? Unchecked;ijcai-2026-base-15-g257422b
n-puzzle;heavy-cost;42/9000;9000;7 5 6 1 0 3 2 8 4;0 1 2 3 4 5 6 7 8;87;36;107;879;207;0;120;0.118238;7434.16;BELA*;                        ? Unchecked;ijcai-2026-base-15-g257422b
n-puzzle;heavy-cost;43/9000;9000;1 6 4 8 5 3 7 2 0;0 1 2 3 4 5 6 7 8;75;32;113;2021;253;0;120;0.116501;17347.5;BELA*;                        ? Unchecked;ijcai-2026-base-15-g257422b
n-puzzle;heavy-cost;44/9000;9000;2 5 7 1 8 4 3 6 0;0 1 2 3 4 5 6 7 8;66;26;94;390;276;0;120;0.091183;4277.11;BELA*;                        ? Unchecked;ijcai-2026-base-15-g257422b
n-puzzle;heavy-cost;45/9000;9000;3 8 4 0 7 1 5 6 2;0 1 2 3 4 5 6 7 8;69;37;111;1471;289;0;120;0.121873;12069.9;BELA*;                        ? Unchecked;ijcai-2026-base-15-g257422b
n-puzzle;heavy-cost;46/9000;9000;3 0 5 4 2 1 7 8 6;0 1 2 3 4 5 6 7 8;45;29;89;845;202;0;120;0.101819;8299.04;BELA*;                        ? Unchecked;ijcai-2026-base-15-g257422b
n-puzzle;heavy-cost;47/9000;9000;4 5 3 1 7 0 8 2 6;0 1 2 3 4 5 6 7 8;70;35;110;1647;213;0;120;0.104311;15789.3;BELA*;                        ? Unchecked;ijcai-2026-base-15-g257422b
n-puzzle;heavy-cost;48/9000;9000;1 8 4 2 3 5 6 0 7;0 1 2 3 4 5 6 7 8;49;29;91;708;205;0;120;0.103034;6871.52;BELA*;                        ? Unchecked;ijcai-2026-base-15-g257422b
n-puzzle;heavy-cost;49/9000;9000;4 8 1 0 6 7 3 2 5;0 1 2 3 4 5 6 7 8;73;37;115;2795;277;0;120;0.112901;24756.2;BELA*;                        ? Unchecked;ijcai-2026-base-15-g257422b
n-puzzle;heavy-cost;50/9000;9000;8 5 3 4 6 1 7 2 0;0 1 2 3 4 5 6 7 8;82;32;118;2885;207;0;120;0.125956;22904.8;BELA*;                        ? Unchecked;ijcai-2026-base-15-g257422b
n-puzzle;heavy-cost;51/9000;9000;4 3 7 1 5 2 6 0 8;0 1 2 3 4 5 6 7 8;44;33;88;839;252;0;120;0.090938;9226.07;BELA*;                        ? Unchecked;ijcai-2026-base-15-g257422b
n-puzzle;heavy-cost;52/9000;9000;7 4 1 2 3 0 5 8 6;0 1 2 3 4 5 6 7 8;70;37;130;12963;566;0;120;0.172717;75053.4;BELA*;                        ? Unchecked;ijcai-2026-base-15-g257422b
n-puzzle;heavy-cost;53/9000;9000;7 5 6 8 2 1 0 4 3;0 1 2 3 4 5 6 7 8;98;38;126;5089;293;0;120;0.154258;32990.2;BELA*;                        ? Unchecked;ijcai-2026-base-15-g257422b
n-puzzle;heavy-cost;54/9000;9000;2 8 5 0 7 6 1 4 3;0 1 2 3 4 5 6 7 8;74;29;112;1310;167;0;120;0.127311;10289.8;BELA*;                        ? Unchecked;ijcai-2026-base-15-g257422b
n-puzzle;heavy-cost;55/9000;9000;3 5 2 4 1 6 8 0 7;0 1 2 3 4 5 6 7 8;59;33;113;3996;241;0;120;0.127156;31426;BELA*;                        ? Unchecked;ijcai-2026-base-15-g257422b
n-puzzle;heavy-cost;56/9000;9000;8 6 1 5 4 3 0 2 7;0 1 2 3 4 5 6 7 8;80;34;128;4741;300;0;120;0.139129;34076.3;BELA*;                        ? Unchecked;ijcai-2026-base-15-g257422b
n-puzzle;heavy-cost;57/9000;9000;4 6 5 7 3 2 1 0 8;0 1 2 3 4 5 6 7 8;53;33;105;3206;449;0;120;0.120944;26508.1;BELA*;                        ? Unchecked;ijcai-2026-base-15-g257422b
n-puzzle;heavy-cost;58/9000;9000;3 7 4 2 8 6 5 0 1;0 1 2 3 4 5 6 7 8;83;33;113;1569;168;0;120;0.126665;12387;BELA*;                        ? Unchecked;ijcai-2026-base-15-g257422b
n-puzzle;heavy-cost;59/9000;9000;8 7 4 5 6 2 3 0 1;0 1 2 3 4 5 6 7 8;84;35;138;14400;588;0;120;0.16455;87511.4;BELA*;                        ? Unchecked;ijcai-2026-base-15-g257422b
n-puzzle;heavy-cost;60/9000;9000;6 1 5 3 4 0 8 2 7;0 1 2 3 4 5 6 7 8;46;33;110;4092;292;0;120;0.115775;35344.4;BELA*;                        ? Unchecked;ijcai-2026-base-15-g257422b
n-puzzle;heavy-cost;61/9000;9000;4 5 2 8 0 3 1 6 7;0 1 2 3 4 5 6 7 8;64;32;108;2378;490;0;120;0.117462;20244.8;BELA*;                        ? Unchecked;ijcai-2026-base-15-g257422b
n-puzzle;heavy-cost;62/9000;9000;8 5 4 6 1 2 7 3 0;0 1 2 3 4 5 6 7 8;72;30;126;11189;526;0;120;0.158152;70748.4;BELA*;                        ? Unchecked;ijcai-2026-base-15-g257422b
n-puzzle;heavy-cost;63/9000;9000;0 5 8 2 6 7 4 3 1;0 1 2 3 4 5 6 7 8;75;34;97;614;245;0;120;0.117924;5206.74;BELA*;                        ? Unchecked;ijcai-2026-base-15-g257422b
n-puzzle;heavy-cost;64/9000;9000;5 0 1 8 7 3 4 6 2;0 1 2 3 4 5 6 7 8;71;31;113;1138;147;0;120;0.110961;10255.9;BELA*;                        ? Unchecked;ijcai-2026-base-15-g257422b
n-puzzle;heavy-cost;65/9000;9000;7 6 1 3 4 8 0 5 2;0 1 2 3 4 5 6 7 8;62;32;116;2871;429;0;120;0.127996;22430.4;BELA*;                        ? Unchecked;ijcai-2026-base-15-g257422b
n-puzzle;heavy-cost;66/9000;9000;8 0 7 3 6 5 1 2 4;0 1 2 3 4 5 6 7 8;82;35;126;4696;313;0;120;0.140932;33321;BELA*;                        ? Unchecked;ijcai-2026-base-15-g257422b
n-puzzle;heavy-cost;67/9000;9000;7 2 8 6 5 1 4 0 3;0 1 2 3 4 5 6 7 8;69;33;115;4149;187;0;120;0.12741;32564.2;BELA*;                        ? Unchecked;ijcai-2026-base-15-g257422b
n-puzzle;heavy-cost;68/9000;9000;5 0 3 4 1 8 2 7 6;0 1 2 3 4 5 6 7 8;57;33;103;1561;283;0;120;0.120699;12933;BELA*;                        ? Unchecked;ijcai-2026-base-15-g257422b
n-puzzle;heavy-cost;69/9000;9000;7 8 4 6 3 5 2 1 0;0 1 2 3 4 5 6 7 8;72;34;118;4165;297;0;120;0.146525;28425.2;BELA*;                        ? Unchecked;ijcai-2026-base-15-g257422b
n-puzzle;heavy-cost;70/9000;9000;7 0 3 2 8 1 5 4 6;0 1 2 3 4 5 6 7 8;85;31;109;805;240;0;120;0.116586;6904.77;BELA*;                        ? Unchecked;ijcai-2026-base-15-g257422b
n-puzzle;heavy-cost;71/9000;9000;1 0 7 3 4 8 2 5 6;0 1 2 3 4 5 6 7 8;60;33;106;1752;328;0;120;0.119106;14709.6;BELA*;                        ? Unchecked;ijcai-2026-base-15-g257422b
n-puzzle;heavy-cost;72/9000;9000;8 0 7 4 3 6 5 2 1;0 1 2 3 4 5 6 7 8;102;33;128;3909;450;0;120;0.133146;29358.7;BELA*;                        ? Unchecked;ijcai-2026-base-15-g257422b
n-puzzle;heavy-cost;73/9000;9000;3 7 8 5 1 2 0 6 4;0 1 2 3 4 5 6 7 8;60;32;126;9865;570;0;125;0.161116;61229.2;BELA*;                        ? Unchecked;ijcai-2026-base-15-g257422b
n-puzzle;heavy-cost;74/9000;9000;1 6 2 0 7 8 4 5 3;0 1 2 3 4 5 6 7 8;61;25;99;598;222;0;125;0.101569;5887.62;BELA*;                        ? Unchecked;ijcai-2026-base-15-g257422b
n-puzzle;heavy-cost;75/9000;9000;6 1 2 3 0 8 4 5 7;0 1 2 3 4 5 6 7 8;45;28;93;1049;254;0;125;0.116238;9024.59;BELA*;                        ? Unchecked;ijcai-2026-base-15-g257422b
n-puzzle;heavy-cost;76/9000;9000;1 0 7 5 6 4 3 2 8;0 1 2 3 4 5 6 7 8;57;39;105;1897;168;0;125;0.127932;14828.2;BELA*;                        ? Unchecked;ijcai-2026-base-15-g257422b
n-puzzle;heavy-cost;77/9000;9000;2 7 6 1 4 0 5 3 8;0 1 2 3 4 5 6 7 8;65;37;119;5390;295;0;125;0.144259;37363.4;BELA*;                        ? Unchecked;ijcai-2026-base-15-g257422b
n-puzzle;heavy-cost;78/9000;9000;2 3 8 4 0 6 1 5 7;0 1 2 3 4 5 6 7 8;68;30;106;2193;348;0;125;0.131644;16658.6;BELA*;                        ? Unchecked;ijcai-2026-base-15-g257422b
n-puzzle;heavy-cost;79/9000;9000;0 5 4 6 1 7 8 2 3;0 1 2 3 4 5 6 7 8;70;32;102;905;188;0;125;0.122564;7383.9;BELA*;                        ? Unchecked;ijcai-2026-base-15-g257422b
n-puzzle;heavy-cost;80/9000;9000;5 3 4 7 0 1 8 6 2;0 1 2 3 4 5 6 7 8;71;28;97;531;151;0;125;0.106448;4988.35;BELA*;                        ? Unchecked;ijcai-2026-base-15-g257422b
n-puzzle;heavy-cost;81/9000;9000;1 7 5 6 8 3 4 2 0;0 1 2 3 4 5 6 7 8;62;34;116;3775;474;0;125;0.13214;28568.2;BELA*;                        ? Unchecked;ijcai-2026-base-15-g257422b
n-puzzle;heavy-cost;82/9000;9000;3 1 4 0 5 8 2 7 6;0 1 2 3 4 5 6 7 8;44;31;94;811;191;0;125;0.103985;7799.2;BELA*;                        ? Unchecked;ijcai-2026-base-15-g257422b
n-puzzle;heavy-cost;83/9000;9000;4 2 3 0 5 1 8 6 7;0 1 2 3 4 5 6 7 8;55;35;101;1318;200;0;125;0.107082;12308.3;BELA*;                        ? Unchecked;ijcai-2026-base-15-g257422b
n-puzzle;heavy-cost;84/9000;9000;4 7 3 1 6 5 8 0 2;0 1 2 3 4 5 6 7 8;65;33;117;3575;371;0;125;0.132857;26908.6;BELA*;                        ? Unchecked;ijcai-2026-base-15-g257422b
n-puzzle;heavy-cost;85/9000;9000;3 6 0 1 5 8 4 2 7;0 1 2 3 4 5 6 7 8;57;34;119;5788;302;0;125;0.133833;43247.9;BELA*;                        ? Unchecked;ijcai-2026-base-15-g257422b
n-puzzle;heavy-cost;86/9000;9000;8 6 2 7 5 1 3 0 4;0 1 2 3 4 5 6 7 8;82;37;134;12751;544;0;125;0.16036;79514.8;BELA*;                        ? Unchecked;ijcai-2026-base-15-g257422b
n-puzzle;heavy-cost;87/9000;9000;3 2 5 7 6 0 8 1 4;0 1 2 3 4 5 6 7 8;62;31;88;351;193;0;125;0.098284;3571.28;BELA*;                        ? Unchecked;ijcai-2026-base-15-g257422b
n-puzzle;heavy-cost;88/9000;9000;1 3 2 4 0 5 8 7 6;0 1 2 3 4 5 6 7 8;39;32;119;7153;493;0;125;0.130632;54756.9;BELA*;                        ? Unchecked;ijcai-2026-base-15-g257422b
n-puzzle;heavy-cost;89/9000;9000;0 8 4 3 2 1 6 5 7;0 1 2 3 4 5 6 7 8;55;32;91;549;239;0;125;0.111344;4930.67;BELA*;                        ? Unchecked;ijcai-2026-base-15-g257422b
n-puzzle;heavy-cost;90/9000;9000;0 6 1 5 7 8 4 2 3;0 1 2 3 4 5 6 7 8;67;34;111;1413;209;0;125;0.114965;12290.7;BELA*;                        ? Unchecked;ijcai-2026-base-15-g257422b
n-puzzle;heavy-cost;91/9000;9000;2 1 6 4 5 8 3 0 7;0 1 2 3 4 5 6 7 8;55;31;111;3523;253;0;125;0.12682;27779.5;BELA*;                        ? Unchecked;ijcai-2026-base-15-g257422b
n-puzzle;heavy-cost;92/9000;9000;3 7 4 6 1 5 8 0 2;0 1 2 3 4 5 6 7 8;52;29;102;1908;322;0;125;0.123796;15412.5;BELA*;                        ? Unchecked;ijcai-2026-base-15-g257422b
n-puzzle;heavy-cost;93/9000;9000;7 6 1 3 5 8 2 4 0;0 1 2 3 4 5 6 7 8;65;36;111;1923;341;0;125;0.126883;15155.7;BELA*;                        ? Unchecked;ijcai-2026-base-15-g257422b
n-puzzle;heavy-cost;94/9000;9000;4 7 8 1 0 3 6 2 5;0 1 2 3 4 5 6 7 8;57;30;115;5641;328;0;125;0.117724;47917.2;BELA*;                        ? Unchecked;ijcai-2026-base-15-g257422b
n-puzzle;heavy-cost;95/9000;9000;0 5 8 2 7 4 1 6 3;0 1 2 3 4 5 6 7 8;61;28;99;627;217;0;125;0.1097;5715.59;BELA*;                        ? Unchecked;ijcai-2026-base-15-g257422b
n-puzzle;heavy-cost;96/9000;9000;5 2 3 8 7 0 1 6 4;0 1 2 3 4 5 6 7 8;74;33;114;1639;215;0;125;0.116177;14107.8;BELA*;                        ? Unchecked;ijcai-2026-base-15-g257422b
n-puzzle;heavy-cost;97/9000;9000;8 3 0 4 7 2 6 1 5;0 1 2 3 4 5 6 7 8;58;32;108;1615;315;0;125;0.106426;15174.9;BELA*;                        ? Unchecked;ijcai-2026-base-15-g257422b
n-puzzle;heavy-cost;98/9000;9000;5 8 6 0 7 4 1 3 2;0 1 2 3 4 5 6 7 8;87;37;127;4303;413;0;125;0.135519;31752;BELA*;                        ? Unchecked;ijcai-2026-base-15-g257422b
n-puzzle;heavy-cost;99/9000;9000;7 5 0 6 3 2 1 8 4;0 1 2 3 4 5 6 7 8;61;36;105;1851;186;0;125;0.132484;13971.5;BELA*;                        ? Unchecked;ijcai-2026-base-15-g257422b
n-puzzle;heavy-cost;0/10000;10000;5 6 0 8 4 7 1 3 2;0 1 2 3 4 5 6 7 8;84;30;128;3373;237;0;125;0.143394;23522.6;BELA*;                        ? Unchecked;ijcai-2026-base-15-g257422b
n-puzzle;heavy-cost;1/10000;10000;0 8 6 4 7 1 5 3 2;0 1 2 3 4 5 6 7 8;86;32;126;2862;334;0;125;0.154302;18548;BELA*;                        ? Unchecked;ijcai-2026-base-15-g257422b
n-puzzle;heavy-cost;2/10000;10000;5 2 8 0 7 4 1 3 6;0 1 2 3 4 5 6 7 8;65;33;107;1720;229;0;125;0.135822;12663.6;BELA*;                        ? Unchecked;ijcai-2026-base-15-g257422b
n-puzzle;heavy-cost;3/10000;10000;7 2 6 0 8 1 5 4 3;0 1 2 3 4 5 6 7 8;93;39;125;3343;282;0;125;0.157584;21214.1;BELA*;                        ? Unchecked;ijcai-2026-base-15-g257422b
n-puzzle;heavy-cost;4/10000;10000;5 1 8 6 0 7 2 4 3;0 1 2 3 4 5 6 7 8;72;34;106;1808;428;0;125;0.137587;13140.8;BELA*;                        ? Unchecked;ijcai-2026-base-15-g257422b
n-puzzle;heavy-cost;5/10000;10000;8 0 3 6 4 5 7 2 1;0 1 2 3 4 5 6 7 8;63;35;119;5653;334;0;125;0.150412;37583.4;BELA*;                        ? Unchecked;ijcai-2026-base-15-g257422b
n-puzzle;heavy-cost;6/10000;10000;4 2 7 1 5 8 0 6 3;0 1 2 3 4 5 6 7 8;61;26;103;1570;288;0;125;0.115316;13614.8;BELA*;                        ? Unchecked;ijcai-2026-base-15-g257422b
n-puzzle;heavy-cost;7/10000;10000;4 1 7 3 2 5 6 0 8;0 1 2 3 4 5 6 7 8;33;29;91;1514;259;0;125;0.122772;12331.8;BELA*;                        ? Unchecked;ijcai-2026-base-15-g257422b
n-puzzle;heavy-cost;8/10000;10000;8 4 0 5 1 6 2 7 3;0 1 2 3 4 5 6 7 8;82;32;138;13538;743;0;125;0.19852;68194.6;BELA*;                        ? Unchecked;ijcai-2026-base-15-g257422b
n-puzzle;heavy-cost;9/10000;10000;1 3 0 7 6 2 5 8 4;0 1 2 3 4 5 6 7 8;66;30;106;1624;315;0;125;0.119655;13572.4;BELA*;                        ? Unchecked;ijcai-2026-base-15-g257422b
n-puzzle;heavy-cost;10/10000;10000;7 0 4 6 8 5 3 1 2;0 1 2 3 4 5 6 7 8;60;37;122;6194;235;0;126;0.169022;36646.1;BELA*;                        ? Unchecked;ijcai-2026-base-15-g257422b
n-puzzle;heavy-cost;11/10000;10000;6 1 7 5 8 2 4 3 0;0 1 2 3 4 5 6 7 8;75;36;129;10019;363;0;126;0.163737;61189.6;BELA*;                        ? Unchecked;ijcai-2026-base-15-g257422b
n-puzzle;heavy-cost;12/10000;10000;7 5 2 1 6 3 8 0 4;0 1 2 3 4 5 6 7 8;75;35;117;3823;298;0;126;0.155781;24540.9;BELA*;                        ? Unchecked;ijcai-2026-base-15-g257422b
n-puzzle;heavy-cost;13/10000;10000;6 2 4 0 8 7 5 3 1;0 1 2 3 4 5 6 7 8;76;35;114;2322;211;0;126;0.149756;15505.2;BELA*;                        ? Unchecked;ijcai-2026-base-15-g257422b
n-puzzle;heavy-cost;14/10000;10000;0 1 6 2 5 7 4 8 3;0 1 2 3 4 5 6 7 8;74;40;124;5827;216;0;126;0.15467;37673.8;BELA*;                        ? Unchecked;ijcai-2026-base-15-g257422b
n-puzzle;heavy-cost;15/10000;10000;4 0 3 6 1 2 8 5 7;0 1 2 3 4 5 6 7 8;59;27;87;531;186;0;126;0.099614;5330.58;BELA*;                        ? Unchecked;ijcai-2026-base-15-g257422b
n-puzzle;heavy-cost;16/10000;10000;1 5 8 7 6 4 0 3 2;0 1 2 3 4 5 6 7 8;67;36;107;1564;444;0;126;0.123545;12659.4;BELA*;                        ? Unchecked;ijcai-2026-base-15-g257422b
n-puzzle;heavy-cost;17/10000;10000;2 7 0 8 4 6 3 5 1;0 1 2 3 4 5 6 7 8;76;36;126;2624;199;0;126;0.143151;18330.3;BELA*;                        ? Unchecked;ijcai-2026-base-15-g257422b
n-puzzle;heavy-cost;18/10000;10000;7 4 8 1 5 6 0 2 3;0 1 2 3 4 5 6 7 8;81;36;115;2911;311;0;126;0.14905;19530.4;BELA*;                        ? Unchecked;ijcai-2026-base-15-g257422b
n-puzzle;heavy-cost;19/10000;10000;2 3 0 1 4 7 5 6 8;0 1 2 3 4 5 6 7 8;47;34;95;1280;276;0;126;0.130083;9839.87;BELA*;                        ? Unchecked;ijcai-2026-base-15-g257422b
n-puzzle;heavy-cost;20/10000;10000;2 1 4 5 0 6 8 3 7;0 1 2 3 4 5 6 7 8;69;36;123;8610;314;0;126;0.171513;50200.3;BELA*;                        ? Unchecked;ijcai-2026-base-15-g257422b
n-puzzle;heavy-cost;21/10000;10000;8 7 6 2 5 4 1 0 3;0 1 2 3 4 5 6 7 8;97;35;141;11726;552;0;126;0.167652;69942.5;BELA*;                        ? Unchecked;ijcai-2026-base-15-g257422b
n-puzzle;heavy-cost;22/10000;10000;2 7 3 1 6 5 4 0 8;0 1 2 3 4 5 6 7 8;49;31;87;550;243;0;126;0.127288;4320.91;BELA*;                        ? Unchecked;ijcai-2026-base-15-g257422b
n-puzzle;heavy-cost;23/10000;10000;3 0 4 6 2 1 8 5 7;0 1 2 3 4 5 6 7 8;56;27;92;949;191;0;126;0.111507;8510.68;BELA*;                        ? Unchecked;ijcai-2026-base-15-g257422b
n-puzzle;heavy-cost;24/10000;10000;5 3 2 4 8 6 0 1 7;0 1 2 3 4 5 6 7 8;68;36;114;2462;159;0;126;0.11576;21268.1;BELA*;                        ? Unchecked;ijcai-2026-base-15-g257422b
n-puzzle;heavy-cost;25/10000;10000;1 3 5 2 4 6 8 7 0;0 1 2 3 4 5 6 7 8;52;32;124;8339;362;0;126;0.163471;51012.1;BELA*;                        ? Unchecked;ijcai-2026-base-15-g257422b
n-puzzle;heavy-cost;26/10000;10000;8 5 1 4 2 7 6 0 3;0 1 2 3 4 5 6 7 8;74;35;112;2197;215;0;126;0.14375;15283.5;BELA*;                        ? Unchecked;ijcai-2026-base-15-g257422b
n-puzzle;heavy-cost;27/10000;10000;2 8 5 6 3 1 4 0 7;0 1 2 3 4 5 6 7 8;59;35;101;1421;207;0;126;0.120441;11798.3;BELA*;                        ? Unchecked;ijcai-2026-base-15-g257422b
n-puzzle;heavy-cost;28/10000;10000;5 0 7 4 2 3 1 6 8;0 1 2 3 4 5 6 7 8;59;29;89;680;231;0;126;0.104654;6497.6;BELA*;                        ? Unchecked;ijcai-2026-base-15-g257422b
n-puzzle;heavy-cost;29/10000;10000;3 2 4 7 6 8 5 1 0;0 1 2 3 4 5 6 7 8;64;28;98;912;195;0;126;0.120425;7573.18;BELA*;                        ? Unchecked;ijcai-2026-base-15-g257422b
n-puzzle;heavy-cost;30/10000;10000;1 3 2 0 8 6 4 7 5;0 1 2 3 4 5 6 7 8;54;27;100;802;239;0;126;0.120776;6640.39;BELA*;                        ? Unchecked;ijcai-2026-base-15-g257422b
n-puzzle;heavy-cost;31/10000;10000;8 2 5 3 7 6 4 0 1;0 1 2 3 4 5 6 7 8;75;33;121;4114;386;0;126;0.130603;31500;BELA*;                        ? Unchecked;ijcai-2026-base-15-g257422b
n-puzzle;heavy-cost;32/10000;10000;2 4 0 7 5 1 8 6 3;0 1 2 3 4 5 6 7 8;60;28;106;1100;167;0;126;0.133837;8218.95;BELA*;                        ? Unchecked;ijcai-2026-base-15-g257422b
n-puzzle;heavy-cost;33/10000;10000;0 1 5 2 6 8 7 3 4;0 1 2 3 4 5 6 7 8;52;30;88;576;226;0;126;0.121321;4747.74;BELA*;                        ? Unchecked;ijcai-2026-base-15-g257422b
n-puzzle;heavy-cost;34/10000;10000;7 1 5 2 8 6 3 4 0;0 1 2 3 4 5 6 7 8;73;24;95;442;293;0;126;0.107531;4110.44;BELA*;                        ? Unchecked;ijcai-2026-base-15-g257422b
n-puzzle;heavy-cost;35/10000;10000;6 3 1 2 8 7 0 4 5;0 1 2 3 4 5 6 7 8;64;30;116;3277;415;0;126;0.135204;24237.4;BELA*;                        ? Unchecked;ijcai-2026-base-15-g257422b
n-puzzle;heavy-cost;36/10000;10000;0 3 5 4 8 6 7 2 1;0 1 2 3 4 5 6 7 8;65;32;105;1049;188;0;126;0.12544;8362.56;BELA*;                        ? Unchecked;ijcai-2026-base-15-g257422b
n-puzzle;heavy-cost;37/10000;10000;8 1 4 0 3 2 5 6 7;0 1 2 3 4 5 6 7 8;73;35;109;2279;245;0;126;0.13695;16641.1;BELA*;                        ? Unchecked;ijcai-2026-base-15-g257422b
n-puzzle;heavy-cost;38/10000;10000;7 4 1 6 2 8 3 5 0;0 1 2 3 4 5 6 7 8;57;34;115;4969;321;0;126;0.135647;36631.8;BELA*;                        ? Unchecked;ijcai-2026-base-15-g257422b
n-puzzle;heavy-cost;39/10000;10000;4 6 8 0 5 1 3 2 7;0 1 2 3 4 5 6 7 8;65;33;107;2123;282;0;126;0.139887;15176.5;BELA*;                        ? Unchecked;ijcai-2026-base-15-g257422b
n-puzzle;heavy-cost;40/10000;10000;4 2 8 6 0 1 3 5 7;0 1 2 3 4 5 6 7 8;54;32;94;1054;241;0;126;0.123666;8522.96;BELA*;                        ? Unchecked;ijcai-2026-base-15-g257422b
n-puzzle;heavy-cost;41/10000;10000;3 7 8 4 5 2 6 1 0;0 1 2 3 4 5 6 7 8;46;30;106;1866;215;0;126;0.124651;14969.8;BELA*;                        ? Unchecked;ijcai-2026-base-15-g257422b
n-puzzle;heavy-cost;42/10000;10000;7 5 6 1 0 3 2 8 4;0 1 2 3 4 5 6 7 8;87;34;107;879;207;0;126;0.129913;6766.07;BELA*;                        ? Unchecked;ijcai-2026-base-15-g257422b
n-puzzle;heavy-cost;43/10000;10000;1 6 4 8 5 3 7 2 0;0 1 2 3 4 5 6 7 8;75;30;113;2021;282;0;126;0.132522;15250.3;BELA*;                        ? Unchecked;ijcai-2026-base-15-g257422b
n-puzzle;heavy-cost;44/10000;10000;2 5 7 1 8 4 3 6 0;0 1 2 3 4 5 6 7 8;66;26;94;390;295;0;126;0.1093;3568.16;BELA*;                        ? Unchecked;ijcai-2026-base-15-g257422b
n-puzzle;heavy-cost;45/10000;10000;3 8 4 0 7 1 5 6 2;0 1 2 3 4 5 6 7 8;69;27;111;1471;293;0;126;0.145723;10094.5;BELA*;                        ? Unchecked;ijcai-2026-base-15-g257422b
n-puzzle;heavy-cost;46/10000;10000;3 0 5 4 2 1 7 8 6;0 1 2 3 4 5 6 7 8;45;33;89;845;202;0;126;0.111705;7564.57;BELA*;                        ? Unchecked;ijcai-2026-base-15-g257422b
n-puzzle;heavy-cost;47/10000;10000;4 5 3 1 7 0 8 2 6;0 1 2 3 4 5 6 7 8;70;33;110;1647;214;0;126;0.116106;14185.3;BELA*;                        ? Unchecked;ijcai-2026-base-15-g257422b
n-puzzle;heavy-cost;48/10000;10000;1 8 4 2 3 5 6 0 7;0 1 2 3 4 5 6 7 8;49;31;91;708;206;0;126;0.121222;5840.52;BELA*;                        ? Unchecked;ijcai-2026-base-15-g257422b
n-puzzle;heavy-cost;49/10000;10000;4 8 1 0 6 7 3 2 5;0 1 2 3 4 5 6 7 8;73;35;115;2795;292;0;126;0.126759;22049.7;BELA*;                        ? Unchecked;ijcai-2026-base-15-g257422b
n-puzzle;heavy-cost;50/10000;10000;8 5 3 4 6 1 7 2 0;0 1 2 3 4 5 6 7 8;82;36;120;3723;253;0;126;0.141869;26242.5;BELA*;                        ? Unchecked;ijcai-2026-base-15-g257422b
n-puzzle;heavy-cost;51/10000;10000;4 3 7 1 5 2 6 0 8;0 1 2 3 4 5 6 7 8;44;27;88;839;253;0;126;0.108321;7745.5;BELA*;                        ? Unchecked;ijcai-2026-base-15-g257422b
n-puzzle;heavy-cost;52/10000;10000;7 4 1 2 3 0 5 8 6;0 1 2 3 4 5 6 7 8;70;35;130;12963;582;0;126;0.185041;70054.7;BELA*;                        ? Unchecked;ijcai-2026-base-15-g257422b
n-puzzle;heavy-cost;53/10000;10000;7 5 6 8 2 1 0 4 3;0 1 2 3 4 5 6 7 8;98;36;126;5089;294;0;126;0.158983;32009.7;BELA*;                        ? Unchecked;ijcai-2026-base-15-g257422b
n-puzzle;heavy-cost;54/10000;10000;2 8 5 0 7 6 1 4 3;0 1 2 3 4 5 6 7 8;74;33;112;1310;168;0;126;0.141537;9255.53;BELA*;                        ? Unchecked;ijcai-2026-base-15-g257422b
n-puzzle;heavy-cost;55/10000;10000;3 5 2 4 1 6 8 0 7;0 1 2 3 4 5 6 7 8;59;37;113;3996;241;0;126;0.137352;29093.1;BELA*;                        ? Unchecked;ijcai-2026-base-15-g257422b
n-puzzle;heavy-cost;56/10000;10000;8 6 1 5 4 3 0 2 7;0 1 2 3 4 5 6 7 8;80;36;128;4741;308;0;126;0.151824;31226.9;BELA*;                        ? Unchecked;ijcai-2026-base-15-g257422b
n-puzzle;heavy-cost;57/10000;10000;4 6 5 7 3 2 1 0 8;0 1 2 3 4 5 6 7 8;53;37;105;3206;468;0;126;0.134928;23760.8;BELA*;                        ? Unchecked;ijcai-2026-base-15-g257422b
n-puzzle;heavy-cost;58/10000;10000;3 7 4 2 8 6 5 0 1;0 1 2 3 4 5 6 7 8;83;33;113;1569;191;0;126;0.144617;10849.3;BELA*;                        ? Unchecked;ijcai-2026-base-15-g257422b
n-puzzle;heavy-cost;59/10000;10000;8 7 4 5 6 2 3 0 1;0 1 2 3 4 5 6 7 8;84;37;138;14400;626;0;126;0.179127;80389.9;BELA*;                        ? Unchecked;ijcai-2026-base-15-g257422b
n-puzzle;heavy-cost;60/10000;10000;6 1 5 3 4 0 8 2 7;0 1 2 3 4 5 6 7 8;46;31;110;4092;292;0;126;0.125661;32563.8;BELA*;                        ? Unchecked;ijcai-2026-base-15-g257422b
n-puzzle;heavy-cost;61/10000;10000;4 5 2 8 0 3 1 6 7;0 1 2 3 4 5 6 7 8;64;32;108;2378;493;0;126;0.131942;18023.1;BELA*;                        ? Unchecked;ijcai-2026-base-15-g257422b
n-puzzle;heavy-cost;62/10000;10000;8 5 4 6 1 2 7 3 0;0 1 2 3 4 5 6 7 8;72;36;126;11189;542;0;126;0.17247;64875.1;BELA*;                        ? Unchecked;ijcai-2026-base-15-g257422b
n-puzzle;heavy-cost;63/10000;10000;0 5 8 2 6 7 4 3 1;0 1 2 3 4 5 6 7 8;75;30;97;614;270;0;126;0.130521;4704.22;BELA*;                        ? Unchecked;ijcai-2026-base-15-g257422b
n-puzzle;heavy-cost;64/10000;10000;5 0 1 8 7 3 4 6 2;0 1 2 3 4 5 6 7 8;71;33;113;1138;148;0;126;0.126429;9001.1;BELA*;                        ? Unchecked;ijcai-2026-base-15-g257422b
n-puzzle;heavy-cost;65/10000;10000;7 6 1 3 4 8 0 5 2;0 1 2 3 4 5 6 7 8;62;32;116;2871;435;0;126;0.13996;20513;BELA*;                        ? Unchecked;ijcai-2026-base-15-g257422b
n-puzzle;heavy-cost;66/10000;10000;8 0 7 3 6 5 1 2 4;0 1 2 3 4 5 6 7 8;82;37;126;4696;330;0;126;0.152283;30837.3;BELA*;                        ? Unchecked;ijcai-2026-base-15-g257422b
n-puzzle;heavy-cost;67/10000;10000;7 2 8 6 5 1 4 0 3;0 1 2 3 4 5 6 7 8;69;37;115;4149;187;0;126;0.138048;30054.8;BELA*;                        ? Unchecked;ijcai-2026-base-15-g257422b
n-puzzle;heavy-cost;68/10000;10000;5 0 3 4 1 8 2 7 6;0 1 2 3 4 5 6 7 8;57;35;103;1561;291;0;126;0.137067;11388.6;BELA*;                        ? Unchecked;ijcai-2026-base-15-g257422b
n-puzzle;heavy-cost;69/10000;10000;7 8 4 6 3 5 2 1 0;0 1 2 3 4 5 6 7 8;72;32;118;4165;297;0;126;0.159668;26085.4;BELA*;                        ? Unchecked;ijcai-2026-base-15-g257422b
n-puzzle;heavy-cost;70/10000;10000;7 0 3 2 8 1 5 4 6;0 1 2 3 4 5 6 7 8;85;31;109;805;240;0;126;0.126539;6361.68;BELA*;                        ? Unchecked;ijcai-2026-base-15-g257422b
n-puzzle;heavy-cost;71/10000;10000;1 0 7 3 4 8 2 5 6;0 1 2 3 4 5 6 7 8;60;31;106;1752;334;0;126;0.132499;13222.7;BELA*;                        ? Unchecked;ijcai-2026-base-15-g257422b
n-puzzle;heavy-cost;72/10000;10000;8 0 7 4 3 6 5 2 1;0 1 2 3 4 5 6 7 8;102;33;128;3909;454;0;126;0.146618;26661.1;BELA*;                        ? Unchecked;ijcai-2026-base-15-g257422b
n-puzzle;heavy-cost;73/10000;10000;3 7 8 5 1 2 0 6 4;0 1 2 3 4 5 6 7 8;60;36;126;9865;583;0;126;0.177433;55598.5;BELA*;                        ? Unchecked;ijcai-2026-base-15-g257422b
n-puzzle;heavy-cost;74/10000;10000;1 6 2 0 7 8 4 5 3;0 1 2 3 4 5 6 7 8;61;29;99;598;222;0;126;0.110926;5390.98;BELA*;                        ? Unchecked;ijcai-2026-base-15-g257422b
n-puzzle;heavy-cost;75/10000;10000;6 1 2 3 0 8 4 5 7;0 1 2 3 4 5 6 7 8;45;28;93;1049;272;0;126;0.127853;8204.74;BELA*;                        ? Unchecked;ijcai-2026-base-15-g257422b
n-puzzle;heavy-cost;76/10000;10000;1 0 7 5 6 4 3 2 8;0 1 2 3 4 5 6 7 8;57;39;105;1897;169;0;126;0.152223;12462;BELA*;                        ? Unchecked;ijcai-2026-base-15-g257422b
n-puzzle;heavy-cost;77/10000;10000;2 7 6 1 4 0 5 3 8;0 1 2 3 4 5 6 7 8;65;39;119;5390;295;0;126;0.152713;35295;BELA*;                        ? Unchecked;ijcai-2026-base-15-g257422b
n-puzzle;heavy-cost;78/10000;10000;2 3 8 4 0 6 1 5 7;0 1 2 3 4 5 6 7 8;68;28;106;2193;376;0;126;0.135919;16134.6;BELA*;                        ? Unchecked;ijcai-2026-base-15-g257422b
n-puzzle;heavy-cost;79/10000;10000;0 5 4 6 1 7 8 2 3;0 1 2 3 4 5 6 7 8;70;36;102;905;188;0;126;0.134892;6709.07;BELA*;                        ? Unchecked;ijcai-2026-base-15-g257422b
n-puzzle;heavy-cost;80/10000;10000;5 3 4 7 0 1 8 6 2;0 1 2 3 4 5 6 7 8;71;26;97;531;164;0;126;0.119395;4447.42;BELA*;                        ? Unchecked;ijcai-2026-base-15-g257422b
n-puzzle;heavy-cost;81/10000;10000;1 7 5 6 8 3 4 2 0;0 1 2 3 4 5 6 7 8;62;32;116;3775;476;0;126;0.146692;25734.2;BELA*;                        ? Unchecked;ijcai-2026-base-15-g257422b
n-puzzle;heavy-cost;82/10000;10000;3 1 4 0 5 8 2 7 6;0 1 2 3 4 5 6 7 8;44;35;94;811;192;0;126;0.123798;6550.99;BELA*;                        ? Unchecked;ijcai-2026-base-15-g257422b
n-puzzle;heavy-cost;83/10000;10000;4 2 3 0 5 1 8 6 7;0 1 2 3 4 5 6 7 8;55;29;101;1318;200;0;126;0.118173;11153.1;BELA*;                        ? Unchecked;ijcai-2026-base-15-g257422b
n-puzzle;heavy-cost;84/10000;10000;4 7 3 1 6 5 8 0 2;0 1 2 3 4 5 6 7 8;65;29;117;3575;407;0;126;0.148847;24018;BELA*;                        ? Unchecked;ijcai-2026-base-15-g257422b
n-puzzle;heavy-cost;85/10000;10000;3 6 0 1 5 8 4 2 7;0 1 2 3 4 5 6 7 8;57;38;119;5788;309;0;126;0.150393;38485.8;BELA*;                        ? Unchecked;ijcai-2026-base-15-g257422b
n-puzzle;heavy-cost;86/10000;10000;8 6 2 7 5 1 3 0 4;0 1 2 3 4 5 6 7 8;82;37;134;12751;553;0;126;0.175888;72495;BELA*;                        ? Unchecked;ijcai-2026-base-15-g257422b
n-puzzle;heavy-cost;87/10000;10000;3 2 5 7 6 0 8 1 4;0 1 2 3 4 5 6 7 8;62;29;88;351;203;0;126;0.110464;3177.51;BELA*;                        ? Unchecked;ijcai-2026-base-15-g257422b
n-puzzle;heavy-cost;88/10000;10000;1 3 2 4 0 5 8 7 6;0 1 2 3 4 5 6 7 8;39;34;119;7153;498;0;126;0.144795;49400.9;BELA*;                        ? Unchecked;ijcai-2026-base-15-g257422b
n-puzzle;heavy-cost;89/10000;10000;0 8 4 3 2 1 6 5 7;0 1 2 3 4 5 6 7 8;55;34;91;549;239;0;126;0.120863;4542.33;BELA*;                        ? Unchecked;ijcai-2026-base-15-g257422b
n-puzzle;heavy-cost;90/10000;10000;0 6 1 5 7 8 4 2 3;0 1 2 3 4 5 6 7 8;67;28;111;1413;225;0;126;0.127972;11041.5;BELA*;                        ? Unchecked;ijcai-2026-base-15-g257422b
n-puzzle;heavy-cost;91/10000;10000;2 1 6 4 5 8 3 0 7;0 1 2 3 4 5 6 7 8;55;37;111;3523;254;0;126;0.132727;26543.2;BELA*;                        ? Unchecked;ijcai-2026-base-15-g257422b
n-puzzle;heavy-cost;92/10000;10000;3 7 4 6 1 5 8 0 2;0 1 2 3 4 5 6 7 8;52;29;102;1908;322;0;126;0.134739;14160.7;BELA*;                        ? Unchecked;ijcai-2026-base-15-g257422b
n-puzzle;heavy-cost;93/10000;10000;7 6 1 3 5 8 2 4 0;0 1 2 3 4 5 6 7 8;65;34;111;1923;342;0;126;0.139128;13821.8;BELA*;                        ? Unchecked;ijcai-2026-base-15-g257422b
n-puzzle;heavy-cost;94/10000;10000;4 7 8 1 0 3 6 2 5;0 1 2 3 4 5 6 7 8;57;32;115;5641;336;0;126;0.129416;43588.1;BELA*;                        ? Unchecked;ijcai-2026-base-15-g257422b
n-puzzle;heavy-cost;95/10000;10000;0 5 8 2 7 4 1 6 3;0 1 2 3 4 5 6 7 8;61;30;99;627;217;0;126;0.121324;5167.98;BELA*;                        ? Unchecked;ijcai-2026-base-15-g257422b
n-puzzle;heavy-cost;96/10000;10000;5 2 3 8 7 0 1 6 4;0 1 2 3 4 5 6 7 8;74;35;114;1639;215;0;126;0.127721;12832.7;BELA*;                        ? Unchecked;ijcai-2026-base-15-g257422b
n-puzzle;heavy-cost;97/10000;10000;8 3 0 4 7 2 6 1 5;0 1 2 3 4 5 6 7 8;58;28;108;1615;315;0;126;0.117466;13748.7;BELA*;                        ? Unchecked;ijcai-2026-base-15-g257422b
n-puzzle;heavy-cost;98/10000;10000;5 8 6 0 7 4 1 3 2;0 1 2 3 4 5 6 7 8;87;37;127;4303;413;0;126;0.14774;29125.5;BELA*;                        ? Unchecked;ijcai-2026-base-15-g257422b
n-puzzle;heavy-cost;99/10000;10000;7 5 0 6 3 2 1 8 4;0 1 2 3 4 5 6 7 8;61;36;105;1851;187;0;126;0.14608;12671.1;BELA*;                        ? Unchecked;ijcai-2026-base-15-g257422b
