domain;variant;id;k;start;goal;h0;length;cost;expansions;nbcentroids;nbpaths;mem;runtime;expansions/sec;nbinconsistencies;air;solver;doctor;version
roadmap;dimacs;0/1;1;    252388;     20483;0;505;6762;208608;1;0;651;0.682184;305794;0;0;sBELA0;? Unchecked;v1.6.0-147-gfbf9e2e
roadmap;dimacs;1/1;1;     25106;    246269;0;501;6694;208862;1;0;754;0.572755;364662;0;0;sBELA0;? Unchecked;v1.6.0-147-gfbf9e2e
roadmap;dimacs;2/1;1;    258113;      6647;0;504;6744;209017;1;0;770;0.546526;382447;0;0;sBELA0;? Unchecked;v1.6.0-147-gfbf9e2e
roadmap;dimacs;3/1;1;      2080;    233975;0;500;6692;207560;1;0;772;0.539405;384794;0;0;sBELA0;? Unchecked;v1.6.0-147-gfbf9e2e
roadmap;dimacs;4/1;1;    260625;     26619;0;509;6846;207951;1;0;773;0.545945;380901;0;0;sBELA0;? Unchecked;v1.6.0-147-gfbf9e2e
roadmap;dimacs;5/1;1;    261599;      3595;0;519;7006;209178;1;0;773;0.549091;380953;0;0;sBELA0;? Unchecked;v1.6.0-147-gfbf9e2e
roadmap;dimacs;6/1;1;      4659;    242682;0;494;6640;208369;1;0;773;0.538143;387200;0;0;sBELA0;? Unchecked;v1.6.0-147-gfbf9e2e
roadmap;dimacs;7/1;1;    241670;       978;0;499;6718;208202;1;0;773;0.544266;382537;0;0;sBELA0;? Unchecked;v1.6.0-147-gfbf9e2e
roadmap;dimacs;8/1;1;     38401;    251904;0;518;6816;209172;1;0;780;0.542043;385895;0;0;sBELA0;? Unchecked;v1.6.0-147-gfbf9e2e
roadmap;dimacs;9/1;1;     13831;    249853;0;521;6974;209012;1;0;781;0.541394;386063;0;0;sBELA0;? Unchecked;v1.6.0-147-gfbf9e2e
roadmap;dimacs;10/1;1;     11759;    259591;0;518;7000;209218;1;0;781;0.554174;377531;0;0;sBELA0;? Unchecked;v1.6.0-147-gfbf9e2e
roadmap;dimacs;11/1;1;    236537;     10777;0;497;6662;208333;1;0;781;0.551412;377817;0;0;sBELA0;? Unchecked;v1.6.0-147-gfbf9e2e
roadmap;dimacs;12/1;1;    249882;      5103;0;505;6822;208955;1;0;781;0.552308;378331;0;0;sBELA0;? Unchecked;v1.6.0-147-gfbf9e2e
roadmap;dimacs;13/1;1;      6146;    251872;0;512;6900;208083;1;0;781;0.536941;387534;0;0;sBELA0;? Unchecked;v1.6.0-147-gfbf9e2e
roadmap;dimacs;14/1;1;     22521;    260107;0;513;6914;209170;1;0;781;0.555258;376708;0;0;sBELA0;? Unchecked;v1.6.0-147-gfbf9e2e
roadmap;dimacs;15/1;1;      1533;    250409;0;514;6912;207701;1;0;781;0.551059;376913;0;0;sBELA0;? Unchecked;v1.6.0-147-gfbf9e2e
roadmap;dimacs;16/1;1;    262075;      5139;0;508;6748;208969;1;0;781;0.554306;376992;0;0;sBELA0;? Unchecked;v1.6.0-147-gfbf9e2e
roadmap;dimacs;17/1;1;      5647;    255960;0;505;6810;208099;1;0;781;0.565336;368098;0;0;sBELA0;? Unchecked;v1.6.0-147-gfbf9e2e
roadmap;dimacs;18/1;1;      6119;    252429;0;512;6896;208887;1;0;781;0.551155;378999;0;0;sBELA0;? Unchecked;v1.6.0-147-gfbf9e2e
roadmap;dimacs;19/1;1;      8194;    232422;0;499;6678;206318;1;0;781;0.533812;386499;0;0;sBELA0;? Unchecked;v1.6.0-147-gfbf9e2e
roadmap;dimacs;20/1;1;    252392;     15368;0;507;6810;208704;1;0;781;0.548415;380558;0;0;sBELA0;? Unchecked;v1.6.0-147-gfbf9e2e
roadmap;dimacs;21/1;1;      4622;    230901;0;501;6718;207219;1;0;781;0.538448;384845;0;0;sBELA0;? Unchecked;v1.6.0-147-gfbf9e2e
roadmap;dimacs;22/1;1;    261058;       516;0;519;6930;209273;1;0;781;0.557074;375665;0;0;sBELA0;? Unchecked;v1.6.0-147-gfbf9e2e
roadmap;dimacs;23/1;1;    260633;     31732;0;496;6668;206856;1;0;781;0.534488;387017;0;0;sBELA0;? Unchecked;v1.6.0-147-gfbf9e2e
roadmap;dimacs;24/1;1;      5662;    254952;0;508;6824;208678;1;0;781;0.540386;386165;0;0;sBELA0;? Unchecked;v1.6.0-147-gfbf9e2e
roadmap;dimacs;25/1;1;    234511;     10232;0;500;6712;208971;1;0;781;0.542907;384912;0;0;sBELA0;? Unchecked;v1.6.0-147-gfbf9e2e
roadmap;dimacs;26/1;1;    256495;     24598;0;498;6688;207194;1;0;781;0.547608;378362;0;0;sBELA0;? Unchecked;v1.6.0-147-gfbf9e2e
roadmap;dimacs;27/1;1;      5155;    239099;0;501;6718;208216;1;0;781;0.53847;386681;0;0;sBELA0;? Unchecked;v1.6.0-147-gfbf9e2e
roadmap;dimacs;28/1;1;    260138;      4070;0;514;6864;208881;1;0;781;0.54855;380788;0;0;sBELA0;? Unchecked;v1.6.0-147-gfbf9e2e
roadmap;dimacs;29/1;1;       497;    261718;0;514;6772;207073;1;0;781;0.548402;377593;0;0;sBELA0;? Unchecked;v1.6.0-147-gfbf9e2e
roadmap;dimacs;30/1;1;    250399;     10234;0;506;6816;209043;1;0;781;0.54216;385574;0;0;sBELA0;? Unchecked;v1.6.0-147-gfbf9e2e
roadmap;dimacs;31/1;1;      9245;    237563;0;498;6680;208155;1;0;781;0.540508;385110;0;0;sBELA0;? Unchecked;v1.6.0-147-gfbf9e2e
roadmap;dimacs;32/1;1;    260135;     13276;0;498;6668;207729;1;0;781;0.539444;385080;0;0;sBELA0;? Unchecked;v1.6.0-147-gfbf9e2e
roadmap;dimacs;33/1;1;    252429;     25085;0;506;6800;208203;1;0;781;0.584147;356423;0;0;sBELA0;? Unchecked;v1.6.0-147-gfbf9e2e
roadmap;dimacs;34/1;1;      3098;    231926;0;498;6676;207326;1;0;781;0.539968;383960;0;0;sBELA0;? Unchecked;v1.6.0-147-gfbf9e2e
roadmap;dimacs;35/1;1;     19421;    257032;0;499;6730;209165;1;0;781;0.555155;376768;0;0;sBELA0;? Unchecked;v1.6.0-147-gfbf9e2e
roadmap;dimacs;36/1;1;      1057;    248820;0;511;6866;208578;1;0;781;0.540467;385922;0;0;sBELA0;? Unchecked;v1.6.0-147-gfbf9e2e
roadmap;dimacs;37/1;1;    258041;     41474;0;510;6760;206971;1;0;781;0.557232;371427;0;0;sBELA0;? Unchecked;v1.6.0-147-gfbf9e2e
roadmap;dimacs;38/1;1;      8712;    259539;0;507;6834;208169;1;0;832;0.549985;378500;0;0;sBELA0;? Unchecked;v1.6.0-147-gfbf9e2e
roadmap;dimacs;39/1;1;    261646;      4574;0;519;6982;208588;1;0;832;0.541813;384982;0;0;sBELA0;? Unchecked;v1.6.0-147-gfbf9e2e
roadmap;dimacs;40/1;1;       520;    222196;0;505;6726;206214;1;0;832;0.53572;384929;0;0;sBELA0;? Unchecked;v1.6.0-147-gfbf9e2e
roadmap;dimacs;41/1;1;    242196;     17909;0;499;6674;208526;1;0;832;0.541266;385256;0;0;sBELA0;? Unchecked;v1.6.0-147-gfbf9e2e
roadmap;dimacs;42/1;1;    248265;         8;0;499;6726;209260;1;0;832;0.553376;378151;0;0;sBELA0;? Unchecked;v1.6.0-147-gfbf9e2e
roadmap;dimacs;43/1;1;    251395;     33785;0;508;6760;207446;1;0;832;0.540581;383746;0;0;sBELA0;? Unchecked;v1.6.0-147-gfbf9e2e
roadmap;dimacs;44/1;1;    254972;     13864;0;501;6758;207203;1;0;832;0.549489;377083;0;0;sBELA0;? Unchecked;v1.6.0-147-gfbf9e2e
roadmap;dimacs;45/1;1;      1998;    257065;0;503;6698;208372;1;0;832;0.549311;379334;0;0;sBELA0;? Unchecked;v1.6.0-147-gfbf9e2e
roadmap;dimacs;46/1;1;    256009;     28663;0;505;6786;207563;1;0;832;0.538854;385193;0;0;sBELA0;? Unchecked;v1.6.0-147-gfbf9e2e
roadmap;dimacs;47/1;1;     18946;    261099;0;516;6940;208987;1;0;832;0.540837;386414;0;0;sBELA0;? Unchecked;v1.6.0-147-gfbf9e2e
roadmap;dimacs;48/1;1;    253391;     13313;0;499;6714;208997;1;0;832;0.552206;378477;0;0;sBELA0;? Unchecked;v1.6.0-147-gfbf9e2e
roadmap;dimacs;49/1;1;    236014;     15363;0;502;6696;208947;1;0;832;0.580867;359716;0;0;sBELA0;? Unchecked;v1.6.0-147-gfbf9e2e
roadmap;dimacs;50/1;1;    256039;     16370;0;499;6706;208414;1;0;832;0.539659;386196;0;0;sBELA0;? Unchecked;v1.6.0-147-gfbf9e2e
roadmap;dimacs;51/1;1;      5165;    247296;0;506;6792;208871;1;0;832;0.556775;375145;0;0;sBELA0;? Unchecked;v1.6.0-147-gfbf9e2e
roadmap;dimacs;52/1;1;      9228;    248313;0;514;6920;208820;1;0;832;0.544075;383807;0;0;sBELA0;? Unchecked;v1.6.0-147-gfbf9e2e
roadmap;dimacs;53/1;1;    246784;     29193;0;511;6774;207871;1;0;832;0.558706;372058;0;0;sBELA0;? Unchecked;v1.6.0-147-gfbf9e2e
roadmap;dimacs;54/1;1;    246280;       497;0;522;7012;209167;1;0;832;0.543863;384595;0;0;sBELA0;? Unchecked;v1.6.0-147-gfbf9e2e
roadmap;dimacs;55/1;1;      1064;    237055;0;501;6730;208161;1;0;832;0.549815;378602;0;0;sBELA0;? Unchecked;v1.6.0-147-gfbf9e2e
roadmap;dimacs;56/1;1;    245279;     11768;0;503;6738;208961;1;0;832;0.552285;378357;0;0;sBELA0;? Unchecked;v1.6.0-147-gfbf9e2e
roadmap;dimacs;57/1;1;     11776;    259096;0;525;7046;208924;1;0;832;0.554329;376895;0;0;sBELA0;? Unchecked;v1.6.0-147-gfbf9e2e
roadmap;dimacs;58/1;1;    250326;     10251;0;494;6672;208839;1;0;832;0.5521;378263;0;0;sBELA0;? Unchecked;v1.6.0-147-gfbf9e2e
roadmap;dimacs;59/1;1;    259526;     10253;0;498;6696;208750;1;0;832;0.552007;378165;0;0;sBELA0;? Unchecked;v1.6.0-147-gfbf9e2e
roadmap;dimacs;60/1;1;    261664;      6127;0;519;6966;208945;1;0;832;0.541374;385953;0;0;sBELA0;? Unchecked;v1.6.0-147-gfbf9e2e
roadmap;dimacs;61/1;1;      3567;    242195;0;504;6796;207840;1;0;832;0.551394;376936;0;0;sBELA0;? Unchecked;v1.6.0-147-gfbf9e2e
roadmap;dimacs;62/1;1;    261097;     20519;0;490;6616;206296;1;0;832;0.544598;378804;0;0;sBELA0;? Unchecked;v1.6.0-147-gfbf9e2e
roadmap;dimacs;63/1;1;      5063;    254998;0;497;6670;208727;1;0;832;0.553724;376951;0;0;sBELA0;? Unchecked;v1.6.0-147-gfbf9e2e
roadmap;dimacs;64/1;1;      2086;    262100;0;513;6826;208623;1;0;832;0.541297;385413;0;0;sBELA0;? Unchecked;v1.6.0-147-gfbf9e2e
roadmap;dimacs;65/1;1;    260641;      4092;0;524;7052;209205;1;0;832;0.571869;365827;0;0;sBELA0;? Unchecked;v1.6.0-147-gfbf9e2e
roadmap;dimacs;66/1;1;      3111;    242164;0;498;6696;208050;1;0;832;0.545135;381649;0;0;sBELA0;? Unchecked;v1.6.0-147-gfbf9e2e
roadmap;dimacs;67/1;1;      2132;    262139;0;514;6804;209268;1;0;832;0.545306;383763;0;0;sBELA0;? Unchecked;v1.6.0-147-gfbf9e2e
roadmap;dimacs;68/1;1;    246721;      1026;0;496;6680;209275;1;0;832;0.561095;372976;0;0;sBELA0;? Unchecked;v1.6.0-147-gfbf9e2e
roadmap;dimacs;69/1;1;     20480;    245279;0;496;6660;207457;1;0;832;0.552889;375223;0;0;sBELA0;? Unchecked;v1.6.0-147-gfbf9e2e
roadmap;dimacs;70/1;1;    262132;     12294;0;526;7080;208937;1;0;832;0.565337;369579;0;0;sBELA0;? Unchecked;v1.6.0-147-gfbf9e2e
roadmap;dimacs;71/1;1;      2058;    240595;0;496;6664;205857;1;0;832;0.532305;386728;0;0;sBELA0;? Unchecked;v1.6.0-147-gfbf9e2e
roadmap;dimacs;72/1;1;    255999;      8716;0;524;7068;208906;1;0;832;0.552194;378320;0;0;sBELA0;? Unchecked;v1.6.0-147-gfbf9e2e
roadmap;dimacs;73/1;1;      4599;    239654;0;497;6682;206441;1;0;832;0.548206;376576;0;0;sBELA0;? Unchecked;v1.6.0-147-gfbf9e2e
roadmap;dimacs;74/1;1;    259083;     27133;0;510;6868;208023;1;0;832;0.539965;385253;0;0;sBELA0;? Unchecked;v1.6.0-147-gfbf9e2e
roadmap;dimacs;75/1;1;      4066;    255519;0;508;6820;208543;1;0;832;0.551236;378319;0;0;sBELA0;? Unchecked;v1.6.0-147-gfbf9e2e
roadmap;dimacs;76/1;1;    260612;      4579;0;523;7058;208684;1;0;832;0.539819;386581;0;0;sBELA0;? Unchecked;v1.6.0-147-gfbf9e2e
roadmap;dimacs;77/1;1;    254984;     11245;0;515;6938;208551;1;0;832;0.540323;385975;0;0;sBELA0;? Unchecked;v1.6.0-147-gfbf9e2e
roadmap;dimacs;78/1;1;    258027;     15880;0;511;6886;208631;1;0;832;0.550643;378886;0;0;sBELA0;? Unchecked;v1.6.0-147-gfbf9e2e
roadmap;dimacs;79/1;1;     10267;    244219;0;503;6762;208610;1;0;832;0.538205;387603;0;0;sBELA0;? Unchecked;v1.6.0-147-gfbf9e2e
roadmap;dimacs;80/1;1;    222207;      3089;0;505;6714;209032;1;0;832;0.555765;376116;0;0;sBELA0;? Unchecked;v1.6.0-147-gfbf9e2e
roadmap;dimacs;81/1;1;      3056;    241705;0;492;6640;206278;1;0;832;0.566531;364107;0;0;sBELA0;? Unchecked;v1.6.0-147-gfbf9e2e
roadmap;dimacs;82/1;1;      6617;    240136;0;495;6658;208144;1;0;832;0.551035;377733;0;0;sBELA0;? Unchecked;v1.6.0-147-gfbf9e2e
roadmap;dimacs;83/1;1;    242148;      9232;0;495;6658;208811;1;0;832;0.553781;377064;0;0;sBELA0;? Unchecked;v1.6.0-147-gfbf9e2e
roadmap;dimacs;84/1;1;    247299;       479;0;514;6920;208754;1;0;832;0.543872;383829;0;0;sBELA0;? Unchecked;v1.6.0-147-gfbf9e2e
roadmap;dimacs;85/1;1;     13844;    253941;0;510;6856;208997;1;0;832;0.541619;385875;0;0;sBELA0;? Unchecked;v1.6.0-147-gfbf9e2e
roadmap;dimacs;86/1;1;      3578;    260146;0;518;6956;208230;1;0;832;0.557365;373597;0;0;sBELA0;? Unchecked;v1.6.0-147-gfbf9e2e
roadmap;dimacs;87/1;1;    258031;     24598;0;499;6706;207158;1;0;832;0.547868;378116;0;0;sBELA0;? Unchecked;v1.6.0-147-gfbf9e2e
roadmap;dimacs;88/1;1;    236012;      8209;0;494;6640;208800;1;0;832;0.553039;377550;0;0;sBELA0;? Unchecked;v1.6.0-147-gfbf9e2e
roadmap;dimacs;89/1;1;      2564;    248267;0;498;6724;206233;1;0;832;0.537933;383380;0;0;sBELA0;? Unchecked;v1.6.0-147-gfbf9e2e
roadmap;dimacs;90/1;1;      1018;    248854;0;521;7002;208376;1;0;832;0.550917;378235;0;0;sBELA0;? Unchecked;v1.6.0-147-gfbf9e2e
roadmap;dimacs;91/1;1;    222716;      6155;0;503;6694;209050;1;0;832;0.554376;377091;0;0;sBELA0;? Unchecked;v1.6.0-147-gfbf9e2e
roadmap;dimacs;92/1;1;     12795;    247326;0;503;6762;207777;1;0;832;0.552008;376402;0;0;sBELA0;? Unchecked;v1.6.0-147-gfbf9e2e
roadmap;dimacs;93/1;1;    248266;       516;0;501;6754;209273;1;0;832;0.552122;379034;0;0;sBELA0;? Unchecked;v1.6.0-147-gfbf9e2e
roadmap;dimacs;94/1;1;     24066;    255486;0;521;6962;209188;1;0;832;0.542589;385537;0;0;sBELA0;? Unchecked;v1.6.0-147-gfbf9e2e
roadmap;dimacs;95/1;1;    247816;       997;0;516;6936;208924;1;0;832;0.544889;383425;0;0;sBELA0;? Unchecked;v1.6.0-147-gfbf9e2e
roadmap;dimacs;96/1;1;    253972;     20465;0;501;6742;208092;1;0;832;0.586095;355048;0;0;sBELA0;? Unchecked;v1.6.0-147-gfbf9e2e
roadmap;dimacs;97/1;1;    252422;      2515;0;511;6866;208267;1;0;832;0.545865;381536;0;0;sBELA0;? Unchecked;v1.6.0-147-gfbf9e2e
roadmap;dimacs;98/1;1;    229860;      1035;0;496;6652;209225;1;0;832;0.554153;377558;0;0;sBELA0;? Unchecked;v1.6.0-147-gfbf9e2e
roadmap;dimacs;99/1;1;    247295;     28681;0;511;6778;207943;1;0;832;0.551739;376887;0;0;sBELA0;? Unchecked;v1.6.0-147-gfbf9e2e
roadmap;dimacs;0/5;5;    252388;     20483;0;505;6762;208608;1;0;832;0.549804;379422;0;0;sBELA0;? Unchecked;v1.6.0-147-gfbf9e2e
roadmap;dimacs;1/5;5;     25106;    246269;0;501;6694;208862;1;0;832;0.550702;379265;0;0;sBELA0;? Unchecked;v1.6.0-147-gfbf9e2e
roadmap;dimacs;2/5;5;    258113;      6647;0;504;6744;209017;1;0;832;0.541751;385818;0;0;sBELA0;? Unchecked;v1.6.0-147-gfbf9e2e
roadmap;dimacs;3/5;5;      2080;    233975;0;500;6692;207560;1;0;832;0.540715;383862;0;0;sBELA0;? Unchecked;v1.6.0-147-gfbf9e2e
roadmap;dimacs;4/5;5;    260625;     26619;0;509;6846;207951;1;0;832;0.540065;385048;0;0;sBELA0;? Unchecked;v1.6.0-147-gfbf9e2e
roadmap;dimacs;5/5;5;    261599;      3595;0;519;7006;209178;1;0;832;0.552384;378682;0;0;sBELA0;? Unchecked;v1.6.0-147-gfbf9e2e
roadmap;dimacs;6/5;5;      4659;    242682;0;494;6640;208369;1;0;832;0.541133;385061;0;0;sBELA0;? Unchecked;v1.6.0-147-gfbf9e2e
roadmap;dimacs;7/5;5;    241670;       978;0;499;6718;208202;1;0;832;0.543497;383078;0;0;sBELA0;? Unchecked;v1.6.0-147-gfbf9e2e
roadmap;dimacs;8/5;5;     38401;    251904;0;518;6816;209172;1;0;832;0.542251;385748;0;0;sBELA0;? Unchecked;v1.6.0-147-gfbf9e2e
roadmap;dimacs;9/5;5;     13831;    249853;0;521;6974;209012;1;0;832;0.541791;385780;0;0;sBELA0;? Unchecked;v1.6.0-147-gfbf9e2e
roadmap;dimacs;10/5;5;     11759;    259591;0;518;7000;209218;1;0;832;0.554161;377540;0;0;sBELA0;? Unchecked;v1.6.0-147-gfbf9e2e
roadmap;dimacs;11/5;5;    236537;     10777;0;497;6662;208333;1;0;832;0.550344;378550;0;0;sBELA0;? Unchecked;v1.6.0-147-gfbf9e2e
roadmap;dimacs;12/5;5;    249882;      5103;0;505;6822;208955;1;0;832;0.574648;363623;0;0;sBELA0;? Unchecked;v1.6.0-147-gfbf9e2e
roadmap;dimacs;13/5;5;      6146;    251872;0;512;6900;208083;1;0;832;0.541458;384301;0;0;sBELA0;? Unchecked;v1.6.0-147-gfbf9e2e
roadmap;dimacs;14/5;5;     22521;    260107;0;513;6914;209170;1;0;832;0.557328;375308;0;0;sBELA0;? Unchecked;v1.6.0-147-gfbf9e2e
roadmap;dimacs;15/5;5;      1533;    250409;0;514;6912;207701;1;0;832;0.551126;376867;0;0;sBELA0;? Unchecked;v1.6.0-147-gfbf9e2e
roadmap;dimacs;16/5;5;    262075;      5139;0;508;6748;208969;1;0;832;0.551641;378813;0;0;sBELA0;? Unchecked;v1.6.0-147-gfbf9e2e
roadmap;dimacs;17/5;5;      5647;    255960;0;505;6810;208099;1;0;832;0.539354;385830;0;0;sBELA0;? Unchecked;v1.6.0-147-gfbf9e2e
roadmap;dimacs;18/5;5;      6119;    252429;0;512;6896;208887;1;0;832;0.557581;374631;0;0;sBELA0;? Unchecked;v1.6.0-147-gfbf9e2e
roadmap;dimacs;19/5;5;      8194;    232422;0;499;6678;206318;1;0;832;0.535827;385046;0;0;sBELA0;? Unchecked;v1.6.0-147-gfbf9e2e
roadmap;dimacs;20/5;5;    252392;     15368;0;507;6810;208704;1;0;832;0.551207;378631;0;0;sBELA0;? Unchecked;v1.6.0-147-gfbf9e2e
roadmap;dimacs;21/5;5;      4622;    230901;0;501;6718;207219;1;0;832;0.537086;385821;0;0;sBELA0;? Unchecked;v1.6.0-147-gfbf9e2e
roadmap;dimacs;22/5;5;    261058;       516;0;519;6930;209273;1;0;832;0.550409;380214;0;0;sBELA0;? Unchecked;v1.6.0-147-gfbf9e2e
roadmap;dimacs;23/5;5;    260633;     31732;0;496;6668;206856;1;0;832;0.534432;387057;0;0;sBELA0;? Unchecked;v1.6.0-147-gfbf9e2e
roadmap;dimacs;24/5;5;      5662;    254952;0;508;6824;208678;1;0;832;0.544865;382990;0;0;sBELA0;? Unchecked;v1.6.0-147-gfbf9e2e
roadmap;dimacs;25/5;5;    234511;     10232;0;500;6712;208971;1;0;832;0.543815;384269;0;0;sBELA0;? Unchecked;v1.6.0-147-gfbf9e2e
roadmap;dimacs;26/5;5;    256495;     24598;0;498;6688;207194;1;0;832;0.548222;377938;0;0;sBELA0;? Unchecked;v1.6.0-147-gfbf9e2e
roadmap;dimacs;27/5;5;      5155;    239099;0;501;6718;208216;1;0;832;0.540877;384960;0;0;sBELA0;? Unchecked;v1.6.0-147-gfbf9e2e
roadmap;dimacs;28/5;5;    260138;      4070;0;514;6864;208881;1;0;832;0.572622;364780;0;0;sBELA0;? Unchecked;v1.6.0-147-gfbf9e2e
roadmap;dimacs;29/5;5;       497;    261718;0;514;6772;207073;1;0;832;0.548685;377399;0;0;sBELA0;? Unchecked;v1.6.0-147-gfbf9e2e
roadmap;dimacs;30/5;5;    250399;     10234;0;506;6816;209043;1;0;832;0.542638;385235;0;0;sBELA0;? Unchecked;v1.6.0-147-gfbf9e2e
roadmap;dimacs;31/5;5;      9245;    237563;0;498;6680;208155;1;0;832;0.541229;384597;0;0;sBELA0;? Unchecked;v1.6.0-147-gfbf9e2e
roadmap;dimacs;32/5;5;    260135;     13276;0;498;6668;207729;1;0;832;0.551026;376986;0;0;sBELA0;? Unchecked;v1.6.0-147-gfbf9e2e
roadmap;dimacs;33/5;5;    252429;     25085;0;506;6800;208203;1;0;832;0.54308;383374;0;0;sBELA0;? Unchecked;v1.6.0-147-gfbf9e2e
roadmap;dimacs;34/5;5;      3098;    231926;0;498;6676;207326;1;0;832;0.540961;383255;0;0;sBELA0;? Unchecked;v1.6.0-147-gfbf9e2e
roadmap;dimacs;35/5;5;     19421;    257032;0;499;6730;209165;1;0;832;0.557027;375502;0;0;sBELA0;? Unchecked;v1.6.0-147-gfbf9e2e
roadmap;dimacs;36/5;5;      1057;    248820;0;511;6866;208578;1;0;832;0.540901;385612;0;0;sBELA0;? Unchecked;v1.6.0-147-gfbf9e2e
roadmap;dimacs;37/5;5;    258041;     41474;0;510;6760;206971;1;0;832;0.550699;375833;0;0;sBELA0;? Unchecked;v1.6.0-147-gfbf9e2e
roadmap;dimacs;38/5;5;      8712;    259539;0;507;6834;208169;1;0;832;0.539493;385860;0;0;sBELA0;? Unchecked;v1.6.0-147-gfbf9e2e
roadmap;dimacs;39/5;5;    261646;      4574;0;519;6982;208588;1;0;832;0.546413;381740;0;0;sBELA0;? Unchecked;v1.6.0-147-gfbf9e2e
roadmap;dimacs;40/5;5;       520;    222196;0;505;6726;206214;1;0;832;0.537979;383312;0;0;sBELA0;? Unchecked;v1.6.0-147-gfbf9e2e
roadmap;dimacs;41/5;5;    242196;     17909;0;499;6674;208526;1;0;832;0.550314;378922;0;0;sBELA0;? Unchecked;v1.6.0-147-gfbf9e2e
roadmap;dimacs;42/5;5;    248265;         8;0;499;6726;209260;1;0;832;0.552905;378474;0;0;sBELA0;? Unchecked;v1.6.0-147-gfbf9e2e
roadmap;dimacs;43/5;5;    251395;     33785;0;508;6760;207446;1;0;832;0.5503;376969;0;0;sBELA0;? Unchecked;v1.6.0-147-gfbf9e2e
roadmap;dimacs;44/5;5;    254972;     13864;0;501;6758;207203;1;0;832;0.586092;353533;0;0;sBELA0;? Unchecked;v1.6.0-147-gfbf9e2e
roadmap;dimacs;45/5;5;      1998;    257065;0;503;6698;208372;1;0;832;0.552659;377035;0;0;sBELA0;? Unchecked;v1.6.0-147-gfbf9e2e
roadmap;dimacs;46/5;5;    256009;     28663;0;505;6786;207563;1;0;832;0.550345;377151;0;0;sBELA0;? Unchecked;v1.6.0-147-gfbf9e2e
roadmap;dimacs;47/5;5;     18946;    261099;0;516;6940;208987;1;0;832;0.54318;384747;0;0;sBELA0;? Unchecked;v1.6.0-147-gfbf9e2e
roadmap;dimacs;48/5;5;    253391;     13313;0;499;6714;208997;1;0;832;0.551155;379198;0;0;sBELA0;? Unchecked;v1.6.0-147-gfbf9e2e
roadmap;dimacs;49/5;5;    236014;     15363;0;502;6696;208947;1;0;832;0.565352;369587;0;0;sBELA0;? Unchecked;v1.6.0-147-gfbf9e2e
roadmap;dimacs;50/5;5;    256039;     16370;0;499;6706;208414;1;0;832;0.542878;383906;0;0;sBELA0;? Unchecked;v1.6.0-147-gfbf9e2e
roadmap;dimacs;51/5;5;      5165;    247296;0;506;6792;208871;1;0;832;0.545823;382672;0;0;sBELA0;? Unchecked;v1.6.0-147-gfbf9e2e
roadmap;dimacs;52/5;5;      9228;    248313;0;514;6920;208820;1;0;832;0.542237;385108;0;0;sBELA0;? Unchecked;v1.6.0-147-gfbf9e2e
roadmap;dimacs;53/5;5;    246784;     29193;0;511;6774;207871;1;0;832;0.552944;375935;0;0;sBELA0;? Unchecked;v1.6.0-147-gfbf9e2e
roadmap;dimacs;54/5;5;    246280;       497;0;522;7012;209167;1;0;832;0.544774;383952;0;0;sBELA0;? Unchecked;v1.6.0-147-gfbf9e2e
roadmap;dimacs;55/5;5;      1064;    237055;0;501;6730;208161;1;0;832;0.542082;384002;0;0;sBELA0;? Unchecked;v1.6.0-147-gfbf9e2e
roadmap;dimacs;56/5;5;    245279;     11768;0;503;6738;208961;1;0;832;0.544329;383887;0;0;sBELA0;? Unchecked;v1.6.0-147-gfbf9e2e
roadmap;dimacs;57/5;5;     11776;    259096;0;525;7046;208924;1;0;832;0.555357;376197;0;0;sBELA0;? Unchecked;v1.6.0-147-gfbf9e2e
roadmap;dimacs;58/5;5;    250326;     10251;0;494;6672;208839;1;0;832;0.552923;377700;0;0;sBELA0;? Unchecked;v1.6.0-147-gfbf9e2e
roadmap;dimacs;59/5;5;    259526;     10253;0;498;6696;208750;1;0;832;0.552801;377622;0;0;sBELA0;? Unchecked;v1.6.0-147-gfbf9e2e
roadmap;dimacs;60/5;5;    261664;      6127;0;519;6966;208945;1;0;832;0.571814;365407;0;0;sBELA0;? Unchecked;v1.6.0-147-gfbf9e2e
roadmap;dimacs;61/5;5;      3567;    242195;0;504;6796;207840;1;0;832;0.553459;375529;0;0;sBELA0;? Unchecked;v1.6.0-147-gfbf9e2e
roadmap;dimacs;62/5;5;    261097;     20519;0;490;6616;206296;1;0;832;0.546347;377592;0;0;sBELA0;? Unchecked;v1.6.0-147-gfbf9e2e
roadmap;dimacs;63/5;5;      5063;    254998;0;497;6670;208727;1;0;832;0.55338;377186;0;0;sBELA0;? Unchecked;v1.6.0-147-gfbf9e2e
roadmap;dimacs;64/5;5;      2086;    262100;0;513;6826;208623;1;0;832;0.541533;385245;0;0;sBELA0;? Unchecked;v1.6.0-147-gfbf9e2e
roadmap;dimacs;65/5;5;    260641;      4092;0;524;7052;209205;1;0;832;0.554916;377003;0;0;sBELA0;? Unchecked;v1.6.0-147-gfbf9e2e
roadmap;dimacs;66/5;5;      3111;    242164;0;498;6696;208050;1;0;832;0.541929;383906;0;0;sBELA0;? Unchecked;v1.6.0-147-gfbf9e2e
roadmap;dimacs;67/5;5;      2132;    262139;0;514;6804;209268;1;0;832;0.544954;384010;0;0;sBELA0;? Unchecked;v1.6.0-147-gfbf9e2e
roadmap;dimacs;68/5;5;    246721;      1026;0;496;6680;209275;1;0;832;0.552475;378796;0;0;sBELA0;? Unchecked;v1.6.0-147-gfbf9e2e
roadmap;dimacs;69/5;5;     20480;    245279;0;496;6660;207457;1;0;832;0.553972;374490;0;0;sBELA0;? Unchecked;v1.6.0-147-gfbf9e2e
roadmap;dimacs;70/5;5;    262132;     12294;0;526;7080;208937;1;0;832;0.552393;378240;0;0;sBELA0;? Unchecked;v1.6.0-147-gfbf9e2e
roadmap;dimacs;71/5;5;      2058;    240595;0;496;6664;205857;1;0;832;0.535799;384206;0;0;sBELA0;? Unchecked;v1.6.0-147-gfbf9e2e
roadmap;dimacs;72/5;5;    255999;      8716;0;524;7068;208906;1;0;832;0.552548;378077;0;0;sBELA0;? Unchecked;v1.6.0-147-gfbf9e2e
roadmap;dimacs;73/5;5;      4599;    239654;0;497;6682;206441;1;0;832;0.549087;375971;0;0;sBELA0;? Unchecked;v1.6.0-147-gfbf9e2e
roadmap;dimacs;74/5;5;    259083;     27133;0;510;6868;208023;1;0;832;0.540274;385032;0;0;sBELA0;? Unchecked;v1.6.0-147-gfbf9e2e
roadmap;dimacs;75/5;5;      4066;    255519;0;508;6820;208543;1;0;832;0.550958;378510;0;0;sBELA0;? Unchecked;v1.6.0-147-gfbf9e2e
roadmap;dimacs;76/5;5;    260612;      4579;0;523;7058;208684;1;0;832;0.568275;367223;0;0;sBELA0;? Unchecked;v1.6.0-147-gfbf9e2e
roadmap;dimacs;77/5;5;    254984;     11245;0;515;6938;208551;1;0;832;0.543732;383555;0;0;sBELA0;? Unchecked;v1.6.0-147-gfbf9e2e
roadmap;dimacs;78/5;5;    258027;     15880;0;511;6886;208631;1;0;832;0.552628;377525;0;0;sBELA0;? Unchecked;v1.6.0-147-gfbf9e2e
roadmap;dimacs;79/5;5;     10267;    244219;0;503;6762;208610;1;0;832;0.541273;385406;0;0;sBELA0;? Unchecked;v1.6.0-147-gfbf9e2e
roadmap;dimacs;80/5;5;    222207;      3089;0;505;6714;209032;1;0;832;0.55623;375801;0;0;sBELA0;? Unchecked;v1.6.0-147-gfbf9e2e
roadmap;dimacs;81/5;5;      3056;    241705;0;492;6640;206278;1;0;832;0.549052;375699;0;0;sBELA0;? Unchecked;v1.6.0-147-gfbf9e2e
roadmap;dimacs;82/5;5;      6617;    240136;0;495;6658;208144;1;0;832;0.562173;370249;0;0;sBELA0;? Unchecked;v1.6.0-147-gfbf9e2e
roadmap;dimacs;83/5;5;    242148;      9232;0;495;6658;208811;1;0;832;0.553963;376940;0;0;sBELA0;? Unchecked;v1.6.0-147-gfbf9e2e
roadmap;dimacs;84/5;5;    247299;       479;0;514;6920;208754;1;0;832;0.544439;383429;0;0;sBELA0;? Unchecked;v1.6.0-147-gfbf9e2e
roadmap;dimacs;85/5;5;     13844;    253941;0;510;6856;208997;1;0;832;0.543143;384792;0;0;sBELA0;? Unchecked;v1.6.0-147-gfbf9e2e
roadmap;dimacs;86/5;5;      3578;    260146;0;518;6956;208230;1;0;832;0.553781;376015;0;0;sBELA0;? Unchecked;v1.6.0-147-gfbf9e2e
roadmap;dimacs;87/5;5;    258031;     24598;0;499;6706;207158;1;0;832;0.54874;377515;0;0;sBELA0;? Unchecked;v1.6.0-147-gfbf9e2e
roadmap;dimacs;88/5;5;    236012;      8209;0;494;6640;208800;1;0;832;0.553872;376982;0;0;sBELA0;? Unchecked;v1.6.0-147-gfbf9e2e
roadmap;dimacs;89/5;5;      2564;    248267;0;498;6724;206233;1;0;832;0.538015;383322;0;0;sBELA0;? Unchecked;v1.6.0-147-gfbf9e2e
roadmap;dimacs;90/5;5;      1018;    248854;0;521;7002;208376;1;0;832;0.555;375452;0;0;sBELA0;? Unchecked;v1.6.0-147-gfbf9e2e
roadmap;dimacs;91/5;5;    222716;      6155;0;503;6694;209050;1;0;832;0.555424;376379;0;0;sBELA0;? Unchecked;v1.6.0-147-gfbf9e2e
roadmap;dimacs;92/5;5;     12795;    247326;0;503;6762;207777;1;0;832;0.586754;354113;0;0;sBELA0;? Unchecked;v1.6.0-147-gfbf9e2e
roadmap;dimacs;93/5;5;    248266;       516;0;501;6754;209273;1;0;832;0.552724;378621;0;0;sBELA0;? Unchecked;v1.6.0-147-gfbf9e2e
roadmap;dimacs;94/5;5;     24066;    255486;0;521;6962;209188;1;0;832;0.544428;384235;0;0;sBELA0;? Unchecked;v1.6.0-147-gfbf9e2e
roadmap;dimacs;95/5;5;    247816;       997;0;516;6936;208924;1;0;832;0.542811;384893;0;0;sBELA0;? Unchecked;v1.6.0-147-gfbf9e2e
roadmap;dimacs;96/5;5;    253972;     20465;0;501;6742;208092;1;0;832;0.54395;382557;0;0;sBELA0;? Unchecked;v1.6.0-147-gfbf9e2e
roadmap;dimacs;97/5;5;    252422;      2515;0;511;6866;208267;1;0;832;0.544132;382751;0;0;sBELA0;? Unchecked;v1.6.0-147-gfbf9e2e
roadmap;dimacs;98/5;5;    229860;      1035;0;496;6652;209225;1;0;832;0.55459;377261;0;0;sBELA0;? Unchecked;v1.6.0-147-gfbf9e2e
roadmap;dimacs;99/5;5;    247295;     28681;0;511;6778;207943;1;0;832;0.550499;377735;0;0;sBELA0;? Unchecked;v1.6.0-147-gfbf9e2e
roadmap;dimacs;0/10;10;    252388;     20483;0;505;6762;208608;1;0;832;0.550644;378844;0;0;sBELA0;? Unchecked;v1.6.0-147-gfbf9e2e
roadmap;dimacs;1/10;10;     25106;    246269;0;501;6694;208862;1;0;832;0.541074;386013;0;0;sBELA0;? Unchecked;v1.6.0-147-gfbf9e2e
roadmap;dimacs;2/10;10;    258113;      6647;0;504;6744;209017;1;0;832;0.54131;386132;0;0;sBELA0;? Unchecked;v1.6.0-147-gfbf9e2e
roadmap;dimacs;3/10;10;      2080;    233975;0;500;6692;207560;1;0;832;0.537222;386358;0;0;sBELA0;? Unchecked;v1.6.0-147-gfbf9e2e
roadmap;dimacs;4/10;10;    260625;     26619;0;509;6846;207951;1;0;832;0.539146;385704;0;0;sBELA0;? Unchecked;v1.6.0-147-gfbf9e2e
roadmap;dimacs;5/10;10;    261599;      3595;0;519;7006;209178;1;0;832;0.552391;378678;0;0;sBELA0;? Unchecked;v1.6.0-147-gfbf9e2e
roadmap;dimacs;6/10;10;      4659;    242682;0;494;6640;208369;1;0;832;0.540297;385657;0;0;sBELA0;? Unchecked;v1.6.0-147-gfbf9e2e
roadmap;dimacs;7/10;10;    241670;       978;0;499;6718;208202;1;0;832;0.550244;378381;0;0;sBELA0;? Unchecked;v1.6.0-147-gfbf9e2e
roadmap;dimacs;8/10;10;     38401;    251904;0;518;6816;209172;1;0;832;0.554112;377490;0;0;sBELA0;? Unchecked;v1.6.0-147-gfbf9e2e
roadmap;dimacs;9/10;10;     13831;    249853;0;521;6974;209012;1;0;832;0.541097;386274;0;0;sBELA0;? Unchecked;v1.6.0-147-gfbf9e2e
roadmap;dimacs;10/10;10;     11759;    259591;0;518;7000;209218;1;0;832;0.556668;375840;0;0;sBELA0;? Unchecked;v1.6.0-147-gfbf9e2e
roadmap;dimacs;11/10;10;    236537;     10777;0;497;6662;208333;1;0;832;0.551348;377861;0;0;sBELA0;? Unchecked;v1.6.0-147-gfbf9e2e
roadmap;dimacs;12/10;10;    249882;      5103;0;505;6822;208955;1;0;832;0.549602;380194;0;0;sBELA0;? Unchecked;v1.6.0-147-gfbf9e2e
roadmap;dimacs;13/10;10;      6146;    251872;0;512;6900;208083;1;0;832;0.55985;371676;0;0;sBELA0;? Unchecked;v1.6.0-147-gfbf9e2e
roadmap;dimacs;14/10;10;     22521;    260107;0;513;6914;209170;1;0;832;0.557292;375333;0;0;sBELA0;? Unchecked;v1.6.0-147-gfbf9e2e
roadmap;dimacs;15/10;10;      1533;    250409;0;514;6912;207701;1;0;832;0.552432;375976;0;0;sBELA0;? Unchecked;v1.6.0-147-gfbf9e2e
roadmap;dimacs;16/10;10;    262075;      5139;0;508;6748;208969;1;0;832;0.553258;377706;0;0;sBELA0;? Unchecked;v1.6.0-147-gfbf9e2e
roadmap;dimacs;17/10;10;      5647;    255960;0;505;6810;208099;1;0;832;0.5411;384585;0;0;sBELA0;? Unchecked;v1.6.0-147-gfbf9e2e
roadmap;dimacs;18/10;10;      6119;    252429;0;512;6896;208887;1;0;832;0.550303;379586;0;0;sBELA0;? Unchecked;v1.6.0-147-gfbf9e2e
roadmap;dimacs;19/10;10;      8194;    232422;0;499;6678;206318;1;0;832;0.537367;383943;0;0;sBELA0;? Unchecked;v1.6.0-147-gfbf9e2e
roadmap;dimacs;20/10;10;    252392;     15368;0;507;6810;208704;1;0;832;0.554222;376571;0;0;sBELA0;? Unchecked;v1.6.0-147-gfbf9e2e
roadmap;dimacs;21/10;10;      4622;    230901;0;501;6718;207219;1;0;832;0.539829;383860;0;0;sBELA0;? Unchecked;v1.6.0-147-gfbf9e2e
roadmap;dimacs;22/10;10;    261058;       516;0;519;6930;209273;1;0;832;0.552548;378742;0;0;sBELA0;? Unchecked;v1.6.0-147-gfbf9e2e
roadmap;dimacs;23/10;10;    260633;     31732;0;496;6668;206856;1;0;832;0.573142;360916;0;0;sBELA0;? Unchecked;v1.6.0-147-gfbf9e2e
roadmap;dimacs;24/10;10;      5662;    254952;0;508;6824;208678;1;0;832;0.541716;385217;0;0;sBELA0;? Unchecked;v1.6.0-147-gfbf9e2e
roadmap;dimacs;25/10;10;    234511;     10232;0;500;6712;208971;1;0;832;0.545301;383222;0;0;sBELA0;? Unchecked;v1.6.0-147-gfbf9e2e
roadmap;dimacs;26/10;10;    256495;     24598;0;498;6688;207194;1;0;832;0.548054;378054;0;0;sBELA0;? Unchecked;v1.6.0-147-gfbf9e2e
roadmap;dimacs;27/10;10;      5155;    239099;0;501;6718;208216;1;0;832;0.539946;385624;0;0;sBELA0;? Unchecked;v1.6.0-147-gfbf9e2e
roadmap;dimacs;28/10;10;    260138;      4070;0;514;6864;208881;1;0;832;0.556455;375378;0;0;sBELA0;? Unchecked;v1.6.0-147-gfbf9e2e
roadmap;dimacs;29/10;10;       497;    261718;0;514;6772;207073;1;0;832;0.55681;371891;0;0;sBELA0;? Unchecked;v1.6.0-147-gfbf9e2e
roadmap;dimacs;30/10;10;    250399;     10234;0;506;6816;209043;1;0;832;0.542054;385650;0;0;sBELA0;? Unchecked;v1.6.0-147-gfbf9e2e
roadmap;dimacs;31/10;10;      9245;    237563;0;498;6680;208155;1;0;832;0.541268;384569;0;0;sBELA0;? Unchecked;v1.6.0-147-gfbf9e2e
roadmap;dimacs;32/10;10;    260135;     13276;0;498;6668;207729;1;0;832;0.540317;384458;0;0;sBELA0;? Unchecked;v1.6.0-147-gfbf9e2e
roadmap;dimacs;33/10;10;    252429;     25085;0;506;6800;208203;1;0;832;0.539731;385753;0;0;sBELA0;? Unchecked;v1.6.0-147-gfbf9e2e
roadmap;dimacs;34/10;10;      3098;    231926;0;498;6676;207326;1;0;832;0.537663;385606;0;0;sBELA0;? Unchecked;v1.6.0-147-gfbf9e2e
roadmap;dimacs;35/10;10;     19421;    257032;0;499;6730;209165;1;0;832;0.556617;375779;0;0;sBELA0;? Unchecked;v1.6.0-147-gfbf9e2e
roadmap;dimacs;36/10;10;      1057;    248820;0;511;6866;208578;1;0;832;0.544288;383213;0;0;sBELA0;? Unchecked;v1.6.0-147-gfbf9e2e
roadmap;dimacs;37/10;10;    258041;     41474;0;510;6760;206971;1;0;832;0.547596;377963;0;0;sBELA0;? Unchecked;v1.6.0-147-gfbf9e2e
roadmap;dimacs;38/10;10;      8712;    259539;0;507;6834;208169;1;0;832;0.546119;381179;0;0;sBELA0;? Unchecked;v1.6.0-147-gfbf9e2e
roadmap;dimacs;39/10;10;    261646;      4574;0;519;6982;208588;1;0;832;0.575302;362572;0;0;sBELA0;? Unchecked;v1.6.0-147-gfbf9e2e
roadmap;dimacs;40/10;10;       520;    222196;0;505;6726;206214;1;0;832;0.535872;384819;0;0;sBELA0;? Unchecked;v1.6.0-147-gfbf9e2e
roadmap;dimacs;41/10;10;    242196;     17909;0;499;6674;208526;1;0;832;0.543327;383795;0;0;sBELA0;? Unchecked;v1.6.0-147-gfbf9e2e
roadmap;dimacs;42/10;10;    248265;         8;0;499;6726;209260;1;0;832;0.562275;372167;0;0;sBELA0;? Unchecked;v1.6.0-147-gfbf9e2e
roadmap;dimacs;43/10;10;    251395;     33785;0;508;6760;207446;1;0;832;0.540869;383542;0;0;sBELA0;? Unchecked;v1.6.0-147-gfbf9e2e
roadmap;dimacs;44/10;10;    254972;     13864;0;501;6758;207203;1;0;832;0.550217;376584;0;0;sBELA0;? Unchecked;v1.6.0-147-gfbf9e2e
roadmap;dimacs;45/10;10;      1998;    257065;0;503;6698;208372;1;0;832;0.563185;369989;0;0;sBELA0;? Unchecked;v1.6.0-147-gfbf9e2e
roadmap;dimacs;46/10;10;    256009;     28663;0;505;6786;207563;1;0;832;0.541159;383552;0;0;sBELA0;? Unchecked;v1.6.0-147-gfbf9e2e
roadmap;dimacs;47/10;10;     18946;    261099;0;516;6940;208987;1;0;832;0.544381;383899;0;0;sBELA0;? Unchecked;v1.6.0-147-gfbf9e2e
roadmap;dimacs;48/10;10;    253391;     13313;0;499;6714;208997;1;0;832;0.55302;377920;0;0;sBELA0;? Unchecked;v1.6.0-147-gfbf9e2e
roadmap;dimacs;49/10;10;    236014;     15363;0;502;6696;208947;1;0;832;0.559045;373757;0;0;sBELA0;? Unchecked;v1.6.0-147-gfbf9e2e
roadmap;dimacs;50/10;10;    256039;     16370;0;499;6706;208414;1;0;832;0.541279;385040;0;0;sBELA0;? Unchecked;v1.6.0-147-gfbf9e2e
roadmap;dimacs;51/10;10;      5165;    247296;0;506;6792;208871;1;0;832;0.544263;383768;0;0;sBELA0;? Unchecked;v1.6.0-147-gfbf9e2e
roadmap;dimacs;52/10;10;      9228;    248313;0;514;6920;208820;1;0;832;0.54449;383515;0;0;sBELA0;? Unchecked;v1.6.0-147-gfbf9e2e
roadmap;dimacs;53/10;10;    246784;     29193;0;511;6774;207871;1;0;832;0.560209;371060;0;0;sBELA0;? Unchecked;v1.6.0-147-gfbf9e2e
roadmap;dimacs;54/10;10;    246280;       497;0;522;7012;209167;1;0;832;0.544657;384034;0;0;sBELA0;? Unchecked;v1.6.0-147-gfbf9e2e
roadmap;dimacs;55/10;10;      1064;    237055;0;501;6730;208161;1;0;832;0.578867;359601;0;0;sBELA0;? Unchecked;v1.6.0-147-gfbf9e2e
roadmap;dimacs;56/10;10;    245279;     11768;0;503;6738;208961;1;0;832;0.555711;376025;0;0;sBELA0;? Unchecked;v1.6.0-147-gfbf9e2e
roadmap;dimacs;57/10;10;     11776;    259096;0;525;7046;208924;1;0;832;0.557003;375086;0;0;sBELA0;? Unchecked;v1.6.0-147-gfbf9e2e
roadmap;dimacs;58/10;10;    250326;     10251;0;494;6672;208839;1;0;832;0.573033;364445;0;0;sBELA0;? Unchecked;v1.6.0-147-gfbf9e2e
roadmap;dimacs;59/10;10;    259526;     10253;0;498;6696;208750;1;0;832;0.551758;378336;0;0;sBELA0;? Unchecked;v1.6.0-147-gfbf9e2e
roadmap;dimacs;60/10;10;    261664;      6127;0;519;6966;208945;1;0;832;0.548268;381100;0;0;sBELA0;? Unchecked;v1.6.0-147-gfbf9e2e
roadmap;dimacs;61/10;10;      3567;    242195;0;504;6796;207840;1;0;832;0.555543;374121;0;0;sBELA0;? Unchecked;v1.6.0-147-gfbf9e2e
roadmap;dimacs;62/10;10;    261097;     20519;0;490;6616;206296;1;0;832;0.547211;376995;0;0;sBELA0;? Unchecked;v1.6.0-147-gfbf9e2e
roadmap;dimacs;63/10;10;      5063;    254998;0;497;6670;208727;1;0;832;0.552099;378061;0;0;sBELA0;? Unchecked;v1.6.0-147-gfbf9e2e
roadmap;dimacs;64/10;10;      2086;    262100;0;513;6826;208623;1;0;832;0.541602;385196;0;0;sBELA0;? Unchecked;v1.6.0-147-gfbf9e2e
roadmap;dimacs;65/10;10;    260641;      4092;0;524;7052;209205;1;0;832;0.544675;384092;0;0;sBELA0;? Unchecked;v1.6.0-147-gfbf9e2e
roadmap;dimacs;66/10;10;      3111;    242164;0;498;6696;208050;1;0;832;0.543439;382840;0;0;sBELA0;? Unchecked;v1.6.0-147-gfbf9e2e
roadmap;dimacs;67/10;10;      2132;    262139;0;514;6804;209268;1;0;832;0.543404;385106;0;0;sBELA0;? Unchecked;v1.6.0-147-gfbf9e2e
roadmap;dimacs;68/10;10;    246721;      1026;0;496;6680;209275;1;0;832;0.555772;376548;0;0;sBELA0;? Unchecked;v1.6.0-147-gfbf9e2e
roadmap;dimacs;69/10;10;     20480;    245279;0;496;6660;207457;1;0;832;0.554589;374073;0;0;sBELA0;? Unchecked;v1.6.0-147-gfbf9e2e
roadmap;dimacs;70/10;10;    262132;     12294;0;526;7080;208937;1;0;832;0.555132;376374;0;0;sBELA0;? Unchecked;v1.6.0-147-gfbf9e2e
roadmap;dimacs;71/10;10;      2058;    240595;0;496;6664;205857;1;0;832;0.592348;347527;0;0;sBELA0;? Unchecked;v1.6.0-147-gfbf9e2e
roadmap;dimacs;72/10;10;    255999;      8716;0;524;7068;208906;1;0;832;0.554415;376805;0;0;sBELA0;? Unchecked;v1.6.0-147-gfbf9e2e
roadmap;dimacs;73/10;10;      4599;    239654;0;497;6682;206441;1;0;832;0.54822;376566;0;0;sBELA0;? Unchecked;v1.6.0-147-gfbf9e2e
roadmap;dimacs;74/10;10;    259083;     27133;0;510;6868;208023;1;0;832;0.543129;383008;0;0;sBELA0;? Unchecked;v1.6.0-147-gfbf9e2e
roadmap;dimacs;75/10;10;      4066;    255519;0;508;6820;208543;1;0;832;0.560571;372019;0;0;sBELA0;? Unchecked;v1.6.0-147-gfbf9e2e
roadmap;dimacs;76/10;10;    260612;      4579;0;523;7058;208684;1;0;832;0.553783;376833;0;0;sBELA0;? Unchecked;v1.6.0-147-gfbf9e2e
roadmap;dimacs;77/10;10;    254984;     11245;0;515;6938;208551;1;0;832;0.541789;384930;0;0;sBELA0;? Unchecked;v1.6.0-147-gfbf9e2e
roadmap;dimacs;78/10;10;    258027;     15880;0;511;6886;208631;1;0;832;0.552395;377685;0;0;sBELA0;? Unchecked;v1.6.0-147-gfbf9e2e
roadmap;dimacs;79/10;10;     10267;    244219;0;503;6762;208610;1;0;832;0.541869;384983;0;0;sBELA0;? Unchecked;v1.6.0-147-gfbf9e2e
roadmap;dimacs;80/10;10;    222207;      3089;0;505;6714;209032;1;0;832;0.554561;376932;0;0;sBELA0;? Unchecked;v1.6.0-147-gfbf9e2e
roadmap;dimacs;81/10;10;      3056;    241705;0;492;6640;206278;1;0;832;0.548225;376266;0;0;sBELA0;? Unchecked;v1.6.0-147-gfbf9e2e
roadmap;dimacs;82/10;10;      6617;    240136;0;495;6658;208144;1;0;832;0.553455;376081;0;0;sBELA0;? Unchecked;v1.6.0-147-gfbf9e2e
roadmap;dimacs;83/10;10;    242148;      9232;0;495;6658;208811;1;0;832;0.553493;377261;0;0;sBELA0;? Unchecked;v1.6.0-147-gfbf9e2e
roadmap;dimacs;84/10;10;    247299;       479;0;514;6920;208754;1;0;832;0.544849;383141;0;0;sBELA0;? Unchecked;v1.6.0-147-gfbf9e2e
roadmap;dimacs;85/10;10;     13844;    253941;0;510;6856;208997;1;0;832;0.545326;383251;0;0;sBELA0;? Unchecked;v1.6.0-147-gfbf9e2e
roadmap;dimacs;86/10;10;      3578;    260146;0;518;6956;208230;1;0;832;0.554628;375441;0;0;sBELA0;? Unchecked;v1.6.0-147-gfbf9e2e
roadmap;dimacs;87/10;10;    258031;     24598;0;499;6706;207158;1;0;832;0.580867;356636;0;0;sBELA0;? Unchecked;v1.6.0-147-gfbf9e2e
roadmap;dimacs;88/10;10;    236012;      8209;0;494;6640;208800;1;0;832;0.554372;376642;0;0;sBELA0;? Unchecked;v1.6.0-147-gfbf9e2e
roadmap;dimacs;89/10;10;      2564;    248267;0;498;6724;206233;1;0;832;0.552312;373400;0;0;sBELA0;? Unchecked;v1.6.0-147-gfbf9e2e
roadmap;dimacs;90/10;10;      1018;    248854;0;521;7002;208376;1;0;832;0.55385;376232;0;0;sBELA0;? Unchecked;v1.6.0-147-gfbf9e2e
roadmap;dimacs;91/10;10;    222716;      6155;0;503;6694;209050;1;0;832;0.55949;373644;0;0;sBELA0;? Unchecked;v1.6.0-147-gfbf9e2e
roadmap;dimacs;92/10;10;     12795;    247326;0;503;6762;207777;1;0;832;0.555774;373852;0;0;sBELA0;? Unchecked;v1.6.0-147-gfbf9e2e
roadmap;dimacs;93/10;10;    248266;       516;0;501;6754;209273;1;0;832;0.556946;375751;0;0;sBELA0;? Unchecked;v1.6.0-147-gfbf9e2e
roadmap;dimacs;94/10;10;     24066;    255486;0;521;6962;209188;1;0;832;0.543118;385161;0;0;sBELA0;? Unchecked;v1.6.0-147-gfbf9e2e
roadmap;dimacs;95/10;10;    247816;       997;0;516;6936;208924;1;0;832;0.544534;383675;0;0;sBELA0;? Unchecked;v1.6.0-147-gfbf9e2e
roadmap;dimacs;96/10;10;    253972;     20465;0;501;6742;208092;1;0;832;0.543799;382663;0;0;sBELA0;? Unchecked;v1.6.0-147-gfbf9e2e
roadmap;dimacs;97/10;10;    252422;      2515;0;511;6866;208267;1;0;832;0.545875;381529;0;0;sBELA0;? Unchecked;v1.6.0-147-gfbf9e2e
roadmap;dimacs;98/10;10;    229860;      1035;0;496;6652;209225;1;0;832;0.553629;377915;0;0;sBELA0;? Unchecked;v1.6.0-147-gfbf9e2e
roadmap;dimacs;99/10;10;    247295;     28681;0;511;6778;207943;1;0;832;0.552947;376063;0;0;sBELA0;? Unchecked;v1.6.0-147-gfbf9e2e
roadmap;dimacs;0/20;20;    252388;     20483;0;505;6762;208608;1;0;832;0.552295;377711;0;0;sBELA0;? Unchecked;v1.6.0-147-gfbf9e2e
roadmap;dimacs;1/20;20;     25106;    246269;0;501;6694;208862;1;0;832;0.550938;379102;0;0;sBELA0;? Unchecked;v1.6.0-147-gfbf9e2e
roadmap;dimacs;2/20;20;    258113;      6647;0;504;6744;209017;1;0;832;0.547236;381950;0;0;sBELA0;? Unchecked;v1.6.0-147-gfbf9e2e
roadmap;dimacs;3/20;20;      2080;    233975;0;500;6692;207560;1;0;832;0.545414;380555;0;0;sBELA0;? Unchecked;v1.6.0-147-gfbf9e2e
roadmap;dimacs;4/20;20;    260625;     26619;0;509;6846;207951;1;0;832;0.540531;384716;0;0;sBELA0;? Unchecked;v1.6.0-147-gfbf9e2e
roadmap;dimacs;5/20;20;    261599;      3595;0;519;7006;209178;1;0;832;0.554268;377395;0;0;sBELA0;? Unchecked;v1.6.0-147-gfbf9e2e
roadmap;dimacs;6/20;20;      4659;    242682;0;494;6640;208369;1;0;832;0.542787;383887;0;0;sBELA0;? Unchecked;v1.6.0-147-gfbf9e2e
roadmap;dimacs;7/20;20;    241670;       978;0;499;6718;208202;1;0;832;0.544979;382037;0;0;sBELA0;? Unchecked;v1.6.0-147-gfbf9e2e
roadmap;dimacs;8/20;20;     38401;    251904;0;518;6816;209172;1;0;832;0.543972;384527;0;0;sBELA0;? Unchecked;v1.6.0-147-gfbf9e2e
roadmap;dimacs;9/20;20;     13831;    249853;0;521;6974;209012;1;0;832;0.545065;383463;0;0;sBELA0;? Unchecked;v1.6.0-147-gfbf9e2e
roadmap;dimacs;10/20;20;     11759;    259591;0;518;7000;209218;1;0;832;0.554239;377487;0;0;sBELA0;? Unchecked;v1.6.0-147-gfbf9e2e
roadmap;dimacs;11/20;20;    236537;     10777;0;497;6662;208333;1;0;832;0.552898;376802;0;0;sBELA0;? Unchecked;v1.6.0-147-gfbf9e2e
roadmap;dimacs;12/20;20;    249882;      5103;0;505;6822;208955;1;0;832;0.544016;384097;0;0;sBELA0;? Unchecked;v1.6.0-147-gfbf9e2e
roadmap;dimacs;13/20;20;      6146;    251872;0;512;6900;208083;1;0;832;0.539833;385458;0;0;sBELA0;? Unchecked;v1.6.0-147-gfbf9e2e
roadmap;dimacs;14/20;20;     22521;    260107;0;513;6914;209170;1;0;832;0.556329;375982;0;0;sBELA0;? Unchecked;v1.6.0-147-gfbf9e2e
roadmap;dimacs;15/20;20;      1533;    250409;0;514;6912;207701;1;0;832;0.552552;375894;0;0;sBELA0;? Unchecked;v1.6.0-147-gfbf9e2e
roadmap;dimacs;16/20;20;    262075;      5139;0;508;6748;208969;1;0;832;0.550961;379281;0;0;sBELA0;? Unchecked;v1.6.0-147-gfbf9e2e
roadmap;dimacs;17/20;20;      5647;    255960;0;505;6810;208099;1;0;832;0.539398;385799;0;0;sBELA0;? Unchecked;v1.6.0-147-gfbf9e2e
roadmap;dimacs;18/20;20;      6119;    252429;0;512;6896;208887;1;0;832;0.581402;359281;0;0;sBELA0;? Unchecked;v1.6.0-147-gfbf9e2e
roadmap;dimacs;19/20;20;      8194;    232422;0;499;6678;206318;1;0;832;0.536697;384422;0;0;sBELA0;? Unchecked;v1.6.0-147-gfbf9e2e
roadmap;dimacs;20/20;20;    252392;     15368;0;507;6810;208704;1;0;832;0.553213;377258;0;0;sBELA0;? Unchecked;v1.6.0-147-gfbf9e2e
roadmap;dimacs;21/20;20;      4622;    230901;0;501;6718;207219;1;0;832;0.538685;384676;0;0;sBELA0;? Unchecked;v1.6.0-147-gfbf9e2e
roadmap;dimacs;22/20;20;    261058;       516;0;519;6930;209273;1;0;832;0.554203;377610;0;0;sBELA0;? Unchecked;v1.6.0-147-gfbf9e2e
roadmap;dimacs;23/20;20;    260633;     31732;0;496;6668;206856;1;0;832;0.537593;384782;0;0;sBELA0;? Unchecked;v1.6.0-147-gfbf9e2e
roadmap;dimacs;24/20;20;      5662;    254952;0;508;6824;208678;1;0;832;0.556613;374907;0;0;sBELA0;? Unchecked;v1.6.0-147-gfbf9e2e
roadmap;dimacs;25/20;20;    234511;     10232;0;500;6712;208971;1;0;832;0.546713;382231;0;0;sBELA0;? Unchecked;v1.6.0-147-gfbf9e2e
roadmap;dimacs;26/20;20;    256495;     24598;0;498;6688;207194;1;0;832;0.550148;376615;0;0;sBELA0;? Unchecked;v1.6.0-147-gfbf9e2e
roadmap;dimacs;27/20;20;      5155;    239099;0;501;6718;208216;1;0;832;0.542861;383553;0;0;sBELA0;? Unchecked;v1.6.0-147-gfbf9e2e
roadmap;dimacs;28/20;20;    260138;      4070;0;514;6864;208881;1;0;832;0.542388;385114;0;0;sBELA0;? Unchecked;v1.6.0-147-gfbf9e2e
roadmap;dimacs;29/20;20;       497;    261718;0;514;6772;207073;1;0;832;0.550546;376123;0;0;sBELA0;? Unchecked;v1.6.0-147-gfbf9e2e
roadmap;dimacs;30/20;20;    250399;     10234;0;506;6816;209043;1;0;832;0.544424;383971;0;0;sBELA0;? Unchecked;v1.6.0-147-gfbf9e2e
roadmap;dimacs;31/20;20;      9245;    237563;0;498;6680;208155;1;0;832;0.541981;384063;0;0;sBELA0;? Unchecked;v1.6.0-147-gfbf9e2e
roadmap;dimacs;32/20;20;    260135;     13276;0;498;6668;207729;1;0;832;0.539915;384744;0;0;sBELA0;? Unchecked;v1.6.0-147-gfbf9e2e
roadmap;dimacs;33/20;20;    252429;     25085;0;506;6800;208203;1;0;832;0.54079;384998;0;0;sBELA0;? Unchecked;v1.6.0-147-gfbf9e2e
roadmap;dimacs;34/20;20;      3098;    231926;0;498;6676;207326;1;0;832;0.556566;372509;0;0;sBELA0;? Unchecked;v1.6.0-147-gfbf9e2e
roadmap;dimacs;35/20;20;     19421;    257032;0;499;6730;209165;1;0;832;0.560969;372864;0;0;sBELA0;? Unchecked;v1.6.0-147-gfbf9e2e
roadmap;dimacs;36/20;20;      1057;    248820;0;511;6866;208578;1;0;832;0.545683;382233;0;0;sBELA0;? Unchecked;v1.6.0-147-gfbf9e2e
roadmap;dimacs;37/20;20;    258041;     41474;0;510;6760;206971;1;0;832;0.548819;377121;0;0;sBELA0;? Unchecked;v1.6.0-147-gfbf9e2e
roadmap;dimacs;38/20;20;      8712;    259539;0;507;6834;208169;1;0;832;0.547695;380082;0;0;sBELA0;? Unchecked;v1.6.0-147-gfbf9e2e
roadmap;dimacs;39/20;20;    261646;      4574;0;519;6982;208588;1;0;832;0.546006;382025;0;0;sBELA0;? Unchecked;v1.6.0-147-gfbf9e2e
roadmap;dimacs;40/20;20;       520;    222196;0;505;6726;206214;1;0;832;0.548517;375948;0;0;sBELA0;? Unchecked;v1.6.0-147-gfbf9e2e
roadmap;dimacs;41/20;20;    242196;     17909;0;499;6674;208526;1;0;832;0.541995;384738;0;0;sBELA0;? Unchecked;v1.6.0-147-gfbf9e2e
roadmap;dimacs;42/20;20;    248265;         8;0;499;6726;209260;1;0;832;0.554997;377047;0;0;sBELA0;? Unchecked;v1.6.0-147-gfbf9e2e
roadmap;dimacs;43/20;20;    251395;     33785;0;508;6760;207446;1;0;832;0.540048;384125;0;0;sBELA0;? Unchecked;v1.6.0-147-gfbf9e2e
roadmap;dimacs;44/20;20;    254972;     13864;0;501;6758;207203;1;0;832;0.55107;376002;0;0;sBELA0;? Unchecked;v1.6.0-147-gfbf9e2e
roadmap;dimacs;45/20;20;      1998;    257065;0;503;6698;208372;1;0;832;0.551312;377957;0;0;sBELA0;? Unchecked;v1.6.0-147-gfbf9e2e
roadmap;dimacs;46/20;20;    256009;     28663;0;505;6786;207563;1;0;832;0.540649;383915;0;0;sBELA0;? Unchecked;v1.6.0-147-gfbf9e2e
roadmap;dimacs;47/20;20;     18946;    261099;0;516;6940;208987;1;0;832;0.547529;381691;0;0;sBELA0;? Unchecked;v1.6.0-147-gfbf9e2e
roadmap;dimacs;48/20;20;    253391;     13313;0;499;6714;208997;1;0;832;0.562229;371729;0;0;sBELA0;? Unchecked;v1.6.0-147-gfbf9e2e
roadmap;dimacs;49/20;20;    236014;     15363;0;502;6696;208947;1;0;832;0.55404;377133;0;0;sBELA0;? Unchecked;v1.6.0-147-gfbf9e2e
roadmap;dimacs;50/20;20;    256039;     16370;0;499;6706;208414;1;0;832;0.541745;384709;0;0;sBELA0;? Unchecked;v1.6.0-147-gfbf9e2e
roadmap;dimacs;51/20;20;      5165;    247296;0;506;6792;208871;1;0;832;0.551579;378678;0;0;sBELA0;? Unchecked;v1.6.0-147-gfbf9e2e
roadmap;dimacs;52/20;20;      9228;    248313;0;514;6920;208820;1;0;832;0.541651;385525;0;0;sBELA0;? Unchecked;v1.6.0-147-gfbf9e2e
roadmap;dimacs;53/20;20;    246784;     29193;0;511;6774;207871;1;0;832;0.553453;375589;0;0;sBELA0;? Unchecked;v1.6.0-147-gfbf9e2e
roadmap;dimacs;54/20;20;    246280;       497;0;522;7012;209167;1;0;832;0.548419;381400;0;0;sBELA0;? Unchecked;v1.6.0-147-gfbf9e2e
roadmap;dimacs;55/20;20;      1064;    237055;0;501;6730;208161;1;0;832;0.543402;383070;0;0;sBELA0;? Unchecked;v1.6.0-147-gfbf9e2e
roadmap;dimacs;56/20;20;    245279;     11768;0;503;6738;208961;1;0;832;0.546881;382096;0;0;sBELA0;? Unchecked;v1.6.0-147-gfbf9e2e
roadmap;dimacs;57/20;20;     11776;    259096;0;525;7046;208924;1;0;832;0.558354;374179;0;0;sBELA0;? Unchecked;v1.6.0-147-gfbf9e2e
roadmap;dimacs;58/20;20;    250326;     10251;0;494;6672;208839;1;0;832;0.554298;376763;0;0;sBELA0;? Unchecked;v1.6.0-147-gfbf9e2e
roadmap;dimacs;59/20;20;    259526;     10253;0;498;6696;208750;1;0;832;0.552812;377615;0;0;sBELA0;? Unchecked;v1.6.0-147-gfbf9e2e
roadmap;dimacs;60/20;20;    261664;      6127;0;519;6966;208945;1;0;832;0.543643;384342;0;0;sBELA0;? Unchecked;v1.6.0-147-gfbf9e2e
roadmap;dimacs;61/20;20;      3567;    242195;0;504;6796;207840;1;0;832;0.55377;375318;0;0;sBELA0;? Unchecked;v1.6.0-147-gfbf9e2e
roadmap;dimacs;62/20;20;    261097;     20519;0;490;6616;206296;1;0;832;0.548724;375956;0;0;sBELA0;? Unchecked;v1.6.0-147-gfbf9e2e
roadmap;dimacs;63/20;20;      5063;    254998;0;497;6670;208727;1;0;832;0.553424;377156;0;0;sBELA0;? Unchecked;v1.6.0-147-gfbf9e2e
roadmap;dimacs;64/20;20;      2086;    262100;0;513;6826;208623;1;0;832;0.540657;385869;0;0;sBELA0;? Unchecked;v1.6.0-147-gfbf9e2e
roadmap;dimacs;65/20;20;    260641;      4092;0;524;7052;209205;1;0;832;0.544165;384452;0;0;sBELA0;? Unchecked;v1.6.0-147-gfbf9e2e
roadmap;dimacs;66/20;20;      3111;    242164;0;498;6696;208050;1;0;832;0.553878;375624;0;0;sBELA0;? Unchecked;v1.6.0-147-gfbf9e2e
roadmap;dimacs;67/20;20;      2132;    262139;0;514;6804;209268;1;0;832;0.551024;379780;0;0;sBELA0;? Unchecked;v1.6.0-147-gfbf9e2e
roadmap;dimacs;68/20;20;    246721;      1026;0;496;6680;209275;1;0;832;0.554231;377595;0;0;sBELA0;? Unchecked;v1.6.0-147-gfbf9e2e
roadmap;dimacs;69/20;20;     20480;    245279;0;496;6660;207457;1;0;832;0.554807;373926;0;0;sBELA0;? Unchecked;v1.6.0-147-gfbf9e2e
roadmap;dimacs;70/20;20;    262132;     12294;0;526;7080;208937;1;0;832;0.555229;376308;0;0;sBELA0;? Unchecked;v1.6.0-147-gfbf9e2e
roadmap;dimacs;71/20;20;      2058;    240595;0;496;6664;205857;1;0;832;0.537076;383292;0;0;sBELA0;? Unchecked;v1.6.0-147-gfbf9e2e
roadmap;dimacs;72/20;20;    255999;      8716;0;524;7068;208906;1;0;832;0.558913;373772;0;0;sBELA0;? Unchecked;v1.6.0-147-gfbf9e2e
roadmap;dimacs;73/20;20;      4599;    239654;0;497;6682;206441;1;0;832;0.551259;374490;0;0;sBELA0;? Unchecked;v1.6.0-147-gfbf9e2e
roadmap;dimacs;74/20;20;    259083;     27133;0;510;6868;208023;1;0;832;0.542398;383525;0;0;sBELA0;? Unchecked;v1.6.0-147-gfbf9e2e
roadmap;dimacs;75/20;20;      4066;    255519;0;508;6820;208543;1;0;832;0.557714;373925;0;0;sBELA0;? Unchecked;v1.6.0-147-gfbf9e2e
roadmap;dimacs;76/20;20;    260612;      4579;0;523;7058;208684;1;0;832;0.544756;383078;0;0;sBELA0;? Unchecked;v1.6.0-147-gfbf9e2e
roadmap;dimacs;77/20;20;    254984;     11245;0;515;6938;208551;1;0;832;0.542116;384698;0;0;sBELA0;? Unchecked;v1.6.0-147-gfbf9e2e
roadmap;dimacs;78/20;20;    258027;     15880;0;511;6886;208631;1;0;832;0.552758;377436;0;0;sBELA0;? Unchecked;v1.6.0-147-gfbf9e2e
roadmap;dimacs;79/20;20;     10267;    244219;0;503;6762;208610;1;0;832;0.543087;384119;0;0;sBELA0;? Unchecked;v1.6.0-147-gfbf9e2e
roadmap;dimacs;80/20;20;    222207;      3089;0;505;6714;209032;1;0;832;0.558155;374505;0;0;sBELA0;? Unchecked;v1.6.0-147-gfbf9e2e
roadmap;dimacs;81/20;20;      3056;    241705;0;492;6640;206278;1;0;832;0.549079;375680;0;0;sBELA0;? Unchecked;v1.6.0-147-gfbf9e2e
roadmap;dimacs;82/20;20;      6617;    240136;0;495;6658;208144;1;0;832;0.585946;355228;0;0;sBELA0;? Unchecked;v1.6.0-147-gfbf9e2e
roadmap;dimacs;83/20;20;    242148;      9232;0;495;6658;208811;1;0;832;0.553268;377414;0;0;sBELA0;? Unchecked;v1.6.0-147-gfbf9e2e
roadmap;dimacs;84/20;20;    247299;       479;0;514;6920;208754;1;0;832;0.544791;383181;0;0;sBELA0;? Unchecked;v1.6.0-147-gfbf9e2e
roadmap;dimacs;85/20;20;     13844;    253941;0;510;6856;208997;1;0;832;0.542381;385332;0;0;sBELA0;? Unchecked;v1.6.0-147-gfbf9e2e
roadmap;dimacs;86/20;20;      3578;    260146;0;518;6956;208230;1;0;832;0.555058;375150;0;0;sBELA0;? Unchecked;v1.6.0-147-gfbf9e2e
roadmap;dimacs;87/20;20;    258031;     24598;0;499;6706;207158;1;0;832;0.550324;376429;0;0;sBELA0;? Unchecked;v1.6.0-147-gfbf9e2e
roadmap;dimacs;88/20;20;    236012;      8209;0;494;6640;208800;1;0;832;0.553052;377541;0;0;sBELA0;? Unchecked;v1.6.0-147-gfbf9e2e
roadmap;dimacs;89/20;20;      2564;    248267;0;498;6724;206233;1;0;832;0.537618;383605;0;0;sBELA0;? Unchecked;v1.6.0-147-gfbf9e2e
roadmap;dimacs;90/20;20;      1018;    248854;0;521;7002;208376;1;0;832;0.552424;377203;0;0;sBELA0;? Unchecked;v1.6.0-147-gfbf9e2e
roadmap;dimacs;91/20;20;    222716;      6155;0;503;6694;209050;1;0;832;0.559942;373342;0;0;sBELA0;? Unchecked;v1.6.0-147-gfbf9e2e
roadmap;dimacs;92/20;20;     12795;    247326;0;503;6762;207777;1;0;832;0.565161;367642;0;0;sBELA0;? Unchecked;v1.6.0-147-gfbf9e2e
roadmap;dimacs;93/20;20;    248266;       516;0;501;6754;209273;1;0;832;0.55348;378104;0;0;sBELA0;? Unchecked;v1.6.0-147-gfbf9e2e
roadmap;dimacs;94/20;20;     24066;    255486;0;521;6962;209188;1;0;832;0.545914;383189;0;0;sBELA0;? Unchecked;v1.6.0-147-gfbf9e2e
roadmap;dimacs;95/20;20;    247816;       997;0;516;6936;208924;1;0;832;0.547122;381860;0;0;sBELA0;? Unchecked;v1.6.0-147-gfbf9e2e
roadmap;dimacs;96/20;20;    253972;     20465;0;501;6742;208092;1;0;832;0.541844;384044;0;0;sBELA0;? Unchecked;v1.6.0-147-gfbf9e2e
roadmap;dimacs;97/20;20;    252422;      2515;0;511;6866;208267;1;0;832;0.54256;383860;0;0;sBELA0;? Unchecked;v1.6.0-147-gfbf9e2e
roadmap;dimacs;98/20;20;    229860;      1035;0;496;6652;209225;1;0;832;0.603034;346954;0;0;sBELA0;? Unchecked;v1.6.0-147-gfbf9e2e
roadmap;dimacs;99/20;20;    247295;     28681;0;511;6778;207943;1;0;832;0.550776;377546;0;0;sBELA0;? Unchecked;v1.6.0-147-gfbf9e2e
roadmap;dimacs;0/30;30;    252388;     20483;0;505;6762;208608;1;0;832;0.553232;377071;0;0;sBELA0;? Unchecked;v1.6.0-147-gfbf9e2e
roadmap;dimacs;1/30;30;     25106;    246269;0;501;6694;208862;1;0;832;0.552867;377780;0;0;sBELA0;? Unchecked;v1.6.0-147-gfbf9e2e
roadmap;dimacs;2/30;30;    258113;      6647;0;504;6744;209017;1;0;832;0.546786;382264;0;0;sBELA0;? Unchecked;v1.6.0-147-gfbf9e2e
roadmap;dimacs;3/30;30;      2080;    233975;0;500;6692;207560;1;0;832;0.542923;382301;0;0;sBELA0;? Unchecked;v1.6.0-147-gfbf9e2e
roadmap;dimacs;4/30;30;    260625;     26619;0;509;6846;207951;1;0;832;0.541035;384358;0;0;sBELA0;? Unchecked;v1.6.0-147-gfbf9e2e
roadmap;dimacs;5/30;30;    261599;      3595;0;519;7006;209178;1;0;832;0.558178;374751;0;0;sBELA0;? Unchecked;v1.6.0-147-gfbf9e2e
roadmap;dimacs;6/30;30;      4659;    242682;0;494;6640;208369;1;0;832;0.54985;378956;0;0;sBELA0;? Unchecked;v1.6.0-147-gfbf9e2e
roadmap;dimacs;7/30;30;    241670;       978;0;499;6718;208202;1;0;832;0.546669;380856;0;0;sBELA0;? Unchecked;v1.6.0-147-gfbf9e2e
roadmap;dimacs;8/30;30;     38401;    251904;0;518;6816;209172;1;0;832;0.543136;385119;0;0;sBELA0;? Unchecked;v1.6.0-147-gfbf9e2e
roadmap;dimacs;9/30;30;     13831;    249853;0;521;6974;209012;1;0;832;0.543108;384844;0;0;sBELA0;? Unchecked;v1.6.0-147-gfbf9e2e
roadmap;dimacs;10/30;30;     11759;    259591;0;518;7000;209218;1;0;832;0.564231;370802;0;0;sBELA0;? Unchecked;v1.6.0-147-gfbf9e2e
roadmap;dimacs;11/30;30;    236537;     10777;0;497;6662;208333;1;0;832;0.555029;375355;0;0;sBELA0;? Unchecked;v1.6.0-147-gfbf9e2e
roadmap;dimacs;12/30;30;    249882;      5103;0;505;6822;208955;1;0;832;0.548633;380865;0;0;sBELA0;? Unchecked;v1.6.0-147-gfbf9e2e
roadmap;dimacs;13/30;30;      6146;    251872;0;512;6900;208083;1;0;832;0.5442;382365;0;0;sBELA0;? Unchecked;v1.6.0-147-gfbf9e2e
roadmap;dimacs;14/30;30;     22521;    260107;0;513;6914;209170;1;0;832;0.599444;348940;0;0;sBELA0;? Unchecked;v1.6.0-147-gfbf9e2e
roadmap;dimacs;15/30;30;      1533;    250409;0;514;6912;207701;1;0;832;0.55442;374628;0;0;sBELA0;? Unchecked;v1.6.0-147-gfbf9e2e
roadmap;dimacs;16/30;30;    262075;      5139;0;508;6748;208969;1;0;832;0.555761;376005;0;0;sBELA0;? Unchecked;v1.6.0-147-gfbf9e2e
roadmap;dimacs;17/30;30;      5647;    255960;0;505;6810;208099;1;0;832;0.543689;382754;0;0;sBELA0;? Unchecked;v1.6.0-147-gfbf9e2e
roadmap;dimacs;18/30;30;      6119;    252429;0;512;6896;208887;1;0;832;0.554934;376418;0;0;sBELA0;? Unchecked;v1.6.0-147-gfbf9e2e
roadmap;dimacs;19/30;30;      8194;    232422;0;499;6678;206318;1;0;832;0.543107;379885;0;0;sBELA0;? Unchecked;v1.6.0-147-gfbf9e2e
roadmap;dimacs;20/30;30;    252392;     15368;0;507;6810;208704;1;0;832;0.568857;366883;0;0;sBELA0;? Unchecked;v1.6.0-147-gfbf9e2e
roadmap;dimacs;21/30;30;      4622;    230901;0;501;6718;207219;1;0;832;0.538446;384846;0;0;sBELA0;? Unchecked;v1.6.0-147-gfbf9e2e
roadmap;dimacs;22/30;30;    261058;       516;0;519;6930;209273;1;0;832;0.554596;377343;0;0;sBELA0;? Unchecked;v1.6.0-147-gfbf9e2e
roadmap;dimacs;23/30;30;    260633;     31732;0;496;6668;206856;1;0;832;0.538;384491;0;0;sBELA0;? Unchecked;v1.6.0-147-gfbf9e2e
roadmap;dimacs;24/30;30;      5662;    254952;0;508;6824;208678;1;0;832;0.548345;380560;0;0;sBELA0;? Unchecked;v1.6.0-147-gfbf9e2e
roadmap;dimacs;25/30;30;    234511;     10232;0;500;6712;208971;1;0;832;0.547409;381745;0;0;sBELA0;? Unchecked;v1.6.0-147-gfbf9e2e
roadmap;dimacs;26/30;30;    256495;     24598;0;498;6688;207194;1;0;832;0.549386;377137;0;0;sBELA0;? Unchecked;v1.6.0-147-gfbf9e2e
roadmap;dimacs;27/30;30;      5155;    239099;0;501;6718;208216;1;0;832;0.541112;384793;0;0;sBELA0;? Unchecked;v1.6.0-147-gfbf9e2e
roadmap;dimacs;28/30;30;    260138;      4070;0;514;6864;208881;1;0;832;0.545112;383189;0;0;sBELA0;? Unchecked;v1.6.0-147-gfbf9e2e
roadmap;dimacs;29/30;30;       497;    261718;0;514;6772;207073;1;0;832;0.551875;375217;0;0;sBELA0;? Unchecked;v1.6.0-147-gfbf9e2e
roadmap;dimacs;30/30;30;    250399;     10234;0;506;6816;209043;1;0;832;0.585662;356935;0;0;sBELA0;? Unchecked;v1.6.0-147-gfbf9e2e
roadmap;dimacs;31/30;30;      9245;    237563;0;498;6680;208155;1;0;832;0.541417;384463;0;0;sBELA0;? Unchecked;v1.6.0-147-gfbf9e2e
roadmap;dimacs;32/30;30;    260135;     13276;0;498;6668;207729;1;0;832;0.545749;380631;0;0;sBELA0;? Unchecked;v1.6.0-147-gfbf9e2e
roadmap;dimacs;33/30;30;    252429;     25085;0;506;6800;208203;1;0;832;0.547155;380519;0;0;sBELA0;? Unchecked;v1.6.0-147-gfbf9e2e
roadmap;dimacs;34/30;30;      3098;    231926;0;498;6676;207326;1;0;832;0.54109;383164;0;0;sBELA0;? Unchecked;v1.6.0-147-gfbf9e2e
roadmap;dimacs;35/30;30;     19421;    257032;0;499;6730;209165;1;0;832;0.556524;375842;0;0;sBELA0;? Unchecked;v1.6.0-147-gfbf9e2e
roadmap;dimacs;36/30;30;      1057;    248820;0;511;6866;208578;1;0;832;0.543212;383972;0;0;sBELA0;? Unchecked;v1.6.0-147-gfbf9e2e
roadmap;dimacs;37/30;30;    258041;     41474;0;510;6760;206971;1;0;832;0.552874;374355;0;0;sBELA0;? Unchecked;v1.6.0-147-gfbf9e2e
roadmap;dimacs;38/30;30;      8712;    259539;0;507;6834;208169;1;0;832;0.541924;384129;0;0;sBELA0;? Unchecked;v1.6.0-147-gfbf9e2e
roadmap;dimacs;39/30;30;    261646;      4574;0;519;6982;208588;1;0;832;0.544979;382745;0;0;sBELA0;? Unchecked;v1.6.0-147-gfbf9e2e
roadmap;dimacs;40/30;30;       520;    222196;0;505;6726;206214;1;0;832;0.546252;377507;0;0;sBELA0;? Unchecked;v1.6.0-147-gfbf9e2e
roadmap;dimacs;41/30;30;    242196;     17909;0;499;6674;208526;1;0;832;0.546575;381514;0;0;sBELA0;? Unchecked;v1.6.0-147-gfbf9e2e
roadmap;dimacs;42/30;30;    248265;         8;0;499;6726;209260;1;0;832;0.558195;374887;0;0;sBELA0;? Unchecked;v1.6.0-147-gfbf9e2e
roadmap;dimacs;43/30;30;    251395;     33785;0;508;6760;207446;1;0;832;0.552159;375700;0;0;sBELA0;? Unchecked;v1.6.0-147-gfbf9e2e
roadmap;dimacs;44/30;30;    254972;     13864;0;501;6758;207203;1;0;832;0.552509;375022;0;0;sBELA0;? Unchecked;v1.6.0-147-gfbf9e2e
roadmap;dimacs;45/30;30;      1998;    257065;0;503;6698;208372;1;0;832;0.555583;375051;0;0;sBELA0;? Unchecked;v1.6.0-147-gfbf9e2e
roadmap;dimacs;46/30;30;    256009;     28663;0;505;6786;207563;1;0;832;0.555902;373380;0;0;sBELA0;? Unchecked;v1.6.0-147-gfbf9e2e
roadmap;dimacs;47/30;30;     18946;    261099;0;516;6940;208987;1;0;832;0.545373;383200;0;0;sBELA0;? Unchecked;v1.6.0-147-gfbf9e2e
roadmap;dimacs;48/30;30;    253391;     13313;0;499;6714;208997;1;0;832;0.553735;377431;0;0;sBELA0;? Unchecked;v1.6.0-147-gfbf9e2e
roadmap;dimacs;49/30;30;    236014;     15363;0;502;6696;208947;1;0;832;0.563713;370662;0;0;sBELA0;? Unchecked;v1.6.0-147-gfbf9e2e
roadmap;dimacs;50/30;30;    256039;     16370;0;499;6706;208414;1;0;832;0.542983;383831;0;0;sBELA0;? Unchecked;v1.6.0-147-gfbf9e2e
roadmap;dimacs;51/30;30;      5165;    247296;0;506;6792;208871;1;0;832;0.554565;376639;0;0;sBELA0;? Unchecked;v1.6.0-147-gfbf9e2e
roadmap;dimacs;52/30;30;      9228;    248313;0;514;6920;208820;1;0;832;0.545962;382481;0;0;sBELA0;? Unchecked;v1.6.0-147-gfbf9e2e
roadmap;dimacs;53/30;30;    246784;     29193;0;511;6774;207871;1;0;832;0.551147;377161;0;0;sBELA0;? Unchecked;v1.6.0-147-gfbf9e2e
roadmap;dimacs;54/30;30;    246280;       497;0;522;7012;209167;1;0;832;0.547308;382174;0;0;sBELA0;? Unchecked;v1.6.0-147-gfbf9e2e
roadmap;dimacs;55/30;30;      1064;    237055;0;501;6730;208161;1;0;832;0.543476;383018;0;0;sBELA0;? Unchecked;v1.6.0-147-gfbf9e2e
roadmap;dimacs;56/30;30;    245279;     11768;0;503;6738;208961;1;0;832;0.547934;381362;0;0;sBELA0;? Unchecked;v1.6.0-147-gfbf9e2e
roadmap;dimacs;57/30;30;     11776;    259096;0;525;7046;208924;1;0;832;0.556744;375261;0;0;sBELA0;? Unchecked;v1.6.0-147-gfbf9e2e
roadmap;dimacs;58/30;30;    250326;     10251;0;494;6672;208839;1;0;832;0.554768;376444;0;0;sBELA0;? Unchecked;v1.6.0-147-gfbf9e2e
roadmap;dimacs;59/30;30;    259526;     10253;0;498;6696;208750;1;0;832;0.55182;378294;0;0;sBELA0;? Unchecked;v1.6.0-147-gfbf9e2e
roadmap;dimacs;60/30;30;    261664;      6127;0;519;6966;208945;1;0;832;0.54535;383139;0;0;sBELA0;? Unchecked;v1.6.0-147-gfbf9e2e
roadmap;dimacs;61/30;30;      3567;    242195;0;504;6796;207840;1;0;832;0.582366;356889;0;0;sBELA0;? Unchecked;v1.6.0-147-gfbf9e2e
roadmap;dimacs;62/30;30;    261097;     20519;0;490;6616;206296;1;0;832;0.564499;365450;0;0;sBELA0;? Unchecked;v1.6.0-147-gfbf9e2e
roadmap;dimacs;63/30;30;      5063;    254998;0;497;6670;208727;1;0;832;0.553603;377034;0;0;sBELA0;? Unchecked;v1.6.0-147-gfbf9e2e
roadmap;dimacs;64/30;30;      2086;    262100;0;513;6826;208623;1;0;832;0.541212;385474;0;0;sBELA0;? Unchecked;v1.6.0-147-gfbf9e2e
roadmap;dimacs;65/30;30;    260641;      4092;0;524;7052;209205;1;0;832;0.547361;382206;0;0;sBELA0;? Unchecked;v1.6.0-147-gfbf9e2e
roadmap;dimacs;66/30;30;      3111;    242164;0;498;6696;208050;1;0;832;0.544914;381804;0;0;sBELA0;? Unchecked;v1.6.0-147-gfbf9e2e
roadmap;dimacs;67/30;30;      2132;    262139;0;514;6804;209268;1;0;832;0.545658;383515;0;0;sBELA0;? Unchecked;v1.6.0-147-gfbf9e2e
roadmap;dimacs;68/30;30;    246721;      1026;0;496;6680;209275;1;0;862;0.563373;371468;0;0;sBELA0;? Unchecked;v1.6.0-147-gfbf9e2e
roadmap;dimacs;69/30;30;     20480;    245279;0;496;6660;207457;1;0;862;0.555602;373391;0;0;sBELA0;? Unchecked;v1.6.0-147-gfbf9e2e
roadmap;dimacs;70/30;30;    262132;     12294;0;526;7080;208937;1;0;862;0.554463;376828;0;0;sBELA0;? Unchecked;v1.6.0-147-gfbf9e2e
roadmap;dimacs;71/30;30;      2058;    240595;0;496;6664;205857;1;0;862;0.537638;382892;0;0;sBELA0;? Unchecked;v1.6.0-147-gfbf9e2e
roadmap;dimacs;72/30;30;    255999;      8716;0;524;7068;208906;1;0;862;0.55349;377434;0;0;sBELA0;? Unchecked;v1.6.0-147-gfbf9e2e
roadmap;dimacs;73/30;30;      4599;    239654;0;497;6682;206441;1;0;862;0.550119;375266;0;0;sBELA0;? Unchecked;v1.6.0-147-gfbf9e2e
roadmap;dimacs;74/30;30;    259083;     27133;0;510;6868;208023;1;0;862;0.54368;382620;0;0;sBELA0;? Unchecked;v1.6.0-147-gfbf9e2e
roadmap;dimacs;75/30;30;      4066;    255519;0;508;6820;208543;1;0;862;0.554642;375995;0;0;sBELA0;? Unchecked;v1.6.0-147-gfbf9e2e
roadmap;dimacs;76/30;30;    260612;      4579;0;523;7058;208684;1;0;862;0.547224;381350;0;0;sBELA0;? Unchecked;v1.6.0-147-gfbf9e2e
roadmap;dimacs;77/30;30;    254984;     11245;0;515;6938;208551;1;0;862;0.585956;355916;0;0;sBELA0;? Unchecked;v1.6.0-147-gfbf9e2e
roadmap;dimacs;78/30;30;    258027;     15880;0;511;6886;208631;1;0;862;0.552045;377924;0;0;sBELA0;? Unchecked;v1.6.0-147-gfbf9e2e
roadmap;dimacs;79/30;30;     10267;    244219;0;503;6762;208610;1;0;862;0.543627;383737;0;0;sBELA0;? Unchecked;v1.6.0-147-gfbf9e2e
roadmap;dimacs;80/30;30;    222207;      3089;0;505;6714;209032;1;0;862;0.555745;376129;0;0;sBELA0;? Unchecked;v1.6.0-147-gfbf9e2e
roadmap;dimacs;81/30;30;      3056;    241705;0;492;6640;206278;1;0;862;0.54977;375208;0;0;sBELA0;? Unchecked;v1.6.0-147-gfbf9e2e
roadmap;dimacs;82/30;30;      6617;    240136;0;495;6658;208144;1;0;862;0.551918;377129;0;0;sBELA0;? Unchecked;v1.6.0-147-gfbf9e2e
roadmap;dimacs;83/30;30;    242148;      9232;0;495;6658;208811;1;0;862;0.566564;368557;0;0;sBELA0;? Unchecked;v1.6.0-147-gfbf9e2e
roadmap;dimacs;84/30;30;    247299;       479;0;514;6920;208754;1;0;862;0.544067;383692;0;0;sBELA0;? Unchecked;v1.6.0-147-gfbf9e2e
roadmap;dimacs;85/30;30;     13844;    253941;0;510;6856;208997;1;0;862;0.543153;384785;0;0;sBELA0;? Unchecked;v1.6.0-147-gfbf9e2e
roadmap;dimacs;86/30;30;      3578;    260146;0;518;6956;208230;1;0;862;0.553762;376028;0;0;sBELA0;? Unchecked;v1.6.0-147-gfbf9e2e
roadmap;dimacs;87/30;30;    258031;     24598;0;499;6706;207158;1;0;862;0.554792;373398;0;0;sBELA0;? Unchecked;v1.6.0-147-gfbf9e2e
roadmap;dimacs;88/30;30;    236012;      8209;0;494;6640;208800;1;0;862;0.557101;374797;0;0;sBELA0;? Unchecked;v1.6.0-147-gfbf9e2e
roadmap;dimacs;89/30;30;      2564;    248267;0;498;6724;206233;1;0;862;0.53609;384698;0;0;sBELA0;? Unchecked;v1.6.0-147-gfbf9e2e
roadmap;dimacs;90/30;30;      1018;    248854;0;521;7002;208376;1;0;862;0.553421;376524;0;0;sBELA0;? Unchecked;v1.6.0-147-gfbf9e2e
roadmap;dimacs;91/30;30;    222716;      6155;0;503;6694;209050;1;0;862;0.554092;377284;0;0;sBELA0;? Unchecked;v1.6.0-147-gfbf9e2e
roadmap;dimacs;92/30;30;     12795;    247326;0;503;6762;207777;1;0;862;0.554416;374767;0;0;sBELA0;? Unchecked;v1.6.0-147-gfbf9e2e
roadmap;dimacs;93/30;30;    248266;       516;0;501;6754;209273;1;0;862;0.602368;347417;0;0;sBELA0;? Unchecked;v1.6.0-147-gfbf9e2e
roadmap;dimacs;94/30;30;     24066;    255486;0;521;6962;209188;1;0;862;0.542312;385733;0;0;sBELA0;? Unchecked;v1.6.0-147-gfbf9e2e
roadmap;dimacs;95/30;30;    247816;       997;0;516;6936;208924;1;0;862;0.545279;383151;0;0;sBELA0;? Unchecked;v1.6.0-147-gfbf9e2e
roadmap;dimacs;96/30;30;    253972;     20465;0;501;6742;208092;1;0;862;0.549873;378436;0;0;sBELA0;? Unchecked;v1.6.0-147-gfbf9e2e
roadmap;dimacs;97/30;30;    252422;      2515;0;511;6866;208267;1;0;862;0.544758;382311;0;0;sBELA0;? Unchecked;v1.6.0-147-gfbf9e2e
roadmap;dimacs;98/30;30;    229860;      1035;0;496;6652;209225;1;0;862;0.55668;375844;0;0;sBELA0;? Unchecked;v1.6.0-147-gfbf9e2e
roadmap;dimacs;99/30;30;    247295;     28681;0;511;6778;207943;1;0;862;0.555392;374407;0;0;sBELA0;? Unchecked;v1.6.0-147-gfbf9e2e
roadmap;dimacs;0/40;40;    252388;     20483;0;505;6762;208608;1;0;862;0.556887;374597;0;0;sBELA0;? Unchecked;v1.6.0-147-gfbf9e2e
roadmap;dimacs;1/40;40;     25106;    246269;0;501;6694;208862;1;0;862;0.544332;383703;0;0;sBELA0;? Unchecked;v1.6.0-147-gfbf9e2e
roadmap;dimacs;2/40;40;    258113;      6647;0;504;6744;209017;1;0;862;0.542726;385124;0;0;sBELA0;? Unchecked;v1.6.0-147-gfbf9e2e
roadmap;dimacs;3/40;40;      2080;    233975;0;500;6692;207560;1;0;862;0.540867;383754;0;0;sBELA0;? Unchecked;v1.6.0-147-gfbf9e2e
roadmap;dimacs;4/40;40;    260625;     26619;0;509;6846;207951;1;0;862;0.543384;382696;0;0;sBELA0;? Unchecked;v1.6.0-147-gfbf9e2e
roadmap;dimacs;5/40;40;    261599;      3595;0;519;7006;209178;1;0;862;0.555871;376307;0;0;sBELA0;? Unchecked;v1.6.0-147-gfbf9e2e
roadmap;dimacs;6/40;40;      4659;    242682;0;494;6640;208369;1;0;862;0.542585;384030;0;0;sBELA0;? Unchecked;v1.6.0-147-gfbf9e2e
roadmap;dimacs;7/40;40;    241670;       978;0;499;6718;208202;1;0;862;0.549952;378582;0;0;sBELA0;? Unchecked;v1.6.0-147-gfbf9e2e
roadmap;dimacs;8/40;40;     38401;    251904;0;518;6816;209172;1;0;862;0.551167;379508;0;0;sBELA0;? Unchecked;v1.6.0-147-gfbf9e2e
roadmap;dimacs;9/40;40;     13831;    249853;0;521;6974;209012;1;0;862;0.575004;363496;0;0;sBELA0;? Unchecked;v1.6.0-147-gfbf9e2e
roadmap;dimacs;10/40;40;     11759;    259591;0;518;7000;209218;1;0;862;0.558003;374941;0;0;sBELA0;? Unchecked;v1.6.0-147-gfbf9e2e
roadmap;dimacs;11/40;40;    236537;     10777;0;497;6662;208333;1;0;862;0.555893;374772;0;0;sBELA0;? Unchecked;v1.6.0-147-gfbf9e2e
roadmap;dimacs;12/40;40;    249882;      5103;0;505;6822;208955;1;0;862;0.546753;382174;0;0;sBELA0;? Unchecked;v1.6.0-147-gfbf9e2e
roadmap;dimacs;13/40;40;      6146;    251872;0;512;6900;208083;1;0;862;0.542821;383336;0;0;sBELA0;? Unchecked;v1.6.0-147-gfbf9e2e
roadmap;dimacs;14/40;40;     22521;    260107;0;513;6914;209170;1;0;862;0.573155;364945;0;0;sBELA0;? Unchecked;v1.6.0-147-gfbf9e2e
roadmap;dimacs;15/40;40;      1533;    250409;0;514;6912;207701;1;0;862;0.55288;375671;0;0;sBELA0;? Unchecked;v1.6.0-147-gfbf9e2e
roadmap;dimacs;16/40;40;    262075;      5139;0;508;6748;208969;1;0;862;0.554425;376911;0;0;sBELA0;? Unchecked;v1.6.0-147-gfbf9e2e
roadmap;dimacs;17/40;40;      5647;    255960;0;505;6810;208099;1;0;862;0.543778;382691;0;0;sBELA0;? Unchecked;v1.6.0-147-gfbf9e2e
roadmap;dimacs;18/40;40;      6119;    252429;0;512;6896;208887;1;0;862;0.555365;376125;0;0;sBELA0;? Unchecked;v1.6.0-147-gfbf9e2e
roadmap;dimacs;19/40;40;      8194;    232422;0;499;6678;206318;1;0;862;0.540488;381725;0;0;sBELA0;? Unchecked;v1.6.0-147-gfbf9e2e
roadmap;dimacs;20/40;40;    252392;     15368;0;507;6810;208704;1;0;862;0.555483;375717;0;0;sBELA0;? Unchecked;v1.6.0-147-gfbf9e2e
roadmap;dimacs;21/40;40;      4622;    230901;0;501;6718;207219;1;0;862;0.54253;381949;0;0;sBELA0;? Unchecked;v1.6.0-147-gfbf9e2e
roadmap;dimacs;22/40;40;    261058;       516;0;519;6930;209273;1;0;862;0.5544;377476;0;0;sBELA0;? Unchecked;v1.6.0-147-gfbf9e2e
roadmap;dimacs;23/40;40;    260633;     31732;0;496;6668;206856;1;0;862;0.54018;382939;0;0;sBELA0;? Unchecked;v1.6.0-147-gfbf9e2e
roadmap;dimacs;24/40;40;      5662;    254952;0;508;6824;208678;1;0;862;0.552504;377695;0;0;sBELA0;? Unchecked;v1.6.0-147-gfbf9e2e
roadmap;dimacs;25/40;40;    234511;     10232;0;500;6712;208971;1;0;862;0.586778;356133;0;0;sBELA0;? Unchecked;v1.6.0-147-gfbf9e2e
roadmap;dimacs;26/40;40;    256495;     24598;0;498;6688;207194;1;0;862;0.552632;374922;0;0;sBELA0;? Unchecked;v1.6.0-147-gfbf9e2e
roadmap;dimacs;27/40;40;      5155;    239099;0;501;6718;208216;1;0;862;0.542104;384089;0;0;sBELA0;? Unchecked;v1.6.0-147-gfbf9e2e
roadmap;dimacs;28/40;40;    260138;      4070;0;514;6864;208881;1;0;862;0.543175;384555;0;0;sBELA0;? Unchecked;v1.6.0-147-gfbf9e2e
roadmap;dimacs;29/40;40;       497;    261718;0;514;6772;207073;1;0;862;0.55102;375799;0;0;sBELA0;? Unchecked;v1.6.0-147-gfbf9e2e
roadmap;dimacs;30/40;40;    250399;     10234;0;506;6816;209043;1;0;862;0.543341;384736;0;0;sBELA0;? Unchecked;v1.6.0-147-gfbf9e2e
roadmap;dimacs;31/40;40;      9245;    237563;0;498;6680;208155;1;0;862;0.542823;383467;0;0;sBELA0;? Unchecked;v1.6.0-147-gfbf9e2e
roadmap;dimacs;32/40;40;    260135;     13276;0;498;6668;207729;1;0;862;0.541923;383319;0;0;sBELA0;? Unchecked;v1.6.0-147-gfbf9e2e
roadmap;dimacs;33/40;40;    252429;     25085;0;506;6800;208203;1;0;862;0.55251;376831;0;0;sBELA0;? Unchecked;v1.6.0-147-gfbf9e2e
roadmap;dimacs;34/40;40;      3098;    231926;0;498;6676;207326;1;0;862;0.541014;383217;0;0;sBELA0;? Unchecked;v1.6.0-147-gfbf9e2e
roadmap;dimacs;35/40;40;     19421;    257032;0;499;6730;209165;1;0;862;0.556688;375731;0;0;sBELA0;? Unchecked;v1.6.0-147-gfbf9e2e
roadmap;dimacs;36/40;40;      1057;    248820;0;511;6866;208578;1;0;862;0.549306;379712;0;0;sBELA0;? Unchecked;v1.6.0-147-gfbf9e2e
roadmap;dimacs;37/40;40;    258041;     41474;0;510;6760;206971;1;0;862;0.552861;374364;0;0;sBELA0;? Unchecked;v1.6.0-147-gfbf9e2e
roadmap;dimacs;38/40;40;      8712;    259539;0;507;6834;208169;1;0;862;0.54071;384992;0;0;sBELA0;? Unchecked;v1.6.0-147-gfbf9e2e
roadmap;dimacs;39/40;40;    261646;      4574;0;519;6982;208588;1;0;862;0.541392;385281;0;0;sBELA0;? Unchecked;v1.6.0-147-gfbf9e2e
roadmap;dimacs;40/40;40;       520;    222196;0;505;6726;206214;1;0;862;0.537158;383898;0;0;sBELA0;? Unchecked;v1.6.0-147-gfbf9e2e
roadmap;dimacs;41/40;40;    242196;     17909;0;499;6674;208526;1;0;862;0.555006;375718;0;0;sBELA0;? Unchecked;v1.6.0-147-gfbf9e2e
roadmap;dimacs;42/40;40;    248265;         8;0;499;6726;209260;1;0;862;0.557605;375283;0;0;sBELA0;? Unchecked;v1.6.0-147-gfbf9e2e
roadmap;dimacs;43/40;40;    251395;     33785;0;508;6760;207446;1;0;862;0.555937;373146;0;0;sBELA0;? Unchecked;v1.6.0-147-gfbf9e2e
roadmap;dimacs;44/40;40;    254972;     13864;0;501;6758;207203;1;0;862;0.551916;375425;0;0;sBELA0;? Unchecked;v1.6.0-147-gfbf9e2e
roadmap;dimacs;45/40;40;      1998;    257065;0;503;6698;208372;1;0;862;0.553178;376681;0;0;sBELA0;? Unchecked;v1.6.0-147-gfbf9e2e
roadmap;dimacs;46/40;40;    256009;     28663;0;505;6786;207563;1;0;862;0.542963;382278;0;0;sBELA0;? Unchecked;v1.6.0-147-gfbf9e2e
roadmap;dimacs;47/40;40;     18946;    261099;0;516;6940;208987;1;0;862;0.545847;382868;0;0;sBELA0;? Unchecked;v1.6.0-147-gfbf9e2e
roadmap;dimacs;48/40;40;    253391;     13313;0;499;6714;208997;1;0;862;0.553209;377790;0;0;sBELA0;? Unchecked;v1.6.0-147-gfbf9e2e
roadmap;dimacs;49/40;40;    236014;     15363;0;502;6696;208947;1;0;862;0.556449;375501;0;0;sBELA0;? Unchecked;v1.6.0-147-gfbf9e2e
roadmap;dimacs;50/40;40;    256039;     16370;0;499;6706;208414;1;0;862;0.549762;379098;0;0;sBELA0;? Unchecked;v1.6.0-147-gfbf9e2e
roadmap;dimacs;51/40;40;      5165;    247296;0;506;6792;208871;1;0;862;0.543441;384349;0;0;sBELA0;? Unchecked;v1.6.0-147-gfbf9e2e
roadmap;dimacs;52/40;40;      9228;    248313;0;514;6920;208820;1;0;862;0.54565;382700;0;0;sBELA0;? Unchecked;v1.6.0-147-gfbf9e2e
roadmap;dimacs;53/40;40;    246784;     29193;0;511;6774;207871;1;0;862;0.552036;376553;0;0;sBELA0;? Unchecked;v1.6.0-147-gfbf9e2e
roadmap;dimacs;54/40;40;    246280;       497;0;522;7012;209167;1;0;862;0.547149;382285;0;0;sBELA0;? Unchecked;v1.6.0-147-gfbf9e2e
roadmap;dimacs;55/40;40;      1064;    237055;0;501;6730;208161;1;0;862;0.542101;383989;0;0;sBELA0;? Unchecked;v1.6.0-147-gfbf9e2e
roadmap;dimacs;56/40;40;    245279;     11768;0;503;6738;208961;1;0;862;0.569816;366717;0;0;sBELA0;? Unchecked;v1.6.0-147-gfbf9e2e
roadmap;dimacs;57/40;40;     11776;    259096;0;525;7046;208924;1;0;862;0.55746;374778;0;0;sBELA0;? Unchecked;v1.6.0-147-gfbf9e2e
roadmap;dimacs;58/40;40;    250326;     10251;0;494;6672;208839;1;0;862;0.555246;376120;0;0;sBELA0;? Unchecked;v1.6.0-147-gfbf9e2e
roadmap;dimacs;59/40;40;    259526;     10253;0;498;6696;208750;1;0;862;0.552141;378074;0;0;sBELA0;? Unchecked;v1.6.0-147-gfbf9e2e
roadmap;dimacs;60/40;40;    261664;      6127;0;519;6966;208945;1;0;862;0.544876;383473;0;0;sBELA0;? Unchecked;v1.6.0-147-gfbf9e2e
roadmap;dimacs;61/40;40;      3567;    242195;0;504;6796;207840;1;0;862;0.552852;375941;0;0;sBELA0;? Unchecked;v1.6.0-147-gfbf9e2e
roadmap;dimacs;62/40;40;    261097;     20519;0;490;6616;206296;1;0;862;0.552426;373436;0;0;sBELA0;? Unchecked;v1.6.0-147-gfbf9e2e
roadmap;dimacs;63/40;40;      5063;    254998;0;497;6670;208727;1;0;862;0.568547;367124;0;0;sBELA0;? Unchecked;v1.6.0-147-gfbf9e2e
roadmap;dimacs;64/40;40;      2086;    262100;0;513;6826;208623;1;0;862;0.544219;383344;0;0;sBELA0;? Unchecked;v1.6.0-147-gfbf9e2e
roadmap;dimacs;65/40;40;    260641;      4092;0;524;7052;209205;1;0;862;0.54424;384398;0;0;sBELA0;? Unchecked;v1.6.0-147-gfbf9e2e
roadmap;dimacs;66/40;40;      3111;    242164;0;498;6696;208050;1;0;862;0.542711;383353;0;0;sBELA0;? Unchecked;v1.6.0-147-gfbf9e2e
roadmap;dimacs;67/40;40;      2132;    262139;0;514;6804;209268;1;0;862;0.548632;381436;0;0;sBELA0;? Unchecked;v1.6.0-147-gfbf9e2e
roadmap;dimacs;68/40;40;    246721;      1026;0;496;6680;209275;1;0;862;0.555922;376447;0;0;sBELA0;? Unchecked;v1.6.0-147-gfbf9e2e
roadmap;dimacs;69/40;40;     20480;    245279;0;496;6660;207457;1;0;862;0.556169;373011;0;0;sBELA0;? Unchecked;v1.6.0-147-gfbf9e2e
roadmap;dimacs;70/40;40;    262132;     12294;0;526;7080;208937;1;0;862;0.554638;376709;0;0;sBELA0;? Unchecked;v1.6.0-147-gfbf9e2e
roadmap;dimacs;71/40;40;      2058;    240595;0;496;6664;205857;1;0;862;0.53815;382527;0;0;sBELA0;? Unchecked;v1.6.0-147-gfbf9e2e
roadmap;dimacs;72/40;40;    255999;      8716;0;524;7068;208906;1;0;862;0.591137;353397;0;0;sBELA0;? Unchecked;v1.6.0-147-gfbf9e2e
roadmap;dimacs;73/40;40;      4599;    239654;0;497;6682;206441;1;0;862;0.550285;375153;0;0;sBELA0;? Unchecked;v1.6.0-147-gfbf9e2e
roadmap;dimacs;74/40;40;    259083;     27133;0;510;6868;208023;1;0;862;0.541838;383921;0;0;sBELA0;? Unchecked;v1.6.0-147-gfbf9e2e
roadmap;dimacs;75/40;40;      4066;    255519;0;508;6820;208543;1;0;862;0.554468;376114;0;0;sBELA0;? Unchecked;v1.6.0-147-gfbf9e2e
roadmap;dimacs;76/40;40;    260612;      4579;0;523;7058;208684;1;0;862;0.543585;383903;0;0;sBELA0;? Unchecked;v1.6.0-147-gfbf9e2e
roadmap;dimacs;77/40;40;    254984;     11245;0;515;6938;208551;1;0;862;0.55671;374613;0;0;sBELA0;? Unchecked;v1.6.0-147-gfbf9e2e
roadmap;dimacs;78/40;40;    258027;     15880;0;511;6886;208631;1;0;862;0.552389;377689;0;0;sBELA0;? Unchecked;v1.6.0-147-gfbf9e2e
roadmap;dimacs;79/40;40;     10267;    244219;0;503;6762;208610;1;0;862;0.550876;378688;0;0;sBELA0;? Unchecked;v1.6.0-147-gfbf9e2e
roadmap;dimacs;80/40;40;    222207;      3089;0;505;6714;209032;1;0;862;0.556681;375497;0;0;sBELA0;? Unchecked;v1.6.0-147-gfbf9e2e
roadmap;dimacs;81/40;40;      3056;    241705;0;492;6640;206278;1;0;862;0.551473;374049;0;0;sBELA0;? Unchecked;v1.6.0-147-gfbf9e2e
roadmap;dimacs;82/40;40;      6617;    240136;0;495;6658;208144;1;0;862;0.554957;375064;0;0;sBELA0;? Unchecked;v1.6.0-147-gfbf9e2e
roadmap;dimacs;83/40;40;    242148;      9232;0;495;6658;208811;1;0;862;0.555394;375969;0;0;sBELA0;? Unchecked;v1.6.0-147-gfbf9e2e
roadmap;dimacs;84/40;40;    247299;       479;0;514;6920;208754;1;0;862;0.54773;381126;0;0;sBELA0;? Unchecked;v1.6.0-147-gfbf9e2e
roadmap;dimacs;85/40;40;     13844;    253941;0;510;6856;208997;1;0;862;0.543399;384611;0;0;sBELA0;? Unchecked;v1.6.0-147-gfbf9e2e
roadmap;dimacs;86/40;40;      3578;    260146;0;518;6956;208230;1;0;862;0.556487;374187;0;0;sBELA0;? Unchecked;v1.6.0-147-gfbf9e2e
roadmap;dimacs;87/40;40;    258031;     24598;0;499;6706;207158;1;0;862;0.552285;375092;0;0;sBELA0;? Unchecked;v1.6.0-147-gfbf9e2e
roadmap;dimacs;88/40;40;    236012;      8209;0;494;6640;208800;1;0;862;0.591752;352851;0;0;sBELA0;? Unchecked;v1.6.0-147-gfbf9e2e
roadmap;dimacs;89/40;40;      2564;    248267;0;498;6724;206233;1;0;862;0.537969;383355;0;0;sBELA0;? Unchecked;v1.6.0-147-gfbf9e2e
roadmap;dimacs;90/40;40;      1018;    248854;0;521;7002;208376;1;0;862;0.552946;376847;0;0;sBELA0;? Unchecked;v1.6.0-147-gfbf9e2e
roadmap;dimacs;91/40;40;    222716;      6155;0;503;6694;209050;1;0;862;0.558873;374057;0;0;sBELA0;? Unchecked;v1.6.0-147-gfbf9e2e
roadmap;dimacs;92/40;40;     12795;    247326;0;503;6762;207777;1;0;862;0.561414;370096;0;0;sBELA0;? Unchecked;v1.6.0-147-gfbf9e2e
roadmap;dimacs;93/40;40;    248266;       516;0;501;6754;209273;1;0;862;0.573289;365039;0;0;sBELA0;? Unchecked;v1.6.0-147-gfbf9e2e
roadmap;dimacs;94/40;40;     24066;    255486;0;521;6962;209188;1;0;862;0.543186;385113;0;0;sBELA0;? Unchecked;v1.6.0-147-gfbf9e2e
roadmap;dimacs;95/40;40;    247816;       997;0;516;6936;208924;1;0;862;0.545346;383104;0;0;sBELA0;? Unchecked;v1.6.0-147-gfbf9e2e
roadmap;dimacs;96/40;40;    253972;     20465;0;501;6742;208092;1;0;862;0.542966;383250;0;0;sBELA0;? Unchecked;v1.6.0-147-gfbf9e2e
roadmap;dimacs;97/40;40;    252422;      2515;0;511;6866;208267;1;0;862;0.542748;383727;0;0;sBELA0;? Unchecked;v1.6.0-147-gfbf9e2e
roadmap;dimacs;98/40;40;    229860;      1035;0;496;6652;209225;1;0;862;0.556848;375731;0;0;sBELA0;? Unchecked;v1.6.0-147-gfbf9e2e
roadmap;dimacs;99/40;40;    247295;     28681;0;511;6778;207943;1;0;862;0.552261;376531;0;0;sBELA0;? Unchecked;v1.6.0-147-gfbf9e2e
roadmap;dimacs;0/50;50;    252388;     20483;0;505;6762;208608;1;0;862;0.562397;370927;0;0;sBELA0;? Unchecked;v1.6.0-147-gfbf9e2e
roadmap;dimacs;1/50;50;     25106;    246269;0;501;6694;208862;1;0;862;0.544882;383316;0;0;sBELA0;? Unchecked;v1.6.0-147-gfbf9e2e
roadmap;dimacs;2/50;50;    258113;      6647;0;504;6744;209017;1;0;862;0.5448;383658;0;0;sBELA0;? Unchecked;v1.6.0-147-gfbf9e2e
roadmap;dimacs;3/50;50;      2080;    233975;0;500;6692;207560;1;0;862;0.543034;382223;0;0;sBELA0;? Unchecked;v1.6.0-147-gfbf9e2e
roadmap;dimacs;4/50;50;    260625;     26619;0;509;6846;207951;1;0;862;0.584127;356003;0;0;sBELA0;? Unchecked;v1.6.0-147-gfbf9e2e
roadmap;dimacs;5/50;50;    261599;      3595;0;519;7006;209178;1;0;862;0.559307;373995;0;0;sBELA0;? Unchecked;v1.6.0-147-gfbf9e2e
roadmap;dimacs;6/50;50;      4659;    242682;0;494;6640;208369;1;0;862;0.545248;382155;0;0;sBELA0;? Unchecked;v1.6.0-147-gfbf9e2e
roadmap;dimacs;7/50;50;    241670;       978;0;499;6718;208202;1;0;862;0.545152;381915;0;0;sBELA0;? Unchecked;v1.6.0-147-gfbf9e2e
roadmap;dimacs;8/50;50;     38401;    251904;0;518;6816;209172;1;0;862;0.543144;385113;0;0;sBELA0;? Unchecked;v1.6.0-147-gfbf9e2e
roadmap;dimacs;9/50;50;     13831;    249853;0;521;6974;209012;1;0;862;0.545606;383082;0;0;sBELA0;? Unchecked;v1.6.0-147-gfbf9e2e
roadmap;dimacs;10/50;50;     11759;    259591;0;518;7000;209218;1;0;862;0.559525;373921;0;0;sBELA0;? Unchecked;v1.6.0-147-gfbf9e2e
roadmap;dimacs;11/50;50;    236537;     10777;0;497;6662;208333;1;0;862;0.553722;376241;0;0;sBELA0;? Unchecked;v1.6.0-147-gfbf9e2e
roadmap;dimacs;12/50;50;    249882;      5103;0;505;6822;208955;1;0;862;0.54437;383847;0;0;sBELA0;? Unchecked;v1.6.0-147-gfbf9e2e
roadmap;dimacs;13/50;50;      6146;    251872;0;512;6900;208083;1;0;862;0.541823;384042;0;0;sBELA0;? Unchecked;v1.6.0-147-gfbf9e2e
roadmap;dimacs;14/50;50;     22521;    260107;0;513;6914;209170;1;0;862;0.560698;373053;0;0;sBELA0;? Unchecked;v1.6.0-147-gfbf9e2e
roadmap;dimacs;15/50;50;      1533;    250409;0;514;6912;207701;1;0;862;0.554837;374346;0;0;sBELA0;? Unchecked;v1.6.0-147-gfbf9e2e
roadmap;dimacs;16/50;50;    262075;      5139;0;508;6748;208969;1;0;862;0.569738;366781;0;0;sBELA0;? Unchecked;v1.6.0-147-gfbf9e2e
roadmap;dimacs;17/50;50;      5647;    255960;0;505;6810;208099;1;0;862;0.543692;382752;0;0;sBELA0;? Unchecked;v1.6.0-147-gfbf9e2e
roadmap;dimacs;18/50;50;      6119;    252429;0;512;6896;208887;1;0;862;0.553906;377117;0;0;sBELA0;? Unchecked;v1.6.0-147-gfbf9e2e
roadmap;dimacs;19/50;50;      8194;    232422;0;499;6678;206318;1;0;862;0.537581;383790;0;0;sBELA0;? Unchecked;v1.6.0-147-gfbf9e2e
roadmap;dimacs;20/50;50;    252392;     15368;0;507;6810;208704;1;0;862;0.563366;370459;0;0;sBELA0;? Unchecked;v1.6.0-147-gfbf9e2e
roadmap;dimacs;21/50;50;      4622;    230901;0;501;6718;207219;1;0;862;0.541817;382452;0;0;sBELA0;? Unchecked;v1.6.0-147-gfbf9e2e
roadmap;dimacs;22/50;50;    261058;       516;0;519;6930;209273;1;0;862;0.555125;376983;0;0;sBELA0;? Unchecked;v1.6.0-147-gfbf9e2e
roadmap;dimacs;23/50;50;    260633;     31732;0;496;6668;206856;1;0;862;0.539785;383219;0;0;sBELA0;? Unchecked;v1.6.0-147-gfbf9e2e
roadmap;dimacs;24/50;50;      5662;    254952;0;508;6824;208678;1;0;862;0.544997;382898;0;0;sBELA0;? Unchecked;v1.6.0-147-gfbf9e2e
roadmap;dimacs;25/50;50;    234511;     10232;0;500;6712;208971;1;0;862;0.558745;374001;0;0;sBELA0;? Unchecked;v1.6.0-147-gfbf9e2e
roadmap;dimacs;26/50;50;    256495;     24598;0;498;6688;207194;1;0;862;0.551145;375934;0;0;sBELA0;? Unchecked;v1.6.0-147-gfbf9e2e
roadmap;dimacs;27/50;50;      5155;    239099;0;501;6718;208216;1;0;862;0.542004;384159;0;0;sBELA0;? Unchecked;v1.6.0-147-gfbf9e2e
roadmap;dimacs;28/50;50;    260138;      4070;0;514;6864;208881;1;0;862;0.545694;382780;0;0;sBELA0;? Unchecked;v1.6.0-147-gfbf9e2e
roadmap;dimacs;29/50;50;       497;    261718;0;514;6772;207073;1;0;862;0.553627;374030;0;0;sBELA0;? Unchecked;v1.6.0-147-gfbf9e2e
roadmap;dimacs;30/50;50;    250399;     10234;0;506;6816;209043;1;0;862;0.546436;382557;0;0;sBELA0;? Unchecked;v1.6.0-147-gfbf9e2e
roadmap;dimacs;31/50;50;      9245;    237563;0;498;6680;208155;1;0;862;0.545547;381553;0;0;sBELA0;? Unchecked;v1.6.0-147-gfbf9e2e
roadmap;dimacs;32/50;50;    260135;     13276;0;498;6668;207729;1;0;862;0.541085;383912;0;0;sBELA0;? Unchecked;v1.6.0-147-gfbf9e2e
roadmap;dimacs;33/50;50;    252429;     25085;0;506;6800;208203;1;0;862;0.549611;378819;0;0;sBELA0;? Unchecked;v1.6.0-147-gfbf9e2e
roadmap;dimacs;34/50;50;      3098;    231926;0;498;6676;207326;1;0;862;0.548954;377675;0;0;sBELA0;? Unchecked;v1.6.0-147-gfbf9e2e
roadmap;dimacs;35/50;50;     19421;    257032;0;499;6730;209165;1;0;862;0.572521;365340;0;0;sBELA0;? Unchecked;v1.6.0-147-gfbf9e2e
roadmap;dimacs;36/50;50;      1057;    248820;0;511;6866;208578;1;0;862;0.543337;383884;0;0;sBELA0;? Unchecked;v1.6.0-147-gfbf9e2e
roadmap;dimacs;37/50;50;    258041;     41474;0;510;6760;206971;1;0;862;0.551771;375103;0;0;sBELA0;? Unchecked;v1.6.0-147-gfbf9e2e
roadmap;dimacs;38/50;50;      8712;    259539;0;507;6834;208169;1;0;862;0.541744;384257;0;0;sBELA0;? Unchecked;v1.6.0-147-gfbf9e2e
roadmap;dimacs;39/50;50;    261646;      4574;0;519;6982;208588;1;0;862;0.546638;381584;0;0;sBELA0;? Unchecked;v1.6.0-147-gfbf9e2e
roadmap;dimacs;40/50;50;       520;    222196;0;505;6726;206214;1;0;862;0.537271;383817;0;0;sBELA0;? Unchecked;v1.6.0-147-gfbf9e2e
roadmap;dimacs;41/50;50;    242196;     17909;0;499;6674;208526;1;0;862;0.548363;380270;0;0;sBELA0;? Unchecked;v1.6.0-147-gfbf9e2e
roadmap;dimacs;42/50;50;    248265;         8;0;499;6726;209260;1;0;862;0.557081;375636;0;0;sBELA0;? Unchecked;v1.6.0-147-gfbf9e2e
roadmap;dimacs;43/50;50;    251395;     33785;0;508;6760;207446;1;0;862;0.551026;376472;0;0;sBELA0;? Unchecked;v1.6.0-147-gfbf9e2e
roadmap;dimacs;44/50;50;    254972;     13864;0;501;6758;207203;1;0;862;0.549167;377304;0;0;sBELA0;? Unchecked;v1.6.0-147-gfbf9e2e
roadmap;dimacs;45/50;50;      1998;    257065;0;503;6698;208372;1;0;862;0.560864;371520;0;0;sBELA0;? Unchecked;v1.6.0-147-gfbf9e2e
roadmap;dimacs;46/50;50;    256009;     28663;0;505;6786;207563;1;0;862;0.542257;382776;0;0;sBELA0;? Unchecked;v1.6.0-147-gfbf9e2e
roadmap;dimacs;47/50;50;     18946;    261099;0;516;6940;208987;1;0;862;0.546904;382127;0;0;sBELA0;? Unchecked;v1.6.0-147-gfbf9e2e
roadmap;dimacs;48/50;50;    253391;     13313;0;499;6714;208997;1;0;862;0.560025;373192;0;0;sBELA0;? Unchecked;v1.6.0-147-gfbf9e2e
roadmap;dimacs;49/50;50;    236014;     15363;0;502;6696;208947;1;0;862;0.562914;371188;0;0;sBELA0;? Unchecked;v1.6.0-147-gfbf9e2e
roadmap;dimacs;50/50;50;    256039;     16370;0;499;6706;208414;1;0;862;0.544081;383057;0;0;sBELA0;? Unchecked;v1.6.0-147-gfbf9e2e
roadmap;dimacs;51/50;50;      5165;    247296;0;506;6792;208871;1;0;862;0.586061;356398;0;0;sBELA0;? Unchecked;v1.6.0-147-gfbf9e2e
roadmap;dimacs;52/50;50;      9228;    248313;0;514;6920;208820;1;0;862;0.544447;383545;0;0;sBELA0;? Unchecked;v1.6.0-147-gfbf9e2e
roadmap;dimacs;53/50;50;    246784;     29193;0;511;6774;207871;1;0;862;0.553626;375472;0;0;sBELA0;? Unchecked;v1.6.0-147-gfbf9e2e
roadmap;dimacs;54/50;50;    246280;       497;0;522;7012;209167;1;0;862;0.546821;382514;0;0;sBELA0;? Unchecked;v1.6.0-147-gfbf9e2e
roadmap;dimacs;55/50;50;      1064;    237055;0;501;6730;208161;1;0;862;0.54209;383997;0;0;sBELA0;? Unchecked;v1.6.0-147-gfbf9e2e
roadmap;dimacs;56/50;50;    245279;     11768;0;503;6738;208961;1;0;862;0.549571;380226;0;0;sBELA0;? Unchecked;v1.6.0-147-gfbf9e2e
roadmap;dimacs;57/50;50;     11776;    259096;0;525;7046;208924;1;0;862;0.556508;375420;0;0;sBELA0;? Unchecked;v1.6.0-147-gfbf9e2e
roadmap;dimacs;58/50;50;    250326;     10251;0;494;6672;208839;1;0;862;0.554161;376857;0;0;sBELA0;? Unchecked;v1.6.0-147-gfbf9e2e
roadmap;dimacs;59/50;50;    259526;     10253;0;498;6696;208750;1;0;862;0.576146;362321;0;0;sBELA0;? Unchecked;v1.6.0-147-gfbf9e2e
roadmap;dimacs;60/50;50;    261664;      6127;0;519;6966;208945;1;0;862;0.544864;383481;0;0;sBELA0;? Unchecked;v1.6.0-147-gfbf9e2e
roadmap;dimacs;61/50;50;      3567;    242195;0;504;6796;207840;1;0;862;0.55276;376004;0;0;sBELA0;? Unchecked;v1.6.0-147-gfbf9e2e
roadmap;dimacs;62/50;50;    261097;     20519;0;490;6616;206296;1;0;862;0.549897;375154;0;0;sBELA0;? Unchecked;v1.6.0-147-gfbf9e2e
roadmap;dimacs;63/50;50;      5063;    254998;0;497;6670;208727;1;0;862;0.55245;377821;0;0;sBELA0;? Unchecked;v1.6.0-147-gfbf9e2e
roadmap;dimacs;64/50;50;      2086;    262100;0;513;6826;208623;1;0;862;0.542095;384846;0;0;sBELA0;? Unchecked;v1.6.0-147-gfbf9e2e
roadmap;dimacs;65/50;50;    260641;      4092;0;524;7052;209205;1;0;862;0.548279;381566;0;0;sBELA0;? Unchecked;v1.6.0-147-gfbf9e2e
roadmap;dimacs;66/50;50;      3111;    242164;0;498;6696;208050;1;0;862;0.54222;383701;0;0;sBELA0;? Unchecked;v1.6.0-147-gfbf9e2e
roadmap;dimacs;67/50;50;      2132;    262139;0;514;6804;209268;1;0;862;0.594381;352077;0;0;sBELA0;? Unchecked;v1.6.0-147-gfbf9e2e
roadmap;dimacs;68/50;50;    246721;      1026;0;496;6680;209275;1;0;862;0.555451;376766;0;0;sBELA0;? Unchecked;v1.6.0-147-gfbf9e2e
roadmap;dimacs;69/50;50;     20480;    245279;0;496;6660;207457;1;0;862;0.55458;374080;0;0;sBELA0;? Unchecked;v1.6.0-147-gfbf9e2e
roadmap;dimacs;70/50;50;    262132;     12294;0;526;7080;208937;1;0;862;0.556879;375193;0;0;sBELA0;? Unchecked;v1.6.0-147-gfbf9e2e
roadmap;dimacs;71/50;50;      2058;    240595;0;496;6664;205857;1;0;862;0.53747;383011;0;0;sBELA0;? Unchecked;v1.6.0-147-gfbf9e2e
roadmap;dimacs;72/50;50;    255999;      8716;0;524;7068;208906;1;0;862;0.554625;376662;0;0;sBELA0;? Unchecked;v1.6.0-147-gfbf9e2e
roadmap;dimacs;73/50;50;      4599;    239654;0;497;6682;206441;1;0;862;0.564736;365553;0;0;sBELA0;? Unchecked;v1.6.0-147-gfbf9e2e
roadmap;dimacs;74/50;50;    259083;     27133;0;510;6868;208023;1;0;862;0.541442;384202;0;0;sBELA0;? Unchecked;v1.6.0-147-gfbf9e2e
roadmap;dimacs;75/50;50;      4066;    255519;0;508;6820;208543;1;0;862;0.552165;377682;0;0;sBELA0;? Unchecked;v1.6.0-147-gfbf9e2e
roadmap;dimacs;76/50;50;    260612;      4579;0;523;7058;208684;1;0;862;0.560624;372235;0;0;sBELA0;? Unchecked;v1.6.0-147-gfbf9e2e
roadmap;dimacs;77/50;50;    254984;     11245;0;515;6938;208551;1;0;862;0.544813;382794;0;0;sBELA0;? Unchecked;v1.6.0-147-gfbf9e2e
roadmap;dimacs;78/50;50;    258027;     15880;0;511;6886;208631;1;0;862;0.556442;374938;0;0;sBELA0;? Unchecked;v1.6.0-147-gfbf9e2e
roadmap;dimacs;79/50;50;     10267;    244219;0;503;6762;208610;1;0;862;0.543686;383696;0;0;sBELA0;? Unchecked;v1.6.0-147-gfbf9e2e
roadmap;dimacs;80/50;50;    222207;      3089;0;505;6714;209032;1;0;862;0.55832;374394;0;0;sBELA0;? Unchecked;v1.6.0-147-gfbf9e2e
roadmap;dimacs;81/50;50;      3056;    241705;0;492;6640;206278;1;0;862;0.554787;371814;0;0;sBELA0;? Unchecked;v1.6.0-147-gfbf9e2e
roadmap;dimacs;82/50;50;      6617;    240136;0;495;6658;208144;1;0;862;0.554384;375451;0;0;sBELA0;? Unchecked;v1.6.0-147-gfbf9e2e
roadmap;dimacs;83/50;50;    242148;      9232;0;495;6658;208811;1;0;862;0.59627;350195;0;0;sBELA0;? Unchecked;v1.6.0-147-gfbf9e2e
roadmap;dimacs;84/50;50;    247299;       479;0;514;6920;208754;1;0;862;0.54472;383232;0;0;sBELA0;? Unchecked;v1.6.0-147-gfbf9e2e
roadmap;dimacs;85/50;50;     13844;    253941;0;510;6856;208997;1;0;862;0.544137;384089;0;0;sBELA0;? Unchecked;v1.6.0-147-gfbf9e2e
roadmap;dimacs;86/50;50;      3578;    260146;0;518;6956;208230;1;0;862;0.562105;370447;0;0;sBELA0;? Unchecked;v1.6.0-147-gfbf9e2e
roadmap;dimacs;87/50;50;    258031;     24598;0;499;6706;207158;1;0;862;0.55203;375266;0;0;sBELA0;? Unchecked;v1.6.0-147-gfbf9e2e
roadmap;dimacs;88/50;50;    236012;      8209;0;494;6640;208800;1;0;862;0.56593;368950;0;0;sBELA0;? Unchecked;v1.6.0-147-gfbf9e2e
roadmap;dimacs;89/50;50;      2564;    248267;0;498;6724;206233;1;0;862;0.536377;384493;0;0;sBELA0;? Unchecked;v1.6.0-147-gfbf9e2e
roadmap;dimacs;90/50;50;      1018;    248854;0;521;7002;208376;1;0;862;0.554879;375534;0;0;sBELA0;? Unchecked;v1.6.0-147-gfbf9e2e
roadmap;dimacs;91/50;50;    222716;      6155;0;503;6694;209050;1;0;862;0.558733;374150;0;0;sBELA0;? Unchecked;v1.6.0-147-gfbf9e2e
roadmap;dimacs;92/50;50;     12795;    247326;0;503;6762;207777;1;0;862;0.555405;374100;0;0;sBELA0;? Unchecked;v1.6.0-147-gfbf9e2e
roadmap;dimacs;93/50;50;    248266;       516;0;501;6754;209273;1;0;862;0.55475;377239;0;0;sBELA0;? Unchecked;v1.6.0-147-gfbf9e2e
roadmap;dimacs;94/50;50;     24066;    255486;0;521;6962;209188;1;0;862;0.54581;383262;0;0;sBELA0;? Unchecked;v1.6.0-147-gfbf9e2e
roadmap;dimacs;95/50;50;    247816;       997;0;516;6936;208924;1;0;862;0.547518;381584;0;0;sBELA0;? Unchecked;v1.6.0-147-gfbf9e2e
roadmap;dimacs;96/50;50;    253972;     20465;0;501;6742;208092;1;0;862;0.544869;381912;0;0;sBELA0;? Unchecked;v1.6.0-147-gfbf9e2e
roadmap;dimacs;97/50;50;    252422;      2515;0;511;6866;208267;1;0;862;0.544592;382427;0;0;sBELA0;? Unchecked;v1.6.0-147-gfbf9e2e
roadmap;dimacs;98/50;50;    229860;      1035;0;496;6652;209225;1;0;862;0.558278;374769;0;0;sBELA0;? Unchecked;v1.6.0-147-gfbf9e2e
roadmap;dimacs;99/50;50;    247295;     28681;0;511;6778;207943;1;0;862;0.576199;360888;0;0;sBELA0;? Unchecked;v1.6.0-147-gfbf9e2e
roadmap;dimacs;0/60;60;    252388;     20483;0;505;6762;208608;1;0;862;0.553462;376915;0;0;sBELA0;? Unchecked;v1.6.0-147-gfbf9e2e
roadmap;dimacs;1/60;60;     25106;    246269;0;501;6694;208862;1;0;862;0.543848;384045;0;0;sBELA0;? Unchecked;v1.6.0-147-gfbf9e2e
roadmap;dimacs;2/60;60;    258113;      6647;0;504;6744;209017;1;0;862;0.545375;383253;0;0;sBELA0;? Unchecked;v1.6.0-147-gfbf9e2e
roadmap;dimacs;3/60;60;      2080;    233975;0;500;6692;207560;1;0;862;0.541476;383323;0;0;sBELA0;? Unchecked;v1.6.0-147-gfbf9e2e
roadmap;dimacs;4/60;60;    260625;     26619;0;509;6846;207951;1;0;862;0.546621;380430;0;0;sBELA0;? Unchecked;v1.6.0-147-gfbf9e2e
roadmap;dimacs;5/60;60;    261599;      3595;0;519;7006;209178;1;0;862;0.555529;376538;0;0;sBELA0;? Unchecked;v1.6.0-147-gfbf9e2e
roadmap;dimacs;6/60;60;      4659;    242682;0;494;6640;208369;1;0;862;0.544285;382831;0;0;sBELA0;? Unchecked;v1.6.0-147-gfbf9e2e
roadmap;dimacs;7/60;60;    241670;       978;0;499;6718;208202;1;0;862;0.545533;381649;0;0;sBELA0;? Unchecked;v1.6.0-147-gfbf9e2e
roadmap;dimacs;8/60;60;     38401;    251904;0;518;6816;209172;1;0;862;0.544478;384170;0;0;sBELA0;? Unchecked;v1.6.0-147-gfbf9e2e
roadmap;dimacs;9/60;60;     13831;    249853;0;521;6974;209012;1;0;862;0.546814;382236;0;0;sBELA0;? Unchecked;v1.6.0-147-gfbf9e2e
roadmap;dimacs;10/60;60;     11759;    259591;0;518;7000;209218;1;0;862;0.556762;375776;0;0;sBELA0;? Unchecked;v1.6.0-147-gfbf9e2e
roadmap;dimacs;11/60;60;    236537;     10777;0;497;6662;208333;1;0;862;0.55872;372876;0;0;sBELA0;? Unchecked;v1.6.0-147-gfbf9e2e
roadmap;dimacs;12/60;60;    249882;      5103;0;505;6822;208955;1;0;862;0.546152;382595;0;0;sBELA0;? Unchecked;v1.6.0-147-gfbf9e2e
roadmap;dimacs;13/60;60;      6146;    251872;0;512;6900;208083;1;0;862;0.543529;382837;0;0;sBELA0;? Unchecked;v1.6.0-147-gfbf9e2e
roadmap;dimacs;14/60;60;     22521;    260107;0;513;6914;209170;1;0;862;0.581894;359464;0;0;sBELA0;? Unchecked;v1.6.0-147-gfbf9e2e
roadmap;dimacs;15/60;60;      1533;    250409;0;514;6912;207701;1;0;862;0.556069;373516;0;0;sBELA0;? Unchecked;v1.6.0-147-gfbf9e2e
roadmap;dimacs;16/60;60;    262075;      5139;0;508;6748;208969;1;0;862;0.555434;376226;0;0;sBELA0;? Unchecked;v1.6.0-147-gfbf9e2e
roadmap;dimacs;17/60;60;      5647;    255960;0;505;6810;208099;1;0;862;0.545531;381461;0;0;sBELA0;? Unchecked;v1.6.0-147-gfbf9e2e
roadmap;dimacs;18/60;60;      6119;    252429;0;512;6896;208887;1;0;862;0.553594;377329;0;0;sBELA0;? Unchecked;v1.6.0-147-gfbf9e2e
roadmap;dimacs;19/60;60;      8194;    232422;0;499;6678;206318;1;0;862;0.546957;377211;0;0;sBELA0;? Unchecked;v1.6.0-147-gfbf9e2e
roadmap;dimacs;20/60;60;    252392;     15368;0;507;6810;208704;1;0;862;0.553644;376964;0;0;sBELA0;? Unchecked;v1.6.0-147-gfbf9e2e
roadmap;dimacs;21/60;60;      4622;    230901;0;501;6718;207219;1;0;862;0.542781;381773;0;0;sBELA0;? Unchecked;v1.6.0-147-gfbf9e2e
roadmap;dimacs;22/60;60;    261058;       516;0;519;6930;209273;1;0;862;0.555245;376902;0;0;sBELA0;? Unchecked;v1.6.0-147-gfbf9e2e
roadmap;dimacs;23/60;60;    260633;     31732;0;496;6668;206856;1;0;862;0.540227;382906;0;0;sBELA0;? Unchecked;v1.6.0-147-gfbf9e2e
roadmap;dimacs;24/60;60;      5662;    254952;0;508;6824;208678;1;0;862;0.544609;383170;0;0;sBELA0;? Unchecked;v1.6.0-147-gfbf9e2e
roadmap;dimacs;25/60;60;    234511;     10232;0;500;6712;208971;1;0;862;0.549001;380639;0;0;sBELA0;? Unchecked;v1.6.0-147-gfbf9e2e
roadmap;dimacs;26/60;60;    256495;     24598;0;498;6688;207194;1;0;862;0.551711;375548;0;0;sBELA0;? Unchecked;v1.6.0-147-gfbf9e2e
roadmap;dimacs;27/60;60;      5155;    239099;0;501;6718;208216;1;0;862;0.543539;383074;0;0;sBELA0;? Unchecked;v1.6.0-147-gfbf9e2e
roadmap;dimacs;28/60;60;    260138;      4070;0;514;6864;208881;1;0;862;0.543434;384372;0;0;sBELA0;? Unchecked;v1.6.0-147-gfbf9e2e
roadmap;dimacs;29/60;60;       497;    261718;0;514;6772;207073;1;0;862;0.552547;374761;0;0;sBELA0;? Unchecked;v1.6.0-147-gfbf9e2e
roadmap;dimacs;30/60;60;    250399;     10234;0;506;6816;209043;1;0;862;0.579342;360828;0;0;sBELA0;? Unchecked;v1.6.0-147-gfbf9e2e
roadmap;dimacs;31/60;60;      9245;    237563;0;498;6680;208155;1;0;862;0.547576;380139;0;0;sBELA0;? Unchecked;v1.6.0-147-gfbf9e2e
roadmap;dimacs;32/60;60;    260135;     13276;0;498;6668;207729;1;0;862;0.550369;377436;0;0;sBELA0;? Unchecked;v1.6.0-147-gfbf9e2e
roadmap;dimacs;33/60;60;    252429;     25085;0;506;6800;208203;1;0;862;0.547522;380264;0;0;sBELA0;? Unchecked;v1.6.0-147-gfbf9e2e
roadmap;dimacs;34/60;60;      3098;    231926;0;498;6676;207326;1;0;862;0.541643;382773;0;0;sBELA0;? Unchecked;v1.6.0-147-gfbf9e2e
roadmap;dimacs;35/60;60;     19421;    257032;0;499;6730;209165;1;0;862;0.557539;375158;0;0;sBELA0;? Unchecked;v1.6.0-147-gfbf9e2e
roadmap;dimacs;36/60;60;      1057;    248820;0;511;6866;208578;1;0;862;0.553924;376547;0;0;sBELA0;? Unchecked;v1.6.0-147-gfbf9e2e
roadmap;dimacs;37/60;60;    258041;     41474;0;510;6760;206971;1;0;862;0.552753;374437;0;0;sBELA0;? Unchecked;v1.6.0-147-gfbf9e2e
roadmap;dimacs;38/60;60;      8712;    259539;0;507;6834;208169;1;0;862;0.543276;383174;0;0;sBELA0;? Unchecked;v1.6.0-147-gfbf9e2e
roadmap;dimacs;39/60;60;    261646;      4574;0;519;6982;208588;1;0;862;0.550924;378615;0;0;sBELA0;? Unchecked;v1.6.0-147-gfbf9e2e
roadmap;dimacs;40/60;60;       520;    222196;0;505;6726;206214;1;0;862;0.537779;383455;0;0;sBELA0;? Unchecked;v1.6.0-147-gfbf9e2e
roadmap;dimacs;41/60;60;    242196;     17909;0;499;6674;208526;1;0;862;0.545069;382568;0;0;sBELA0;? Unchecked;v1.6.0-147-gfbf9e2e
roadmap;dimacs;42/60;60;    248265;         8;0;499;6726;209260;1;0;862;0.555924;376418;0;0;sBELA0;? Unchecked;v1.6.0-147-gfbf9e2e
roadmap;dimacs;43/60;60;    251395;     33785;0;508;6760;207446;1;0;862;0.542326;382511;0;0;sBELA0;? Unchecked;v1.6.0-147-gfbf9e2e
roadmap;dimacs;44/60;60;    254972;     13864;0;501;6758;207203;1;0;862;0.554558;373636;0;0;sBELA0;? Unchecked;v1.6.0-147-gfbf9e2e
roadmap;dimacs;45/60;60;      1998;    257065;0;503;6698;208372;1;0;862;0.554743;375619;0;0;sBELA0;? Unchecked;v1.6.0-147-gfbf9e2e
roadmap;dimacs;46/60;60;    256009;     28663;0;505;6786;207563;1;0;862;0.589307;352216;0;0;sBELA0;? Unchecked;v1.6.0-147-gfbf9e2e
roadmap;dimacs;47/60;60;     18946;    261099;0;516;6940;208987;1;0;862;0.544848;383569;0;0;sBELA0;? Unchecked;v1.6.0-147-gfbf9e2e
roadmap;dimacs;48/60;60;    253391;     13313;0;499;6714;208997;1;0;862;0.555099;376504;0;0;sBELA0;? Unchecked;v1.6.0-147-gfbf9e2e
roadmap;dimacs;49/60;60;    236014;     15363;0;502;6696;208947;1;0;862;0.556436;375510;0;0;sBELA0;? Unchecked;v1.6.0-147-gfbf9e2e
roadmap;dimacs;50/60;60;    256039;     16370;0;499;6706;208414;1;0;862;0.551823;377682;0;0;sBELA0;? Unchecked;v1.6.0-147-gfbf9e2e
roadmap;dimacs;51/60;60;      5165;    247296;0;506;6792;208871;1;0;862;0.544649;383496;0;0;sBELA0;? Unchecked;v1.6.0-147-gfbf9e2e
roadmap;dimacs;52/60;60;      9228;    248313;0;514;6920;208820;1;0;862;0.55957;373180;0;0;sBELA0;? Unchecked;v1.6.0-147-gfbf9e2e
roadmap;dimacs;53/60;60;    246784;     29193;0;511;6774;207871;1;0;862;0.554697;374747;0;0;sBELA0;? Unchecked;v1.6.0-147-gfbf9e2e
roadmap;dimacs;54/60;60;    246280;       497;0;522;7012;209167;1;0;862;0.547608;381965;0;0;sBELA0;? Unchecked;v1.6.0-147-gfbf9e2e
roadmap;dimacs;55/60;60;      1064;    237055;0;501;6730;208161;1;0;862;0.543068;383306;0;0;sBELA0;? Unchecked;v1.6.0-147-gfbf9e2e
roadmap;dimacs;56/60;60;    245279;     11768;0;503;6738;208961;1;0;862;0.547884;381396;0;0;sBELA0;? Unchecked;v1.6.0-147-gfbf9e2e
roadmap;dimacs;57/60;60;     11776;    259096;0;525;7046;208924;1;0;862;0.559534;373389;0;0;sBELA0;? Unchecked;v1.6.0-147-gfbf9e2e
roadmap;dimacs;58/60;60;    250326;     10251;0;494;6672;208839;1;0;862;0.554919;376342;0;0;sBELA0;? Unchecked;v1.6.0-147-gfbf9e2e
roadmap;dimacs;59/60;60;    259526;     10253;0;498;6696;208750;1;0;862;0.554684;376340;0;0;sBELA0;? Unchecked;v1.6.0-147-gfbf9e2e
roadmap;dimacs;60/60;60;    261664;      6127;0;519;6966;208945;1;0;862;0.545004;383383;0;0;sBELA0;? Unchecked;v1.6.0-147-gfbf9e2e
roadmap;dimacs;61/60;60;      3567;    242195;0;504;6796;207840;1;0;862;0.554305;374956;0;0;sBELA0;? Unchecked;v1.6.0-147-gfbf9e2e
roadmap;dimacs;62/60;60;    261097;     20519;0;490;6616;206296;1;0;862;0.597709;345145;0;0;sBELA0;? Unchecked;v1.6.0-147-gfbf9e2e
roadmap;dimacs;63/60;60;      5063;    254998;0;497;6670;208727;1;0;862;0.555169;375970;0;0;sBELA0;? Unchecked;v1.6.0-147-gfbf9e2e
roadmap;dimacs;64/60;60;      2086;    262100;0;513;6826;208623;1;0;862;0.544916;382853;0;0;sBELA0;? Unchecked;v1.6.0-147-gfbf9e2e
roadmap;dimacs;65/60;60;    260641;      4092;0;524;7052;209205;1;0;862;0.54477;384024;0;0;sBELA0;? Unchecked;v1.6.0-147-gfbf9e2e
roadmap;dimacs;66/60;60;      3111;    242164;0;498;6696;208050;1;0;862;0.550939;377628;0;0;sBELA0;? Unchecked;v1.6.0-147-gfbf9e2e
roadmap;dimacs;67/60;60;      2132;    262139;0;514;6804;209268;1;0;862;0.558521;374683;0;0;sBELA0;? Unchecked;v1.6.0-147-gfbf9e2e
roadmap;dimacs;68/60;60;    246721;      1026;0;496;6680;209275;1;0;862;0.556391;376130;0;0;sBELA0;? Unchecked;v1.6.0-147-gfbf9e2e
roadmap;dimacs;69/60;60;     20480;    245279;0;496;6660;207457;1;0;862;0.564515;367496;0;0;sBELA0;? Unchecked;v1.6.0-147-gfbf9e2e
roadmap;dimacs;70/60;60;    262132;     12294;0;526;7080;208937;1;0;862;0.557199;374977;0;0;sBELA0;? Unchecked;v1.6.0-147-gfbf9e2e
roadmap;dimacs;71/60;60;      2058;    240595;0;496;6664;205857;1;0;862;0.540046;381184;0;0;sBELA0;? Unchecked;v1.6.0-147-gfbf9e2e
roadmap;dimacs;72/60;60;    255999;      8716;0;524;7068;208906;1;0;862;0.553663;377316;0;0;sBELA0;? Unchecked;v1.6.0-147-gfbf9e2e
roadmap;dimacs;73/60;60;      4599;    239654;0;497;6682;206441;1;0;862;0.550402;375073;0;0;sBELA0;? Unchecked;v1.6.0-147-gfbf9e2e
roadmap;dimacs;74/60;60;    259083;     27133;0;510;6868;208023;1;0;862;0.54516;381582;0;0;sBELA0;? Unchecked;v1.6.0-147-gfbf9e2e
roadmap;dimacs;75/60;60;      4066;    255519;0;508;6820;208543;1;0;862;0.555799;375213;0;0;sBELA0;? Unchecked;v1.6.0-147-gfbf9e2e
roadmap;dimacs;76/60;60;    260612;      4579;0;523;7058;208684;1;0;862;0.546259;382024;0;0;sBELA0;? Unchecked;v1.6.0-147-gfbf9e2e
roadmap;dimacs;77/60;60;    254984;     11245;0;515;6938;208551;1;0;862;0.543725;383559;0;0;sBELA0;? Unchecked;v1.6.0-147-gfbf9e2e
roadmap;dimacs;78/60;60;    258027;     15880;0;511;6886;208631;1;0;862;0.566916;368010;0;0;sBELA0;? Unchecked;v1.6.0-147-gfbf9e2e
roadmap;dimacs;79/60;60;     10267;    244219;0;503;6762;208610;1;0;862;0.544842;382882;0;0;sBELA0;? Unchecked;v1.6.0-147-gfbf9e2e
roadmap;dimacs;80/60;60;    222207;      3089;0;505;6714;209032;1;0;862;0.55729;375087;0;0;sBELA0;? Unchecked;v1.6.0-147-gfbf9e2e
roadmap;dimacs;81/60;60;      3056;    241705;0;492;6640;206278;1;0;862;0.552315;373479;0;0;sBELA0;? Unchecked;v1.6.0-147-gfbf9e2e
roadmap;dimacs;82/60;60;      6617;    240136;0;495;6658;208144;1;0;862;0.554073;375662;0;0;sBELA0;? Unchecked;v1.6.0-147-gfbf9e2e
roadmap;dimacs;83/60;60;    242148;      9232;0;495;6658;208811;1;0;862;0.555105;376165;0;0;sBELA0;? Unchecked;v1.6.0-147-gfbf9e2e
roadmap;dimacs;84/60;60;    247299;       479;0;514;6920;208754;1;0;862;0.547265;381450;0;0;sBELA0;? Unchecked;v1.6.0-147-gfbf9e2e
roadmap;dimacs;85/60;60;     13844;    253941;0;510;6856;208997;1;0;862;0.544372;383923;0;0;sBELA0;? Unchecked;v1.6.0-147-gfbf9e2e
roadmap;dimacs;86/60;60;      3578;    260146;0;518;6956;208230;1;0;862;0.556885;373919;0;0;sBELA0;? Unchecked;v1.6.0-147-gfbf9e2e
roadmap;dimacs;87/60;60;    258031;     24598;0;499;6706;207158;1;0;862;0.550542;376280;0;0;sBELA0;? Unchecked;v1.6.0-147-gfbf9e2e
roadmap;dimacs;88/60;60;    236012;      8209;0;494;6640;208800;1;0;862;0.553983;376907;0;0;sBELA0;? Unchecked;v1.6.0-147-gfbf9e2e
roadmap;dimacs;89/60;60;      2564;    248267;0;498;6724;206233;1;0;862;0.540341;381672;0;0;sBELA0;? Unchecked;v1.6.0-147-gfbf9e2e
roadmap;dimacs;90/60;60;      1018;    248854;0;521;7002;208376;1;0;862;0.556845;374208;0;0;sBELA0;? Unchecked;v1.6.0-147-gfbf9e2e
roadmap;dimacs;91/60;60;    222716;      6155;0;503;6694;209050;1;0;862;0.556472;375670;0;0;sBELA0;? Unchecked;v1.6.0-147-gfbf9e2e
roadmap;dimacs;92/60;60;     12795;    247326;0;503;6762;207777;1;0;862;0.556944;373066;0;0;sBELA0;? Unchecked;v1.6.0-147-gfbf9e2e
roadmap;dimacs;93/60;60;    248266;       516;0;501;6754;209273;1;0;862;0.577167;362587;0;0;sBELA0;? Unchecked;v1.6.0-147-gfbf9e2e
roadmap;dimacs;94/60;60;     24066;    255486;0;521;6962;209188;1;0;862;0.548453;381415;0;0;sBELA0;? Unchecked;v1.6.0-147-gfbf9e2e
roadmap;dimacs;95/60;60;    247816;       997;0;516;6936;208924;1;0;862;0.544724;383541;0;0;sBELA0;? Unchecked;v1.6.0-147-gfbf9e2e
roadmap;dimacs;96/60;60;    253972;     20465;0;501;6742;208092;1;0;862;0.543726;382715;0;0;sBELA0;? Unchecked;v1.6.0-147-gfbf9e2e
roadmap;dimacs;97/60;60;    252422;      2515;0;511;6866;208267;1;0;862;0.547726;380240;0;0;sBELA0;? Unchecked;v1.6.0-147-gfbf9e2e
roadmap;dimacs;98/60;60;    229860;      1035;0;496;6652;209225;1;0;862;0.557896;375025;0;0;sBELA0;? Unchecked;v1.6.0-147-gfbf9e2e
roadmap;dimacs;99/60;60;    247295;     28681;0;511;6778;207943;1;0;862;0.556699;373528;0;0;sBELA0;? Unchecked;v1.6.0-147-gfbf9e2e
roadmap;dimacs;0/70;70;    252388;     20483;0;505;6762;208608;1;0;862;0.555679;375411;0;0;sBELA0;? Unchecked;v1.6.0-147-gfbf9e2e
roadmap;dimacs;1/70;70;     25106;    246269;0;501;6694;208862;1;0;862;0.548272;380946;0;0;sBELA0;? Unchecked;v1.6.0-147-gfbf9e2e
roadmap;dimacs;2/70;70;    258113;      6647;0;504;6744;209017;1;0;862;0.554901;376674;0;0;sBELA0;? Unchecked;v1.6.0-147-gfbf9e2e
roadmap;dimacs;3/70;70;      2080;    233975;0;500;6692;207560;1;0;862;0.542262;382767;0;0;sBELA0;? Unchecked;v1.6.0-147-gfbf9e2e
roadmap;dimacs;4/70;70;    260625;     26619;0;509;6846;207951;1;0;862;0.543961;382290;0;0;sBELA0;? Unchecked;v1.6.0-147-gfbf9e2e
roadmap;dimacs;5/70;70;    261599;      3595;0;519;7006;209178;1;0;862;0.559628;373780;0;0;sBELA0;? Unchecked;v1.6.0-147-gfbf9e2e
roadmap;dimacs;6/70;70;      4659;    242682;0;494;6640;208369;1;0;862;0.544511;382672;0;0;sBELA0;? Unchecked;v1.6.0-147-gfbf9e2e
roadmap;dimacs;7/70;70;    241670;       978;0;499;6718;208202;1;0;862;0.547138;380530;0;0;sBELA0;? Unchecked;v1.6.0-147-gfbf9e2e
roadmap;dimacs;8/70;70;     38401;    251904;0;518;6816;209172;1;0;862;0.546177;382975;0;0;sBELA0;? Unchecked;v1.6.0-147-gfbf9e2e
roadmap;dimacs;9/70;70;     13831;    249853;0;521;6974;209012;1;0;862;0.588883;354930;0;0;sBELA0;? Unchecked;v1.6.0-147-gfbf9e2e
roadmap;dimacs;10/70;70;     11759;    259591;0;518;7000;209218;1;0;862;0.557272;375432;0;0;sBELA0;? Unchecked;v1.6.0-147-gfbf9e2e
roadmap;dimacs;11/70;70;    236537;     10777;0;497;6662;208333;1;0;862;0.570465;365199;0;0;sBELA0;? Unchecked;v1.6.0-147-gfbf9e2e
roadmap;dimacs;12/70;70;    249882;      5103;0;505;6822;208955;1;0;862;0.546348;382457;0;0;sBELA0;? Unchecked;v1.6.0-147-gfbf9e2e
roadmap;dimacs;13/70;70;      6146;    251872;0;512;6900;208083;1;0;862;0.544017;382493;0;0;sBELA0;? Unchecked;v1.6.0-147-gfbf9e2e
roadmap;dimacs;14/70;70;     22521;    260107;0;513;6914;209170;1;0;862;0.559786;373661;0;0;sBELA0;? Unchecked;v1.6.0-147-gfbf9e2e
roadmap;dimacs;15/70;70;      1533;    250409;0;514;6912;207701;1;0;862;0.566671;366528;0;0;sBELA0;? Unchecked;v1.6.0-147-gfbf9e2e
roadmap;dimacs;16/70;70;    262075;      5139;0;508;6748;208969;1;0;862;0.553128;377795;0;0;sBELA0;? Unchecked;v1.6.0-147-gfbf9e2e
roadmap;dimacs;17/70;70;      5647;    255960;0;505;6810;208099;1;0;862;0.545078;381779;0;0;sBELA0;? Unchecked;v1.6.0-147-gfbf9e2e
roadmap;dimacs;18/70;70;      6119;    252429;0;512;6896;208887;1;0;862;0.55398;377066;0;0;sBELA0;? Unchecked;v1.6.0-147-gfbf9e2e
roadmap;dimacs;19/70;70;      8194;    232422;0;499;6678;206318;1;0;862;0.539867;382165;0;0;sBELA0;? Unchecked;v1.6.0-147-gfbf9e2e
roadmap;dimacs;20/70;70;    252392;     15368;0;507;6810;208704;1;0;862;0.554625;376298;0;0;sBELA0;? Unchecked;v1.6.0-147-gfbf9e2e
roadmap;dimacs;21/70;70;      4622;    230901;0;501;6718;207219;1;0;862;0.546504;379172;0;0;sBELA0;? Unchecked;v1.6.0-147-gfbf9e2e
roadmap;dimacs;22/70;70;    261058;       516;0;519;6930;209273;1;0;862;0.563981;371064;0;0;sBELA0;? Unchecked;v1.6.0-147-gfbf9e2e
roadmap;dimacs;23/70;70;    260633;     31732;0;496;6668;206856;1;0;862;0.53966;383308;0;0;sBELA0;? Unchecked;v1.6.0-147-gfbf9e2e
roadmap;dimacs;24/70;70;      5662;    254952;0;508;6824;208678;1;0;862;0.545434;382591;0;0;sBELA0;? Unchecked;v1.6.0-147-gfbf9e2e
roadmap;dimacs;25/70;70;    234511;     10232;0;500;6712;208971;1;0;862;0.585012;357208;0;0;sBELA0;? Unchecked;v1.6.0-147-gfbf9e2e
roadmap;dimacs;26/70;70;    256495;     24598;0;498;6688;207194;1;0;862;0.551312;375820;0;0;sBELA0;? Unchecked;v1.6.0-147-gfbf9e2e
roadmap;dimacs;27/70;70;      5155;    239099;0;501;6718;208216;1;0;862;0.544485;382409;0;0;sBELA0;? Unchecked;v1.6.0-147-gfbf9e2e
roadmap;dimacs;28/70;70;    260138;      4070;0;514;6864;208881;1;0;862;0.543609;384249;0;0;sBELA0;? Unchecked;v1.6.0-147-gfbf9e2e
roadmap;dimacs;29/70;70;       497;    261718;0;514;6772;207073;1;0;862;0.551912;375192;0;0;sBELA0;? Unchecked;v1.6.0-147-gfbf9e2e
roadmap;dimacs;30/70;70;    250399;     10234;0;506;6816;209043;1;0;862;0.560342;373063;0;0;sBELA0;? Unchecked;v1.6.0-147-gfbf9e2e
roadmap;dimacs;31/70;70;      9245;    237563;0;498;6680;208155;1;0;862;0.545334;381702;0;0;sBELA0;? Unchecked;v1.6.0-147-gfbf9e2e
roadmap;dimacs;32/70;70;    260135;     13276;0;498;6668;207729;1;0;862;0.541833;383382;0;0;sBELA0;? Unchecked;v1.6.0-147-gfbf9e2e
roadmap;dimacs;33/70;70;    252429;     25085;0;506;6800;208203;1;0;862;0.546521;380960;0;0;sBELA0;? Unchecked;v1.6.0-147-gfbf9e2e
roadmap;dimacs;34/70;70;      3098;    231926;0;498;6676;207326;1;0;862;0.542173;382398;0;0;sBELA0;? Unchecked;v1.6.0-147-gfbf9e2e
roadmap;dimacs;35/70;70;     19421;    257032;0;499;6730;209165;1;0;862;0.557682;375061;0;0;sBELA0;? Unchecked;v1.6.0-147-gfbf9e2e
roadmap;dimacs;36/70;70;      1057;    248820;0;511;6866;208578;1;0;862;0.54345;383803;0;0;sBELA0;? Unchecked;v1.6.0-147-gfbf9e2e
roadmap;dimacs;37/70;70;    258041;     41474;0;510;6760;206971;1;0;862;0.552072;374899;0;0;sBELA0;? Unchecked;v1.6.0-147-gfbf9e2e
roadmap;dimacs;38/70;70;      8712;    259539;0;507;6834;208169;1;0;862;0.552206;376977;0;0;sBELA0;? Unchecked;v1.6.0-147-gfbf9e2e
roadmap;dimacs;39/70;70;    261646;      4574;0;519;6982;208588;1;0;862;0.547346;381090;0;0;sBELA0;? Unchecked;v1.6.0-147-gfbf9e2e
roadmap;dimacs;40/70;70;       520;    222196;0;505;6726;206214;1;0;862;0.538754;382761;0;0;sBELA0;? Unchecked;v1.6.0-147-gfbf9e2e
roadmap;dimacs;41/70;70;    242196;     17909;0;499;6674;208526;1;0;862;0.578325;360569;0;0;sBELA0;? Unchecked;v1.6.0-147-gfbf9e2e
roadmap;dimacs;42/70;70;    248265;         8;0;499;6726;209260;1;0;862;0.556394;376101;0;0;sBELA0;? Unchecked;v1.6.0-147-gfbf9e2e
roadmap;dimacs;43/70;70;    251395;     33785;0;508;6760;207446;1;0;862;0.542918;382094;0;0;sBELA0;? Unchecked;v1.6.0-147-gfbf9e2e
roadmap;dimacs;44/70;70;    254972;     13864;0;501;6758;207203;1;0;862;0.552857;374786;0;0;sBELA0;? Unchecked;v1.6.0-147-gfbf9e2e
roadmap;dimacs;45/70;70;      1998;    257065;0;503;6698;208372;1;0;862;0.554646;375684;0;0;sBELA0;? Unchecked;v1.6.0-147-gfbf9e2e
roadmap;dimacs;46/70;70;    256009;     28663;0;505;6786;207563;1;0;862;0.5463;379943;0;0;sBELA0;? Unchecked;v1.6.0-147-gfbf9e2e
roadmap;dimacs;47/70;70;     18946;    261099;0;516;6940;208987;1;0;862;0.556905;375265;0;0;sBELA0;? Unchecked;v1.6.0-147-gfbf9e2e
roadmap;dimacs;48/70;70;    253391;     13313;0;499;6714;208997;1;0;862;0.557471;374902;0;0;sBELA0;? Unchecked;v1.6.0-147-gfbf9e2e
roadmap;dimacs;49/70;70;    236014;     15363;0;502;6696;208947;1;0;862;0.556768;375286;0;0;sBELA0;? Unchecked;v1.6.0-147-gfbf9e2e
roadmap;dimacs;50/70;70;    256039;     16370;0;499;6706;208414;1;0;862;0.54517;382291;0;0;sBELA0;? Unchecked;v1.6.0-147-gfbf9e2e
roadmap;dimacs;51/70;70;      5165;    247296;0;506;6792;208871;1;0;862;0.548105;381079;0;0;sBELA0;? Unchecked;v1.6.0-147-gfbf9e2e
roadmap;dimacs;52/70;70;      9228;    248313;0;514;6920;208820;1;0;862;0.547198;381617;0;0;sBELA0;? Unchecked;v1.6.0-147-gfbf9e2e
roadmap;dimacs;53/70;70;    246784;     29193;0;511;6774;207871;1;0;862;0.553848;375321;0;0;sBELA0;? Unchecked;v1.6.0-147-gfbf9e2e
roadmap;dimacs;54/70;70;    246280;       497;0;522;7012;209167;1;0;862;0.547932;381739;0;0;sBELA0;? Unchecked;v1.6.0-147-gfbf9e2e
roadmap;dimacs;55/70;70;      1064;    237055;0;501;6730;208161;1;0;862;0.544327;382419;0;0;sBELA0;? Unchecked;v1.6.0-147-gfbf9e2e
roadmap;dimacs;56/70;70;    245279;     11768;0;503;6738;208961;1;0;862;0.546497;382364;0;0;sBELA0;? Unchecked;v1.6.0-147-gfbf9e2e
roadmap;dimacs;57/70;70;     11776;    259096;0;525;7046;208924;1;0;862;0.592929;352359;0;0;sBELA0;? Unchecked;v1.6.0-147-gfbf9e2e
roadmap;dimacs;58/70;70;    250326;     10251;0;494;6672;208839;1;0;862;0.553441;377347;0;0;sBELA0;? Unchecked;v1.6.0-147-gfbf9e2e
roadmap;dimacs;59/70;70;    259526;     10253;0;498;6696;208750;1;0;862;0.553461;377172;0;0;sBELA0;? Unchecked;v1.6.0-147-gfbf9e2e
roadmap;dimacs;60/70;70;    261664;      6127;0;519;6966;208945;1;0;862;0.551987;378532;0;0;sBELA0;? Unchecked;v1.6.0-147-gfbf9e2e
roadmap;dimacs;61/70;70;      3567;    242195;0;504;6796;207840;1;0;862;0.553558;375462;0;0;sBELA0;? Unchecked;v1.6.0-147-gfbf9e2e
roadmap;dimacs;62/70;70;    261097;     20519;0;490;6616;206296;1;0;862;0.551292;374204;0;0;sBELA0;? Unchecked;v1.6.0-147-gfbf9e2e
roadmap;dimacs;63/70;70;      5063;    254998;0;497;6670;208727;1;0;862;0.567364;367889;0;0;sBELA0;? Unchecked;v1.6.0-147-gfbf9e2e
roadmap;dimacs;64/70;70;      2086;    262100;0;513;6826;208623;1;0;862;0.549279;379812;0;0;sBELA0;? Unchecked;v1.6.0-147-gfbf9e2e
roadmap;dimacs;65/70;70;    260641;      4092;0;524;7052;209205;1;0;862;0.557989;374927;0;0;sBELA0;? Unchecked;v1.6.0-147-gfbf9e2e
roadmap;dimacs;66/70;70;      3111;    242164;0;498;6696;208050;1;0;862;0.543663;382682;0;0;sBELA0;? Unchecked;v1.6.0-147-gfbf9e2e
roadmap;dimacs;67/70;70;      2132;    262139;0;514;6804;209268;1;0;862;0.548792;381325;0;0;sBELA0;? Unchecked;v1.6.0-147-gfbf9e2e
roadmap;dimacs;68/70;70;    246721;      1026;0;496;6680;209275;1;0;862;0.555013;377063;0;0;sBELA0;? Unchecked;v1.6.0-147-gfbf9e2e
roadmap;dimacs;69/70;70;     20480;    245279;0;496;6660;207457;1;0;862;0.556658;372683;0;0;sBELA0;? Unchecked;v1.6.0-147-gfbf9e2e
roadmap;dimacs;70/70;70;    262132;     12294;0;526;7080;208937;1;0;862;0.553974;377160;0;0;sBELA0;? Unchecked;v1.6.0-147-gfbf9e2e
roadmap;dimacs;71/70;70;      2058;    240595;0;496;6664;205857;1;0;862;0.539903;381285;0;0;sBELA0;? Unchecked;v1.6.0-147-gfbf9e2e
roadmap;dimacs;72/70;70;    255999;      8716;0;524;7068;208906;1;0;862;0.576883;362129;0;0;sBELA0;? Unchecked;v1.6.0-147-gfbf9e2e
roadmap;dimacs;73/70;70;      4599;    239654;0;497;6682;206441;1;0;862;0.563706;366221;0;0;sBELA0;? Unchecked;v1.6.0-147-gfbf9e2e
roadmap;dimacs;74/70;70;    259083;     27133;0;510;6868;208023;1;0;862;0.543858;382495;0;0;sBELA0;? Unchecked;v1.6.0-147-gfbf9e2e
roadmap;dimacs;75/70;70;      4066;    255519;0;508;6820;208543;1;0;862;0.55551;375408;0;0;sBELA0;? Unchecked;v1.6.0-147-gfbf9e2e
roadmap;dimacs;76/70;70;    260612;      4579;0;523;7058;208684;1;0;862;0.548319;380588;0;0;sBELA0;? Unchecked;v1.6.0-147-gfbf9e2e
roadmap;dimacs;77/70;70;    254984;     11245;0;515;6938;208551;1;0;862;0.542718;384271;0;0;sBELA0;? Unchecked;v1.6.0-147-gfbf9e2e
roadmap;dimacs;78/70;70;    258027;     15880;0;511;6886;208631;1;0;862;0.563957;369941;0;0;sBELA0;? Unchecked;v1.6.0-147-gfbf9e2e
roadmap;dimacs;79/70;70;     10267;    244219;0;503;6762;208610;1;0;862;0.547943;380714;0;0;sBELA0;? Unchecked;v1.6.0-147-gfbf9e2e
roadmap;dimacs;80/70;70;    222207;      3089;0;505;6714;209032;1;0;862;0.558926;373989;0;0;sBELA0;? Unchecked;v1.6.0-147-gfbf9e2e
roadmap;dimacs;81/70;70;      3056;    241705;0;492;6640;206278;1;0;862;0.549526;375374;0;0;sBELA0;? Unchecked;v1.6.0-147-gfbf9e2e
roadmap;dimacs;82/70;70;      6617;    240136;0;495;6658;208144;1;0;862;0.552984;376401;0;0;sBELA0;? Unchecked;v1.6.0-147-gfbf9e2e
roadmap;dimacs;83/70;70;    242148;      9232;0;495;6658;208811;1;0;862;0.55528;376046;0;0;sBELA0;? Unchecked;v1.6.0-147-gfbf9e2e
roadmap;dimacs;84/70;70;    247299;       479;0;514;6920;208754;1;0;862;0.546523;381968;0;0;sBELA0;? Unchecked;v1.6.0-147-gfbf9e2e
roadmap;dimacs;85/70;70;     13844;    253941;0;510;6856;208997;1;0;862;0.546999;382079;0;0;sBELA0;? Unchecked;v1.6.0-147-gfbf9e2e
roadmap;dimacs;86/70;70;      3578;    260146;0;518;6956;208230;1;0;862;0.556608;374105;0;0;sBELA0;? Unchecked;v1.6.0-147-gfbf9e2e
roadmap;dimacs;87/70;70;    258031;     24598;0;499;6706;207158;1;0;862;0.552439;374988;0;0;sBELA0;? Unchecked;v1.6.0-147-gfbf9e2e
roadmap;dimacs;88/70;70;    236012;      8209;0;494;6640;208800;1;0;862;0.595679;350524;0;0;sBELA0;? Unchecked;v1.6.0-147-gfbf9e2e
roadmap;dimacs;89/70;70;      2564;    248267;0;498;6724;206233;1;0;862;0.539061;382579;0;0;sBELA0;? Unchecked;v1.6.0-147-gfbf9e2e
roadmap;dimacs;90/70;70;      1018;    248854;0;521;7002;208376;1;0;862;0.556569;374394;0;0;sBELA0;? Unchecked;v1.6.0-147-gfbf9e2e
roadmap;dimacs;91/70;70;    222716;      6155;0;503;6694;209050;1;0;862;0.559947;373339;0;0;sBELA0;? Unchecked;v1.6.0-147-gfbf9e2e
roadmap;dimacs;92/70;70;     12795;    247326;0;503;6762;207777;1;0;862;0.555231;374217;0;0;sBELA0;? Unchecked;v1.6.0-147-gfbf9e2e
roadmap;dimacs;93/70;70;    248266;       516;0;501;6754;209273;1;0;862;0.573046;365194;0;0;sBELA0;? Unchecked;v1.6.0-147-gfbf9e2e
roadmap;dimacs;94/70;70;     24066;    255486;0;521;6962;209188;1;0;862;0.544762;383999;0;0;sBELA0;? Unchecked;v1.6.0-147-gfbf9e2e
roadmap;dimacs;95/70;70;    247816;       997;0;516;6936;208924;1;0;862;0.546195;382508;0;0;sBELA0;? Unchecked;v1.6.0-147-gfbf9e2e
roadmap;dimacs;96/70;70;    253972;     20465;0;501;6742;208092;1;0;862;0.55099;377669;0;0;sBELA0;? Unchecked;v1.6.0-147-gfbf9e2e
roadmap;dimacs;97/70;70;    252422;      2515;0;511;6866;208267;1;0;862;0.543927;382895;0;0;sBELA0;? Unchecked;v1.6.0-147-gfbf9e2e
roadmap;dimacs;98/70;70;    229860;      1035;0;496;6652;209225;1;0;862;0.555679;376521;0;0;sBELA0;? Unchecked;v1.6.0-147-gfbf9e2e
roadmap;dimacs;99/70;70;    247295;     28681;0;511;6778;207943;1;0;862;0.553955;375379;0;0;sBELA0;? Unchecked;v1.6.0-147-gfbf9e2e
roadmap;dimacs;0/80;80;    252388;     20483;0;505;6762;208608;1;0;862;0.556029;375174;0;0;sBELA0;? Unchecked;v1.6.0-147-gfbf9e2e
roadmap;dimacs;1/80;80;     25106;    246269;0;501;6694;208862;1;0;862;0.550633;379313;0;0;sBELA0;? Unchecked;v1.6.0-147-gfbf9e2e
roadmap;dimacs;2/80;80;    258113;      6647;0;504;6744;209017;1;0;862;0.545007;383512;0;0;sBELA0;? Unchecked;v1.6.0-147-gfbf9e2e
roadmap;dimacs;3/80;80;      2080;    233975;0;500;6692;207560;1;0;862;0.551264;376516;0;0;sBELA0;? Unchecked;v1.6.0-147-gfbf9e2e
roadmap;dimacs;4/80;80;    260625;     26619;0;509;6846;207951;1;0;862;0.578288;359597;0;0;sBELA0;? Unchecked;v1.6.0-147-gfbf9e2e
roadmap;dimacs;5/80;80;    261599;      3595;0;519;7006;209178;1;0;862;0.555962;376245;0;0;sBELA0;? Unchecked;v1.6.0-147-gfbf9e2e
roadmap;dimacs;6/80;80;      4659;    242682;0;494;6640;208369;1;0;862;0.542706;383944;0;0;sBELA0;? Unchecked;v1.6.0-147-gfbf9e2e
roadmap;dimacs;7/80;80;    241670;       978;0;499;6718;208202;1;0;862;0.547334;380393;0;0;sBELA0;? Unchecked;v1.6.0-147-gfbf9e2e
roadmap;dimacs;8/80;80;     38401;    251904;0;518;6816;209172;1;0;862;0.544783;383955;0;0;sBELA0;? Unchecked;v1.6.0-147-gfbf9e2e
roadmap;dimacs;9/80;80;     13831;    249853;0;521;6974;209012;1;0;862;0.555019;376585;0;0;sBELA0;? Unchecked;v1.6.0-147-gfbf9e2e
roadmap;dimacs;10/80;80;     11759;    259591;0;518;7000;209218;1;0;862;0.559322;374056;0;0;sBELA0;? Unchecked;v1.6.0-147-gfbf9e2e
roadmap;dimacs;11/80;80;    236537;     10777;0;497;6662;208333;1;0;862;0.558191;373229;0;0;sBELA0;? Unchecked;v1.6.0-147-gfbf9e2e
roadmap;dimacs;12/80;80;    249882;      5103;0;505;6822;208955;1;0;862;0.545424;383106;0;0;sBELA0;? Unchecked;v1.6.0-147-gfbf9e2e
roadmap;dimacs;13/80;80;      6146;    251872;0;512;6900;208083;1;0;862;0.543883;382588;0;0;sBELA0;? Unchecked;v1.6.0-147-gfbf9e2e
roadmap;dimacs;14/80;80;     22521;    260107;0;513;6914;209170;1;0;862;0.560001;373517;0;0;sBELA0;? Unchecked;v1.6.0-147-gfbf9e2e
roadmap;dimacs;15/80;80;      1533;    250409;0;514;6912;207701;1;0;862;0.557055;372855;0;0;sBELA0;? Unchecked;v1.6.0-147-gfbf9e2e
roadmap;dimacs;16/80;80;    262075;      5139;0;508;6748;208969;1;0;862;0.560757;372655;0;0;sBELA0;? Unchecked;v1.6.0-147-gfbf9e2e
roadmap;dimacs;17/80;80;      5647;    255960;0;505;6810;208099;1;0;862;0.554023;375614;0;0;sBELA0;? Unchecked;v1.6.0-147-gfbf9e2e
roadmap;dimacs;18/80;80;      6119;    252429;0;512;6896;208887;1;0;862;0.557497;374687;0;0;sBELA0;? Unchecked;v1.6.0-147-gfbf9e2e
roadmap;dimacs;19/80;80;      8194;    232422;0;499;6678;206318;1;0;862;0.53935;382531;0;0;sBELA0;? Unchecked;v1.6.0-147-gfbf9e2e
roadmap;dimacs;20/80;80;    252392;     15368;0;507;6810;208704;1;0;862;0.586996;355546;0;0;sBELA0;? Unchecked;v1.6.0-147-gfbf9e2e
roadmap;dimacs;21/80;80;      4622;    230901;0;501;6718;207219;1;0;862;0.546035;379497;0;0;sBELA0;? Unchecked;v1.6.0-147-gfbf9e2e
roadmap;dimacs;22/80;80;    261058;       516;0;519;6930;209273;1;0;862;0.553988;377757;0;0;sBELA0;? Unchecked;v1.6.0-147-gfbf9e2e
roadmap;dimacs;23/80;80;    260633;     31732;0;496;6668;206856;1;0;862;0.540781;382514;0;0;sBELA0;? Unchecked;v1.6.0-147-gfbf9e2e
roadmap;dimacs;24/80;80;      5662;    254952;0;508;6824;208678;1;0;862;0.543126;384216;0;0;sBELA0;? Unchecked;v1.6.0-147-gfbf9e2e
roadmap;dimacs;25/80;80;    234511;     10232;0;500;6712;208971;1;0;862;0.550165;379834;0;0;sBELA0;? Unchecked;v1.6.0-147-gfbf9e2e
roadmap;dimacs;26/80;80;    256495;     24598;0;498;6688;207194;1;0;862;0.56573;366242;0;0;sBELA0;? Unchecked;v1.6.0-147-gfbf9e2e
roadmap;dimacs;27/80;80;      5155;    239099;0;501;6718;208216;1;0;862;0.542998;383456;0;0;sBELA0;? Unchecked;v1.6.0-147-gfbf9e2e
roadmap;dimacs;28/80;80;    260138;      4070;0;514;6864;208881;1;0;862;0.545375;383004;0;0;sBELA0;? Unchecked;v1.6.0-147-gfbf9e2e
roadmap;dimacs;29/80;80;       497;    261718;0;514;6772;207073;1;0;862;0.5588;370567;0;0;sBELA0;? Unchecked;v1.6.0-147-gfbf9e2e
roadmap;dimacs;30/80;80;    250399;     10234;0;506;6816;209043;1;0;862;0.555745;376149;0;0;sBELA0;? Unchecked;v1.6.0-147-gfbf9e2e
roadmap;dimacs;31/80;80;      9245;    237563;0;498;6680;208155;1;0;862;0.543326;383112;0;0;sBELA0;? Unchecked;v1.6.0-147-gfbf9e2e
roadmap;dimacs;32/80;80;    260135;     13276;0;498;6668;207729;1;0;862;0.540939;384015;0;0;sBELA0;? Unchecked;v1.6.0-147-gfbf9e2e
roadmap;dimacs;33/80;80;    252429;     25085;0;506;6800;208203;1;0;862;0.545605;381600;0;0;sBELA0;? Unchecked;v1.6.0-147-gfbf9e2e
roadmap;dimacs;34/80;80;      3098;    231926;0;498;6676;207326;1;0;862;0.540893;383303;0;0;sBELA0;? Unchecked;v1.6.0-147-gfbf9e2e
roadmap;dimacs;35/80;80;     19421;    257032;0;499;6730;209165;1;0;862;0.566502;369222;0;0;sBELA0;? Unchecked;v1.6.0-147-gfbf9e2e
roadmap;dimacs;36/80;80;      1057;    248820;0;511;6866;208578;1;0;862;0.556014;375131;0;0;sBELA0;? Unchecked;v1.6.0-147-gfbf9e2e
roadmap;dimacs;37/80;80;    258041;     41474;0;510;6760;206971;1;0;862;0.551704;375149;0;0;sBELA0;? Unchecked;v1.6.0-147-gfbf9e2e
roadmap;dimacs;38/80;80;      8712;    259539;0;507;6834;208169;1;0;862;0.5479;379940;0;0;sBELA0;? Unchecked;v1.6.0-147-gfbf9e2e
roadmap;dimacs;39/80;80;    261646;      4574;0;519;6982;208588;1;0;862;0.544155;383325;0;0;sBELA0;? Unchecked;v1.6.0-147-gfbf9e2e
roadmap;dimacs;40/80;80;       520;    222196;0;505;6726;206214;1;0;862;0.547868;376393;0;0;sBELA0;? Unchecked;v1.6.0-147-gfbf9e2e
roadmap;dimacs;41/80;80;    242196;     17909;0;499;6674;208526;1;0;862;0.55982;372487;0;0;sBELA0;? Unchecked;v1.6.0-147-gfbf9e2e
roadmap;dimacs;42/80;80;    248265;         8;0;499;6726;209260;1;0;862;0.555548;376673;0;0;sBELA0;? Unchecked;v1.6.0-147-gfbf9e2e
roadmap;dimacs;43/80;80;    251395;     33785;0;508;6760;207446;1;0;862;0.543415;381745;0;0;sBELA0;? Unchecked;v1.6.0-147-gfbf9e2e
roadmap;dimacs;44/80;80;    254972;     13864;0;501;6758;207203;1;0;862;0.553078;374636;0;0;sBELA0;? Unchecked;v1.6.0-147-gfbf9e2e
roadmap;dimacs;45/80;80;      1998;    257065;0;503;6698;208372;1;0;862;0.556163;374660;0;0;sBELA0;? Unchecked;v1.6.0-147-gfbf9e2e
roadmap;dimacs;46/80;80;    256009;     28663;0;505;6786;207563;1;0;862;0.544037;381524;0;0;sBELA0;? Unchecked;v1.6.0-147-gfbf9e2e
roadmap;dimacs;47/80;80;     18946;    261099;0;516;6940;208987;1;0;862;0.546533;382387;0;0;sBELA0;? Unchecked;v1.6.0-147-gfbf9e2e
roadmap;dimacs;48/80;80;    253391;     13313;0;499;6714;208997;1;0;862;0.554248;377082;0;0;sBELA0;? Unchecked;v1.6.0-147-gfbf9e2e
roadmap;dimacs;49/80;80;    236014;     15363;0;502;6696;208947;1;0;862;0.559543;373424;0;0;sBELA0;? Unchecked;v1.6.0-147-gfbf9e2e
roadmap;dimacs;50/80;80;    256039;     16370;0;499;6706;208414;1;0;862;0.543277;383624;0;0;sBELA0;? Unchecked;v1.6.0-147-gfbf9e2e
roadmap;dimacs;51/80;80;      5165;    247296;0;506;6792;208871;1;0;862;0.584206;357530;0;0;sBELA0;? Unchecked;v1.6.0-147-gfbf9e2e
roadmap;dimacs;52/80;80;      9228;    248313;0;514;6920;208820;1;0;862;0.548062;381016;0;0;sBELA0;? Unchecked;v1.6.0-147-gfbf9e2e
roadmap;dimacs;53/80;80;    246784;     29193;0;511;6774;207871;1;0;862;0.553744;375392;0;0;sBELA0;? Unchecked;v1.6.0-147-gfbf9e2e
roadmap;dimacs;54/80;80;    246280;       497;0;522;7012;209167;1;0;862;0.548021;381677;0;0;sBELA0;? Unchecked;v1.6.0-147-gfbf9e2e
roadmap;dimacs;55/80;80;      1064;    237055;0;501;6730;208161;1;0;862;0.554819;375187;0;0;sBELA0;? Unchecked;v1.6.0-147-gfbf9e2e
roadmap;dimacs;56/80;80;    245279;     11768;0;503;6738;208961;1;0;862;0.546373;382451;0;0;sBELA0;? Unchecked;v1.6.0-147-gfbf9e2e
roadmap;dimacs;57/80;80;     11776;    259096;0;525;7046;208924;1;0;862;0.56935;366952;0;0;sBELA0;? Unchecked;v1.6.0-147-gfbf9e2e
roadmap;dimacs;58/80;80;    250326;     10251;0;494;6672;208839;1;0;862;0.555808;375740;0;0;sBELA0;? Unchecked;v1.6.0-147-gfbf9e2e
roadmap;dimacs;59/80;80;    259526;     10253;0;498;6696;208750;1;0;862;0.554956;376156;0;0;sBELA0;? Unchecked;v1.6.0-147-gfbf9e2e
roadmap;dimacs;60/80;80;    261664;      6127;0;519;6966;208945;1;0;862;0.545065;383340;0;0;sBELA0;? Unchecked;v1.6.0-147-gfbf9e2e
roadmap;dimacs;61/80;80;      3567;    242195;0;504;6796;207840;1;0;862;0.557157;373036;0;0;sBELA0;? Unchecked;v1.6.0-147-gfbf9e2e
roadmap;dimacs;62/80;80;    261097;     20519;0;490;6616;206296;1;0;862;0.550233;374925;0;0;sBELA0;? Unchecked;v1.6.0-147-gfbf9e2e
roadmap;dimacs;63/80;80;      5063;    254998;0;497;6670;208727;1;0;862;0.556951;374768;0;0;sBELA0;? Unchecked;v1.6.0-147-gfbf9e2e
roadmap;dimacs;64/80;80;      2086;    262100;0;513;6826;208623;1;0;862;0.546161;381981;0;0;sBELA0;? Unchecked;v1.6.0-147-gfbf9e2e
roadmap;dimacs;65/80;80;    260641;      4092;0;524;7052;209205;1;0;862;0.545018;383850;0;0;sBELA0;? Unchecked;v1.6.0-147-gfbf9e2e
roadmap;dimacs;66/80;80;      3111;    242164;0;498;6696;208050;1;0;862;0.545223;381587;0;0;sBELA0;? Unchecked;v1.6.0-147-gfbf9e2e
roadmap;dimacs;67/80;80;      2132;    262139;0;514;6804;209268;1;0;862;0.575876;363390;0;0;sBELA0;? Unchecked;v1.6.0-147-gfbf9e2e
roadmap;dimacs;68/80;80;    246721;      1026;0;496;6680;209275;1;0;862;0.579068;361400;0;0;sBELA0;? Unchecked;v1.6.0-147-gfbf9e2e
roadmap;dimacs;69/80;80;     20480;    245279;0;496;6660;207457;1;0;862;0.556189;372997;0;0;sBELA0;? Unchecked;v1.6.0-147-gfbf9e2e
roadmap;dimacs;70/80;80;    262132;     12294;0;526;7080;208937;1;0;862;0.559467;373457;0;0;sBELA0;? Unchecked;v1.6.0-147-gfbf9e2e
roadmap;dimacs;71/80;80;      2058;    240595;0;496;6664;205857;1;0;862;0.538073;382582;0;0;sBELA0;? Unchecked;v1.6.0-147-gfbf9e2e
roadmap;dimacs;72/80;80;    255999;      8716;0;524;7068;208906;1;0;862;0.566098;369028;0;0;sBELA0;? Unchecked;v1.6.0-147-gfbf9e2e
roadmap;dimacs;73/80;80;      4599;    239654;0;497;6682;206441;1;0;862;0.552782;373458;0;0;sBELA0;? Unchecked;v1.6.0-147-gfbf9e2e
roadmap;dimacs;74/80;80;    259083;     27133;0;510;6868;208023;1;0;862;0.546133;380902;0;0;sBELA0;? Unchecked;v1.6.0-147-gfbf9e2e
roadmap;dimacs;75/80;80;      4066;    255519;0;508;6820;208543;1;0;862;0.554357;376189;0;0;sBELA0;? Unchecked;v1.6.0-147-gfbf9e2e
roadmap;dimacs;76/80;80;    260612;      4579;0;523;7058;208684;1;0;862;0.545544;382525;0;0;sBELA0;? Unchecked;v1.6.0-147-gfbf9e2e
roadmap;dimacs;77/80;80;    254984;     11245;0;515;6938;208551;1;0;862;0.545907;382027;0;0;sBELA0;? Unchecked;v1.6.0-147-gfbf9e2e
roadmap;dimacs;78/80;80;    258027;     15880;0;511;6886;208631;1;0;862;0.553104;377200;0;0;sBELA0;? Unchecked;v1.6.0-147-gfbf9e2e
roadmap;dimacs;79/80;80;     10267;    244219;0;503;6762;208610;1;0;862;0.545131;382679;0;0;sBELA0;? Unchecked;v1.6.0-147-gfbf9e2e
roadmap;dimacs;80/80;80;    222207;      3089;0;505;6714;209032;1;0;862;0.557767;374766;0;0;sBELA0;? Unchecked;v1.6.0-147-gfbf9e2e
roadmap;dimacs;81/80;80;      3056;    241705;0;492;6640;206278;1;0;862;0.55059;374649;0;0;sBELA0;? Unchecked;v1.6.0-147-gfbf9e2e
roadmap;dimacs;82/80;80;      6617;    240136;0;495;6658;208144;1;0;862;0.554811;375162;0;0;sBELA0;? Unchecked;v1.6.0-147-gfbf9e2e
roadmap;dimacs;83/80;80;    242148;      9232;0;495;6658;208811;1;0;862;0.583907;357610;0;0;sBELA0;? Unchecked;v1.6.0-147-gfbf9e2e
roadmap;dimacs;84/80;80;    247299;       479;0;514;6920;208754;1;0;862;0.552679;377713;0;0;sBELA0;? Unchecked;v1.6.0-147-gfbf9e2e
roadmap;dimacs;85/80;80;     13844;    253941;0;510;6856;208997;1;0;862;0.545003;383478;0;0;sBELA0;? Unchecked;v1.6.0-147-gfbf9e2e
roadmap;dimacs;86/80;80;      3578;    260146;0;518;6956;208230;1;0;862;0.558448;372873;0;0;sBELA0;? Unchecked;v1.6.0-147-gfbf9e2e
roadmap;dimacs;87/80;80;    258031;     24598;0;499;6706;207158;1;0;862;0.550977;375983;0;0;sBELA0;? Unchecked;v1.6.0-147-gfbf9e2e
roadmap;dimacs;88/80;80;    236012;      8209;0;494;6640;208800;1;0;862;0.554561;376514;0;0;sBELA0;? Unchecked;v1.6.0-147-gfbf9e2e
roadmap;dimacs;89/80;80;      2564;    248267;0;498;6724;206233;1;0;862;0.545202;378269;0;0;sBELA0;? Unchecked;v1.6.0-147-gfbf9e2e
roadmap;dimacs;90/80;80;      1018;    248854;0;521;7002;208376;1;0;862;0.556573;374391;0;0;sBELA0;? Unchecked;v1.6.0-147-gfbf9e2e
roadmap;dimacs;91/80;80;    222716;      6155;0;503;6694;209050;1;0;862;0.56399;370663;0;0;sBELA0;? Unchecked;v1.6.0-147-gfbf9e2e
roadmap;dimacs;92/80;80;     12795;    247326;0;503;6762;207777;1;0;862;0.560047;370999;0;0;sBELA0;? Unchecked;v1.6.0-147-gfbf9e2e
roadmap;dimacs;93/80;80;    248266;       516;0;501;6754;209273;1;0;862;0.557453;375409;0;0;sBELA0;? Unchecked;v1.6.0-147-gfbf9e2e
roadmap;dimacs;94/80;80;     24066;    255486;0;521;6962;209188;1;0;862;0.545838;383242;0;0;sBELA0;? Unchecked;v1.6.0-147-gfbf9e2e
roadmap;dimacs;95/80;80;    247816;       997;0;516;6936;208924;1;0;862;0.545665;382879;0;0;sBELA0;? Unchecked;v1.6.0-147-gfbf9e2e
roadmap;dimacs;96/80;80;    253972;     20465;0;501;6742;208092;1;0;862;0.546081;381064;0;0;sBELA0;? Unchecked;v1.6.0-147-gfbf9e2e
roadmap;dimacs;97/80;80;    252422;      2515;0;511;6866;208267;1;0;862;0.544237;382677;0;0;sBELA0;? Unchecked;v1.6.0-147-gfbf9e2e
roadmap;dimacs;98/80;80;    229860;      1035;0;496;6652;209225;1;0;862;0.558897;374354;0;0;sBELA0;? Unchecked;v1.6.0-147-gfbf9e2e
roadmap;dimacs;99/80;80;    247295;     28681;0;511;6778;207943;1;0;862;0.585815;354964;0;0;sBELA0;? Unchecked;v1.6.0-147-gfbf9e2e
roadmap;dimacs;0/90;90;    252388;     20483;0;505;6762;208608;1;0;862;0.556835;374631;0;0;sBELA0;? Unchecked;v1.6.0-147-gfbf9e2e
roadmap;dimacs;1/90;90;     25106;    246269;0;501;6694;208862;1;0;862;0.546977;381848;0;0;sBELA0;? Unchecked;v1.6.0-147-gfbf9e2e
roadmap;dimacs;2/90;90;    258113;      6647;0;504;6744;209017;1;0;862;0.544824;383641;0;0;sBELA0;? Unchecked;v1.6.0-147-gfbf9e2e
roadmap;dimacs;3/90;90;      2080;    233975;0;500;6692;207560;1;0;862;0.541486;383316;0;0;sBELA0;? Unchecked;v1.6.0-147-gfbf9e2e
roadmap;dimacs;4/90;90;    260625;     26619;0;509;6846;207951;1;0;862;0.546212;380715;0;0;sBELA0;? Unchecked;v1.6.0-147-gfbf9e2e
roadmap;dimacs;5/90;90;    261599;      3595;0;519;7006;209178;1;0;862;0.557223;375393;0;0;sBELA0;? Unchecked;v1.6.0-147-gfbf9e2e
roadmap;dimacs;6/90;90;      4659;    242682;0;494;6640;208369;1;0;862;0.544301;382819;0;0;sBELA0;? Unchecked;v1.6.0-147-gfbf9e2e
roadmap;dimacs;7/90;90;    241670;       978;0;499;6718;208202;1;0;862;0.545843;381432;0;0;sBELA0;? Unchecked;v1.6.0-147-gfbf9e2e
roadmap;dimacs;8/90;90;     38401;    251904;0;518;6816;209172;1;0;862;0.548054;381663;0;0;sBELA0;? Unchecked;v1.6.0-147-gfbf9e2e
roadmap;dimacs;9/90;90;     13831;    249853;0;521;6974;209012;1;0;862;0.547039;382079;0;0;sBELA0;? Unchecked;v1.6.0-147-gfbf9e2e
roadmap;dimacs;10/90;90;     11759;    259591;0;518;7000;209218;1;0;862;0.558682;374485;0;0;sBELA0;? Unchecked;v1.6.0-147-gfbf9e2e
roadmap;dimacs;11/90;90;    236537;     10777;0;497;6662;208333;1;0;862;0.554531;375693;0;0;sBELA0;? Unchecked;v1.6.0-147-gfbf9e2e
roadmap;dimacs;12/90;90;    249882;      5103;0;505;6822;208955;1;0;862;0.547426;381704;0;0;sBELA0;? Unchecked;v1.6.0-147-gfbf9e2e
roadmap;dimacs;13/90;90;      6146;    251872;0;512;6900;208083;1;0;862;0.544237;382339;0;0;sBELA0;? Unchecked;v1.6.0-147-gfbf9e2e
roadmap;dimacs;14/90;90;     22521;    260107;0;513;6914;209170;1;0;862;0.576145;363051;0;0;sBELA0;? Unchecked;v1.6.0-147-gfbf9e2e
roadmap;dimacs;15/90;90;      1533;    250409;0;514;6912;207701;1;0;862;0.557351;372658;0;0;sBELA0;? Unchecked;v1.6.0-147-gfbf9e2e
roadmap;dimacs;16/90;90;    262075;      5139;0;508;6748;208969;1;0;862;0.555727;376028;0;0;sBELA0;? Unchecked;v1.6.0-147-gfbf9e2e
roadmap;dimacs;17/90;90;      5647;    255960;0;505;6810;208099;1;0;862;0.547473;380108;0;0;sBELA0;? Unchecked;v1.6.0-147-gfbf9e2e
roadmap;dimacs;18/90;90;      6119;    252429;0;512;6896;208887;1;0;862;0.55685;375123;0;0;sBELA0;? Unchecked;v1.6.0-147-gfbf9e2e
roadmap;dimacs;19/90;90;      8194;    232422;0;499;6678;206318;1;0;862;0.546369;377617;0;0;sBELA0;? Unchecked;v1.6.0-147-gfbf9e2e
roadmap;dimacs;20/90;90;    252392;     15368;0;507;6810;208704;1;0;862;0.558806;373482;0;0;sBELA0;? Unchecked;v1.6.0-147-gfbf9e2e
roadmap;dimacs;21/90;90;      4622;    230901;0;501;6718;207219;1;0;862;0.541306;382813;0;0;sBELA0;? Unchecked;v1.6.0-147-gfbf9e2e
roadmap;dimacs;22/90;90;    261058;       516;0;519;6930;209273;1;0;862;0.558061;375000;0;0;sBELA0;? Unchecked;v1.6.0-147-gfbf9e2e
roadmap;dimacs;23/90;90;    260633;     31732;0;496;6668;206856;1;0;862;0.539604;383348;0;0;sBELA0;? Unchecked;v1.6.0-147-gfbf9e2e
roadmap;dimacs;24/90;90;      5662;    254952;0;508;6824;208678;1;0;862;0.544022;383584;0;0;sBELA0;? Unchecked;v1.6.0-147-gfbf9e2e
roadmap;dimacs;25/90;90;    234511;     10232;0;500;6712;208971;1;0;862;0.550825;379378;0;0;sBELA0;? Unchecked;v1.6.0-147-gfbf9e2e
roadmap;dimacs;26/90;90;    256495;     24598;0;498;6688;207194;1;0;862;0.552768;374830;0;0;sBELA0;? Unchecked;v1.6.0-147-gfbf9e2e
roadmap;dimacs;27/90;90;      5155;    239099;0;501;6718;208216;1;0;862;0.543274;383262;0;0;sBELA0;? Unchecked;v1.6.0-147-gfbf9e2e
roadmap;dimacs;28/90;90;    260138;      4070;0;514;6864;208881;1;0;862;0.545661;382803;0;0;sBELA0;? Unchecked;v1.6.0-147-gfbf9e2e
roadmap;dimacs;29/90;90;       497;    261718;0;514;6772;207073;1;0;862;0.552546;374762;0;0;sBELA0;? Unchecked;v1.6.0-147-gfbf9e2e
roadmap;dimacs;30/90;90;    250399;     10234;0;506;6816;209043;1;0;862;0.584499;357645;0;0;sBELA0;? Unchecked;v1.6.0-147-gfbf9e2e
roadmap;dimacs;31/90;90;      9245;    237563;0;498;6680;208155;1;0;862;0.543462;383017;0;0;sBELA0;? Unchecked;v1.6.0-147-gfbf9e2e
roadmap;dimacs;32/90;90;    260135;     13276;0;498;6668;207729;1;0;862;0.542058;383223;0;0;sBELA0;? Unchecked;v1.6.0-147-gfbf9e2e
roadmap;dimacs;33/90;90;    252429;     25085;0;506;6800;208203;1;0;862;0.545818;381451;0;0;sBELA0;? Unchecked;v1.6.0-147-gfbf9e2e
roadmap;dimacs;34/90;90;      3098;    231926;0;498;6676;207326;1;0;862;0.541304;383012;0;0;sBELA0;? Unchecked;v1.6.0-147-gfbf9e2e
roadmap;dimacs;35/90;90;     19421;    257032;0;499;6730;209165;1;0;862;0.578709;361434;0;0;sBELA0;? Unchecked;v1.6.0-147-gfbf9e2e
roadmap;dimacs;36/90;90;      1057;    248820;0;511;6866;208578;1;0;862;0.548621;380186;0;0;sBELA0;? Unchecked;v1.6.0-147-gfbf9e2e
roadmap;dimacs;37/90;90;    258041;     41474;0;510;6760;206971;1;0;862;0.552004;374944;0;0;sBELA0;? Unchecked;v1.6.0-147-gfbf9e2e
roadmap;dimacs;38/90;90;      8712;    259539;0;507;6834;208169;1;0;862;0.543763;382830;0;0;sBELA0;? Unchecked;v1.6.0-147-gfbf9e2e
roadmap;dimacs;39/90;90;    261646;      4574;0;519;6982;208588;1;0;862;0.546292;381825;0;0;sBELA0;? Unchecked;v1.6.0-147-gfbf9e2e
roadmap;dimacs;40/90;90;       520;    222196;0;505;6726;206214;1;0;862;0.540735;381358;0;0;sBELA0;? Unchecked;v1.6.0-147-gfbf9e2e
roadmap;dimacs;41/90;90;    242196;     17909;0;499;6674;208526;1;0;862;0.549213;379682;0;0;sBELA0;? Unchecked;v1.6.0-147-gfbf9e2e
roadmap;dimacs;42/90;90;    248265;         8;0;499;6726;209260;1;0;862;0.558669;374569;0;0;sBELA0;? Unchecked;v1.6.0-147-gfbf9e2e
roadmap;dimacs;43/90;90;    251395;     33785;0;508;6760;207446;1;0;862;0.54527;380446;0;0;sBELA0;? Unchecked;v1.6.0-147-gfbf9e2e
roadmap;dimacs;44/90;90;    254972;     13864;0;501;6758;207203;1;0;862;0.554011;374005;0;0;sBELA0;? Unchecked;v1.6.0-147-gfbf9e2e
roadmap;dimacs;45/90;90;      1998;    257065;0;503;6698;208372;1;0;862;0.557862;373519;0;0;sBELA0;? Unchecked;v1.6.0-147-gfbf9e2e
roadmap;dimacs;46/90;90;    256009;     28663;0;505;6786;207563;1;0;862;0.575344;360763;0;0;sBELA0;? Unchecked;v1.6.0-147-gfbf9e2e
roadmap;dimacs;47/90;90;     18946;    261099;0;516;6940;208987;1;0;862;0.547481;381724;0;0;sBELA0;? Unchecked;v1.6.0-147-gfbf9e2e
roadmap;dimacs;48/90;90;    253391;     13313;0;499;6714;208997;1;0;862;0.557676;374764;0;0;sBELA0;? Unchecked;v1.6.0-147-gfbf9e2e
roadmap;dimacs;49/90;90;    236014;     15363;0;502;6696;208947;1;0;862;0.558806;373917;0;0;sBELA0;? Unchecked;v1.6.0-147-gfbf9e2e
roadmap;dimacs;50/90;90;    256039;     16370;0;499;6706;208414;1;0;862;0.544617;382680;0;0;sBELA0;? Unchecked;v1.6.0-147-gfbf9e2e
roadmap;dimacs;51/90;90;      5165;    247296;0;506;6792;208871;1;0;862;0.546146;382445;0;0;sBELA0;? Unchecked;v1.6.0-147-gfbf9e2e
roadmap;dimacs;52/90;90;      9228;    248313;0;514;6920;208820;1;0;862;0.549678;379895;0;0;sBELA0;? Unchecked;v1.6.0-147-gfbf9e2e
roadmap;dimacs;53/90;90;    246784;     29193;0;511;6774;207871;1;0;862;0.55649;373539;0;0;sBELA0;? Unchecked;v1.6.0-147-gfbf9e2e
roadmap;dimacs;54/90;90;    246280;       497;0;522;7012;209167;1;0;862;0.547417;382098;0;0;sBELA0;? Unchecked;v1.6.0-147-gfbf9e2e
roadmap;dimacs;55/90;90;      1064;    237055;0;501;6730;208161;1;0;862;0.545442;381637;0;0;sBELA0;? Unchecked;v1.6.0-147-gfbf9e2e
roadmap;dimacs;56/90;90;    245279;     11768;0;503;6738;208961;1;0;862;0.546113;382634;0;0;sBELA0;? Unchecked;v1.6.0-147-gfbf9e2e
roadmap;dimacs;57/90;90;     11776;    259096;0;525;7046;208924;1;0;862;0.557653;374649;0;0;sBELA0;? Unchecked;v1.6.0-147-gfbf9e2e
roadmap;dimacs;58/90;90;    250326;     10251;0;494;6672;208839;1;0;862;0.558291;374068;0;0;sBELA0;? Unchecked;v1.6.0-147-gfbf9e2e
roadmap;dimacs;59/90;90;    259526;     10253;0;498;6696;208750;1;0;862;0.555386;375864;0;0;sBELA0;? Unchecked;v1.6.0-147-gfbf9e2e
roadmap;dimacs;60/90;90;    261664;      6127;0;519;6966;208945;1;0;862;0.545612;382955;0;0;sBELA0;? Unchecked;v1.6.0-147-gfbf9e2e
roadmap;dimacs;61/90;90;      3567;    242195;0;504;6796;207840;1;0;862;0.555979;373827;0;0;sBELA0;? Unchecked;v1.6.0-147-gfbf9e2e
roadmap;dimacs;62/90;90;    261097;     20519;0;490;6616;206296;1;0;862;0.587668;351042;0;0;sBELA0;? Unchecked;v1.6.0-147-gfbf9e2e
roadmap;dimacs;63/90;90;      5063;    254998;0;497;6670;208727;1;0;862;0.563479;370426;0;0;sBELA0;? Unchecked;v1.6.0-147-gfbf9e2e
roadmap;dimacs;64/90;90;      2086;    262100;0;513;6826;208623;1;0;862;0.545622;382358;0;0;sBELA0;? Unchecked;v1.6.0-147-gfbf9e2e
roadmap;dimacs;65/90;90;    260641;      4092;0;524;7052;209205;1;0;862;0.546845;382567;0;0;sBELA0;? Unchecked;v1.6.0-147-gfbf9e2e
roadmap;dimacs;66/90;90;      3111;    242164;0;498;6696;208050;1;0;862;0.545737;381228;0;0;sBELA0;? Unchecked;v1.6.0-147-gfbf9e2e
roadmap;dimacs;67/90;90;      2132;    262139;0;514;6804;209268;1;0;862;0.549567;380787;0;0;sBELA0;? Unchecked;v1.6.0-147-gfbf9e2e
roadmap;dimacs;68/90;90;    246721;      1026;0;496;6680;209275;1;0;862;0.558434;374753;0;0;sBELA0;? Unchecked;v1.6.0-147-gfbf9e2e
roadmap;dimacs;69/90;90;     20480;    245279;0;496;6660;207457;1;0;862;0.555889;373199;0;0;sBELA0;? Unchecked;v1.6.0-147-gfbf9e2e
roadmap;dimacs;70/90;90;    262132;     12294;0;526;7080;208937;1;0;862;0.554957;376493;0;0;sBELA0;? Unchecked;v1.6.0-147-gfbf9e2e
roadmap;dimacs;71/90;90;      2058;    240595;0;496;6664;205857;1;0;862;0.539011;381916;0;0;sBELA0;? Unchecked;v1.6.0-147-gfbf9e2e
roadmap;dimacs;72/90;90;    255999;      8716;0;524;7068;208906;1;0;862;0.55731;374847;0;0;sBELA0;? Unchecked;v1.6.0-147-gfbf9e2e
roadmap;dimacs;73/90;90;      4599;    239654;0;497;6682;206441;1;0;862;0.551704;374188;0;0;sBELA0;? Unchecked;v1.6.0-147-gfbf9e2e
roadmap;dimacs;74/90;90;    259083;     27133;0;510;6868;208023;1;0;862;0.549358;378666;0;0;sBELA0;? Unchecked;v1.6.0-147-gfbf9e2e
roadmap;dimacs;75/90;90;      4066;    255519;0;508;6820;208543;1;0;862;0.555324;375534;0;0;sBELA0;? Unchecked;v1.6.0-147-gfbf9e2e
roadmap;dimacs;76/90;90;    260612;      4579;0;523;7058;208684;1;0;862;0.549453;379803;0;0;sBELA0;? Unchecked;v1.6.0-147-gfbf9e2e
roadmap;dimacs;77/90;90;    254984;     11245;0;515;6938;208551;1;0;862;0.547275;381071;0;0;sBELA0;? Unchecked;v1.6.0-147-gfbf9e2e
roadmap;dimacs;78/90;90;    258027;     15880;0;511;6886;208631;1;0;862;0.568358;367077;0;0;sBELA0;? Unchecked;v1.6.0-147-gfbf9e2e
roadmap;dimacs;79/90;90;     10267;    244219;0;503;6762;208610;1;0;862;0.543797;383618;0;0;sBELA0;? Unchecked;v1.6.0-147-gfbf9e2e
roadmap;dimacs;80/90;90;    222207;      3089;0;505;6714;209032;1;0;862;0.565428;369688;0;0;sBELA0;? Unchecked;v1.6.0-147-gfbf9e2e
roadmap;dimacs;81/90;90;      3056;    241705;0;492;6640;206278;1;0;862;0.55189;373766;0;0;sBELA0;? Unchecked;v1.6.0-147-gfbf9e2e
roadmap;dimacs;82/90;90;      6617;    240136;0;495;6658;208144;1;0;862;0.553677;375931;0;0;sBELA0;? Unchecked;v1.6.0-147-gfbf9e2e
roadmap;dimacs;83/90;90;    242148;      9232;0;495;6658;208811;1;0;862;0.559863;372968;0;0;sBELA0;? Unchecked;v1.6.0-147-gfbf9e2e
roadmap;dimacs;84/90;90;    247299;       479;0;514;6920;208754;1;0;862;0.545956;382364;0;0;sBELA0;? Unchecked;v1.6.0-147-gfbf9e2e
roadmap;dimacs;85/90;90;     13844;    253941;0;510;6856;208997;1;0;862;0.545897;382851;0;0;sBELA0;? Unchecked;v1.6.0-147-gfbf9e2e
roadmap;dimacs;86/90;90;      3578;    260146;0;518;6956;208230;1;0;862;0.555267;375009;0;0;sBELA0;? Unchecked;v1.6.0-147-gfbf9e2e
roadmap;dimacs;87/90;90;    258031;     24598;0;499;6706;207158;1;0;862;0.551186;375840;0;0;sBELA0;? Unchecked;v1.6.0-147-gfbf9e2e
roadmap;dimacs;88/90;90;    236012;      8209;0;494;6640;208800;1;0;862;0.555258;376041;0;0;sBELA0;? Unchecked;v1.6.0-147-gfbf9e2e
roadmap;dimacs;89/90;90;      2564;    248267;0;498;6724;206233;1;0;862;0.539827;382035;0;0;sBELA0;? Unchecked;v1.6.0-147-gfbf9e2e
roadmap;dimacs;90/90;90;      1018;    248854;0;521;7002;208376;1;0;862;0.554882;375532;0;0;sBELA0;? Unchecked;v1.6.0-147-gfbf9e2e
roadmap;dimacs;91/90;90;    222716;      6155;0;503;6694;209050;1;0;862;0.560733;372815;0;0;sBELA0;? Unchecked;v1.6.0-147-gfbf9e2e
roadmap;dimacs;92/90;90;     12795;    247326;0;503;6762;207777;1;0;862;0.554933;374418;0;0;sBELA0;? Unchecked;v1.6.0-147-gfbf9e2e
roadmap;dimacs;93/90;90;    248266;       516;0;501;6754;209273;1;0;862;0.592701;353084;0;0;sBELA0;? Unchecked;v1.6.0-147-gfbf9e2e
roadmap;dimacs;94/90;90;     24066;    255486;0;521;6962;209188;1;0;862;0.54756;382037;0;0;sBELA0;? Unchecked;v1.6.0-147-gfbf9e2e
roadmap;dimacs;95/90;90;    247816;       997;0;516;6936;208924;1;0;862;0.547941;381289;0;0;sBELA0;? Unchecked;v1.6.0-147-gfbf9e2e
roadmap;dimacs;96/90;90;    253972;     20465;0;501;6742;208092;1;0;862;0.543826;382645;0;0;sBELA0;? Unchecked;v1.6.0-147-gfbf9e2e
roadmap;dimacs;97/90;90;    252422;      2515;0;511;6866;208267;1;0;862;0.545826;381563;0;0;sBELA0;? Unchecked;v1.6.0-147-gfbf9e2e
roadmap;dimacs;98/90;90;    229860;      1035;0;496;6652;209225;1;0;862;0.559913;373674;0;0;sBELA0;? Unchecked;v1.6.0-147-gfbf9e2e
roadmap;dimacs;99/90;90;    247295;     28681;0;511;6778;207943;1;0;862;0.554331;375124;0;0;sBELA0;? Unchecked;v1.6.0-147-gfbf9e2e
roadmap;dimacs;0/100;100;    252388;     20483;0;505;6762;208608;1;0;862;0.554308;376339;0;0;sBELA0;? Unchecked;v1.6.0-147-gfbf9e2e
roadmap;dimacs;1/100;100;     25106;    246269;0;501;6694;208862;1;0;862;0.544963;383259;0;0;sBELA0;? Unchecked;v1.6.0-147-gfbf9e2e
roadmap;dimacs;2/100;100;    258113;      6647;0;504;6744;209017;1;0;862;0.544853;383621;0;0;sBELA0;? Unchecked;v1.6.0-147-gfbf9e2e
roadmap;dimacs;3/100;100;      2080;    233975;0;500;6692;207560;1;0;862;0.541439;383349;0;0;sBELA0;? Unchecked;v1.6.0-147-gfbf9e2e
roadmap;dimacs;4/100;100;    260625;     26619;0;509;6846;207951;1;0;862;0.542859;383066;0;0;sBELA0;? Unchecked;v1.6.0-147-gfbf9e2e
roadmap;dimacs;5/100;100;    261599;      3595;0;519;7006;209178;1;0;862;0.555289;376701;0;0;sBELA0;? Unchecked;v1.6.0-147-gfbf9e2e
roadmap;dimacs;6/100;100;      4659;    242682;0;494;6640;208369;1;0;862;0.542763;383904;0;0;sBELA0;? Unchecked;v1.6.0-147-gfbf9e2e
roadmap;dimacs;7/100;100;    241670;       978;0;499;6718;208202;1;0;862;0.546188;381191;0;0;sBELA0;? Unchecked;v1.6.0-147-gfbf9e2e
roadmap;dimacs;8/100;100;     38401;    251904;0;518;6816;209172;1;0;862;0.544065;384462;0;0;sBELA0;? Unchecked;v1.6.0-147-gfbf9e2e
roadmap;dimacs;9/100;100;     13831;    249853;0;521;6974;209012;1;0;862;0.58585;356767;0;0;sBELA0;? Unchecked;v1.6.0-147-gfbf9e2e
roadmap;dimacs;10/100;100;     11759;    259591;0;518;7000;209218;1;0;862;0.55584;376399;0;0;sBELA0;? Unchecked;v1.6.0-147-gfbf9e2e
roadmap;dimacs;11/100;100;    236537;     10777;0;497;6662;208333;1;0;862;0.557024;374011;0;0;sBELA0;? Unchecked;v1.6.0-147-gfbf9e2e
roadmap;dimacs;12/100;100;    249882;      5103;0;505;6822;208955;1;0;862;0.546216;382550;0;0;sBELA0;? Unchecked;v1.6.0-147-gfbf9e2e
roadmap;dimacs;13/100;100;      6146;    251872;0;512;6900;208083;1;0;862;0.540921;384683;0;0;sBELA0;? Unchecked;v1.6.0-147-gfbf9e2e
roadmap;dimacs;14/100;100;     22521;    260107;0;513;6914;209170;1;0;862;0.55821;374716;0;0;sBELA0;? Unchecked;v1.6.0-147-gfbf9e2e
roadmap;dimacs;15/100;100;      1533;    250409;0;514;6912;207701;1;0;862;0.56551;367281;0;0;sBELA0;? Unchecked;v1.6.0-147-gfbf9e2e
roadmap;dimacs;16/100;100;    262075;      5139;0;508;6748;208969;1;0;862;0.552958;377911;0;0;sBELA0;? Unchecked;v1.6.0-147-gfbf9e2e
roadmap;dimacs;17/100;100;      5647;    255960;0;505;6810;208099;1;0;862;0.551358;377430;0;0;sBELA0;? Unchecked;v1.6.0-147-gfbf9e2e
roadmap;dimacs;18/100;100;      6119;    252429;0;512;6896;208887;1;0;862;0.557213;374878;0;0;sBELA0;? Unchecked;v1.6.0-147-gfbf9e2e
roadmap;dimacs;19/100;100;      8194;    232422;0;499;6678;206318;1;0;862;0.539077;382725;0;0;sBELA0;? Unchecked;v1.6.0-147-gfbf9e2e
roadmap;dimacs;20/100;100;    252392;     15368;0;507;6810;208704;1;0;862;0.552665;377632;0;0;sBELA0;? Unchecked;v1.6.0-147-gfbf9e2e
roadmap;dimacs;21/100;100;      4622;    230901;0;501;6718;207219;1;0;862;0.542088;382261;0;0;sBELA0;? Unchecked;v1.6.0-147-gfbf9e2e
roadmap;dimacs;22/100;100;    261058;       516;0;519;6930;209273;1;0;862;0.555365;376821;0;0;sBELA0;? Unchecked;v1.6.0-147-gfbf9e2e
roadmap;dimacs;23/100;100;    260633;     31732;0;496;6668;206856;1;0;862;0.54279;381098;0;0;sBELA0;? Unchecked;v1.6.0-147-gfbf9e2e
roadmap;dimacs;24/100;100;      5662;    254952;0;508;6824;208678;1;0;862;0.544446;383285;0;0;sBELA0;? Unchecked;v1.6.0-147-gfbf9e2e
roadmap;dimacs;25/100;100;    234511;     10232;0;500;6712;208971;1;0;862;0.578833;361022;0;0;sBELA0;? Unchecked;v1.6.0-147-gfbf9e2e
roadmap;dimacs;26/100;100;    256495;     24598;0;498;6688;207194;1;0;862;0.551999;375352;0;0;sBELA0;? Unchecked;v1.6.0-147-gfbf9e2e
roadmap;dimacs;27/100;100;      5155;    239099;0;501;6718;208216;1;0;862;0.542817;383584;0;0;sBELA0;? Unchecked;v1.6.0-147-gfbf9e2e
roadmap;dimacs;28/100;100;    260138;      4070;0;514;6864;208881;1;0;862;0.543899;384044;0;0;sBELA0;? Unchecked;v1.6.0-147-gfbf9e2e
roadmap;dimacs;29/100;100;       497;    261718;0;514;6772;207073;1;0;862;0.551775;375285;0;0;sBELA0;? Unchecked;v1.6.0-147-gfbf9e2e
roadmap;dimacs;30/100;100;    250399;     10234;0;506;6816;209043;1;0;862;0.545569;383165;0;0;sBELA0;? Unchecked;v1.6.0-147-gfbf9e2e
roadmap;dimacs;31/100;100;      9245;    237563;0;498;6680;208155;1;0;862;0.553791;375873;0;0;sBELA0;? Unchecked;v1.6.0-147-gfbf9e2e
roadmap;dimacs;32/100;100;    260135;     13276;0;498;6668;207729;1;0;862;0.544438;381548;0;0;sBELA0;? Unchecked;v1.6.0-147-gfbf9e2e
roadmap;dimacs;33/100;100;    252429;     25085;0;506;6800;208203;1;0;862;0.543417;383137;0;0;sBELA0;? Unchecked;v1.6.0-147-gfbf9e2e
roadmap;dimacs;34/100;100;      3098;    231926;0;498;6676;207326;1;0;862;0.542683;382039;0;0;sBELA0;? Unchecked;v1.6.0-147-gfbf9e2e
roadmap;dimacs;35/100;100;     19421;    257032;0;499;6730;209165;1;0;862;0.558184;374724;0;0;sBELA0;? Unchecked;v1.6.0-147-gfbf9e2e
roadmap;dimacs;36/100;100;      1057;    248820;0;511;6866;208578;1;0;862;0.5424;384546;0;0;sBELA0;? Unchecked;v1.6.0-147-gfbf9e2e
roadmap;dimacs;37/100;100;    258041;     41474;0;510;6760;206971;1;0;862;0.550668;375854;0;0;sBELA0;? Unchecked;v1.6.0-147-gfbf9e2e
roadmap;dimacs;38/100;100;      8712;    259539;0;507;6834;208169;1;0;862;0.541931;384125;0;0;sBELA0;? Unchecked;v1.6.0-147-gfbf9e2e
roadmap;dimacs;39/100;100;    261646;      4574;0;519;6982;208588;1;0;862;0.543838;383548;0;0;sBELA0;? Unchecked;v1.6.0-147-gfbf9e2e
roadmap;dimacs;40/100;100;       520;    222196;0;505;6726;206214;1;0;862;0.539361;382331;0;0;sBELA0;? Unchecked;v1.6.0-147-gfbf9e2e
roadmap;dimacs;41/100;100;    242196;     17909;0;499;6674;208526;1;0;862;0.586676;355437;0;0;sBELA0;? Unchecked;v1.6.0-147-gfbf9e2e
roadmap;dimacs;42/100;100;    248265;         8;0;499;6726;209260;1;0;862;0.556722;375879;0;0;sBELA0;? Unchecked;v1.6.0-147-gfbf9e2e
roadmap;dimacs;43/100;100;    251395;     33785;0;508;6760;207446;1;0;862;0.543872;381425;0;0;sBELA0;? Unchecked;v1.6.0-147-gfbf9e2e
roadmap;dimacs;44/100;100;    254972;     13864;0;501;6758;207203;1;0;862;0.55019;376602;0;0;sBELA0;? Unchecked;v1.6.0-147-gfbf9e2e
roadmap;dimacs;45/100;100;      1998;    257065;0;503;6698;208372;1;0;862;0.554575;375732;0;0;sBELA0;? Unchecked;v1.6.0-147-gfbf9e2e
roadmap;dimacs;46/100;100;    256009;     28663;0;505;6786;207563;1;0;862;0.554313;374451;0;0;sBELA0;? Unchecked;v1.6.0-147-gfbf9e2e
roadmap;dimacs;47/100;100;     18946;    261099;0;516;6940;208987;1;0;862;0.544182;384039;0;0;sBELA0;? Unchecked;v1.6.0-147-gfbf9e2e
roadmap;dimacs;48/100;100;    253391;     13313;0;499;6714;208997;1;0;862;0.565186;369785;0;0;sBELA0;? Unchecked;v1.6.0-147-gfbf9e2e
roadmap;dimacs;49/100;100;    236014;     15363;0;502;6696;208947;1;0;862;0.556924;375180;0;0;sBELA0;? Unchecked;v1.6.0-147-gfbf9e2e
roadmap;dimacs;50/100;100;    256039;     16370;0;499;6706;208414;1;0;862;0.542763;383987;0;0;sBELA0;? Unchecked;v1.6.0-147-gfbf9e2e
roadmap;dimacs;51/100;100;      5165;    247296;0;506;6792;208871;1;0;862;0.547415;381559;0;0;sBELA0;? Unchecked;v1.6.0-147-gfbf9e2e
roadmap;dimacs;52/100;100;      9228;    248313;0;514;6920;208820;1;0;862;0.545889;382532;0;0;sBELA0;? Unchecked;v1.6.0-147-gfbf9e2e
roadmap;dimacs;53/100;100;    246784;     29193;0;511;6774;207871;1;0;862;0.553253;375725;0;0;sBELA0;? Unchecked;v1.6.0-147-gfbf9e2e
roadmap;dimacs;54/100;100;    246280;       497;0;522;7012;209167;1;0;862;0.54915;380892;0;0;sBELA0;? Unchecked;v1.6.0-147-gfbf9e2e
roadmap;dimacs;55/100;100;      1064;    237055;0;501;6730;208161;1;0;862;0.542455;383739;0;0;sBELA0;? Unchecked;v1.6.0-147-gfbf9e2e
roadmap;dimacs;56/100;100;    245279;     11768;0;503;6738;208961;1;0;862;0.546243;382542;0;0;sBELA0;? Unchecked;v1.6.0-147-gfbf9e2e
roadmap;dimacs;57/100;100;     11776;    259096;0;525;7046;208924;1;0;862;0.587262;355759;0;0;sBELA0;? Unchecked;v1.6.0-147-gfbf9e2e
roadmap;dimacs;58/100;100;    250326;     10251;0;494;6672;208839;1;0;862;0.555496;375950;0;0;sBELA0;? Unchecked;v1.6.0-147-gfbf9e2e
roadmap;dimacs;59/100;100;    259526;     10253;0;498;6696;208750;1;0;862;0.554285;376611;0;0;sBELA0;? Unchecked;v1.6.0-147-gfbf9e2e
roadmap;dimacs;60/100;100;    261664;      6127;0;519;6966;208945;1;0;862;0.553456;377528;0;0;sBELA0;? Unchecked;v1.6.0-147-gfbf9e2e
roadmap;dimacs;61/100;100;      3567;    242195;0;504;6796;207840;1;0;862;0.553875;375247;0;0;sBELA0;? Unchecked;v1.6.0-147-gfbf9e2e
roadmap;dimacs;62/100;100;    261097;     20519;0;490;6616;206296;1;0;862;0.550755;374570;0;0;sBELA0;? Unchecked;v1.6.0-147-gfbf9e2e
roadmap;dimacs;63/100;100;      5063;    254998;0;497;6670;208727;1;0;862;0.555155;375980;0;0;sBELA0;? Unchecked;v1.6.0-147-gfbf9e2e
roadmap;dimacs;64/100;100;      2086;    262100;0;513;6826;208623;1;0;862;0.544135;383403;0;0;sBELA0;? Unchecked;v1.6.0-147-gfbf9e2e
roadmap;dimacs;65/100;100;    260641;      4092;0;524;7052;209205;1;0;862;0.543355;385024;0;0;sBELA0;? Unchecked;v1.6.0-147-gfbf9e2e
roadmap;dimacs;66/100;100;      3111;    242164;0;498;6696;208050;1;0;862;0.546445;380734;0;0;sBELA0;? Unchecked;v1.6.0-147-gfbf9e2e
roadmap;dimacs;67/100;100;      2132;    262139;0;514;6804;209268;1;0;862;0.547386;382304;0;0;sBELA0;? Unchecked;v1.6.0-147-gfbf9e2e
roadmap;dimacs;68/100;100;    246721;      1026;0;496;6680;209275;1;0;868;0.561764;372532;0;0;sBELA0;? Unchecked;v1.6.0-147-gfbf9e2e
roadmap;dimacs;69/100;100;     20480;    245279;0;496;6660;207457;1;0;868;0.558041;371759;0;0;sBELA0;? Unchecked;v1.6.0-147-gfbf9e2e
roadmap;dimacs;70/100;100;    262132;     12294;0;526;7080;208937;1;0;868;0.553997;377145;0;0;sBELA0;? Unchecked;v1.6.0-147-gfbf9e2e
roadmap;dimacs;71/100;100;      2058;    240595;0;496;6664;205857;1;0;868;0.537394;383065;0;0;sBELA0;? Unchecked;v1.6.0-147-gfbf9e2e
roadmap;dimacs;72/100;100;    255999;      8716;0;524;7068;208906;1;0;868;0.570091;366443;0;0;sBELA0;? Unchecked;v1.6.0-147-gfbf9e2e
roadmap;dimacs;73/100;100;      4599;    239654;0;497;6682;206441;1;0;868;0.566477;364430;0;0;sBELA0;? Unchecked;v1.6.0-147-gfbf9e2e
roadmap;dimacs;74/100;100;    259083;     27133;0;510;6868;208023;1;0;868;0.543956;382426;0;0;sBELA0;? Unchecked;v1.6.0-147-gfbf9e2e
roadmap;dimacs;75/100;100;      4066;    255519;0;508;6820;208543;1;0;868;0.554708;375951;0;0;sBELA0;? Unchecked;v1.6.0-147-gfbf9e2e
roadmap;dimacs;76/100;100;    260612;      4579;0;523;7058;208684;1;0;868;0.546407;381920;0;0;sBELA0;? Unchecked;v1.6.0-147-gfbf9e2e
roadmap;dimacs;77/100;100;    254984;     11245;0;515;6938;208551;1;0;868;0.543072;384021;0;0;sBELA0;? Unchecked;v1.6.0-147-gfbf9e2e
roadmap;dimacs;78/100;100;    258027;     15880;0;511;6886;208631;1;0;868;0.55466;376142;0;0;sBELA0;? Unchecked;v1.6.0-147-gfbf9e2e
roadmap;dimacs;79/100;100;     10267;    244219;0;503;6762;208610;1;0;868;0.542153;384780;0;0;sBELA0;? Unchecked;v1.6.0-147-gfbf9e2e
roadmap;dimacs;80/100;100;    222207;      3089;0;505;6714;209032;1;0;868;0.556967;375304;0;0;sBELA0;? Unchecked;v1.6.0-147-gfbf9e2e
roadmap;dimacs;81/100;100;      3056;    241705;0;492;6640;206278;1;0;868;0.549906;375115;0;0;sBELA0;? Unchecked;v1.6.0-147-gfbf9e2e
roadmap;dimacs;82/100;100;      6617;    240136;0;495;6658;208144;1;0;868;0.552771;376547;0;0;sBELA0;? Unchecked;v1.6.0-147-gfbf9e2e
roadmap;dimacs;83/100;100;    242148;      9232;0;495;6658;208811;1;0;868;0.555817;375683;0;0;sBELA0;? Unchecked;v1.6.0-147-gfbf9e2e
roadmap;dimacs;84/100;100;    247299;       479;0;514;6920;208754;1;0;868;0.545487;382693;0;0;sBELA0;? Unchecked;v1.6.0-147-gfbf9e2e
roadmap;dimacs;85/100;100;     13844;    253941;0;510;6856;208997;1;0;868;0.545108;383405;0;0;sBELA0;? Unchecked;v1.6.0-147-gfbf9e2e
roadmap;dimacs;86/100;100;      3578;    260146;0;518;6956;208230;1;0;868;0.555408;374913;0;0;sBELA0;? Unchecked;v1.6.0-147-gfbf9e2e
roadmap;dimacs;87/100;100;    258031;     24598;0;499;6706;207158;1;0;868;0.552821;374729;0;0;sBELA0;? Unchecked;v1.6.0-147-gfbf9e2e
roadmap;dimacs;88/100;100;    236012;      8209;0;494;6640;208800;1;0;868;0.622883;335215;0;0;sBELA0;? Unchecked;v1.6.0-147-gfbf9e2e
roadmap;dimacs;89/100;100;      2564;    248267;0;498;6724;206233;1;0;868;0.540513;381550;0;0;sBELA0;? Unchecked;v1.6.0-147-gfbf9e2e
roadmap;dimacs;90/100;100;      1018;    248854;0;521;7002;208376;1;0;868;0.554849;375554;0;0;sBELA0;? Unchecked;v1.6.0-147-gfbf9e2e
roadmap;dimacs;91/100;100;    222716;      6155;0;503;6694;209050;1;0;868;0.557349;375079;0;0;sBELA0;? Unchecked;v1.6.0-147-gfbf9e2e
roadmap;dimacs;92/100;100;     12795;    247326;0;503;6762;207777;1;0;868;0.555684;373912;0;0;sBELA0;? Unchecked;v1.6.0-147-gfbf9e2e
roadmap;dimacs;93/100;100;    248266;       516;0;501;6754;209273;1;0;868;0.56376;371209;0;0;sBELA0;? Unchecked;v1.6.0-147-gfbf9e2e
roadmap;dimacs;94/100;100;     24066;    255486;0;521;6962;209188;1;0;868;0.548336;381496;0;0;sBELA0;? Unchecked;v1.6.0-147-gfbf9e2e
roadmap;dimacs;95/100;100;    247816;       997;0;516;6936;208924;1;0;868;0.544614;383618;0;0;sBELA0;? Unchecked;v1.6.0-147-gfbf9e2e
roadmap;dimacs;96/100;100;    253972;     20465;0;501;6742;208092;1;0;868;0.552092;376915;0;0;sBELA0;? Unchecked;v1.6.0-147-gfbf9e2e
roadmap;dimacs;97/100;100;    252422;      2515;0;511;6866;208267;1;0;868;0.544277;382649;0;0;sBELA0;? Unchecked;v1.6.0-147-gfbf9e2e
roadmap;dimacs;98/100;100;    229860;      1035;0;496;6652;209225;1;0;868;0.566852;369100;0;0;sBELA0;? Unchecked;v1.6.0-147-gfbf9e2e
roadmap;dimacs;99/100;100;    247295;     28681;0;511;6778;207943;1;0;868;0.554682;374887;0;0;sBELA0;? Unchecked;v1.6.0-147-gfbf9e2e
roadmap;dimacs;0/200;200;    252388;     20483;0;505;6762;208608;1;0;868;0.55437;376297;0;0;sBELA0;? Unchecked;v1.6.0-147-gfbf9e2e
roadmap;dimacs;1/200;200;     25106;    246269;0;501;6694;208862;1;0;868;0.546656;382072;0;0;sBELA0;? Unchecked;v1.6.0-147-gfbf9e2e
roadmap;dimacs;2/200;200;    258113;      6647;0;504;6744;209017;1;0;868;0.54592;382871;0;0;sBELA0;? Unchecked;v1.6.0-147-gfbf9e2e
roadmap;dimacs;3/200;200;      2080;    233975;0;500;6692;207560;1;0;868;0.553038;375309;0;0;sBELA0;? Unchecked;v1.6.0-147-gfbf9e2e
roadmap;dimacs;4/200;200;    260625;     26619;0;509;6846;207951;1;0;868;0.579858;358624;0;0;sBELA0;? Unchecked;v1.6.0-147-gfbf9e2e
roadmap;dimacs;5/200;200;    261599;      3595;0;519;7006;209178;1;0;868;0.555188;376769;0;0;sBELA0;? Unchecked;v1.6.0-147-gfbf9e2e
roadmap;dimacs;6/200;200;      4659;    242682;0;494;6640;208369;1;0;868;0.545887;381707;0;0;sBELA0;? Unchecked;v1.6.0-147-gfbf9e2e
roadmap;dimacs;7/200;200;    241670;       978;0;499;6718;208202;1;0;868;0.547188;380495;0;0;sBELA0;? Unchecked;v1.6.0-147-gfbf9e2e
roadmap;dimacs;8/200;200;     38401;    251904;0;518;6816;209172;1;0;868;0.547675;381927;0;0;sBELA0;? Unchecked;v1.6.0-147-gfbf9e2e
roadmap;dimacs;9/200;200;     13831;    249853;0;521;6974;209012;1;0;868;0.5506;379607;0;0;sBELA0;? Unchecked;v1.6.0-147-gfbf9e2e
roadmap;dimacs;10/200;200;     11759;    259591;0;518;7000;209218;1;0;868;0.561032;372917;0;0;sBELA0;? Unchecked;v1.6.0-147-gfbf9e2e
roadmap;dimacs;11/200;200;    236537;     10777;0;497;6662;208333;1;0;868;0.557046;373996;0;0;sBELA0;? Unchecked;v1.6.0-147-gfbf9e2e
roadmap;dimacs;12/200;200;    249882;      5103;0;505;6822;208955;1;0;868;0.549821;380042;0;0;sBELA0;? Unchecked;v1.6.0-147-gfbf9e2e
roadmap;dimacs;13/200;200;      6146;    251872;0;512;6900;208083;1;0;868;0.54412;382421;0;0;sBELA0;? Unchecked;v1.6.0-147-gfbf9e2e
roadmap;dimacs;14/200;200;     22521;    260107;0;513;6914;209170;1;0;868;0.562211;372049;0;0;sBELA0;? Unchecked;v1.6.0-147-gfbf9e2e
roadmap;dimacs;15/200;200;      1533;    250409;0;514;6912;207701;1;0;868;0.555096;374171;0;0;sBELA0;? Unchecked;v1.6.0-147-gfbf9e2e
roadmap;dimacs;16/200;200;    262075;      5139;0;508;6748;208969;1;0;868;0.554437;376903;0;0;sBELA0;? Unchecked;v1.6.0-147-gfbf9e2e
roadmap;dimacs;17/200;200;      5647;    255960;0;505;6810;208099;1;0;868;0.544621;382099;0;0;sBELA0;? Unchecked;v1.6.0-147-gfbf9e2e
roadmap;dimacs;18/200;200;      6119;    252429;0;512;6896;208887;1;0;868;0.555974;375714;0;0;sBELA0;? Unchecked;v1.6.0-147-gfbf9e2e
roadmap;dimacs;19/200;200;      8194;    232422;0;499;6678;206318;1;0;868;0.538279;383292;0;0;sBELA0;? Unchecked;v1.6.0-147-gfbf9e2e
roadmap;dimacs;20/200;200;    252392;     15368;0;507;6810;208704;1;0;868;0.604986;344973;0;0;sBELA0;? Unchecked;v1.6.0-147-gfbf9e2e
roadmap;dimacs;21/200;200;      4622;    230901;0;501;6718;207219;1;0;868;0.544063;380873;0;0;sBELA0;? Unchecked;v1.6.0-147-gfbf9e2e
roadmap;dimacs;22/200;200;    261058;       516;0;519;6930;209273;1;0;868;0.555451;376762;0;0;sBELA0;? Unchecked;v1.6.0-147-gfbf9e2e
roadmap;dimacs;23/200;200;    260633;     31732;0;496;6668;206856;1;0;868;0.540253;382888;0;0;sBELA0;? Unchecked;v1.6.0-147-gfbf9e2e
roadmap;dimacs;24/200;200;      5662;    254952;0;508;6824;208678;1;0;868;0.544346;383355;0;0;sBELA0;? Unchecked;v1.6.0-147-gfbf9e2e
roadmap;dimacs;25/200;200;    234511;     10232;0;500;6712;208971;1;0;868;0.554336;376976;0;0;sBELA0;? Unchecked;v1.6.0-147-gfbf9e2e
roadmap;dimacs;26/200;200;    256495;     24598;0;498;6688;207194;1;0;868;0.553613;374258;0;0;sBELA0;? Unchecked;v1.6.0-147-gfbf9e2e
roadmap;dimacs;27/200;200;      5155;    239099;0;501;6718;208216;1;0;868;0.544618;382316;0;0;sBELA0;? Unchecked;v1.6.0-147-gfbf9e2e
roadmap;dimacs;28/200;200;    260138;      4070;0;514;6864;208881;1;0;868;0.543945;384011;0;0;sBELA0;? Unchecked;v1.6.0-147-gfbf9e2e
roadmap;dimacs;29/200;200;       497;    261718;0;514;6772;207073;1;0;868;0.553254;374282;0;0;sBELA0;? Unchecked;v1.6.0-147-gfbf9e2e
roadmap;dimacs;30/200;200;    250399;     10234;0;506;6816;209043;1;0;868;0.546973;382181;0;0;sBELA0;? Unchecked;v1.6.0-147-gfbf9e2e
roadmap;dimacs;31/200;200;      9245;    237563;0;498;6680;208155;1;0;868;0.544005;382634;0;0;sBELA0;? Unchecked;v1.6.0-147-gfbf9e2e
roadmap;dimacs;32/200;200;    260135;     13276;0;498;6668;207729;1;0;868;0.542992;382564;0;0;sBELA0;? Unchecked;v1.6.0-147-gfbf9e2e
roadmap;dimacs;33/200;200;    252429;     25085;0;506;6800;208203;1;0;868;0.544978;382040;0;0;sBELA0;? Unchecked;v1.6.0-147-gfbf9e2e
roadmap;dimacs;34/200;200;      3098;    231926;0;498;6676;207326;1;0;868;0.541486;382884;0;0;sBELA0;? Unchecked;v1.6.0-147-gfbf9e2e
roadmap;dimacs;35/200;200;     19421;    257032;0;499;6730;209165;1;0;868;0.561564;372468;0;0;sBELA0;? Unchecked;v1.6.0-147-gfbf9e2e
roadmap;dimacs;36/200;200;      1057;    248820;0;511;6866;208578;1;0;868;0.558109;373723;0;0;sBELA0;? Unchecked;v1.6.0-147-gfbf9e2e
roadmap;dimacs;37/200;200;    258041;     41474;0;510;6760;206971;1;0;868;0.551199;375493;0;0;sBELA0;? Unchecked;v1.6.0-147-gfbf9e2e
roadmap;dimacs;38/200;200;      8712;    259539;0;507;6834;208169;1;0;868;0.545688;381480;0;0;sBELA0;? Unchecked;v1.6.0-147-gfbf9e2e
roadmap;dimacs;39/200;200;    261646;      4574;0;519;6982;208588;1;0;868;0.546576;381627;0;0;sBELA0;? Unchecked;v1.6.0-147-gfbf9e2e
roadmap;dimacs;40/200;200;       520;    222196;0;505;6726;206214;1;0;868;0.566988;363701;0;0;sBELA0;? Unchecked;v1.6.0-147-gfbf9e2e
roadmap;dimacs;41/200;200;    242196;     17909;0;499;6674;208526;1;0;868;0.545182;382488;0;0;sBELA0;? Unchecked;v1.6.0-147-gfbf9e2e
roadmap;dimacs;42/200;200;    248265;         8;0;499;6726;209260;1;0;868;0.559486;374022;0;0;sBELA0;? Unchecked;v1.6.0-147-gfbf9e2e
roadmap;dimacs;43/200;200;    251395;     33785;0;508;6760;207446;1;0;868;0.542855;382139;0;0;sBELA0;? Unchecked;v1.6.0-147-gfbf9e2e
roadmap;dimacs;44/200;200;    254972;     13864;0;501;6758;207203;1;0;868;0.552533;375006;0;0;sBELA0;? Unchecked;v1.6.0-147-gfbf9e2e
roadmap;dimacs;45/200;200;      1998;    257065;0;503;6698;208372;1;0;868;0.554051;376088;0;0;sBELA0;? Unchecked;v1.6.0-147-gfbf9e2e
roadmap;dimacs;46/200;200;    256009;     28663;0;505;6786;207563;1;0;868;0.544317;381327;0;0;sBELA0;? Unchecked;v1.6.0-147-gfbf9e2e
roadmap;dimacs;47/200;200;     18946;    261099;0;516;6940;208987;1;0;868;0.552465;378281;0;0;sBELA0;? Unchecked;v1.6.0-147-gfbf9e2e
roadmap;dimacs;48/200;200;    253391;     13313;0;499;6714;208997;1;0;868;0.557333;374995;0;0;sBELA0;? Unchecked;v1.6.0-147-gfbf9e2e
roadmap;dimacs;49/200;200;    236014;     15363;0;502;6696;208947;1;0;868;0.565554;369456;0;0;sBELA0;? Unchecked;v1.6.0-147-gfbf9e2e
roadmap;dimacs;50/200;200;    256039;     16370;0;499;6706;208414;1;0;868;0.543088;383757;0;0;sBELA0;? Unchecked;v1.6.0-147-gfbf9e2e
roadmap;dimacs;51/200;200;      5165;    247296;0;506;6792;208871;1;0;868;0.571838;365263;0;0;sBELA0;? Unchecked;v1.6.0-147-gfbf9e2e
roadmap;dimacs;52/200;200;      9228;    248313;0;514;6920;208820;1;0;868;0.548136;380964;0;0;sBELA0;? Unchecked;v1.6.0-147-gfbf9e2e
roadmap;dimacs;53/200;200;    246784;     29193;0;511;6774;207871;1;0;868;0.554924;374593;0;0;sBELA0;? Unchecked;v1.6.0-147-gfbf9e2e
roadmap;dimacs;54/200;200;    246280;       497;0;522;7012;209167;1;0;868;0.549619;380567;0;0;sBELA0;? Unchecked;v1.6.0-147-gfbf9e2e
roadmap;dimacs;55/200;200;      1064;    237055;0;501;6730;208161;1;0;868;0.543333;383119;0;0;sBELA0;? Unchecked;v1.6.0-147-gfbf9e2e
roadmap;dimacs;56/200;200;    245279;     11768;0;503;6738;208961;1;0;868;0.546063;382668;0;0;sBELA0;? Unchecked;v1.6.0-147-gfbf9e2e
roadmap;dimacs;57/200;200;     11776;    259096;0;525;7046;208924;1;0;868;0.570792;366025;0;0;sBELA0;? Unchecked;v1.6.0-147-gfbf9e2e
roadmap;dimacs;58/200;200;    250326;     10251;0;494;6672;208839;1;0;868;0.561029;372243;0;0;sBELA0;? Unchecked;v1.6.0-147-gfbf9e2e
roadmap;dimacs;59/200;200;    259526;     10253;0;498;6696;208750;1;0;868;0.553766;376964;0;0;sBELA0;? Unchecked;v1.6.0-147-gfbf9e2e
roadmap;dimacs;60/200;200;    261664;      6127;0;519;6966;208945;1;0;868;0.546574;382281;0;0;sBELA0;? Unchecked;v1.6.0-147-gfbf9e2e
roadmap;dimacs;61/200;200;      3567;    242195;0;504;6796;207840;1;0;868;0.559099;371741;0;0;sBELA0;? Unchecked;v1.6.0-147-gfbf9e2e
roadmap;dimacs;62/200;200;    261097;     20519;0;490;6616;206296;1;0;868;0.551338;374174;0;0;sBELA0;? Unchecked;v1.6.0-147-gfbf9e2e
roadmap;dimacs;63/200;200;      5063;    254998;0;497;6670;208727;1;0;868;0.552933;377490;0;0;sBELA0;? Unchecked;v1.6.0-147-gfbf9e2e
roadmap;dimacs;64/200;200;      2086;    262100;0;513;6826;208623;1;0;868;0.542429;384609;0;0;sBELA0;? Unchecked;v1.6.0-147-gfbf9e2e
roadmap;dimacs;65/200;200;    260641;      4092;0;524;7052;209205;1;0;868;0.547504;382107;0;0;sBELA0;? Unchecked;v1.6.0-147-gfbf9e2e
roadmap;dimacs;66/200;200;      3111;    242164;0;498;6696;208050;1;0;868;0.542628;383412;0;0;sBELA0;? Unchecked;v1.6.0-147-gfbf9e2e
roadmap;dimacs;67/200;200;      2132;    262139;0;514;6804;209268;1;0;868;0.59668;350720;0;0;sBELA0;? Unchecked;v1.6.0-147-gfbf9e2e
roadmap;dimacs;68/200;200;    246721;      1026;0;496;6680;209275;1;0;869;0.556465;376079;0;0;sBELA0;? Unchecked;v1.6.0-147-gfbf9e2e
roadmap;dimacs;69/200;200;     20480;    245279;0;496;6660;207457;1;0;869;0.559137;371030;0;0;sBELA0;? Unchecked;v1.6.0-147-gfbf9e2e
roadmap;dimacs;70/200;200;    262132;     12294;0;526;7080;208937;1;0;869;0.554795;376602;0;0;sBELA0;? Unchecked;v1.6.0-147-gfbf9e2e
roadmap;dimacs;71/200;200;      2058;    240595;0;496;6664;205857;1;0;869;0.550671;373829;0;0;sBELA0;? Unchecked;v1.6.0-147-gfbf9e2e
roadmap;dimacs;72/200;200;    255999;      8716;0;524;7068;208906;1;0;869;0.562363;371479;0;0;sBELA0;? Unchecked;v1.6.0-147-gfbf9e2e
roadmap;dimacs;73/200;200;      4599;    239654;0;497;6682;206441;1;0;869;0.552196;373855;0;0;sBELA0;? Unchecked;v1.6.0-147-gfbf9e2e
roadmap;dimacs;74/200;200;    259083;     27133;0;510;6868;208023;1;0;869;0.544923;381747;0;0;sBELA0;? Unchecked;v1.6.0-147-gfbf9e2e
roadmap;dimacs;75/200;200;      4066;    255519;0;508;6820;208543;1;0;869;0.555298;375552;0;0;sBELA0;? Unchecked;v1.6.0-147-gfbf9e2e
roadmap;dimacs;76/200;200;    260612;      4579;0;523;7058;208684;1;0;869;0.546233;382042;0;0;sBELA0;? Unchecked;v1.6.0-147-gfbf9e2e
roadmap;dimacs;77/200;200;    254984;     11245;0;515;6938;208551;1;0;869;0.546369;381704;0;0;sBELA0;? Unchecked;v1.6.0-147-gfbf9e2e
roadmap;dimacs;78/200;200;    258027;     15880;0;511;6886;208631;1;0;869;0.553509;376924;0;0;sBELA0;? Unchecked;v1.6.0-147-gfbf9e2e
roadmap;dimacs;79/200;200;     10267;    244219;0;503;6762;208610;1;0;869;0.545318;382547;0;0;sBELA0;? Unchecked;v1.6.0-147-gfbf9e2e
roadmap;dimacs;80/200;200;    222207;      3089;0;505;6714;209032;1;0;869;0.559054;373903;0;0;sBELA0;? Unchecked;v1.6.0-147-gfbf9e2e
roadmap;dimacs;81/200;200;      3056;    241705;0;492;6640;206278;1;0;869;0.565332;364879;0;0;sBELA0;? Unchecked;v1.6.0-147-gfbf9e2e
roadmap;dimacs;82/200;200;      6617;    240136;0;495;6658;208144;1;0;869;0.555327;374813;0;0;sBELA0;? Unchecked;v1.6.0-147-gfbf9e2e
roadmap;dimacs;83/200;200;    242148;      9232;0;495;6658;208811;1;0;869;0.597379;349545;0;0;sBELA0;? Unchecked;v1.6.0-147-gfbf9e2e
roadmap;dimacs;84/200;200;    247299;       479;0;514;6920;208754;1;0;869;0.548188;380807;0;0;sBELA0;? Unchecked;v1.6.0-147-gfbf9e2e
roadmap;dimacs;85/200;200;     13844;    253941;0;510;6856;208997;1;0;869;0.546881;382162;0;0;sBELA0;? Unchecked;v1.6.0-147-gfbf9e2e
roadmap;dimacs;86/200;200;      3578;    260146;0;518;6956;208230;1;0;869;0.557464;373531;0;0;sBELA0;? Unchecked;v1.6.0-147-gfbf9e2e
roadmap;dimacs;87/200;200;    258031;     24598;0;499;6706;207158;1;0;869;0.553263;374430;0;0;sBELA0;? Unchecked;v1.6.0-147-gfbf9e2e
roadmap;dimacs;88/200;200;    236012;      8209;0;494;6640;208800;1;0;869;0.560778;372340;0;0;sBELA0;? Unchecked;v1.6.0-147-gfbf9e2e
roadmap;dimacs;89/200;200;      2564;    248267;0;498;6724;206233;1;0;869;0.540986;381217;0;0;sBELA0;? Unchecked;v1.6.0-147-gfbf9e2e
roadmap;dimacs;90/200;200;      1018;    248854;0;521;7002;208376;1;0;869;0.557221;373956;0;0;sBELA0;? Unchecked;v1.6.0-147-gfbf9e2e
roadmap;dimacs;91/200;200;    222716;      6155;0;503;6694;209050;1;0;869;0.560717;372826;0;0;sBELA0;? Unchecked;v1.6.0-147-gfbf9e2e
roadmap;dimacs;92/200;200;     12795;    247326;0;503;6762;207777;1;0;869;0.554673;374594;0;0;sBELA0;? Unchecked;v1.6.0-147-gfbf9e2e
roadmap;dimacs;93/200;200;    248266;       516;0;501;6754;209273;1;0;869;0.567161;368983;0;0;sBELA0;? Unchecked;v1.6.0-147-gfbf9e2e
roadmap;dimacs;94/200;200;     24066;    255486;0;521;6962;209188;1;0;869;0.545108;383755;0;0;sBELA0;? Unchecked;v1.6.0-147-gfbf9e2e
roadmap;dimacs;95/200;200;    247816;       997;0;516;6936;208924;1;0;869;0.547124;381859;0;0;sBELA0;? Unchecked;v1.6.0-147-gfbf9e2e
roadmap;dimacs;96/200;200;    253972;     20465;0;501;6742;208092;1;0;869;0.551716;377172;0;0;sBELA0;? Unchecked;v1.6.0-147-gfbf9e2e
roadmap;dimacs;97/200;200;    252422;      2515;0;511;6866;208267;1;0;869;0.545336;381906;0;0;sBELA0;? Unchecked;v1.6.0-147-gfbf9e2e
roadmap;dimacs;98/200;200;    229860;      1035;0;496;6652;209225;1;0;869;0.569035;367684;0;0;sBELA0;? Unchecked;v1.6.0-147-gfbf9e2e
roadmap;dimacs;99/200;200;    247295;     28681;0;511;6778;207943;1;0;869;0.556591;373601;0;0;sBELA0;? Unchecked;v1.6.0-147-gfbf9e2e
roadmap;dimacs;0/300;300;    252388;     20483;0;505;6762;208608;1;0;869;0.55617;375080;0;0;sBELA0;? Unchecked;v1.6.0-147-gfbf9e2e
roadmap;dimacs;1/300;300;     25106;    246269;0;501;6694;208862;1;0;869;0.547069;381784;0;0;sBELA0;? Unchecked;v1.6.0-147-gfbf9e2e
roadmap;dimacs;2/300;300;    258113;      6647;0;504;6744;209017;1;0;869;0.546213;382666;0;0;sBELA0;? Unchecked;v1.6.0-147-gfbf9e2e
roadmap;dimacs;3/300;300;      2080;    233975;0;500;6692;207560;1;0;869;0.543812;381676;0;0;sBELA0;? Unchecked;v1.6.0-147-gfbf9e2e
roadmap;dimacs;4/300;300;    260625;     26619;0;509;6846;207951;1;0;869;0.545333;381328;0;0;sBELA0;? Unchecked;v1.6.0-147-gfbf9e2e
roadmap;dimacs;5/300;300;    261599;      3595;0;519;7006;209178;1;0;869;0.558005;374867;0;0;sBELA0;? Unchecked;v1.6.0-147-gfbf9e2e
roadmap;dimacs;6/300;300;      4659;    242682;0;494;6640;208369;1;0;869;0.546116;381547;0;0;sBELA0;? Unchecked;v1.6.0-147-gfbf9e2e
roadmap;dimacs;7/300;300;    241670;       978;0;499;6718;208202;1;0;869;0.547166;380510;0;0;sBELA0;? Unchecked;v1.6.0-147-gfbf9e2e
roadmap;dimacs;8/300;300;     38401;    251904;0;518;6816;209172;1;0;869;0.556715;375725;0;0;sBELA0;? Unchecked;v1.6.0-147-gfbf9e2e
roadmap;dimacs;9/300;300;     13831;    249853;0;521;6974;209012;1;0;869;0.548943;380754;0;0;sBELA0;? Unchecked;v1.6.0-147-gfbf9e2e
roadmap;dimacs;10/300;300;     11759;    259591;0;518;7000;209218;1;0;869;0.563792;371091;0;0;sBELA0;? Unchecked;v1.6.0-147-gfbf9e2e
roadmap;dimacs;11/300;300;    236537;     10777;0;497;6662;208333;1;0;869;0.558772;372841;0;0;sBELA0;? Unchecked;v1.6.0-147-gfbf9e2e
roadmap;dimacs;12/300;300;    249882;      5103;0;505;6822;208955;1;0;869;0.549674;380143;0;0;sBELA0;? Unchecked;v1.6.0-147-gfbf9e2e
roadmap;dimacs;13/300;300;      6146;    251872;0;512;6900;208083;1;0;869;0.546248;380932;0;0;sBELA0;? Unchecked;v1.6.0-147-gfbf9e2e
roadmap;dimacs;14/300;300;     22521;    260107;0;513;6914;209170;1;0;869;0.608279;343872;0;0;sBELA0;? Unchecked;v1.6.0-147-gfbf9e2e
roadmap;dimacs;15/300;300;      1533;    250409;0;514;6912;207701;1;0;869;0.560189;370769;0;0;sBELA0;? Unchecked;v1.6.0-147-gfbf9e2e
roadmap;dimacs;16/300;300;    262075;      5139;0;508;6748;208969;1;0;869;0.559049;373793;0;0;sBELA0;? Unchecked;v1.6.0-147-gfbf9e2e
roadmap;dimacs;17/300;300;      5647;    255960;0;505;6810;208099;1;0;869;0.546781;380590;0;0;sBELA0;? Unchecked;v1.6.0-147-gfbf9e2e
roadmap;dimacs;18/300;300;      6119;    252429;0;512;6896;208887;1;0;869;0.558081;374295;0;0;sBELA0;? Unchecked;v1.6.0-147-gfbf9e2e
roadmap;dimacs;19/300;300;      8194;    232422;0;499;6678;206318;1;0;869;0.540971;381384;0;0;sBELA0;? Unchecked;v1.6.0-147-gfbf9e2e
roadmap;dimacs;20/300;300;    252392;     15368;0;507;6810;208704;1;0;869;0.579033;360435;0;0;sBELA0;? Unchecked;v1.6.0-147-gfbf9e2e
roadmap;dimacs;21/300;300;      4622;    230901;0;501;6718;207219;1;0;869;0.544534;380544;0;0;sBELA0;? Unchecked;v1.6.0-147-gfbf9e2e
roadmap;dimacs;22/300;300;    261058;       516;0;519;6930;209273;1;0;869;0.557159;375607;0;0;sBELA0;? Unchecked;v1.6.0-147-gfbf9e2e
roadmap;dimacs;23/300;300;    260633;     31732;0;496;6668;206856;1;0;869;0.540669;382593;0;0;sBELA0;? Unchecked;v1.6.0-147-gfbf9e2e
roadmap;dimacs;24/300;300;      5662;    254952;0;508;6824;208678;1;0;869;0.5485;380452;0;0;sBELA0;? Unchecked;v1.6.0-147-gfbf9e2e
roadmap;dimacs;25/300;300;    234511;     10232;0;500;6712;208971;1;0;869;0.557137;375080;0;0;sBELA0;? Unchecked;v1.6.0-147-gfbf9e2e
roadmap;dimacs;26/300;300;    256495;     24598;0;498;6688;207194;1;0;869;0.55246;375039;0;0;sBELA0;? Unchecked;v1.6.0-147-gfbf9e2e
roadmap;dimacs;27/300;300;      5155;    239099;0;501;6718;208216;1;0;869;0.545301;381837;0;0;sBELA0;? Unchecked;v1.6.0-147-gfbf9e2e
roadmap;dimacs;28/300;300;    260138;      4070;0;514;6864;208881;1;0;869;0.546956;381898;0;0;sBELA0;? Unchecked;v1.6.0-147-gfbf9e2e
roadmap;dimacs;29/300;300;       497;    261718;0;514;6772;207073;1;0;869;0.555048;373072;0;0;sBELA0;? Unchecked;v1.6.0-147-gfbf9e2e
roadmap;dimacs;30/300;300;    250399;     10234;0;506;6816;209043;1;0;869;0.589819;354419;0;0;sBELA0;? Unchecked;v1.6.0-147-gfbf9e2e
roadmap;dimacs;31/300;300;      9245;    237563;0;498;6680;208155;1;0;869;0.548179;379721;0;0;sBELA0;? Unchecked;v1.6.0-147-gfbf9e2e
roadmap;dimacs;32/300;300;    260135;     13276;0;498;6668;207729;1;0;869;0.543934;381901;0;0;sBELA0;? Unchecked;v1.6.0-147-gfbf9e2e
roadmap;dimacs;33/300;300;    252429;     25085;0;506;6800;208203;1;0;869;0.555295;374941;0;0;sBELA0;? Unchecked;v1.6.0-147-gfbf9e2e
roadmap;dimacs;34/300;300;      3098;    231926;0;498;6676;207326;1;0;869;0.543706;381320;0;0;sBELA0;? Unchecked;v1.6.0-147-gfbf9e2e
roadmap;dimacs;35/300;300;     19421;    257032;0;499;6730;209165;1;0;869;0.565124;370122;0;0;sBELA0;? Unchecked;v1.6.0-147-gfbf9e2e
roadmap;dimacs;36/300;300;      1057;    248820;0;511;6866;208578;1;0;869;0.546997;381315;0;0;sBELA0;? Unchecked;v1.6.0-147-gfbf9e2e
roadmap;dimacs;37/300;300;    258041;     41474;0;510;6760;206971;1;0;869;0.552291;374750;0;0;sBELA0;? Unchecked;v1.6.0-147-gfbf9e2e
roadmap;dimacs;38/300;300;      8712;    259539;0;507;6834;208169;1;0;869;0.546979;380579;0;0;sBELA0;? Unchecked;v1.6.0-147-gfbf9e2e
roadmap;dimacs;39/300;300;    261646;      4574;0;519;6982;208588;1;0;869;0.551826;377996;0;0;sBELA0;? Unchecked;v1.6.0-147-gfbf9e2e
roadmap;dimacs;40/300;300;       520;    222196;0;505;6726;206214;1;0;869;0.540689;381391;0;0;sBELA0;? Unchecked;v1.6.0-147-gfbf9e2e
roadmap;dimacs;41/300;300;    242196;     17909;0;499;6674;208526;1;0;869;0.551759;377930;0;0;sBELA0;? Unchecked;v1.6.0-147-gfbf9e2e
roadmap;dimacs;42/300;300;    248265;         8;0;499;6726;209260;1;0;869;0.560823;373130;0;0;sBELA0;? Unchecked;v1.6.0-147-gfbf9e2e
roadmap;dimacs;43/300;300;    251395;     33785;0;508;6760;207446;1;0;869;0.547357;378996;0;0;sBELA0;? Unchecked;v1.6.0-147-gfbf9e2e
roadmap;dimacs;44/300;300;    254972;     13864;0;501;6758;207203;1;0;869;0.551364;375801;0;0;sBELA0;? Unchecked;v1.6.0-147-gfbf9e2e
roadmap;dimacs;45/300;300;      1998;    257065;0;503;6698;208372;1;0;869;0.555744;374942;0;0;sBELA0;? Unchecked;v1.6.0-147-gfbf9e2e
roadmap;dimacs;46/300;300;    256009;     28663;0;505;6786;207563;1;0;869;0.572562;362516;0;0;sBELA0;? Unchecked;v1.6.0-147-gfbf9e2e
roadmap;dimacs;47/300;300;     18946;    261099;0;516;6940;208987;1;0;869;0.545899;382831;0;0;sBELA0;? Unchecked;v1.6.0-147-gfbf9e2e
roadmap;dimacs;48/300;300;    253391;     13313;0;499;6714;208997;1;0;869;0.558943;373915;0;0;sBELA0;? Unchecked;v1.6.0-147-gfbf9e2e
roadmap;dimacs;49/300;300;    236014;     15363;0;502;6696;208947;1;0;869;0.56775;368026;0;0;sBELA0;? Unchecked;v1.6.0-147-gfbf9e2e
roadmap;dimacs;50/300;300;    256039;     16370;0;499;6706;208414;1;0;869;0.544974;382429;0;0;sBELA0;? Unchecked;v1.6.0-147-gfbf9e2e
roadmap;dimacs;51/300;300;      5165;    247296;0;506;6792;208871;1;0;869;0.550483;379433;0;0;sBELA0;? Unchecked;v1.6.0-147-gfbf9e2e
roadmap;dimacs;52/300;300;      9228;    248313;0;514;6920;208820;1;0;869;0.555267;376071;0;0;sBELA0;? Unchecked;v1.6.0-147-gfbf9e2e
roadmap;dimacs;53/300;300;    246784;     29193;0;511;6774;207871;1;0;869;0.55553;374185;0;0;sBELA0;? Unchecked;v1.6.0-147-gfbf9e2e
roadmap;dimacs;54/300;300;    246280;       497;0;522;7012;209167;1;0;869;0.5522;378788;0;0;sBELA0;? Unchecked;v1.6.0-147-gfbf9e2e
roadmap;dimacs;55/300;300;      1064;    237055;0;501;6730;208161;1;0;869;0.54658;380843;0;0;sBELA0;? Unchecked;v1.6.0-147-gfbf9e2e
roadmap;dimacs;56/300;300;    245279;     11768;0;503;6738;208961;1;0;869;0.545889;382790;0;0;sBELA0;? Unchecked;v1.6.0-147-gfbf9e2e
roadmap;dimacs;57/300;300;     11776;    259096;0;525;7046;208924;1;0;869;0.561251;372247;0;0;sBELA0;? Unchecked;v1.6.0-147-gfbf9e2e
roadmap;dimacs;58/300;300;    250326;     10251;0;494;6672;208839;1;0;869;0.557173;374819;0;0;sBELA0;? Unchecked;v1.6.0-147-gfbf9e2e
roadmap;dimacs;59/300;300;    259526;     10253;0;498;6696;208750;1;0;869;0.556884;374853;0;0;sBELA0;? Unchecked;v1.6.0-147-gfbf9e2e
roadmap;dimacs;60/300;300;    261664;      6127;0;519;6966;208945;1;0;869;0.5467;382193;0;0;sBELA0;? Unchecked;v1.6.0-147-gfbf9e2e
roadmap;dimacs;61/300;300;      3567;    242195;0;504;6796;207840;1;0;869;0.571564;363634;0;0;sBELA0;? Unchecked;v1.6.0-147-gfbf9e2e
roadmap;dimacs;62/300;300;    261097;     20519;0;490;6616;206296;1;0;869;0.557144;370274;0;0;sBELA0;? Unchecked;v1.6.0-147-gfbf9e2e
roadmap;dimacs;63/300;300;      5063;    254998;0;497;6670;208727;1;0;869;0.557909;374124;0;0;sBELA0;? Unchecked;v1.6.0-147-gfbf9e2e
roadmap;dimacs;64/300;300;      2086;    262100;0;513;6826;208623;1;0;869;0.54731;381179;0;0;sBELA0;? Unchecked;v1.6.0-147-gfbf9e2e
roadmap;dimacs;65/300;300;    260641;      4092;0;524;7052;209205;1;0;869;0.548544;381382;0;0;sBELA0;? Unchecked;v1.6.0-147-gfbf9e2e
roadmap;dimacs;66/300;300;      3111;    242164;0;498;6696;208050;1;0;869;0.546288;380843;0;0;sBELA0;? Unchecked;v1.6.0-147-gfbf9e2e
roadmap;dimacs;67/300;300;      2132;    262139;0;514;6804;209268;1;0;869;0.550025;380470;0;0;sBELA0;? Unchecked;v1.6.0-147-gfbf9e2e
roadmap;dimacs;68/300;300;    246721;      1026;0;496;6680;209275;1;0;869;0.560166;373594;0;0;sBELA0;? Unchecked;v1.6.0-147-gfbf9e2e
roadmap;dimacs;69/300;300;     20480;    245279;0;496;6660;207457;1;0;869;0.559285;370933;0;0;sBELA0;? Unchecked;v1.6.0-147-gfbf9e2e
roadmap;dimacs;70/300;300;    262132;     12294;0;526;7080;208937;1;0;869;0.559664;373325;0;0;sBELA0;? Unchecked;v1.6.0-147-gfbf9e2e
roadmap;dimacs;71/300;300;      2058;    240595;0;496;6664;205857;1;0;869;0.539826;381340;0;0;sBELA0;? Unchecked;v1.6.0-147-gfbf9e2e
roadmap;dimacs;72/300;300;    255999;      8716;0;524;7068;208906;1;0;869;0.559515;373370;0;0;sBELA0;? Unchecked;v1.6.0-147-gfbf9e2e
roadmap;dimacs;73/300;300;      4599;    239654;0;497;6682;206441;1;0;869;0.555438;371672;0;0;sBELA0;? Unchecked;v1.6.0-147-gfbf9e2e
roadmap;dimacs;74/300;300;    259083;     27133;0;510;6868;208023;1;0;869;0.549716;378419;0;0;sBELA0;? Unchecked;v1.6.0-147-gfbf9e2e
roadmap;dimacs;75/300;300;      4066;    255519;0;508;6820;208543;1;0;869;0.557378;374150;0;0;sBELA0;? Unchecked;v1.6.0-147-gfbf9e2e
roadmap;dimacs;76/300;300;    260612;      4579;0;523;7058;208684;1;0;869;0.54921;379971;0;0;sBELA0;? Unchecked;v1.6.0-147-gfbf9e2e
roadmap;dimacs;77/300;300;    254984;     11245;0;515;6938;208551;1;0;869;0.595721;350081;0;0;sBELA0;? Unchecked;v1.6.0-147-gfbf9e2e
roadmap;dimacs;78/300;300;    258027;     15880;0;511;6886;208631;1;0;869;0.55565;375472;0;0;sBELA0;? Unchecked;v1.6.0-147-gfbf9e2e
roadmap;dimacs;79/300;300;     10267;    244219;0;503;6762;208610;1;0;869;0.546018;382057;0;0;sBELA0;? Unchecked;v1.6.0-147-gfbf9e2e
roadmap;dimacs;80/300;300;    222207;      3089;0;505;6714;209032;1;0;869;0.561082;372552;0;0;sBELA0;? Unchecked;v1.6.0-147-gfbf9e2e
roadmap;dimacs;81/300;300;      3056;    241705;0;492;6640;206278;1;0;869;0.556045;370974;0;0;sBELA0;? Unchecked;v1.6.0-147-gfbf9e2e
roadmap;dimacs;82/300;300;      6617;    240136;0;495;6658;208144;1;0;869;0.554494;375376;0;0;sBELA0;? Unchecked;v1.6.0-147-gfbf9e2e
roadmap;dimacs;83/300;300;    242148;      9232;0;495;6658;208811;1;0;869;0.561701;371748;0;0;sBELA0;? Unchecked;v1.6.0-147-gfbf9e2e
roadmap;dimacs;84/300;300;    247299;       479;0;514;6920;208754;1;0;869;0.548851;380348;0;0;sBELA0;? Unchecked;v1.6.0-147-gfbf9e2e
roadmap;dimacs;85/300;300;     13844;    253941;0;510;6856;208997;1;0;869;0.546653;382321;0;0;sBELA0;? Unchecked;v1.6.0-147-gfbf9e2e
roadmap;dimacs;86/300;300;      3578;    260146;0;518;6956;208230;1;0;869;0.561273;370996;0;0;sBELA0;? Unchecked;v1.6.0-147-gfbf9e2e
roadmap;dimacs;87/300;300;    258031;     24598;0;499;6706;207158;1;0;869;0.551763;375447;0;0;sBELA0;? Unchecked;v1.6.0-147-gfbf9e2e
roadmap;dimacs;88/300;300;    236012;      8209;0;494;6640;208800;1;0;869;0.558161;374085;0;0;sBELA0;? Unchecked;v1.6.0-147-gfbf9e2e
roadmap;dimacs;89/300;300;      2564;    248267;0;498;6724;206233;1;0;869;0.539801;382054;0;0;sBELA0;? Unchecked;v1.6.0-147-gfbf9e2e
roadmap;dimacs;90/300;300;      1018;    248854;0;521;7002;208376;1;0;869;0.558588;373041;0;0;sBELA0;? Unchecked;v1.6.0-147-gfbf9e2e
roadmap;dimacs;91/300;300;    222716;      6155;0;503;6694;209050;1;0;869;0.563917;370711;0;0;sBELA0;? Unchecked;v1.6.0-147-gfbf9e2e
roadmap;dimacs;92/300;300;     12795;    247326;0;503;6762;207777;1;0;869;0.559332;371473;0;0;sBELA0;? Unchecked;v1.6.0-147-gfbf9e2e
roadmap;dimacs;93/300;300;    248266;       516;0;501;6754;209273;1;0;869;0.586697;356697;0;0;sBELA0;? Unchecked;v1.6.0-147-gfbf9e2e
roadmap;dimacs;94/300;300;     24066;    255486;0;521;6962;209188;1;0;869;0.546619;382694;0;0;sBELA0;? Unchecked;v1.6.0-147-gfbf9e2e
roadmap;dimacs;95/300;300;    247816;       997;0;516;6936;208924;1;0;869;0.548663;380787;0;0;sBELA0;? Unchecked;v1.6.0-147-gfbf9e2e
roadmap;dimacs;96/300;300;    253972;     20465;0;501;6742;208092;1;0;869;0.544785;381971;0;0;sBELA0;? Unchecked;v1.6.0-147-gfbf9e2e
roadmap;dimacs;97/300;300;    252422;      2515;0;511;6866;208267;1;0;869;0.559179;372452;0;0;sBELA0;? Unchecked;v1.6.0-147-gfbf9e2e
roadmap;dimacs;98/300;300;    229860;      1035;0;496;6652;209225;1;0;869;0.560698;373151;0;0;sBELA0;? Unchecked;v1.6.0-147-gfbf9e2e
roadmap;dimacs;99/300;300;    247295;     28681;0;511;6778;207943;1;0;869;0.556081;373944;0;0;sBELA0;? Unchecked;v1.6.0-147-gfbf9e2e
roadmap;dimacs;0/400;400;    252388;     20483;0;505;6762;208608;1;0;869;0.558422;373567;0;0;sBELA0;? Unchecked;v1.6.0-147-gfbf9e2e
roadmap;dimacs;1/400;400;     25106;    246269;0;501;6694;208862;1;0;869;0.556988;374985;0;0;sBELA0;? Unchecked;v1.6.0-147-gfbf9e2e
roadmap;dimacs;2/400;400;    258113;      6647;0;504;6744;209017;1;0;869;0.54743;381815;0;0;sBELA0;? Unchecked;v1.6.0-147-gfbf9e2e
roadmap;dimacs;3/400;400;      2080;    233975;0;500;6692;207560;1;0;869;0.546106;380073;0;0;sBELA0;? Unchecked;v1.6.0-147-gfbf9e2e
roadmap;dimacs;4/400;400;    260625;     26619;0;509;6846;207951;1;0;869;0.559847;371443;0;0;sBELA0;? Unchecked;v1.6.0-147-gfbf9e2e
roadmap;dimacs;5/400;400;    261599;      3595;0;519;7006;209178;1;0;869;0.560597;373134;0;0;sBELA0;? Unchecked;v1.6.0-147-gfbf9e2e
roadmap;dimacs;6/400;400;      4659;    242682;0;494;6640;208369;1;0;869;0.551935;377525;0;0;sBELA0;? Unchecked;v1.6.0-147-gfbf9e2e
roadmap;dimacs;7/400;400;    241670;       978;0;499;6718;208202;1;0;869;0.559147;372357;0;0;sBELA0;? Unchecked;v1.6.0-147-gfbf9e2e
roadmap;dimacs;8/400;400;     38401;    251904;0;518;6816;209172;1;0;869;0.554692;377096;0;0;sBELA0;? Unchecked;v1.6.0-147-gfbf9e2e
roadmap;dimacs;9/400;400;     13831;    249853;0;521;6974;209012;1;0;869;0.553715;377472;0;0;sBELA0;? Unchecked;v1.6.0-147-gfbf9e2e
roadmap;dimacs;10/400;400;     11759;    259591;0;518;7000;209218;1;0;869;0.561758;372435;0;0;sBELA0;? Unchecked;v1.6.0-147-gfbf9e2e
roadmap;dimacs;11/400;400;    236537;     10777;0;497;6662;208333;1;0;869;0.561979;370713;0;0;sBELA0;? Unchecked;v1.6.0-147-gfbf9e2e
roadmap;dimacs;12/400;400;    249882;      5103;0;505;6822;208955;1;0;869;0.552029;378522;0;0;sBELA0;? Unchecked;v1.6.0-147-gfbf9e2e
roadmap;dimacs;13/400;400;      6146;    251872;0;512;6900;208083;1;0;869;0.548619;379285;0;0;sBELA0;? Unchecked;v1.6.0-147-gfbf9e2e
roadmap;dimacs;14/400;400;     22521;    260107;0;513;6914;209170;1;0;869;0.566239;369403;0;0;sBELA0;? Unchecked;v1.6.0-147-gfbf9e2e
roadmap;dimacs;15/400;400;      1533;    250409;0;514;6912;207701;1;0;869;0.558395;371961;0;0;sBELA0;? Unchecked;v1.6.0-147-gfbf9e2e
roadmap;dimacs;16/400;400;    262075;      5139;0;508;6748;208969;1;0;869;0.555757;376008;0;0;sBELA0;? Unchecked;v1.6.0-147-gfbf9e2e
roadmap;dimacs;17/400;400;      5647;    255960;0;505;6810;208099;1;0;869;0.556874;373692;0;0;sBELA0;? Unchecked;v1.6.0-147-gfbf9e2e
roadmap;dimacs;18/400;400;      6119;    252429;0;512;6896;208887;1;0;869;0.574162;363812;0;0;sBELA0;? Unchecked;v1.6.0-147-gfbf9e2e
roadmap;dimacs;19/400;400;      8194;    232422;0;499;6678;206318;1;0;869;0.540615;381635;0;0;sBELA0;? Unchecked;v1.6.0-147-gfbf9e2e
roadmap;dimacs;20/400;400;    252392;     15368;0;507;6810;208704;1;0;869;0.560084;372630;0;0;sBELA0;? Unchecked;v1.6.0-147-gfbf9e2e
roadmap;dimacs;21/400;400;      4622;    230901;0;501;6718;207219;1;0;869;0.545248;380045;0;0;sBELA0;? Unchecked;v1.6.0-147-gfbf9e2e
roadmap;dimacs;22/400;400;    261058;       516;0;519;6930;209273;1;0;869;0.555734;376570;0;0;sBELA0;? Unchecked;v1.6.0-147-gfbf9e2e
roadmap;dimacs;23/400;400;    260633;     31732;0;496;6668;206856;1;0;869;0.544151;380145;0;0;sBELA0;? Unchecked;v1.6.0-147-gfbf9e2e
roadmap;dimacs;24/400;400;      5662;    254952;0;508;6824;208678;1;0;869;0.590443;353426;0;0;sBELA0;? Unchecked;v1.6.0-147-gfbf9e2e
roadmap;dimacs;25/400;400;    234511;     10232;0;500;6712;208971;1;0;869;0.559666;373385;0;0;sBELA0;? Unchecked;v1.6.0-147-gfbf9e2e
roadmap;dimacs;26/400;400;    256495;     24598;0;498;6688;207194;1;0;869;0.555079;373270;0;0;sBELA0;? Unchecked;v1.6.0-147-gfbf9e2e
roadmap;dimacs;27/400;400;      5155;    239099;0;501;6718;208216;1;0;869;0.550923;377940;0;0;sBELA0;? Unchecked;v1.6.0-147-gfbf9e2e
roadmap;dimacs;28/400;400;    260138;      4070;0;514;6864;208881;1;0;869;0.547797;381311;0;0;sBELA0;? Unchecked;v1.6.0-147-gfbf9e2e
roadmap;dimacs;29/400;400;       497;    261718;0;514;6772;207073;1;0;869;0.554888;373180;0;0;sBELA0;? Unchecked;v1.6.0-147-gfbf9e2e
roadmap;dimacs;30/400;400;    250399;     10234;0;506;6816;209043;1;0;869;0.555199;376519;0;0;sBELA0;? Unchecked;v1.6.0-147-gfbf9e2e
roadmap;dimacs;31/400;400;      9245;    237563;0;498;6680;208155;1;0;869;0.546695;380751;0;0;sBELA0;? Unchecked;v1.6.0-147-gfbf9e2e
roadmap;dimacs;32/400;400;    260135;     13276;0;498;6668;207729;1;0;869;0.545896;380529;0;0;sBELA0;? Unchecked;v1.6.0-147-gfbf9e2e
roadmap;dimacs;33/400;400;    252429;     25085;0;506;6800;208203;1;0;869;0.550627;378120;0;0;sBELA0;? Unchecked;v1.6.0-147-gfbf9e2e
roadmap;dimacs;34/400;400;      3098;    231926;0;498;6676;207326;1;0;869;0.546458;379400;0;0;sBELA0;? Unchecked;v1.6.0-147-gfbf9e2e
roadmap;dimacs;35/400;400;     19421;    257032;0;499;6730;209165;1;0;869;0.562549;371816;0;0;sBELA0;? Unchecked;v1.6.0-147-gfbf9e2e
roadmap;dimacs;36/400;400;      1057;    248820;0;511;6866;208578;1;0;869;0.547369;381056;0;0;sBELA0;? Unchecked;v1.6.0-147-gfbf9e2e
roadmap;dimacs;37/400;400;    258041;     41474;0;510;6760;206971;1;0;869;0.563412;367353;0;0;sBELA0;? Unchecked;v1.6.0-147-gfbf9e2e
roadmap;dimacs;38/400;400;      8712;    259539;0;507;6834;208169;1;0;869;0.54791;379933;0;0;sBELA0;? Unchecked;v1.6.0-147-gfbf9e2e
roadmap;dimacs;39/400;400;    261646;      4574;0;519;6982;208588;1;0;869;0.548483;380300;0;0;sBELA0;? Unchecked;v1.6.0-147-gfbf9e2e
roadmap;dimacs;40/400;400;       520;    222196;0;505;6726;206214;1;0;869;0.573312;359689;0;0;sBELA0;? Unchecked;v1.6.0-147-gfbf9e2e
roadmap;dimacs;41/400;400;    242196;     17909;0;499;6674;208526;1;0;869;0.550948;378486;0;0;sBELA0;? Unchecked;v1.6.0-147-gfbf9e2e
roadmap;dimacs;42/400;400;    248265;         8;0;499;6726;209260;1;0;869;0.561406;372743;0;0;sBELA0;? Unchecked;v1.6.0-147-gfbf9e2e
roadmap;dimacs;43/400;400;    251395;     33785;0;508;6760;207446;1;0;869;0.547073;379193;0;0;sBELA0;? Unchecked;v1.6.0-147-gfbf9e2e
roadmap;dimacs;44/400;400;    254972;     13864;0;501;6758;207203;1;0;869;0.552535;375004;0;0;sBELA0;? Unchecked;v1.6.0-147-gfbf9e2e
roadmap;dimacs;45/400;400;      1998;    257065;0;503;6698;208372;1;0;869;0.556537;374408;0;0;sBELA0;? Unchecked;v1.6.0-147-gfbf9e2e
roadmap;dimacs;46/400;400;    256009;     28663;0;505;6786;207563;1;0;869;0.546146;380051;0;0;sBELA0;? Unchecked;v1.6.0-147-gfbf9e2e
roadmap;dimacs;47/400;400;     18946;    261099;0;516;6940;208987;1;0;869;0.547292;381857;0;0;sBELA0;? Unchecked;v1.6.0-147-gfbf9e2e
roadmap;dimacs;48/400;400;    253391;     13313;0;499;6714;208997;1;0;869;0.558185;374422;0;0;sBELA0;? Unchecked;v1.6.0-147-gfbf9e2e
roadmap;dimacs;49/400;400;    236014;     15363;0;502;6696;208947;1;0;869;0.558145;374360;0;0;sBELA0;? Unchecked;v1.6.0-147-gfbf9e2e
roadmap;dimacs;50/400;400;    256039;     16370;0;499;6706;208414;1;0;869;0.544203;382971;0;0;sBELA0;? Unchecked;v1.6.0-147-gfbf9e2e
roadmap;dimacs;51/400;400;      5165;    247296;0;506;6792;208871;1;0;869;0.569045;367055;0;0;sBELA0;? Unchecked;v1.6.0-147-gfbf9e2e
roadmap;dimacs;52/400;400;      9228;    248313;0;514;6920;208820;1;0;869;0.553435;377316;0;0;sBELA0;? Unchecked;v1.6.0-147-gfbf9e2e
roadmap;dimacs;53/400;400;    246784;     29193;0;511;6774;207871;1;0;869;0.556733;373377;0;0;sBELA0;? Unchecked;v1.6.0-147-gfbf9e2e
roadmap;dimacs;54/400;400;    246280;       497;0;522;7012;209167;1;0;869;0.552671;378466;0;0;sBELA0;? Unchecked;v1.6.0-147-gfbf9e2e
roadmap;dimacs;55/400;400;      1064;    237055;0;501;6730;208161;1;0;869;0.548736;379346;0;0;sBELA0;? Unchecked;v1.6.0-147-gfbf9e2e
roadmap;dimacs;56/400;400;    245279;     11768;0;503;6738;208961;1;0;869;0.56062;372732;0;0;sBELA0;? Unchecked;v1.6.0-147-gfbf9e2e
roadmap;dimacs;57/400;400;     11776;    259096;0;525;7046;208924;1;0;869;0.562876;371172;0;0;sBELA0;? Unchecked;v1.6.0-147-gfbf9e2e
roadmap;dimacs;58/400;400;    250326;     10251;0;494;6672;208839;1;0;869;0.558996;373597;0;0;sBELA0;? Unchecked;v1.6.0-147-gfbf9e2e
roadmap;dimacs;59/400;400;    259526;     10253;0;498;6696;208750;1;0;869;0.562185;371319;0;0;sBELA0;? Unchecked;v1.6.0-147-gfbf9e2e
roadmap;dimacs;60/400;400;    261664;      6127;0;519;6966;208945;1;0;869;0.549367;380338;0;0;sBELA0;? Unchecked;v1.6.0-147-gfbf9e2e
roadmap;dimacs;61/400;400;      3567;    242195;0;504;6796;207840;1;0;869;0.561784;369964;0;0;sBELA0;? Unchecked;v1.6.0-147-gfbf9e2e
roadmap;dimacs;62/400;400;    261097;     20519;0;490;6616;206296;1;0;869;0.553691;372583;0;0;sBELA0;? Unchecked;v1.6.0-147-gfbf9e2e
roadmap;dimacs;63/400;400;      5063;    254998;0;497;6670;208727;1;0;869;0.558013;374054;0;0;sBELA0;? Unchecked;v1.6.0-147-gfbf9e2e
roadmap;dimacs;64/400;400;      2086;    262100;0;513;6826;208623;1;0;869;0.548222;380545;0;0;sBELA0;? Unchecked;v1.6.0-147-gfbf9e2e
roadmap;dimacs;65/400;400;    260641;      4092;0;524;7052;209205;1;0;869;0.560607;373176;0;0;sBELA0;? Unchecked;v1.6.0-147-gfbf9e2e
roadmap;dimacs;66/400;400;      3111;    242164;0;498;6696;208050;1;0;869;0.554355;375301;0;0;sBELA0;? Unchecked;v1.6.0-147-gfbf9e2e
roadmap;dimacs;67/400;400;      2132;    262139;0;514;6804;209268;1;0;869;0.547643;382125;0;0;sBELA0;? Unchecked;v1.6.0-147-gfbf9e2e
roadmap;dimacs;68/400;400;    246721;      1026;0;496;6680;209275;1;0;869;0.5632;371582;0;0;sBELA0;? Unchecked;v1.6.0-147-gfbf9e2e
roadmap;dimacs;69/400;400;     20480;    245279;0;496;6660;207457;1;0;869;0.560153;370358;0;0;sBELA0;? Unchecked;v1.6.0-147-gfbf9e2e
roadmap;dimacs;70/400;400;    262132;     12294;0;526;7080;208937;1;0;869;0.557489;374782;0;0;sBELA0;? Unchecked;v1.6.0-147-gfbf9e2e
roadmap;dimacs;71/400;400;      2058;    240595;0;496;6664;205857;1;0;869;0.584847;351984;0;0;sBELA0;? Unchecked;v1.6.0-147-gfbf9e2e
roadmap;dimacs;72/400;400;    255999;      8716;0;524;7068;208906;1;0;869;0.56079;372521;0;0;sBELA0;? Unchecked;v1.6.0-147-gfbf9e2e
roadmap;dimacs;73/400;400;      4599;    239654;0;497;6682;206441;1;0;869;0.557202;370496;0;0;sBELA0;? Unchecked;v1.6.0-147-gfbf9e2e
roadmap;dimacs;74/400;400;    259083;     27133;0;510;6868;208023;1;0;869;0.553929;375541;0;0;sBELA0;? Unchecked;v1.6.0-147-gfbf9e2e
roadmap;dimacs;75/400;400;      4066;    255519;0;508;6820;208543;1;0;869;0.55743;374115;0;0;sBELA0;? Unchecked;v1.6.0-147-gfbf9e2e
roadmap;dimacs;76/400;400;    260612;      4579;0;523;7058;208684;1;0;869;0.551721;378242;0;0;sBELA0;? Unchecked;v1.6.0-147-gfbf9e2e
roadmap;dimacs;77/400;400;    254984;     11245;0;515;6938;208551;1;0;869;0.547929;380617;0;0;sBELA0;? Unchecked;v1.6.0-147-gfbf9e2e
roadmap;dimacs;78/400;400;    258027;     15880;0;511;6886;208631;1;0;869;0.557392;374299;0;0;sBELA0;? Unchecked;v1.6.0-147-gfbf9e2e
roadmap;dimacs;79/400;400;     10267;    244219;0;503;6762;208610;1;0;869;0.546101;381999;0;0;sBELA0;? Unchecked;v1.6.0-147-gfbf9e2e
roadmap;dimacs;80/400;400;    222207;      3089;0;505;6714;209032;1;0;869;0.558538;374248;0;0;sBELA0;? Unchecked;v1.6.0-147-gfbf9e2e
roadmap;dimacs;81/400;400;      3056;    241705;0;492;6640;206278;1;0;869;0.563979;365755;0;0;sBELA0;? Unchecked;v1.6.0-147-gfbf9e2e
roadmap;dimacs;82/400;400;      6617;    240136;0;495;6658;208144;1;0;869;0.555284;374842;0;0;sBELA0;? Unchecked;v1.6.0-147-gfbf9e2e
roadmap;dimacs;83/400;400;    242148;      9232;0;495;6658;208811;1;0;869;0.559163;373435;0;0;sBELA0;? Unchecked;v1.6.0-147-gfbf9e2e
roadmap;dimacs;84/400;400;    247299;       479;0;514;6920;208754;1;0;869;0.550433;379254;0;0;sBELA0;? Unchecked;v1.6.0-147-gfbf9e2e
roadmap;dimacs;85/400;400;     13844;    253941;0;510;6856;208997;1;0;869;0.553758;377415;0;0;sBELA0;? Unchecked;v1.6.0-147-gfbf9e2e
roadmap;dimacs;86/400;400;      3578;    260146;0;518;6956;208230;1;0;869;0.559145;372408;0;0;sBELA0;? Unchecked;v1.6.0-147-gfbf9e2e
roadmap;dimacs;87/400;400;    258031;     24598;0;499;6706;207158;1;0;869;0.600259;345114;0;0;sBELA0;? Unchecked;v1.6.0-147-gfbf9e2e
roadmap;dimacs;88/400;400;    236012;      8209;0;494;6640;208800;1;0;869;0.559252;373356;0;0;sBELA0;? Unchecked;v1.6.0-147-gfbf9e2e
roadmap;dimacs;89/400;400;      2564;    248267;0;498;6724;206233;1;0;869;0.542479;380168;0;0;sBELA0;? Unchecked;v1.6.0-147-gfbf9e2e
roadmap;dimacs;90/400;400;      1018;    248854;0;521;7002;208376;1;0;869;0.579126;359811;0;0;sBELA0;? Unchecked;v1.6.0-147-gfbf9e2e
roadmap;dimacs;91/400;400;    222716;      6155;0;503;6694;209050;1;0;869;0.563123;371234;0;0;sBELA0;? Unchecked;v1.6.0-147-gfbf9e2e
roadmap;dimacs;92/400;400;     12795;    247326;0;503;6762;207777;1;0;869;0.557857;372455;0;0;sBELA0;? Unchecked;v1.6.0-147-gfbf9e2e
roadmap;dimacs;93/400;400;    248266;       516;0;501;6754;209273;1;0;869;0.563932;371096;0;0;sBELA0;? Unchecked;v1.6.0-147-gfbf9e2e
roadmap;dimacs;94/400;400;     24066;    255486;0;521;6962;209188;1;0;869;0.550706;379854;0;0;sBELA0;? Unchecked;v1.6.0-147-gfbf9e2e
roadmap;dimacs;95/400;400;    247816;       997;0;516;6936;208924;1;0;869;0.548246;381077;0;0;sBELA0;? Unchecked;v1.6.0-147-gfbf9e2e
roadmap;dimacs;96/400;400;    253972;     20465;0;501;6742;208092;1;0;869;0.548785;379187;0;0;sBELA0;? Unchecked;v1.6.0-147-gfbf9e2e
roadmap;dimacs;97/400;400;    252422;      2515;0;511;6866;208267;1;0;869;0.54756;380355;0;0;sBELA0;? Unchecked;v1.6.0-147-gfbf9e2e
roadmap;dimacs;98/400;400;    229860;      1035;0;496;6652;209225;1;0;869;0.565014;370301;0;0;sBELA0;? Unchecked;v1.6.0-147-gfbf9e2e
roadmap;dimacs;99/400;400;    247295;     28681;0;511;6778;207943;1;0;869;0.555373;374421;0;0;sBELA0;? Unchecked;v1.6.0-147-gfbf9e2e
roadmap;dimacs;0/500;500;    252388;     20483;0;505;6762;208608;1;0;869;0.559569;372801;0;0;sBELA0;? Unchecked;v1.6.0-147-gfbf9e2e
roadmap;dimacs;1/500;500;     25106;    246269;0;501;6694;208862;1;0;869;0.556418;375369;0;0;sBELA0;? Unchecked;v1.6.0-147-gfbf9e2e
roadmap;dimacs;2/500;500;    258113;      6647;0;504;6744;209017;1;0;869;0.572648;365001;0;0;sBELA0;? Unchecked;v1.6.0-147-gfbf9e2e
roadmap;dimacs;3/500;500;      2080;    233975;0;500;6692;207560;1;0;869;0.548995;378073;0;0;sBELA0;? Unchecked;v1.6.0-147-gfbf9e2e
roadmap;dimacs;4/500;500;    260625;     26619;0;509;6846;207951;1;0;869;0.545112;381483;0;0;sBELA0;? Unchecked;v1.6.0-147-gfbf9e2e
roadmap;dimacs;5/500;500;    261599;      3595;0;519;7006;209178;1;0;869;0.560497;373201;0;0;sBELA0;? Unchecked;v1.6.0-147-gfbf9e2e
roadmap;dimacs;6/500;500;      4659;    242682;0;494;6640;208369;1;0;869;0.549703;379057;0;0;sBELA0;? Unchecked;v1.6.0-147-gfbf9e2e
roadmap;dimacs;7/500;500;    241670;       978;0;499;6718;208202;1;0;869;0.552979;376510;0;0;sBELA0;? Unchecked;v1.6.0-147-gfbf9e2e
roadmap;dimacs;8/500;500;     38401;    251904;0;518;6816;209172;1;0;869;0.552596;378526;0;0;sBELA0;? Unchecked;v1.6.0-147-gfbf9e2e
roadmap;dimacs;9/500;500;     13831;    249853;0;521;6974;209012;1;0;869;0.551288;379134;0;0;sBELA0;? Unchecked;v1.6.0-147-gfbf9e2e
roadmap;dimacs;10/500;500;     11759;    259591;0;518;7000;209218;1;0;869;0.563888;371027;0;0;sBELA0;? Unchecked;v1.6.0-147-gfbf9e2e
roadmap;dimacs;11/500;500;    236537;     10777;0;497;6662;208333;1;0;869;0.560426;371740;0;0;sBELA0;? Unchecked;v1.6.0-147-gfbf9e2e
roadmap;dimacs;12/500;500;    249882;      5103;0;505;6822;208955;1;0;869;0.5542;377039;0;0;sBELA0;? Unchecked;v1.6.0-147-gfbf9e2e
roadmap;dimacs;13/500;500;      6146;    251872;0;512;6900;208083;1;0;869;0.548601;379297;0;0;sBELA0;? Unchecked;v1.6.0-147-gfbf9e2e
roadmap;dimacs;14/500;500;     22521;    260107;0;513;6914;209170;1;0;869;0.56736;368673;0;0;sBELA0;? Unchecked;v1.6.0-147-gfbf9e2e
roadmap;dimacs;15/500;500;      1533;    250409;0;514;6912;207701;1;0;869;0.562555;369210;0;0;sBELA0;? Unchecked;v1.6.0-147-gfbf9e2e
roadmap;dimacs;16/500;500;    262075;      5139;0;508;6748;208969;1;0;869;0.557098;375103;0;0;sBELA0;? Unchecked;v1.6.0-147-gfbf9e2e
roadmap;dimacs;17/500;500;      5647;    255960;0;505;6810;208099;1;0;869;0.551925;377042;0;0;sBELA0;? Unchecked;v1.6.0-147-gfbf9e2e
roadmap;dimacs;18/500;500;      6119;    252429;0;512;6896;208887;1;0;869;0.601949;347018;0;0;sBELA0;? Unchecked;v1.6.0-147-gfbf9e2e
roadmap;dimacs;19/500;500;      8194;    232422;0;499;6678;206318;1;0;869;0.542583;380251;0;0;sBELA0;? Unchecked;v1.6.0-147-gfbf9e2e
roadmap;dimacs;20/500;500;    252392;     15368;0;507;6810;208704;1;0;869;0.559188;373227;0;0;sBELA0;? Unchecked;v1.6.0-147-gfbf9e2e
roadmap;dimacs;21/500;500;      4622;    230901;0;501;6718;207219;1;0;869;0.547812;378267;0;0;sBELA0;? Unchecked;v1.6.0-147-gfbf9e2e
roadmap;dimacs;22/500;500;    261058;       516;0;519;6930;209273;1;0;869;0.560327;373484;0;0;sBELA0;? Unchecked;v1.6.0-147-gfbf9e2e
roadmap;dimacs;23/500;500;    260633;     31732;0;496;6668;206856;1;0;869;0.556777;371524;0;0;sBELA0;? Unchecked;v1.6.0-147-gfbf9e2e
roadmap;dimacs;24/500;500;      5662;    254952;0;508;6824;208678;1;0;869;0.548055;380761;0;0;sBELA0;? Unchecked;v1.6.0-147-gfbf9e2e
roadmap;dimacs;25/500;500;    234511;     10232;0;500;6712;208971;1;0;869;0.563642;370751;0;0;sBELA0;? Unchecked;v1.6.0-147-gfbf9e2e
roadmap;dimacs;26/500;500;    256495;     24598;0;498;6688;207194;1;0;869;0.556468;372338;0;0;sBELA0;? Unchecked;v1.6.0-147-gfbf9e2e
roadmap;dimacs;27/500;500;      5155;    239099;0;501;6718;208216;1;0;869;0.546641;380901;0;0;sBELA0;? Unchecked;v1.6.0-147-gfbf9e2e
roadmap;dimacs;28/500;500;    260138;      4070;0;514;6864;208881;1;0;869;0.547858;381269;0;0;sBELA0;? Unchecked;v1.6.0-147-gfbf9e2e
roadmap;dimacs;29/500;500;       497;    261718;0;514;6772;207073;1;0;869;0.556764;371922;0;0;sBELA0;? Unchecked;v1.6.0-147-gfbf9e2e
roadmap;dimacs;30/500;500;    250399;     10234;0;506;6816;209043;1;0;869;0.552852;378118;0;0;sBELA0;? Unchecked;v1.6.0-147-gfbf9e2e
roadmap;dimacs;31/500;500;      9245;    237563;0;498;6680;208155;1;0;869;0.548622;379415;0;0;sBELA0;? Unchecked;v1.6.0-147-gfbf9e2e
roadmap;dimacs;32/500;500;    260135;     13276;0;498;6668;207729;1;0;869;0.544285;381655;0;0;sBELA0;? Unchecked;v1.6.0-147-gfbf9e2e
roadmap;dimacs;33/500;500;    252429;     25085;0;506;6800;208203;1;0;869;0.551692;377390;0;0;sBELA0;? Unchecked;v1.6.0-147-gfbf9e2e
roadmap;dimacs;34/500;500;      3098;    231926;0;498;6676;207326;1;0;869;0.579241;357927;0;0;sBELA0;? Unchecked;v1.6.0-147-gfbf9e2e
roadmap;dimacs;35/500;500;     19421;    257032;0;499;6730;209165;1;0;869;0.563259;371348;0;0;sBELA0;? Unchecked;v1.6.0-147-gfbf9e2e
roadmap;dimacs;36/500;500;      1057;    248820;0;511;6866;208578;1;0;869;0.558593;373399;0;0;sBELA0;? Unchecked;v1.6.0-147-gfbf9e2e
roadmap;dimacs;37/500;500;    258041;     41474;0;510;6760;206971;1;0;869;0.555135;372830;0;0;sBELA0;? Unchecked;v1.6.0-147-gfbf9e2e
roadmap;dimacs;38/500;500;      8712;    259539;0;507;6834;208169;1;0;869;0.548029;379850;0;0;sBELA0;? Unchecked;v1.6.0-147-gfbf9e2e
roadmap;dimacs;39/500;500;    261646;      4574;0;519;6982;208588;1;0;869;0.549059;379901;0;0;sBELA0;? Unchecked;v1.6.0-147-gfbf9e2e
roadmap;dimacs;40/500;500;       520;    222196;0;505;6726;206214;1;0;869;0.545266;378189;0;0;sBELA0;? Unchecked;v1.6.0-147-gfbf9e2e
roadmap;dimacs;41/500;500;    242196;     17909;0;499;6674;208526;1;0;869;0.552658;377315;0;0;sBELA0;? Unchecked;v1.6.0-147-gfbf9e2e
roadmap;dimacs;42/500;500;    248265;         8;0;499;6726;209260;1;0;869;0.561866;372438;0;0;sBELA0;? Unchecked;v1.6.0-147-gfbf9e2e
roadmap;dimacs;43/500;500;    251395;     33785;0;508;6760;207446;1;0;869;0.547749;378725;0;0;sBELA0;? Unchecked;v1.6.0-147-gfbf9e2e
roadmap;dimacs;44/500;500;    254972;     13864;0;501;6758;207203;1;0;869;0.563917;367436;0;0;sBELA0;? Unchecked;v1.6.0-147-gfbf9e2e
roadmap;dimacs;45/500;500;      1998;    257065;0;503;6698;208372;1;0;869;0.556765;374255;0;0;sBELA0;? Unchecked;v1.6.0-147-gfbf9e2e
roadmap;dimacs;46/500;500;    256009;     28663;0;505;6786;207563;1;0;869;0.547646;379009;0;0;sBELA0;? Unchecked;v1.6.0-147-gfbf9e2e
roadmap;dimacs;47/500;500;     18946;    261099;0;516;6940;208987;1;0;869;0.547503;381709;0;0;sBELA0;? Unchecked;v1.6.0-147-gfbf9e2e
roadmap;dimacs;48/500;500;    253391;     13313;0;499;6714;208997;1;0;869;0.559874;373293;0;0;sBELA0;? Unchecked;v1.6.0-147-gfbf9e2e
roadmap;dimacs;49/500;500;    236014;     15363;0;502;6696;208947;1;0;869;0.588783;354880;0;0;sBELA0;? Unchecked;v1.6.0-147-gfbf9e2e
roadmap;dimacs;50/500;500;    256039;     16370;0;499;6706;208414;1;0;869;0.547824;380440;0;0;sBELA0;? Unchecked;v1.6.0-147-gfbf9e2e
roadmap;dimacs;51/500;500;      5165;    247296;0;506;6792;208871;1;0;869;0.549092;380394;0;0;sBELA0;? Unchecked;v1.6.0-147-gfbf9e2e
roadmap;dimacs;52/500;500;      9228;    248313;0;514;6920;208820;1;0;869;0.55792;374283;0;0;sBELA0;? Unchecked;v1.6.0-147-gfbf9e2e
roadmap;dimacs;53/500;500;    246784;     29193;0;511;6774;207871;1;0;869;0.556124;373786;0;0;sBELA0;? Unchecked;v1.6.0-147-gfbf9e2e
roadmap;dimacs;54/500;500;    246280;       497;0;522;7012;209167;1;0;869;0.552155;378820;0;0;sBELA0;? Unchecked;v1.6.0-147-gfbf9e2e
roadmap;dimacs;55/500;500;      1064;    237055;0;501;6730;208161;1;0;869;0.552428;376811;0;0;sBELA0;? Unchecked;v1.6.0-147-gfbf9e2e
roadmap;dimacs;56/500;500;    245279;     11768;0;503;6738;208961;1;0;869;0.54754;381636;0;0;sBELA0;? Unchecked;v1.6.0-147-gfbf9e2e
roadmap;dimacs;57/500;500;     11776;    259096;0;525;7046;208924;1;0;869;0.562727;371270;0;0;sBELA0;? Unchecked;v1.6.0-147-gfbf9e2e
roadmap;dimacs;58/500;500;    250326;     10251;0;494;6672;208839;1;0;869;0.557967;374285;0;0;sBELA0;? Unchecked;v1.6.0-147-gfbf9e2e
roadmap;dimacs;59/500;500;    259526;     10253;0;498;6696;208750;1;0;869;0.565535;369120;0;0;sBELA0;? Unchecked;v1.6.0-147-gfbf9e2e
roadmap;dimacs;60/500;500;    261664;      6127;0;519;6966;208945;1;0;869;0.558126;374369;0;0;sBELA0;? Unchecked;v1.6.0-147-gfbf9e2e
roadmap;dimacs;61/500;500;      3567;    242195;0;504;6796;207840;1;0;869;0.559772;371294;0;0;sBELA0;? Unchecked;v1.6.0-147-gfbf9e2e
roadmap;dimacs;62/500;500;    261097;     20519;0;490;6616;206296;1;0;869;0.556171;370922;0;0;sBELA0;? Unchecked;v1.6.0-147-gfbf9e2e
roadmap;dimacs;63/500;500;      5063;    254998;0;497;6670;208727;1;0;869;0.558426;373777;0;0;sBELA0;? Unchecked;v1.6.0-147-gfbf9e2e
roadmap;dimacs;64/500;500;      2086;    262100;0;513;6826;208623;1;0;869;0.547371;381137;0;0;sBELA0;? Unchecked;v1.6.0-147-gfbf9e2e
roadmap;dimacs;65/500;500;    260641;      4092;0;524;7052;209205;1;0;869;0.583715;358402;0;0;sBELA0;? Unchecked;v1.6.0-147-gfbf9e2e
roadmap;dimacs;66/500;500;      3111;    242164;0;498;6696;208050;1;0;869;0.549628;378529;0;0;sBELA0;? Unchecked;v1.6.0-147-gfbf9e2e
roadmap;dimacs;67/500;500;      2132;    262139;0;514;6804;209268;1;0;869;0.554404;377465;0;0;sBELA0;? Unchecked;v1.6.0-147-gfbf9e2e
roadmap;dimacs;68/500;500;    246721;      1026;0;496;6680;209275;1;0;869;0.560151;373605;0;0;sBELA0;? Unchecked;v1.6.0-147-gfbf9e2e
roadmap;dimacs;69/500;500;     20480;    245279;0;496;6660;207457;1;0;869;0.55968;370671;0;0;sBELA0;? Unchecked;v1.6.0-147-gfbf9e2e
roadmap;dimacs;70/500;500;    262132;     12294;0;526;7080;208937;1;0;869;0.558299;374239;0;0;sBELA0;? Unchecked;v1.6.0-147-gfbf9e2e
roadmap;dimacs;71/500;500;      2058;    240595;0;496;6664;205857;1;0;869;0.542527;379441;0;0;sBELA0;? Unchecked;v1.6.0-147-gfbf9e2e
roadmap;dimacs;72/500;500;    255999;      8716;0;524;7068;208906;1;0;869;0.559007;373709;0;0;sBELA0;? Unchecked;v1.6.0-147-gfbf9e2e
roadmap;dimacs;73/500;500;      4599;    239654;0;497;6682;206441;1;0;869;0.556685;370840;0;0;sBELA0;? Unchecked;v1.6.0-147-gfbf9e2e
roadmap;dimacs;74/500;500;    259083;     27133;0;510;6868;208023;1;0;869;0.552213;376708;0;0;sBELA0;? Unchecked;v1.6.0-147-gfbf9e2e
roadmap;dimacs;75/500;500;      4066;    255519;0;508;6820;208543;1;0;869;0.559428;372779;0;0;sBELA0;? Unchecked;v1.6.0-147-gfbf9e2e
roadmap;dimacs;76/500;500;    260612;      4579;0;523;7058;208684;1;0;869;0.549298;379911;0;0;sBELA0;? Unchecked;v1.6.0-147-gfbf9e2e
roadmap;dimacs;77/500;500;    254984;     11245;0;515;6938;208551;1;0;869;0.547681;380789;0;0;sBELA0;? Unchecked;v1.6.0-147-gfbf9e2e
roadmap;dimacs;78/500;500;    258027;     15880;0;511;6886;208631;1;0;869;0.557987;373899;0;0;sBELA0;? Unchecked;v1.6.0-147-gfbf9e2e
roadmap;dimacs;79/500;500;     10267;    244219;0;503;6762;208610;1;0;869;0.547096;381304;0;0;sBELA0;? Unchecked;v1.6.0-147-gfbf9e2e
roadmap;dimacs;80/500;500;    222207;      3089;0;505;6714;209032;1;0;869;0.56401;370618;0;0;sBELA0;? Unchecked;v1.6.0-147-gfbf9e2e
roadmap;dimacs;81/500;500;      3056;    241705;0;492;6640;206278;1;0;869;0.561566;367327;0;0;sBELA0;? Unchecked;v1.6.0-147-gfbf9e2e
roadmap;dimacs;82/500;500;      6617;    240136;0;495;6658;208144;1;0;869;0.556028;374341;0;0;sBELA0;? Unchecked;v1.6.0-147-gfbf9e2e
roadmap;dimacs;83/500;500;    242148;      9232;0;495;6658;208811;1;0;869;0.55936;373303;0;0;sBELA0;? Unchecked;v1.6.0-147-gfbf9e2e
roadmap;dimacs;84/500;500;    247299;       479;0;514;6920;208754;1;0;869;0.559537;373084;0;0;sBELA0;? Unchecked;v1.6.0-147-gfbf9e2e
roadmap;dimacs;85/500;500;     13844;    253941;0;510;6856;208997;1;0;869;0.549311;380471;0;0;sBELA0;? Unchecked;v1.6.0-147-gfbf9e2e
roadmap;dimacs;86/500;500;      3578;    260146;0;518;6956;208230;1;0;869;0.573811;362890;0;0;sBELA0;? Unchecked;v1.6.0-147-gfbf9e2e
roadmap;dimacs;87/500;500;    258031;     24598;0;499;6706;207158;1;0;869;0.555033;373236;0;0;sBELA0;? Unchecked;v1.6.0-147-gfbf9e2e
roadmap;dimacs;88/500;500;    236012;      8209;0;494;6640;208800;1;0;869;0.55823;374039;0;0;sBELA0;? Unchecked;v1.6.0-147-gfbf9e2e
roadmap;dimacs;89/500;500;      2564;    248267;0;498;6724;206233;1;0;869;0.541545;380823;0;0;sBELA0;? Unchecked;v1.6.0-147-gfbf9e2e
roadmap;dimacs;90/500;500;      1018;    248854;0;521;7002;208376;1;0;869;0.558949;372800;0;0;sBELA0;? Unchecked;v1.6.0-147-gfbf9e2e
roadmap;dimacs;91/500;500;    222716;      6155;0;503;6694;209050;1;0;869;0.56244;371684;0;0;sBELA0;? Unchecked;v1.6.0-147-gfbf9e2e
roadmap;dimacs;92/500;500;     12795;    247326;0;503;6762;207777;1;0;869;0.55864;371934;0;0;sBELA0;? Unchecked;v1.6.0-147-gfbf9e2e
roadmap;dimacs;93/500;500;    248266;       516;0;501;6754;209273;1;0;869;0.562294;372177;0;0;sBELA0;? Unchecked;v1.6.0-147-gfbf9e2e
roadmap;dimacs;94/500;500;     24066;    255486;0;521;6962;209188;1;0;869;0.550041;380314;0;0;sBELA0;? Unchecked;v1.6.0-147-gfbf9e2e
roadmap;dimacs;95/500;500;    247816;       997;0;516;6936;208924;1;0;869;0.556481;375438;0;0;sBELA0;? Unchecked;v1.6.0-147-gfbf9e2e
roadmap;dimacs;96/500;500;    253972;     20465;0;501;6742;208092;1;0;869;0.587323;354306;0;0;sBELA0;? Unchecked;v1.6.0-147-gfbf9e2e
roadmap;dimacs;97/500;500;    252422;      2515;0;511;6866;208267;1;0;869;0.547591;380333;0;0;sBELA0;? Unchecked;v1.6.0-147-gfbf9e2e
roadmap;dimacs;98/500;500;    229860;      1035;0;496;6652;209225;1;0;869;0.561008;372945;0;0;sBELA0;? Unchecked;v1.6.0-147-gfbf9e2e
roadmap;dimacs;99/500;500;    247295;     28681;0;511;6778;207943;1;0;869;0.577728;359933;0;0;sBELA0;? Unchecked;v1.6.0-147-gfbf9e2e
roadmap;dimacs;0/600;600;    252388;     20483;0;505;6762;208608;1;0;869;0.55897;373200;0;0;sBELA0;? Unchecked;v1.6.0-147-gfbf9e2e
roadmap;dimacs;1/600;600;     25106;    246269;0;501;6694;208862;1;0;869;0.550729;379246;0;0;sBELA0;? Unchecked;v1.6.0-147-gfbf9e2e
roadmap;dimacs;2/600;600;    258113;      6647;0;504;6744;209017;1;0;869;0.550933;379387;0;0;sBELA0;? Unchecked;v1.6.0-147-gfbf9e2e
roadmap;dimacs;3/600;600;      2080;    233975;0;500;6692;207560;1;0;869;0.550763;376859;0;0;sBELA0;? Unchecked;v1.6.0-147-gfbf9e2e
roadmap;dimacs;4/600;600;    260625;     26619;0;509;6846;207951;1;0;869;0.545782;381015;0;0;sBELA0;? Unchecked;v1.6.0-147-gfbf9e2e
roadmap;dimacs;5/600;600;    261599;      3595;0;519;7006;209178;1;0;869;0.560185;373409;0;0;sBELA0;? Unchecked;v1.6.0-147-gfbf9e2e
roadmap;dimacs;6/600;600;      4659;    242682;0;494;6640;208369;1;0;869;0.548778;379697;0;0;sBELA0;? Unchecked;v1.6.0-147-gfbf9e2e
roadmap;dimacs;7/600;600;    241670;       978;0;499;6718;208202;1;0;869;0.547231;380465;0;0;sBELA0;? Unchecked;v1.6.0-147-gfbf9e2e
roadmap;dimacs;8/600;600;     38401;    251904;0;518;6816;209172;1;0;869;0.550333;380082;0;0;sBELA0;? Unchecked;v1.6.0-147-gfbf9e2e
roadmap;dimacs;9/600;600;     13831;    249853;0;521;6974;209012;1;0;869;0.551842;378753;0;0;sBELA0;? Unchecked;v1.6.0-147-gfbf9e2e
roadmap;dimacs;10/600;600;     11759;    259591;0;518;7000;209218;1;0;869;0.563901;371019;0;0;sBELA0;? Unchecked;v1.6.0-147-gfbf9e2e
roadmap;dimacs;11/600;600;    236537;     10777;0;497;6662;208333;1;0;869;0.565257;368563;0;0;sBELA0;? Unchecked;v1.6.0-147-gfbf9e2e
roadmap;dimacs;12/600;600;    249882;      5103;0;505;6822;208955;1;0;869;0.579293;360707;0;0;sBELA0;? Unchecked;v1.6.0-147-gfbf9e2e
roadmap;dimacs;13/600;600;      6146;    251872;0;512;6900;208083;1;0;869;0.558925;372292;0;0;sBELA0;? Unchecked;v1.6.0-147-gfbf9e2e
roadmap;dimacs;14/600;600;     22521;    260107;0;513;6914;209170;1;0;869;0.566643;369139;0;0;sBELA0;? Unchecked;v1.6.0-147-gfbf9e2e
roadmap;dimacs;15/600;600;      1533;    250409;0;514;6912;207701;1;0;869;0.561092;370173;0;0;sBELA0;? Unchecked;v1.6.0-147-gfbf9e2e
roadmap;dimacs;16/600;600;    262075;      5139;0;508;6748;208969;1;0;869;0.559174;373710;0;0;sBELA0;? Unchecked;v1.6.0-147-gfbf9e2e
roadmap;dimacs;17/600;600;      5647;    255960;0;505;6810;208099;1;0;869;0.547384;380170;0;0;sBELA0;? Unchecked;v1.6.0-147-gfbf9e2e
roadmap;dimacs;18/600;600;      6119;    252429;0;512;6896;208887;1;0;869;0.57362;364155;0;0;sBELA0;? Unchecked;v1.6.0-147-gfbf9e2e
roadmap;dimacs;19/600;600;      8194;    232422;0;499;6678;206318;1;0;869;0.540241;381900;0;0;sBELA0;? Unchecked;v1.6.0-147-gfbf9e2e
roadmap;dimacs;20/600;600;    252392;     15368;0;507;6810;208704;1;0;869;0.55783;374136;0;0;sBELA0;? Unchecked;v1.6.0-147-gfbf9e2e
roadmap;dimacs;21/600;600;      4622;    230901;0;501;6718;207219;1;0;869;0.548858;377546;0;0;sBELA0;? Unchecked;v1.6.0-147-gfbf9e2e
roadmap;dimacs;22/600;600;    261058;       516;0;519;6930;209273;1;0;869;0.558452;374738;0;0;sBELA0;? Unchecked;v1.6.0-147-gfbf9e2e
roadmap;dimacs;23/600;600;    260633;     31732;0;496;6668;206856;1;0;869;0.543124;380863;0;0;sBELA0;? Unchecked;v1.6.0-147-gfbf9e2e
roadmap;dimacs;24/600;600;      5662;    254952;0;508;6824;208678;1;0;869;0.549507;379755;0;0;sBELA0;? Unchecked;v1.6.0-147-gfbf9e2e
roadmap;dimacs;25/600;600;    234511;     10232;0;500;6712;208971;1;0;869;0.566491;368887;0;0;sBELA0;? Unchecked;v1.6.0-147-gfbf9e2e
roadmap;dimacs;26/600;600;    256495;     24598;0;498;6688;207194;1;0;869;0.554409;373721;0;0;sBELA0;? Unchecked;v1.6.0-147-gfbf9e2e
roadmap;dimacs;27/600;600;      5155;    239099;0;501;6718;208216;1;0;869;0.591633;351934;0;0;sBELA0;? Unchecked;v1.6.0-147-gfbf9e2e
roadmap;dimacs;28/600;600;    260138;      4070;0;514;6864;208881;1;0;869;0.549257;380297;0;0;sBELA0;? Unchecked;v1.6.0-147-gfbf9e2e
roadmap;dimacs;29/600;600;       497;    261718;0;514;6772;207073;1;0;869;0.556832;371877;0;0;sBELA0;? Unchecked;v1.6.0-147-gfbf9e2e
roadmap;dimacs;30/600;600;    250399;     10234;0;506;6816;209043;1;0;869;0.552892;378090;0;0;sBELA0;? Unchecked;v1.6.0-147-gfbf9e2e
roadmap;dimacs;31/600;600;      9245;    237563;0;498;6680;208155;1;0;869;0.549346;378914;0;0;sBELA0;? Unchecked;v1.6.0-147-gfbf9e2e
roadmap;dimacs;32/600;600;    260135;     13276;0;498;6668;207729;1;0;869;0.544607;381429;0;0;sBELA0;? Unchecked;v1.6.0-147-gfbf9e2e
roadmap;dimacs;33/600;600;    252429;     25085;0;506;6800;208203;1;0;869;0.56865;366136;0;0;sBELA0;? Unchecked;v1.6.0-147-gfbf9e2e
roadmap;dimacs;34/600;600;      3098;    231926;0;498;6676;207326;1;0;869;0.549549;377266;0;0;sBELA0;? Unchecked;v1.6.0-147-gfbf9e2e
roadmap;dimacs;35/600;600;     19421;    257032;0;499;6730;209165;1;0;869;0.566488;369231;0;0;sBELA0;? Unchecked;v1.6.0-147-gfbf9e2e
roadmap;dimacs;36/600;600;      1057;    248820;0;511;6866;208578;1;0;869;0.546055;381972;0;0;sBELA0;? Unchecked;v1.6.0-147-gfbf9e2e
roadmap;dimacs;37/600;600;    258041;     41474;0;510;6760;206971;1;0;869;0.555773;372402;0;0;sBELA0;? Unchecked;v1.6.0-147-gfbf9e2e
roadmap;dimacs;38/600;600;      8712;    259539;0;507;6834;208169;1;0;869;0.549092;379115;0;0;sBELA0;? Unchecked;v1.6.0-147-gfbf9e2e
roadmap;dimacs;39/600;600;    261646;      4574;0;519;6982;208588;1;0;869;0.549033;379919;0;0;sBELA0;? Unchecked;v1.6.0-147-gfbf9e2e
roadmap;dimacs;40/600;600;       520;    222196;0;505;6726;206214;1;0;869;0.54393;379119;0;0;sBELA0;? Unchecked;v1.6.0-147-gfbf9e2e
roadmap;dimacs;41/600;600;    242196;     17909;0;499;6674;208526;1;0;869;0.552965;377105;0;0;sBELA0;? Unchecked;v1.6.0-147-gfbf9e2e
roadmap;dimacs;42/600;600;    248265;         8;0;499;6726;209260;1;0;869;0.561369;372768;0;0;sBELA0;? Unchecked;v1.6.0-147-gfbf9e2e
roadmap;dimacs;43/600;600;    251395;     33785;0;508;6760;207446;1;0;869;0.577879;358978;0;0;sBELA0;? Unchecked;v1.6.0-147-gfbf9e2e
roadmap;dimacs;44/600;600;    254972;     13864;0;501;6758;207203;1;0;869;0.554392;373748;0;0;sBELA0;? Unchecked;v1.6.0-147-gfbf9e2e
roadmap;dimacs;45/600;600;      1998;    257065;0;503;6698;208372;1;0;869;0.55577;374925;0;0;sBELA0;? Unchecked;v1.6.0-147-gfbf9e2e
roadmap;dimacs;46/600;600;    256009;     28663;0;505;6786;207563;1;0;869;0.547339;379222;0;0;sBELA0;? Unchecked;v1.6.0-147-gfbf9e2e
roadmap;dimacs;47/600;600;     18946;    261099;0;516;6940;208987;1;0;869;0.547991;381370;0;0;sBELA0;? Unchecked;v1.6.0-147-gfbf9e2e
roadmap;dimacs;48/600;600;    253391;     13313;0;499;6714;208997;1;0;869;0.576249;362685;0;0;sBELA0;? Unchecked;v1.6.0-147-gfbf9e2e
roadmap;dimacs;49/600;600;    236014;     15363;0;502;6696;208947;1;0;869;0.566729;368689;0;0;sBELA0;? Unchecked;v1.6.0-147-gfbf9e2e
roadmap;dimacs;50/600;600;    256039;     16370;0;499;6706;208414;1;0;869;0.546584;381303;0;0;sBELA0;? Unchecked;v1.6.0-147-gfbf9e2e
roadmap;dimacs;51/600;600;      5165;    247296;0;506;6792;208871;1;0;869;0.55013;379676;0;0;sBELA0;? Unchecked;v1.6.0-147-gfbf9e2e
roadmap;dimacs;52/600;600;      9228;    248313;0;514;6920;208820;1;0;869;0.559982;372905;0;0;sBELA0;? Unchecked;v1.6.0-147-gfbf9e2e
roadmap;dimacs;53/600;600;    246784;     29193;0;511;6774;207871;1;0;869;0.557122;373115;0;0;sBELA0;? Unchecked;v1.6.0-147-gfbf9e2e
roadmap;dimacs;54/600;600;    246280;       497;0;522;7012;209167;1;0;869;0.554828;376995;0;0;sBELA0;? Unchecked;v1.6.0-147-gfbf9e2e
roadmap;dimacs;55/600;600;      1064;    237055;0;501;6730;208161;1;0;869;0.549509;378813;0;0;sBELA0;? Unchecked;v1.6.0-147-gfbf9e2e
roadmap;dimacs;56/600;600;    245279;     11768;0;503;6738;208961;1;0;869;0.547019;382000;0;0;sBELA0;? Unchecked;v1.6.0-147-gfbf9e2e
roadmap;dimacs;57/600;600;     11776;    259096;0;525;7046;208924;1;0;869;0.561999;371752;0;0;sBELA0;? Unchecked;v1.6.0-147-gfbf9e2e
roadmap;dimacs;58/600;600;    250326;     10251;0;494;6672;208839;1;0;869;0.572389;364855;0;0;sBELA0;? Unchecked;v1.6.0-147-gfbf9e2e
roadmap;dimacs;59/600;600;    259526;     10253;0;498;6696;208750;1;0;869;0.561659;371667;0;0;sBELA0;? Unchecked;v1.6.0-147-gfbf9e2e
roadmap;dimacs;60/600;600;    261664;      6127;0;519;6966;208945;1;0;869;0.571046;365899;0;0;sBELA0;? Unchecked;v1.6.0-147-gfbf9e2e
roadmap;dimacs;61/600;600;      3567;    242195;0;504;6796;207840;1;0;869;0.560757;370642;0;0;sBELA0;? Unchecked;v1.6.0-147-gfbf9e2e
roadmap;dimacs;62/600;600;    261097;     20519;0;490;6616;206296;1;0;869;0.559899;368452;0;0;sBELA0;? Unchecked;v1.6.0-147-gfbf9e2e
roadmap;dimacs;63/600;600;      5063;    254998;0;497;6670;208727;1;0;869;0.561986;371410;0;0;sBELA0;? Unchecked;v1.6.0-147-gfbf9e2e
roadmap;dimacs;64/600;600;      2086;    262100;0;513;6826;208623;1;0;869;0.548467;380375;0;0;sBELA0;? Unchecked;v1.6.0-147-gfbf9e2e
roadmap;dimacs;65/600;600;    260641;      4092;0;524;7052;209205;1;0;869;0.551646;379238;0;0;sBELA0;? Unchecked;v1.6.0-147-gfbf9e2e
roadmap;dimacs;66/600;600;      3111;    242164;0;498;6696;208050;1;0;869;0.55079;377730;0;0;sBELA0;? Unchecked;v1.6.0-147-gfbf9e2e
roadmap;dimacs;67/600;600;      2132;    262139;0;514;6804;209268;1;0;869;0.554927;377109;0;0;sBELA0;? Unchecked;v1.6.0-147-gfbf9e2e
roadmap;dimacs;68/600;600;    246721;      1026;0;496;6680;209275;1;0;869;0.562139;372283;0;0;sBELA0;? Unchecked;v1.6.0-147-gfbf9e2e
roadmap;dimacs;69/600;600;     20480;    245279;0;496;6660;207457;1;0;869;0.560728;369978;0;0;sBELA0;? Unchecked;v1.6.0-147-gfbf9e2e
roadmap;dimacs;70/600;600;    262132;     12294;0;526;7080;208937;1;0;869;0.558901;373836;0;0;sBELA0;? Unchecked;v1.6.0-147-gfbf9e2e
roadmap;dimacs;71/600;600;      2058;    240595;0;496;6664;205857;1;0;869;0.5428;379250;0;0;sBELA0;? Unchecked;v1.6.0-147-gfbf9e2e
roadmap;dimacs;72/600;600;    255999;      8716;0;524;7068;208906;1;0;869;0.560612;372639;0;0;sBELA0;? Unchecked;v1.6.0-147-gfbf9e2e
roadmap;dimacs;73/600;600;      4599;    239654;0;497;6682;206441;1;0;869;0.557886;370041;0;0;sBELA0;? Unchecked;v1.6.0-147-gfbf9e2e
roadmap;dimacs;74/600;600;    259083;     27133;0;510;6868;208023;1;0;869;0.604693;344015;0;0;sBELA0;? Unchecked;v1.6.0-147-gfbf9e2e
roadmap;dimacs;75/600;600;      4066;    255519;0;508;6820;208543;1;0;869;0.559896;372467;0;0;sBELA0;? Unchecked;v1.6.0-147-gfbf9e2e
roadmap;dimacs;76/600;600;    260612;      4579;0;523;7058;208684;1;0;869;0.54955;379736;0;0;sBELA0;? Unchecked;v1.6.0-147-gfbf9e2e
roadmap;dimacs;77/600;600;    254984;     11245;0;515;6938;208551;1;0;869;0.549165;379760;0;0;sBELA0;? Unchecked;v1.6.0-147-gfbf9e2e
roadmap;dimacs;78/600;600;    258027;     15880;0;511;6886;208631;1;0;869;0.556593;374836;0;0;sBELA0;? Unchecked;v1.6.0-147-gfbf9e2e
roadmap;dimacs;79/600;600;     10267;    244219;0;503;6762;208610;1;0;869;0.547679;380898;0;0;sBELA0;? Unchecked;v1.6.0-147-gfbf9e2e
roadmap;dimacs;80/600;600;    222207;      3089;0;505;6714;209032;1;0;869;0.572627;365040;0;0;sBELA0;? Unchecked;v1.6.0-147-gfbf9e2e
roadmap;dimacs;81/600;600;      3056;    241705;0;492;6640;206278;1;0;869;0.559775;368502;0;0;sBELA0;? Unchecked;v1.6.0-147-gfbf9e2e
roadmap;dimacs;82/600;600;      6617;    240136;0;495;6658;208144;1;0;869;0.557446;373389;0;0;sBELA0;? Unchecked;v1.6.0-147-gfbf9e2e
roadmap;dimacs;83/600;600;    242148;      9232;0;495;6658;208811;1;0;869;0.560414;372601;0;0;sBELA0;? Unchecked;v1.6.0-147-gfbf9e2e
roadmap;dimacs;84/600;600;    247299;       479;0;514;6920;208754;1;0;869;0.557569;374400;0;0;sBELA0;? Unchecked;v1.6.0-147-gfbf9e2e
roadmap;dimacs;85/600;600;     13844;    253941;0;510;6856;208997;1;0;869;0.559161;373769;0;0;sBELA0;? Unchecked;v1.6.0-147-gfbf9e2e
roadmap;dimacs;86/600;600;      3578;    260146;0;518;6956;208230;1;0;869;0.560877;371258;0;0;sBELA0;? Unchecked;v1.6.0-147-gfbf9e2e
roadmap;dimacs;87/600;600;    258031;     24598;0;499;6706;207158;1;0;869;0.555158;373152;0;0;sBELA0;? Unchecked;v1.6.0-147-gfbf9e2e
roadmap;dimacs;88/600;600;    236012;      8209;0;494;6640;208800;1;0;869;0.559525;373174;0;0;sBELA0;? Unchecked;v1.6.0-147-gfbf9e2e
roadmap;dimacs;89/600;600;      2564;    248267;0;498;6724;206233;1;0;869;0.542679;380027;0;0;sBELA0;? Unchecked;v1.6.0-147-gfbf9e2e
roadmap;dimacs;90/600;600;      1018;    248854;0;521;7002;208376;1;0;869;0.564975;368823;0;0;sBELA0;? Unchecked;v1.6.0-147-gfbf9e2e
roadmap;dimacs;91/600;600;    222716;      6155;0;503;6694;209050;1;0;869;0.562788;371455;0;0;sBELA0;? Unchecked;v1.6.0-147-gfbf9e2e
roadmap;dimacs;92/600;600;     12795;    247326;0;503;6762;207777;1;0;869;0.559898;371098;0;0;sBELA0;? Unchecked;v1.6.0-147-gfbf9e2e
roadmap;dimacs;93/600;600;    248266;       516;0;501;6754;209273;1;0;869;0.57533;363744;0;0;sBELA0;? Unchecked;v1.6.0-147-gfbf9e2e
roadmap;dimacs;94/600;600;     24066;    255486;0;521;6962;209188;1;0;869;0.555244;376750;0;0;sBELA0;? Unchecked;v1.6.0-147-gfbf9e2e
roadmap;dimacs;95/600;600;    247816;       997;0;516;6936;208924;1;0;869;0.554475;376796;0;0;sBELA0;? Unchecked;v1.6.0-147-gfbf9e2e
roadmap;dimacs;96/600;600;    253972;     20465;0;501;6742;208092;1;0;869;0.548599;379315;0;0;sBELA0;? Unchecked;v1.6.0-147-gfbf9e2e
roadmap;dimacs;97/600;600;    252422;      2515;0;511;6866;208267;1;0;869;0.548699;379565;0;0;sBELA0;? Unchecked;v1.6.0-147-gfbf9e2e
roadmap;dimacs;98/600;600;    229860;      1035;0;496;6652;209225;1;0;869;0.562081;372233;0;0;sBELA0;? Unchecked;v1.6.0-147-gfbf9e2e
roadmap;dimacs;99/600;600;    247295;     28681;0;511;6778;207943;1;0;869;0.559168;371879;0;0;sBELA0;? Unchecked;v1.6.0-147-gfbf9e2e
roadmap;dimacs;0/700;700;    252388;     20483;0;505;6762;208608;1;0;869;0.560496;372185;0;0;sBELA0;? Unchecked;v1.6.0-147-gfbf9e2e
roadmap;dimacs;1/700;700;     25106;    246269;0;501;6694;208862;1;0;869;0.549122;380356;0;0;sBELA0;? Unchecked;v1.6.0-147-gfbf9e2e
roadmap;dimacs;2/700;700;    258113;      6647;0;504;6744;209017;1;0;869;0.553623;377544;0;0;sBELA0;? Unchecked;v1.6.0-147-gfbf9e2e
roadmap;dimacs;3/700;700;      2080;    233975;0;500;6692;207560;1;0;869;0.548496;378417;0;0;sBELA0;? Unchecked;v1.6.0-147-gfbf9e2e
roadmap;dimacs;4/700;700;    260625;     26619;0;509;6846;207951;1;0;869;0.546561;380471;0;0;sBELA0;? Unchecked;v1.6.0-147-gfbf9e2e
roadmap;dimacs;5/700;700;    261599;      3595;0;519;7006;209178;1;0;869;0.598409;349557;0;0;sBELA0;? Unchecked;v1.6.0-147-gfbf9e2e
roadmap;dimacs;6/700;700;      4659;    242682;0;494;6640;208369;1;0;869;0.549921;378907;0;0;sBELA0;? Unchecked;v1.6.0-147-gfbf9e2e
roadmap;dimacs;7/700;700;    241670;       978;0;499;6718;208202;1;0;869;0.550201;378411;0;0;sBELA0;? Unchecked;v1.6.0-147-gfbf9e2e
roadmap;dimacs;8/700;700;     38401;    251904;0;518;6816;209172;1;0;869;0.551025;379605;0;0;sBELA0;? Unchecked;v1.6.0-147-gfbf9e2e
roadmap;dimacs;9/700;700;     13831;    249853;0;521;6974;209012;1;0;869;0.554229;377122;0;0;sBELA0;? Unchecked;v1.6.0-147-gfbf9e2e
roadmap;dimacs;10/700;700;     11759;    259591;0;518;7000;209218;1;0;869;0.567088;368934;0;0;sBELA0;? Unchecked;v1.6.0-147-gfbf9e2e
roadmap;dimacs;11/700;700;    236537;     10777;0;497;6662;208333;1;0;869;0.558655;372919;0;0;sBELA0;? Unchecked;v1.6.0-147-gfbf9e2e
roadmap;dimacs;12/700;700;    249882;      5103;0;505;6822;208955;1;0;869;0.555135;376404;0;0;sBELA0;? Unchecked;v1.6.0-147-gfbf9e2e
roadmap;dimacs;13/700;700;      6146;    251872;0;512;6900;208083;1;0;869;0.548793;379165;0;0;sBELA0;? Unchecked;v1.6.0-147-gfbf9e2e
roadmap;dimacs;14/700;700;     22521;    260107;0;513;6914;209170;1;0;869;0.565585;369829;0;0;sBELA0;? Unchecked;v1.6.0-147-gfbf9e2e
roadmap;dimacs;15/700;700;      1533;    250409;0;514;6912;207701;1;0;869;0.564959;367639;0;0;sBELA0;? Unchecked;v1.6.0-147-gfbf9e2e
roadmap;dimacs;16/700;700;    262075;      5139;0;508;6748;208969;1;0;869;0.56016;373052;0;0;sBELA0;? Unchecked;v1.6.0-147-gfbf9e2e
roadmap;dimacs;17/700;700;      5647;    255960;0;505;6810;208099;1;0;869;0.549751;378533;0;0;sBELA0;? Unchecked;v1.6.0-147-gfbf9e2e
roadmap;dimacs;18/700;700;      6119;    252429;0;512;6896;208887;1;0;869;0.56209;371626;0;0;sBELA0;? Unchecked;v1.6.0-147-gfbf9e2e
roadmap;dimacs;19/700;700;      8194;    232422;0;499;6678;206318;1;0;869;0.545112;378487;0;0;sBELA0;? Unchecked;v1.6.0-147-gfbf9e2e
roadmap;dimacs;20/700;700;    252392;     15368;0;507;6810;208704;1;0;869;0.565028;369369;0;0;sBELA0;? Unchecked;v1.6.0-147-gfbf9e2e
roadmap;dimacs;21/700;700;      4622;    230901;0;501;6718;207219;1;0;869;0.553942;374081;0;0;sBELA0;? Unchecked;v1.6.0-147-gfbf9e2e
roadmap;dimacs;22/700;700;    261058;       516;0;519;6930;209273;1;0;869;0.560769;373189;0;0;sBELA0;? Unchecked;v1.6.0-147-gfbf9e2e
roadmap;dimacs;23/700;700;    260633;     31732;0;496;6668;206856;1;0;869;0.54715;378061;0;0;sBELA0;? Unchecked;v1.6.0-147-gfbf9e2e
roadmap;dimacs;24/700;700;      5662;    254952;0;508;6824;208678;1;0;869;0.550885;378805;0;0;sBELA0;? Unchecked;v1.6.0-147-gfbf9e2e
roadmap;dimacs;25/700;700;    234511;     10232;0;500;6712;208971;1;0;869;0.569986;366625;0;0;sBELA0;? Unchecked;v1.6.0-147-gfbf9e2e
roadmap;dimacs;26/700;700;    256495;     24598;0;498;6688;207194;1;0;869;0.559273;370470;0;0;sBELA0;? Unchecked;v1.6.0-147-gfbf9e2e
roadmap;dimacs;27/700;700;      5155;    239099;0;501;6718;208216;1;0;869;0.54948;378933;0;0;sBELA0;? Unchecked;v1.6.0-147-gfbf9e2e
roadmap;dimacs;28/700;700;    260138;      4070;0;514;6864;208881;1;0;869;0.550541;379410;0;0;sBELA0;? Unchecked;v1.6.0-147-gfbf9e2e
roadmap;dimacs;29/700;700;       497;    261718;0;514;6772;207073;1;0;869;0.553452;374148;0;0;sBELA0;? Unchecked;v1.6.0-147-gfbf9e2e
roadmap;dimacs;30/700;700;    250399;     10234;0;506;6816;209043;1;0;869;0.556134;375886;0;0;sBELA0;? Unchecked;v1.6.0-147-gfbf9e2e
roadmap;dimacs;31/700;700;      9245;    237563;0;498;6680;208155;1;0;869;0.549399;378878;0;0;sBELA0;? Unchecked;v1.6.0-147-gfbf9e2e
roadmap;dimacs;32/700;700;    260135;     13276;0;498;6668;207729;1;0;869;0.545887;380535;0;0;sBELA0;? Unchecked;v1.6.0-147-gfbf9e2e
roadmap;dimacs;33/700;700;    252429;     25085;0;506;6800;208203;1;0;869;0.550816;377990;0;0;sBELA0;? Unchecked;v1.6.0-147-gfbf9e2e
roadmap;dimacs;34/700;700;      3098;    231926;0;498;6676;207326;1;0;869;0.547636;378584;0;0;sBELA0;? Unchecked;v1.6.0-147-gfbf9e2e
roadmap;dimacs;35/700;700;     19421;    257032;0;499;6730;209165;1;0;869;0.566176;369435;0;0;sBELA0;? Unchecked;v1.6.0-147-gfbf9e2e
roadmap;dimacs;36/700;700;      1057;    248820;0;511;6866;208578;1;0;869;0.592582;351982;0;0;sBELA0;? Unchecked;v1.6.0-147-gfbf9e2e
roadmap;dimacs;37/700;700;    258041;     41474;0;510;6760;206971;1;0;869;0.556426;371965;0;0;sBELA0;? Unchecked;v1.6.0-147-gfbf9e2e
roadmap;dimacs;38/700;700;      8712;    259539;0;507;6834;208169;1;0;869;0.549534;378810;0;0;sBELA0;? Unchecked;v1.6.0-147-gfbf9e2e
roadmap;dimacs;39/700;700;    261646;      4574;0;519;6982;208588;1;0;869;0.548618;380206;0;0;sBELA0;? Unchecked;v1.6.0-147-gfbf9e2e
roadmap;dimacs;40/700;700;       520;    222196;0;505;6726;206214;1;0;869;0.54393;379119;0;0;sBELA0;? Unchecked;v1.6.0-147-gfbf9e2e
roadmap;dimacs;41/700;700;    242196;     17909;0;499;6674;208526;1;0;869;0.55305;377048;0;0;sBELA0;? Unchecked;v1.6.0-147-gfbf9e2e
roadmap;dimacs;42/700;700;    248265;         8;0;499;6726;209260;1;0;869;0.565624;369963;0;0;sBELA0;? Unchecked;v1.6.0-147-gfbf9e2e
roadmap;dimacs;43/700;700;    251395;     33785;0;508;6760;207446;1;0;869;0.547154;379136;0;0;sBELA0;? Unchecked;v1.6.0-147-gfbf9e2e
roadmap;dimacs;44/700;700;    254972;     13864;0;501;6758;207203;1;0;869;0.560731;369523;0;0;sBELA0;? Unchecked;v1.6.0-147-gfbf9e2e
roadmap;dimacs;45/700;700;      1998;    257065;0;503;6698;208372;1;0;869;0.557213;373954;0;0;sBELA0;? Unchecked;v1.6.0-147-gfbf9e2e
roadmap;dimacs;46/700;700;    256009;     28663;0;505;6786;207563;1;0;869;0.545912;380214;0;0;sBELA0;? Unchecked;v1.6.0-147-gfbf9e2e
roadmap;dimacs;47/700;700;     18946;    261099;0;516;6940;208987;1;0;869;0.54982;380101;0;0;sBELA0;? Unchecked;v1.6.0-147-gfbf9e2e
roadmap;dimacs;48/700;700;    253391;     13313;0;499;6714;208997;1;0;869;0.560848;372644;0;0;sBELA0;? Unchecked;v1.6.0-147-gfbf9e2e
roadmap;dimacs;49/700;700;    236014;     15363;0;502;6696;208947;1;0;869;0.561148;372356;0;0;sBELA0;? Unchecked;v1.6.0-147-gfbf9e2e
roadmap;dimacs;50/700;700;    256039;     16370;0;499;6706;208414;1;0;869;0.558386;373243;0;0;sBELA0;? Unchecked;v1.6.0-147-gfbf9e2e
roadmap;dimacs;51/700;700;      5165;    247296;0;506;6792;208871;1;0;869;0.551526;378715;0;0;sBELA0;? Unchecked;v1.6.0-147-gfbf9e2e
roadmap;dimacs;52/700;700;      9228;    248313;0;514;6920;208820;1;0;869;0.594011;351542;0;0;sBELA0;? Unchecked;v1.6.0-147-gfbf9e2e
roadmap;dimacs;53/700;700;    246784;     29193;0;511;6774;207871;1;0;869;0.55896;371889;0;0;sBELA0;? Unchecked;v1.6.0-147-gfbf9e2e
roadmap;dimacs;54/700;700;    246280;       497;0;522;7012;209167;1;0;869;0.555925;376250;0;0;sBELA0;? Unchecked;v1.6.0-147-gfbf9e2e
roadmap;dimacs;55/700;700;      1064;    237055;0;501;6730;208161;1;0;869;0.550233;378314;0;0;sBELA0;? Unchecked;v1.6.0-147-gfbf9e2e
roadmap;dimacs;56/700;700;    245279;     11768;0;503;6738;208961;1;0;869;0.549972;379949;0;0;sBELA0;? Unchecked;v1.6.0-147-gfbf9e2e
roadmap;dimacs;57/700;700;     11776;    259096;0;525;7046;208924;1;0;869;0.566773;368620;0;0;sBELA0;? Unchecked;v1.6.0-147-gfbf9e2e
roadmap;dimacs;58/700;700;    250326;     10251;0;494;6672;208839;1;0;869;0.559276;373410;0;0;sBELA0;? Unchecked;v1.6.0-147-gfbf9e2e
roadmap;dimacs;59/700;700;    259526;     10253;0;498;6696;208750;1;0;869;0.556282;375260;0;0;sBELA0;? Unchecked;v1.6.0-147-gfbf9e2e
roadmap;dimacs;60/700;700;    261664;      6127;0;519;6966;208945;1;0;869;0.55167;378750;0;0;sBELA0;? Unchecked;v1.6.0-147-gfbf9e2e
roadmap;dimacs;61/700;700;      3567;    242195;0;504;6796;207840;1;0;869;0.562976;369181;0;0;sBELA0;? Unchecked;v1.6.0-147-gfbf9e2e
roadmap;dimacs;62/700;700;    261097;     20519;0;490;6616;206296;1;0;869;0.561191;367604;0;0;sBELA0;? Unchecked;v1.6.0-147-gfbf9e2e
roadmap;dimacs;63/700;700;      5063;    254998;0;497;6670;208727;1;0;869;0.558337;373837;0;0;sBELA0;? Unchecked;v1.6.0-147-gfbf9e2e
roadmap;dimacs;64/700;700;      2086;    262100;0;513;6826;208623;1;0;869;0.549319;379785;0;0;sBELA0;? Unchecked;v1.6.0-147-gfbf9e2e
roadmap;dimacs;65/700;700;    260641;      4092;0;524;7052;209205;1;0;869;0.549869;380463;0;0;sBELA0;? Unchecked;v1.6.0-147-gfbf9e2e
roadmap;dimacs;66/700;700;      3111;    242164;0;498;6696;208050;1;0;869;0.559575;371800;0;0;sBELA0;? Unchecked;v1.6.0-147-gfbf9e2e
roadmap;dimacs;67/700;700;      2132;    262139;0;514;6804;209268;1;0;869;0.601124;348128;0;0;sBELA0;? Unchecked;v1.6.0-147-gfbf9e2e
roadmap;dimacs;68/700;700;    246721;      1026;0;496;6680;209275;1;0;869;0.562503;372042;0;0;sBELA0;? Unchecked;v1.6.0-147-gfbf9e2e
roadmap;dimacs;69/700;700;     20480;    245279;0;496;6660;207457;1;0;869;0.562271;368962;0;0;sBELA0;? Unchecked;v1.6.0-147-gfbf9e2e
roadmap;dimacs;70/700;700;    262132;     12294;0;526;7080;208937;1;0;869;0.568254;367682;0;0;sBELA0;? Unchecked;v1.6.0-147-gfbf9e2e
roadmap;dimacs;71/700;700;      2058;    240595;0;496;6664;205857;1;0;869;0.546287;376829;0;0;sBELA0;? Unchecked;v1.6.0-147-gfbf9e2e
roadmap;dimacs;72/700;700;    255999;      8716;0;524;7068;208906;1;0;869;0.57164;365450;0;0;sBELA0;? Unchecked;v1.6.0-147-gfbf9e2e
roadmap;dimacs;73/700;700;      4599;    239654;0;497;6682;206441;1;0;869;0.558577;369584;0;0;sBELA0;? Unchecked;v1.6.0-147-gfbf9e2e
roadmap;dimacs;74/700;700;    259083;     27133;0;510;6868;208023;1;0;869;0.551799;376991;0;0;sBELA0;? Unchecked;v1.6.0-147-gfbf9e2e
roadmap;dimacs;75/700;700;      4066;    255519;0;508;6820;208543;1;0;869;0.559084;373009;0;0;sBELA0;? Unchecked;v1.6.0-147-gfbf9e2e
roadmap;dimacs;76/700;700;    260612;      4579;0;523;7058;208684;1;0;869;0.551976;378067;0;0;sBELA0;? Unchecked;v1.6.0-147-gfbf9e2e
roadmap;dimacs;77/700;700;    254984;     11245;0;515;6938;208551;1;0;869;0.547208;381118;0;0;sBELA0;? Unchecked;v1.6.0-147-gfbf9e2e
roadmap;dimacs;78/700;700;    258027;     15880;0;511;6886;208631;1;0;869;0.56046;372249;0;0;sBELA0;? Unchecked;v1.6.0-147-gfbf9e2e
roadmap;dimacs;79/700;700;     10267;    244219;0;503;6762;208610;1;0;869;0.547786;380824;0;0;sBELA0;? Unchecked;v1.6.0-147-gfbf9e2e
roadmap;dimacs;80/700;700;    222207;      3089;0;505;6714;209032;1;0;869;0.5615;372275;0;0;sBELA0;? Unchecked;v1.6.0-147-gfbf9e2e
roadmap;dimacs;81/700;700;      3056;    241705;0;492;6640;206278;1;0;869;0.560892;367768;0;0;sBELA0;? Unchecked;v1.6.0-147-gfbf9e2e
roadmap;dimacs;82/700;700;      6617;    240136;0;495;6658;208144;1;0;869;0.556403;374088;0;0;sBELA0;? Unchecked;v1.6.0-147-gfbf9e2e
roadmap;dimacs;83/700;700;    242148;      9232;0;495;6658;208811;1;0;869;0.571765;365204;0;0;sBELA0;? Unchecked;v1.6.0-147-gfbf9e2e
roadmap;dimacs;84/700;700;    247299;       479;0;514;6920;208754;1;0;869;0.552187;378050;0;0;sBELA0;? Unchecked;v1.6.0-147-gfbf9e2e
roadmap;dimacs;85/700;700;     13844;    253941;0;510;6856;208997;1;0;869;0.551012;379296;0;0;sBELA0;? Unchecked;v1.6.0-147-gfbf9e2e
roadmap;dimacs;86/700;700;      3578;    260146;0;518;6956;208230;1;0;869;0.573943;362806;0;0;sBELA0;? Unchecked;v1.6.0-147-gfbf9e2e
roadmap;dimacs;87/700;700;    258031;     24598;0;499;6706;207158;1;0;869;0.567592;364977;0;0;sBELA0;? Unchecked;v1.6.0-147-gfbf9e2e
roadmap;dimacs;88/700;700;    236012;      8209;0;494;6640;208800;1;0;869;0.559601;373123;0;0;sBELA0;? Unchecked;v1.6.0-147-gfbf9e2e
roadmap;dimacs;89/700;700;      2564;    248267;0;498;6724;206233;1;0;869;0.543957;379135;0;0;sBELA0;? Unchecked;v1.6.0-147-gfbf9e2e
roadmap;dimacs;90/700;700;      1018;    248854;0;521;7002;208376;1;0;869;0.559951;372133;0;0;sBELA0;? Unchecked;v1.6.0-147-gfbf9e2e
roadmap;dimacs;91/700;700;    222716;      6155;0;503;6694;209050;1;0;869;0.566088;369289;0;0;sBELA0;? Unchecked;v1.6.0-147-gfbf9e2e
roadmap;dimacs;92/700;700;     12795;    247326;0;503;6762;207777;1;0;869;0.559474;371379;0;0;sBELA0;? Unchecked;v1.6.0-147-gfbf9e2e
roadmap;dimacs;93/700;700;    248266;       516;0;501;6754;209273;1;0;869;0.563482;371392;0;0;sBELA0;? Unchecked;v1.6.0-147-gfbf9e2e
roadmap;dimacs;94/700;700;     24066;    255486;0;521;6962;209188;1;0;869;0.551378;379391;0;0;sBELA0;? Unchecked;v1.6.0-147-gfbf9e2e
roadmap;dimacs;95/700;700;    247816;       997;0;516;6936;208924;1;0;869;0.549572;380158;0;0;sBELA0;? Unchecked;v1.6.0-147-gfbf9e2e
roadmap;dimacs;96/700;700;    253972;     20465;0;501;6742;208092;1;0;869;0.549978;378364;0;0;sBELA0;? Unchecked;v1.6.0-147-gfbf9e2e
roadmap;dimacs;97/700;700;    252422;      2515;0;511;6866;208267;1;0;869;0.54864;379606;0;0;sBELA0;? Unchecked;v1.6.0-147-gfbf9e2e
roadmap;dimacs;98/700;700;    229860;      1035;0;496;6652;209225;1;0;869;0.597579;350121;0;0;sBELA0;? Unchecked;v1.6.0-147-gfbf9e2e
roadmap;dimacs;99/700;700;    247295;     28681;0;511;6778;207943;1;0;869;0.55848;372337;0;0;sBELA0;? Unchecked;v1.6.0-147-gfbf9e2e
roadmap;dimacs;0/800;800;    252388;     20483;0;505;6762;208608;1;0;869;0.561355;371615;0;0;sBELA0;? Unchecked;v1.6.0-147-gfbf9e2e
roadmap;dimacs;1/800;800;     25106;    246269;0;501;6694;208862;1;0;869;0.550459;379433;0;0;sBELA0;? Unchecked;v1.6.0-147-gfbf9e2e
roadmap;dimacs;2/800;800;    258113;      6647;0;504;6744;209017;1;0;869;0.551198;379205;0;0;sBELA0;? Unchecked;v1.6.0-147-gfbf9e2e
roadmap;dimacs;3/800;800;      2080;    233975;0;500;6692;207560;1;0;869;0.549643;377627;0;0;sBELA0;? Unchecked;v1.6.0-147-gfbf9e2e
roadmap;dimacs;4/800;800;    260625;     26619;0;509;6846;207951;1;0;869;0.557035;373318;0;0;sBELA0;? Unchecked;v1.6.0-147-gfbf9e2e
roadmap;dimacs;5/800;800;    261599;      3595;0;519;7006;209178;1;0;869;0.565324;370014;0;0;sBELA0;? Unchecked;v1.6.0-147-gfbf9e2e
roadmap;dimacs;6/800;800;      4659;    242682;0;494;6640;208369;1;0;869;0.559614;372344;0;0;sBELA0;? Unchecked;v1.6.0-147-gfbf9e2e
roadmap;dimacs;7/800;800;    241670;       978;0;499;6718;208202;1;0;869;0.549875;378635;0;0;sBELA0;? Unchecked;v1.6.0-147-gfbf9e2e
roadmap;dimacs;8/800;800;     38401;    251904;0;518;6816;209172;1;0;869;0.549557;380619;0;0;sBELA0;? Unchecked;v1.6.0-147-gfbf9e2e
roadmap;dimacs;9/800;800;     13831;    249853;0;521;6974;209012;1;0;869;0.553821;377400;0;0;sBELA0;? Unchecked;v1.6.0-147-gfbf9e2e
roadmap;dimacs;10/800;800;     11759;    259591;0;518;7000;209218;1;0;869;0.564625;370543;0;0;sBELA0;? Unchecked;v1.6.0-147-gfbf9e2e
roadmap;dimacs;11/800;800;    236537;     10777;0;497;6662;208333;1;0;869;0.559337;372464;0;0;sBELA0;? Unchecked;v1.6.0-147-gfbf9e2e
roadmap;dimacs;12/800;800;    249882;      5103;0;505;6822;208955;1;0;869;0.555561;376115;0;0;sBELA0;? Unchecked;v1.6.0-147-gfbf9e2e
roadmap;dimacs;13/800;800;      6146;    251872;0;512;6900;208083;1;0;869;0.549595;378611;0;0;sBELA0;? Unchecked;v1.6.0-147-gfbf9e2e
roadmap;dimacs;14/800;800;     22521;    260107;0;513;6914;209170;1;0;869;0.582397;359153;0;0;sBELA0;? Unchecked;v1.6.0-147-gfbf9e2e
roadmap;dimacs;15/800;800;      1533;    250409;0;514;6912;207701;1;0;869;0.564757;367770;0;0;sBELA0;? Unchecked;v1.6.0-147-gfbf9e2e
roadmap;dimacs;16/800;800;    262075;      5139;0;508;6748;208969;1;0;869;0.558152;374394;0;0;sBELA0;? Unchecked;v1.6.0-147-gfbf9e2e
roadmap;dimacs;17/800;800;      5647;    255960;0;505;6810;208099;1;0;869;0.552151;376888;0;0;sBELA0;? Unchecked;v1.6.0-147-gfbf9e2e
roadmap;dimacs;18/800;800;      6119;    252429;0;512;6896;208887;1;0;869;0.563088;370967;0;0;sBELA0;? Unchecked;v1.6.0-147-gfbf9e2e
roadmap;dimacs;19/800;800;      8194;    232422;0;499;6678;206318;1;0;869;0.547232;377021;0;0;sBELA0;? Unchecked;v1.6.0-147-gfbf9e2e
roadmap;dimacs;20/800;800;    252392;     15368;0;507;6810;208704;1;0;869;0.563312;370495;0;0;sBELA0;? Unchecked;v1.6.0-147-gfbf9e2e
roadmap;dimacs;21/800;800;      4622;    230901;0;501;6718;207219;1;0;869;0.551608;375663;0;0;sBELA0;? Unchecked;v1.6.0-147-gfbf9e2e
roadmap;dimacs;22/800;800;    261058;       516;0;519;6930;209273;1;0;869;0.560393;373440;0;0;sBELA0;? Unchecked;v1.6.0-147-gfbf9e2e
roadmap;dimacs;23/800;800;    260633;     31732;0;496;6668;206856;1;0;869;0.546435;378555;0;0;sBELA0;? Unchecked;v1.6.0-147-gfbf9e2e
roadmap;dimacs;24/800;800;      5662;    254952;0;508;6824;208678;1;0;869;0.549935;379459;0;0;sBELA0;? Unchecked;v1.6.0-147-gfbf9e2e
roadmap;dimacs;25/800;800;    234511;     10232;0;500;6712;208971;1;0;869;0.571452;365684;0;0;sBELA0;? Unchecked;v1.6.0-147-gfbf9e2e
roadmap;dimacs;26/800;800;    256495;     24598;0;498;6688;207194;1;0;869;0.555625;372903;0;0;sBELA0;? Unchecked;v1.6.0-147-gfbf9e2e
roadmap;dimacs;27/800;800;      5155;    239099;0;501;6718;208216;1;0;869;0.549798;378713;0;0;sBELA0;? Unchecked;v1.6.0-147-gfbf9e2e
roadmap;dimacs;28/800;800;    260138;      4070;0;514;6864;208881;1;0;869;0.546689;382083;0;0;sBELA0;? Unchecked;v1.6.0-147-gfbf9e2e
roadmap;dimacs;29/800;800;       497;    261718;0;514;6772;207073;1;0;869;0.613332;337620;0;0;sBELA0;? Unchecked;v1.6.0-147-gfbf9e2e
roadmap;dimacs;30/800;800;    250399;     10234;0;506;6816;209043;1;0;869;0.556368;375728;0;0;sBELA0;? Unchecked;v1.6.0-147-gfbf9e2e
roadmap;dimacs;31/800;800;      9245;    237563;0;498;6680;208155;1;0;869;0.548926;379204;0;0;sBELA0;? Unchecked;v1.6.0-147-gfbf9e2e
roadmap;dimacs;32/800;800;    260135;     13276;0;498;6668;207729;1;0;869;0.548292;378865;0;0;sBELA0;? Unchecked;v1.6.0-147-gfbf9e2e
roadmap;dimacs;33/800;800;    252429;     25085;0;506;6800;208203;1;0;869;0.55443;375526;0;0;sBELA0;? Unchecked;v1.6.0-147-gfbf9e2e
roadmap;dimacs;34/800;800;      3098;    231926;0;498;6676;207326;1;0;869;0.553872;374321;0;0;sBELA0;? Unchecked;v1.6.0-147-gfbf9e2e
roadmap;dimacs;35/800;800;     19421;    257032;0;499;6730;209165;1;0;869;0.567087;368841;0;0;sBELA0;? Unchecked;v1.6.0-147-gfbf9e2e
roadmap;dimacs;36/800;800;      1057;    248820;0;511;6866;208578;1;0;869;0.551394;378274;0;0;sBELA0;? Unchecked;v1.6.0-147-gfbf9e2e
roadmap;dimacs;37/800;800;    258041;     41474;0;510;6760;206971;1;0;869;0.554921;372974;0;0;sBELA0;? Unchecked;v1.6.0-147-gfbf9e2e
roadmap;dimacs;38/800;800;      8712;    259539;0;507;6834;208169;1;0;869;0.550202;378350;0;0;sBELA0;? Unchecked;v1.6.0-147-gfbf9e2e
roadmap;dimacs;39/800;800;    261646;      4574;0;519;6982;208588;1;0;869;0.551646;378120;0;0;sBELA0;? Unchecked;v1.6.0-147-gfbf9e2e
roadmap;dimacs;40/800;800;       520;    222196;0;505;6726;206214;1;0;869;0.548005;376299;0;0;sBELA0;? Unchecked;v1.6.0-147-gfbf9e2e
roadmap;dimacs;41/800;800;    242196;     17909;0;499;6674;208526;1;0;869;0.556579;374657;0;0;sBELA0;? Unchecked;v1.6.0-147-gfbf9e2e
roadmap;dimacs;42/800;800;    248265;         8;0;499;6726;209260;1;0;869;0.564328;370813;0;0;sBELA0;? Unchecked;v1.6.0-147-gfbf9e2e
roadmap;dimacs;43/800;800;    251395;     33785;0;508;6760;207446;1;0;869;0.549454;377549;0;0;sBELA0;? Unchecked;v1.6.0-147-gfbf9e2e
roadmap;dimacs;44/800;800;    254972;     13864;0;501;6758;207203;1;0;869;0.573671;361188;0;0;sBELA0;? Unchecked;v1.6.0-147-gfbf9e2e
roadmap;dimacs;45/800;800;      1998;    257065;0;503;6698;208372;1;0;869;0.558465;373116;0;0;sBELA0;? Unchecked;v1.6.0-147-gfbf9e2e
roadmap;dimacs;46/800;800;    256009;     28663;0;505;6786;207563;1;0;869;0.547629;379021;0;0;sBELA0;? Unchecked;v1.6.0-147-gfbf9e2e
roadmap;dimacs;47/800;800;     18946;    261099;0;516;6940;208987;1;0;869;0.548667;380899;0;0;sBELA0;? Unchecked;v1.6.0-147-gfbf9e2e
roadmap;dimacs;48/800;800;    253391;     13313;0;499;6714;208997;1;0;869;0.569859;366752;0;0;sBELA0;? Unchecked;v1.6.0-147-gfbf9e2e
roadmap;dimacs;49/800;800;    236014;     15363;0;502;6696;208947;1;0;869;0.560315;372910;0;0;sBELA0;? Unchecked;v1.6.0-147-gfbf9e2e
roadmap;dimacs;50/800;800;    256039;     16370;0;499;6706;208414;1;0;869;0.547899;380388;0;0;sBELA0;? Unchecked;v1.6.0-147-gfbf9e2e
roadmap;dimacs;51/800;800;      5165;    247296;0;506;6792;208871;1;0;869;0.554011;377016;0;0;sBELA0;? Unchecked;v1.6.0-147-gfbf9e2e
roadmap;dimacs;52/800;800;      9228;    248313;0;514;6920;208820;1;0;869;0.564058;370210;0;0;sBELA0;? Unchecked;v1.6.0-147-gfbf9e2e
roadmap;dimacs;53/800;800;    246784;     29193;0;511;6774;207871;1;0;869;0.558567;372150;0;0;sBELA0;? Unchecked;v1.6.0-147-gfbf9e2e
roadmap;dimacs;54/800;800;    246280;       497;0;522;7012;209167;1;0;869;0.555789;376342;0;0;sBELA0;? Unchecked;v1.6.0-147-gfbf9e2e
roadmap;dimacs;55/800;800;      1064;    237055;0;501;6730;208161;1;0;869;0.552868;376511;0;0;sBELA0;? Unchecked;v1.6.0-147-gfbf9e2e
roadmap;dimacs;56/800;800;    245279;     11768;0;503;6738;208961;1;0;869;0.552289;378354;0;0;sBELA0;? Unchecked;v1.6.0-147-gfbf9e2e
roadmap;dimacs;57/800;800;     11776;    259096;0;525;7046;208924;1;0;869;0.561811;371876;0;0;sBELA0;? Unchecked;v1.6.0-147-gfbf9e2e
roadmap;dimacs;58/800;800;    250326;     10251;0;494;6672;208839;1;0;869;0.572714;364648;0;0;sBELA0;? Unchecked;v1.6.0-147-gfbf9e2e
roadmap;dimacs;59/800;800;    259526;     10253;0;498;6696;208750;1;0;869;0.559094;373372;0;0;sBELA0;? Unchecked;v1.6.0-147-gfbf9e2e
roadmap;dimacs;60/800;800;    261664;      6127;0;519;6966;208945;1;0;869;0.583923;357830;0;0;sBELA0;? Unchecked;v1.6.0-147-gfbf9e2e
roadmap;dimacs;61/800;800;      3567;    242195;0;504;6796;207840;1;0;869;0.563858;368604;0;0;sBELA0;? Unchecked;v1.6.0-147-gfbf9e2e
roadmap;dimacs;62/800;800;    261097;     20519;0;490;6616;206296;1;0;869;0.562131;366989;0;0;sBELA0;? Unchecked;v1.6.0-147-gfbf9e2e
roadmap;dimacs;63/800;800;      5063;    254998;0;497;6670;208727;1;0;869;0.559096;373330;0;0;sBELA0;? Unchecked;v1.6.0-147-gfbf9e2e
roadmap;dimacs;64/800;800;      2086;    262100;0;513;6826;208623;1;0;869;0.551758;378106;0;0;sBELA0;? Unchecked;v1.6.0-147-gfbf9e2e
roadmap;dimacs;65/800;800;    260641;      4092;0;524;7052;209205;1;0;869;0.553165;378196;0;0;sBELA0;? Unchecked;v1.6.0-147-gfbf9e2e
roadmap;dimacs;66/800;800;      3111;    242164;0;498;6696;208050;1;0;869;0.561042;370828;0;0;sBELA0;? Unchecked;v1.6.0-147-gfbf9e2e
roadmap;dimacs;67/800;800;      2132;    262139;0;514;6804;209268;1;0;869;0.556491;376049;0;0;sBELA0;? Unchecked;v1.6.0-147-gfbf9e2e
roadmap;dimacs;68/800;800;    246721;      1026;0;496;6680;209275;1;0;874;0.56705;369059;0;0;sBELA0;? Unchecked;v1.6.0-147-gfbf9e2e
roadmap;dimacs;69/800;800;     20480;    245279;0;496;6660;207457;1;0;874;0.560102;370391;0;0;sBELA0;? Unchecked;v1.6.0-147-gfbf9e2e
roadmap;dimacs;70/800;800;    262132;     12294;0;526;7080;208937;1;0;874;0.5606;372703;0;0;sBELA0;? Unchecked;v1.6.0-147-gfbf9e2e
roadmap;dimacs;71/800;800;      2058;    240595;0;496;6664;205857;1;0;874;0.544667;377950;0;0;sBELA0;? Unchecked;v1.6.0-147-gfbf9e2e
roadmap;dimacs;72/800;800;    255999;      8716;0;524;7068;208906;1;0;874;0.559901;373113;0;0;sBELA0;? Unchecked;v1.6.0-147-gfbf9e2e
roadmap;dimacs;73/800;800;      4599;    239654;0;497;6682;206441;1;0;874;0.560144;368550;0;0;sBELA0;? Unchecked;v1.6.0-147-gfbf9e2e
roadmap;dimacs;74/800;800;    259083;     27133;0;510;6868;208023;1;0;874;0.55505;374782;0;0;sBELA0;? Unchecked;v1.6.0-147-gfbf9e2e
roadmap;dimacs;75/800;800;      4066;    255519;0;508;6820;208543;1;0;874;0.589356;353849;0;0;sBELA0;? Unchecked;v1.6.0-147-gfbf9e2e
roadmap;dimacs;76/800;800;    260612;      4579;0;523;7058;208684;1;0;874;0.549765;379588;0;0;sBELA0;? Unchecked;v1.6.0-147-gfbf9e2e
roadmap;dimacs;77/800;800;    254984;     11245;0;515;6938;208551;1;0;874;0.547133;381171;0;0;sBELA0;? Unchecked;v1.6.0-147-gfbf9e2e
roadmap;dimacs;78/800;800;    258027;     15880;0;511;6886;208631;1;0;874;0.558803;373354;0;0;sBELA0;? Unchecked;v1.6.0-147-gfbf9e2e
roadmap;dimacs;79/800;800;     10267;    244219;0;503;6762;208610;1;0;874;0.550772;378760;0;0;sBELA0;? Unchecked;v1.6.0-147-gfbf9e2e
roadmap;dimacs;80/800;800;    222207;      3089;0;505;6714;209032;1;0;874;0.56348;370966;0;0;sBELA0;? Unchecked;v1.6.0-147-gfbf9e2e
roadmap;dimacs;81/800;800;      3056;    241705;0;492;6640;206278;1;0;874;0.563506;366061;0;0;sBELA0;? Unchecked;v1.6.0-147-gfbf9e2e
roadmap;dimacs;82/800;800;      6617;    240136;0;495;6658;208144;1;0;874;0.557711;373211;0;0;sBELA0;? Unchecked;v1.6.0-147-gfbf9e2e
roadmap;dimacs;83/800;800;    242148;      9232;0;495;6658;208811;1;0;874;0.558018;374201;0;0;sBELA0;? Unchecked;v1.6.0-147-gfbf9e2e
roadmap;dimacs;84/800;800;    247299;       479;0;514;6920;208754;1;0;874;0.563374;370543;0;0;sBELA0;? Unchecked;v1.6.0-147-gfbf9e2e
roadmap;dimacs;85/800;800;     13844;    253941;0;510;6856;208997;1;0;874;0.549129;380597;0;0;sBELA0;? Unchecked;v1.6.0-147-gfbf9e2e
roadmap;dimacs;86/800;800;      3578;    260146;0;518;6956;208230;1;0;874;0.564956;368577;0;0;sBELA0;? Unchecked;v1.6.0-147-gfbf9e2e
roadmap;dimacs;87/800;800;    258031;     24598;0;499;6706;207158;1;0;874;0.554381;373674;0;0;sBELA0;? Unchecked;v1.6.0-147-gfbf9e2e
roadmap;dimacs;88/800;800;    236012;      8209;0;494;6640;208800;1;0;874;0.562705;371064;0;0;sBELA0;? Unchecked;v1.6.0-147-gfbf9e2e
roadmap;dimacs;89/800;800;      2564;    248267;0;498;6724;206233;1;0;874;0.544322;378881;0;0;sBELA0;? Unchecked;v1.6.0-147-gfbf9e2e
roadmap;dimacs;90/800;800;      1018;    248854;0;521;7002;208376;1;0;874;0.559834;372210;0;0;sBELA0;? Unchecked;v1.6.0-147-gfbf9e2e
roadmap;dimacs;91/800;800;    222716;      6155;0;503;6694;209050;1;0;874;0.609025;343254;0;0;sBELA0;? Unchecked;v1.6.0-147-gfbf9e2e
roadmap;dimacs;92/800;800;     12795;    247326;0;503;6762;207777;1;0;874;0.559609;371290;0;0;sBELA0;? Unchecked;v1.6.0-147-gfbf9e2e
roadmap;dimacs;93/800;800;    248266;       516;0;501;6754;209273;1;0;874;0.566422;369465;0;0;sBELA0;? Unchecked;v1.6.0-147-gfbf9e2e
roadmap;dimacs;94/800;800;     24066;    255486;0;521;6962;209188;1;0;874;0.551986;378973;0;0;sBELA0;? Unchecked;v1.6.0-147-gfbf9e2e
roadmap;dimacs;95/800;800;    247816;       997;0;516;6936;208924;1;0;874;0.553331;377575;0;0;sBELA0;? Unchecked;v1.6.0-147-gfbf9e2e
roadmap;dimacs;96/800;800;    253972;     20465;0;501;6742;208092;1;0;874;0.553137;376203;0;0;sBELA0;? Unchecked;v1.6.0-147-gfbf9e2e
roadmap;dimacs;97/800;800;    252422;      2515;0;511;6866;208267;1;0;874;0.548775;379512;0;0;sBELA0;? Unchecked;v1.6.0-147-gfbf9e2e
roadmap;dimacs;98/800;800;    229860;      1035;0;496;6652;209225;1;0;874;0.563892;371037;0;0;sBELA0;? Unchecked;v1.6.0-147-gfbf9e2e
roadmap;dimacs;99/800;800;    247295;     28681;0;511;6778;207943;1;0;874;0.559445;371695;0;0;sBELA0;? Unchecked;v1.6.0-147-gfbf9e2e
roadmap;dimacs;0/900;900;    252388;     20483;0;505;6762;208608;1;0;874;0.562259;371018;0;0;sBELA0;? Unchecked;v1.6.0-147-gfbf9e2e
roadmap;dimacs;1/900;900;     25106;    246269;0;501;6694;208862;1;0;874;0.553796;377146;0;0;sBELA0;? Unchecked;v1.6.0-147-gfbf9e2e
roadmap;dimacs;2/900;900;    258113;      6647;0;504;6744;209017;1;0;874;0.554802;376741;0;0;sBELA0;? Unchecked;v1.6.0-147-gfbf9e2e
roadmap;dimacs;3/900;900;      2080;    233975;0;500;6692;207560;1;0;874;0.548967;378092;0;0;sBELA0;? Unchecked;v1.6.0-147-gfbf9e2e
roadmap;dimacs;4/900;900;    260625;     26619;0;509;6846;207951;1;0;874;0.548184;379345;0;0;sBELA0;? Unchecked;v1.6.0-147-gfbf9e2e
roadmap;dimacs;5/900;900;    261599;      3595;0;519;7006;209178;1;0;874;0.56402;370870;0;0;sBELA0;? Unchecked;v1.6.0-147-gfbf9e2e
roadmap;dimacs;6/900;900;      4659;    242682;0;494;6640;208369;1;0;874;0.590026;353152;0;0;sBELA0;? Unchecked;v1.6.0-147-gfbf9e2e
roadmap;dimacs;7/900;900;    241670;       978;0;499;6718;208202;1;0;874;0.552056;377139;0;0;sBELA0;? Unchecked;v1.6.0-147-gfbf9e2e
roadmap;dimacs;8/900;900;     38401;    251904;0;518;6816;209172;1;0;874;0.550688;379838;0;0;sBELA0;? Unchecked;v1.6.0-147-gfbf9e2e
roadmap;dimacs;9/900;900;     13831;    249853;0;521;6974;209012;1;0;874;0.564695;370132;0;0;sBELA0;? Unchecked;v1.6.0-147-gfbf9e2e
roadmap;dimacs;10/900;900;     11759;    259591;0;518;7000;209218;1;0;874;0.569826;367161;0;0;sBELA0;? Unchecked;v1.6.0-147-gfbf9e2e
roadmap;dimacs;11/900;900;    236537;     10777;0;497;6662;208333;1;0;874;0.564409;369117;0;0;sBELA0;? Unchecked;v1.6.0-147-gfbf9e2e
roadmap;dimacs;12/900;900;    249882;      5103;0;505;6822;208955;1;0;874;0.558521;374122;0;0;sBELA0;? Unchecked;v1.6.0-147-gfbf9e2e
roadmap;dimacs;13/900;900;      6146;    251872;0;512;6900;208083;1;0;874;0.55449;375269;0;0;sBELA0;? Unchecked;v1.6.0-147-gfbf9e2e
roadmap;dimacs;14/900;900;     22521;    260107;0;513;6914;209170;1;0;874;0.567061;368867;0;0;sBELA0;? Unchecked;v1.6.0-147-gfbf9e2e
roadmap;dimacs;15/900;900;      1533;    250409;0;514;6912;207701;1;0;874;0.567555;365958;0;0;sBELA0;? Unchecked;v1.6.0-147-gfbf9e2e
roadmap;dimacs;16/900;900;    262075;      5139;0;508;6748;208969;1;0;874;0.559849;373260;0;0;sBELA0;? Unchecked;v1.6.0-147-gfbf9e2e
roadmap;dimacs;17/900;900;      5647;    255960;0;505;6810;208099;1;0;874;0.550894;377748;0;0;sBELA0;? Unchecked;v1.6.0-147-gfbf9e2e
roadmap;dimacs;18/900;900;      6119;    252429;0;512;6896;208887;1;0;874;0.566351;368830;0;0;sBELA0;? Unchecked;v1.6.0-147-gfbf9e2e
roadmap;dimacs;19/900;900;      8194;    232422;0;499;6678;206318;1;0;874;0.543904;379328;0;0;sBELA0;? Unchecked;v1.6.0-147-gfbf9e2e
roadmap;dimacs;20/900;900;    252392;     15368;0;507;6810;208704;1;0;874;0.56315;370601;0;0;sBELA0;? Unchecked;v1.6.0-147-gfbf9e2e
roadmap;dimacs;21/900;900;      4622;    230901;0;501;6718;207219;1;0;874;0.586121;353543;0;0;sBELA0;? Unchecked;v1.6.0-147-gfbf9e2e
roadmap;dimacs;22/900;900;    261058;       516;0;519;6930;209273;1;0;874;0.571226;366358;0;0;sBELA0;? Unchecked;v1.6.0-147-gfbf9e2e
roadmap;dimacs;23/900;900;    260633;     31732;0;496;6668;206856;1;0;874;0.54336;380698;0;0;sBELA0;? Unchecked;v1.6.0-147-gfbf9e2e
roadmap;dimacs;24/900;900;      5662;    254952;0;508;6824;208678;1;0;874;0.547938;380842;0;0;sBELA0;? Unchecked;v1.6.0-147-gfbf9e2e
roadmap;dimacs;25/900;900;    234511;     10232;0;500;6712;208971;1;0;874;0.57263;364932;0;0;sBELA0;? Unchecked;v1.6.0-147-gfbf9e2e
roadmap;dimacs;26/900;900;    256495;     24598;0;498;6688;207194;1;0;874;0.572175;362117;0;0;sBELA0;? Unchecked;v1.6.0-147-gfbf9e2e
roadmap;dimacs;27/900;900;      5155;    239099;0;501;6718;208216;1;0;874;0.563035;369810;0;0;sBELA0;? Unchecked;v1.6.0-147-gfbf9e2e
roadmap;dimacs;28/900;900;    260138;      4070;0;514;6864;208881;1;0;874;0.547677;381394;0;0;sBELA0;? Unchecked;v1.6.0-147-gfbf9e2e
roadmap;dimacs;29/900;900;       497;    261718;0;514;6772;207073;1;0;874;0.555889;372508;0;0;sBELA0;? Unchecked;v1.6.0-147-gfbf9e2e
roadmap;dimacs;30/900;900;    250399;     10234;0;506;6816;209043;1;0;874;0.558961;373985;0;0;sBELA0;? Unchecked;v1.6.0-147-gfbf9e2e
roadmap;dimacs;31/900;900;      9245;    237563;0;498;6680;208155;1;0;874;0.564125;368987;0;0;sBELA0;? Unchecked;v1.6.0-147-gfbf9e2e
roadmap;dimacs;32/900;900;    260135;     13276;0;498;6668;207729;1;0;874;0.548333;378837;0;0;sBELA0;? Unchecked;v1.6.0-147-gfbf9e2e
roadmap;dimacs;33/900;900;    252429;     25085;0;506;6800;208203;1;0;874;0.554593;375416;0;0;sBELA0;? Unchecked;v1.6.0-147-gfbf9e2e
roadmap;dimacs;34/900;900;      3098;    231926;0;498;6676;207326;1;0;874;0.555185;373436;0;0;sBELA0;? Unchecked;v1.6.0-147-gfbf9e2e
roadmap;dimacs;35/900;900;     19421;    257032;0;499;6730;209165;1;0;874;0.567591;368513;0;0;sBELA0;? Unchecked;v1.6.0-147-gfbf9e2e
roadmap;dimacs;36/900;900;      1057;    248820;0;511;6866;208578;1;0;874;0.549964;379258;0;0;sBELA0;? Unchecked;v1.6.0-147-gfbf9e2e
roadmap;dimacs;37/900;900;    258041;     41474;0;510;6760;206971;1;0;874;0.592624;349245;0;0;sBELA0;? Unchecked;v1.6.0-147-gfbf9e2e
roadmap;dimacs;38/900;900;      8712;    259539;0;507;6834;208169;1;0;874;0.550624;378060;0;0;sBELA0;? Unchecked;v1.6.0-147-gfbf9e2e
roadmap;dimacs;39/900;900;    261646;      4574;0;519;6982;208588;1;0;874;0.549197;379805;0;0;sBELA0;? Unchecked;v1.6.0-147-gfbf9e2e
roadmap;dimacs;40/900;900;       520;    222196;0;505;6726;206214;1;0;874;0.546905;377057;0;0;sBELA0;? Unchecked;v1.6.0-147-gfbf9e2e
roadmap;dimacs;41/900;900;    242196;     17909;0;499;6674;208526;1;0;874;0.556082;374991;0;0;sBELA0;? Unchecked;v1.6.0-147-gfbf9e2e
roadmap;dimacs;42/900;900;    248265;         8;0;499;6726;209260;1;0;874;0.580398;360545;0;0;sBELA0;? Unchecked;v1.6.0-147-gfbf9e2e
roadmap;dimacs;43/900;900;    251395;     33785;0;508;6760;207446;1;0;874;0.550643;376734;0;0;sBELA0;? Unchecked;v1.6.0-147-gfbf9e2e
roadmap;dimacs;44/900;900;    254972;     13864;0;501;6758;207203;1;0;874;0.557917;371387;0;0;sBELA0;? Unchecked;v1.6.0-147-gfbf9e2e
roadmap;dimacs;45/900;900;      1998;    257065;0;503;6698;208372;1;0;874;0.561764;370925;0;0;sBELA0;? Unchecked;v1.6.0-147-gfbf9e2e
roadmap;dimacs;46/900;900;    256009;     28663;0;505;6786;207563;1;0;874;0.552344;375786;0;0;sBELA0;? Unchecked;v1.6.0-147-gfbf9e2e
roadmap;dimacs;47/900;900;     18946;    261099;0;516;6940;208987;1;0;874;0.549102;380598;0;0;sBELA0;? Unchecked;v1.6.0-147-gfbf9e2e
roadmap;dimacs;48/900;900;    253391;     13313;0;499;6714;208997;1;0;874;0.563415;370947;0;0;sBELA0;? Unchecked;v1.6.0-147-gfbf9e2e
roadmap;dimacs;49/900;900;    236014;     15363;0;502;6696;208947;1;0;874;0.563004;371129;0;0;sBELA0;? Unchecked;v1.6.0-147-gfbf9e2e
roadmap;dimacs;50/900;900;    256039;     16370;0;499;6706;208414;1;0;874;0.550101;378865;0;0;sBELA0;? Unchecked;v1.6.0-147-gfbf9e2e
roadmap;dimacs;51/900;900;      5165;    247296;0;506;6792;208871;1;0;874;0.553479;377379;0;0;sBELA0;? Unchecked;v1.6.0-147-gfbf9e2e
roadmap;dimacs;52/900;900;      9228;    248313;0;514;6920;208820;1;0;874;0.607383;343803;0;0;sBELA0;? Unchecked;v1.6.0-147-gfbf9e2e
roadmap;dimacs;53/900;900;    246784;     29193;0;511;6774;207871;1;0;874;0.55648;373546;0;0;sBELA0;? Unchecked;v1.6.0-147-gfbf9e2e
roadmap;dimacs;54/900;900;    246280;       497;0;522;7012;209167;1;0;874;0.558832;374293;0;0;sBELA0;? Unchecked;v1.6.0-147-gfbf9e2e
roadmap;dimacs;55/900;900;      1064;    237055;0;501;6730;208161;1;0;874;0.557375;373467;0;0;sBELA0;? Unchecked;v1.6.0-147-gfbf9e2e
roadmap;dimacs;56/900;900;    245279;     11768;0;503;6738;208961;1;0;874;0.54922;380469;0;0;sBELA0;? Unchecked;v1.6.0-147-gfbf9e2e
roadmap;dimacs;57/900;900;     11776;    259096;0;525;7046;208924;1;0;874;0.56815;367727;0;0;sBELA0;? Unchecked;v1.6.0-147-gfbf9e2e
roadmap;dimacs;58/900;900;    250326;     10251;0;494;6672;208839;1;0;874;0.560712;372453;0;0;sBELA0;? Unchecked;v1.6.0-147-gfbf9e2e
roadmap;dimacs;59/900;900;    259526;     10253;0;498;6696;208750;1;0;874;0.560049;372735;0;0;sBELA0;? Unchecked;v1.6.0-147-gfbf9e2e
roadmap;dimacs;60/900;900;    261664;      6127;0;519;6966;208945;1;0;874;0.550903;379278;0;0;sBELA0;? Unchecked;v1.6.0-147-gfbf9e2e
roadmap;dimacs;61/900;900;      3567;    242195;0;504;6796;207840;1;0;874;0.562499;369494;0;0;sBELA0;? Unchecked;v1.6.0-147-gfbf9e2e
roadmap;dimacs;62/900;900;    261097;     20519;0;490;6616;206296;1;0;874;0.561751;367237;0;0;sBELA0;? Unchecked;v1.6.0-147-gfbf9e2e
roadmap;dimacs;63/900;900;      5063;    254998;0;497;6670;208727;1;0;874;0.559413;373118;0;0;sBELA0;? Unchecked;v1.6.0-147-gfbf9e2e
roadmap;dimacs;64/900;900;      2086;    262100;0;513;6826;208623;1;0;874;0.552866;377348;0;0;sBELA0;? Unchecked;v1.6.0-147-gfbf9e2e
roadmap;dimacs;65/900;900;    260641;      4092;0;524;7052;209205;1;0;874;0.550546;379996;0;0;sBELA0;? Unchecked;v1.6.0-147-gfbf9e2e
roadmap;dimacs;66/900;900;      3111;    242164;0;498;6696;208050;1;0;874;0.556538;373829;0;0;sBELA0;? Unchecked;v1.6.0-147-gfbf9e2e
roadmap;dimacs;67/900;900;      2132;    262139;0;514;6804;209268;1;0;874;0.581471;359894;0;0;sBELA0;? Unchecked;v1.6.0-147-gfbf9e2e
roadmap;dimacs;68/900;900;    246721;      1026;0;496;6680;209275;1;0;874;0.565407;370132;0;0;sBELA0;? Unchecked;v1.6.0-147-gfbf9e2e
roadmap;dimacs;69/900;900;     20480;    245279;0;496;6660;207457;1;0;874;0.563126;368403;0;0;sBELA0;? Unchecked;v1.6.0-147-gfbf9e2e
roadmap;dimacs;70/900;900;    262132;     12294;0;526;7080;208937;1;0;874;0.560518;372757;0;0;sBELA0;? Unchecked;v1.6.0-147-gfbf9e2e
roadmap;dimacs;71/900;900;      2058;    240595;0;496;6664;205857;1;0;874;0.549301;374761;0;0;sBELA0;? Unchecked;v1.6.0-147-gfbf9e2e
roadmap;dimacs;72/900;900;    255999;      8716;0;524;7068;208906;1;0;874;0.570265;366331;0;0;sBELA0;? Unchecked;v1.6.0-147-gfbf9e2e
roadmap;dimacs;73/900;900;      4599;    239654;0;497;6682;206441;1;0;874;0.560492;368321;0;0;sBELA0;? Unchecked;v1.6.0-147-gfbf9e2e
roadmap;dimacs;74/900;900;    259083;     27133;0;510;6868;208023;1;0;874;0.557319;373257;0;0;sBELA0;? Unchecked;v1.6.0-147-gfbf9e2e
roadmap;dimacs;75/900;900;      4066;    255519;0;508;6820;208543;1;0;874;0.560151;372298;0;0;sBELA0;? Unchecked;v1.6.0-147-gfbf9e2e
roadmap;dimacs;76/900;900;    260612;      4579;0;523;7058;208684;1;0;874;0.549243;379948;0;0;sBELA0;? Unchecked;v1.6.0-147-gfbf9e2e
roadmap;dimacs;77/900;900;    254984;     11245;0;515;6938;208551;1;0;874;0.546811;381395;0;0;sBELA0;? Unchecked;v1.6.0-147-gfbf9e2e
roadmap;dimacs;78/900;900;    258027;     15880;0;511;6886;208631;1;0;874;0.558257;373719;0;0;sBELA0;? Unchecked;v1.6.0-147-gfbf9e2e
roadmap;dimacs;79/900;900;     10267;    244219;0;503;6762;208610;1;0;874;0.549308;379769;0;0;sBELA0;? Unchecked;v1.6.0-147-gfbf9e2e
roadmap;dimacs;80/900;900;    222207;      3089;0;505;6714;209032;1;0;874;0.562913;371340;0;0;sBELA0;? Unchecked;v1.6.0-147-gfbf9e2e
roadmap;dimacs;81/900;900;      3056;    241705;0;492;6640;206278;1;0;874;0.559355;368778;0;0;sBELA0;? Unchecked;v1.6.0-147-gfbf9e2e
roadmap;dimacs;82/900;900;      6617;    240136;0;495;6658;208144;1;0;874;0.557042;373659;0;0;sBELA0;? Unchecked;v1.6.0-147-gfbf9e2e
roadmap;dimacs;83/900;900;    242148;      9232;0;495;6658;208811;1;0;875;0.586013;356325;0;0;sBELA0;? Unchecked;v1.6.0-147-gfbf9e2e
roadmap;dimacs;84/900;900;    247299;       479;0;514;6920;208754;1;0;875;0.56065;372343;0;0;sBELA0;? Unchecked;v1.6.0-147-gfbf9e2e
roadmap;dimacs;85/900;900;     13844;    253941;0;510;6856;208997;1;0;875;0.553682;377468;0;0;sBELA0;? Unchecked;v1.6.0-147-gfbf9e2e
roadmap;dimacs;86/900;900;      3578;    260146;0;518;6956;208230;1;0;875;0.56505;368516;0;0;sBELA0;? Unchecked;v1.6.0-147-gfbf9e2e
roadmap;dimacs;87/900;900;    258031;     24598;0;499;6706;207158;1;0;875;0.553783;374078;0;0;sBELA0;? Unchecked;v1.6.0-147-gfbf9e2e
roadmap;dimacs;88/900;900;    236012;      8209;0;494;6640;208800;1;0;875;0.561206;372056;0;0;sBELA0;? Unchecked;v1.6.0-147-gfbf9e2e
roadmap;dimacs;89/900;900;      2564;    248267;0;498;6724;206233;1;0;875;0.545013;378400;0;0;sBELA0;? Unchecked;v1.6.0-147-gfbf9e2e
roadmap;dimacs;90/900;900;      1018;    248854;0;521;7002;208376;1;0;875;0.559823;372218;0;0;sBELA0;? Unchecked;v1.6.0-147-gfbf9e2e
roadmap;dimacs;91/900;900;    222716;      6155;0;503;6694;209050;1;0;875;0.569268;367226;0;0;sBELA0;? Unchecked;v1.6.0-147-gfbf9e2e
roadmap;dimacs;92/900;900;     12795;    247326;0;503;6762;207777;1;0;875;0.55927;371515;0;0;sBELA0;? Unchecked;v1.6.0-147-gfbf9e2e
roadmap;dimacs;93/900;900;    248266;       516;0;501;6754;209273;1;0;875;0.568863;367880;0;0;sBELA0;? Unchecked;v1.6.0-147-gfbf9e2e
roadmap;dimacs;94/900;900;     24066;    255486;0;521;6962;209188;1;0;875;0.550902;379719;0;0;sBELA0;? Unchecked;v1.6.0-147-gfbf9e2e
roadmap;dimacs;95/900;900;    247816;       997;0;516;6936;208924;1;0;875;0.552853;377901;0;0;sBELA0;? Unchecked;v1.6.0-147-gfbf9e2e
roadmap;dimacs;96/900;900;    253972;     20465;0;501;6742;208092;1;0;875;0.552508;376632;0;0;sBELA0;? Unchecked;v1.6.0-147-gfbf9e2e
roadmap;dimacs;97/900;900;    252422;      2515;0;511;6866;208267;1;0;875;0.549551;378977;0;0;sBELA0;? Unchecked;v1.6.0-147-gfbf9e2e
roadmap;dimacs;98/900;900;    229860;      1035;0;496;6652;209225;1;0;875;0.604544;346088;0;0;sBELA0;? Unchecked;v1.6.0-147-gfbf9e2e
roadmap;dimacs;99/900;900;    247295;     28681;0;511;6778;207943;1;0;875;0.557914;372715;0;0;sBELA0;? Unchecked;v1.6.0-147-gfbf9e2e
roadmap;dimacs;0/1000;1000;    252388;     20483;0;505;6762;208608;1;0;875;0.560355;372278;0;0;sBELA0;? Unchecked;v1.6.0-147-gfbf9e2e
roadmap;dimacs;1/1000;1000;     25106;    246269;0;501;6694;208862;1;0;875;0.552372;378118;0;0;sBELA0;? Unchecked;v1.6.0-147-gfbf9e2e
roadmap;dimacs;2/1000;1000;    258113;      6647;0;504;6744;209017;1;0;875;0.554312;377075;0;0;sBELA0;? Unchecked;v1.6.0-147-gfbf9e2e
roadmap;dimacs;3/1000;1000;      2080;    233975;0;500;6692;207560;1;0;875;0.550317;377164;0;0;sBELA0;? Unchecked;v1.6.0-147-gfbf9e2e
roadmap;dimacs;4/1000;1000;    260625;     26619;0;509;6846;207951;1;0;875;0.546023;380847;0;0;sBELA0;? Unchecked;v1.6.0-147-gfbf9e2e
roadmap;dimacs;5/1000;1000;    261599;      3595;0;519;7006;209178;1;0;875;0.563528;371193;0;0;sBELA0;? Unchecked;v1.6.0-147-gfbf9e2e
roadmap;dimacs;6/1000;1000;      4659;    242682;0;494;6640;208369;1;0;875;0.551268;377982;0;0;sBELA0;? Unchecked;v1.6.0-147-gfbf9e2e
roadmap;dimacs;7/1000;1000;    241670;       978;0;499;6718;208202;1;0;875;0.563584;369425;0;0;sBELA0;? Unchecked;v1.6.0-147-gfbf9e2e
roadmap;dimacs;8/1000;1000;     38401;    251904;0;518;6816;209172;1;0;875;0.550191;380181;0;0;sBELA0;? Unchecked;v1.6.0-147-gfbf9e2e
roadmap;dimacs;9/1000;1000;     13831;    249853;0;521;6974;209012;1;0;875;0.558212;374431;0;0;sBELA0;? Unchecked;v1.6.0-147-gfbf9e2e
roadmap;dimacs;10/1000;1000;     11759;    259591;0;518;7000;209218;1;0;875;0.580197;360598;0;0;sBELA0;? Unchecked;v1.6.0-147-gfbf9e2e
roadmap;dimacs;11/1000;1000;    236537;     10777;0;497;6662;208333;1;0;875;0.560122;371942;0;0;sBELA0;? Unchecked;v1.6.0-147-gfbf9e2e
roadmap;dimacs;12/1000;1000;    249882;      5103;0;505;6822;208955;1;0;875;0.558836;373911;0;0;sBELA0;? Unchecked;v1.6.0-147-gfbf9e2e
roadmap;dimacs;13/1000;1000;      6146;    251872;0;512;6900;208083;1;0;875;0.581634;357756;0;0;sBELA0;? Unchecked;v1.6.0-147-gfbf9e2e
roadmap;dimacs;14/1000;1000;     22521;    260107;0;513;6914;209170;1;0;875;0.569773;367111;0;0;sBELA0;? Unchecked;v1.6.0-147-gfbf9e2e
roadmap;dimacs;15/1000;1000;      1533;    250409;0;514;6912;207701;1;0;875;0.56837;365433;0;0;sBELA0;? Unchecked;v1.6.0-147-gfbf9e2e
roadmap;dimacs;16/1000;1000;    262075;      5139;0;508;6748;208969;1;0;875;0.560551;372792;0;0;sBELA0;? Unchecked;v1.6.0-147-gfbf9e2e
roadmap;dimacs;17/1000;1000;      5647;    255960;0;505;6810;208099;1;0;875;0.554185;375504;0;0;sBELA0;? Unchecked;v1.6.0-147-gfbf9e2e
roadmap;dimacs;18/1000;1000;      6119;    252429;0;512;6896;208887;1;0;875;0.576916;362075;0;0;sBELA0;? Unchecked;v1.6.0-147-gfbf9e2e
roadmap;dimacs;19/1000;1000;      8194;    232422;0;499;6678;206318;1;0;875;0.542374;380398;0;0;sBELA0;? Unchecked;v1.6.0-147-gfbf9e2e
roadmap;dimacs;20/1000;1000;    252392;     15368;0;507;6810;208704;1;0;875;0.560416;372409;0;0;sBELA0;? Unchecked;v1.6.0-147-gfbf9e2e
roadmap;dimacs;21/1000;1000;      4622;    230901;0;501;6718;207219;1;0;875;0.553791;374183;0;0;sBELA0;? Unchecked;v1.6.0-147-gfbf9e2e
roadmap;dimacs;22/1000;1000;    261058;       516;0;519;6930;209273;1;0;875;0.562636;371951;0;0;sBELA0;? Unchecked;v1.6.0-147-gfbf9e2e
roadmap;dimacs;23/1000;1000;    260633;     31732;0;496;6668;206856;1;0;875;0.544278;380056;0;0;sBELA0;? Unchecked;v1.6.0-147-gfbf9e2e
roadmap;dimacs;24/1000;1000;      5662;    254952;0;508;6824;208678;1;0;875;0.551034;378702;0;0;sBELA0;? Unchecked;v1.6.0-147-gfbf9e2e
roadmap;dimacs;25/1000;1000;    234511;     10232;0;500;6712;208971;1;0;875;0.578303;361352;0;0;sBELA0;? Unchecked;v1.6.0-147-gfbf9e2e
roadmap;dimacs;26/1000;1000;    256495;     24598;0;498;6688;207194;1;0;875;0.555275;373137;0;0;sBELA0;? Unchecked;v1.6.0-147-gfbf9e2e
roadmap;dimacs;27/1000;1000;      5155;    239099;0;501;6718;208216;1;0;875;0.550485;378241;0;0;sBELA0;? Unchecked;v1.6.0-147-gfbf9e2e
roadmap;dimacs;28/1000;1000;    260138;      4070;0;514;6864;208881;1;0;875;0.552993;377728;0;0;sBELA0;? Unchecked;v1.6.0-147-gfbf9e2e
roadmap;dimacs;29/1000;1000;       497;    261718;0;514;6772;207073;1;0;875;0.574749;360284;0;0;sBELA0;? Unchecked;v1.6.0-147-gfbf9e2e
roadmap;dimacs;30/1000;1000;    250399;     10234;0;506;6816;209043;1;0;875;0.570237;366590;0;0;sBELA0;? Unchecked;v1.6.0-147-gfbf9e2e
roadmap;dimacs;31/1000;1000;      9245;    237563;0;498;6680;208155;1;0;875;0.552114;377015;0;0;sBELA0;? Unchecked;v1.6.0-147-gfbf9e2e
roadmap;dimacs;32/1000;1000;    260135;     13276;0;498;6668;207729;1;0;875;0.548224;378912;0;0;sBELA0;? Unchecked;v1.6.0-147-gfbf9e2e
roadmap;dimacs;33/1000;1000;    252429;     25085;0;506;6800;208203;1;0;875;0.576565;361109;0;0;sBELA0;? Unchecked;v1.6.0-147-gfbf9e2e
roadmap;dimacs;34/1000;1000;      3098;    231926;0;498;6676;207326;1;0;875;0.553828;374351;0;0;sBELA0;? Unchecked;v1.6.0-147-gfbf9e2e
roadmap;dimacs;35/1000;1000;     19421;    257032;0;499;6730;209165;1;0;875;0.570431;366679;0;0;sBELA0;? Unchecked;v1.6.0-147-gfbf9e2e
roadmap;dimacs;36/1000;1000;      1057;    248820;0;511;6866;208578;1;0;875;0.551566;378156;0;0;sBELA0;? Unchecked;v1.6.0-147-gfbf9e2e
roadmap;dimacs;37/1000;1000;    258041;     41474;0;510;6760;206971;1;0;875;0.556744;371753;0;0;sBELA0;? Unchecked;v1.6.0-147-gfbf9e2e
roadmap;dimacs;38/1000;1000;      8712;    259539;0;507;6834;208169;1;0;875;0.553802;375891;0;0;sBELA0;? Unchecked;v1.6.0-147-gfbf9e2e
roadmap;dimacs;39/1000;1000;    261646;      4574;0;519;6982;208588;1;0;875;0.552604;377464;0;0;sBELA0;? Unchecked;v1.6.0-147-gfbf9e2e
roadmap;dimacs;40/1000;1000;       520;    222196;0;505;6726;206214;1;0;875;0.554061;372186;0;0;sBELA0;? Unchecked;v1.6.0-147-gfbf9e2e
roadmap;dimacs;41/1000;1000;    242196;     17909;0;499;6674;208526;1;0;875;0.557133;374284;0;0;sBELA0;? Unchecked;v1.6.0-147-gfbf9e2e
roadmap;dimacs;42/1000;1000;    248265;         8;0;499;6726;209260;1;0;875;0.568316;368210;0;0;sBELA0;? Unchecked;v1.6.0-147-gfbf9e2e
roadmap;dimacs;43/1000;1000;    251395;     33785;0;508;6760;207446;1;0;875;0.550842;376598;0;0;sBELA0;? Unchecked;v1.6.0-147-gfbf9e2e
roadmap;dimacs;44/1000;1000;    254972;     13864;0;501;6758;207203;1;0;875;0.616063;336334;0;0;sBELA0;? Unchecked;v1.6.0-147-gfbf9e2e
roadmap;dimacs;45/1000;1000;      1998;    257065;0;503;6698;208372;1;0;875;0.559281;372571;0;0;sBELA0;? Unchecked;v1.6.0-147-gfbf9e2e
roadmap;dimacs;46/1000;1000;    256009;     28663;0;505;6786;207563;1;0;875;0.553221;375190;0;0;sBELA0;? Unchecked;v1.6.0-147-gfbf9e2e
roadmap;dimacs;47/1000;1000;     18946;    261099;0;516;6940;208987;1;0;875;0.549431;380370;0;0;sBELA0;? Unchecked;v1.6.0-147-gfbf9e2e
roadmap;dimacs;48/1000;1000;    253391;     13313;0;499;6714;208997;1;0;875;0.577635;361815;0;0;sBELA0;? Unchecked;v1.6.0-147-gfbf9e2e
roadmap;dimacs;49/1000;1000;    236014;     15363;0;502;6696;208947;1;0;875;0.567092;368454;0;0;sBELA0;? Unchecked;v1.6.0-147-gfbf9e2e
roadmap;dimacs;50/1000;1000;    256039;     16370;0;499;6706;208414;1;0;875;0.551767;377721;0;0;sBELA0;? Unchecked;v1.6.0-147-gfbf9e2e
roadmap;dimacs;51/1000;1000;      5165;    247296;0;506;6792;208871;1;0;875;0.554345;376789;0;0;sBELA0;? Unchecked;v1.6.0-147-gfbf9e2e
roadmap;dimacs;52/1000;1000;      9228;    248313;0;514;6920;208820;1;0;875;0.570534;366008;0;0;sBELA0;? Unchecked;v1.6.0-147-gfbf9e2e
roadmap;dimacs;53/1000;1000;    246784;     29193;0;511;6774;207871;1;0;875;0.55982;371318;0;0;sBELA0;? Unchecked;v1.6.0-147-gfbf9e2e
roadmap;dimacs;54/1000;1000;    246280;       497;0;522;7012;209167;1;0;875;0.558657;374410;0;0;sBELA0;? Unchecked;v1.6.0-147-gfbf9e2e
roadmap;dimacs;55/1000;1000;      1064;    237055;0;501;6730;208161;1;0;875;0.555039;375038;0;0;sBELA0;? Unchecked;v1.6.0-147-gfbf9e2e
roadmap;dimacs;56/1000;1000;    245279;     11768;0;503;6738;208961;1;0;875;0.553319;377650;0;0;sBELA0;? Unchecked;v1.6.0-147-gfbf9e2e
roadmap;dimacs;57/1000;1000;     11776;    259096;0;525;7046;208924;1;0;875;0.570528;366194;0;0;sBELA0;? Unchecked;v1.6.0-147-gfbf9e2e
roadmap;dimacs;58/1000;1000;    250326;     10251;0;494;6672;208839;1;0;875;0.568971;367047;0;0;sBELA0;? Unchecked;v1.6.0-147-gfbf9e2e
roadmap;dimacs;59/1000;1000;    259526;     10253;0;498;6696;208750;1;0;875;0.606968;343922;0;0;sBELA0;? Unchecked;v1.6.0-147-gfbf9e2e
roadmap;dimacs;60/1000;1000;    261664;      6127;0;519;6966;208945;1;0;875;0.551397;378937;0;0;sBELA0;? Unchecked;v1.6.0-147-gfbf9e2e
roadmap;dimacs;61/1000;1000;      3567;    242195;0;504;6796;207840;1;0;875;0.564967;367880;0;0;sBELA0;? Unchecked;v1.6.0-147-gfbf9e2e
roadmap;dimacs;62/1000;1000;    261097;     20519;0;490;6616;206296;1;0;875;0.569886;361995;0;0;sBELA0;? Unchecked;v1.6.0-147-gfbf9e2e
roadmap;dimacs;63/1000;1000;      5063;    254998;0;497;6670;208727;1;0;875;0.560631;372307;0;0;sBELA0;? Unchecked;v1.6.0-147-gfbf9e2e
roadmap;dimacs;64/1000;1000;      2086;    262100;0;513;6826;208623;1;0;875;0.553924;376627;0;0;sBELA0;? Unchecked;v1.6.0-147-gfbf9e2e
roadmap;dimacs;65/1000;1000;    260641;      4092;0;524;7052;209205;1;0;875;0.55144;379379;0;0;sBELA0;? Unchecked;v1.6.0-147-gfbf9e2e
roadmap;dimacs;66/1000;1000;      3111;    242164;0;498;6696;208050;1;0;875;0.554027;375523;0;0;sBELA0;? Unchecked;v1.6.0-147-gfbf9e2e
roadmap;dimacs;67/1000;1000;      2132;    262139;0;514;6804;209268;1;0;875;0.568746;367947;0;0;sBELA0;? Unchecked;v1.6.0-147-gfbf9e2e
roadmap;dimacs;68/1000;1000;    246721;      1026;0;496;6680;209275;1;0;875;0.565786;369883;0;0;sBELA0;? Unchecked;v1.6.0-147-gfbf9e2e
roadmap;dimacs;69/1000;1000;     20480;    245279;0;496;6660;207457;1;0;875;0.562895;368554;0;0;sBELA0;? Unchecked;v1.6.0-147-gfbf9e2e
roadmap;dimacs;70/1000;1000;    262132;     12294;0;526;7080;208937;1;0;875;0.561896;371843;0;0;sBELA0;? Unchecked;v1.6.0-147-gfbf9e2e
roadmap;dimacs;71/1000;1000;      2058;    240595;0;496;6664;205857;1;0;875;0.545248;377547;0;0;sBELA0;? Unchecked;v1.6.0-147-gfbf9e2e
roadmap;dimacs;72/1000;1000;    255999;      8716;0;524;7068;208906;1;0;875;0.563277;370876;0;0;sBELA0;? Unchecked;v1.6.0-147-gfbf9e2e
roadmap;dimacs;73/1000;1000;      4599;    239654;0;497;6682;206441;1;0;875;0.563359;366446;0;0;sBELA0;? Unchecked;v1.6.0-147-gfbf9e2e
roadmap;dimacs;74/1000;1000;    259083;     27133;0;510;6868;208023;1;0;875;0.593811;350319;0;0;sBELA0;? Unchecked;v1.6.0-147-gfbf9e2e
roadmap;dimacs;75/1000;1000;      4066;    255519;0;508;6820;208543;1;0;875;0.562694;370615;0;0;sBELA0;? Unchecked;v1.6.0-147-gfbf9e2e
roadmap;dimacs;76/1000;1000;    260612;      4579;0;523;7058;208684;1;0;875;0.553056;377329;0;0;sBELA0;? Unchecked;v1.6.0-147-gfbf9e2e
roadmap;dimacs;77/1000;1000;    254984;     11245;0;515;6938;208551;1;0;875;0.559802;372544;0;0;sBELA0;? Unchecked;v1.6.0-147-gfbf9e2e
roadmap;dimacs;78/1000;1000;    258027;     15880;0;511;6886;208631;1;0;875;0.560614;372147;0;0;sBELA0;? Unchecked;v1.6.0-147-gfbf9e2e
roadmap;dimacs;79/1000;1000;     10267;    244219;0;503;6762;208610;1;0;875;0.553916;376609;0;0;sBELA0;? Unchecked;v1.6.0-147-gfbf9e2e
roadmap;dimacs;80/1000;1000;    222207;      3089;0;505;6714;209032;1;0;875;0.576391;362656;0;0;sBELA0;? Unchecked;v1.6.0-147-gfbf9e2e
roadmap;dimacs;81/1000;1000;      3056;    241705;0;492;6640;206278;1;0;875;0.560083;368299;0;0;sBELA0;? Unchecked;v1.6.0-147-gfbf9e2e
roadmap;dimacs;82/1000;1000;      6617;    240136;0;495;6658;208144;1;0;875;0.560811;371148;0;0;sBELA0;? Unchecked;v1.6.0-147-gfbf9e2e
roadmap;dimacs;83/1000;1000;    242148;      9232;0;495;6658;208811;1;0;875;0.563565;370518;0;0;sBELA0;? Unchecked;v1.6.0-147-gfbf9e2e
roadmap;dimacs;84/1000;1000;    247299;       479;0;514;6920;208754;1;0;875;0.556232;375300;0;0;sBELA0;? Unchecked;v1.6.0-147-gfbf9e2e
roadmap;dimacs;85/1000;1000;     13844;    253941;0;510;6856;208997;1;0;875;0.552514;378266;0;0;sBELA0;? Unchecked;v1.6.0-147-gfbf9e2e
roadmap;dimacs;86/1000;1000;      3578;    260146;0;518;6956;208230;1;0;875;0.567343;367027;0;0;sBELA0;? Unchecked;v1.6.0-147-gfbf9e2e
roadmap;dimacs;87/1000;1000;    258031;     24598;0;499;6706;207158;1;0;875;0.55727;371738;0;0;sBELA0;? Unchecked;v1.6.0-147-gfbf9e2e
roadmap;dimacs;88/1000;1000;    236012;      8209;0;494;6640;208800;1;0;875;0.564433;369929;0;0;sBELA0;? Unchecked;v1.6.0-147-gfbf9e2e
roadmap;dimacs;89/1000;1000;      2564;    248267;0;498;6724;206233;1;0;875;0.559344;368705;0;0;sBELA0;? Unchecked;v1.6.0-147-gfbf9e2e
roadmap;dimacs;90/1000;1000;      1018;    248854;0;521;7002;208376;1;0;875;0.574218;362886;0;0;sBELA0;? Unchecked;v1.6.0-147-gfbf9e2e
roadmap;dimacs;91/1000;1000;    222716;      6155;0;503;6694;209050;1;0;875;0.570508;366428;0;0;sBELA0;? Unchecked;v1.6.0-147-gfbf9e2e
roadmap;dimacs;92/1000;1000;     12795;    247326;0;503;6762;207777;1;0;875;0.561581;369986;0;0;sBELA0;? Unchecked;v1.6.0-147-gfbf9e2e
roadmap;dimacs;93/1000;1000;    248266;       516;0;501;6754;209273;1;0;875;0.568188;368316;0;0;sBELA0;? Unchecked;v1.6.0-147-gfbf9e2e
roadmap;dimacs;94/1000;1000;     24066;    255486;0;521;6962;209188;1;0;875;0.560786;373026;0;0;sBELA0;? Unchecked;v1.6.0-147-gfbf9e2e
roadmap;dimacs;95/1000;1000;    247816;       997;0;516;6936;208924;1;0;875;0.555267;376259;0;0;sBELA0;? Unchecked;v1.6.0-147-gfbf9e2e
roadmap;dimacs;96/1000;1000;    253972;     20465;0;501;6742;208092;1;0;875;0.552304;376771;0;0;sBELA0;? Unchecked;v1.6.0-147-gfbf9e2e
roadmap;dimacs;97/1000;1000;    252422;      2515;0;511;6866;208267;1;0;875;0.550843;378087;0;0;sBELA0;? Unchecked;v1.6.0-147-gfbf9e2e
roadmap;dimacs;98/1000;1000;    229860;      1035;0;496;6652;209225;1;0;875;0.565623;369902;0;0;sBELA0;? Unchecked;v1.6.0-147-gfbf9e2e
roadmap;dimacs;99/1000;1000;    247295;     28681;0;511;6778;207943;1;0;875;0.560762;370822;0;0;sBELA0;? Unchecked;v1.6.0-147-gfbf9e2e
