domain;variant;id;k;start;goal;nbtrees;mem;runtime;solver;version
roadmap;dimacs;0;1;185304;78004;1;315.281;0.108434;PSB;
roadmap;dimacs;1;1;75504;232776;1;315.406;0.141816;PSB;
roadmap;dimacs;2;1;164668;56964;1;315.406;0.0874536;PSB;
roadmap;dimacs;3;1;185932;65044;1;315.406;0.100499;PSB;
roadmap;dimacs;4;1;260054;76690;1;315.406;0.134032;PSB;
roadmap;dimacs;5;1;208831;68322;1;315.406;0.0958617;PSB;
roadmap;dimacs;6;1;171352;103936;1;315.406;0.124088;PSB;
roadmap;dimacs;7;1;67586;5493;1;315.406;0.138509;PSB;
roadmap;dimacs;8;1;240171;101021;1;315.406;0.117543;PSB;
roadmap;dimacs;9;1;8686;57324;1;315.406;0.0981935;PSB;
roadmap;dimacs;10;1;70116;192949;1;315.406;0.0990528;PSB;
roadmap;dimacs;11;1;62502;51055;1;315.406;0.135356;PSB;
roadmap;dimacs;12;1;259123;74258;1;315.406;0.140301;PSB;
roadmap;dimacs;13;1;155875;101452;1;315.406;0.131177;PSB;
roadmap;dimacs;14;1;260290;94483;1;315.406;0.117246;PSB;
roadmap;dimacs;15;1;158172;231849;1;315.406;0.130679;PSB;
roadmap;dimacs;16;1;173317;97062;1;315.406;0.142489;PSB;
roadmap;dimacs;17;1;86025;11504;1;315.406;0.146806;PSB;
roadmap;dimacs;18;1;159691;41106;1;315.406;0.12835;PSB;
roadmap;dimacs;19;1;137601;92107;1;315.406;0.0667481;PSB;
roadmap;dimacs;20;1;167163;120829;1;315.406;0.109561;PSB;
roadmap;dimacs;21;1;91132;107074;1;315.406;0.128267;PSB;
roadmap;dimacs;22;1;67727;19338;1;315.406;0.15573;PSB;
roadmap;dimacs;23;1;60442;259746;1;315.406;0.136063;PSB;
roadmap;dimacs;24;1;103204;263077;1;315.406;0.117514;PSB;
roadmap;dimacs;25;1;207887;73900;1;315.406;0.0688896;PSB;
roadmap;dimacs;26;1;158034;38934;1;315.406;0.135209;PSB;
roadmap;dimacs;27;1;119514;262143;1;315.406;0.130231;PSB;
roadmap;dimacs;28;1;133416;95500;1;315.406;0.0854454;PSB;
roadmap;dimacs;29;1;222955;118711;1;315.406;0.0870581;PSB;
roadmap;dimacs;30;1;174388;6652;1;315.406;0.126118;PSB;
roadmap;dimacs;31;1;66450;155619;1;315.406;0.131956;PSB;
roadmap;dimacs;32;1;41744;256787;1;315.406;0.119096;PSB;
roadmap;dimacs;33;1;246406;117343;1;315.406;0.116384;PSB;
roadmap;dimacs;34;1;159112;109571;1;315.406;0.128793;PSB;
roadmap;dimacs;35;1;154540;118595;1;315.406;0.136267;PSB;
roadmap;dimacs;36;1;43852;261229;1;315.406;0.109721;PSB;
roadmap;dimacs;37;1;176196;131165;1;315.406;0.134838;PSB;
roadmap;dimacs;38;1;92944;91684;1;315.406;0.0939432;PSB;
roadmap;dimacs;39;1;116170;205917;1;315.406;0.142839;PSB;
roadmap;dimacs;40;1;167490;125416;1;315.406;0.116183;PSB;
roadmap;dimacs;41;1;150465;262664;1;315.406;0.0899568;PSB;
roadmap;dimacs;42;1;171058;67916;1;315.406;0.10942;PSB;
roadmap;dimacs;43;1;8423;71279;1;315.406;0.100892;PSB;
roadmap;dimacs;44;1;177607;103006;1;315.406;0.13832;PSB;
roadmap;dimacs;45;1;255475;124116;1;315.406;0.127633;PSB;
roadmap;dimacs;46;1;154599;263081;1;315.406;0.092148;PSB;
roadmap;dimacs;47;1;6764;171272;1;315.406;0.113284;PSB;
roadmap;dimacs;48;1;260804;56417;1;315.406;0.151016;PSB;
roadmap;dimacs;49;1;234261;97162;1;315.406;0.117168;PSB;
roadmap;dimacs;50;1;57292;23118;1;315.406;0.145724;PSB;
roadmap;dimacs;51;1;118879;149439;1;315.406;0.148188;PSB;
roadmap;dimacs;52;1;84220;1755;1;315.406;0.144669;PSB;
roadmap;dimacs;53;1;119181;221944;1;315.406;0.146689;PSB;
roadmap;dimacs;54;1;252852;48833;1;315.406;0.149477;PSB;
roadmap;dimacs;55;1;118475;144679;1;315.406;0.128044;PSB;
roadmap;dimacs;56;1;210369;91786;1;315.406;0.086243;PSB;
roadmap;dimacs;57;1;127515;243952;1;315.406;0.118398;PSB;
roadmap;dimacs;58;1;183807;73003;1;315.406;0.109906;PSB;
roadmap;dimacs;59;1;234723;214629;1;315.406;0.126438;PSB;
roadmap;dimacs;60;1;107313;88064;1;315.406;0.0928621;PSB;
roadmap;dimacs;61;1;250064;58187;1;315.406;0.0991756;PSB;
roadmap;dimacs;62;1;212821;191362;1;315.406;0.106122;PSB;
roadmap;dimacs;63;1;74274;116192;1;315.406;0.10558;PSB;
roadmap;dimacs;64;1;87717;165175;1;315.406;0.124617;PSB;
roadmap;dimacs;65;1;76812;36590;1;315.406;0.137683;PSB;
roadmap;dimacs;66;1;46813;175266;1;315.406;0.078483;PSB;
roadmap;dimacs;67;1;173566;38628;1;315.406;0.134317;PSB;
roadmap;dimacs;68;1;232101;216494;1;315.406;0.13276;PSB;
roadmap;dimacs;69;1;231596;198641;1;315.406;0.129277;PSB;
roadmap;dimacs;70;1;65448;246958;1;315.406;0.150598;PSB;
roadmap;dimacs;71;1;191194;149512;1;315.406;0.15033;PSB;
roadmap;dimacs;72;1;225244;176756;1;315.406;0.122488;PSB;
roadmap;dimacs;73;1;125330;240550;1;315.406;0.117802;PSB;
roadmap;dimacs;74;1;57931;8458;1;315.406;0.148804;PSB;
roadmap;dimacs;75;1;236450;185477;1;315.406;0.151028;PSB;
roadmap;dimacs;76;1;137368;120603;1;315.406;0.108354;PSB;
roadmap;dimacs;77;1;36645;160209;1;315.406;0.0881757;PSB;
roadmap;dimacs;78;1;82297;241347;1;315.406;0.147708;PSB;
roadmap;dimacs;79;1;241913;224579;1;315.406;0.114399;PSB;
roadmap;dimacs;80;1;236197;52423;1;315.406;0.149692;PSB;
roadmap;dimacs;81;1;60856;173223;1;315.406;0.136509;PSB;
roadmap;dimacs;82;1;171246;39037;1;315.406;0.123637;PSB;
roadmap;dimacs;83;1;97905;170503;1;315.406;0.123344;PSB;
roadmap;dimacs;84;1;42539;158421;1;315.406;0.12151;PSB;
roadmap;dimacs;85;1;177597;17343;1;315.406;0.133949;PSB;
roadmap;dimacs;86;1;219839;230256;1;315.406;0.111374;PSB;
roadmap;dimacs;87;1;31;148976;1;315.406;0.137817;PSB;
roadmap;dimacs;88;1;2731;93049;1;315.406;0.136735;PSB;
roadmap;dimacs;89;1;766;123574;1;315.406;0.143702;PSB;
roadmap;dimacs;90;1;67860;232633;1;315.406;0.125101;PSB;
roadmap;dimacs;91;1;165688;101432;1;315.406;0.112176;PSB;
roadmap;dimacs;92;1;184899;70350;1;315.406;0.120899;PSB;
roadmap;dimacs;93;1;64726;242671;1;315.406;0.13401;PSB;
roadmap;dimacs;94;1;260929;172368;1;315.406;0.127456;PSB;
roadmap;dimacs;95;1;123167;206957;1;315.406;0.108271;PSB;
roadmap;dimacs;96;1;233233;100670;1;315.406;0.114033;PSB;
roadmap;dimacs;97;1;158836;229582;1;315.406;0.131782;PSB;
roadmap;dimacs;98;1;165689;119877;1;315.406;0.107373;PSB;
roadmap;dimacs;99;1;23108;60612;1;315.406;0.0710586;PSB;
roadmap;dimacs;0;5;185304;78004;1;315.406;0.136504;PSB;
roadmap;dimacs;1;5;75504;232776;5;315.406;1.7723;PSB;
roadmap;dimacs;2;5;164668;56964;1;315.406;0.10917;PSB;
roadmap;dimacs;3;5;185932;65044;1;315.406;0.121942;PSB;
roadmap;dimacs;4;5;260054;76690;1;315.406;0.1517;PSB;
roadmap;dimacs;5;5;208831;68322;1;315.406;0.116109;PSB;
roadmap;dimacs;6;5;171352;103936;1;315.406;0.145037;PSB;
roadmap;dimacs;7;5;67586;5493;1;315.406;0.149264;PSB;
roadmap;dimacs;8;5;240171;101021;2;315.406;0.600302;PSB;
roadmap;dimacs;9;5;8686;57324;1;315.406;0.119589;PSB;
roadmap;dimacs;10;5;70116;192949;1;315.406;0.119691;PSB;
roadmap;dimacs;11;5;62502;51055;1;315.406;0.155425;PSB;
roadmap;dimacs;12;5;259123;74258;1;315.406;0.161926;PSB;
roadmap;dimacs;13;5;155875;101452;1;315.406;0.153941;PSB;
roadmap;dimacs;14;5;260290;94483;1;315.406;0.13796;PSB;
roadmap;dimacs;15;5;158172;231849;2;315.406;0.676275;PSB;
roadmap;dimacs;16;5;173317;97062;1;315.406;0.162918;PSB;
roadmap;dimacs;17;5;86025;11504;3;315.406;0.90623;PSB;
roadmap;dimacs;18;5;159691;41106;1;315.406;0.150615;PSB;
roadmap;dimacs;19;5;137601;92107;1;315.406;0.0874131;PSB;
roadmap;dimacs;20;5;167163;120829;1;315.406;0.129732;PSB;
roadmap;dimacs;21;5;91132;107074;1;315.406;0.146695;PSB;
roadmap;dimacs;22;5;67727;19338;1;315.406;0.166852;PSB;
roadmap;dimacs;23;5;60442;259746;1;315.406;0.158039;PSB;
roadmap;dimacs;24;5;103204;263077;1;315.406;0.134654;PSB;
roadmap;dimacs;25;5;207887;73900;1;315.406;0.0863563;PSB;
roadmap;dimacs;26;5;158034;38934;1;315.406;0.15767;PSB;
roadmap;dimacs;27;5;119514;262143;1;315.406;0.149308;PSB;
roadmap;dimacs;28;5;133416;95500;1;315.406;0.105744;PSB;
roadmap;dimacs;29;5;222955;118711;1;315.406;0.0977617;PSB;
roadmap;dimacs;30;5;174388;6652;2;315.406;0.680003;PSB;
roadmap;dimacs;31;5;66450;155619;1;315.406;0.156578;PSB;
roadmap;dimacs;32;5;41744;256787;1;315.406;0.139252;PSB;
roadmap;dimacs;33;5;246406;117343;1;315.406;0.136616;PSB;
roadmap;dimacs;34;5;159112;109571;1;315.406;0.150753;PSB;
roadmap;dimacs;35;5;154540;118595;1;315.406;0.15613;PSB;
roadmap;dimacs;36;5;43852;261229;1;315.406;0.132655;PSB;
roadmap;dimacs;37;5;176196;131165;1;315.406;0.155;PSB;
roadmap;dimacs;38;5;92944;91684;1;315.406;0.115464;PSB;
roadmap;dimacs;39;5;116170;205917;1;315.406;0.161994;PSB;
roadmap;dimacs;40;5;167490;125416;1;315.406;0.137529;PSB;
roadmap;dimacs;41;5;150465;262664;1;315.406;0.111057;PSB;
roadmap;dimacs;42;5;171058;67916;1;315.406;0.131305;PSB;
roadmap;dimacs;43;5;8423;71279;1;315.406;0.121886;PSB;
roadmap;dimacs;44;5;177607;103006;1;315.406;0.159131;PSB;
roadmap;dimacs;45;5;255475;124116;2;315.406;0.53374;PSB;
roadmap;dimacs;46;5;154599;263081;2;315.406;0.517901;PSB;
roadmap;dimacs;47;5;6764;171272;3;315.406;0.617706;PSB;
roadmap;dimacs;48;5;260804;56417;1;315.406;0.169999;PSB;
roadmap;dimacs;49;5;234261;97162;1;315.406;0.137136;PSB;
roadmap;dimacs;50;5;57292;23118;2;315.406;0.340746;PSB;
roadmap;dimacs;51;5;118879;149439;1;315.406;0.169797;PSB;
roadmap;dimacs;52;5;84220;1755;1;315.406;0.168949;PSB;
roadmap;dimacs;53;5;119181;221944;1;315.406;0.166888;PSB;
roadmap;dimacs;54;5;252852;48833;1;315.406;0.170033;PSB;
roadmap;dimacs;55;5;118475;144679;1;315.406;0.147736;PSB;
roadmap;dimacs;56;5;210369;91786;1;315.406;0.105582;PSB;
roadmap;dimacs;57;5;127515;243952;1;315.406;0.139003;PSB;
roadmap;dimacs;58;5;183807;73003;1;315.406;0.130185;PSB;
roadmap;dimacs;59;5;234723;214629;1;315.406;0.148016;PSB;
roadmap;dimacs;60;5;107313;88064;1;315.406;0.114255;PSB;
roadmap;dimacs;61;5;250064;58187;1;315.406;0.119472;PSB;
roadmap;dimacs;62;5;212821;191362;1;315.406;0.128293;PSB;
roadmap;dimacs;63;5;74274;116192;1;315.406;0.12703;PSB;
roadmap;dimacs;64;5;87717;165175;1;315.406;0.146576;PSB;
roadmap;dimacs;65;5;76812;36590;1;315.406;0.154157;PSB;
roadmap;dimacs;66;5;46813;175266;1;315.406;0.0994492;PSB;
roadmap;dimacs;67;5;173566;38628;1;315.406;0.155711;PSB;
roadmap;dimacs;68;5;232101;216494;2;315.406;0.282883;PSB;
roadmap;dimacs;69;5;231596;198641;1;315.406;0.150798;PSB;
roadmap;dimacs;70;5;65448;246958;1;315.406;0.16385;PSB;
roadmap;dimacs;71;5;191194;149512;1;315.406;0.168647;PSB;
roadmap;dimacs;72;5;225244;176756;1;315.406;0.142171;PSB;
roadmap;dimacs;73;5;125330;240550;3;315.406;1.4184;PSB;
roadmap;dimacs;74;5;57931;8458;1;315.406;0.169203;PSB;
roadmap;dimacs;75;5;236450;185477;1;315.406;0.156688;PSB;
roadmap;dimacs;76;5;137368;120603;1;315.406;0.119215;PSB;
roadmap;dimacs;77;5;36645;160209;1;315.406;0.107402;PSB;
roadmap;dimacs;78;5;82297;241347;1;315.406;0.169268;PSB;
roadmap;dimacs;79;5;241913;224579;1;315.406;0.132695;PSB;
roadmap;dimacs;80;5;236197;52423;1;315.406;0.169645;PSB;
roadmap;dimacs;81;5;60856;173223;1;315.406;0.157494;PSB;
roadmap;dimacs;82;5;171246;39037;1;315.406;0.143116;PSB;
roadmap;dimacs;83;5;97905;170503;1;315.406;0.14325;PSB;
roadmap;dimacs;84;5;42539;158421;1;315.406;0.12325;PSB;
roadmap;dimacs;85;5;177597;17343;2;315.406;0.319222;PSB;
roadmap;dimacs;86;5;219839;230256;1;315.406;0.142551;PSB;
roadmap;dimacs;87;5;31;148976;1;315.406;0.15959;PSB;
roadmap;dimacs;88;5;2731;93049;1;315.406;0.157409;PSB;
roadmap;dimacs;89;5;766;123574;2;315.406;0.443702;PSB;
roadmap;dimacs;90;5;67860;232633;1;315.406;0.147421;PSB;
roadmap;dimacs;91;5;165688;101432;1;315.406;0.135737;PSB;
roadmap;dimacs;92;5;184899;70350;2;315.406;0.612589;PSB;
roadmap;dimacs;93;5;64726;242671;1;315.406;0.153434;PSB;
roadmap;dimacs;94;5;260929;172368;1;315.406;0.14873;PSB;
roadmap;dimacs;95;5;123167;206957;1;315.406;0.131538;PSB;
roadmap;dimacs;96;5;233233;100670;1;315.406;0.137184;PSB;
roadmap;dimacs;97;5;158836;229582;1;315.406;0.154196;PSB;
roadmap;dimacs;98;5;165689;119877;1;315.406;0.131763;PSB;
roadmap;dimacs;99;5;23108;60612;1;315.406;0.0906231;PSB;
roadmap;dimacs;0;10;185304;78004;1;315.406;0.165041;PSB;
roadmap;dimacs;1;10;75504;232776;8;315.406;3.00598;PSB;
roadmap;dimacs;2;10;164668;56964;1;315.406;0.129663;PSB;
roadmap;dimacs;3;10;185932;65044;1;315.406;0.143795;PSB;
roadmap;dimacs;4;10;260054;76690;2;315.406;0.715798;PSB;
roadmap;dimacs;5;10;208831;68322;1;315.406;0.147963;PSB;
roadmap;dimacs;6;10;171352;103936;1;315.406;0.167631;PSB;
roadmap;dimacs;7;10;67586;5493;1;315.406;0.171867;PSB;
roadmap;dimacs;8;10;240171;101021;2;315.406;0.651064;PSB;
roadmap;dimacs;9;10;8686;57324;1;315.406;0.140984;PSB;
roadmap;dimacs;10;10;70116;192949;1;315.406;0.141783;PSB;
roadmap;dimacs;11;10;62502;51055;9;315.406;1.1442;PSB;
roadmap;dimacs;12;10;259123;74258;1;315.406;0.189956;PSB;
roadmap;dimacs;13;10;155875;101452;1;315.406;0.172971;PSB;
roadmap;dimacs;14;10;260290;94483;1;315.406;0.161036;PSB;
roadmap;dimacs;15;10;158172;231849;2;315.406;0.705379;PSB;
roadmap;dimacs;16;10;173317;97062;1;315.406;0.184841;PSB;
roadmap;dimacs;17;10;86025;11504;7;315.406;2.41036;PSB;
roadmap;dimacs;18;10;159691;41106;1;315.406;0.172585;PSB;
roadmap;dimacs;19;10;137601;92107;2;315.406;0.625628;PSB;
roadmap;dimacs;20;10;167163;120829;2;315.406;0.269674;PSB;
roadmap;dimacs;21;10;91132;107074;1;315.406;0.170303;PSB;
roadmap;dimacs;22;10;67727;19338;1;315.406;0.193;PSB;
roadmap;dimacs;23;10;60442;259746;1;315.406;0.181524;PSB;
roadmap;dimacs;24;10;103204;263077;1;315.406;0.164471;PSB;
roadmap;dimacs;25;10;207887;73900;1;315.406;0.11077;PSB;
roadmap;dimacs;26;10;158034;38934;1;315.406;0.179931;PSB;
roadmap;dimacs;27;10;119514;262143;1;315.406;0.169811;PSB;
roadmap;dimacs;28;10;133416;95500;1;315.406;0.126989;PSB;
roadmap;dimacs;29;10;222955;118711;1;315.406;0.119024;PSB;
roadmap;dimacs;30;10;174388;6652;6;315.406;2.28437;PSB;
roadmap;dimacs;31;10;66450;155619;1;315.406;0.180396;PSB;
roadmap;dimacs;32;10;41744;256787;2;315.406;0.83003;PSB;
roadmap;dimacs;33;10;246406;117343;1;315.406;0.161324;PSB;
roadmap;dimacs;34;10;159112;109571;1;315.406;0.172445;PSB;
roadmap;dimacs;35;10;154540;118595;1;315.406;0.179235;PSB;
roadmap;dimacs;36;10;43852;261229;2;315.406;0.601899;PSB;
roadmap;dimacs;37;10;176196;131165;1;315.406;0.173554;PSB;
roadmap;dimacs;38;10;92944;91684;1;315.406;0.140696;PSB;
roadmap;dimacs;39;10;116170;205917;1;315.406;0.186614;PSB;
roadmap;dimacs;40;10;167490;125416;1;315.406;0.168557;PSB;
roadmap;dimacs;41;10;150465;262664;1;315.406;0.132324;PSB;
roadmap;dimacs;42;10;171058;67916;1;315.406;0.15454;PSB;
roadmap;dimacs;43;10;8423;71279;1;315.406;0.142233;PSB;
roadmap;dimacs;44;10;177607;103006;1;315.406;0.18413;PSB;
roadmap;dimacs;45;10;255475;124116;2;315.406;0.555118;PSB;
roadmap;dimacs;46;10;154599;263081;3;315.406;0.954692;PSB;
roadmap;dimacs;47;10;6764;171272;4;315.406;0.915977;PSB;
roadmap;dimacs;48;10;260804;56417;1;315.406;0.194622;PSB;
roadmap;dimacs;49;10;234261;97162;1;315.406;0.160952;PSB;
roadmap;dimacs;50;10;57292;23118;5;315.406;0.882211;PSB;
roadmap;dimacs;51;10;118879;149439;1;315.406;0.193243;PSB;
roadmap;dimacs;52;10;84220;1755;1;315.406;0.194816;PSB;
roadmap;dimacs;53;10;119181;221944;1;315.406;0.192276;PSB;
roadmap;dimacs;54;10;252852;48833;5;315.406;0.698017;PSB;
roadmap;dimacs;55;10;118475;144679;1;315.406;0.172616;PSB;
roadmap;dimacs;56;10;210369;91786;1;315.406;0.128674;PSB;
roadmap;dimacs;57;10;127515;243952;1;315.406;0.160855;PSB;
roadmap;dimacs;58;10;183807;73003;1;315.406;0.153419;PSB;
roadmap;dimacs;59;10;234723;214629;1;315.406;0.171273;PSB;
roadmap;dimacs;60;10;107313;88064;1;315.406;0.139001;PSB;
roadmap;dimacs;61;10;250064;58187;1;315.406;0.141666;PSB;
roadmap;dimacs;62;10;212821;191362;1;315.406;0.147354;PSB;
roadmap;dimacs;63;10;74274;116192;1;315.406;0.149982;PSB;
roadmap;dimacs;64;10;87717;165175;1;315.406;0.171118;PSB;
roadmap;dimacs;65;10;76812;36590;1;315.406;0.177777;PSB;
roadmap;dimacs;66;10;46813;175266;1;315.406;0.123444;PSB;
roadmap;dimacs;67;10;173566;38628;1;315.406;0.178261;PSB;
roadmap;dimacs;68;10;232101;216494;3;315.406;0.441676;PSB;
roadmap;dimacs;69;10;231596;198641;1;315.406;0.174995;PSB;
roadmap;dimacs;70;10;65448;246958;9;315.406;3.49762;PSB;
roadmap;dimacs;71;10;191194;149512;1;315.406;0.191443;PSB;
roadmap;dimacs;72;10;225244;176756;1;315.406;0.166055;PSB;
roadmap;dimacs;73;10;125330;240550;3;315.406;1.41592;PSB;
roadmap;dimacs;74;10;57931;8458;1;315.406;0.194163;PSB;
roadmap;dimacs;75;10;236450;185477;1;315.406;0.17948;PSB;
roadmap;dimacs;76;10;137368;120603;1;315.406;0.140749;PSB;
roadmap;dimacs;77;10;36645;160209;1;315.406;0.129756;PSB;
roadmap;dimacs;78;10;82297;241347;1;315.406;0.191232;PSB;
roadmap;dimacs;79;10;241913;224579;1;315.406;0.154555;PSB;
roadmap;dimacs;80;10;236197;52423;1;315.406;0.194298;PSB;
roadmap;dimacs;81;10;60856;173223;1;315.406;0.178617;PSB;
roadmap;dimacs;82;10;171246;39037;1;315.406;0.166793;PSB;
roadmap;dimacs;83;10;97905;170503;1;315.406;0.165044;PSB;
roadmap;dimacs;84;10;42539;158421;1;315.406;0.145161;PSB;
roadmap;dimacs;85;10;177597;17343;3;315.406;0.506987;PSB;
roadmap;dimacs;86;10;219839;230256;1;315.406;0.156907;PSB;
roadmap;dimacs;87;10;31;148976;1;315.406;0.182851;PSB;
roadmap;dimacs;88;10;2731;93049;1;315.406;0.179274;PSB;
roadmap;dimacs;89;10;766;123574;3;315.406;0.761912;PSB;
roadmap;dimacs;90;10;67860;232633;1;315.406;0.167651;PSB;
roadmap;dimacs;91;10;165688;101432;1;315.406;0.159171;PSB;
roadmap;dimacs;92;10;184899;70350;5;315.406;2.00156;PSB;
roadmap;dimacs;93;10;64726;242671;1;315.406;0.172914;PSB;
roadmap;dimacs;94;10;260929;172368;1;315.406;0.171844;PSB;
roadmap;dimacs;95;10;123167;206957;1;315.406;0.151357;PSB;
roadmap;dimacs;96;10;233233;100670;1;315.406;0.157158;PSB;
roadmap;dimacs;97;10;158836;229582;1;315.406;0.175754;PSB;
roadmap;dimacs;98;10;165689;119877;1;315.406;0.154542;PSB;
roadmap;dimacs;99;10;23108;60612;1;315.406;0.111265;PSB;
roadmap;dimacs;0;20;185304;78004;1;315.406;0.196738;PSB;
roadmap;dimacs;1;20;75504;232776;10;315.406;3.88798;PSB;
roadmap;dimacs;2;20;164668;56964;1;315.406;0.171509;PSB;
roadmap;dimacs;3;20;185932;65044;1;315.406;0.187749;PSB;
roadmap;dimacs;4;20;260054;76690;3;315.406;1.29287;PSB;
roadmap;dimacs;5;20;208831;68322;1;315.406;0.178856;PSB;
roadmap;dimacs;6;20;171352;103936;1;315.406;0.211148;PSB;
roadmap;dimacs;7;20;67586;5493;1;315.406;0.205307;PSB;
roadmap;dimacs;8;20;240171;101021;3;315.406;1.1445;PSB;
roadmap;dimacs;9;20;8686;57324;1;315.406;0.184259;PSB;
roadmap;dimacs;10;20;70116;192949;1;315.406;0.180648;PSB;
roadmap;dimacs;11;20;62502;51055;14;336.176;1.70514;PSB;
roadmap;dimacs;12;20;259123;74258;1;336.176;0.228017;PSB;
roadmap;dimacs;13;20;155875;101452;1;336.176;0.216151;PSB;
roadmap;dimacs;14;20;260290;94483;1;336.176;0.204559;PSB;
roadmap;dimacs;15;20;158172;231849;2;336.176;0.746531;PSB;
roadmap;dimacs;16;20;173317;97062;1;336.176;0.231967;PSB;
roadmap;dimacs;17;20;86025;11504;11;336.176;4.01039;PSB;
roadmap;dimacs;18;20;159691;41106;1;336.176;0.214799;PSB;
roadmap;dimacs;19;20;137601;92107;3;336.176;1.21795;PSB;
roadmap;dimacs;20;20;167163;120829;2;336.176;0.318574;PSB;
roadmap;dimacs;21;20;91132;107074;1;336.176;0.209425;PSB;
roadmap;dimacs;22;20;67727;19338;1;336.176;0.236508;PSB;
roadmap;dimacs;23;20;60442;259746;1;336.176;0.22345;PSB;
roadmap;dimacs;24;20;103204;263077;1;336.176;0.20488;PSB;
roadmap;dimacs;25;20;207887;73900;1;336.176;0.153193;PSB;
roadmap;dimacs;26;20;158034;38934;1;336.176;0.224144;PSB;
roadmap;dimacs;27;20;119514;262143;1;336.176;0.217292;PSB;
roadmap;dimacs;28;20;133416;95500;1;336.176;0.168087;PSB;
roadmap;dimacs;29;20;222955;118711;3;336.176;0.467735;PSB;
roadmap;dimacs;30;20;174388;6652;10;336.176;3.9298;PSB;
roadmap;dimacs;31;20;66450;155619;1;336.176;0.228984;PSB;
roadmap;dimacs;32;20;41744;256787;2;336.176;0.877824;PSB;
roadmap;dimacs;33;20;246406;117343;1;336.176;0.20263;PSB;
roadmap;dimacs;34;20;159112;109571;1;336.176;0.222686;PSB;
roadmap;dimacs;35;20;154540;118595;1;336.176;0.220445;PSB;
roadmap;dimacs;36;20;43852;261229;2;336.176;0.647174;PSB;
roadmap;dimacs;37;20;176196;131165;1;336.176;0.218979;PSB;
roadmap;dimacs;38;20;92944;91684;5;336.176;0.805556;PSB;
roadmap;dimacs;39;20;116170;205917;1;336.176;0.245652;PSB;
roadmap;dimacs;40;20;167490;125416;1;336.176;0.202392;PSB;
roadmap;dimacs;41;20;150465;262664;1;336.176;0.173869;PSB;
roadmap;dimacs;42;20;171058;67916;1;336.176;0.193451;PSB;
roadmap;dimacs;43;20;8423;71279;1;336.176;0.185152;PSB;
roadmap;dimacs;44;20;177607;103006;1;336.176;0.224526;PSB;
roadmap;dimacs;45;20;255475;124116;5;336.176;1.69314;PSB;
roadmap;dimacs;46;20;154599;263081;5;336.176;1.84598;PSB;
roadmap;dimacs;47;20;6764;171272;5;336.176;1.21057;PSB;
roadmap;dimacs;48;20;260804;56417;1;336.176;0.234685;PSB;
roadmap;dimacs;49;20;234261;97162;1;336.176;0.200282;PSB;
roadmap;dimacs;50;20;57292;23118;8;336.176;1.4456;PSB;
roadmap;dimacs;51;20;118879;149439;1;336.176;0.236065;PSB;
roadmap;dimacs;52;20;84220;1755;1;336.176;0.245541;PSB;
roadmap;dimacs;53;20;119181;221944;1;336.176;0.227554;PSB;
roadmap;dimacs;54;20;252852;48833;5;336.176;0.746519;PSB;
roadmap;dimacs;55;20;118475;144679;1;336.176;0.216914;PSB;
roadmap;dimacs;56;20;210369;91786;1;336.176;0.172195;PSB;
roadmap;dimacs;57;20;127515;243952;1;336.176;0.205144;PSB;
roadmap;dimacs;58;20;183807;73003;1;336.176;0.183277;PSB;
roadmap;dimacs;59;20;234723;214629;3;336.176;0.701747;PSB;
roadmap;dimacs;60;20;107313;88064;1;336.176;0.175459;PSB;
roadmap;dimacs;61;20;250064;58187;1;336.176;0.183089;PSB;
roadmap;dimacs;62;20;212821;191362;1;336.176;0.187339;PSB;
roadmap;dimacs;63;20;74274;116192;1;336.176;0.191651;PSB;
roadmap;dimacs;64;20;87717;165175;1;336.176;0.21709;PSB;
roadmap;dimacs;65;20;76812;36590;1;336.176;0.219149;PSB;
roadmap;dimacs;66;20;46813;175266;1;336.176;0.169116;PSB;
roadmap;dimacs;67;20;173566;38628;1;336.176;0.220053;PSB;
roadmap;dimacs;68;20;232101;216494;5;336.176;0.756291;PSB;
roadmap;dimacs;69;20;231596;198641;1;336.176;0.225346;PSB;
roadmap;dimacs;70;20;65448;246958;13;336.176;5.2081;PSB;
roadmap;dimacs;71;20;191194;149512;1;336.176;0.230831;PSB;
roadmap;dimacs;72;20;225244;176756;1;336.176;0.204694;PSB;
roadmap;dimacs;73;20;125330;240550;4;336.176;2.12812;PSB;
roadmap;dimacs;74;20;57931;8458;1;336.176;0.236529;PSB;
roadmap;dimacs;75;20;236450;185477;1;336.176;0.224293;PSB;
roadmap;dimacs;76;20;137368;120603;1;336.176;0.184859;PSB;
roadmap;dimacs;77;20;36645;160209;1;336.176;0.174593;PSB;
roadmap;dimacs;78;20;82297;241347;1;336.176;0.236061;PSB;
roadmap;dimacs;79;20;241913;224579;1;336.176;0.195582;PSB;
roadmap;dimacs;80;20;236197;52423;1;336.176;0.23638;PSB;
roadmap;dimacs;81;20;60856;173223;1;336.176;0.22206;PSB;
roadmap;dimacs;82;20;171246;39037;1;336.176;0.209504;PSB;
roadmap;dimacs;83;20;97905;170503;1;336.176;0.210427;PSB;
roadmap;dimacs;84;20;42539;158421;1;336.176;0.186521;PSB;
roadmap;dimacs;85;20;177597;17343;5;336.176;0.877993;PSB;
roadmap;dimacs;86;20;219839;230256;2;336.176;0.324296;PSB;
roadmap;dimacs;87;20;31;148976;1;336.176;0.224853;PSB;
roadmap;dimacs;88;20;2731;93049;1;336.176;0.224204;PSB;
roadmap;dimacs;89;20;766;123574;4;336.176;1.07316;PSB;
roadmap;dimacs;90;20;67860;232633;1;336.176;0.214246;PSB;
roadmap;dimacs;91;20;165688;101432;1;336.176;0.203995;PSB;
roadmap;dimacs;92;20;184899;70350;11;336.176;4.85605;PSB;
roadmap;dimacs;93;20;64726;242671;1;336.176;0.217607;PSB;
roadmap;dimacs;94;20;260929;172368;1;336.176;0.215465;PSB;
roadmap;dimacs;95;20;123167;206957;1;336.176;0.193444;PSB;
roadmap;dimacs;96;20;233233;100670;1;336.176;0.198882;PSB;
roadmap;dimacs;97;20;158836;229582;1;336.176;0.217158;PSB;
roadmap;dimacs;98;20;165689;119877;7;336.176;2.55185;PSB;
roadmap;dimacs;99;20;23108;60612;1;336.176;0.151741;PSB;
roadmap;dimacs;0;30;185304;78004;1;336.176;0.239549;PSB;
roadmap;dimacs;1;30;75504;232776;16;352.816;6.01047;PSB;
roadmap;dimacs;2;30;164668;56964;1;315.629;0.211083;PSB;
roadmap;dimacs;3;30;185932;65044;1;315.629;0.231096;PSB;
roadmap;dimacs;4;30;260054;76690;3;315.629;1.34467;PSB;
roadmap;dimacs;5;30;208831;68322;1;315.629;0.224128;PSB;
roadmap;dimacs;6;30;171352;103936;1;315.629;0.251955;PSB;
roadmap;dimacs;7;30;67586;5493;1;315.629;0.265616;PSB;
roadmap;dimacs;8;30;240171;101021;5;315.629;2.09059;PSB;
roadmap;dimacs;9;30;8686;57324;1;315.629;0.222914;PSB;
roadmap;dimacs;10;30;70116;192949;1;315.629;0.22476;PSB;
roadmap;dimacs;11;30;62502;51055;22;395.148;2.71879;PSB;
roadmap;dimacs;12;30;259123;74258;1;324.199;0.263938;PSB;
roadmap;dimacs;13;30;155875;101452;1;324.199;0.260127;PSB;
roadmap;dimacs;14;30;260290;94483;1;324.199;0.248348;PSB;
roadmap;dimacs;15;30;158172;231849;2;324.199;0.81332;PSB;
roadmap;dimacs;16;30;173317;97062;1;324.199;0.275712;PSB;
roadmap;dimacs;17;30;86025;11504;19;378.793;7.05512;PSB;
roadmap;dimacs;18;30;159691;41106;1;340.332;0.257281;PSB;
roadmap;dimacs;19;30;137601;92107;3;340.332;1.2399;PSB;
roadmap;dimacs;20;30;167163;120829;4;340.332;0.595737;PSB;
roadmap;dimacs;21;30;91132;107074;1;340.332;0.253202;PSB;
roadmap;dimacs;22;30;67727;19338;1;340.332;0.260327;PSB;
roadmap;dimacs;23;30;60442;259746;1;340.332;0.261971;PSB;
roadmap;dimacs;24;30;103204;263077;1;340.332;0.246653;PSB;
roadmap;dimacs;25;30;207887;73900;1;340.332;0.194381;PSB;
roadmap;dimacs;26;30;158034;38934;1;340.332;0.266005;PSB;
roadmap;dimacs;27;30;119514;262143;1;340.332;0.260119;PSB;
roadmap;dimacs;28;30;133416;95500;1;340.332;0.215883;PSB;
roadmap;dimacs;29;30;222955;118711;5;340.332;0.819615;PSB;
roadmap;dimacs;30;30;174388;6652;13;340.332;5.19523;PSB;
roadmap;dimacs;31;30;66450;155619;1;340.332;0.277809;PSB;
roadmap;dimacs;32;30;41744;256787;2;340.332;0.917487;PSB;
roadmap;dimacs;33;30;246406;117343;1;340.332;0.243513;PSB;
roadmap;dimacs;34;30;159112;109571;3;340.332;1.12628;PSB;
roadmap;dimacs;35;30;154540;118595;1;340.332;0.266026;PSB;
roadmap;dimacs;36;30;43852;261229;2;340.332;0.69163;PSB;
roadmap;dimacs;37;30;176196;131165;1;340.332;0.260933;PSB;
roadmap;dimacs;38;30;92944;91684;5;340.332;0.856675;PSB;
roadmap;dimacs;39;30;116170;205917;1;340.332;0.270675;PSB;
roadmap;dimacs;40;30;167490;125416;1;340.332;0.249589;PSB;
roadmap;dimacs;41;30;150465;262664;1;340.332;0.218105;PSB;
roadmap;dimacs;42;30;171058;67916;1;340.332;0.238077;PSB;
roadmap;dimacs;43;30;8423;71279;1;340.332;0.221432;PSB;
roadmap;dimacs;44;30;177607;103006;1;340.332;0.269043;PSB;
roadmap;dimacs;45;30;255475;124116;6;340.332;2.10448;PSB;
roadmap;dimacs;46;30;154599;263081;9;340.332;3.27913;PSB;
roadmap;dimacs;47;30;6764;171272;5;340.332;1.25549;PSB;
roadmap;dimacs;48;30;260804;56417;1;340.332;0.27737;PSB;
roadmap;dimacs;49;30;234261;97162;1;340.332;0.237437;PSB;
roadmap;dimacs;50;30;57292;23118;10;340.332;1.84789;PSB;
roadmap;dimacs;51;30;118879;149439;1;340.332;0.279393;PSB;
roadmap;dimacs;52;30;84220;1755;1;340.332;0.294894;PSB;
roadmap;dimacs;53;30;119181;221944;2;340.332;0.568955;PSB;
roadmap;dimacs;54;30;252852;48833;9;340.332;1.29842;PSB;
roadmap;dimacs;55;30;118475;144679;1;340.332;0.259726;PSB;
roadmap;dimacs;56;30;210369;91786;1;340.332;0.213908;PSB;
roadmap;dimacs;57;30;127515;243952;1;340.332;0.244051;PSB;
roadmap;dimacs;58;30;183807;73003;1;340.332;0.236366;PSB;
roadmap;dimacs;59;30;234723;214629;5;340.332;1.12566;PSB;
roadmap;dimacs;60;30;107313;88064;1;340.332;0.219622;PSB;
roadmap;dimacs;61;30;250064;58187;2;340.332;0.751962;PSB;
roadmap;dimacs;62;30;212821;191362;1;340.332;0.23455;PSB;
roadmap;dimacs;63;30;74274;116192;1;340.332;0.237601;PSB;
roadmap;dimacs;64;30;87717;165175;1;340.332;0.261312;PSB;
roadmap;dimacs;65;30;76812;36590;1;340.332;0.253868;PSB;
roadmap;dimacs;66;30;46813;175266;1;340.332;0.208539;PSB;
roadmap;dimacs;67;30;173566;38628;1;340.332;0.261853;PSB;
roadmap;dimacs;68;30;232101;216494;5;340.332;0.827216;PSB;
roadmap;dimacs;69;30;231596;198641;1;340.332;0.263084;PSB;
roadmap;dimacs;70;30;65448;246958;13;340.332;5.25417;PSB;
roadmap;dimacs;71;30;191194;149512;1;340.332;0.275446;PSB;
roadmap;dimacs;72;30;225244;176756;1;340.332;0.248938;PSB;
roadmap;dimacs;73;30;125330;240550;9;340.332;5.33768;PSB;
roadmap;dimacs;74;30;57931;8458;1;340.332;0.281873;PSB;
roadmap;dimacs;75;30;236450;185477;1;340.332;0.262575;PSB;
roadmap;dimacs;76;30;137368;120603;1;340.332;0.227824;PSB;
roadmap;dimacs;77;30;36645;160209;1;340.332;0.221189;PSB;
roadmap;dimacs;78;30;82297;241347;1;340.332;0.273428;PSB;
roadmap;dimacs;79;30;241913;224579;1;340.332;0.232015;PSB;
roadmap;dimacs;80;30;236197;52423;5;340.332;0.510251;PSB;
roadmap;dimacs;81;30;60856;173223;1;340.332;0.26724;PSB;
roadmap;dimacs;82;30;171246;39037;1;340.332;0.250825;PSB;
roadmap;dimacs;83;30;97905;170503;1;340.332;0.24433;PSB;
roadmap;dimacs;84;30;42539;158421;1;340.332;0.23452;PSB;
roadmap;dimacs;85;30;177597;17343;6;340.332;1.08818;PSB;
roadmap;dimacs;86;30;219839;230256;3;340.332;0.495649;PSB;
roadmap;dimacs;87;30;31;148976;3;340.332;0.603112;PSB;
roadmap;dimacs;88;30;2731;93049;1;340.332;0.265696;PSB;
roadmap;dimacs;89;30;766;123574;7;340.332;1.95462;PSB;
roadmap;dimacs;90;30;67860;232633;1;340.332;0.253251;PSB;
roadmap;dimacs;91;30;165688;101432;1;340.332;0.249493;PSB;
roadmap;dimacs;92;30;184899;70350;16;357.75;7.18904;PSB;
roadmap;dimacs;93;30;64726;242671;1;319.66;0.257102;PSB;
roadmap;dimacs;94;30;260929;172368;1;319.66;0.256537;PSB;
roadmap;dimacs;95;30;123167;206957;1;319.66;0.233496;PSB;
roadmap;dimacs;96;30;233233;100670;1;319.66;0.235887;PSB;
roadmap;dimacs;97;30;158836;229582;1;319.66;0.259412;PSB;
roadmap;dimacs;98;30;165689;119877;12;331.516;4.58148;PSB;
roadmap;dimacs;99;30;23108;60612;2;331.516;0.608429;PSB;
roadmap;dimacs;0;40;185304;78004;1;331.516;0.28179;PSB;
roadmap;dimacs;1;40;75504;232776;18;372.371;6.86186;PSB;
roadmap;dimacs;2;40;164668;56964;1;315.629;0.239607;PSB;
roadmap;dimacs;3;40;185932;65044;1;315.629;0.265398;PSB;
roadmap;dimacs;4;40;260054;76690;3;315.629;1.38306;PSB;
roadmap;dimacs;5;40;208831;68322;1;315.629;0.262961;PSB;
roadmap;dimacs;6;40;171352;103936;1;315.629;0.292018;PSB;
roadmap;dimacs;7;40;67586;5493;1;315.629;0.315922;PSB;
roadmap;dimacs;8;40;240171;101021;7;315.629;2.96047;PSB;
roadmap;dimacs;9;40;8686;57324;1;315.629;0.257893;PSB;
roadmap;dimacs;10;40;70116;192949;1;315.629;0.261292;PSB;
roadmap;dimacs;11;40;62502;51055;22;396.66;2.75845;PSB;
roadmap;dimacs;12;40;259123;74258;1;325.707;0.311909;PSB;
roadmap;dimacs;13;40;155875;101452;1;325.707;0.307975;PSB;
roadmap;dimacs;14;40;260290;94483;4;325.707;0.879695;PSB;
roadmap;dimacs;15;40;158172;231849;2;325.707;0.83062;PSB;
roadmap;dimacs;16;40;173317;97062;1;325.707;0.320166;PSB;
roadmap;dimacs;17;40;86025;11504;21;393.414;7.84213;PSB;
roadmap;dimacs;18;40;159691;41106;1;319.66;0.306588;PSB;
roadmap;dimacs;19;40;137601;92107;3;319.66;1.30775;PSB;
roadmap;dimacs;20;40;167163;120829;5;319.66;0.761864;PSB;
roadmap;dimacs;21;40;91132;107074;1;319.66;0.29861;PSB;
roadmap;dimacs;22;40;67727;19338;1;319.66;0.320473;PSB;
roadmap;dimacs;23;40;60442;259746;1;319.66;0.309569;PSB;
roadmap;dimacs;24;40;103204;263077;1;319.66;0.288348;PSB;
roadmap;dimacs;25;40;207887;73900;1;319.66;0.234209;PSB;
roadmap;dimacs;26;40;158034;38934;1;319.66;0.313876;PSB;
roadmap;dimacs;27;40;119514;262143;1;319.66;0.29667;PSB;
roadmap;dimacs;28;40;133416;95500;1;319.66;0.256258;PSB;
roadmap;dimacs;29;40;222955;118711;5;319.66;1.4902;PSB;
roadmap;dimacs;30;40;174388;6652;16;355.148;6.40216;PSB;
roadmap;dimacs;31;40;66450;155619;1;319.66;0.325914;PSB;
roadmap;dimacs;32;40;41744;256787;2;319.66;0.962388;PSB;
roadmap;dimacs;33;40;246406;117343;1;319.66;0.283317;PSB;
roadmap;dimacs;34;40;159112;109571;5;319.66;1.93149;PSB;
roadmap;dimacs;35;40;154540;118595;1;319.66;0.310856;PSB;
roadmap;dimacs;36;40;43852;261229;2;319.66;0.738315;PSB;
roadmap;dimacs;37;40;176196;131165;1;319.66;0.308321;PSB;
roadmap;dimacs;38;40;92944;91684;7;319.66;1.21879;PSB;
roadmap;dimacs;39;40;116170;205917;1;319.66;0.311953;PSB;
roadmap;dimacs;40;40;167490;125416;1;319.66;0.290449;PSB;
roadmap;dimacs;41;40;150465;262664;1;319.66;0.262097;PSB;
roadmap;dimacs;42;40;171058;67916;1;319.66;0.281445;PSB;
roadmap;dimacs;43;40;8423;71279;1;319.66;0.268018;PSB;
roadmap;dimacs;44;40;177607;103006;1;319.66;0.314022;PSB;
roadmap;dimacs;45;40;255475;124116;7;319.66;2.55794;PSB;
roadmap;dimacs;46;40;154599;263081;11;324.672;4.16018;PSB;
roadmap;dimacs;47;40;6764;171272;5;324.672;1.29247;PSB;
roadmap;dimacs;48;40;260804;56417;1;324.672;0.318715;PSB;
roadmap;dimacs;49;40;234261;97162;1;324.672;0.275193;PSB;
roadmap;dimacs;50;40;57292;23118;11;324.906;2.07376;PSB;
roadmap;dimacs;51;40;118879;149439;1;324.906;0.298502;PSB;
roadmap;dimacs;52;40;84220;1755;1;324.906;0.34175;PSB;
roadmap;dimacs;53;40;119181;221944;2;324.906;0.602231;PSB;
roadmap;dimacs;54;40;252852;48833;13;339.895;1.97402;PSB;
roadmap;dimacs;55;40;118475;144679;1;339.895;0.30271;PSB;
roadmap;dimacs;56;40;210369;91786;1;339.895;0.252123;PSB;
roadmap;dimacs;57;40;127515;243952;1;339.895;0.282861;PSB;
roadmap;dimacs;58;40;183807;73003;1;339.895;0.279666;PSB;
roadmap;dimacs;59;40;234723;214629;9;339.895;2.03525;PSB;
roadmap;dimacs;60;40;107313;88064;1;339.895;0.259324;PSB;
roadmap;dimacs;61;40;250064;58187;2;339.895;0.784885;PSB;
roadmap;dimacs;62;40;212821;191362;1;339.895;0.276794;PSB;
roadmap;dimacs;63;40;74274;116192;1;339.895;0.269156;PSB;
roadmap;dimacs;64;40;87717;165175;1;339.895;0.306898;PSB;
roadmap;dimacs;65;40;76812;36590;1;339.895;0.295612;PSB;
roadmap;dimacs;66;40;46813;175266;1;339.895;0.256976;PSB;
roadmap;dimacs;67;40;173566;38628;1;339.895;0.304102;PSB;
roadmap;dimacs;68;40;232101;216494;5;339.895;0.839704;PSB;
roadmap;dimacs;69;40;231596;198641;1;339.895;0.302387;PSB;
roadmap;dimacs;70;40;65448;246958;14;345.27;5.31603;PSB;
roadmap;dimacs;71;40;191194;149512;1;345.371;0.319017;PSB;
roadmap;dimacs;72;40;225244;176756;1;345.371;0.292552;PSB;
roadmap;dimacs;73;40;125330;240550;9;345.371;5.33985;PSB;
roadmap;dimacs;74;40;57931;8458;1;345.371;0.322541;PSB;
roadmap;dimacs;75;40;236450;185477;1;345.371;0.303024;PSB;
roadmap;dimacs;76;40;137368;120603;1;345.371;0.26292;PSB;
roadmap;dimacs;77;40;36645;160209;1;345.371;0.260855;PSB;
roadmap;dimacs;78;40;82297;241347;1;345.371;0.321321;PSB;
roadmap;dimacs;79;40;241913;224579;1;345.371;0.273148;PSB;
roadmap;dimacs;80;40;236197;52423;9;345.371;0.605358;PSB;
roadmap;dimacs;81;40;60856;173223;1;345.371;0.308952;PSB;
roadmap;dimacs;82;40;171246;39037;1;345.371;0.290467;PSB;
roadmap;dimacs;83;40;97905;170503;1;345.371;0.292094;PSB;
roadmap;dimacs;84;40;42539;158421;1;345.371;0.273683;PSB;
roadmap;dimacs;85;40;177597;17343;10;345.371;1.70346;PSB;
roadmap;dimacs;86;40;219839;230256;4;345.371;0.656377;PSB;
roadmap;dimacs;87;40;31;148976;3;345.371;0.650194;PSB;
roadmap;dimacs;88;40;2731;93049;1;345.371;0.306146;PSB;
roadmap;dimacs;89;40;766;123574;7;345.371;1.9938;PSB;
roadmap;dimacs;90;40;67860;232633;1;345.371;0.272055;PSB;
roadmap;dimacs;91;40;165688;101432;1;345.371;0.29838;PSB;
roadmap;dimacs;92;40;184899;70350;23;411.379;10.4704;PSB;
roadmap;dimacs;93;40;64726;242671;9;337.809;2.55155;PSB;
roadmap;dimacs;94;40;260929;172368;1;337.809;0.30316;PSB;
roadmap;dimacs;95;40;123167;206957;1;337.809;0.273466;PSB;
roadmap;dimacs;96;40;233233;100670;1;337.809;0.284637;PSB;
roadmap;dimacs;97;40;158836;229582;1;337.809;0.30023;PSB;
roadmap;dimacs;98;40;165689;119877;27;442.113;10.5217;PSB;
roadmap;dimacs;99;40;23108;60612;2;442.312;0.644545;PSB;
roadmap;dimacs;0;50;185304;78004;1;442.312;0.328206;PSB;
roadmap;dimacs;1;50;75504;232776;19;442.312;7.33123;PSB;
roadmap;dimacs;2;50;164668;56964;1;442.312;0.291445;PSB;
roadmap;dimacs;3;50;185932;65044;1;442.312;0.310605;PSB;
roadmap;dimacs;4;50;260054;76690;3;442.312;1.42314;PSB;
roadmap;dimacs;5;50;208831;68322;1;442.312;0.30557;PSB;
roadmap;dimacs;6;50;171352;103936;1;315.629;0.337911;PSB;
roadmap;dimacs;7;50;67586;5493;1;315.629;0.340011;PSB;
roadmap;dimacs;8;50;240171;101021;7;315.629;3.0197;PSB;
roadmap;dimacs;9;50;8686;57324;1;315.629;0.301454;PSB;
roadmap;dimacs;10;50;70116;192949;2;315.629;0.618942;PSB;
roadmap;dimacs;11;50;62502;51055;24;413.805;3.0759;PSB;
roadmap;dimacs;12;50;259123;74258;1;342.855;0.346927;PSB;
roadmap;dimacs;13;50;155875;101452;1;342.855;0.349864;PSB;
roadmap;dimacs;14;50;260290;94483;9;342.855;1.96047;PSB;
roadmap;dimacs;15;50;158172;231849;3;342.855;1.40354;PSB;
roadmap;dimacs;16;50;173317;97062;1;342.855;0.373703;PSB;
roadmap;dimacs;17;50;86025;11504;21;396.441;7.90984;PSB;
roadmap;dimacs;18;50;159691;41106;1;322.684;0.339032;PSB;
roadmap;dimacs;19;50;137601;92107;3;322.684;1.31452;PSB;
roadmap;dimacs;20;50;167163;120829;6;322.684;0.97036;PSB;
roadmap;dimacs;21;50;91132;107074;1;322.684;0.336114;PSB;
roadmap;dimacs;22;50;67727;19338;1;322.684;0.357539;PSB;
roadmap;dimacs;23;50;60442;259746;9;322.684;4.25619;PSB;
roadmap;dimacs;24;50;103204;263077;1;322.684;0.330002;PSB;
roadmap;dimacs;25;50;207887;73900;1;322.684;0.276009;PSB;
roadmap;dimacs;26;50;158034;38934;1;322.684;0.350031;PSB;
roadmap;dimacs;27;50;119514;262143;1;322.684;0.335621;PSB;
roadmap;dimacs;28;50;133416;95500;1;322.684;0.296506;PSB;
roadmap;dimacs;29;50;222955;118711;9;322.684;2.78496;PSB;
roadmap;dimacs;30;50;174388;6652;20;388.836;8.26014;PSB;
roadmap;dimacs;31;50;66450;155619;1;315.629;0.381573;PSB;
roadmap;dimacs;32;50;41744;256787;2;315.629;1.00944;PSB;
roadmap;dimacs;33;50;246406;117343;1;315.629;0.335822;PSB;
roadmap;dimacs;34;50;159112;109571;5;315.629;1.98227;PSB;
roadmap;dimacs;35;50;154540;118595;1;315.629;0.350053;PSB;
roadmap;dimacs;36;50;43852;261229;2;315.629;0.779421;PSB;
roadmap;dimacs;37;50;176196;131165;1;315.629;0.341071;PSB;
roadmap;dimacs;38;50;92944;91684;10;318.648;1.72933;PSB;
roadmap;dimacs;39;50;116170;205917;1;318.648;0.356368;PSB;
roadmap;dimacs;40;50;167490;125416;1;318.648;0.329251;PSB;
roadmap;dimacs;41;50;150465;262664;1;318.648;0.300166;PSB;
roadmap;dimacs;42;50;171058;67916;1;318.648;0.327958;PSB;
roadmap;dimacs;43;50;8423;71279;1;318.648;0.309644;PSB;
roadmap;dimacs;44;50;177607;103006;1;318.648;0.351139;PSB;
roadmap;dimacs;45;50;255475;124116;7;318.648;2.58536;PSB;
roadmap;dimacs;46;50;154599;263081;12;331.734;4.63969;PSB;
roadmap;dimacs;47;50;6764;171272;5;331.734;1.33711;PSB;
roadmap;dimacs;48;50;260804;56417;1;331.734;0.362649;PSB;
roadmap;dimacs;49;50;234261;97162;1;331.734;0.324441;PSB;
roadmap;dimacs;50;50;57292;23118;17;367.766;3.17569;PSB;
roadmap;dimacs;51;50;118879;149439;1;329.238;0.363151;PSB;
roadmap;dimacs;52;50;84220;1755;1;329.238;0.384974;PSB;
roadmap;dimacs;53;50;119181;221944;4;329.238;1.22052;PSB;
roadmap;dimacs;54;50;252852;48833;17;364.918;2.05828;PSB;
roadmap;dimacs;55;50;118475;144679;1;329.746;0.294279;PSB;
roadmap;dimacs;56;50;210369;91786;1;329.746;0.288371;PSB;
roadmap;dimacs;57;50;127515;243952;1;329.746;0.316139;PSB;
roadmap;dimacs;58;50;183807;73003;1;329.746;0.311242;PSB;
roadmap;dimacs;59;50;234723;214629;10;329.746;2.32887;PSB;
roadmap;dimacs;60;50;107313;88064;1;329.746;0.301534;PSB;
roadmap;dimacs;61;50;250064;58187;2;329.746;0.827175;PSB;
roadmap;dimacs;62;50;212821;191362;1;329.746;0.318725;PSB;
roadmap;dimacs;63;50;74274;116192;1;329.746;0.318693;PSB;
roadmap;dimacs;64;50;87717;165175;1;329.746;0.35574;PSB;
roadmap;dimacs;65;50;76812;36590;1;329.746;0.341341;PSB;
roadmap;dimacs;66;50;46813;175266;1;329.746;0.290484;PSB;
roadmap;dimacs;67;50;173566;38628;1;329.746;0.345782;PSB;
roadmap;dimacs;68;50;232101;216494;7;329.746;1.14586;PSB;
roadmap;dimacs;69;50;231596;198641;1;329.746;0.355956;PSB;
roadmap;dimacs;70;50;65448;246958;14;346.969;5.419;PSB;
roadmap;dimacs;71;50;191194;149512;1;347.082;0.356887;PSB;
roadmap;dimacs;72;50;225244;176756;1;347.082;0.332514;PSB;
roadmap;dimacs;73;50;125330;240550;9;347.082;5.35957;PSB;
roadmap;dimacs;74;50;57931;8458;1;347.082;0.370349;PSB;
roadmap;dimacs;75;50;236450;185477;1;347.082;0.347543;PSB;
roadmap;dimacs;76;50;137368;120603;1;347.082;0.303755;PSB;
roadmap;dimacs;77;50;36645;160209;1;347.082;0.309786;PSB;
roadmap;dimacs;78;50;82297;241347;1;347.082;0.366366;PSB;
roadmap;dimacs;79;50;241913;224579;1;347.082;0.313372;PSB;
roadmap;dimacs;80;50;236197;52423;13;347.082;0.872191;PSB;
roadmap;dimacs;81;50;60856;173223;1;347.082;0.349981;PSB;
roadmap;dimacs;82;50;171246;39037;1;347.082;0.335328;PSB;
roadmap;dimacs;83;50;97905;170503;1;347.082;0.330423;PSB;
roadmap;dimacs;84;50;42539;158421;1;347.082;0.315436;PSB;
roadmap;dimacs;85;50;177597;17343;11;347.082;1.8228;PSB;
roadmap;dimacs;86;50;219839;230256;5;347.082;0.832054;PSB;
roadmap;dimacs;87;50;31;148976;3;347.082;0.69385;PSB;
roadmap;dimacs;88;50;2731;93049;1;347.082;0.336784;PSB;
roadmap;dimacs;89;50;766;123574;10;347.082;2.87071;PSB;
roadmap;dimacs;90;50;67860;232633;1;347.082;0.34229;PSB;
roadmap;dimacs;91;50;165688;101432;1;347.082;0.34014;PSB;
roadmap;dimacs;92;50;184899;70350;30;461.293;13.7537;PSB;
roadmap;dimacs;93;50;64726;242671;9;317.645;2.5866;PSB;
roadmap;dimacs;94;50;260929;172368;1;317.645;0.343231;PSB;
roadmap;dimacs;95;50;123167;206957;1;317.645;0.320385;PSB;
roadmap;dimacs;96;50;233233;100670;1;317.645;0.326815;PSB;
roadmap;dimacs;97;50;158836;229582;1;317.645;0.34663;PSB;
roadmap;dimacs;98;50;165689;119877;38;522.23;14.9132;PSB;
roadmap;dimacs;99;50;23108;60612;2;522.363;0.687629;PSB;
roadmap;dimacs;0;60;185304;78004;1;522.363;0.36948;PSB;
roadmap;dimacs;1;60;75504;232776;27;522.363;10.2293;PSB;
roadmap;dimacs;2;60;164668;56964;1;522.363;0.338986;PSB;
roadmap;dimacs;3;60;185932;65044;1;522.363;0.358644;PSB;
roadmap;dimacs;4;60;260054;76690;3;522.363;1.45774;PSB;
roadmap;dimacs;5;60;208831;68322;1;522.363;0.340655;PSB;
roadmap;dimacs;6;60;171352;103936;1;522.363;0.379137;PSB;
roadmap;dimacs;7;60;67586;5493;1;522.363;0.40539;PSB;
roadmap;dimacs;8;60;240171;101021;8;522.363;3.54316;PSB;
roadmap;dimacs;9;60;8686;57324;1;522.363;0.346011;PSB;
roadmap;dimacs;10;60;70116;192949;6;522.363;1.91465;PSB;
roadmap;dimacs;11;60;62502;51055;41;533.84;4.85152;PSB;
roadmap;dimacs;12;60;259123;74258;1;533.84;0.397897;PSB;
roadmap;dimacs;13;60;155875;101452;1;533.84;0.392503;PSB;
roadmap;dimacs;14;60;260290;94483;12;533.84;2.74242;PSB;
roadmap;dimacs;15;60;158172;231849;3;533.84;1.44719;PSB;
roadmap;dimacs;16;60;173317;97062;1;533.84;0.404272;PSB;
roadmap;dimacs;17;60;86025;11504;36;507.309;13.5863;PSB;
roadmap;dimacs;18;60;159691;41106;1;327.73;0.379502;PSB;
roadmap;dimacs;19;60;137601;92107;4;327.73;1.87842;PSB;
roadmap;dimacs;20;60;167163;120829;7;327.73;1.0117;PSB;
roadmap;dimacs;21;60;91132;107074;1;327.73;0.375436;PSB;
roadmap;dimacs;22;60;67727;19338;1;327.73;0.384497;PSB;
roadmap;dimacs;23;60;60442;259746;9;327.73;4.29083;PSB;
roadmap;dimacs;24;60;103204;263077;1;327.73;0.371105;PSB;
roadmap;dimacs;25;60;207887;73900;1;327.73;0.317681;PSB;
roadmap;dimacs;26;60;158034;38934;1;327.73;0.391934;PSB;
roadmap;dimacs;27;60;119514;262143;1;327.73;0.37834;PSB;
roadmap;dimacs;28;60;133416;95500;1;327.73;0.33785;PSB;
roadmap;dimacs;29;60;222955;118711;9;327.73;2.82327;PSB;
roadmap;dimacs;30;60;174388;6652;23;415.66;9.76682;PSB;
roadmap;dimacs;31;60;66450;155619;1;341.848;0.417112;PSB;
roadmap;dimacs;32;60;41744;256787;2;341.848;1.04705;PSB;
roadmap;dimacs;33;60;246406;117343;1;341.848;0.326163;PSB;
roadmap;dimacs;34;60;159112;109571;5;341.848;2.01777;PSB;
roadmap;dimacs;35;60;154540;118595;1;341.848;0.387852;PSB;
roadmap;dimacs;36;60;43852;261229;2;341.848;0.812494;PSB;
roadmap;dimacs;37;60;176196;131165;1;341.848;0.382135;PSB;
roadmap;dimacs;38;60;92944;91684;12;341.848;2.08883;PSB;
roadmap;dimacs;39;60;116170;205917;1;341.848;0.376619;PSB;
roadmap;dimacs;40;60;167490;125416;1;341.848;0.374672;PSB;
roadmap;dimacs;41;60;150465;262664;1;341.848;0.346434;PSB;
roadmap;dimacs;42;60;171058;67916;1;341.848;0.369456;PSB;
roadmap;dimacs;43;60;8423;71279;1;341.848;0.351292;PSB;
roadmap;dimacs;44;60;177607;103006;1;341.848;0.403344;PSB;
roadmap;dimacs;45;60;255475;124116;9;341.848;3.40026;PSB;
roadmap;dimacs;46;60;154599;263081;16;364.18;6.04884;PSB;
roadmap;dimacs;47;60;6764;171272;6;327.73;1.63927;PSB;
roadmap;dimacs;48;60;260804;56417;1;327.73;0.402149;PSB;
roadmap;dimacs;49;60;234261;97162;1;327.73;0.361605;PSB;
roadmap;dimacs;50;60;57292;23118;19;387.43;3.62581;PSB;
roadmap;dimacs;51;60;118879;149439;1;315.629;0.40485;PSB;
roadmap;dimacs;52;60;84220;1755;1;315.629;0.442537;PSB;
roadmap;dimacs;53;60;119181;221944;4;315.629;1.25953;PSB;
roadmap;dimacs;54;60;252852;48833;21;403.93;2.60575;PSB;
roadmap;dimacs;55;60;118475;144679;1;330.246;0.39105;PSB;
roadmap;dimacs;56;60;210369;91786;1;330.246;0.341026;PSB;
roadmap;dimacs;57;60;127515;243952;1;330.246;0.371413;PSB;
roadmap;dimacs;58;60;183807;73003;1;330.246;0.364784;PSB;
roadmap;dimacs;59;60;234723;214629;12;338.016;2.88406;PSB;
roadmap;dimacs;60;60;107313;88064;1;338.066;0.342296;PSB;
roadmap;dimacs;61;60;250064;58187;2;338.066;0.864436;PSB;
roadmap;dimacs;62;60;212821;191362;1;338.066;0.357315;PSB;
roadmap;dimacs;63;60;74274;116192;1;338.066;0.360901;PSB;
roadmap;dimacs;64;60;87717;165175;1;338.066;0.401355;PSB;
roadmap;dimacs;65;60;76812;36590;1;338.066;0.381236;PSB;
roadmap;dimacs;66;60;46813;175266;1;338.066;0.33812;PSB;
roadmap;dimacs;67;60;173566;38628;1;338.066;0.391778;PSB;
roadmap;dimacs;68;60;232101;216494;8;338.066;1.32643;PSB;
roadmap;dimacs;69;60;231596;198641;1;338.066;0.391507;PSB;
roadmap;dimacs;70;60;65448;246958;16;369.793;6.26763;PSB;
roadmap;dimacs;71;60;191194;149512;1;369.793;0.397273;PSB;
roadmap;dimacs;72;60;225244;176756;1;369.793;0.37143;PSB;
roadmap;dimacs;73;60;125330;240550;9;369.793;5.39513;PSB;
roadmap;dimacs;74;60;57931;8458;1;315.629;0.397716;PSB;
roadmap;dimacs;75;60;236450;185477;1;315.629;0.383636;PSB;
roadmap;dimacs;76;60;137368;120603;1;315.629;0.349253;PSB;
roadmap;dimacs;77;60;36645;160209;1;315.629;0.352338;PSB;
roadmap;dimacs;78;60;82297;241347;1;315.629;0.40626;PSB;
roadmap;dimacs;79;60;241913;224579;1;315.629;0.358491;PSB;
roadmap;dimacs;80;60;236197;52423;17;370.457;0.97401;PSB;
roadmap;dimacs;81;60;60856;173223;1;335.293;0.392256;PSB;
roadmap;dimacs;82;60;171246;39037;1;335.293;0.376957;PSB;
roadmap;dimacs;83;60;97905;170503;1;335.293;0.370599;PSB;
roadmap;dimacs;84;60;42539;158421;1;335.293;0.359878;PSB;
roadmap;dimacs;85;60;177597;17343;13;343.188;2.18919;PSB;
roadmap;dimacs;86;60;219839;230256;6;343.188;0.995275;PSB;
roadmap;dimacs;87;60;31;148976;3;343.188;0.734117;PSB;
roadmap;dimacs;88;60;2731;93049;1;343.188;0.391555;PSB;
roadmap;dimacs;89;60;766;123574;12;343.188;3.46236;PSB;
roadmap;dimacs;90;60;67860;232633;1;343.188;0.369025;PSB;
roadmap;dimacs;91;60;165688;101432;1;343.188;0.38592;PSB;
roadmap;dimacs;92;60;184899;70350;38;523.312;17.5181;PSB;
roadmap;dimacs;93;60;64726;242671;9;343.863;2.62945;PSB;
roadmap;dimacs;94;60;260929;172368;1;343.863;0.391495;PSB;
roadmap;dimacs;95;60;123167;206957;1;343.863;0.351242;PSB;
roadmap;dimacs;96;60;233233;100670;1;343.863;0.370117;PSB;
roadmap;dimacs;97;60;158836;229582;1;343.863;0.381582;PSB;
roadmap;dimacs;98;60;165689;119877;48;599.406;18.9132;PSB;
roadmap;dimacs;99;60;23108;60612;2;599.453;0.72556;PSB;
roadmap;dimacs;0;70;185304;78004;1;599.453;0.410829;PSB;
roadmap;dimacs;1;70;75504;232776;33;567.113;11.8942;PSB;
roadmap;dimacs;2;70;164668;56964;1;523.246;0.377559;PSB;
roadmap;dimacs;3;70;185932;65044;1;523.246;0.395417;PSB;
roadmap;dimacs;4;70;260054;76690;3;523.246;1.50919;PSB;
roadmap;dimacs;5;70;208831;68322;1;523.246;0.385086;PSB;
roadmap;dimacs;6;70;171352;103936;1;315.629;0.413501;PSB;
roadmap;dimacs;7;70;67586;5493;1;315.629;0.453133;PSB;
roadmap;dimacs;8;70;240171;101021;9;319.07;4.04187;PSB;
roadmap;dimacs;9;70;8686;57324;1;319.07;0.384963;PSB;
roadmap;dimacs;10;70;70116;192949;9;319.105;2.88408;PSB;
roadmap;dimacs;11;70;62502;51055;41;540.887;4.95978;PSB;
roadmap;dimacs;12;70;259123;74258;1;329.238;0.428369;PSB;
roadmap;dimacs;13;70;155875;101452;1;329.238;0.432017;PSB;
roadmap;dimacs;14;70;260290;94483;13;346.34;3.01865;PSB;
roadmap;dimacs;15;70;158172;231849;3;346.52;1.48673;PSB;
roadmap;dimacs;16;70;173317;97062;1;346.52;0.450422;PSB;
roadmap;dimacs;17;70;86025;11504;42;548.883;15.133;PSB;
roadmap;dimacs;18;70;159691;41106;1;315.629;0.413274;PSB;
roadmap;dimacs;19;70;137601;92107;4;315.629;1.94237;PSB;
roadmap;dimacs;20;70;167163;120829;7;315.629;1.05026;PSB;
roadmap;dimacs;21;70;91132;107074;1;315.629;0.420572;PSB;
roadmap;dimacs;22;70;67727;19338;1;315.629;0.442023;PSB;
roadmap;dimacs;23;70;60442;259746;9;317.445;4.32074;PSB;
roadmap;dimacs;24;70;103204;263077;1;317.445;0.3962;PSB;
roadmap;dimacs;25;70;207887;73900;1;317.445;0.360471;PSB;
roadmap;dimacs;26;70;158034;38934;1;317.445;0.435057;PSB;
roadmap;dimacs;27;70;119514;262143;1;317.445;0.425226;PSB;
roadmap;dimacs;28;70;133416;95500;1;317.445;0.381101;PSB;
roadmap;dimacs;29;70;222955;118711;9;317.445;2.88026;PSB;
roadmap;dimacs;30;70;174388;6652;33;486.754;14.1304;PSB;
roadmap;dimacs;31;70;66450;155619;1;342.348;0.464639;PSB;
roadmap;dimacs;32;70;41744;256787;2;342.348;1.05794;PSB;
roadmap;dimacs;33;70;246406;117343;1;342.348;0.41167;PSB;
roadmap;dimacs;34;70;159112;109571;6;342.348;2.53033;PSB;
roadmap;dimacs;35;70;154540;118595;1;342.348;0.432809;PSB;
roadmap;dimacs;36;70;43852;261229;2;342.348;0.862622;PSB;
roadmap;dimacs;37;70;176196;131165;1;342.348;0.425041;PSB;
roadmap;dimacs;38;70;92944;91684;15;359.488;2.59431;PSB;
roadmap;dimacs;39;70;116170;205917;1;321.676;0.438408;PSB;
roadmap;dimacs;40;70;167490;125416;1;321.676;0.41395;PSB;
roadmap;dimacs;41;70;150465;262664;1;321.676;0.384314;PSB;
roadmap;dimacs;42;70;171058;67916;1;321.676;0.411714;PSB;
roadmap;dimacs;43;70;8423;71279;1;321.676;0.38622;PSB;
roadmap;dimacs;44;70;177607;103006;1;321.676;0.436966;PSB;
roadmap;dimacs;45;70;255475;124116;11;331.125;4.19162;PSB;
roadmap;dimacs;46;70;154599;263081;20;394.656;7.75761;PSB;
roadmap;dimacs;47;70;6764;171272;6;321.676;1.68965;PSB;
roadmap;dimacs;48;70;260804;56417;1;321.676;0.460284;PSB;
roadmap;dimacs;49;70;234261;97162;1;321.676;0.396525;PSB;
roadmap;dimacs;50;70;57292;23118;21;402.051;3.9939;PSB;
roadmap;dimacs;51;70;118879;149439;1;328.23;0.44623;PSB;
roadmap;dimacs;52;70;84220;1755;1;328.23;0.483932;PSB;
roadmap;dimacs;53;70;119181;221944;5;328.23;1.37138;PSB;
roadmap;dimacs;54;70;252852;48833;21;404.434;2.65638;PSB;
roadmap;dimacs;55;70;118475;144679;1;330.754;0.425874;PSB;
roadmap;dimacs;56;70;210369;91786;1;330.754;0.380734;PSB;
roadmap;dimacs;57;70;127515;243952;1;330.754;0.405817;PSB;
roadmap;dimacs;58;70;183807;73003;1;330.754;0.399354;PSB;
roadmap;dimacs;59;70;234723;214629;13;345.629;3.14711;PSB;
roadmap;dimacs;60;70;107313;88064;1;345.629;0.387588;PSB;
roadmap;dimacs;61;70;250064;58187;2;345.629;0.907566;PSB;
roadmap;dimacs;62;70;212821;191362;1;345.629;0.401037;PSB;
roadmap;dimacs;63;70;74274;116192;1;345.629;0.396631;PSB;
roadmap;dimacs;64;70;87717;165175;1;345.629;0.411831;PSB;
roadmap;dimacs;65;70;76812;36590;3;345.629;0.535493;PSB;
roadmap;dimacs;66;70;46813;175266;1;345.629;0.37899;PSB;
roadmap;dimacs;67;70;173566;38628;1;345.629;0.42778;PSB;
roadmap;dimacs;68;70;232101;216494;9;345.629;1.49974;PSB;
roadmap;dimacs;69;70;231596;198641;1;345.629;0.442406;PSB;
roadmap;dimacs;70;70;65448;246958;22;413.824;8.82416;PSB;
roadmap;dimacs;71;70;191194;149512;1;413.824;0.43831;PSB;
roadmap;dimacs;72;70;225244;176756;1;413.824;0.409807;PSB;
roadmap;dimacs;73;70;125330;240550;9;413.824;5.45787;PSB;
roadmap;dimacs;74;70;57931;8458;1;315.629;0.459892;PSB;
roadmap;dimacs;75;70;236450;185477;1;315.629;0.421257;PSB;
roadmap;dimacs;76;70;137368;120603;1;315.629;0.390112;PSB;
roadmap;dimacs;77;70;36645;160209;1;315.629;0.390463;PSB;
roadmap;dimacs;78;70;82297;241347;1;315.629;0.452729;PSB;
roadmap;dimacs;79;70;241913;224579;1;315.629;0.396835;PSB;
roadmap;dimacs;80;70;236197;52423;17;370.965;1.03701;PSB;
roadmap;dimacs;81;70;60856;173223;1;335.793;0.437863;PSB;
roadmap;dimacs;82;70;171246;39037;1;335.793;0.417303;PSB;
roadmap;dimacs;83;70;97905;170503;1;335.793;0.413233;PSB;
roadmap;dimacs;84;70;42539;158421;1;335.793;0.395754;PSB;
roadmap;dimacs;85;70;177597;17343;15;357.625;2.55397;PSB;
roadmap;dimacs;86;70;219839;230256;6;321.676;1.03667;PSB;
roadmap;dimacs;87;70;31;148976;3;321.676;0.773192;PSB;
roadmap;dimacs;88;70;2731;93049;1;321.676;0.432636;PSB;
roadmap;dimacs;89;70;766;123574;12;338.648;3.56195;PSB;
roadmap;dimacs;90;70;67860;232633;1;338.648;0.415169;PSB;
roadmap;dimacs;91;70;165688;101432;1;338.648;0.401781;PSB;
roadmap;dimacs;92;70;184899;70350;42;552.559;19.4209;PSB;
roadmap;dimacs;93;70;64726;242671;9;337.809;2.70399;PSB;
roadmap;dimacs;94;70;260929;172368;1;337.809;0.43368;PSB;
roadmap;dimacs;95;70;123167;206957;1;337.809;0.405641;PSB;
roadmap;dimacs;96;70;233233;100670;1;337.809;0.415742;PSB;
roadmap;dimacs;97;70;158836;229582;1;337.809;0.41603;PSB;
roadmap;dimacs;98;70;165689;119877;61;692.543;24.0438;PSB;
roadmap;dimacs;99;70;23108;60612;2;692.543;0.71072;PSB;
roadmap;dimacs;0;80;185304;78004;1;692.543;0.443897;PSB;
roadmap;dimacs;1;80;75504;232776;35;692.543;12.7688;PSB;
roadmap;dimacs;2;80;164668;56964;1;692.543;0.412421;PSB;
roadmap;dimacs;3;80;185932;65044;1;692.543;0.445264;PSB;
roadmap;dimacs;4;80;260054;76690;3;692.543;1.53858;PSB;
roadmap;dimacs;5;80;208831;68322;1;638.949;0.429641;PSB;
roadmap;dimacs;6;80;171352;103936;1;638.949;0.462664;PSB;
roadmap;dimacs;7;80;67586;5493;1;638.949;0.504106;PSB;
roadmap;dimacs;8;80;240171;101021;10;638.949;4.53429;PSB;
roadmap;dimacs;9;80;8686;57324;1;315.629;0.420663;PSB;
roadmap;dimacs;10;80;70116;192949;9;318.59;2.91479;PSB;
roadmap;dimacs;11;80;62502;51055;42;548.449;4.98846;PSB;
roadmap;dimacs;12;80;259123;74258;1;336.801;0.471159;PSB;
roadmap;dimacs;13;80;155875;101452;2;336.801;0.664867;PSB;
roadmap;dimacs;14;80;260290;94483;13;347.027;3.16373;PSB;
roadmap;dimacs;15;80;158172;231849;4;347.027;2.06934;PSB;
roadmap;dimacs;16;80;173317;97062;1;347.027;0.502345;PSB;
roadmap;dimacs;17;80;86025;11504;42;548.883;15.1359;PSB;
roadmap;dimacs;18;80;159691;41106;1;315.629;0.461413;PSB;
roadmap;dimacs;19;80;137601;92107;4;315.629;1.96502;PSB;
roadmap;dimacs;20;80;167163;120829;7;315.629;1.08949;PSB;
roadmap;dimacs;21;80;91132;107074;1;315.629;0.45965;PSB;
roadmap;dimacs;22;80;67727;19338;1;315.629;0.473964;PSB;
roadmap;dimacs;23;80;60442;259746;9;317.445;4.35617;PSB;
roadmap;dimacs;24;80;103204;263077;1;317.445;0.394743;PSB;
roadmap;dimacs;25;80;207887;73900;1;317.445;0.396942;PSB;
roadmap;dimacs;26;80;158034;38934;1;317.445;0.47305;PSB;
roadmap;dimacs;27;80;119514;262143;1;317.445;0.468718;PSB;
roadmap;dimacs;28;80;133416;95500;1;317.445;0.418911;PSB;
roadmap;dimacs;29;80;222955;118711;10;321.551;3.08687;PSB;
roadmap;dimacs;30;80;174388;6652;40;536.07;17.3005;PSB;
roadmap;dimacs;31;80;66450;155619;1;321.676;0.50941;PSB;
roadmap;dimacs;32;80;41744;256787;3;321.676;1.81345;PSB;
roadmap;dimacs;33;80;246406;117343;1;321.676;0.457005;PSB;
roadmap;dimacs;34;80;159112;109571;6;321.676;2.56684;PSB;
roadmap;dimacs;35;80;154540;118595;1;321.676;0.478328;PSB;
roadmap;dimacs;36;80;43852;261229;2;321.676;0.905827;PSB;
roadmap;dimacs;37;80;176196;131165;1;321.676;0.468195;PSB;
roadmap;dimacs;38;80;92944;91684;16;367.195;2.82434;PSB;
roadmap;dimacs;39;80;116170;205917;1;367.195;0.480429;PSB;
roadmap;dimacs;40;80;167490;125416;2;367.195;0.778919;PSB;
roadmap;dimacs;41;80;150465;262664;1;367.195;0.427965;PSB;
roadmap;dimacs;42;80;171058;67916;1;315.629;0.447907;PSB;
roadmap;dimacs;43;80;8423;71279;1;315.629;0.420892;PSB;
roadmap;dimacs;44;80;177607;103006;1;315.629;0.479095;PSB;
roadmap;dimacs;45;80;255475;124116;11;330.625;4.20665;PSB;
roadmap;dimacs;46;80;154599;263081;22;408.375;8.62737;PSB;
roadmap;dimacs;47;80;6764;171272;9;334.785;2.43776;PSB;
roadmap;dimacs;48;80;260804;56417;1;334.785;0.417142;PSB;
roadmap;dimacs;49;80;234261;97162;1;334.785;0.438583;PSB;
roadmap;dimacs;50;80;57292;23118;24;423.734;4.59843;PSB;
roadmap;dimacs;51;80;118879;149439;1;315.629;0.483366;PSB;
roadmap;dimacs;52;80;84220;1755;1;315.629;0.535005;PSB;
roadmap;dimacs;53;80;119181;221944;5;315.629;1.39132;PSB;
roadmap;dimacs;54;80;252852;48833;21;413.004;2.73028;PSB;
roadmap;dimacs;55;80;118475;144679;1;339.324;0.466475;PSB;
roadmap;dimacs;56;80;210369;91786;1;339.324;0.425269;PSB;
roadmap;dimacs;57;80;127515;243952;1;339.324;0.446574;PSB;
roadmap;dimacs;58;80;183807;73003;1;339.324;0.449885;PSB;
roadmap;dimacs;59;80;234723;214629;13;354.457;3.20281;PSB;
roadmap;dimacs;60;80;107313;88064;1;354.457;0.427546;PSB;
roadmap;dimacs;61;80;250064;58187;2;315.629;0.94289;PSB;
roadmap;dimacs;62;80;212821;191362;1;315.629;0.445118;PSB;
roadmap;dimacs;63;80;74274;116192;1;315.629;0.440115;PSB;
roadmap;dimacs;64;80;87717;165175;1;315.629;0.489155;PSB;
roadmap;dimacs;65;80;76812;36590;6;315.629;0.750844;PSB;
roadmap;dimacs;66;80;46813;175266;1;315.629;0.428414;PSB;
roadmap;dimacs;67;80;173566;38628;1;315.629;0.470181;PSB;
roadmap;dimacs;68;80;232101;216494;12;345.602;1.95595;PSB;
roadmap;dimacs;69;80;231596;198641;1;345.602;0.485523;PSB;
roadmap;dimacs;70;80;65448;246958;22;422.328;8.86855;PSB;
roadmap;dimacs;71;80;191194;149512;1;422.328;0.479011;PSB;
roadmap;dimacs;72;80;225244;176756;1;422.328;0.456548;PSB;
roadmap;dimacs;73;80;125330;240550;10;422.328;6.11049;PSB;
roadmap;dimacs;74;80;57931;8458;1;315.629;0.493688;PSB;
roadmap;dimacs;75;80;236450;185477;1;315.629;0.471105;PSB;
roadmap;dimacs;76;80;137368;120603;1;315.629;0.427074;PSB;
roadmap;dimacs;77;80;36645;160209;1;315.629;0.434787;PSB;
roadmap;dimacs;78;80;82297;241347;1;315.629;0.477765;PSB;
roadmap;dimacs;79;80;241913;224579;1;315.629;0.436511;PSB;
roadmap;dimacs;80;80;236197;52423;17;380.543;1.07561;PSB;
roadmap;dimacs;81;80;60856;173223;1;345.379;0.47565;PSB;
roadmap;dimacs;82;80;171246;39037;1;345.379;0.459696;PSB;
roadmap;dimacs;83;80;97905;170503;1;345.379;0.452366;PSB;
roadmap;dimacs;84;80;42539;158421;1;345.379;0.44359;PSB;
roadmap;dimacs;85;80;177597;17343;17;381.203;2.90258;PSB;
roadmap;dimacs;86;80;219839;230256;7;344.363;1.28374;PSB;
roadmap;dimacs;87;80;31;148976;6;344.363;1.33523;PSB;
roadmap;dimacs;88;80;2731;93049;1;344.363;0.475243;PSB;
roadmap;dimacs;89;80;766;123574;15;368.902;4.38777;PSB;
roadmap;dimacs;90;80;67860;232633;1;330.246;0.455712;PSB;
roadmap;dimacs;91;80;165688;101432;1;330.246;0.481455;PSB;
roadmap;dimacs;92;80;184899;70350;46;589.871;21.3293;PSB;
roadmap;dimacs;93;80;64726;242671;9;339.832;2.70858;PSB;
roadmap;dimacs;94;80;260929;172368;2;339.832;1.35539;PSB;
roadmap;dimacs;95;80;123167;206957;1;339.832;0.448558;PSB;
roadmap;dimacs;96;80;233233;100670;1;339.832;0.429222;PSB;
roadmap;dimacs;97;80;158836;229582;1;339.832;0.459478;PSB;
roadmap;dimacs;98;80;165689;119877;61;702.91;24.1699;PSB;
roadmap;dimacs;99;80;23108;60612;2;703.074;0.813889;PSB;
roadmap;dimacs;0;90;185304;78004;1;703.074;0.494708;PSB;
roadmap;dimacs;1;90;75504;232776;37;703.074;13.6083;PSB;
roadmap;dimacs;2;90;164668;56964;1;703.074;0.461068;PSB;
roadmap;dimacs;3;90;185932;65044;1;703.074;0.482899;PSB;
roadmap;dimacs;4;90;260054;76690;3;703.074;1.61165;PSB;
roadmap;dimacs;5;90;208831;68322;1;703.074;0.468573;PSB;
roadmap;dimacs;6;90;171352;103936;1;315.629;0.50482;PSB;
roadmap;dimacs;7;90;67586;5493;1;315.629;0.545362;PSB;
roadmap;dimacs;8;90;240171;101021;12;351.73;5.39583;PSB;
roadmap;dimacs;9;90;8686;57324;1;315.629;0.478661;PSB;
roadmap;dimacs;10;90;70116;192949;16;377.074;4.92137;PSB;
roadmap;dimacs;11;90;62502;51055;62;699.188;7.4626;PSB;
roadmap;dimacs;12;90;259123;74258;1;345.879;0.511336;PSB;
roadmap;dimacs;13;90;155875;101452;2;345.879;0.694065;PSB;
roadmap;dimacs;14;90;260290;94483;13;354.59;3.21904;PSB;
roadmap;dimacs;15;90;158172;231849;5;317.645;2.59816;PSB;
roadmap;dimacs;16;90;173317;97062;1;317.645;0.542267;PSB;
roadmap;dimacs;17;90;86025;11504;44;575.434;15.9589;PSB;
roadmap;dimacs;18;90;159691;41106;1;315.629;0.504153;PSB;
roadmap;dimacs;19;90;137601;92107;5;315.629;2.52237;PSB;
roadmap;dimacs;20;90;167163;120829;7;315.629;1.13238;PSB;
roadmap;dimacs;21;90;91132;107074;1;315.629;0.503945;PSB;
roadmap;dimacs;22;90;67727;19338;1;315.629;0.521486;PSB;
roadmap;dimacs;23;90;60442;259746;9;327.012;4.4376;PSB;
roadmap;dimacs;24;90;103204;263077;1;327.012;0.497473;PSB;
roadmap;dimacs;25;90;207887;73900;1;327.012;0.440599;PSB;
roadmap;dimacs;26;90;158034;38934;1;327.012;0.522856;PSB;
roadmap;dimacs;27;90;119514;262143;1;327.012;0.501371;PSB;
roadmap;dimacs;28;90;133416;95500;1;327.012;0.462822;PSB;
roadmap;dimacs;29;90;222955;118711;10;330.121;3.12644;PSB;
roadmap;dimacs;30;90;174388;6652;48;601.531;20.6754;PSB;
roadmap;dimacs;31;90;66450;155619;1;317.645;0.562237;PSB;
roadmap;dimacs;32;90;41744;256787;3;317.645;1.85387;PSB;
roadmap;dimacs;33;90;246406;117343;1;317.645;0.500506;PSB;
roadmap;dimacs;34;90;159112;109571;8;320.379;3.46;PSB;
roadmap;dimacs;35;90;154540;118595;1;320.379;0.516806;PSB;
roadmap;dimacs;36;90;43852;261229;2;320.379;0.947011;PSB;
roadmap;dimacs;37;90;176196;131165;1;320.379;0.498246;PSB;
roadmap;dimacs;38;90;92944;91684;19;398.391;3.32457;PSB;
roadmap;dimacs;39;90;116170;205917;1;398.391;0.514647;PSB;
roadmap;dimacs;40;90;167490;125416;2;398.391;0.822137;PSB;
roadmap;dimacs;41;90;150465;262664;1;398.391;0.468409;PSB;
roadmap;dimacs;42;90;171058;67916;1;398.391;0.492035;PSB;
roadmap;dimacs;43;90;8423;71279;1;398.391;0.471027;PSB;
roadmap;dimacs;44;90;177607;103006;1;398.391;0.507036;PSB;
roadmap;dimacs;45;90;255475;124116;13;398.391;4.99218;PSB;
roadmap;dimacs;46;90;154599;263081;24;432.391;9.4527;PSB;
roadmap;dimacs;47;90;6764;171272;10;394.098;2.75176;PSB;
roadmap;dimacs;48;90;260804;56417;1;394.098;0.531767;PSB;
roadmap;dimacs;49;90;234261;97162;1;394.098;0.471066;PSB;
roadmap;dimacs;50;90;57292;23118;27;454.805;5.17719;PSB;
roadmap;dimacs;51;90;118879;149439;1;382.504;0.531151;PSB;
roadmap;dimacs;52;90;84220;1755;1;382.504;0.580849;PSB;
roadmap;dimacs;53;90;119181;221944;6;382.504;1.73098;PSB;
roadmap;dimacs;54;90;252852;48833;25;442.566;3.26924;PSB;
roadmap;dimacs;55;90;118475;144679;1;404.184;0.511736;PSB;
roadmap;dimacs;56;90;210369;91786;1;404.184;0.466426;PSB;
roadmap;dimacs;57;90;127515;243952;1;404.184;0.495327;PSB;
roadmap;dimacs;58;90;183807;73003;1;404.184;0.484372;PSB;
roadmap;dimacs;59;90;234723;214629;14;404.184;3.48908;PSB;
roadmap;dimacs;60;90;107313;88064;1;404.184;0.450014;PSB;
roadmap;dimacs;61;90;250064;58187;2;404.184;0.988595;PSB;
roadmap;dimacs;62;90;212821;191362;1;404.184;0.482341;PSB;
roadmap;dimacs;63;90;74274;116192;1;404.184;0.483717;PSB;
roadmap;dimacs;64;90;87717;165175;1;404.184;0.548327;PSB;
roadmap;dimacs;65;90;76812;36590;8;404.184;0.921471;PSB;
roadmap;dimacs;66;90;46813;175266;1;404.184;0.471549;PSB;
roadmap;dimacs;67;90;173566;38628;1;404.184;0.517634;PSB;
roadmap;dimacs;68;90;232101;216494;14;404.184;2.26314;PSB;
roadmap;dimacs;69;90;231596;198641;1;404.184;0.516174;PSB;
roadmap;dimacs;70;90;65448;246958;24;438.934;9.72411;PSB;
roadmap;dimacs;71;90;191194;149512;1;438.934;0.516534;PSB;
roadmap;dimacs;72;90;225244;176756;1;438.934;0.498487;PSB;
roadmap;dimacs;73;90;125330;240550;12;438.934;7.466;PSB;
roadmap;dimacs;74;90;57931;8458;1;438.934;0.543218;PSB;
roadmap;dimacs;75;90;236450;185477;1;438.934;0.502593;PSB;
roadmap;dimacs;76;90;137368;120603;1;438.934;0.476393;PSB;
roadmap;dimacs;77;90;36645;160209;1;438.934;0.484308;PSB;
roadmap;dimacs;78;90;82297;241347;1;438.934;0.539419;PSB;
roadmap;dimacs;79;90;241913;224579;1;438.934;0.471422;PSB;
roadmap;dimacs;80;90;236197;52423;17;438.934;1.10569;PSB;
roadmap;dimacs;81;90;60856;173223;1;438.934;0.518978;PSB;
roadmap;dimacs;82;90;171246;39037;1;438.934;0.49934;PSB;
roadmap;dimacs;83;90;97905;170503;1;438.934;0.488094;PSB;
roadmap;dimacs;84;90;42539;158421;1;438.934;0.433189;PSB;
roadmap;dimacs;85;90;177597;17343;19;438.934;3.19136;PSB;
roadmap;dimacs;86;90;219839;230256;9;438.934;1.57116;PSB;
roadmap;dimacs;87;90;31;148976;6;438.934;1.37672;PSB;
roadmap;dimacs;88;90;2731;93049;1;438.934;0.515721;PSB;
roadmap;dimacs;89;90;766;123574;17;438.934;4.97264;PSB;
roadmap;dimacs;90;90;67860;232633;1;438.934;0.493509;PSB;
roadmap;dimacs;91;90;165688;101432;1;438.934;0.522408;PSB;
roadmap;dimacs;92;90;184899;70350;54;648.699;25.0141;PSB;
roadmap;dimacs;93;90;64726;242671;9;435.465;2.76694;PSB;
roadmap;dimacs;94;90;260929;172368;2;435.465;1.34534;PSB;
roadmap;dimacs;95;90;123167;206957;1;435.465;0.493764;PSB;
roadmap;dimacs;96;90;233233;100670;1;435.465;0.484773;PSB;
roadmap;dimacs;97;90;158836;229582;1;435.465;0.496516;PSB;
roadmap;dimacs;98;90;165689;119877;61;706.027;24.1155;PSB;
roadmap;dimacs;99;90;23108;60612;2;706.195;0.849519;PSB;
roadmap;dimacs;0;100;185304;78004;1;706.195;0.538002;PSB;
roadmap;dimacs;1;100;75504;232776;41;706.195;15.3118;PSB;
roadmap;dimacs;2;100;164668;56964;1;706.195;0.508924;PSB;
roadmap;dimacs;3;100;185932;65044;1;435.465;0.520531;PSB;
roadmap;dimacs;4;100;260054;76690;3;435.465;1.62678;PSB;
roadmap;dimacs;5;100;208831;68322;1;435.465;0.510179;PSB;
roadmap;dimacs;6;100;171352;103936;1;435.465;0.544072;PSB;
roadmap;dimacs;7;100;67586;5493;1;435.465;0.590282;PSB;
roadmap;dimacs;8;100;240171;101021;12;435.465;5.43696;PSB;
roadmap;dimacs;9;100;8686;57324;1;435.465;0.503466;PSB;
roadmap;dimacs;10;100;70116;192949;21;435.465;6.16761;PSB;
roadmap;dimacs;11;100;62502;51055;64;713.141;7.76008;PSB;
roadmap;dimacs;12;100;259123;74258;1;465.715;0.555211;PSB;
roadmap;dimacs;13;100;155875;101452;2;465.715;0.741699;PSB;
roadmap;dimacs;14;100;260290;94483;16;465.715;3.98572;PSB;
roadmap;dimacs;15;100;158172;231849;5;465.715;2.63822;PSB;
roadmap;dimacs;16;100;173317;97062;1;465.715;0.576735;PSB;
roadmap;dimacs;17;100;86025;11504;51;626.48;18.551;PSB;
roadmap;dimacs;18;100;159691;41106;1;435.465;0.545903;PSB;
roadmap;dimacs;19;100;137601;92107;6;435.465;3.08452;PSB;
roadmap;dimacs;20;100;167163;120829;8;435.465;1.29557;PSB;
roadmap;dimacs;21;100;91132;107074;1;435.465;0.548215;PSB;
roadmap;dimacs;22;100;67727;19338;1;435.465;0.567337;PSB;
roadmap;dimacs;23;100;60442;259746;9;435.465;4.45838;PSB;
roadmap;dimacs;24;100;103204;263077;1;435.465;0.532474;PSB;
roadmap;dimacs;25;100;207887;73900;1;435.465;0.48533;PSB;
roadmap;dimacs;26;100;158034;38934;1;435.465;0.560126;PSB;
roadmap;dimacs;27;100;119514;262143;3;435.465;1.00902;PSB;
roadmap;dimacs;28;100;133416;95500;2;435.465;0.944727;PSB;
roadmap;dimacs;29;100;222955;118711;10;435.465;3.14386;PSB;
roadmap;dimacs;30;100;174388;6652;50;616.172;21.7065;PSB;
roadmap;dimacs;31;100;66450;155619;1;437.48;0.602817;PSB;
roadmap;dimacs;32;100;41744;256787;3;437.48;1.89324;PSB;
roadmap;dimacs;33;100;246406;117343;1;437.48;0.549196;PSB;
roadmap;dimacs;34;100;159112;109571;9;437.48;3.90682;PSB;
roadmap;dimacs;35;100;154540;118595;1;437.48;0.565276;PSB;
roadmap;dimacs;36;100;43852;261229;2;437.48;0.991484;PSB;
roadmap;dimacs;37;100;176196;131165;1;437.48;0.537109;PSB;
roadmap;dimacs;38;100;92944;91684;22;437.48;3.81843;PSB;
roadmap;dimacs;39;100;116170;205917;1;437.48;0.555169;PSB;
roadmap;dimacs;40;100;167490;125416;2;437.48;0.865141;PSB;
roadmap;dimacs;41;100;150465;262664;1;437.48;0.50629;PSB;
roadmap;dimacs;42;100;171058;67916;1;437.48;0.53114;PSB;
roadmap;dimacs;43;100;8423;71279;1;437.48;0.512033;PSB;
roadmap;dimacs;44;100;177607;103006;1;437.48;0.560696;PSB;
roadmap;dimacs;45;100;255475;124116;13;437.48;5.0617;PSB;
roadmap;dimacs;46;100;154599;263081;26;444.691;10.0779;PSB;
roadmap;dimacs;47;100;6764;171272;10;444.691;2.77297;PSB;
roadmap;dimacs;48;100;260804;56417;1;444.691;0.570874;PSB;
roadmap;dimacs;49;100;234261;97162;3;444.691;1.07176;PSB;
roadmap;dimacs;50;100;57292;23118;31;484.074;5.89675;PSB;
roadmap;dimacs;51;100;118879;149439;1;445.551;0.570712;PSB;
roadmap;dimacs;52;100;84220;1755;1;445.551;0.631067;PSB;
roadmap;dimacs;53;100;119181;221944;6;445.551;1.76718;PSB;
roadmap;dimacs;54;100;252852;48833;25;445.551;3.26052;PSB;
roadmap;dimacs;55;100;118475;144679;1;445.551;0.549909;PSB;
roadmap;dimacs;56;100;210369;91786;1;445.551;0.484613;PSB;
roadmap;dimacs;57;100;127515;243952;1;445.551;0.523322;PSB;
roadmap;dimacs;58;100;183807;73003;1;445.551;0.520112;PSB;
roadmap;dimacs;59;100;234723;214629;17;445.551;4.26243;PSB;
roadmap;dimacs;60;100;107313;88064;1;445.551;0.512943;PSB;
roadmap;dimacs;61;100;250064;58187;2;445.551;1.02641;PSB;
roadmap;dimacs;62;100;212821;191362;1;445.551;0.532932;PSB;
roadmap;dimacs;63;100;74274;116192;1;445.551;0.530972;PSB;
roadmap;dimacs;64;100;87717;165175;1;445.551;0.583361;PSB;
roadmap;dimacs;65;100;76812;36590;8;445.551;0.9683;PSB;
roadmap;dimacs;66;100;46813;175266;1;445.551;0.502265;PSB;
roadmap;dimacs;67;100;173566;38628;1;445.551;0.553741;PSB;
roadmap;dimacs;68;100;232101;216494;15;445.551;2.46032;PSB;
roadmap;dimacs;69;100;231596;198641;1;445.551;0.566059;PSB;
roadmap;dimacs;70;100;65448;246958;30;482.328;12.2632;PSB;
roadmap;dimacs;71;100;191194;149512;1;482.328;0.565022;PSB;
roadmap;dimacs;72;100;225244;176756;1;482.328;0.537865;PSB;
roadmap;dimacs;73;100;125330;240550;15;482.328;9.28111;PSB;
roadmap;dimacs;74;100;57931;8458;1;482.328;0.578987;PSB;
roadmap;dimacs;75;100;236450;185477;1;435.465;0.54789;PSB;
roadmap;dimacs;76;100;137368;120603;1;435.465;0.50749;PSB;
roadmap;dimacs;77;100;36645;160209;1;435.465;0.524378;PSB;
roadmap;dimacs;78;100;82297;241347;1;435.465;0.578168;PSB;
roadmap;dimacs;79;100;241913;224579;1;435.465;0.51821;PSB;
roadmap;dimacs;80;100;236197;52423;17;435.465;1.14794;PSB;
roadmap;dimacs;81;100;60856;173223;1;435.465;0.521265;PSB;
roadmap;dimacs;82;100;171246;39037;1;435.465;0.54338;PSB;
roadmap;dimacs;83;100;97905;170503;1;435.465;0.529453;PSB;
roadmap;dimacs;84;100;42539;158421;1;435.465;0.527035;PSB;
roadmap;dimacs;85;100;177597;17343;22;435.465;3.69991;PSB;
roadmap;dimacs;86;100;219839;230256;10;435.465;1.73397;PSB;
roadmap;dimacs;87;100;31;148976;8;435.465;1.76033;PSB;
roadmap;dimacs;88;100;2731;93049;1;435.465;0.554129;PSB;
roadmap;dimacs;89;100;766;123574;19;435.465;5.59182;PSB;
roadmap;dimacs;90;100;67860;232633;1;435.465;0.532759;PSB;
roadmap;dimacs;91;100;165688;101432;1;435.465;0.563288;PSB;
roadmap;dimacs;92;100;184899;70350;57;671.387;26.4882;PSB;
roadmap;dimacs;93;100;64726;242671;9;456.645;2.80147;PSB;
roadmap;dimacs;94;100;260929;172368;2;456.645;1.45351;PSB;
roadmap;dimacs;95;100;123167;206957;1;456.645;0.526944;PSB;
roadmap;dimacs;96;100;233233;100670;1;456.645;0.536544;PSB;
roadmap;dimacs;97;100;158836;229582;2;456.645;0.872475;PSB;
roadmap;dimacs;98;100;165689;119877;62;719.344;24.6152;PSB;
roadmap;dimacs;99;100;23108;60612;2;719.344;0.900462;PSB;
roadmap;dimacs;0;200;185304;78004;1;719.344;0.95911;PSB;
roadmap;dimacs;1;200;75504;232776;84;862.539;31.1699;PSB;
roadmap;dimacs;2;200;164668;56964;1;862.551;0.925327;PSB;
roadmap;dimacs;3;200;185932;65044;1;862.551;0.943632;PSB;
roadmap;dimacs;4;200;260054;76690;7;811.684;4.14526;PSB;
roadmap;dimacs;5;200;208831;68322;2;811.684;1.3183;PSB;
roadmap;dimacs;6;200;171352;103936;1;811.684;0.969721;PSB;
roadmap;dimacs;7;200;67586;5493;1;811.684;1.05554;PSB;
roadmap;dimacs;8;200;240171;101021;23;811.684;10.4195;PSB;
roadmap;dimacs;9;200;8686;57324;3;811.684;3.43958;PSB;
roadmap;dimacs;10;200;70116;192949;28;811.684;8.34689;PSB;
roadmap;dimacs;11;200;62502;51055;124;1138.77;15.2787;PSB;
roadmap;dimacs;12;200;259123;74258;1;820.754;0.969736;PSB;
roadmap;dimacs;13;200;155875;101452;13;820.754;3.84013;PSB;
roadmap;dimacs;14;200;260290;94483;44;820.754;10.2466;PSB;
roadmap;dimacs;15;200;158172;231849;9;820.754;5.09901;PSB;
roadmap;dimacs;16;200;173317;97062;1;820.754;1.02587;PSB;
roadmap;dimacs;17;200;86025;11504;96;947.453;34.2652;PSB;
roadmap;dimacs;18;200;159691;41106;1;838.402;0.959848;PSB;
roadmap;dimacs;19;200;137601;92107;7;838.402;4.02801;PSB;
roadmap;dimacs;20;200;167163;120829;14;838.402;2.46337;PSB;
roadmap;dimacs;21;200;91132;107074;1;838.402;0.955471;PSB;
roadmap;dimacs;22;200;67727;19338;1;838.402;0.957528;PSB;
roadmap;dimacs;23;200;60442;259746;14;838.402;7.20813;PSB;
roadmap;dimacs;24;200;103204;263077;2;838.402;1.47795;PSB;
roadmap;dimacs;25;200;207887;73900;1;838.402;0.893078;PSB;
roadmap;dimacs;26;200;158034;38934;1;838.402;0.979356;PSB;
roadmap;dimacs;27;200;119514;262143;11;838.402;3.26648;PSB;
roadmap;dimacs;28;200;133416;95500;8;838.402;4.03099;PSB;
roadmap;dimacs;29;200;222955;118711;20;838.402;5.04513;PSB;
roadmap;dimacs;30;200;174388;6652;94;916.93;38.834;PSB;
roadmap;dimacs;31;200;66450;155619;1;917.156;1.08243;PSB;
roadmap;dimacs;32;200;41744;256787;3;917.156;2.31742;PSB;
roadmap;dimacs;33;200;246406;117343;1;917.156;0.962696;PSB;
roadmap;dimacs;34;200;159112;109571;25;917.156;10.8415;PSB;
roadmap;dimacs;35;200;154540;118595;1;917.156;0.920582;PSB;
roadmap;dimacs;36;200;43852;261229;2;917.156;1.4189;PSB;
roadmap;dimacs;37;200;176196;131165;1;917.156;0.948451;PSB;
roadmap;dimacs;38;200;92944;91684;54;917.156;9.18482;PSB;
roadmap;dimacs;39;200;116170;205917;1;917.156;0.980297;PSB;
roadmap;dimacs;40;200;167490;125416;23;917.156;8.07298;PSB;
roadmap;dimacs;41;200;150465;262664;1;917.156;0.940011;PSB;
roadmap;dimacs;42;200;171058;67916;1;917.156;0.958947;PSB;
roadmap;dimacs;43;200;8423;71279;1;917.156;0.927251;PSB;
roadmap;dimacs;44;200;177607;103006;1;917.156;0.945985;PSB;
roadmap;dimacs;45;200;255475;124116;23;917.156;8.7458;PSB;
roadmap;dimacs;46;200;154599;263081;50;917.156;19.4809;PSB;
roadmap;dimacs;47;200;6764;171272;20;917.156;5.66201;PSB;
roadmap;dimacs;48;200;260804;56417;1;917.156;0.978724;PSB;
roadmap;dimacs;49;200;234261;97162;3;917.156;1.46514;PSB;
roadmap;dimacs;50;200;57292;23118;66;917.156;12.6319;PSB;
roadmap;dimacs;51;200;118879;149439;1;917.156;0.98336;PSB;
roadmap;dimacs;52;200;84220;1755;1;917.156;1.10894;PSB;
roadmap;dimacs;53;200;119181;221944;9;917.156;2.77203;PSB;
roadmap;dimacs;54;200;252852;48833;37;917.156;5.24652;PSB;
roadmap;dimacs;55;200;118475;144679;1;917.156;0.958043;PSB;
roadmap;dimacs;56;200;210369;91786;1;917.156;0.920862;PSB;
roadmap;dimacs;57;200;127515;243952;4;917.156;1.55443;PSB;
roadmap;dimacs;58;200;183807;73003;1;917.156;0.946573;PSB;
roadmap;dimacs;59;200;234723;214629;19;917.156;5.21019;PSB;
roadmap;dimacs;60;200;107313;88064;2;917.156;1.48004;PSB;
roadmap;dimacs;61;200;250064;58187;3;917.156;1.9604;PSB;
roadmap;dimacs;62;200;212821;191362;1;917.156;0.959347;PSB;
roadmap;dimacs;63;200;74274;116192;1;917.156;0.93938;PSB;
roadmap;dimacs;64;200;87717;165175;1;917.156;1.04715;PSB;
roadmap;dimacs;65;200;76812;36590;33;917.156;2.71855;PSB;
roadmap;dimacs;66;200;46813;175266;1;917.156;0.95074;PSB;
roadmap;dimacs;67;200;173566;38628;1;917.156;0.975745;PSB;
roadmap;dimacs;68;200;232101;216494;31;917.156;4.97401;PSB;
roadmap;dimacs;69;200;231596;198641;1;917.156;1.00242;PSB;
roadmap;dimacs;70;200;65448;246958;34;917.156;14.3718;PSB;
roadmap;dimacs;71;200;191194;149512;1;917.156;0.979599;PSB;
roadmap;dimacs;72;200;225244;176756;5;917.156;3.76377;PSB;
roadmap;dimacs;73;200;125330;240550;32;917.156;19.9768;PSB;
roadmap;dimacs;74;200;57931;8458;5;917.156;1.74166;PSB;
roadmap;dimacs;75;200;236450;185477;1;917.156;0.957445;PSB;
roadmap;dimacs;76;200;137368;120603;1;917.156;0.875169;PSB;
roadmap;dimacs;77;200;36645;160209;1;917.156;0.967865;PSB;
roadmap;dimacs;78;200;82297;241347;3;917.156;1.7668;PSB;
roadmap;dimacs;79;200;241913;224579;1;917.156;0.924104;PSB;
roadmap;dimacs;80;200;236197;52423;25;917.156;1.85837;PSB;
roadmap;dimacs;81;200;60856;173223;1;917.156;0.992887;PSB;
roadmap;dimacs;82;200;171246;39037;1;917.156;0.962051;PSB;
roadmap;dimacs;83;200;97905;170503;1;917.156;0.944579;PSB;
roadmap;dimacs;84;200;42539;158421;1;917.156;0.924935;PSB;
roadmap;dimacs;85;200;177597;17343;42;917.156;6.89785;PSB;
roadmap;dimacs;86;200;219839;230256;30;917.156;4.81495;PSB;
roadmap;dimacs;87;200;31;148976;15;917.156;3.38561;PSB;
roadmap;dimacs;88;200;2731;93049;1;917.156;0.962373;PSB;
roadmap;dimacs;89;200;766;123574;33;917.156;9.80897;PSB;
roadmap;dimacs;90;200;67860;232633;7;917.156;2.95339;PSB;
roadmap;dimacs;91;200;165688;101432;1;917.156;1.00847;PSB;
roadmap;dimacs;92;200;184899;70350;126;1182.61;58.7658;PSB;
roadmap;dimacs;93;200;64726;242671;14;1182.71;4.39771;PSB;
roadmap;dimacs;94;200;260929;172368;3;1182.71;2.76324;PSB;
roadmap;dimacs;95;200;123167;206957;1;1182.71;0.954277;PSB;
roadmap;dimacs;96;200;233233;100670;1;899.105;0.953413;PSB;
roadmap;dimacs;97;200;158836;229582;3;899.105;1.61338;PSB;
roadmap;dimacs;98;200;165689;119877;101;1033.23;40.437;PSB;
roadmap;dimacs;99;200;23108;60612;5;1033.23;2.35729;PSB;
roadmap;dimacs;0;300;185304;78004;1;1033.23;1.3248;PSB;
roadmap;dimacs;1;300;75504;232776;131;1223.54;48.4211;PSB;
roadmap;dimacs;2;300;164668;56964;1;1223.54;1.3417;PSB;
roadmap;dimacs;3;300;185932;65044;1;1139.93;1.31928;PSB;
roadmap;dimacs;4;300;260054;76690;11;1139.93;6.63097;PSB;
roadmap;dimacs;5;300;208831;68322;6;1139.93;3.31399;PSB;
roadmap;dimacs;6;300;171352;103936;1;1139.93;1.37094;PSB;
roadmap;dimacs;7;300;67586;5493;1;1139.93;1.49075;PSB;
roadmap;dimacs;8;300;240171;101021;34;1139.93;15.46;PSB;
roadmap;dimacs;9;300;8686;57324;3;1139.93;3.91155;PSB;
roadmap;dimacs;10;300;70116;192949;39;1139.93;11.772;PSB;
roadmap;dimacs;11;300;62502;51055;161;1421.63;19.9184;PSB;
roadmap;dimacs;12;300;259123;74258;1;1139.93;1.37079;PSB;
roadmap;dimacs;13;300;155875;101452;33;1139.93;8.94178;PSB;
roadmap;dimacs;14;300;260290;94483;72;1139.93;16.8307;PSB;
roadmap;dimacs;15;300;158172;231849;13;1139.93;7.18668;PSB;
roadmap;dimacs;16;300;173317;97062;1;1139.93;1.47652;PSB;
roadmap;dimacs;17;300;86025;11504;139;1274.47;49.9932;PSB;
roadmap;dimacs;18;300;159691;41106;1;1274.47;1.37655;PSB;
roadmap;dimacs;19;300;137601;92107;8;1139.93;4.99103;PSB;
roadmap;dimacs;20;300;167163;120829;23;1139.93;3.9753;PSB;
roadmap;dimacs;21;300;91132;107074;1;1139.93;1.37304;PSB;
roadmap;dimacs;22;300;67727;19338;11;1139.93;3.03709;PSB;
roadmap;dimacs;23;300;60442;259746;16;1139.93;8.00842;PSB;
roadmap;dimacs;24;300;103204;263077;11;1139.93;6.39981;PSB;
roadmap;dimacs;25;300;207887;73900;1;1139.93;1.30686;PSB;
roadmap;dimacs;26;300;158034;38934;1;1139.93;1.40863;PSB;
roadmap;dimacs;27;300;119514;262143;15;1139.93;4.44359;PSB;
roadmap;dimacs;28;300;133416;95500;16;1139.93;7.98955;PSB;
roadmap;dimacs;29;300;222955;118711;47;1139.93;10.1963;PSB;
roadmap;dimacs;30;300;174388;6652;139;1243.21;56.4952;PSB;
roadmap;dimacs;31;300;66450;155619;1;1243.21;1.5556;PSB;
roadmap;dimacs;32;300;41744;256787;6;1243.21;3.16384;PSB;
roadmap;dimacs;33;300;246406;117343;4;1243.21;2.60155;PSB;
roadmap;dimacs;34;300;159112;109571;35;1243.21;15.2993;PSB;
roadmap;dimacs;35;300;154540;118595;1;1186.21;1.4045;PSB;
roadmap;dimacs;36;300;43852;261229;2;1139.93;1.85023;PSB;
roadmap;dimacs;37;300;176196;131165;1;1139.93;1.36671;PSB;
roadmap;dimacs;38;300;92944;91684;100;1139.93;16.6631;PSB;
roadmap;dimacs;39;300;116170;205917;1;1139.93;1.35502;PSB;
roadmap;dimacs;40;300;167490;125416;47;1139.93;16.1719;PSB;
roadmap;dimacs;41;300;150465;262664;1;1139.93;1.34669;PSB;
roadmap;dimacs;42;300;171058;67916;1;1139.93;1.3856;PSB;
roadmap;dimacs;43;300;8423;71279;3;1139.93;1.67675;PSB;
roadmap;dimacs;44;300;177607;103006;1;1139.93;1.39223;PSB;
roadmap;dimacs;45;300;255475;124116;36;1139.93;13.9069;PSB;
roadmap;dimacs;46;300;154599;263081;77;1139.93;30.0534;PSB;
roadmap;dimacs;47;300;6764;171272;24;1139.93;7.07992;PSB;
roadmap;dimacs;48;300;260804;56417;1;1139.93;1.37351;PSB;
roadmap;dimacs;49;300;234261;97162;8;1139.93;3.2663;PSB;
roadmap;dimacs;50;300;57292;23118;97;1139.93;18.6047;PSB;
roadmap;dimacs;51;300;118879;149439;1;1139.93;1.3871;PSB;
roadmap;dimacs;52;300;84220;1755;1;1139.93;1.58233;PSB;
roadmap;dimacs;53;300;119181;221944;14;1139.93;4.05508;PSB;
roadmap;dimacs;54;300;252852;48833;65;1139.93;8.33614;PSB;
roadmap;dimacs;55;300;118475;144679;1;1139.93;1.38189;PSB;
roadmap;dimacs;56;300;210369;91786;1;1139.93;1.35736;PSB;
roadmap;dimacs;57;300;127515;243952;7;1139.93;2.57805;PSB;
roadmap;dimacs;58;300;183807;73003;1;1139.93;1.37212;PSB;
roadmap;dimacs;59;300;234723;214629;24;1139.93;6.8443;PSB;
roadmap;dimacs;60;300;107313;88064;2;1139.93;1.88615;PSB;
roadmap;dimacs;61;300;250064;58187;6;1139.93;3.8746;PSB;
roadmap;dimacs;62;300;212821;191362;1;1139.93;1.30539;PSB;
roadmap;dimacs;63;300;74274;116192;1;1139.93;1.33164;PSB;
roadmap;dimacs;64;300;87717;165175;1;1139.93;1.50637;PSB;
roadmap;dimacs;65;300;76812;36590;64;1139.93;4.31654;PSB;
roadmap;dimacs;66;300;46813;175266;1;1139.93;1.33635;PSB;
roadmap;dimacs;67;300;173566;38628;1;1139.93;1.34737;PSB;
roadmap;dimacs;68;300;232101;216494;39;1139.93;6.47518;PSB;
roadmap;dimacs;69;300;231596;198641;5;1139.93;3.57061;PSB;
roadmap;dimacs;70;300;65448;246958;42;1139.93;17.3408;PSB;
roadmap;dimacs;71;300;191194;149512;1;1139.93;1.37918;PSB;
roadmap;dimacs;72;300;225244;176756;5;1139.93;4.20297;PSB;
roadmap;dimacs;73;300;125330;240550;50;1139.93;30.8577;PSB;
roadmap;dimacs;74;300;57931;8458;5;1139.93;2.1703;PSB;
roadmap;dimacs;75;300;236450;185477;1;1139.93;1.37844;PSB;
roadmap;dimacs;76;300;137368;120603;1;1139.93;1.36134;PSB;
roadmap;dimacs;77;300;36645;160209;1;1139.93;1.39682;PSB;
roadmap;dimacs;78;300;82297;241347;3;1139.93;2.19925;PSB;
roadmap;dimacs;79;300;241913;224579;1;1139.93;1.33443;PSB;
roadmap;dimacs;80;300;236197;52423;37;1139.93;2.79941;PSB;
roadmap;dimacs;81;300;60856;173223;1;1139.93;1.42626;PSB;
roadmap;dimacs;82;300;171246;39037;1;1139.93;1.37157;PSB;
roadmap;dimacs;83;300;97905;170503;1;1139.93;1.3528;PSB;
roadmap;dimacs;84;300;42539;158421;1;1139.93;1.29454;PSB;
roadmap;dimacs;85;300;177597;17343;59;1139.93;9.82648;PSB;
roadmap;dimacs;86;300;219839;230256;46;1139.93;7.32558;PSB;
roadmap;dimacs;87;300;31;148976;31;1139.93;6.36848;PSB;
roadmap;dimacs;88;300;2731;93049;3;1139.93;2.00815;PSB;
roadmap;dimacs;89;300;766;123574;50;1139.93;14.9424;PSB;
roadmap;dimacs;90;300;67860;232633;9;1139.93;4.02199;PSB;
roadmap;dimacs;91;300;165688;101432;1;1139.93;1.45506;PSB;
roadmap;dimacs;92;300;184899;70350;190;1643.43;88.6752;PSB;
roadmap;dimacs;93;300;64726;242671;14;1643.43;4.80273;PSB;
roadmap;dimacs;94;300;260929;172368;4;1604.4;3.81616;PSB;
roadmap;dimacs;95;300;123167;206957;1;1604.4;1.38917;PSB;
roadmap;dimacs;96;300;233233;100670;1;1139.93;1.38074;PSB;
roadmap;dimacs;97;300;158836;229582;9;1139.93;3.96953;PSB;
roadmap;dimacs;98;300;165689;119877;165;1505.39;66.0656;PSB;
roadmap;dimacs;99;300;23108;60612;13;1505.39;5.51889;PSB;
roadmap;dimacs;0;400;185304;78004;1;1505.39;1.80476;PSB;
roadmap;dimacs;1;400;75504;232776;173;1528.77;63.2995;PSB;
roadmap;dimacs;2;400;164668;56964;1;1528.77;1.7602;PSB;
roadmap;dimacs;3;400;185932;65044;1;1528.77;1.81236;PSB;
roadmap;dimacs;4;400;260054;76690;12;1528.77;7.60001;PSB;
roadmap;dimacs;5;400;208831;68322;8;1528.77;4.49858;PSB;
roadmap;dimacs;6;400;171352;103936;1;1528.77;1.80678;PSB;
roadmap;dimacs;7;400;67586;5493;1;1528.77;1.8681;PSB;
roadmap;dimacs;8;400;240171;101021;42;1528.77;19.5958;PSB;
roadmap;dimacs;9;400;8686;57324;5;1528.77;6.75765;PSB;
roadmap;dimacs;10;400;70116;192949;43;1528.77;13.4363;PSB;
roadmap;dimacs;11;400;62502;51055;189;1622.63;23.5929;PSB;
roadmap;dimacs;12;400;259123;74258;2;1551.68;2.1239;PSB;
roadmap;dimacs;13;400;155875;101452;59;1551.68;15.2203;PSB;
roadmap;dimacs;14;400;260290;94483;98;1551.68;22.8344;PSB;
roadmap;dimacs;15;400;158172;231849;15;1551.68;8.65903;PSB;
roadmap;dimacs;16;400;173317;97062;1;1551.68;1.90871;PSB;
roadmap;dimacs;17;400;86025;11504;173;1551.68;62.5475;PSB;
roadmap;dimacs;18;400;159691;41106;1;1551.68;1.79428;PSB;
roadmap;dimacs;19;400;137601;92107;9;1551.68;5.91016;PSB;
roadmap;dimacs;20;400;167163;120829;30;1551.68;5.21957;PSB;
roadmap;dimacs;21;400;91132;107074;1;1551.68;1.77509;PSB;
roadmap;dimacs;22;400;67727;19338;31;1551.68;6.72789;PSB;
roadmap;dimacs;23;400;60442;259746;17;1551.68;8.83407;PSB;
roadmap;dimacs;24;400;103204;263077;20;1551.68;11.4323;PSB;
roadmap;dimacs;25;400;207887;73900;1;1551.68;1.72437;PSB;
roadmap;dimacs;26;400;158034;38934;1;1551.68;1.8325;PSB;
roadmap;dimacs;27;400;119514;262143;27;1551.68;7.62613;PSB;
roadmap;dimacs;28;400;133416;95500;23;1551.68;11.5092;PSB;
roadmap;dimacs;29;400;222955;118711;71;1551.68;17.3374;PSB;
roadmap;dimacs;30;400;174388;6652;183;1559.21;75.3515;PSB;
roadmap;dimacs;31;400;66450;155619;1;1559.21;2.0221;PSB;
roadmap;dimacs;32;400;41744;256787;8;1559.21;3.87246;PSB;
roadmap;dimacs;33;400;246406;117343;6;1559.21;3.804;PSB;
roadmap;dimacs;34;400;159112;109571;45;1559.21;20.0932;PSB;
roadmap;dimacs;35;400;154540;118595;1;1559.21;1.82939;PSB;
roadmap;dimacs;36;400;43852;261229;2;1559.21;2.21085;PSB;
roadmap;dimacs;37;400;176196;131165;1;1559.21;1.7783;PSB;
roadmap;dimacs;38;400;92944;91684;147;1559.21;24.2689;PSB;
roadmap;dimacs;39;400;116170;205917;1;1525.46;1.82496;PSB;
roadmap;dimacs;40;400;167490;125416;72;1525.46;24.6491;PSB;
roadmap;dimacs;41;400;150465;262664;1;1525.46;1.77192;PSB;
roadmap;dimacs;42;400;171058;67916;1;1525.46;1.81458;PSB;
roadmap;dimacs;43;400;8423;71279;17;1525.46;4.28886;PSB;
roadmap;dimacs;44;400;177607;103006;3;1525.46;2.21024;PSB;
roadmap;dimacs;45;400;255475;124116;54;1525.46;20.5983;PSB;
roadmap;dimacs;46;400;154599;263081;102;1525.46;40.1125;PSB;
roadmap;dimacs;47;400;6764;171272;28;1525.46;8.50131;PSB;
roadmap;dimacs;48;400;260804;56417;1;1525.46;1.84465;PSB;
roadmap;dimacs;49;400;234261;97162;10;1525.46;4.22117;PSB;
roadmap;dimacs;50;400;57292;23118;125;1525.46;24.0717;PSB;
roadmap;dimacs;51;400;118879;149439;1;1525.46;1.73765;PSB;
roadmap;dimacs;52;400;84220;1755;1;1525.46;2.05798;PSB;
roadmap;dimacs;53;400;119181;221944;17;1525.46;4.88407;PSB;
roadmap;dimacs;54;400;252852;48833;77;1525.46;9.81283;PSB;
roadmap;dimacs;55;400;118475;144679;1;1525.46;1.80098;PSB;
roadmap;dimacs;56;400;210369;91786;1;1525.46;1.72325;PSB;
roadmap;dimacs;57;400;127515;243952;10;1525.46;3.65225;PSB;
roadmap;dimacs;58;400;183807;73003;1;1525.46;1.7866;PSB;
roadmap;dimacs;59;400;234723;214629;53;1525.46;14.2462;PSB;
roadmap;dimacs;60;400;107313;88064;2;1525.46;2.31159;PSB;
roadmap;dimacs;61;400;250064;58187;6;1525.46;4.28237;PSB;
roadmap;dimacs;62;400;212821;191362;1;1525.46;1.79266;PSB;
roadmap;dimacs;63;400;74274;116192;1;1525.46;1.70035;PSB;
roadmap;dimacs;64;400;87717;165175;1;1525.46;1.9509;PSB;
roadmap;dimacs;65;400;76812;36590;82;1525.46;5.35652;PSB;
roadmap;dimacs;66;400;46813;175266;1;1525.46;1.77876;PSB;
roadmap;dimacs;67;400;173566;38628;1;1525.46;1.77299;PSB;
roadmap;dimacs;68;400;232101;216494;45;1525.46;7.67676;PSB;
roadmap;dimacs;69;400;231596;198641;7;1525.46;4.99015;PSB;
roadmap;dimacs;70;400;65448;246958;53;1525.46;21.9237;PSB;
roadmap;dimacs;71;400;191194;149512;1;1525.46;1.79905;PSB;
roadmap;dimacs;72;400;225244;176756;6;1525.46;4.67146;PSB;
roadmap;dimacs;73;400;125330;240550;66;1525.46;40.9091;PSB;
roadmap;dimacs;74;400;57931;8458;7;1525.46;2.95646;PSB;
roadmap;dimacs;75;400;236450;185477;1;1525.46;1.77613;PSB;
roadmap;dimacs;76;400;137368;120603;1;1525.46;1.76357;PSB;
roadmap;dimacs;77;400;36645;160209;1;1525.46;1.78467;PSB;
roadmap;dimacs;78;400;82297;241347;5;1525.46;3.35319;PSB;
roadmap;dimacs;79;400;241913;224579;1;1525.46;1.73898;PSB;
roadmap;dimacs;80;400;236197;52423;41;1525.46;3.27746;PSB;
roadmap;dimacs;81;400;60856;173223;1;1525.46;1.787;PSB;
roadmap;dimacs;82;400;171246;39037;1;1525.46;1.80614;PSB;
roadmap;dimacs;83;400;97905;170503;1;1525.46;1.74977;PSB;
roadmap;dimacs;84;400;42539;158421;1;1525.46;1.79644;PSB;
roadmap;dimacs;85;400;177597;17343;77;1525.46;12.9353;PSB;
roadmap;dimacs;86;400;219839;230256;60;1525.46;9.85041;PSB;
roadmap;dimacs;87;400;31;148976;39;1525.46;8.14815;PSB;
roadmap;dimacs;88;400;2731;93049;5;1525.46;3.0426;PSB;
roadmap;dimacs;89;400;766;123574;64;1525.46;19.2177;PSB;
roadmap;dimacs;90;400;67860;232633;9;1525.46;4.43182;PSB;
roadmap;dimacs;91;400;165688;101432;1;1525.46;1.87493;PSB;
roadmap;dimacs;92;400;184899;70350;244;2068.75;114.06;PSB;
roadmap;dimacs;93;400;64726;242671;14;2068.75;5.14632;PSB;
roadmap;dimacs;94;400;260929;172368;7;1993.23;6.47068;PSB;
roadmap;dimacs;95;400;123167;206957;3;1993.23;2.07234;PSB;
roadmap;dimacs;96;400;233233;100670;1;1525.46;1.74283;PSB;
roadmap;dimacs;97;400;158836;229582;11;1525.46;5.06264;PSB;
roadmap;dimacs;98;400;165689;119877;236;2059.91;94.3962;PSB;
roadmap;dimacs;99;400;23108;60612;14;2059.91;6.23209;PSB;
roadmap;dimacs;0;500;185304;78004;1;2059.91;2.23093;PSB;
roadmap;dimacs;1;500;75504;232776;205;2059.91;73.8331;PSB;
roadmap;dimacs;2;500;164668;56964;1;2059.91;2.12087;PSB;
roadmap;dimacs;3;500;185932;65044;1;2059.91;2.2266;PSB;
roadmap;dimacs;4;500;260054;76690;14;2059.91;9.06059;PSB;
roadmap;dimacs;5;500;208831;68322;8;2059.91;4.91446;PSB;
roadmap;dimacs;6;500;171352;103936;1;1873.5;2.22319;PSB;
roadmap;dimacs;7;500;67586;5493;1;1873.5;2.30324;PSB;
roadmap;dimacs;8;500;240171;101021;49;1873.5;23.1995;PSB;
roadmap;dimacs;9;500;8686;57324;5;1873.5;7.25596;PSB;
roadmap;dimacs;10;500;70116;192949;46;1873.5;14.2672;PSB;
roadmap;dimacs;11;500;62502;51055;218;1873.5;26.6091;PSB;
roadmap;dimacs;12;500;259123;74258;3;1873.5;2.86079;PSB;
roadmap;dimacs;13;500;155875;101452;75;1873.5;19.1691;PSB;
roadmap;dimacs;14;500;260290;94483;137;1873.5;30.8754;PSB;
roadmap;dimacs;15;500;158172;231849;19;1873.5;11.1153;PSB;
roadmap;dimacs;16;500;173317;97062;1;1873.5;2.3549;PSB;
roadmap;dimacs;17;500;86025;11504;217;1873.5;77.0407;PSB;
roadmap;dimacs;18;500;159691;41106;1;1873.5;2.2198;PSB;
roadmap;dimacs;19;500;137601;92107;11;1873.5;7.28539;PSB;
roadmap;dimacs;20;500;167163;120829;36;1873.5;6.36581;PSB;
roadmap;dimacs;21;500;91132;107074;3;1873.5;2.75078;PSB;
roadmap;dimacs;22;500;67727;19338;59;1873.5;11.6267;PSB;
roadmap;dimacs;23;500;60442;259746;19;1873.5;9.97706;PSB;
roadmap;dimacs;24;500;103204;263077;36;1873.5;19.0715;PSB;
roadmap;dimacs;25;500;207887;73900;1;1873.5;2.07263;PSB;
roadmap;dimacs;26;500;158034;38934;1;1873.5;2.24952;PSB;
roadmap;dimacs;27;500;119514;262143;43;1873.5;11.2073;PSB;
roadmap;dimacs;28;500;133416;95500;29;1873.5;14.5925;PSB;
roadmap;dimacs;29;500;222955;118711;81;1873.5;19.1013;PSB;
roadmap;dimacs;30;500;174388;6652;245;2029.9;101.398;PSB;
roadmap;dimacs;31;500;66450;155619;1;2029.9;2.49204;PSB;
roadmap;dimacs;32;500;41744;256787;11;2029.9;4.71771;PSB;
roadmap;dimacs;33;500;246406;117343;7;2029.9;4.44837;PSB;
roadmap;dimacs;34;500;159112;109571;71;2029.9;30.6988;PSB;
roadmap;dimacs;35;500;154540;118595;1;2029.9;2.19704;PSB;
roadmap;dimacs;36;500;43852;261229;2;2029.9;2.71935;PSB;
roadmap;dimacs;37;500;176196;131165;1;2029.9;2.22209;PSB;
roadmap;dimacs;38;500;92944;91684;201;2029.9;32.882;PSB;
roadmap;dimacs;39;500;116170;205917;1;2029.9;2.19848;PSB;
roadmap;dimacs;40;500;167490;125416;92;2029.9;31.4716;PSB;
roadmap;dimacs;41;500;150465;262664;1;2029.9;2.2012;PSB;
roadmap;dimacs;42;500;171058;67916;1;1873.5;2.24993;PSB;
roadmap;dimacs;43;500;8423;71279;17;1873.5;4.71405;PSB;
roadmap;dimacs;44;500;177607;103006;7;1873.5;3.57467;PSB;
roadmap;dimacs;45;500;255475;124116;61;1873.5;23.3007;PSB;
roadmap;dimacs;46;500;154599;263081;131;1873.5;51.3842;PSB;
roadmap;dimacs;47;500;6764;171272;30;1873.5;9.42838;PSB;
roadmap;dimacs;48;500;260804;56417;1;1873.5;2.25282;PSB;
roadmap;dimacs;49;500;234261;97162;12;1873.5;5.20744;PSB;
roadmap;dimacs;50;500;57292;23118;151;1873.5;29.4054;PSB;
roadmap;dimacs;51;500;118879;149439;1;1873.5;2.2324;PSB;
roadmap;dimacs;52;500;84220;1755;1;1873.5;2.54769;PSB;
roadmap;dimacs;53;500;119181;221944;20;1873.5;5.693;PSB;
roadmap;dimacs;54;500;252852;48833;106;1873.5;13.2429;PSB;
roadmap;dimacs;55;500;118475;144679;1;1873.5;2.20464;PSB;
roadmap;dimacs;56;500;210369;91786;1;1873.5;2.2048;PSB;
roadmap;dimacs;57;500;127515;243952;13;1873.5;4.67777;PSB;
roadmap;dimacs;58;500;183807;73003;1;1873.5;2.19612;PSB;
roadmap;dimacs;59;500;234723;214629;76;1873.5;20.2264;PSB;
roadmap;dimacs;60;500;107313;88064;2;1873.5;2.74042;PSB;
roadmap;dimacs;61;500;250064;58187;6;1873.5;4.63212;PSB;
roadmap;dimacs;62;500;212821;191362;1;1873.5;2.22074;PSB;
roadmap;dimacs;63;500;74274;116192;1;1873.5;2.17961;PSB;
roadmap;dimacs;64;500;87717;165175;1;1873.5;2.3821;PSB;
roadmap;dimacs;65;500;76812;36590;97;1873.5;6.42848;PSB;
roadmap;dimacs;66;500;46813;175266;1;1873.5;2.17613;PSB;
roadmap;dimacs;67;500;173566;38628;1;1873.5;2.16929;PSB;
roadmap;dimacs;68;500;232101;216494;54;1873.5;9.28684;PSB;
roadmap;dimacs;69;500;231596;198641;11;1873.5;7.6532;PSB;
roadmap;dimacs;70;500;65448;246958;54;1873.5;22.3738;PSB;
roadmap;dimacs;71;500;191194;149512;1;1873.5;2.21518;PSB;
roadmap;dimacs;72;500;225244;176756;6;1873.5;5.05596;PSB;
roadmap;dimacs;73;500;125330;240550;80;1873.5;50.1469;PSB;
roadmap;dimacs;74;500;57931;8458;9;1873.5;3.77591;PSB;
roadmap;dimacs;75;500;236450;185477;1;1873.5;2.1989;PSB;
roadmap;dimacs;76;500;137368;120603;1;1873.5;2.20509;PSB;
roadmap;dimacs;77;500;36645;160209;1;1873.5;2.26945;PSB;
roadmap;dimacs;78;500;82297;241347;5;1873.5;3.79282;PSB;
roadmap;dimacs;79;500;241913;224579;1;1873.5;2.14397;PSB;
roadmap;dimacs;80;500;236197;52423;41;1873.5;3.71949;PSB;
roadmap;dimacs;81;500;60856;173223;1;1873.5;2.27622;PSB;
roadmap;dimacs;82;500;171246;39037;1;1873.5;2.15301;PSB;
roadmap;dimacs;83;500;97905;170503;1;1873.5;2.19255;PSB;
roadmap;dimacs;84;500;42539;158421;1;1873.5;2.23491;PSB;
roadmap;dimacs;85;500;177597;17343;93;1873.5;15.4632;PSB;
roadmap;dimacs;86;500;219839;230256;82;1873.5;13.2682;PSB;
roadmap;dimacs;87;500;31;148976;56;1873.5;11.4717;PSB;
roadmap;dimacs;88;500;2731;93049;6;1873.5;3.77156;PSB;
roadmap;dimacs;89;500;766;123574;79;1873.5;23.7393;PSB;
roadmap;dimacs;90;500;67860;232633;9;1873.5;4.85175;PSB;
roadmap;dimacs;91;500;165688;101432;1;1873.5;2.32335;PSB;
roadmap;dimacs;92;500;184899;70350;301;2479.86;140.867;PSB;
roadmap;dimacs;93;500;64726;242671;30;2479.86;9.20473;PSB;
roadmap;dimacs;94;500;260929;172368;9;2479.86;8.53972;PSB;
roadmap;dimacs;95;500;123167;206957;7;2439.76;3.115;PSB;
roadmap;dimacs;96;500;233233;100670;1;1873.5;2.23739;PSB;
roadmap;dimacs;97;500;158836;229582;15;1873.5;6.79632;PSB;
roadmap;dimacs;98;500;165689;119877;284;2419.29;113.762;PSB;
roadmap;dimacs;99;500;23108;60612;16;2419.29;7.34147;PSB;
roadmap;dimacs;0;600;185304;78004;1;2372.76;2.66858;PSB;
roadmap;dimacs;1;600;75504;232776;243;2282.76;86.7446;PSB;
roadmap;dimacs;2;600;164668;56964;1;2282.76;2.59518;PSB;
roadmap;dimacs;3;600;185932;65044;1;2282.76;2.64339;PSB;
roadmap;dimacs;4;600;260054;76690;17;2282.76;11.1;PSB;
roadmap;dimacs;5;600;208831;68322;15;2282.76;8.07235;PSB;
roadmap;dimacs;6;600;171352;103936;1;2017.14;2.63786;PSB;
roadmap;dimacs;7;600;67586;5493;1;2017.14;2.79181;PSB;
roadmap;dimacs;8;600;240171;101021;62;2017.14;29.3714;PSB;
roadmap;dimacs;9;600;8686;57324;5;2017.14;7.65221;PSB;
roadmap;dimacs;10;600;70116;192949;54;2017.14;17.1387;PSB;
roadmap;dimacs;11;600;62502;51055;265;2199.54;32.7266;PSB;
roadmap;dimacs;12;600;259123;74258;3;2023.19;3.24626;PSB;
roadmap;dimacs;13;600;155875;101452;102;2023.19;24.8437;PSB;
roadmap;dimacs;14;600;260290;94483;187;2023.19;41.0978;PSB;
roadmap;dimacs;15;600;158172;231849;21;1938.96;12.5996;PSB;
roadmap;dimacs;16;600;173317;97062;1;1938.96;2.79165;PSB;
roadmap;dimacs;17;600;86025;11504;258;2167.43;91.4141;PSB;
roadmap;dimacs;18;600;159691;41106;1;2167.43;2.57024;PSB;
roadmap;dimacs;19;600;137601;92107;13;2135.29;8.82231;PSB;
roadmap;dimacs;20;600;167163;120829;41;2005.49;7.37954;PSB;
roadmap;dimacs;21;600;91132;107074;5;2005.49;3.72119;PSB;
roadmap;dimacs;22;600;67727;19338;85;2005.49;16.3539;PSB;
roadmap;dimacs;23;600;60442;259746;20;2005.49;10.8306;PSB;
roadmap;dimacs;24;600;103204;263077;53;2005.49;26.5992;PSB;
roadmap;dimacs;25;600;207887;73900;1;2005.49;2.56982;PSB;
roadmap;dimacs;26;600;158034;38934;1;2005.49;2.69176;PSB;
roadmap;dimacs;27;600;119514;262143;55;2005.49;14.1202;PSB;
roadmap;dimacs;28;600;133416;95500;34;2005.49;17.1767;PSB;
roadmap;dimacs;29;600;222955;118711;92;2005.49;23.5479;PSB;
roadmap;dimacs;30;600;174388;6652;301;2423.86;124.626;PSB;
roadmap;dimacs;31;600;66450;155619;1;2423.86;2.94859;PSB;
roadmap;dimacs;32;600;41744;256787;12;2423.86;5.2428;PSB;
roadmap;dimacs;33;600;246406;117343;7;2423.86;4.88226;PSB;
roadmap;dimacs;34;600;159112;109571;80;2423.86;34.9141;PSB;
roadmap;dimacs;35;600;154540;118595;1;2004.97;2.6805;PSB;
roadmap;dimacs;36;600;43852;261229;2;2004.97;3.11972;PSB;
roadmap;dimacs;37;600;176196;131165;1;2004.97;2.53966;PSB;
roadmap;dimacs;38;600;92944;91684;239;2042.53;39.0988;PSB;
roadmap;dimacs;39;600;116170;205917;1;2042.53;2.59269;PSB;
roadmap;dimacs;40;600;167490;125416;117;2004.97;39.8405;PSB;
roadmap;dimacs;41;600;150465;262664;1;2004.97;2.60959;PSB;
roadmap;dimacs;42;600;171058;67916;1;2004.97;2.66047;PSB;
roadmap;dimacs;43;600;8423;71279;37;2004.97;8.34748;PSB;
roadmap;dimacs;44;600;177607;103006;9;2004.97;4.35294;PSB;
roadmap;dimacs;45;600;255475;124116;69;2004.97;26.678;PSB;
roadmap;dimacs;46;600;154599;263081;156;2004.97;61.2662;PSB;
roadmap;dimacs;47;600;6764;171272;32;2004.97;10.3004;PSB;
roadmap;dimacs;48;600;260804;56417;1;2004.97;2.69305;PSB;
roadmap;dimacs;49;600;234261;97162;14;2004.97;6.10725;PSB;
roadmap;dimacs;50;600;57292;23118;176;2004.97;34.2304;PSB;
roadmap;dimacs;51;600;118879;149439;1;2004.97;2.64088;PSB;
roadmap;dimacs;52;600;84220;1755;1;2004.97;2.9742;PSB;
roadmap;dimacs;53;600;119181;221944;26;2004.97;7.27497;PSB;
roadmap;dimacs;54;600;252852;48833;128;2004.97;16.0656;PSB;
roadmap;dimacs;55;600;118475;144679;1;2004.97;2.61827;PSB;
roadmap;dimacs;56;600;210369;91786;1;2004.97;2.6129;PSB;
roadmap;dimacs;57;600;127515;243952;16;2004.97;5.60183;PSB;
roadmap;dimacs;58;600;183807;73003;1;2004.97;2.62076;PSB;
roadmap;dimacs;59;600;234723;214629;102;2004.97;26.9358;PSB;
roadmap;dimacs;60;600;107313;88064;2;2004.97;3.15023;PSB;
roadmap;dimacs;61;600;250064;58187;7;2004.97;5.65628;PSB;
roadmap;dimacs;62;600;212821;191362;2;2004.97;3.06061;PSB;
roadmap;dimacs;63;600;74274;116192;1;2004.97;2.58791;PSB;
roadmap;dimacs;64;600;87717;165175;1;2004.97;2.7876;PSB;
roadmap;dimacs;65;600;76812;36590;105;2004.97;7.25676;PSB;
roadmap;dimacs;66;600;46813;175266;1;2004.97;2.53168;PSB;
roadmap;dimacs;67;600;173566;38628;1;2004.97;2.65089;PSB;
roadmap;dimacs;68;600;232101;216494;59;2004.97;10.3648;PSB;
roadmap;dimacs;69;600;231596;198641;13;2004.97;9.15609;PSB;
roadmap;dimacs;70;600;65448;246958;62;2004.97;26.1967;PSB;
roadmap;dimacs;71;600;191194;149512;1;2004.97;2.51387;PSB;
roadmap;dimacs;72;600;225244;176756;6;2004.97;5.45343;PSB;
roadmap;dimacs;73;600;125330;240550;101;2004.97;63.1947;PSB;
roadmap;dimacs;74;600;57931;8458;14;2004.97;5.05447;PSB;
roadmap;dimacs;75;600;236450;185477;1;2004.97;2.58116;PSB;
roadmap;dimacs;76;600;137368;120603;1;2004.97;2.62575;PSB;
roadmap;dimacs;77;600;36645;160209;1;2004.97;2.64514;PSB;
roadmap;dimacs;78;600;82297;241347;5;2004.97;4.18115;PSB;
roadmap;dimacs;79;600;241913;224579;1;2004.97;2.56357;PSB;
roadmap;dimacs;80;600;236197;52423;49;2004.97;4.38448;PSB;
roadmap;dimacs;81;600;60856;173223;1;2004.97;2.67063;PSB;
roadmap;dimacs;82;600;171246;39037;1;2004.97;2.60298;PSB;
roadmap;dimacs;83;600;97905;170503;1;2004.97;2.54281;PSB;
roadmap;dimacs;84;600;42539;158421;1;2004.97;2.65397;PSB;
roadmap;dimacs;85;600;177597;17343;112;2004.97;18.6164;PSB;
roadmap;dimacs;86;600;219839;230256;106;2004.97;16.8625;PSB;
roadmap;dimacs;87;600;31;148976;73;2004.97;14.6698;PSB;
roadmap;dimacs;88;600;2731;93049;6;2004.97;4.18637;PSB;
roadmap;dimacs;89;600;766;123574;97;2004.97;29.0457;PSB;
roadmap;dimacs;90;600;67860;232633;10;2004.97;5.24039;PSB;
roadmap;dimacs;91;600;165688;101432;1;2004.97;2.74257;PSB;
roadmap;dimacs;92;600;184899;70350;358;2891.29;167.584;PSB;
roadmap;dimacs;93;600;64726;242671;34;2891.29;10.2331;PSB;
roadmap;dimacs;94;600;260929;172368;10;2144.89;9.83909;PSB;
roadmap;dimacs;95;600;123167;206957;7;2144.89;3.52846;PSB;
roadmap;dimacs;96;600;233233;100670;1;2004.97;2.60029;PSB;
roadmap;dimacs;97;600;158836;229582;18;2004.97;8.00634;PSB;
roadmap;dimacs;98;600;165689;119877;347;2884.32;138.987;PSB;
roadmap;dimacs;99;600;23108;60612;20;2884.32;9.00624;PSB;
roadmap;dimacs;0;700;185304;78004;1;2816.4;3.06035;PSB;
roadmap;dimacs;1;700;75504;232776;272;2816.4;95.696;PSB;
roadmap;dimacs;2;700;164668;56964;1;2133.47;3.03499;PSB;
roadmap;dimacs;3;700;185932;65044;1;2031.34;3.08557;PSB;
roadmap;dimacs;4;700;260054;76690;17;2031.34;11.4471;PSB;
roadmap;dimacs;5;700;208831;68322;21;2031.34;10.784;PSB;
roadmap;dimacs;6;700;171352;103936;1;1888.92;2.99412;PSB;
roadmap;dimacs;7;700;67586;5493;1;1888.92;3.30133;PSB;
roadmap;dimacs;8;700;240171;101021;76;1888.92;35.6872;PSB;
roadmap;dimacs;9;700;8686;57324;5;1888.92;8.05603;PSB;
roadmap;dimacs;10;700;70116;192949;62;1888.92;19.5743;PSB;
roadmap;dimacs;11;700;62502;51055;291;2453;36.2068;PSB;
roadmap;dimacs;12;700;259123;74258;3;1815.65;3.71118;PSB;
roadmap;dimacs;13;700;155875;101452;124;1815.65;29.9558;PSB;
roadmap;dimacs;14;700;260290;94483;223;1955.09;48.8368;PSB;
roadmap;dimacs;15;700;158172;231849;24;1955.09;14.5774;PSB;
roadmap;dimacs;16;700;173317;97062;1;1955.09;3.1559;PSB;
roadmap;dimacs;17;700;86025;11504;295;2503.31;105.709;PSB;
roadmap;dimacs;18;700;159691;41106;1;2503.54;3.04135;PSB;
roadmap;dimacs;19;700;137601;92107;13;2463.65;9.20434;PSB;
roadmap;dimacs;20;700;167163;120829;43;2231.82;8.01183;PSB;
roadmap;dimacs;21;700;91132;107074;7;2072.97;4.68259;PSB;
roadmap;dimacs;22;700;67727;19338;107;2072.97;20.3157;PSB;
roadmap;dimacs;23;700;60442;259746;38;2072.97;18.9059;PSB;
roadmap;dimacs;24;700;103204;263077;63;2072.97;30.2032;PSB;
roadmap;dimacs;25;700;207887;73900;1;2072.97;2.91953;PSB;
roadmap;dimacs;26;700;158034;38934;1;2072.97;3.10644;PSB;
roadmap;dimacs;27;700;119514;262143;69;2072.97;17.5692;PSB;
roadmap;dimacs;28;700;133416;95500;40;2072.97;19.8827;PSB;
roadmap;dimacs;29;700;222955;118711;117;2072.97;28.4302;PSB;
roadmap;dimacs;30;700;174388;6652;364;2926.99;149.842;PSB;
roadmap;dimacs;31;700;66450;155619;1;2927.11;3.43101;PSB;
roadmap;dimacs;32;700;41744;256787;17;2927.11;6.26302;PSB;
roadmap;dimacs;33;700;246406;117343;7;2927.11;5.31426;PSB;
roadmap;dimacs;34;700;159112;109571;91;2927.11;39.8668;PSB;
roadmap;dimacs;35;700;154540;118595;2;2072.97;3.43185;PSB;
roadmap;dimacs;36;700;43852;261229;2;2072.97;3.55213;PSB;
roadmap;dimacs;37;700;176196;131165;1;2072.97;3.00049;PSB;
roadmap;dimacs;38;700;92944;91684;288;2464.64;47.0331;PSB;
roadmap;dimacs;39;700;116170;205917;1;2464.64;3.08391;PSB;
roadmap;dimacs;40;700;167490;125416;134;2418.74;45.7416;PSB;
roadmap;dimacs;41;700;150465;262664;1;2418.74;3.02688;PSB;
roadmap;dimacs;42;700;171058;67916;1;2366;3.08873;PSB;
roadmap;dimacs;43;700;8423;71279;49;2194.24;10.5817;PSB;
roadmap;dimacs;44;700;177607;103006;11;2194.24;5.67317;PSB;
roadmap;dimacs;45;700;255475;124116;76;2194.24;29.7271;PSB;
roadmap;dimacs;46;700;154599;263081;180;2194.24;70.3251;PSB;
roadmap;dimacs;47;700;6764;171272;34;2194.24;11.2649;PSB;
roadmap;dimacs;48;700;260804;56417;1;2194.24;3.08984;PSB;
roadmap;dimacs;49;700;234261;97162;18;2194.24;7.60821;PSB;
roadmap;dimacs;50;700;57292;23118;201;2194.24;39.1792;PSB;
roadmap;dimacs;51;700;118879;149439;1;2194.24;3.05387;PSB;
roadmap;dimacs;52;700;84220;1755;1;2194.24;3.51223;PSB;
roadmap;dimacs;53;700;119181;221944;31;2194.24;8.81674;PSB;
roadmap;dimacs;54;700;252852;48833;150;2194.24;18.7591;PSB;
roadmap;dimacs;55;700;118475;144679;1;2194.24;3.02999;PSB;
roadmap;dimacs;56;700;210369;91786;1;2194.24;2.9522;PSB;
roadmap;dimacs;57;700;127515;243952;19;2194.24;6.68526;PSB;
roadmap;dimacs;58;700;183807;73003;1;2194.24;2.95351;PSB;
roadmap;dimacs;59;700;234723;214629;133;2194.24;34.7417;PSB;
roadmap;dimacs;60;700;107313;88064;2;2194.24;3.55744;PSB;
roadmap;dimacs;61;700;250064;58187;8;2194.24;6.47695;PSB;
roadmap;dimacs;62;700;212821;191362;4;2194.24;4.36325;PSB;
roadmap;dimacs;63;700;74274;116192;1;2194.24;2.91904;PSB;
roadmap;dimacs;64;700;87717;165175;1;2194.24;3.33745;PSB;
roadmap;dimacs;65;700;76812;36590;117;2194.24;8.2666;PSB;
roadmap;dimacs;66;700;46813;175266;1;2194.24;3.00841;PSB;
roadmap;dimacs;67;700;173566;38628;3;2194.24;3.17531;PSB;
roadmap;dimacs;68;700;232101;216494;72;2194.24;12.5215;PSB;
roadmap;dimacs;69;700;231596;198641;19;2194.24;12.7521;PSB;
roadmap;dimacs;70;700;65448;246958;71;2194.24;29.9313;PSB;
roadmap;dimacs;71;700;191194;149512;1;2194.24;3.03036;PSB;
roadmap;dimacs;72;700;225244;176756;6;2194.24;5.91579;PSB;
roadmap;dimacs;73;700;125330;240550;114;2194.24;71.3345;PSB;
roadmap;dimacs;74;700;57931;8458;18;2194.24;6.19623;PSB;
roadmap;dimacs;75;700;236450;185477;3;2194.24;3.90024;PSB;
roadmap;dimacs;76;700;137368;120603;1;2194.24;3.02896;PSB;
roadmap;dimacs;77;700;36645;160209;1;2194.24;3.13453;PSB;
roadmap;dimacs;78;700;82297;241347;5;2194.24;4.55816;PSB;
roadmap;dimacs;79;700;241913;224579;1;2194.24;2.95322;PSB;
roadmap;dimacs;80;700;236197;52423;49;2194.24;4.75818;PSB;
roadmap;dimacs;81;700;60856;173223;1;2194.24;3.10564;PSB;
roadmap;dimacs;82;700;171246;39037;2;2194.24;3.32893;PSB;
roadmap;dimacs;83;700;97905;170503;1;2194.24;2.95428;PSB;
roadmap;dimacs;84;700;42539;158421;1;2194.24;3.05703;PSB;
roadmap;dimacs;85;700;177597;17343;125;2194.24;20.8991;PSB;
roadmap;dimacs;86;700;219839;230256;127;2194.24;20.0589;PSB;
roadmap;dimacs;87;700;31;148976;93;2194.24;18.2548;PSB;
roadmap;dimacs;88;700;2731;93049;7;2194.24;4.90027;PSB;
roadmap;dimacs;89;700;766;123574;112;2194.24;33.5409;PSB;
roadmap;dimacs;90;700;67860;232633;11;2194.24;5.77072;PSB;
roadmap;dimacs;91;700;165688;101432;1;2194.24;3.14761;PSB;
roadmap;dimacs;92;700;184899;70350;409;3327.7;191.674;PSB;
roadmap;dimacs;93;700;64726;242671;44;3327.7;11.8326;PSB;
roadmap;dimacs;94;700;260929;172368;14;3327.7;13.0614;PSB;
roadmap;dimacs;95;700;123167;206957;9;3288.57;4.24495;PSB;
roadmap;dimacs;96;700;233233;100670;1;2194.24;3.05372;PSB;
roadmap;dimacs;97;700;158836;229582;24;2194.24;10.3041;PSB;
roadmap;dimacs;98;700;165689;119877;428;3546.85;171.484;PSB;
roadmap;dimacs;99;700;23108;60612;25;3546.85;11.0258;PSB;
roadmap;dimacs;0;800;185304;78004;1;3546.85;3.43266;PSB;
roadmap;dimacs;1;800;75504;232776;295;3333.21;102.7;PSB;
roadmap;dimacs;2;800;164668;56964;1;2514.99;3.41989;PSB;
roadmap;dimacs;3;800;185932;65044;1;2514.99;3.49768;PSB;
roadmap;dimacs;4;800;260054;76690;19;2514.99;12.9528;PSB;
roadmap;dimacs;5;800;208831;68322;21;2514.99;11.205;PSB;
roadmap;dimacs;6;800;171352;103936;1;2514.99;3.45342;PSB;
roadmap;dimacs;7;800;67586;5493;1;2514.99;3.73716;PSB;
roadmap;dimacs;8;800;240171;101021;85;2514.99;39.506;PSB;
roadmap;dimacs;9;800;8686;57324;5;2514.99;8.48209;PSB;
roadmap;dimacs;10;800;70116;192949;72;2514.99;22.3768;PSB;
roadmap;dimacs;11;800;62502;51055;347;2850.36;42.336;PSB;
roadmap;dimacs;12;800;259123;74258;4;2507.63;4.03616;PSB;
roadmap;dimacs;13;800;155875;101452;138;2507.63;33.365;PSB;
roadmap;dimacs;14;800;260290;94483;242;2507.63;53.3793;PSB;
roadmap;dimacs;15;800;158172;231849;28;2507.63;16.5438;PSB;
roadmap;dimacs;16;800;173317;97062;1;2507.63;3.65209;PSB;
roadmap;dimacs;17;800;86025;11504;332;2771.13;120.024;PSB;
roadmap;dimacs;18;800;159691;41106;1;2771.21;3.43039;PSB;
roadmap;dimacs;19;800;137601;92107;15;2739.16;10.6343;PSB;
roadmap;dimacs;20;800;167163;120829;49;2507.63;9.1704;PSB;
roadmap;dimacs;21;800;91132;107074;12;2507.63;6.43773;PSB;
roadmap;dimacs;22;800;67727;19338;123;2507.63;23.3486;PSB;
roadmap;dimacs;23;800;60442;259746;41;2507.63;20.4948;PSB;
roadmap;dimacs;24;800;103204;263077;70;2507.63;34.1888;PSB;
roadmap;dimacs;25;800;207887;73900;1;2194.24;3.36928;PSB;
roadmap;dimacs;26;800;158034;38934;1;2194.24;3.51871;PSB;
roadmap;dimacs;27;800;119514;262143;87;2194.24;21.4115;PSB;
roadmap;dimacs;28;800;133416;95500;44;2194.24;22.0298;PSB;
roadmap;dimacs;29;800;222955;118711;124;2194.24;30.0067;PSB;
roadmap;dimacs;30;800;174388;6652;410;3242.86;167.759;PSB;
roadmap;dimacs;31;800;66450;155619;1;3242.86;3.86238;PSB;
roadmap;dimacs;32;800;41744;256787;18;3242.86;6.85002;PSB;
roadmap;dimacs;33;800;246406;117343;8;3242.86;6.13654;PSB;
roadmap;dimacs;34;800;159112;109571;105;3242.86;45.7971;PSB;
roadmap;dimacs;35;800;154540;118595;2;3195.04;3.89851;PSB;
roadmap;dimacs;36;800;43852;261229;2;3195.04;3.87622;PSB;
roadmap;dimacs;37;800;176196;131165;1;3195.04;3.4056;PSB;
roadmap;dimacs;38;800;92944;91684;345;2875.78;56.7959;PSB;
roadmap;dimacs;39;800;116170;205917;1;2875.91;3.51899;PSB;
roadmap;dimacs;40;800;167490;125416;158;2875.91;53.8079;PSB;
roadmap;dimacs;41;800;150465;262664;1;2875.91;3.38883;PSB;
roadmap;dimacs;42;800;171058;67916;1;2518.87;3.48397;PSB;
roadmap;dimacs;43;800;8423;71279;49;2518.87;11.0082;PSB;
roadmap;dimacs;44;800;177607;103006;17;2518.87;7.27398;PSB;
roadmap;dimacs;45;800;255475;124116;82;2518.87;32.3294;PSB;
roadmap;dimacs;46;800;154599;263081;200;2518.87;78.0892;PSB;
roadmap;dimacs;47;800;6764;171272;37;2518.87;12.3325;PSB;
roadmap;dimacs;48;800;260804;56417;1;2518.87;3.51711;PSB;
roadmap;dimacs;49;800;234261;97162;25;2518.87;9.69968;PSB;
roadmap;dimacs;50;800;57292;23118;222;2518.87;43.386;PSB;
roadmap;dimacs;51;800;118879;149439;1;2518.87;3.37262;PSB;
roadmap;dimacs;52;800;84220;1755;1;2518.87;3.95638;PSB;
roadmap;dimacs;53;800;119181;221944;34;2518.87;9.52949;PSB;
roadmap;dimacs;54;800;252852;48833;166;2518.87;21.149;PSB;
roadmap;dimacs;55;800;118475;144679;1;2518.87;3.4099;PSB;
roadmap;dimacs;56;800;210369;91786;1;2518.87;3.39006;PSB;
roadmap;dimacs;57;800;127515;243952;27;2518.87;8.43728;PSB;
roadmap;dimacs;58;800;183807;73003;1;2518.87;3.43193;PSB;
roadmap;dimacs;59;800;234723;214629;150;2518.87;39.1395;PSB;
roadmap;dimacs;60;800;107313;88064;2;2518.87;3.96529;PSB;
roadmap;dimacs;61;800;250064;58187;8;2518.87;6.94491;PSB;
roadmap;dimacs;62;800;212821;191362;4;2518.87;4.76693;PSB;
roadmap;dimacs;63;800;74274;116192;1;2518.87;3.34365;PSB;
roadmap;dimacs;64;800;87717;165175;1;2518.87;3.7244;PSB;
roadmap;dimacs;65;800;76812;36590;125;2518.87;9.11529;PSB;
roadmap;dimacs;66;800;46813;175266;1;2518.87;3.41943;PSB;
roadmap;dimacs;67;800;173566;38628;11;2518.87;4.22197;PSB;
roadmap;dimacs;68;800;232101;216494;81;2518.87;13.9529;PSB;
roadmap;dimacs;69;800;231596;198641;23;2518.87;15.3142;PSB;
roadmap;dimacs;70;800;65448;246958;75;2518.87;32.0079;PSB;
roadmap;dimacs;71;800;191194;149512;1;2518.87;3.42447;PSB;
roadmap;dimacs;72;800;225244;176756;6;2518.87;6.23347;PSB;
roadmap;dimacs;73;800;125330;240550;122;2518.87;76.486;PSB;
roadmap;dimacs;74;800;57931;8458;21;2518.87;7.14218;PSB;
roadmap;dimacs;75;800;236450;185477;5;2518.87;5.3328;PSB;
roadmap;dimacs;76;800;137368;120603;1;2518.87;3.37785;PSB;
roadmap;dimacs;77;800;36645;160209;1;2518.87;3.58708;PSB;
roadmap;dimacs;78;800;82297;241347;5;2518.87;4.99039;PSB;
roadmap;dimacs;79;800;241913;224579;1;2518.87;3.33988;PSB;
roadmap;dimacs;80;800;236197;52423;49;2518.87;5.25548;PSB;
roadmap;dimacs;81;800;60856;173223;1;2518.87;3.46571;PSB;
roadmap;dimacs;82;800;171246;39037;3;2518.87;3.75241;PSB;
roadmap;dimacs;83;800;97905;170503;1;2518.87;3.35835;PSB;
roadmap;dimacs;84;800;42539;158421;1;2518.87;3.47729;PSB;
roadmap;dimacs;85;800;177597;17343;141;2518.87;23.64;PSB;
roadmap;dimacs;86;800;219839;230256;150;2518.87;23.3658;PSB;
roadmap;dimacs;87;800;31;148976;109;2518.87;21.202;PSB;
roadmap;dimacs;88;800;2731;93049;11;2518.87;6.51766;PSB;
roadmap;dimacs;89;800;766;123574;125;2518.87;37.4201;PSB;
roadmap;dimacs;90;800;67860;232633;11;2518.87;6.16473;PSB;
roadmap;dimacs;91;800;165688;101432;1;2518.87;3.5755;PSB;
roadmap;dimacs;92;800;184899;70350;468;3753.75;219.364;PSB;
roadmap;dimacs;93;800;64726;242671;62;3753.75;14.6529;PSB;
roadmap;dimacs;94;800;260929;172368;19;3714.85;17.1124;PSB;
roadmap;dimacs;95;800;123167;206957;9;3714.85;4.56614;PSB;
roadmap;dimacs;96;800;233233;100670;3;3714.85;3.78507;PSB;
roadmap;dimacs;97;800;158836;229582;27;3714.85;11.7166;PSB;
roadmap;dimacs;98;800;165689;119877;501;4083.75;200.481;PSB;
roadmap;dimacs;99;800;23108;60612;27;4083.75;12.0671;PSB;
roadmap;dimacs;0;900;185304;78004;1;3956.96;3.84903;PSB;
roadmap;dimacs;1;900;75504;232776;321;3714.83;110.866;PSB;
roadmap;dimacs;2;900;164668;56964;1;3714.83;3.77451;PSB;
roadmap;dimacs;3;900;185932;65044;1;3714.83;3.92279;PSB;
roadmap;dimacs;4;900;260054;76690;23;3714.83;15.4643;PSB;
roadmap;dimacs;5;900;208831;68322;23;3714.83;12.4602;PSB;
roadmap;dimacs;6;900;171352;103936;1;3714.83;3.90037;PSB;
roadmap;dimacs;7;900;67586;5493;1;3714.83;4.10293;PSB;
roadmap;dimacs;8;900;240171;101021;92;3714.83;42.9653;PSB;
roadmap;dimacs;9;900;8686;57324;5;3714.83;8.9314;PSB;
roadmap;dimacs;10;900;70116;192949;79;3714.83;25.0016;PSB;
roadmap;dimacs;11;900;62502;51055;370;3714.83;44.7859;PSB;
roadmap;dimacs;12;900;259123;74258;4;3714.83;4.5424;PSB;
roadmap;dimacs;13;900;155875;101452;163;3714.83;38.1749;PSB;
roadmap;dimacs;14;900;260290;94483;273;3714.83;60.0023;PSB;
roadmap;dimacs;15;900;158172;231849;34;3714.83;20.1346;PSB;
roadmap;dimacs;16;900;173317;97062;1;3714.83;4.06937;PSB;
roadmap;dimacs;17;900;86025;11504;373;3714.83;133.264;PSB;
roadmap;dimacs;18;900;159691;41106;1;3714.83;3.88036;PSB;
roadmap;dimacs;19;900;137601;92107;15;3714.83;10.9847;PSB;
roadmap;dimacs;20;900;167163;120829;53;3714.83;10.0979;PSB;
roadmap;dimacs;21;900;91132;107074;16;3714.83;7.9666;PSB;
roadmap;dimacs;22;900;67727;19338;145;3714.83;27.4076;PSB;
roadmap;dimacs;23;900;60442;259746;48;3714.83;23.4649;PSB;
roadmap;dimacs;24;900;103204;263077;83;3714.83;39.3059;PSB;
roadmap;dimacs;25;900;207887;73900;2;3714.83;4.7589;PSB;
roadmap;dimacs;26;900;158034;38934;1;3714.83;3.92366;PSB;
roadmap;dimacs;27;900;119514;262143;117;3714.83;28.1677;PSB;
roadmap;dimacs;28;900;133416;95500;49;3714.83;24.6952;PSB;
roadmap;dimacs;29;900;222955;118711;141;3714.83;32.9039;PSB;
roadmap;dimacs;30;900;174388;6652;465;3714.83;188.588;PSB;
roadmap;dimacs;31;900;66450;155619;1;3714.83;4.33154;PSB;
roadmap;dimacs;32;900;41744;256787;24;3714.83;8.01768;PSB;
roadmap;dimacs;33;900;246406;117343;11;3714.83;7.68147;PSB;
roadmap;dimacs;34;900;159112;109571;119;3714.83;52.0698;PSB;
roadmap;dimacs;35;900;154540;118595;3;3714.83;4.33096;PSB;
roadmap;dimacs;36;900;43852;261229;2;3714.83;4.33384;PSB;
roadmap;dimacs;37;900;176196;131165;1;3714.83;3.81852;PSB;
roadmap;dimacs;38;900;92944;91684;390;3714.83;63.9489;PSB;
roadmap;dimacs;39;900;116170;205917;1;3714.83;3.79707;PSB;
roadmap;dimacs;40;900;167490;125416;180;3714.83;61.1966;PSB;
roadmap;dimacs;41;900;150465;262664;1;3714.83;3.875;PSB;
roadmap;dimacs;42;900;171058;67916;1;3714.83;3.85888;PSB;
roadmap;dimacs;43;900;8423;71279;49;3714.83;11.4509;PSB;
roadmap;dimacs;44;900;177607;103006;17;3714.83;7.67601;PSB;
roadmap;dimacs;45;900;255475;124116;93;3714.83;36.3053;PSB;
roadmap;dimacs;46;900;154599;263081;235;3714.83;91.8204;PSB;
roadmap;dimacs;47;900;6764;171272;45;3714.83;14.522;PSB;
roadmap;dimacs;48;900;260804;56417;1;3714.83;3.86261;PSB;
roadmap;dimacs;49;900;234261;97162;28;3714.83;10.9211;PSB;
roadmap;dimacs;50;900;57292;23118;238;3714.83;46.7337;PSB;
roadmap;dimacs;51;900;118879;149439;1;3714.83;3.77334;PSB;
roadmap;dimacs;52;900;84220;1755;1;3714.83;4.46774;PSB;
roadmap;dimacs;53;900;119181;221944;38;3714.83;10.946;PSB;
roadmap;dimacs;54;900;252852;48833;174;3714.83;22.6841;PSB;
roadmap;dimacs;55;900;118475;144679;1;3714.83;3.83907;PSB;
roadmap;dimacs;56;900;210369;91786;1;3714.83;3.83824;PSB;
roadmap;dimacs;57;900;127515;243952;30;3714.83;9.68907;PSB;
roadmap;dimacs;58;900;183807;73003;1;3714.83;3.81065;PSB;
roadmap;dimacs;59;900;234723;214629;171;3714.83;44.6419;PSB;
roadmap;dimacs;60;900;107313;88064;2;3714.83;4.32925;PSB;
roadmap;dimacs;61;900;250064;58187;9;3714.83;7.84686;PSB;
roadmap;dimacs;62;900;212821;191362;6;3714.83;6.05536;PSB;
roadmap;dimacs;63;900;74274;116192;1;3714.83;3.80511;PSB;
roadmap;dimacs;64;900;87717;165175;1;3714.83;4.21405;PSB;
roadmap;dimacs;65;900;76812;36590;142;3714.83;10.243;PSB;
roadmap;dimacs;66;900;46813;175266;1;3714.83;3.80833;PSB;
roadmap;dimacs;67;900;173566;38628;25;3714.83;5.83715;PSB;
roadmap;dimacs;68;900;232101;216494;94;3714.83;16.1044;PSB;
roadmap;dimacs;69;900;231596;198641;27;2786.13;17.8426;PSB;
roadmap;dimacs;70;900;65448;246958;83;2786.13;35.749;PSB;
roadmap;dimacs;71;900;191194;149512;1;2786.13;3.78322;PSB;
roadmap;dimacs;72;900;225244;176756;6;2786.13;6.61756;PSB;
roadmap;dimacs;73;900;125330;240550;135;2786.13;84.6644;PSB;
roadmap;dimacs;74;900;57931;8458;23;2786.13;7.91768;PSB;
roadmap;dimacs;75;900;236450;185477;5;2786.13;5.72901;PSB;
roadmap;dimacs;76;900;137368;120603;1;2786.13;3.81798;PSB;
roadmap;dimacs;77;900;36645;160209;1;2786.13;4.02061;PSB;
roadmap;dimacs;78;900;82297;241347;5;2786.13;5.39709;PSB;
roadmap;dimacs;79;900;241913;224579;1;2786.13;3.75824;PSB;
roadmap;dimacs;80;900;236197;52423;49;2786.13;5.6227;PSB;
roadmap;dimacs;81;900;60856;173223;1;2786.13;3.88762;PSB;
roadmap;dimacs;82;900;171246;39037;3;2786.13;4.11231;PSB;
roadmap;dimacs;83;900;97905;170503;1;2786.13;3.76416;PSB;
roadmap;dimacs;84;900;42539;158421;1;2786.13;3.90727;PSB;
roadmap;dimacs;85;900;177597;17343;157;2786.13;26.2378;PSB;
roadmap;dimacs;86;900;219839;230256;173;2786.13;27.0265;PSB;
roadmap;dimacs;87;900;31;148976;114;2786.13;22.525;PSB;
roadmap;dimacs;88;900;2731;93049;12;2786.13;6.96539;PSB;
roadmap;dimacs;89;900;766;123574;143;2786.13;42.6453;PSB;
roadmap;dimacs;90;900;67860;232633;11;2786.13;6.60201;PSB;
roadmap;dimacs;91;900;165688;101432;1;2786.13;4.04465;PSB;
roadmap;dimacs;92;900;184899;70350;544;4300.49;255.204;PSB;
roadmap;dimacs;93;900;64726;242671;78;4300.49;16.8207;PSB;
roadmap;dimacs;94;900;260929;172368;22;4169.28;19.6847;PSB;
roadmap;dimacs;95;900;123167;206957;9;4169.28;5.08826;PSB;
roadmap;dimacs;96;900;233233;100670;4;4169.28;4.30219;PSB;
roadmap;dimacs;97;900;158836;229582;33;4169.28;14.0403;PSB;
roadmap;dimacs;98;900;165689;119877;582;4677.7;232.816;PSB;
roadmap;dimacs;99;900;23108;60612;32;4677.7;13.9835;PSB;
roadmap;dimacs;0;1000;185304;78004;1;4580.1;4.24862;PSB;
roadmap;dimacs;1;1000;75504;232776;363;4580.1;123.087;PSB;
roadmap;dimacs;2;1000;164668;56964;1;4448.13;4.22238;PSB;
roadmap;dimacs;3;1000;185932;65044;1;4448.13;4.2935;PSB;
roadmap;dimacs;4;1000;260054;76690;23;4448.13;15.888;PSB;
roadmap;dimacs;5;1000;208831;68322;27;4448.13;14.4042;PSB;
roadmap;dimacs;6;1000;171352;103936;1;4448.13;4.25066;PSB;
roadmap;dimacs;7;1000;67586;5493;1;4448.13;4.59469;PSB;
roadmap;dimacs;8;1000;240171;101021;97;4448.13;45.0909;PSB;
roadmap;dimacs;9;1000;8686;57324;5;4448.13;9.30505;PSB;
roadmap;dimacs;10;1000;70116;192949;94;4448.13;30.0783;PSB;
roadmap;dimacs;11;1000;62502;51055;424;4448.13;51.2834;PSB;
roadmap;dimacs;12;1000;259123;74258;4;4448.13;4.94123;PSB;
roadmap;dimacs;13;1000;155875;101452;191;4448.13;44.0636;PSB;
roadmap;dimacs;14;1000;260290;94483;321;4448.13;68.3041;PSB;
roadmap;dimacs;15;1000;158172;231849;36;4266.43;21.4783;PSB;
roadmap;dimacs;16;1000;173317;97062;1;4266.43;4.46194;PSB;
roadmap;dimacs;17;1000;86025;11504;410;4160.51;144.055;PSB;
roadmap;dimacs;18;1000;159691;41106;1;4160.51;4.27516;PSB;
roadmap;dimacs;19;1000;137601;92107;17;4160.51;12.4219;PSB;
roadmap;dimacs;20;1000;167163;120829;62;4160.51;11.609;PSB;
roadmap;dimacs;21;1000;91132;107074;22;4160.51;9.98656;PSB;
roadmap;dimacs;22;1000;67727;19338;161;4160.51;30.4282;PSB;
roadmap;dimacs;23;1000;60442;259746;53;4160.51;25.7513;PSB;
roadmap;dimacs;24;1000;103204;263077;97;4160.51;45.9109;PSB;
roadmap;dimacs;25;1000;207887;73900;2;4160.51;5.16309;PSB;
roadmap;dimacs;26;1000;158034;38934;1;4160.51;4.29547;PSB;
roadmap;dimacs;27;1000;119514;262143;125;4160.51;30.4429;PSB;
roadmap;dimacs;28;1000;133416;95500;57;4160.51;28.577;PSB;
roadmap;dimacs;29;1000;222955;118711;174;4160.51;40.0974;PSB;
roadmap;dimacs;30;1000;174388;6652;512;4160.51;206.915;PSB;
roadmap;dimacs;31;1000;66450;155619;1;4073.22;4.77637;PSB;
roadmap;dimacs;32;1000;41744;256787;27;4073.22;8.9106;PSB;
roadmap;dimacs;33;1000;246406;117343;13;4073.22;8.90927;PSB;
roadmap;dimacs;34;1000;159112;109571;133;2786.11;58.0055;PSB;
roadmap;dimacs;35;1000;154540;118595;3;2786.11;4.78219;PSB;
roadmap;dimacs;36;1000;43852;261229;2;2786.11;4.78849;PSB;
roadmap;dimacs;37;1000;176196;131165;1;2786.11;4.22151;PSB;
roadmap;dimacs;38;1000;92944;91684;444;3724.4;72.6746;PSB;
roadmap;dimacs;39;1000;116170;205917;1;3724.4;4.34505;PSB;
roadmap;dimacs;40;1000;167490;125416;194;3664.34;66.1781;PSB;
roadmap;dimacs;41;1000;150465;262664;2;3664.34;4.6721;PSB;
roadmap;dimacs;42;1000;171058;67916;1;3664.34;4.29264;PSB;
roadmap;dimacs;43;1000;8423;71279;65;3238.45;14.3214;PSB;
roadmap;dimacs;44;1000;177607;103006;23;3238.45;9.80698;PSB;
roadmap;dimacs;45;1000;255475;124116;100;3238.45;39.3387;PSB;
roadmap;dimacs;46;1000;154599;263081;262;3238.45;101.192;PSB;
roadmap;dimacs;47;1000;6764;171272;48;3238.45;15.4767;PSB;
roadmap;dimacs;48;1000;260804;56417;1;3238.45;4.27919;PSB;
roadmap;dimacs;49;1000;234261;97162;36;3238.45;13.5234;PSB;
roadmap;dimacs;50;1000;57292;23118;266;3238.45;51.9661;PSB;
roadmap;dimacs;51;1000;118879;149439;1;3238.45;4.20989;PSB;
roadmap;dimacs;52;1000;84220;1755;1;3238.45;4.95248;PSB;
roadmap;dimacs;53;1000;119181;221944;44;3238.45;12.5651;PSB;
roadmap;dimacs;54;1000;252852;48833;196;3238.45;25.5578;PSB;
roadmap;dimacs;55;1000;118475;144679;1;3238.45;4.24808;PSB;
roadmap;dimacs;56;1000;210369;91786;1;3238.45;4.19971;PSB;
roadmap;dimacs;57;1000;127515;243952;36;3238.45;11.0034;PSB;
roadmap;dimacs;58;1000;183807;73003;1;3238.45;4.2706;PSB;
roadmap;dimacs;59;1000;234723;214629;188;3238.45;49.1569;PSB;
roadmap;dimacs;60;1000;107313;88064;2;3238.45;4.7727;PSB;
roadmap;dimacs;61;1000;250064;58187;10;3238.45;8.7682;PSB;
roadmap;dimacs;62;1000;212821;191362;8;3238.45;7.31624;PSB;
roadmap;dimacs;63;1000;74274;116192;2;3238.45;4.56206;PSB;
roadmap;dimacs;64;1000;87717;165175;1;3238.45;4.71959;PSB;
roadmap;dimacs;65;1000;76812;36590;151;3238.45;11.1981;PSB;
roadmap;dimacs;66;1000;46813;175266;1;3238.45;4.18102;PSB;
roadmap;dimacs;67;1000;173566;38628;33;3238.45;6.87302;PSB;
roadmap;dimacs;68;1000;232101;216494;106;3238.45;18.1384;PSB;
roadmap;dimacs;69;1000;231596;198641;31;3238.45;20.4449;PSB;
roadmap;dimacs;70;1000;65448;246958;87;3238.45;37.8076;PSB;
roadmap;dimacs;71;1000;191194;149512;1;3238.45;4.26255;PSB;
roadmap;dimacs;72;1000;225244;176756;6;3238.45;7.13297;PSB;
roadmap;dimacs;73;1000;125330;240550;139;3238.45;87.4374;PSB;
roadmap;dimacs;74;1000;57931;8458;25;3238.45;8.73914;PSB;
roadmap;dimacs;75;1000;236450;185477;5;3238.45;6.07968;PSB;
roadmap;dimacs;76;1000;137368;120603;1;3238.45;4.29528;PSB;
roadmap;dimacs;77;1000;36645;160209;1;3238.45;4.38113;PSB;
roadmap;dimacs;78;1000;82297;241347;5;3238.45;5.84847;PSB;
roadmap;dimacs;79;1000;241913;224579;1;3238.45;4.17995;PSB;
roadmap;dimacs;80;1000;236197;52423;53;3238.45;6.2684;PSB;
roadmap;dimacs;81;1000;60856;173223;1;3238.45;4.38781;PSB;
roadmap;dimacs;82;1000;171246;39037;3;3238.45;4.58411;PSB;
roadmap;dimacs;83;1000;97905;170503;1;3238.45;4.18812;PSB;
roadmap;dimacs;84;1000;42539;158421;1;3238.45;4.33061;PSB;
roadmap;dimacs;85;1000;177597;17343;177;3238.45;29.5326;PSB;
roadmap;dimacs;86;1000;219839;230256;192;3238.45;29.8837;PSB;
roadmap;dimacs;87;1000;31;148976;134;3238.45;26.1415;PSB;
roadmap;dimacs;88;1000;2731;93049;14;3238.45;8.02298;PSB;
roadmap;dimacs;89;1000;766;123574;159;3238.45;47.3978;PSB;
roadmap;dimacs;90;1000;67860;232633;11;3238.45;7.01947;PSB;
roadmap;dimacs;91;1000;165688;101432;1;3238.45;4.48873;PSB;
roadmap;dimacs;92;1000;184899;70350;584;4727.68;274.017;PSB;
roadmap;dimacs;93;1000;64726;242671;78;4727.68;17.158;PSB;
roadmap;dimacs;94;1000;260929;172368;24;4727.68;21.5805;PSB;
roadmap;dimacs;95;1000;123167;206957;9;4558.86;5.54763;PSB;
roadmap;dimacs;96;1000;233233;100670;5;4558.86;4.90337;PSB;
roadmap;dimacs;97;1000;158836;229582;41;4558.86;17.0888;PSB;
roadmap;dimacs;98;1000;165689;119877;675;5492.07;270.244;PSB;
roadmap;dimacs;99;1000;23108;60612;40;5492.07;16.9882;PSB;
