domain;variant;id;k;start;goal;h0;length;cost;expansions;nbcentroids;mem;runtime;expansions/sec;nbinconsistencies;air;solver;doctor;version
roadmap;dimacs;0/1;1;   1184114;    193764;365827;1161;4668772;781988;1;1276;1.84706;423369;0;0;sBELA*;? Unchecked;v1.6.0-140-g9a10cc1
roadmap;dimacs;1/1;1;    457060;   1134187;306698;827;3674166;707046;1;1381;1.37289;515005;0;0;sBELA*;? Unchecked;v1.6.0-140-g9a10cc1
roadmap;dimacs;2/1;1;    648367;    958789;129341;529;1578123;64279;1;1381;0.142928;449731;0;0;sBELA*;? Unchecked;v1.6.0-140-g9a10cc1
roadmap;dimacs;3/1;1;    485078;    567556;537678;1406;6183289;964307;1;1470;1.95507;493234;0;0;sBELA*;? Unchecked;v1.6.0-140-g9a10cc1
roadmap;dimacs;4/1;1;   1175334;   1035537;284229;750;3674030;251040;1;1470;0.492984;509226;0;0;sBELA*;? Unchecked;v1.6.0-140-g9a10cc1
roadmap;dimacs;5/1;1;    626886;    437084;155658;804;1776748;259056;1;1470;0.49049;528158;0;0;sBELA*;? Unchecked;v1.6.0-140-g9a10cc1
roadmap;dimacs;6/1;1;    635719;    734204;195593;965;2314470;425322;1;1470;0.842708;504708;0;0;sBELA*;? Unchecked;v1.6.0-140-g9a10cc1
roadmap;dimacs;7/1;1;    316104;    997118;457827;1634;5530990;648225;1;1470;1.33152;486831;0;0;sBELA*;? Unchecked;v1.6.0-140-g9a10cc1
roadmap;dimacs;8/1;1;     47649;    976084;558601;1290;6555144;523349;1;1470;1.12719;464297;0;0;sBELA*;? Unchecked;v1.6.0-140-g9a10cc1
roadmap;dimacs;9/1;1;    915484;   1137906;165806;637;2219966;230049;1;1470;0.468219;491328;0;0;sBELA*;? Unchecked;v1.6.0-140-g9a10cc1
roadmap;dimacs;10/1;1;     72419;    669854;530352;1509;6188684;797905;1;1470;1.66523;479156;0;0;sBELA*;? Unchecked;v1.6.0-140-g9a10cc1
roadmap;dimacs;11/1;1;   1121375;    296229;257314;939;2972476;408635;1;1470;0.830684;491926;0;0;sBELA*;? Unchecked;v1.6.0-140-g9a10cc1
roadmap;dimacs;12/1;1;    873937;   1184806;135547;895;1799018;264000;1;1470;0.494821;533526;0;0;sBELA*;? Unchecked;v1.6.0-140-g9a10cc1
roadmap;dimacs;13/1;1;    193531;    355264;127820;251;1753516;92911;1;1470;0.200927;462412;0;0;sBELA*;? Unchecked;v1.6.0-140-g9a10cc1
roadmap;dimacs;14/1;1;    147031;    633056;115065;544;2055676;251141;1;1470;0.559808;448620;0;0;sBELA*;? Unchecked;v1.6.0-140-g9a10cc1
roadmap;dimacs;15/1;1;    362446;    482465;186548;712;2280332;309612;1;1470;0.641705;482483;0;0;sBELA*;? Unchecked;v1.6.0-140-g9a10cc1
roadmap;dimacs;16/1;1;    770308;    417500;737243;1747;8930013;1203465;1;1721;2.63797;456209;0;0;sBELA*;? Unchecked;v1.6.0-140-g9a10cc1
roadmap;dimacs;17/1;1;    908330;    720411;129050;291;1791568;189964;1;1721;0.38416;494492;0;0;sBELA*;? Unchecked;v1.6.0-140-g9a10cc1
roadmap;dimacs;18/1;1;   1038933;    130295;221765;838;3271273;565451;1;1721;1.09514;516327;0;0;sBELA*;? Unchecked;v1.6.0-140-g9a10cc1
roadmap;dimacs;19/1;1;    652846;    858648;268696;625;3457795;371968;1;1721;0.760454;489140;0;0;sBELA*;? Unchecked;v1.6.0-140-g9a10cc1
roadmap;dimacs;20/1;1;    676969;    283827;563880;2077;6738959;956041;1;1721;1.90209;502626;0;0;sBELA*;? Unchecked;v1.6.0-140-g9a10cc1
roadmap;dimacs;21/1;1;    910826;    680529;199319;778;2574537;417078;1;1721;0.850777;490232;0;0;sBELA*;? Unchecked;v1.6.0-140-g9a10cc1
roadmap;dimacs;22/1;1;    515058;    865076;359432;1219;4602631;709660;1;1721;1.5117;469444;0;0;sBELA*;? Unchecked;v1.6.0-140-g9a10cc1
roadmap;dimacs;23/1;1;    348482;    108720;485606;1426;5713066;815534;1;1721;1.68833;483042;0;0;sBELA*;? Unchecked;v1.6.0-140-g9a10cc1
roadmap;dimacs;24/1;1;   1204965;    881288;191225;703;2391428;217815;1;1721;0.465757;467658;0;0;sBELA*;? Unchecked;v1.6.0-140-g9a10cc1
roadmap;dimacs;25/1;1;    907042;    523545;158819;508;2344892;416445;1;1721;0.852697;488386;0;0;sBELA*;? Unchecked;v1.6.0-140-g9a10cc1
roadmap;dimacs;26/1;1;    752817;    293040;341704;1042;4298020;692893;1;1721;1.41859;488437;0;0;sBELA*;? Unchecked;v1.6.0-140-g9a10cc1
roadmap;dimacs;27/1;1;    491779;    520998;507666;1493;6000959;946379;1;1721;1.89491;499433;0;0;sBELA*;? Unchecked;v1.6.0-140-g9a10cc1
roadmap;dimacs;28/1;1;   1009615;   1162067;145474;790;1605959;109108;1;1721;0.211446;516009;0;0;sBELA*;? Unchecked;v1.6.0-140-g9a10cc1
roadmap;dimacs;29/1;1;    701030;   1127091;405109;1086;4938716;776671;1;1721;1.60566;483710;0;0;sBELA*;? Unchecked;v1.6.0-140-g9a10cc1
roadmap;dimacs;30/1;1;    472756;    557148;52516;334;573047;102010;1;1721;0.202794;503023;0;0;sBELA*;? Unchecked;v1.6.0-140-g9a10cc1
roadmap;dimacs;31/1;1;    155407;    436004;101676;424;1196121;142844;1;1721;0.285798;499807;0;0;sBELA*;? Unchecked;v1.6.0-140-g9a10cc1
roadmap;dimacs;32/1;1;    456711;    311070;380520;1193;4546914;861232;1;1721;1.7965;479395;0;0;sBELA*;? Unchecked;v1.6.0-140-g9a10cc1
roadmap;dimacs;33/1;1;    442126;    981906;201739;981;2240093;324686;1;1721;0.680575;477076;0;0;sBELA*;? Unchecked;v1.6.0-140-g9a10cc1
roadmap;dimacs;34/1;1;    245025;    364323;287766;885;3395675;261212;1;1721;0.542984;481068;0;0;sBELA*;? Unchecked;v1.6.0-140-g9a10cc1
roadmap;dimacs;35/1;1;      5294;    359682;497906;1055;5856522;377282;1;1721;0.897488;420375;0;0;sBELA*;? Unchecked;v1.6.0-140-g9a10cc1
roadmap;dimacs;36/1;1;    971272;    420382;454529;1018;5522898;544450;1;1721;1.17176;464644;0;0;sBELA*;? Unchecked;v1.6.0-140-g9a10cc1
roadmap;dimacs;37/1;1;   1085133;    900426;525527;1649;6548895;1146781;1;1721;2.2932;500079;0;0;sBELA*;? Unchecked;v1.6.0-140-g9a10cc1
roadmap;dimacs;38/1;1;    428123;    175918;164463;509;2186889;315855;1;1721;0.652029;484418;0;0;sBELA*;? Unchecked;v1.6.0-140-g9a10cc1
roadmap;dimacs;39/1;1;    371133;    254310;338822;825;4059009;503126;1;1721;1.0808;465511;0;0;sBELA*;? Unchecked;v1.6.0-140-g9a10cc1
roadmap;dimacs;40/1;1;    145885;    494504;351426;936;4004045;653315;1;1721;1.34753;484824;0;0;sBELA*;? Unchecked;v1.6.0-140-g9a10cc1
roadmap;dimacs;41/1;1;   1033980;   1115849;253936;954;3386370;571066;1;1721;1.12693;506743;0;0;sBELA*;? Unchecked;v1.6.0-140-g9a10cc1
roadmap;dimacs;42/1;1;    678373;    779275;238222;984;2863584;401387;1;1721;0.805367;498390;0;0;sBELA*;? Unchecked;v1.6.0-140-g9a10cc1
roadmap;dimacs;43/1;1;   1204962;    531023;234648;817;2886868;460378;1;1721;0.936412;491641;0;0;sBELA*;? Unchecked;v1.6.0-140-g9a10cc1
roadmap;dimacs;44/1;1;   1004218;    821966;177842;1280;3036130;238410;1;1721;0.504525;472543;0;0;sBELA*;? Unchecked;v1.6.0-140-g9a10cc1
roadmap;dimacs;45/1;1;    675354;    512610;558235;1634;7038241;954381;1;1721;1.89525;503565;0;0;sBELA*;? Unchecked;v1.6.0-140-g9a10cc1
roadmap;dimacs;46/1;1;     86859;    596027;873518;2716;11007481;1200211;1;1729;2.67274;449057;0;0;sBELA*;? Unchecked;v1.6.0-140-g9a10cc1
roadmap;dimacs;47/1;1;    681418;    478587;221147;1149;2669597;464150;1;1729;0.910902;509550;0;0;sBELA*;? Unchecked;v1.6.0-140-g9a10cc1
roadmap;dimacs;48/1;1;    760397;    372153;402374;1933;4697477;721982;1;1729;1.53941;468998;0;0;sBELA*;? Unchecked;v1.6.0-140-g9a10cc1
roadmap;dimacs;49/1;1;     93813;    542722;495968;1384;5909708;606689;1;1729;1.33298;455137;0;0;sBELA*;? Unchecked;v1.6.0-140-g9a10cc1
roadmap;dimacs;50/1;1;    447380;    364700;339858;951;4094396;552303;1;1729;1.25663;439512;0;0;sBELA*;? Unchecked;v1.6.0-140-g9a10cc1
roadmap;dimacs;51/1;1;    247986;    234915;335229;564;4052621;211426;1;1729;0.48556;435427;0;0;sBELA*;? Unchecked;v1.6.0-140-g9a10cc1
roadmap;dimacs;52/1;1;    980356;    494879;326387;621;3778449;227781;1;1729;0.492848;462173;0;0;sBELA*;? Unchecked;v1.6.0-140-g9a10cc1
roadmap;dimacs;53/1;1;    892807;    798084;85109;233;1210536;193836;1;1729;0.368043;526667;0;0;sBELA*;? Unchecked;v1.6.0-140-g9a10cc1
roadmap;dimacs;54/1;1;    720503;   1090045;559074;2110;6796518;1095484;1;1729;2.18973;500282;0;0;sBELA*;? Unchecked;v1.6.0-140-g9a10cc1
roadmap;dimacs;55/1;1;    489387;   1078166;236291;898;3124023;390594;1;1729;0.79607;490653;0;0;sBELA*;? Unchecked;v1.6.0-140-g9a10cc1
roadmap;dimacs;56/1;1;     32771;     17233;493614;1470;6115589;565475;1;1729;1.24208;455266;0;0;sBELA*;? Unchecked;v1.6.0-140-g9a10cc1
roadmap;dimacs;57/1;1;    746419;    325594;489132;1482;5966143;973743;1;1729;1.96408;495776;0;0;sBELA*;? Unchecked;v1.6.0-140-g9a10cc1
roadmap;dimacs;58/1;1;    884332;    577380;242278;572;2950078;494454;1;1729;0.947719;521730;0;0;sBELA*;? Unchecked;v1.6.0-140-g9a10cc1
roadmap;dimacs;59/1;1;   1095690;    484726;412533;1192;4904242;458423;1;1729;1.02168;448697;0;0;sBELA*;? Unchecked;v1.6.0-140-g9a10cc1
roadmap;dimacs;60/1;1;    949870;    966567;123708;426;1397091;88861;1;1729;0.190523;466407;0;0;sBELA*;? Unchecked;v1.6.0-140-g9a10cc1
roadmap;dimacs;61/1;1;    682839;    783539;216164;922;2854969;243935;1;1729;0.515594;473115;0;0;sBELA*;? Unchecked;v1.6.0-140-g9a10cc1
roadmap;dimacs;62/1;1;   1002602;    269552;551874;1354;6618351;1155693;1;1729;2.34834;492131;0;0;sBELA*;? Unchecked;v1.6.0-140-g9a10cc1
roadmap;dimacs;63/1;1;    599356;    815289;489248;1608;6407530;684527;1;1729;1.45109;471733;0;0;sBELA*;? Unchecked;v1.6.0-140-g9a10cc1
roadmap;dimacs;64/1;1;    609510;    868976;167634;623;2015215;312376;1;1729;0.608328;513499;0;0;sBELA*;? Unchecked;v1.6.0-140-g9a10cc1
roadmap;dimacs;65/1;1;   1056417;   1197904;522327;1475;6133933;778527;1;1729;1.72085;452408;0;0;sBELA*;? Unchecked;v1.6.0-140-g9a10cc1
roadmap;dimacs;66/1;1;    483230;    807734;179356;904;2618377;316254;1;1729;0.656651;481617;0;0;sBELA*;? Unchecked;v1.6.0-140-g9a10cc1
roadmap;dimacs;67/1;1;    521120;    311174;538082;1152;6961077;1075274;1;1729;2.24736;478461;0;0;sBELA*;? Unchecked;v1.6.0-140-g9a10cc1
roadmap;dimacs;68/1;1;    181514;     70872;494839;1022;5810724;953586;1;1729;2.0174;472680;0;0;sBELA*;? Unchecked;v1.6.0-140-g9a10cc1
roadmap;dimacs;69/1;1;    831298;    692941;268541;1598;5456489;576386;1;1729;1.2803;450196;0;0;sBELA*;? Unchecked;v1.6.0-140-g9a10cc1
roadmap;dimacs;70/1;1;    576531;    928353;288630;839;3354474;478690;1;1729;0.988603;484209;0;0;sBELA*;? Unchecked;v1.6.0-140-g9a10cc1
roadmap;dimacs;71/1;1;    890413;    335170;628149;1593;7709198;1159653;1;1729;2.29995;504207;0;0;sBELA*;? Unchecked;v1.6.0-140-g9a10cc1
roadmap;dimacs;72/1;1;    505669;    752733;347823;1123;4318602;612800;1;1729;1.41324;433614;0;0;sBELA*;? Unchecked;v1.6.0-140-g9a10cc1
roadmap;dimacs;73/1;1;   1190825;   1005135;134067;583;1512598;186491;1;1729;0.385759;483439;0;0;sBELA*;? Unchecked;v1.6.0-140-g9a10cc1
roadmap;dimacs;74/1;1;   1011910;    329023;720790;2153;8406460;1103720;1;1729;2.48782;443649;0;0;sBELA*;? Unchecked;v1.6.0-140-g9a10cc1
roadmap;dimacs;75/1;1;    893394;    520208;470591;1278;5965878;934234;1;1729;1.90286;490964;0;0;sBELA*;? Unchecked;v1.6.0-140-g9a10cc1
roadmap;dimacs;76/1;1;    932724;    182285;404031;1318;4926948;773910;1;1729;1.66608;464508;0;0;sBELA*;? Unchecked;v1.6.0-140-g9a10cc1
roadmap;dimacs;77/1;1;     95486;    223534;735147;2452;8973870;1116800;1;1729;2.57607;433529;0;0;sBELA*;? Unchecked;v1.6.0-140-g9a10cc1
roadmap;dimacs;78/1;1;   1029767;     91221;388766;935;4640711;942057;1;1729;2.0135;467870;0;0;sBELA*;? Unchecked;v1.6.0-140-g9a10cc1
roadmap;dimacs;79/1;1;     67100;    510326;268257;752;3413799;235595;1;1729;0.515956;456618;0;0;sBELA*;? Unchecked;v1.6.0-140-g9a10cc1
roadmap;dimacs;80/1;1;    846164;    646741;453862;1668;6083694;864734;1;1729;1.80444;479225;0;0;sBELA*;? Unchecked;v1.6.0-140-g9a10cc1
roadmap;dimacs;81/1;1;   1087215;    947306;482917;1224;5825174;806615;1;1729;1.80346;447259;0;0;sBELA*;? Unchecked;v1.6.0-140-g9a10cc1
roadmap;dimacs;82/1;1;    619348;    369016;193912;807;2058164;308542;1;1729;0.697458;442381;0;0;sBELA*;? Unchecked;v1.6.0-140-g9a10cc1
roadmap;dimacs;83/1;1;   1041136;    582354;145911;532;1892639;117785;1;1729;0.253684;464298;0;0;sBELA*;? Unchecked;v1.6.0-140-g9a10cc1
roadmap;dimacs;84/1;1;   1023095;    975421;185525;634;2086105;138025;1;1729;0.37576;367322;0;0;sBELA*;? Unchecked;v1.6.0-140-g9a10cc1
roadmap;dimacs;85/1;1;   1057515;    241893;271597;871;4037013;267542;1;1729;0.606477;441141;0;0;sBELA*;? Unchecked;v1.6.0-140-g9a10cc1
roadmap;dimacs;86/1;1;    467176;    425228;480846;1330;5780869;1013177;1;1729;2.08268;486479;0;0;sBELA*;? Unchecked;v1.6.0-140-g9a10cc1
roadmap;dimacs;87/1;1;    129108;     84480;580589;1076;6972281;1157573;1;1729;2.37254;487904;0;0;sBELA*;? Unchecked;v1.6.0-140-g9a10cc1
roadmap;dimacs;88/1;1;    968130;     31496;86422;389;1086256;61042;1;1729;0.154016;396335;0;0;sBELA*;? Unchecked;v1.6.0-140-g9a10cc1
roadmap;dimacs;89/1;1;   1077408;    807029;436814;1597;5353688;476995;1;1729;1.08719;438743;0;0;sBELA*;? Unchecked;v1.6.0-140-g9a10cc1
roadmap;dimacs;90/1;1;   1093559;    364731;173511;661;2079303;107815;1;1729;0.316032;341153;0;0;sBELA*;? Unchecked;v1.6.0-140-g9a10cc1
roadmap;dimacs;91/1;1;    201585;    558881;178496;457;2351215;273868;1;1729;0.621442;440698;0;0;sBELA*;? Unchecked;v1.6.0-140-g9a10cc1
roadmap;dimacs;92/1;1;    713598;    144731;251834;826;3426886;552904;1;1729;1.11141;497479;0;0;sBELA*;? Unchecked;v1.6.0-140-g9a10cc1
roadmap;dimacs;93/1;1;     74935;   1046029;301814;590;3399091;274141;1;1729;0.601061;456095;0;0;sBELA*;? Unchecked;v1.6.0-140-g9a10cc1
roadmap;dimacs;94/1;1;    643572;   1117036;350301;1077;4528582;613402;1;1729;1.35496;452709;0;0;sBELA*;? Unchecked;v1.6.0-140-g9a10cc1
roadmap;dimacs;95/1;1;     53022;   1008418;530350;1693;6633190;872626;1;1729;1.85729;469838;0;0;sBELA*;? Unchecked;v1.6.0-140-g9a10cc1
roadmap;dimacs;96/1;1;   1003495;    202919;316576;877;3859408;439665;1;1729;0.93021;472652;0;0;sBELA*;? Unchecked;v1.6.0-140-g9a10cc1
roadmap;dimacs;97/1;1;     39282;   1102138;751539;2465;8938104;1070238;1;1729;2.46415;434323;0;0;sBELA*;? Unchecked;v1.6.0-140-g9a10cc1
roadmap;dimacs;98/1;1;    105999;    190640;320715;1028;3968529;329362;1;1729;0.703404;468240;0;0;sBELA*;? Unchecked;v1.6.0-140-g9a10cc1
roadmap;dimacs;99/1;1;    246000;   1072283;347411;1027;4511469;657644;1;1729;1.4879;441993;0;0;sBELA*;? Unchecked;v1.6.0-140-g9a10cc1
roadmap;dimacs;0/5;5;   1184114;    193764;365827;1161;4668782;781989;3;1729;1.6497;474018;0;0;sBELA*;? Unchecked;v1.6.0-140-g9a10cc1
roadmap;dimacs;1/5;5;    457060;   1134187;306698;830;3674243;707065;7;1729;1.37456;514393;0;0;sBELA*;? Unchecked;v1.6.0-140-g9a10cc1
roadmap;dimacs;2/5;5;    648367;    958789;129341;529;1578148;64283;7;1729;0.145926;440517;0;0;sBELA*;? Unchecked;v1.6.0-140-g9a10cc1
roadmap;dimacs;3/5;5;    485078;    567556;537678;1407;6183296;964307;2;1729;1.97605;487997;0;0;sBELA*;? Unchecked;v1.6.0-140-g9a10cc1
roadmap;dimacs;4/5;5;   1175334;   1035537;284229;751;3674059;251046;8;1729;0.534737;469476;0;0;sBELA*;? Unchecked;v1.6.0-140-g9a10cc1
roadmap;dimacs;5/5;5;    626886;    437084;155658;804;1776756;259056;5;1729;0.487769;531104;0;0;sBELA*;? Unchecked;v1.6.0-140-g9a10cc1
roadmap;dimacs;6/5;5;    635719;    734204;195593;967;2314517;425336;5;1729;0.895717;474855;0;0;sBELA*;? Unchecked;v1.6.0-140-g9a10cc1
roadmap;dimacs;7/5;5;    316104;    997118;457827;1635;5530997;648227;3;1729;1.36016;476582;0;0;sBELA*;? Unchecked;v1.6.0-140-g9a10cc1
roadmap;dimacs;8/5;5;     47649;    976084;558601;1290;6555154;523353;3;1729;1.15681;452411;0;0;sBELA*;? Unchecked;v1.6.0-140-g9a10cc1
roadmap;dimacs;9/5;5;    915484;   1137906;165806;637;2219978;230051;4;1729;0.493825;465855;0;0;sBELA*;? Unchecked;v1.6.0-140-g9a10cc1
roadmap;dimacs;10/5;5;     72419;    669854;530352;1510;6188687;797906;5;1729;1.68889;472443;0;0;sBELA*;? Unchecked;v1.6.0-140-g9a10cc1
roadmap;dimacs;11/5;5;   1121375;    296229;257314;939;2972540;408644;6;1729;0.839871;486555;0;0;sBELA*;? Unchecked;v1.6.0-140-g9a10cc1
roadmap;dimacs;12/5;5;    873937;   1184806;135547;895;1799018;264000;1;1729;0.490067;538702;0;0;sBELA*;? Unchecked;v1.6.0-140-g9a10cc1
roadmap;dimacs;13/5;5;    193531;    355264;127820;251;1753564;92917;5;1729;0.202313;459274;0;0;sBELA*;? Unchecked;v1.6.0-140-g9a10cc1
roadmap;dimacs;14/5;5;    147031;    633056;115065;545;2055780;251171;3;1729;0.562476;446546;0;0;sBELA*;? Unchecked;v1.6.0-140-g9a10cc1
roadmap;dimacs;15/5;5;    362446;    482465;186548;713;2280351;309614;5;1729;0.64661;478826;0;0;sBELA*;? Unchecked;v1.6.0-140-g9a10cc1
roadmap;dimacs;16/5;5;    770308;    417500;737243;1747;8930024;1203466;4;1729;2.6243;458586;0;0;sBELA*;? Unchecked;v1.6.0-140-g9a10cc1
roadmap;dimacs;17/5;5;    908330;    720411;129050;305;1791868;190096;17;1729;0.386433;491925;0;0;sBELA*;? Unchecked;v1.6.0-140-g9a10cc1
roadmap;dimacs;18/5;5;   1038933;    130295;221765;839;3271318;565460;4;1729;1.12259;503712;0;0;sBELA*;? Unchecked;v1.6.0-140-g9a10cc1
roadmap;dimacs;19/5;5;    652846;    858648;268696;626;3457852;372001;5;1729;0.782579;475353;0;0;sBELA*;? Unchecked;v1.6.0-140-g9a10cc1
roadmap;dimacs;20/5;5;    676969;    283827;563880;2077;6738972;956044;6;1729;1.90125;502850;0;0;sBELA*;? Unchecked;v1.6.0-140-g9a10cc1
roadmap;dimacs;21/5;5;    910826;    680529;199319;779;2574666;417114;11;1729;0.889383;468993;0;0;sBELA*;? Unchecked;v1.6.0-140-g9a10cc1
roadmap;dimacs;22/5;5;    515058;    865076;359432;1219;4602667;709669;7;1729;1.56536;453357;0;0;sBELA*;? Unchecked;v1.6.0-140-g9a10cc1
roadmap;dimacs;23/5;5;    348482;    108720;485606;1429;5713072;815535;5;1729;1.73917;468922;0;0;sBELA*;? Unchecked;v1.6.0-140-g9a10cc1
roadmap;dimacs;24/5;5;   1204965;    881288;191225;685;2391478;217828;5;1729;0.504093;432119;0;0;sBELA*;? Unchecked;v1.6.0-140-g9a10cc1
roadmap;dimacs;25/5;5;    907042;    523545;158819;509;2344973;416471;5;1729;0.887904;469050;0;0;sBELA*;? Unchecked;v1.6.0-140-g9a10cc1
roadmap;dimacs;26/5;5;    752817;    293040;341704;1043;4298077;692900;8;1729;1.46351;473451;0;0;sBELA*;? Unchecked;v1.6.0-140-g9a10cc1
roadmap;dimacs;27/5;5;    491779;    520998;507666;1494;6000961;946379;2;1729;1.98955;475676;0;0;sBELA*;? Unchecked;v1.6.0-140-g9a10cc1
roadmap;dimacs;28/5;5;   1009615;   1162067;145474;787;1605997;109116;5;1729;0.21525;506928;0;0;sBELA*;? Unchecked;v1.6.0-140-g9a10cc1
roadmap;dimacs;29/5;5;    701030;   1127091;405109;1087;4938736;776678;5;1729;1.66308;467012;0;0;sBELA*;? Unchecked;v1.6.0-140-g9a10cc1
roadmap;dimacs;30/5;5;    472756;    557148;52516;334;573080;102013;5;1729;0.199726;510764;0;0;sBELA*;? Unchecked;v1.6.0-140-g9a10cc1
roadmap;dimacs;31/5;5;    155407;    436004;101676;424;1196135;142847;4;1729;0.298969;477798;0;0;sBELA*;? Unchecked;v1.6.0-140-g9a10cc1
roadmap;dimacs;32/5;5;    456711;    311070;380520;1193;4546919;861234;5;1729;1.84683;466331;0;0;sBELA*;? Unchecked;v1.6.0-140-g9a10cc1
roadmap;dimacs;33/5;5;    442126;    981906;201739;979;2240103;324689;5;1729;0.682724;475578;0;0;sBELA*;? Unchecked;v1.6.0-140-g9a10cc1
roadmap;dimacs;34/5;5;    245025;    364323;287766;886;3395676;261212;3;1729;0.562756;464165;0;0;sBELA*;? Unchecked;v1.6.0-140-g9a10cc1
roadmap;dimacs;35/5;5;      5294;    359682;497906;1056;5856590;377290;5;1729;0.954756;395169;0;0;sBELA*;? Unchecked;v1.6.0-140-g9a10cc1
roadmap;dimacs;36/5;5;    971272;    420382;454529;1019;5522997;544456;9;1729;1.19412;455947;0;0;sBELA*;? Unchecked;v1.6.0-140-g9a10cc1
roadmap;dimacs;37/5;5;   1085133;    900426;525527;1650;6548899;1146785;3;1729;2.3444;489159;0;0;sBELA*;? Unchecked;v1.6.0-140-g9a10cc1
roadmap;dimacs;38/5;5;    428123;    175918;164463;509;2186913;315857;5;1729;0.66321;476255;0;0;sBELA*;? Unchecked;v1.6.0-140-g9a10cc1
roadmap;dimacs;39/5;5;    371133;    254310;338822;826;4059025;503127;7;1729;1.08045;465663;0;0;sBELA*;? Unchecked;v1.6.0-140-g9a10cc1
roadmap;dimacs;40/5;5;    145885;    494504;351426;938;4004056;653319;3;1729;1.37812;474064;0;0;sBELA*;? Unchecked;v1.6.0-140-g9a10cc1
roadmap;dimacs;41/5;5;   1033980;   1115849;253936;956;3386384;571068;4;1729;1.16307;491000;0;0;sBELA*;? Unchecked;v1.6.0-140-g9a10cc1
roadmap;dimacs;42/5;5;    678373;    779275;238222;983;2863670;401400;13;1729;0.830493;483327;0;0;sBELA*;? Unchecked;v1.6.0-140-g9a10cc1
roadmap;dimacs;43/5;5;   1204962;    531023;234648;818;2886874;460379;3;1729;0.964098;477523;0;0;sBELA*;? Unchecked;v1.6.0-140-g9a10cc1
roadmap;dimacs;44/5;5;   1004218;    821966;177842;1280;3036134;238410;2;1729;0.50597;471194;0;0;sBELA*;? Unchecked;v1.6.0-140-g9a10cc1
roadmap;dimacs;45/5;5;    675354;    512610;558235;1633;7038259;954384;5;1729;1.91859;497439;0;0;sBELA*;? Unchecked;v1.6.0-140-g9a10cc1
roadmap;dimacs;46/5;5;     86859;    596027;873518;2716;11007485;1200211;3;1731;2.72256;440840;0;0;sBELA*;? Unchecked;v1.6.0-140-g9a10cc1
roadmap;dimacs;47/5;5;    681418;    478587;221147;1148;2669601;464151;5;1731;0.954212;486424;0;0;sBELA*;? Unchecked;v1.6.0-140-g9a10cc1
roadmap;dimacs;48/5;5;    760397;    372153;402374;1934;4697483;721984;5;1731;1.596;452371;0;0;sBELA*;? Unchecked;v1.6.0-140-g9a10cc1
roadmap;dimacs;49/5;5;     93813;    542722;495968;1385;5909736;606701;5;1731;1.36478;444541;0;0;sBELA*;? Unchecked;v1.6.0-140-g9a10cc1
roadmap;dimacs;50/5;5;    447380;    364700;339858;952;4094397;552303;3;1731;1.24053;445216;0;0;sBELA*;? Unchecked;v1.6.0-140-g9a10cc1
roadmap;dimacs;51/5;5;    247986;    234915;335229;565;4052753;211438;7;1731;0.488443;432882;0;0;sBELA*;? Unchecked;v1.6.0-140-g9a10cc1
roadmap;dimacs;52/5;5;    980356;    494879;326387;621;3778578;227798;11;1731;0.494762;460419;0;0;sBELA*;? Unchecked;v1.6.0-140-g9a10cc1
roadmap;dimacs;53/5;5;    892807;    798084;85109;234;1210634;193852;6;1731;0.390213;496785;0;0;sBELA*;? Unchecked;v1.6.0-140-g9a10cc1
roadmap;dimacs;54/5;5;    720503;   1090045;559074;2105;6796523;1095484;5;1731;2.2209;493262;0;0;sBELA*;? Unchecked;v1.6.0-140-g9a10cc1
roadmap;dimacs;55/5;5;    489387;   1078166;236291;899;3124059;390608;5;1731;0.81088;481709;0;0;sBELA*;? Unchecked;v1.6.0-140-g9a10cc1
roadmap;dimacs;56/5;5;     32771;     17233;493614;1470;6115615;565484;7;1731;1.27392;443894;0;0;sBELA*;? Unchecked;v1.6.0-140-g9a10cc1
roadmap;dimacs;57/5;5;    746419;    325594;489132;1479;5966146;973743;3;1731;1.96227;496234;0;0;sBELA*;? Unchecked;v1.6.0-140-g9a10cc1
roadmap;dimacs;58/5;5;    884332;    577380;242278;568;2950105;494461;5;1731;1.01164;488770;0;0;sBELA*;? Unchecked;v1.6.0-140-g9a10cc1
roadmap;dimacs;59/5;5;   1095690;    484726;412533;1191;4904248;458424;5;1731;1.03931;441084;0;0;sBELA*;? Unchecked;v1.6.0-140-g9a10cc1
roadmap;dimacs;60/5;5;    949870;    966567;123708;427;1397125;88863;3;1731;0.197824;449203;0;0;sBELA*;? Unchecked;v1.6.0-140-g9a10cc1
roadmap;dimacs;61/5;5;    682839;    783539;216164;922;2854991;243938;5;1731;0.518922;470086;0;0;sBELA*;? Unchecked;v1.6.0-140-g9a10cc1
roadmap;dimacs;62/5;5;   1002602;    269552;551874;1353;6618396;1155695;5;1731;2.37489;486630;0;0;sBELA*;? Unchecked;v1.6.0-140-g9a10cc1
roadmap;dimacs;63/5;5;    599356;    815289;489248;1609;6407533;684527;5;1731;1.44266;474489;0;0;sBELA*;? Unchecked;v1.6.0-140-g9a10cc1
roadmap;dimacs;64/5;5;    609510;    868976;167634;635;2015312;312402;8;1731;0.620826;503204;0;0;sBELA*;? Unchecked;v1.6.0-140-g9a10cc1
roadmap;dimacs;65/5;5;   1056417;   1197904;522327;1475;6133936;778527;5;1731;1.76398;441347;0;0;sBELA*;? Unchecked;v1.6.0-140-g9a10cc1
roadmap;dimacs;66/5;5;    483230;    807734;179356;904;2618393;316258;5;1731;0.674527;468859;0;0;sBELA*;? Unchecked;v1.6.0-140-g9a10cc1
roadmap;dimacs;67/5;5;    521120;    311174;538082;1153;6961138;1075289;9;1731;2.25542;476758;0;0;sBELA*;? Unchecked;v1.6.0-140-g9a10cc1
roadmap;dimacs;68/5;5;    181514;     70872;494839;1022;5810729;953587;5;1731;1.99261;478563;0;0;sBELA*;? Unchecked;v1.6.0-140-g9a10cc1
roadmap;dimacs;69/5;5;    831298;    692941;268541;1599;5456493;576388;4;1731;1.31066;439771;0;0;sBELA*;? Unchecked;v1.6.0-140-g9a10cc1
roadmap;dimacs;70/5;5;    576531;    928353;288630;841;3354478;478696;4;1731;1.00681;475458;0;0;sBELA*;? Unchecked;v1.6.0-140-g9a10cc1
roadmap;dimacs;71/5;5;    890413;    335170;628149;1593;7709203;1159653;3;1731;2.32395;499001;0;0;sBELA*;? Unchecked;v1.6.0-140-g9a10cc1
roadmap;dimacs;72/5;5;    505669;    752733;347823;1122;4318619;612808;5;1731;1.4154;432956;0;0;sBELA*;? Unchecked;v1.6.0-140-g9a10cc1
roadmap;dimacs;73/5;5;   1190825;   1005135;134067;584;1512642;186499;5;1731;0.380423;490241;0;0;sBELA*;? Unchecked;v1.6.0-140-g9a10cc1
roadmap;dimacs;74/5;5;   1011910;    329023;720790;2151;8406461;1103720;2;1731;2.53317;435706;0;0;sBELA*;? Unchecked;v1.6.0-140-g9a10cc1
roadmap;dimacs;75/5;5;    893394;    520208;470591;1279;5965883;934234;5;1731;1.90743;489786;0;0;sBELA*;? Unchecked;v1.6.0-140-g9a10cc1
roadmap;dimacs;76/5;5;    932724;    182285;404031;1319;4926952;773911;3;1731;1.66926;463626;0;0;sBELA*;? Unchecked;v1.6.0-140-g9a10cc1
roadmap;dimacs;77/5;5;     95486;    223534;735147;2453;8973879;1116800;2;1731;2.53926;439813;0;0;sBELA*;? Unchecked;v1.6.0-140-g9a10cc1
roadmap;dimacs;78/5;5;   1029767;     91221;388766;935;4640844;942091;7;1731;2.00771;469237;0;0;sBELA*;? Unchecked;v1.6.0-140-g9a10cc1
roadmap;dimacs;79/5;5;     67100;    510326;268257;753;3413816;235599;5;1731;0.535084;440303;0;0;sBELA*;? Unchecked;v1.6.0-140-g9a10cc1
roadmap;dimacs;80/5;5;    846164;    646741;453862;1669;6083722;864737;11;1731;1.80664;478643;0;0;sBELA*;? Unchecked;v1.6.0-140-g9a10cc1
roadmap;dimacs;81/5;5;   1087215;    947306;482917;1225;5825175;806615;2;1731;1.77669;453999;0;0;sBELA*;? Unchecked;v1.6.0-140-g9a10cc1
roadmap;dimacs;82/5;5;    619348;    369016;193912;807;2058178;308546;5;1731;0.701526;439821;0;0;sBELA*;? Unchecked;v1.6.0-140-g9a10cc1
roadmap;dimacs;83/5;5;   1041136;    582354;145911;534;1892689;117790;3;1731;0.293257;401662;0;0;sBELA*;? Unchecked;v1.6.0-140-g9a10cc1
roadmap;dimacs;84/5;5;   1023095;    975421;185525;635;2086122;138029;4;1731;0.378071;365088;0;0;sBELA*;? Unchecked;v1.6.0-140-g9a10cc1
roadmap;dimacs;85/5;5;   1057515;    241893;271597;872;4037044;267548;6;1731;0.606145;441393;0;0;sBELA*;? Unchecked;v1.6.0-140-g9a10cc1
roadmap;dimacs;86/5;5;    467176;    425228;480846;1332;5780869;1013177;1;1731;2.10569;481161;0;0;sBELA*;? Unchecked;v1.6.0-140-g9a10cc1
roadmap;dimacs;87/5;5;    129108;     84480;580589;1076;6972305;1157574;5;1731;2.36996;488436;0;0;sBELA*;? Unchecked;v1.6.0-140-g9a10cc1
roadmap;dimacs;88/5;5;    968130;     31496;86422;390;1086283;61045;5;1731;0.154427;395300;0;0;sBELA*;? Unchecked;v1.6.0-140-g9a10cc1
roadmap;dimacs;89/5;5;   1077408;    807029;436814;1597;5353690;476995;5;1790;1.09742;434653;0;0;sBELA*;? Unchecked;v1.6.0-140-g9a10cc1
roadmap;dimacs;90/5;5;   1093559;    364731;173511;664;2079786;107869;90;1790;0.353451;305188;0;0;sBELA*;? Unchecked;v1.6.0-140-g9a10cc1
roadmap;dimacs;91/5;5;    201585;    558881;178496;458;2351303;273894;10;1790;0.622446;440028;0;0;sBELA*;? Unchecked;v1.6.0-140-g9a10cc1
roadmap;dimacs;92/5;5;    713598;    144731;251834;826;3426896;552906;2;1790;1.11669;495131;0;0;sBELA*;? Unchecked;v1.6.0-140-g9a10cc1
roadmap;dimacs;93/5;5;     74935;   1046029;301814;588;3399258;274153;8;1790;0.599907;456993;0;0;sBELA*;? Unchecked;v1.6.0-140-g9a10cc1
roadmap;dimacs;94/5;5;    643572;   1117036;350301;1079;4528589;613404;2;1790;1.35188;453743;0;0;sBELA*;? Unchecked;v1.6.0-140-g9a10cc1
roadmap;dimacs;95/5;5;     53022;   1008418;530350;1693;6633193;872626;5;1790;1.86386;468183;0;0;sBELA*;? Unchecked;v1.6.0-140-g9a10cc1
roadmap;dimacs;96/5;5;   1003495;    202919;316576;877;3859498;439704;8;1790;0.932494;471536;0;0;sBELA*;? Unchecked;v1.6.0-140-g9a10cc1
roadmap;dimacs;97/5;5;     39282;   1102138;751539;2466;8938113;1070238;2;1790;2.50318;427552;0;0;sBELA*;? Unchecked;v1.6.0-140-g9a10cc1
roadmap;dimacs;98/5;5;    105999;    190640;320715;1027;3968587;329363;7;1790;0.705265;467006;0;0;sBELA*;? Unchecked;v1.6.0-140-g9a10cc1
roadmap;dimacs;99/5;5;    246000;   1072283;347411;1027;4511547;657660;5;1790;1.49043;441254;0;0;sBELA*;? Unchecked;v1.6.0-140-g9a10cc1
roadmap;dimacs;0/10;10;   1184114;    193764;365827;1163;4668797;781992;5;1790;1.66951;468397;0;0;sBELA*;? Unchecked;v1.6.0-140-g9a10cc1
roadmap;dimacs;1/10;10;    457060;   1134187;306698;827;3674253;707068;12;1790;1.42883;494859;0;0;sBELA*;? Unchecked;v1.6.0-140-g9a10cc1
roadmap;dimacs;2/10;10;    648367;    958789;129341;531;1578170;64288;15;1790;0.162242;396247;0;0;sBELA*;? Unchecked;v1.6.0-140-g9a10cc1
roadmap;dimacs;3/10;10;    485078;    567556;537678;1407;6183298;964308;3;1790;2.00557;480814;0;0;sBELA*;? Unchecked;v1.6.0-140-g9a10cc1
roadmap;dimacs;4/10;10;   1175334;   1035537;284229;751;3674082;251048;20;1790;0.552101;454714;0;0;sBELA*;? Unchecked;v1.6.0-140-g9a10cc1
roadmap;dimacs;5/10;10;    626886;    437084;155658;799;1776761;259059;10;1790;0.513819;504183;0;0;sBELA*;? Unchecked;v1.6.0-140-g9a10cc1
roadmap;dimacs;6/10;10;    635719;    734204;195593;954;2314528;425342;9;1790;0.919537;462561;0;0;sBELA*;? Unchecked;v1.6.0-140-g9a10cc1
roadmap;dimacs;7/10;10;    316104;    997118;457827;1635;5530998;648227;5;1790;1.40587;461085;0;0;sBELA*;? Unchecked;v1.6.0-140-g9a10cc1
roadmap;dimacs;8/10;10;     47649;    976084;558601;1290;6555169;523353;7;1790;1.19841;436707;0;0;sBELA*;? Unchecked;v1.6.0-140-g9a10cc1
roadmap;dimacs;9/10;10;    915484;   1137906;165806;637;2219986;230053;7;1790;0.546501;420957;0;0;sBELA*;? Unchecked;v1.6.0-140-g9a10cc1
roadmap;dimacs;10/10;10;     72419;    669854;530352;1509;6188688;797906;9;1790;1.72935;461390;0;0;sBELA*;? Unchecked;v1.6.0-140-g9a10cc1
roadmap;dimacs;11/10;10;   1121375;    296229;257314;939;2972565;408648;12;1790;0.86876;470381;0;0;sBELA*;? Unchecked;v1.6.0-140-g9a10cc1
roadmap;dimacs;12/10;10;    873937;   1184806;135547;895;1799022;264003;2;1790;0.50581;521941;0;0;sBELA*;? Unchecked;v1.6.0-140-g9a10cc1
roadmap;dimacs;13/10;10;    193531;    355264;127820;252;1753604;92925;10;1790;0.221298;419909;0;0;sBELA*;? Unchecked;v1.6.0-140-g9a10cc1
roadmap;dimacs;14/10;10;    147031;    633056;115065;545;2055854;251193;6;1790;0.586556;428251;0;0;sBELA*;? Unchecked;v1.6.0-140-g9a10cc1
roadmap;dimacs;15/10;10;    362446;    482465;186548;712;2280376;309618;10;1790;0.670553;461735;0;0;sBELA*;? Unchecked;v1.6.0-140-g9a10cc1
roadmap;dimacs;16/10;10;    770308;    417500;737243;1739;8930025;1203466;6;1790;2.62725;458071;0;0;sBELA*;? Unchecked;v1.6.0-140-g9a10cc1
roadmap;dimacs;17/10;10;    908330;    720411;129050;292;1791967;190132;31;1790;0.40988;463872;0;0;sBELA*;? Unchecked;v1.6.0-140-g9a10cc1
roadmap;dimacs;18/10;10;   1038933;    130295;221765;836;3271329;565461;6;1790;1.16176;486727;0;0;sBELA*;? Unchecked;v1.6.0-140-g9a10cc1
roadmap;dimacs;19/10;10;    652846;    858648;268696;624;3457893;372024;13;1790;0.812651;457791;0;0;sBELA*;? Unchecked;v1.6.0-140-g9a10cc1
roadmap;dimacs;20/10;10;    676969;    283827;563880;2077;6738975;956044;9;1790;1.95091;490051;0;0;sBELA*;? Unchecked;v1.6.0-140-g9a10cc1
roadmap;dimacs;21/10;10;    910826;    680529;199319;780;2574747;417138;29;1790;0.908035;459385;0;0;sBELA*;? Unchecked;v1.6.0-140-g9a10cc1
roadmap;dimacs;22/10;10;    515058;    865076;359432;1221;4602701;709682;14;1790;1.59398;445226;0;0;sBELA*;? Unchecked;v1.6.0-140-g9a10cc1
roadmap;dimacs;23/10;10;    348482;    108720;485606;1428;5713079;815536;9;1790;1.76715;461499;0;0;sBELA*;? Unchecked;v1.6.0-140-g9a10cc1
roadmap;dimacs;24/10;10;   1204965;    881288;191225;686;2391519;217851;10;1790;0.508523;428399;0;0;sBELA*;? Unchecked;v1.6.0-140-g9a10cc1
roadmap;dimacs;25/10;10;    907042;    523545;158819;509;2345087;416522;19;1790;0.905441;460021;0;0;sBELA*;? Unchecked;v1.6.0-140-g9a10cc1
roadmap;dimacs;26/10;10;    752817;    293040;341704;1045;4298087;692903;12;1790;1.4875;465817;0;0;sBELA*;? Unchecked;v1.6.0-140-g9a10cc1
roadmap;dimacs;27/10;10;    491779;    520998;507666;1494;6000968;946380;3;1790;1.96547;481504;0;0;sBELA*;? Unchecked;v1.6.0-140-g9a10cc1
roadmap;dimacs;28/10;10;   1009615;   1162067;145474;790;1606018;109123;10;1790;0.266434;409568;0;0;sBELA*;? Unchecked;v1.6.0-140-g9a10cc1
roadmap;dimacs;29/10;10;    701030;   1127091;405109;1090;4938753;776682;9;1790;1.68075;462103;0;0;sBELA*;? Unchecked;v1.6.0-140-g9a10cc1
roadmap;dimacs;30/10;10;    472756;    557148;52516;334;573117;102020;11;1790;0.201311;506777;0;0;sBELA*;? Unchecked;v1.6.0-140-g9a10cc1
roadmap;dimacs;31/10;10;    155407;    436004;101676;424;1196147;142849;7;1790;0.309522;461515;0;0;sBELA*;? Unchecked;v1.6.0-140-g9a10cc1
roadmap;dimacs;32/10;10;    456711;    311070;380520;1194;4546920;861235;8;1790;1.86267;462365;0;0;sBELA*;? Unchecked;v1.6.0-140-g9a10cc1
roadmap;dimacs;33/10;10;    442126;    981906;201739;977;2240110;324690;10;1790;0.699937;463884;0;0;sBELA*;? Unchecked;v1.6.0-140-g9a10cc1
roadmap;dimacs;34/10;10;    245025;    364323;287766;888;3395681;261216;5;1790;0.579318;450903;0;0;sBELA*;? Unchecked;v1.6.0-140-g9a10cc1
roadmap;dimacs;35/10;10;      5294;    359682;497906;1058;5856764;377309;49;1790;0.963233;391711;0;0;sBELA*;? Unchecked;v1.6.0-140-g9a10cc1
roadmap;dimacs;36/10;10;    971272;    420382;454529;1019;5523072;544468;27;1790;1.27987;425410;0;0;sBELA*;? Unchecked;v1.6.0-140-g9a10cc1
roadmap;dimacs;37/10;10;   1085133;    900426;525527;1649;6548906;1146786;5;1790;2.37596;482662;0;0;sBELA*;? Unchecked;v1.6.0-140-g9a10cc1
roadmap;dimacs;38/10;10;    428123;    175918;164463;509;2186921;315858;11;1790;0.682264;462956;0;0;sBELA*;? Unchecked;v1.6.0-140-g9a10cc1
roadmap;dimacs;39/10;10;    371133;    254310;338822;824;4059063;503129;14;1790;1.10207;456529;0;0;sBELA*;? Unchecked;v1.6.0-140-g9a10cc1
roadmap;dimacs;40/10;10;    145885;    494504;351426;939;4004065;653322;5;1790;1.39494;468352;0;0;sBELA*;? Unchecked;v1.6.0-140-g9a10cc1
roadmap;dimacs;41/10;10;   1033980;   1115849;253936;956;3386389;571069;7;1790;1.17277;486939;0;0;sBELA*;? Unchecked;v1.6.0-140-g9a10cc1
roadmap;dimacs;42/10;10;    678373;    779275;238222;997;2863683;401404;20;1790;0.844853;475117;0;0;sBELA*;? Unchecked;v1.6.0-140-g9a10cc1
roadmap;dimacs;43/10;10;   1204962;    531023;234648;817;2886878;460380;5;1790;0.988912;465542;0;0;sBELA*;? Unchecked;v1.6.0-140-g9a10cc1
roadmap;dimacs;44/10;10;   1004218;    821966;177842;1281;3036136;238410;4;1790;0.527274;452155;0;0;sBELA*;? Unchecked;v1.6.0-140-g9a10cc1
roadmap;dimacs;45/10;10;    675354;    512610;558235;1634;7038263;954384;9;1790;1.95564;488016;0;0;sBELA*;? Unchecked;v1.6.0-140-g9a10cc1
roadmap;dimacs;46/10;10;     86859;    596027;873518;2719;11007486;1200211;5;1790;2.69385;445537;0;0;sBELA*;? Unchecked;v1.6.0-140-g9a10cc1
roadmap;dimacs;47/10;10;    681418;    478587;221147;1145;2669614;464154;10;1790;0.958233;484385;0;0;sBELA*;? Unchecked;v1.6.0-140-g9a10cc1
roadmap;dimacs;48/10;10;    760397;    372153;402374;1931;4697487;721986;10;1790;1.6012;450902;0;0;sBELA*;? Unchecked;v1.6.0-140-g9a10cc1
roadmap;dimacs;49/10;10;     93813;    542722;495968;1384;5909749;606704;10;1790;1.38567;437841;0;0;sBELA*;? Unchecked;v1.6.0-140-g9a10cc1
roadmap;dimacs;50/10;10;    447380;    364700;339858;954;4094402;552303;5;1790;1.2653;436498;0;0;sBELA*;? Unchecked;v1.6.0-140-g9a10cc1
roadmap;dimacs;51/10;10;    247986;    234915;335229;567;4052837;211446;17;1790;0.50881;415570;0;0;sBELA*;? Unchecked;v1.6.0-140-g9a10cc1
roadmap;dimacs;52/10;10;    980356;    494879;326387;623;3778630;227802;20;1790;0.513392;443720;0;0;sBELA*;? Unchecked;v1.6.0-140-g9a10cc1
roadmap;dimacs;53/10;10;    892807;    798084;85109;235;1211021;193897;100;1790;0.399519;485327;0;0;sBELA*;? Unchecked;v1.6.0-140-g9a10cc1
roadmap;dimacs;54/10;10;    720503;   1090045;559074;2104;6796529;1095484;10;1790;2.27821;480852;0;0;sBELA*;? Unchecked;v1.6.0-140-g9a10cc1
roadmap;dimacs;55/10;10;    489387;   1078166;236291;899;3124075;390612;9;1790;0.834872;467870;0;0;sBELA*;? Unchecked;v1.6.0-140-g9a10cc1
roadmap;dimacs;56/10;10;     32771;     17233;493614;1472;6115617;565486;12;1790;1.29268;437451;0;0;sBELA*;? Unchecked;v1.6.0-140-g9a10cc1
roadmap;dimacs;57/10;10;    746419;    325594;489132;1485;5966148;973743;7;1790;1.98525;490489;0;0;sBELA*;? Unchecked;v1.6.0-140-g9a10cc1
roadmap;dimacs;58/10;10;    884332;    577380;242278;573;2950114;494463;10;1790;0.991769;498567;0;0;sBELA*;? Unchecked;v1.6.0-140-g9a10cc1
roadmap;dimacs;59/10;10;   1095690;    484726;412533;1193;4904253;458426;10;1790;1.07998;424475;0;0;sBELA*;? Unchecked;v1.6.0-140-g9a10cc1
roadmap;dimacs;60/10;10;    949870;    966567;123708;427;1397160;88866;5;1790;0.209191;424809;0;0;sBELA*;? Unchecked;v1.6.0-140-g9a10cc1
roadmap;dimacs;61/10;10;    682839;    783539;216164;923;2855011;243941;11;1790;0.534044;456781;0;0;sBELA*;? Unchecked;v1.6.0-140-g9a10cc1
roadmap;dimacs;62/10;10;   1002602;    269552;551874;1358;6618415;1155696;14;1790;2.41092;479360;0;0;sBELA*;? Unchecked;v1.6.0-140-g9a10cc1
roadmap;dimacs;63/10;10;    599356;    815289;489248;1610;6407535;684527;9;1792;1.45961;468980;0;0;sBELA*;? Unchecked;v1.6.0-140-g9a10cc1
roadmap;dimacs;64/10;10;    609510;    868976;167634;620;2015364;312415;18;1792;0.62273;501686;0;0;sBELA*;? Unchecked;v1.6.0-140-g9a10cc1
roadmap;dimacs;65/10;10;   1056417;   1197904;522327;1477;6133938;778527;7;1792;1.79609;433456;0;0;sBELA*;? Unchecked;v1.6.0-140-g9a10cc1
roadmap;dimacs;66/10;10;    483230;    807734;179356;897;2618404;316262;10;1792;0.674851;468640;0;0;sBELA*;? Unchecked;v1.6.0-140-g9a10cc1
roadmap;dimacs;67/10;10;    521120;    311174;538082;1153;6961172;1075292;21;1792;2.2666;474407;0;0;sBELA*;? Unchecked;v1.6.0-140-g9a10cc1
roadmap;dimacs;68/10;10;    181514;     70872;494839;1025;5810751;953595;12;1792;1.999;477036;0;0;sBELA*;? Unchecked;v1.6.0-140-g9a10cc1
roadmap;dimacs;69/10;10;    831298;    692941;268541;1566;5456506;576389;9;1792;1.28542;448405;0;0;sBELA*;? Unchecked;v1.6.0-140-g9a10cc1
roadmap;dimacs;70/10;10;    576531;    928353;288630;842;3354497;478713;7;1792;1.00764;475082;0;0;sBELA*;? Unchecked;v1.6.0-140-g9a10cc1
roadmap;dimacs;71/10;10;    890413;    335170;628149;1595;7709207;1159653;5;1792;2.33871;495853;0;0;sBELA*;? Unchecked;v1.6.0-140-g9a10cc1
roadmap;dimacs;72/10;10;    505669;    752733;347823;1123;4318640;612817;10;1792;1.41862;431980;0;0;sBELA*;? Unchecked;v1.6.0-140-g9a10cc1
roadmap;dimacs;73/10;10;   1190825;   1005135;134067;582;1512678;186501;10;1792;0.383939;485757;0;0;sBELA*;? Unchecked;v1.6.0-140-g9a10cc1
roadmap;dimacs;74/10;10;   1011910;    329023;720790;2156;8406464;1103720;3;1792;2.50498;440611;0;0;sBELA*;? Unchecked;v1.6.0-140-g9a10cc1
roadmap;dimacs;75/10;10;    893394;    520208;470591;1279;5965910;934236;10;1792;1.92187;486108;0;0;sBELA*;? Unchecked;v1.6.0-140-g9a10cc1
roadmap;dimacs;76/10;10;    932724;    182285;404031;1320;4926953;773913;6;1792;1.67738;461382;0;0;sBELA*;? Unchecked;v1.6.0-140-g9a10cc1
roadmap;dimacs;77/10;10;     95486;    223534;735147;2454;8973887;1116800;3;1792;2.5477;438356;0;0;sBELA*;? Unchecked;v1.6.0-140-g9a10cc1
roadmap;dimacs;78/10;10;   1029767;     91221;388766;933;4640892;942103;19;1792;2.07875;453207;0;0;sBELA*;? Unchecked;v1.6.0-140-g9a10cc1
roadmap;dimacs;79/10;10;     67100;    510326;268257;749;3413819;235599;10;1792;0.519988;453085;0;0;sBELA*;? Unchecked;v1.6.0-140-g9a10cc1
roadmap;dimacs;80/10;10;    846164;    646741;453862;1668;6083744;864739;21;1792;1.82115;474832;0;0;sBELA*;? Unchecked;v1.6.0-140-g9a10cc1
roadmap;dimacs;81/10;10;   1087215;    947306;482917;1225;5825184;806615;3;1792;1.7732;454893;0;0;sBELA*;? Unchecked;v1.6.0-140-g9a10cc1
roadmap;dimacs;82/10;10;    619348;    369016;193912;805;2058188;308551;10;1792;0.704635;437887;0;0;sBELA*;? Unchecked;v1.6.0-140-g9a10cc1
roadmap;dimacs;83/10;10;   1041136;    582354;145911;532;1892713;117792;6;1792;0.253549;464573;0;0;sBELA*;? Unchecked;v1.6.0-140-g9a10cc1
roadmap;dimacs;84/10;10;   1023095;    975421;185525;636;2086135;138031;7;1792;0.389756;354148;0;0;sBELA*;? Unchecked;v1.6.0-140-g9a10cc1
roadmap;dimacs;85/10;10;   1057515;    241893;271597;873;4037091;267555;14;1792;0.610161;438499;0;0;sBELA*;? Unchecked;v1.6.0-140-g9a10cc1
roadmap;dimacs;86/10;10;    467176;    425228;480846;1332;5780869;1013177;1;1792;2.08918;484964;0;0;sBELA*;? Unchecked;v1.6.0-140-g9a10cc1
roadmap;dimacs;87/10;10;    129108;     84480;580589;1080;6972329;1157576;11;1792;2.38296;485773;0;0;sBELA*;? Unchecked;v1.6.0-140-g9a10cc1
roadmap;dimacs;88/10;10;    968130;     31496;86422;390;1086337;61053;10;1792;0.156867;389201;0;0;sBELA*;? Unchecked;v1.6.0-140-g9a10cc1
roadmap;dimacs;89/10;10;   1077408;    807029;436814;1596;5353692;476995;9;1792;1.09113;437156;0;0;sBELA*;? Unchecked;v1.6.0-140-g9a10cc1
roadmap;dimacs;90/10;10;   1093559;    364731;173511;666;2079870;107875;143;1792;0.32622;330682;0;0;sBELA*;? Unchecked;v1.6.0-140-g9a10cc1
roadmap;dimacs;91/10;10;    201585;    558881;178496;459;2351339;273905;17;1792;0.664254;412350;0;0;sBELA*;? Unchecked;v1.6.0-140-g9a10cc1
roadmap;dimacs;92/10;10;    713598;    144731;251834;828;3426898;552906;3;1792;1.11438;496156;0;0;sBELA*;? Unchecked;v1.6.0-140-g9a10cc1
roadmap;dimacs;93/10;10;     74935;   1046029;301814;587;3399313;274159;16;1792;0.604694;453384;0;0;sBELA*;? Unchecked;v1.6.0-140-g9a10cc1
roadmap;dimacs;94/10;10;    643572;   1117036;350301;1080;4528591;613404;3;1792;1.35764;451818;0;0;sBELA*;? Unchecked;v1.6.0-140-g9a10cc1
roadmap;dimacs;95/10;10;     53022;   1008418;530350;1692;6633194;872626;7;1792;1.8697;466720;0;0;sBELA*;? Unchecked;v1.6.0-140-g9a10cc1
roadmap;dimacs;96/10;10;   1003495;    202919;316576;876;3859516;439709;12;1792;0.938602;468472;0;0;sBELA*;? Unchecked;v1.6.0-140-g9a10cc1
roadmap;dimacs;97/10;10;     39282;   1102138;751539;2467;8938121;1070239;3;1792;2.51917;424838;0;0;sBELA*;? Unchecked;v1.6.0-140-g9a10cc1
roadmap;dimacs;98/10;10;    105999;    190640;320715;1028;3968608;329367;16;1792;0.710772;463393;0;0;sBELA*;? Unchecked;v1.6.0-140-g9a10cc1
roadmap;dimacs;99/10;10;    246000;   1072283;347411;1027;4511598;657677;11;1792;1.50443;437161;0;0;sBELA*;? Unchecked;v1.6.0-140-g9a10cc1
roadmap;dimacs;0/20;20;   1184114;    193764;365827;1157;4668809;781993;10;1792;1.67809;466003;0;0;sBELA*;? Unchecked;v1.6.0-140-g9a10cc1
roadmap;dimacs;1/20;20;    457060;   1134187;306698;827;3674331;707078;30;1792;1.43022;494385;0;0;sBELA*;? Unchecked;v1.6.0-140-g9a10cc1
roadmap;dimacs;2/20;20;    648367;    958789;129341;528;1578191;64290;31;1792;0.169347;379634;0;0;sBELA*;? Unchecked;v1.6.0-140-g9a10cc1
roadmap;dimacs;3/20;20;    485078;    567556;537678;1409;6183308;964310;5;1792;2.01565;478411;0;0;sBELA*;? Unchecked;v1.6.0-140-g9a10cc1
roadmap;dimacs;4/20;20;   1175334;   1035537;284229;750;3674127;251057;53;1792;0.568574;441555;0;0;sBELA*;? Unchecked;v1.6.0-140-g9a10cc1
roadmap;dimacs;5/20;20;    626886;    437084;155658;797;1776771;259060;20;1792;0.520974;497260;0;0;sBELA*;? Unchecked;v1.6.0-140-g9a10cc1
roadmap;dimacs;6/20;20;    635719;    734204;195593;954;2314546;425346;17;1792;0.927527;458581;0;0;sBELA*;? Unchecked;v1.6.0-140-g9a10cc1
roadmap;dimacs;7/20;20;    316104;    997118;457827;1635;5530999;648228;9;1792;1.41747;457314;0;0;sBELA*;? Unchecked;v1.6.0-140-g9a10cc1
roadmap;dimacs;8/20;20;     47649;    976084;558601;1291;6555182;523357;15;1792;1.20941;432738;0;0;sBELA*;? Unchecked;v1.6.0-140-g9a10cc1
roadmap;dimacs;9/20;20;    915484;   1137906;165806;640;2220004;230054;13;1792;0.521227;441370;0;0;sBELA*;? Unchecked;v1.6.0-140-g9a10cc1
roadmap;dimacs;10/20;20;     72419;    669854;530352;1511;6188690;797906;12;1792;1.73826;459026;0;0;sBELA*;? Unchecked;v1.6.0-140-g9a10cc1
roadmap;dimacs;11/20;20;   1121375;    296229;257314;939;2972613;408659;27;1792;0.886707;460873;0;0;sBELA*;? Unchecked;v1.6.0-140-g9a10cc1
roadmap;dimacs;12/20;20;    873937;   1184806;135547;896;1799024;264003;3;1792;0.509599;518060;0;0;sBELA*;? Unchecked;v1.6.0-140-g9a10cc1
roadmap;dimacs;13/20;20;    193531;    355264;127820;253;1753709;92937;24;1792;0.224162;414598;0;0;sBELA*;? Unchecked;v1.6.0-140-g9a10cc1
roadmap;dimacs;14/20;20;    147031;    633056;115065;544;2055908;251206;13;1792;0.594424;422604;0;0;sBELA*;? Unchecked;v1.6.0-140-g9a10cc1
roadmap;dimacs;15/20;20;    362446;    482465;186548;712;2280404;309623;20;1792;0.676996;457348;0;0;sBELA*;? Unchecked;v1.6.0-140-g9a10cc1
roadmap;dimacs;16/20;20;    770308;    417500;737243;1714;8930035;1203466;14;1792;2.6399;455876;0;0;sBELA*;? Unchecked;v1.6.0-140-g9a10cc1
roadmap;dimacs;17/20;20;    908330;    720411;129050;292;1792119;190185;69;1792;0.41466;458652;0;0;sBELA*;? Unchecked;v1.6.0-140-g9a10cc1
roadmap;dimacs;18/20;20;   1038933;    130295;221765;841;3271372;565474;17;1792;1.18564;476934;0;0;sBELA*;? Unchecked;v1.6.0-140-g9a10cc1
roadmap;dimacs;19/20;20;    652846;    858648;268696;625;3457922;372036;28;1792;0.817542;455067;0;0;sBELA*;? Unchecked;v1.6.0-140-g9a10cc1
roadmap;dimacs;20/20;20;    676969;    283827;563880;2074;6738980;956047;17;1792;1.96265;487121;0;0;sBELA*;? Unchecked;v1.6.0-140-g9a10cc1
roadmap;dimacs;21/20;20;    910826;    680529;199319;779;2574813;417164;51;1792;0.915177;455829;0;0;sBELA*;? Unchecked;v1.6.0-140-g9a10cc1
roadmap;dimacs;22/20;20;    515058;    865076;359432;1221;4602728;709695;31;1792;1.60038;443453;0;0;sBELA*;? Unchecked;v1.6.0-140-g9a10cc1
roadmap;dimacs;23/20;20;    348482;    108720;485606;1428;5713082;815536;15;1792;1.77742;458832;0;0;sBELA*;? Unchecked;v1.6.0-140-g9a10cc1
roadmap;dimacs;24/20;20;   1204965;    881288;191225;704;2391558;217873;22;1792;0.51406;423828;0;0;sBELA*;? Unchecked;v1.6.0-140-g9a10cc1
roadmap;dimacs;25/20;20;    907042;    523545;158819;513;2345183;416564;54;1792;0.907766;458889;0;0;sBELA*;? Unchecked;v1.6.0-140-g9a10cc1
roadmap;dimacs;26/20;20;    752817;    293040;341704;1028;4298122;692913;22;1792;1.49131;464633;0;0;sBELA*;? Unchecked;v1.6.0-140-g9a10cc1
roadmap;dimacs;27/20;20;    491779;    520998;507666;1493;6001002;946381;5;1792;1.97019;480350;0;0;sBELA*;? Unchecked;v1.6.0-140-g9a10cc1
roadmap;dimacs;28/20;20;   1009615;   1162067;145474;789;1606047;109127;20;1792;0.246826;442120;0;0;sBELA*;? Unchecked;v1.6.0-140-g9a10cc1
roadmap;dimacs;29/20;20;    701030;   1127091;405109;1087;4938822;776707;29;1792;1.73942;446533;0;0;sBELA*;? Unchecked;v1.6.0-140-g9a10cc1
roadmap;dimacs;30/20;20;    472756;    557148;52516;334;573150;102022;21;1828;0.208059;490350;0;0;sBELA*;? Unchecked;v1.6.0-140-g9a10cc1
roadmap;dimacs;31/20;20;    155407;    436004;101676;423;1196163;142849;16;1828;0.3169;450770;0;0;sBELA*;? Unchecked;v1.6.0-140-g9a10cc1
roadmap;dimacs;32/20;20;    456711;    311070;380520;1194;4546933;861237;18;1828;1.87024;460495;0;0;sBELA*;? Unchecked;v1.6.0-140-g9a10cc1
roadmap;dimacs;33/20;20;    442126;    981906;201739;976;2240129;324692;20;1840;0.712959;455415;0;0;sBELA*;? Unchecked;v1.6.0-140-g9a10cc1
roadmap;dimacs;34/20;20;    245025;    364323;287766;887;3395690;261218;10;1840;0.583893;447373;0;0;sBELA*;? Unchecked;v1.6.0-140-g9a10cc1
roadmap;dimacs;35/20;20;      5294;    359682;497906;1058;5856848;377322;100;1840;0.968736;389499;0;0;sBELA*;? Unchecked;v1.6.0-140-g9a10cc1
roadmap;dimacs;36/20;20;    971272;    420382;454529;1019;5523114;544472;59;1840;1.28985;422120;0;0;sBELA*;? Unchecked;v1.6.0-140-g9a10cc1
roadmap;dimacs;37/20;20;   1085133;    900426;525527;1650;6548910;1146787;7;1840;2.37319;483226;0;0;sBELA*;? Unchecked;v1.6.0-140-g9a10cc1
roadmap;dimacs;38/20;20;    428123;    175918;164463;509;2186942;315862;21;1840;0.686557;460067;0;0;sBELA*;? Unchecked;v1.6.0-140-g9a10cc1
roadmap;dimacs;39/20;20;    371133;    254310;338822;824;4059095;503131;26;1840;1.1071;454460;0;0;sBELA*;? Unchecked;v1.6.0-140-g9a10cc1
roadmap;dimacs;40/20;20;    145885;    494504;351426;938;4004085;653325;10;1840;1.4028;465728;0;0;sBELA*;? Unchecked;v1.6.0-140-g9a10cc1
roadmap;dimacs;41/20;20;   1033980;   1115849;253936;955;3386418;571073;14;1840;1.17687;485248;0;0;sBELA*;? Unchecked;v1.6.0-140-g9a10cc1
roadmap;dimacs;42/20;20;    678373;    779275;238222;998;2863739;401420;58;1840;0.879599;456367;0;0;sBELA*;? Unchecked;v1.6.0-140-g9a10cc1
roadmap;dimacs;43/20;20;   1204962;    531023;234648;817;2886920;460390;9;1840;0.985073;467366;0;0;sBELA*;? Unchecked;v1.6.0-140-g9a10cc1
roadmap;dimacs;44/20;20;   1004218;    821966;177842;1280;3036152;238412;7;1840;0.529068;450626;0;0;sBELA*;? Unchecked;v1.6.0-140-g9a10cc1
roadmap;dimacs;45/20;20;    675354;    512610;558235;1635;7038269;954384;18;1840;1.95702;487672;0;0;sBELA*;? Unchecked;v1.6.0-140-g9a10cc1
roadmap;dimacs;46/20;20;     86859;    596027;873518;2718;11007490;1200211;10;1840;2.70376;443905;0;0;sBELA*;? Unchecked;v1.6.0-140-g9a10cc1
roadmap;dimacs;47/20;20;    681418;    478587;221147;1140;2669627;464155;20;1840;0.964219;481379;0;0;sBELA*;? Unchecked;v1.6.0-140-g9a10cc1
roadmap;dimacs;48/20;20;    760397;    372153;402374;1934;4697492;721986;20;1840;1.61538;446946;0;0;sBELA*;? Unchecked;v1.6.0-140-g9a10cc1
roadmap;dimacs;49/20;20;     93813;    542722;495968;1387;5909764;606708;20;1840;1.3958;434667;0;0;sBELA*;? Unchecked;v1.6.0-140-g9a10cc1
roadmap;dimacs;50/20;20;    447380;    364700;339858;953;4094411;552305;10;1840;1.26317;437238;0;0;sBELA*;? Unchecked;v1.6.0-140-g9a10cc1
roadmap;dimacs;51/20;20;    247986;    234915;335229;565;4052918;211451;40;1840;0.510825;413940;0;0;sBELA*;? Unchecked;v1.6.0-140-g9a10cc1
roadmap;dimacs;52/20;20;    980356;    494879;326387;624;3778689;227811;44;1840;0.516868;440753;0;0;sBELA*;? Unchecked;v1.6.0-140-g9a10cc1
roadmap;dimacs;53/20;20;    892807;    798084;85109;234;1211138;193914;133;1842;0.40187;482530;0;0;sBELA*;? Unchecked;v1.6.0-140-g9a10cc1
roadmap;dimacs;54/20;20;    720503;   1090045;559074;2100;6796537;1095484;18;1842;2.29061;478250;0;0;sBELA*;? Unchecked;v1.6.0-140-g9a10cc1
roadmap;dimacs;55/20;20;    489387;   1078166;236291;899;3124100;390619;17;1842;0.83941;465349;0;0;sBELA*;? Unchecked;v1.6.0-140-g9a10cc1
roadmap;dimacs;56/20;20;     32771;     17233;493614;1473;6115636;565492;19;1842;1.30262;434120;0;0;sBELA*;? Unchecked;v1.6.0-140-g9a10cc1
roadmap;dimacs;57/20;20;    746419;    325594;489132;1485;5966154;973745;14;1842;1.99511;488065;0;0;sBELA*;? Unchecked;v1.6.0-140-g9a10cc1
roadmap;dimacs;58/20;20;    884332;    577380;242278;576;2950164;494484;20;1842;0.99511;496914;0;0;sBELA*;? Unchecked;v1.6.0-140-g9a10cc1
roadmap;dimacs;59/20;20;   1095690;    484726;412533;1189;4904263;458426;23;1842;1.08526;422410;0;0;sBELA*;? Unchecked;v1.6.0-140-g9a10cc1
roadmap;dimacs;60/20;20;    949870;    966567;123708;431;1397194;88868;13;1842;0.203784;436090;0;0;sBELA*;? Unchecked;v1.6.0-140-g9a10cc1
roadmap;dimacs;61/20;20;    682839;    783539;216164;922;2855024;243943;22;1842;0.538598;452922;0;0;sBELA*;? Unchecked;v1.6.0-140-g9a10cc1
roadmap;dimacs;62/20;20;   1002602;    269552;551874;1355;6618446;1155698;31;1842;2.41363;478822;0;0;sBELA*;? Unchecked;v1.6.0-140-g9a10cc1
roadmap;dimacs;63/20;20;    599356;    815289;489248;1611;6407538;684528;15;1842;1.45799;469500;0;0;sBELA*;? Unchecked;v1.6.0-140-g9a10cc1
roadmap;dimacs;64/20;20;    609510;    868976;167634;617;2015480;312446;52;1842;0.618274;505352;0;0;sBELA*;? Unchecked;v1.6.0-140-g9a10cc1
roadmap;dimacs;65/20;20;   1056417;   1197904;522327;1477;6133993;778534;23;1842;1.77208;439332;0;0;sBELA*;? Unchecked;v1.6.0-140-g9a10cc1
roadmap;dimacs;66/20;20;    483230;    807734;179356;901;2618429;316267;20;1842;0.681863;463828;0;0;sBELA*;? Unchecked;v1.6.0-140-g9a10cc1
roadmap;dimacs;67/20;20;    521120;    311174;538082;1152;6961205;1075293;43;1842;2.27996;471627;0;0;sBELA*;? Unchecked;v1.6.0-140-g9a10cc1
roadmap;dimacs;68/20;20;    181514;     70872;494839;1025;5810775;953603;22;1842;2.00682;475181;0;0;sBELA*;? Unchecked;v1.6.0-140-g9a10cc1
roadmap;dimacs;69/20;20;    831298;    692941;268541;1599;5456517;576389;20;1842;1.29135;446346;0;0;sBELA*;? Unchecked;v1.6.0-140-g9a10cc1
roadmap;dimacs;70/20;20;    576531;    928353;288630;842;3354545;478746;23;1842;1.01873;469943;0;0;sBELA*;? Unchecked;v1.6.0-140-g9a10cc1
roadmap;dimacs;71/20;20;    890413;    335170;628149;1594;7709209;1159653;12;1842;2.33468;496708;0;0;sBELA*;? Unchecked;v1.6.0-140-g9a10cc1
roadmap;dimacs;72/20;20;    505669;    752733;347823;1123;4318683;612833;27;1842;1.4266;429576;0;0;sBELA*;? Unchecked;v1.6.0-140-g9a10cc1
roadmap;dimacs;73/20;20;   1190825;   1005135;134067;584;1512722;186511;21;1842;0.389426;478938;0;0;sBELA*;? Unchecked;v1.6.0-140-g9a10cc1
roadmap;dimacs;74/20;20;   1011910;    329023;720790;2155;8406470;1103720;6;1842;2.50728;440207;0;0;sBELA*;? Unchecked;v1.6.0-140-g9a10cc1
roadmap;dimacs;75/20;20;    893394;    520208;470591;1280;5965923;934243;24;1842;1.92393;485592;0;0;sBELA*;? Unchecked;v1.6.0-140-g9a10cc1
roadmap;dimacs;76/20;20;    932724;    182285;404031;1323;4926963;773920;12;1842;1.6977;455863;0;0;sBELA*;? Unchecked;v1.6.0-140-g9a10cc1
roadmap;dimacs;77/20;20;     95486;    223534;735147;2453;8973915;1116803;7;1842;2.56023;436211;0;0;sBELA*;? Unchecked;v1.6.0-140-g9a10cc1
roadmap;dimacs;78/20;20;   1029767;     91221;388766;940;4640937;942110;38;1842;2.05514;458417;0;0;sBELA*;? Unchecked;v1.6.0-140-g9a10cc1
roadmap;dimacs;79/20;20;     67100;    510326;268257;752;3413825;235600;24;1842;0.526663;447345;0;0;sBELA*;? Unchecked;v1.6.0-140-g9a10cc1
roadmap;dimacs;80/20;20;    846164;    646741;453862;1668;6083759;864740;39;1842;1.83863;470318;0;0;sBELA*;? Unchecked;v1.6.0-140-g9a10cc1
roadmap;dimacs;81/20;20;   1087215;    947306;482917;1226;5825200;806617;8;1842;1.77797;453673;0;0;sBELA*;? Unchecked;v1.6.0-140-g9a10cc1
roadmap;dimacs;82/20;20;    619348;    369016;193912;807;2058200;308555;20;1842;0.699869;440876;0;0;sBELA*;? Unchecked;v1.6.0-140-g9a10cc1
roadmap;dimacs;83/20;20;   1041136;    582354;145911;532;1892729;117793;12;1842;0.247126;476651;0;0;sBELA*;? Unchecked;v1.6.0-140-g9a10cc1
roadmap;dimacs;84/20;20;   1023095;    975421;185525;637;2086152;138033;12;1842;0.383042;360360;0;0;sBELA*;? Unchecked;v1.6.0-140-g9a10cc1
roadmap;dimacs;85/20;20;   1057515;    241893;271597;871;4037113;267556;25;1842;0.62647;427085;0;0;sBELA*;? Unchecked;v1.6.0-140-g9a10cc1
roadmap;dimacs;86/20;20;    467176;    425228;480846;1333;5780869;1013177;1;1842;2.0865;485588;0;0;sBELA*;? Unchecked;v1.6.0-140-g9a10cc1
roadmap;dimacs;87/20;20;    129108;     84480;580589;1079;6972361;1157579;23;1842;2.37881;486622;0;0;sBELA*;? Unchecked;v1.6.0-140-g9a10cc1
roadmap;dimacs;88/20;20;    968130;     31496;86422;390;1086404;61063;27;1842;0.149278;409056;0;0;sBELA*;? Unchecked;v1.6.0-140-g9a10cc1
roadmap;dimacs;89/20;20;   1077408;    807029;436814;1597;5353695;476995;15;1842;1.10436;431920;0;0;sBELA*;? Unchecked;v1.6.0-140-g9a10cc1
roadmap;dimacs;90/20;20;   1093559;    364731;173511;666;2080020;107893;268;1842;0.323752;333258;0;0;sBELA*;? Unchecked;v1.6.0-140-g9a10cc1
roadmap;dimacs;91/20;20;    201585;    558881;178496;460;2351385;273915;32;1842;0.682751;401193;0;0;sBELA*;? Unchecked;v1.6.0-140-g9a10cc1
roadmap;dimacs;92/20;20;    713598;    144731;251834;830;3426908;552908;5;1843;1.12017;493594;0;0;sBELA*;? Unchecked;v1.6.0-140-g9a10cc1
roadmap;dimacs;93/20;20;     74935;   1046029;301814;587;3399441;274168;53;1843;0.611126;448628;0;0;sBELA*;? Unchecked;v1.6.0-140-g9a10cc1
roadmap;dimacs;94/20;20;    643572;   1117036;350301;1074;4528600;613404;6;1843;1.37263;446881;0;0;sBELA*;? Unchecked;v1.6.0-140-g9a10cc1
roadmap;dimacs;95/20;20;     53022;   1008418;530350;1695;6633238;872637;18;1843;1.88029;464096;0;0;sBELA*;? Unchecked;v1.6.0-140-g9a10cc1
roadmap;dimacs;96/20;20;   1003495;    202919;316576;876;3859541;439723;24;1843;0.942013;466791;0;0;sBELA*;? Unchecked;v1.6.0-140-g9a10cc1
roadmap;dimacs;97/20;20;     39282;   1102138;751539;2466;8938149;1070246;7;1843;2.53628;421974;0;0;sBELA*;? Unchecked;v1.6.0-140-g9a10cc1
roadmap;dimacs;98/20;20;    105999;    190640;320715;1027;3968637;329369;29;1843;0.719202;457965;0;0;sBELA*;? Unchecked;v1.6.0-140-g9a10cc1
roadmap;dimacs;99/20;20;    246000;   1072283;347411;1029;4511652;657688;21;1843;1.50317;437535;0;0;sBELA*;? Unchecked;v1.6.0-140-g9a10cc1
roadmap;dimacs;0/30;30;   1184114;    193764;365827;1165;4668827;781996;15;1843;1.68373;464442;0;0;sBELA*;? Unchecked;v1.6.0-140-g9a10cc1
roadmap;dimacs;1/30;30;    457060;   1134187;306698;827;3674363;707085;41;1843;1.43893;491398;0;0;sBELA*;? Unchecked;v1.6.0-140-g9a10cc1
roadmap;dimacs;2/30;30;    648367;    958789;129341;527;1578199;64290;43;1843;0.168527;381482;0;0;sBELA*;? Unchecked;v1.6.0-140-g9a10cc1
roadmap;dimacs;3/30;30;    485078;    567556;537678;1408;6183328;964311;11;1843;2.01928;477553;0;0;sBELA*;? Unchecked;v1.6.0-140-g9a10cc1
roadmap;dimacs;4/30;30;   1175334;   1035537;284229;750;3674178;251064;97;1843;0.579772;433039;0;0;sBELA*;? Unchecked;v1.6.0-140-g9a10cc1
roadmap;dimacs;5/30;30;    626886;    437084;155658;796;1776781;259063;30;1843;0.53347;485618;0;0;sBELA*;? Unchecked;v1.6.0-140-g9a10cc1
roadmap;dimacs;6/30;30;    635719;    734204;195593;966;2314553;425347;24;1843;0.93222;456273;0;0;sBELA*;? Unchecked;v1.6.0-140-g9a10cc1
roadmap;dimacs;7/30;30;    316104;    997118;457827;1631;5531000;648229;12;1843;1.42163;455975;0;0;sBELA*;? Unchecked;v1.6.0-140-g9a10cc1
roadmap;dimacs;8/30;30;     47649;    976084;558601;1290;6555196;523363;21;1843;1.23314;424415;0;0;sBELA*;? Unchecked;v1.6.0-140-g9a10cc1
roadmap;dimacs;9/30;30;    915484;   1137906;165806;637;2220016;230055;19;1843;0.545198;421966;0;0;sBELA*;? Unchecked;v1.6.0-140-g9a10cc1
roadmap;dimacs;10/30;30;     72419;    669854;530352;1511;6188696;797908;18;1843;1.7515;455557;0;0;sBELA*;? Unchecked;v1.6.0-140-g9a10cc1
roadmap;dimacs;11/30;30;   1121375;    296229;257314;939;2972637;408661;40;1843;0.901939;453091;0;0;sBELA*;? Unchecked;v1.6.0-140-g9a10cc1
roadmap;dimacs;12/30;30;    873937;   1184806;135547;899;1799028;264005;4;1843;0.501781;526136;0;0;sBELA*;? Unchecked;v1.6.0-140-g9a10cc1
roadmap;dimacs;13/30;30;    193531;    355264;127820;254;1753751;92944;34;1843;0.21573;430835;0;0;sBELA*;? Unchecked;v1.6.0-140-g9a10cc1
roadmap;dimacs;14/30;30;    147031;    633056;115065;544;2055932;251215;19;1843;0.593421;423333;0;0;sBELA*;? Unchecked;v1.6.0-140-g9a10cc1
roadmap;dimacs;15/30;30;    362446;    482465;186548;713;2280421;309625;30;1843;0.682393;453734;0;0;sBELA*;? Unchecked;v1.6.0-140-g9a10cc1
roadmap;dimacs;16/30;30;    770308;    417500;737243;1739;8930041;1203466;22;1843;2.65083;453995;0;0;sBELA*;? Unchecked;v1.6.0-140-g9a10cc1
roadmap;dimacs;17/30;30;    908330;    720411;129050;292;1792176;190210;95;1843;0.417921;455134;0;0;sBELA*;? Unchecked;v1.6.0-140-g9a10cc1
roadmap;dimacs;18/30;30;   1038933;    130295;221765;842;3271388;565479;23;1843;1.17777;480128;0;0;sBELA*;? Unchecked;v1.6.0-140-g9a10cc1
roadmap;dimacs;19/30;30;    652846;    858648;268696;623;3457943;372044;41;1843;0.83084;447792;0;0;sBELA*;? Unchecked;v1.6.0-140-g9a10cc1
roadmap;dimacs;20/30;30;    676969;    283827;563880;2078;6738986;956047;26;1843;1.97906;483082;0;0;sBELA*;? Unchecked;v1.6.0-140-g9a10cc1
roadmap;dimacs;21/30;30;    910826;    680529;199319;775;2574840;417173;74;1843;0.923549;451706;0;0;sBELA*;? Unchecked;v1.6.0-140-g9a10cc1
roadmap;dimacs;22/30;30;    515058;    865076;359432;1221;4602744;709699;48;1843;1.62202;437540;0;0;sBELA*;? Unchecked;v1.6.0-140-g9a10cc1
roadmap;dimacs;23/30;30;    348482;    108720;485606;1430;5713087;815538;21;1843;1.78712;456342;0;0;sBELA*;? Unchecked;v1.6.0-140-g9a10cc1
roadmap;dimacs;24/30;30;   1204965;    881288;191225;704;2391573;217883;32;1843;0.532995;408790;0;0;sBELA*;? Unchecked;v1.6.0-140-g9a10cc1
roadmap;dimacs;25/30;30;    907042;    523545;158819;509;2345223;416578;85;1843;0.915269;455143;0;0;sBELA*;? Unchecked;v1.6.0-140-g9a10cc1
roadmap;dimacs;26/30;30;    752817;    293040;341704;1045;4298137;692914;37;1843;1.50458;460536;0;0;sBELA*;? Unchecked;v1.6.0-140-g9a10cc1
roadmap;dimacs;27/30;30;    491779;    520998;507666;1493;6001013;946381;8;1843;1.9794;478116;0;0;sBELA*;? Unchecked;v1.6.0-140-g9a10cc1
roadmap;dimacs;28/30;30;   1009615;   1162067;145474;790;1606058;109127;31;1843;0.27754;393194;0;0;sBELA*;? Unchecked;v1.6.0-140-g9a10cc1
roadmap;dimacs;29/30;30;    701030;   1127091;405109;1088;4938830;776711;40;1843;1.70613;455247;0;0;sBELA*;? Unchecked;v1.6.0-140-g9a10cc1
roadmap;dimacs;30/30;30;    472756;    557148;52516;334;573163;102022;29;1843;0.213211;478503;0;0;sBELA*;? Unchecked;v1.6.0-140-g9a10cc1
roadmap;dimacs;31/30;30;    155407;    436004;101676;423;1196171;142850;23;1843;0.31953;447064;0;0;sBELA*;? Unchecked;v1.6.0-140-g9a10cc1
roadmap;dimacs;32/30;30;    456711;    311070;380520;1191;4546937;861237;26;1843;1.88243;457514;0;0;sBELA*;? Unchecked;v1.6.0-140-g9a10cc1
roadmap;dimacs;33/30;30;    442126;    981906;201739;973;2240142;324698;30;1843;0.71657;453128;0;0;sBELA*;? Unchecked;v1.6.0-140-g9a10cc1
roadmap;dimacs;34/30;30;    245025;    364323;287766;890;3395696;261219;13;1843;0.587769;444424;0;0;sBELA*;? Unchecked;v1.6.0-140-g9a10cc1
roadmap;dimacs;35/30;30;      5294;    359682;497906;1059;5856890;377327;146;1843;0.981304;384516;0;0;sBELA*;? Unchecked;v1.6.0-140-g9a10cc1
roadmap;dimacs;36/30;30;    971272;    420382;454529;1019;5523142;544478;82;1843;1.31049;415478;0;0;sBELA*;? Unchecked;v1.6.0-140-g9a10cc1
roadmap;dimacs;37/30;30;   1085133;    900426;525527;1649;6548919;1146790;10;1843;2.38042;481760;0;0;sBELA*;? Unchecked;v1.6.0-140-g9a10cc1
roadmap;dimacs;38/30;30;    428123;    175918;164463;509;2186959;315867;31;1843;0.691041;457089;0;0;sBELA*;? Unchecked;v1.6.0-140-g9a10cc1
roadmap;dimacs;39/30;30;    371133;    254310;338822;827;4059127;503134;39;1843;1.12658;446603;0;0;sBELA*;? Unchecked;v1.6.0-140-g9a10cc1
roadmap;dimacs;40/30;30;    145885;    494504;351426;939;4004102;653330;15;1843;1.41043;463212;0;0;sBELA*;? Unchecked;v1.6.0-140-g9a10cc1
roadmap;dimacs;41/30;30;   1033980;   1115849;253936;954;3386454;571084;20;1843;1.21327;470698;0;0;sBELA*;? Unchecked;v1.6.0-140-g9a10cc1
roadmap;dimacs;42/30;30;    678373;    779275;238222;985;2863774;401428;108;1843;0.866318;463372;0;0;sBELA*;? Unchecked;v1.6.0-140-g9a10cc1
roadmap;dimacs;43/30;30;   1204962;    531023;234648;819;2886926;460393;13;1843;0.991342;464414;0;0;sBELA*;? Unchecked;v1.6.0-140-g9a10cc1
roadmap;dimacs;44/30;30;   1004218;    821966;177842;1281;3036159;238414;11;1843;0.536698;444224;0;0;sBELA*;? Unchecked;v1.6.0-140-g9a10cc1
roadmap;dimacs;45/30;30;    675354;    512610;558235;1635;7038280;954388;28;1843;1.96784;484993;0;0;sBELA*;? Unchecked;v1.6.0-140-g9a10cc1
roadmap;dimacs;46/30;30;     86859;    596027;873518;2720;11007494;1200211;15;1843;2.71544;441995;0;0;sBELA*;? Unchecked;v1.6.0-140-g9a10cc1
roadmap;dimacs;47/30;30;    681418;    478587;221147;1146;2669649;464159;29;1843;0.971118;477963;0;0;sBELA*;? Unchecked;v1.6.0-140-g9a10cc1
roadmap;dimacs;48/30;30;    760397;    372153;402374;1933;4697494;721987;28;1843;1.64193;439719;0;0;sBELA*;? Unchecked;v1.6.0-140-g9a10cc1
roadmap;dimacs;49/30;30;     93813;    542722;495968;1385;5909774;606709;30;1843;1.40448;431982;0;0;sBELA*;? Unchecked;v1.6.0-140-g9a10cc1
roadmap;dimacs;50/30;30;    447380;    364700;339858;956;4094417;552306;13;1843;1.26566;436379;0;0;sBELA*;? Unchecked;v1.6.0-140-g9a10cc1
roadmap;dimacs;51/30;30;    247986;    234915;335229;565;4052966;211453;57;1843;0.516102;409712;0;0;sBELA*;? Unchecked;v1.6.0-140-g9a10cc1
roadmap;dimacs;52/30;30;    980356;    494879;326387;623;3778763;227817;79;1843;0.521773;436621;0;0;sBELA*;? Unchecked;v1.6.0-140-g9a10cc1
roadmap;dimacs;53/30;30;    892807;    798084;85109;235;1211211;193921;175;1844;0.407473;475912;0;0;sBELA*;? Unchecked;v1.6.0-140-g9a10cc1
roadmap;dimacs;54/30;30;    720503;   1090045;559074;2101;6796543;1095485;26;1844;2.32993;470178;0;0;sBELA*;? Unchecked;v1.6.0-140-g9a10cc1
roadmap;dimacs;55/30;30;    489387;   1078166;236291;898;3124109;390620;24;1844;0.845438;462033;0;0;sBELA*;? Unchecked;v1.6.0-140-g9a10cc1
roadmap;dimacs;56/30;30;     32771;     17233;493614;1470;6115643;565498;33;1844;1.31167;431130;0;0;sBELA*;? Unchecked;v1.6.0-140-g9a10cc1
roadmap;dimacs;57/30;30;    746419;    325594;489132;1482;5966161;973745;21;1844;2.0081;484908;0;0;sBELA*;? Unchecked;v1.6.0-140-g9a10cc1
roadmap;dimacs;58/30;30;    884332;    577380;242278;572;2950182;494488;29;1844;1.02802;481010;0;0;sBELA*;? Unchecked;v1.6.0-140-g9a10cc1
roadmap;dimacs;59/30;30;   1095690;    484726;412533;1189;4904271;458426;35;1844;1.07485;426501;0;0;sBELA*;? Unchecked;v1.6.0-140-g9a10cc1
roadmap;dimacs;60/30;30;    949870;    966567;123708;426;1397197;88868;18;1844;0.204908;433697;0;0;sBELA*;? Unchecked;v1.6.0-140-g9a10cc1
roadmap;dimacs;61/30;30;    682839;    783539;216164;923;2855037;243945;34;1844;0.546353;446497;0;0;sBELA*;? Unchecked;v1.6.0-140-g9a10cc1
roadmap;dimacs;62/30;30;   1002602;    269552;551874;1353;6618459;1155698;50;1844;2.42709;476166;0;0;sBELA*;? Unchecked;v1.6.0-140-g9a10cc1
roadmap;dimacs;63/30;30;    599356;    815289;489248;1608;6407547;684528;21;1844;1.47029;465575;0;0;sBELA*;? Unchecked;v1.6.0-140-g9a10cc1
roadmap;dimacs;64/30;30;    609510;    868976;167634;618;2015497;312448;71;1844;0.631226;494986;0;0;sBELA*;? Unchecked;v1.6.0-140-g9a10cc1
roadmap;dimacs;65/30;30;   1056417;   1197904;522327;1473;6134005;778537;31;1844;1.80586;431118;0;0;sBELA*;? Unchecked;v1.6.0-140-g9a10cc1
roadmap;dimacs;66/30;30;    483230;    807734;179356;898;2618437;316269;30;1844;0.696048;454378;0;0;sBELA*;? Unchecked;v1.6.0-140-g9a10cc1
roadmap;dimacs;67/30;30;    521120;    311174;538082;1152;6961222;1075295;65;1844;2.29831;467863;0;0;sBELA*;? Unchecked;v1.6.0-140-g9a10cc1
roadmap;dimacs;68/30;30;    181514;     70872;494839;1023;5810787;953607;32;1844;2.02201;471612;0;0;sBELA*;? Unchecked;v1.6.0-140-g9a10cc1
roadmap;dimacs;69/30;30;    831298;    692941;268541;1600;5456521;576390;27;1844;1.33498;431759;0;0;sBELA*;? Unchecked;v1.6.0-140-g9a10cc1
roadmap;dimacs;70/30;30;    576531;    928353;288630;844;3354551;478752;29;1844;1.03678;461767;0;0;sBELA*;? Unchecked;v1.6.0-140-g9a10cc1
roadmap;dimacs;71/30;30;    890413;    335170;628149;1595;7709213;1159654;16;1844;2.35014;493441;0;0;sBELA*;? Unchecked;v1.6.0-140-g9a10cc1
roadmap;dimacs;72/30;30;    505669;    752733;347823;1120;4318700;612836;45;1844;1.43782;426227;0;0;sBELA*;? Unchecked;v1.6.0-140-g9a10cc1
roadmap;dimacs;73/30;30;   1190825;   1005135;134067;582;1512733;186512;32;1844;0.403179;462603;0;0;sBELA*;? Unchecked;v1.6.0-140-g9a10cc1
roadmap;dimacs;74/30;30;   1011910;    329023;720790;2154;8406475;1103720;10;1844;2.5691;429613;0;0;sBELA*;? Unchecked;v1.6.0-140-g9a10cc1
roadmap;dimacs;75/30;30;    893394;    520208;470591;1279;5965928;934244;33;1844;1.94293;480842;0;0;sBELA*;? Unchecked;v1.6.0-140-g9a10cc1
roadmap;dimacs;76/30;30;    932724;    182285;404031;1321;4926977;773928;17;1844;1.69693;456077;0;0;sBELA*;? Unchecked;v1.6.0-140-g9a10cc1
roadmap;dimacs;77/30;30;     95486;    223534;735147;2456;8973924;1116803;10;1844;2.56727;435015;0;0;sBELA*;? Unchecked;v1.6.0-140-g9a10cc1
roadmap;dimacs;78/30;30;   1029767;     91221;388766;935;4640957;942116;57;1844;2.03292;463431;0;0;sBELA*;? Unchecked;v1.6.0-140-g9a10cc1
roadmap;dimacs;79/30;30;     67100;    510326;268257;750;3413836;235600;34;1844;0.535922;439616;0;0;sBELA*;? Unchecked;v1.6.0-140-g9a10cc1
roadmap;dimacs;80/30;30;    846164;    646741;453862;1669;6083776;864742;68;1844;1.85261;466769;0;0;sBELA*;? Unchecked;v1.6.0-140-g9a10cc1
roadmap;dimacs;81/30;30;   1087215;    947306;482917;1225;5825241;806623;16;1844;1.78451;452013;0;0;sBELA*;? Unchecked;v1.6.0-140-g9a10cc1
roadmap;dimacs;82/30;30;    619348;    369016;193912;806;2058210;308557;29;1844;0.706744;436589;0;0;sBELA*;? Unchecked;v1.6.0-140-g9a10cc1
roadmap;dimacs;83/30;30;   1041136;    582354;145911;533;1892757;117795;21;1844;0.264502;445346;0;0;sBELA*;? Unchecked;v1.6.0-140-g9a10cc1
roadmap;dimacs;84/30;30;   1023095;    975421;185525;639;2086160;138033;17;1844;0.38921;354649;0;0;sBELA*;? Unchecked;v1.6.0-140-g9a10cc1
roadmap;dimacs;85/30;30;   1057515;    241893;271597;872;4037123;267556;36;1844;0.624121;428693;0;0;sBELA*;? Unchecked;v1.6.0-140-g9a10cc1
roadmap;dimacs;86/30;30;    467176;    425228;480846;1333;5780870;1013177;2;1844;2.10744;480761;0;0;sBELA*;? Unchecked;v1.6.0-140-g9a10cc1
roadmap;dimacs;87/30;30;    129108;     84480;580589;1078;6972378;1157579;33;1844;2.38559;485238;0;0;sBELA*;? Unchecked;v1.6.0-140-g9a10cc1
roadmap;dimacs;88/30;30;    968130;     31496;86422;390;1086485;61073;46;1844;0.155187;393544;0;0;sBELA*;? Unchecked;v1.6.0-140-g9a10cc1
roadmap;dimacs;89/30;30;   1077408;    807029;436814;1593;5353697;476995;22;1844;1.11065;429473;0;0;sBELA*;? Unchecked;v1.6.0-140-g9a10cc1
roadmap;dimacs;90/30;30;   1093559;    364731;173511;667;2080158;107904;485;1844;0.36332;296994;0;0;sBELA*;? Unchecked;v1.6.0-140-g9a10cc1
roadmap;dimacs;91/30;30;    201585;    558881;178496;459;2351437;273934;56;1844;0.657401;416692;0;0;sBELA*;? Unchecked;v1.6.0-140-g9a10cc1
roadmap;dimacs;92/30;30;    713598;    144731;251834;830;3426922;552911;8;1845;1.1227;492485;0;0;sBELA*;? Unchecked;v1.6.0-140-g9a10cc1
roadmap;dimacs;93/30;30;     74935;   1046029;301814;587;3399525;274172;91;1845;0.622314;440568;0;0;sBELA*;? Unchecked;v1.6.0-140-g9a10cc1
roadmap;dimacs;94/30;30;    643572;   1117036;350301;1075;4528607;613405;9;1845;1.36201;450369;0;0;sBELA*;? Unchecked;v1.6.0-140-g9a10cc1
roadmap;dimacs;95/30;30;     53022;   1008418;530350;1692;6633257;872643;32;1845;1.89033;461635;0;0;sBELA*;? Unchecked;v1.6.0-140-g9a10cc1
roadmap;dimacs;96/30;30;   1003495;    202919;316576;878;3859565;439732;40;1845;0.94814;463784;0;0;sBELA*;? Unchecked;v1.6.0-140-g9a10cc1
roadmap;dimacs;97/30;30;     39282;   1102138;751539;2464;8938158;1070246;10;1845;2.55509;418868;0;0;sBELA*;? Unchecked;v1.6.0-140-g9a10cc1
roadmap;dimacs;98/30;30;    105999;    190640;320715;1027;3968648;329371;41;1845;0.736127;447438;0;0;sBELA*;? Unchecked;v1.6.0-140-g9a10cc1
roadmap;dimacs;99/30;30;    246000;   1072283;347411;1027;4511676;657694;38;1845;1.51912;432944;0;0;sBELA*;? Unchecked;v1.6.0-140-g9a10cc1
roadmap;dimacs;0/40;40;   1184114;    193764;365827;1156;4668833;781997;20;1845;1.69165;462269;0;0;sBELA*;? Unchecked;v1.6.0-140-g9a10cc1
roadmap;dimacs;1/40;40;    457060;   1134187;306698;827;3674372;707086;52;1845;1.50584;469563;0;0;sBELA*;? Unchecked;v1.6.0-140-g9a10cc1
roadmap;dimacs;2/40;40;    648367;    958789;129341;530;1578205;64292;57;1845;0.164073;391849;0;0;sBELA*;? Unchecked;v1.6.0-140-g9a10cc1
roadmap;dimacs;3/40;40;    485078;    567556;537678;1409;6183332;964311;13;1845;2.03024;474974;0;0;sBELA*;? Unchecked;v1.6.0-140-g9a10cc1
roadmap;dimacs;4/40;40;   1175334;   1035537;284229;749;3674205;251066;128;1845;0.591335;424575;0;0;sBELA*;? Unchecked;v1.6.0-140-g9a10cc1
roadmap;dimacs;5/40;40;    626886;    437084;155658;798;1776787;259064;38;1845;0.535428;483845;0;0;sBELA*;? Unchecked;v1.6.0-140-g9a10cc1
roadmap;dimacs;6/40;40;    635719;    734204;195593;955;2314560;425349;31;1845;0.941634;451713;0;0;sBELA*;? Unchecked;v1.6.0-140-g9a10cc1
roadmap;dimacs;7/40;40;    316104;    997118;457827;1629;5531004;648230;16;1845;1.43342;452226;0;0;sBELA*;? Unchecked;v1.6.0-140-g9a10cc1
roadmap;dimacs;8/40;40;     47649;    976084;558601;1292;6555208;523365;28;1845;1.25435;417240;0;0;sBELA*;? Unchecked;v1.6.0-140-g9a10cc1
roadmap;dimacs;9/40;40;    915484;   1137906;165806;637;2220023;230058;24;1845;0.523624;439358;0;0;sBELA*;? Unchecked;v1.6.0-140-g9a10cc1
roadmap;dimacs;10/40;40;     72419;    669854;530352;1511;6188698;797908;22;1845;1.77299;450035;0;0;sBELA*;? Unchecked;v1.6.0-140-g9a10cc1
roadmap;dimacs;11/40;40;   1121375;    296229;257314;944;2972668;408668;57;1845;0.898046;455063;0;0;sBELA*;? Unchecked;v1.6.0-140-g9a10cc1
roadmap;dimacs;12/40;40;    873937;   1184806;135547;899;1799038;264005;5;1845;0.504201;523610;0;0;sBELA*;? Unchecked;v1.6.0-140-g9a10cc1
roadmap;dimacs;13/40;40;    193531;    355264;127820;252;1753788;92952;46;1845;0.21817;426053;0;0;sBELA*;? Unchecked;v1.6.0-140-g9a10cc1
roadmap;dimacs;14/40;40;    147031;    633056;115065;544;2055943;251218;26;1845;0.600427;418399;0;0;sBELA*;? Unchecked;v1.6.0-140-g9a10cc1
roadmap;dimacs;15/40;40;    362446;    482465;186548;712;2280432;309626;40;1845;0.688186;449916;0;0;sBELA*;? Unchecked;v1.6.0-140-g9a10cc1
roadmap;dimacs;16/40;40;    770308;    417500;737243;1716;8930042;1203466;28;1845;2.71372;443474;0;0;sBELA*;? Unchecked;v1.6.0-140-g9a10cc1
roadmap;dimacs;17/40;40;    908330;    720411;129050;306;1792267;190236;141;1845;0.421452;451383;0;0;sBELA*;? Unchecked;v1.6.0-140-g9a10cc1
roadmap;dimacs;18/40;40;   1038933;    130295;221765;839;3271404;565483;29;1845;1.19655;472594;0;0;sBELA*;? Unchecked;v1.6.0-140-g9a10cc1
roadmap;dimacs;19/40;40;    652846;    858648;268696;626;3457959;372054;55;1845;0.836395;444831;0;0;sBELA*;? Unchecked;v1.6.0-140-g9a10cc1
roadmap;dimacs;20/40;40;    676969;    283827;563880;2077;6738988;956047;33;1845;2.00164;477633;0;0;sBELA*;? Unchecked;v1.6.0-140-g9a10cc1
roadmap;dimacs;21/40;40;    910826;    680529;199319;781;2574862;417177;98;1845;0.932434;447407;0;0;sBELA*;? Unchecked;v1.6.0-140-g9a10cc1
roadmap;dimacs;22/40;40;    515058;    865076;359432;1220;4602761;709708;65;1845;1.66275;426828;0;0;sBELA*;? Unchecked;v1.6.0-140-g9a10cc1
roadmap;dimacs;23/40;40;    348482;    108720;485606;1429;5713093;815539;29;1845;1.80222;452518;0;0;sBELA*;? Unchecked;v1.6.0-140-g9a10cc1
roadmap;dimacs;24/40;40;   1204965;    881288;191225;685;2391580;217885;44;1845;0.527442;413097;0;0;sBELA*;? Unchecked;v1.6.0-140-g9a10cc1
roadmap;dimacs;25/40;40;    907042;    523545;158819;510;2345260;416596;116;1845;0.920743;452457;0;0;sBELA*;? Unchecked;v1.6.0-140-g9a10cc1
roadmap;dimacs;26/40;40;    752817;    293040;341704;1035;4298160;692918;50;1737;1.53198;452302;0;0;sBELA*;? Unchecked;v1.6.0-140-g9a10cc1
roadmap;dimacs;27/40;40;    491779;    520998;507666;1496;6001039;946387;11;1827;2.04992;461671;0;0;sBELA*;? Unchecked;v1.6.0-140-g9a10cc1
roadmap;dimacs;28/40;40;   1009615;   1162067;145474;790;1606075;109130;42;1827;0.25917;421075;0;0;sBELA*;? Unchecked;v1.6.0-140-g9a10cc1
roadmap;dimacs;29/40;40;    701030;   1127091;405109;1088;4938837;776713;49;1737;1.73565;447506;0;0;sBELA*;? Unchecked;v1.6.0-140-g9a10cc1
roadmap;dimacs;30/40;40;    472756;    557148;52516;333;573182;102024;43;1737;0.232127;439518;0;0;sBELA*;? Unchecked;v1.6.0-140-g9a10cc1
roadmap;dimacs;31/40;40;    155407;    436004;101676;423;1196175;142851;32;1737;0.336286;424790;0;0;sBELA*;? Unchecked;v1.6.0-140-g9a10cc1
roadmap;dimacs;32/40;40;    456711;    311070;380520;1190;4546953;861241;34;1737;1.91483;449775;0;0;sBELA*;? Unchecked;v1.6.0-140-g9a10cc1
roadmap;dimacs;33/40;40;    442126;    981906;201739;971;2240149;324699;40;1737;0.751588;432017;0;0;sBELA*;? Unchecked;v1.6.0-140-g9a10cc1
roadmap;dimacs;34/40;40;    245025;    364323;287766;889;3395698;261219;18;1827;0.615759;424223;0;0;sBELA*;? Unchecked;v1.6.0-140-g9a10cc1
roadmap;dimacs;35/40;40;      5294;    359682;497906;1056;5856918;377332;193;1827;1.03612;364178;0;0;sBELA*;? Unchecked;v1.6.0-140-g9a10cc1
roadmap;dimacs;36/40;40;    971272;    420382;454529;1019;5523171;544482;120;1827;1.28563;423514;0;0;sBELA*;? Unchecked;v1.6.0-140-g9a10cc1
roadmap;dimacs;37/40;40;   1085133;    900426;525527;1650;6548923;1146790;12;1827;2.39536;478754;0;0;sBELA*;? Unchecked;v1.6.0-140-g9a10cc1
roadmap;dimacs;38/40;40;    428123;    175918;164463;509;2186980;315873;42;1737;0.711876;443719;0;0;sBELA*;? Unchecked;v1.6.0-140-g9a10cc1
roadmap;dimacs;39/40;40;    371133;    254310;338822;826;4059136;503134;49;1827;1.13869;441854;0;0;sBELA*;? Unchecked;v1.6.0-140-g9a10cc1
roadmap;dimacs;40/40;40;    145885;    494504;351426;941;4004113;653333;20;1827;1.41758;460881;0;0;sBELA*;? Unchecked;v1.6.0-140-g9a10cc1
roadmap;dimacs;41/40;40;   1033980;   1115849;253936;955;3386461;571086;27;1827;1.20092;475540;0;0;sBELA*;? Unchecked;v1.6.0-140-g9a10cc1
roadmap;dimacs;42/40;40;    678373;    779275;238222;982;2863808;401438;160;1827;0.878256;457085;0;0;sBELA*;? Unchecked;v1.6.0-140-g9a10cc1
roadmap;dimacs;43/40;40;   1204962;    531023;234648;817;2886934;460395;16;1827;0.992396;463923;0;0;sBELA*;? Unchecked;v1.6.0-140-g9a10cc1
roadmap;dimacs;44/40;40;   1004218;    821966;177842;1279;3036161;238415;14;1827;0.539102;442245;0;0;sBELA*;? Unchecked;v1.6.0-140-g9a10cc1
roadmap;dimacs;45/40;40;    675354;    512610;558235;1634;7038284;954388;35;1827;1.98304;481276;0;0;sBELA*;? Unchecked;v1.6.0-140-g9a10cc1
roadmap;dimacs;46/40;40;     86859;    596027;873518;2686;11007502;1200211;23;1827;2.75658;435399;0;0;sBELA*;? Unchecked;v1.6.0-140-g9a10cc1
roadmap;dimacs;47/40;40;    681418;    478587;221147;1149;2669654;464159;39;1831;0.98461;471414;0;0;sBELA*;? Unchecked;v1.6.0-140-g9a10cc1
roadmap;dimacs;48/40;40;    760397;    372153;402374;1933;4697497;721988;35;1740;1.66043;434819;0;0;sBELA*;? Unchecked;v1.6.0-140-g9a10cc1
roadmap;dimacs;49/40;40;     93813;    542722;495968;1384;5909780;606712;40;1830;1.43638;422389;0;0;sBELA*;? Unchecked;v1.6.0-140-g9a10cc1
roadmap;dimacs;50/40;40;    447380;    364700;339858;955;4094419;552308;18;1830;1.28396;430160;0;0;sBELA*;? Unchecked;v1.6.0-140-g9a10cc1
roadmap;dimacs;51/40;40;    247986;    234915;335229;564;4053010;211456;84;1830;0.564157;374817;0;0;sBELA*;? Unchecked;v1.6.0-140-g9a10cc1
roadmap;dimacs;52/40;40;    980356;    494879;326387;621;3778809;227824;115;1830;0.528543;431041;0;0;sBELA*;? Unchecked;v1.6.0-140-g9a10cc1
roadmap;dimacs;53/40;40;    892807;    798084;85109;237;1211314;193938;265;1740;0.42396;457444;0;0;sBELA*;? Unchecked;v1.6.0-140-g9a10cc1
roadmap;dimacs;54/40;40;    720503;   1090045;559074;2104;6796548;1095486;32;1830;2.29753;476809;0;0;sBELA*;? Unchecked;v1.6.0-140-g9a10cc1
roadmap;dimacs;55/40;40;    489387;   1078166;236291;897;3124116;390621;32;1830;0.849425;459865;0;0;sBELA*;? Unchecked;v1.6.0-140-g9a10cc1
roadmap;dimacs;56/40;40;     32771;     17233;493614;1471;6115657;565502;42;1830;1.32385;427166;0;0;sBELA*;? Unchecked;v1.6.0-140-g9a10cc1
roadmap;dimacs;57/40;40;    746419;    325594;489132;1479;5966168;973745;28;1740;2.0619;472256;0;0;sBELA*;? Unchecked;v1.6.0-140-g9a10cc1
roadmap;dimacs;58/40;40;    884332;    577380;242278;575;2950193;494490;38;1740;1.03507;477738;0;0;sBELA*;? Unchecked;v1.6.0-140-g9a10cc1
roadmap;dimacs;59/40;40;   1095690;    484726;412533;1190;4904277;458426;45;1830;1.10753;413916;0;0;sBELA*;? Unchecked;v1.6.0-140-g9a10cc1
roadmap;dimacs;60/40;40;    949870;    966567;123708;429;1397213;88871;27;1830;0.218761;406247;0;0;sBELA*;? Unchecked;v1.6.0-140-g9a10cc1
roadmap;dimacs;61/40;40;    682839;    783539;216164;922;2855051;243947;48;1830;0.552;441933;0;0;sBELA*;? Unchecked;v1.6.0-140-g9a10cc1
roadmap;dimacs;62/40;40;   1002602;    269552;551874;1355;6618472;1155699;72;1830;2.43353;474907;0;0;sBELA*;? Unchecked;v1.6.0-140-g9a10cc1
roadmap;dimacs;63/40;40;    599356;    815289;489248;1577;6407550;684528;28;1830;1.47863;462947;0;0;sBELA*;? Unchecked;v1.6.0-140-g9a10cc1
roadmap;dimacs;64/40;40;    609510;    868976;167634;616;2015506;312451;82;1740;0.658453;474523;0;0;sBELA*;? Unchecked;v1.6.0-140-g9a10cc1
roadmap;dimacs;65/40;40;   1056417;   1197904;522327;1477;6134011;778540;41;1830;1.78545;436048;0;0;sBELA*;? Unchecked;v1.6.0-140-g9a10cc1
roadmap;dimacs;66/40;40;    483230;    807734;179356;900;2618443;316269;40;1830;0.695597;454673;0;0;sBELA*;? Unchecked;v1.6.0-140-g9a10cc1
roadmap;dimacs;67/40;40;    521120;    311174;538082;1154;6961237;1075299;86;1830;2.30165;467187;0;0;sBELA*;? Unchecked;v1.6.0-140-g9a10cc1
roadmap;dimacs;68/40;40;    181514;     70872;494839;1025;5810803;953612;44;1830;2.07052;460566;0;0;sBELA*;? Unchecked;v1.6.0-140-g9a10cc1
roadmap;dimacs;69/40;40;    831298;    692941;268541;1598;5456526;576392;36;1830;1.30576;441424;0;0;sBELA*;? Unchecked;v1.6.0-140-g9a10cc1
roadmap;dimacs;70/40;40;    576531;    928353;288630;841;3354571;478769;36;1830;1.02944;465075;0;0;sBELA*;? Unchecked;v1.6.0-140-g9a10cc1
roadmap;dimacs;71/40;40;    890413;    335170;628149;1597;7709217;1159654;21;1830;2.34576;494362;0;0;sBELA*;? Unchecked;v1.6.0-140-g9a10cc1
roadmap;dimacs;72/40;40;    505669;    752733;347823;1123;4318705;612838;57;1830;1.44536;424004;0;0;sBELA*;? Unchecked;v1.6.0-140-g9a10cc1
roadmap;dimacs;73/40;40;   1190825;   1005135;134067;584;1512766;186519;44;1740;0.415543;448856;0;0;sBELA*;? Unchecked;v1.6.0-140-g9a10cc1
roadmap;dimacs;74/40;40;   1011910;    329023;720790;2155;8406500;1103723;12;1830;2.56161;430871;0;0;sBELA*;? Unchecked;v1.6.0-140-g9a10cc1
roadmap;dimacs;75/40;40;    893394;    520208;470591;1280;5965941;934246;38;1830;1.94173;481140;0;0;sBELA*;? Unchecked;v1.6.0-140-g9a10cc1
roadmap;dimacs;76/40;40;    932724;    182285;404031;1323;4926981;773931;21;1740;1.71992;449981;0;0;sBELA*;? Unchecked;v1.6.0-140-g9a10cc1
roadmap;dimacs;77/40;40;     95486;    223534;735147;2454;8973928;1116803;13;1830;2.64034;422977;0;0;sBELA*;? Unchecked;v1.6.0-140-g9a10cc1
roadmap;dimacs;78/40;40;   1029767;     91221;388766;936;4640974;942120;72;1830;2.05415;458643;0;0;sBELA*;? Unchecked;v1.6.0-140-g9a10cc1
roadmap;dimacs;79/40;40;     67100;    510326;268257;754;3413841;235600;42;1830;0.53548;439979;0;0;sBELA*;? Unchecked;v1.6.0-140-g9a10cc1
roadmap;dimacs;80/40;40;    846164;    646741;453862;1668;6083785;864743;87;1830;1.86829;462853;0;0;sBELA*;? Unchecked;v1.6.0-140-g9a10cc1
roadmap;dimacs;81/40;40;   1087215;    947306;482917;1226;5825246;806625;22;1830;1.84077;438199;0;0;sBELA*;? Unchecked;v1.6.0-140-g9a10cc1
roadmap;dimacs;82/40;40;    619348;    369016;193912;808;2058216;308558;38;1740;0.749413;411733;0;0;sBELA*;? Unchecked;v1.6.0-140-g9a10cc1
roadmap;dimacs;83/40;40;   1041136;    582354;145911;539;1892772;117795;26;1788;0.277015;425230;0;0;sBELA*;? Unchecked;v1.6.0-140-g9a10cc1
roadmap;dimacs;84/40;40;   1023095;    975421;185525;638;2086173;138034;22;1816;0.391365;352699;0;0;sBELA*;? Unchecked;v1.6.0-140-g9a10cc1
roadmap;dimacs;85/40;40;   1057515;    241893;271597;874;4037131;267558;45;1830;0.641498;417083;0;0;sBELA*;? Unchecked;v1.6.0-140-g9a10cc1
roadmap;dimacs;86/40;40;    467176;    425228;480846;1333;5780870;1013177;2;1740;2.11216;479688;0;0;sBELA*;? Unchecked;v1.6.0-140-g9a10cc1
roadmap;dimacs;87/40;40;    129108;     84480;580589;1082;6972389;1157579;44;1830;2.41677;478977;0;0;sBELA*;? Unchecked;v1.6.0-140-g9a10cc1
roadmap;dimacs;88/40;40;    968130;     31496;86422;392;1086618;61084;108;1830;0.173763;351537;0;0;sBELA*;? Unchecked;v1.6.0-140-g9a10cc1
roadmap;dimacs;89/40;40;   1077408;    807029;436814;1590;5353700;476995;32;1830;1.12515;423940;0;0;sBELA*;? Unchecked;v1.6.0-140-g9a10cc1
roadmap;dimacs;90/40;40;   1093559;    364731;173511;663;2080278;107917;781;1830;0.374799;287933;0;0;sBELA*;? Unchecked;v1.6.0-140-g9a10cc1
roadmap;dimacs;91/40;40;    201585;    558881;178496;460;2351459;273940;77;1830;0.646802;423530;0;0;sBELA*;? Unchecked;v1.6.0-140-g9a10cc1
roadmap;dimacs;92/40;40;    713598;    144731;251834;831;3426937;552916;10;1740;1.14439;483154;0;0;sBELA*;? Unchecked;v1.6.0-140-g9a10cc1
roadmap;dimacs;93/40;40;     74935;   1046029;301814;591;3399591;274183;147;1830;0.642085;427020;0;0;sBELA*;? Unchecked;v1.6.0-140-g9a10cc1
roadmap;dimacs;94/40;40;    643572;   1117036;350301;1078;4528610;613406;12;1830;1.36584;449105;0;0;sBELA*;? Unchecked;v1.6.0-140-g9a10cc1
roadmap;dimacs;95/40;40;     53022;   1008418;530350;1694;6633258;872644;39;1830;1.91925;454679;0;0;sBELA*;? Unchecked;v1.6.0-140-g9a10cc1
roadmap;dimacs;96/40;40;   1003495;    202919;316576;878;3859587;439741;54;1830;0.975169;450938;0;0;sBELA*;? Unchecked;v1.6.0-140-g9a10cc1
roadmap;dimacs;97/40;40;     39282;   1102138;751539;2467;8938166;1070248;13;1830;2.51412;425695;0;0;sBELA*;? Unchecked;v1.6.0-140-g9a10cc1
roadmap;dimacs;98/40;40;    105999;    190640;320715;1029;3968658;329372;60;1830;0.737927;446348;0;0;sBELA*;? Unchecked;v1.6.0-140-g9a10cc1
roadmap;dimacs;99/40;40;    246000;   1072283;347411;1028;4511700;657704;62;1830;1.52554;431129;0;0;sBELA*;? Unchecked;v1.6.0-140-g9a10cc1
roadmap;dimacs;0/50;50;   1184114;    193764;365827;1163;4668842;781998;25;1740;1.76079;444117;0;0;sBELA*;? Unchecked;v1.6.0-140-g9a10cc1
roadmap;dimacs;1/50;50;    457060;   1134187;306698;828;3674393;707087;63;1740;1.48016;477710;0;0;sBELA*;? Unchecked;v1.6.0-140-g9a10cc1
roadmap;dimacs;2/50;50;    648367;    958789;129341;529;1578217;64293;71;1788;0.186144;345393;0;0;sBELA*;? Unchecked;v1.6.0-140-g9a10cc1
roadmap;dimacs;3/50;50;    485078;    567556;537678;1408;6183337;964312;17;1830;2.03562;473718;0;0;sBELA*;? Unchecked;v1.6.0-140-g9a10cc1
roadmap;dimacs;4/50;50;   1175334;   1035537;284229;751;3674229;251069;162;1830;0.609282;412073;0;0;sBELA*;? Unchecked;v1.6.0-140-g9a10cc1
roadmap;dimacs;5/50;50;    626886;    437084;155658;800;1776793;259066;47;1830;0.541128;478752;0;0;sBELA*;? Unchecked;v1.6.0-140-g9a10cc1
roadmap;dimacs;6/50;50;    635719;    734204;195593;955;2314569;425352;43;1740;0.96047;442858;0;0;sBELA*;? Unchecked;v1.6.0-140-g9a10cc1
roadmap;dimacs;7/50;50;    316104;    997118;457827;1635;5531004;648230;17;1830;1.49877;432507;0;0;sBELA*;? Unchecked;v1.6.0-140-g9a10cc1
roadmap;dimacs;8/50;50;     47649;    976084;558601;1290;6555215;523369;35;1830;1.2356;423574;0;0;sBELA*;? Unchecked;v1.6.0-140-g9a10cc1
roadmap;dimacs;9/50;50;    915484;   1137906;165806;643;2220030;230058;30;1740;0.534966;430042;0;0;sBELA*;? Unchecked;v1.6.0-140-g9a10cc1
roadmap;dimacs;10/50;50;     72419;    669854;530352;1510;6188712;797912;38;1830;1.78856;446119;0;0;sBELA*;? Unchecked;v1.6.0-140-g9a10cc1
roadmap;dimacs;11/50;50;   1121375;    296229;257314;940;2972690;408669;69;1740;0.919059;444660;0;0;sBELA*;? Unchecked;v1.6.0-140-g9a10cc1
roadmap;dimacs;12/50;50;    873937;   1184806;135547;898;1799040;264005;7;1740;0.546317;483245;0;0;sBELA*;? Unchecked;v1.6.0-140-g9a10cc1
roadmap;dimacs;13/50;50;    193531;    355264;127820;252;1753821;92958;59;1788;0.237033;392174;0;0;sBELA*;? Unchecked;v1.6.0-140-g9a10cc1
roadmap;dimacs;14/50;50;    147031;    633056;115065;545;2055959;251221;33;1829;0.608881;412594;0;0;sBELA*;? Unchecked;v1.6.0-140-g9a10cc1
roadmap;dimacs;15/50;50;    362446;    482465;186548;712;2280442;309629;48;1830;0.723708;427837;0;0;sBELA*;? Unchecked;v1.6.0-140-g9a10cc1
roadmap;dimacs;16/50;50;    770308;    417500;737243;1747;8930045;1203466;33;1830;2.67406;450051;0;0;sBELA*;? Unchecked;v1.6.0-140-g9a10cc1
roadmap;dimacs;17/50;50;    908330;    720411;129050;301;1792349;190265;196;1830;0.424679;448021;0;0;sBELA*;? Unchecked;v1.6.0-140-g9a10cc1
roadmap;dimacs;18/50;50;   1038933;    130295;221765;843;3271424;565487;47;1830;1.20357;469841;0;0;sBELA*;? Unchecked;v1.6.0-140-g9a10cc1
roadmap;dimacs;19/50;50;    652846;    858648;268696;620;3457972;372062;70;1830;0.843728;440974;0;0;sBELA*;? Unchecked;v1.6.0-140-g9a10cc1
roadmap;dimacs;20/50;50;    676969;    283827;563880;2077;6738990;956048;40;1830;2.03004;470951;0;0;sBELA*;? Unchecked;v1.6.0-140-g9a10cc1
roadmap;dimacs;21/50;50;    910826;    680529;199319;780;2574873;417179;111;1830;0.937858;444821;0;0;sBELA*;? Unchecked;v1.6.0-140-g9a10cc1
roadmap;dimacs;22/50;50;    515058;    865076;359432;1221;4602767;709714;78;1830;1.63375;434409;0;0;sBELA*;? Unchecked;v1.6.0-140-g9a10cc1
roadmap;dimacs;23/50;50;    348482;    108720;485606;1428;5713095;815541;34;1830;1.811;450326;0;0;sBELA*;? Unchecked;v1.6.0-140-g9a10cc1
roadmap;dimacs;24/50;50;   1204965;    881288;191225;702;2391598;217894;54;1830;0.537711;405225;0;0;sBELA*;? Unchecked;v1.6.0-140-g9a10cc1
roadmap;dimacs;25/50;50;    907042;    523545;158819;509;2345282;416602;142;1830;0.925095;450334;0;0;sBELA*;? Unchecked;v1.6.0-140-g9a10cc1
roadmap;dimacs;26/50;50;    752817;    293040;341704;1035;4298177;692922;66;1842;1.58299;437731;0;0;sBELA*;? Unchecked;v1.6.0-140-g9a10cc1
roadmap;dimacs;27/50;50;    491779;    520998;507666;1496;6001047;946389;15;1842;1.99788;473696;0;0;sBELA*;? Unchecked;v1.6.0-140-g9a10cc1
roadmap;dimacs;28/50;50;   1009615;   1162067;145474;790;1606082;109130;53;1842;0.265968;410313;0;0;sBELA*;? Unchecked;v1.6.0-140-g9a10cc1
roadmap;dimacs;29/50;50;    701030;   1127091;405109;1087;4938840;776714;57;1842;1.72722;449690;0;0;sBELA*;? Unchecked;v1.6.0-140-g9a10cc1
roadmap;dimacs;30/50;50;    472756;    557148;52516;334;573191;102024;53;1740;0.217772;468490;0;0;sBELA*;? Unchecked;v1.6.0-140-g9a10cc1
roadmap;dimacs;31/50;50;    155407;    436004;101676;424;1196179;142853;39;1842;0.338886;421537;0;0;sBELA*;? Unchecked;v1.6.0-140-g9a10cc1
roadmap;dimacs;32/50;50;    456711;    311070;380520;1189;4546973;861243;41;1842;1.89369;454797;0;0;sBELA*;? Unchecked;v1.6.0-140-g9a10cc1
roadmap;dimacs;33/50;50;    442126;    981906;201739;973;2240155;324702;50;1740;0.751822;431887;0;0;sBELA*;? Unchecked;v1.6.0-140-g9a10cc1
roadmap;dimacs;34/50;50;    245025;    364323;287766;888;3395710;261224;26;1830;0.611182;427408;0;0;sBELA*;? Unchecked;v1.6.0-140-g9a10cc1
roadmap;dimacs;35/50;50;      5294;    359682;497906;1052;5856940;377333;224;1830;1.01525;371664;0;0;sBELA*;? Unchecked;v1.6.0-140-g9a10cc1
roadmap;dimacs;36/50;50;    971272;    420382;454529;1017;5523194;544484;155;1830;1.30804;416261;0;0;sBELA*;? Unchecked;v1.6.0-140-g9a10cc1
roadmap;dimacs;37/50;50;   1085133;    900426;525527;1649;6548927;1146790;15;1830;2.39007;479814;0;0;sBELA*;? Unchecked;v1.6.0-140-g9a10cc1
roadmap;dimacs;38/50;50;    428123;    175918;164463;510;2186990;315874;54;1842;0.707177;446669;0;0;sBELA*;? Unchecked;v1.6.0-140-g9a10cc1
roadmap;dimacs;39/50;50;    371133;    254310;338822;825;4059147;503134;61;1842;1.15926;434012;0;0;sBELA*;? Unchecked;v1.6.0-140-g9a10cc1
roadmap;dimacs;40/50;50;    145885;    494504;351426;938;4004122;653334;25;1842;1.42645;458013;0;0;sBELA*;? Unchecked;v1.6.0-140-g9a10cc1
roadmap;dimacs;41/50;50;   1033980;   1115849;253936;957;3386465;571087;33;1842;1.21045;471796;0;0;sBELA*;? Unchecked;v1.6.0-140-g9a10cc1
roadmap;dimacs;42/50;50;    678373;    779275;238222;996;2863823;401439;195;1842;0.8921;449993;0;0;sBELA*;? Unchecked;v1.6.0-140-g9a10cc1
roadmap;dimacs;43/50;50;   1204962;    531023;234648;817;2886952;460402;24;1842;0.999076;460828;0;0;sBELA*;? Unchecked;v1.6.0-140-g9a10cc1
roadmap;dimacs;44/50;50;   1004218;    821966;177842;1280;3036162;238415;17;1842;0.544008;438257;0;0;sBELA*;? Unchecked;v1.6.0-140-g9a10cc1
roadmap;dimacs;45/50;50;    675354;    512610;558235;1633;7038288;954388;45;1842;2.03215;469644;0;0;sBELA*;? Unchecked;v1.6.0-140-g9a10cc1
roadmap;dimacs;46/50;50;     86859;    596027;873518;2687;11007504;1200211;28;1842;2.74126;437831;0;0;sBELA*;? Unchecked;v1.6.0-140-g9a10cc1
roadmap;dimacs;47/50;50;    681418;    478587;221147;1146;2669661;464159;47;1842;0.999544;464371;0;0;sBELA*;? Unchecked;v1.6.0-140-g9a10cc1
roadmap;dimacs;48/50;50;    760397;    372153;402374;1928;4697499;721989;44;1842;1.66294;434165;0;0;sBELA*;? Unchecked;v1.6.0-140-g9a10cc1
roadmap;dimacs;49/50;50;     93813;    542722;495968;1386;5909784;606712;48;1842;1.46881;413063;0;0;sBELA*;? Unchecked;v1.6.0-140-g9a10cc1
roadmap;dimacs;50/50;50;    447380;    364700;339858;954;4094431;552315;26;1842;1.27651;432675;0;0;sBELA*;? Unchecked;v1.6.0-140-g9a10cc1
roadmap;dimacs;51/50;50;    247986;    234915;335229;566;4053042;211458;105;1842;0.527599;400793;0;0;sBELA*;? Unchecked;v1.6.0-140-g9a10cc1
roadmap;dimacs;52/50;50;    980356;    494879;326387;622;3778835;227829;136;1842;0.540915;421192;0;0;sBELA*;? Unchecked;v1.6.0-140-g9a10cc1
roadmap;dimacs;53/50;50;    892807;    798084;85109;235;1211397;193955;364;1741;0.427559;453633;0;0;sBELA*;? Unchecked;v1.6.0-140-g9a10cc1
roadmap;dimacs;54/50;50;    720503;   1090045;559074;2105;6796551;1095486;38;1830;2.30359;475557;0;0;sBELA*;? Unchecked;v1.6.0-140-g9a10cc1
roadmap;dimacs;55/50;50;    489387;   1078166;236291;896;3124129;390627;40;1830;0.854723;457022;0;0;sBELA*;? Unchecked;v1.6.0-140-g9a10cc1
roadmap;dimacs;56/50;50;     32771;     17233;493614;1472;6115661;565503;50;1830;1.36555;414122;0;0;sBELA*;? Unchecked;v1.6.0-140-g9a10cc1
roadmap;dimacs;57/50;50;    746419;    325594;489132;1481;5966174;973746;33;1842;2.04762;475549;0;0;sBELA*;? Unchecked;v1.6.0-140-g9a10cc1
roadmap;dimacs;58/50;50;    884332;    577380;242278;571;2950203;494493;47;1842;1.00936;489906;0;0;sBELA*;? Unchecked;v1.6.0-140-g9a10cc1
roadmap;dimacs;59/50;50;   1095690;    484726;412533;1190;4904282;458426;55;1842;1.09293;419447;0;0;sBELA*;? Unchecked;v1.6.0-140-g9a10cc1
roadmap;dimacs;60/50;50;    949870;    966567;123708;431;1397230;88873;36;1842;0.222868;398769;0;0;sBELA*;? Unchecked;v1.6.0-140-g9a10cc1
roadmap;dimacs;61/50;50;    682839;    783539;216164;920;2855055;243947;55;1842;0.559204;436239;0;0;sBELA*;? Unchecked;v1.6.0-140-g9a10cc1
roadmap;dimacs;62/50;50;   1002602;    269552;551874;1355;6618479;1155699;87;1842;2.49128;463897;0;0;sBELA*;? Unchecked;v1.6.0-140-g9a10cc1
roadmap;dimacs;63/50;50;    599356;    815289;489248;1608;6407551;684528;33;1842;1.48917;459670;0;0;sBELA*;? Unchecked;v1.6.0-140-g9a10cc1
roadmap;dimacs;64/50;50;    609510;    868976;167634;619;2015522;312453;98;1842;0.637622;490029;0;0;sBELA*;? Unchecked;v1.6.0-140-g9a10cc1
roadmap;dimacs;65/50;50;   1056417;   1197904;522327;1477;6134014;778541;49;1842;1.77293;439127;0;0;sBELA*;? Unchecked;v1.6.0-140-g9a10cc1
roadmap;dimacs;66/50;50;    483230;    807734;179356;904;2618445;316269;50;1842;0.702909;449943;0;0;sBELA*;? Unchecked;v1.6.0-140-g9a10cc1
roadmap;dimacs;67/50;50;    521120;    311174;538082;1154;6961246;1075300;103;1842;2.33452;460609;0;0;sBELA*;? Unchecked;v1.6.0-140-g9a10cc1
roadmap;dimacs;68/50;50;    181514;     70872;494839;1025;5810808;953613;56;1842;2.03632;468303;0;0;sBELA*;? Unchecked;v1.6.0-140-g9a10cc1
roadmap;dimacs;69/50;50;    831298;    692941;268541;1599;5456534;576393;48;1842;1.31093;439681;0;0;sBELA*;? Unchecked;v1.6.0-140-g9a10cc1
roadmap;dimacs;70/50;50;    576531;    928353;288630;841;3354588;478778;43;1842;1.03712;461640;0;0;sBELA*;? Unchecked;v1.6.0-140-g9a10cc1
roadmap;dimacs;71/50;50;    890413;    335170;628149;1597;7709218;1159654;27;1842;2.35376;492682;0;0;sBELA*;? Unchecked;v1.6.0-140-g9a10cc1
roadmap;dimacs;72/50;50;    505669;    752733;347823;1122;4318715;612841;71;1842;1.45332;421682;0;0;sBELA*;? Unchecked;v1.6.0-140-g9a10cc1
roadmap;dimacs;73/50;50;   1190825;   1005135;134067;585;1512776;186520;54;1842;0.404047;461630;0;0;sBELA*;? Unchecked;v1.6.0-140-g9a10cc1
roadmap;dimacs;74/50;50;   1011910;    329023;720790;2153;8406503;1103724;15;1842;2.5481;433156;0;0;sBELA*;? Unchecked;v1.6.0-140-g9a10cc1
roadmap;dimacs;75/50;50;    893394;    520208;470591;1279;5965945;934247;45;1842;1.94933;479267;0;0;sBELA*;? Unchecked;v1.6.0-140-g9a10cc1
roadmap;dimacs;76/50;50;    932724;    182285;404031;1321;4926985;773932;24;1842;1.75197;441749;0;0;sBELA*;? Unchecked;v1.6.0-140-g9a10cc1
roadmap;dimacs;77/50;50;     95486;    223534;735147;2456;8973933;1116803;16;1842;2.59847;429792;0;0;sBELA*;? Unchecked;v1.6.0-140-g9a10cc1
roadmap;dimacs;78/50;50;   1029767;     91221;388766;934;4640986;942126;91;1842;2.05991;457362;0;0;sBELA*;? Unchecked;v1.6.0-140-g9a10cc1
roadmap;dimacs;79/50;50;     67100;    510326;268257;749;3413844;235600;51;1842;0.541238;435298;0;0;sBELA*;? Unchecked;v1.6.0-140-g9a10cc1
roadmap;dimacs;80/50;50;    846164;    646741;453862;1670;6083790;864743;107;1842;1.91667;451169;0;0;sBELA*;? Unchecked;v1.6.0-140-g9a10cc1
roadmap;dimacs;81/50;50;   1087215;    947306;482917;1225;5825255;806627;29;1842;1.80078;447933;0;0;sBELA*;? Unchecked;v1.6.0-140-g9a10cc1
roadmap;dimacs;82/50;50;    619348;    369016;193912;805;2058220;308558;46;1842;0.715004;431547;0;0;sBELA*;? Unchecked;v1.6.0-140-g9a10cc1
roadmap;dimacs;83/50;50;   1041136;    582354;145911;533;1892784;117796;36;1842;0.265729;443294;0;0;sBELA*;? Unchecked;v1.6.0-140-g9a10cc1
roadmap;dimacs;84/50;50;   1023095;    975421;185525;635;2086178;138035;27;1842;0.402605;342854;0;0;sBELA*;? Unchecked;v1.6.0-140-g9a10cc1
roadmap;dimacs;85/50;50;   1057515;    241893;271597;875;4037138;267558;55;1842;0.637395;419768;0;0;sBELA*;? Unchecked;v1.6.0-140-g9a10cc1
roadmap;dimacs;86/50;50;    467176;    425228;480846;1331;5780894;1013182;5;1842;2.1021;481986;0;0;sBELA*;? Unchecked;v1.6.0-140-g9a10cc1
roadmap;dimacs;87/50;50;    129108;     84480;580589;1076;6972402;1157579;57;1842;2.43092;476190;0;0;sBELA*;? Unchecked;v1.6.0-140-g9a10cc1
roadmap;dimacs;88/50;50;    968130;     31496;86422;394;1086656;61086;140;1842;0.171518;356150;0;0;sBELA*;? Unchecked;v1.6.0-140-g9a10cc1
roadmap;dimacs;89/50;50;   1077408;    807029;436814;1592;5353702;476995;38;1842;1.15462;413120;0;0;sBELA*;? Unchecked;v1.6.0-140-g9a10cc1
roadmap;dimacs;90/50;50;   1093559;    364731;173511;667;2080349;107925;1033;1842;0.396719;272044;0;0;sBELA*;? Unchecked;v1.6.0-140-g9a10cc1
roadmap;dimacs;91/50;50;    201585;    558881;178496;459;2351498;273947;103;1842;0.658722;415877;0;0;sBELA*;? Unchecked;v1.6.0-140-g9a10cc1
roadmap;dimacs;92/50;50;    713598;    144731;251834;828;3426946;552918;13;1741;1.14481;482977;0;0;sBELA*;? Unchecked;v1.6.0-140-g9a10cc1
roadmap;dimacs;93/50;50;     74935;   1046029;301814;590;3399643;274185;195;1830;0.647372;423535;0;0;sBELA*;? Unchecked;v1.6.0-140-g9a10cc1
roadmap;dimacs;94/50;50;    643572;   1117036;350301;1078;4528616;613408;16;1830;1.40635;436170;0;0;sBELA*;? Unchecked;v1.6.0-140-g9a10cc1
roadmap;dimacs;95/50;50;     53022;   1008418;530350;1691;6633259;872644;43;1830;1.90697;457608;0;0;sBELA*;? Unchecked;v1.6.0-140-g9a10cc1
roadmap;dimacs;96/50;50;   1003495;    202919;316576;878;3859601;439747;70;1830;0.960291;457931;0;0;sBELA*;? Unchecked;v1.6.0-140-g9a10cc1
roadmap;dimacs;97/50;50;     39282;   1102138;751539;2466;8938171;1070249;16;1830;2.52935;423132;0;0;sBELA*;? Unchecked;v1.6.0-140-g9a10cc1
roadmap;dimacs;98/50;50;    105999;    190640;320715;1029;3968671;329373;81;1830;0.746878;441000;0;0;sBELA*;? Unchecked;v1.6.0-140-g9a10cc1
roadmap;dimacs;99/50;50;    246000;   1072283;347411;1025;4511714;657711;75;1830;1.56954;419047;0;0;sBELA*;? Unchecked;v1.6.0-140-g9a10cc1
roadmap;dimacs;0/60;60;   1184114;    193764;365827;1161;4668852;782000;31;1842;1.74466;448225;0;0;sBELA*;? Unchecked;v1.6.0-140-g9a10cc1
roadmap;dimacs;1/60;60;    457060;   1134187;306698;829;3674414;707090;79;1842;1.46124;483896;0;0;sBELA*;? Unchecked;v1.6.0-140-g9a10cc1
roadmap;dimacs;2/60;60;    648367;    958789;129341;530;1578221;64294;80;1842;0.171882;374059;0;0;sBELA*;? Unchecked;v1.6.0-140-g9a10cc1
roadmap;dimacs;3/60;60;    485078;    567556;537678;1409;6183339;964313;20;1842;2.02484;476241;0;0;sBELA*;? Unchecked;v1.6.0-140-g9a10cc1
roadmap;dimacs;4/60;60;   1175334;   1035537;284229;748;3674248;251073;194;1842;0.632458;396980;0;0;sBELA*;? Unchecked;v1.6.0-140-g9a10cc1
roadmap;dimacs;5/60;60;    626886;    437084;155658;795;1776798;259067;56;1842;0.548451;472361;0;0;sBELA*;? Unchecked;v1.6.0-140-g9a10cc1
roadmap;dimacs;6/60;60;    635719;    734204;195593;954;2314573;425353;49;1842;0.95246;446584;0;0;sBELA*;? Unchecked;v1.6.0-140-g9a10cc1
roadmap;dimacs;7/60;60;    316104;    997118;457827;1635;5531004;648230;17;1842;1.439;450472;0;0;sBELA*;? Unchecked;v1.6.0-140-g9a10cc1
roadmap;dimacs;8/60;60;     47649;    976084;558601;1292;6555218;523369;40;1842;1.24529;420279;0;0;sBELA*;? Unchecked;v1.6.0-140-g9a10cc1
roadmap;dimacs;9/60;60;    915484;   1137906;165806;637;2220033;230058;35;1842;0.537189;428262;0;0;sBELA*;? Unchecked;v1.6.0-140-g9a10cc1
roadmap;dimacs;10/60;60;     72419;    669854;530352;1510;6188715;797915;44;1842;1.77922;448462;0;0;sBELA*;? Unchecked;v1.6.0-140-g9a10cc1
roadmap;dimacs;11/60;60;   1121375;    296229;257314;939;2972709;408670;83;1842;0.941773;433937;0;0;sBELA*;? Unchecked;v1.6.0-140-g9a10cc1
roadmap;dimacs;12/60;60;    873937;   1184806;135547;899;1799042;264006;8;1741;0.537419;491248;0;0;sBELA*;? Unchecked;v1.6.0-140-g9a10cc1
roadmap;dimacs;13/60;60;    193531;    355264;127820;253;1753853;92962;70;1812;0.242616;383166;0;0;sBELA*;? Unchecked;v1.6.0-140-g9a10cc1
roadmap;dimacs;14/60;60;    147031;    633056;115065;545;2055974;251224;39;1829;0.6063;414356;0;0;sBELA*;? Unchecked;v1.6.0-140-g9a10cc1
roadmap;dimacs;15/60;60;    362446;    482465;186548;713;2280450;309631;56;1830;0.69704;444209;0;0;sBELA*;? Unchecked;v1.6.0-140-g9a10cc1
roadmap;dimacs;16/60;60;    770308;    417500;737243;1706;8930047;1203466;41;1830;2.69453;446632;0;0;sBELA*;? Unchecked;v1.6.0-140-g9a10cc1
roadmap;dimacs;17/60;60;    908330;    720411;129050;293;1792394;190285;244;1830;0.428407;444168;0;0;sBELA*;? Unchecked;v1.6.0-140-g9a10cc1
roadmap;dimacs;18/60;60;   1038933;    130295;221765;841;3271433;565487;57;1830;1.23341;458476;0;0;sBELA*;? Unchecked;v1.6.0-140-g9a10cc1
roadmap;dimacs;19/60;60;    652846;    858648;268696;627;3457985;372067;86;1830;0.886499;419704;0;0;sBELA*;? Unchecked;v1.6.0-140-g9a10cc1
roadmap;dimacs;20/60;60;    676969;    283827;563880;2077;6738992;956049;47;1830;2.03017;470921;0;0;sBELA*;? Unchecked;v1.6.0-140-g9a10cc1
roadmap;dimacs;21/60;60;    910826;    680529;199319;779;2574884;417186;127;1830;0.94167;443028;0;0;sBELA*;? Unchecked;v1.6.0-140-g9a10cc1
roadmap;dimacs;22/60;60;    515058;    865076;359432;1221;4602773;709715;92;1830;1.63593;433830;0;0;sBELA*;? Unchecked;v1.6.0-140-g9a10cc1
roadmap;dimacs;23/60;60;    348482;    108720;485606;1430;5713100;815543;40;1830;1.81755;448704;0;0;sBELA*;? Unchecked;v1.6.0-140-g9a10cc1
roadmap;dimacs;24/60;60;   1204965;    881288;191225;704;2391608;217897;64;1830;0.580113;375612;0;0;sBELA*;? Unchecked;v1.6.0-140-g9a10cc1
roadmap;dimacs;25/60;60;    907042;    523545;158819;507;2345310;416614;180;1830;0.931527;447237;0;0;sBELA*;? Unchecked;v1.6.0-140-g9a10cc1
roadmap;dimacs;26/60;60;    752817;    293040;341704;1045;4298179;692922;73;1842;1.55055;446888;0;0;sBELA*;? Unchecked;v1.6.0-140-g9a10cc1
roadmap;dimacs;27/60;60;    491779;    520998;507666;1496;6001054;946389;18;1842;1.99284;474896;0;0;sBELA*;? Unchecked;v1.6.0-140-g9a10cc1
roadmap;dimacs;28/60;60;   1009615;   1162067;145474;788;1606088;109130;64;1842;0.273107;399587;0;0;sBELA*;? Unchecked;v1.6.0-140-g9a10cc1
roadmap;dimacs;29/60;60;    701030;   1127091;405109;1087;4938843;776714;66;1842;1.75413;442791;0;0;sBELA*;? Unchecked;v1.6.0-140-g9a10cc1
roadmap;dimacs;30/60;60;    472756;    557148;52516;331;573209;102026;67;1741;0.24916;409479;0;0;sBELA*;? Unchecked;v1.6.0-140-g9a10cc1
roadmap;dimacs;31/60;60;    155407;    436004;101676;423;1196183;142853;47;1842;0.342566;417009;0;0;sBELA*;? Unchecked;v1.6.0-140-g9a10cc1
roadmap;dimacs;32/60;60;    456711;    311070;380520;1188;4546977;861244;45;1842;1.89903;453518;0;0;sBELA*;? Unchecked;v1.6.0-140-g9a10cc1
roadmap;dimacs;33/60;60;    442126;    981906;201739;977;2240159;324704;60;1741;0.758143;428289;0;0;sBELA*;? Unchecked;v1.6.0-140-g9a10cc1
roadmap;dimacs;34/60;60;    245025;    364323;287766;892;3395717;261224;33;1830;0.616773;423533;0;0;sBELA*;? Unchecked;v1.6.0-140-g9a10cc1
roadmap;dimacs;35/60;60;      5294;    359682;497906;1054;5856955;377334;258;1830;1.0252;368058;0;0;sBELA*;? Unchecked;v1.6.0-140-g9a10cc1
roadmap;dimacs;36/60;60;    971272;    420382;454529;1025;5523210;544486;193;1830;1.3156;413868;0;0;sBELA*;? Unchecked;v1.6.0-140-g9a10cc1
roadmap;dimacs;37/60;60;   1085133;    900426;525527;1650;6548931;1146791;17;1830;2.44459;469115;0;0;sBELA*;? Unchecked;v1.6.0-140-g9a10cc1
roadmap;dimacs;38/60;60;    428123;    175918;164463;510;2187002;315875;65;1842;0.710626;444502;0;0;sBELA*;? Unchecked;v1.6.0-140-g9a10cc1
roadmap;dimacs;39/60;60;    371133;    254310;338822;824;4059157;503134;77;1842;1.14031;441226;0;0;sBELA*;? Unchecked;v1.6.0-140-g9a10cc1
roadmap;dimacs;40/60;60;    145885;    494504;351426;941;4004131;653337;30;1842;1.43075;456641;0;0;sBELA*;? Unchecked;v1.6.0-140-g9a10cc1
roadmap;dimacs;41/60;60;   1033980;   1115849;253936;953;3386468;571088;37;1842;1.2026;474878;0;0;sBELA*;? Unchecked;v1.6.0-140-g9a10cc1
roadmap;dimacs;42/60;60;    678373;    779275;238222;985;2863828;401441;213;1842;0.897312;447382;0;0;sBELA*;? Unchecked;v1.6.0-140-g9a10cc1
roadmap;dimacs;43/60;60;   1204962;    531023;234648;817;2886961;460405;30;1842;1.04335;441276;0;0;sBELA*;? Unchecked;v1.6.0-140-g9a10cc1
roadmap;dimacs;44/60;60;   1004218;    821966;177842;1279;3036165;238416;21;1842;0.554338;430091;0;0;sBELA*;? Unchecked;v1.6.0-140-g9a10cc1
roadmap;dimacs;45/60;60;    675354;    512610;558235;1633;7038291;954388;54;1842;2.02347;471659;0;0;sBELA*;? Unchecked;v1.6.0-140-g9a10cc1
roadmap;dimacs;46/60;60;     86859;    596027;873518;2685;11007507;1200211;35;1842;2.75242;436057;0;0;sBELA*;? Unchecked;v1.6.0-140-g9a10cc1
roadmap;dimacs;47/60;60;    681418;    478587;221147;1150;2669664;464159;57;1842;0.997116;465501;0;0;sBELA*;? Unchecked;v1.6.0-140-g9a10cc1
roadmap;dimacs;48/60;60;    760397;    372153;402374;1930;4697500;721989;49;1845;1.69379;426258;0;0;sBELA*;? Unchecked;v1.6.0-140-g9a10cc1
roadmap;dimacs;49/60;60;     93813;    542722;495968;1384;5909789;606715;58;1845;1.44263;420561;0;0;sBELA*;? Unchecked;v1.6.0-140-g9a10cc1
roadmap;dimacs;50/60;60;    447380;    364700;339858;958;4094438;552316;33;1845;1.28835;428700;0;0;sBELA*;? Unchecked;v1.6.0-140-g9a10cc1
roadmap;dimacs;51/60;60;    247986;    234915;335229;566;4053062;211461;122;1845;0.533046;396703;0;0;sBELA*;? Unchecked;v1.6.0-140-g9a10cc1
roadmap;dimacs;52/60;60;    980356;    494879;326387;624;3778867;227831;170;1845;0.542538;419936;0;0;sBELA*;? Unchecked;v1.6.0-140-g9a10cc1
roadmap;dimacs;53/60;60;    892807;    798084;85109;236;1211466;193967;462;1741;0.438914;441925;0;0;sBELA*;? Unchecked;v1.6.0-140-g9a10cc1
roadmap;dimacs;54/60;60;    720503;   1090045;559074;2102;6796555;1095486;45;1831;2.34239;467678;0;0;sBELA*;? Unchecked;v1.6.0-140-g9a10cc1
roadmap;dimacs;55/60;60;    489387;   1078166;236291;899;3124136;390629;51;1831;0.86224;453040;0;0;sBELA*;? Unchecked;v1.6.0-140-g9a10cc1
roadmap;dimacs;56/60;60;     32771;     17233;493614;1470;6115665;565504;63;1831;1.34777;419584;0;0;sBELA*;? Unchecked;v1.6.0-140-g9a10cc1
roadmap;dimacs;57/60;60;    746419;    325594;489132;1477;5966179;973746;38;1843;2.05084;474804;0;0;sBELA*;? Unchecked;v1.6.0-140-g9a10cc1
roadmap;dimacs;58/60;60;    884332;    577380;242278;573;2950213;494496;57;1843;1.01628;486576;0;0;sBELA*;? Unchecked;v1.6.0-140-g9a10cc1
roadmap;dimacs;59/60;60;   1095690;    484726;412533;1193;4904287;458426;67;1843;1.10377;415329;0;0;sBELA*;? Unchecked;v1.6.0-140-g9a10cc1
roadmap;dimacs;60/60;60;    949870;    966567;123708;426;1397234;88873;42;1843;0.231081;384597;0;0;sBELA*;? Unchecked;v1.6.0-140-g9a10cc1
roadmap;dimacs;61/60;60;    682839;    783539;216164;923;2855057;243947;62;1843;0.566141;430895;0;0;sBELA*;? Unchecked;v1.6.0-140-g9a10cc1
roadmap;dimacs;62/60;60;   1002602;    269552;551874;1357;6618488;1155699;108;1843;2.45939;469913;0;0;sBELA*;? Unchecked;v1.6.0-140-g9a10cc1
roadmap;dimacs;63/60;60;    599356;    815289;489248;1609;6407553;684528;40;1843;1.50352;455285;0;0;sBELA*;? Unchecked;v1.6.0-140-g9a10cc1
roadmap;dimacs;64/60;60;    609510;    868976;167634;617;2015537;312457;113;1843;0.638982;488992;0;0;sBELA*;? Unchecked;v1.6.0-140-g9a10cc1
roadmap;dimacs;65/60;60;   1056417;   1197904;522327;1476;6134021;778544;57;1843;1.78315;436612;0;0;sBELA*;? Unchecked;v1.6.0-140-g9a10cc1
roadmap;dimacs;66/60;60;    483230;    807734;179356;900;2618447;316270;60;1843;0.712429;443932;0;0;sBELA*;? Unchecked;v1.6.0-140-g9a10cc1
roadmap;dimacs;67/60;60;    521120;    311174;538082;1152;6961263;1075305;136;1843;2.34175;459190;0;0;sBELA*;? Unchecked;v1.6.0-140-g9a10cc1
roadmap;dimacs;68/60;60;    181514;     70872;494839;1025;5810813;953614;66;1843;2.0477;465699;0;0;sBELA*;? Unchecked;v1.6.0-140-g9a10cc1
roadmap;dimacs;69/60;60;    831298;    692941;268541;1602;5456536;576393;54;1843;1.33025;433296;0;0;sBELA*;? Unchecked;v1.6.0-140-g9a10cc1
roadmap;dimacs;70/60;60;    576531;    928353;288630;844;3354592;478781;48;1843;1.09379;437727;0;0;sBELA*;? Unchecked;v1.6.0-140-g9a10cc1
roadmap;dimacs;71/60;60;    890413;    335170;628149;1597;7709222;1159654;32;1843;2.35996;491386;0;0;sBELA*;? Unchecked;v1.6.0-140-g9a10cc1
roadmap;dimacs;72/60;60;    505669;    752733;347823;1122;4318721;612843;87;1843;1.46768;417559;0;0;sBELA*;? Unchecked;v1.6.0-140-g9a10cc1
roadmap;dimacs;73/60;60;   1190825;   1005135;134067;583;1512796;186521;67;1843;0.408394;456718;0;0;sBELA*;? Unchecked;v1.6.0-140-g9a10cc1
roadmap;dimacs;74/60;60;   1011910;    329023;720790;2156;8406504;1103724;17;1843;2.56543;430230;0;0;sBELA*;? Unchecked;v1.6.0-140-g9a10cc1
roadmap;dimacs;75/60;60;    893394;    520208;470591;1278;5965952;934248;57;1843;1.96507;475426;0;0;sBELA*;? Unchecked;v1.6.0-140-g9a10cc1
roadmap;dimacs;76/60;60;    932724;    182285;404031;1322;4926987;773932;28;1843;1.73665;445645;0;0;sBELA*;? Unchecked;v1.6.0-140-g9a10cc1
roadmap;dimacs;77/60;60;     95486;    223534;735147;2454;8973937;1116803;19;1843;2.60467;428769;0;0;sBELA*;? Unchecked;v1.6.0-140-g9a10cc1
roadmap;dimacs;78/60;60;   1029767;     91221;388766;936;4641003;942132;116;1843;2.10825;446879;0;0;sBELA*;? Unchecked;v1.6.0-140-g9a10cc1
roadmap;dimacs;79/60;60;     67100;    510326;268257;748;3413846;235600;61;1843;0.54936;428863;0;0;sBELA*;? Unchecked;v1.6.0-140-g9a10cc1
roadmap;dimacs;80/60;60;    846164;    646741;453862;1669;6083797;864743;128;1843;1.93375;447186;0;0;sBELA*;? Unchecked;v1.6.0-140-g9a10cc1
roadmap;dimacs;81/60;60;   1087215;    947306;482917;1227;5825263;806628;35;1843;1.8049;446911;0;0;sBELA*;? Unchecked;v1.6.0-140-g9a10cc1
roadmap;dimacs;82/60;60;    619348;    369016;193912;804;2058225;308558;57;1843;0.727544;424109;0;0;sBELA*;? Unchecked;v1.6.0-140-g9a10cc1
roadmap;dimacs;83/60;60;   1041136;    582354;145911;535;1892796;117796;42;1843;0.277616;424312;0;0;sBELA*;? Unchecked;v1.6.0-140-g9a10cc1
roadmap;dimacs;84/60;60;   1023095;    975421;185525;634;2086185;138036;34;1843;0.398659;346251;0;0;sBELA*;? Unchecked;v1.6.0-140-g9a10cc1
roadmap;dimacs;85/60;60;   1057515;    241893;271597;873;4037145;267559;65;1843;0.686342;389834;0;0;sBELA*;? Unchecked;v1.6.0-140-g9a10cc1
roadmap;dimacs;86/60;60;    467176;    425228;480846;1334;5780894;1013182;5;1843;2.11343;479402;0;0;sBELA*;? Unchecked;v1.6.0-140-g9a10cc1
roadmap;dimacs;87/60;60;    129108;     84480;580589;1077;6972416;1157581;72;1843;2.41583;479165;0;0;sBELA*;? Unchecked;v1.6.0-140-g9a10cc1
roadmap;dimacs;88/60;60;    968130;     31496;86422;394;1086714;61091;191;1843;0.178951;341385;0;0;sBELA*;? Unchecked;v1.6.0-140-g9a10cc1
roadmap;dimacs;89/60;60;   1077408;    807029;436814;1591;5353704;476995;45;1843;1.15153;414227;0;0;sBELA*;? Unchecked;v1.6.0-140-g9a10cc1
roadmap;dimacs;90/60;60;   1093559;    364731;173511;673;2080421;107933;1341;1843;0.420694;256560;0;0;sBELA*;? Unchecked;v1.6.0-140-g9a10cc1
roadmap;dimacs;91/60;60;    201585;    558881;178496;459;2351520;273958;124;1843;0.667422;410472;0;0;sBELA*;? Unchecked;v1.6.0-140-g9a10cc1
roadmap;dimacs;92/60;60;    713598;    144731;251834;833;3426951;552918;15;1741;1.14871;481337;0;0;sBELA*;? Unchecked;v1.6.0-140-g9a10cc1
roadmap;dimacs;93/60;60;     74935;   1046029;301814;588;3399682;274190;234;1831;0.654842;418711;0;0;sBELA*;? Unchecked;v1.6.0-140-g9a10cc1
roadmap;dimacs;94/60;60;    643572;   1117036;350301;1080;4528620;613409;19;1831;1.37968;444601;0;0;sBELA*;? Unchecked;v1.6.0-140-g9a10cc1
roadmap;dimacs;95/60;60;     53022;   1008418;530350;1689;6633260;872644;45;1831;1.91459;455787;0;0;sBELA*;? Unchecked;v1.6.0-140-g9a10cc1
roadmap;dimacs;96/60;60;   1003495;    202919;316576;879;3859609;439748;78;1831;0.965096;455652;0;0;sBELA*;? Unchecked;v1.6.0-140-g9a10cc1
roadmap;dimacs;97/60;60;     39282;   1102138;751539;2467;8938181;1070250;22;1831;2.57296;415961;0;0;sBELA*;? Unchecked;v1.6.0-140-g9a10cc1
roadmap;dimacs;98/60;60;    105999;    190640;320715;1026;3968677;329373;98;1831;0.75521;436134;0;0;sBELA*;? Unchecked;v1.6.0-140-g9a10cc1
roadmap;dimacs;99/60;60;    246000;   1072283;347411;1026;4511728;657716;98;1831;1.54962;424438;0;0;sBELA*;? Unchecked;v1.6.0-140-g9a10cc1
roadmap;dimacs;0/70;70;   1184114;    193764;365827;1164;4668854;782000;36;1843;1.71737;455348;0;0;sBELA*;? Unchecked;v1.6.0-140-g9a10cc1
roadmap;dimacs;1/70;70;    457060;   1134187;306698;829;3674423;707091;88;1843;1.46802;481662;0;0;sBELA*;? Unchecked;v1.6.0-140-g9a10cc1
roadmap;dimacs;2/70;70;    648367;    958789;129341;530;1578227;64295;93;1843;0.194565;330455;0;0;sBELA*;? Unchecked;v1.6.0-140-g9a10cc1
roadmap;dimacs;3/70;70;    485078;    567556;537678;1410;6183344;964314;23;1843;2.03386;474130;0;0;sBELA*;? Unchecked;v1.6.0-140-g9a10cc1
roadmap;dimacs;4/70;70;   1175334;   1035537;284229;750;3674257;251075;223;1843;0.630379;398292;0;0;sBELA*;? Unchecked;v1.6.0-140-g9a10cc1
roadmap;dimacs;5/70;70;    626886;    437084;155658;798;1776802;259068;64;1843;0.555422;466435;0;0;sBELA*;? Unchecked;v1.6.0-140-g9a10cc1
roadmap;dimacs;6/70;70;    635719;    734204;195593;952;2314576;425354;54;1843;0.956852;444535;0;0;sBELA*;? Unchecked;v1.6.0-140-g9a10cc1
roadmap;dimacs;7/70;70;    316104;    997118;457827;1631;5531005;648231;19;1843;1.44778;447740;0;0;sBELA*;? Unchecked;v1.6.0-140-g9a10cc1
roadmap;dimacs;8/70;70;     47649;    976084;558601;1291;6555224;523370;47;1843;1.25547;416870;0;0;sBELA*;? Unchecked;v1.6.0-140-g9a10cc1
roadmap;dimacs;9/70;70;    915484;   1137906;165806;637;2220036;230058;42;1843;0.56528;406981;0;0;sBELA*;? Unchecked;v1.6.0-140-g9a10cc1
roadmap;dimacs;10/70;70;     72419;    669854;530352;1512;6188716;797916;48;1843;1.79433;444687;0;0;sBELA*;? Unchecked;v1.6.0-140-g9a10cc1
roadmap;dimacs;11/70;70;   1121375;    296229;257314;940;2972725;408671;96;1843;0.923262;442638;0;0;sBELA*;? Unchecked;v1.6.0-140-g9a10cc1
roadmap;dimacs;12/70;70;    873937;   1184806;135547;895;1799044;264006;9;1741;0.536629;491971;0;0;sBELA*;? Unchecked;v1.6.0-140-g9a10cc1
roadmap;dimacs;13/70;70;    193531;    355264;127820;255;1753880;92964;82;1813;0.251096;370232;0;0;sBELA*;? Unchecked;v1.6.0-140-g9a10cc1
roadmap;dimacs;14/70;70;    147031;    633056;115065;545;2055983;251227;43;1830;0.60888;412605;0;0;sBELA*;? Unchecked;v1.6.0-140-g9a10cc1
roadmap;dimacs;15/70;70;    362446;    482465;186548;712;2280458;309631;67;1831;0.701861;441157;0;0;sBELA*;? Unchecked;v1.6.0-140-g9a10cc1
roadmap;dimacs;16/70;70;    770308;    417500;737243;1746;8930049;1203466;47;1831;2.74602;438259;0;0;sBELA*;? Unchecked;v1.6.0-140-g9a10cc1
roadmap;dimacs;17/70;70;    908330;    720411;129050;306;1792419;190294;274;1831;0.431239;441273;0;0;sBELA*;? Unchecked;v1.6.0-140-g9a10cc1
roadmap;dimacs;18/70;70;   1038933;    130295;221765;842;3271443;565489;66;1831;1.22423;461913;0;0;sBELA*;? Unchecked;v1.6.0-140-g9a10cc1
roadmap;dimacs;19/70;70;    652846;    858648;268696;628;3457994;372073;103;1831;0.846416;439586;0;0;sBELA*;? Unchecked;v1.6.0-140-g9a10cc1
roadmap;dimacs;20/70;70;    676969;    283827;563880;2074;6738995;956050;54;1831;2.04063;468507;0;0;sBELA*;? Unchecked;v1.6.0-140-g9a10cc1
roadmap;dimacs;21/70;70;    910826;    680529;199319;778;2574892;417188;146;1831;0.952936;437792;0;0;sBELA*;? Unchecked;v1.6.0-140-g9a10cc1
roadmap;dimacs;22/70;70;    515058;    865076;359432;1221;4602781;709718;107;1831;1.68116;422159;0;0;sBELA*;? Unchecked;v1.6.0-140-g9a10cc1
roadmap;dimacs;23/70;70;    348482;    108720;485606;1430;5713102;815543;45;1831;1.83371;444750;0;0;sBELA*;? Unchecked;v1.6.0-140-g9a10cc1
roadmap;dimacs;24/70;70;   1204965;    881288;191225;687;2391613;217899;74;1831;0.549847;396290;0;0;sBELA*;? Unchecked;v1.6.0-140-g9a10cc1
roadmap;dimacs;25/70;70;    907042;    523545;158819;509;2345342;416629;210;1831;0.936843;444716;0;0;sBELA*;? Unchecked;v1.6.0-140-g9a10cc1
roadmap;dimacs;26/70;70;    752817;    293040;341704;1046;4298186;692922;87;1843;1.55204;446458;0;0;sBELA*;? Unchecked;v1.6.0-140-g9a10cc1
roadmap;dimacs;27/70;70;    491779;    520998;507666;1495;6001061;946389;21;1843;2.01861;468832;0;0;sBELA*;? Unchecked;v1.6.0-140-g9a10cc1
roadmap;dimacs;28/70;70;   1009615;   1162067;145474;789;1606094;109131;76;1843;0.279393;390600;0;0;sBELA*;? Unchecked;v1.6.0-140-g9a10cc1
roadmap;dimacs;29/70;70;    701030;   1127091;405109;1089;4938847;776714;76;1843;1.76288;440594;0;0;sBELA*;? Unchecked;v1.6.0-140-g9a10cc1
roadmap;dimacs;30/70;70;    472756;    557148;52516;337;573216;102027;77;1741;0.226023;451400;0;0;sBELA*;? Unchecked;v1.6.0-140-g9a10cc1
roadmap;dimacs;31/70;70;    155407;    436004;101676;423;1196185;142853;53;1843;0.345174;413858;0;0;sBELA*;? Unchecked;v1.6.0-140-g9a10cc1
roadmap;dimacs;32/70;70;    456711;    311070;380520;1191;4546986;861247;51;1843;1.91365;450054;0;0;sBELA*;? Unchecked;v1.6.0-140-g9a10cc1
roadmap;dimacs;33/70;70;    442126;    981906;201739;977;2240161;324704;69;1741;0.767583;423021;0;0;sBELA*;? Unchecked;v1.6.0-140-g9a10cc1
roadmap;dimacs;34/70;70;    245025;    364323;287766;886;3395752;261234;52;1831;0.62773;416156;0;0;sBELA*;? Unchecked;v1.6.0-140-g9a10cc1
roadmap;dimacs;35/70;70;      5294;    359682;497906;1057;5856972;377336;299;1831;1.07234;351881;0;0;sBELA*;? Unchecked;v1.6.0-140-g9a10cc1
roadmap;dimacs;36/70;70;    971272;    420382;454529;1019;5523217;544487;215;1831;1.32934;409593;0;0;sBELA*;? Unchecked;v1.6.0-140-g9a10cc1
roadmap;dimacs;37/70;70;   1085133;    900426;525527;1651;6548938;1146793;20;1831;2.42803;472315;0;0;sBELA*;? Unchecked;v1.6.0-140-g9a10cc1
roadmap;dimacs;38/70;70;    428123;    175918;164463;510;2187007;315876;75;1843;0.717806;440058;0;0;sBELA*;? Unchecked;v1.6.0-140-g9a10cc1
roadmap;dimacs;39/70;70;    371133;    254310;338822;825;4059167;503136;92;1843;1.14617;438971;0;0;sBELA*;? Unchecked;v1.6.0-140-g9a10cc1
roadmap;dimacs;40/70;70;    145885;    494504;351426;939;4004134;653339;35;1843;1.44089;453427;0;0;sBELA*;? Unchecked;v1.6.0-140-g9a10cc1
roadmap;dimacs;41/70;70;   1033980;   1115849;253936;948;3386472;571088;45;1843;1.20836;472615;0;0;sBELA*;? Unchecked;v1.6.0-140-g9a10cc1
roadmap;dimacs;42/70;70;    678373;    779275;238222;996;2863836;401442;232;1843;0.908034;442100;0;0;sBELA*;? Unchecked;v1.6.0-140-g9a10cc1
roadmap;dimacs;43/70;70;   1204962;    531023;234648;817;2886973;460413;33;1843;1.00594;457695;0;0;sBELA*;? Unchecked;v1.6.0-140-g9a10cc1
roadmap;dimacs;44/70;70;   1004218;    821966;177842;1279;3036165;238416;24;1843;0.556905;428109;0;0;sBELA*;? Unchecked;v1.6.0-140-g9a10cc1
roadmap;dimacs;45/70;70;    675354;    512610;558235;1634;7038295;954391;62;1843;2.02022;472419;0;0;sBELA*;? Unchecked;v1.6.0-140-g9a10cc1
roadmap;dimacs;46/70;70;     86859;    596027;873518;2720;11007508;1200211;38;1843;2.8011;428478;0;0;sBELA*;? Unchecked;v1.6.0-140-g9a10cc1
roadmap;dimacs;47/70;70;    681418;    478587;221147;1147;2669665;464159;63;1843;1.00634;461234;0;0;sBELA*;? Unchecked;v1.6.0-140-g9a10cc1
roadmap;dimacs;48/70;70;    760397;    372153;402374;1928;4697502;721989;55;1850;1.69089;426986;0;0;sBELA*;? Unchecked;v1.6.0-140-g9a10cc1
roadmap;dimacs;49/70;70;     93813;    542722;495968;1386;5909793;606715;64;1850;1.45046;418292;0;0;sBELA*;? Unchecked;v1.6.0-140-g9a10cc1
roadmap;dimacs;50/70;70;    447380;    364700;339858;952;4094473;552335;52;1850;1.29;428166;0;0;sBELA*;? Unchecked;v1.6.0-140-g9a10cc1
roadmap;dimacs;51/70;70;    247986;    234915;335229;566;4053089;211463;145;1850;0.574232;368253;0;0;sBELA*;? Unchecked;v1.6.0-140-g9a10cc1
roadmap;dimacs;52/70;70;    980356;    494879;326387;628;3778903;227835;216;1850;0.545699;417511;0;0;sBELA*;? Unchecked;v1.6.0-140-g9a10cc1
roadmap;dimacs;53/70;70;    892807;    798084;85109;237;1211536;193973;567;1747;0.462388;419503;0;0;sBELA*;? Unchecked;v1.6.0-140-g9a10cc1
roadmap;dimacs;54/70;70;    720503;   1090045;559074;2107;6796560;1095486;53;1837;2.34788;466585;0;0;sBELA*;? Unchecked;v1.6.0-140-g9a10cc1
roadmap;dimacs;55/70;70;    489387;   1078166;236291;899;3124139;390630;59;1837;0.869544;449236;0;0;sBELA*;? Unchecked;v1.6.0-140-g9a10cc1
roadmap;dimacs;56/70;70;     32771;     17233;493614;1472;6115667;565505;72;1837;1.36159;415327;0;0;sBELA*;? Unchecked;v1.6.0-140-g9a10cc1
roadmap;dimacs;57/70;70;    746419;    325594;489132;1475;5966183;973746;43;1849;2.09485;464829;0;0;sBELA*;? Unchecked;v1.6.0-140-g9a10cc1
roadmap;dimacs;58/70;70;    884332;    577380;242278;569;2950221;494497;67;1849;1.02313;483320;0;0;sBELA*;? Unchecked;v1.6.0-140-g9a10cc1
roadmap;dimacs;59/70;70;   1095690;    484726;412533;1193;4904294;458427;79;1849;1.11626;410682;0;0;sBELA*;? Unchecked;v1.6.0-140-g9a10cc1
roadmap;dimacs;60/70;70;    949870;    966567;123708;427;1397238;88873;49;1849;0.228797;388437;0;0;sBELA*;? Unchecked;v1.6.0-140-g9a10cc1
roadmap;dimacs;61/70;70;    682839;    783539;216164;920;2855062;243948;73;1849;0.575892;423600;0;0;sBELA*;? Unchecked;v1.6.0-140-g9a10cc1
roadmap;dimacs;62/70;70;   1002602;    269552;551874;1357;6618494;1155699;123;1849;2.47731;466514;0;0;sBELA*;? Unchecked;v1.6.0-140-g9a10cc1
roadmap;dimacs;63/70;70;    599356;    815289;489248;1578;6407556;684528;46;1849;1.55124;441278;0;0;sBELA*;? Unchecked;v1.6.0-140-g9a10cc1
roadmap;dimacs;64/70;70;    609510;    868976;167634;622;2015552;312458;128;1849;0.644387;484892;0;0;sBELA*;? Unchecked;v1.6.0-140-g9a10cc1
roadmap;dimacs;65/70;70;   1056417;   1197904;522327;1487;6134030;778546;81;1849;1.8133;429353;0;0;sBELA*;? Unchecked;v1.6.0-140-g9a10cc1
roadmap;dimacs;66/70;70;    483230;    807734;179356;900;2618450;316270;66;1849;0.715855;441807;0;0;sBELA*;? Unchecked;v1.6.0-140-g9a10cc1
roadmap;dimacs;67/70;70;    521120;    311174;538082;1152;6961269;1075306;155;1849;2.3476;458044;0;0;sBELA*;? Unchecked;v1.6.0-140-g9a10cc1
roadmap;dimacs;68/70;70;    181514;     70872;494839;1025;5810825;953616;74;1849;2.1021;453650;0;0;sBELA*;? Unchecked;v1.6.0-140-g9a10cc1
roadmap;dimacs;69/70;70;    831298;    692941;268541;1599;5456538;576394;59;1849;1.32485;435062;0;0;sBELA*;? Unchecked;v1.6.0-140-g9a10cc1
roadmap;dimacs;70/70;70;    576531;    928353;288630;844;3354606;478800;62;1849;1.05541;453663;0;0;sBELA*;? Unchecked;v1.6.0-140-g9a10cc1
roadmap;dimacs;71/70;70;    890413;    335170;628149;1594;7709223;1159654;37;1849;2.3744;488398;0;0;sBELA*;? Unchecked;v1.6.0-140-g9a10cc1
roadmap;dimacs;72/70;70;    505669;    752733;347823;1123;4318728;612846;102;1849;1.47431;415683;0;0;sBELA*;? Unchecked;v1.6.0-140-g9a10cc1
roadmap;dimacs;73/70;70;   1190825;   1005135;134067;583;1512812;186525;81;1849;0.415048;449405;0;0;sBELA*;? Unchecked;v1.6.0-140-g9a10cc1
roadmap;dimacs;74/70;70;   1011910;    329023;720790;2154;8406505;1103724;20;1849;2.57524;428591;0;0;sBELA*;? Unchecked;v1.6.0-140-g9a10cc1
roadmap;dimacs;75/70;70;    893394;    520208;470591;1279;5965956;934248;69;1849;1.9696;474334;0;0;sBELA*;? Unchecked;v1.6.0-140-g9a10cc1
roadmap;dimacs;76/70;70;    932724;    182285;404031;1323;4926991;773936;33;1849;1.74525;443452;0;0;sBELA*;? Unchecked;v1.6.0-140-g9a10cc1
roadmap;dimacs;77/70;70;     95486;    223534;735147;2454;8973945;1116803;23;1849;2.65913;419989;0;0;sBELA*;? Unchecked;v1.6.0-140-g9a10cc1
roadmap;dimacs;78/70;70;   1029767;     91221;388766;936;4641010;942134;134;1849;2.06496;456249;0;0;sBELA*;? Unchecked;v1.6.0-140-g9a10cc1
roadmap;dimacs;79/70;70;     67100;    510326;268257;749;3413847;235600;73;1849;0.551061;427539;0;0;sBELA*;? Unchecked;v1.6.0-140-g9a10cc1
roadmap;dimacs;80/70;70;    846164;    646741;453862;1667;6083801;864743;148;1849;1.91744;450989;0;0;sBELA*;? Unchecked;v1.6.0-140-g9a10cc1
roadmap;dimacs;81/70;70;   1087215;    947306;482917;1226;5825270;806632;40;1849;1.86155;433313;0;0;sBELA*;? Unchecked;v1.6.0-140-g9a10cc1
roadmap;dimacs;82/70;70;    619348;    369016;193912;808;2058227;308558;66;1849;0.742966;415305;0;0;sBELA*;? Unchecked;v1.6.0-140-g9a10cc1
roadmap;dimacs;83/70;70;   1041136;    582354;145911;538;1892805;117796;51;1849;0.274303;429437;0;0;sBELA*;? Unchecked;v1.6.0-140-g9a10cc1
roadmap;dimacs;84/70;70;   1023095;    975421;185525;633;2086189;138037;39;1849;0.402603;342861;0;0;sBELA*;? Unchecked;v1.6.0-140-g9a10cc1
roadmap;dimacs;85/70;70;   1057515;    241893;271597;871;4037153;267560;77;1849;0.658214;406494;0;0;sBELA*;? Unchecked;v1.6.0-140-g9a10cc1
roadmap;dimacs;86/70;70;    467176;    425228;480846;1335;5780894;1013182;5;1849;2.10638;481007;0;0;sBELA*;? Unchecked;v1.6.0-140-g9a10cc1
roadmap;dimacs;87/70;70;    129108;     84480;580589;1080;6972426;1157583;87;1849;2.4651;469588;0;0;sBELA*;? Unchecked;v1.6.0-140-g9a10cc1
roadmap;dimacs;88/70;70;    968130;     31496;86422;392;1086729;61092;219;1849;0.183324;333246;0;0;sBELA*;? Unchecked;v1.6.0-140-g9a10cc1
roadmap;dimacs;89/70;70;   1077408;    807029;436814;1588;5353705;476995;52;1849;1.15526;412890;0;0;sBELA*;? Unchecked;v1.6.0-140-g9a10cc1
roadmap;dimacs;90/70;70;   1093559;    364731;173511;674;2080457;107940;1527;1849;0.435926;247611;0;0;sBELA*;? Unchecked;v1.6.0-140-g9a10cc1
roadmap;dimacs;91/70;70;    201585;    558881;178496;460;2351535;273962;143;1849;0.680764;402433;0;0;sBELA*;? Unchecked;v1.6.0-140-g9a10cc1
roadmap;dimacs;92/70;70;    713598;    144731;251834;828;3426958;552918;18;1747;1.15431;479004;0;0;sBELA*;? Unchecked;v1.6.0-140-g9a10cc1
roadmap;dimacs;93/70;70;     74935;   1046029;301814;593;3399717;274202;282;1837;0.662635;413805;0;0;sBELA*;? Unchecked;v1.6.0-140-g9a10cc1
roadmap;dimacs;94/70;70;    643572;   1117036;350301;1081;4528627;613412;23;1837;1.38319;443476;0;0;sBELA*;? Unchecked;v1.6.0-140-g9a10cc1
roadmap;dimacs;95/70;70;     53022;   1008418;530350;1691;6633261;872644;47;1837;1.96616;443831;0;0;sBELA*;? Unchecked;v1.6.0-140-g9a10cc1
roadmap;dimacs;96/70;70;   1003495;    202919;316576;884;3859618;439751;93;1837;0.970833;452963;0;0;sBELA*;? Unchecked;v1.6.0-140-g9a10cc1
roadmap;dimacs;97/70;70;     39282;   1102138;751539;2466;8938185;1070250;26;1837;2.54627;420321;0;0;sBELA*;? Unchecked;v1.6.0-140-g9a10cc1
roadmap;dimacs;98/70;70;    105999;    190640;320715;1027;3968685;329374;110;1837;0.785581;419274;0;0;sBELA*;? Unchecked;v1.6.0-140-g9a10cc1
roadmap;dimacs;99/70;70;    246000;   1072283;347411;1027;4511735;657718;108;1837;1.5507;424144;0;0;sBELA*;? Unchecked;v1.6.0-140-g9a10cc1
roadmap;dimacs;0/80;80;   1184114;    193764;365827;1161;4668862;782000;42;1849;1.74303;448644;0;0;sBELA*;? Unchecked;v1.6.0-140-g9a10cc1
roadmap;dimacs;1/80;80;    457060;   1134187;306698;829;3674436;707091;102;1849;1.483;476797;0;0;sBELA*;? Unchecked;v1.6.0-140-g9a10cc1
roadmap;dimacs;2/80;80;    648367;    958789;129341;528;1578234;64296;109;1849;0.179844;357509;0;0;sBELA*;? Unchecked;v1.6.0-140-g9a10cc1
roadmap;dimacs;3/80;80;    485078;    567556;537678;1410;6183347;964314;26;1849;2.03322;474279;0;0;sBELA*;? Unchecked;v1.6.0-140-g9a10cc1
roadmap;dimacs;4/80;80;   1175334;   1035537;284229;750;3674271;251075;263;1849;0.642294;390903;0;0;sBELA*;? Unchecked;v1.6.0-140-g9a10cc1
roadmap;dimacs;5/80;80;    626886;    437084;155658;804;1776805;259068;72;1849;0.560427;462269;0;0;sBELA*;? Unchecked;v1.6.0-140-g9a10cc1
roadmap;dimacs;6/80;80;    635719;    734204;195593;952;2314580;425355;60;1849;0.997639;426362;0;0;sBELA*;? Unchecked;v1.6.0-140-g9a10cc1
roadmap;dimacs;7/80;80;    316104;    997118;457827;1631;5531005;648231;19;1849;1.44961;447175;0;0;sBELA*;? Unchecked;v1.6.0-140-g9a10cc1
roadmap;dimacs;8/80;80;     47649;    976084;558601;1291;6555232;523371;56;1849;1.26984;412155;0;0;sBELA*;? Unchecked;v1.6.0-140-g9a10cc1
roadmap;dimacs;9/80;80;    915484;   1137906;165806;643;2220042;230060;48;1849;0.540282;425814;0;0;sBELA*;? Unchecked;v1.6.0-140-g9a10cc1
roadmap;dimacs;10/80;80;     72419;    669854;530352;1511;6188718;797916;51;1849;1.79854;443647;0;0;sBELA*;? Unchecked;v1.6.0-140-g9a10cc1
roadmap;dimacs;11/80;80;   1121375;    296229;257314;940;2972740;408672;111;1849;0.936486;436389;0;0;sBELA*;? Unchecked;v1.6.0-140-g9a10cc1
roadmap;dimacs;12/80;80;    873937;   1184806;135547;900;1799044;264006;10;1747;0.540133;488779;0;0;sBELA*;? Unchecked;v1.6.0-140-g9a10cc1
roadmap;dimacs;13/80;80;    193531;    355264;127820;253;1753894;92964;93;1819;0.282186;329442;0;0;sBELA*;? Unchecked;v1.6.0-140-g9a10cc1
roadmap;dimacs;14/80;80;    147031;    633056;115065;547;2055988;251228;50;1836;0.611961;410529;0;0;sBELA*;? Unchecked;v1.6.0-140-g9a10cc1
roadmap;dimacs;15/80;80;    362446;    482465;186548;712;2280467;309632;77;1837;0.705761;438721;0;0;sBELA*;? Unchecked;v1.6.0-140-g9a10cc1
roadmap;dimacs;16/80;80;    770308;    417500;737243;1750;8930053;1203466;55;1837;2.72407;441789;0;0;sBELA*;? Unchecked;v1.6.0-140-g9a10cc1
roadmap;dimacs;17/80;80;    908330;    720411;129050;300;1792442;190299;309;1837;0.434792;437678;0;0;sBELA*;? Unchecked;v1.6.0-140-g9a10cc1
roadmap;dimacs;18/80;80;   1038933;    130295;221765;834;3271453;565490;77;1837;1.22318;462311;0;0;sBELA*;? Unchecked;v1.6.0-140-g9a10cc1
roadmap;dimacs;19/80;80;    652846;    858648;268696;624;3458003;372076;116;1837;0.85449;435436;0;0;sBELA*;? Unchecked;v1.6.0-140-g9a10cc1
roadmap;dimacs;20/80;80;    676969;    283827;563880;2074;6738997;956051;59;1837;2.11396;452256;0;0;sBELA*;? Unchecked;v1.6.0-140-g9a10cc1
roadmap;dimacs;21/80;80;    910826;    680529;199319;777;2574903;417191;166;1837;0.961351;433963;0;0;sBELA*;? Unchecked;v1.6.0-140-g9a10cc1
roadmap;dimacs;22/80;80;    515058;    865076;359432;1221;4602790;709722;126;1837;1.66659;425852;0;0;sBELA*;? Unchecked;v1.6.0-140-g9a10cc1
roadmap;dimacs;23/80;80;    348482;    108720;485606;1433;5713106;815543;50;1837;1.84069;443064;0;0;sBELA*;? Unchecked;v1.6.0-140-g9a10cc1
roadmap;dimacs;24/80;80;   1204965;    881288;191225;686;2391620;217902;85;1837;0.552517;394381;0;0;sBELA*;? Unchecked;v1.6.0-140-g9a10cc1
roadmap;dimacs;25/80;80;    907042;    523545;158819;514;2345364;416645;241;1837;0.971023;429078;0;0;sBELA*;? Unchecked;v1.6.0-140-g9a10cc1
roadmap;dimacs;26/80;80;    752817;    293040;341704;1029;4298189;692922;92;1849;1.56289;443360;0;0;sBELA*;? Unchecked;v1.6.0-140-g9a10cc1
roadmap;dimacs;27/80;80;    491779;    520998;507666;1496;6001070;946391;24;1849;2.01205;470362;0;0;sBELA*;? Unchecked;v1.6.0-140-g9a10cc1
roadmap;dimacs;28/80;80;   1009615;   1162067;145474;785;1606104;109135;86;1849;0.286647;380730;0;0;sBELA*;? Unchecked;v1.6.0-140-g9a10cc1
roadmap;dimacs;29/80;80;    701030;   1127091;405109;1086;4938852;776714;86;1849;1.74594;444867;0;0;sBELA*;? Unchecked;v1.6.0-140-g9a10cc1
roadmap;dimacs;30/80;80;    472756;    557148;52516;334;573226;102028;85;1747;0.235418;433391;0;0;sBELA*;? Unchecked;v1.6.0-140-g9a10cc1
roadmap;dimacs;31/80;80;    155407;    436004;101676;423;1196186;142853;58;1849;0.346917;411779;0;0;sBELA*;? Unchecked;v1.6.0-140-g9a10cc1
roadmap;dimacs;32/80;80;    456711;    311070;380520;1188;4546989;861247;57;1849;1.97135;436881;0;0;sBELA*;? Unchecked;v1.6.0-140-g9a10cc1
roadmap;dimacs;33/80;80;    442126;    981906;201739;982;2240162;324704;78;1747;0.770487;421427;0;0;sBELA*;? Unchecked;v1.6.0-140-g9a10cc1
roadmap;dimacs;34/80;80;    245025;    364323;287766;886;3395755;261236;56;1837;0.631785;413489;0;0;sBELA*;? Unchecked;v1.6.0-140-g9a10cc1
roadmap;dimacs;35/80;80;      5294;    359682;497906;1055;5856988;377336;339;1837;1.0556;357462;0;0;sBELA*;? Unchecked;v1.6.0-140-g9a10cc1
roadmap;dimacs;36/80;80;    971272;    420382;454529;1026;5523236;544491;253;1837;1.3381;406914;0;0;sBELA*;? Unchecked;v1.6.0-140-g9a10cc1
roadmap;dimacs;37/80;80;   1085133;    900426;525527;1641;6548939;1146793;22;1837;2.40986;475875;0;0;sBELA*;? Unchecked;v1.6.0-140-g9a10cc1
roadmap;dimacs;38/80;80;    428123;    175918;164463;510;2187017;315876;85;1849;0.720193;438599;0;0;sBELA*;? Unchecked;v1.6.0-140-g9a10cc1
roadmap;dimacs;39/80;80;    371133;    254310;338822;826;4059179;503137;102;1849;1.15369;436111;0;0;sBELA*;? Unchecked;v1.6.0-140-g9a10cc1
roadmap;dimacs;40/80;80;    145885;    494504;351426;940;4004142;653340;40;1849;1.44862;451008;0;0;sBELA*;? Unchecked;v1.6.0-140-g9a10cc1
roadmap;dimacs;41/80;80;   1033980;   1115849;253936;953;3386475;571089;50;1849;1.21138;471438;0;0;sBELA*;? Unchecked;v1.6.0-140-g9a10cc1
roadmap;dimacs;42/80;80;    678373;    779275;238222;985;2863849;401447;277;1849;0.919397;436642;0;0;sBELA*;? Unchecked;v1.6.0-140-g9a10cc1
roadmap;dimacs;43/80;80;   1204962;    531023;234648;819;2886982;460415;35;1849;1.00315;458970;0;0;sBELA*;? Unchecked;v1.6.0-140-g9a10cc1
roadmap;dimacs;44/80;80;   1004218;    821966;177842;1280;3036167;238416;27;1849;0.595516;400352;0;0;sBELA*;? Unchecked;v1.6.0-140-g9a10cc1
roadmap;dimacs;45/80;80;    675354;    512610;558235;1633;7038296;954391;71;1849;2.0467;466308;0;0;sBELA*;? Unchecked;v1.6.0-140-g9a10cc1
roadmap;dimacs;46/80;80;     86859;    596027;873518;2718;11007508;1200211;42;1849;2.77788;432060;0;0;sBELA*;? Unchecked;v1.6.0-140-g9a10cc1
roadmap;dimacs;47/80;80;    681418;    478587;221147;1146;2669667;464159;70;1849;1.0134;458023;0;0;sBELA*;? Unchecked;v1.6.0-140-g9a10cc1
roadmap;dimacs;48/80;80;    760397;    372153;402374;1930;4697503;721989;61;1852;1.73446;416261;0;0;sBELA*;? Unchecked;v1.6.0-140-g9a10cc1
roadmap;dimacs;49/80;80;     93813;    542722;495968;1384;5909797;606717;72;1852;1.46406;414406;0;0;sBELA*;? Unchecked;v1.6.0-140-g9a10cc1
roadmap;dimacs;50/80;80;    447380;    364700;339858;952;4094476;552335;56;1852;1.29739;425728;0;0;sBELA*;? Unchecked;v1.6.0-140-g9a10cc1
roadmap;dimacs;51/80;80;    247986;    234915;335229;565;4053102;211464;161;1852;0.542579;389738;0;0;sBELA*;? Unchecked;v1.6.0-140-g9a10cc1
roadmap;dimacs;52/80;80;    980356;    494879;326387;622;3778927;227835;241;1852;0.551295;413273;0;0;sBELA*;? Unchecked;v1.6.0-140-g9a10cc1
roadmap;dimacs;53/80;80;    892807;    798084;85109;236;1211612;193984;694;1749;0.460944;420840;0;0;sBELA*;? Unchecked;v1.6.0-140-g9a10cc1
roadmap;dimacs;54/80;80;    720503;   1090045;559074;2110;6796563;1095488;58;1839;2.35973;464244;0;0;sBELA*;? Unchecked;v1.6.0-140-g9a10cc1
roadmap;dimacs;55/80;80;    489387;   1078166;236291;897;3124142;390630;64;1839;0.874721;446577;0;0;sBELA*;? Unchecked;v1.6.0-140-g9a10cc1
roadmap;dimacs;56/80;80;     32771;     17233;493614;1468;6115668;565505;80;1839;1.3807;409579;0;0;sBELA*;? Unchecked;v1.6.0-140-g9a10cc1
roadmap;dimacs;57/80;80;    746419;    325594;489132;1476;5966188;973747;50;1851;2.07398;469507;0;0;sBELA*;? Unchecked;v1.6.0-140-g9a10cc1
roadmap;dimacs;58/80;80;    884332;    577380;242278;576;2950229;494499;77;1851;1.02697;481511;0;0;sBELA*;? Unchecked;v1.6.0-140-g9a10cc1
roadmap;dimacs;59/80;80;   1095690;    484726;412533;1193;4904301;458427;92;1851;1.12133;408825;0;0;sBELA*;? Unchecked;v1.6.0-140-g9a10cc1
roadmap;dimacs;60/80;80;    949870;    966567;123708;428;1397250;88875;56;1851;0.231312;384222;0;0;sBELA*;? Unchecked;v1.6.0-140-g9a10cc1
roadmap;dimacs;61/80;80;    682839;    783539;216164;922;2855066;243949;83;1851;0.610779;399406;0;0;sBELA*;? Unchecked;v1.6.0-140-g9a10cc1
roadmap;dimacs;62/80;80;   1002602;    269552;551874;1358;6618499;1155699;138;1851;2.49019;464101;0;0;sBELA*;? Unchecked;v1.6.0-140-g9a10cc1
roadmap;dimacs;63/80;80;    599356;    815289;489248;1611;6407560;684528;56;1851;1.51961;450464;0;0;sBELA*;? Unchecked;v1.6.0-140-g9a10cc1
roadmap;dimacs;64/80;80;    609510;    868976;167634;617;2015563;312459;142;1851;0.648836;481569;0;0;sBELA*;? Unchecked;v1.6.0-140-g9a10cc1
roadmap;dimacs;65/80;80;   1056417;   1197904;522327;1479;6134033;778547;87;1851;1.81698;428484;0;0;sBELA*;? Unchecked;v1.6.0-140-g9a10cc1
roadmap;dimacs;66/80;80;    483230;    807734;179356;904;2618452;316270;74;1851;0.745179;424422;0;0;sBELA*;? Unchecked;v1.6.0-140-g9a10cc1
roadmap;dimacs;67/80;80;    521120;    311174;538082;1155;6961277;1075307;177;1851;2.35304;456986;0;0;sBELA*;? Unchecked;v1.6.0-140-g9a10cc1
roadmap;dimacs;68/80;80;    181514;     70872;494839;1026;5810834;953618;88;1851;2.07077;460515;0;0;sBELA*;? Unchecked;v1.6.0-140-g9a10cc1
roadmap;dimacs;69/80;80;    831298;    692941;268541;1600;5456540;576395;66;1851;1.32652;434515;0;0;sBELA*;? Unchecked;v1.6.0-140-g9a10cc1
roadmap;dimacs;70/80;80;    576531;    928353;288630;840;3354611;478806;68;1851;1.05379;454365;0;0;sBELA*;? Unchecked;v1.6.0-140-g9a10cc1
roadmap;dimacs;71/80;80;    890413;    335170;628149;1594;7709224;1159654;43;1851;2.41831;479530;0;0;sBELA*;? Unchecked;v1.6.0-140-g9a10cc1
roadmap;dimacs;72/80;80;    505669;    752733;347823;1123;4318735;612849;115;1851;1.49565;409753;0;0;sBELA*;? Unchecked;v1.6.0-140-g9a10cc1
roadmap;dimacs;73/80;80;   1190825;   1005135;134067;584;1512832;186529;99;1851;0.420928;443137;0;0;sBELA*;? Unchecked;v1.6.0-140-g9a10cc1
roadmap;dimacs;74/80;80;   1011910;    329023;720790;2154;8406507;1103725;23;1851;2.57997;427806;0;0;sBELA*;? Unchecked;v1.6.0-140-g9a10cc1
roadmap;dimacs;75/80;80;    893394;    520208;470591;1280;5965957;934249;76;1851;2.03699;458641;0;0;sBELA*;? Unchecked;v1.6.0-140-g9a10cc1
roadmap;dimacs;76/80;80;    932724;    182285;404031;1316;4926993;773937;37;1851;1.74449;443647;0;0;sBELA*;? Unchecked;v1.6.0-140-g9a10cc1
roadmap;dimacs;77/80;80;     95486;    223534;735147;2454;8973948;1116803;26;1851;2.63248;424239;0;0;sBELA*;? Unchecked;v1.6.0-140-g9a10cc1
roadmap;dimacs;78/80;80;   1029767;     91221;388766;932;4641018;942135;149;1851;2.10095;448433;0;0;sBELA*;? Unchecked;v1.6.0-140-g9a10cc1
roadmap;dimacs;79/80;80;     67100;    510326;268257;748;3413848;235600;81;1851;0.560163;420592;0;0;sBELA*;? Unchecked;v1.6.0-140-g9a10cc1
roadmap;dimacs;80/80;80;    846164;    646741;453862;1669;6083805;864743;166;1851;1.96959;439047;0;0;sBELA*;? Unchecked;v1.6.0-140-g9a10cc1
roadmap;dimacs;81/80;80;   1087215;    947306;482917;1226;5825274;806632;47;1851;1.8186;443547;0;0;sBELA*;? Unchecked;v1.6.0-140-g9a10cc1
roadmap;dimacs;82/80;80;    619348;    369016;193912;803;2058230;308559;75;1851;0.743891;414791;0;0;sBELA*;? Unchecked;v1.6.0-140-g9a10cc1
roadmap;dimacs;83/80;80;   1041136;    582354;145911;533;1892812;117798;59;1851;0.276877;425453;0;0;sBELA*;? Unchecked;v1.6.0-140-g9a10cc1
roadmap;dimacs;84/80;80;   1023095;    975421;185525;636;2086193;138037;44;1851;0.405561;340360;0;0;sBELA*;? Unchecked;v1.6.0-140-g9a10cc1
roadmap;dimacs;85/80;80;   1057515;    241893;271597;873;4037157;267560;84;1851;0.665156;402251;0;0;sBELA*;? Unchecked;v1.6.0-140-g9a10cc1
roadmap;dimacs;86/80;80;    467176;    425228;480846;1335;5780895;1013182;6;1851;2.11537;478961;0;0;sBELA*;? Unchecked;v1.6.0-140-g9a10cc1
roadmap;dimacs;87/80;80;    129108;     84480;580589;1081;6972436;1157583;99;1851;2.4473;473004;0;0;sBELA*;? Unchecked;v1.6.0-140-g9a10cc1
roadmap;dimacs;88/80;80;    968130;     31496;86422;392;1086755;61094;246;1851;0.187601;325659;0;0;sBELA*;? Unchecked;v1.6.0-140-g9a10cc1
roadmap;dimacs;89/80;80;   1077408;    807029;436814;1597;5353706;476995;58;1851;1.1714;407200;0;0;sBELA*;? Unchecked;v1.6.0-140-g9a10cc1
roadmap;dimacs;90/80;80;   1093559;    364731;173511;672;2080488;107941;1692;1851;0.461082;234104;0;0;sBELA*;? Unchecked;v1.6.0-140-g9a10cc1
roadmap;dimacs;91/80;80;    201585;    558881;178496;458;2351545;273967;159;1851;0.687206;398668;0;0;sBELA*;? Unchecked;v1.6.0-140-g9a10cc1
roadmap;dimacs;92/80;80;    713598;    144731;251834;833;3426963;552921;20;1749;1.16256;475606;0;0;sBELA*;? Unchecked;v1.6.0-140-g9a10cc1
roadmap;dimacs;93/80;80;     74935;   1046029;301814;591;3399734;274206;312;1839;0.673957;406860;0;0;sBELA*;? Unchecked;v1.6.0-140-g9a10cc1
roadmap;dimacs;94/80;80;    643572;   1117036;350301;1079;4528630;613413;27;1839;1.39099;440991;0;0;sBELA*;? Unchecked;v1.6.0-140-g9a10cc1
roadmap;dimacs;95/80;80;     53022;   1008418;530350;1690;6633261;872644;48;1839;1.92563;453172;0;0;sBELA*;? Unchecked;v1.6.0-140-g9a10cc1
roadmap;dimacs;96/80;80;   1003495;    202919;316576;884;3859624;439755;105;1839;0.983873;446963;0;0;sBELA*;? Unchecked;v1.6.0-140-g9a10cc1
roadmap;dimacs;97/80;80;     39282;   1102138;751539;2467;8938190;1070250;34;1839;2.59244;412836;0;0;sBELA*;? Unchecked;v1.6.0-140-g9a10cc1
roadmap;dimacs;98/80;80;    105999;    190640;320715;1027;3968687;329374;120;1839;0.770782;427325;0;0;sBELA*;? Unchecked;v1.6.0-140-g9a10cc1
roadmap;dimacs;99/80;80;    246000;   1072283;347411;1026;4511740;657719;120;1839;1.55513;422934;0;0;sBELA*;? Unchecked;v1.6.0-140-g9a10cc1
roadmap;dimacs;0/90;90;   1184114;    193764;365827;1162;4668864;782000;47;1851;1.73385;451020;0;0;sBELA*;? Unchecked;v1.6.0-140-g9a10cc1
roadmap;dimacs;1/90;90;    457060;   1134187;306698;829;3674440;707091;109;1851;1.48406;476458;0;0;sBELA*;? Unchecked;v1.6.0-140-g9a10cc1
roadmap;dimacs;2/90;90;    648367;    958789;129341;531;1578239;64296;120;1851;0.206629;311167;0;0;sBELA*;? Unchecked;v1.6.0-140-g9a10cc1
roadmap;dimacs;3/90;90;    485078;    567556;537678;1410;6183356;964314;30;1851;2.04256;472111;0;0;sBELA*;? Unchecked;v1.6.0-140-g9a10cc1
roadmap;dimacs;4/90;90;   1175334;   1035537;284229;749;3674280;251078;297;1851;0.657653;381779;0;0;sBELA*;? Unchecked;v1.6.0-140-g9a10cc1
roadmap;dimacs;5/90;90;    626886;    437084;155658;800;1776808;259068;81;1851;0.567688;456356;0;0;sBELA*;? Unchecked;v1.6.0-140-g9a10cc1
roadmap;dimacs;6/90;90;    635719;    734204;195593;955;2314584;425356;66;1851;0.968836;439038;0;0;sBELA*;? Unchecked;v1.6.0-140-g9a10cc1
roadmap;dimacs;7/90;90;    316104;    997118;457827;1631;5531005;648231;19;1851;1.45374;445904;0;0;sBELA*;? Unchecked;v1.6.0-140-g9a10cc1
roadmap;dimacs;8/90;90;     47649;    976084;558601;1291;6555234;523371;62;1851;1.27319;411070;0;0;sBELA*;? Unchecked;v1.6.0-140-g9a10cc1
roadmap;dimacs;9/90;90;    915484;   1137906;165806;643;2220045;230060;54;1851;0.571238;402740;0;0;sBELA*;? Unchecked;v1.6.0-140-g9a10cc1
roadmap;dimacs;10/90;90;     72419;    669854;530352;1510;6188722;797916;58;1851;1.81673;439204;0;0;sBELA*;? Unchecked;v1.6.0-140-g9a10cc1
roadmap;dimacs;11/90;90;   1121375;    296229;257314;943;2972757;408673;125;1851;0.93955;434967;0;0;sBELA*;? Unchecked;v1.6.0-140-g9a10cc1
roadmap;dimacs;12/90;90;    873937;   1184806;135547;898;1799045;264006;13;1749;0.543804;485480;0;0;sBELA*;? Unchecked;v1.6.0-140-g9a10cc1
roadmap;dimacs;13/90;90;    193531;    355264;127820;253;1753911;92967;106;1821;0.250293;371433;0;0;sBELA*;? Unchecked;v1.6.0-140-g9a10cc1
roadmap;dimacs;14/90;90;    147031;    633056;115065;545;2056001;251230;56;1838;0.625997;401328;0;0;sBELA*;? Unchecked;v1.6.0-140-g9a10cc1
roadmap;dimacs;15/90;90;    362446;    482465;186548;713;2280474;309633;90;1839;0.716783;431976;0;0;sBELA*;? Unchecked;v1.6.0-140-g9a10cc1
roadmap;dimacs;16/90;90;    770308;    417500;737243;1750;8930054;1203467;60;1839;2.79354;430803;0;0;sBELA*;? Unchecked;v1.6.0-140-g9a10cc1
roadmap;dimacs;17/90;90;    908330;    720411;129050;302;1792464;190312;337;1839;0.439209;433306;0;0;sBELA*;? Unchecked;v1.6.0-140-g9a10cc1
roadmap;dimacs;18/90;90;   1038933;    130295;221765;835;3271460;565490;86;1839;1.23363;458397;0;0;sBELA*;? Unchecked;v1.6.0-140-g9a10cc1
roadmap;dimacs;19/90;90;    652846;    858648;268696;626;3458011;372078;131;1839;0.858176;433568;0;0;sBELA*;? Unchecked;v1.6.0-140-g9a10cc1
roadmap;dimacs;20/90;90;    676969;    283827;563880;2077;6738998;956051;65;1839;2.0737;461037;0;0;sBELA*;? Unchecked;v1.6.0-140-g9a10cc1
roadmap;dimacs;21/90;90;    910826;    680529;199319;778;2574922;417194;203;1839;0.967876;431041;0;0;sBELA*;? Unchecked;v1.6.0-140-g9a10cc1
roadmap;dimacs;22/90;90;    515058;    865076;359432;1221;4602795;709724;141;1839;1.72086;412424;0;0;sBELA*;? Unchecked;v1.6.0-140-g9a10cc1
roadmap;dimacs;23/90;90;    348482;    108720;485606;1430;5713108;815543;54;1839;1.85481;439691;0;0;sBELA*;? Unchecked;v1.6.0-140-g9a10cc1
roadmap;dimacs;24/90;90;   1204965;    881288;191225;687;2391628;217907;95;1839;0.558862;389912;0;0;sBELA*;? Unchecked;v1.6.0-140-g9a10cc1
roadmap;dimacs;25/90;90;    907042;    523545;158819;509;2345396;416664;288;1839;0.947026;439971;0;0;sBELA*;? Unchecked;v1.6.0-140-g9a10cc1
roadmap;dimacs;26/90;90;    752817;    293040;341704;1028;4298192;692922;101;1851;1.56896;441644;0;0;sBELA*;? Unchecked;v1.6.0-140-g9a10cc1
roadmap;dimacs;27/90;90;    491779;    520998;507666;1493;6001080;946392;29;1851;2.03967;463993;0;0;sBELA*;? Unchecked;v1.6.0-140-g9a10cc1
roadmap;dimacs;28/90;90;   1009615;   1162067;145474;790;1606110;109135;96;1851;0.292908;372592;0;0;sBELA*;? Unchecked;v1.6.0-140-g9a10cc1
roadmap;dimacs;29/90;90;    701030;   1127091;405109;1090;4938857;776717;95;1851;1.75244;443221;0;0;sBELA*;? Unchecked;v1.6.0-140-g9a10cc1
roadmap;dimacs;30/90;90;    472756;    557148;52516;336;573230;102028;96;1749;0.229726;444130;0;0;sBELA*;? Unchecked;v1.6.0-140-g9a10cc1
roadmap;dimacs;31/90;90;    155407;    436004;101676;424;1196187;142853;63;1851;0.351358;406573;0;0;sBELA*;? Unchecked;v1.6.0-140-g9a10cc1
roadmap;dimacs;32/90;90;    456711;    311070;380520;1190;4546990;861247;62;1851;1.92191;448120;0;0;sBELA*;? Unchecked;v1.6.0-140-g9a10cc1
roadmap;dimacs;33/90;90;    442126;    981906;201739;975;2240164;324704;87;1749;0.775911;418481;0;0;sBELA*;? Unchecked;v1.6.0-140-g9a10cc1
roadmap;dimacs;34/90;90;    245025;    364323;287766;889;3395758;261236;60;1839;0.631551;413642;0;0;sBELA*;? Unchecked;v1.6.0-140-g9a10cc1
roadmap;dimacs;35/90;90;      5294;    359682;497906;1057;5857007;377339;390;1839;1.10704;340853;0;0;sBELA*;? Unchecked;v1.6.0-140-g9a10cc1
roadmap;dimacs;36/90;90;    971272;    420382;454529;1020;5523249;544493;289;1839;1.3582;400894;0;0;sBELA*;? Unchecked;v1.6.0-140-g9a10cc1
roadmap;dimacs;37/90;90;   1085133;    900426;525527;1644;6548943;1146793;27;1839;2.42232;473427;0;0;sBELA*;? Unchecked;v1.6.0-140-g9a10cc1
roadmap;dimacs;38/90;90;    428123;    175918;164463;511;2187023;315877;95;1851;0.724235;436153;0;0;sBELA*;? Unchecked;v1.6.0-140-g9a10cc1
roadmap;dimacs;39/90;90;    371133;    254310;338822;823;4059187;503138;112;1851;1.16491;431910;0;0;sBELA*;? Unchecked;v1.6.0-140-g9a10cc1
roadmap;dimacs;40/90;90;    145885;    494504;351426;940;4004151;653340;45;1851;1.4841;440225;0;0;sBELA*;? Unchecked;v1.6.0-140-g9a10cc1
roadmap;dimacs;41/90;90;   1033980;   1115849;253936;953;3386477;571089;56;1851;1.22371;466685;0;0;sBELA*;? Unchecked;v1.6.0-140-g9a10cc1
roadmap;dimacs;42/90;90;    678373;    779275;238222;996;2863869;401447;337;1851;0.940119;427017;0;0;sBELA*;? Unchecked;v1.6.0-140-g9a10cc1
roadmap;dimacs;43/90;90;   1204962;    531023;234648;819;2886994;460417;42;1851;1.00426;458464;0;0;sBELA*;? Unchecked;v1.6.0-140-g9a10cc1
roadmap;dimacs;44/90;90;   1004218;    821966;177842;1280;3036168;238417;31;1851;0.572714;416294;0;0;sBELA*;? Unchecked;v1.6.0-140-g9a10cc1
roadmap;dimacs;45/90;90;    675354;    512610;558235;1633;7038298;954391;80;1851;2.04686;466271;0;0;sBELA*;? Unchecked;v1.6.0-140-g9a10cc1
roadmap;dimacs;46/90;90;     86859;    596027;873518;2719;11007509;1200211;47;1851;2.81768;425958;0;0;sBELA*;? Unchecked;v1.6.0-140-g9a10cc1
roadmap;dimacs;47/90;90;    681418;    478587;221147;1144;2669668;464159;76;1851;1.02497;452851;0;0;sBELA*;? Unchecked;v1.6.0-140-g9a10cc1
roadmap;dimacs;48/90;90;    760397;    372153;402374;1928;4697504;721990;67;1851;1.70948;422346;0;0;sBELA*;? Unchecked;v1.6.0-140-g9a10cc1
roadmap;dimacs;49/90;90;     93813;    542722;495968;1386;5909800;606721;80;1851;1.47254;412024;0;0;sBELA*;? Unchecked;v1.6.0-140-g9a10cc1
roadmap;dimacs;50/90;90;    447380;    364700;339858;955;4094479;552339;60;1851;1.304;423574;0;0;sBELA*;? Unchecked;v1.6.0-140-g9a10cc1
roadmap;dimacs;51/90;90;    247986;    234915;335229;564;4053127;211465;185;1851;0.54908;385126;0;0;sBELA*;? Unchecked;v1.6.0-140-g9a10cc1
roadmap;dimacs;52/90;90;    980356;    494879;326387;622;3778945;227838;275;1851;0.56698;401845;0;0;sBELA*;? Unchecked;v1.6.0-140-g9a10cc1
roadmap;dimacs;53/90;90;    892807;    798084;85109;239;1211688;193991;853;1749;0.475381;408075;0;0;sBELA*;? Unchecked;v1.6.0-140-g9a10cc1
roadmap;dimacs;54/90;90;    720503;   1090045;559074;2106;6796564;1095488;65;1839;2.3684;462544;0;0;sBELA*;? Unchecked;v1.6.0-140-g9a10cc1
roadmap;dimacs;55/90;90;    489387;   1078166;236291;899;3124148;390634;74;1839;0.878666;444576;0;0;sBELA*;? Unchecked;v1.6.0-140-g9a10cc1
roadmap;dimacs;56/90;90;     32771;     17233;493614;1472;6115672;565505;88;1839;1.38208;409169;0;0;sBELA*;? Unchecked;v1.6.0-140-g9a10cc1
roadmap;dimacs;57/90;90;    746419;    325594;489132;1478;5966194;973748;61;1851;2.11809;459730;0;0;sBELA*;? Unchecked;v1.6.0-140-g9a10cc1
roadmap;dimacs;58/90;90;    884332;    577380;242278;571;2950235;494502;87;1851;1.03296;478725;0;0;sBELA*;? Unchecked;v1.6.0-140-g9a10cc1
roadmap;dimacs;59/90;90;   1095690;    484726;412533;1192;4904304;458427;100;1851;1.13418;404191;0;0;sBELA*;? Unchecked;v1.6.0-140-g9a10cc1
roadmap;dimacs;60/90;90;    949870;    966567;123708;425;1397261;88875;65;1851;0.234817;378486;0;0;sBELA*;? Unchecked;v1.6.0-140-g9a10cc1
roadmap;dimacs;61/90;90;    682839;    783539;216164;920;2855070;243949;89;1851;0.584256;417538;0;0;sBELA*;? Unchecked;v1.6.0-140-g9a10cc1
roadmap;dimacs;62/90;90;   1002602;    269552;551874;1353;6618505;1155701;164;1851;2.50817;460774;0;0;sBELA*;? Unchecked;v1.6.0-140-g9a10cc1
roadmap;dimacs;63/90;90;    599356;    815289;489248;1609;6407561;684528;64;1851;1.57738;433965;0;0;sBELA*;? Unchecked;v1.6.0-140-g9a10cc1
roadmap;dimacs;64/90;90;    609510;    868976;167634;620;2015567;312460;156;1851;0.653009;478493;0;0;sBELA*;? Unchecked;v1.6.0-140-g9a10cc1
roadmap;dimacs;65/90;90;   1056417;   1197904;522327;1489;6134035;778547;91;1851;1.84437;422121;0;0;sBELA*;? Unchecked;v1.6.0-140-g9a10cc1
roadmap;dimacs;66/90;90;    483230;    807734;179356;902;2618455;316270;80;1851;0.724526;436520;0;0;sBELA*;? Unchecked;v1.6.0-140-g9a10cc1
roadmap;dimacs;67/90;90;    521120;    311174;538082;1155;6961288;1075313;208;1851;2.37059;453605;0;0;sBELA*;? Unchecked;v1.6.0-140-g9a10cc1
roadmap;dimacs;68/90;90;    181514;     70872;494839;1024;5810841;953621;98;1851;2.11932;449967;0;0;sBELA*;? Unchecked;v1.6.0-140-g9a10cc1
roadmap;dimacs;69/90;90;    831298;    692941;268541;1599;5456542;576395;71;1851;1.35701;424752;0;0;sBELA*;? Unchecked;v1.6.0-140-g9a10cc1
roadmap;dimacs;70/90;90;    576531;    928353;288630;842;3354620;478818;80;1851;1.06028;451596;0;0;sBELA*;? Unchecked;v1.6.0-140-g9a10cc1
roadmap;dimacs;71/90;90;    890413;    335170;628149;1596;7709227;1159654;47;1851;2.38877;485460;0;0;sBELA*;? Unchecked;v1.6.0-140-g9a10cc1
roadmap;dimacs;72/90;90;    505669;    752733;347823;1124;4318739;612855;127;1851;1.5366;398839;0;0;sBELA*;? Unchecked;v1.6.0-140-g9a10cc1
roadmap;dimacs;73/90;90;   1190825;   1005135;134067;583;1512838;186529;109;1851;0.431099;432682;0;0;sBELA*;? Unchecked;v1.6.0-140-g9a10cc1
roadmap;dimacs;74/90;90;   1011910;    329023;720790;2148;8406509;1103726;26;1851;2.60937;422985;0;0;sBELA*;? Unchecked;v1.6.0-140-g9a10cc1
roadmap;dimacs;75/90;90;    893394;    520208;470591;1279;5965958;934249;82;1851;1.98901;469706;0;0;sBELA*;? Unchecked;v1.6.0-140-g9a10cc1
roadmap;dimacs;76/90;90;    932724;    182285;404031;1315;4926996;773937;42;1851;1.78438;433728;0;0;sBELA*;? Unchecked;v1.6.0-140-g9a10cc1
roadmap;dimacs;77/90;90;     95486;    223534;735147;2452;8973951;1116803;30;1851;2.64882;421623;0;0;sBELA*;? Unchecked;v1.6.0-140-g9a10cc1
roadmap;dimacs;78/90;90;   1029767;     91221;388766;934;4641024;942136;162;1851;2.07717;453566;0;0;sBELA*;? Unchecked;v1.6.0-140-g9a10cc1
roadmap;dimacs;79/90;90;     67100;    510326;268257;751;3413851;235600;87;1851;0.561932;419268;0;0;sBELA*;? Unchecked;v1.6.0-140-g9a10cc1
roadmap;dimacs;80/90;90;    846164;    646741;453862;1667;6083812;864744;188;1851;1.99851;432695;0;0;sBELA*;? Unchecked;v1.6.0-140-g9a10cc1
roadmap;dimacs;81/90;90;   1087215;    947306;482917;1233;5825276;806632;52;1851;1.82682;441549;0;0;sBELA*;? Unchecked;v1.6.0-140-g9a10cc1
roadmap;dimacs;82/90;90;    619348;    369016;193912;807;2058232;308560;84;1851;0.74301;415284;0;0;sBELA*;? Unchecked;v1.6.0-140-g9a10cc1
roadmap;dimacs;83/90;90;   1041136;    582354;145911;533;1892826;117802;65;1851;0.290242;405875;0;0;sBELA*;? Unchecked;v1.6.0-140-g9a10cc1
roadmap;dimacs;84/90;90;   1023095;    975421;185525;636;2086196;138037;50;1851;0.410276;336449;0;0;sBELA*;? Unchecked;v1.6.0-140-g9a10cc1
roadmap;dimacs;85/90;90;   1057515;    241893;271597;875;4037165;267560;96;1851;0.664524;402634;0;0;sBELA*;? Unchecked;v1.6.0-140-g9a10cc1
roadmap;dimacs;86/90;90;    467176;    425228;480846;1334;5780895;1013182;6;1851;2.11954;478020;0;0;sBELA*;? Unchecked;v1.6.0-140-g9a10cc1
roadmap;dimacs;87/90;90;    129108;     84480;580589;1079;6972444;1157586;111;1851;2.48276;466249;0;0;sBELA*;? Unchecked;v1.6.0-140-g9a10cc1
roadmap;dimacs;88/90;90;    968130;     31496;86422;394;1086778;61100;270;1851;0.191847;318484;0;0;sBELA*;? Unchecked;v1.6.0-140-g9a10cc1
roadmap;dimacs;89/90;90;   1077408;    807029;436814;1587;5353707;476995;64;1851;1.18482;402590;0;0;sBELA*;? Unchecked;v1.6.0-140-g9a10cc1
roadmap;dimacs;90/90;90;   1093559;    364731;173511;667;2080518;107944;1863;1851;0.472025;228683;0;0;sBELA*;? Unchecked;v1.6.0-140-g9a10cc1
roadmap;dimacs;91/90;90;    201585;    558881;178496;462;2351559;273969;179;1851;0.683316;400941;0;0;sBELA*;? Unchecked;v1.6.0-140-g9a10cc1
roadmap;dimacs;92/90;90;    713598;    144731;251834;832;3426970;552923;23;1749;1.16508;474581;0;0;sBELA*;? Unchecked;v1.6.0-140-g9a10cc1
roadmap;dimacs;93/90;90;     74935;   1046029;301814;596;3399769;274208;373;1839;0.677225;404899;0;0;sBELA*;? Unchecked;v1.6.0-140-g9a10cc1
roadmap;dimacs;94/90;90;    643572;   1117036;350301;1080;4528634;613414;31;1839;1.42349;430923;0;0;sBELA*;? Unchecked;v1.6.0-140-g9a10cc1
roadmap;dimacs;95/90;90;     53022;   1008418;530350;1692;6633263;872644;52;1839;1.94072;449651;0;0;sBELA*;? Unchecked;v1.6.0-140-g9a10cc1
roadmap;dimacs;96/90;90;   1003495;    202919;316576;888;3859632;439763;117;1839;0.985983;446015;0;0;sBELA*;? Unchecked;v1.6.0-140-g9a10cc1
roadmap;dimacs;97/90;90;     39282;   1102138;751539;2467;8938194;1070251;38;1839;2.56854;416676;0;0;sBELA*;? Unchecked;v1.6.0-140-g9a10cc1
roadmap;dimacs;98/90;90;    105999;    190640;320715;1029;3968693;329374;135;1839;0.780141;422198;0;0;sBELA*;? Unchecked;v1.6.0-140-g9a10cc1
roadmap;dimacs;99/90;90;    246000;   1072283;347411;1028;4511749;657723;137;1839;1.60185;410603;0;0;sBELA*;? Unchecked;v1.6.0-140-g9a10cc1
roadmap;dimacs;0/100;100;   1184114;    193764;365827;1165;4668865;782000;50;1839;1.72473;453405;0;0;sBELA*;? Unchecked;v1.6.0-140-g9a10cc1
roadmap;dimacs;1/100;100;    457060;   1134187;306698;830;3674443;707091;118;1839;1.49007;474536;0;0;sBELA*;? Unchecked;v1.6.0-140-g9a10cc1
roadmap;dimacs;2/100;100;    648367;    958789;129341;530;1578243;64296;133;1839;0.186347;345035;0;0;sBELA*;? Unchecked;v1.6.0-140-g9a10cc1
roadmap;dimacs;3/100;100;    485078;    567556;537678;1410;6183362;964315;35;1839;2.04161;472332;0;0;sBELA*;? Unchecked;v1.6.0-140-g9a10cc1
roadmap;dimacs;4/100;100;   1175334;   1035537;284229;752;3674290;251078;338;1839;0.662854;378783;0;0;sBELA*;? Unchecked;v1.6.0-140-g9a10cc1
roadmap;dimacs;5/100;100;    626886;    437084;155658;805;1776811;259069;89;1839;0.569598;454828;0;0;sBELA*;? Unchecked;v1.6.0-140-g9a10cc1
roadmap;dimacs;6/100;100;    635719;    734204;195593;954;2314586;425356;73;1839;0.96585;440395;0;0;sBELA*;? Unchecked;v1.6.0-140-g9a10cc1
roadmap;dimacs;7/100;100;    316104;    997118;457827;1631;5531005;648231;21;1839;1.46321;443021;0;0;sBELA*;? Unchecked;v1.6.0-140-g9a10cc1
roadmap;dimacs;8/100;100;     47649;    976084;558601;1291;6555237;523371;66;1839;1.27764;409639;0;0;sBELA*;? Unchecked;v1.6.0-140-g9a10cc1
roadmap;dimacs;9/100;100;    915484;   1137906;165806;640;2220049;230060;61;1839;0.544175;422769;0;0;sBELA*;? Unchecked;v1.6.0-140-g9a10cc1
roadmap;dimacs;10/100;100;     72419;    669854;530352;1511;6188724;797917;65;1839;1.81061;440689;0;0;sBELA*;? Unchecked;v1.6.0-140-g9a10cc1
roadmap;dimacs;11/100;100;   1121375;    296229;257314;943;2972772;408675;139;1839;0.995189;410651;0;0;sBELA*;? Unchecked;v1.6.0-140-g9a10cc1
roadmap;dimacs;12/100;100;    873937;   1184806;135547;896;1799046;264006;14;1839;0.517574;510084;0;0;sBELA*;? Unchecked;v1.6.0-140-g9a10cc1
roadmap;dimacs;13/100;100;    193531;    355264;127820;254;1753934;92973;116;1839;0.231266;402018;0;0;sBELA*;? Unchecked;v1.6.0-140-g9a10cc1
roadmap;dimacs;14/100;100;    147031;    633056;115065;543;2056010;251233;62;1839;0.620063;405173;0;0;sBELA*;? Unchecked;v1.6.0-140-g9a10cc1
roadmap;dimacs;15/100;100;    362446;    482465;186548;713;2280480;309633;103;1839;0.714883;433124;0;0;sBELA*;? Unchecked;v1.6.0-140-g9a10cc1
roadmap;dimacs;16/100;100;    770308;    417500;737243;1747;8930056;1203467;69;1839;2.72035;442395;0;0;sBELA*;? Unchecked;v1.6.0-140-g9a10cc1
roadmap;dimacs;17/100;100;    908330;    720411;129050;293;1792493;190328;369;1839;0.437292;435242;0;0;sBELA*;? Unchecked;v1.6.0-140-g9a10cc1
roadmap;dimacs;18/100;100;   1038933;    130295;221765;839;3271469;565493;100;1839;1.23205;458984;0;0;sBELA*;? Unchecked;v1.6.0-140-g9a10cc1
roadmap;dimacs;19/100;100;    652846;    858648;268696;622;3458020;372081;146;1839;0.911892;408032;0;0;sBELA*;? Unchecked;v1.6.0-140-g9a10cc1
roadmap;dimacs;20/100;100;    676969;    283827;563880;2074;6738999;956051;70;1839;2.08972;457502;0;0;sBELA*;? Unchecked;v1.6.0-140-g9a10cc1
roadmap;dimacs;21/100;100;    910826;    680529;199319;779;2574929;417197;220;1839;0.967592;431170;0;0;sBELA*;? Unchecked;v1.6.0-140-g9a10cc1
roadmap;dimacs;22/100;100;    515058;    865076;359432;1219;4602800;709727;158;1839;1.67042;424880;0;0;sBELA*;? Unchecked;v1.6.0-140-g9a10cc1
roadmap;dimacs;23/100;100;    348482;    108720;485606;1431;5713114;815544;59;1839;1.85484;439685;0;0;sBELA*;? Unchecked;v1.6.0-140-g9a10cc1
roadmap;dimacs;24/100;100;   1204965;    881288;191225;685;2391636;217912;107;1839;0.564499;386027;0;0;sBELA*;? Unchecked;v1.6.0-140-g9a10cc1
roadmap;dimacs;25/100;100;    907042;    523545;158819;513;2345410;416675;327;1839;0.951014;438138;0;0;sBELA*;? Unchecked;v1.6.0-140-g9a10cc1
roadmap;dimacs;26/100;100;    752817;    293040;341704;1043;4298199;692923;112;1839;1.58279;437786;0;0;sBELA*;? Unchecked;v1.6.0-140-g9a10cc1
roadmap;dimacs;27/100;100;    491779;    520998;507666;1493;6001082;946392;31;1839;2.00892;471095;0;0;sBELA*;? Unchecked;v1.6.0-140-g9a10cc1
roadmap;dimacs;28/100;100;   1009615;   1162067;145474;790;1606118;109137;106;1839;0.296684;367856;0;0;sBELA*;? Unchecked;v1.6.0-140-g9a10cc1
roadmap;dimacs;29/100;100;    701030;   1127091;405109;1090;4938860;776718;104;1839;1.75578;442377;0;0;sBELA*;? Unchecked;v1.6.0-140-g9a10cc1
roadmap;dimacs;30/100;100;    472756;    557148;52516;333;573234;102029;110;1841;0.227542;448397;0;0;sBELA*;? Unchecked;v1.6.0-140-g9a10cc1
roadmap;dimacs;31/100;100;    155407;    436004;101676;424;1196190;142854;69;1841;0.346889;411815;0;0;sBELA*;? Unchecked;v1.6.0-140-g9a10cc1
roadmap;dimacs;32/100;100;    456711;    311070;380520;1188;4546994;861250;71;1841;1.92908;446457;0;0;sBELA*;? Unchecked;v1.6.0-140-g9a10cc1
roadmap;dimacs;33/100;100;    442126;    981906;201739;980;2240166;324706;92;1853;0.767028;423330;0;0;sBELA*;? Unchecked;v1.6.0-140-g9a10cc1
roadmap;dimacs;34/100;100;    245025;    364323;287766;886;3395759;261236;64;1853;0.613845;425574;0;0;sBELA*;? Unchecked;v1.6.0-140-g9a10cc1
roadmap;dimacs;35/100;100;      5294;    359682;497906;1056;5857020;377343;436;1853;1.07374;351427;0;0;sBELA*;? Unchecked;v1.6.0-140-g9a10cc1
roadmap;dimacs;36/100;100;    971272;    420382;454529;1024;5523258;544498;320;1853;1.35849;400812;0;0;sBELA*;? Unchecked;v1.6.0-140-g9a10cc1
roadmap;dimacs;37/100;100;   1085133;    900426;525527;1649;6548943;1146793;29;1853;2.46125;465939;0;0;sBELA*;? Unchecked;v1.6.0-140-g9a10cc1
roadmap;dimacs;38/100;100;    428123;    175918;164463;510;2187031;315879;105;1853;0.723736;436456;0;0;sBELA*;? Unchecked;v1.6.0-140-g9a10cc1
roadmap;dimacs;39/100;100;    371133;    254310;338822;823;4059192;503139;122;1853;1.16046;433569;0;0;sBELA*;? Unchecked;v1.6.0-140-g9a10cc1
roadmap;dimacs;40/100;100;    145885;    494504;351426;939;4004156;653342;50;1853;1.45285;449696;0;0;sBELA*;? Unchecked;v1.6.0-140-g9a10cc1
roadmap;dimacs;41/100;100;   1033980;   1115849;253936;954;3386477;571089;64;1853;1.21633;469519;0;0;sBELA*;? Unchecked;v1.6.0-140-g9a10cc1
roadmap;dimacs;42/100;100;    678373;    779275;238222;986;2863878;401448;367;1853;0.939401;427345;0;0;sBELA*;? Unchecked;v1.6.0-140-g9a10cc1
roadmap;dimacs;43/100;100;   1204962;    531023;234648;817;2886998;460419;47;1853;1.00942;456124;0;0;sBELA*;? Unchecked;v1.6.0-140-g9a10cc1
roadmap;dimacs;44/100;100;   1004218;    821966;177842;1280;3036171;238417;36;1853;0.570973;417562;0;0;sBELA*;? Unchecked;v1.6.0-140-g9a10cc1
roadmap;dimacs;45/100;100;    675354;    512610;558235;1634;7038301;954391;90;1853;2.05528;464361;0;0;sBELA*;? Unchecked;v1.6.0-140-g9a10cc1
roadmap;dimacs;46/100;100;     86859;    596027;873518;2719;11007510;1200211;53;1853;2.78659;430709;0;0;sBELA*;? Unchecked;v1.6.0-140-g9a10cc1
roadmap;dimacs;47/100;100;    681418;    478587;221147;1145;2669669;464159;81;1853;1.05579;439631;0;0;sBELA*;? Unchecked;v1.6.0-140-g9a10cc1
roadmap;dimacs;48/100;100;    760397;    372153;402374;1929;4697505;721990;74;1853;1.71383;421273;0;0;sBELA*;? Unchecked;v1.6.0-140-g9a10cc1
roadmap;dimacs;49/100;100;     93813;    542722;495968;1383;5909803;606721;87;1853;1.48534;408473;0;0;sBELA*;? Unchecked;v1.6.0-140-g9a10cc1
roadmap;dimacs;50/100;100;    447380;    364700;339858;952;4094480;552339;64;1853;1.29702;425852;0;0;sBELA*;? Unchecked;v1.6.0-140-g9a10cc1
roadmap;dimacs;51/100;100;    247986;    234915;335229;565;4053141;211465;204;1853;0.55173;383276;0;0;sBELA*;? Unchecked;v1.6.0-140-g9a10cc1
roadmap;dimacs;52/100;100;    980356;    494879;326387;622;3778962;227841;310;1853;0.560838;406251;0;0;sBELA*;? Unchecked;v1.6.0-140-g9a10cc1
roadmap;dimacs;53/100;100;    892807;    798084;85109;235;1211737;193994;969;1857;0.48567;399436;0;0;sBELA*;? Unchecked;v1.6.0-140-g9a10cc1
roadmap;dimacs;54/100;100;    720503;   1090045;559074;2103;6796567;1095488;72;1857;2.40517;455472;0;0;sBELA*;? Unchecked;v1.6.0-140-g9a10cc1
roadmap;dimacs;55/100;100;    489387;   1078166;236291;897;3124151;390635;84;1857;0.889405;439209;0;0;sBELA*;? Unchecked;v1.6.0-140-g9a10cc1
roadmap;dimacs;56/100;100;     32771;     17233;493614;1471;6115682;565506;96;1857;1.3918;406311;0;0;sBELA*;? Unchecked;v1.6.0-140-g9a10cc1
roadmap;dimacs;57/100;100;    746419;    325594;489132;1485;5966199;973749;71;1857;2.08988;465935;0;0;sBELA*;? Unchecked;v1.6.0-140-g9a10cc1
roadmap;dimacs;58/100;100;    884332;    577380;242278;578;2950243;494506;97;1857;1.03169;479317;0;0;sBELA*;? Unchecked;v1.6.0-140-g9a10cc1
roadmap;dimacs;59/100;100;   1095690;    484726;412533;1190;4904308;458427;110;1857;1.16;395196;0;0;sBELA*;? Unchecked;v1.6.0-140-g9a10cc1
roadmap;dimacs;60/100;100;    949870;    966567;123708;430;1397268;88875;73;1857;0.226903;391687;0;0;sBELA*;? Unchecked;v1.6.0-140-g9a10cc1
roadmap;dimacs;61/100;100;    682839;    783539;216164;922;2855075;243949;97;1857;0.588084;414820;0;0;sBELA*;? Unchecked;v1.6.0-140-g9a10cc1
roadmap;dimacs;62/100;100;   1002602;    269552;551874;1359;6618510;1155701;185;1857;2.50608;461159;0;0;sBELA*;? Unchecked;v1.6.0-140-g9a10cc1
roadmap;dimacs;63/100;100;    599356;    815289;489248;1575;6407562;684529;68;1857;1.53157;446945;0;0;sBELA*;? Unchecked;v1.6.0-140-g9a10cc1
roadmap;dimacs;64/100;100;    609510;    868976;167634;619;2015573;312461;168;1857;0.655246;476861;0;0;sBELA*;? Unchecked;v1.6.0-140-g9a10cc1
roadmap;dimacs;65/100;100;   1056417;   1197904;522327;1477;6134039;778548;97;1857;1.87448;415340;0;0;sBELA*;? Unchecked;v1.6.0-140-g9a10cc1
roadmap;dimacs;66/100;100;    483230;    807734;179356;901;2618457;316270;85;1857;0.729641;433460;0;0;sBELA*;? Unchecked;v1.6.0-140-g9a10cc1
roadmap;dimacs;67/100;100;    521120;    311174;538082;1152;6961293;1075314;226;1857;2.39239;449472;0;0;sBELA*;? Unchecked;v1.6.0-140-g9a10cc1
roadmap;dimacs;68/100;100;    181514;     70872;494839;1025;5810848;953624;110;1857;2.07603;459351;0;0;sBELA*;? Unchecked;v1.6.0-140-g9a10cc1
roadmap;dimacs;69/100;100;    831298;    692941;268541;1599;5456546;576395;83;1857;1.3609;423539;0;0;sBELA*;? Unchecked;v1.6.0-140-g9a10cc1
roadmap;dimacs;70/100;100;    576531;    928353;288630;838;3354627;478824;91;1857;1.08017;443285;0;0;sBELA*;? Unchecked;v1.6.0-140-g9a10cc1
roadmap;dimacs;71/100;100;    890413;    335170;628149;1597;7709228;1159654;50;1857;2.3915;484906;0;0;sBELA*;? Unchecked;v1.6.0-140-g9a10cc1
roadmap;dimacs;72/100;100;    505669;    752733;347823;1124;4318742;612856;136;1857;1.48712;412109;0;0;sBELA*;? Unchecked;v1.6.0-140-g9a10cc1
roadmap;dimacs;73/100;100;   1190825;   1005135;134067;580;1512844;186530;121;1857;0.433961;429831;0;0;sBELA*;? Unchecked;v1.6.0-140-g9a10cc1
roadmap;dimacs;74/100;100;   1011910;    329023;720790;2155;8406509;1103726;28;1857;2.65133;416292;0;0;sBELA*;? Unchecked;v1.6.0-140-g9a10cc1
roadmap;dimacs;75/100;100;    893394;    520208;470591;1282;5965959;934250;85;1857;1.99628;467996;0;0;sBELA*;? Unchecked;v1.6.0-140-g9a10cc1
roadmap;dimacs;76/100;100;    932724;    182285;404031;1314;4927002;773937;47;1857;1.74838;442659;0;0;sBELA*;? Unchecked;v1.6.0-140-g9a10cc1
roadmap;dimacs;77/100;100;     95486;    223534;735147;2454;8973956;1116804;40;1857;2.65009;421421;0;0;sBELA*;? Unchecked;v1.6.0-140-g9a10cc1
roadmap;dimacs;78/100;100;   1029767;     91221;388766;935;4641029;942136;176;1857;2.07067;454990;0;0;sBELA*;? Unchecked;v1.6.0-140-g9a10cc1
roadmap;dimacs;79/100;100;     67100;    510326;268257;754;3413857;235600;96;1857;0.583151;404012;0;0;sBELA*;? Unchecked;v1.6.0-140-g9a10cc1
roadmap;dimacs;80/100;100;    846164;    646741;453862;1669;6083816;864744;212;1857;1.97035;438879;0;0;sBELA*;? Unchecked;v1.6.0-140-g9a10cc1
roadmap;dimacs;81/100;100;   1087215;    947306;482917;1227;5825278;806632;56;1857;1.83166;440383;0;0;sBELA*;? Unchecked;v1.6.0-140-g9a10cc1
roadmap;dimacs;82/100;100;    619348;    369016;193912;804;2058234;308561;93;1857;0.774616;398341;0;0;sBELA*;? Unchecked;v1.6.0-140-g9a10cc1
roadmap;dimacs;83/100;100;   1041136;    582354;145911;534;1892834;117802;75;1857;0.270212;435962;0;0;sBELA*;? Unchecked;v1.6.0-140-g9a10cc1
roadmap;dimacs;84/100;100;   1023095;    975421;185525;635;2086200;138037;57;1857;0.410583;336198;0;0;sBELA*;? Unchecked;v1.6.0-140-g9a10cc1
roadmap;dimacs;85/100;100;   1057515;    241893;271597;870;4037171;267560;110;1857;0.667087;401087;0;0;sBELA*;? Unchecked;v1.6.0-140-g9a10cc1
roadmap;dimacs;86/100;100;    467176;    425228;480846;1333;5780904;1013182;9;1857;2.12471;476855;0;0;sBELA*;? Unchecked;v1.6.0-140-g9a10cc1
roadmap;dimacs;87/100;100;    129108;     84480;580589;1079;6972451;1157587;123;1857;2.45142;472211;0;0;sBELA*;? Unchecked;v1.6.0-140-g9a10cc1
roadmap;dimacs;88/100;100;    968130;     31496;86422;392;1086796;61102;291;1857;0.194061;314860;0;0;sBELA*;? Unchecked;v1.6.0-140-g9a10cc1
roadmap;dimacs;89/100;100;   1077408;    807029;436814;1595;5353708;476995;71;1857;1.21349;393078;0;0;sBELA*;? Unchecked;v1.6.0-140-g9a10cc1
roadmap;dimacs;90/100;100;   1093559;    364731;173511;667;2080550;107950;2054;1857;0.487283;221534;0;0;sBELA*;? Unchecked;v1.6.0-140-g9a10cc1
roadmap;dimacs;91/100;100;    201585;    558881;178496;462;2351572;273973;200;1857;0.682441;401460;0;0;sBELA*;? Unchecked;v1.6.0-140-g9a10cc1
roadmap;dimacs;92/100;100;    713598;    144731;251834;829;3426979;552924;27;1861;1.14711;482016;0;0;sBELA*;? Unchecked;v1.6.0-140-g9a10cc1
roadmap;dimacs;93/100;100;     74935;   1046029;301814;598;3399802;274213;439;1861;0.665597;411980;0;0;sBELA*;? Unchecked;v1.6.0-140-g9a10cc1
roadmap;dimacs;94/100;100;    643572;   1117036;350301;1073;4528638;613414;35;1861;1.39008;441280;0;0;sBELA*;? Unchecked;v1.6.0-140-g9a10cc1
roadmap;dimacs;95/100;100;     53022;   1008418;530350;1692;6633267;872645;58;1861;1.94225;449297;0;0;sBELA*;? Unchecked;v1.6.0-140-g9a10cc1
roadmap;dimacs;96/100;100;   1003495;    202919;316576;880;3859639;439764;129;1861;1.04078;422535;0;0;sBELA*;? Unchecked;v1.6.0-140-g9a10cc1
roadmap;dimacs;97/100;100;     39282;   1102138;751539;2465;8938197;1070252;43;1861;2.58968;413275;0;0;sBELA*;? Unchecked;v1.6.0-140-g9a10cc1
roadmap;dimacs;98/100;100;    105999;    190640;320715;1027;3968699;329374;146;1861;0.78488;419649;0;0;sBELA*;? Unchecked;v1.6.0-140-g9a10cc1
roadmap;dimacs;99/100;100;    246000;   1072283;347411;1028;4511755;657725;151;1861;1.57345;418014;0;0;sBELA*;? Unchecked;v1.6.0-140-g9a10cc1
roadmap;dimacs;0/200;200;   1184114;    193764;365827;1154;4668898;782004;108;1861;1.8007;434277;0;0;sBELA*;? Unchecked;v1.6.0-140-g9a10cc1
roadmap;dimacs;1/200;200;    457060;   1134187;306698;829;3674502;707099;238;1861;1.55242;455482;0;0;sBELA*;? Unchecked;v1.6.0-140-g9a10cc1
roadmap;dimacs;2/200;200;    648367;    958789;129341;527;1578269;64300;235;1861;0.221095;290826;0;0;sBELA*;? Unchecked;v1.6.0-140-g9a10cc1
roadmap;dimacs;3/200;200;    485078;    567556;537678;1409;6183386;964316;73;1861;2.08587;462308;0;0;sBELA*;? Unchecked;v1.6.0-140-g9a10cc1
roadmap;dimacs;4/200;200;   1175334;   1035537;284229;744;3674361;251088;741;1861;0.770415;325913;0;0;sBELA*;? Unchecked;v1.6.0-140-g9a10cc1
roadmap;dimacs;5/200;200;    626886;    437084;155658;804;1776823;259069;146;1861;0.626584;413463;0;0;sBELA*;? Unchecked;v1.6.0-140-g9a10cc1
roadmap;dimacs;6/200;200;    635719;    734204;195593;966;2314604;425361;134;1861;1.01201;420313;0;0;sBELA*;? Unchecked;v1.6.0-140-g9a10cc1
roadmap;dimacs;7/200;200;    316104;    997118;457827;1636;5531011;648232;33;1861;1.56256;414851;0;0;sBELA*;? Unchecked;v1.6.0-140-g9a10cc1
roadmap;dimacs;8/200;200;     47649;    976084;558601;1290;6555257;523374;126;1861;1.37055;381871;0;0;sBELA*;? Unchecked;v1.6.0-140-g9a10cc1
roadmap;dimacs;9/200;200;    915484;   1137906;165806;640;2220076;230067;114;1861;0.586637;392180;0;0;sBELA*;? Unchecked;v1.6.0-140-g9a10cc1
roadmap;dimacs;10/200;200;     72419;    669854;530352;1511;6188738;797918;133;1861;1.89388;421314;0;0;sBELA*;? Unchecked;v1.6.0-140-g9a10cc1
roadmap;dimacs;11/200;200;   1121375;    296229;257314;944;2972887;408695;300;1861;1.02102;400283;0;0;sBELA*;? Unchecked;v1.6.0-140-g9a10cc1
roadmap;dimacs;12/200;200;    873937;   1184806;135547;899;1799055;264007;25;1861;0.53318;495156;0;0;sBELA*;? Unchecked;v1.6.0-140-g9a10cc1
roadmap;dimacs;13/200;200;    193531;    355264;127820;253;1754110;93003;245;1861;0.252584;368206;0;0;sBELA*;? Unchecked;v1.6.0-140-g9a10cc1
roadmap;dimacs;14/200;200;    147031;    633056;115065;543;2056059;251245;121;1861;0.638276;393631;0;0;sBELA*;? Unchecked;v1.6.0-140-g9a10cc1
roadmap;dimacs;15/200;200;    362446;    482465;186548;713;2280529;309638;211;1861;0.786725;393579;0;0;sBELA*;? Unchecked;v1.6.0-140-g9a10cc1
roadmap;dimacs;16/200;200;    770308;    417500;737243;1706;8930066;1203467;125;1861;2.82582;425883;0;0;sBELA*;? Unchecked;v1.6.0-140-g9a10cc1
roadmap;dimacs;17/200;200;    908330;    720411;129050;292;1792698;190404;774;1861;0.470712;404502;0;0;sBELA*;? Unchecked;v1.6.0-140-g9a10cc1
roadmap;dimacs;18/200;200;   1038933;    130295;221765;841;3271525;565510;223;1861;1.3227;427542;0;0;sBELA*;? Unchecked;v1.6.0-140-g9a10cc1
roadmap;dimacs;19/200;200;    652846;    858648;268696;623;3458067;372108;291;1861;0.910146;408844;0;0;sBELA*;? Unchecked;v1.6.0-140-g9a10cc1
roadmap;dimacs;20/200;200;    676969;    283827;563880;2078;6739009;956051;129;1861;2.26252;422560;0;0;sBELA*;? Unchecked;v1.6.0-140-g9a10cc1
roadmap;dimacs;21/200;200;    910826;    680529;199319;779;2574992;417216;424;1861;1.03178;404364;0;0;sBELA*;? Unchecked;v1.6.0-140-g9a10cc1
roadmap;dimacs;22/200;200;    515058;    865076;359432;1220;4602838;709745;326;1861;1.77464;399936;0;0;sBELA*;? Unchecked;v1.6.0-140-g9a10cc1
roadmap;dimacs;23/200;200;    348482;    108720;485606;1433;5713188;815552;132;1861;1.95839;416440;0;0;sBELA*;? Unchecked;v1.6.0-140-g9a10cc1
roadmap;dimacs;24/200;200;   1204965;    881288;191225;684;2391681;217938;223;1861;0.625718;348301;0;0;sBELA*;? Unchecked;v1.6.0-140-g9a10cc1
roadmap;dimacs;25/200;200;    907042;    523545;158819;509;2345522;416709;637;1861;0.99263;419803;0;0;sBELA*;? Unchecked;v1.6.0-140-g9a10cc1
roadmap;dimacs;26/200;200;    752817;    293040;341704;1042;4298237;692926;218;1753;1.69086;409808;0;0;sBELA*;? Unchecked;v1.6.0-140-g9a10cc1
roadmap;dimacs;27/200;200;    491779;    520998;507666;1494;6001107;946395;58;1843;2.07702;455651;0;0;sBELA*;? Unchecked;v1.6.0-140-g9a10cc1
roadmap;dimacs;28/200;200;   1009615;   1162067;145474;787;1606163;109143;211;1843;0.361486;301929;0;0;sBELA*;? Unchecked;v1.6.0-140-g9a10cc1
roadmap;dimacs;29/200;200;    701030;   1127091;405109;1088;4938920;776739;230;1753;1.92698;403086;0;0;sBELA*;? Unchecked;v1.6.0-140-g9a10cc1
roadmap;dimacs;30/200;200;    472756;    557148;52516;334;573284;102036;218;1753;0.270373;377389;0;0;sBELA*;? Unchecked;v1.6.0-140-g9a10cc1
roadmap;dimacs;31/200;200;    155407;    436004;101676;423;1196205;142857;126;1753;0.373834;382140;0;0;sBELA*;? Unchecked;v1.6.0-140-g9a10cc1
roadmap;dimacs;32/200;200;    456711;    311070;380520;1194;4547012;861252;131;1753;2.09239;411611;0;0;sBELA*;? Unchecked;v1.6.0-140-g9a10cc1
roadmap;dimacs;33/200;200;    442126;    981906;201739;977;2240176;324708;148;1753;0.860365;377407;0;0;sBELA*;? Unchecked;v1.6.0-140-g9a10cc1
roadmap;dimacs;34/200;200;    245025;    364323;287766;890;3395772;261240;107;1842;0.672316;388567;0;0;sBELA*;? Unchecked;v1.6.0-140-g9a10cc1
roadmap;dimacs;35/200;200;      5294;    359682;497906;1057;5857154;377361;1123;1843;1.22662;307644;0;0;sBELA*;? Unchecked;v1.6.0-140-g9a10cc1
roadmap;dimacs;36/200;200;    971272;    420382;454529;1020;5523332;544507;670;1843;1.48593;366443;0;0;sBELA*;? Unchecked;v1.6.0-140-g9a10cc1
roadmap;dimacs;37/200;200;   1085133;    900426;525527;1651;6548956;1146793;56;1843;2.50531;457745;0;0;sBELA*;? Unchecked;v1.6.0-140-g9a10cc1
roadmap;dimacs;38/200;200;    428123;    175918;164463;511;2187098;315889;208;1753;0.780595;404677;0;0;sBELA*;? Unchecked;v1.6.0-140-g9a10cc1
roadmap;dimacs;39/200;200;    371133;    254310;338822;822;4059250;503141;258;1843;1.24122;405360;0;0;sBELA*;? Unchecked;v1.6.0-140-g9a10cc1
roadmap;dimacs;40/200;200;    145885;    494504;351426;943;4004221;653361;113;1843;1.51903;430117;0;0;sBELA*;? Unchecked;v1.6.0-140-g9a10cc1
roadmap;dimacs;41/200;200;   1033980;   1115849;253936;956;3386491;571091;107;1843;1.2614;452743;0;0;sBELA*;? Unchecked;v1.6.0-140-g9a10cc1
roadmap;dimacs;42/200;200;    678373;    779275;238222;993;2863937;401461;655;1843;1.04955;382506;0;0;sBELA*;? Unchecked;v1.6.0-140-g9a10cc1
roadmap;dimacs;43/200;200;   1204962;    531023;234648;819;2887046;460435;98;1843;1.08346;424968;0;0;sBELA*;? Unchecked;v1.6.0-140-g9a10cc1
roadmap;dimacs;44/200;200;   1004218;    821966;177842;1281;3036187;238421;67;1843;0.621029;383913;0;0;sBELA*;? Unchecked;v1.6.0-140-g9a10cc1
roadmap;dimacs;45/200;200;    675354;    512610;558235;1638;7038315;954395;169;1843;2.1724;439328;0;0;sBELA*;? Unchecked;v1.6.0-140-g9a10cc1
roadmap;dimacs;46/200;200;     86859;    596027;873518;2721;11007518;1200211;89;1843;2.8693;418294;0;0;sBELA*;? Unchecked;v1.6.0-140-g9a10cc1
roadmap;dimacs;47/200;200;    681418;    478587;221147;1145;2669680;464162;142;1854;1.09452;424077;0;0;sBELA*;? Unchecked;v1.6.0-140-g9a10cc1
roadmap;dimacs;48/200;200;    760397;    372153;402374;1926;4697513;721990;126;1856;1.87497;385068;0;0;sBELA*;? Unchecked;v1.6.0-140-g9a10cc1
roadmap;dimacs;49/200;200;     93813;    542722;495968;1387;5909824;606729;165;1856;1.59332;380796;0;0;sBELA*;? Unchecked;v1.6.0-140-g9a10cc1
roadmap;dimacs;50/200;200;    447380;    364700;339858;954;4094492;552347;110;1856;1.33394;414072;0;0;sBELA*;? Unchecked;v1.6.0-140-g9a10cc1
roadmap;dimacs;51/200;200;    247986;    234915;335229;568;4053259;211474;443;1856;0.610306;346505;0;0;sBELA*;? Unchecked;v1.6.0-140-g9a10cc1
roadmap;dimacs;52/200;200;    980356;    494879;326387;622;3779052;227848;547;1856;0.614268;370926;0;0;sBELA*;? Unchecked;v1.6.0-140-g9a10cc1
roadmap;dimacs;53/200;200;    892807;    798084;85109;236;1212005;194032;1814;1754;0.578037;335674;0;0;sBELA*;? Unchecked;v1.6.0-140-g9a10cc1
roadmap;dimacs;54/200;200;    720503;   1090045;559074;2105;6796580;1095489;131;1844;2.52833;433285;0;0;sBELA*;? Unchecked;v1.6.0-140-g9a10cc1
roadmap;dimacs;55/200;200;    489387;   1078166;236291;901;3124178;390643;161;1844;0.935221;417701;0;0;sBELA*;? Unchecked;v1.6.0-140-g9a10cc1
roadmap;dimacs;56/200;200;     32771;     17233;493614;1472;6115696;565507;167;1844;1.49147;379160;0;0;sBELA*;? Unchecked;v1.6.0-140-g9a10cc1
roadmap;dimacs;57/200;200;    746419;    325594;489132;1485;5966214;973751;131;1856;2.20653;441303;0;0;sBELA*;? Unchecked;v1.6.0-140-g9a10cc1
roadmap;dimacs;58/200;200;    884332;    577380;242278;569;2950290;494524;192;1856;1.07572;459714;0;0;sBELA*;? Unchecked;v1.6.0-140-g9a10cc1
roadmap;dimacs;59/200;200;   1095690;    484726;412533;1192;4904337;458428;196;1856;1.24284;368856;0;0;sBELA*;? Unchecked;v1.6.0-140-g9a10cc1
roadmap;dimacs;60/200;200;    949870;    966567;123708;426;1397306;88882;150;1856;0.280311;317083;0;0;sBELA*;? Unchecked;v1.6.0-140-g9a10cc1
roadmap;dimacs;61/200;200;    682839;    783539;216164;923;2855092;243950;172;1856;0.647902;376523;0;0;sBELA*;? Unchecked;v1.6.0-140-g9a10cc1
roadmap;dimacs;62/200;200;   1002602;    269552;551874;1358;6618542;1155702;363;1856;2.62441;440366;0;0;sBELA*;? Unchecked;v1.6.0-140-g9a10cc1
roadmap;dimacs;63/200;200;    599356;    815289;489248;1610;6407573;684530;113;1856;1.61649;423467;0;0;sBELA*;? Unchecked;v1.6.0-140-g9a10cc1
roadmap;dimacs;64/200;200;    609510;    868976;167634;620;2015638;312477;321;1856;0.700715;445941;0;0;sBELA*;? Unchecked;v1.6.0-140-g9a10cc1
roadmap;dimacs;65/200;200;   1056417;   1197904;522327;1474;6134085;778562;224;1856;1.97712;393787;0;0;sBELA*;? Unchecked;v1.6.0-140-g9a10cc1
roadmap;dimacs;66/200;200;    483230;    807734;179356;900;2618468;316273;157;1856;0.779263;405862;0;0;sBELA*;? Unchecked;v1.6.0-140-g9a10cc1
roadmap;dimacs;67/200;200;    521120;    311174;538082;1153;6961335;1075322;421;1856;2.48552;432635;0;0;sBELA*;? Unchecked;v1.6.0-140-g9a10cc1
roadmap;dimacs;68/200;200;    181514;     70872;494839;1022;5810890;953633;203;1856;2.16318;440847;0;0;sBELA*;? Unchecked;v1.6.0-140-g9a10cc1
roadmap;dimacs;69/200;200;    831298;    692941;268541;1609;5456561;576399;142;1856;1.41112;408469;0;0;sBELA*;? Unchecked;v1.6.0-140-g9a10cc1
roadmap;dimacs;70/200;200;    576531;    928353;288630;846;3354678;478865;184;1856;1.12337;426275;0;0;sBELA*;? Unchecked;v1.6.0-140-g9a10cc1
roadmap;dimacs;71/200;200;    890413;    335170;628149;1597;7709240;1159655;101;1856;2.47876;467837;0;0;sBELA*;? Unchecked;v1.6.0-140-g9a10cc1
roadmap;dimacs;72/200;200;    505669;    752733;347823;1122;4318782;612877;294;1856;1.56865;390704;0;0;sBELA*;? Unchecked;v1.6.0-140-g9a10cc1
roadmap;dimacs;73/200;200;   1190825;   1005135;134067;582;1512902;186540;245;1856;0.478958;389470;0;0;sBELA*;? Unchecked;v1.6.0-140-g9a10cc1
roadmap;dimacs;74/200;200;   1011910;    329023;720790;2157;8406516;1103727;54;1856;2.75368;400819;0;0;sBELA*;? Unchecked;v1.6.0-140-g9a10cc1
roadmap;dimacs;75/200;200;    893394;    520208;470591;1279;5965987;934257;188;1856;2.09641;445646;0;0;sBELA*;? Unchecked;v1.6.0-140-g9a10cc1
roadmap;dimacs;76/200;200;    932724;    182285;404031;1318;4927021;773942;92;1856;1.82372;424375;0;0;sBELA*;? Unchecked;v1.6.0-140-g9a10cc1
roadmap;dimacs;77/200;200;     95486;    223534;735147;2456;8973978;1116805;75;1856;2.80516;398126;0;0;sBELA*;? Unchecked;v1.6.0-140-g9a10cc1
roadmap;dimacs;78/200;200;   1029767;     91221;388766;936;4641082;942143;364;1856;2.15225;437748;0;0;sBELA*;? Unchecked;v1.6.0-140-g9a10cc1
roadmap;dimacs;79/200;200;     67100;    510326;268257;749;3413873;235601;154;1856;0.618277;381061;0;0;sBELA*;? Unchecked;v1.6.0-140-g9a10cc1
roadmap;dimacs;80/200;200;    846164;    646741;453862;1668;6083846;864750;426;1856;2.1293;406120;0;0;sBELA*;? Unchecked;v1.6.0-140-g9a10cc1
roadmap;dimacs;81/200;200;   1087215;    947306;482917;1226;5825301;806636;102;1856;1.90584;423244;0;0;sBELA*;? Unchecked;v1.6.0-140-g9a10cc1
roadmap;dimacs;82/200;200;    619348;    369016;193912;807;2058249;308568;182;1856;0.802468;384524;0;0;sBELA*;? Unchecked;v1.6.0-140-g9a10cc1
roadmap;dimacs;83/200;200;   1041136;    582354;145911;540;1892890;117811;151;1856;0.310582;379323;0;0;sBELA*;? Unchecked;v1.6.0-140-g9a10cc1
roadmap;dimacs;84/200;200;   1023095;    975421;185525;638;2086223;138040;111;1856;0.459921;300139;0;0;sBELA*;? Unchecked;v1.6.0-140-g9a10cc1
roadmap;dimacs;85/200;200;   1057515;    241893;271597;872;4037211;267564;225;1856;0.742817;360202;0;0;sBELA*;? Unchecked;v1.6.0-140-g9a10cc1
roadmap;dimacs;86/200;200;    467176;    425228;480846;1333;5780911;1013183;14;1856;2.1494;471379;0;0;sBELA*;? Unchecked;v1.6.0-140-g9a10cc1
roadmap;dimacs;87/200;200;    129108;     84480;580589;1079;6972517;1157597;284;1856;2.56469;451359;0;0;sBELA*;? Unchecked;v1.6.0-140-g9a10cc1
roadmap;dimacs;88/200;200;    968130;     31496;86422;391;1086994;61130;648;1856;0.26156;233713;0;0;sBELA*;? Unchecked;v1.6.0-140-g9a10cc1
roadmap;dimacs;89/200;200;   1077408;    807029;436814;1594;5353716;476995;121;1856;1.29352;368757;0;0;sBELA*;? Unchecked;v1.6.0-140-g9a10cc1
roadmap;dimacs;90/200;200;   1093559;    364731;173511;665;2080792;107976;4395;1856;0.718739;150230;0;0;sBELA*;? Unchecked;v1.6.0-140-g9a10cc1
roadmap;dimacs;91/200;200;    201585;    558881;178496;460;2351664;273996;418;1856;0.747945;366332;0;0;sBELA*;? Unchecked;v1.6.0-140-g9a10cc1
roadmap;dimacs;92/200;200;    713598;    144731;251834;828;3427028;552930;57;1754;1.18461;466760;0;0;sBELA*;? Unchecked;v1.6.0-140-g9a10cc1
roadmap;dimacs;93/200;200;     74935;   1046029;301814;586;3399950;274230;845;1844;0.747694;366768;0;0;sBELA*;? Unchecked;v1.6.0-140-g9a10cc1
roadmap;dimacs;94/200;200;    643572;   1117036;350301;1071;4528663;613417;71;1844;1.43062;428778;0;0;sBELA*;? Unchecked;v1.6.0-140-g9a10cc1
roadmap;dimacs;95/200;200;     53022;   1008418;530350;1693;6633304;872651;152;1844;2.0922;417097;0;0;sBELA*;? Unchecked;v1.6.0-140-g9a10cc1
roadmap;dimacs;96/200;200;   1003495;    202919;316576;878;3859680;439790;259;1844;1.04393;421281;0;0;sBELA*;? Unchecked;v1.6.0-140-g9a10cc1
roadmap;dimacs;97/200;200;     39282;   1102138;751539;2466;8938221;1070253;96;1844;2.71978;393507;0;0;sBELA*;? Unchecked;v1.6.0-140-g9a10cc1
roadmap;dimacs;98/200;200;    105999;    190640;320715;1028;3968729;329377;303;1844;0.870297;378465;0;0;sBELA*;? Unchecked;v1.6.0-140-g9a10cc1
roadmap;dimacs;99/200;200;    246000;   1072283;347411;1029;4511814;657740;311;1844;1.68346;390706;0;0;sBELA*;? Unchecked;v1.6.0-140-g9a10cc1
roadmap;dimacs;0/300;300;   1184114;    193764;365827;1157;4668915;782004;164;1856;1.88706;414403;0;0;sBELA*;? Unchecked;v1.6.0-140-g9a10cc1
roadmap;dimacs;1/300;300;    457060;   1134187;306698;834;3674538;707107;348;1856;1.61995;436500;0;0;sBELA*;? Unchecked;v1.6.0-140-g9a10cc1
roadmap;dimacs;2/300;300;    648367;    958789;129341;529;1578287;64303;320;1856;0.258683;248578;0;0;sBELA*;? Unchecked;v1.6.0-140-g9a10cc1
roadmap;dimacs;3/300;300;    485078;    567556;537678;1411;6183414;964322;126;1856;2.12531;453732;0;0;sBELA*;? Unchecked;v1.6.0-140-g9a10cc1
roadmap;dimacs;4/300;300;   1175334;   1035537;284229;758;3674397;251094;1033;1856;0.897652;279723;0;0;sBELA*;? Unchecked;v1.6.0-140-g9a10cc1
roadmap;dimacs;5/300;300;    626886;    437084;155658;803;1776829;259071;195;1856;0.682493;379595;0;0;sBELA*;? Unchecked;v1.6.0-140-g9a10cc1
roadmap;dimacs;6/300;300;    635719;    734204;195593;953;2314618;425365;203;1856;1.07786;394639;0;0;sBELA*;? Unchecked;v1.6.0-140-g9a10cc1
roadmap;dimacs;7/300;300;    316104;    997118;457827;1632;5531013;648234;44;1856;1.59639;406064;0;0;sBELA*;? Unchecked;v1.6.0-140-g9a10cc1
roadmap;dimacs;8/300;300;     47649;    976084;558601;1292;6555272;523380;176;1856;1.43456;364836;0;0;sBELA*;? Unchecked;v1.6.0-140-g9a10cc1
roadmap;dimacs;9/300;300;    915484;   1137906;165806;643;2220098;230068;170;1856;0.628757;365909;0;0;sBELA*;? Unchecked;v1.6.0-140-g9a10cc1
roadmap;dimacs;10/300;300;     72419;    669854;530352;1512;6188748;797921;188;1856;1.96953;405133;0;0;sBELA*;? Unchecked;v1.6.0-140-g9a10cc1
roadmap;dimacs;11/300;300;   1121375;    296229;257314;944;2972980;408704;521;1856;1.10279;370608;0;0;sBELA*;? Unchecked;v1.6.0-140-g9a10cc1
roadmap;dimacs;12/300;300;    873937;   1184806;135547;895;1799066;264008;39;1754;0.583683;452314;0;0;sBELA*;? Unchecked;v1.6.0-140-g9a10cc1
roadmap;dimacs;13/300;300;    193531;    355264;127820;254;1754216;93023;367;1826;0.297863;312302;0;0;sBELA*;? Unchecked;v1.6.0-140-g9a10cc1
roadmap;dimacs;14/300;300;    147031;    633056;115065;545;2056088;251256;170;1843;0.683176;367776;0;0;sBELA*;? Unchecked;v1.6.0-140-g9a10cc1
roadmap;dimacs;15/300;300;    362446;    482465;186548;713;2280567;309646;359;1844;0.796474;388771;0;0;sBELA*;? Unchecked;v1.6.0-140-g9a10cc1
roadmap;dimacs;16/300;300;    770308;    417500;737243;1750;8930073;1203467;177;1844;2.92452;411509;0;0;sBELA*;? Unchecked;v1.6.0-140-g9a10cc1
roadmap;dimacs;17/300;300;    908330;    720411;129050;299;1792839;190458;1231;1845;0.506178;376267;0;0;sBELA*;? Unchecked;v1.6.0-140-g9a10cc1
roadmap;dimacs;18/300;300;   1038933;    130295;221765;837;3271567;565521;364;1846;1.47949;382241;0;0;sBELA*;? Unchecked;v1.6.0-140-g9a10cc1
roadmap;dimacs;19/300;300;    652846;    858648;268696;624;3458096;372123;428;1846;0.962863;386476;0;0;sBELA*;? Unchecked;v1.6.0-140-g9a10cc1
roadmap;dimacs;20/300;300;    676969;    283827;563880;2074;6739015;956051;172;1846;2.36585;404104;0;0;sBELA*;? Unchecked;v1.6.0-140-g9a10cc1
roadmap;dimacs;21/300;300;    910826;    680529;199319;781;2575026;417226;600;1846;1.09939;379507;0;0;sBELA*;? Unchecked;v1.6.0-140-g9a10cc1
roadmap;dimacs;22/300;300;    515058;    865076;359432;1220;4602861;709756;480;1846;1.86072;381442;0;0;sBELA*;? Unchecked;v1.6.0-140-g9a10cc1
roadmap;dimacs;23/300;300;    348482;    108720;485606;1433;5713215;815557;201;1846;2.081;391907;0;0;sBELA*;? Unchecked;v1.6.0-140-g9a10cc1
roadmap;dimacs;24/300;300;   1204965;    881288;191225;707;2391708;217953;332;1846;0.688173;316713;0;0;sBELA*;? Unchecked;v1.6.0-140-g9a10cc1
roadmap;dimacs;25/300;300;    907042;    523545;158819;510;2345594;416739;942;1846;1.0498;396970;0;0;sBELA*;? Unchecked;v1.6.0-140-g9a10cc1
roadmap;dimacs;26/300;300;    752817;    293040;341704;1025;4298261;692929;309;1857;1.75667;394455;0;0;sBELA*;? Unchecked;v1.6.0-140-g9a10cc1
roadmap;dimacs;27/300;300;    491779;    520998;507666;1494;6001138;946397;91;1857;2.0985;450986;0;0;sBELA*;? Unchecked;v1.6.0-140-g9a10cc1
roadmap;dimacs;28/300;300;   1009615;   1162067;145474;791;1606193;109146;315;1857;0.428255;254862;0;0;sBELA*;? Unchecked;v1.6.0-140-g9a10cc1
roadmap;dimacs;29/300;300;    701030;   1127091;405109;1092;4938939;776747;327;1857;2.00418;387564;0;0;sBELA*;? Unchecked;v1.6.0-140-g9a10cc1
roadmap;dimacs;30/300;300;    472756;    557148;52516;331;573313;102040;333;1755;0.291723;349783;0;0;sBELA*;? Unchecked;v1.6.0-140-g9a10cc1
roadmap;dimacs;31/300;300;    155407;    436004;101676;426;1196216;142858;184;1857;0.399714;357401;0;0;sBELA*;? Unchecked;v1.6.0-140-g9a10cc1
roadmap;dimacs;32/300;300;    456711;    311070;380520;1195;4547022;861253;196;1857;2.10698;408762;0;0;sBELA*;? Unchecked;v1.6.0-140-g9a10cc1
roadmap;dimacs;33/300;300;    442126;    981906;201739;974;2240183;324709;206;1755;0.894624;362956;0;0;sBELA*;? Unchecked;v1.6.0-140-g9a10cc1
roadmap;dimacs;34/300;300;    245025;    364323;287766;889;3395780;261242;135;1844;0.680716;383775;0;0;sBELA*;? Unchecked;v1.6.0-140-g9a10cc1
roadmap;dimacs;35/300;300;      5294;    359682;497906;1057;5857221;377365;1728;1845;1.43193;263535;0;0;sBELA*;? Unchecked;v1.6.0-140-g9a10cc1
roadmap;dimacs;36/300;300;    971272;    420382;454529;1018;5523376;544516;989;1845;1.62061;335994;0;0;sBELA*;? Unchecked;v1.6.0-140-g9a10cc1
roadmap;dimacs;37/300;300;   1085133;    900426;525527;1651;6548967;1146793;83;1845;2.54658;450326;0;0;sBELA*;? Unchecked;v1.6.0-140-g9a10cc1
roadmap;dimacs;38/300;300;    428123;    175918;164463;512;2187146;315899;309;1857;0.814399;387892;0;0;sBELA*;? Unchecked;v1.6.0-140-g9a10cc1
roadmap;dimacs;39/300;300;    371133;    254310;338822;820;4059285;503145;373;1857;1.30311;386111;0;0;sBELA*;? Unchecked;v1.6.0-140-g9a10cc1
roadmap;dimacs;40/300;300;    145885;    494504;351426;938;4004268;653374;188;1857;1.61371;404890;0;0;sBELA*;? Unchecked;v1.6.0-140-g9a10cc1
roadmap;dimacs;41/300;300;   1033980;   1115849;253936;944;3386497;571094;141;1857;1.29472;441094;0;0;sBELA*;? Unchecked;v1.6.0-140-g9a10cc1
roadmap;dimacs;42/300;300;    678373;    779275;238222;1008;2863981;401470;960;1857;1.16034;345994;0;0;sBELA*;? Unchecked;v1.6.0-140-g9a10cc1
roadmap;dimacs;43/300;300;   1204962;    531023;234648;818;2887065;460443;146;1857;1.08413;424710;0;0;sBELA*;? Unchecked;v1.6.0-140-g9a10cc1
roadmap;dimacs;44/300;300;   1004218;    821966;177842;1278;3036192;238421;96;1857;0.677708;351805;0;0;sBELA*;? Unchecked;v1.6.0-140-g9a10cc1
roadmap;dimacs;45/300;300;    675354;    512610;558235;1634;7038323;954396;236;1857;2.27234;420005;0;0;sBELA*;? Unchecked;v1.6.0-140-g9a10cc1
roadmap;dimacs;46/300;300;     86859;    596027;873518;2720;11007525;1200211;135;1857;2.94698;407268;0;0;sBELA*;? Unchecked;v1.6.0-140-g9a10cc1
roadmap;dimacs;47/300;300;    681418;    478587;221147;1146;2669686;464162;192;1862;1.15647;401363;0;0;sBELA*;? Unchecked;v1.6.0-140-g9a10cc1
roadmap;dimacs;48/300;300;    760397;    372153;402374;1932;4697518;721990;176;1862;1.96644;367156;0;0;sBELA*;? Unchecked;v1.6.0-140-g9a10cc1
roadmap;dimacs;49/300;300;     93813;    542722;495968;1385;5909836;606735;231;1862;1.69956;356996;0;0;sBELA*;? Unchecked;v1.6.0-140-g9a10cc1
roadmap;dimacs;50/300;300;    447380;    364700;339858;957;4094500;552349;139;1862;1.35377;408009;0;0;sBELA*;? Unchecked;v1.6.0-140-g9a10cc1
roadmap;dimacs;51/300;300;    247986;    234915;335229;567;4053334;211478;685;1862;0.669189;316021;0;0;sBELA*;? Unchecked;v1.6.0-140-g9a10cc1
roadmap;dimacs;52/300;300;    980356;    494879;326387;619;3779107;227856;783;1862;0.659703;345392;0;0;sBELA*;? Unchecked;v1.6.0-140-g9a10cc1
roadmap;dimacs;53/300;300;    892807;    798084;85109;241;1212206;194059;2908;1759;0.708947;273729;0;0;sBELA*;? Unchecked;v1.6.0-140-g9a10cc1
roadmap;dimacs;54/300;300;    720503;   1090045;559074;2097;6796588;1095490;182;1849;2.62466;417384;0;0;sBELA*;? Unchecked;v1.6.0-140-g9a10cc1
roadmap;dimacs;55/300;300;    489387;   1078166;236291;897;3124193;390648;230;1849;1.00521;388625;0;0;sBELA*;? Unchecked;v1.6.0-140-g9a10cc1
roadmap;dimacs;56/300;300;     32771;     17233;493614;1472;6115713;565513;237;1849;1.59014;355637;0;0;sBELA*;? Unchecked;v1.6.0-140-g9a10cc1
roadmap;dimacs;57/300;300;    746419;    325594;489132;1480;5966228;973752;185;1861;2.3305;417830;0;0;sBELA*;? Unchecked;v1.6.0-140-g9a10cc1
roadmap;dimacs;58/300;300;    884332;    577380;242278;570;2950322;494533;281;1861;1.12142;440989;0;0;sBELA*;? Unchecked;v1.6.0-140-g9a10cc1
roadmap;dimacs;59/300;300;   1095690;    484726;412533;1191;4904359;458432;291;1861;1.2963;353647;0;0;sBELA*;? Unchecked;v1.6.0-140-g9a10cc1
roadmap;dimacs;60/300;300;    949870;    966567;123708;426;1397338;88884;222;1861;0.303638;292730;0;0;sBELA*;? Unchecked;v1.6.0-140-g9a10cc1
roadmap;dimacs;61/300;300;    682839;    783539;216164;920;2855111;243951;258;1861;0.742081;328739;0;0;sBELA*;? Unchecked;v1.6.0-140-g9a10cc1
roadmap;dimacs;62/300;300;   1002602;    269552;551874;1360;6618563;1155703;542;1861;2.73409;422701;0;0;sBELA*;? Unchecked;v1.6.0-140-g9a10cc1
roadmap;dimacs;63/300;300;    599356;    815289;489248;1578;6407579;684530;149;1861;1.7031;401932;0;0;sBELA*;? Unchecked;v1.6.0-140-g9a10cc1
roadmap;dimacs;64/300;300;    609510;    868976;167634;633;2015679;312488;467;1861;0.751069;416057;0;0;sBELA*;? Unchecked;v1.6.0-140-g9a10cc1
roadmap;dimacs;65/300;300;   1056417;   1197904;522327;1476;6134102;778570;318;1861;2.04631;380475;0;0;sBELA*;? Unchecked;v1.6.0-140-g9a10cc1
roadmap;dimacs;66/300;300;    483230;    807734;179356;903;2618482;316275;232;1861;0.844062;374706;0;0;sBELA*;? Unchecked;v1.6.0-140-g9a10cc1
roadmap;dimacs;67/300;300;    521120;    311174;538082;1153;6961364;1075330;616;1861;2.61429;411328;0;0;sBELA*;? Unchecked;v1.6.0-140-g9a10cc1
roadmap;dimacs;68/300;300;    181514;     70872;494839;1025;5810924;953656;306;1861;2.23448;426791;0;0;sBELA*;? Unchecked;v1.6.0-140-g9a10cc1
roadmap;dimacs;69/300;300;    831298;    692941;268541;1601;5456569;576401;185;1861;1.42892;403383;0;0;sBELA*;? Unchecked;v1.6.0-140-g9a10cc1
roadmap;dimacs;70/300;300;    576531;    928353;288630;844;3354702;478892;258;1861;1.20593;397113;0;0;sBELA*;? Unchecked;v1.6.0-140-g9a10cc1
roadmap;dimacs;71/300;300;    890413;    335170;628149;1594;7709248;1159655;147;1861;2.56218;452605;0;0;sBELA*;? Unchecked;v1.6.0-140-g9a10cc1
roadmap;dimacs;72/300;300;    505669;    752733;347823;1124;4318804;612892;432;1861;1.65931;369365;0;0;sBELA*;? Unchecked;v1.6.0-140-g9a10cc1
roadmap;dimacs;73/300;300;   1190825;   1005135;134067;581;1512948;186543;384;1861;0.539615;345696;0;0;sBELA*;? Unchecked;v1.6.0-140-g9a10cc1
roadmap;dimacs;74/300;300;   1011910;    329023;720790;2156;8406522;1103728;79;1861;2.85966;385965;0;0;sBELA*;? Unchecked;v1.6.0-140-g9a10cc1
roadmap;dimacs;75/300;300;    893394;    520208;470591;1280;5965997;934259;258;1861;2.17818;428916;0;0;sBELA*;? Unchecked;v1.6.0-140-g9a10cc1
roadmap;dimacs;76/300;300;    932724;    182285;404031;1321;4927034;773947;129;1861;1.89632;408131;0;0;sBELA*;? Unchecked;v1.6.0-140-g9a10cc1
roadmap;dimacs;77/300;300;     95486;    223534;735147;2450;8973991;1116805;111;1861;2.88478;387137;0;0;sBELA*;? Unchecked;v1.6.0-140-g9a10cc1
roadmap;dimacs;78/300;300;   1029767;     91221;388766;934;4641118;942148;551;1861;2.23648;421264;0;0;sBELA*;? Unchecked;v1.6.0-140-g9a10cc1
roadmap;dimacs;79/300;300;     67100;    510326;268257;752;3413887;235605;211;1861;0.637382;369645;0;0;sBELA*;? Unchecked;v1.6.0-140-g9a10cc1
roadmap;dimacs;80/300;300;    846164;    646741;453862;1670;6083865;864751;628;1861;2.29505;376790;0;0;sBELA*;? Unchecked;v1.6.0-140-g9a10cc1
roadmap;dimacs;81/300;300;   1087215;    947306;482917;1227;5825320;806637;160;1861;1.9308;417773;0;0;sBELA*;? Unchecked;v1.6.0-140-g9a10cc1
roadmap;dimacs;82/300;300;    619348;    369016;193912;808;2058258;308568;255;1861;0.85715;359993;0;0;sBELA*;? Unchecked;v1.6.0-140-g9a10cc1
roadmap;dimacs;83/300;300;   1041136;    582354;145911;537;1892930;117814;228;1861;0.343084;343397;0;0;sBELA*;? Unchecked;v1.6.0-140-g9a10cc1
roadmap;dimacs;84/300;300;   1023095;    975421;185525;636;2086238;138042;165;1861;0.48674;283605;0;0;sBELA*;? Unchecked;v1.6.0-140-g9a10cc1
roadmap;dimacs;85/300;300;   1057515;    241893;271597;872;4037232;267564;317;1861;0.808347;331002;0;0;sBELA*;? Unchecked;v1.6.0-140-g9a10cc1
roadmap;dimacs;86/300;300;    467176;    425228;480846;1334;5780926;1013184;21;1861;2.18206;464325;0;0;sBELA*;? Unchecked;v1.6.0-140-g9a10cc1
roadmap;dimacs;87/300;300;    129108;     84480;580589;1078;6972564;1157606;467;1861;2.63594;439162;0;0;sBELA*;? Unchecked;v1.6.0-140-g9a10cc1
roadmap;dimacs;88/300;300;    968130;     31496;86422;396;1087074;61141;898;1861;0.321293;190296;0;0;sBELA*;? Unchecked;v1.6.0-140-g9a10cc1
roadmap;dimacs;89/300;300;   1077408;    807029;436814;1590;5353722;476998;158;1861;1.37085;347958;0;0;sBELA*;? Unchecked;v1.6.0-140-g9a10cc1
roadmap;dimacs;90/300;300;   1093559;    364731;173511;667;2080975;108001;7501;1861;1.03657;104191;0;0;sBELA*;? Unchecked;v1.6.0-140-g9a10cc1
roadmap;dimacs;91/300;300;    201585;    558881;178496;461;2351726;274017;621;1861;0.811754;337562;0;0;sBELA*;? Unchecked;v1.6.0-140-g9a10cc1
roadmap;dimacs;92/300;300;    713598;    144731;251834;829;3427061;552938;89;1759;1.21166;456349;0;0;sBELA*;? Unchecked;v1.6.0-140-g9a10cc1
roadmap;dimacs;93/300;300;     74935;   1046029;301814;588;3400053;274247;1309;1849;0.820266;334339;0;0;sBELA*;? Unchecked;v1.6.0-140-g9a10cc1
roadmap;dimacs;94/300;300;    643572;   1117036;350301;1075;4528683;613423;108;1849;1.47013;417257;0;0;sBELA*;? Unchecked;v1.6.0-140-g9a10cc1
roadmap;dimacs;95/300;300;     53022;   1008418;530350;1697;6633317;872659;203;1849;2.17738;400784;0;0;sBELA*;? Unchecked;v1.6.0-140-g9a10cc1
roadmap;dimacs;96/300;300;   1003495;    202919;316576;879;3859707;439807;376;1849;1.10091;399494;0;0;sBELA*;? Unchecked;v1.6.0-140-g9a10cc1
roadmap;dimacs;97/300;300;     39282;   1102138;751539;2467;8938235;1070255;143;1849;2.85755;374536;0;0;sBELA*;? Unchecked;v1.6.0-140-g9a10cc1
roadmap;dimacs;98/300;300;    105999;    190640;320715;1027;3968748;329380;422;1849;0.960463;342939;0;0;sBELA*;? Unchecked;v1.6.0-140-g9a10cc1
roadmap;dimacs;99/300;300;    246000;   1072283;347411;1024;4511850;657749;448;1849;1.76486;372691;0;0;sBELA*;? Unchecked;v1.6.0-140-g9a10cc1
roadmap;dimacs;0/400;400;   1184114;    193764;365827;1160;4668932;782007;222;1861;1.95525;399952;0;0;sBELA*;? Unchecked;v1.6.0-140-g9a10cc1
roadmap;dimacs;1/400;400;    457060;   1134187;306698;828;3674567;707114;455;1861;1.68828;418838;0;0;sBELA*;? Unchecked;v1.6.0-140-g9a10cc1
roadmap;dimacs;2/400;400;    648367;    958789;129341;530;1578301;64304;403;1861;0.291971;220241;0;0;sBELA*;? Unchecked;v1.6.0-140-g9a10cc1
roadmap;dimacs;3/400;400;    485078;    567556;537678;1409;6183430;964326;166;1861;2.16623;445163;0;0;sBELA*;? Unchecked;v1.6.0-140-g9a10cc1
roadmap;dimacs;4/400;400;   1175334;   1035537;284229;751;3674429;251098;1352;1861;1.03741;242044;0;0;sBELA*;? Unchecked;v1.6.0-140-g9a10cc1
roadmap;dimacs;5/400;400;    626886;    437084;155658;799;1776834;259073;234;1861;0.73341;353245;0;0;sBELA*;? Unchecked;v1.6.0-140-g9a10cc1
roadmap;dimacs;6/400;400;    635719;    734204;195593;951;2314628;425366;260;1861;1.10212;385954;0;0;sBELA*;? Unchecked;v1.6.0-140-g9a10cc1
roadmap;dimacs;7/400;400;    316104;    997118;457827;1634;5531014;648235;54;1861;1.63932;395428;0;0;sBELA*;? Unchecked;v1.6.0-140-g9a10cc1
roadmap;dimacs;8/400;400;     47649;    976084;558601;1292;6555281;523383;213;1861;1.51149;346270;0;0;sBELA*;? Unchecked;v1.6.0-140-g9a10cc1
roadmap;dimacs;9/400;400;    915484;   1137906;165806;643;2220114;230070;227;1861;0.673445;341632;0;0;sBELA*;? Unchecked;v1.6.0-140-g9a10cc1
roadmap;dimacs;10/400;400;     72419;    669854;530352;1507;6188756;797924;238;1861;2.09187;381440;0;0;sBELA*;? Unchecked;v1.6.0-140-g9a10cc1
roadmap;dimacs;11/400;400;   1121375;    296229;257314;941;2973051;408718;778;1861;1.18879;343809;0;0;sBELA*;? Unchecked;v1.6.0-140-g9a10cc1
roadmap;dimacs;12/400;400;    873937;   1184806;135547;899;1799072;264010;53;1759;0.616704;428098;0;0;sBELA*;? Unchecked;v1.6.0-140-g9a10cc1
roadmap;dimacs;13/400;400;    193531;    355264;127820;255;1754304;93038;490;1831;0.316238;294203;0;0;sBELA*;? Unchecked;v1.6.0-140-g9a10cc1
roadmap;dimacs;14/400;400;    147031;    633056;115065;545;2056118;251263;232;1847;0.693834;362137;0;0;sBELA*;? Unchecked;v1.6.0-140-g9a10cc1
roadmap;dimacs;15/400;400;    362446;    482465;186548;712;2280590;309649;487;1849;0.835892;370442;0;0;sBELA*;? Unchecked;v1.6.0-140-g9a10cc1
roadmap;dimacs;16/400;400;    770308;    417500;737243;1739;8930078;1203467;218;1849;3.01514;399141;0;0;sBELA*;? Unchecked;v1.6.0-140-g9a10cc1
roadmap;dimacs;17/400;400;    908330;    720411;129050;294;1792940;190491;1664;1850;0.540504;352432;0;0;sBELA*;? Unchecked;v1.6.0-140-g9a10cc1
roadmap;dimacs;18/400;400;   1038933;    130295;221765;838;3271594;565525;487;1850;1.52099;371815;0;0;sBELA*;? Unchecked;v1.6.0-140-g9a10cc1
roadmap;dimacs;19/400;400;    652846;    858648;268696;632;3458120;372137;569;1850;1.0162;366203;0;0;sBELA*;? Unchecked;v1.6.0-140-g9a10cc1
roadmap;dimacs;20/400;400;    676969;    283827;563880;2078;6739020;956052;216;1850;2.51347;380372;0;0;sBELA*;? Unchecked;v1.6.0-140-g9a10cc1
roadmap;dimacs;21/400;400;    910826;    680529;199319;780;2575062;417236;808;1850;1.15853;360142;0;0;sBELA*;? Unchecked;v1.6.0-140-g9a10cc1
roadmap;dimacs;22/400;400;    515058;    865076;359432;1217;4602877;709767;622;1850;2.01075;352986;0;0;sBELA*;? Unchecked;v1.6.0-140-g9a10cc1
roadmap;dimacs;23/400;400;    348482;    108720;485606;1431;5713230;815558;241;1850;2.14971;379380;0;0;sBELA*;? Unchecked;v1.6.0-140-g9a10cc1
roadmap;dimacs;24/400;400;   1204965;    881288;191225;707;2391727;217965;434;1850;0.753884;289123;0;0;sBELA*;? Unchecked;v1.6.0-140-g9a10cc1
roadmap;dimacs;25/400;400;    907042;    523545;158819;509;2345648;416760;1225;1850;1.08752;383220;0;0;sBELA*;? Unchecked;v1.6.0-140-g9a10cc1
roadmap;dimacs;26/400;400;    752817;    293040;341704;1042;4298277;692930;382;1861;1.83222;378191;0;0;sBELA*;? Unchecked;v1.6.0-140-g9a10cc1
roadmap;dimacs;27/400;400;    491779;    520998;507666;1494;6001149;946398;117;1861;2.18049;434030;0;0;sBELA*;? Unchecked;v1.6.0-140-g9a10cc1
roadmap;dimacs;28/400;400;   1009615;   1162067;145474;785;1606217;109152;423;1861;0.498699;218874;0;0;sBELA*;? Unchecked;v1.6.0-140-g9a10cc1
roadmap;dimacs;29/400;400;    701030;   1127091;405109;1088;4938951;776751;414;1861;2.0738;374554;0;0;sBELA*;? Unchecked;v1.6.0-140-g9a10cc1
roadmap;dimacs;30/400;400;    472756;    557148;52516;338;573336;102042;450;1759;0.327021;312035;0;0;sBELA*;? Unchecked;v1.6.0-140-g9a10cc1
roadmap;dimacs;31/400;400;    155407;    436004;101676;423;1196224;142859;238;1861;0.42557;335689;0;0;sBELA*;? Unchecked;v1.6.0-140-g9a10cc1
roadmap;dimacs;32/400;400;    456711;    311070;380520;1192;4547026;861253;247;1861;2.18579;394023;0;0;sBELA*;? Unchecked;v1.6.0-140-g9a10cc1
roadmap;dimacs;33/400;400;    442126;    981906;201739;974;2240189;324709;250;1759;0.979399;331539;0;0;sBELA*;? Unchecked;v1.6.0-140-g9a10cc1
roadmap;dimacs;34/400;400;    245025;    364323;287766;890;3395791;261244;191;1849;0.72106;362306;0;0;sBELA*;? Unchecked;v1.6.0-140-g9a10cc1
roadmap;dimacs;35/400;400;      5294;    359682;497906;1059;5857269;377371;2326;1849;1.56217;241569;0;0;sBELA*;? Unchecked;v1.6.0-140-g9a10cc1
roadmap;dimacs;36/400;400;    971272;    420382;454529;1019;5523408;544530;1293;1849;1.73925;313084;0;0;sBELA*;? Unchecked;v1.6.0-140-g9a10cc1
roadmap;dimacs;37/400;400;   1085133;    900426;525527;1643;6548972;1146794;107;1849;2.60428;440350;0;0;sBELA*;? Unchecked;v1.6.0-140-g9a10cc1
roadmap;dimacs;38/400;400;    428123;    175918;164463;511;2187176;315905;398;1861;0.897372;352034;0;0;sBELA*;? Unchecked;v1.6.0-140-g9a10cc1
roadmap;dimacs;39/400;400;    371133;    254310;338822;823;4059310;503147;476;1861;1.35957;370079;0;0;sBELA*;? Unchecked;v1.6.0-140-g9a10cc1
roadmap;dimacs;40/400;400;    145885;    494504;351426;943;4004291;653376;250;1861;1.64796;396475;0;0;sBELA*;? Unchecked;v1.6.0-140-g9a10cc1
roadmap;dimacs;41/400;400;   1033980;   1115849;253936;946;3386511;571097;181;1861;1.34167;425662;0;0;sBELA*;? Unchecked;v1.6.0-140-g9a10cc1
roadmap;dimacs;42/400;400;    678373;    779275;238222;984;2864010;401474;1231;1861;1.25313;320378;0;0;sBELA*;? Unchecked;v1.6.0-140-g9a10cc1
roadmap;dimacs;43/400;400;   1204962;    531023;234648;821;2887078;460445;194;1861;1.11547;412781;0;0;sBELA*;? Unchecked;v1.6.0-140-g9a10cc1
roadmap;dimacs;44/400;400;   1004218;    821966;177842;1281;3036196;238421;124;1861;0.776544;307028;0;0;sBELA*;? Unchecked;v1.6.0-140-g9a10cc1
roadmap;dimacs;45/400;400;    675354;    512610;558235;1636;7038330;954397;291;1861;2.37595;401690;0;0;sBELA*;? Unchecked;v1.6.0-140-g9a10cc1
roadmap;dimacs;46/400;400;     86859;    596027;873518;2717;11007530;1200211;181;1861;3.03219;395824;0;0;sBELA*;? Unchecked;v1.6.0-140-g9a10cc1
roadmap;dimacs;47/400;400;    681418;    478587;221147;1147;2669690;464162;227;1870;1.21174;383053;0;0;sBELA*;? Unchecked;v1.6.0-140-g9a10cc1
roadmap;dimacs;48/400;400;    760397;    372153;402374;1932;4697521;721991;208;1873;2.11468;341418;0;0;sBELA*;? Unchecked;v1.6.0-140-g9a10cc1
roadmap;dimacs;49/400;400;     93813;    542722;495968;1384;5909845;606741;292;1873;1.76396;343965;0;0;sBELA*;? Unchecked;v1.6.0-140-g9a10cc1
roadmap;dimacs;50/400;400;    447380;    364700;339858;954;4094507;552355;183;1873;1.38492;398835;0;0;sBELA*;? Unchecked;v1.6.0-140-g9a10cc1
roadmap;dimacs;51/400;400;    247986;    234915;335229;567;4053386;211482;896;1873;0.722079;292879;0;0;sBELA*;? Unchecked;v1.6.0-140-g9a10cc1
roadmap;dimacs;52/400;400;    980356;    494879;326387;622;3779140;227860;980;1873;0.706555;322495;0;0;sBELA*;? Unchecked;v1.6.0-140-g9a10cc1
roadmap;dimacs;53/400;400;    892807;    798084;85109;239;1212397;194084;4316;1759;0.858197;226153;0;0;sBELA*;? Unchecked;v1.6.0-140-g9a10cc1
roadmap;dimacs;54/400;400;    720503;   1090045;559074;2108;6796592;1095490;219;1849;2.80242;390908;0;0;sBELA*;? Unchecked;v1.6.0-140-g9a10cc1
roadmap;dimacs;55/400;400;    489387;   1078166;236291;898;3124207;390648;295;1849;1.04696;373127;0;0;sBELA*;? Unchecked;v1.6.0-140-g9a10cc1
roadmap;dimacs;56/400;400;     32771;     17233;493614;1470;6115721;565521;304;1849;1.69192;334248;0;0;sBELA*;? Unchecked;v1.6.0-140-g9a10cc1
roadmap;dimacs;57/400;400;    746419;    325594;489132;1482;5966236;973753;233;1861;2.40528;404839;0;0;sBELA*;? Unchecked;v1.6.0-140-g9a10cc1
roadmap;dimacs;58/400;400;    884332;    577380;242278;568;2950341;494539;374;1861;1.18022;419024;0;0;sBELA*;? Unchecked;v1.6.0-140-g9a10cc1
roadmap;dimacs;59/400;400;   1095690;    484726;412533;1188;4904373;458434;389;1861;1.36651;335479;0;0;sBELA*;? Unchecked;v1.6.0-140-g9a10cc1
roadmap;dimacs;60/400;400;    949870;    966567;123708;429;1397358;88884;287;1861;0.332779;267096;0;0;sBELA*;? Unchecked;v1.6.0-140-g9a10cc1
roadmap;dimacs;61/400;400;    682839;    783539;216164;923;2855123;243957;344;1861;0.776872;314025;0;0;sBELA*;? Unchecked;v1.6.0-140-g9a10cc1
roadmap;dimacs;62/400;400;   1002602;    269552;551874;1359;6618577;1155704;702;1861;2.85624;404625;0;0;sBELA*;? Unchecked;v1.6.0-140-g9a10cc1
roadmap;dimacs;63/400;400;    599356;    815289;489248;1610;6407582;684530;171;1861;1.80662;378901;0;0;sBELA*;? Unchecked;v1.6.0-140-g9a10cc1
roadmap;dimacs;64/400;400;    609510;    868976;167634;619;2015716;312498;625;1861;0.782327;399447;0;0;sBELA*;? Unchecked;v1.6.0-140-g9a10cc1
roadmap;dimacs;65/400;400;   1056417;   1197904;522327;1488;6134115;778573;397;1861;2.13873;364035;0;0;sBELA*;? Unchecked;v1.6.0-140-g9a10cc1
roadmap;dimacs;66/400;400;    483230;    807734;179356;902;2618489;316276;288;1861;0.876361;360897;0;0;sBELA*;? Unchecked;v1.6.0-140-g9a10cc1
roadmap;dimacs;67/400;400;    521120;    311174;538082;1154;6961384;1075333;799;1861;2.72639;394417;0;0;sBELA*;? Unchecked;v1.6.0-140-g9a10cc1
roadmap;dimacs;68/400;400;    181514;     70872;494839;1026;5810948;953670;388;1861;2.35728;404563;0;0;sBELA*;? Unchecked;v1.6.0-140-g9a10cc1
roadmap;dimacs;69/400;400;    831298;    692941;268541;1601;5456577;576403;238;1861;1.48644;387775;0;0;sBELA*;? Unchecked;v1.6.0-140-g9a10cc1
roadmap;dimacs;70/400;400;    576531;    928353;288630;841;3354727;478917;340;1861;1.23383;388156;0;0;sBELA*;? Unchecked;v1.6.0-140-g9a10cc1
roadmap;dimacs;71/400;400;    890413;    335170;628149;1599;7709253;1159655;184;1861;2.61667;443179;0;0;sBELA*;? Unchecked;v1.6.0-140-g9a10cc1
roadmap;dimacs;72/400;400;    505669;    752733;347823;1124;4318821;612899;574;1861;1.75564;349104;0;0;sBELA*;? Unchecked;v1.6.0-140-g9a10cc1
roadmap;dimacs;73/400;400;   1190825;   1005135;134067;582;1512970;186546;504;1861;0.594262;313912;0;0;sBELA*;? Unchecked;v1.6.0-140-g9a10cc1
roadmap;dimacs;74/400;400;   1011910;    329023;720790;2154;8406528;1103728;105;1861;2.93384;376205;0;0;sBELA*;? Unchecked;v1.6.0-140-g9a10cc1
roadmap;dimacs;75/400;400;    893394;    520208;470591;1280;5966008;934260;324;1861;2.2693;411695;0;0;sBELA*;? Unchecked;v1.6.0-140-g9a10cc1
roadmap;dimacs;76/400;400;    932724;    182285;404031;1320;4927042;773951;165;1861;1.96736;393395;0;0;sBELA*;? Unchecked;v1.6.0-140-g9a10cc1
roadmap;dimacs;77/400;400;     95486;    223534;735147;2455;8974001;1116806;150;1861;3.0065;371464;0;0;sBELA*;? Unchecked;v1.6.0-140-g9a10cc1
roadmap;dimacs;78/400;400;   1029767;     91221;388766;934;4641142;942153;745;1861;2.30272;409148;0;0;sBELA*;? Unchecked;v1.6.0-140-g9a10cc1
roadmap;dimacs;79/400;400;     67100;    510326;268257;750;3413896;235605;257;1861;0.724018;325413;0;0;sBELA*;? Unchecked;v1.6.0-140-g9a10cc1
roadmap;dimacs;80/400;400;    846164;    646741;453862;1668;6083879;864754;836;1861;2.46358;351015;0;0;sBELA*;? Unchecked;v1.6.0-140-g9a10cc1
roadmap;dimacs;81/400;400;   1087215;    947306;482917;1227;5825337;806640;229;1861;1.97978;407439;0;0;sBELA*;? Unchecked;v1.6.0-140-g9a10cc1
roadmap;dimacs;82/400;400;    619348;    369016;193912;806;2058264;308570;331;1861;0.909981;339095;0;0;sBELA*;? Unchecked;v1.6.0-140-g9a10cc1
roadmap;dimacs;83/400;400;   1041136;    582354;145911;537;1892960;117815;308;1861;0.386693;304674;0;0;sBELA*;? Unchecked;v1.6.0-140-g9a10cc1
roadmap;dimacs;84/400;400;   1023095;    975421;185525;633;2086248;138043;213;1861;0.522749;264071;0;0;sBELA*;? Unchecked;v1.6.0-140-g9a10cc1
roadmap;dimacs;85/400;400;   1057515;    241893;271597;871;4037246;267565;387;1861;0.876934;305114;0;0;sBELA*;? Unchecked;v1.6.0-140-g9a10cc1
roadmap;dimacs;86/400;400;    467176;    425228;480846;1333;5780931;1013184;27;1861;2.22206;455965;0;0;sBELA*;? Unchecked;v1.6.0-140-g9a10cc1
roadmap;dimacs;87/400;400;    129108;     84480;580589;1083;6972597;1157608;635;1861;2.73849;422717;0;0;sBELA*;? Unchecked;v1.6.0-140-g9a10cc1
roadmap;dimacs;88/400;400;    968130;     31496;86422;396;1087136;61150;1111;1861;0.370593;165006;0;0;sBELA*;? Unchecked;v1.6.0-140-g9a10cc1
roadmap;dimacs;89/400;400;   1077408;    807029;436814;1594;5353727;476998;195;1861;1.45988;326738;0;0;sBELA*;? Unchecked;v1.6.0-140-g9a10cc1
roadmap;dimacs;90/400;400;   1093559;    364731;173511;665;2081091;108020;10245;1861;1.38061;78241;0;0;sBELA*;? Unchecked;v1.6.0-140-g9a10cc1
roadmap;dimacs;91/400;400;    201585;    558881;178496;460;2351767;274028;822;1861;0.879124;311706;0;0;sBELA*;? Unchecked;v1.6.0-140-g9a10cc1
roadmap;dimacs;92/400;400;    713598;    144731;251834;830;3427088;552943;120;1759;1.2383;446533;0;0;sBELA*;? Unchecked;v1.6.0-140-g9a10cc1
roadmap;dimacs;93/400;400;     74935;   1046029;301814;589;3400121;274252;1691;1849;0.886806;309258;0;0;sBELA*;? Unchecked;v1.6.0-140-g9a10cc1
roadmap;dimacs;94/400;400;    643572;   1117036;350301;1076;4528697;613427;147;1849;1.51667;404457;0;0;sBELA*;? Unchecked;v1.6.0-140-g9a10cc1
roadmap;dimacs;95/400;400;     53022;   1008418;530350;1690;6633327;872662;278;1849;2.22868;391559;0;0;sBELA*;? Unchecked;v1.6.0-140-g9a10cc1
roadmap;dimacs;96/400;400;   1003495;    202919;316576;879;3859727;439820;486;1849;1.19231;368880;0;0;sBELA*;? Unchecked;v1.6.0-140-g9a10cc1
roadmap;dimacs;97/400;400;     39282;   1102138;751539;2466;8938244;1070256;188;1849;2.98911;358052;0;0;sBELA*;? Unchecked;v1.6.0-140-g9a10cc1
roadmap;dimacs;98/400;400;    105999;    190640;320715;1030;3968761;329383;539;1849;1.04504;315186;0;0;sBELA*;? Unchecked;v1.6.0-140-g9a10cc1
roadmap;dimacs;99/400;400;    246000;   1072283;347411;1027;4511880;657761;617;1849;1.79982;365459;0;0;sBELA*;? Unchecked;v1.6.0-140-g9a10cc1
roadmap;dimacs;0/500;500;   1184114;    193764;365827;1164;4668943;782008;276;1861;2.07234;377355;0;0;sBELA*;? Unchecked;v1.6.0-140-g9a10cc1
roadmap;dimacs;1/500;500;    457060;   1134187;306698;827;3674586;707116;563;1861;1.75911;401973;0;0;sBELA*;? Unchecked;v1.6.0-140-g9a10cc1
roadmap;dimacs;2/500;500;    648367;    958789;129341;528;1578312;64306;475;1861;0.326177;197150;0;0;sBELA*;? Unchecked;v1.6.0-140-g9a10cc1
roadmap;dimacs;3/500;500;    485078;    567556;537678;1412;6183440;964327;204;1861;2.19465;439400;0;0;sBELA*;? Unchecked;v1.6.0-140-g9a10cc1
roadmap;dimacs;4/500;500;   1175334;   1035537;284229;752;3674455;251104;1661;1861;1.10905;226415;0;0;sBELA*;? Unchecked;v1.6.0-140-g9a10cc1
roadmap;dimacs;5/500;500;    626886;    437084;155658;802;1776837;259073;264;1861;0.785229;329933;0;0;sBELA*;? Unchecked;v1.6.0-140-g9a10cc1
roadmap;dimacs;6/500;500;    635719;    734204;195593;955;2314635;425369;309;1861;1.17995;360499;0;0;sBELA*;? Unchecked;v1.6.0-140-g9a10cc1
roadmap;dimacs;7/500;500;    316104;    997118;457827;1630;5531015;648235;59;1861;1.69579;382261;0;0;sBELA*;? Unchecked;v1.6.0-140-g9a10cc1
roadmap;dimacs;8/500;500;     47649;    976084;558601;1291;6555290;523385;262;1861;1.59664;327803;0;0;sBELA*;? Unchecked;v1.6.0-140-g9a10cc1
roadmap;dimacs;9/500;500;    915484;   1137906;165806;641;2220127;230071;282;1861;0.713889;322278;0;0;sBELA*;? Unchecked;v1.6.0-140-g9a10cc1
roadmap;dimacs;10/500;500;     72419;    669854;530352;1509;6188762;797927;292;1861;2.12522;375455;0;0;sBELA*;? Unchecked;v1.6.0-140-g9a10cc1
roadmap;dimacs;11/500;500;   1121375;    296229;257314;946;2973102;408722;1022;1861;1.30418;313394;0;0;sBELA*;? Unchecked;v1.6.0-140-g9a10cc1
roadmap;dimacs;12/500;500;    873937;   1184806;135547;898;1799076;264010;65;1759;0.624077;423041;0;0;sBELA*;? Unchecked;v1.6.0-140-g9a10cc1
roadmap;dimacs;13/500;500;    193531;    355264;127820;254;1754386;93051;623;1831;0.342993;271291;0;0;sBELA*;? Unchecked;v1.6.0-140-g9a10cc1
roadmap;dimacs;14/500;500;    147031;    633056;115065;545;2056137;251266;290;1847;0.721533;348239;0;0;sBELA*;? Unchecked;v1.6.0-140-g9a10cc1
roadmap;dimacs;15/500;500;    362446;    482465;186548;712;2280608;309652;616;1849;0.882862;350737;0;0;sBELA*;? Unchecked;v1.6.0-140-g9a10cc1
roadmap;dimacs;16/500;500;    770308;    417500;737243;1707;8930082;1203467;262;1849;3.13338;384079;0;0;sBELA*;? Unchecked;v1.6.0-140-g9a10cc1
roadmap;dimacs;17/500;500;    908330;    720411;129050;307;1793010;190513;2055;1852;0.580304;328298;0;0;sBELA*;? Unchecked;v1.6.0-140-g9a10cc1
roadmap;dimacs;18/500;500;   1038933;    130295;221765;843;3271620;565534;635;1854;1.67126;338389;0;0;sBELA*;? Unchecked;v1.6.0-140-g9a10cc1
roadmap;dimacs;19/500;500;    652846;    858648;268696;626;3458138;372142;716;1854;1.06693;348797;0;0;sBELA*;? Unchecked;v1.6.0-140-g9a10cc1
roadmap;dimacs;20/500;500;    676969;    283827;563880;2078;6739024;956053;252;1854;2.65163;360553;0;0;sBELA*;? Unchecked;v1.6.0-140-g9a10cc1
roadmap;dimacs;21/500;500;    910826;    680529;199319;779;2575084;417246;957;1854;1.221;341725;0;0;sBELA*;? Unchecked;v1.6.0-140-g9a10cc1
roadmap;dimacs;22/500;500;    515058;    865076;359432;1219;4602892;709778;760;1854;2.07181;342588;0;0;sBELA*;? Unchecked;v1.6.0-140-g9a10cc1
roadmap;dimacs;23/500;500;    348482;    108720;485606;1433;5713240;815558;265;1854;2.23258;365299;0;0;sBELA*;? Unchecked;v1.6.0-140-g9a10cc1
roadmap;dimacs;24/500;500;   1204965;    881288;191225;684;2391743;217973;527;1854;0.821101;265464;0;0;sBELA*;? Unchecked;v1.6.0-140-g9a10cc1
roadmap;dimacs;25/500;500;    907042;    523545;158819;509;2345693;416783;1499;1854;1.13664;366681;0;0;sBELA*;? Unchecked;v1.6.0-140-g9a10cc1
roadmap;dimacs;26/500;500;    752817;    293040;341704;1033;4298288;692930;451;1861;1.90734;363296;0;0;sBELA*;? Unchecked;v1.6.0-140-g9a10cc1
roadmap;dimacs;27/500;500;    491779;    520998;507666;1496;6001159;946399;144;1861;2.23099;424205;0;0;sBELA*;? Unchecked;v1.6.0-140-g9a10cc1
roadmap;dimacs;28/500;500;   1009615;   1162067;145474;787;1606235;109153;527;1861;0.585007;186584;0;0;sBELA*;? Unchecked;v1.6.0-140-g9a10cc1
roadmap;dimacs;29/500;500;    701030;   1127091;405109;1090;4938960;776754;488;1861;2.14953;361360;0;0;sBELA*;? Unchecked;v1.6.0-140-g9a10cc1
roadmap;dimacs;30/500;500;    472756;    557148;52516;336;573355;102044;557;1759;0.356817;285984;0;0;sBELA*;? Unchecked;v1.6.0-140-g9a10cc1
roadmap;dimacs;31/500;500;    155407;    436004;101676;423;1196230;142859;288;1861;0.447914;318943;0;0;sBELA*;? Unchecked;v1.6.0-140-g9a10cc1
roadmap;dimacs;32/500;500;    456711;    311070;380520;1189;4547030;861255;291;1861;2.27693;378252;0;0;sBELA*;? Unchecked;v1.6.0-140-g9a10cc1
roadmap;dimacs;33/500;500;    442126;    981906;201739;973;2240195;324710;285;1759;1.05783;306957;0;0;sBELA*;? Unchecked;v1.6.0-140-g9a10cc1
roadmap;dimacs;34/500;500;    245025;    364323;287766;889;3395801;261245;228;1849;0.751947;347425;0;0;sBELA*;? Unchecked;v1.6.0-140-g9a10cc1
roadmap;dimacs;35/500;500;      5294;    359682;497906;1058;5857309;377377;3011;1849;1.76222;214148;0;0;sBELA*;? Unchecked;v1.6.0-140-g9a10cc1
roadmap;dimacs;36/500;500;    971272;    420382;454529;1021;5523437;544536;1632;1849;1.87895;289809;0;0;sBELA*;? Unchecked;v1.6.0-140-g9a10cc1
roadmap;dimacs;37/500;500;   1085133;    900426;525527;1652;6548979;1146796;131;1849;2.67693;428400;0;0;sBELA*;? Unchecked;v1.6.0-140-g9a10cc1
roadmap;dimacs;38/500;500;    428123;    175918;164463;511;2187203;315910;494;1861;0.931496;339143;0;0;sBELA*;? Unchecked;v1.6.0-140-g9a10cc1
roadmap;dimacs;39/500;500;    371133;    254310;338822;826;4059330;503149;565;1861;1.42036;354242;0;0;sBELA*;? Unchecked;v1.6.0-140-g9a10cc1
roadmap;dimacs;40/500;500;    145885;    494504;351426;937;4004308;653379;304;1861;1.70652;382872;0;0;sBELA*;? Unchecked;v1.6.0-140-g9a10cc1
roadmap;dimacs;41/500;500;   1033980;   1115849;253936;955;3386520;571102;202;1861;1.37047;416720;0;0;sBELA*;? Unchecked;v1.6.0-140-g9a10cc1
roadmap;dimacs;42/500;500;    678373;    779275;238222;1001;2864037;401481;1552;1861;1.36976;293104;0;0;sBELA*;? Unchecked;v1.6.0-140-g9a10cc1
roadmap;dimacs;43/500;500;   1204962;    531023;234648;817;2887092;460450;244;1861;1.15404;398989;0;0;sBELA*;? Unchecked;v1.6.0-140-g9a10cc1
roadmap;dimacs;44/500;500;   1004218;    821966;177842;1281;3036201;238422;153;1861;0.795955;299542;0;0;sBELA*;? Unchecked;v1.6.0-140-g9a10cc1
roadmap;dimacs;45/500;500;    675354;    512610;558235;1634;7038335;954399;342;1861;2.478;385149;0;0;sBELA*;? Unchecked;v1.6.0-140-g9a10cc1
roadmap;dimacs;46/500;500;     86859;    596027;873518;2721;11007533;1200211;205;1861;3.10218;386892;0;0;sBELA*;? Unchecked;v1.6.0-140-g9a10cc1
roadmap;dimacs;47/500;500;    681418;    478587;221147;1144;2669700;464162;275;1876;1.2937;358787;0;0;sBELA*;? Unchecked;v1.6.0-140-g9a10cc1
roadmap;dimacs;48/500;500;    760397;    372153;402374;1932;4697524;721993;250;1876;2.20075;328067;0;0;sBELA*;? Unchecked;v1.6.0-140-g9a10cc1
roadmap;dimacs;49/500;500;     93813;    542722;495968;1387;5909853;606746;353;1876;1.87157;324190;0;0;sBELA*;? Unchecked;v1.6.0-140-g9a10cc1
roadmap;dimacs;50/500;500;    447380;    364700;339858;956;4094515;552361;229;1876;1.42224;388374;0;0;sBELA*;? Unchecked;v1.6.0-140-g9a10cc1
roadmap;dimacs;51/500;500;    247986;    234915;335229;566;4053431;211485;1118;1876;0.779336;271365;0;0;sBELA*;? Unchecked;v1.6.0-140-g9a10cc1
roadmap;dimacs;52/500;500;    980356;    494879;326387;622;3779165;227864;1166;1876;0.754589;301971;0;0;sBELA*;? Unchecked;v1.6.0-140-g9a10cc1
roadmap;dimacs;53/500;500;    892807;    798084;85109;239;1212501;194100;5222;1766;0.999797;194139;0;0;sBELA*;? Unchecked;v1.6.0-140-g9a10cc1
roadmap;dimacs;54/500;500;    720503;   1090045;559074;2108;6796596;1095490;259;1856;2.85614;383556;0;0;sBELA*;? Unchecked;v1.6.0-140-g9a10cc1
roadmap;dimacs;55/500;500;    489387;   1078166;236291;898;3124216;390649;360;1856;1.10015;355088;0;0;sBELA*;? Unchecked;v1.6.0-140-g9a10cc1
roadmap;dimacs;56/500;500;     32771;     17233;493614;1470;6115734;565522;389;1856;1.80225;313786;0;0;sBELA*;? Unchecked;v1.6.0-140-g9a10cc1
roadmap;dimacs;57/500;500;    746419;    325594;489132;1484;5966244;973753;280;1868;2.54937;381959;0;0;sBELA*;? Unchecked;v1.6.0-140-g9a10cc1
roadmap;dimacs;58/500;500;    884332;    577380;242278;566;2950356;494542;446;1868;1.20745;409577;0;0;sBELA*;? Unchecked;v1.6.0-140-g9a10cc1
roadmap;dimacs;59/500;500;   1095690;    484726;412533;1188;4904383;458435;465;1868;1.45474;315132;0;0;sBELA*;? Unchecked;v1.6.0-140-g9a10cc1
roadmap;dimacs;60/500;500;    949870;    966567;123708;430;1397378;88885;349;1868;0.364146;244092;0;0;sBELA*;? Unchecked;v1.6.0-140-g9a10cc1
roadmap;dimacs;61/500;500;    682839;    783539;216164;918;2855132;243962;407;1868;0.837828;291184;0;0;sBELA*;? Unchecked;v1.6.0-140-g9a10cc1
roadmap;dimacs;62/500;500;   1002602;    269552;551874;1364;6618589;1155704;839;1868;2.96484;389803;0;0;sBELA*;? Unchecked;v1.6.0-140-g9a10cc1
roadmap;dimacs;63/500;500;    599356;    815289;489248;1611;6407587;684531;200;1868;1.84323;371375;0;0;sBELA*;? Unchecked;v1.6.0-140-g9a10cc1
roadmap;dimacs;64/500;500;    609510;    868976;167634;633;2015752;312502;794;1868;0.827804;377507;0;0;sBELA*;? Unchecked;v1.6.0-140-g9a10cc1
roadmap;dimacs;65/500;500;   1056417;   1197904;522327;1488;6134134;778576;554;1868;2.27482;342259;0;0;sBELA*;? Unchecked;v1.6.0-140-g9a10cc1
roadmap;dimacs;66/500;500;    483230;    807734;179356;905;2618497;316277;356;1868;0.929224;340367;0;0;sBELA*;? Unchecked;v1.6.0-140-g9a10cc1
roadmap;dimacs;67/500;500;    521120;    311174;538082;1156;6961400;1075336;971;1868;2.87969;373420;0;0;sBELA*;? Unchecked;v1.6.0-140-g9a10cc1
roadmap;dimacs;68/500;500;    181514;     70872;494839;1024;5810961;953677;451;1868;2.38417;400004;0;0;sBELA*;? Unchecked;v1.6.0-140-g9a10cc1
roadmap;dimacs;69/500;500;    831298;    692941;268541;1567;5456582;576403;276;1868;1.52409;378195;0;0;sBELA*;? Unchecked;v1.6.0-140-g9a10cc1
roadmap;dimacs;70/500;500;    576531;    928353;288630;838;3354745;478933;417;1868;1.28946;371422;0;0;sBELA*;? Unchecked;v1.6.0-140-g9a10cc1
roadmap;dimacs;71/500;500;    890413;    335170;628149;1595;7709258;1159656;223;1868;2.72766;425147;0;0;sBELA*;? Unchecked;v1.6.0-140-g9a10cc1
roadmap;dimacs;72/500;500;    505669;    752733;347823;1124;4318834;612907;711;1868;1.84448;332292;0;0;sBELA*;? Unchecked;v1.6.0-140-g9a10cc1
roadmap;dimacs;73/500;500;   1190825;   1005135;134067;583;1512993;186547;617;1868;0.642551;290323;0;0;sBELA*;? Unchecked;v1.6.0-140-g9a10cc1
roadmap;dimacs;74/500;500;   1011910;    329023;720790;2154;8406540;1103730;130;1868;3.04295;362717;0;0;sBELA*;? Unchecked;v1.6.0-140-g9a10cc1
roadmap;dimacs;75/500;500;    893394;    520208;470591;1280;5966018;934262;398;1868;2.36652;394783;0;0;sBELA*;? Unchecked;v1.6.0-140-g9a10cc1
roadmap;dimacs;76/500;500;    932724;    182285;404031;1322;4927051;773955;203;1868;2.05195;377180;0;0;sBELA*;? Unchecked;v1.6.0-140-g9a10cc1
roadmap;dimacs;77/500;500;     95486;    223534;735147;2453;8974010;1116807;186;1868;3.12182;357743;0;0;sBELA*;? Unchecked;v1.6.0-140-g9a10cc1
roadmap;dimacs;78/500;500;   1029767;     91221;388766;936;4641162;942158;932;1868;2.40722;391388;0;0;sBELA*;? Unchecked;v1.6.0-140-g9a10cc1
roadmap;dimacs;79/500;500;     67100;    510326;268257;750;3413904;235606;310;1868;0.70763;332951;0;0;sBELA*;? Unchecked;v1.6.0-140-g9a10cc1
roadmap;dimacs;80/500;500;    846164;    646741;453862;1668;6083889;864756;1016;1868;2.62809;329044;0;0;sBELA*;? Unchecked;v1.6.0-140-g9a10cc1
roadmap;dimacs;81/500;500;   1087215;    947306;482917;1226;5825351;806642;295;1868;2.03092;397180;0;0;sBELA*;? Unchecked;v1.6.0-140-g9a10cc1
roadmap;dimacs;82/500;500;    619348;    369016;193912;807;2058269;308570;396;1868;0.983866;313630;0;0;sBELA*;? Unchecked;v1.6.0-140-g9a10cc1
roadmap;dimacs;83/500;500;   1041136;    582354;145911;537;1892984;117816;388;1868;0.414511;284229;0;0;sBELA*;? Unchecked;v1.6.0-140-g9a10cc1
roadmap;dimacs;84/500;500;   1023095;    975421;185525;638;2086258;138045;266;1868;0.560865;246129;0;0;sBELA*;? Unchecked;v1.6.0-140-g9a10cc1
roadmap;dimacs;85/500;500;   1057515;    241893;271597;870;4037259;267567;455;1868;0.920273;290747;0;0;sBELA*;? Unchecked;v1.6.0-140-g9a10cc1
roadmap;dimacs;86/500;500;    467176;    425228;480846;1332;5780935;1013184;33;1868;2.24403;451502;0;0;sBELA*;? Unchecked;v1.6.0-140-g9a10cc1
roadmap;dimacs;87/500;500;    129108;     84480;580589;1080;6972625;1157611;808;1868;2.83636;408133;0;0;sBELA*;? Unchecked;v1.6.0-140-g9a10cc1
roadmap;dimacs;88/500;500;    968130;     31496;86422;391;1087211;61157;1387;1868;0.432;141567;0;0;sBELA*;? Unchecked;v1.6.0-140-g9a10cc1
roadmap;dimacs;89/500;500;   1077408;    807029;436814;1587;5353731;476999;227;1868;1.56078;305616;0;0;sBELA*;? Unchecked;v1.6.0-140-g9a10cc1
roadmap;dimacs;90/500;500;   1093559;    364731;173511;671;2081169;108031;12513;1868;1.63783;65959.9;0;0;sBELA*;? Unchecked;v1.6.0-140-g9a10cc1
roadmap;dimacs;91/500;500;    201585;    558881;178496;458;2351804;274042;1038;1868;0.958215;285992;0;0;sBELA*;? Unchecked;v1.6.0-140-g9a10cc1
roadmap;dimacs;92/500;500;    713598;    144731;251834;829;3427110;552944;156;1766;1.2693;435629;0;0;sBELA*;? Unchecked;v1.6.0-140-g9a10cc1
roadmap;dimacs;93/500;500;     74935;   1046029;301814;592;3400187;274256;2175;1856;0.972642;281970;0;0;sBELA*;? Unchecked;v1.6.0-140-g9a10cc1
roadmap;dimacs;94/500;500;    643572;   1117036;350301;1078;4528706;613429;176;1856;1.6025;382796;0;0;sBELA*;? Unchecked;v1.6.0-140-g9a10cc1
roadmap;dimacs;95/500;500;     53022;   1008418;530350;1692;6633332;872663;310;1856;2.31391;377138;0;0;sBELA*;? Unchecked;v1.6.0-140-g9a10cc1
roadmap;dimacs;96/500;500;   1003495;    202919;316576;879;3859742;439826;587;1856;1.20332;365511;0;0;sBELA*;? Unchecked;v1.6.0-140-g9a10cc1
roadmap;dimacs;97/500;500;     39282;   1102138;751539;2465;8938253;1070259;242;1856;3.13084;341844;0;0;sBELA*;? Unchecked;v1.6.0-140-g9a10cc1
roadmap;dimacs;98/500;500;    105999;    190640;320715;1027;3968773;329384;670;1856;1.17183;281084;0;0;sBELA*;? Unchecked;v1.6.0-140-g9a10cc1
roadmap;dimacs;99/500;500;    246000;   1072283;347411;1031;4511898;657772;747;1856;1.8695;351843;0;0;sBELA*;? Unchecked;v1.6.0-140-g9a10cc1
roadmap;dimacs;0/600;600;   1184114;    193764;365827;1159;4668952;782008;327;1868;2.11942;368973;0;0;sBELA*;? Unchecked;v1.6.0-140-g9a10cc1
roadmap;dimacs;1/600;600;    457060;   1134187;306698;829;3674605;707120;671;1868;1.82574;387305;0;0;sBELA*;? Unchecked;v1.6.0-140-g9a10cc1
roadmap;dimacs;2/600;600;    648367;    958789;129341;528;1578319;64307;539;1868;0.360075;178593;0;0;sBELA*;? Unchecked;v1.6.0-140-g9a10cc1
roadmap;dimacs;3/600;600;    485078;    567556;537678;1411;6183455;964327;254;1868;2.29987;419297;0;0;sBELA*;? Unchecked;v1.6.0-140-g9a10cc1
roadmap;dimacs;4/600;600;   1175334;   1035537;284229;757;3674473;251104;1925;1868;1.22429;205101;0;0;sBELA*;? Unchecked;v1.6.0-140-g9a10cc1
roadmap;dimacs;5/600;600;    626886;    437084;155658;797;1776841;259073;296;1868;0.833172;310948;0;0;sBELA*;? Unchecked;v1.6.0-140-g9a10cc1
roadmap;dimacs;6/600;600;    635719;    734204;195593;955;2314641;425371;362;1868;1.18839;357940;0;0;sBELA*;? Unchecked;v1.6.0-140-g9a10cc1
roadmap;dimacs;7/600;600;    316104;    997118;457827;1634;5531017;648236;66;1868;1.7354;373537;0;0;sBELA*;? Unchecked;v1.6.0-140-g9a10cc1
roadmap;dimacs;8/600;600;     47649;    976084;558601;1290;6555298;523385;301;1868;1.6959;308619;0;0;sBELA*;? Unchecked;v1.6.0-140-g9a10cc1
roadmap;dimacs;9/600;600;    915484;   1137906;165806;637;2220138;230071;335;1868;0.754248;305034;0;0;sBELA*;? Unchecked;v1.6.0-140-g9a10cc1
roadmap;dimacs;10/600;600;     72419;    669854;530352;1512;6188765;797927;329;1868;2.21366;360456;0;0;sBELA*;? Unchecked;v1.6.0-140-g9a10cc1
roadmap;dimacs;11/600;600;   1121375;    296229;257314;945;2973138;408724;1251;1868;1.36693;299009;0;0;sBELA*;? Unchecked;v1.6.0-140-g9a10cc1
roadmap;dimacs;12/600;600;    873937;   1184806;135547;898;1799079;264010;78;1766;0.646606;408301;0;0;sBELA*;? Unchecked;v1.6.0-140-g9a10cc1
roadmap;dimacs;13/600;600;    193531;    355264;127820;253;1754440;93060;749;1838;0.366751;253742;0;0;sBELA*;? Unchecked;v1.6.0-140-g9a10cc1
roadmap;dimacs;14/600;600;    147031;    633056;115065;544;2056150;251271;342;1854;0.743377;338013;0;0;sBELA*;? Unchecked;v1.6.0-140-g9a10cc1
roadmap;dimacs;15/600;600;    362446;    482465;186548;713;2280623;309655;727;1856;0.911817;339602;0;0;sBELA*;? Unchecked;v1.6.0-140-g9a10cc1
roadmap;dimacs;16/600;600;    770308;    417500;737243;1747;8930085;1203467;291;1856;3.21875;373893;0;0;sBELA*;? Unchecked;v1.6.0-140-g9a10cc1
roadmap;dimacs;17/600;600;    908330;    720411;129050;292;1793069;190532;2421;1856;0.614128;310248;0;0;sBELA*;? Unchecked;v1.6.0-140-g9a10cc1
roadmap;dimacs;18/600;600;   1038933;    130295;221765;839;3271637;565536;749;1856;1.70674;331355;0;0;sBELA*;? Unchecked;v1.6.0-140-g9a10cc1
roadmap;dimacs;19/600;600;    652846;    858648;268696;626;3458154;372147;852;1856;1.12195;331696;0;0;sBELA*;? Unchecked;v1.6.0-140-g9a10cc1
roadmap;dimacs;20/600;600;    676969;    283827;563880;2078;6739027;956055;285;1856;2.82341;338617;0;0;sBELA*;? Unchecked;v1.6.0-140-g9a10cc1
roadmap;dimacs;21/600;600;    910826;    680529;199319;776;2575104;417254;1135;1856;1.28922;323648;0;0;sBELA*;? Unchecked;v1.6.0-140-g9a10cc1
roadmap;dimacs;22/600;600;    515058;    865076;359432;1220;4602901;709780;902;1856;2.1604;328540;0;0;sBELA*;? Unchecked;v1.6.0-140-g9a10cc1
roadmap;dimacs;23/600;600;    348482;    108720;485606;1432;5713255;815560;300;1856;2.32645;350560;0;0;sBELA*;? Unchecked;v1.6.0-140-g9a10cc1
roadmap;dimacs;24/600;600;   1204965;    881288;191225;705;2391756;217980;623;1856;0.908545;239922;0;0;sBELA*;? Unchecked;v1.6.0-140-g9a10cc1
roadmap;dimacs;25/600;600;    907042;    523545;158819;509;2345730;416791;1778;1856;1.18763;350944;0;0;sBELA*;? Unchecked;v1.6.0-140-g9a10cc1
roadmap;dimacs;26/600;600;    752817;    293040;341704;1043;4298295;692930;511;1868;1.98844;348479;0;0;sBELA*;? Unchecked;v1.6.0-140-g9a10cc1
roadmap;dimacs;27/600;600;    491779;    520998;507666;1494;6001169;946399;170;1868;2.23553;423345;0;0;sBELA*;? Unchecked;v1.6.0-140-g9a10cc1
roadmap;dimacs;28/600;600;   1009615;   1162067;145474;788;1606253;109155;627;1868;0.643344;169668;0;0;sBELA*;? Unchecked;v1.6.0-140-g9a10cc1
roadmap;dimacs;29/600;600;    701030;   1127091;405109;1092;4938968;776754;558;1868;2.25185;344941;0;0;sBELA*;? Unchecked;v1.6.0-140-g9a10cc1
roadmap;dimacs;30/600;600;    472756;    557148;52516;337;573366;102046;661;1766;0.386354;264125;0;0;sBELA*;? Unchecked;v1.6.0-140-g9a10cc1
roadmap;dimacs;31/600;600;    155407;    436004;101676;423;1196234;142860;333;1868;0.46954;304255;0;0;sBELA*;? Unchecked;v1.6.0-140-g9a10cc1
roadmap;dimacs;32/600;600;    456711;    311070;380520;1194;4547036;861260;344;1868;2.36669;363909;0;0;sBELA*;? Unchecked;v1.6.0-140-g9a10cc1
roadmap;dimacs;33/600;600;    442126;    981906;201739;974;2240200;324711;341;1766;1.06016;306286;0;0;sBELA*;? Unchecked;v1.6.0-140-g9a10cc1
roadmap;dimacs;34/600;600;    245025;    364323;287766;889;3395811;261246;277;1856;0.791737;329966;0;0;sBELA*;? Unchecked;v1.6.0-140-g9a10cc1
roadmap;dimacs;35/600;600;      5294;    359682;497906;1056;5857339;377383;3594;1856;2.00569;188156;0;0;sBELA*;? Unchecked;v1.6.0-140-g9a10cc1
roadmap;dimacs;36/600;600;    971272;    420382;454529;1021;5523459;544543;1941;1856;2.00832;271144;0;0;sBELA*;? Unchecked;v1.6.0-140-g9a10cc1
roadmap;dimacs;37/600;600;   1085133;    900426;525527;1642;6548983;1146797;153;1856;2.72737;420478;0;0;sBELA*;? Unchecked;v1.6.0-140-g9a10cc1
roadmap;dimacs;38/600;600;    428123;    175918;164463;510;2187223;315912;589;1868;0.946176;333883;0;0;sBELA*;? Unchecked;v1.6.0-140-g9a10cc1
roadmap;dimacs;39/600;600;    371133;    254310;338822;820;4059354;503150;697;1868;1.49286;337038;0;0;sBELA*;? Unchecked;v1.6.0-140-g9a10cc1
roadmap;dimacs;40/600;600;    145885;    494504;351426;938;4004319;653380;349;1868;1.76605;369968;0;0;sBELA*;? Unchecked;v1.6.0-140-g9a10cc1
roadmap;dimacs;41/600;600;   1033980;   1115849;253936;954;3386536;571105;244;1868;1.4161;403295;0;0;sBELA*;? Unchecked;v1.6.0-140-g9a10cc1
roadmap;dimacs;42/600;600;    678373;    779275;238222;986;2864060;401488;1871;1868;1.48854;269720;0;0;sBELA*;? Unchecked;v1.6.0-140-g9a10cc1
roadmap;dimacs;43/600;600;   1204962;    531023;234648;821;2887100;460451;282;1868;1.19007;386912;0;0;sBELA*;? Unchecked;v1.6.0-140-g9a10cc1
roadmap;dimacs;44/600;600;   1004218;    821966;177842;1281;3036205;238422;180;1868;0.849205;280759;0;0;sBELA*;? Unchecked;v1.6.0-140-g9a10cc1
roadmap;dimacs;45/600;600;    675354;    512610;558235;1635;7038338;954399;382;1868;2.61979;364303;0;0;sBELA*;? Unchecked;v1.6.0-140-g9a10cc1
roadmap;dimacs;46/600;600;     86859;    596027;873518;2718;11007536;1200211;233;1868;3.16606;379087;0;0;sBELA*;? Unchecked;v1.6.0-140-g9a10cc1
roadmap;dimacs;47/600;600;    681418;    478587;221147;1146;2669704;464162;310;1882;1.33515;347647;0;0;sBELA*;? Unchecked;v1.6.0-140-g9a10cc1
roadmap;dimacs;48/600;600;    760397;    372153;402374;1932;4697526;721994;279;1792;2.38429;302813;0;0;sBELA*;? Unchecked;v1.6.0-140-g9a10cc1
roadmap;dimacs;49/600;600;     93813;    542722;495968;1387;5909859;606751;414;1882;1.96727;308424;0;0;sBELA*;? Unchecked;v1.6.0-140-g9a10cc1
roadmap;dimacs;50/600;600;    447380;    364700;339858;960;4094521;552364;263;1882;1.45961;378431;0;0;sBELA*;? Unchecked;v1.6.0-140-g9a10cc1
roadmap;dimacs;51/600;600;    247986;    234915;335229;566;4053468;211489;1344;1882;0.840355;251666;0;0;sBELA*;? Unchecked;v1.6.0-140-g9a10cc1
roadmap;dimacs;52/600;600;    980356;    494879;326387;623;3779184;227866;1310;1882;0.801645;284248;0;0;sBELA*;? Unchecked;v1.6.0-140-g9a10cc1
roadmap;dimacs;53/600;600;    892807;    798084;85109;238;1212592;194112;6168;1792;1.1039;175843;0;0;sBELA*;? Unchecked;v1.6.0-140-g9a10cc1
roadmap;dimacs;54/600;600;    720503;   1090045;559074;2109;6796599;1095490;298;1882;2.98873;366540;0;0;sBELA*;? Unchecked;v1.6.0-140-g9a10cc1
roadmap;dimacs;55/600;600;    489387;   1078166;236291;899;3124224;390652;425;1882;1.15277;338881;0;0;sBELA*;? Unchecked;v1.6.0-140-g9a10cc1
roadmap;dimacs;56/600;600;     32771;     17233;493614;1473;6115739;565523;436;1882;1.89837;297899;0;0;sBELA*;? Unchecked;v1.6.0-140-g9a10cc1
roadmap;dimacs;57/600;600;    746419;    325594;489132;1484;5966251;973753;332;1792;2.62702;370669;0;0;sBELA*;? Unchecked;v1.6.0-140-g9a10cc1
roadmap;dimacs;58/600;600;    884332;    577380;242278;576;2950370;494548;523;1792;1.27583;387629;0;0;sBELA*;? Unchecked;v1.6.0-140-g9a10cc1
roadmap;dimacs;59/600;600;   1095690;    484726;412533;1188;4904391;458436;539;1882;1.55622;294583;0;0;sBELA*;? Unchecked;v1.6.0-140-g9a10cc1
roadmap;dimacs;60/600;600;    949870;    966567;123708;430;1397391;88889;410;1882;0.394105;225547;0;0;sBELA*;? Unchecked;v1.6.0-140-g9a10cc1
roadmap;dimacs;61/600;600;    682839;    783539;216164;918;2855141;243963;474;1882;0.899088;271345;0;0;sBELA*;? Unchecked;v1.6.0-140-g9a10cc1
roadmap;dimacs;62/600;600;   1002602;    269552;551874;1356;6618600;1155705;1001;1882;3.08651;374438;0;0;sBELA*;? Unchecked;v1.6.0-140-g9a10cc1
roadmap;dimacs;63/600;600;    599356;    815289;489248;1609;6407591;684532;229;1882;1.95408;350309;0;0;sBELA*;? Unchecked;v1.6.0-140-g9a10cc1
roadmap;dimacs;64/600;600;    609510;    868976;167634;625;2015785;312509;1019;1792;0.907391;344404;0;0;sBELA*;? Unchecked;v1.6.0-140-g9a10cc1
roadmap;dimacs;65/600;600;   1056417;   1197904;522327;1491;6134145;778578;667;1882;2.39661;324866;0;0;sBELA*;? Unchecked;v1.6.0-140-g9a10cc1
roadmap;dimacs;66/600;600;    483230;    807734;179356;898;2618503;316278;408;1882;0.976219;323983;0;0;sBELA*;? Unchecked;v1.6.0-140-g9a10cc1
roadmap;dimacs;67/600;600;    521120;    311174;538082;1155;6961414;1075337;1134;1882;3.00025;358415;0;0;sBELA*;? Unchecked;v1.6.0-140-g9a10cc1
roadmap;dimacs;68/600;600;    181514;     70872;494839;1025;5810975;953680;515;1882;2.46092;387530;0;0;sBELA*;? Unchecked;v1.6.0-140-g9a10cc1
roadmap;dimacs;69/600;600;    831298;    692941;268541;1601;5456587;576403;315;1882;1.57415;366168;0;0;sBELA*;? Unchecked;v1.6.0-140-g9a10cc1
roadmap;dimacs;70/600;600;    576531;    928353;288630;841;3354760;478948;484;1882;1.35202;354246;0;0;sBELA*;? Unchecked;v1.6.0-140-g9a10cc1
roadmap;dimacs;71/600;600;    890413;    335170;628149;1597;7709263;1159656;258;1882;2.79497;414908;0;0;sBELA*;? Unchecked;v1.6.0-140-g9a10cc1
roadmap;dimacs;72/600;600;    505669;    752733;347823;1124;4318842;612911;830;1882;1.92117;319031;0;0;sBELA*;? Unchecked;v1.6.0-140-g9a10cc1
roadmap;dimacs;73/600;600;   1190825;   1005135;134067;576;1513013;186549;760;1792;0.705459;264436;0;0;sBELA*;? Unchecked;v1.6.0-140-g9a10cc1
roadmap;dimacs;74/600;600;   1011910;    329023;720790;2157;8406548;1103731;151;1882;3.17379;347764;0;0;sBELA*;? Unchecked;v1.6.0-140-g9a10cc1
roadmap;dimacs;75/600;600;    893394;    520208;470591;1281;5966024;934265;444;1882;2.47344;377719;0;0;sBELA*;? Unchecked;v1.6.0-140-g9a10cc1
roadmap;dimacs;76/600;600;    932724;    182285;404031;1315;4927056;773958;234;1792;2.12125;364859;0;0;sBELA*;? Unchecked;v1.6.0-140-g9a10cc1
roadmap;dimacs;77/600;600;     95486;    223534;735147;2454;8974016;1116807;228;1882;3.26244;342323;0;0;sBELA*;? Unchecked;v1.6.0-140-g9a10cc1
roadmap;dimacs;78/600;600;   1029767;     91221;388766;935;4641170;942161;1056;1882;2.4446;385404;0;0;sBELA*;? Unchecked;v1.6.0-140-g9a10cc1
roadmap;dimacs;79/600;600;     67100;    510326;268257;748;3413912;235606;355;1882;0.749559;314326;0;0;sBELA*;? Unchecked;v1.6.0-140-g9a10cc1
roadmap;dimacs;80/600;600;    846164;    646741;453862;1682;6083897;864756;1179;1882;2.78439;310573;0;0;sBELA*;? Unchecked;v1.6.0-140-g9a10cc1
roadmap;dimacs;81/600;600;   1087215;    947306;482917;1225;5825360;806645;352;1882;2.08343;387172;0;0;sBELA*;? Unchecked;v1.6.0-140-g9a10cc1
roadmap;dimacs;82/600;600;    619348;    369016;193912;805;2058273;308570;467;1792;1.04536;295180;0;0;sBELA*;? Unchecked;v1.6.0-140-g9a10cc1
roadmap;dimacs;83/600;600;   1041136;    582354;145911;534;1892999;117816;459;1840;0.452556;260334;0;0;sBELA*;? Unchecked;v1.6.0-140-g9a10cc1
roadmap;dimacs;84/600;600;   1023095;    975421;185525;635;2086264;138045;304;1868;0.59662;231379;0;0;sBELA*;? Unchecked;v1.6.0-140-g9a10cc1
roadmap;dimacs;85/600;600;   1057515;    241893;271597;872;4037272;267570;545;1882;1.01595;263368;0;0;sBELA*;? Unchecked;v1.6.0-140-g9a10cc1
roadmap;dimacs;86/600;600;    467176;    425228;480846;1334;5780939;1013187;40;1792;2.29214;442027;0;0;sBELA*;? Unchecked;v1.6.0-140-g9a10cc1
roadmap;dimacs;87/600;600;    129108;     84480;580589;1075;6972648;1157613;976;1882;2.99359;386697;0;0;sBELA*;? Unchecked;v1.6.0-140-g9a10cc1
roadmap;dimacs;88/600;600;    968130;     31496;86422;393;1087300;61163;1920;1882;0.56549;108159;0;0;sBELA*;? Unchecked;v1.6.0-140-g9a10cc1
roadmap;dimacs;89/600;600;   1077408;    807029;436814;1586;5353735;477000;257;1882;1.63369;291976;0;0;sBELA*;? Unchecked;v1.6.0-140-g9a10cc1
roadmap;dimacs;90/600;600;   1093559;    364731;173511;667;2081249;108035;15278;1882;1.98238;54497.7;0;0;sBELA*;? Unchecked;v1.6.0-140-g9a10cc1
roadmap;dimacs;91/600;600;    201585;    558881;178496;461;2351833;274053;1227;1882;1.01625;269671;0;0;sBELA*;? Unchecked;v1.6.0-140-g9a10cc1
roadmap;dimacs;92/600;600;    713598;    144731;251834;831;3427129;552946;188;1792;1.29224;427896;0;0;sBELA*;? Unchecked;v1.6.0-140-g9a10cc1
roadmap;dimacs;93/600;600;     74935;   1046029;301814;587;3400230;274260;2573;1882;1.09748;249899;0;0;sBELA*;? Unchecked;v1.6.0-140-g9a10cc1
roadmap;dimacs;94/600;600;    643572;   1117036;350301;1080;4528714;613433;210;1882;1.58917;386009;0;0;sBELA*;? Unchecked;v1.6.0-140-g9a10cc1
roadmap;dimacs;95/600;600;     53022;   1008418;530350;1692;6633337;872664;350;1882;2.3836;366112;0;0;sBELA*;? Unchecked;v1.6.0-140-g9a10cc1
roadmap;dimacs;96/600;600;   1003495;    202919;316576;878;3859755;439835;696;1882;1.26055;348924;0;0;sBELA*;? Unchecked;v1.6.0-140-g9a10cc1
roadmap;dimacs;97/600;600;     39282;   1102138;751539;2466;8938260;1070262;291;1882;3.31588;322769;0;0;sBELA*;? Unchecked;v1.6.0-140-g9a10cc1
roadmap;dimacs;98/600;600;    105999;    190640;320715;1025;3968782;329384;789;1882;1.22064;269845;0;0;sBELA*;? Unchecked;v1.6.0-140-g9a10cc1
roadmap;dimacs;99/600;600;    246000;   1072283;347411;1029;4511916;657781;892;1882;1.94653;337925;0;0;sBELA*;? Unchecked;v1.6.0-140-g9a10cc1
roadmap;dimacs;0/700;700;   1184114;    193764;365827;1157;4668960;782008;374;1792;2.19486;356290;0;0;sBELA*;? Unchecked;v1.6.0-140-g9a10cc1
roadmap;dimacs;1/700;700;    457060;   1134187;306698;830;3674619;707120;769;1792;1.96048;360688;0;0;sBELA*;? Unchecked;v1.6.0-140-g9a10cc1
roadmap;dimacs;2/700;700;    648367;    958789;129341;529;1578328;64310;605;1840;0.409183;157167;0;0;sBELA*;? Unchecked;v1.6.0-140-g9a10cc1
roadmap;dimacs;3/700;700;    485078;    567556;537678;1414;6183466;964329;309;1882;2.29486;420212;0;0;sBELA*;? Unchecked;v1.6.0-140-g9a10cc1
roadmap;dimacs;4/700;700;   1175334;   1035537;284229;755;3674491;251106;2206;1882;1.31807;190510;0;0;sBELA*;? Unchecked;v1.6.0-140-g9a10cc1
roadmap;dimacs;5/700;700;    626886;    437084;155658;797;1776844;259073;322;1882;0.880701;294167;0;0;sBELA*;? Unchecked;v1.6.0-140-g9a10cc1
roadmap;dimacs;6/700;700;    635719;    734204;195593;954;2314647;425374;403;1792;1.24683;341164;0;0;sBELA*;? Unchecked;v1.6.0-140-g9a10cc1
roadmap;dimacs;7/700;700;    316104;    997118;457827;1637;5531019;648238;74;1882;1.86145;348243;0;0;sBELA*;? Unchecked;v1.6.0-140-g9a10cc1
roadmap;dimacs;8/700;700;     47649;    976084;558601;1289;6555305;523385;340;1882;1.76582;296397;0;0;sBELA*;? Unchecked;v1.6.0-140-g9a10cc1
roadmap;dimacs;9/700;700;    915484;   1137906;165806;637;2220146;230071;384;1792;0.805535;285613;0;0;sBELA*;? Unchecked;v1.6.0-140-g9a10cc1
roadmap;dimacs;10/700;700;     72419;    669854;530352;1511;6188767;797928;364;1882;2.28423;349321;0;0;sBELA*;? Unchecked;v1.6.0-140-g9a10cc1
roadmap;dimacs;11/700;700;   1121375;    296229;257314;940;2973171;408728;1472;1792;1.46233;279505;0;0;sBELA*;? Unchecked;v1.6.0-140-g9a10cc1
roadmap;dimacs;12/700;700;    873937;   1184806;135547;896;1799083;264010;88;1792;0.707139;373349;0;0;sBELA*;? Unchecked;v1.6.0-140-g9a10cc1
roadmap;dimacs;13/700;700;    193531;    355264;127820;253;1754491;93066;874;1840;0.388389;239621;0;0;sBELA*;? Unchecked;v1.6.0-140-g9a10cc1
roadmap;dimacs;14/700;700;    147031;    633056;115065;543;2056161;251276;390;1881;0.769869;326388;0;0;sBELA*;? Unchecked;v1.6.0-140-g9a10cc1
roadmap;dimacs;15/700;700;    362446;    482465;186548;715;2280635;309655;835;1882;0.944722;327774;0;0;sBELA*;? Unchecked;v1.6.0-140-g9a10cc1
roadmap;dimacs;16/700;700;    770308;    417500;737243;1748;8930088;1203467;327;1882;3.32553;361887;0;0;sBELA*;? Unchecked;v1.6.0-140-g9a10cc1
roadmap;dimacs;17/700;700;    908330;    720411;129050;299;1793120;190546;2804;1882;0.65315;291734;0;0;sBELA*;? Unchecked;v1.6.0-140-g9a10cc1
roadmap;dimacs;18/700;700;   1038933;    130295;221765;840;3271653;565542;864;1882;1.83741;307793;0;0;sBELA*;? Unchecked;v1.6.0-140-g9a10cc1
roadmap;dimacs;19/700;700;    652846;    858648;268696;626;3458167;372151;982;1882;1.18552;313914;0;0;sBELA*;? Unchecked;v1.6.0-140-g9a10cc1
roadmap;dimacs;20/700;700;    676969;    283827;563880;2077;6739029;956056;316;1882;2.93696;325526;0;0;sBELA*;? Unchecked;v1.6.0-140-g9a10cc1
roadmap;dimacs;21/700;700;    910826;    680529;199319;780;2575127;417263;1358;1882;1.37166;304202;0;0;sBELA*;? Unchecked;v1.6.0-140-g9a10cc1
roadmap;dimacs;22/700;700;    515058;    865076;359432;1223;4602911;709787;1034;1882;2.3037;308108;0;0;sBELA*;? Unchecked;v1.6.0-140-g9a10cc1
roadmap;dimacs;23/700;700;    348482;    108720;485606;1422;5713290;815562;410;1882;2.43838;334468;0;0;sBELA*;? Unchecked;v1.6.0-140-g9a10cc1
roadmap;dimacs;24/700;700;   1204965;    881288;191225;688;2391767;217987;708;1882;0.941905;231432;0;0;sBELA*;? Unchecked;v1.6.0-140-g9a10cc1
roadmap;dimacs;25/700;700;    907042;    523545;158819;510;2345759;416802;2027;1882;1.23254;338165;0;0;sBELA*;? Unchecked;v1.6.0-140-g9a10cc1
roadmap;dimacs;26/700;700;    752817;    293040;341704;1033;4298303;692933;573;1792;2.06522;335525;0;0;sBELA*;? Unchecked;v1.6.0-140-g9a10cc1
roadmap;dimacs;27/700;700;    491779;    520998;507666;1496;6001175;946399;193;1882;2.31733;408401;0;0;sBELA*;? Unchecked;v1.6.0-140-g9a10cc1
roadmap;dimacs;28/700;700;   1009615;   1162067;145474;786;1606266;109155;729;1882;0.714081;152861;0;0;sBELA*;? Unchecked;v1.6.0-140-g9a10cc1
roadmap;dimacs;29/700;700;    701030;   1127091;405109;1092;4938976;776756;635;1792;2.31634;335338;0;0;sBELA*;? Unchecked;v1.6.0-140-g9a10cc1
roadmap;dimacs;30/700;700;    472756;    557148;52516;335;573379;102047;762;1792;0.428312;238254;0;0;sBELA*;? Unchecked;v1.6.0-140-g9a10cc1
roadmap;dimacs;31/700;700;    155407;    436004;101676;425;1196238;142860;378;1792;0.49165;290573;0;0;sBELA*;? Unchecked;v1.6.0-140-g9a10cc1
roadmap;dimacs;32/700;700;    456711;    311070;380520;1190;4547040;861261;420;1792;2.47528;347945;0;0;sBELA*;? Unchecked;v1.6.0-140-g9a10cc1
roadmap;dimacs;33/700;700;    442126;    981906;201739;979;2240205;324711;388;1792;1.12844;287752;0;0;sBELA*;? Unchecked;v1.6.0-140-g9a10cc1
roadmap;dimacs;34/700;700;    245025;    364323;287766;887;3395821;261247;320;1882;0.829981;314763;0;0;sBELA*;? Unchecked;v1.6.0-140-g9a10cc1
roadmap;dimacs;35/700;700;      5294;    359682;497906;1059;5857364;377389;4155;1882;2.16153;174593;0;0;sBELA*;? Unchecked;v1.6.0-140-g9a10cc1
roadmap;dimacs;36/700;700;    971272;    420382;454529;1022;5523476;544544;2210;1882;2.12822;255868;0;0;sBELA*;? Unchecked;v1.6.0-140-g9a10cc1
roadmap;dimacs;37/700;700;   1085133;    900426;525527;1644;6548987;1146797;179;1882;2.86471;400319;0;0;sBELA*;? Unchecked;v1.6.0-140-g9a10cc1
roadmap;dimacs;38/700;700;    428123;    175918;164463;510;2187239;315913;680;1792;1.00264;315080;0;0;sBELA*;? Unchecked;v1.6.0-140-g9a10cc1
roadmap;dimacs;39/700;700;    371133;    254310;338822;825;4059370;503150;802;1882;1.57759;318936;0;0;sBELA*;? Unchecked;v1.6.0-140-g9a10cc1
roadmap;dimacs;40/700;700;    145885;    494504;351426;939;4004329;653381;393;1882;1.82223;358562;0;0;sBELA*;? Unchecked;v1.6.0-140-g9a10cc1
roadmap;dimacs;41/700;700;   1033980;   1115849;253936;953;3386543;571105;287;1882;1.45347;392925;0;0;sBELA*;? Unchecked;v1.6.0-140-g9a10cc1
roadmap;dimacs;42/700;700;    678373;    779275;238222;990;2864075;401491;2086;1882;1.63418;245684;0;0;sBELA*;? Unchecked;v1.6.0-140-g9a10cc1
roadmap;dimacs;43/700;700;   1204962;    531023;234648;821;2887107;460453;319;1882;1.22332;376396;0;0;sBELA*;? Unchecked;v1.6.0-140-g9a10cc1
roadmap;dimacs;44/700;700;   1004218;    821966;177842;1280;3036208;238422;204;1882;0.915889;260317;0;0;sBELA*;? Unchecked;v1.6.0-140-g9a10cc1
roadmap;dimacs;45/700;700;    675354;    512610;558235;1635;7038342;954399;429;1882;2.67805;356379;0;0;sBELA*;? Unchecked;v1.6.0-140-g9a10cc1
roadmap;dimacs;46/700;700;     86859;    596027;873518;2721;11007537;1200211;250;1882;3.27348;366646;0;0;sBELA*;? Unchecked;v1.6.0-140-g9a10cc1
roadmap;dimacs;47/700;700;    681418;    478587;221147;1143;2669708;464163;333;1904;1.39501;332730;0;0;sBELA*;? Unchecked;v1.6.0-140-g9a10cc1
roadmap;dimacs;48/700;700;    760397;    372153;402374;1931;4697529;721994;309;1792;2.43281;296774;0;0;sBELA*;? Unchecked;v1.6.0-140-g9a10cc1
roadmap;dimacs;49/700;700;     93813;    542722;495968;1387;5909865;606754;469;1882;2.06194;294263;0;0;sBELA*;? Unchecked;v1.6.0-140-g9a10cc1
roadmap;dimacs;50/700;700;    447380;    364700;339858;953;4094529;552368;309;1882;1.52645;361864;0;0;sBELA*;? Unchecked;v1.6.0-140-g9a10cc1
roadmap;dimacs;51/700;700;    247986;    234915;335229;567;4053496;211490;1538;1882;0.895859;236075;0;0;sBELA*;? Unchecked;v1.6.0-140-g9a10cc1
roadmap;dimacs;52/700;700;    980356;    494879;326387;627;3779202;227867;1474;1882;0.862292;264257;0;0;sBELA*;? Unchecked;v1.6.0-140-g9a10cc1
roadmap;dimacs;53/700;700;    892807;    798084;85109;237;1212674;194120;7188;1792;1.24807;155536;0;0;sBELA*;? Unchecked;v1.6.0-140-g9a10cc1
roadmap;dimacs;54/700;700;    720503;   1090045;559074;2108;6796602;1095490;328;1882;3.06558;357351;0;0;sBELA*;? Unchecked;v1.6.0-140-g9a10cc1
roadmap;dimacs;55/700;700;    489387;   1078166;236291;898;3124233;390654;486;1882;1.25708;310763;0;0;sBELA*;? Unchecked;v1.6.0-140-g9a10cc1
roadmap;dimacs;56/700;700;     32771;     17233;493614;1473;6115745;565526;488;1882;2.00269;282383;0;0;sBELA*;? Unchecked;v1.6.0-140-g9a10cc1
roadmap;dimacs;57/700;700;    746419;    325594;489132;1476;5966258;973753;381;1792;2.76019;352784;0;0;sBELA*;? Unchecked;v1.6.0-140-g9a10cc1
roadmap;dimacs;58/700;700;    884332;    577380;242278;570;2950382;494550;594;1792;1.3231;373782;0;0;sBELA*;? Unchecked;v1.6.0-140-g9a10cc1
roadmap;dimacs;59/700;700;   1095690;    484726;412533;1191;4904399;458437;614;1882;1.69073;271148;0;0;sBELA*;? Unchecked;v1.6.0-140-g9a10cc1
roadmap;dimacs;60/700;700;    949870;    966567;123708;428;1397407;88889;485;1882;0.426744;208296;0;0;sBELA*;? Unchecked;v1.6.0-140-g9a10cc1
roadmap;dimacs;61/700;700;    682839;    783539;216164;923;2855146;243963;520;1882;0.957347;254832;0;0;sBELA*;? Unchecked;v1.6.0-140-g9a10cc1
roadmap;dimacs;62/700;700;   1002602;    269552;551874;1363;6618607;1155706;1119;1882;3.19781;361405;0;0;sBELA*;? Unchecked;v1.6.0-140-g9a10cc1
roadmap;dimacs;63/700;700;    599356;    815289;489248;1609;6407594;684532;254;1882;2.01315;340030;0;0;sBELA*;? Unchecked;v1.6.0-140-g9a10cc1
roadmap;dimacs;64/700;700;    609510;    868976;167634;632;2015810;312518;1210;1792;0.987882;316351;0;0;sBELA*;? Unchecked;v1.6.0-140-g9a10cc1
roadmap;dimacs;65/700;700;   1056417;   1197904;522327;1486;6134155;778581;779;1882;2.51124;310038;0;0;sBELA*;? Unchecked;v1.6.0-140-g9a10cc1
roadmap;dimacs;66/700;700;    483230;    807734;179356;902;2618507;316280;446;1882;1.02223;309401;0;0;sBELA*;? Unchecked;v1.6.0-140-g9a10cc1
roadmap;dimacs;67/700;700;    521120;    311174;538082;1154;6961426;1075340;1285;1882;3.06695;350622;0;0;sBELA*;? Unchecked;v1.6.0-140-g9a10cc1
roadmap;dimacs;68/700;700;    181514;     70872;494839;1025;5810985;953682;579;1882;2.55339;373496;0;0;sBELA*;? Unchecked;v1.6.0-140-g9a10cc1
roadmap;dimacs;69/700;700;    831298;    692941;268541;1599;5456591;576403;347;1882;1.61199;357572;0;0;sBELA*;? Unchecked;v1.6.0-140-g9a10cc1
roadmap;dimacs;70/700;700;    576531;    928353;288630;843;3354772;478953;546;1882;1.41964;337377;0;0;sBELA*;? Unchecked;v1.6.0-140-g9a10cc1
roadmap;dimacs;71/700;700;    890413;    335170;628149;1598;7709267;1159656;288;1882;2.84436;407703;0;0;sBELA*;? Unchecked;v1.6.0-140-g9a10cc1
roadmap;dimacs;72/700;700;    505669;    752733;347823;1125;4318851;612915;946;1882;2.02743;302311;0;0;sBELA*;? Unchecked;v1.6.0-140-g9a10cc1
roadmap;dimacs;73/700;700;   1190825;   1005135;134067;584;1513028;186550;863;1894;0.756032;246749;0;0;sBELA*;? Unchecked;v1.6.0-140-g9a10cc1
roadmap;dimacs;74/700;700;   1011910;    329023;720790;2157;8406552;1103731;172;1894;3.27435;337084;0;0;sBELA*;? Unchecked;v1.6.0-140-g9a10cc1
roadmap;dimacs;75/700;700;    893394;    520208;470591;1277;5966030;934267;492;1894;2.58585;361299;0;0;sBELA*;? Unchecked;v1.6.0-140-g9a10cc1
roadmap;dimacs;76/700;700;    932724;    182285;404031;1317;4927060;773961;257;1894;2.15964;358375;0;0;sBELA*;? Unchecked;v1.6.0-140-g9a10cc1
roadmap;dimacs;77/700;700;     95486;    223534;735147;2455;8974022;1116808;262;1894;3.36538;331852;0;0;sBELA*;? Unchecked;v1.6.0-140-g9a10cc1
roadmap;dimacs;78/700;700;   1029767;     91221;388766;936;4641187;942162;1267;1894;2.59221;363459;0;0;sBELA*;? Unchecked;v1.6.0-140-g9a10cc1
roadmap;dimacs;79/700;700;     67100;    510326;268257;748;3413919;235606;400;1894;0.785688;299872;0;0;sBELA*;? Unchecked;v1.6.0-140-g9a10cc1
roadmap;dimacs;80/700;700;    846164;    646741;453862;1672;6083906;864759;1373;1894;2.95428;292714;0;0;sBELA*;? Unchecked;v1.6.0-140-g9a10cc1
roadmap;dimacs;81/700;700;   1087215;    947306;482917;1227;5825369;806648;413;1894;2.13633;377586;0;0;sBELA*;? Unchecked;v1.6.0-140-g9a10cc1
roadmap;dimacs;82/700;700;    619348;    369016;193912;807;2058277;308571;532;1894;1.08914;283317;0;0;sBELA*;? Unchecked;v1.6.0-140-g9a10cc1
roadmap;dimacs;83/700;700;   1041136;    582354;145911;541;1893016;117817;527;1894;0.479523;245696;0;0;sBELA*;? Unchecked;v1.6.0-140-g9a10cc1
roadmap;dimacs;84/700;700;   1023095;    975421;185525;638;2086270;138048;352;1894;0.631073;218751;0;0;sBELA*;? Unchecked;v1.6.0-140-g9a10cc1
roadmap;dimacs;85/700;700;   1057515;    241893;271597;870;4037283;267570;645;1894;1.06681;250814;0;0;sBELA*;? Unchecked;v1.6.0-140-g9a10cc1
roadmap;dimacs;86/700;700;    467176;    425228;480846;1334;5780943;1013188;47;1894;2.33115;434631;0;0;sBELA*;? Unchecked;v1.6.0-140-g9a10cc1
roadmap;dimacs;87/700;700;    129108;     84480;580589;1078;6972665;1157615;1126;1894;3.02301;382934;0;0;sBELA*;? Unchecked;v1.6.0-140-g9a10cc1
roadmap;dimacs;88/700;700;    968130;     31496;86422;395;1087350;61166;2299;1894;0.637564;95937;0;0;sBELA*;? Unchecked;v1.6.0-140-g9a10cc1
roadmap;dimacs;89/700;700;   1077408;    807029;436814;1593;5353738;477000;285;1894;1.71215;278597;0;0;sBELA*;? Unchecked;v1.6.0-140-g9a10cc1
roadmap;dimacs;90/700;700;   1093559;    364731;173511;672;2081305;108046;17467;1894;2.28918;47198.6;0;0;sBELA*;? Unchecked;v1.6.0-140-g9a10cc1
roadmap;dimacs;91/700;700;    201585;    558881;178496;459;2351857;274060;1406;1894;1.08348;252945;0;0;sBELA*;? Unchecked;v1.6.0-140-g9a10cc1
roadmap;dimacs;92/700;700;    713598;    144731;251834;832;3427143;552949;218;1792;1.32069;418681;0;0;sBELA*;? Unchecked;v1.6.0-140-g9a10cc1
roadmap;dimacs;93/700;700;     74935;   1046029;301814;600;3400273;274269;3000;1882;1.11852;245207;0;0;sBELA*;? Unchecked;v1.6.0-140-g9a10cc1
roadmap;dimacs;94/700;700;    643572;   1117036;350301;1082;4528721;613435;234;1882;1.65253;371209;0;0;sBELA*;? Unchecked;v1.6.0-140-g9a10cc1
roadmap;dimacs;95/700;700;     53022;   1008418;530350;1692;6633341;872666;380;1882;2.4469;356641;0;0;sBELA*;? Unchecked;v1.6.0-140-g9a10cc1
roadmap;dimacs;96/700;700;   1003495;    202919;316576;880;3859766;439839;790;1882;1.31221;335188;0;0;sBELA*;? Unchecked;v1.6.0-140-g9a10cc1
roadmap;dimacs;97/700;700;     39282;   1102138;751539;2466;8938267;1070263;340;1882;3.53149;303063;0;0;sBELA*;? Unchecked;v1.6.0-140-g9a10cc1
roadmap;dimacs;98/700;700;    105999;    190640;320715;1028;3968790;329389;904;1882;1.3157;250353;0;0;sBELA*;? Unchecked;v1.6.0-140-g9a10cc1
roadmap;dimacs;99/700;700;    246000;   1072283;347411;1030;4511927;657783;1023;1882;2.01649;326202;0;0;sBELA*;? Unchecked;v1.6.0-140-g9a10cc1
roadmap;dimacs;0/800;800;   1184114;    193764;365827;1163;4668968;782009;433;1894;2.2767;343483;0;0;sBELA*;? Unchecked;v1.6.0-140-g9a10cc1
roadmap;dimacs;1/800;800;    457060;   1134187;306698;828;3674631;707122;870;1894;2.0106;351696;0;0;sBELA*;? Unchecked;v1.6.0-140-g9a10cc1
roadmap;dimacs;2/800;800;    648367;    958789;129341;530;1578334;64312;657;1894;0.427506;150435;0;0;sBELA*;? Unchecked;v1.6.0-140-g9a10cc1
roadmap;dimacs;3/800;800;    485078;    567556;537678;1409;6183475;964330;349;1894;2.3243;414890;0;0;sBELA*;? Unchecked;v1.6.0-140-g9a10cc1
roadmap;dimacs;4/800;800;   1175334;   1035537;284229;758;3674505;251108;2457;1894;1.43658;174796;0;0;sBELA*;? Unchecked;v1.6.0-140-g9a10cc1
roadmap;dimacs;5/800;800;    626886;    437084;155658;801;1776846;259073;344;1894;0.927161;279426;0;0;sBELA*;? Unchecked;v1.6.0-140-g9a10cc1
roadmap;dimacs;6/800;800;    635719;    734204;195593;956;2314652;425375;452;1894;1.27127;334606;0;0;sBELA*;? Unchecked;v1.6.0-140-g9a10cc1
roadmap;dimacs;7/800;800;    316104;    997118;457827;1633;5531020;648238;78;1894;1.89831;341482;0;0;sBELA*;? Unchecked;v1.6.0-140-g9a10cc1
roadmap;dimacs;8/800;800;     47649;    976084;558601;1292;6555310;523385;373;1894;1.82878;286194;0;0;sBELA*;? Unchecked;v1.6.0-140-g9a10cc1
roadmap;dimacs;9/800;800;    915484;   1137906;165806;640;2220154;230071;428;1894;0.839245;274140;0;0;sBELA*;? Unchecked;v1.6.0-140-g9a10cc1
roadmap;dimacs;10/800;800;     72419;    669854;530352;1512;6188770;797928;391;1894;2.34099;340850;0;0;sBELA*;? Unchecked;v1.6.0-140-g9a10cc1
roadmap;dimacs;11/800;800;   1121375;    296229;257314;940;2973195;408736;1676;1894;1.53574;266149;0;0;sBELA*;? Unchecked;v1.6.0-140-g9a10cc1
roadmap;dimacs;12/800;800;    873937;   1184806;135547;896;1799086;264012;97;1792;0.683792;386100;0;0;sBELA*;? Unchecked;v1.6.0-140-g9a10cc1
roadmap;dimacs;13/800;800;    193531;    355264;127820;255;1754534;93071;1006;1864;0.417178;223096;0;0;sBELA*;? Unchecked;v1.6.0-140-g9a10cc1
roadmap;dimacs;14/800;800;    147031;    633056;115065;545;2056172;251279;441;1881;0.789119;318430;0;0;sBELA*;? Unchecked;v1.6.0-140-g9a10cc1
roadmap;dimacs;15/800;800;    362446;    482465;186548;713;2280645;309655;928;1882;0.978698;316395;0;0;sBELA*;? Unchecked;v1.6.0-140-g9a10cc1
roadmap;dimacs;16/800;800;    770308;    417500;737243;1706;8930090;1203468;354;1882;3.39544;354436;0;0;sBELA*;? Unchecked;v1.6.0-140-g9a10cc1
roadmap;dimacs;17/800;800;    908330;    720411;129050;302;1793170;190561;3199;1882;0.692742;275082;0;0;sBELA*;? Unchecked;v1.6.0-140-g9a10cc1
roadmap;dimacs;18/800;800;   1038933;    130295;221765;839;3271670;565546;1009;1882;1.94137;291313;0;0;sBELA*;? Unchecked;v1.6.0-140-g9a10cc1
roadmap;dimacs;19/800;800;    652846;    858648;268696;627;3458178;372156;1100;1882;1.24538;298829;0;0;sBELA*;? Unchecked;v1.6.0-140-g9a10cc1
roadmap;dimacs;20/800;800;    676969;    283827;563880;2077;6739032;956056;347;1882;3.06067;312368;0;0;sBELA*;? Unchecked;v1.6.0-140-g9a10cc1
roadmap;dimacs;21/800;800;    910826;    680529;199319;778;2575141;417270;1511;1882;1.43016;291764;0;0;sBELA*;? Unchecked;v1.6.0-140-g9a10cc1
roadmap;dimacs;22/800;800;    515058;    865076;359432;1222;4602920;709791;1156;1882;2.41003;294516;0;0;sBELA*;? Unchecked;v1.6.0-140-g9a10cc1
roadmap;dimacs;23/800;800;    348482;    108720;485606;1432;5713304;815562;481;1882;2.55871;318739;0;0;sBELA*;? Unchecked;v1.6.0-140-g9a10cc1
roadmap;dimacs;24/800;800;   1204965;    881288;191225;704;2391778;217993;798;1882;1.00973;215893;0;0;sBELA*;? Unchecked;v1.6.0-140-g9a10cc1
roadmap;dimacs;25/800;800;    907042;    523545;158819;511;2345784;416814;2265;1882;1.2828;324924;0;0;sBELA*;? Unchecked;v1.6.0-140-g9a10cc1
roadmap;dimacs;26/800;800;    752817;    293040;341704;1033;4298313;692933;637;1894;2.1541;321681;0;0;sBELA*;? Unchecked;v1.6.0-140-g9a10cc1
roadmap;dimacs;27/800;800;    491779;    520998;507666;1493;6001181;946399;213;1894;2.31008;409682;0;0;sBELA*;? Unchecked;v1.6.0-140-g9a10cc1
roadmap;dimacs;28/800;800;   1009615;   1162067;145474;789;1606278;109155;829;1894;0.791286;137946;0;0;sBELA*;? Unchecked;v1.6.0-140-g9a10cc1
roadmap;dimacs;29/800;800;    701030;   1127091;405109;1091;4938984;776758;700;1894;2.39437;324410;0;0;sBELA*;? Unchecked;v1.6.0-140-g9a10cc1
roadmap;dimacs;30/800;800;    472756;    557148;52516;335;573390;102047;868;1792;0.453747;224899;0;0;sBELA*;? Unchecked;v1.6.0-140-g9a10cc1
roadmap;dimacs;31/800;800;    155407;    436004;101676;424;1196241;142861;421;1894;0.514573;277630;0;0;sBELA*;? Unchecked;v1.6.0-140-g9a10cc1
roadmap;dimacs;32/800;800;    456711;    311070;380520;1191;4547042;861262;454;1894;2.53927;339177;0;0;sBELA*;? Unchecked;v1.6.0-140-g9a10cc1
roadmap;dimacs;33/800;800;    442126;    981906;201739;974;2240209;324713;417;1792;1.17327;276758;0;0;sBELA*;? Unchecked;v1.6.0-140-g9a10cc1
roadmap;dimacs;34/800;800;    245025;    364323;287766;888;3395828;261252;356;1882;0.861593;303220;0;0;sBELA*;? Unchecked;v1.6.0-140-g9a10cc1
roadmap;dimacs;35/800;800;      5294;    359682;497906;1057;5857385;377392;4738;1882;2.3668;159452;0;0;sBELA*;? Unchecked;v1.6.0-140-g9a10cc1
roadmap;dimacs;36/800;800;    971272;    420382;454529;1026;5523493;544546;2491;1882;2.25184;241822;0;0;sBELA*;? Unchecked;v1.6.0-140-g9a10cc1
roadmap;dimacs;37/800;800;   1085133;    900426;525527;1642;6548992;1146798;204;1882;2.8627;400600;0;0;sBELA*;? Unchecked;v1.6.0-140-g9a10cc1
roadmap;dimacs;38/800;800;    428123;    175918;164463;512;2187254;315916;762;1894;1.03729;304558;0;0;sBELA*;? Unchecked;v1.6.0-140-g9a10cc1
roadmap;dimacs;39/800;800;    371133;    254310;338822;825;4059383;503151;900;1894;1.6301;308662;0;0;sBELA*;? Unchecked;v1.6.0-140-g9a10cc1
roadmap;dimacs;40/800;800;    145885;    494504;351426;942;4004338;653383;437;1894;1.88762;346142;0;0;sBELA*;? Unchecked;v1.6.0-140-g9a10cc1
roadmap;dimacs;41/800;800;   1033980;   1115849;253936;953;3386549;571108;337;1894;1.5218;375286;0;0;sBELA*;? Unchecked;v1.6.0-140-g9a10cc1
roadmap;dimacs;42/800;800;    678373;    779275;238222;992;2864090;401494;2358;1894;1.69456;236931;0;0;sBELA*;? Unchecked;v1.6.0-140-g9a10cc1
roadmap;dimacs;43/800;800;   1204962;    531023;234648;826;2887116;460457;355;1894;1.25324;367413;0;0;sBELA*;? Unchecked;v1.6.0-140-g9a10cc1
roadmap;dimacs;44/800;800;   1004218;    821966;177842;1279;3036211;238422;226;1894;0.948896;251262;0;0;sBELA*;? Unchecked;v1.6.0-140-g9a10cc1
roadmap;dimacs;45/800;800;    675354;    512610;558235;1633;7038345;954399;477;1894;2.77645;343748;0;0;sBELA*;? Unchecked;v1.6.0-140-g9a10cc1
roadmap;dimacs;46/800;800;     86859;    596027;873518;2719;11007540;1200211;276;1894;3.30664;362970;0;0;sBELA*;? Unchecked;v1.6.0-140-g9a10cc1
roadmap;dimacs;47/800;800;    681418;    478587;221147;1149;2669714;464163;374;1897;1.44377;321494;0;0;sBELA*;? Unchecked;v1.6.0-140-g9a10cc1
roadmap;dimacs;48/800;800;    760397;    372153;402374;1933;4697531;721994;336;1897;2.52339;286121;0;0;sBELA*;? Unchecked;v1.6.0-140-g9a10cc1
roadmap;dimacs;49/800;800;     93813;    542722;495968;1384;5909870;606755;523;1897;2.18349;277883;0;0;sBELA*;? Unchecked;v1.6.0-140-g9a10cc1
roadmap;dimacs;50/800;800;    447380;    364700;339858;953;4094536;552372;342;1897;1.52949;361149;0;0;sBELA*;? Unchecked;v1.6.0-140-g9a10cc1
roadmap;dimacs;51/800;800;    247986;    234915;335229;565;4053527;211491;1740;1897;0.958768;220586;0;0;sBELA*;? Unchecked;v1.6.0-140-g9a10cc1
roadmap;dimacs;52/800;800;    980356;    494879;326387;622;3779217;227867;1618;1897;0.896112;254284;0;0;sBELA*;? Unchecked;v1.6.0-140-g9a10cc1
roadmap;dimacs;53/800;800;    892807;    798084;85109;238;1212740;194128;8115;1792;1.36837;141869;0;0;sBELA*;? Unchecked;v1.6.0-140-g9a10cc1
roadmap;dimacs;54/800;800;    720503;   1090045;559074;2109;6796604;1095490;369;1882;3.21066;341204;0;0;sBELA*;? Unchecked;v1.6.0-140-g9a10cc1
roadmap;dimacs;55/800;800;    489387;   1078166;236291;898;3124238;390656;545;1882;1.27754;305788;0;0;sBELA*;? Unchecked;v1.6.0-140-g9a10cc1
roadmap;dimacs;56/800;800;     32771;     17233;493614;1471;6115751;565529;547;1882;2.10538;268611;0;0;sBELA*;? Unchecked;v1.6.0-140-g9a10cc1
roadmap;dimacs;57/800;800;    746419;    325594;489132;1485;5966263;973755;418;1894;2.81854;345482;0;0;sBELA*;? Unchecked;v1.6.0-140-g9a10cc1
roadmap;dimacs;58/800;800;    884332;    577380;242278;569;2950395;494555;667;1894;1.33776;369688;0;0;sBELA*;? Unchecked;v1.6.0-140-g9a10cc1
roadmap;dimacs;59/800;800;   1095690;    484726;412533;1188;4904405;458437;684;1894;1.70027;269626;0;0;sBELA*;? Unchecked;v1.6.0-140-g9a10cc1
roadmap;dimacs;60/800;800;    949870;    966567;123708;432;1397419;88890;549;1894;0.461565;192584;0;0;sBELA*;? Unchecked;v1.6.0-140-g9a10cc1
roadmap;dimacs;61/800;800;    682839;    783539;216164;920;2855150;243963;567;1894;1.02097;238952;0;0;sBELA*;? Unchecked;v1.6.0-140-g9a10cc1
roadmap;dimacs;62/800;800;   1002602;    269552;551874;1358;6618615;1155706;1266;1894;3.31613;348511;0;0;sBELA*;? Unchecked;v1.6.0-140-g9a10cc1
roadmap;dimacs;63/800;800;    599356;    815289;489248;1577;6407595;684532;268;1894;2.09088;327389;0;0;sBELA*;? Unchecked;v1.6.0-140-g9a10cc1
roadmap;dimacs;64/800;800;    609510;    868976;167634;636;2015833;312526;1437;1894;0.994491;314257;0;0;sBELA*;? Unchecked;v1.6.0-140-g9a10cc1
roadmap;dimacs;65/800;800;   1056417;   1197904;522327;1477;6134161;778582;847;1894;2.58681;300982;0;0;sBELA*;? Unchecked;v1.6.0-140-g9a10cc1
roadmap;dimacs;66/800;800;    483230;    807734;179356;905;2618511;316280;486;1894;1.06802;296137;0;0;sBELA*;? Unchecked;v1.6.0-140-g9a10cc1
roadmap;dimacs;67/800;800;    521120;    311174;538082;1151;6961436;1075345;1431;1894;3.23194;332724;0;0;sBELA*;? Unchecked;v1.6.0-140-g9a10cc1
roadmap;dimacs;68/800;800;    181514;     70872;494839;1024;5810996;953684;636;1894;2.60425;366203;0;0;sBELA*;? Unchecked;v1.6.0-140-g9a10cc1
roadmap;dimacs;69/800;800;    831298;    692941;268541;1568;5456594;576403;380;1894;1.66178;346860;0;0;sBELA*;? Unchecked;v1.6.0-140-g9a10cc1
roadmap;dimacs;70/800;800;    576531;    928353;288630;840;3354785;478964;605;1894;1.46534;326862;0;0;sBELA*;? Unchecked;v1.6.0-140-g9a10cc1
roadmap;dimacs;71/800;800;    890413;    335170;628149;1599;7709271;1159656;322;1894;2.92511;396449;0;0;sBELA*;? Unchecked;v1.6.0-140-g9a10cc1
roadmap;dimacs;72/800;800;    505669;    752733;347823;1123;4318858;612916;1059;1894;2.08058;294589;0;0;sBELA*;? Unchecked;v1.6.0-140-g9a10cc1
roadmap;dimacs;73/800;800;   1190825;   1005135;134067;583;1513045;186551;996;1894;0.805635;231558;0;0;sBELA*;? Unchecked;v1.6.0-140-g9a10cc1
roadmap;dimacs;74/800;800;   1011910;    329023;720790;2156;8406556;1103731;193;1894;3.43946;320903;0;0;sBELA*;? Unchecked;v1.6.0-140-g9a10cc1
roadmap;dimacs;75/800;800;    893394;    520208;470591;1277;5966035;934267;549;1894;2.63646;354364;0;0;sBELA*;? Unchecked;v1.6.0-140-g9a10cc1
roadmap;dimacs;76/800;800;    932724;    182285;404031;1319;4927063;773962;286;1894;2.22418;347976;0;0;sBELA*;? Unchecked;v1.6.0-140-g9a10cc1
roadmap;dimacs;77/800;800;     95486;    223534;735147;2457;8974028;1116808;299;1894;3.54063;315427;0;0;sBELA*;? Unchecked;v1.6.0-140-g9a10cc1
roadmap;dimacs;78/800;800;   1029767;     91221;388766;935;4641190;942163;1339;1894;2.58959;363827;0;0;sBELA*;? Unchecked;v1.6.0-140-g9a10cc1
roadmap;dimacs;79/800;800;     67100;    510326;268257;754;3413924;235606;434;1894;0.814967;289099;0;0;sBELA*;? Unchecked;v1.6.0-140-g9a10cc1
roadmap;dimacs;80/800;800;    846164;    646741;453862;1669;6083914;864760;1562;1894;3.18405;271591;0;0;sBELA*;? Unchecked;v1.6.0-140-g9a10cc1
roadmap;dimacs;81/800;800;   1087215;    947306;482917;1228;5825376;806649;467;1894;2.19148;368084;0;0;sBELA*;? Unchecked;v1.6.0-140-g9a10cc1
roadmap;dimacs;82/800;800;    619348;    369016;193912;807;2058281;308572;589;1894;1.11932;275678;0;0;sBELA*;? Unchecked;v1.6.0-140-g9a10cc1
roadmap;dimacs;83/800;800;   1041136;    582354;145911;532;1893028;117817;600;1894;0.511093;230520;0;0;sBELA*;? Unchecked;v1.6.0-140-g9a10cc1
roadmap;dimacs;84/800;800;   1023095;    975421;185525;635;2086277;138048;406;1894;0.668652;206457;0;0;sBELA*;? Unchecked;v1.6.0-140-g9a10cc1
roadmap;dimacs;85/800;800;   1057515;    241893;271597;872;4037293;267572;729;1894;1.1419;234322;0;0;sBELA*;? Unchecked;v1.6.0-140-g9a10cc1
roadmap;dimacs;86/800;800;    467176;    425228;480846;1335;5780944;1013188;50;1894;2.38995;423936;0;0;sBELA*;? Unchecked;v1.6.0-140-g9a10cc1
roadmap;dimacs;87/800;800;    129108;     84480;580589;1082;6972678;1157615;1269;1894;3.12194;370799;0;0;sBELA*;? Unchecked;v1.6.0-140-g9a10cc1
roadmap;dimacs;88/800;800;    968130;     31496;86422;391;1087384;61170;2618;1894;0.725378;84328.4;0;0;sBELA*;? Unchecked;v1.6.0-140-g9a10cc1
roadmap;dimacs;89/800;800;   1077408;    807029;436814;1599;5353742;477001;313;1894;1.79419;265859;0;0;sBELA*;? Unchecked;v1.6.0-140-g9a10cc1
roadmap;dimacs;90/800;800;   1093559;    364731;173511;676;2081359;108051;19825;1894;2.67131;40448.8;0;0;sBELA*;? Unchecked;v1.6.0-140-g9a10cc1
roadmap;dimacs;91/800;800;    201585;    558881;178496;460;2351876;274066;1575;1894;1.14752;238834;0;0;sBELA*;? Unchecked;v1.6.0-140-g9a10cc1
roadmap;dimacs;92/800;800;    713598;    144731;251834;829;3427158;552950;247;1792;1.36388;405423;0;0;sBELA*;? Unchecked;v1.6.0-140-g9a10cc1
roadmap;dimacs;93/800;800;     74935;   1046029;301814;593;3400313;274271;3442;1882;1.20335;227923;0;0;sBELA*;? Unchecked;v1.6.0-140-g9a10cc1
roadmap;dimacs;94/800;800;    643572;   1117036;350301;1077;4528727;613435;257;1882;1.67042;367233;0;0;sBELA*;? Unchecked;v1.6.0-140-g9a10cc1
roadmap;dimacs;95/800;800;     53022;   1008418;530350;1692;6633348;872666;428;1882;2.56325;340453;0;0;sBELA*;? Unchecked;v1.6.0-140-g9a10cc1
roadmap;dimacs;96/800;800;   1003495;    202919;316576;880;3859775;439841;892;1882;1.36947;321176;0;0;sBELA*;? Unchecked;v1.6.0-140-g9a10cc1
roadmap;dimacs;97/800;800;     39282;   1102138;751539;2466;8938274;1070263;400;1882;3.58567;298483;0;0;sBELA*;? Unchecked;v1.6.0-140-g9a10cc1
roadmap;dimacs;98/800;800;    105999;    190640;320715;1028;3968798;329392;1011;1882;1.4044;234543;0;0;sBELA*;? Unchecked;v1.6.0-140-g9a10cc1
roadmap;dimacs;99/800;800;    246000;   1072283;347411;1030;4511938;657785;1168;1882;2.13657;307870;0;0;sBELA*;? Unchecked;v1.6.0-140-g9a10cc1
roadmap;dimacs;0/900;900;   1184114;    193764;365827;1161;4668976;782011;487;1894;2.36183;331104;0;0;sBELA*;? Unchecked;v1.6.0-140-g9a10cc1
roadmap;dimacs;1/900;900;    457060;   1134187;306698;826;3674642;707123;953;1894;2.0282;348646;0;0;sBELA*;? Unchecked;v1.6.0-140-g9a10cc1
roadmap;dimacs;2/900;900;    648367;    958789;129341;530;1578340;64313;718;1894;0.463156;138858;0;0;sBELA*;? Unchecked;v1.6.0-140-g9a10cc1
roadmap;dimacs;3/900;900;    485078;    567556;537678;1411;6183483;964332;389;1894;2.39167;403205;0;0;sBELA*;? Unchecked;v1.6.0-140-g9a10cc1
roadmap;dimacs;4/900;900;   1175334;   1035537;284229;758;3674519;251111;2714;1894;1.54893;162119;0;0;sBELA*;? Unchecked;v1.6.0-140-g9a10cc1
roadmap;dimacs;5/900;900;    626886;    437084;155658;802;1776849;259073;368;1894;0.971865;266573;0;0;sBELA*;? Unchecked;v1.6.0-140-g9a10cc1
roadmap;dimacs;6/900;900;    635719;    734204;195593;955;2314656;425376;496;1894;1.3;327212;0;0;sBELA*;? Unchecked;v1.6.0-140-g9a10cc1
roadmap;dimacs;7/900;900;    316104;    997118;457827;1635;5531021;648239;83;1894;1.92159;337345;0;0;sBELA*;? Unchecked;v1.6.0-140-g9a10cc1
roadmap;dimacs;8/900;900;     47649;    976084;558601;1290;6555314;523387;411;1894;1.94413;269213;0;0;sBELA*;? Unchecked;v1.6.0-140-g9a10cc1
roadmap;dimacs;9/900;900;    915484;   1137906;165806;641;2220160;230071;474;1894;0.89572;256856;0;0;sBELA*;? Unchecked;v1.6.0-140-g9a10cc1
roadmap;dimacs;10/900;900;     72419;    669854;530352;1511;6188773;797930;414;1894;2.41105;330946;0;0;sBELA*;? Unchecked;v1.6.0-140-g9a10cc1
roadmap;dimacs;11/900;900;   1121375;    296229;257314;949;2973216;408740;1864;1894;1.62138;252094;0;0;sBELA*;? Unchecked;v1.6.0-140-g9a10cc1
roadmap;dimacs;12/900;900;    873937;   1184806;135547;898;1799090;264012;106;1792;0.701355;376431;0;0;sBELA*;? Unchecked;v1.6.0-140-g9a10cc1
roadmap;dimacs;13/900;900;    193531;    355264;127820;256;1754572;93078;1135;1864;0.445082;209125;0;0;sBELA*;? Unchecked;v1.6.0-140-g9a10cc1
roadmap;dimacs;14/900;900;    147031;    633056;115065;545;2056184;251280;494;1881;0.812816;309147;0;0;sBELA*;? Unchecked;v1.6.0-140-g9a10cc1
roadmap;dimacs;15/900;900;    362446;    482465;186548;713;2280655;309656;1034;1882;1.00893;306916;0;0;sBELA*;? Unchecked;v1.6.0-140-g9a10cc1
roadmap;dimacs;16/900;900;    770308;    417500;737243;1748;8930092;1203468;388;1882;3.50364;343491;0;0;sBELA*;? Unchecked;v1.6.0-140-g9a10cc1
roadmap;dimacs;17/900;900;    908330;    720411;129050;293;1793217;190577;3616;1882;0.734747;259378;0;0;sBELA*;? Unchecked;v1.6.0-140-g9a10cc1
roadmap;dimacs;18/900;900;   1038933;    130295;221765;836;3271683;565548;1130;1882;1.98678;284656;0;0;sBELA*;? Unchecked;v1.6.0-140-g9a10cc1
roadmap;dimacs;19/900;900;    652846;    858648;268696;625;3458188;372160;1219;1882;1.31663;282661;0;0;sBELA*;? Unchecked;v1.6.0-140-g9a10cc1
roadmap;dimacs;20/900;900;    676969;    283827;563880;2075;6739034;956056;374;1882;3.19483;299251;0;0;sBELA*;? Unchecked;v1.6.0-140-g9a10cc1
roadmap;dimacs;21/900;900;    910826;    680529;199319;774;2575151;417273;1645;1882;1.49535;279047;0;0;sBELA*;? Unchecked;v1.6.0-140-g9a10cc1
roadmap;dimacs;22/900;900;    515058;    865076;359432;1221;4602927;709798;1289;1882;2.45494;289130;0;0;sBELA*;? Unchecked;v1.6.0-140-g9a10cc1
roadmap;dimacs;23/900;900;    348482;    108720;485606;1431;5713312;815562;537;1882;2.67698;304658;0;0;sBELA*;? Unchecked;v1.6.0-140-g9a10cc1
roadmap;dimacs;24/900;900;   1204965;    881288;191225;704;2391788;217998;884;1882;1.0759;202619;0;0;sBELA*;? Unchecked;v1.6.0-140-g9a10cc1
roadmap;dimacs;25/900;900;    907042;    523545;158819;512;2345808;416821;2537;1882;1.33164;313013;0;0;sBELA*;? Unchecked;v1.6.0-140-g9a10cc1
roadmap;dimacs;26/900;900;    752817;    293040;341704;1036;4298323;692933;708;1894;2.22311;311695;0;0;sBELA*;? Unchecked;v1.6.0-140-g9a10cc1
roadmap;dimacs;27/900;900;    491779;    520998;507666;1496;6001186;946399;238;1894;2.38423;396941;0;0;sBELA*;? Unchecked;v1.6.0-140-g9a10cc1
roadmap;dimacs;28/900;900;   1009615;   1162067;145474;789;1606287;109157;925;1894;0.86537;126139;0;0;sBELA*;? Unchecked;v1.6.0-140-g9a10cc1
roadmap;dimacs;29/900;900;    701030;   1127091;405109;1092;4938992;776759;777;1894;2.49813;310936;0;0;sBELA*;? Unchecked;v1.6.0-140-g9a10cc1
roadmap;dimacs;30/900;900;    472756;    557148;52516;338;573401;102048;970;1792;0.487009;209540;0;0;sBELA*;? Unchecked;v1.6.0-140-g9a10cc1
roadmap;dimacs;31/900;900;    155407;    436004;101676;423;1196245;142861;461;1894;0.538378;265354;0;0;sBELA*;? Unchecked;v1.6.0-140-g9a10cc1
roadmap;dimacs;32/900;900;    456711;    311070;380520;1192;4547043;861262;480;1894;2.61761;329026;0;0;sBELA*;? Unchecked;v1.6.0-140-g9a10cc1
roadmap;dimacs;33/900;900;    442126;    981906;201739;981;2240213;324714;458;1792;1.22734;264568;0;0;sBELA*;? Unchecked;v1.6.0-140-g9a10cc1
roadmap;dimacs;34/900;900;    245025;    364323;287766;887;3395835;261253;392;1882;0.894384;292104;0;0;sBELA*;? Unchecked;v1.6.0-140-g9a10cc1
roadmap;dimacs;35/900;900;      5294;    359682;497906;1051;5857405;377394;5247;1882;2.543;148405;0;0;sBELA*;? Unchecked;v1.6.0-140-g9a10cc1
roadmap;dimacs;36/900;900;    971272;    420382;454529;1026;5523506;544548;2740;1882;2.36831;229931;0;0;sBELA*;? Unchecked;v1.6.0-140-g9a10cc1
roadmap;dimacs;37/900;900;   1085133;    900426;525527;1651;6548995;1146799;226;1882;2.96076;387332;0;0;sBELA*;? Unchecked;v1.6.0-140-g9a10cc1
roadmap;dimacs;38/900;900;    428123;    175918;164463;511;2187266;315917;842;1894;1.0849;291194;0;0;sBELA*;? Unchecked;v1.6.0-140-g9a10cc1
roadmap;dimacs;39/900;900;    371133;    254310;338822;820;4059399;503153;1020;1894;1.69769;296375;0;0;sBELA*;? Unchecked;v1.6.0-140-g9a10cc1
roadmap;dimacs;40/900;900;    145885;    494504;351426;939;4004346;653384;477;1894;1.944;336103;0;0;sBELA*;? Unchecked;v1.6.0-140-g9a10cc1
roadmap;dimacs;41/900;900;   1033980;   1115849;253936;953;3386552;571108;369;1894;1.58882;359455;0;0;sBELA*;? Unchecked;v1.6.0-140-g9a10cc1
roadmap;dimacs;42/900;900;    678373;    779275;238222;996;2864104;401496;2610;1894;1.81077;221727;0;0;sBELA*;? Unchecked;v1.6.0-140-g9a10cc1
roadmap;dimacs;43/900;900;   1204962;    531023;234648;821;2887123;460459;392;1894;1.28793;357519;0;0;sBELA*;? Unchecked;v1.6.0-140-g9a10cc1
roadmap;dimacs;44/900;900;   1004218;    821966;177842;1281;3036213;238422;249;1894;0.997055;239126;0;0;sBELA*;? Unchecked;v1.6.0-140-g9a10cc1
roadmap;dimacs;45/900;900;    675354;    512610;558235;1634;7038347;954400;514;1894;2.87234;332273;0;0;sBELA*;? Unchecked;v1.6.0-140-g9a10cc1
roadmap;dimacs;46/900;900;     86859;    596027;873518;2719;11007542;1200211;302;1894;3.38366;354708;0;0;sBELA*;? Unchecked;v1.6.0-140-g9a10cc1
roadmap;dimacs;47/900;900;    681418;    478587;221147;1156;2669719;464165;428;1904;1.50717;307971;0;0;sBELA*;? Unchecked;v1.6.0-140-g9a10cc1
roadmap;dimacs;48/900;900;    760397;    372153;402374;1932;4697532;721994;357;1904;2.66173;271249;0;0;sBELA*;? Unchecked;v1.6.0-140-g9a10cc1
roadmap;dimacs;49/900;900;     93813;    542722;495968;1386;5909874;606755;563;1904;2.25596;268957;0;0;sBELA*;? Unchecked;v1.6.0-140-g9a10cc1
roadmap;dimacs;50/900;900;    447380;    364700;339858;953;4094543;552375;374;1904;1.56017;354049;0;0;sBELA*;? Unchecked;v1.6.0-140-g9a10cc1
roadmap;dimacs;51/900;900;    247986;    234915;335229;565;4053553;211495;1946;1904;1.03092;205152;0;0;sBELA*;? Unchecked;v1.6.0-140-g9a10cc1
roadmap;dimacs;52/900;900;    980356;    494879;326387;621;3779231;227867;1779;1904;0.947691;240444;0;0;sBELA*;? Unchecked;v1.6.0-140-g9a10cc1
roadmap;dimacs;53/900;900;    892807;    798084;85109;241;1212793;194138;8952;1792;1.48886;130394;0;0;sBELA*;? Unchecked;v1.6.0-140-g9a10cc1
roadmap;dimacs;54/900;900;    720503;   1090045;559074;2107;6796606;1095490;400;1882;3.3269;329283;0;0;sBELA*;? Unchecked;v1.6.0-140-g9a10cc1
roadmap;dimacs;55/900;900;    489387;   1078166;236291;897;3124243;390656;601;1882;1.31163;297840;0;0;sBELA*;? Unchecked;v1.6.0-140-g9a10cc1
roadmap;dimacs;56/900;900;     32771;     17233;493614;1475;6115758;565531;607;1882;2.2084;256082;0;0;sBELA*;? Unchecked;v1.6.0-140-g9a10cc1
roadmap;dimacs;57/900;900;    746419;    325594;489132;1480;5966267;973757;451;1894;2.91495;334056;0;0;sBELA*;? Unchecked;v1.6.0-140-g9a10cc1
roadmap;dimacs;58/900;900;    884332;    577380;242278;571;2950406;494557;734;1894;1.37528;359606;0;0;sBELA*;? Unchecked;v1.6.0-140-g9a10cc1
roadmap;dimacs;59/900;900;   1095690;    484726;412533;1193;4904412;458437;765;1894;1.79416;255516;0;0;sBELA*;? Unchecked;v1.6.0-140-g9a10cc1
roadmap;dimacs;60/900;900;    949870;    966567;123708;427;1397428;88890;615;1894;0.505328;175905;0;0;sBELA*;? Unchecked;v1.6.0-140-g9a10cc1
roadmap;dimacs;61/900;900;    682839;    783539;216164;918;2855154;243965;612;1894;1.06958;228095;0;0;sBELA*;? Unchecked;v1.6.0-140-g9a10cc1
roadmap;dimacs;62/900;900;   1002602;    269552;551874;1357;6618621;1155706;1378;1894;3.47897;332198;0;0;sBELA*;? Unchecked;v1.6.0-140-g9a10cc1
roadmap;dimacs;63/900;900;    599356;    815289;489248;1608;6407597;684533;288;1894;2.17079;315339;0;0;sBELA*;? Unchecked;v1.6.0-140-g9a10cc1
roadmap;dimacs;64/900;900;    609510;    868976;167634;620;2015853;312530;1653;1894;1.04671;298583;0;0;sBELA*;? Unchecked;v1.6.0-140-g9a10cc1
roadmap;dimacs;65/900;900;   1056417;   1197904;522327;1489;6134167;778583;917;1894;2.6782;290712;0;0;sBELA*;? Unchecked;v1.6.0-140-g9a10cc1
roadmap;dimacs;66/900;900;    483230;    807734;179356;900;2618514;316281;537;1894;1.12229;281817;0;0;sBELA*;? Unchecked;v1.6.0-140-g9a10cc1
roadmap;dimacs;67/900;900;    521120;    311174;538082;1156;6961446;1075350;1579;1894;3.34111;321854;0;0;sBELA*;? Unchecked;v1.6.0-140-g9a10cc1
roadmap;dimacs;68/900;900;    181514;     70872;494839;1023;5811005;953689;692;1894;2.65362;359391;0;0;sBELA*;? Unchecked;v1.6.0-140-g9a10cc1
roadmap;dimacs;69/900;900;    831298;    692941;268541;1598;5456597;576404;414;1894;1.70104;338854;0;0;sBELA*;? Unchecked;v1.6.0-140-g9a10cc1
roadmap;dimacs;70/900;900;    576531;    928353;288630;846;3354795;478970;662;1894;1.55771;307484;0;0;sBELA*;? Unchecked;v1.6.0-140-g9a10cc1
roadmap;dimacs;71/900;900;    890413;    335170;628149;1595;7709274;1159656;354;1894;3.0033;386128;0;0;sBELA*;? Unchecked;v1.6.0-140-g9a10cc1
roadmap;dimacs;72/900;900;    505669;    752733;347823;1124;4318866;612923;1179;1894;2.16225;283466;0;0;sBELA*;? Unchecked;v1.6.0-140-g9a10cc1
roadmap;dimacs;73/900;900;   1190825;   1005135;134067;580;1513057;186552;1114;1894;0.853897;218471;0;0;sBELA*;? Unchecked;v1.6.0-140-g9a10cc1
roadmap;dimacs;74/900;900;   1011910;    329023;720790;2154;8406557;1103731;204;1894;3.56882;309271;0;0;sBELA*;? Unchecked;v1.6.0-140-g9a10cc1
roadmap;dimacs;75/900;900;    893394;    520208;470591;1279;5966039;934268;587;1894;2.71664;343905;0;0;sBELA*;? Unchecked;v1.6.0-140-g9a10cc1
roadmap;dimacs;76/900;900;    932724;    182285;404031;1322;4927067;773963;311;1894;2.28578;338599;0;0;sBELA*;? Unchecked;v1.6.0-140-g9a10cc1
roadmap;dimacs;77/900;900;     95486;    223534;735147;2453;8974032;1116808;330;1894;3.62464;308116;0;0;sBELA*;? Unchecked;v1.6.0-140-g9a10cc1
roadmap;dimacs;78/900;900;   1029767;     91221;388766;935;4641199;942165;1488;1894;2.65074;355435;0;0;sBELA*;? Unchecked;v1.6.0-140-g9a10cc1
roadmap;dimacs;79/900;900;     67100;    510326;268257;750;3413929;235606;478;1894;0.849893;277218;0;0;sBELA*;? Unchecked;v1.6.0-140-g9a10cc1
roadmap;dimacs;80/900;900;    846164;    646741;453862;1669;6083921;864761;1732;1894;3.32146;260356;0;0;sBELA*;? Unchecked;v1.6.0-140-g9a10cc1
roadmap;dimacs;81/900;900;   1087215;    947306;482917;1226;5825380;806649;504;1894;2.23649;360677;0;0;sBELA*;? Unchecked;v1.6.0-140-g9a10cc1
roadmap;dimacs;82/900;900;    619348;    369016;193912;805;2058284;308574;642;1894;1.16614;264611;0;0;sBELA*;? Unchecked;v1.6.0-140-g9a10cc1
roadmap;dimacs;83/900;900;   1041136;    582354;145911;540;1893043;117819;676;1894;0.541285;217665;0;0;sBELA*;? Unchecked;v1.6.0-140-g9a10cc1
roadmap;dimacs;84/900;900;   1023095;    975421;185525;641;2086282;138048;443;1894;0.700511;197068;0;0;sBELA*;? Unchecked;v1.6.0-140-g9a10cc1
roadmap;dimacs;85/900;900;   1057515;    241893;271597;873;4037303;267576;829;1894;1.25607;213026;0;0;sBELA*;? Unchecked;v1.6.0-140-g9a10cc1
roadmap;dimacs;86/900;900;    467176;    425228;480846;1334;5780947;1013188;56;1894;2.39713;422667;0;0;sBELA*;? Unchecked;v1.6.0-140-g9a10cc1
roadmap;dimacs;87/900;900;    129108;     84480;580589;1077;6972692;1157617;1426;1894;3.20652;361020;0;0;sBELA*;? Unchecked;v1.6.0-140-g9a10cc1
roadmap;dimacs;88/900;900;    968130;     31496;86422;395;1087415;61174;2900;1894;0.790971;77340.4;0;0;sBELA*;? Unchecked;v1.6.0-140-g9a10cc1
roadmap;dimacs;89/900;900;   1077408;    807029;436814;1593;5353744;477001;340;1894;1.91211;249463;0;0;sBELA*;? Unchecked;v1.6.0-140-g9a10cc1
roadmap;dimacs;90/900;900;   1093559;    364731;173511;672;2081422;108059;22798;1894;3.08237;35057.1;0;0;sBELA*;? Unchecked;v1.6.0-140-g9a10cc1
roadmap;dimacs;91/900;900;    201585;    558881;178496;459;2351898;274069;1760;1894;1.21222;226088;0;0;sBELA*;? Unchecked;v1.6.0-140-g9a10cc1
roadmap;dimacs;92/900;900;    713598;    144731;251834;828;3427173;552955;286;1792;1.37383;402491;0;0;sBELA*;? Unchecked;v1.6.0-140-g9a10cc1
roadmap;dimacs;93/900;900;     74935;   1046029;301814;589;3400344;274276;3859;1882;1.27677;214820;0;0;sBELA*;? Unchecked;v1.6.0-140-g9a10cc1
roadmap;dimacs;94/900;900;    643572;   1117036;350301;1076;4528733;613437;289;1882;1.74499;351542;0;0;sBELA*;? Unchecked;v1.6.0-140-g9a10cc1
roadmap;dimacs;95/900;900;     53022;   1008418;530350;1691;6633356;872667;488;1882;2.66214;327806;0;0;sBELA*;? Unchecked;v1.6.0-140-g9a10cc1
roadmap;dimacs;96/900;900;   1003495;    202919;316576;882;3859783;439846;985;1882;1.42487;308693;0;0;sBELA*;? Unchecked;v1.6.0-140-g9a10cc1
roadmap;dimacs;97/900;900;     39282;   1102138;751539;2466;8938278;1070263;446;1882;3.77487;283523;0;0;sBELA*;? Unchecked;v1.6.0-140-g9a10cc1
roadmap;dimacs;98/900;900;    105999;    190640;320715;1029;3968804;329393;1110;1882;1.48976;221104;0;0;sBELA*;? Unchecked;v1.6.0-140-g9a10cc1
roadmap;dimacs;99/900;900;    246000;   1072283;347411;1029;4511948;657786;1299;1882;2.16891;303279;0;0;sBELA*;? Unchecked;v1.6.0-140-g9a10cc1
roadmap;dimacs;0/1000;1000;   1184114;    193764;365827;1163;4668981;782011;530;1894;2.43529;321116;0;0;sBELA*;? Unchecked;v1.6.0-140-g9a10cc1
roadmap;dimacs;1/1000;1000;    457060;   1134187;306698;826;3674651;707123;1036;1894;2.12701;332449;0;0;sBELA*;? Unchecked;v1.6.0-140-g9a10cc1
roadmap;dimacs;2/1000;1000;    648367;    958789;129341;531;1578345;64314;781;1894;0.497695;129224;0;0;sBELA*;? Unchecked;v1.6.0-140-g9a10cc1
roadmap;dimacs;3/1000;1000;    485078;    567556;537678;1411;6183492;964333;436;1894;2.42443;397757;0;0;sBELA*;? Unchecked;v1.6.0-140-g9a10cc1
roadmap;dimacs;4/1000;1000;   1175334;   1035537;284229;749;3674530;251113;2932;1894;1.64894;152288;0;0;sBELA*;? Unchecked;v1.6.0-140-g9a10cc1
roadmap;dimacs;5/1000;1000;    626886;    437084;155658;801;1776852;259074;395;1894;1.02935;251688;0;0;sBELA*;? Unchecked;v1.6.0-140-g9a10cc1
roadmap;dimacs;6/1000;1000;    635719;    734204;195593;954;2314660;425377;534;1894;1.39571;304776;0;0;sBELA*;? Unchecked;v1.6.0-140-g9a10cc1
roadmap;dimacs;7/1000;1000;    316104;    997118;457827;1631;5531022;648239;91;1894;2.00112;323938;0;0;sBELA*;? Unchecked;v1.6.0-140-g9a10cc1
roadmap;dimacs;8/1000;1000;     47649;    976084;558601;1289;6555319;523387;447;1894;1.97572;264909;0;0;sBELA*;? Unchecked;v1.6.0-140-g9a10cc1
roadmap;dimacs;9/1000;1000;    915484;   1137906;165806;638;2220167;230072;524;1894;0.928709;247733;0;0;sBELA*;? Unchecked;v1.6.0-140-g9a10cc1
roadmap;dimacs;10/1000;1000;     72419;    669854;530352;1511;6188778;797931;449;1894;2.49347;320009;0;0;sBELA*;? Unchecked;v1.6.0-140-g9a10cc1
roadmap;dimacs;11/1000;1000;   1121375;    296229;257314;949;2973235;408742;2054;1894;1.71974;237677;0;0;sBELA*;? Unchecked;v1.6.0-140-g9a10cc1
roadmap;dimacs;12/1000;1000;    873937;   1184806;135547;899;1799094;264013;118;1792;0.716886;368277;0;0;sBELA*;? Unchecked;v1.6.0-140-g9a10cc1
roadmap;dimacs;13/1000;1000;    193531;    355264;127820;255;1754608;93087;1268;1864;0.468813;198559;0;0;sBELA*;? Unchecked;v1.6.0-140-g9a10cc1
roadmap;dimacs;14/1000;1000;    147031;    633056;115065;545;2056194;251284;543;1881;0.841546;298598;0;0;sBELA*;? Unchecked;v1.6.0-140-g9a10cc1
roadmap;dimacs;15/1000;1000;    362446;    482465;186548;713;2280664;309657;1130;1882;1.03537;299078;0;0;sBELA*;? Unchecked;v1.6.0-140-g9a10cc1
roadmap;dimacs;16/1000;1000;    770308;    417500;737243;1747;8930096;1203468;433;1882;3.59323;334927;0;0;sBELA*;? Unchecked;v1.6.0-140-g9a10cc1
roadmap;dimacs;17/1000;1000;    908330;    720411;129050;303;1793260;190595;4039;1882;0.777293;245204;0;0;sBELA*;? Unchecked;v1.6.0-140-g9a10cc1
roadmap;dimacs;18/1000;1000;   1038933;    130295;221765;837;3271696;565549;1248;1882;2.07734;272247;0;0;sBELA*;? Unchecked;v1.6.0-140-g9a10cc1
roadmap;dimacs;19/1000;1000;    652846;    858648;268696;627;3458197;372164;1326;1882;1.32892;280050;0;0;sBELA*;? Unchecked;v1.6.0-140-g9a10cc1
roadmap;dimacs;20/1000;1000;    676969;    283827;563880;2078;6739036;956057;405;1882;3.33889;286340;0;0;sBELA*;? Unchecked;v1.6.0-140-g9a10cc1
roadmap;dimacs;21/1000;1000;    910826;    680529;199319;778;2575164;417277;1794;1882;1.5705;265697;0;0;sBELA*;? Unchecked;v1.6.0-140-g9a10cc1
roadmap;dimacs;22/1000;1000;    515058;    865076;359432;1222;4602935;709802;1435;1882;2.58122;274987;0;0;sBELA*;? Unchecked;v1.6.0-140-g9a10cc1
roadmap;dimacs;23/1000;1000;    348482;    108720;485606;1433;5713319;815564;586;1882;2.75237;296313;0;0;sBELA*;? Unchecked;v1.6.0-140-g9a10cc1
roadmap;dimacs;24/1000;1000;   1204965;    881288;191225;704;2391796;218001;982;1882;1.14219;190863;0;0;sBELA*;? Unchecked;v1.6.0-140-g9a10cc1
roadmap;dimacs;25/1000;1000;    907042;    523545;158819;510;2345827;416827;2759;1882;1.39042;299784;0;0;sBELA*;? Unchecked;v1.6.0-140-g9a10cc1
roadmap;dimacs;26/1000;1000;    752817;    293040;341704;1034;4298331;692934;777;1894;2.32305;298287;0;0;sBELA*;? Unchecked;v1.6.0-140-g9a10cc1
roadmap;dimacs;27/1000;1000;    491779;    520998;507666;1492;6001192;946399;269;1894;2.39456;395229;0;0;sBELA*;? Unchecked;v1.6.0-140-g9a10cc1
roadmap;dimacs;28/1000;1000;   1009615;   1162067;145474;788;1606295;109160;1019;1894;0.949565;114958;0;0;sBELA*;? Unchecked;v1.6.0-140-g9a10cc1
roadmap;dimacs;29/1000;1000;    701030;   1127091;405109;1090;4938999;776761;834;1894;2.6347;294820;0;0;sBELA*;? Unchecked;v1.6.0-140-g9a10cc1
roadmap;dimacs;30/1000;1000;    472756;    557148;52516;332;573408;102049;1052;1792;0.513101;198887;0;0;sBELA*;? Unchecked;v1.6.0-140-g9a10cc1
roadmap;dimacs;31/1000;1000;    155407;    436004;101676;423;1196248;142861;501;1894;0.559131;255505;0;0;sBELA*;? Unchecked;v1.6.0-140-g9a10cc1
roadmap;dimacs;32/1000;1000;    456711;    311070;380520;1188;4547046;861264;516;1894;2.62711;327837;0;0;sBELA*;? Unchecked;v1.6.0-140-g9a10cc1
roadmap;dimacs;33/1000;1000;    442126;    981906;201739;972;2240216;324715;494;1792;1.28681;252341;0;0;sBELA*;? Unchecked;v1.6.0-140-g9a10cc1
roadmap;dimacs;34/1000;1000;    245025;    364323;287766;887;3395838;261254;419;1882;0.920693;283758;0;0;sBELA*;? Unchecked;v1.6.0-140-g9a10cc1
roadmap;dimacs;35/1000;1000;      5294;    359682;497906;1058;5857420;377395;5718;1882;2.74825;137322;0;0;sBELA*;? Unchecked;v1.6.0-140-g9a10cc1
roadmap;dimacs;36/1000;1000;    971272;    420382;454529;1019;5523521;544549;3038;1882;2.50914;217026;0;0;sBELA*;? Unchecked;v1.6.0-140-g9a10cc1
roadmap;dimacs;37/1000;1000;   1085133;    900426;525527;1642;6548999;1146800;250;1882;2.98732;383889;0;0;sBELA*;? Unchecked;v1.6.0-140-g9a10cc1
roadmap;dimacs;38/1000;1000;    428123;    175918;164463;511;2187277;315919;916;1894;1.16124;272053;0;0;sBELA*;? Unchecked;v1.6.0-140-g9a10cc1
roadmap;dimacs;39/1000;1000;    371133;    254310;338822;827;4059413;503154;1134;1894;1.76748;284674;0;0;sBELA*;? Unchecked;v1.6.0-140-g9a10cc1
roadmap;dimacs;40/1000;1000;    145885;    494504;351426;938;4004352;653386;516;1894;2.00777;325428;0;0;sBELA*;? Unchecked;v1.6.0-140-g9a10cc1
roadmap;dimacs;41/1000;1000;   1033980;   1115849;253936;943;3386554;571108;392;1894;1.57493;362624;0;0;sBELA*;? Unchecked;v1.6.0-140-g9a10cc1
roadmap;dimacs;42/1000;1000;    678373;    779275;238222;987;2864116;401497;2869;1894;1.91921;209200;0;0;sBELA*;? Unchecked;v1.6.0-140-g9a10cc1
roadmap;dimacs;43/1000;1000;   1204962;    531023;234648;820;2887127;460461;424;1894;1.32204;348295;0;0;sBELA*;? Unchecked;v1.6.0-140-g9a10cc1
roadmap;dimacs;44/1000;1000;   1004218;    821966;177842;1279;3036215;238422;264;1894;1.04329;228530;0;0;sBELA*;? Unchecked;v1.6.0-140-g9a10cc1
roadmap;dimacs;45/1000;1000;    675354;    512610;558235;1635;7038350;954400;559;1894;2.97653;320642;0;0;sBELA*;? Unchecked;v1.6.0-140-g9a10cc1
roadmap;dimacs;46/1000;1000;     86859;    596027;873518;2718;11007543;1200211;320;1894;3.4818;344710;0;0;sBELA*;? Unchecked;v1.6.0-140-g9a10cc1
roadmap;dimacs;47/1000;1000;    681418;    478587;221147;1146;2669723;464165;478;1908;1.58241;293329;0;0;sBELA*;? Unchecked;v1.6.0-140-g9a10cc1
roadmap;dimacs;48/1000;1000;    760397;    372153;402374;1929;4697534;721994;391;1818;2.76563;261060;0;0;sBELA*;? Unchecked;v1.6.0-140-g9a10cc1
roadmap;dimacs;49/1000;1000;     93813;    542722;495968;1383;5909877;606757;612;1908;2.33137;260258;0;0;sBELA*;? Unchecked;v1.6.0-140-g9a10cc1
roadmap;dimacs;50/1000;1000;    447380;    364700;339858;957;4094549;552376;398;1908;1.61492;342045;0;0;sBELA*;? Unchecked;v1.6.0-140-g9a10cc1
roadmap;dimacs;51/1000;1000;    247986;    234915;335229;566;4053575;211496;2140;1908;1.08452;195014;0;0;sBELA*;? Unchecked;v1.6.0-140-g9a10cc1
roadmap;dimacs;52/1000;1000;    980356;    494879;326387;623;3779246;227868;1953;1908;0.991611;229796;0;0;sBELA*;? Unchecked;v1.6.0-140-g9a10cc1
roadmap;dimacs;53/1000;1000;    892807;    798084;85109;238;1212842;194142;9752;1818;1.62513;119462;0;0;sBELA*;? Unchecked;v1.6.0-140-g9a10cc1
roadmap;dimacs;54/1000;1000;    720503;   1090045;559074;2101;6796608;1095491;429;1908;3.401;322109;0;0;sBELA*;? Unchecked;v1.6.0-140-g9a10cc1
roadmap;dimacs;55/1000;1000;    489387;   1078166;236291;901;3124248;390657;660;1908;1.35972;287306;0;0;sBELA*;? Unchecked;v1.6.0-140-g9a10cc1
roadmap;dimacs;56/1000;1000;     32771;     17233;493614;1476;6115762;565531;647;1908;2.31475;244316;0;0;sBELA*;? Unchecked;v1.6.0-140-g9a10cc1
roadmap;dimacs;57/1000;1000;    746419;    325594;489132;1480;5966271;973757;485;1818;3.02769;321618;0;0;sBELA*;? Unchecked;v1.6.0-140-g9a10cc1
roadmap;dimacs;58/1000;1000;    884332;    577380;242278;577;2950416;494559;799;1818;1.4817;333777;0;0;sBELA*;? Unchecked;v1.6.0-140-g9a10cc1
roadmap;dimacs;59/1000;1000;   1095690;    484726;412533;1192;4904418;458437;832;1908;1.89273;242210;0;0;sBELA*;? Unchecked;v1.6.0-140-g9a10cc1
roadmap;dimacs;60/1000;1000;    949870;    966567;123708;428;1397438;88890;675;1908;0.538333;165121;0;0;sBELA*;? Unchecked;v1.6.0-140-g9a10cc1
roadmap;dimacs;61/1000;1000;    682839;    783539;216164;923;2855159;243965;668;1908;1.12776;216327;0;0;sBELA*;? Unchecked;v1.6.0-140-g9a10cc1
roadmap;dimacs;62/1000;1000;   1002602;    269552;551874;1353;6618627;1155706;1505;1908;3.53259;327155;0;0;sBELA*;? Unchecked;v1.6.0-140-g9a10cc1
roadmap;dimacs;63/1000;1000;    599356;    815289;489248;1577;6407600;684533;314;1908;2.27204;301286;0;0;sBELA*;? Unchecked;v1.6.0-140-g9a10cc1
roadmap;dimacs;64/1000;1000;    609510;    868976;167634;635;2015874;312537;1888;1818;1.13192;276113;0;0;sBELA*;? Unchecked;v1.6.0-140-g9a10cc1
roadmap;dimacs;65/1000;1000;   1056417;   1197904;522327;1478;6134173;778584;995;1908;2.79262;278801;0;0;sBELA*;? Unchecked;v1.6.0-140-g9a10cc1
roadmap;dimacs;66/1000;1000;    483230;    807734;179356;900;2618516;316282;585;1908;1.15953;272768;0;0;sBELA*;? Unchecked;v1.6.0-140-g9a10cc1
roadmap;dimacs;67/1000;1000;    521120;    311174;538082;1151;6961454;1075351;1726;1908;3.46452;310389;0;0;sBELA*;? Unchecked;v1.6.0-140-g9a10cc1
roadmap;dimacs;68/1000;1000;    181514;     70872;494839;1025;5811013;953690;749;1908;2.71963;350669;0;0;sBELA*;? Unchecked;v1.6.0-140-g9a10cc1
roadmap;dimacs;69/1000;1000;    831298;    692941;268541;1600;5456600;576404;449;1908;1.74709;329922;0;0;sBELA*;? Unchecked;v1.6.0-140-g9a10cc1
roadmap;dimacs;70/1000;1000;    576531;    928353;288630;841;3354803;478977;710;1908;1.603;298801;0;0;sBELA*;? Unchecked;v1.6.0-140-g9a10cc1
roadmap;dimacs;71/1000;1000;    890413;    335170;628149;1596;7709277;1159656;378;1908;3.06746;378051;0;0;sBELA*;? Unchecked;v1.6.0-140-g9a10cc1
roadmap;dimacs;72/1000;1000;    505669;    752733;347823;1125;4318872;612925;1308;1908;2.25374;271959;0;0;sBELA*;? Unchecked;v1.6.0-140-g9a10cc1
roadmap;dimacs;73/1000;1000;   1190825;   1005135;134067;582;1513067;186554;1217;1818;0.933925;199753;0;0;sBELA*;? Unchecked;v1.6.0-140-g9a10cc1
roadmap;dimacs;74/1000;1000;   1011910;    329023;720790;2159;8406560;1103731;222;1908;3.67193;300586;0;0;sBELA*;? Unchecked;v1.6.0-140-g9a10cc1
roadmap;dimacs;75/1000;1000;    893394;    520208;470591;1280;5966044;934268;642;1908;2.81079;332386;0;0;sBELA*;? Unchecked;v1.6.0-140-g9a10cc1
roadmap;dimacs;76/1000;1000;    932724;    182285;404031;1319;4927069;773963;332;1818;2.34871;329527;0;0;sBELA*;? Unchecked;v1.6.0-140-g9a10cc1
roadmap;dimacs;77/1000;1000;     95486;    223534;735147;2455;8974036;1116809;368;1908;3.82396;292056;0;0;sBELA*;? Unchecked;v1.6.0-140-g9a10cc1
roadmap;dimacs;78/1000;1000;   1029767;     91221;388766;934;4641209;942168;1651;1908;2.73523;344457;0;0;sBELA*;? Unchecked;v1.6.0-140-g9a10cc1
roadmap;dimacs;79/1000;1000;     67100;    510326;268257;750;3413932;235606;507;1908;0.88027;267652;0;0;sBELA*;? Unchecked;v1.6.0-140-g9a10cc1
roadmap;dimacs;80/1000;1000;    846164;    646741;453862;1669;6083927;864762;1899;1908;3.4613;249837;0;0;sBELA*;? Unchecked;v1.6.0-140-g9a10cc1
roadmap;dimacs;81/1000;1000;   1087215;    947306;482917;1225;5825385;806649;555;1908;2.2853;352973;0;0;sBELA*;? Unchecked;v1.6.0-140-g9a10cc1
roadmap;dimacs;82/1000;1000;    619348;    369016;193912;803;2058286;308575;696;1818;1.24274;248301;0;0;sBELA*;? Unchecked;v1.6.0-140-g9a10cc1
roadmap;dimacs;83/1000;1000;   1041136;    582354;145911;539;1893053;117820;741;1866;0.580041;203124;0;0;sBELA*;? Unchecked;v1.6.0-140-g9a10cc1
roadmap;dimacs;84/1000;1000;   1023095;    975421;185525;636;2086286;138048;480;1894;0.742609;185896;0;0;sBELA*;? Unchecked;v1.6.0-140-g9a10cc1
roadmap;dimacs;85/1000;1000;   1057515;    241893;271597;866;4037312;267576;931;1908;1.35724;197148;0;0;sBELA*;? Unchecked;v1.6.0-140-g9a10cc1
roadmap;dimacs;86/1000;1000;    467176;    425228;480846;1336;5780950;1013189;62;1818;2.45223;413170;0;0;sBELA*;? Unchecked;v1.6.0-140-g9a10cc1
roadmap;dimacs;87/1000;1000;    129108;     84480;580589;1076;6972706;1157618;1595;1908;3.32137;348537;0;0;sBELA*;? Unchecked;v1.6.0-140-g9a10cc1
roadmap;dimacs;88/1000;1000;    968130;     31496;86422;393;1087444;61175;3168;1908;0.868043;70474.6;0;0;sBELA*;? Unchecked;v1.6.0-140-g9a10cc1
roadmap;dimacs;89/1000;1000;   1077408;    807029;436814;1593;5353747;477001;365;1908;1.99875;238649;0;0;sBELA*;? Unchecked;v1.6.0-140-g9a10cc1
roadmap;dimacs;90/1000;1000;   1093559;    364731;173511;667;2081469;108061;25328;1908;3.45923;31238.5;0;0;sBELA*;? Unchecked;v1.6.0-140-g9a10cc1
roadmap;dimacs;91/1000;1000;    201585;    558881;178496;460;2351916;274078;1928;1908;1.27993;214135;0;0;sBELA*;? Unchecked;v1.6.0-140-g9a10cc1
roadmap;dimacs;92/1000;1000;    713598;    144731;251834;834;3427182;552959;315;1818;1.39673;395894;0;0;sBELA*;? Unchecked;v1.6.0-140-g9a10cc1
roadmap;dimacs;93/1000;1000;     74935;   1046029;301814;594;3400374;274281;4300;1908;1.3883;197566;0;0;sBELA*;? Unchecked;v1.6.0-140-g9a10cc1
roadmap;dimacs;94/1000;1000;    643572;   1117036;350301;1079;4528739;613442;319;1908;1.74935;350669;0;0;sBELA*;? Unchecked;v1.6.0-140-g9a10cc1
roadmap;dimacs;95/1000;1000;     53022;   1008418;530350;1694;6633361;872668;545;1908;2.77531;314439;0;0;sBELA*;? Unchecked;v1.6.0-140-g9a10cc1
roadmap;dimacs;96/1000;1000;   1003495;    202919;316576;880;3859791;439850;1073;1908;1.4736;298487;0;0;sBELA*;? Unchecked;v1.6.0-140-g9a10cc1
roadmap;dimacs;97/1000;1000;     39282;   1102138;751539;2464;8938282;1070263;490;1908;3.88946;275170;0;0;sBELA*;? Unchecked;v1.6.0-140-g9a10cc1
roadmap;dimacs;98/1000;1000;    105999;    190640;320715;1025;3968810;329394;1200;1908;1.57932;208567;0;0;sBELA*;? Unchecked;v1.6.0-140-g9a10cc1
roadmap;dimacs;99/1000;1000;    246000;   1072283;347411;1028;4511959;657792;1460;1908;2.23863;293836;0;0;sBELA*;? Unchecked;v1.6.0-140-g9a10cc1
