domain;variant;id;k;start;goal;h0;length;cost;expansions;nbcentroids;nbpaths;mem;runtime;expansions/sec;nbinconsistencies;air;solver;doctor;version
maps;unit;0/1;1; 14 477;509  34;938;1002;1002;67075;1;0;64;0.0881264;761122;0;0;bBELA*<1>;? Unchecked;v1.6.0-213-g5f31454
maps;unit;1/1;1;488   3; 14 464;935;963;963;37635;1;0;66;0.0431922;871339;0;0;bBELA*<1>;? Unchecked;v1.6.0-213-g5f31454
maps;unit;2/1;1;  9 438;503   6;926;972;972;30851;1;0;66;0.0356134;866275;0;0;bBELA*<1>;? Unchecked;v1.6.0-213-g5f31454
maps;unit;3/1;1; 59  12;508 498;935;989;989;48353;1;0;67;0.05668;853088;0;0;bBELA*<1>;? Unchecked;v1.6.0-213-g5f31454
maps;unit;4/1;1;495 508;  4   0;999;1053;1053;40640;1;0;67;0.0471757;861461;0;0;bBELA*<1>;? Unchecked;v1.6.0-213-g5f31454
maps;unit;5/1;1;454  24; 11 502;921;953;953;46498;1;0;67;0.0516908;899542;0;0;bBELA*<1>;? Unchecked;v1.6.0-213-g5f31454
maps;unit;6/1;1;  2  27;476 485;932;1002;1002;64046;1;0;76;0.0714803;895995;0;0;bBELA*<1>;? Unchecked;v1.6.0-213-g5f31454
maps;unit;7/1;1;450   6;  8 486;922;958;958;45550;1;0;76;0.0526123;865767;0;0;bBELA*<1>;? Unchecked;v1.6.0-213-g5f31454
maps;unit;8/1;1;496  29; 22 481;926;986;986;63828;1;0;77;0.0700148;911635;0;0;bBELA*<1>;? Unchecked;v1.6.0-213-g5f31454
maps;unit;9/1;1;489   9;  1 459;938;966;966;37857;1;0;77;0.0414926;912379;0;0;bBELA*<1>;? Unchecked;v1.6.0-213-g5f31454
maps;unit;10/1;1; 27  10;494 508;965;1019;1019;65503;1;0;80;0.0726704;901371;0;0;bBELA*<1>;? Unchecked;v1.6.0-213-g5f31454
maps;unit;11/1;1;479   9; 52 503;921;955;955;44363;1;0;80;0.0503574;880963;0;0;bBELA*<1>;? Unchecked;v1.6.0-213-g5f31454
maps;unit;12/1;1;486 493; 12  19;948;1004;1004;51591;1;0;80;0.0602679;856028;0;0;bBELA*<1>;? Unchecked;v1.6.0-213-g5f31454
maps;unit;13/1;1;492 503; 28  34;933;991;991;45477;1;0;80;0.0529864;858277;0;0;bBELA*<1>;? Unchecked;v1.6.0-213-g5f31454
maps;unit;14/1;1; 14 508;507  75;926;992;992;73556;1;0;92;0.0780534;942380;0;0;bBELA*<1>;? Unchecked;v1.6.0-213-g5f31454
maps;unit;15/1;1;  7 486;483  12;950;980;980;21537;1;0;92;0.0264115;815442;0;0;bBELA*<1>;? Unchecked;v1.6.0-213-g5f31454
maps;unit;16/1;1;  8 506;463  25;936;976;976;32046;1;0;92;0.0340988;939799;0;0;bBELA*<1>;? Unchecked;v1.6.0-213-g5f31454
maps;unit;17/1;1;485  28;  7 510;960;1004;1004;58559;1;0;92;0.0637471;918614;0;0;bBELA*<1>;? Unchecked;v1.6.0-213-g5f31454
maps;unit;18/1;1;478 494; 14  11;947;995;995;40215;1;0;92;0.0465101;864652;0;0;bBELA*<1>;? Unchecked;v1.6.0-213-g5f31454
maps;unit;19/1;1;504  18; 57 499;928;990;990;79125;1;0;93;0.0854174;926333;0;0;bBELA*<1>;? Unchecked;v1.6.0-213-g5f31454
maps;unit;20/1;1;480 488; 31   3;934;992;992;54663;1;0;93;0.0614933;888926;0;0;bBELA*<1>;? Unchecked;v1.6.0-213-g5f31454
maps;unit;21/1;1; 13 507;477  15;956;990;990;23376;1;0;93;0.0271573;860763;0;0;bBELA*<1>;? Unchecked;v1.6.0-213-g5f31454
maps;unit;22/1;1; 11  12;496 469;942;986;986;45166;1;0;93;0.0529061;853702;0;0;bBELA*<1>;? Unchecked;v1.6.0-213-g5f31454
maps;unit;23/1;1; 32 507;466  14;927;1009;1009;38594;1;0;93;0.0437852;881440;0;0;bBELA*<1>;? Unchecked;v1.6.0-213-g5f31454
maps;unit;24/1;1;500   1; 50 509;958;998;998;46790;1;0;93;0.0546445;856262;0;0;bBELA*<1>;? Unchecked;v1.6.0-213-g5f31454
maps;unit;25/1;1;484  39;  5 503;943;989;989;54995;1;0;93;0.0615387;893665;0;0;bBELA*<1>;? Unchecked;v1.6.0-213-g5f31454
maps;unit;26/1;1; 24   2;508 490;972;1014;1014;43017;1;0;93;0.0523914;821070;0;0;bBELA*<1>;? Unchecked;v1.6.0-213-g5f31454
maps;unit;27/1;1;482   5;  8 465;934;962;962;37124;1;0;93;0.0452257;820861;0;0;bBELA*<1>;? Unchecked;v1.6.0-213-g5f31454
maps;unit;28/1;1;  6  47;497 481;925;985;985;53465;1;0;93;0.0597634;894611;0;0;bBELA*<1>;? Unchecked;v1.6.0-213-g5f31454
maps;unit;29/1;1;489  13; 49 506;933;967;967;45881;1;0;93;0.0522828;877555;0;0;bBELA*<1>;? Unchecked;v1.6.0-213-g5f31454
maps;unit;30/1;1;499 510;  2  87;920;982;982;57526;1;0;93;0.0651466;883023;0;0;bBELA*<1>;? Unchecked;v1.6.0-213-g5f31454
maps;unit;31/1;1; 63 490;494   0;921;963;963;43423;1;0;93;0.0507052;856381;0;0;bBELA*<1>;? Unchecked;v1.6.0-213-g5f31454
maps;unit;32/1;1;509  15; 24 506;976;1048;1048;98234;1;0;110;0.112711;871559;0;0;bBELA*<1>;? Unchecked;v1.6.0-213-g5f31454
maps;unit;33/1;1;  2  29;510 459;938;1004;1004;51261;1;0;110;0.0590396;868247;0;0;bBELA*<1>;? Unchecked;v1.6.0-213-g5f31454
maps;unit;34/1;1;487 477;  0  34;930;1006;1006;80744;1;0;111;0.0890799;906422;0;0;bBELA*<1>;? Unchecked;v1.6.0-213-g5f31454
maps;unit;35/1;1;496   5; 21 452;922;952;952;44726;1;0;111;0.0527298;848211;0;0;bBELA*<1>;? Unchecked;v1.6.0-213-g5f31454
maps;unit;36/1;1;486 492; 27  24;927;987;987;56900;1;0;111;0.0650877;874205;0;0;bBELA*<1>;? Unchecked;v1.6.0-213-g5f31454
maps;unit;37/1;1; 41 501;484  19;925;959;959;50278;1;0;111;0.0596458;842943;0;0;bBELA*<1>;? Unchecked;v1.6.0-213-g5f31454
maps;unit;38/1;1;453 486;  4   2;933;997;997;50697;1;0;111;0.0599391;845808;0;0;bBELA*<1>;? Unchecked;v1.6.0-213-g5f31454
maps;unit;39/1;1; 37   3;511 462;933;1001;1001;70396;1;0;111;0.0787319;894123;0;0;bBELA*<1>;? Unchecked;v1.6.0-213-g5f31454
maps;unit;40/1;1; 30  53;509 494;920;972;972;41746;1;0;111;0.0472262;883959;0;0;bBELA*<1>;? Unchecked;v1.6.0-213-g5f31454
maps;unit;41/1;1;497  11; 12 475;949;993;993;54474;1;0;111;0.0613562;887832;0;0;bBELA*<1>;? Unchecked;v1.6.0-213-g5f31454
maps;unit;42/1;1;498  17; 14 490;957;1005;1005;42269;1;0;111;0.0475637;888682;0;0;bBELA*<1>;? Unchecked;v1.6.0-213-g5f31454
maps;unit;43/1;1;463   2; 20 497;938;992;992;67482;1;0;111;0.0748851;901140;0;0;bBELA*<1>;? Unchecked;v1.6.0-213-g5f31454
maps;unit;44/1;1;  2   1;459 479;935;987;987;62073;1;0;111;0.0718871;863478;0;0;bBELA*<1>;? Unchecked;v1.6.0-213-g5f31454
maps;unit;45/1;1;497   1; 11 511;996;1032;1032;54118;1;0;111;0.0617415;876526;0;0;bBELA*<1>;? Unchecked;v1.6.0-213-g5f31454
maps;unit;46/1;1; 20  23;493 493;943;999;999;56918;1;0;111;0.0655883;867808;0;0;bBELA*<1>;? Unchecked;v1.6.0-213-g5f31454
maps;unit;47/1;1;505  13; 44 497;945;983;983;33311;1;0;111;0.0393908;845655;0;0;bBELA*<1>;? Unchecked;v1.6.0-213-g5f31454
maps;unit;48/1;1; 20   1;478 472;929;975;975;55087;1;0;111;0.0626724;878967;0;0;bBELA*<1>;? Unchecked;v1.6.0-213-g5f31454
maps;unit;49/1;1;487 496; 17   3;963;1029;1029;69406;1;0;111;0.0763566;908972;0;0;bBELA*<1>;? Unchecked;v1.6.0-213-g5f31454
maps;unit;50/1;1;487 499;  6  54;926;1012;1012;67197;1;0;111;0.0765129;878245;0;0;bBELA*<1>;? Unchecked;v1.6.0-213-g5f31454
maps;unit;51/1;1; 33   2;492 500;957;1025;1025;78371;1;0;111;0.0851004;920923;0;0;bBELA*<1>;? Unchecked;v1.6.0-213-g5f31454
maps;unit;52/1;1;498 477; 13  27;935;995;995;66120;1;0;111;0.0746856;885311;0;0;bBELA*<1>;? Unchecked;v1.6.0-213-g5f31454
maps;unit;53/1;1;495 485;  9  40;931;999;999;72773;1;0;111;0.0792005;918846;0;0;bBELA*<1>;? Unchecked;v1.6.0-213-g5f31454
maps;unit;54/1;1;485  35;  5 497;942;984;984;49094;1;0;111;0.0571281;859367;0;0;bBELA*<1>;? Unchecked;v1.6.0-213-g5f31454
maps;unit;55/1;1;506 510; 39  38;939;987;987;40486;1;0;111;0.0468801;863607;0;0;bBELA*<1>;? Unchecked;v1.6.0-213-g5f31454
maps;unit;56/1;1;499  13; 17 491;960;1000;1000;40178;1;0;111;0.0466133;861943;0;0;bBELA*<1>;? Unchecked;v1.6.0-213-g5f31454
maps;unit;57/1;1;477  39;  5 494;927;969;969;45556;1;0;111;0.0524533;868506;0;0;bBELA*<1>;? Unchecked;v1.6.0-213-g5f31454
maps;unit;58/1;1;  5 478;467  16;924;958;958;27599;1;0;111;0.0312283;883782;0;0;bBELA*<1>;? Unchecked;v1.6.0-213-g5f31454
maps;unit;59/1;1;509 511; 54   4;962;1036;1036;75080;1;0;111;0.0832126;902267;0;0;bBELA*<1>;? Unchecked;v1.6.0-213-g5f31454
maps;unit;60/1;1; 17   0;494 487;964;1022;1022;50029;1;0;111;0.0575847;868789;0;0;bBELA*<1>;? Unchecked;v1.6.0-213-g5f31454
maps;unit;61/1;1; 15 502;461  15;933;991;991;67057;1;0;111;0.0736393;910614;0;0;bBELA*<1>;? Unchecked;v1.6.0-213-g5f31454
maps;unit;62/1;1; 10  30;490 483;933;999;999;53187;1;0;111;0.0608037;874733;0;0;bBELA*<1>;? Unchecked;v1.6.0-213-g5f31454
maps;unit;63/1;1;  1  49;496 496;942;1012;1012;61562;1;0;111;0.0695097;885660;0;0;bBELA*<1>;? Unchecked;v1.6.0-213-g5f31454
maps;unit;64/1;1;482 451;  7   4;922;976;976;38216;1;0;111;0.0431775;885091;0;0;bBELA*<1>;? Unchecked;v1.6.0-213-g5f31454
maps;unit;65/1;1;498 509;  2  63;942;1022;1022;76652;1;0;111;0.0853053;898561;0;0;bBELA*<1>;? Unchecked;v1.6.0-213-g5f31454
maps;unit;66/1;1;  6 455;506  34;921;965;965;48332;1;0;111;0.0558262;865759;0;0;bBELA*<1>;? Unchecked;v1.6.0-213-g5f31454
maps;unit;67/1;1;  9   3;508 489;985;1025;1025;41980;1;0;111;0.0533998;786145;0;0;bBELA*<1>;? Unchecked;v1.6.0-213-g5f31454
maps;unit;68/1;1; 22 506;479  35;928;988;988;47102;1;0;111;0.0556961;845697;0;0;bBELA*<1>;? Unchecked;v1.6.0-213-g5f31454
maps;unit;69/1;1; 28   4;498 501;967;1021;1021;66730;1;0;111;0.0736846;905616;0;0;bBELA*<1>;? Unchecked;v1.6.0-213-g5f31454
maps;unit;70/1;1;472  11; 13 507;955;991;991;51408;1;0;111;0.0583905;880416;0;0;bBELA*<1>;? Unchecked;v1.6.0-213-g5f31454
maps;unit;71/1;1; 31  47;493 505;920;976;976;64285;1;0;111;0.0800565;802995;0;0;bBELA*<1>;? Unchecked;v1.6.0-213-g5f31454
maps;unit;72/1;1; 14  16;507 492;969;1013;1013;41848;1;0;111;0.0479507;872730;0;0;bBELA*<1>;? Unchecked;v1.6.0-213-g5f31454
maps;unit;73/1;1; 73   2;501 511;937;999;999;60688;1;0;111;0.0711942;852429;0;0;bBELA*<1>;? Unchecked;v1.6.0-213-g5f31454
maps;unit;74/1;1; 35 510;488   7;956;984;984;34751;1;0;111;0.0408454;850793;0;0;bBELA*<1>;? Unchecked;v1.6.0-213-g5f31454
maps;unit;75/1;1; 17  19;483 492;939;1001;1001;68463;1;0;111;0.0765765;894047;0;0;bBELA*<1>;? Unchecked;v1.6.0-213-g5f31454
maps;unit;76/1;1; 16 510;511  21;984;1036;1036;55353;1;0;111;0.0612449;903798;0;0;bBELA*<1>;? Unchecked;v1.6.0-213-g5f31454
maps;unit;77/1;1;468  11; 11 507;953;991;991;51341;1;0;111;0.0589916;870311;0;0;bBELA*<1>;? Unchecked;v1.6.0-213-g5f31454
maps;unit;78/1;1; 52 501;484  13;920;952;952;33415;1;0;111;0.0384194;869743;0;0;bBELA*<1>;? Unchecked;v1.6.0-213-g5f31454
maps;unit;79/1;1; 37 501;507  49;922;980;980;79886;1;0;111;0.0870302;917911;0;0;bBELA*<1>;? Unchecked;v1.6.0-213-g5f31454
maps;unit;80/1;1;  9   2;505 502;996;1044;1044;57990;1;0;111;0.0659428;879398;0;0;bBELA*<1>;? Unchecked;v1.6.0-213-g5f31454
maps;unit;81/1;1;495 510; 32  16;957;1013;1013;45467;1;0;111;0.0553308;821731;0;0;bBELA*<1>;? Unchecked;v1.6.0-213-g5f31454
maps;unit;82/1;1;  6  25;481 479;929;985;985;50918;1;0;111;0.0594349;856702;0;0;bBELA*<1>;? Unchecked;v1.6.0-213-g5f31454
maps;unit;83/1;1; 48 481;500  10;923;955;955;36736;1;0;111;0.0427225;859876;0;0;bBELA*<1>;? Unchecked;v1.6.0-213-g5f31454
maps;unit;84/1;1;483  21;  8 485;939;979;979;46770;1;0;111;0.0530107;882275;0;0;bBELA*<1>;? Unchecked;v1.6.0-213-g5f31454
maps;unit;85/1;1;489   2;  2 465;950;982;982;45367;1;0;111;0.0515899;879378;0;0;bBELA*<1>;? Unchecked;v1.6.0-213-g5f31454
maps;unit;86/1;1; 23 481;500  19;939;997;997;63498;1;0;111;0.0698078;909612;0;0;bBELA*<1>;? Unchecked;v1.6.0-213-g5f31454
maps;unit;87/1;1;469 491; 16  14;930;980;980;42755;1;0;111;0.0529674;807194;0;0;bBELA*<1>;? Unchecked;v1.6.0-213-g5f31454
maps;unit;88/1;1;  1  30;456 501;926;1016;1016;85332;1;0;125;0.0983055;868029;0;0;bBELA*<1>;? Unchecked;v1.6.0-213-g5f31454
maps;unit;89/1;1;  7 479;505  48;929;989;989;69547;1;0;125;0.0770082;903112;0;0;bBELA*<1>;? Unchecked;v1.6.0-213-g5f31454
maps;unit;90/1;1;508 511; 40   7;972;1042;1042;72355;1;0;125;0.0794373;910844;0;0;bBELA*<1>;? Unchecked;v1.6.0-213-g5f31454
maps;unit;91/1;1; 41 489;509  34;923;973;973;68614;1;0;125;0.076811;893284;0;0;bBELA*<1>;? Unchecked;v1.6.0-213-g5f31454
maps;unit;92/1;1; 54 499;492  17;920;964;964;51683;1;0;125;0.0579421;891976;0;0;bBELA*<1>;? Unchecked;v1.6.0-213-g5f31454
maps;unit;93/1;1;469   6; 22 482;923;963;963;49976;1;0;125;0.0608239;821651;0;0;bBELA*<1>;? Unchecked;v1.6.0-213-g5f31454
maps;unit;94/1;1; 68  20;509 507;928;996;996;61033;1;0;125;0.0677141;901334;0;0;bBELA*<1>;? Unchecked;v1.6.0-213-g5f31454
maps;unit;95/1;1;484 482; 22  17;927;971;971;39418;1;0;125;0.0484569;813465;0;0;bBELA*<1>;? Unchecked;v1.6.0-213-g5f31454
maps;unit;96/1;1;  6   3;507 507;1005;1055;1055;61254;1;0;125;0.0696704;879197;0;0;bBELA*<1>;? Unchecked;v1.6.0-213-g5f31454
maps;unit;97/1;1;480   7; 33 480;920;954;954;44846;1;0;125;0.0527404;850316;0;0;bBELA*<1>;? Unchecked;v1.6.0-213-g5f31454
maps;unit;98/1;1;501 484; 46   0;939;1001;1001;71157;1;0;125;0.0805462;883431;0;0;bBELA*<1>;? Unchecked;v1.6.0-213-g5f31454
maps;unit;99/1;1;504 493;  9  25;963;1021;1021;59399;1;0;125;0.0671191;884979;0;0;bBELA*<1>;? Unchecked;v1.6.0-213-g5f31454
maps;unit;0/5;5; 14 477;509  34;938;1002;1002;67075;1;0;125;0.0736889;910245;0;0;bBELA*<1>;? Unchecked;v1.6.0-213-g5f31454
maps;unit;1/5;5;488   3; 14 464;935;963;963;37635;1;0;125;0.0434762;865647;0;0;bBELA*<1>;? Unchecked;v1.6.0-213-g5f31454
maps;unit;2/5;5;  9 438;503   6;926;972;972;30851;1;0;125;0.0352986;874001;0;0;bBELA*<1>;? Unchecked;v1.6.0-213-g5f31454
maps;unit;3/5;5; 59  12;508 498;935;989;989;48353;1;0;125;0.0563028;858803;0;0;bBELA*<1>;? Unchecked;v1.6.0-213-g5f31454
maps;unit;4/5;5;495 508;  4   0;999;1053;1053;40640;1;0;125;0.0510195;796558;0;0;bBELA*<1>;? Unchecked;v1.6.0-213-g5f31454
maps;unit;5/5;5;454  24; 11 502;921;953;953;46498;1;0;125;0.0542665;856845;0;0;bBELA*<1>;? Unchecked;v1.6.0-213-g5f31454
maps;unit;6/5;5;  2  27;476 485;932;1002;1002;64046;1;0;125;0.0729178;878332;0;0;bBELA*<1>;? Unchecked;v1.6.0-213-g5f31454
maps;unit;7/5;5;450   6;  8 486;922;958;958;45550;1;0;125;0.053258;855270;0;0;bBELA*<1>;? Unchecked;v1.6.0-213-g5f31454
maps;unit;8/5;5;496  29; 22 481;926;986;986;63828;1;0;125;0.0713284;894847;0;0;bBELA*<1>;? Unchecked;v1.6.0-213-g5f31454
maps;unit;9/5;5;489   9;  1 459;938;966;966;37857;1;0;125;0.0424574;891647;0;0;bBELA*<1>;? Unchecked;v1.6.0-213-g5f31454
maps;unit;10/5;5; 27  10;494 508;965;1019;1019;65503;1;0;125;0.0752876;870037;0;0;bBELA*<1>;? Unchecked;v1.6.0-213-g5f31454
maps;unit;11/5;5;479   9; 52 503;921;955;955;44363;1;0;125;0.0515563;860477;0;0;bBELA*<1>;? Unchecked;v1.6.0-213-g5f31454
maps;unit;12/5;5;486 493; 12  19;948;1004;1004;51591;1;0;125;0.0615127;838704;0;0;bBELA*<1>;? Unchecked;v1.6.0-213-g5f31454
maps;unit;13/5;5;492 503; 28  34;933;991;991;45477;1;0;125;0.0537067;846766;0;0;bBELA*<1>;? Unchecked;v1.6.0-213-g5f31454
maps;unit;14/5;5; 14 508;507  75;926;992;992;73556;1;0;125;0.07819;940735;0;0;bBELA*<1>;? Unchecked;v1.6.0-213-g5f31454
maps;unit;15/5;5;  7 486;483  12;950;980;980;21537;1;0;125;0.0269153;800178;0;0;bBELA*<1>;? Unchecked;v1.6.0-213-g5f31454
maps;unit;16/5;5;  8 506;463  25;936;976;976;32046;1;0;125;0.0373725;857475;0;0;bBELA*<1>;? Unchecked;v1.6.0-213-g5f31454
maps;unit;17/5;5;485  28;  7 510;960;1004;1004;58559;1;0;125;0.0704113;831670;0;0;bBELA*<1>;? Unchecked;v1.6.0-213-g5f31454
maps;unit;18/5;5;478 494; 14  11;947;995;995;40215;1;0;125;0.0483477;831787;0;0;bBELA*<1>;? Unchecked;v1.6.0-213-g5f31454
maps;unit;19/5;5;504  18; 57 499;928;990;990;79125;1;0;125;0.0867197;912422;0;0;bBELA*<1>;? Unchecked;v1.6.0-213-g5f31454
maps;unit;20/5;5;480 488; 31   3;934;992;992;54663;1;0;125;0.0646489;845536;0;0;bBELA*<1>;? Unchecked;v1.6.0-213-g5f31454
maps;unit;21/5;5; 13 507;477  15;956;990;990;23376;1;0;125;0.030053;777825;0;0;bBELA*<1>;? Unchecked;v1.6.0-213-g5f31454
maps;unit;22/5;5; 11  12;496 469;942;986;986;45166;1;0;125;0.0571677;790062;0;0;bBELA*<1>;? Unchecked;v1.6.0-213-g5f31454
maps;unit;23/5;5; 32 507;466  14;927;1009;1009;38594;1;0;125;0.0440057;877024;0;0;bBELA*<1>;? Unchecked;v1.6.0-213-g5f31454
maps;unit;24/5;5;500   1; 50 509;958;998;998;46790;1;0;125;0.0613141;763120;0;0;bBELA*<1>;? Unchecked;v1.6.0-213-g5f31454
maps;unit;25/5;5;484  39;  5 503;943;989;989;54995;1;0;125;0.0642003;856617;0;0;bBELA*<1>;? Unchecked;v1.6.0-213-g5f31454
maps;unit;26/5;5; 24   2;508 490;972;1014;1014;43017;1;0;125;0.0509563;844194;0;0;bBELA*<1>;? Unchecked;v1.6.0-213-g5f31454
maps;unit;27/5;5;482   5;  8 465;934;962;962;37124;1;0;125;0.0425392;872701;0;0;bBELA*<1>;? Unchecked;v1.6.0-213-g5f31454
maps;unit;28/5;5;  6  47;497 481;925;985;985;53465;1;0;125;0.0601756;888483;0;0;bBELA*<1>;? Unchecked;v1.6.0-213-g5f31454
maps;unit;29/5;5;489  13; 49 506;933;967;967;45881;1;0;125;0.052545;873175;0;0;bBELA*<1>;? Unchecked;v1.6.0-213-g5f31454
maps;unit;30/5;5;499 510;  2  87;920;982;982;57526;1;0;125;0.0647207;888834;0;0;bBELA*<1>;? Unchecked;v1.6.0-213-g5f31454
maps;unit;31/5;5; 63 490;494   0;921;963;963;43423;1;0;125;0.0511777;848474;0;0;bBELA*<1>;? Unchecked;v1.6.0-213-g5f31454
maps;unit;32/5;5;509  15; 24 506;976;1048;1048;98234;1;0;125;0.110222;891239;0;0;bBELA*<1>;? Unchecked;v1.6.0-213-g5f31454
maps;unit;33/5;5;  2  29;510 459;938;1004;1004;51261;1;0;125;0.0593229;864102;0;0;bBELA*<1>;? Unchecked;v1.6.0-213-g5f31454
maps;unit;34/5;5;487 477;  0  34;930;1006;1006;80744;1;0;126;0.0894994;902173;0;0;bBELA*<1>;? Unchecked;v1.6.0-213-g5f31454
maps;unit;35/5;5;496   5; 21 452;922;952;952;44726;1;0;126;0.0555985;804446;0;0;bBELA*<1>;? Unchecked;v1.6.0-213-g5f31454
maps;unit;36/5;5;486 492; 27  24;927;987;987;56900;1;0;126;0.0656507;866708;0;0;bBELA*<1>;? Unchecked;v1.6.0-213-g5f31454
maps;unit;37/5;5; 41 501;484  19;925;959;959;50278;1;0;126;0.0566753;887123;0;0;bBELA*<1>;? Unchecked;v1.6.0-213-g5f31454
maps;unit;38/5;5;453 486;  4   2;933;997;997;50697;1;0;126;0.0598855;846565;0;0;bBELA*<1>;? Unchecked;v1.6.0-213-g5f31454
maps;unit;39/5;5; 37   3;511 462;933;1001;1001;70396;1;0;126;0.0786826;894684;0;0;bBELA*<1>;? Unchecked;v1.6.0-213-g5f31454
maps;unit;40/5;5; 30  53;509 494;920;972;972;41746;1;0;126;0.0492191;848166;0;0;bBELA*<1>;? Unchecked;v1.6.0-213-g5f31454
maps;unit;41/5;5;497  11; 12 475;949;993;993;54474;1;0;126;0.0611501;890825;0;0;bBELA*<1>;? Unchecked;v1.6.0-213-g5f31454
maps;unit;42/5;5;498  17; 14 490;957;1005;1005;42269;1;0;126;0.0516831;817849;0;0;bBELA*<1>;? Unchecked;v1.6.0-213-g5f31454
maps;unit;43/5;5;463   2; 20 497;938;992;992;67482;1;0;126;0.0736175;916657;0;0;bBELA*<1>;? Unchecked;v1.6.0-213-g5f31454
maps;unit;44/5;5;  2   1;459 479;935;987;987;62073;1;0;126;0.0695669;892278;0;0;bBELA*<1>;? Unchecked;v1.6.0-213-g5f31454
maps;unit;45/5;5;497   1; 11 511;996;1032;1032;54118;1;0;126;0.0607225;891235;0;0;bBELA*<1>;? Unchecked;v1.6.0-213-g5f31454
maps;unit;46/5;5; 20  23;493 493;943;999;999;56918;1;0;126;0.0660586;861629;0;0;bBELA*<1>;? Unchecked;v1.6.0-213-g5f31454
maps;unit;47/5;5;505  13; 44 497;945;983;983;33311;1;0;126;0.0383389;868856;0;0;bBELA*<1>;? Unchecked;v1.6.0-213-g5f31454
maps;unit;48/5;5; 20   1;478 472;929;975;975;55087;1;0;126;0.0609743;903447;0;0;bBELA*<1>;? Unchecked;v1.6.0-213-g5f31454
maps;unit;49/5;5;487 496; 17   3;963;1029;1029;69406;1;0;126;0.0785669;883400;0;0;bBELA*<1>;? Unchecked;v1.6.0-213-g5f31454
maps;unit;50/5;5;487 499;  6  54;926;1012;1012;67197;1;0;126;0.0750875;894916;0;0;bBELA*<1>;? Unchecked;v1.6.0-213-g5f31454
maps;unit;51/5;5; 33   2;492 500;957;1025;1025;78371;1;0;126;0.0871405;899364;0;0;bBELA*<1>;? Unchecked;v1.6.0-213-g5f31454
maps;unit;52/5;5;498 477; 13  27;935;995;995;66120;1;0;126;0.0765875;863327;0;0;bBELA*<1>;? Unchecked;v1.6.0-213-g5f31454
maps;unit;53/5;5;495 485;  9  40;931;999;999;72773;1;0;126;0.0804383;904706;0;0;bBELA*<1>;? Unchecked;v1.6.0-213-g5f31454
maps;unit;54/5;5;485  35;  5 497;942;984;984;49094;1;0;126;0.0563769;870818;0;0;bBELA*<1>;? Unchecked;v1.6.0-213-g5f31454
maps;unit;55/5;5;506 510; 39  38;939;987;987;40486;1;0;126;0.0476409;849816;0;0;bBELA*<1>;? Unchecked;v1.6.0-213-g5f31454
maps;unit;56/5;5;499  13; 17 491;960;1000;1000;40178;1;0;126;0.0438907;915409;0;0;bBELA*<1>;? Unchecked;v1.6.0-213-g5f31454
maps;unit;57/5;5;477  39;  5 494;927;969;969;45556;1;0;126;0.0542261;840111;0;0;bBELA*<1>;? Unchecked;v1.6.0-213-g5f31454
maps;unit;58/5;5;  5 478;467  16;924;958;958;27599;1;0;126;0.0322448;855920;0;0;bBELA*<1>;? Unchecked;v1.6.0-213-g5f31454
maps;unit;59/5;5;509 511; 54   4;962;1036;1036;75080;1;0;126;0.0840498;893279;0;0;bBELA*<1>;? Unchecked;v1.6.0-213-g5f31454
maps;unit;60/5;5; 17   0;494 487;964;1022;1022;50029;1;0;126;0.0591105;846363;0;0;bBELA*<1>;? Unchecked;v1.6.0-213-g5f31454
maps;unit;61/5;5; 15 502;461  15;933;991;991;67057;1;0;126;0.0743158;902325;0;0;bBELA*<1>;? Unchecked;v1.6.0-213-g5f31454
maps;unit;62/5;5; 10  30;490 483;933;999;999;53187;1;0;126;0.0613416;867063;0;0;bBELA*<1>;? Unchecked;v1.6.0-213-g5f31454
maps;unit;63/5;5;  1  49;496 496;942;1012;1012;61562;1;0;126;0.0675044;911970;0;0;bBELA*<1>;? Unchecked;v1.6.0-213-g5f31454
maps;unit;64/5;5;482 451;  7   4;922;976;976;38216;1;0;126;0.0441354;865880;0;0;bBELA*<1>;? Unchecked;v1.6.0-213-g5f31454
maps;unit;65/5;5;498 509;  2  63;942;1022;1022;76652;1;0;126;0.0859188;892145;0;0;bBELA*<1>;? Unchecked;v1.6.0-213-g5f31454
maps;unit;66/5;5;  6 455;506  34;921;965;965;48332;1;0;126;0.0573244;843131;0;0;bBELA*<1>;? Unchecked;v1.6.0-213-g5f31454
maps;unit;67/5;5;  9   3;508 489;985;1025;1025;41980;1;0;126;0.0487427;861257;0;0;bBELA*<1>;? Unchecked;v1.6.0-213-g5f31454
maps;unit;68/5;5; 22 506;479  35;928;988;988;47102;1;0;126;0.055821;843805;0;0;bBELA*<1>;? Unchecked;v1.6.0-213-g5f31454
maps;unit;69/5;5; 28   4;498 501;967;1021;1021;66730;1;0;126;0.0736663;905842;0;0;bBELA*<1>;? Unchecked;v1.6.0-213-g5f31454
maps;unit;70/5;5;472  11; 13 507;955;991;991;51408;1;0;126;0.0598445;859026;0;0;bBELA*<1>;? Unchecked;v1.6.0-213-g5f31454
maps;unit;71/5;5; 31  47;493 505;920;976;976;64285;1;0;126;0.0700949;917114;0;0;bBELA*<1>;? Unchecked;v1.6.0-213-g5f31454
maps;unit;72/5;5; 14  16;507 492;969;1013;1013;41848;1;0;126;0.047773;875976;0;0;bBELA*<1>;? Unchecked;v1.6.0-213-g5f31454
maps;unit;73/5;5; 73   2;501 511;937;999;999;60688;1;0;126;0.0683301;888159;0;0;bBELA*<1>;? Unchecked;v1.6.0-213-g5f31454
maps;unit;74/5;5; 35 510;488   7;956;984;984;34751;1;0;126;0.0420319;826777;0;0;bBELA*<1>;? Unchecked;v1.6.0-213-g5f31454
maps;unit;75/5;5; 17  19;483 492;939;1001;1001;68463;1;0;126;0.0767637;891866;0;0;bBELA*<1>;? Unchecked;v1.6.0-213-g5f31454
maps;unit;76/5;5; 16 510;511  21;984;1036;1036;55353;1;0;126;0.0612851;903204;0;0;bBELA*<1>;? Unchecked;v1.6.0-213-g5f31454
maps;unit;77/5;5;468  11; 11 507;953;991;991;51341;1;0;126;0.0672088;763903;0;0;bBELA*<1>;? Unchecked;v1.6.0-213-g5f31454
maps;unit;78/5;5; 52 501;484  13;920;952;952;33415;1;0;126;0.0445406;750214;0;0;bBELA*<1>;? Unchecked;v1.6.0-213-g5f31454
maps;unit;79/5;5; 37 501;507  49;922;980;980;79886;1;0;126;0.0913332;874666;0;0;bBELA*<1>;? Unchecked;v1.6.0-213-g5f31454
maps;unit;80/5;5;  9   2;505 502;996;1044;1044;57990;1;0;126;0.0657294;882254;0;0;bBELA*<1>;? Unchecked;v1.6.0-213-g5f31454
maps;unit;81/5;5;495 510; 32  16;957;1013;1013;45467;1;0;126;0.0532961;853102;0;0;bBELA*<1>;? Unchecked;v1.6.0-213-g5f31454
maps;unit;82/5;5;  6  25;481 479;929;985;985;50918;1;0;126;0.0608329;837014;0;0;bBELA*<1>;? Unchecked;v1.6.0-213-g5f31454
maps;unit;83/5;5; 48 481;500  10;923;955;955;36736;1;0;126;0.0413992;887360;0;0;bBELA*<1>;? Unchecked;v1.6.0-213-g5f31454
maps;unit;84/5;5;483  21;  8 485;939;979;979;46770;1;0;126;0.0537654;869890;0;0;bBELA*<1>;? Unchecked;v1.6.0-213-g5f31454
maps;unit;85/5;5;489   2;  2 465;950;982;982;45367;1;0;126;0.0522352;868514;0;0;bBELA*<1>;? Unchecked;v1.6.0-213-g5f31454
maps;unit;86/5;5; 23 481;500  19;939;997;997;63498;1;0;126;0.0702018;904506;0;0;bBELA*<1>;? Unchecked;v1.6.0-213-g5f31454
maps;unit;87/5;5;469 491; 16  14;930;980;980;42755;1;0;126;0.052578;813173;0;0;bBELA*<1>;? Unchecked;v1.6.0-213-g5f31454
maps;unit;88/5;5;  1  30;456 501;926;1016;1016;85332;1;0;126;0.0971585;878276;0;0;bBELA*<1>;? Unchecked;v1.6.0-213-g5f31454
maps;unit;89/5;5;  7 479;505  48;929;989;989;69547;1;0;126;0.075253;924175;0;0;bBELA*<1>;? Unchecked;v1.6.0-213-g5f31454
maps;unit;90/5;5;508 511; 40   7;972;1042;1042;72355;1;0;126;0.0818247;884268;0;0;bBELA*<1>;? Unchecked;v1.6.0-213-g5f31454
maps;unit;91/5;5; 41 489;509  34;923;973;973;68614;1;0;126;0.0783341;875915;0;0;bBELA*<1>;? Unchecked;v1.6.0-213-g5f31454
maps;unit;92/5;5; 54 499;492  17;920;964;964;51683;1;0;126;0.057767;894681;0;0;bBELA*<1>;? Unchecked;v1.6.0-213-g5f31454
maps;unit;93/5;5;469   6; 22 482;923;963;963;49976;1;0;126;0.0574312;870189;0;0;bBELA*<1>;? Unchecked;v1.6.0-213-g5f31454
maps;unit;94/5;5; 68  20;509 507;928;996;996;61033;1;0;126;0.068794;887185;0;0;bBELA*<1>;? Unchecked;v1.6.0-213-g5f31454
maps;unit;95/5;5;484 482; 22  17;927;971;971;39418;1;0;126;0.0453775;868668;0;0;bBELA*<1>;? Unchecked;v1.6.0-213-g5f31454
maps;unit;96/5;5;  6   3;507 507;1005;1055;1055;61254;1;0;126;0.0681331;899034;0;0;bBELA*<1>;? Unchecked;v1.6.0-213-g5f31454
maps;unit;97/5;5;480   7; 33 480;920;954;954;44846;1;0;126;0.0545474;822148;0;0;bBELA*<1>;? Unchecked;v1.6.0-213-g5f31454
maps;unit;98/5;5;501 484; 46   0;939;1001;1001;71157;1;0;126;0.0788394;902556;0;0;bBELA*<1>;? Unchecked;v1.6.0-213-g5f31454
maps;unit;99/5;5;504 493;  9  25;963;1021;1021;59399;1;0;126;0.0659129;901174;0;0;bBELA*<1>;? Unchecked;v1.6.0-213-g5f31454
maps;unit;0/10;10; 14 477;509  34;938;1002;1002;67075;1;0;126;0.0747526;897293;0;0;bBELA*<1>;? Unchecked;v1.6.0-213-g5f31454
maps;unit;1/10;10;488   3; 14 464;935;963;963;37635;1;0;126;0.0429016;877240;0;0;bBELA*<1>;? Unchecked;v1.6.0-213-g5f31454
maps;unit;2/10;10;  9 438;503   6;926;972;972;30851;1;0;126;0.0361463;853503;0;0;bBELA*<1>;? Unchecked;v1.6.0-213-g5f31454
maps;unit;3/10;10; 59  12;508 498;935;989;989;48353;1;0;126;0.0559974;863487;0;0;bBELA*<1>;? Unchecked;v1.6.0-213-g5f31454
maps;unit;4/10;10;495 508;  4   0;999;1053;1053;40640;1;0;126;0.0485346;837340;0;0;bBELA*<1>;? Unchecked;v1.6.0-213-g5f31454
maps;unit;5/10;10;454  24; 11 502;921;953;953;46498;1;0;126;0.0534861;869347;0;0;bBELA*<1>;? Unchecked;v1.6.0-213-g5f31454
maps;unit;6/10;10;  2  27;476 485;932;1002;1002;64046;1;0;126;0.0704177;909515;0;0;bBELA*<1>;? Unchecked;v1.6.0-213-g5f31454
maps;unit;7/10;10;450   6;  8 486;922;958;958;45550;1;0;126;0.0529552;860160;0;0;bBELA*<1>;? Unchecked;v1.6.0-213-g5f31454
maps;unit;8/10;10;496  29; 22 481;926;986;986;63828;1;0;126;0.07028;908196;0;0;bBELA*<1>;? Unchecked;v1.6.0-213-g5f31454
maps;unit;9/10;10;489   9;  1 459;938;966;966;37857;1;0;126;0.0421538;898068;0;0;bBELA*<1>;? Unchecked;v1.6.0-213-g5f31454
maps;unit;10/10;10; 27  10;494 508;965;1019;1019;65503;1;0;126;0.0727608;900251;0;0;bBELA*<1>;? Unchecked;v1.6.0-213-g5f31454
maps;unit;11/10;10;479   9; 52 503;921;955;955;44363;1;0;126;0.0545069;813897;0;0;bBELA*<1>;? Unchecked;v1.6.0-213-g5f31454
maps;unit;12/10;10;486 493; 12  19;948;1004;1004;51591;1;0;126;0.0611546;843616;0;0;bBELA*<1>;? Unchecked;v1.6.0-213-g5f31454
maps;unit;13/10;10;492 503; 28  34;933;991;991;45477;1;0;126;0.0544448;835287;0;0;bBELA*<1>;? Unchecked;v1.6.0-213-g5f31454
maps;unit;14/10;10; 14 508;507  75;926;992;992;73556;1;0;126;0.0791556;929259;0;0;bBELA*<1>;? Unchecked;v1.6.0-213-g5f31454
maps;unit;15/10;10;  7 486;483  12;950;980;980;21537;1;0;126;0.0263527;817260;0;0;bBELA*<1>;? Unchecked;v1.6.0-213-g5f31454
maps;unit;16/10;10;  8 506;463  25;936;976;976;32046;1;0;126;0.0365419;876967;0;0;bBELA*<1>;? Unchecked;v1.6.0-213-g5f31454
maps;unit;17/10;10;485  28;  7 510;960;1004;1004;58559;1;0;126;0.0640297;914559;0;0;bBELA*<1>;? Unchecked;v1.6.0-213-g5f31454
maps;unit;18/10;10;478 494; 14  11;947;995;995;40215;1;0;126;0.0490049;820632;0;0;bBELA*<1>;? Unchecked;v1.6.0-213-g5f31454
maps;unit;19/10;10;504  18; 57 499;928;990;990;79125;1;0;126;0.0878294;900895;0;0;bBELA*<1>;? Unchecked;v1.6.0-213-g5f31454
maps;unit;20/10;10;480 488; 31   3;934;992;992;54663;1;0;126;0.0624986;874628;0;0;bBELA*<1>;? Unchecked;v1.6.0-213-g5f31454
maps;unit;21/10;10; 13 507;477  15;956;990;990;23376;1;0;126;0.030197;774116;0;0;bBELA*<1>;? Unchecked;v1.6.0-213-g5f31454
maps;unit;22/10;10; 11  12;496 469;942;986;986;45166;1;0;126;0.0562647;802742;0;0;bBELA*<1>;? Unchecked;v1.6.0-213-g5f31454
maps;unit;23/10;10; 32 507;466  14;927;1009;1009;38594;1;0;126;0.0449608;858392;0;0;bBELA*<1>;? Unchecked;v1.6.0-213-g5f31454
maps;unit;24/10;10;500   1; 50 509;958;998;998;46790;1;0;126;0.0533498;877041;0;0;bBELA*<1>;? Unchecked;v1.6.0-213-g5f31454
maps;unit;25/10;10;484  39;  5 503;943;989;989;54995;1;0;126;0.0628864;874514;0;0;bBELA*<1>;? Unchecked;v1.6.0-213-g5f31454
maps;unit;26/10;10; 24   2;508 490;972;1014;1014;43017;1;0;126;0.0511317;841298;0;0;bBELA*<1>;? Unchecked;v1.6.0-213-g5f31454
maps;unit;27/10;10;482   5;  8 465;934;962;962;37124;1;0;126;0.043981;844091;0;0;bBELA*<1>;? Unchecked;v1.6.0-213-g5f31454
maps;unit;28/10;10;  6  47;497 481;925;985;985;53465;1;0;126;0.0630915;847420;0;0;bBELA*<1>;? Unchecked;v1.6.0-213-g5f31454
maps;unit;29/10;10;489  13; 49 506;933;967;967;45881;1;0;126;0.0547462;838067;0;0;bBELA*<1>;? Unchecked;v1.6.0-213-g5f31454
maps;unit;30/10;10;499 510;  2  87;920;982;982;57526;1;0;126;0.0648479;887092;0;0;bBELA*<1>;? Unchecked;v1.6.0-213-g5f31454
maps;unit;31/10;10; 63 490;494   0;921;963;963;43423;1;0;126;0.0505318;859321;0;0;bBELA*<1>;? Unchecked;v1.6.0-213-g5f31454
maps;unit;32/10;10;509  15; 24 506;976;1048;1048;98234;1;0;127;0.110877;885970;0;0;bBELA*<1>;? Unchecked;v1.6.0-213-g5f31454
maps;unit;33/10;10;  2  29;510 459;938;1004;1004;51261;1;0;127;0.0608498;842418;0;0;bBELA*<1>;? Unchecked;v1.6.0-213-g5f31454
maps;unit;34/10;10;487 477;  0  34;930;1006;1006;80744;1;0;127;0.0883087;914338;0;0;bBELA*<1>;? Unchecked;v1.6.0-213-g5f31454
maps;unit;35/10;10;496   5; 21 452;922;952;952;44726;1;0;127;0.0510376;876334;0;0;bBELA*<1>;? Unchecked;v1.6.0-213-g5f31454
maps;unit;36/10;10;486 492; 27  24;927;987;987;56900;1;0;127;0.0654202;869761;0;0;bBELA*<1>;? Unchecked;v1.6.0-213-g5f31454
maps;unit;37/10;10; 41 501;484  19;925;959;959;50278;1;0;127;0.0588408;854475;0;0;bBELA*<1>;? Unchecked;v1.6.0-213-g5f31454
maps;unit;38/10;10;453 486;  4   2;933;997;997;50697;1;0;127;0.0600112;844792;0;0;bBELA*<1>;? Unchecked;v1.6.0-213-g5f31454
maps;unit;39/10;10; 37   3;511 462;933;1001;1001;70396;1;0;127;0.0782108;900081;0;0;bBELA*<1>;? Unchecked;v1.6.0-213-g5f31454
maps;unit;40/10;10; 30  53;509 494;920;972;972;41746;1;0;127;0.0488976;853743;0;0;bBELA*<1>;? Unchecked;v1.6.0-213-g5f31454
maps;unit;41/10;10;497  11; 12 475;949;993;993;54474;1;0;127;0.0615914;884441;0;0;bBELA*<1>;? Unchecked;v1.6.0-213-g5f31454
maps;unit;42/10;10;498  17; 14 490;957;1005;1005;42269;1;0;127;0.0504726;837465;0;0;bBELA*<1>;? Unchecked;v1.6.0-213-g5f31454
maps;unit;43/10;10;463   2; 20 497;938;992;992;67482;1;0;127;0.0735106;917991;0;0;bBELA*<1>;? Unchecked;v1.6.0-213-g5f31454
maps;unit;44/10;10;  2   1;459 479;935;987;987;62073;1;0;127;0.0730371;849884;0;0;bBELA*<1>;? Unchecked;v1.6.0-213-g5f31454
maps;unit;45/10;10;497   1; 11 511;996;1032;1032;54118;1;0;127;0.0615199;879683;0;0;bBELA*<1>;? Unchecked;v1.6.0-213-g5f31454
maps;unit;46/10;10; 20  23;493 493;943;999;999;56918;1;0;127;0.0640835;888185;0;0;bBELA*<1>;? Unchecked;v1.6.0-213-g5f31454
maps;unit;47/10;10;505  13; 44 497;945;983;983;33311;1;0;127;0.0379132;878613;0;0;bBELA*<1>;? Unchecked;v1.6.0-213-g5f31454
maps;unit;48/10;10; 20   1;478 472;929;975;975;55087;1;0;127;0.0619038;889881;0;0;bBELA*<1>;? Unchecked;v1.6.0-213-g5f31454
maps;unit;49/10;10;487 496; 17   3;963;1029;1029;69406;1;0;127;0.0776709;893591;0;0;bBELA*<1>;? Unchecked;v1.6.0-213-g5f31454
maps;unit;50/10;10;487 499;  6  54;926;1012;1012;67197;1;0;127;0.0757066;887597;0;0;bBELA*<1>;? Unchecked;v1.6.0-213-g5f31454
maps;unit;51/10;10; 33   2;492 500;957;1025;1025;78371;1;0;127;0.0881105;889462;0;0;bBELA*<1>;? Unchecked;v1.6.0-213-g5f31454
maps;unit;52/10;10;498 477; 13  27;935;995;995;66120;1;0;127;0.0766316;862830;0;0;bBELA*<1>;? Unchecked;v1.6.0-213-g5f31454
maps;unit;53/10;10;495 485;  9  40;931;999;999;72773;1;0;127;0.0820153;887310;0;0;bBELA*<1>;? Unchecked;v1.6.0-213-g5f31454
maps;unit;54/10;10;485  35;  5 497;942;984;984;49094;1;0;127;0.0573193;856501;0;0;bBELA*<1>;? Unchecked;v1.6.0-213-g5f31454
maps;unit;55/10;10;506 510; 39  38;939;987;987;40486;1;0;127;0.0467085;866781;0;0;bBELA*<1>;? Unchecked;v1.6.0-213-g5f31454
maps;unit;56/10;10;499  13; 17 491;960;1000;1000;40178;1;0;127;0.0461891;869860;0;0;bBELA*<1>;? Unchecked;v1.6.0-213-g5f31454
maps;unit;57/10;10;477  39;  5 494;927;969;969;45556;1;0;127;0.0525443;867003;0;0;bBELA*<1>;? Unchecked;v1.6.0-213-g5f31454
maps;unit;58/10;10;  5 478;467  16;924;958;958;27599;1;0;127;0.0326541;845194;0;0;bBELA*<1>;? Unchecked;v1.6.0-213-g5f31454
maps;unit;59/10;10;509 511; 54   4;962;1036;1036;75080;1;0;127;0.0837174;896826;0;0;bBELA*<1>;? Unchecked;v1.6.0-213-g5f31454
maps;unit;60/10;10; 17   0;494 487;964;1022;1022;50029;1;0;127;0.0590447;847308;0;0;bBELA*<1>;? Unchecked;v1.6.0-213-g5f31454
maps;unit;61/10;10; 15 502;461  15;933;991;991;67057;1;0;127;0.0749118;895146;0;0;bBELA*<1>;? Unchecked;v1.6.0-213-g5f31454
maps;unit;62/10;10; 10  30;490 483;933;999;999;53187;1;0;127;0.0617233;861701;0;0;bBELA*<1>;? Unchecked;v1.6.0-213-g5f31454
maps;unit;63/10;10;  1  49;496 496;942;1012;1012;61562;1;0;127;0.0682711;901729;0;0;bBELA*<1>;? Unchecked;v1.6.0-213-g5f31454
maps;unit;64/10;10;482 451;  7   4;922;976;976;38216;1;0;127;0.0469479;814008;0;0;bBELA*<1>;? Unchecked;v1.6.0-213-g5f31454
maps;unit;65/10;10;498 509;  2  63;942;1022;1022;76652;1;0;127;0.0857656;893738;0;0;bBELA*<1>;? Unchecked;v1.6.0-213-g5f31454
maps;unit;66/10;10;  6 455;506  34;921;965;965;48332;1;0;127;0.0557514;866920;0;0;bBELA*<1>;? Unchecked;v1.6.0-213-g5f31454
maps;unit;67/10;10;  9   3;508 489;985;1025;1025;41980;1;0;127;0.0478861;876664;0;0;bBELA*<1>;? Unchecked;v1.6.0-213-g5f31454
maps;unit;68/10;10; 22 506;479  35;928;988;988;47102;1;0;127;0.0559682;841586;0;0;bBELA*<1>;? Unchecked;v1.6.0-213-g5f31454
maps;unit;69/10;10; 28   4;498 501;967;1021;1021;66730;1;0;127;0.0747985;892130;0;0;bBELA*<1>;? Unchecked;v1.6.0-213-g5f31454
maps;unit;70/10;10;472  11; 13 507;955;991;991;51408;1;0;127;0.0598739;858604;0;0;bBELA*<1>;? Unchecked;v1.6.0-213-g5f31454
maps;unit;71/10;10; 31  47;493 505;920;976;976;64285;1;0;127;0.071692;896683;0;0;bBELA*<1>;? Unchecked;v1.6.0-213-g5f31454
maps;unit;72/10;10; 14  16;507 492;969;1013;1013;41848;1;0;127;0.047423;882442;0;0;bBELA*<1>;? Unchecked;v1.6.0-213-g5f31454
maps;unit;73/10;10; 73   2;501 511;937;999;999;60688;1;0;127;0.0689795;879797;0;0;bBELA*<1>;? Unchecked;v1.6.0-213-g5f31454
maps;unit;74/10;10; 35 510;488   7;956;984;984;34751;1;0;127;0.0403495;861250;0;0;bBELA*<1>;? Unchecked;v1.6.0-213-g5f31454
maps;unit;75/10;10; 17  19;483 492;939;1001;1001;68463;1;0;127;0.0776753;881400;0;0;bBELA*<1>;? Unchecked;v1.6.0-213-g5f31454
maps;unit;76/10;10; 16 510;511  21;984;1036;1036;55353;1;0;127;0.061347;902293;0;0;bBELA*<1>;? Unchecked;v1.6.0-213-g5f31454
maps;unit;77/10;10;468  11; 11 507;953;991;991;51341;1;0;127;0.0581669;882650;0;0;bBELA*<1>;? Unchecked;v1.6.0-213-g5f31454
maps;unit;78/10;10; 52 501;484  13;920;952;952;33415;1;0;127;0.0402201;830804;0;0;bBELA*<1>;? Unchecked;v1.6.0-213-g5f31454
maps;unit;79/10;10; 37 501;507  49;922;980;980;79886;1;0;129;0.0887392;900233;0;0;bBELA*<1>;? Unchecked;v1.6.0-213-g5f31454
maps;unit;80/10;10;  9   2;505 502;996;1044;1044;57990;1;0;129;0.0667595;868640;0;0;bBELA*<1>;? Unchecked;v1.6.0-213-g5f31454
maps;unit;81/10;10;495 510; 32  16;957;1013;1013;45467;1;0;129;0.0547823;829958;0;0;bBELA*<1>;? Unchecked;v1.6.0-213-g5f31454
maps;unit;82/10;10;  6  25;481 479;929;985;985;50918;1;0;129;0.0613452;830024;0;0;bBELA*<1>;? Unchecked;v1.6.0-213-g5f31454
maps;unit;83/10;10; 48 481;500  10;923;955;955;36736;1;0;129;0.041499;885227;0;0;bBELA*<1>;? Unchecked;v1.6.0-213-g5f31454
maps;unit;84/10;10;483  21;  8 485;939;979;979;46770;1;0;129;0.0564698;828230;0;0;bBELA*<1>;? Unchecked;v1.6.0-213-g5f31454
maps;unit;85/10;10;489   2;  2 465;950;982;982;45367;1;0;129;0.0565046;802891;0;0;bBELA*<1>;? Unchecked;v1.6.0-213-g5f31454
maps;unit;86/10;10; 23 481;500  19;939;997;997;63498;1;0;129;0.0679938;933879;0;0;bBELA*<1>;? Unchecked;v1.6.0-213-g5f31454
maps;unit;87/10;10;469 491; 16  14;930;980;980;42755;1;0;129;0.0535311;798694;0;0;bBELA*<1>;? Unchecked;v1.6.0-213-g5f31454
maps;unit;88/10;10;  1  30;456 501;926;1016;1016;85332;1;0;129;0.123918;688616;0;0;bBELA*<1>;? Unchecked;v1.6.0-213-g5f31454
maps;unit;89/10;10;  7 479;505  48;929;989;989;69547;1;0;129;0.0804528;864444;0;0;bBELA*<1>;? Unchecked;v1.6.0-213-g5f31454
maps;unit;90/10;10;508 511; 40   7;972;1042;1042;72355;1;0;129;0.0810596;892614;0;0;bBELA*<1>;? Unchecked;v1.6.0-213-g5f31454
maps;unit;91/10;10; 41 489;509  34;923;973;973;68614;1;0;129;0.0752393;911943;0;0;bBELA*<1>;? Unchecked;v1.6.0-213-g5f31454
maps;unit;92/10;10; 54 499;492  17;920;964;964;51683;1;0;129;0.059606;867077;0;0;bBELA*<1>;? Unchecked;v1.6.0-213-g5f31454
maps;unit;93/10;10;469   6; 22 482;923;963;963;49976;1;0;129;0.0572208;873388;0;0;bBELA*<1>;? Unchecked;v1.6.0-213-g5f31454
maps;unit;94/10;10; 68  20;509 507;928;996;996;61033;1;0;129;0.0686929;888491;0;0;bBELA*<1>;? Unchecked;v1.6.0-213-g5f31454
maps;unit;95/10;10;484 482; 22  17;927;971;971;39418;1;0;129;0.045896;858856;0;0;bBELA*<1>;? Unchecked;v1.6.0-213-g5f31454
maps;unit;96/10;10;  6   3;507 507;1005;1055;1055;61254;1;0;129;0.0694543;881932;0;0;bBELA*<1>;? Unchecked;v1.6.0-213-g5f31454
maps;unit;97/10;10;480   7; 33 480;920;954;954;44846;1;0;129;0.052186;859349;0;0;bBELA*<1>;? Unchecked;v1.6.0-213-g5f31454
maps;unit;98/10;10;501 484; 46   0;939;1001;1001;71157;1;0;129;0.0844222;842871;0;0;bBELA*<1>;? Unchecked;v1.6.0-213-g5f31454
maps;unit;99/10;10;504 493;  9  25;963;1021;1021;59399;1;0;129;0.0691877;858520;0;0;bBELA*<1>;? Unchecked;v1.6.0-213-g5f31454
maps;unit;0/20;20; 14 477;509  34;938;1002;1002;67075;1;0;129;0.0743016;902740;0;0;bBELA*<1>;? Unchecked;v1.6.0-213-g5f31454
maps;unit;1/20;20;488   3; 14 464;935;963;963;37635;1;0;129;0.0454539;827981;0;0;bBELA*<1>;? Unchecked;v1.6.0-213-g5f31454
maps;unit;2/20;20;  9 438;503   6;926;972;972;30851;1;0;129;0.0354084;871290;0;0;bBELA*<1>;? Unchecked;v1.6.0-213-g5f31454
maps;unit;3/20;20; 59  12;508 498;935;989;989;48353;1;0;129;0.0569535;848991;0;0;bBELA*<1>;? Unchecked;v1.6.0-213-g5f31454
maps;unit;4/20;20;495 508;  4   0;999;1053;1053;40640;1;0;129;0.0524809;774377;0;0;bBELA*<1>;? Unchecked;v1.6.0-213-g5f31454
maps;unit;5/20;20;454  24; 11 502;921;953;953;46498;1;0;129;0.0580854;800511;0;0;bBELA*<1>;? Unchecked;v1.6.0-213-g5f31454
maps;unit;6/20;20;  2  27;476 485;932;1002;1002;64046;1;0;129;0.0739041;866609;0;0;bBELA*<1>;? Unchecked;v1.6.0-213-g5f31454
maps;unit;7/20;20;450   6;  8 486;922;958;958;45550;1;0;129;0.0544035;837262;0;0;bBELA*<1>;? Unchecked;v1.6.0-213-g5f31454
maps;unit;8/20;20;496  29; 22 481;926;986;986;63828;1;0;129;0.071049;898365;0;0;bBELA*<1>;? Unchecked;v1.6.0-213-g5f31454
maps;unit;9/20;20;489   9;  1 459;938;966;966;37857;1;0;129;0.043524;869796;0;0;bBELA*<1>;? Unchecked;v1.6.0-213-g5f31454
maps;unit;10/20;20; 27  10;494 508;965;1019;1019;65503;1;0;129;0.0739278;886040;0;0;bBELA*<1>;? Unchecked;v1.6.0-213-g5f31454
maps;unit;11/20;20;479   9; 52 503;921;955;955;44363;1;0;129;0.0540206;821224;0;0;bBELA*<1>;? Unchecked;v1.6.0-213-g5f31454
maps;unit;12/20;20;486 493; 12  19;948;1004;1004;51591;1;0;129;0.0611397;843822;0;0;bBELA*<1>;? Unchecked;v1.6.0-213-g5f31454
maps;unit;13/20;20;492 503; 28  34;933;991;991;45477;1;0;129;0.0552913;822498;0;0;bBELA*<1>;? Unchecked;v1.6.0-213-g5f31454
maps;unit;14/20;20; 14 508;507  75;926;992;992;73556;1;0;129;0.079805;921696;0;0;bBELA*<1>;? Unchecked;v1.6.0-213-g5f31454
maps;unit;15/20;20;  7 486;483  12;950;980;980;21537;1;0;129;0.027447;784675;0;0;bBELA*<1>;? Unchecked;v1.6.0-213-g5f31454
maps;unit;16/20;20;  8 506;463  25;936;976;976;32046;1;0;129;0.0372661;859924;0;0;bBELA*<1>;? Unchecked;v1.6.0-213-g5f31454
maps;unit;17/20;20;485  28;  7 510;960;1004;1004;58559;1;0;129;0.0650514;900196;0;0;bBELA*<1>;? Unchecked;v1.6.0-213-g5f31454
maps;unit;18/20;20;478 494; 14  11;947;995;995;40215;1;0;129;0.0488433;823347;0;0;bBELA*<1>;? Unchecked;v1.6.0-213-g5f31454
maps;unit;19/20;20;504  18; 57 499;928;990;990;79125;1;0;129;0.0882512;896589;0;0;bBELA*<1>;? Unchecked;v1.6.0-213-g5f31454
maps;unit;20/20;20;480 488; 31   3;934;992;992;54663;1;0;129;0.0644202;848538;0;0;bBELA*<1>;? Unchecked;v1.6.0-213-g5f31454
maps;unit;21/20;20; 13 507;477  15;956;990;990;23376;1;0;129;0.026126;894740;0;0;bBELA*<1>;? Unchecked;v1.6.0-213-g5f31454
maps;unit;22/20;20; 11  12;496 469;942;986;986;45166;1;0;129;0.0554431;814637;0;0;bBELA*<1>;? Unchecked;v1.6.0-213-g5f31454
maps;unit;23/20;20; 32 507;466  14;927;1009;1009;38594;1;0;129;0.0444869;867536;0;0;bBELA*<1>;? Unchecked;v1.6.0-213-g5f31454
maps;unit;24/20;20;500   1; 50 509;958;998;998;46790;1;0;129;0.0547221;855048;0;0;bBELA*<1>;? Unchecked;v1.6.0-213-g5f31454
maps;unit;25/20;20;484  39;  5 503;943;989;989;54995;1;0;129;0.0632069;870079;0;0;bBELA*<1>;? Unchecked;v1.6.0-213-g5f31454
maps;unit;26/20;20; 24   2;508 490;972;1014;1014;43017;1;0;129;0.0546595;786999;0;0;bBELA*<1>;? Unchecked;v1.6.0-213-g5f31454
maps;unit;27/20;20;482   5;  8 465;934;962;962;37124;1;0;129;0.0446588;831282;0;0;bBELA*<1>;? Unchecked;v1.6.0-213-g5f31454
maps;unit;28/20;20;  6  47;497 481;925;985;985;53465;1;0;129;0.0625875;854244;0;0;bBELA*<1>;? Unchecked;v1.6.0-213-g5f31454
maps;unit;29/20;20;489  13; 49 506;933;967;967;45881;1;0;129;0.0540569;848754;0;0;bBELA*<1>;? Unchecked;v1.6.0-213-g5f31454
maps;unit;30/20;20;499 510;  2  87;920;982;982;57526;1;0;129;0.0669032;859839;0;0;bBELA*<1>;? Unchecked;v1.6.0-213-g5f31454
maps;unit;31/20;20; 63 490;494   0;921;963;963;43423;1;0;129;0.0556723;779975;0;0;bBELA*<1>;? Unchecked;v1.6.0-213-g5f31454
maps;unit;32/20;20;509  15; 24 506;976;1048;1048;98234;1;0;130;0.111861;878182;0;0;bBELA*<1>;? Unchecked;v1.6.0-213-g5f31454
maps;unit;33/20;20;  2  29;510 459;938;1004;1004;51261;1;0;130;0.0618592;828672;0;0;bBELA*<1>;? Unchecked;v1.6.0-213-g5f31454
maps;unit;34/20;20;487 477;  0  34;930;1006;1006;80744;1;0;130;0.0922046;875705;0;0;bBELA*<1>;? Unchecked;v1.6.0-213-g5f31454
maps;unit;35/20;20;496   5; 21 452;922;952;952;44726;1;0;130;0.0540398;827649;0;0;bBELA*<1>;? Unchecked;v1.6.0-213-g5f31454
maps;unit;36/20;20;486 492; 27  24;927;987;987;56900;1;0;130;0.0701519;811097;0;0;bBELA*<1>;? Unchecked;v1.6.0-213-g5f31454
maps;unit;37/20;20; 41 501;484  19;925;959;959;50278;1;0;130;0.060117;836336;0;0;bBELA*<1>;? Unchecked;v1.6.0-213-g5f31454
maps;unit;38/20;20;453 486;  4   2;933;997;997;50697;1;0;130;0.0617704;820733;0;0;bBELA*<1>;? Unchecked;v1.6.0-213-g5f31454
maps;unit;39/20;20; 37   3;511 462;933;1001;1001;70396;1;0;130;0.0792143;888678;0;0;bBELA*<1>;? Unchecked;v1.6.0-213-g5f31454
maps;unit;40/20;20; 30  53;509 494;920;972;972;41746;1;0;130;0.051326;813350;0;0;bBELA*<1>;? Unchecked;v1.6.0-213-g5f31454
maps;unit;41/20;20;497  11; 12 475;949;993;993;54474;1;0;130;0.0635124;857690;0;0;bBELA*<1>;? Unchecked;v1.6.0-213-g5f31454
maps;unit;42/20;20;498  17; 14 490;957;1005;1005;42269;1;0;130;0.0493857;855895;0;0;bBELA*<1>;? Unchecked;v1.6.0-213-g5f31454
maps;unit;43/20;20;463   2; 20 497;938;992;992;67482;1;0;130;0.0773763;872128;0;0;bBELA*<1>;? Unchecked;v1.6.0-213-g5f31454
maps;unit;44/20;20;  2   1;459 479;935;987;987;62073;1;0;130;0.0710992;873048;0;0;bBELA*<1>;? Unchecked;v1.6.0-213-g5f31454
maps;unit;45/20;20;497   1; 11 511;996;1032;1032;54118;1;0;130;0.061144;885091;0;0;bBELA*<1>;? Unchecked;v1.6.0-213-g5f31454
maps;unit;46/20;20; 20  23;493 493;943;999;999;56918;1;0;130;0.06607;861480;0;0;bBELA*<1>;? Unchecked;v1.6.0-213-g5f31454
maps;unit;47/20;20;505  13; 44 497;945;983;983;33311;1;0;130;0.0412928;806703;0;0;bBELA*<1>;? Unchecked;v1.6.0-213-g5f31454
maps;unit;48/20;20; 20   1;478 472;929;975;975;55087;1;0;130;0.0640761;859713;0;0;bBELA*<1>;? Unchecked;v1.6.0-213-g5f31454
maps;unit;49/20;20;487 496; 17   3;963;1029;1029;69406;1;0;130;0.0808487;858468;0;0;bBELA*<1>;? Unchecked;v1.6.0-213-g5f31454
maps;unit;50/20;20;487 499;  6  54;926;1012;1012;67197;1;0;130;0.0796426;843732;0;0;bBELA*<1>;? Unchecked;v1.6.0-213-g5f31454
maps;unit;51/20;20; 33   2;492 500;957;1025;1025;78371;1;0;130;0.0873883;896814;0;0;bBELA*<1>;? Unchecked;v1.6.0-213-g5f31454
maps;unit;52/20;20;498 477; 13  27;935;995;995;66120;1;0;130;0.0774696;853496;0;0;bBELA*<1>;? Unchecked;v1.6.0-213-g5f31454
maps;unit;53/20;20;495 485;  9  40;931;999;999;72773;1;0;130;0.0848123;858048;0;0;bBELA*<1>;? Unchecked;v1.6.0-213-g5f31454
maps;unit;54/20;20;485  35;  5 497;942;984;984;49094;1;0;130;0.0573273;856380;0;0;bBELA*<1>;? Unchecked;v1.6.0-213-g5f31454
maps;unit;55/20;20;506 510; 39  38;939;987;987;40486;1;0;130;0.0492235;822493;0;0;bBELA*<1>;? Unchecked;v1.6.0-213-g5f31454
maps;unit;56/20;20;499  13; 17 491;960;1000;1000;40178;1;0;130;0.0467249;859884;0;0;bBELA*<1>;? Unchecked;v1.6.0-213-g5f31454
maps;unit;57/20;20;477  39;  5 494;927;969;969;45556;1;0;130;0.0537108;848172;0;0;bBELA*<1>;? Unchecked;v1.6.0-213-g5f31454
maps;unit;58/20;20;  5 478;467  16;924;958;958;27599;1;0;130;0.0345926;797830;0;0;bBELA*<1>;? Unchecked;v1.6.0-213-g5f31454
maps;unit;59/20;20;509 511; 54   4;962;1036;1036;75080;1;0;130;0.0865858;867117;0;0;bBELA*<1>;? Unchecked;v1.6.0-213-g5f31454
maps;unit;60/20;20; 17   0;494 487;964;1022;1022;50029;1;0;130;0.0589332;848910;0;0;bBELA*<1>;? Unchecked;v1.6.0-213-g5f31454
maps;unit;61/20;20; 15 502;461  15;933;991;991;67057;1;0;130;0.0750555;893432;0;0;bBELA*<1>;? Unchecked;v1.6.0-213-g5f31454
maps;unit;62/20;20; 10  30;490 483;933;999;999;53187;1;0;130;0.0634848;837790;0;0;bBELA*<1>;? Unchecked;v1.6.0-213-g5f31454
maps;unit;63/20;20;  1  49;496 496;942;1012;1012;61562;1;0;130;0.0704934;873301;0;0;bBELA*<1>;? Unchecked;v1.6.0-213-g5f31454
maps;unit;64/20;20;482 451;  7   4;922;976;976;38216;1;0;130;0.0456568;837028;0;0;bBELA*<1>;? Unchecked;v1.6.0-213-g5f31454
maps;unit;65/20;20;498 509;  2  63;942;1022;1022;76652;1;0;130;0.0858148;893226;0;0;bBELA*<1>;? Unchecked;v1.6.0-213-g5f31454
maps;unit;66/20;20;  6 455;506  34;921;965;965;48332;1;0;130;0.0567967;850965;0;0;bBELA*<1>;? Unchecked;v1.6.0-213-g5f31454
maps;unit;67/20;20;  9   3;508 489;985;1025;1025;41980;1;0;130;0.0501882;836452;0;0;bBELA*<1>;? Unchecked;v1.6.0-213-g5f31454
maps;unit;68/20;20; 22 506;479  35;928;988;988;47102;1;0;130;0.0574555;819800;0;0;bBELA*<1>;? Unchecked;v1.6.0-213-g5f31454
maps;unit;69/20;20; 28   4;498 501;967;1021;1021;66730;1;0;130;0.0785409;849621;0;0;bBELA*<1>;? Unchecked;v1.6.0-213-g5f31454
maps;unit;70/20;20;472  11; 13 507;955;991;991;51408;1;0;130;0.0594108;865297;0;0;bBELA*<1>;? Unchecked;v1.6.0-213-g5f31454
maps;unit;71/20;20; 31  47;493 505;920;976;976;64285;1;0;130;0.073474;874935;0;0;bBELA*<1>;? Unchecked;v1.6.0-213-g5f31454
maps;unit;72/20;20; 14  16;507 492;969;1013;1013;41848;1;0;130;0.0498313;839794;0;0;bBELA*<1>;? Unchecked;v1.6.0-213-g5f31454
maps;unit;73/20;20; 73   2;501 511;937;999;999;60688;1;0;130;0.0702164;864300;0;0;bBELA*<1>;? Unchecked;v1.6.0-213-g5f31454
maps;unit;74/20;20; 35 510;488   7;956;984;984;34751;1;0;130;0.040483;858409;0;0;bBELA*<1>;? Unchecked;v1.6.0-213-g5f31454
maps;unit;75/20;20; 17  19;483 492;939;1001;1001;68463;1;0;130;0.0799857;855940;0;0;bBELA*<1>;? Unchecked;v1.6.0-213-g5f31454
maps;unit;76/20;20; 16 510;511  21;984;1036;1036;55353;1;0;130;0.0626779;883135;0;0;bBELA*<1>;? Unchecked;v1.6.0-213-g5f31454
maps;unit;77/20;20;468  11; 11 507;953;991;991;51341;1;0;130;0.0592811;866061;0;0;bBELA*<1>;? Unchecked;v1.6.0-213-g5f31454
maps;unit;78/20;20; 52 501;484  13;920;952;952;33415;1;0;130;0.0392386;851586;0;0;bBELA*<1>;? Unchecked;v1.6.0-213-g5f31454
maps;unit;79/20;20; 37 501;507  49;922;980;980;79886;1;0;130;0.0877737;910136;0;0;bBELA*<1>;? Unchecked;v1.6.0-213-g5f31454
maps;unit;80/20;20;  9   2;505 502;996;1044;1044;57990;1;0;130;0.0669629;866002;0;0;bBELA*<1>;? Unchecked;v1.6.0-213-g5f31454
maps;unit;81/20;20;495 510; 32  16;957;1013;1013;45467;1;0;130;0.0581485;781912;0;0;bBELA*<1>;? Unchecked;v1.6.0-213-g5f31454
maps;unit;82/20;20;  6  25;481 479;929;985;985;50918;1;0;130;0.0705277;721957;0;0;bBELA*<1>;? Unchecked;v1.6.0-213-g5f31454
maps;unit;83/20;20; 48 481;500  10;923;955;955;36736;1;0;130;0.045244;811952;0;0;bBELA*<1>;? Unchecked;v1.6.0-213-g5f31454
maps;unit;84/20;20;483  21;  8 485;939;979;979;46770;1;0;130;0.0563157;830497;0;0;bBELA*<1>;? Unchecked;v1.6.0-213-g5f31454
maps;unit;85/20;20;489   2;  2 465;950;982;982;45367;1;0;130;0.0541412;837938;0;0;bBELA*<1>;? Unchecked;v1.6.0-213-g5f31454
maps;unit;86/20;20; 23 481;500  19;939;997;997;63498;1;0;130;0.0784882;809014;0;0;bBELA*<1>;? Unchecked;v1.6.0-213-g5f31454
maps;unit;87/20;20;469 491; 16  14;930;980;980;42755;1;0;130;0.0539468;792540;0;0;bBELA*<1>;? Unchecked;v1.6.0-213-g5f31454
maps;unit;88/20;20;  1  30;456 501;926;1016;1016;85332;1;0;130;0.0968956;880659;0;0;bBELA*<1>;? Unchecked;v1.6.0-213-g5f31454
maps;unit;89/20;20;  7 479;505  48;929;989;989;69547;1;0;130;0.0782951;888268;0;0;bBELA*<1>;? Unchecked;v1.6.0-213-g5f31454
maps;unit;90/20;20;508 511; 40   7;972;1042;1042;72355;1;0;130;0.0823984;878112;0;0;bBELA*<1>;? Unchecked;v1.6.0-213-g5f31454
maps;unit;91/20;20; 41 489;509  34;923;973;973;68614;1;0;130;0.0781892;877538;0;0;bBELA*<1>;? Unchecked;v1.6.0-213-g5f31454
maps;unit;92/20;20; 54 499;492  17;920;964;964;51683;1;0;130;0.0599741;861755;0;0;bBELA*<1>;? Unchecked;v1.6.0-213-g5f31454
maps;unit;93/20;20;469   6; 22 482;923;963;963;49976;1;0;130;0.0576724;866549;0;0;bBELA*<1>;? Unchecked;v1.6.0-213-g5f31454
maps;unit;94/20;20; 68  20;509 507;928;996;996;61033;1;0;130;0.0674001;905533;0;0;bBELA*<1>;? Unchecked;v1.6.0-213-g5f31454
maps;unit;95/20;20;484 482; 22  17;927;971;971;39418;1;0;130;0.0481754;818219;0;0;bBELA*<1>;? Unchecked;v1.6.0-213-g5f31454
maps;unit;96/20;20;  6   3;507 507;1005;1055;1055;61254;1;0;130;0.0870276;703846;0;0;bBELA*<1>;? Unchecked;v1.6.0-213-g5f31454
maps;unit;97/20;20;480   7; 33 480;920;954;954;44846;1;0;130;0.053086;844780;0;0;bBELA*<1>;? Unchecked;v1.6.0-213-g5f31454
maps;unit;98/20;20;501 484; 46   0;939;1001;1001;71157;1;0;130;0.0804585;884394;0;0;bBELA*<1>;? Unchecked;v1.6.0-213-g5f31454
maps;unit;99/20;20;504 493;  9  25;963;1021;1021;59399;1;0;130;0.0706592;840641;0;0;bBELA*<1>;? Unchecked;v1.6.0-213-g5f31454
maps;unit;0/30;30; 14 477;509  34;938;1002;1002;67075;1;0;130;0.07898;849265;0;0;bBELA*<1>;? Unchecked;v1.6.0-213-g5f31454
maps;unit;1/30;30;488   3; 14 464;935;963;963;37635;1;0;130;0.0441742;851967;0;0;bBELA*<1>;? Unchecked;v1.6.0-213-g5f31454
maps;unit;2/30;30;  9 438;503   6;926;972;972;30851;1;0;130;0.0371867;829625;0;0;bBELA*<1>;? Unchecked;v1.6.0-213-g5f31454
maps;unit;3/30;30; 59  12;508 498;935;989;989;48353;1;0;130;0.0576985;838029;0;0;bBELA*<1>;? Unchecked;v1.6.0-213-g5f31454
maps;unit;4/30;30;495 508;  4   0;999;1053;1053;40640;1;0;130;0.0534273;760659;0;0;bBELA*<1>;? Unchecked;v1.6.0-213-g5f31454
maps;unit;5/30;30;454  24; 11 502;921;953;953;46498;1;0;130;0.0591268;786412;0;0;bBELA*<1>;? Unchecked;v1.6.0-213-g5f31454
maps;unit;6/30;30;  2  27;476 485;932;1002;1002;64046;1;0;130;0.0758059;844868;0;0;bBELA*<1>;? Unchecked;v1.6.0-213-g5f31454
maps;unit;7/30;30;450   6;  8 486;922;958;958;45550;1;0;130;0.0565477;805515;0;0;bBELA*<1>;? Unchecked;v1.6.0-213-g5f31454
maps;unit;8/30;30;496  29; 22 481;926;986;986;63828;1;0;130;0.075681;843382;0;0;bBELA*<1>;? Unchecked;v1.6.0-213-g5f31454
maps;unit;9/30;30;489   9;  1 459;938;966;966;37857;1;0;130;0.0452312;836966;0;0;bBELA*<1>;? Unchecked;v1.6.0-213-g5f31454
maps;unit;10/30;30; 27  10;494 508;965;1019;1019;65503;1;0;130;0.0743922;880509;0;0;bBELA*<1>;? Unchecked;v1.6.0-213-g5f31454
maps;unit;11/30;30;479   9; 52 503;921;955;955;44363;1;0;130;0.055455;799982;0;0;bBELA*<1>;? Unchecked;v1.6.0-213-g5f31454
maps;unit;12/30;30;486 493; 12  19;948;1004;1004;51591;1;0;130;0.0626885;822974;0;0;bBELA*<1>;? Unchecked;v1.6.0-213-g5f31454
maps;unit;13/30;30;492 503; 28  34;933;991;991;45477;1;0;130;0.0563391;807202;0;0;bBELA*<1>;? Unchecked;v1.6.0-213-g5f31454
maps;unit;14/30;30; 14 508;507  75;926;992;992;73556;1;0;130;0.0810133;907949;0;0;bBELA*<1>;? Unchecked;v1.6.0-213-g5f31454
maps;unit;15/30;30;  7 486;483  12;950;980;980;21537;1;0;130;0.0297432;724099;0;0;bBELA*<1>;? Unchecked;v1.6.0-213-g5f31454
maps;unit;16/30;30;  8 506;463  25;936;976;976;32046;1;0;130;0.0396071;809097;0;0;bBELA*<1>;? Unchecked;v1.6.0-213-g5f31454
maps;unit;17/30;30;485  28;  7 510;960;1004;1004;58559;1;0;130;0.0666907;878069;0;0;bBELA*<1>;? Unchecked;v1.6.0-213-g5f31454
maps;unit;18/30;30;478 494; 14  11;947;995;995;40215;1;0;130;0.0511087;786853;0;0;bBELA*<1>;? Unchecked;v1.6.0-213-g5f31454
maps;unit;19/30;30;504  18; 57 499;928;990;990;79125;1;0;130;0.0884471;894602;0;0;bBELA*<1>;? Unchecked;v1.6.0-213-g5f31454
maps;unit;20/30;30;480 488; 31   3;934;992;992;54663;1;0;130;0.0653895;835959;0;0;bBELA*<1>;? Unchecked;v1.6.0-213-g5f31454
maps;unit;21/30;30; 13 507;477  15;956;990;990;23376;1;0;130;0.0312038;749139;0;0;bBELA*<1>;? Unchecked;v1.6.0-213-g5f31454
maps;unit;22/30;30; 11  12;496 469;942;986;986;45166;1;0;130;0.060203;750228;0;0;bBELA*<1>;? Unchecked;v1.6.0-213-g5f31454
maps;unit;23/30;30; 32 507;466  14;927;1009;1009;38594;1;0;130;0.0466094;828030;0;0;bBELA*<1>;? Unchecked;v1.6.0-213-g5f31454
maps;unit;24/30;30;500   1; 50 509;958;998;998;46790;1;0;130;0.0572422;817405;0;0;bBELA*<1>;? Unchecked;v1.6.0-213-g5f31454
maps;unit;25/30;30;484  39;  5 503;943;989;989;54995;1;0;130;0.0632685;869232;0;0;bBELA*<1>;? Unchecked;v1.6.0-213-g5f31454
maps;unit;26/30;30; 24   2;508 490;972;1014;1014;43017;1;0;130;0.0532908;807213;0;0;bBELA*<1>;? Unchecked;v1.6.0-213-g5f31454
maps;unit;27/30;30;482   5;  8 465;934;962;962;37124;1;0;130;0.0448114;828449;0;0;bBELA*<1>;? Unchecked;v1.6.0-213-g5f31454
maps;unit;28/30;30;  6  47;497 481;925;985;985;53465;1;0;130;0.0577175;926323;0;0;bBELA*<1>;? Unchecked;v1.6.0-213-g5f31454
maps;unit;29/30;30;489  13; 49 506;933;967;967;45881;1;0;130;0.0559674;819780;0;0;bBELA*<1>;? Unchecked;v1.6.0-213-g5f31454
maps;unit;30/30;30;499 510;  2  87;920;982;982;57526;1;0;130;0.0694267;828586;0;0;bBELA*<1>;? Unchecked;v1.6.0-213-g5f31454
maps;unit;31/30;30; 63 490;494   0;921;963;963;43423;1;0;130;0.0540565;803290;0;0;bBELA*<1>;? Unchecked;v1.6.0-213-g5f31454
maps;unit;32/30;30;509  15; 24 506;976;1048;1048;98234;1;0;130;0.116072;846317;0;0;bBELA*<1>;? Unchecked;v1.6.0-213-g5f31454
maps;unit;33/30;30;  2  29;510 459;938;1004;1004;51261;1;0;130;0.0610795;839251;0;0;bBELA*<1>;? Unchecked;v1.6.0-213-g5f31454
maps;unit;34/30;30;487 477;  0  34;930;1006;1006;80744;1;0;130;0.0910624;886688;0;0;bBELA*<1>;? Unchecked;v1.6.0-213-g5f31454
maps;unit;35/30;30;496   5; 21 452;922;952;952;44726;1;0;130;0.0577267;774789;0;0;bBELA*<1>;? Unchecked;v1.6.0-213-g5f31454
maps;unit;36/30;30;486 492; 27  24;927;987;987;56900;1;0;130;0.0680406;836265;0;0;bBELA*<1>;? Unchecked;v1.6.0-213-g5f31454
maps;unit;37/30;30; 41 501;484  19;925;959;959;50278;1;0;130;0.0600049;837898;0;0;bBELA*<1>;? Unchecked;v1.6.0-213-g5f31454
maps;unit;38/30;30;453 486;  4   2;933;997;997;50697;1;0;130;0.0612378;827871;0;0;bBELA*<1>;? Unchecked;v1.6.0-213-g5f31454
maps;unit;39/30;30; 37   3;511 462;933;1001;1001;70396;1;0;130;0.0815851;862853;0;0;bBELA*<1>;? Unchecked;v1.6.0-213-g5f31454
maps;unit;40/30;30; 30  53;509 494;920;972;972;41746;1;0;130;0.0520627;801841;0;0;bBELA*<1>;? Unchecked;v1.6.0-213-g5f31454
maps;unit;41/30;30;497  11; 12 475;949;993;993;54474;1;0;130;0.0640445;850565;0;0;bBELA*<1>;? Unchecked;v1.6.0-213-g5f31454
maps;unit;42/30;30;498  17; 14 490;957;1005;1005;42269;1;0;130;0.0538068;785570;0;0;bBELA*<1>;? Unchecked;v1.6.0-213-g5f31454
maps;unit;43/30;30;463   2; 20 497;938;992;992;67482;1;0;130;0.0787463;856955;0;0;bBELA*<1>;? Unchecked;v1.6.0-213-g5f31454
maps;unit;44/30;30;  2   1;459 479;935;987;987;62073;1;0;130;0.0719921;862220;0;0;bBELA*<1>;? Unchecked;v1.6.0-213-g5f31454
maps;unit;45/30;30;497   1; 11 511;996;1032;1032;54118;1;0;130;0.0772995;700108;0;0;bBELA*<1>;? Unchecked;v1.6.0-213-g5f31454
maps;unit;46/30;30; 20  23;493 493;943;999;999;56918;1;0;130;0.0675526;842573;0;0;bBELA*<1>;? Unchecked;v1.6.0-213-g5f31454
maps;unit;47/30;30;505  13; 44 497;945;983;983;33311;1;0;130;0.0392537;848609;0;0;bBELA*<1>;? Unchecked;v1.6.0-213-g5f31454
maps;unit;48/30;30; 20   1;478 472;929;975;975;55087;1;0;130;0.0629692;874825;0;0;bBELA*<1>;? Unchecked;v1.6.0-213-g5f31454
maps;unit;49/30;30;487 496; 17   3;963;1029;1029;69406;1;0;130;0.0824883;841404;0;0;bBELA*<1>;? Unchecked;v1.6.0-213-g5f31454
maps;unit;50/30;30;487 499;  6  54;926;1012;1012;67197;1;0;130;0.077752;864247;0;0;bBELA*<1>;? Unchecked;v1.6.0-213-g5f31454
maps;unit;51/30;30; 33   2;492 500;957;1025;1025;78371;1;0;130;0.0888821;881741;0;0;bBELA*<1>;? Unchecked;v1.6.0-213-g5f31454
maps;unit;52/30;30;498 477; 13  27;935;995;995;66120;1;0;130;0.077538;852743;0;0;bBELA*<1>;? Unchecked;v1.6.0-213-g5f31454
maps;unit;53/30;30;495 485;  9  40;931;999;999;72773;1;0;130;0.0842138;864146;0;0;bBELA*<1>;? Unchecked;v1.6.0-213-g5f31454
maps;unit;54/30;30;485  35;  5 497;942;984;984;49094;1;0;130;0.0595622;824247;0;0;bBELA*<1>;? Unchecked;v1.6.0-213-g5f31454
maps;unit;55/30;30;506 510; 39  38;939;987;987;40486;1;0;130;0.0516094;784470;0;0;bBELA*<1>;? Unchecked;v1.6.0-213-g5f31454
maps;unit;56/30;30;499  13; 17 491;960;1000;1000;40178;1;0;130;0.0484929;828534;0;0;bBELA*<1>;? Unchecked;v1.6.0-213-g5f31454
maps;unit;57/30;30;477  39;  5 494;927;969;969;45556;1;0;130;0.057116;797605;0;0;bBELA*<1>;? Unchecked;v1.6.0-213-g5f31454
maps;unit;58/30;30;  5 478;467  16;924;958;958;27599;1;0;130;0.0374699;736564;0;0;bBELA*<1>;? Unchecked;v1.6.0-213-g5f31454
maps;unit;59/30;30;509 511; 54   4;962;1036;1036;75080;1;0;130;0.0870299;862692;0;0;bBELA*<1>;? Unchecked;v1.6.0-213-g5f31454
maps;unit;60/30;30; 17   0;494 487;964;1022;1022;50029;1;0;130;0.0607974;822880;0;0;bBELA*<1>;? Unchecked;v1.6.0-213-g5f31454
maps;unit;61/30;30; 15 502;461  15;933;991;991;67057;1;0;130;0.0770756;870016;0;0;bBELA*<1>;? Unchecked;v1.6.0-213-g5f31454
maps;unit;62/30;30; 10  30;490 483;933;999;999;53187;1;0;130;0.0673359;789876;0;0;bBELA*<1>;? Unchecked;v1.6.0-213-g5f31454
maps;unit;63/30;30;  1  49;496 496;942;1012;1012;61562;1;0;130;0.0721563;853176;0;0;bBELA*<1>;? Unchecked;v1.6.0-213-g5f31454
maps;unit;64/30;30;482 451;  7   4;922;976;976;38216;1;0;130;0.046003;830728;0;0;bBELA*<1>;? Unchecked;v1.6.0-213-g5f31454
maps;unit;65/30;30;498 509;  2  63;942;1022;1022;76652;1;0;130;0.0900181;851517;0;0;bBELA*<1>;? Unchecked;v1.6.0-213-g5f31454
maps;unit;66/30;30;  6 455;506  34;921;965;965;48332;1;0;130;0.0582512;829716;0;0;bBELA*<1>;? Unchecked;v1.6.0-213-g5f31454
maps;unit;67/30;30;  9   3;508 489;985;1025;1025;41980;1;0;130;0.0525376;799047;0;0;bBELA*<1>;? Unchecked;v1.6.0-213-g5f31454
maps;unit;68/30;30; 22 506;479  35;928;988;988;47102;1;0;130;0.057146;824239;0;0;bBELA*<1>;? Unchecked;v1.6.0-213-g5f31454
maps;unit;69/30;30; 28   4;498 501;967;1021;1021;66730;1;0;130;0.0792176;842364;0;0;bBELA*<1>;? Unchecked;v1.6.0-213-g5f31454
maps;unit;70/30;30;472  11; 13 507;955;991;991;51408;1;0;130;0.061622;834247;0;0;bBELA*<1>;? Unchecked;v1.6.0-213-g5f31454
maps;unit;71/30;30; 31  47;493 505;920;976;976;64285;1;0;130;0.0737192;872025;0;0;bBELA*<1>;? Unchecked;v1.6.0-213-g5f31454
maps;unit;72/30;30; 14  16;507 492;969;1013;1013;41848;1;0;130;0.0512129;817138;0;0;bBELA*<1>;? Unchecked;v1.6.0-213-g5f31454
maps;unit;73/30;30; 73   2;501 511;937;999;999;60688;1;0;130;0.0718025;845207;0;0;bBELA*<1>;? Unchecked;v1.6.0-213-g5f31454
maps;unit;74/30;30; 35 510;488   7;956;984;984;34751;1;0;130;0.0438525;792452;0;0;bBELA*<1>;? Unchecked;v1.6.0-213-g5f31454
maps;unit;75/30;30; 17  19;483 492;939;1001;1001;68463;1;0;130;0.0802648;852964;0;0;bBELA*<1>;? Unchecked;v1.6.0-213-g5f31454
maps;unit;76/30;30; 16 510;511  21;984;1036;1036;55353;1;0;130;0.0639297;865842;0;0;bBELA*<1>;? Unchecked;v1.6.0-213-g5f31454
maps;unit;77/30;30;468  11; 11 507;953;991;991;51341;1;0;130;0.0601736;853215;0;0;bBELA*<1>;? Unchecked;v1.6.0-213-g5f31454
maps;unit;78/30;30; 52 501;484  13;920;952;952;33415;1;0;130;0.043172;773997;0;0;bBELA*<1>;? Unchecked;v1.6.0-213-g5f31454
maps;unit;79/30;30; 37 501;507  49;922;980;980;79886;1;0;130;0.0895999;891586;0;0;bBELA*<1>;? Unchecked;v1.6.0-213-g5f31454
maps;unit;80/30;30;  9   2;505 502;996;1044;1044;57990;1;0;130;0.0683648;848243;0;0;bBELA*<1>;? Unchecked;v1.6.0-213-g5f31454
maps;unit;81/30;30;495 510; 32  16;957;1013;1013;45467;1;0;130;0.0673896;674689;0;0;bBELA*<1>;? Unchecked;v1.6.0-213-g5f31454
maps;unit;82/30;30;  6  25;481 479;929;985;985;50918;1;0;130;0.0650158;783163;0;0;bBELA*<1>;? Unchecked;v1.6.0-213-g5f31454
maps;unit;83/30;30; 48 481;500  10;923;955;955;36736;1;0;130;0.0449081;818026;0;0;bBELA*<1>;? Unchecked;v1.6.0-213-g5f31454
maps;unit;84/30;30;483  21;  8 485;939;979;979;46770;1;0;130;0.0577101;810430;0;0;bBELA*<1>;? Unchecked;v1.6.0-213-g5f31454
maps;unit;85/30;30;489   2;  2 465;950;982;982;45367;1;0;130;0.0552435;821218;0;0;bBELA*<1>;? Unchecked;v1.6.0-213-g5f31454
maps;unit;86/30;30; 23 481;500  19;939;997;997;63498;1;0;130;0.0702729;903592;0;0;bBELA*<1>;? Unchecked;v1.6.0-213-g5f31454
maps;unit;87/30;30;469 491; 16  14;930;980;980;42755;1;0;130;0.054295;787457;0;0;bBELA*<1>;? Unchecked;v1.6.0-213-g5f31454
maps;unit;88/30;30;  1  30;456 501;926;1016;1016;85332;1;0;130;0.101078;844223;0;0;bBELA*<1>;? Unchecked;v1.6.0-213-g5f31454
maps;unit;89/30;30;  7 479;505  48;929;989;989;69547;1;0;130;0.0780524;891030;0;0;bBELA*<1>;? Unchecked;v1.6.0-213-g5f31454
maps;unit;90/30;30;508 511; 40   7;972;1042;1042;72355;1;0;130;0.0832347;869289;0;0;bBELA*<1>;? Unchecked;v1.6.0-213-g5f31454
maps;unit;91/30;30; 41 489;509  34;923;973;973;68614;1;0;130;0.0789224;869385;0;0;bBELA*<1>;? Unchecked;v1.6.0-213-g5f31454
maps;unit;92/30;30; 54 499;492  17;920;964;964;51683;1;0;130;0.0617845;836505;0;0;bBELA*<1>;? Unchecked;v1.6.0-213-g5f31454
maps;unit;93/30;30;469   6; 22 482;923;963;963;49976;1;0;130;0.0589247;848133;0;0;bBELA*<1>;? Unchecked;v1.6.0-213-g5f31454
maps;unit;94/30;30; 68  20;509 507;928;996;996;61033;1;0;130;0.0714891;853738;0;0;bBELA*<1>;? Unchecked;v1.6.0-213-g5f31454
maps;unit;95/30;30;484 482; 22  17;927;971;971;39418;1;0;130;0.0470897;837083;0;0;bBELA*<1>;? Unchecked;v1.6.0-213-g5f31454
maps;unit;96/30;30;  6   3;507 507;1005;1055;1055;61254;1;0;130;0.0726799;842792;0;0;bBELA*<1>;? Unchecked;v1.6.0-213-g5f31454
maps;unit;97/30;30;480   7; 33 480;920;954;954;44846;1;0;130;0.0558041;803633;0;0;bBELA*<1>;? Unchecked;v1.6.0-213-g5f31454
maps;unit;98/30;30;501 484; 46   0;939;1001;1001;71157;1;0;130;0.0813634;874558;0;0;bBELA*<1>;? Unchecked;v1.6.0-213-g5f31454
maps;unit;99/30;30;504 493;  9  25;963;1021;1021;59399;1;0;130;0.0699212;849514;0;0;bBELA*<1>;? Unchecked;v1.6.0-213-g5f31454
maps;unit;0/40;40; 14 477;509  34;938;1002;1002;67075;1;0;130;0.0773931;866680;0;0;bBELA*<1>;? Unchecked;v1.6.0-213-g5f31454
maps;unit;1/40;40;488   3; 14 464;935;963;963;37635;1;0;130;0.0460861;816623;0;0;bBELA*<1>;? Unchecked;v1.6.0-213-g5f31454
maps;unit;2/40;40;  9 438;503   6;926;972;972;30851;1;0;130;0.0395684;779688;0;0;bBELA*<1>;? Unchecked;v1.6.0-213-g5f31454
maps;unit;3/40;40; 59  12;508 498;935;989;989;48353;1;0;130;0.0734553;658264;0;0;bBELA*<1>;? Unchecked;v1.6.0-213-g5f31454
maps;unit;4/40;40;495 508;  4   0;999;1053;1053;40640;1;0;130;0.0603156;673790;0;0;bBELA*<1>;? Unchecked;v1.6.0-213-g5f31454
maps;unit;5/40;40;454  24; 11 502;921;953;953;46498;1;0;130;0.059918;776027;0;0;bBELA*<1>;? Unchecked;v1.6.0-213-g5f31454
maps;unit;6/40;40;  2  27;476 485;932;1002;1002;64046;1;0;130;0.0751776;851929;0;0;bBELA*<1>;? Unchecked;v1.6.0-213-g5f31454
maps;unit;7/40;40;450   6;  8 486;922;958;958;45550;1;0;130;0.0553394;823102;0;0;bBELA*<1>;? Unchecked;v1.6.0-213-g5f31454
maps;unit;8/40;40;496  29; 22 481;926;986;986;63828;1;0;130;0.0728433;876237;0;0;bBELA*<1>;? Unchecked;v1.6.0-213-g5f31454
maps;unit;9/40;40;489   9;  1 459;938;966;966;37857;1;0;130;0.0455686;830770;0;0;bBELA*<1>;? Unchecked;v1.6.0-213-g5f31454
maps;unit;10/40;40; 27  10;494 508;965;1019;1019;65503;1;0;130;0.0749534;873917;0;0;bBELA*<1>;? Unchecked;v1.6.0-213-g5f31454
maps;unit;11/40;40;479   9; 52 503;921;955;955;44363;1;0;130;0.0561722;789767;0;0;bBELA*<1>;? Unchecked;v1.6.0-213-g5f31454
maps;unit;12/40;40;486 493; 12  19;948;1004;1004;51591;1;0;130;0.063488;812610;0;0;bBELA*<1>;? Unchecked;v1.6.0-213-g5f31454
maps;unit;13/40;40;492 503; 28  34;933;991;991;45477;1;0;130;0.0593512;766236;0;0;bBELA*<1>;? Unchecked;v1.6.0-213-g5f31454
maps;unit;14/40;40; 14 508;507  75;926;992;992;73556;1;0;130;0.0849088;866294;0;0;bBELA*<1>;? Unchecked;v1.6.0-213-g5f31454
maps;unit;15/40;40;  7 486;483  12;950;980;980;21537;1;0;130;0.0304084;708257;0;0;bBELA*<1>;? Unchecked;v1.6.0-213-g5f31454
maps;unit;16/40;40;  8 506;463  25;936;976;976;32046;1;0;130;0.0386059;830080;0;0;bBELA*<1>;? Unchecked;v1.6.0-213-g5f31454
maps;unit;17/40;40;485  28;  7 510;960;1004;1004;58559;1;0;130;0.0698718;838092;0;0;bBELA*<1>;? Unchecked;v1.6.0-213-g5f31454
maps;unit;18/40;40;478 494; 14  11;947;995;995;40215;1;0;130;0.0496498;809974;0;0;bBELA*<1>;? Unchecked;v1.6.0-213-g5f31454
maps;unit;19/40;40;504  18; 57 499;928;990;990;79125;1;0;130;0.0913108;866546;0;0;bBELA*<1>;? Unchecked;v1.6.0-213-g5f31454
maps;unit;20/40;40;480 488; 31   3;934;992;992;54663;1;0;130;0.0677268;807110;0;0;bBELA*<1>;? Unchecked;v1.6.0-213-g5f31454
maps;unit;21/40;40; 13 507;477  15;956;990;990;23376;1;0;130;0.0327282;714246;0;0;bBELA*<1>;? Unchecked;v1.6.0-213-g5f31454
maps;unit;22/40;40; 11  12;496 469;942;986;986;45166;1;0;130;0.0573493;787559;0;0;bBELA*<1>;? Unchecked;v1.6.0-213-g5f31454
maps;unit;23/40;40; 32 507;466  14;927;1009;1009;38594;1;0;130;0.0479242;805313;0;0;bBELA*<1>;? Unchecked;v1.6.0-213-g5f31454
maps;unit;24/40;40;500   1; 50 509;958;998;998;46790;1;0;130;0.0593279;788668;0;0;bBELA*<1>;? Unchecked;v1.6.0-213-g5f31454
maps;unit;25/40;40;484  39;  5 503;943;989;989;54995;1;0;130;0.0649863;846255;0;0;bBELA*<1>;? Unchecked;v1.6.0-213-g5f31454
maps;unit;26/40;40; 24   2;508 490;972;1014;1014;43017;1;0;130;0.0574913;748235;0;0;bBELA*<1>;? Unchecked;v1.6.0-213-g5f31454
maps;unit;27/40;40;482   5;  8 465;934;962;962;37124;1;0;130;0.0466966;795004;0;0;bBELA*<1>;? Unchecked;v1.6.0-213-g5f31454
maps;unit;28/40;40;  6  47;497 481;925;985;985;53465;1;0;130;0.0739315;723170;0;0;bBELA*<1>;? Unchecked;v1.6.0-213-g5f31454
maps;unit;29/40;40;489  13; 49 506;933;967;967;45881;1;0;130;0.0607701;754993;0;0;bBELA*<1>;? Unchecked;v1.6.0-213-g5f31454
maps;unit;30/40;40;499 510;  2  87;920;982;982;57526;1;0;130;0.0706756;813945;0;0;bBELA*<1>;? Unchecked;v1.6.0-213-g5f31454
maps;unit;31/40;40; 63 490;494   0;921;963;963;43423;1;0;130;0.0555692;781422;0;0;bBELA*<1>;? Unchecked;v1.6.0-213-g5f31454
maps;unit;32/40;40;509  15; 24 506;976;1048;1048;98234;1;0;130;0.109681;895634;0;0;bBELA*<1>;? Unchecked;v1.6.0-213-g5f31454
maps;unit;33/40;40;  2  29;510 459;938;1004;1004;51261;1;0;130;0.0646342;793094;0;0;bBELA*<1>;? Unchecked;v1.6.0-213-g5f31454
maps;unit;34/40;40;487 477;  0  34;930;1006;1006;80744;1;0;130;0.100057;806979;0;0;bBELA*<1>;? Unchecked;v1.6.0-213-g5f31454
maps;unit;35/40;40;496   5; 21 452;922;952;952;44726;1;0;130;0.0556317;803966;0;0;bBELA*<1>;? Unchecked;v1.6.0-213-g5f31454
maps;unit;36/40;40;486 492; 27  24;927;987;987;56900;1;0;130;0.0687404;827752;0;0;bBELA*<1>;? Unchecked;v1.6.0-213-g5f31454
maps;unit;37/40;40; 41 501;484  19;925;959;959;50278;1;0;130;0.0569745;882465;0;0;bBELA*<1>;? Unchecked;v1.6.0-213-g5f31454
maps;unit;38/40;40;453 486;  4   2;933;997;997;50697;1;0;130;0.0634888;798519;0;0;bBELA*<1>;? Unchecked;v1.6.0-213-g5f31454
maps;unit;39/40;40; 37   3;511 462;933;1001;1001;70396;1;0;130;0.0825745;852515;0;0;bBELA*<1>;? Unchecked;v1.6.0-213-g5f31454
maps;unit;40/40;40; 30  53;509 494;920;972;972;41746;1;0;130;0.0528243;790280;0;0;bBELA*<1>;? Unchecked;v1.6.0-213-g5f31454
maps;unit;41/40;40;497  11; 12 475;949;993;993;54474;1;0;130;0.0658682;827016;0;0;bBELA*<1>;? Unchecked;v1.6.0-213-g5f31454
maps;unit;42/40;40;498  17; 14 490;957;1005;1005;42269;1;0;130;0.0554134;762794;0;0;bBELA*<1>;? Unchecked;v1.6.0-213-g5f31454
maps;unit;43/40;40;463   2; 20 497;938;992;992;67482;1;0;130;0.0804912;838377;0;0;bBELA*<1>;? Unchecked;v1.6.0-213-g5f31454
maps;unit;44/40;40;  2   1;459 479;935;987;987;62073;1;0;130;0.0755;822158;0;0;bBELA*<1>;? Unchecked;v1.6.0-213-g5f31454
maps;unit;45/40;40;497   1; 11 511;996;1032;1032;54118;1;0;130;0.0670591;807020;0;0;bBELA*<1>;? Unchecked;v1.6.0-213-g5f31454
maps;unit;46/40;40; 20  23;493 493;943;999;999;56918;1;0;130;0.0713103;798174;0;0;bBELA*<1>;? Unchecked;v1.6.0-213-g5f31454
maps;unit;47/40;40;505  13; 44 497;945;983;983;33311;1;0;130;0.0436487;763161;0;0;bBELA*<1>;? Unchecked;v1.6.0-213-g5f31454
maps;unit;48/40;40; 20   1;478 472;929;975;975;55087;1;0;130;0.0663318;830476;0;0;bBELA*<1>;? Unchecked;v1.6.0-213-g5f31454
maps;unit;49/40;40;487 496; 17   3;963;1029;1029;69406;1;0;130;0.0845109;821267;0;0;bBELA*<1>;? Unchecked;v1.6.0-213-g5f31454
maps;unit;50/40;40;487 499;  6  54;926;1012;1012;67197;1;0;130;0.0815674;823822;0;0;bBELA*<1>;? Unchecked;v1.6.0-213-g5f31454
maps;unit;51/40;40; 33   2;492 500;957;1025;1025;78371;1;0;130;0.0917867;853838;0;0;bBELA*<1>;? Unchecked;v1.6.0-213-g5f31454
maps;unit;52/40;40;498 477; 13  27;935;995;995;66120;1;0;130;0.0800451;826035;0;0;bBELA*<1>;? Unchecked;v1.6.0-213-g5f31454
maps;unit;53/40;40;495 485;  9  40;931;999;999;72773;1;0;130;0.0877767;829069;0;0;bBELA*<1>;? Unchecked;v1.6.0-213-g5f31454
maps;unit;54/40;40;485  35;  5 497;942;984;984;49094;1;0;130;0.0585445;838576;0;0;bBELA*<1>;? Unchecked;v1.6.0-213-g5f31454
maps;unit;55/40;40;506 510; 39  38;939;987;987;40486;1;0;130;0.0544092;744103;0;0;bBELA*<1>;? Unchecked;v1.6.0-213-g5f31454
maps;unit;56/40;40;499  13; 17 491;960;1000;1000;40178;1;0;130;0.049427;812876;0;0;bBELA*<1>;? Unchecked;v1.6.0-213-g5f31454
maps;unit;57/40;40;477  39;  5 494;927;969;969;45556;1;0;130;0.0561859;810809;0;0;bBELA*<1>;? Unchecked;v1.6.0-213-g5f31454
maps;unit;58/40;40;  5 478;467  16;924;958;958;27599;1;0;130;0.0349372;789959;0;0;bBELA*<1>;? Unchecked;v1.6.0-213-g5f31454
maps;unit;59/40;40;509 511; 54   4;962;1036;1036;75080;1;0;130;0.0874198;858845;0;0;bBELA*<1>;? Unchecked;v1.6.0-213-g5f31454
maps;unit;60/40;40; 17   0;494 487;964;1022;1022;50029;1;0;130;0.0618168;809311;0;0;bBELA*<1>;? Unchecked;v1.6.0-213-g5f31454
maps;unit;61/40;40; 15 502;461  15;933;991;991;67057;1;0;130;0.0768657;872392;0;0;bBELA*<1>;? Unchecked;v1.6.0-213-g5f31454
maps;unit;62/40;40; 10  30;490 483;933;999;999;53187;1;0;130;0.066937;794583;0;0;bBELA*<1>;? Unchecked;v1.6.0-213-g5f31454
maps;unit;63/40;40;  1  49;496 496;942;1012;1012;61562;1;0;130;0.0721004;853837;0;0;bBELA*<1>;? Unchecked;v1.6.0-213-g5f31454
maps;unit;64/40;40;482 451;  7   4;922;976;976;38216;1;0;130;0.0466704;818848;0;0;bBELA*<1>;? Unchecked;v1.6.0-213-g5f31454
maps;unit;65/40;40;498 509;  2  63;942;1022;1022;76652;1;0;130;0.0886061;865087;0;0;bBELA*<1>;? Unchecked;v1.6.0-213-g5f31454
maps;unit;66/40;40;  6 455;506  34;921;965;965;48332;1;0;130;0.0592605;815585;0;0;bBELA*<1>;? Unchecked;v1.6.0-213-g5f31454
maps;unit;67/40;40;  9   3;508 489;985;1025;1025;41980;1;0;130;0.0521246;805377;0;0;bBELA*<1>;? Unchecked;v1.6.0-213-g5f31454
maps;unit;68/40;40; 22 506;479  35;928;988;988;47102;1;0;130;0.0586588;802983;0;0;bBELA*<1>;? Unchecked;v1.6.0-213-g5f31454
maps;unit;69/40;40; 28   4;498 501;967;1021;1021;66730;1;0;130;0.0804824;829126;0;0;bBELA*<1>;? Unchecked;v1.6.0-213-g5f31454
maps;unit;70/40;40;472  11; 13 507;955;991;991;51408;1;0;130;0.0608947;844211;0;0;bBELA*<1>;? Unchecked;v1.6.0-213-g5f31454
maps;unit;71/40;40; 31  47;493 505;920;976;976;64285;1;0;130;0.0751083;855897;0;0;bBELA*<1>;? Unchecked;v1.6.0-213-g5f31454
maps;unit;72/40;40; 14  16;507 492;969;1013;1013;41848;1;0;130;0.0523484;799414;0;0;bBELA*<1>;? Unchecked;v1.6.0-213-g5f31454
maps;unit;73/40;40; 73   2;501 511;937;999;999;60688;1;0;130;0.0734207;826579;0;0;bBELA*<1>;? Unchecked;v1.6.0-213-g5f31454
maps;unit;74/40;40; 35 510;488   7;956;984;984;34751;1;0;130;0.0445971;779220;0;0;bBELA*<1>;? Unchecked;v1.6.0-213-g5f31454
maps;unit;75/40;40; 17  19;483 492;939;1001;1001;68463;1;0;130;0.0808314;846985;0;0;bBELA*<1>;? Unchecked;v1.6.0-213-g5f31454
maps;unit;76/40;40; 16 510;511  21;984;1036;1036;55353;1;0;130;0.0649956;851642;0;0;bBELA*<1>;? Unchecked;v1.6.0-213-g5f31454
maps;unit;77/40;40;468  11; 11 507;953;991;991;51341;1;0;130;0.0625936;820228;0;0;bBELA*<1>;? Unchecked;v1.6.0-213-g5f31454
maps;unit;78/40;40; 52 501;484  13;920;952;952;33415;1;0;130;0.0417876;799639;0;0;bBELA*<1>;? Unchecked;v1.6.0-213-g5f31454
maps;unit;79/40;40; 37 501;507  49;922;980;980;79886;1;0;130;0.0911816;876120;0;0;bBELA*<1>;? Unchecked;v1.6.0-213-g5f31454
maps;unit;80/40;40;  9   2;505 502;996;1044;1044;57990;1;0;130;0.0702462;825525;0;0;bBELA*<1>;? Unchecked;v1.6.0-213-g5f31454
maps;unit;81/40;40;495 510; 32  16;957;1013;1013;45467;1;0;130;0.0588533;772548;0;0;bBELA*<1>;? Unchecked;v1.6.0-213-g5f31454
maps;unit;82/40;40;  6  25;481 479;929;985;985;50918;1;0;130;0.0641129;794192;0;0;bBELA*<1>;? Unchecked;v1.6.0-213-g5f31454
maps;unit;83/40;40; 48 481;500  10;923;955;955;36736;1;0;130;0.046238;794499;0;0;bBELA*<1>;? Unchecked;v1.6.0-213-g5f31454
maps;unit;84/40;40;483  21;  8 485;939;979;979;46770;1;0;130;0.058609;798001;0;0;bBELA*<1>;? Unchecked;v1.6.0-213-g5f31454
maps;unit;85/40;40;489   2;  2 465;950;982;982;45367;1;0;130;0.0556526;815183;0;0;bBELA*<1>;? Unchecked;v1.6.0-213-g5f31454
maps;unit;86/40;40; 23 481;500  19;939;997;997;63498;1;0;130;0.0727312;873051;0;0;bBELA*<1>;? Unchecked;v1.6.0-213-g5f31454
maps;unit;87/40;40;469 491; 16  14;930;980;980;42755;1;0;130;0.0548376;779666;0;0;bBELA*<1>;? Unchecked;v1.6.0-213-g5f31454
maps;unit;88/40;40;  1  30;456 501;926;1016;1016;85332;1;0;130;0.101316;842239;0;0;bBELA*<1>;? Unchecked;v1.6.0-213-g5f31454
maps;unit;89/40;40;  7 479;505  48;929;989;989;69547;1;0;130;0.0815474;852841;0;0;bBELA*<1>;? Unchecked;v1.6.0-213-g5f31454
maps;unit;90/40;40;508 511; 40   7;972;1042;1042;72355;1;0;130;0.0863274;838147;0;0;bBELA*<1>;? Unchecked;v1.6.0-213-g5f31454
maps;unit;91/40;40; 41 489;509  34;923;973;973;68614;1;0;130;0.0796355;861600;0;0;bBELA*<1>;? Unchecked;v1.6.0-213-g5f31454
maps;unit;92/40;40; 54 499;492  17;920;964;964;51683;1;0;130;0.0619655;834061;0;0;bBELA*<1>;? Unchecked;v1.6.0-213-g5f31454
maps;unit;93/40;40;469   6; 22 482;923;963;963;49976;1;0;130;0.0611332;817494;0;0;bBELA*<1>;? Unchecked;v1.6.0-213-g5f31454
maps;unit;94/40;40; 68  20;509 507;928;996;996;61033;1;0;130;0.0716275;852089;0;0;bBELA*<1>;? Unchecked;v1.6.0-213-g5f31454
maps;unit;95/40;40;484 482; 22  17;927;971;971;39418;1;0;130;0.0484714;813221;0;0;bBELA*<1>;? Unchecked;v1.6.0-213-g5f31454
maps;unit;96/40;40;  6   3;507 507;1005;1055;1055;61254;1;0;130;0.0738856;829038;0;0;bBELA*<1>;? Unchecked;v1.6.0-213-g5f31454
maps;unit;97/40;40;480   7; 33 480;920;954;954;44846;1;0;130;0.0550417;814764;0;0;bBELA*<1>;? Unchecked;v1.6.0-213-g5f31454
maps;unit;98/40;40;501 484; 46   0;939;1001;1001;71157;1;0;130;0.0827782;859610;0;0;bBELA*<1>;? Unchecked;v1.6.0-213-g5f31454
maps;unit;99/40;40;504 493;  9  25;963;1021;1021;59399;1;0;130;0.0714547;831282;0;0;bBELA*<1>;? Unchecked;v1.6.0-213-g5f31454
maps;unit;0/50;50; 14 477;509  34;938;1002;1002;67075;1;0;130;0.0798529;839982;0;0;bBELA*<1>;? Unchecked;v1.6.0-213-g5f31454
maps;unit;1/50;50;488   3; 14 464;935;963;963;37635;1;0;130;0.0471263;798599;0;0;bBELA*<1>;? Unchecked;v1.6.0-213-g5f31454
maps;unit;2/50;50;  9 438;503   6;926;972;972;30851;1;0;130;0.0394802;781430;0;0;bBELA*<1>;? Unchecked;v1.6.0-213-g5f31454
maps;unit;3/50;50; 59  12;508 498;935;989;989;48353;1;0;130;0.0614881;786380;0;0;bBELA*<1>;? Unchecked;v1.6.0-213-g5f31454
maps;unit;4/50;50;495 508;  4   0;999;1053;1053;40640;1;0;130;0.0523739;775959;0;0;bBELA*<1>;? Unchecked;v1.6.0-213-g5f31454
maps;unit;5/50;50;454  24; 11 502;921;953;953;46498;1;0;130;0.0590025;788069;0;0;bBELA*<1>;? Unchecked;v1.6.0-213-g5f31454
maps;unit;6/50;50;  2  27;476 485;932;1002;1002;64046;1;0;130;0.0770178;831573;0;0;bBELA*<1>;? Unchecked;v1.6.0-213-g5f31454
maps;unit;7/50;50;450   6;  8 486;922;958;958;45550;1;0;130;0.0582899;781439;0;0;bBELA*<1>;? Unchecked;v1.6.0-213-g5f31454
maps;unit;8/50;50;496  29; 22 481;926;986;986;63828;1;0;130;0.0775089;823492;0;0;bBELA*<1>;? Unchecked;v1.6.0-213-g5f31454
maps;unit;9/50;50;489   9;  1 459;938;966;966;37857;1;0;130;0.0538691;702759;0;0;bBELA*<1>;? Unchecked;v1.6.0-213-g5f31454
maps;unit;10/50;50; 27  10;494 508;965;1019;1019;65503;1;0;130;0.0909779;719988;0;0;bBELA*<1>;? Unchecked;v1.6.0-213-g5f31454
maps;unit;11/50;50;479   9; 52 503;921;955;955;44363;1;0;130;0.0579364;765718;0;0;bBELA*<1>;? Unchecked;v1.6.0-213-g5f31454
maps;unit;12/50;50;486 493; 12  19;948;1004;1004;51591;1;0;130;0.0665539;775176;0;0;bBELA*<1>;? Unchecked;v1.6.0-213-g5f31454
maps;unit;13/50;50;492 503; 28  34;933;991;991;45477;1;0;130;0.0616349;737845;0;0;bBELA*<1>;? Unchecked;v1.6.0-213-g5f31454
maps;unit;14/50;50; 14 508;507  75;926;992;992;73556;1;0;130;0.0841487;874119;0;0;bBELA*<1>;? Unchecked;v1.6.0-213-g5f31454
maps;unit;15/50;50;  7 486;483  12;950;980;980;21537;1;0;130;0.0320878;671189;0;0;bBELA*<1>;? Unchecked;v1.6.0-213-g5f31454
maps;unit;16/50;50;  8 506;463  25;936;976;976;32046;1;0;130;0.0417272;767989;0;0;bBELA*<1>;? Unchecked;v1.6.0-213-g5f31454
maps;unit;17/50;50;485  28;  7 510;960;1004;1004;58559;1;0;130;0.0701635;834608;0;0;bBELA*<1>;? Unchecked;v1.6.0-213-g5f31454
maps;unit;18/50;50;478 494; 14  11;947;995;995;40215;1;0;130;0.051618;779089;0;0;bBELA*<1>;? Unchecked;v1.6.0-213-g5f31454
maps;unit;19/50;50;504  18; 57 499;928;990;990;79125;1;0;130;0.0916138;863680;0;0;bBELA*<1>;? Unchecked;v1.6.0-213-g5f31454
maps;unit;20/50;50;480 488; 31   3;934;992;992;54663;1;0;130;0.0685144;797832;0;0;bBELA*<1>;? Unchecked;v1.6.0-213-g5f31454
maps;unit;21/50;50; 13 507;477  15;956;990;990;23376;1;0;130;0.0324302;720809;0;0;bBELA*<1>;? Unchecked;v1.6.0-213-g5f31454
maps;unit;22/50;50; 11  12;496 469;942;986;986;45166;1;0;130;0.059853;754615;0;0;bBELA*<1>;? Unchecked;v1.6.0-213-g5f31454
maps;unit;23/50;50; 32 507;466  14;927;1009;1009;38594;1;0;130;0.0494138;781036;0;0;bBELA*<1>;? Unchecked;v1.6.0-213-g5f31454
maps;unit;24/50;50;500   1; 50 509;958;998;998;46790;1;0;130;0.0608059;769498;0;0;bBELA*<1>;? Unchecked;v1.6.0-213-g5f31454
maps;unit;25/50;50;484  39;  5 503;943;989;989;54995;1;0;130;0.0668075;823186;0;0;bBELA*<1>;? Unchecked;v1.6.0-213-g5f31454
maps;unit;26/50;50; 24   2;508 490;972;1014;1014;43017;1;0;130;0.0595958;721812;0;0;bBELA*<1>;? Unchecked;v1.6.0-213-g5f31454
maps;unit;27/50;50;482   5;  8 465;934;962;962;37124;1;0;130;0.0471521;787324;0;0;bBELA*<1>;? Unchecked;v1.6.0-213-g5f31454
maps;unit;28/50;50;  6  47;497 481;925;985;985;53465;1;0;130;0.0672388;795151;0;0;bBELA*<1>;? Unchecked;v1.6.0-213-g5f31454
maps;unit;29/50;50;489  13; 49 506;933;967;967;45881;1;0;130;0.0597779;767524;0;0;bBELA*<1>;? Unchecked;v1.6.0-213-g5f31454
maps;unit;30/50;50;499 510;  2  87;920;982;982;57526;1;0;130;0.0701216;820375;0;0;bBELA*<1>;? Unchecked;v1.6.0-213-g5f31454
maps;unit;31/50;50; 63 490;494   0;921;963;963;43423;1;0;130;0.0557603;778745;0;0;bBELA*<1>;? Unchecked;v1.6.0-213-g5f31454
maps;unit;32/50;50;509  15; 24 506;976;1048;1048;98234;1;0;130;0.115641;849472;0;0;bBELA*<1>;? Unchecked;v1.6.0-213-g5f31454
maps;unit;33/50;50;  2  29;510 459;938;1004;1004;51261;1;0;130;0.0639644;801399;0;0;bBELA*<1>;? Unchecked;v1.6.0-213-g5f31454
maps;unit;34/50;50;487 477;  0  34;930;1006;1006;80744;1;0;130;0.0932645;865753;0;0;bBELA*<1>;? Unchecked;v1.6.0-213-g5f31454
maps;unit;35/50;50;496   5; 21 452;922;952;952;44726;1;0;130;0.0574361;778709;0;0;bBELA*<1>;? Unchecked;v1.6.0-213-g5f31454
maps;unit;36/50;50;486 492; 27  24;927;987;987;56900;1;0;130;0.0742761;766060;0;0;bBELA*<1>;? Unchecked;v1.6.0-213-g5f31454
maps;unit;37/50;50; 41 501;484  19;925;959;959;50278;1;0;130;0.0633288;793920;0;0;bBELA*<1>;? Unchecked;v1.6.0-213-g5f31454
maps;unit;38/50;50;453 486;  4   2;933;997;997;50697;1;0;130;0.0642472;789093;0;0;bBELA*<1>;? Unchecked;v1.6.0-213-g5f31454
maps;unit;39/50;50; 37   3;511 462;933;1001;1001;70396;1;0;130;0.085273;825537;0;0;bBELA*<1>;? Unchecked;v1.6.0-213-g5f31454
maps;unit;40/50;50; 30  53;509 494;920;972;972;41746;1;0;130;0.0537181;777131;0;0;bBELA*<1>;? Unchecked;v1.6.0-213-g5f31454
maps;unit;41/50;50;497  11; 12 475;949;993;993;54474;1;0;130;0.0661687;823260;0;0;bBELA*<1>;? Unchecked;v1.6.0-213-g5f31454
maps;unit;42/50;50;498  17; 14 490;957;1005;1005;42269;1;0;130;0.0576815;732801;0;0;bBELA*<1>;? Unchecked;v1.6.0-213-g5f31454
maps;unit;43/50;50;463   2; 20 497;938;992;992;67482;1;0;130;0.0810497;832600;0;0;bBELA*<1>;? Unchecked;v1.6.0-213-g5f31454
maps;unit;44/50;50;  2   1;459 479;935;987;987;62073;1;0;130;0.0757696;819234;0;0;bBELA*<1>;? Unchecked;v1.6.0-213-g5f31454
maps;unit;45/50;50;497   1; 11 511;996;1032;1032;54118;1;0;130;0.0667074;811274;0;0;bBELA*<1>;? Unchecked;v1.6.0-213-g5f31454
maps;unit;46/50;50; 20  23;493 493;943;999;999;56918;1;0;130;0.0713088;798191;0;0;bBELA*<1>;? Unchecked;v1.6.0-213-g5f31454
maps;unit;47/50;50;505  13; 44 497;945;983;983;33311;1;0;130;0.0425406;783039;0;0;bBELA*<1>;? Unchecked;v1.6.0-213-g5f31454
maps;unit;48/50;50; 20   1;478 472;929;975;975;55087;1;0;130;0.0697154;790170;0;0;bBELA*<1>;? Unchecked;v1.6.0-213-g5f31454
maps;unit;49/50;50;487 496; 17   3;963;1029;1029;69406;1;0;130;0.0850552;816011;0;0;bBELA*<1>;? Unchecked;v1.6.0-213-g5f31454
maps;unit;50/50;50;487 499;  6  54;926;1012;1012;67197;1;0;130;0.0827112;812429;0;0;bBELA*<1>;? Unchecked;v1.6.0-213-g5f31454
maps;unit;51/50;50; 33   2;492 500;957;1025;1025;78371;1;0;130;0.0935561;837690;0;0;bBELA*<1>;? Unchecked;v1.6.0-213-g5f31454
maps;unit;52/50;50;498 477; 13  27;935;995;995;66120;1;0;130;0.0811379;814909;0;0;bBELA*<1>;? Unchecked;v1.6.0-213-g5f31454
maps;unit;53/50;50;495 485;  9  40;931;999;999;72773;1;0;130;0.0859648;846544;0;0;bBELA*<1>;? Unchecked;v1.6.0-213-g5f31454
maps;unit;54/50;50;485  35;  5 497;942;984;984;49094;1;0;130;0.0655133;749375;0;0;bBELA*<1>;? Unchecked;v1.6.0-213-g5f31454
maps;unit;55/50;50;506 510; 39  38;939;987;987;40486;1;0;130;0.0520552;777751;0;0;bBELA*<1>;? Unchecked;v1.6.0-213-g5f31454
maps;unit;56/50;50;499  13; 17 491;960;1000;1000;40178;1;0;130;0.0518573;774780;0;0;bBELA*<1>;? Unchecked;v1.6.0-213-g5f31454
maps;unit;57/50;50;477  39;  5 494;927;969;969;45556;1;0;130;0.0581725;783119;0;0;bBELA*<1>;? Unchecked;v1.6.0-213-g5f31454
maps;unit;58/50;50;  5 478;467  16;924;958;958;27599;1;0;130;0.0391952;704142;0;0;bBELA*<1>;? Unchecked;v1.6.0-213-g5f31454
maps;unit;59/50;50;509 511; 54   4;962;1036;1036;75080;1;0;130;0.0892638;841103;0;0;bBELA*<1>;? Unchecked;v1.6.0-213-g5f31454
maps;unit;60/50;50; 17   0;494 487;964;1022;1022;50029;1;0;130;0.063;794111;0;0;bBELA*<1>;? Unchecked;v1.6.0-213-g5f31454
maps;unit;61/50;50; 15 502;461  15;933;991;991;67057;1;0;130;0.0781998;857508;0;0;bBELA*<1>;? Unchecked;v1.6.0-213-g5f31454
maps;unit;62/50;50; 10  30;490 483;933;999;999;53187;1;0;130;0.0659926;805954;0;0;bBELA*<1>;? Unchecked;v1.6.0-213-g5f31454
maps;unit;63/50;50;  1  49;496 496;942;1012;1012;61562;1;0;130;0.0752338;818275;0;0;bBELA*<1>;? Unchecked;v1.6.0-213-g5f31454
maps;unit;64/50;50;482 451;  7   4;922;976;976;38216;1;0;130;0.0525145;727722;0;0;bBELA*<1>;? Unchecked;v1.6.0-213-g5f31454
maps;unit;65/50;50;498 509;  2  63;942;1022;1022;76652;1;0;130;0.0916343;836499;0;0;bBELA*<1>;? Unchecked;v1.6.0-213-g5f31454
maps;unit;66/50;50;  6 455;506  34;921;965;965;48332;1;0;130;0.0605007;798867;0;0;bBELA*<1>;? Unchecked;v1.6.0-213-g5f31454
maps;unit;67/50;50;  9   3;508 489;985;1025;1025;41980;1;0;130;0.0546244;768520;0;0;bBELA*<1>;? Unchecked;v1.6.0-213-g5f31454
maps;unit;68/50;50; 22 506;479  35;928;988;988;47102;1;0;130;0.0601873;782590;0;0;bBELA*<1>;? Unchecked;v1.6.0-213-g5f31454
maps;unit;69/50;50; 28   4;498 501;967;1021;1021;66730;1;0;130;0.0803602;830387;0;0;bBELA*<1>;? Unchecked;v1.6.0-213-g5f31454
maps;unit;70/50;50;472  11; 13 507;955;991;991;51408;1;0;130;0.0632294;813039;0;0;bBELA*<1>;? Unchecked;v1.6.0-213-g5f31454
maps;unit;71/50;50; 31  47;493 505;920;976;976;64285;1;0;130;0.0779153;825062;0;0;bBELA*<1>;? Unchecked;v1.6.0-213-g5f31454
maps;unit;72/50;50; 14  16;507 492;969;1013;1013;41848;1;0;130;0.0558467;749337;0;0;bBELA*<1>;? Unchecked;v1.6.0-213-g5f31454
maps;unit;73/50;50; 73   2;501 511;937;999;999;60688;1;0;130;0.0740005;820103;0;0;bBELA*<1>;? Unchecked;v1.6.0-213-g5f31454
maps;unit;74/50;50; 35 510;488   7;956;984;984;34751;1;0;130;0.0486646;714092;0;0;bBELA*<1>;? Unchecked;v1.6.0-213-g5f31454
maps;unit;75/50;50; 17  19;483 492;939;1001;1001;68463;1;0;130;0.0813116;841984;0;0;bBELA*<1>;? Unchecked;v1.6.0-213-g5f31454
maps;unit;76/50;50; 16 510;511  21;984;1036;1036;55353;1;0;130;0.0665797;831379;0;0;bBELA*<1>;? Unchecked;v1.6.0-213-g5f31454
maps;unit;77/50;50;468  11; 11 507;953;991;991;51341;1;0;130;0.0646537;794092;0;0;bBELA*<1>;? Unchecked;v1.6.0-213-g5f31454
maps;unit;78/50;50; 52 501;484  13;920;952;952;33415;1;0;130;0.0427547;781551;0;0;bBELA*<1>;? Unchecked;v1.6.0-213-g5f31454
maps;unit;79/50;50; 37 501;507  49;922;980;980;79886;1;0;130;0.0931214;857869;0;0;bBELA*<1>;? Unchecked;v1.6.0-213-g5f31454
maps;unit;80/50;50;  9   2;505 502;996;1044;1044;57990;1;0;130;0.0803117;722062;0;0;bBELA*<1>;? Unchecked;v1.6.0-213-g5f31454
maps;unit;81/50;50;495 510; 32  16;957;1013;1013;45467;1;0;130;0.0589597;771154;0;0;bBELA*<1>;? Unchecked;v1.6.0-213-g5f31454
maps;unit;82/50;50;  6  25;481 479;929;985;985;50918;1;0;130;0.0648529;785131;0;0;bBELA*<1>;? Unchecked;v1.6.0-213-g5f31454
maps;unit;83/50;50; 48 481;500  10;923;955;955;36736;1;0;130;0.0452017;812713;0;0;bBELA*<1>;? Unchecked;v1.6.0-213-g5f31454
maps;unit;84/50;50;483  21;  8 485;939;979;979;46770;1;0;130;0.0596733;783767;0;0;bBELA*<1>;? Unchecked;v1.6.0-213-g5f31454
maps;unit;85/50;50;489   2;  2 465;950;982;982;45367;1;0;130;0.0588761;770550;0;0;bBELA*<1>;? Unchecked;v1.6.0-213-g5f31454
maps;unit;86/50;50; 23 481;500  19;939;997;997;63498;1;0;130;0.0747358;849633;0;0;bBELA*<1>;? Unchecked;v1.6.0-213-g5f31454
maps;unit;87/50;50;469 491; 16  14;930;980;980;42755;1;0;130;0.0556662;768061;0;0;bBELA*<1>;? Unchecked;v1.6.0-213-g5f31454
maps;unit;88/50;50;  1  30;456 501;926;1016;1016;85332;1;0;130;0.103439;824951;0;0;bBELA*<1>;? Unchecked;v1.6.0-213-g5f31454
maps;unit;89/50;50;  7 479;505  48;929;989;989;69547;1;0;130;0.0815336;852986;0;0;bBELA*<1>;? Unchecked;v1.6.0-213-g5f31454
maps;unit;90/50;50;508 511; 40   7;972;1042;1042;72355;1;0;130;0.0858626;842683;0;0;bBELA*<1>;? Unchecked;v1.6.0-213-g5f31454
maps;unit;91/50;50; 41 489;509  34;923;973;973;68614;1;0;130;0.0808321;848846;0;0;bBELA*<1>;? Unchecked;v1.6.0-213-g5f31454
maps;unit;92/50;50; 54 499;492  17;920;964;964;51683;1;0;130;0.0643271;803440;0;0;bBELA*<1>;? Unchecked;v1.6.0-213-g5f31454
maps;unit;93/50;50;469   6; 22 482;923;963;963;49976;1;0;130;0.0691679;722532;0;0;bBELA*<1>;? Unchecked;v1.6.0-213-g5f31454
maps;unit;94/50;50; 68  20;509 507;928;996;996;61033;1;0;130;0.0727286;839189;0;0;bBELA*<1>;? Unchecked;v1.6.0-213-g5f31454
maps;unit;95/50;50;484 482; 22  17;927;971;971;39418;1;0;130;0.0506827;777741;0;0;bBELA*<1>;? Unchecked;v1.6.0-213-g5f31454
maps;unit;96/50;50;  6   3;507 507;1005;1055;1055;61254;1;0;130;0.0748208;818676;0;0;bBELA*<1>;? Unchecked;v1.6.0-213-g5f31454
maps;unit;97/50;50;480   7; 33 480;920;954;954;44846;1;0;130;0.0575495;779260;0;0;bBELA*<1>;? Unchecked;v1.6.0-213-g5f31454
maps;unit;98/50;50;501 484; 46   0;939;1001;1001;71157;1;0;130;0.0864119;823463;0;0;bBELA*<1>;? Unchecked;v1.6.0-213-g5f31454
maps;unit;99/50;50;504 493;  9  25;963;1021;1021;59399;1;0;130;0.0714225;831656;0;0;bBELA*<1>;? Unchecked;v1.6.0-213-g5f31454
maps;unit;0/60;60; 14 477;509  34;938;1002;1002;67075;1;0;130;0.0809253;828851;0;0;bBELA*<1>;? Unchecked;v1.6.0-213-g5f31454
maps;unit;1/60;60;488   3; 14 464;935;963;963;37635;1;0;130;0.0500014;752679;0;0;bBELA*<1>;? Unchecked;v1.6.0-213-g5f31454
maps;unit;2/60;60;  9 438;503   6;926;972;972;30851;1;0;130;0.0402933;765662;0;0;bBELA*<1>;? Unchecked;v1.6.0-213-g5f31454
maps;unit;3/60;60; 59  12;508 498;935;989;989;48353;1;0;130;0.065856;734223;0;0;bBELA*<1>;? Unchecked;v1.6.0-213-g5f31454
maps;unit;4/60;60;495 508;  4   0;999;1053;1053;40640;1;0;130;0.0550402;738369;0;0;bBELA*<1>;? Unchecked;v1.6.0-213-g5f31454
maps;unit;5/60;60;454  24; 11 502;921;953;953;46498;1;0;130;0.0617191;753381;0;0;bBELA*<1>;? Unchecked;v1.6.0-213-g5f31454
maps;unit;6/60;60;  2  27;476 485;932;1002;1002;64046;1;0;130;0.0790965;809720;0;0;bBELA*<1>;? Unchecked;v1.6.0-213-g5f31454
maps;unit;7/60;60;450   6;  8 486;922;958;958;45550;1;0;130;0.058325;780969;0;0;bBELA*<1>;? Unchecked;v1.6.0-213-g5f31454
maps;unit;8/60;60;496  29; 22 481;926;986;986;63828;1;0;130;0.0777705;820722;0;0;bBELA*<1>;? Unchecked;v1.6.0-213-g5f31454
maps;unit;9/60;60;489   9;  1 459;938;966;966;37857;1;0;130;0.0488021;775725;0;0;bBELA*<1>;? Unchecked;v1.6.0-213-g5f31454
maps;unit;10/60;60; 27  10;494 508;965;1019;1019;65503;1;0;130;0.0792705;826323;0;0;bBELA*<1>;? Unchecked;v1.6.0-213-g5f31454
maps;unit;11/60;60;479   9; 52 503;921;955;955;44363;1;0;130;0.0563822;786827;0;0;bBELA*<1>;? Unchecked;v1.6.0-213-g5f31454
maps;unit;12/60;60;486 493; 12  19;948;1004;1004;51591;1;0;130;0.0664917;775901;0;0;bBELA*<1>;? Unchecked;v1.6.0-213-g5f31454
maps;unit;13/60;60;492 503; 28  34;933;991;991;45477;1;0;130;0.0712626;638161;0;0;bBELA*<1>;? Unchecked;v1.6.0-213-g5f31454
maps;unit;14/60;60; 14 508;507  75;926;992;992;73556;1;0;130;0.090677;811187;0;0;bBELA*<1>;? Unchecked;v1.6.0-213-g5f31454
maps;unit;15/60;60;  7 486;483  12;950;980;980;21537;1;0;130;0.0320003;673024;0;0;bBELA*<1>;? Unchecked;v1.6.0-213-g5f31454
maps;unit;16/60;60;  8 506;463  25;936;976;976;32046;1;0;130;0.0441041;726599;0;0;bBELA*<1>;? Unchecked;v1.6.0-213-g5f31454
maps;unit;17/60;60;485  28;  7 510;960;1004;1004;58559;1;0;130;0.0696356;840935;0;0;bBELA*<1>;? Unchecked;v1.6.0-213-g5f31454
maps;unit;18/60;60;478 494; 14  11;947;995;995;40215;1;0;130;0.0530869;757531;0;0;bBELA*<1>;? Unchecked;v1.6.0-213-g5f31454
maps;unit;19/60;60;504  18; 57 499;928;990;990;79125;1;0;130;0.0941011;840851;0;0;bBELA*<1>;? Unchecked;v1.6.0-213-g5f31454
maps;unit;20/60;60;480 488; 31   3;934;992;992;54663;1;0;130;0.0724362;754637;0;0;bBELA*<1>;? Unchecked;v1.6.0-213-g5f31454
maps;unit;21/60;60; 13 507;477  15;956;990;990;23376;1;0;130;0.0362761;644392;0;0;bBELA*<1>;? Unchecked;v1.6.0-213-g5f31454
maps;unit;22/60;60; 11  12;496 469;942;986;986;45166;1;0;130;0.0611063;739138;0;0;bBELA*<1>;? Unchecked;v1.6.0-213-g5f31454
maps;unit;23/60;60; 32 507;466  14;927;1009;1009;38594;1;0;130;0.049867;773938;0;0;bBELA*<1>;? Unchecked;v1.6.0-213-g5f31454
maps;unit;24/60;60;500   1; 50 509;958;998;998;46790;1;0;130;0.0615745;759893;0;0;bBELA*<1>;? Unchecked;v1.6.0-213-g5f31454
maps;unit;25/60;60;484  39;  5 503;943;989;989;54995;1;0;130;0.0684259;803716;0;0;bBELA*<1>;? Unchecked;v1.6.0-213-g5f31454
maps;unit;26/60;60; 24   2;508 490;972;1014;1014;43017;1;0;130;0.0577654;744684;0;0;bBELA*<1>;? Unchecked;v1.6.0-213-g5f31454
maps;unit;27/60;60;482   5;  8 465;934;962;962;37124;1;0;130;0.0468688;792084;0;0;bBELA*<1>;? Unchecked;v1.6.0-213-g5f31454
maps;unit;28/60;60;  6  47;497 481;925;985;985;53465;1;0;130;0.068319;782579;0;0;bBELA*<1>;? Unchecked;v1.6.0-213-g5f31454
maps;unit;29/60;60;489  13; 49 506;933;967;967;45881;1;0;130;0.0590537;776937;0;0;bBELA*<1>;? Unchecked;v1.6.0-213-g5f31454
maps;unit;30/60;60;499 510;  2  87;920;982;982;57526;1;0;130;0.0730678;787296;0;0;bBELA*<1>;? Unchecked;v1.6.0-213-g5f31454
maps;unit;31/60;60; 63 490;494   0;921;963;963;43423;1;0;130;0.0559741;775769;0;0;bBELA*<1>;? Unchecked;v1.6.0-213-g5f31454
maps;unit;32/60;60;509  15; 24 506;976;1048;1048;98234;1;0;130;0.115693;849096;0;0;bBELA*<1>;? Unchecked;v1.6.0-213-g5f31454
maps;unit;33/60;60;  2  29;510 459;938;1004;1004;51261;1;0;130;0.0671077;763862;0;0;bBELA*<1>;? Unchecked;v1.6.0-213-g5f31454
maps;unit;34/60;60;487 477;  0  34;930;1006;1006;80744;1;0;130;0.0964992;836732;0;0;bBELA*<1>;? Unchecked;v1.6.0-213-g5f31454
maps;unit;35/60;60;496   5; 21 452;922;952;952;44726;1;0;130;0.0580869;769984;0;0;bBELA*<1>;? Unchecked;v1.6.0-213-g5f31454
maps;unit;36/60;60;486 492; 27  24;927;987;987;56900;1;0;130;0.0725325;784476;0;0;bBELA*<1>;? Unchecked;v1.6.0-213-g5f31454
maps;unit;37/60;60; 41 501;484  19;925;959;959;50278;1;0;130;0.0625802;803417;0;0;bBELA*<1>;? Unchecked;v1.6.0-213-g5f31454
maps;unit;38/60;60;453 486;  4   2;933;997;997;50697;1;0;130;0.0652305;777198;0;0;bBELA*<1>;? Unchecked;v1.6.0-213-g5f31454
maps;unit;39/60;60; 37   3;511 462;933;1001;1001;70396;1;0;130;0.084023;837818;0;0;bBELA*<1>;? Unchecked;v1.6.0-213-g5f31454
maps;unit;40/60;60; 30  53;509 494;920;972;972;41746;1;0;130;0.0546648;763672;0;0;bBELA*<1>;? Unchecked;v1.6.0-213-g5f31454
maps;unit;41/60;60;497  11; 12 475;949;993;993;54474;1;0;130;0.0668098;815359;0;0;bBELA*<1>;? Unchecked;v1.6.0-213-g5f31454
maps;unit;42/60;60;498  17; 14 490;957;1005;1005;42269;1;0;130;0.0557818;757756;0;0;bBELA*<1>;? Unchecked;v1.6.0-213-g5f31454
maps;unit;43/60;60;463   2; 20 497;938;992;992;67482;1;0;130;0.0800105;843415;0;0;bBELA*<1>;? Unchecked;v1.6.0-213-g5f31454
maps;unit;44/60;60;  2   1;459 479;935;987;987;62073;1;0;130;0.0738783;840206;0;0;bBELA*<1>;? Unchecked;v1.6.0-213-g5f31454
maps;unit;45/60;60;497   1; 11 511;996;1032;1032;54118;1;0;130;0.0660222;819695;0;0;bBELA*<1>;? Unchecked;v1.6.0-213-g5f31454
maps;unit;46/60;60; 20  23;493 493;943;999;999;56918;1;0;130;0.0700828;812153;0;0;bBELA*<1>;? Unchecked;v1.6.0-213-g5f31454
maps;unit;47/60;60;505  13; 44 497;945;983;983;33311;1;0;130;0.0442772;752328;0;0;bBELA*<1>;? Unchecked;v1.6.0-213-g5f31454
maps;unit;48/60;60; 20   1;478 472;929;975;975;55087;1;0;130;0.0705402;780930;0;0;bBELA*<1>;? Unchecked;v1.6.0-213-g5f31454
maps;unit;49/60;60;487 496; 17   3;963;1029;1029;69406;1;0;130;0.085221;814423;0;0;bBELA*<1>;? Unchecked;v1.6.0-213-g5f31454
maps;unit;50/60;60;487 499;  6  54;926;1012;1012;67197;1;0;130;0.082915;810433;0;0;bBELA*<1>;? Unchecked;v1.6.0-213-g5f31454
maps;unit;51/60;60; 33   2;492 500;957;1025;1025;78371;1;0;130;0.094019;833565;0;0;bBELA*<1>;? Unchecked;v1.6.0-213-g5f31454
maps;unit;52/60;60;498 477; 13  27;935;995;995;66120;1;0;130;0.0826164;800325;0;0;bBELA*<1>;? Unchecked;v1.6.0-213-g5f31454
maps;unit;53/60;60;495 485;  9  40;931;999;999;72773;1;0;130;0.0864096;842187;0;0;bBELA*<1>;? Unchecked;v1.6.0-213-g5f31454
maps;unit;54/60;60;485  35;  5 497;942;984;984;49094;1;0;130;0.061391;799694;0;0;bBELA*<1>;? Unchecked;v1.6.0-213-g5f31454
maps;unit;55/60;60;506 510; 39  38;939;987;987;40486;1;0;130;0.0528441;766140;0;0;bBELA*<1>;? Unchecked;v1.6.0-213-g5f31454
maps;unit;56/60;60;499  13; 17 491;960;1000;1000;40178;1;0;130;0.0516399;778042;0;0;bBELA*<1>;? Unchecked;v1.6.0-213-g5f31454
maps;unit;57/60;60;477  39;  5 494;927;969;969;45556;1;0;130;0.0609449;747495;0;0;bBELA*<1>;? Unchecked;v1.6.0-213-g5f31454
maps;unit;58/60;60;  5 478;467  16;924;958;958;27599;1;0;130;0.0376777;732503;0;0;bBELA*<1>;? Unchecked;v1.6.0-213-g5f31454
maps;unit;59/60;60;509 511; 54   4;962;1036;1036;75080;1;0;130;0.0879245;853915;0;0;bBELA*<1>;? Unchecked;v1.6.0-213-g5f31454
maps;unit;60/60;60; 17   0;494 487;964;1022;1022;50029;1;0;130;0.0649359;770436;0;0;bBELA*<1>;? Unchecked;v1.6.0-213-g5f31454
maps;unit;61/60;60; 15 502;461  15;933;991;991;67057;1;0;130;0.0790464;848325;0;0;bBELA*<1>;? Unchecked;v1.6.0-213-g5f31454
maps;unit;62/60;60; 10  30;490 483;933;999;999;53187;1;0;130;0.06803;781817;0;0;bBELA*<1>;? Unchecked;v1.6.0-213-g5f31454
maps;unit;63/60;60;  1  49;496 496;942;1012;1012;61562;1;0;130;0.074236;829274;0;0;bBELA*<1>;? Unchecked;v1.6.0-213-g5f31454
maps;unit;64/60;60;482 451;  7   4;922;976;976;38216;1;0;130;0.0494089;773464;0;0;bBELA*<1>;? Unchecked;v1.6.0-213-g5f31454
maps;unit;65/60;60;498 509;  2  63;942;1022;1022;76652;1;0;130;0.093902;816298;0;0;bBELA*<1>;? Unchecked;v1.6.0-213-g5f31454
maps;unit;66/60;60;  6 455;506  34;921;965;965;48332;1;0;130;0.0610008;792317;0;0;bBELA*<1>;? Unchecked;v1.6.0-213-g5f31454
maps;unit;67/60;60;  9   3;508 489;985;1025;1025;41980;1;0;130;0.05403;776976;0;0;bBELA*<1>;? Unchecked;v1.6.0-213-g5f31454
maps;unit;68/60;60; 22 506;479  35;928;988;988;47102;1;0;130;0.0610728;771244;0;0;bBELA*<1>;? Unchecked;v1.6.0-213-g5f31454
maps;unit;69/60;60; 28   4;498 501;967;1021;1021;66730;1;0;130;0.0823266;810552;0;0;bBELA*<1>;? Unchecked;v1.6.0-213-g5f31454
maps;unit;70/60;60;472  11; 13 507;955;991;991;51408;1;0;130;0.0632879;812288;0;0;bBELA*<1>;? Unchecked;v1.6.0-213-g5f31454
maps;unit;71/60;60; 31  47;493 505;920;976;976;64285;1;0;130;0.0764257;841143;0;0;bBELA*<1>;? Unchecked;v1.6.0-213-g5f31454
maps;unit;72/60;60; 14  16;507 492;969;1013;1013;41848;1;0;130;0.0535684;781207;0;0;bBELA*<1>;? Unchecked;v1.6.0-213-g5f31454
maps;unit;73/60;60; 73   2;501 511;937;999;999;60688;1;0;130;0.0738214;822093;0;0;bBELA*<1>;? Unchecked;v1.6.0-213-g5f31454
maps;unit;74/60;60; 35 510;488   7;956;984;984;34751;1;0;130;0.0459211;756755;0;0;bBELA*<1>;? Unchecked;v1.6.0-213-g5f31454
maps;unit;75/60;60; 17  19;483 492;939;1001;1001;68463;1;0;130;0.083077;824091;0;0;bBELA*<1>;? Unchecked;v1.6.0-213-g5f31454
maps;unit;76/60;60; 16 510;511  21;984;1036;1036;55353;1;0;130;0.0772341;716691;0;0;bBELA*<1>;? Unchecked;v1.6.0-213-g5f31454
maps;unit;77/60;60;468  11; 11 507;953;991;991;51341;1;0;130;0.0643251;798149;0;0;bBELA*<1>;? Unchecked;v1.6.0-213-g5f31454
maps;unit;78/60;60; 52 501;484  13;920;952;952;33415;1;0;130;0.0444409;751897;0;0;bBELA*<1>;? Unchecked;v1.6.0-213-g5f31454
maps;unit;79/60;60; 37 501;507  49;922;980;980;79886;1;0;130;0.094624;844247;0;0;bBELA*<1>;? Unchecked;v1.6.0-213-g5f31454
maps;unit;80/60;60;  9   2;505 502;996;1044;1044;57990;1;0;130;0.0722569;802553;0;0;bBELA*<1>;? Unchecked;v1.6.0-213-g5f31454
maps;unit;81/60;60;495 510; 32  16;957;1013;1013;45467;1;0;130;0.0609314;746199;0;0;bBELA*<1>;? Unchecked;v1.6.0-213-g5f31454
maps;unit;82/60;60;  6  25;481 479;929;985;985;50918;1;0;130;0.0652715;780095;0;0;bBELA*<1>;? Unchecked;v1.6.0-213-g5f31454
maps;unit;83/60;60; 48 481;500  10;923;955;955;36736;1;0;130;0.0505564;726634;0;0;bBELA*<1>;? Unchecked;v1.6.0-213-g5f31454
maps;unit;84/60;60;483  21;  8 485;939;979;979;46770;1;0;130;0.0595527;785355;0;0;bBELA*<1>;? Unchecked;v1.6.0-213-g5f31454
maps;unit;85/60;60;489   2;  2 465;950;982;982;45367;1;0;130;0.0598407;758130;0;0;bBELA*<1>;? Unchecked;v1.6.0-213-g5f31454
maps;unit;86/60;60; 23 481;500  19;939;997;997;63498;1;0;130;0.0765861;829106;0;0;bBELA*<1>;? Unchecked;v1.6.0-213-g5f31454
maps;unit;87/60;60;469 491; 16  14;930;980;980;42755;1;0;130;0.0584086;731998;0;0;bBELA*<1>;? Unchecked;v1.6.0-213-g5f31454
maps;unit;88/60;60;  1  30;456 501;926;1016;1016;85332;1;0;130;0.104414;817248;0;0;bBELA*<1>;? Unchecked;v1.6.0-213-g5f31454
maps;unit;89/60;60;  7 479;505  48;929;989;989;69547;1;0;130;0.081377;854627;0;0;bBELA*<1>;? Unchecked;v1.6.0-213-g5f31454
maps;unit;90/60;60;508 511; 40   7;972;1042;1042;72355;1;0;130;0.0884182;818327;0;0;bBELA*<1>;? Unchecked;v1.6.0-213-g5f31454
maps;unit;91/60;60; 41 489;509  34;923;973;973;68614;1;0;130;0.0835303;821427;0;0;bBELA*<1>;? Unchecked;v1.6.0-213-g5f31454
maps;unit;92/60;60; 54 499;492  17;920;964;964;51683;1;0;130;0.0652126;792531;0;0;bBELA*<1>;? Unchecked;v1.6.0-213-g5f31454
maps;unit;93/60;60;469   6; 22 482;923;963;963;49976;1;0;130;0.0620192;805815;0;0;bBELA*<1>;? Unchecked;v1.6.0-213-g5f31454
maps;unit;94/60;60; 68  20;509 507;928;996;996;61033;1;0;130;0.0744867;819381;0;0;bBELA*<1>;? Unchecked;v1.6.0-213-g5f31454
maps;unit;95/60;60;484 482; 22  17;927;971;971;39418;1;0;130;0.0502345;784680;0;0;bBELA*<1>;? Unchecked;v1.6.0-213-g5f31454
maps;unit;96/60;60;  6   3;507 507;1005;1055;1055;61254;1;0;130;0.0761997;803862;0;0;bBELA*<1>;? Unchecked;v1.6.0-213-g5f31454
maps;unit;97/60;60;480   7; 33 480;920;954;954;44846;1;0;130;0.059079;759085;0;0;bBELA*<1>;? Unchecked;v1.6.0-213-g5f31454
maps;unit;98/60;60;501 484; 46   0;939;1001;1001;71157;1;0;130;0.0875621;812646;0;0;bBELA*<1>;? Unchecked;v1.6.0-213-g5f31454
maps;unit;99/60;60;504 493;  9  25;963;1021;1021;59399;1;0;130;0.0738438;804387;0;0;bBELA*<1>;? Unchecked;v1.6.0-213-g5f31454
maps;unit;0/70;70; 14 477;509  34;938;1002;1002;67075;1;0;130;0.080593;832268;0;0;bBELA*<1>;? Unchecked;v1.6.0-213-g5f31454
maps;unit;1/70;70;488   3; 14 464;935;963;963;37635;1;0;130;0.0497006;757234;0;0;bBELA*<1>;? Unchecked;v1.6.0-213-g5f31454
maps;unit;2/70;70;  9 438;503   6;926;972;972;30851;1;0;130;0.0401239;768893;0;0;bBELA*<1>;? Unchecked;v1.6.0-213-g5f31454
maps;unit;3/70;70; 59  12;508 498;935;989;989;48353;1;0;130;0.0650635;743166;0;0;bBELA*<1>;? Unchecked;v1.6.0-213-g5f31454
maps;unit;4/70;70;495 508;  4   0;999;1053;1053;40640;1;0;130;0.0536241;757868;0;0;bBELA*<1>;? Unchecked;v1.6.0-213-g5f31454
maps;unit;5/70;70;454  24; 11 502;921;953;953;46498;1;0;130;0.0618684;751563;0;0;bBELA*<1>;? Unchecked;v1.6.0-213-g5f31454
maps;unit;6/70;70;  2  27;476 485;932;1002;1002;64046;1;0;130;0.0787271;813520;0;0;bBELA*<1>;? Unchecked;v1.6.0-213-g5f31454
maps;unit;7/70;70;450   6;  8 486;922;958;958;45550;1;0;130;0.0605455;752326;0;0;bBELA*<1>;? Unchecked;v1.6.0-213-g5f31454
maps;unit;8/70;70;496  29; 22 481;926;986;986;63828;1;0;130;0.0791852;806060;0;0;bBELA*<1>;? Unchecked;v1.6.0-213-g5f31454
maps;unit;9/70;70;489   9;  1 459;938;966;966;37857;1;0;130;0.0503399;752028;0;0;bBELA*<1>;? Unchecked;v1.6.0-213-g5f31454
maps;unit;10/70;70; 27  10;494 508;965;1019;1019;65503;1;0;130;0.0789201;829992;0;0;bBELA*<1>;? Unchecked;v1.6.0-213-g5f31454
maps;unit;11/70;70;479   9; 52 503;921;955;955;44363;1;0;130;0.0671948;660215;0;0;bBELA*<1>;? Unchecked;v1.6.0-213-g5f31454
maps;unit;12/70;70;486 493; 12  19;948;1004;1004;51591;1;0;130;0.0679713;759012;0;0;bBELA*<1>;? Unchecked;v1.6.0-213-g5f31454
maps;unit;13/70;70;492 503; 28  34;933;991;991;45477;1;0;130;0.0625196;727404;0;0;bBELA*<1>;? Unchecked;v1.6.0-213-g5f31454
maps;unit;14/70;70; 14 508;507  75;926;992;992;73556;1;0;130;0.0887093;829180;0;0;bBELA*<1>;? Unchecked;v1.6.0-213-g5f31454
maps;unit;15/70;70;  7 486;483  12;950;980;980;21537;1;0;130;0.0393323;547565;0;0;bBELA*<1>;? Unchecked;v1.6.0-213-g5f31454
maps;unit;16/70;70;  8 506;463  25;936;976;976;32046;1;0;130;0.0503037;637050;0;0;bBELA*<1>;? Unchecked;v1.6.0-213-g5f31454
maps;unit;17/70;70;485  28;  7 510;960;1004;1004;58559;1;0;130;0.0816881;716861;0;0;bBELA*<1>;? Unchecked;v1.6.0-213-g5f31454
maps;unit;18/70;70;478 494; 14  11;947;995;995;40215;1;0;130;0.0551923;728634;0;0;bBELA*<1>;? Unchecked;v1.6.0-213-g5f31454
maps;unit;19/70;70;504  18; 57 499;928;990;990;79125;1;0;130;0.0938753;842873;0;0;bBELA*<1>;? Unchecked;v1.6.0-213-g5f31454
maps;unit;20/70;70;480 488; 31   3;934;992;992;54663;1;0;130;0.0714475;765080;0;0;bBELA*<1>;? Unchecked;v1.6.0-213-g5f31454
maps;unit;21/70;70; 13 507;477  15;956;990;990;23376;1;0;130;0.0342736;682040;0;0;bBELA*<1>;? Unchecked;v1.6.0-213-g5f31454
maps;unit;22/70;70; 11  12;496 469;942;986;986;45166;1;0;130;0.0606647;744519;0;0;bBELA*<1>;? Unchecked;v1.6.0-213-g5f31454
maps;unit;23/70;70; 32 507;466  14;927;1009;1009;38594;1;0;130;0.0547336;705124;0;0;bBELA*<1>;? Unchecked;v1.6.0-213-g5f31454
maps;unit;24/70;70;500   1; 50 509;958;998;998;46790;1;0;130;0.0610996;765798;0;0;bBELA*<1>;? Unchecked;v1.6.0-213-g5f31454
maps;unit;25/70;70;484  39;  5 503;943;989;989;54995;1;0;130;0.0692512;794138;0;0;bBELA*<1>;? Unchecked;v1.6.0-213-g5f31454
maps;unit;26/70;70; 24   2;508 490;972;1014;1014;43017;1;0;130;0.0593306;725040;0;0;bBELA*<1>;? Unchecked;v1.6.0-213-g5f31454
maps;unit;27/70;70;482   5;  8 465;934;962;962;37124;1;0;130;0.049894;744057;0;0;bBELA*<1>;? Unchecked;v1.6.0-213-g5f31454
maps;unit;28/70;70;  6  47;497 481;925;985;985;53465;1;0;130;0.0691572;773094;0;0;bBELA*<1>;? Unchecked;v1.6.0-213-g5f31454
maps;unit;29/70;70;489  13; 49 506;933;967;967;45881;1;0;130;0.0604658;758792;0;0;bBELA*<1>;? Unchecked;v1.6.0-213-g5f31454
maps;unit;30/70;70;499 510;  2  87;920;982;982;57526;1;0;130;0.0731369;786553;0;0;bBELA*<1>;? Unchecked;v1.6.0-213-g5f31454
maps;unit;31/70;70; 63 490;494   0;921;963;963;43423;1;0;130;0.0589467;736648;0;0;bBELA*<1>;? Unchecked;v1.6.0-213-g5f31454
maps;unit;32/70;70;509  15; 24 506;976;1048;1048;98234;1;0;130;0.118983;825613;0;0;bBELA*<1>;? Unchecked;v1.6.0-213-g5f31454
maps;unit;33/70;70;  2  29;510 459;938;1004;1004;51261;1;0;130;0.0679919;753928;0;0;bBELA*<1>;? Unchecked;v1.6.0-213-g5f31454
maps;unit;34/70;70;487 477;  0  34;930;1006;1006;80744;1;0;130;0.0965723;836099;0;0;bBELA*<1>;? Unchecked;v1.6.0-213-g5f31454
maps;unit;35/70;70;496   5; 21 452;922;952;952;44726;1;0;130;0.0580727;770172;0;0;bBELA*<1>;? Unchecked;v1.6.0-213-g5f31454
maps;unit;36/70;70;486 492; 27  24;927;987;987;56900;1;0;130;0.0726271;783455;0;0;bBELA*<1>;? Unchecked;v1.6.0-213-g5f31454
maps;unit;37/70;70; 41 501;484  19;925;959;959;50278;1;0;130;0.0638871;786981;0;0;bBELA*<1>;? Unchecked;v1.6.0-213-g5f31454
maps;unit;38/70;70;453 486;  4   2;933;997;997;50697;1;0;130;0.0654015;775165;0;0;bBELA*<1>;? Unchecked;v1.6.0-213-g5f31454
maps;unit;39/70;70; 37   3;511 462;933;1001;1001;70396;1;0;130;0.0864152;814625;0;0;bBELA*<1>;? Unchecked;v1.6.0-213-g5f31454
maps;unit;40/70;70; 30  53;509 494;920;972;972;41746;1;0;130;0.0552742;755253;0;0;bBELA*<1>;? Unchecked;v1.6.0-213-g5f31454
maps;unit;41/70;70;497  11; 12 475;949;993;993;54474;1;0;130;0.0688364;791354;0;0;bBELA*<1>;? Unchecked;v1.6.0-213-g5f31454
maps;unit;42/70;70;498  17; 14 490;957;1005;1005;42269;1;0;130;0.0578666;730456;0;0;bBELA*<1>;? Unchecked;v1.6.0-213-g5f31454
maps;unit;43/70;70;463   2; 20 497;938;992;992;67482;1;0;130;0.0824249;818709;0;0;bBELA*<1>;? Unchecked;v1.6.0-213-g5f31454
maps;unit;44/70;70;  2   1;459 479;935;987;987;62073;1;0;130;0.0773976;802001;0;0;bBELA*<1>;? Unchecked;v1.6.0-213-g5f31454
maps;unit;45/70;70;497   1; 11 511;996;1032;1032;54118;1;0;130;0.0693333;780549;0;0;bBELA*<1>;? Unchecked;v1.6.0-213-g5f31454
maps;unit;46/70;70; 20  23;493 493;943;999;999;56918;1;0;130;0.0734216;775222;0;0;bBELA*<1>;? Unchecked;v1.6.0-213-g5f31454
maps;unit;47/70;70;505  13; 44 497;945;983;983;33311;1;0;130;0.0488733;681578;0;0;bBELA*<1>;? Unchecked;v1.6.0-213-g5f31454
maps;unit;48/70;70; 20   1;478 472;929;975;975;55087;1;0;130;0.0727794;756904;0;0;bBELA*<1>;? Unchecked;v1.6.0-213-g5f31454
maps;unit;49/70;70;487 496; 17   3;963;1029;1029;69406;1;0;130;0.0860792;806304;0;0;bBELA*<1>;? Unchecked;v1.6.0-213-g5f31454
maps;unit;50/70;70;487 499;  6  54;926;1012;1012;67197;1;0;130;0.0846893;793453;0;0;bBELA*<1>;? Unchecked;v1.6.0-213-g5f31454
maps;unit;51/70;70; 33   2;492 500;957;1025;1025;78371;1;0;130;0.0944305;829934;0;0;bBELA*<1>;? Unchecked;v1.6.0-213-g5f31454
maps;unit;52/70;70;498 477; 13  27;935;995;995;66120;1;0;130;0.0826921;799593;0;0;bBELA*<1>;? Unchecked;v1.6.0-213-g5f31454
maps;unit;53/70;70;495 485;  9  40;931;999;999;72773;1;0;130;0.0900788;807882;0;0;bBELA*<1>;? Unchecked;v1.6.0-213-g5f31454
maps;unit;54/70;70;485  35;  5 497;942;984;984;49094;1;0;130;0.0628851;780693;0;0;bBELA*<1>;? Unchecked;v1.6.0-213-g5f31454
maps;unit;55/70;70;506 510; 39  38;939;987;987;40486;1;0;130;0.0566906;714158;0;0;bBELA*<1>;? Unchecked;v1.6.0-213-g5f31454
maps;unit;56/70;70;499  13; 17 491;960;1000;1000;40178;1;0;130;0.0520821;771435;0;0;bBELA*<1>;? Unchecked;v1.6.0-213-g5f31454
maps;unit;57/70;70;477  39;  5 494;927;969;969;45556;1;0;130;0.0602206;756486;0;0;bBELA*<1>;? Unchecked;v1.6.0-213-g5f31454
maps;unit;58/70;70;  5 478;467  16;924;958;958;27599;1;0;130;0.0399475;690882;0;0;bBELA*<1>;? Unchecked;v1.6.0-213-g5f31454
maps;unit;59/70;70;509 511; 54   4;962;1036;1036;75080;1;0;130;0.0933572;804223;0;0;bBELA*<1>;? Unchecked;v1.6.0-213-g5f31454
maps;unit;60/70;70; 17   0;494 487;964;1022;1022;50029;1;0;130;0.0660992;756877;0;0;bBELA*<1>;? Unchecked;v1.6.0-213-g5f31454
maps;unit;61/70;70; 15 502;461  15;933;991;991;67057;1;0;130;0.0845487;793117;0;0;bBELA*<1>;? Unchecked;v1.6.0-213-g5f31454
maps;unit;62/70;70; 10  30;490 483;933;999;999;53187;1;0;130;0.0691057;769647;0;0;bBELA*<1>;? Unchecked;v1.6.0-213-g5f31454
maps;unit;63/70;70;  1  49;496 496;942;1012;1012;61562;1;0;130;0.0760728;809251;0;0;bBELA*<1>;? Unchecked;v1.6.0-213-g5f31454
maps;unit;64/70;70;482 451;  7   4;922;976;976;38216;1;0;130;0.0544386;702002;0;0;bBELA*<1>;? Unchecked;v1.6.0-213-g5f31454
maps;unit;65/70;70;498 509;  2  63;942;1022;1022;76652;1;0;130;0.0937166;817913;0;0;bBELA*<1>;? Unchecked;v1.6.0-213-g5f31454
maps;unit;66/70;70;  6 455;506  34;921;965;965;48332;1;0;130;0.0625005;773306;0;0;bBELA*<1>;? Unchecked;v1.6.0-213-g5f31454
maps;unit;67/70;70;  9   3;508 489;985;1025;1025;41980;1;0;130;0.0556776;753983;0;0;bBELA*<1>;? Unchecked;v1.6.0-213-g5f31454
maps;unit;68/70;70; 22 506;479  35;928;988;988;47102;1;0;130;0.0605066;778460;0;0;bBELA*<1>;? Unchecked;v1.6.0-213-g5f31454
maps;unit;69/70;70; 28   4;498 501;967;1021;1021;66730;1;0;130;0.0932156;715867;0;0;bBELA*<1>;? Unchecked;v1.6.0-213-g5f31454
maps;unit;70/70;70;472  11; 13 507;955;991;991;51408;1;0;130;0.0646039;795742;0;0;bBELA*<1>;? Unchecked;v1.6.0-213-g5f31454
maps;unit;71/70;70; 31  47;493 505;920;976;976;64285;1;0;130;0.0788142;815653;0;0;bBELA*<1>;? Unchecked;v1.6.0-213-g5f31454
maps;unit;72/70;70; 14  16;507 492;969;1013;1013;41848;1;0;130;0.054079;773831;0;0;bBELA*<1>;? Unchecked;v1.6.0-213-g5f31454
maps;unit;73/70;70; 73   2;501 511;937;999;999;60688;1;0;130;0.0745585;813965;0;0;bBELA*<1>;? Unchecked;v1.6.0-213-g5f31454
maps;unit;74/70;70; 35 510;488   7;956;984;984;34751;1;0;130;0.0489223;710331;0;0;bBELA*<1>;? Unchecked;v1.6.0-213-g5f31454
maps;unit;75/70;70; 17  19;483 492;939;1001;1001;68463;1;0;130;0.0845628;809612;0;0;bBELA*<1>;? Unchecked;v1.6.0-213-g5f31454
maps;unit;76/70;70; 16 510;511  21;984;1036;1036;55353;1;0;130;0.0701861;788660;0;0;bBELA*<1>;? Unchecked;v1.6.0-213-g5f31454
maps;unit;77/70;70;468  11; 11 507;953;991;991;51341;1;0;130;0.0667073;769646;0;0;bBELA*<1>;? Unchecked;v1.6.0-213-g5f31454
maps;unit;78/70;70; 52 501;484  13;920;952;952;33415;1;0;130;0.0455874;732988;0;0;bBELA*<1>;? Unchecked;v1.6.0-213-g5f31454
maps;unit;79/70;70; 37 501;507  49;922;980;980;79886;1;0;130;0.0945093;845272;0;0;bBELA*<1>;? Unchecked;v1.6.0-213-g5f31454
maps;unit;80/70;70;  9   2;505 502;996;1044;1044;57990;1;0;130;0.0732909;791231;0;0;bBELA*<1>;? Unchecked;v1.6.0-213-g5f31454
maps;unit;81/70;70;495 510; 32  16;957;1013;1013;45467;1;0;130;0.0618402;735233;0;0;bBELA*<1>;? Unchecked;v1.6.0-213-g5f31454
maps;unit;82/70;70;  6  25;481 479;929;985;985;50918;1;0;130;0.0675975;753253;0;0;bBELA*<1>;? Unchecked;v1.6.0-213-g5f31454
maps;unit;83/70;70; 48 481;500  10;923;955;955;36736;1;0;130;0.0479312;766432;0;0;bBELA*<1>;? Unchecked;v1.6.0-213-g5f31454
maps;unit;84/70;70;483  21;  8 485;939;979;979;46770;1;0;130;0.0592704;789096;0;0;bBELA*<1>;? Unchecked;v1.6.0-213-g5f31454
maps;unit;85/70;70;489   2;  2 465;950;982;982;45367;1;0;130;0.0604756;750171;0;0;bBELA*<1>;? Unchecked;v1.6.0-213-g5f31454
maps;unit;86/70;70; 23 481;500  19;939;997;997;63498;1;0;130;0.0765098;829933;0;0;bBELA*<1>;? Unchecked;v1.6.0-213-g5f31454
maps;unit;87/70;70;469 491; 16  14;930;980;980;42755;1;0;130;0.0592425;721694;0;0;bBELA*<1>;? Unchecked;v1.6.0-213-g5f31454
maps;unit;88/70;70;  1  30;456 501;926;1016;1016;85332;1;0;130;0.107733;792066;0;0;bBELA*<1>;? Unchecked;v1.6.0-213-g5f31454
maps;unit;89/70;70;  7 479;505  48;929;989;989;69547;1;0;130;0.0823514;844515;0;0;bBELA*<1>;? Unchecked;v1.6.0-213-g5f31454
maps;unit;90/70;70;508 511; 40   7;972;1042;1042;72355;1;0;130;0.0876603;825402;0;0;bBELA*<1>;? Unchecked;v1.6.0-213-g5f31454
maps;unit;91/70;70; 41 489;509  34;923;973;973;68614;1;0;130;0.0828137;828535;0;0;bBELA*<1>;? Unchecked;v1.6.0-213-g5f31454
maps;unit;92/70;70; 54 499;492  17;920;964;964;51683;1;0;130;0.0654016;790241;0;0;bBELA*<1>;? Unchecked;v1.6.0-213-g5f31454
maps;unit;93/70;70;469   6; 22 482;923;963;963;49976;1;0;130;0.0652501;765915;0;0;bBELA*<1>;? Unchecked;v1.6.0-213-g5f31454
maps;unit;94/70;70; 68  20;509 507;928;996;996;61033;1;0;130;0.074974;814055;0;0;bBELA*<1>;? Unchecked;v1.6.0-213-g5f31454
maps;unit;95/70;70;484 482; 22  17;927;971;971;39418;1;0;130;0.0538307;732258;0;0;bBELA*<1>;? Unchecked;v1.6.0-213-g5f31454
maps;unit;96/70;70;  6   3;507 507;1005;1055;1055;61254;1;0;130;0.0756892;809283;0;0;bBELA*<1>;? Unchecked;v1.6.0-213-g5f31454
maps;unit;97/70;70;480   7; 33 480;920;954;954;44846;1;0;130;0.061917;724292;0;0;bBELA*<1>;? Unchecked;v1.6.0-213-g5f31454
maps;unit;98/70;70;501 484; 46   0;939;1001;1001;71157;1;0;130;0.0866766;820949;0;0;bBELA*<1>;? Unchecked;v1.6.0-213-g5f31454
maps;unit;99/70;70;504 493;  9  25;963;1021;1021;59399;1;0;130;0.0746304;795909;0;0;bBELA*<1>;? Unchecked;v1.6.0-213-g5f31454
maps;unit;0/80;80; 14 477;509  34;938;1002;1002;67075;1;0;130;0.0829158;808953;0;0;bBELA*<1>;? Unchecked;v1.6.0-213-g5f31454
maps;unit;1/80;80;488   3; 14 464;935;963;963;37635;1;0;130;0.0499123;754022;0;0;bBELA*<1>;? Unchecked;v1.6.0-213-g5f31454
maps;unit;2/80;80;  9 438;503   6;926;972;972;30851;1;0;130;0.043546;708470;0;0;bBELA*<1>;? Unchecked;v1.6.0-213-g5f31454
maps;unit;3/80;80; 59  12;508 498;935;989;989;48353;1;0;130;0.0652102;741495;0;0;bBELA*<1>;? Unchecked;v1.6.0-213-g5f31454
maps;unit;4/80;80;495 508;  4   0;999;1053;1053;40640;1;0;130;0.055364;734051;0;0;bBELA*<1>;? Unchecked;v1.6.0-213-g5f31454
maps;unit;5/80;80;454  24; 11 502;921;953;953;46498;1;0;130;0.0607178;765805;0;0;bBELA*<1>;? Unchecked;v1.6.0-213-g5f31454
maps;unit;6/80;80;  2  27;476 485;932;1002;1002;64046;1;0;130;0.0800175;800400;0;0;bBELA*<1>;? Unchecked;v1.6.0-213-g5f31454
maps;unit;7/80;80;450   6;  8 486;922;958;958;45550;1;0;130;0.060939;747468;0;0;bBELA*<1>;? Unchecked;v1.6.0-213-g5f31454
maps;unit;8/80;80;496  29; 22 481;926;986;986;63828;1;0;130;0.078414;813988;0;0;bBELA*<1>;? Unchecked;v1.6.0-213-g5f31454
maps;unit;9/80;80;489   9;  1 459;938;966;966;37857;1;0;130;0.0508757;744108;0;0;bBELA*<1>;? Unchecked;v1.6.0-213-g5f31454
maps;unit;10/80;80; 27  10;494 508;965;1019;1019;65503;1;0;130;0.0809557;809122;0;0;bBELA*<1>;? Unchecked;v1.6.0-213-g5f31454
maps;unit;11/80;80;479   9; 52 503;921;955;955;44363;1;0;130;0.0596422;743819;0;0;bBELA*<1>;? Unchecked;v1.6.0-213-g5f31454
maps;unit;12/80;80;486 493; 12  19;948;1004;1004;51591;1;0;130;0.0698056;739066;0;0;bBELA*<1>;? Unchecked;v1.6.0-213-g5f31454
maps;unit;13/80;80;492 503; 28  34;933;991;991;45477;1;0;130;0.0641483;708936;0;0;bBELA*<1>;? Unchecked;v1.6.0-213-g5f31454
maps;unit;14/80;80; 14 508;507  75;926;992;992;73556;1;0;130;0.088826;828091;0;0;bBELA*<1>;? Unchecked;v1.6.0-213-g5f31454
maps;unit;15/80;80;  7 486;483  12;950;980;980;21537;1;0;130;0.034627;621971;0;0;bBELA*<1>;? Unchecked;v1.6.0-213-g5f31454
maps;unit;16/80;80;  8 506;463  25;936;976;976;32046;1;0;130;0.0465328;688675;0;0;bBELA*<1>;? Unchecked;v1.6.0-213-g5f31454
maps;unit;17/80;80;485  28;  7 510;960;1004;1004;58559;1;0;130;0.0935508;625960;0;0;bBELA*<1>;? Unchecked;v1.6.0-213-g5f31454
maps;unit;18/80;80;478 494; 14  11;947;995;995;40215;1;0;130;0.0588573;683263;0;0;bBELA*<1>;? Unchecked;v1.6.0-213-g5f31454
maps;unit;19/80;80;504  18; 57 499;928;990;990;79125;1;0;130;0.0952119;831041;0;0;bBELA*<1>;? Unchecked;v1.6.0-213-g5f31454
maps;unit;20/80;80;480 488; 31   3;934;992;992;54663;1;0;130;0.0721982;757125;0;0;bBELA*<1>;? Unchecked;v1.6.0-213-g5f31454
maps;unit;21/80;80; 13 507;477  15;956;990;990;23376;1;0;130;0.0375211;623009;0;0;bBELA*<1>;? Unchecked;v1.6.0-213-g5f31454
maps;unit;22/80;80; 11  12;496 469;942;986;986;45166;1;0;130;0.0637643;708327;0;0;bBELA*<1>;? Unchecked;v1.6.0-213-g5f31454
maps;unit;23/80;80; 32 507;466  14;927;1009;1009;38594;1;0;130;0.051749;745793;0;0;bBELA*<1>;? Unchecked;v1.6.0-213-g5f31454
maps;unit;24/80;80;500   1; 50 509;958;998;998;46790;1;0;130;0.0628204;744822;0;0;bBELA*<1>;? Unchecked;v1.6.0-213-g5f31454
maps;unit;25/80;80;484  39;  5 503;943;989;989;54995;1;0;130;0.0705985;778983;0;0;bBELA*<1>;? Unchecked;v1.6.0-213-g5f31454
maps;unit;26/80;80; 24   2;508 490;972;1014;1014;43017;1;0;130;0.0612998;701748;0;0;bBELA*<1>;? Unchecked;v1.6.0-213-g5f31454
maps;unit;27/80;80;482   5;  8 465;934;962;962;37124;1;0;130;0.0522272;710817;0;0;bBELA*<1>;? Unchecked;v1.6.0-213-g5f31454
maps;unit;28/80;80;  6  47;497 481;925;985;985;53465;1;0;130;0.0687373;777817;0;0;bBELA*<1>;? Unchecked;v1.6.0-213-g5f31454
maps;unit;29/80;80;489  13; 49 506;933;967;967;45881;1;0;130;0.0626341;732525;0;0;bBELA*<1>;? Unchecked;v1.6.0-213-g5f31454
maps;unit;30/80;80;499 510;  2  87;920;982;982;57526;1;0;130;0.0755049;761885;0;0;bBELA*<1>;? Unchecked;v1.6.0-213-g5f31454
maps;unit;31/80;80; 63 490;494   0;921;963;963;43423;1;0;130;0.0594226;730748;0;0;bBELA*<1>;? Unchecked;v1.6.0-213-g5f31454
maps;unit;32/80;80;509  15; 24 506;976;1048;1048;98234;1;0;130;0.121464;808751;0;0;bBELA*<1>;? Unchecked;v1.6.0-213-g5f31454
maps;unit;33/80;80;  2  29;510 459;938;1004;1004;51261;1;0;130;0.0691564;741233;0;0;bBELA*<1>;? Unchecked;v1.6.0-213-g5f31454
maps;unit;34/80;80;487 477;  0  34;930;1006;1006;80744;1;0;130;0.100725;801629;0;0;bBELA*<1>;? Unchecked;v1.6.0-213-g5f31454
maps;unit;35/80;80;496   5; 21 452;922;952;952;44726;1;0;130;0.0611367;731573;0;0;bBELA*<1>;? Unchecked;v1.6.0-213-g5f31454
maps;unit;36/80;80;486 492; 27  24;927;987;987;56900;1;0;130;0.07452;763554;0;0;bBELA*<1>;? Unchecked;v1.6.0-213-g5f31454
maps;unit;37/80;80; 41 501;484  19;925;959;959;50278;1;0;130;0.0660947;760696;0;0;bBELA*<1>;? Unchecked;v1.6.0-213-g5f31454
maps;unit;38/80;80;453 486;  4   2;933;997;997;50697;1;0;130;0.0669172;757608;0;0;bBELA*<1>;? Unchecked;v1.6.0-213-g5f31454
maps;unit;39/80;80; 37   3;511 462;933;1001;1001;70396;1;0;130;0.0877805;801955;0;0;bBELA*<1>;? Unchecked;v1.6.0-213-g5f31454
maps;unit;40/80;80; 30  53;509 494;920;972;972;41746;1;0;130;0.0570835;731314;0;0;bBELA*<1>;? Unchecked;v1.6.0-213-g5f31454
maps;unit;41/80;80;497  11; 12 475;949;993;993;54474;1;0;130;0.070048;777666;0;0;bBELA*<1>;? Unchecked;v1.6.0-213-g5f31454
maps;unit;42/80;80;498  17; 14 490;957;1005;1005;42269;1;0;130;0.0676102;625186;0;0;bBELA*<1>;? Unchecked;v1.6.0-213-g5f31454
maps;unit;43/80;80;463   2; 20 497;938;992;992;67482;1;0;130;0.0824885;818078;0;0;bBELA*<1>;? Unchecked;v1.6.0-213-g5f31454
maps;unit;44/80;80;  2   1;459 479;935;987;987;62073;1;0;130;0.0785688;790047;0;0;bBELA*<1>;? Unchecked;v1.6.0-213-g5f31454
maps;unit;45/80;80;497   1; 11 511;996;1032;1032;54118;1;0;130;0.0694336;779421;0;0;bBELA*<1>;? Unchecked;v1.6.0-213-g5f31454
maps;unit;46/80;80; 20  23;493 493;943;999;999;56918;1;0;130;0.0735484;773885;0;0;bBELA*<1>;? Unchecked;v1.6.0-213-g5f31454
maps;unit;47/80;80;505  13; 44 497;945;983;983;33311;1;0;130;0.0463089;719322;0;0;bBELA*<1>;? Unchecked;v1.6.0-213-g5f31454
maps;unit;48/80;80; 20   1;478 472;929;975;975;55087;1;0;130;0.0692529;795446;0;0;bBELA*<1>;? Unchecked;v1.6.0-213-g5f31454
maps;unit;49/80;80;487 496; 17   3;963;1029;1029;69406;1;0;130;0.0861663;805489;0;0;bBELA*<1>;? Unchecked;v1.6.0-213-g5f31454
maps;unit;50/80;80;487 499;  6  54;926;1012;1012;67197;1;0;130;0.0857101;784004;0;0;bBELA*<1>;? Unchecked;v1.6.0-213-g5f31454
maps;unit;51/80;80; 33   2;492 500;957;1025;1025;78371;1;0;130;0.0961948;814712;0;0;bBELA*<1>;? Unchecked;v1.6.0-213-g5f31454
maps;unit;52/80;80;498 477; 13  27;935;995;995;66120;1;0;130;0.0839755;787372;0;0;bBELA*<1>;? Unchecked;v1.6.0-213-g5f31454
maps;unit;53/80;80;495 485;  9  40;931;999;999;72773;1;0;130;0.0911507;798381;0;0;bBELA*<1>;? Unchecked;v1.6.0-213-g5f31454
maps;unit;54/80;80;485  35;  5 497;942;984;984;49094;1;0;130;0.0652876;751965;0;0;bBELA*<1>;? Unchecked;v1.6.0-213-g5f31454
maps;unit;55/80;80;506 510; 39  38;939;987;987;40486;1;0;130;0.0551887;733592;0;0;bBELA*<1>;? Unchecked;v1.6.0-213-g5f31454
maps;unit;56/80;80;499  13; 17 491;960;1000;1000;40178;1;0;130;0.0521585;770307;0;0;bBELA*<1>;? Unchecked;v1.6.0-213-g5f31454
maps;unit;57/80;80;477  39;  5 494;927;969;969;45556;1;0;130;0.0623676;730443;0;0;bBELA*<1>;? Unchecked;v1.6.0-213-g5f31454
maps;unit;58/80;80;  5 478;467  16;924;958;958;27599;1;0;130;0.0397384;694517;0;0;bBELA*<1>;? Unchecked;v1.6.0-213-g5f31454
maps;unit;59/80;80;509 511; 54   4;962;1036;1036;75080;1;0;130;0.0924412;812192;0;0;bBELA*<1>;? Unchecked;v1.6.0-213-g5f31454
maps;unit;60/80;80; 17   0;494 487;964;1022;1022;50029;1;0;130;0.067462;741588;0;0;bBELA*<1>;? Unchecked;v1.6.0-213-g5f31454
maps;unit;61/80;80; 15 502;461  15;933;991;991;67057;1;0;130;0.0831443;806513;0;0;bBELA*<1>;? Unchecked;v1.6.0-213-g5f31454
maps;unit;62/80;80; 10  30;490 483;933;999;999;53187;1;0;130;0.0710444;748645;0;0;bBELA*<1>;? Unchecked;v1.6.0-213-g5f31454
maps;unit;63/80;80;  1  49;496 496;942;1012;1012;61562;1;0;130;0.0770212;799286;0;0;bBELA*<1>;? Unchecked;v1.6.0-213-g5f31454
maps;unit;64/80;80;482 451;  7   4;922;976;976;38216;1;0;130;0.053734;711207;0;0;bBELA*<1>;? Unchecked;v1.6.0-213-g5f31454
maps;unit;65/80;80;498 509;  2  63;942;1022;1022;76652;1;0;130;0.0973123;787691;0;0;bBELA*<1>;? Unchecked;v1.6.0-213-g5f31454
maps;unit;66/80;80;  6 455;506  34;921;965;965;48332;1;0;130;0.0626553;771395;0;0;bBELA*<1>;? Unchecked;v1.6.0-213-g5f31454
maps;unit;67/80;80;  9   3;508 489;985;1025;1025;41980;1;0;130;0.0573129;732471;0;0;bBELA*<1>;? Unchecked;v1.6.0-213-g5f31454
maps;unit;68/80;80; 22 506;479  35;928;988;988;47102;1;0;130;0.0638847;737297;0;0;bBELA*<1>;? Unchecked;v1.6.0-213-g5f31454
maps;unit;69/80;80; 28   4;498 501;967;1021;1021;66730;1;0;130;0.0839796;794598;0;0;bBELA*<1>;? Unchecked;v1.6.0-213-g5f31454
maps;unit;70/80;80;472  11; 13 507;955;991;991;51408;1;0;130;0.0674434;762239;0;0;bBELA*<1>;? Unchecked;v1.6.0-213-g5f31454
maps;unit;71/80;80; 31  47;493 505;920;976;976;64285;1;0;130;0.0832791;771922;0;0;bBELA*<1>;? Unchecked;v1.6.0-213-g5f31454
maps;unit;72/80;80; 14  16;507 492;969;1013;1013;41848;1;0;130;0.0549152;762047;0;0;bBELA*<1>;? Unchecked;v1.6.0-213-g5f31454
maps;unit;73/80;80; 73   2;501 511;937;999;999;60688;1;0;130;0.0756162;802579;0;0;bBELA*<1>;? Unchecked;v1.6.0-213-g5f31454
maps;unit;74/80;80; 35 510;488   7;956;984;984;34751;1;0;130;0.048647;714351;0;0;bBELA*<1>;? Unchecked;v1.6.0-213-g5f31454
maps;unit;75/80;80; 17  19;483 492;939;1001;1001;68463;1;0;130;0.0839554;815469;0;0;bBELA*<1>;? Unchecked;v1.6.0-213-g5f31454
maps;unit;76/80;80; 16 510;511  21;984;1036;1036;55353;1;0;130;0.0716014;773072;0;0;bBELA*<1>;? Unchecked;v1.6.0-213-g5f31454
maps;unit;77/80;80;468  11; 11 507;953;991;991;51341;1;0;130;0.0668322;768208;0;0;bBELA*<1>;? Unchecked;v1.6.0-213-g5f31454
maps;unit;78/80;80; 52 501;484  13;920;952;952;33415;1;0;130;0.0460534;725571;0;0;bBELA*<1>;? Unchecked;v1.6.0-213-g5f31454
maps;unit;79/80;80; 37 501;507  49;922;980;980;79886;1;0;130;0.0953711;837633;0;0;bBELA*<1>;? Unchecked;v1.6.0-213-g5f31454
maps;unit;80/80;80;  9   2;505 502;996;1044;1044;57990;1;0;130;0.0748079;775186;0;0;bBELA*<1>;? Unchecked;v1.6.0-213-g5f31454
maps;unit;81/80;80;495 510; 32  16;957;1013;1013;45467;1;0;130;0.0622443;730461;0;0;bBELA*<1>;? Unchecked;v1.6.0-213-g5f31454
maps;unit;82/80;80;  6  25;481 479;929;985;985;50918;1;0;130;0.0672146;757544;0;0;bBELA*<1>;? Unchecked;v1.6.0-213-g5f31454
maps;unit;83/80;80; 48 481;500  10;923;955;955;36736;1;0;130;0.0501407;732658;0;0;bBELA*<1>;? Unchecked;v1.6.0-213-g5f31454
maps;unit;84/80;80;483  21;  8 485;939;979;979;46770;1;0;130;0.0624063;749444;0;0;bBELA*<1>;? Unchecked;v1.6.0-213-g5f31454
maps;unit;85/80;80;489   2;  2 465;950;982;982;45367;1;0;130;0.0620574;731049;0;0;bBELA*<1>;? Unchecked;v1.6.0-213-g5f31454
maps;unit;86/80;80; 23 481;500  19;939;997;997;63498;1;0;130;0.0778981;815142;0;0;bBELA*<1>;? Unchecked;v1.6.0-213-g5f31454
maps;unit;87/80;80;469 491; 16  14;930;980;980;42755;1;0;130;0.0590925;723527;0;0;bBELA*<1>;? Unchecked;v1.6.0-213-g5f31454
maps;unit;88/80;80;  1  30;456 501;926;1016;1016;85332;1;0;130;0.105079;812076;0;0;bBELA*<1>;? Unchecked;v1.6.0-213-g5f31454
maps;unit;89/80;80;  7 479;505  48;929;989;989;69547;1;0;138;0.0848203;819933;0;0;bBELA*<1>;? Unchecked;v1.6.0-213-g5f31454
maps;unit;90/80;80;508 511; 40   7;972;1042;1042;72355;1;0;138;0.0897267;806393;0;0;bBELA*<1>;? Unchecked;v1.6.0-213-g5f31454
maps;unit;91/80;80; 41 489;509  34;923;973;973;68614;1;0;138;0.0823167;833537;0;0;bBELA*<1>;? Unchecked;v1.6.0-213-g5f31454
maps;unit;92/80;80; 54 499;492  17;920;964;964;51683;1;0;138;0.0650512;794497;0;0;bBELA*<1>;? Unchecked;v1.6.0-213-g5f31454
maps;unit;93/80;80;469   6; 22 482;923;963;963;49976;1;0;138;0.0642966;777272;0;0;bBELA*<1>;? Unchecked;v1.6.0-213-g5f31454
maps;unit;94/80;80; 68  20;509 507;928;996;996;61033;1;0;138;0.0755371;807987;0;0;bBELA*<1>;? Unchecked;v1.6.0-213-g5f31454
maps;unit;95/80;80;484 482; 22  17;927;971;971;39418;1;0;138;0.0548987;718013;0;0;bBELA*<1>;? Unchecked;v1.6.0-213-g5f31454
maps;unit;96/80;80;  6   3;507 507;1005;1055;1055;61254;1;0;138;0.0787267;778058;0;0;bBELA*<1>;? Unchecked;v1.6.0-213-g5f31454
maps;unit;97/80;80;480   7; 33 480;920;954;954;44846;1;0;138;0.0598286;749575;0;0;bBELA*<1>;? Unchecked;v1.6.0-213-g5f31454
maps;unit;98/80;80;501 484; 46   0;939;1001;1001;71157;1;0;138;0.0886882;802327;0;0;bBELA*<1>;? Unchecked;v1.6.0-213-g5f31454
maps;unit;99/80;80;504 493;  9  25;963;1021;1021;59399;1;0;138;0.075375;788047;0;0;bBELA*<1>;? Unchecked;v1.6.0-213-g5f31454
maps;unit;0/90;90; 14 477;509  34;938;1002;1002;67075;1;0;138;0.0822928;815078;0;0;bBELA*<1>;? Unchecked;v1.6.0-213-g5f31454
maps;unit;1/90;90;488   3; 14 464;935;963;963;37635;1;0;138;0.0519967;723795;0;0;bBELA*<1>;? Unchecked;v1.6.0-213-g5f31454
maps;unit;2/90;90;  9 438;503   6;926;972;972;30851;1;0;138;0.0438491;703571;0;0;bBELA*<1>;? Unchecked;v1.6.0-213-g5f31454
maps;unit;3/90;90; 59  12;508 498;935;989;989;48353;1;0;138;0.065365;739738;0;0;bBELA*<1>;? Unchecked;v1.6.0-213-g5f31454
maps;unit;4/90;90;495 508;  4   0;999;1053;1053;40640;1;0;138;0.068179;596078;0;0;bBELA*<1>;? Unchecked;v1.6.0-213-g5f31454
maps;unit;5/90;90;454  24; 11 502;921;953;953;46498;1;0;138;0.0632861;734726;0;0;bBELA*<1>;? Unchecked;v1.6.0-213-g5f31454
maps;unit;6/90;90;  2  27;476 485;932;1002;1002;64046;1;0;138;0.0808352;792304;0;0;bBELA*<1>;? Unchecked;v1.6.0-213-g5f31454
maps;unit;7/90;90;450   6;  8 486;922;958;958;45550;1;0;138;0.0637143;714910;0;0;bBELA*<1>;? Unchecked;v1.6.0-213-g5f31454
maps;unit;8/90;90;496  29; 22 481;926;986;986;63828;1;0;138;0.0790486;807453;0;0;bBELA*<1>;? Unchecked;v1.6.0-213-g5f31454
maps;unit;9/90;90;489   9;  1 459;938;966;966;37857;1;0;138;0.0521403;726061;0;0;bBELA*<1>;? Unchecked;v1.6.0-213-g5f31454
maps;unit;10/90;90; 27  10;494 508;965;1019;1019;65503;1;0;138;0.0913673;716919;0;0;bBELA*<1>;? Unchecked;v1.6.0-213-g5f31454
maps;unit;11/90;90;479   9; 52 503;921;955;955;44363;1;0;138;0.0592173;749156;0;0;bBELA*<1>;? Unchecked;v1.6.0-213-g5f31454
maps;unit;12/90;90;486 493; 12  19;948;1004;1004;51591;1;0;138;0.071325;723323;0;0;bBELA*<1>;? Unchecked;v1.6.0-213-g5f31454
maps;unit;13/90;90;492 503; 28  34;933;991;991;45477;1;0;138;0.0635444;715673;0;0;bBELA*<1>;? Unchecked;v1.6.0-213-g5f31454
maps;unit;14/90;90; 14 508;507  75;926;992;992;73556;1;0;138;0.0871966;843565;0;0;bBELA*<1>;? Unchecked;v1.6.0-213-g5f31454
maps;unit;15/90;90;  7 486;483  12;950;980;980;21537;1;0;138;0.0350247;614909;0;0;bBELA*<1>;? Unchecked;v1.6.0-213-g5f31454
maps;unit;16/90;90;  8 506;463  25;936;976;976;32046;1;0;138;0.0450983;710581;0;0;bBELA*<1>;? Unchecked;v1.6.0-213-g5f31454
maps;unit;17/90;90;485  28;  7 510;960;1004;1004;58559;1;0;138;0.0947146;618268;0;0;bBELA*<1>;? Unchecked;v1.6.0-213-g5f31454
maps;unit;18/90;90;478 494; 14  11;947;995;995;40215;1;0;138;0.0599764;670514;0;0;bBELA*<1>;? Unchecked;v1.6.0-213-g5f31454
maps;unit;19/90;90;504  18; 57 499;928;990;990;79125;1;0;138;0.096533;819668;0;0;bBELA*<1>;? Unchecked;v1.6.0-213-g5f31454
maps;unit;20/90;90;480 488; 31   3;934;992;992;54663;1;0;138;0.0721032;758122;0;0;bBELA*<1>;? Unchecked;v1.6.0-213-g5f31454
maps;unit;21/90;90; 13 507;477  15;956;990;990;23376;1;0;138;0.0368203;634867;0;0;bBELA*<1>;? Unchecked;v1.6.0-213-g5f31454
maps;unit;22/90;90; 11  12;496 469;942;986;986;45166;1;0;138;0.0634693;711619;0;0;bBELA*<1>;? Unchecked;v1.6.0-213-g5f31454
maps;unit;23/90;90; 32 507;466  14;927;1009;1009;38594;1;0;138;0.0514961;749455;0;0;bBELA*<1>;? Unchecked;v1.6.0-213-g5f31454
maps;unit;24/90;90;500   1; 50 509;958;998;998;46790;1;0;138;0.0648628;721369;0;0;bBELA*<1>;? Unchecked;v1.6.0-213-g5f31454
maps;unit;25/90;90;484  39;  5 503;943;989;989;54995;1;0;138;0.0697102;788909;0;0;bBELA*<1>;? Unchecked;v1.6.0-213-g5f31454
maps;unit;26/90;90; 24   2;508 490;972;1014;1014;43017;1;0;138;0.0602209;714320;0;0;bBELA*<1>;? Unchecked;v1.6.0-213-g5f31454
maps;unit;27/90;90;482   5;  8 465;934;962;962;37124;1;0;138;0.0517875;716853;0;0;bBELA*<1>;? Unchecked;v1.6.0-213-g5f31454
maps;unit;28/90;90;  6  47;497 481;925;985;985;53465;1;0;138;0.0714327;748467;0;0;bBELA*<1>;? Unchecked;v1.6.0-213-g5f31454
maps;unit;29/90;90;489  13; 49 506;933;967;967;45881;1;0;138;0.0622267;737321;0;0;bBELA*<1>;? Unchecked;v1.6.0-213-g5f31454
maps;unit;30/90;90;499 510;  2  87;920;982;982;57526;1;0;138;0.0751676;765303;0;0;bBELA*<1>;? Unchecked;v1.6.0-213-g5f31454
maps;unit;31/90;90; 63 490;494   0;921;963;963;43423;1;0;138;0.0588728;737573;0;0;bBELA*<1>;? Unchecked;v1.6.0-213-g5f31454
maps;unit;32/90;90;509  15; 24 506;976;1048;1048;98234;1;0;139;0.120938;812270;0;0;bBELA*<1>;? Unchecked;v1.6.0-213-g5f31454
maps;unit;33/90;90;  2  29;510 459;938;1004;1004;51261;1;0;139;0.069146;741344;0;0;bBELA*<1>;? Unchecked;v1.6.0-213-g5f31454
maps;unit;34/90;90;487 477;  0  34;930;1006;1006;80744;1;0;139;0.100399;804228;0;0;bBELA*<1>;? Unchecked;v1.6.0-213-g5f31454
maps;unit;35/90;90;496   5; 21 452;922;952;952;44726;1;0;139;0.0622216;718818;0;0;bBELA*<1>;? Unchecked;v1.6.0-213-g5f31454
maps;unit;36/90;90;486 492; 27  24;927;987;987;56900;1;0;139;0.0749708;758962;0;0;bBELA*<1>;? Unchecked;v1.6.0-213-g5f31454
maps;unit;37/90;90; 41 501;484  19;925;959;959;50278;1;0;139;0.0662788;758583;0;0;bBELA*<1>;? Unchecked;v1.6.0-213-g5f31454
maps;unit;38/90;90;453 486;  4   2;933;997;997;50697;1;0;139;0.0686818;738143;0;0;bBELA*<1>;? Unchecked;v1.6.0-213-g5f31454
maps;unit;39/90;90; 37   3;511 462;933;1001;1001;70396;1;0;139;0.0888058;792696;0;0;bBELA*<1>;? Unchecked;v1.6.0-213-g5f31454
maps;unit;40/90;90; 30  53;509 494;920;972;972;41746;1;0;139;0.0565622;738055;0;0;bBELA*<1>;? Unchecked;v1.6.0-213-g5f31454
maps;unit;41/90;90;497  11; 12 475;949;993;993;54474;1;0;139;0.0694996;783803;0;0;bBELA*<1>;? Unchecked;v1.6.0-213-g5f31454
maps;unit;42/90;90;498  17; 14 490;957;1005;1005;42269;1;0;139;0.0599954;704537;0;0;bBELA*<1>;? Unchecked;v1.6.0-213-g5f31454
maps;unit;43/90;90;463   2; 20 497;938;992;992;67482;1;0;139;0.0844929;798671;0;0;bBELA*<1>;? Unchecked;v1.6.0-213-g5f31454
maps;unit;44/90;90;  2   1;459 479;935;987;987;62073;1;0;139;0.0814851;761771;0;0;bBELA*<1>;? Unchecked;v1.6.0-213-g5f31454
maps;unit;45/90;90;497   1; 11 511;996;1032;1032;54118;1;0;139;0.0699881;773245;0;0;bBELA*<1>;? Unchecked;v1.6.0-213-g5f31454
maps;unit;46/90;90; 20  23;493 493;943;999;999;56918;1;0;139;0.0734092;775352;0;0;bBELA*<1>;? Unchecked;v1.6.0-213-g5f31454
maps;unit;47/90;90;505  13; 44 497;945;983;983;33311;1;0;139;0.0469132;710056;0;0;bBELA*<1>;? Unchecked;v1.6.0-213-g5f31454
maps;unit;48/90;90; 20   1;478 472;929;975;975;55087;1;0;139;0.0706777;779412;0;0;bBELA*<1>;? Unchecked;v1.6.0-213-g5f31454
maps;unit;49/90;90;487 496; 17   3;963;1029;1029;69406;1;0;139;0.0890517;779390;0;0;bBELA*<1>;? Unchecked;v1.6.0-213-g5f31454
maps;unit;50/90;90;487 499;  6  54;926;1012;1012;67197;1;0;139;0.0852221;788492;0;0;bBELA*<1>;? Unchecked;v1.6.0-213-g5f31454
maps;unit;51/90;90; 33   2;492 500;957;1025;1025;78371;1;0;139;0.0967684;809882;0;0;bBELA*<1>;? Unchecked;v1.6.0-213-g5f31454
maps;unit;52/90;90;498 477; 13  27;935;995;995;66120;1;0;139;0.086835;761444;0;0;bBELA*<1>;? Unchecked;v1.6.0-213-g5f31454
maps;unit;53/90;90;495 485;  9  40;931;999;999;72773;1;0;139;0.0915859;794587;0;0;bBELA*<1>;? Unchecked;v1.6.0-213-g5f31454
maps;unit;54/90;90;485  35;  5 497;942;984;984;49094;1;0;139;0.0658356;745706;0;0;bBELA*<1>;? Unchecked;v1.6.0-213-g5f31454
maps;unit;55/90;90;506 510; 39  38;939;987;987;40486;1;0;139;0.0571223;708760;0;0;bBELA*<1>;? Unchecked;v1.6.0-213-g5f31454
maps;unit;56/90;90;499  13; 17 491;960;1000;1000;40178;1;0;139;0.0529172;759262;0;0;bBELA*<1>;? Unchecked;v1.6.0-213-g5f31454
maps;unit;57/90;90;477  39;  5 494;927;969;969;45556;1;0;139;0.0639199;712704;0;0;bBELA*<1>;? Unchecked;v1.6.0-213-g5f31454
maps;unit;58/90;90;  5 478;467  16;924;958;958;27599;1;0;139;0.0397811;693772;0;0;bBELA*<1>;? Unchecked;v1.6.0-213-g5f31454
maps;unit;59/90;90;509 511; 54   4;962;1036;1036;75080;1;0;139;0.0938709;799822;0;0;bBELA*<1>;? Unchecked;v1.6.0-213-g5f31454
maps;unit;60/90;90; 17   0;494 487;964;1022;1022;50029;1;0;139;0.0710493;704144;0;0;bBELA*<1>;? Unchecked;v1.6.0-213-g5f31454
maps;unit;61/90;90; 15 502;461  15;933;991;991;67057;1;0;139;0.0825811;812014;0;0;bBELA*<1>;? Unchecked;v1.6.0-213-g5f31454
maps;unit;62/90;90; 10  30;490 483;933;999;999;53187;1;0;139;0.0690859;769868;0;0;bBELA*<1>;? Unchecked;v1.6.0-213-g5f31454
maps;unit;63/90;90;  1  49;496 496;942;1012;1012;61562;1;0;139;0.0798025;771430;0;0;bBELA*<1>;? Unchecked;v1.6.0-213-g5f31454
maps;unit;64/90;90;482 451;  7   4;922;976;976;38216;1;0;139;0.0525444;727308;0;0;bBELA*<1>;? Unchecked;v1.6.0-213-g5f31454
maps;unit;65/90;90;498 509;  2  63;942;1022;1022;76652;1;0;139;0.0946594;809766;0;0;bBELA*<1>;? Unchecked;v1.6.0-213-g5f31454
maps;unit;66/90;90;  6 455;506  34;921;965;965;48332;1;0;139;0.0647172;746819;0;0;bBELA*<1>;? Unchecked;v1.6.0-213-g5f31454
maps;unit;67/90;90;  9   3;508 489;985;1025;1025;41980;1;0;139;0.0567262;740046;0;0;bBELA*<1>;? Unchecked;v1.6.0-213-g5f31454
maps;unit;68/90;90; 22 506;479  35;928;988;988;47102;1;0;139;0.0629922;747743;0;0;bBELA*<1>;? Unchecked;v1.6.0-213-g5f31454
maps;unit;69/90;90; 28   4;498 501;967;1021;1021;66730;1;0;139;0.0845773;788983;0;0;bBELA*<1>;? Unchecked;v1.6.0-213-g5f31454
maps;unit;70/90;90;472  11; 13 507;955;991;991;51408;1;0;139;0.0669908;767389;0;0;bBELA*<1>;? Unchecked;v1.6.0-213-g5f31454
maps;unit;71/90;90; 31  47;493 505;920;976;976;64285;1;0;139;0.0810182;793463;0;0;bBELA*<1>;? Unchecked;v1.6.0-213-g5f31454
maps;unit;72/90;90; 14  16;507 492;969;1013;1013;41848;1;0;139;0.0564881;740828;0;0;bBELA*<1>;? Unchecked;v1.6.0-213-g5f31454
maps;unit;73/90;90; 73   2;501 511;937;999;999;60688;1;0;139;0.0784311;773775;0;0;bBELA*<1>;? Unchecked;v1.6.0-213-g5f31454
maps;unit;74/90;90; 35 510;488   7;956;984;984;34751;1;0;139;0.049617;700385;0;0;bBELA*<1>;? Unchecked;v1.6.0-213-g5f31454
maps;unit;75/90;90; 17  19;483 492;939;1001;1001;68463;1;0;139;0.0869042;787799;0;0;bBELA*<1>;? Unchecked;v1.6.0-213-g5f31454
maps;unit;76/90;90; 16 510;511  21;984;1036;1036;55353;1;0;139;0.0732822;755341;0;0;bBELA*<1>;? Unchecked;v1.6.0-213-g5f31454
maps;unit;77/90;90;468  11; 11 507;953;991;991;51341;1;0;139;0.0687315;746979;0;0;bBELA*<1>;? Unchecked;v1.6.0-213-g5f31454
maps;unit;78/90;90; 52 501;484  13;920;952;952;33415;1;0;139;0.047488;703652;0;0;bBELA*<1>;? Unchecked;v1.6.0-213-g5f31454
maps;unit;79/90;90; 37 501;507  49;922;980;980;79886;1;0;139;0.0955259;836276;0;0;bBELA*<1>;? Unchecked;v1.6.0-213-g5f31454
maps;unit;80/90;90;  9   2;505 502;996;1044;1044;57990;1;0;139;0.0758133;764906;0;0;bBELA*<1>;? Unchecked;v1.6.0-213-g5f31454
maps;unit;81/90;90;495 510; 32  16;957;1013;1013;45467;1;0;139;0.0661639;687187;0;0;bBELA*<1>;? Unchecked;v1.6.0-213-g5f31454
maps;unit;82/90;90;  6  25;481 479;929;985;985;50918;1;0;139;0.0676189;753015;0;0;bBELA*<1>;? Unchecked;v1.6.0-213-g5f31454
maps;unit;83/90;90; 48 481;500  10;923;955;955;36736;1;0;139;0.0516936;710649;0;0;bBELA*<1>;? Unchecked;v1.6.0-213-g5f31454
maps;unit;84/90;90;483  21;  8 485;939;979;979;46770;1;0;139;0.0638733;732231;0;0;bBELA*<1>;? Unchecked;v1.6.0-213-g5f31454
maps;unit;85/90;90;489   2;  2 465;950;982;982;45367;1;0;139;0.0614908;737785;0;0;bBELA*<1>;? Unchecked;v1.6.0-213-g5f31454
maps;unit;86/90;90; 23 481;500  19;939;997;997;63498;1;0;139;0.0783288;810660;0;0;bBELA*<1>;? Unchecked;v1.6.0-213-g5f31454
maps;unit;87/90;90;469 491; 16  14;930;980;980;42755;1;0;139;0.0606557;704880;0;0;bBELA*<1>;? Unchecked;v1.6.0-213-g5f31454
maps;unit;88/90;90;  1  30;456 501;926;1016;1016;85332;1;0;140;0.10917;781644;0;0;bBELA*<1>;? Unchecked;v1.6.0-213-g5f31454
maps;unit;89/90;90;  7 479;505  48;929;989;989;69547;1;0;140;0.0849779;818413;0;0;bBELA*<1>;? Unchecked;v1.6.0-213-g5f31454
maps;unit;90/90;90;508 511; 40   7;972;1042;1042;72355;1;0;140;0.0919069;787264;0;0;bBELA*<1>;? Unchecked;v1.6.0-213-g5f31454
maps;unit;91/90;90; 41 489;509  34;923;973;973;68614;1;0;140;0.0854406;803061;0;0;bBELA*<1>;? Unchecked;v1.6.0-213-g5f31454
maps;unit;92/90;90; 54 499;492  17;920;964;964;51683;1;0;140;0.0671644;769500;0;0;bBELA*<1>;? Unchecked;v1.6.0-213-g5f31454
maps;unit;93/90;90;469   6; 22 482;923;963;963;49976;1;0;140;0.067145;744300;0;0;bBELA*<1>;? Unchecked;v1.6.0-213-g5f31454
maps;unit;94/90;90; 68  20;509 507;928;996;996;61033;1;0;140;0.0771879;790707;0;0;bBELA*<1>;? Unchecked;v1.6.0-213-g5f31454
maps;unit;95/90;90;484 482; 22  17;927;971;971;39418;1;0;140;0.0581982;677306;0;0;bBELA*<1>;? Unchecked;v1.6.0-213-g5f31454
maps;unit;96/90;90;  6   3;507 507;1005;1055;1055;61254;1;0;140;0.0804416;761472;0;0;bBELA*<1>;? Unchecked;v1.6.0-213-g5f31454
maps;unit;97/90;90;480   7; 33 480;920;954;954;44846;1;0;140;0.0603214;743451;0;0;bBELA*<1>;? Unchecked;v1.6.0-213-g5f31454
maps;unit;98/90;90;501 484; 46   0;939;1001;1001;71157;1;0;140;0.0913183;779220;0;0;bBELA*<1>;? Unchecked;v1.6.0-213-g5f31454
maps;unit;99/90;90;504 493;  9  25;963;1021;1021;59399;1;0;140;0.0800369;742145;0;0;bBELA*<1>;? Unchecked;v1.6.0-213-g5f31454
maps;unit;0/100;100; 14 477;509  34;938;1002;1002;67075;1;0;140;0.0827351;810720;0;0;bBELA*<1>;? Unchecked;v1.6.0-213-g5f31454
maps;unit;1/100;100;488   3; 14 464;935;963;963;37635;1;0;140;0.0522491;720299;0;0;bBELA*<1>;? Unchecked;v1.6.0-213-g5f31454
maps;unit;2/100;100;  9 438;503   6;926;972;972;30851;1;0;140;0.0448556;687785;0;0;bBELA*<1>;? Unchecked;v1.6.0-213-g5f31454
maps;unit;3/100;100; 59  12;508 498;935;989;989;48353;1;0;140;0.0692422;698317;0;0;bBELA*<1>;? Unchecked;v1.6.0-213-g5f31454
maps;unit;4/100;100;495 508;  4   0;999;1053;1053;40640;1;0;140;0.057597;705592;0;0;bBELA*<1>;? Unchecked;v1.6.0-213-g5f31454
maps;unit;5/100;100;454  24; 11 502;921;953;953;46498;1;0;140;0.062631;742412;0;0;bBELA*<1>;? Unchecked;v1.6.0-213-g5f31454
maps;unit;6/100;100;  2  27;476 485;932;1002;1002;64046;1;0;140;0.0828318;773206;0;0;bBELA*<1>;? Unchecked;v1.6.0-213-g5f31454
maps;unit;7/100;100;450   6;  8 486;922;958;958;45550;1;0;140;0.0625785;727886;0;0;bBELA*<1>;? Unchecked;v1.6.0-213-g5f31454
maps;unit;8/100;100;496  29; 22 481;926;986;986;63828;1;0;140;0.0795012;802855;0;0;bBELA*<1>;? Unchecked;v1.6.0-213-g5f31454
maps;unit;9/100;100;489   9;  1 459;938;966;966;37857;1;0;140;0.0516607;732801;0;0;bBELA*<1>;? Unchecked;v1.6.0-213-g5f31454
maps;unit;10/100;100; 27  10;494 508;965;1019;1019;65503;1;0;140;0.0822876;796025;0;0;bBELA*<1>;? Unchecked;v1.6.0-213-g5f31454
maps;unit;11/100;100;479   9; 52 503;921;955;955;44363;1;0;140;0.0625199;709582;0;0;bBELA*<1>;? Unchecked;v1.6.0-213-g5f31454
maps;unit;12/100;100;486 493; 12  19;948;1004;1004;51591;1;0;140;0.06977;739444;0;0;bBELA*<1>;? Unchecked;v1.6.0-213-g5f31454
maps;unit;13/100;100;492 503; 28  34;933;991;991;45477;1;0;140;0.0650632;698966;0;0;bBELA*<1>;? Unchecked;v1.6.0-213-g5f31454
maps;unit;14/100;100; 14 508;507  75;926;992;992;73556;1;0;140;0.0910607;807769;0;0;bBELA*<1>;? Unchecked;v1.6.0-213-g5f31454
maps;unit;15/100;100;  7 486;483  12;950;980;980;21537;1;0;140;0.0367196;586526;0;0;bBELA*<1>;? Unchecked;v1.6.0-213-g5f31454
maps;unit;16/100;100;  8 506;463  25;936;976;976;32046;1;0;140;0.0519781;616528;0;0;bBELA*<1>;? Unchecked;v1.6.0-213-g5f31454
maps;unit;17/100;100;485  28;  7 510;960;1004;1004;58559;1;0;140;0.0825825;709097;0;0;bBELA*<1>;? Unchecked;v1.6.0-213-g5f31454
maps;unit;18/100;100;478 494; 14  11;947;995;995;40215;1;0;140;0.0565368;711307;0;0;bBELA*<1>;? Unchecked;v1.6.0-213-g5f31454
maps;unit;19/100;100;504  18; 57 499;928;990;990;79125;1;0;140;0.0956468;827263;0;0;bBELA*<1>;? Unchecked;v1.6.0-213-g5f31454
maps;unit;20/100;100;480 488; 31   3;934;992;992;54663;1;0;140;0.0732329;746427;0;0;bBELA*<1>;? Unchecked;v1.6.0-213-g5f31454
maps;unit;21/100;100; 13 507;477  15;956;990;990;23376;1;0;140;0.0375107;623182;0;0;bBELA*<1>;? Unchecked;v1.6.0-213-g5f31454
maps;unit;22/100;100; 11  12;496 469;942;986;986;45166;1;0;140;0.0633562;712890;0;0;bBELA*<1>;? Unchecked;v1.6.0-213-g5f31454
maps;unit;23/100;100; 32 507;466  14;927;1009;1009;38594;1;0;140;0.0533844;722945;0;0;bBELA*<1>;? Unchecked;v1.6.0-213-g5f31454
maps;unit;24/100;100;500   1; 50 509;958;998;998;46790;1;0;140;0.0653071;716461;0;0;bBELA*<1>;? Unchecked;v1.6.0-213-g5f31454
maps;unit;25/100;100;484  39;  5 503;943;989;989;54995;1;0;140;0.0709988;774591;0;0;bBELA*<1>;? Unchecked;v1.6.0-213-g5f31454
maps;unit;26/100;100; 24   2;508 490;972;1014;1014;43017;1;0;140;0.062454;688778;0;0;bBELA*<1>;? Unchecked;v1.6.0-213-g5f31454
maps;unit;27/100;100;482   5;  8 465;934;962;962;37124;1;0;140;0.0517061;717981;0;0;bBELA*<1>;? Unchecked;v1.6.0-213-g5f31454
maps;unit;28/100;100;  6  47;497 481;925;985;985;53465;1;0;140;0.0705929;757370;0;0;bBELA*<1>;? Unchecked;v1.6.0-213-g5f31454
maps;unit;29/100;100;489  13; 49 506;933;967;967;45881;1;0;140;0.0640719;716086;0;0;bBELA*<1>;? Unchecked;v1.6.0-213-g5f31454
maps;unit;30/100;100;499 510;  2  87;920;982;982;57526;1;0;140;0.0756327;760597;0;0;bBELA*<1>;? Unchecked;v1.6.0-213-g5f31454
maps;unit;31/100;100; 63 490;494   0;921;963;963;43423;1;0;140;0.0639988;678497;0;0;bBELA*<1>;? Unchecked;v1.6.0-213-g5f31454
maps;unit;32/100;100;509  15; 24 506;976;1048;1048;98234;1;0;140;0.120218;817133;0;0;bBELA*<1>;? Unchecked;v1.6.0-213-g5f31454
maps;unit;33/100;100;  2  29;510 459;938;1004;1004;51261;1;0;140;0.0700194;732097;0;0;bBELA*<1>;? Unchecked;v1.6.0-213-g5f31454
maps;unit;34/100;100;487 477;  0  34;930;1006;1006;80744;1;0;140;0.10026;805349;0;0;bBELA*<1>;? Unchecked;v1.6.0-213-g5f31454
maps;unit;35/100;100;496   5; 21 452;922;952;952;44726;1;0;140;0.0628603;711515;0;0;bBELA*<1>;? Unchecked;v1.6.0-213-g5f31454
maps;unit;36/100;100;486 492; 27  24;927;987;987;56900;1;0;140;0.0752437;756209;0;0;bBELA*<1>;? Unchecked;v1.6.0-213-g5f31454
maps;unit;37/100;100; 41 501;484  19;925;959;959;50278;1;0;140;0.0690404;728240;0;0;bBELA*<1>;? Unchecked;v1.6.0-213-g5f31454
maps;unit;38/100;100;453 486;  4   2;933;997;997;50697;1;0;140;0.069153;733113;0;0;bBELA*<1>;? Unchecked;v1.6.0-213-g5f31454
maps;unit;39/100;100; 37   3;511 462;933;1001;1001;70396;1;0;140;0.0888629;792187;0;0;bBELA*<1>;? Unchecked;v1.6.0-213-g5f31454
maps;unit;40/100;100; 30  53;509 494;920;972;972;41746;1;0;140;0.0562348;742352;0;0;bBELA*<1>;? Unchecked;v1.6.0-213-g5f31454
maps;unit;41/100;100;497  11; 12 475;949;993;993;54474;1;0;140;0.0701724;776288;0;0;bBELA*<1>;? Unchecked;v1.6.0-213-g5f31454
maps;unit;42/100;100;498  17; 14 490;957;1005;1005;42269;1;0;140;0.0698341;605278;0;0;bBELA*<1>;? Unchecked;v1.6.0-213-g5f31454
maps;unit;43/100;100;463   2; 20 497;938;992;992;67482;1;0;140;0.0862158;782710;0;0;bBELA*<1>;? Unchecked;v1.6.0-213-g5f31454
maps;unit;44/100;100;  2   1;459 479;935;987;987;62073;1;0;140;0.0785316;790420;0;0;bBELA*<1>;? Unchecked;v1.6.0-213-g5f31454
maps;unit;45/100;100;497   1; 11 511;996;1032;1032;54118;1;0;140;0.0712051;760029;0;0;bBELA*<1>;? Unchecked;v1.6.0-213-g5f31454
maps;unit;46/100;100; 20  23;493 493;943;999;999;56918;1;0;140;0.0763548;745441;0;0;bBELA*<1>;? Unchecked;v1.6.0-213-g5f31454
maps;unit;47/100;100;505  13; 44 497;945;983;983;33311;1;0;140;0.048963;680330;0;0;bBELA*<1>;? Unchecked;v1.6.0-213-g5f31454
maps;unit;48/100;100; 20   1;478 472;929;975;975;55087;1;0;140;0.0731222;753356;0;0;bBELA*<1>;? Unchecked;v1.6.0-213-g5f31454
maps;unit;49/100;100;487 496; 17   3;963;1029;1029;69406;1;0;140;0.0888394;781253;0;0;bBELA*<1>;? Unchecked;v1.6.0-213-g5f31454
maps;unit;50/100;100;487 499;  6  54;926;1012;1012;67197;1;0;140;0.0879365;764154;0;0;bBELA*<1>;? Unchecked;v1.6.0-213-g5f31454
maps;unit;51/100;100; 33   2;492 500;957;1025;1025;78371;1;0;140;0.101048;775579;0;0;bBELA*<1>;? Unchecked;v1.6.0-213-g5f31454
maps;unit;52/100;100;498 477; 13  27;935;995;995;66120;1;0;140;0.101763;649746;0;0;bBELA*<1>;? Unchecked;v1.6.0-213-g5f31454
maps;unit;53/100;100;495 485;  9  40;931;999;999;72773;1;0;140;0.0928714;783589;0;0;bBELA*<1>;? Unchecked;v1.6.0-213-g5f31454
maps;unit;54/100;100;485  35;  5 497;942;984;984;49094;1;0;140;0.0674487;727872;0;0;bBELA*<1>;? Unchecked;v1.6.0-213-g5f31454
maps;unit;55/100;100;506 510; 39  38;939;987;987;40486;1;0;140;0.0571935;707878;0;0;bBELA*<1>;? Unchecked;v1.6.0-213-g5f31454
maps;unit;56/100;100;499  13; 17 491;960;1000;1000;40178;1;0;140;0.053973;744410;0;0;bBELA*<1>;? Unchecked;v1.6.0-213-g5f31454
maps;unit;57/100;100;477  39;  5 494;927;969;969;45556;1;0;140;0.0628073;725329;0;0;bBELA*<1>;? Unchecked;v1.6.0-213-g5f31454
maps;unit;58/100;100;  5 478;467  16;924;958;958;27599;1;0;140;0.0409418;674102;0;0;bBELA*<1>;? Unchecked;v1.6.0-213-g5f31454
maps;unit;59/100;100;509 511; 54   4;962;1036;1036;75080;1;0;140;0.0940245;798516;0;0;bBELA*<1>;? Unchecked;v1.6.0-213-g5f31454
maps;unit;60/100;100; 17   0;494 487;964;1022;1022;50029;1;0;140;0.0691475;723511;0;0;bBELA*<1>;? Unchecked;v1.6.0-213-g5f31454
maps;unit;61/100;100; 15 502;461  15;933;991;991;67057;1;0;140;0.0837738;800453;0;0;bBELA*<1>;? Unchecked;v1.6.0-213-g5f31454
maps;unit;62/100;100; 10  30;490 483;933;999;999;53187;1;0;140;0.0702354;757268;0;0;bBELA*<1>;? Unchecked;v1.6.0-213-g5f31454
maps;unit;63/100;100;  1  49;496 496;942;1012;1012;61562;1;0;140;0.0793034;776285;0;0;bBELA*<1>;? Unchecked;v1.6.0-213-g5f31454
maps;unit;64/100;100;482 451;  7   4;922;976;976;38216;1;0;140;0.0540642;706863;0;0;bBELA*<1>;? Unchecked;v1.6.0-213-g5f31454
maps;unit;65/100;100;498 509;  2  63;942;1022;1022;76652;1;0;140;0.0954814;802795;0;0;bBELA*<1>;? Unchecked;v1.6.0-213-g5f31454
maps;unit;66/100;100;  6 455;506  34;921;965;965;48332;1;0;140;0.0645306;748978;0;0;bBELA*<1>;? Unchecked;v1.6.0-213-g5f31454
maps;unit;67/100;100;  9   3;508 489;985;1025;1025;41980;1;0;140;0.060251;696752;0;0;bBELA*<1>;? Unchecked;v1.6.0-213-g5f31454
maps;unit;68/100;100; 22 506;479  35;928;988;988;47102;1;0;140;0.0644683;730623;0;0;bBELA*<1>;? Unchecked;v1.6.0-213-g5f31454
maps;unit;69/100;100; 28   4;498 501;967;1021;1021;66730;1;0;140;0.0846755;788067;0;0;bBELA*<1>;? Unchecked;v1.6.0-213-g5f31454
maps;unit;70/100;100;472  11; 13 507;955;991;991;51408;1;0;140;0.0685332;750118;0;0;bBELA*<1>;? Unchecked;v1.6.0-213-g5f31454
maps;unit;71/100;100; 31  47;493 505;920;976;976;64285;1;0;140;0.0833349;771406;0;0;bBELA*<1>;? Unchecked;v1.6.0-213-g5f31454
maps;unit;72/100;100; 14  16;507 492;969;1013;1013;41848;1;0;140;0.061708;678162;0;0;bBELA*<1>;? Unchecked;v1.6.0-213-g5f31454
maps;unit;73/100;100; 73   2;501 511;937;999;999;60688;1;0;140;0.0770239;787911;0;0;bBELA*<1>;? Unchecked;v1.6.0-213-g5f31454
maps;unit;74/100;100; 35 510;488   7;956;984;984;34751;1;0;140;0.052198;665754;0;0;bBELA*<1>;? Unchecked;v1.6.0-213-g5f31454
maps;unit;75/100;100; 17  19;483 492;939;1001;1001;68463;1;0;140;0.0865111;791378;0;0;bBELA*<1>;? Unchecked;v1.6.0-213-g5f31454
maps;unit;76/100;100; 16 510;511  21;984;1036;1036;55353;1;0;140;0.0725559;762902;0;0;bBELA*<1>;? Unchecked;v1.6.0-213-g5f31454
maps;unit;77/100;100;468  11; 11 507;953;991;991;51341;1;0;140;0.0676003;759479;0;0;bBELA*<1>;? Unchecked;v1.6.0-213-g5f31454
maps;unit;78/100;100; 52 501;484  13;920;952;952;33415;1;0;140;0.0479401;697015;0;0;bBELA*<1>;? Unchecked;v1.6.0-213-g5f31454
maps;unit;79/100;100; 37 501;507  49;922;980;980;79886;1;0;140;0.0957109;834659;0;0;bBELA*<1>;? Unchecked;v1.6.0-213-g5f31454
maps;unit;80/100;100;  9   2;505 502;996;1044;1044;57990;1;0;140;0.0763967;759064;0;0;bBELA*<1>;? Unchecked;v1.6.0-213-g5f31454
maps;unit;81/100;100;495 510; 32  16;957;1013;1013;45467;1;0;140;0.0656459;692610;0;0;bBELA*<1>;? Unchecked;v1.6.0-213-g5f31454
maps;unit;82/100;100;  6  25;481 479;929;985;985;50918;1;0;140;0.068961;738359;0;0;bBELA*<1>;? Unchecked;v1.6.0-213-g5f31454
maps;unit;83/100;100; 48 481;500  10;923;955;955;36736;1;0;140;0.0511633;718014;0;0;bBELA*<1>;? Unchecked;v1.6.0-213-g5f31454
maps;unit;84/100;100;483  21;  8 485;939;979;979;46770;1;0;140;0.0626687;746306;0;0;bBELA*<1>;? Unchecked;v1.6.0-213-g5f31454
maps;unit;85/100;100;489   2;  2 465;950;982;982;45367;1;0;140;0.0625056;725807;0;0;bBELA*<1>;? Unchecked;v1.6.0-213-g5f31454
maps;unit;86/100;100; 23 481;500  19;939;997;997;63498;1;0;140;0.0778691;815445;0;0;bBELA*<1>;? Unchecked;v1.6.0-213-g5f31454
maps;unit;87/100;100;469 491; 16  14;930;980;980;42755;1;0;140;0.0612464;698082;0;0;bBELA*<1>;? Unchecked;v1.6.0-213-g5f31454
maps;unit;88/100;100;  1  30;456 501;926;1016;1016;85332;1;0;140;0.108133;789139;0;0;bBELA*<1>;? Unchecked;v1.6.0-213-g5f31454
maps;unit;89/100;100;  7 479;505  48;929;989;989;69547;1;0;140;0.0846266;821810;0;0;bBELA*<1>;? Unchecked;v1.6.0-213-g5f31454
maps;unit;90/100;100;508 511; 40   7;972;1042;1042;72355;1;0;140;0.0918669;787607;0;0;bBELA*<1>;? Unchecked;v1.6.0-213-g5f31454
maps;unit;91/100;100; 41 489;509  34;923;973;973;68614;1;0;140;0.0840359;816484;0;0;bBELA*<1>;? Unchecked;v1.6.0-213-g5f31454
maps;unit;92/100;100; 54 499;492  17;920;964;964;51683;1;0;140;0.0662852;779707;0;0;bBELA*<1>;? Unchecked;v1.6.0-213-g5f31454
maps;unit;93/100;100;469   6; 22 482;923;963;963;49976;1;0;140;0.0671195;744583;0;0;bBELA*<1>;? Unchecked;v1.6.0-213-g5f31454
maps;unit;94/100;100; 68  20;509 507;928;996;996;61033;1;0;140;0.0780237;782236;0;0;bBELA*<1>;? Unchecked;v1.6.0-213-g5f31454
maps;unit;95/100;100;484 482; 22  17;927;971;971;39418;1;0;140;0.0549839;716901;0;0;bBELA*<1>;? Unchecked;v1.6.0-213-g5f31454
maps;unit;96/100;100;  6   3;507 507;1005;1055;1055;61254;1;0;140;0.0826887;740779;0;0;bBELA*<1>;? Unchecked;v1.6.0-213-g5f31454
maps;unit;97/100;100;480   7; 33 480;920;954;954;44846;1;0;140;0.0637376;703603;0;0;bBELA*<1>;? Unchecked;v1.6.0-213-g5f31454
maps;unit;98/100;100;501 484; 46   0;939;1001;1001;71157;1;0;140;0.0902808;788174;0;0;bBELA*<1>;? Unchecked;v1.6.0-213-g5f31454
maps;unit;99/100;100;504 493;  9  25;963;1021;1021;59399;1;0;140;0.0879713;675209;0;0;bBELA*<1>;? Unchecked;v1.6.0-213-g5f31454
maps;unit;0/200;200; 14 477;509  34;938;1002;1002;67075;1;0;140;0.0938019;715071;0;0;bBELA*<1>;? Unchecked;v1.6.0-213-g5f31454
maps;unit;1/200;200;488   3; 14 464;935;963;963;37635;1;0;140;0.0592268;635438;0;0;bBELA*<1>;? Unchecked;v1.6.0-213-g5f31454
maps;unit;2/200;200;  9 438;503   6;926;972;972;30851;1;0;140;0.0536584;574952;0;0;bBELA*<1>;? Unchecked;v1.6.0-213-g5f31454
maps;unit;3/200;200; 59  12;508 498;935;989;989;48353;1;0;140;0.0752465;642595;0;0;bBELA*<1>;? Unchecked;v1.6.0-213-g5f31454
maps;unit;4/200;200;495 508;  4   0;999;1053;1053;40640;1;0;140;0.0674416;602595;0;0;bBELA*<1>;? Unchecked;v1.6.0-213-g5f31454
maps;unit;5/200;200;454  24; 11 502;921;953;953;46498;1;0;140;0.0798841;582068;0;0;bBELA*<1>;? Unchecked;v1.6.0-213-g5f31454
maps;unit;6/200;200;  2  27;476 485;932;1002;1002;64046;1;0;140;0.0916139;699086;0;0;bBELA*<1>;? Unchecked;v1.6.0-213-g5f31454
maps;unit;7/200;200;450   6;  8 486;922;958;958;45550;1;0;140;0.0718085;634326;0;0;bBELA*<1>;? Unchecked;v1.6.0-213-g5f31454
maps;unit;8/200;200;496  29; 22 481;926;986;986;63828;1;0;140;0.0894585;713493;0;0;bBELA*<1>;? Unchecked;v1.6.0-213-g5f31454
maps;unit;9/200;200;489   9;  1 459;938;966;966;37857;1;0;140;0.0614397;616165;0;0;bBELA*<1>;? Unchecked;v1.6.0-213-g5f31454
maps;unit;10/200;200; 27  10;494 508;965;1019;1019;65503;1;0;140;0.0954843;686008;0;0;bBELA*<1>;? Unchecked;v1.6.0-213-g5f31454
maps;unit;11/200;200;479   9; 52 503;921;955;955;44363;1;0;140;0.0714596;620812;0;0;bBELA*<1>;? Unchecked;v1.6.0-213-g5f31454
maps;unit;12/200;200;486 493; 12  19;948;1004;1004;51591;1;0;140;0.0810641;636423;0;0;bBELA*<1>;? Unchecked;v1.6.0-213-g5f31454
maps;unit;13/200;200;492 503; 28  34;933;991;991;45477;1;0;140;0.0938453;484596;0;0;bBELA*<1>;? Unchecked;v1.6.0-213-g5f31454
maps;unit;14/200;200; 14 508;507  75;926;992;992;73556;1;0;140;0.119343;616342;0;0;bBELA*<1>;? Unchecked;v1.6.0-213-g5f31454
maps;unit;15/200;200;  7 486;483  12;950;980;980;21537;1;0;140;0.0463419;464741;0;0;bBELA*<1>;? Unchecked;v1.6.0-213-g5f31454
maps;unit;16/200;200;  8 506;463  25;936;976;976;32046;1;0;140;0.0549096;583614;0;0;bBELA*<1>;? Unchecked;v1.6.0-213-g5f31454
maps;unit;17/200;200;485  28;  7 510;960;1004;1004;58559;1;0;140;0.0851492;687722;0;0;bBELA*<1>;? Unchecked;v1.6.0-213-g5f31454
maps;unit;18/200;200;478 494; 14  11;947;995;995;40215;1;0;140;0.0650935;617804;0;0;bBELA*<1>;? Unchecked;v1.6.0-213-g5f31454
maps;unit;19/200;200;504  18; 57 499;928;990;990;79125;1;0;140;0.111478;709780;0;0;bBELA*<1>;? Unchecked;v1.6.0-213-g5f31454
maps;unit;20/200;200;480 488; 31   3;934;992;992;54663;1;0;140;0.0818264;668036;0;0;bBELA*<1>;? Unchecked;v1.6.0-213-g5f31454
maps;unit;21/200;200; 13 507;477  15;956;990;990;23376;1;0;140;0.0468884;498545;0;0;bBELA*<1>;? Unchecked;v1.6.0-213-g5f31454
maps;unit;22/200;200; 11  12;496 469;942;986;986;45166;1;0;140;0.0733509;615753;0;0;bBELA*<1>;? Unchecked;v1.6.0-213-g5f31454
maps;unit;23/200;200; 32 507;466  14;927;1009;1009;38594;1;0;140;0.0634826;607946;0;0;bBELA*<1>;? Unchecked;v1.6.0-213-g5f31454
maps;unit;24/200;200;500   1; 50 509;958;998;998;46790;1;0;140;0.0768441;608895;0;0;bBELA*<1>;? Unchecked;v1.6.0-213-g5f31454
maps;unit;25/200;200;484  39;  5 503;943;989;989;54995;1;0;140;0.0847267;649087;0;0;bBELA*<1>;? Unchecked;v1.6.0-213-g5f31454
maps;unit;26/200;200; 24   2;508 490;972;1014;1014;43017;1;0;140;0.0713441;602951;0;0;bBELA*<1>;? Unchecked;v1.6.0-213-g5f31454
maps;unit;27/200;200;482   5;  8 465;934;962;962;37124;1;0;140;0.0621281;597539;0;0;bBELA*<1>;? Unchecked;v1.6.0-213-g5f31454
maps;unit;28/200;200;  6  47;497 481;925;985;985;53465;1;0;140;0.0805424;663812;0;0;bBELA*<1>;? Unchecked;v1.6.0-213-g5f31454
maps;unit;29/200;200;489  13; 49 506;933;967;967;45881;1;0;140;0.0759466;604122;0;0;bBELA*<1>;? Unchecked;v1.6.0-213-g5f31454
maps;unit;30/200;200;499 510;  2  87;920;982;982;57526;1;0;140;0.0838469;686084;0;0;bBELA*<1>;? Unchecked;v1.6.0-213-g5f31454
maps;unit;31/200;200; 63 490;494   0;921;963;963;43423;1;0;140;0.0699783;620521;0;0;bBELA*<1>;? Unchecked;v1.6.0-213-g5f31454
maps;unit;32/200;200;509  15; 24 506;976;1048;1048;98234;1;0;141;0.132873;739307;0;0;bBELA*<1>;? Unchecked;v1.6.0-213-g5f31454
maps;unit;33/200;200;  2  29;510 459;938;1004;1004;51261;1;0;141;0.0797353;642890;0;0;bBELA*<1>;? Unchecked;v1.6.0-213-g5f31454
maps;unit;34/200;200;487 477;  0  34;930;1006;1006;80744;1;0;141;0.110535;730484;0;0;bBELA*<1>;? Unchecked;v1.6.0-213-g5f31454
maps;unit;35/200;200;496   5; 21 452;922;952;952;44726;1;0;141;0.0709908;630025;0;0;bBELA*<1>;? Unchecked;v1.6.0-213-g5f31454
maps;unit;36/200;200;486 492; 27  24;927;987;987;56900;1;0;141;0.0858801;662552;0;0;bBELA*<1>;? Unchecked;v1.6.0-213-g5f31454
maps;unit;37/200;200; 41 501;484  19;925;959;959;50278;1;0;141;0.0747497;672618;0;0;bBELA*<1>;? Unchecked;v1.6.0-213-g5f31454
maps;unit;38/200;200;453 486;  4   2;933;997;997;50697;1;0;141;0.0786994;644185;0;0;bBELA*<1>;? Unchecked;v1.6.0-213-g5f31454
maps;unit;39/200;200; 37   3;511 462;933;1001;1001;70396;1;0;141;0.0988726;711987;0;0;bBELA*<1>;? Unchecked;v1.6.0-213-g5f31454
maps;unit;40/200;200; 30  53;509 494;920;972;972;41746;1;0;141;0.0672688;620585;0;0;bBELA*<1>;? Unchecked;v1.6.0-213-g5f31454
maps;unit;41/200;200;497  11; 12 475;949;993;993;54474;1;0;141;0.0792561;687316;0;0;bBELA*<1>;? Unchecked;v1.6.0-213-g5f31454
maps;unit;42/200;200;498  17; 14 490;957;1005;1005;42269;1;0;141;0.0703814;600571;0;0;bBELA*<1>;? Unchecked;v1.6.0-213-g5f31454
maps;unit;43/200;200;463   2; 20 497;938;992;992;67482;1;0;141;0.0961759;701652;0;0;bBELA*<1>;? Unchecked;v1.6.0-213-g5f31454
maps;unit;44/200;200;  2   1;459 479;935;987;987;62073;1;0;141;0.0891967;695912;0;0;bBELA*<1>;? Unchecked;v1.6.0-213-g5f31454
maps;unit;45/200;200;497   1; 11 511;996;1032;1032;54118;1;0;141;0.0832404;650141;0;0;bBELA*<1>;? Unchecked;v1.6.0-213-g5f31454
maps;unit;46/200;200; 20  23;493 493;943;999;999;56918;1;0;141;0.0836424;680492;0;0;bBELA*<1>;? Unchecked;v1.6.0-213-g5f31454
maps;unit;47/200;200;505  13; 44 497;945;983;983;33311;1;0;141;0.0573128;581214;0;0;bBELA*<1>;? Unchecked;v1.6.0-213-g5f31454
maps;unit;48/200;200; 20   1;478 472;929;975;975;55087;1;0;141;0.0813834;676882;0;0;bBELA*<1>;? Unchecked;v1.6.0-213-g5f31454
maps;unit;49/200;200;487 496; 17   3;963;1029;1029;69406;1;0;141;0.0993167;698835;0;0;bBELA*<1>;? Unchecked;v1.6.0-213-g5f31454
maps;unit;50/200;200;487 499;  6  54;926;1012;1012;67197;1;0;141;0.0978752;686558;0;0;bBELA*<1>;? Unchecked;v1.6.0-213-g5f31454
maps;unit;51/200;200; 33   2;492 500;957;1025;1025;78371;1;0;141;0.106717;734383;0;0;bBELA*<1>;? Unchecked;v1.6.0-213-g5f31454
maps;unit;52/200;200;498 477; 13  27;935;995;995;66120;1;0;141;0.0946403;698645;0;0;bBELA*<1>;? Unchecked;v1.6.0-213-g5f31454
maps;unit;53/200;200;495 485;  9  40;931;999;999;72773;1;0;141;0.102513;709888;0;0;bBELA*<1>;? Unchecked;v1.6.0-213-g5f31454
maps;unit;54/200;200;485  35;  5 497;942;984;984;49094;1;0;141;0.0762253;644064;0;0;bBELA*<1>;? Unchecked;v1.6.0-213-g5f31454
maps;unit;55/200;200;506 510; 39  38;939;987;987;40486;1;0;141;0.0669922;604339;0;0;bBELA*<1>;? Unchecked;v1.6.0-213-g5f31454
maps;unit;56/200;200;499  13; 17 491;960;1000;1000;40178;1;0;141;0.0633664;634059;0;0;bBELA*<1>;? Unchecked;v1.6.0-213-g5f31454
maps;unit;57/200;200;477  39;  5 494;927;969;969;45556;1;0;141;0.0730794;623377;0;0;bBELA*<1>;? Unchecked;v1.6.0-213-g5f31454
maps;unit;58/200;200;  5 478;467  16;924;958;958;27599;1;0;141;0.0514134;536806;0;0;bBELA*<1>;? Unchecked;v1.6.0-213-g5f31454
maps;unit;59/200;200;509 511; 54   4;962;1036;1036;75080;1;0;141;0.104998;715065;0;0;bBELA*<1>;? Unchecked;v1.6.0-213-g5f31454
maps;unit;60/200;200; 17   0;494 487;964;1022;1022;50029;1;0;141;0.0809959;617673;0;0;bBELA*<1>;? Unchecked;v1.6.0-213-g5f31454
maps;unit;61/200;200; 15 502;461  15;933;991;991;67057;1;0;141;0.0932633;719007;0;0;bBELA*<1>;? Unchecked;v1.6.0-213-g5f31454
maps;unit;62/200;200; 10  30;490 483;933;999;999;53187;1;0;141;0.0812759;654401;0;0;bBELA*<1>;? Unchecked;v1.6.0-213-g5f31454
maps;unit;63/200;200;  1  49;496 496;942;1012;1012;61562;1;0;141;0.0898546;685129;0;0;bBELA*<1>;? Unchecked;v1.6.0-213-g5f31454
maps;unit;64/200;200;482 451;  7   4;922;976;976;38216;1;0;141;0.0637648;599327;0;0;bBELA*<1>;? Unchecked;v1.6.0-213-g5f31454
maps;unit;65/200;200;498 509;  2  63;942;1022;1022;76652;1;0;141;0.106635;718826;0;0;bBELA*<1>;? Unchecked;v1.6.0-213-g5f31454
maps;unit;66/200;200;  6 455;506  34;921;965;965;48332;1;0;141;0.0754476;640603;0;0;bBELA*<1>;? Unchecked;v1.6.0-213-g5f31454
maps;unit;67/200;200;  9   3;508 489;985;1025;1025;41980;1;0;141;0.0669347;627178;0;0;bBELA*<1>;? Unchecked;v1.6.0-213-g5f31454
maps;unit;68/200;200; 22 506;479  35;928;988;988;47102;1;0;141;0.0736389;639635;0;0;bBELA*<1>;? Unchecked;v1.6.0-213-g5f31454
maps;unit;69/200;200; 28   4;498 501;967;1021;1021;66730;1;0;141;0.0966974;690091;0;0;bBELA*<1>;? Unchecked;v1.6.0-213-g5f31454
maps;unit;70/200;200;472  11; 13 507;955;991;991;51408;1;0;141;0.0775281;663088;0;0;bBELA*<1>;? Unchecked;v1.6.0-213-g5f31454
maps;unit;71/200;200; 31  47;493 505;920;976;976;64285;1;0;141;0.0918742;699707;0;0;bBELA*<1>;? Unchecked;v1.6.0-213-g5f31454
maps;unit;72/200;200; 14  16;507 492;969;1013;1013;41848;1;0;141;0.0680858;614636;0;0;bBELA*<1>;? Unchecked;v1.6.0-213-g5f31454
maps;unit;73/200;200; 73   2;501 511;937;999;999;60688;1;0;141;0.0881195;688701;0;0;bBELA*<1>;? Unchecked;v1.6.0-213-g5f31454
maps;unit;74/200;200; 35 510;488   7;956;984;984;34751;1;0;141;0.0599547;579621;0;0;bBELA*<1>;? Unchecked;v1.6.0-213-g5f31454
maps;unit;75/200;200; 17  19;483 492;939;1001;1001;68463;1;0;141;0.0968654;706785;0;0;bBELA*<1>;? Unchecked;v1.6.0-213-g5f31454
maps;unit;76/200;200; 16 510;511  21;984;1036;1036;55353;1;0;141;0.0840584;658507;0;0;bBELA*<1>;? Unchecked;v1.6.0-213-g5f31454
maps;unit;77/200;200;468  11; 11 507;953;991;991;51341;1;0;141;0.0765999;670249;0;0;bBELA*<1>;? Unchecked;v1.6.0-213-g5f31454
maps;unit;78/200;200; 52 501;484  13;920;952;952;33415;1;0;141;0.055841;598395;0;0;bBELA*<1>;? Unchecked;v1.6.0-213-g5f31454
maps;unit;79/200;200; 37 501;507  49;922;980;980;79886;1;0;141;0.106223;752063;0;0;bBELA*<1>;? Unchecked;v1.6.0-213-g5f31454
maps;unit;80/200;200;  9   2;505 502;996;1044;1044;57990;1;0;141;0.0878162;660356;0;0;bBELA*<1>;? Unchecked;v1.6.0-213-g5f31454
maps;unit;81/200;200;495 510; 32  16;957;1013;1013;45467;1;0;141;0.0766803;592942;0;0;bBELA*<1>;? Unchecked;v1.6.0-213-g5f31454
maps;unit;82/200;200;  6  25;481 479;929;985;985;50918;1;0;141;0.0775556;656535;0;0;bBELA*<1>;? Unchecked;v1.6.0-213-g5f31454
maps;unit;83/200;200; 48 481;500  10;923;955;955;36736;1;0;141;0.0591707;620848;0;0;bBELA*<1>;? Unchecked;v1.6.0-213-g5f31454
maps;unit;84/200;200;483  21;  8 485;939;979;979;46770;1;0;141;0.0738129;633629;0;0;bBELA*<1>;? Unchecked;v1.6.0-213-g5f31454
maps;unit;85/200;200;489   2;  2 465;950;982;982;45367;1;0;141;0.0727939;623225;0;0;bBELA*<1>;? Unchecked;v1.6.0-213-g5f31454
maps;unit;86/200;200; 23 481;500  19;939;997;997;63498;1;0;141;0.0898576;706651;0;0;bBELA*<1>;? Unchecked;v1.6.0-213-g5f31454
maps;unit;87/200;200;469 491; 16  14;930;980;980;42755;1;0;141;0.0715266;597750;0;0;bBELA*<1>;? Unchecked;v1.6.0-213-g5f31454
maps;unit;88/200;200;  1  30;456 501;926;1016;1016;85332;1;0;141;0.118569;719680;0;0;bBELA*<1>;? Unchecked;v1.6.0-213-g5f31454
maps;unit;89/200;200;  7 479;505  48;929;989;989;69547;1;0;148;0.0947432;734058;0;0;bBELA*<1>;? Unchecked;v1.6.0-213-g5f31454
maps;unit;90/200;200;508 511; 40   7;972;1042;1042;72355;1;0;148;0.100751;718160;0;0;bBELA*<1>;? Unchecked;v1.6.0-213-g5f31454
maps;unit;91/200;200; 41 489;509  34;923;973;973;68614;1;0;148;0.09372;732117;0;0;bBELA*<1>;? Unchecked;v1.6.0-213-g5f31454
maps;unit;92/200;200; 54 499;492  17;920;964;964;51683;1;0;148;0.0778773;663646;0;0;bBELA*<1>;? Unchecked;v1.6.0-213-g5f31454
maps;unit;93/200;200;469   6; 22 482;923;963;963;49976;1;0;148;0.0759708;657832;0;0;bBELA*<1>;? Unchecked;v1.6.0-213-g5f31454
maps;unit;94/200;200; 68  20;509 507;928;996;996;61033;1;0;148;0.0871879;700017;0;0;bBELA*<1>;? Unchecked;v1.6.0-213-g5f31454
maps;unit;95/200;200;484 482; 22  17;927;971;971;39418;1;0;148;0.0651693;604855;0;0;bBELA*<1>;? Unchecked;v1.6.0-213-g5f31454
maps;unit;96/200;200;  6   3;507 507;1005;1055;1055;61254;1;0;148;0.092008;665746;0;0;bBELA*<1>;? Unchecked;v1.6.0-213-g5f31454
maps;unit;97/200;200;480   7; 33 480;920;954;954;44846;1;0;148;0.0721563;621512;0;0;bBELA*<1>;? Unchecked;v1.6.0-213-g5f31454
maps;unit;98/200;200;501 484; 46   0;939;1001;1001;71157;1;0;148;0.100771;706123;0;0;bBELA*<1>;? Unchecked;v1.6.0-213-g5f31454
maps;unit;99/200;200;504 493;  9  25;963;1021;1021;59399;1;0;148;0.0886371;670137;0;0;bBELA*<1>;? Unchecked;v1.6.0-213-g5f31454
maps;unit;0/300;300; 14 477;509  34;938;1002;1002;67075;1;0;148;0.102734;652900;0;0;bBELA*<1>;? Unchecked;v1.6.0-213-g5f31454
maps;unit;1/300;300;488   3; 14 464;935;963;963;37635;1;0;148;0.0687377;547516;0;0;bBELA*<1>;? Unchecked;v1.6.0-213-g5f31454
maps;unit;2/300;300;  9 438;503   6;926;972;972;30851;1;0;148;0.0788894;391067;0;0;bBELA*<1>;? Unchecked;v1.6.0-213-g5f31454
maps;unit;3/300;300; 59  12;508 498;935;989;989;48353;1;0;148;0.0862874;560372;0;0;bBELA*<1>;? Unchecked;v1.6.0-213-g5f31454
maps;unit;4/300;300;495 508;  4   0;999;1053;1053;40640;1;0;148;0.0770883;527188;0;0;bBELA*<1>;? Unchecked;v1.6.0-213-g5f31454
maps;unit;5/300;300;454  24; 11 502;921;953;953;46498;1;0;148;0.0809629;574313;0;0;bBELA*<1>;? Unchecked;v1.6.0-213-g5f31454
maps;unit;6/300;300;  2  27;476 485;932;1002;1002;64046;1;0;148;0.101626;630211;0;0;bBELA*<1>;? Unchecked;v1.6.0-213-g5f31454
maps;unit;7/300;300;450   6;  8 486;922;958;958;45550;1;0;148;0.0796326;572002;0;0;bBELA*<1>;? Unchecked;v1.6.0-213-g5f31454
maps;unit;8/300;300;496  29; 22 481;926;986;986;63828;1;0;148;0.0967656;659615;0;0;bBELA*<1>;? Unchecked;v1.6.0-213-g5f31454
maps;unit;9/300;300;489   9;  1 459;938;966;966;37857;1;0;148;0.0707134;535358;0;0;bBELA*<1>;? Unchecked;v1.6.0-213-g5f31454
maps;unit;10/300;300; 27  10;494 508;965;1019;1019;65503;1;0;148;0.103082;635443;0;0;bBELA*<1>;? Unchecked;v1.6.0-213-g5f31454
maps;unit;11/300;300;479   9; 52 503;921;955;955;44363;1;0;148;0.0786735;563887;0;0;bBELA*<1>;? Unchecked;v1.6.0-213-g5f31454
maps;unit;12/300;300;486 493; 12  19;948;1004;1004;51591;1;0;148;0.0917782;562127;0;0;bBELA*<1>;? Unchecked;v1.6.0-213-g5f31454
maps;unit;13/300;300;492 503; 28  34;933;991;991;45477;1;0;148;0.0824849;551338;0;0;bBELA*<1>;? Unchecked;v1.6.0-213-g5f31454
maps;unit;14/300;300; 14 508;507  75;926;992;992;73556;1;0;148;0.118706;619646;0;0;bBELA*<1>;? Unchecked;v1.6.0-213-g5f31454
maps;unit;15/300;300;  7 486;483  12;950;980;980;21537;1;0;148;0.0554463;388430;0;0;bBELA*<1>;? Unchecked;v1.6.0-213-g5f31454
maps;unit;16/300;300;  8 506;463  25;936;976;976;32046;1;0;148;0.0647587;494852;0;0;bBELA*<1>;? Unchecked;v1.6.0-213-g5f31454
maps;unit;17/300;300;485  28;  7 510;960;1004;1004;58559;1;0;148;0.0935547;625934;0;0;bBELA*<1>;? Unchecked;v1.6.0-213-g5f31454
maps;unit;18/300;300;478 494; 14  11;947;995;995;40215;1;0;148;0.0761409;528165;0;0;bBELA*<1>;? Unchecked;v1.6.0-213-g5f31454
maps;unit;19/300;300;504  18; 57 499;928;990;990;79125;1;0;148;0.116331;680171;0;0;bBELA*<1>;? Unchecked;v1.6.0-213-g5f31454
maps;unit;20/300;300;480 488; 31   3;934;992;992;54663;1;0;148;0.0942043;580260;0;0;bBELA*<1>;? Unchecked;v1.6.0-213-g5f31454
maps;unit;21/300;300; 13 507;477  15;956;990;990;23376;1;0;148;0.057338;407687;0;0;bBELA*<1>;? Unchecked;v1.6.0-213-g5f31454
maps;unit;22/300;300; 11  12;496 469;942;986;986;45166;1;0;148;0.0825071;547419;0;0;bBELA*<1>;? Unchecked;v1.6.0-213-g5f31454
maps;unit;23/300;300; 32 507;466  14;927;1009;1009;38594;1;0;148;0.0749022;515259;0;0;bBELA*<1>;? Unchecked;v1.6.0-213-g5f31454
maps;unit;24/300;300;500   1; 50 509;958;998;998;46790;1;0;148;0.0841355;556127;0;0;bBELA*<1>;? Unchecked;v1.6.0-213-g5f31454
maps;unit;25/300;300;484  39;  5 503;943;989;989;54995;1;0;148;0.09058;607143;0;0;bBELA*<1>;? Unchecked;v1.6.0-213-g5f31454
maps;unit;26/300;300; 24   2;508 490;972;1014;1014;43017;1;0;148;0.0818599;525495;0;0;bBELA*<1>;? Unchecked;v1.6.0-213-g5f31454
maps;unit;27/300;300;482   5;  8 465;934;962;962;37124;1;0;148;0.0717705;517260;0;0;bBELA*<1>;? Unchecked;v1.6.0-213-g5f31454
maps;unit;28/300;300;  6  47;497 481;925;985;985;53465;1;0;148;0.0910516;587195;0;0;bBELA*<1>;? Unchecked;v1.6.0-213-g5f31454
maps;unit;29/300;300;489  13; 49 506;933;967;967;45881;1;0;148;0.0815872;562355;0;0;bBELA*<1>;? Unchecked;v1.6.0-213-g5f31454
maps;unit;30/300;300;499 510;  2  87;920;982;982;57526;1;0;148;0.0949581;605804;0;0;bBELA*<1>;? Unchecked;v1.6.0-213-g5f31454
maps;unit;31/300;300; 63 490;494   0;921;963;963;43423;1;0;148;0.0800851;542211;0;0;bBELA*<1>;? Unchecked;v1.6.0-213-g5f31454
maps;unit;32/300;300;509  15; 24 506;976;1048;1048;98234;1;0;151;0.14479;678457;0;0;bBELA*<1>;? Unchecked;v1.6.0-213-g5f31454
maps;unit;33/300;300;  2  29;510 459;938;1004;1004;51261;1;0;151;0.0894064;573348;0;0;bBELA*<1>;? Unchecked;v1.6.0-213-g5f31454
maps;unit;34/300;300;487 477;  0  34;930;1006;1006;80744;1;0;151;0.122219;660652;0;0;bBELA*<1>;? Unchecked;v1.6.0-213-g5f31454
maps;unit;35/300;300;496   5; 21 452;922;952;952;44726;1;0;151;0.0834819;535757;0;0;bBELA*<1>;? Unchecked;v1.6.0-213-g5f31454
maps;unit;36/300;300;486 492; 27  24;927;987;987;56900;1;0;151;0.0936087;607850;0;0;bBELA*<1>;? Unchecked;v1.6.0-213-g5f31454
maps;unit;37/300;300; 41 501;484  19;925;959;959;50278;1;0;151;0.0836706;600904;0;0;bBELA*<1>;? Unchecked;v1.6.0-213-g5f31454
maps;unit;38/300;300;453 486;  4   2;933;997;997;50697;1;0;151;0.0871716;581577;0;0;bBELA*<1>;? Unchecked;v1.6.0-213-g5f31454
maps;unit;39/300;300; 37   3;511 462;933;1001;1001;70396;1;0;151;0.117533;598947;0;0;bBELA*<1>;? Unchecked;v1.6.0-213-g5f31454
maps;unit;40/300;300; 30  53;509 494;920;972;972;41746;1;0;151;0.0758738;550203;0;0;bBELA*<1>;? Unchecked;v1.6.0-213-g5f31454
maps;unit;41/300;300;497  11; 12 475;949;993;993;54474;1;0;151;0.088894;612797;0;0;bBELA*<1>;? Unchecked;v1.6.0-213-g5f31454
maps;unit;42/300;300;498  17; 14 490;957;1005;1005;42269;1;0;151;0.079362;532610;0;0;bBELA*<1>;? Unchecked;v1.6.0-213-g5f31454
maps;unit;43/300;300;463   2; 20 497;938;992;992;67482;1;0;151;0.104467;645963;0;0;bBELA*<1>;? Unchecked;v1.6.0-213-g5f31454
maps;unit;44/300;300;  2   1;459 479;935;987;987;62073;1;0;151;0.096672;642099;0;0;bBELA*<1>;? Unchecked;v1.6.0-213-g5f31454
maps;unit;45/300;300;497   1; 11 511;996;1032;1032;54118;1;0;151;0.0933175;579934;0;0;bBELA*<1>;? Unchecked;v1.6.0-213-g5f31454
maps;unit;46/300;300; 20  23;493 493;943;999;999;56918;1;0;151;0.0940529;605170;0;0;bBELA*<1>;? Unchecked;v1.6.0-213-g5f31454
maps;unit;47/300;300;505  13; 44 497;945;983;983;33311;1;0;151;0.0668462;498323;0;0;bBELA*<1>;? Unchecked;v1.6.0-213-g5f31454
maps;unit;48/300;300; 20   1;478 472;929;975;975;55087;1;0;151;0.091885;599521;0;0;bBELA*<1>;? Unchecked;v1.6.0-213-g5f31454
maps;unit;49/300;300;487 496; 17   3;963;1029;1029;69406;1;0;151;0.108979;636873;0;0;bBELA*<1>;? Unchecked;v1.6.0-213-g5f31454
maps;unit;50/300;300;487 499;  6  54;926;1012;1012;67197;1;0;151;0.107122;627297;0;0;bBELA*<1>;? Unchecked;v1.6.0-213-g5f31454
maps;unit;51/300;300; 33   2;492 500;957;1025;1025;78371;1;0;151;0.118592;660844;0;0;bBELA*<1>;? Unchecked;v1.6.0-213-g5f31454
maps;unit;52/300;300;498 477; 13  27;935;995;995;66120;1;0;151;0.102984;642042;0;0;bBELA*<1>;? Unchecked;v1.6.0-213-g5f31454
maps;unit;53/300;300;495 485;  9  40;931;999;999;72773;1;0;151;0.111671;651671;0;0;bBELA*<1>;? Unchecked;v1.6.0-213-g5f31454
maps;unit;54/300;300;485  35;  5 497;942;984;984;49094;1;0;151;0.0841216;583608;0;0;bBELA*<1>;? Unchecked;v1.6.0-213-g5f31454
maps;unit;55/300;300;506 510; 39  38;939;987;987;40486;1;0;151;0.0753192;537525;0;0;bBELA*<1>;? Unchecked;v1.6.0-213-g5f31454
maps;unit;56/300;300;499  13; 17 491;960;1000;1000;40178;1;0;151;0.0727283;552440;0;0;bBELA*<1>;? Unchecked;v1.6.0-213-g5f31454
maps;unit;57/300;300;477  39;  5 494;927;969;969;45556;1;0;151;0.0812002;561033;0;0;bBELA*<1>;? Unchecked;v1.6.0-213-g5f31454
maps;unit;58/300;300;  5 478;467  16;924;958;958;27599;1;0;151;0.0605255;455990;0;0;bBELA*<1>;? Unchecked;v1.6.0-213-g5f31454
maps;unit;59/300;300;509 511; 54   4;962;1036;1036;75080;1;0;151;0.112873;665169;0;0;bBELA*<1>;? Unchecked;v1.6.0-213-g5f31454
maps;unit;60/300;300; 17   0;494 487;964;1022;1022;50029;1;0;151;0.0878022;569792;0;0;bBELA*<1>;? Unchecked;v1.6.0-213-g5f31454
maps;unit;61/300;300; 15 502;461  15;933;991;991;67057;1;0;151;0.104165;643757;0;0;bBELA*<1>;? Unchecked;v1.6.0-213-g5f31454
maps;unit;62/300;300; 10  30;490 483;933;999;999;53187;1;0;151;0.0904068;588307;0;0;bBELA*<1>;? Unchecked;v1.6.0-213-g5f31454
maps;unit;63/300;300;  1  49;496 496;942;1012;1012;61562;1;0;151;0.0989666;622048;0;0;bBELA*<1>;? Unchecked;v1.6.0-213-g5f31454
maps;unit;64/300;300;482 451;  7   4;922;976;976;38216;1;0;151;0.0732122;521989;0;0;bBELA*<1>;? Unchecked;v1.6.0-213-g5f31454
maps;unit;65/300;300;498 509;  2  63;942;1022;1022;76652;1;0;151;0.115624;662944;0;0;bBELA*<1>;? Unchecked;v1.6.0-213-g5f31454
maps;unit;66/300;300;  6 455;506  34;921;965;965;48332;1;0;151;0.0845086;571918;0;0;bBELA*<1>;? Unchecked;v1.6.0-213-g5f31454
maps;unit;67/300;300;  9   3;508 489;985;1025;1025;41980;1;0;151;0.0773334;542844;0;0;bBELA*<1>;? Unchecked;v1.6.0-213-g5f31454
maps;unit;68/300;300; 22 506;479  35;928;988;988;47102;1;0;151;0.0820639;573967;0;0;bBELA*<1>;? Unchecked;v1.6.0-213-g5f31454
maps;unit;69/300;300; 28   4;498 501;967;1021;1021;66730;1;0;151;0.105673;631474;0;0;bBELA*<1>;? Unchecked;v1.6.0-213-g5f31454
maps;unit;70/300;300;472  11; 13 507;955;991;991;51408;1;0;151;0.0878927;584895;0;0;bBELA*<1>;? Unchecked;v1.6.0-213-g5f31454
maps;unit;71/300;300; 31  47;493 505;920;976;976;64285;1;0;151;0.0999461;643197;0;0;bBELA*<1>;? Unchecked;v1.6.0-213-g5f31454
maps;unit;72/300;300; 14  16;507 492;969;1013;1013;41848;1;0;151;0.0785229;532940;0;0;bBELA*<1>;? Unchecked;v1.6.0-213-g5f31454
maps;unit;73/300;300; 73   2;501 511;937;999;999;60688;1;0;151;0.096062;631759;0;0;bBELA*<1>;? Unchecked;v1.6.0-213-g5f31454
maps;unit;74/300;300; 35 510;488   7;956;984;984;34751;1;0;151;0.0674949;514868;0;0;bBELA*<1>;? Unchecked;v1.6.0-213-g5f31454
maps;unit;75/300;300; 17  19;483 492;939;1001;1001;68463;1;0;151;0.10709;639304;0;0;bBELA*<1>;? Unchecked;v1.6.0-213-g5f31454
maps;unit;76/300;300; 16 510;511  21;984;1036;1036;55353;1;0;151;0.0941112;588166;0;0;bBELA*<1>;? Unchecked;v1.6.0-213-g5f31454
maps;unit;77/300;300;468  11; 11 507;953;991;991;51341;1;0;151;0.086363;594479;0;0;bBELA*<1>;? Unchecked;v1.6.0-213-g5f31454
maps;unit;78/300;300; 52 501;484  13;920;952;952;33415;1;0;151;0.0645647;517543;0;0;bBELA*<1>;? Unchecked;v1.6.0-213-g5f31454
maps;unit;79/300;300; 37 501;507  49;922;980;980;79886;1;0;151;0.116658;684789;0;0;bBELA*<1>;? Unchecked;v1.6.0-213-g5f31454
maps;unit;80/300;300;  9   2;505 502;996;1044;1044;57990;1;0;151;0.0963995;601559;0;0;bBELA*<1>;? Unchecked;v1.6.0-213-g5f31454
maps;unit;81/300;300;495 510; 32  16;957;1013;1013;45467;1;0;151;0.0855791;531286;0;0;bBELA*<1>;? Unchecked;v1.6.0-213-g5f31454
maps;unit;82/300;300;  6  25;481 479;929;985;985;50918;1;0;151;0.0876647;580827;0;0;bBELA*<1>;? Unchecked;v1.6.0-213-g5f31454
maps;unit;83/300;300; 48 481;500  10;923;955;955;36736;1;0;151;0.0704431;521499;0;0;bBELA*<1>;? Unchecked;v1.6.0-213-g5f31454
maps;unit;84/300;300;483  21;  8 485;939;979;979;46770;1;0;151;0.0848325;551321;0;0;bBELA*<1>;? Unchecked;v1.6.0-213-g5f31454
maps;unit;85/300;300;489   2;  2 465;950;982;982;45367;1;0;151;0.106542;425815;0;0;bBELA*<1>;? Unchecked;v1.6.0-213-g5f31454
maps;unit;86/300;300; 23 481;500  19;939;997;997;63498;1;0;151;0.101601;624972;0;0;bBELA*<1>;? Unchecked;v1.6.0-213-g5f31454
maps;unit;87/300;300;469 491; 16  14;930;980;980;42755;1;0;151;0.0791149;540417;0;0;bBELA*<1>;? Unchecked;v1.6.0-213-g5f31454
maps;unit;88/300;300;  1  30;456 501;926;1016;1016;85332;1;0;151;0.130183;655480;0;0;bBELA*<1>;? Unchecked;v1.6.0-213-g5f31454
maps;unit;89/300;300;  7 479;505  48;929;989;989;69547;1;0;151;0.104936;662759;0;0;bBELA*<1>;? Unchecked;v1.6.0-213-g5f31454
maps;unit;90/300;300;508 511; 40   7;972;1042;1042;72355;1;0;151;0.112154;645142;0;0;bBELA*<1>;? Unchecked;v1.6.0-213-g5f31454
maps;unit;91/300;300; 41 489;509  34;923;973;973;68614;1;0;151;0.104055;659403;0;0;bBELA*<1>;? Unchecked;v1.6.0-213-g5f31454
maps;unit;92/300;300; 54 499;492  17;920;964;964;51683;1;0;151;0.0866239;596637;0;0;bBELA*<1>;? Unchecked;v1.6.0-213-g5f31454
maps;unit;93/300;300;469   6; 22 482;923;963;963;49976;1;0;151;0.0873453;572166;0;0;bBELA*<1>;? Unchecked;v1.6.0-213-g5f31454
maps;unit;94/300;300; 68  20;509 507;928;996;996;61033;1;0;151;0.0962443;634147;0;0;bBELA*<1>;? Unchecked;v1.6.0-213-g5f31454
maps;unit;95/300;300;484 482; 22  17;927;971;971;39418;1;0;151;0.0745769;528555;0;0;bBELA*<1>;? Unchecked;v1.6.0-213-g5f31454
maps;unit;96/300;300;  6   3;507 507;1005;1055;1055;61254;1;0;151;0.100462;609724;0;0;bBELA*<1>;? Unchecked;v1.6.0-213-g5f31454
maps;unit;97/300;300;480   7; 33 480;920;954;954;44846;1;0;151;0.0801799;559317;0;0;bBELA*<1>;? Unchecked;v1.6.0-213-g5f31454
maps;unit;98/300;300;501 484; 46   0;939;1001;1001;71157;1;0;151;0.11075;642500;0;0;bBELA*<1>;? Unchecked;v1.6.0-213-g5f31454
maps;unit;99/300;300;504 493;  9  25;963;1021;1021;59399;1;0;151;0.0991905;598837;0;0;bBELA*<1>;? Unchecked;v1.6.0-213-g5f31454
maps;unit;0/400;400; 14 477;509  34;938;1002;1002;67075;1;0;151;0.114086;587936;0;0;bBELA*<1>;? Unchecked;v1.6.0-213-g5f31454
maps;unit;1/400;400;488   3; 14 464;935;963;963;37635;1;0;151;0.0788001;477601;0;0;bBELA*<1>;? Unchecked;v1.6.0-213-g5f31454
maps;unit;2/400;400;  9 438;503   6;926;972;972;30851;1;0;151;0.0717415;430030;0;0;bBELA*<1>;? Unchecked;v1.6.0-213-g5f31454
maps;unit;3/400;400; 59  12;508 498;935;989;989;48353;1;0;151;0.0960814;503250;0;0;bBELA*<1>;? Unchecked;v1.6.0-213-g5f31454
maps;unit;4/400;400;495 508;  4   0;999;1053;1053;40640;1;0;151;0.0876304;463766;0;0;bBELA*<1>;? Unchecked;v1.6.0-213-g5f31454
maps;unit;5/400;400;454  24; 11 502;921;953;953;46498;1;0;151;0.0912956;509313;0;0;bBELA*<1>;? Unchecked;v1.6.0-213-g5f31454
maps;unit;6/400;400;  2  27;476 485;932;1002;1002;64046;1;0;151;0.11112;576369;0;0;bBELA*<1>;? Unchecked;v1.6.0-213-g5f31454
maps;unit;7/400;400;450   6;  8 486;922;958;958;45550;1;0;151;0.0901585;505221;0;0;bBELA*<1>;? Unchecked;v1.6.0-213-g5f31454
maps;unit;8/400;400;496  29; 22 481;926;986;986;63828;1;0;151;0.107267;595036;0;0;bBELA*<1>;? Unchecked;v1.6.0-213-g5f31454
maps;unit;9/400;400;489   9;  1 459;938;966;966;37857;1;0;151;0.0792242;477846;0;0;bBELA*<1>;? Unchecked;v1.6.0-213-g5f31454
maps;unit;10/400;400; 27  10;494 508;965;1019;1019;65503;1;0;151;0.111409;587952;0;0;bBELA*<1>;? Unchecked;v1.6.0-213-g5f31454
maps;unit;11/400;400;479   9; 52 503;921;955;955;44363;1;0;151;0.0897426;494336;0;0;bBELA*<1>;? Unchecked;v1.6.0-213-g5f31454
maps;unit;12/400;400;486 493; 12  19;948;1004;1004;51591;1;0;151;0.101726;507155;0;0;bBELA*<1>;? Unchecked;v1.6.0-213-g5f31454
maps;unit;13/400;400;492 503; 28  34;933;991;991;45477;1;0;151;0.0924744;491779;0;0;bBELA*<1>;? Unchecked;v1.6.0-213-g5f31454
maps;unit;14/400;400; 14 508;507  75;926;992;992;73556;1;0;151;0.1197;614502;0;0;bBELA*<1>;? Unchecked;v1.6.0-213-g5f31454
maps;unit;15/400;400;  7 486;483  12;950;980;980;21537;1;0;151;0.0625927;344082;0;0;bBELA*<1>;? Unchecked;v1.6.0-213-g5f31454
maps;unit;16/400;400;  8 506;463  25;936;976;976;32046;1;0;151;0.0724368;442400;0;0;bBELA*<1>;? Unchecked;v1.6.0-213-g5f31454
maps;unit;17/400;400;485  28;  7 510;960;1004;1004;58559;1;0;151;0.105263;556313;0;0;bBELA*<1>;? Unchecked;v1.6.0-213-g5f31454
maps;unit;18/400;400;478 494; 14  11;947;995;995;40215;1;0;151;0.0853305;471285;0;0;bBELA*<1>;? Unchecked;v1.6.0-213-g5f31454
maps;unit;19/400;400;504  18; 57 499;928;990;990;79125;1;0;151;0.12607;627627;0;0;bBELA*<1>;? Unchecked;v1.6.0-213-g5f31454
maps;unit;20/400;400;480 488; 31   3;934;992;992;54663;1;0;151;0.103454;528382;0;0;bBELA*<1>;? Unchecked;v1.6.0-213-g5f31454
maps;unit;21/400;400; 13 507;477  15;956;990;990;23376;1;0;151;0.0656774;355922;0;0;bBELA*<1>;? Unchecked;v1.6.0-213-g5f31454
maps;unit;22/400;400; 11  12;496 469;942;986;986;45166;1;0;151;0.0918156;491921;0;0;bBELA*<1>;? Unchecked;v1.6.0-213-g5f31454
maps;unit;23/400;400; 32 507;466  14;927;1009;1009;38594;1;0;151;0.0826566;466920;0;0;bBELA*<1>;? Unchecked;v1.6.0-213-g5f31454
maps;unit;24/400;400;500   1; 50 509;958;998;998;46790;1;0;151;0.0944543;495372;0;0;bBELA*<1>;? Unchecked;v1.6.0-213-g5f31454
maps;unit;25/400;400;484  39;  5 503;943;989;989;54995;1;0;151;0.101831;540060;0;0;bBELA*<1>;? Unchecked;v1.6.0-213-g5f31454
maps;unit;26/400;400; 24   2;508 490;972;1014;1014;43017;1;0;151;0.0913359;470976;0;0;bBELA*<1>;? Unchecked;v1.6.0-213-g5f31454
maps;unit;27/400;400;482   5;  8 465;934;962;962;37124;1;0;151;0.0808005;459452;0;0;bBELA*<1>;? Unchecked;v1.6.0-213-g5f31454
maps;unit;28/400;400;  6  47;497 481;925;985;985;53465;1;0;151;0.0997059;536227;0;0;bBELA*<1>;? Unchecked;v1.6.0-213-g5f31454
maps;unit;29/400;400;489  13; 49 506;933;967;967;45881;1;0;151;0.0913328;502350;0;0;bBELA*<1>;? Unchecked;v1.6.0-213-g5f31454
maps;unit;30/400;400;499 510;  2  87;920;982;982;57526;1;0;151;0.104033;552958;0;0;bBELA*<1>;? Unchecked;v1.6.0-213-g5f31454
maps;unit;31/400;400; 63 490;494   0;921;963;963;43423;1;0;151;0.0886024;490088;0;0;bBELA*<1>;? Unchecked;v1.6.0-213-g5f31454
maps;unit;32/400;400;509  15; 24 506;976;1048;1048;98234;1;0;156;0.154534;635677;0;0;bBELA*<1>;? Unchecked;v1.6.0-213-g5f31454
maps;unit;33/400;400;  2  29;510 459;938;1004;1004;51261;1;0;156;0.100934;507867;0;0;bBELA*<1>;? Unchecked;v1.6.0-213-g5f31454
maps;unit;34/400;400;487 477;  0  34;930;1006;1006;80744;1;0;156;0.130438;619021;0;0;bBELA*<1>;? Unchecked;v1.6.0-213-g5f31454
maps;unit;35/400;400;496   5; 21 452;922;952;952;44726;1;0;156;0.0906828;493214;0;0;bBELA*<1>;? Unchecked;v1.6.0-213-g5f31454
maps;unit;36/400;400;486 492; 27  24;927;987;987;56900;1;0;156;0.104817;542849;0;0;bBELA*<1>;? Unchecked;v1.6.0-213-g5f31454
maps;unit;37/400;400; 41 501;484  19;925;959;959;50278;1;0;156;0.0944793;532159;0;0;bBELA*<1>;? Unchecked;v1.6.0-213-g5f31454
maps;unit;38/400;400;453 486;  4   2;933;997;997;50697;1;0;156;0.0980855;516865;0;0;bBELA*<1>;? Unchecked;v1.6.0-213-g5f31454
maps;unit;39/400;400; 37   3;511 462;933;1001;1001;70396;1;0;156;0.118522;593951;0;0;bBELA*<1>;? Unchecked;v1.6.0-213-g5f31454
maps;unit;40/400;400; 30  53;509 494;920;972;972;41746;1;0;156;0.0853448;489145;0;0;bBELA*<1>;? Unchecked;v1.6.0-213-g5f31454
maps;unit;41/400;400;497  11; 12 475;949;993;993;54474;1;0;156;0.097972;556016;0;0;bBELA*<1>;? Unchecked;v1.6.0-213-g5f31454
maps;unit;42/400;400;498  17; 14 490;957;1005;1005;42269;1;0;156;0.0887021;476528;0;0;bBELA*<1>;? Unchecked;v1.6.0-213-g5f31454
maps;unit;43/400;400;463   2; 20 497;938;992;992;67482;1;0;156;0.115055;586520;0;0;bBELA*<1>;? Unchecked;v1.6.0-213-g5f31454
maps;unit;44/400;400;  2   1;459 479;935;987;987;62073;1;0;156;0.105878;586272;0;0;bBELA*<1>;? Unchecked;v1.6.0-213-g5f31454
maps;unit;45/400;400;497   1; 11 511;996;1032;1032;54118;1;0;156;0.102231;529369;0;0;bBELA*<1>;? Unchecked;v1.6.0-213-g5f31454
maps;unit;46/400;400; 20  23;493 493;943;999;999;56918;1;0;156;0.104947;542349;0;0;bBELA*<1>;? Unchecked;v1.6.0-213-g5f31454
maps;unit;47/400;400;505  13; 44 497;945;983;983;33311;1;0;156;0.0755162;441111;0;0;bBELA*<1>;? Unchecked;v1.6.0-213-g5f31454
maps;unit;48/400;400; 20   1;478 472;929;975;975;55087;1;0;156;0.100351;548941;0;0;bBELA*<1>;? Unchecked;v1.6.0-213-g5f31454
maps;unit;49/400;400;487 496; 17   3;963;1029;1029;69406;1;0;156;0.122137;568263;0;0;bBELA*<1>;? Unchecked;v1.6.0-213-g5f31454
maps;unit;50/400;400;487 499;  6  54;926;1012;1012;67197;1;0;156;0.122075;550458;0;0;bBELA*<1>;? Unchecked;v1.6.0-213-g5f31454
maps;unit;51/400;400; 33   2;492 500;957;1025;1025;78371;1;0;156;0.13621;575368;0;0;bBELA*<1>;? Unchecked;v1.6.0-213-g5f31454
maps;unit;52/400;400;498 477; 13  27;935;995;995;66120;1;0;156;0.115308;573421;0;0;bBELA*<1>;? Unchecked;v1.6.0-213-g5f31454
maps;unit;53/400;400;495 485;  9  40;931;999;999;72773;1;0;156;0.120473;604063;0;0;bBELA*<1>;? Unchecked;v1.6.0-213-g5f31454
maps;unit;54/400;400;485  35;  5 497;942;984;984;49094;1;0;156;0.095012;516714;0;0;bBELA*<1>;? Unchecked;v1.6.0-213-g5f31454
maps;unit;55/400;400;506 510; 39  38;939;987;987;40486;1;0;156;0.0864226;468465;0;0;bBELA*<1>;? Unchecked;v1.6.0-213-g5f31454
maps;unit;56/400;400;499  13; 17 491;960;1000;1000;40178;1;0;156;0.0831657;483108;0;0;bBELA*<1>;? Unchecked;v1.6.0-213-g5f31454
maps;unit;57/400;400;477  39;  5 494;927;969;969;45556;1;0;156;0.0919353;495522;0;0;bBELA*<1>;? Unchecked;v1.6.0-213-g5f31454
maps;unit;58/400;400;  5 478;467  16;924;958;958;27599;1;0;156;0.0689846;400075;0;0;bBELA*<1>;? Unchecked;v1.6.0-213-g5f31454
maps;unit;59/400;400;509 511; 54   4;962;1036;1036;75080;1;0;156;0.12503;600497;0;0;bBELA*<1>;? Unchecked;v1.6.0-213-g5f31454
maps;unit;60/400;400; 17   0;494 487;964;1022;1022;50029;1;0;156;0.0982071;509423;0;0;bBELA*<1>;? Unchecked;v1.6.0-213-g5f31454
maps;unit;61/400;400; 15 502;461  15;933;991;991;67057;1;0;156;0.112754;594718;0;0;bBELA*<1>;? Unchecked;v1.6.0-213-g5f31454
maps;unit;62/400;400; 10  30;490 483;933;999;999;53187;1;0;156;0.112988;470731;0;0;bBELA*<1>;? Unchecked;v1.6.0-213-g5f31454
maps;unit;63/400;400;  1  49;496 496;942;1012;1012;61562;1;0;156;0.109337;563051;0;0;bBELA*<1>;? Unchecked;v1.6.0-213-g5f31454
maps;unit;64/400;400;482 451;  7   4;922;976;976;38216;1;0;156;0.082428;463629;0;0;bBELA*<1>;? Unchecked;v1.6.0-213-g5f31454
maps;unit;65/400;400;498 509;  2  63;942;1022;1022;76652;1;0;156;0.123891;618707;0;0;bBELA*<1>;? Unchecked;v1.6.0-213-g5f31454
maps;unit;66/400;400;  6 455;506  34;921;965;965;48332;1;0;156;0.0930688;519315;0;0;bBELA*<1>;? Unchecked;v1.6.0-213-g5f31454
maps;unit;67/400;400;  9   3;508 489;985;1025;1025;41980;1;0;156;0.0878363;477934;0;0;bBELA*<1>;? Unchecked;v1.6.0-213-g5f31454
maps;unit;68/400;400; 22 506;479  35;928;988;988;47102;1;0;156;0.0916623;513864;0;0;bBELA*<1>;? Unchecked;v1.6.0-213-g5f31454
maps;unit;69/400;400; 28   4;498 501;967;1021;1021;66730;1;0;156;0.117202;569360;0;0;bBELA*<1>;? Unchecked;v1.6.0-213-g5f31454
maps;unit;70/400;400;472  11; 13 507;955;991;991;51408;1;0;156;0.0944737;544151;0;0;bBELA*<1>;? Unchecked;v1.6.0-213-g5f31454
maps;unit;71/400;400; 31  47;493 505;920;976;976;64285;1;0;156;0.110463;581959;0;0;bBELA*<1>;? Unchecked;v1.6.0-213-g5f31454
maps;unit;72/400;400; 14  16;507 492;969;1013;1013;41848;1;0;156;0.087755;476873;0;0;bBELA*<1>;? Unchecked;v1.6.0-213-g5f31454
maps;unit;73/400;400; 73   2;501 511;937;999;999;60688;1;0;156;0.105601;574693;0;0;bBELA*<1>;? Unchecked;v1.6.0-213-g5f31454
maps;unit;74/400;400; 35 510;488   7;956;984;984;34751;1;0;156;0.0760343;457044;0;0;bBELA*<1>;? Unchecked;v1.6.0-213-g5f31454
maps;unit;75/400;400; 17  19;483 492;939;1001;1001;68463;1;0;156;0.117795;581202;0;0;bBELA*<1>;? Unchecked;v1.6.0-213-g5f31454
maps;unit;76/400;400; 16 510;511  21;984;1036;1036;55353;1;0;156;0.104319;530614;0;0;bBELA*<1>;? Unchecked;v1.6.0-213-g5f31454
maps;unit;77/400;400;468  11; 11 507;953;991;991;51341;1;0;156;0.0952796;538846;0;0;bBELA*<1>;? Unchecked;v1.6.0-213-g5f31454
maps;unit;78/400;400; 52 501;484  13;920;952;952;33415;1;0;156;0.0721185;463335;0;0;bBELA*<1>;? Unchecked;v1.6.0-213-g5f31454
maps;unit;79/400;400; 37 501;507  49;922;980;980;79886;1;0;156;0.124389;642227;0;0;bBELA*<1>;? Unchecked;v1.6.0-213-g5f31454
maps;unit;80/400;400;  9   2;505 502;996;1044;1044;57990;1;0;156;0.105839;547905;0;0;bBELA*<1>;? Unchecked;v1.6.0-213-g5f31454
maps;unit;81/400;400;495 510; 32  16;957;1013;1013;45467;1;0;156;0.0955902;475645;0;0;bBELA*<1>;? Unchecked;v1.6.0-213-g5f31454
maps;unit;82/400;400;  6  25;481 479;929;985;985;50918;1;0;156;0.0965946;527131;0;0;bBELA*<1>;? Unchecked;v1.6.0-213-g5f31454
maps;unit;83/400;400; 48 481;500  10;923;955;955;36736;1;0;156;0.0767695;478523;0;0;bBELA*<1>;? Unchecked;v1.6.0-213-g5f31454
maps;unit;84/400;400;483  21;  8 485;939;979;979;46770;1;0;156;0.0913644;511906;0;0;bBELA*<1>;? Unchecked;v1.6.0-213-g5f31454
maps;unit;85/400;400;489   2;  2 465;950;982;982;45367;1;0;156;0.0921782;492166;0;0;bBELA*<1>;? Unchecked;v1.6.0-213-g5f31454
maps;unit;86/400;400; 23 481;500  19;939;997;997;63498;1;0;156;0.107619;590026;0;0;bBELA*<1>;? Unchecked;v1.6.0-213-g5f31454
maps;unit;87/400;400;469 491; 16  14;930;980;980;42755;1;0;156;0.0881986;484758;0;0;bBELA*<1>;? Unchecked;v1.6.0-213-g5f31454
maps;unit;88/400;400;  1  30;456 501;926;1016;1016;85332;1;0;156;0.139725;610713;0;0;bBELA*<1>;? Unchecked;v1.6.0-213-g5f31454
maps;unit;89/400;400;  7 479;505  48;929;989;989;69547;1;0;156;0.115186;603781;0;0;bBELA*<1>;? Unchecked;v1.6.0-213-g5f31454
maps;unit;90/400;400;508 511; 40   7;972;1042;1042;72355;1;0;156;0.122499;590656;0;0;bBELA*<1>;? Unchecked;v1.6.0-213-g5f31454
maps;unit;91/400;400; 41 489;509  34;923;973;973;68614;1;0;156;0.114814;597609;0;0;bBELA*<1>;? Unchecked;v1.6.0-213-g5f31454
maps;unit;92/400;400; 54 499;492  17;920;964;964;51683;1;0;156;0.0930686;555322;0;0;bBELA*<1>;? Unchecked;v1.6.0-213-g5f31454
maps;unit;93/400;400;469   6; 22 482;923;963;963;49976;1;0;156;0.0942453;530276;0;0;bBELA*<1>;? Unchecked;v1.6.0-213-g5f31454
maps;unit;94/400;400; 68  20;509 507;928;996;996;61033;1;0;156;0.107555;567457;0;0;bBELA*<1>;? Unchecked;v1.6.0-213-g5f31454
maps;unit;95/400;400;484 482; 22  17;927;971;971;39418;1;0;156;0.0805092;489608;0;0;bBELA*<1>;? Unchecked;v1.6.0-213-g5f31454
maps;unit;96/400;400;  6   3;507 507;1005;1055;1055;61254;1;0;156;0.113398;540167;0;0;bBELA*<1>;? Unchecked;v1.6.0-213-g5f31454
maps;unit;97/400;400;480   7; 33 480;920;954;954;44846;1;0;156;0.0898188;499294;0;0;bBELA*<1>;? Unchecked;v1.6.0-213-g5f31454
maps;unit;98/400;400;501 484; 46   0;939;1001;1001;71157;1;0;156;0.119196;596976;0;0;bBELA*<1>;? Unchecked;v1.6.0-213-g5f31454
maps;unit;99/400;400;504 493;  9  25;963;1021;1021;59399;1;0;156;0.108017;549903;0;0;bBELA*<1>;? Unchecked;v1.6.0-213-g5f31454
maps;unit;0/500;500; 14 477;509  34;938;1002;1002;67075;1;0;156;0.123823;541702;0;0;bBELA*<1>;? Unchecked;v1.6.0-213-g5f31454
maps;unit;1/500;500;488   3; 14 464;935;963;963;37635;1;0;156;0.0859852;437692;0;0;bBELA*<1>;? Unchecked;v1.6.0-213-g5f31454
maps;unit;2/500;500;  9 438;503   6;926;972;972;30851;1;0;156;0.0790549;390248;0;0;bBELA*<1>;? Unchecked;v1.6.0-213-g5f31454
maps;unit;3/500;500; 59  12;508 498;935;989;989;48353;1;0;156;0.103029;469314;0;0;bBELA*<1>;? Unchecked;v1.6.0-213-g5f31454
maps;unit;4/500;500;495 508;  4   0;999;1053;1053;40640;1;0;156;0.0969021;419392;0;0;bBELA*<1>;? Unchecked;v1.6.0-213-g5f31454
maps;unit;5/500;500;454  24; 11 502;921;953;953;46498;1;0;156;0.0984323;472386;0;0;bBELA*<1>;? Unchecked;v1.6.0-213-g5f31454
maps;unit;6/500;500;  2  27;476 485;932;1002;1002;64046;1;0;156;0.122366;523398;0;0;bBELA*<1>;? Unchecked;v1.6.0-213-g5f31454
maps;unit;7/500;500;450   6;  8 486;922;958;958;45550;1;0;156;0.0976892;466275;0;0;bBELA*<1>;? Unchecked;v1.6.0-213-g5f31454
maps;unit;8/500;500;496  29; 22 481;926;986;986;63828;1;0;156;0.118093;540488;0;0;bBELA*<1>;? Unchecked;v1.6.0-213-g5f31454
maps;unit;9/500;500;489   9;  1 459;938;966;966;37857;1;0;156;0.0861029;439672;0;0;bBELA*<1>;? Unchecked;v1.6.0-213-g5f31454
maps;unit;10/500;500; 27  10;494 508;965;1019;1019;65503;1;0;156;0.120678;542790;0;0;bBELA*<1>;? Unchecked;v1.6.0-213-g5f31454
maps;unit;11/500;500;479   9; 52 503;921;955;955;44363;1;0;156;0.0971215;456779;0;0;bBELA*<1>;? Unchecked;v1.6.0-213-g5f31454
maps;unit;12/500;500;486 493; 12  19;948;1004;1004;51591;1;0;156;0.108271;476497;0;0;bBELA*<1>;? Unchecked;v1.6.0-213-g5f31454
maps;unit;13/500;500;492 503; 28  34;933;991;991;45477;1;0;156;0.100101;454312;0;0;bBELA*<1>;? Unchecked;v1.6.0-213-g5f31454
maps;unit;14/500;500; 14 508;507  75;926;992;992;73556;1;0;156;0.130693;562815;0;0;bBELA*<1>;? Unchecked;v1.6.0-213-g5f31454
maps;unit;15/500;500;  7 486;483  12;950;980;980;21537;1;0;156;0.0697199;308908;0;0;bBELA*<1>;? Unchecked;v1.6.0-213-g5f31454
maps;unit;16/500;500;  8 506;463  25;936;976;976;32046;1;0;156;0.0818964;391299;0;0;bBELA*<1>;? Unchecked;v1.6.0-213-g5f31454
maps;unit;17/500;500;485  28;  7 510;960;1004;1004;58559;1;0;156;0.1133;516849;0;0;bBELA*<1>;? Unchecked;v1.6.0-213-g5f31454
maps;unit;18/500;500;478 494; 14  11;947;995;995;40215;1;0;156;0.0937805;428821;0;0;bBELA*<1>;? Unchecked;v1.6.0-213-g5f31454
maps;unit;19/500;500;504  18; 57 499;928;990;990;79125;1;0;156;0.136632;579109;0;0;bBELA*<1>;? Unchecked;v1.6.0-213-g5f31454
maps;unit;20/500;500;480 488; 31   3;934;992;992;54663;1;0;156;0.109542;499015;0;0;bBELA*<1>;? Unchecked;v1.6.0-213-g5f31454
maps;unit;21/500;500; 13 507;477  15;956;990;990;23376;1;0;156;0.075652;308994;0;0;bBELA*<1>;? Unchecked;v1.6.0-213-g5f31454
maps;unit;22/500;500; 11  12;496 469;942;986;986;45166;1;0;156;0.102376;441179;0;0;bBELA*<1>;? Unchecked;v1.6.0-213-g5f31454
maps;unit;23/500;500; 32 507;466  14;927;1009;1009;38594;1;0;156;0.0900738;428471;0;0;bBELA*<1>;? Unchecked;v1.6.0-213-g5f31454
maps;unit;24/500;500;500   1; 50 509;958;998;998;46790;1;0;156;0.101722;459977;0;0;bBELA*<1>;? Unchecked;v1.6.0-213-g5f31454
maps;unit;25/500;500;484  39;  5 503;943;989;989;54995;1;0;156;0.110536;497531;0;0;bBELA*<1>;? Unchecked;v1.6.0-213-g5f31454
maps;unit;26/500;500; 24   2;508 490;972;1014;1014;43017;1;0;156;0.100064;429895;0;0;bBELA*<1>;? Unchecked;v1.6.0-213-g5f31454
maps;unit;27/500;500;482   5;  8 465;934;962;962;37124;1;0;156;0.0891481;416431;0;0;bBELA*<1>;? Unchecked;v1.6.0-213-g5f31454
maps;unit;28/500;500;  6  47;497 481;925;985;985;53465;1;0;156;0.106043;504182;0;0;bBELA*<1>;? Unchecked;v1.6.0-213-g5f31454
maps;unit;29/500;500;489  13; 49 506;933;967;967;45881;1;0;156;0.103006;445420;0;0;bBELA*<1>;? Unchecked;v1.6.0-213-g5f31454
maps;unit;30/500;500;499 510;  2  87;920;982;982;57526;1;0;156;0.114482;502491;0;0;bBELA*<1>;? Unchecked;v1.6.0-213-g5f31454
maps;unit;31/500;500; 63 490;494   0;921;963;963;43423;1;0;156;0.0974237;445713;0;0;bBELA*<1>;? Unchecked;v1.6.0-213-g5f31454
maps;unit;32/500;500;509  15; 24 506;976;1048;1048;98234;1;0;162;0.164278;597974;0;0;bBELA*<1>;? Unchecked;v1.6.0-213-g5f31454
maps;unit;33/500;500;  2  29;510 459;938;1004;1004;51261;1;0;162;0.108551;472228;0;0;bBELA*<1>;? Unchecked;v1.6.0-213-g5f31454
maps;unit;34/500;500;487 477;  0  34;930;1006;1006;80744;1;0;162;0.140652;574070;0;0;bBELA*<1>;? Unchecked;v1.6.0-213-g5f31454
maps;unit;35/500;500;496   5; 21 452;922;952;952;44726;1;0;162;0.0988362;452527;0;0;bBELA*<1>;? Unchecked;v1.6.0-213-g5f31454
maps;unit;36/500;500;486 492; 27  24;927;987;987;56900;1;0;162;0.127893;444903;0;0;bBELA*<1>;? Unchecked;v1.6.0-213-g5f31454
maps;unit;37/500;500; 41 501;484  19;925;959;959;50278;1;0;162;0.102275;491598;0;0;bBELA*<1>;? Unchecked;v1.6.0-213-g5f31454
maps;unit;38/500;500;453 486;  4   2;933;997;997;50697;1;0;162;0.107043;473613;0;0;bBELA*<1>;? Unchecked;v1.6.0-213-g5f31454
maps;unit;39/500;500; 37   3;511 462;933;1001;1001;70396;1;0;162;0.127401;552555;0;0;bBELA*<1>;? Unchecked;v1.6.0-213-g5f31454
maps;unit;40/500;500; 30  53;509 494;920;972;972;41746;1;0;162;0.0952858;438114;0;0;bBELA*<1>;? Unchecked;v1.6.0-213-g5f31454
maps;unit;41/500;500;497  11; 12 475;949;993;993;54474;1;0;162;0.109057;499501;0;0;bBELA*<1>;? Unchecked;v1.6.0-213-g5f31454
maps;unit;42/500;500;498  17; 14 490;957;1005;1005;42269;1;0;162;0.0990498;426745;0;0;bBELA*<1>;? Unchecked;v1.6.0-213-g5f31454
maps;unit;43/500;500;463   2; 20 497;938;992;992;67482;1;0;162;0.121851;553805;0;0;bBELA*<1>;? Unchecked;v1.6.0-213-g5f31454
maps;unit;44/500;500;  2   1;459 479;935;987;987;62073;1;0;162;0.11626;533914;0;0;bBELA*<1>;? Unchecked;v1.6.0-213-g5f31454
maps;unit;45/500;500;497   1; 11 511;996;1032;1032;54118;1;0;162;0.113807;475523;0;0;bBELA*<1>;? Unchecked;v1.6.0-213-g5f31454
maps;unit;46/500;500; 20  23;493 493;943;999;999;56918;1;0;162;0.113725;500489;0;0;bBELA*<1>;? Unchecked;v1.6.0-213-g5f31454
maps;unit;47/500;500;505  13; 44 497;945;983;983;33311;1;0;162;0.0862304;386302;0;0;bBELA*<1>;? Unchecked;v1.6.0-213-g5f31454
maps;unit;48/500;500; 20   1;478 472;929;975;975;55087;1;0;162;0.109111;504870;0;0;bBELA*<1>;? Unchecked;v1.6.0-213-g5f31454
maps;unit;49/500;500;487 496; 17   3;963;1029;1029;69406;1;0;162;0.128921;538360;0;0;bBELA*<1>;? Unchecked;v1.6.0-213-g5f31454
maps;unit;50/500;500;487 499;  6  54;926;1012;1012;67197;1;0;162;0.124307;540574;0;0;bBELA*<1>;? Unchecked;v1.6.0-213-g5f31454
maps;unit;51/500;500; 33   2;492 500;957;1025;1025;78371;1;0;162;0.137403;570373;0;0;bBELA*<1>;? Unchecked;v1.6.0-213-g5f31454
maps;unit;52/500;500;498 477; 13  27;935;995;995;66120;1;0;162;0.124494;531108;0;0;bBELA*<1>;? Unchecked;v1.6.0-213-g5f31454
maps;unit;53/500;500;495 485;  9  40;931;999;999;72773;1;0;162;0.13064;557050;0;0;bBELA*<1>;? Unchecked;v1.6.0-213-g5f31454
maps;unit;54/500;500;485  35;  5 497;942;984;984;49094;1;0;162;0.100951;486316;0;0;bBELA*<1>;? Unchecked;v1.6.0-213-g5f31454
maps;unit;55/500;500;506 510; 39  38;939;987;987;40486;1;0;162;0.0942056;429762;0;0;bBELA*<1>;? Unchecked;v1.6.0-213-g5f31454
maps;unit;56/500;500;499  13; 17 491;960;1000;1000;40178;1;0;162;0.0920903;436289;0;0;bBELA*<1>;? Unchecked;v1.6.0-213-g5f31454
maps;unit;57/500;500;477  39;  5 494;927;969;969;45556;1;0;162;0.100102;455094;0;0;bBELA*<1>;? Unchecked;v1.6.0-213-g5f31454
maps;unit;58/500;500;  5 478;467  16;924;958;958;27599;1;0;162;0.0775868;355718;0;0;bBELA*<1>;? Unchecked;v1.6.0-213-g5f31454
maps;unit;59/500;500;509 511; 54   4;962;1036;1036;75080;1;0;162;0.133641;561804;0;0;bBELA*<1>;? Unchecked;v1.6.0-213-g5f31454
maps;unit;60/500;500; 17   0;494 487;964;1022;1022;50029;1;0;162;0.10947;457013;0;0;bBELA*<1>;? Unchecked;v1.6.0-213-g5f31454
maps;unit;61/500;500; 15 502;461  15;933;991;991;67057;1;0;162;0.121487;551969;0;0;bBELA*<1>;? Unchecked;v1.6.0-213-g5f31454
maps;unit;62/500;500; 10  30;490 483;933;999;999;53187;1;0;162;0.110883;479669;0;0;bBELA*<1>;? Unchecked;v1.6.0-213-g5f31454
maps;unit;63/500;500;  1  49;496 496;942;1012;1012;61562;1;0;162;0.117841;522418;0;0;bBELA*<1>;? Unchecked;v1.6.0-213-g5f31454
maps;unit;64/500;500;482 451;  7   4;922;976;976;38216;1;0;162;0.0884941;431848;0;0;bBELA*<1>;? Unchecked;v1.6.0-213-g5f31454
maps;unit;65/500;500;498 509;  2  63;942;1022;1022;76652;1;0;162;0.136437;561812;0;0;bBELA*<1>;? Unchecked;v1.6.0-213-g5f31454
maps;unit;66/500;500;  6 455;506  34;921;965;965;48332;1;0;162;0.101579;475809;0;0;bBELA*<1>;? Unchecked;v1.6.0-213-g5f31454
maps;unit;67/500;500;  9   3;508 489;985;1025;1025;41980;1;0;162;0.0941838;445724;0;0;bBELA*<1>;? Unchecked;v1.6.0-213-g5f31454
maps;unit;68/500;500; 22 506;479  35;928;988;988;47102;1;0;162;0.101795;462715;0;0;bBELA*<1>;? Unchecked;v1.6.0-213-g5f31454
maps;unit;69/500;500; 28   4;498 501;967;1021;1021;66730;1;0;162;0.123313;541142;0;0;bBELA*<1>;? Unchecked;v1.6.0-213-g5f31454
maps;unit;70/500;500;472  11; 13 507;955;991;991;51408;1;0;162;0.105084;489211;0;0;bBELA*<1>;? Unchecked;v1.6.0-213-g5f31454
maps;unit;71/500;500; 31  47;493 505;920;976;976;64285;1;0;162;0.119886;536219;0;0;bBELA*<1>;? Unchecked;v1.6.0-213-g5f31454
maps;unit;72/500;500; 14  16;507 492;969;1013;1013;41848;1;0;162;0.0955694;437881;0;0;bBELA*<1>;? Unchecked;v1.6.0-213-g5f31454
maps;unit;73/500;500; 73   2;501 511;937;999;999;60688;1;0;162;0.11564;524803;0;0;bBELA*<1>;? Unchecked;v1.6.0-213-g5f31454
maps;unit;74/500;500; 35 510;488   7;956;984;984;34751;1;0;162;0.0860887;403665;0;0;bBELA*<1>;? Unchecked;v1.6.0-213-g5f31454
maps;unit;75/500;500; 17  19;483 492;939;1001;1001;68463;1;0;162;0.127438;537227;0;0;bBELA*<1>;? Unchecked;v1.6.0-213-g5f31454
maps;unit;76/500;500; 16 510;511  21;984;1036;1036;55353;1;0;162;0.110908;499089;0;0;bBELA*<1>;? Unchecked;v1.6.0-213-g5f31454
maps;unit;77/500;500;468  11; 11 507;953;991;991;51341;1;0;162;0.105561;486364;0;0;bBELA*<1>;? Unchecked;v1.6.0-213-g5f31454
maps;unit;78/500;500; 52 501;484  13;920;952;952;33415;1;0;162;0.0811149;411946;0;0;bBELA*<1>;? Unchecked;v1.6.0-213-g5f31454
maps;unit;79/500;500; 37 501;507  49;922;980;980;79886;1;0;162;0.133282;599376;0;0;bBELA*<1>;? Unchecked;v1.6.0-213-g5f31454
maps;unit;80/500;500;  9   2;505 502;996;1044;1044;57990;1;0;162;0.1171;495219;0;0;bBELA*<1>;? Unchecked;v1.6.0-213-g5f31454
maps;unit;81/500;500;495 510; 32  16;957;1013;1013;45467;1;0;162;0.105729;430035;0;0;bBELA*<1>;? Unchecked;v1.6.0-213-g5f31454
maps;unit;82/500;500;  6  25;481 479;929;985;985;50918;1;0;162;0.10524;483829;0;0;bBELA*<1>;? Unchecked;v1.6.0-213-g5f31454
maps;unit;83/500;500; 48 481;500  10;923;955;955;36736;1;0;162;0.0861693;426324;0;0;bBELA*<1>;? Unchecked;v1.6.0-213-g5f31454
maps;unit;84/500;500;483  21;  8 485;939;979;979;46770;1;0;162;0.101276;461809;0;0;bBELA*<1>;? Unchecked;v1.6.0-213-g5f31454
maps;unit;85/500;500;489   2;  2 465;950;982;982;45367;1;0;162;0.100656;450712;0;0;bBELA*<1>;? Unchecked;v1.6.0-213-g5f31454
maps;unit;86/500;500; 23 481;500  19;939;997;997;63498;1;0;162;0.117589;539998;0;0;bBELA*<1>;? Unchecked;v1.6.0-213-g5f31454
maps;unit;87/500;500;469 491; 16  14;930;980;980;42755;1;0;162;0.0963393;443796;0;0;bBELA*<1>;? Unchecked;v1.6.0-213-g5f31454
maps;unit;88/500;500;  1  30;456 501;926;1016;1016;85332;1;0;162;0.149229;571821;0;0;bBELA*<1>;? Unchecked;v1.6.0-213-g5f31454
maps;unit;89/500;500;  7 479;505  48;929;989;989;69547;1;0;121;0.12476;557445;0;0;bBELA*<1>;? Unchecked;v1.6.0-213-g5f31454
maps;unit;90/500;500;508 511; 40   7;972;1042;1042;72355;1;0;138;0.133104;543596;0;0;bBELA*<1>;? Unchecked;v1.6.0-213-g5f31454
maps;unit;91/500;500; 41 489;509  34;923;973;973;68614;1;0;138;0.124936;549193;0;0;bBELA*<1>;? Unchecked;v1.6.0-213-g5f31454
maps;unit;92/500;500; 54 499;492  17;920;964;964;51683;1;0;138;0.106008;487541;0;0;bBELA*<1>;? Unchecked;v1.6.0-213-g5f31454
maps;unit;93/500;500;469   6; 22 482;923;963;963;49976;1;0;138;0.104731;477185;0;0;bBELA*<1>;? Unchecked;v1.6.0-213-g5f31454
maps;unit;94/500;500; 68  20;509 507;928;996;996;61033;1;0;138;0.116584;523511;0;0;bBELA*<1>;? Unchecked;v1.6.0-213-g5f31454
maps;unit;95/500;500;484 482; 22  17;927;971;971;39418;1;0;138;0.0915327;430644;0;0;bBELA*<1>;? Unchecked;v1.6.0-213-g5f31454
maps;unit;96/500;500;  6   3;507 507;1005;1055;1055;61254;1;0;138;0.122214;501203;0;0;bBELA*<1>;? Unchecked;v1.6.0-213-g5f31454
maps;unit;97/500;500;480   7; 33 480;920;954;954;44846;1;0;138;0.100088;448065;0;0;bBELA*<1>;? Unchecked;v1.6.0-213-g5f31454
maps;unit;98/500;500;501 484; 46   0;939;1001;1001;71157;1;0;138;0.127833;556640;0;0;bBELA*<1>;? Unchecked;v1.6.0-213-g5f31454
maps;unit;99/500;500;504 493;  9  25;963;1021;1021;59399;1;0;138;0.118549;501049;0;0;bBELA*<1>;? Unchecked;v1.6.0-213-g5f31454
maps;unit;0/600;600; 14 477;509  34;938;1002;1002;67075;1;0;138;0.133014;504272;0;0;bBELA*<1>;? Unchecked;v1.6.0-213-g5f31454
maps;unit;1/600;600;488   3; 14 464;935;963;963;37635;1;0;138;0.0949565;396339;0;0;bBELA*<1>;? Unchecked;v1.6.0-213-g5f31454
maps;unit;2/600;600;  9 438;503   6;926;972;972;30851;1;0;138;0.0868094;355388;0;0;bBELA*<1>;? Unchecked;v1.6.0-213-g5f31454
maps;unit;3/600;600; 59  12;508 498;935;989;989;48353;1;0;138;0.115892;417226;0;0;bBELA*<1>;? Unchecked;v1.6.0-213-g5f31454
maps;unit;4/600;600;495 508;  4   0;999;1053;1053;40640;1;0;138;0.105761;384264;0;0;bBELA*<1>;? Unchecked;v1.6.0-213-g5f31454
maps;unit;5/600;600;454  24; 11 502;921;953;953;46498;1;0;138;0.131906;352508;0;0;bBELA*<1>;? Unchecked;v1.6.0-213-g5f31454
maps;unit;6/600;600;  2  27;476 485;932;1002;1002;64046;1;0;138;0.136812;468131;0;0;bBELA*<1>;? Unchecked;v1.6.0-213-g5f31454
maps;unit;7/600;600;450   6;  8 486;922;958;958;45550;1;0;138;0.106882;426171;0;0;bBELA*<1>;? Unchecked;v1.6.0-213-g5f31454
maps;unit;8/600;600;496  29; 22 481;926;986;986;63828;1;0;138;0.125408;508962;0;0;bBELA*<1>;? Unchecked;v1.6.0-213-g5f31454
maps;unit;9/600;600;489   9;  1 459;938;966;966;37857;1;0;138;0.0937653;403742;0;0;bBELA*<1>;? Unchecked;v1.6.0-213-g5f31454
maps;unit;10/600;600; 27  10;494 508;965;1019;1019;65503;1;0;138;0.131211;499219;0;0;bBELA*<1>;? Unchecked;v1.6.0-213-g5f31454
maps;unit;11/600;600;479   9; 52 503;921;955;955;44363;1;0;138;0.105372;421014;0;0;bBELA*<1>;? Unchecked;v1.6.0-213-g5f31454
maps;unit;12/600;600;486 493; 12  19;948;1004;1004;51591;1;0;138;0.120427;428400;0;0;bBELA*<1>;? Unchecked;v1.6.0-213-g5f31454
maps;unit;13/600;600;492 503; 28  34;933;991;991;45477;1;0;138;0.111875;406497;0;0;bBELA*<1>;? Unchecked;v1.6.0-213-g5f31454
maps;unit;14/600;600; 14 508;507  75;926;992;992;73556;1;0;141;0.138876;529651;0;0;bBELA*<1>;? Unchecked;v1.6.0-213-g5f31454
maps;unit;15/600;600;  7 486;483  12;950;980;980;21537;1;0;141;0.0776259;277446;0;0;bBELA*<1>;? Unchecked;v1.6.0-213-g5f31454
maps;unit;16/600;600;  8 506;463  25;936;976;976;32046;1;0;141;0.0922004;347569;0;0;bBELA*<1>;? Unchecked;v1.6.0-213-g5f31454
maps;unit;17/600;600;485  28;  7 510;960;1004;1004;58559;1;0;141;0.122396;478437;0;0;bBELA*<1>;? Unchecked;v1.6.0-213-g5f31454
maps;unit;18/600;600;478 494; 14  11;947;995;995;40215;1;0;141;0.102165;393626;0;0;bBELA*<1>;? Unchecked;v1.6.0-213-g5f31454
maps;unit;19/600;600;504  18; 57 499;928;990;990;79125;1;0;146;0.146683;539428;0;0;bBELA*<1>;? Unchecked;v1.6.0-213-g5f31454
maps;unit;20/600;600;480 488; 31   3;934;992;992;54663;1;0;146;0.119571;457161;0;0;bBELA*<1>;? Unchecked;v1.6.0-213-g5f31454
maps;unit;21/600;600; 13 507;477  15;956;990;990;23376;1;0;146;0.0837266;279194;0;0;bBELA*<1>;? Unchecked;v1.6.0-213-g5f31454
maps;unit;22/600;600; 11  12;496 469;942;986;986;45166;1;0;146;0.111416;405381;0;0;bBELA*<1>;? Unchecked;v1.6.0-213-g5f31454
maps;unit;23/600;600; 32 507;466  14;927;1009;1009;38594;1;0;146;0.100719;383184;0;0;bBELA*<1>;? Unchecked;v1.6.0-213-g5f31454
maps;unit;24/600;600;500   1; 50 509;958;998;998;46790;1;0;146;0.112983;414133;0;0;bBELA*<1>;? Unchecked;v1.6.0-213-g5f31454
maps;unit;25/600;600;484  39;  5 503;943;989;989;54995;1;0;146;0.118402;464477;0;0;bBELA*<1>;? Unchecked;v1.6.0-213-g5f31454
maps;unit;26/600;600; 24   2;508 490;972;1014;1014;43017;1;0;146;0.109194;393951;0;0;bBELA*<1>;? Unchecked;v1.6.0-213-g5f31454
maps;unit;27/600;600;482   5;  8 465;934;962;962;37124;1;0;146;0.0993774;373566;0;0;bBELA*<1>;? Unchecked;v1.6.0-213-g5f31454
maps;unit;28/600;600;  6  47;497 481;925;985;985;53465;1;0;146;0.117369;455530;0;0;bBELA*<1>;? Unchecked;v1.6.0-213-g5f31454
maps;unit;29/600;600;489  13; 49 506;933;967;967;45881;1;0;146;0.110977;413427;0;0;bBELA*<1>;? Unchecked;v1.6.0-213-g5f31454
maps;unit;30/600;600;499 510;  2  87;920;982;982;57526;1;0;146;0.121035;475285;0;0;bBELA*<1>;? Unchecked;v1.6.0-213-g5f31454
maps;unit;31/600;600; 63 490;494   0;921;963;963;43423;1;0;146;0.113658;382051;0;0;bBELA*<1>;? Unchecked;v1.6.0-213-g5f31454
maps;unit;32/600;600;509  15; 24 506;976;1048;1048;98234;1;0;165;0.178539;550212;0;0;bBELA*<1>;? Unchecked;v1.6.0-213-g5f31454
maps;unit;33/600;600;  2  29;510 459;938;1004;1004;51261;1;0;121;0.116658;439412;0;0;bBELA*<1>;? Unchecked;v1.6.0-213-g5f31454
maps;unit;34/600;600;487 477;  0  34;930;1006;1006;80744;1;0;151;0.152887;528129;0;0;bBELA*<1>;? Unchecked;v1.6.0-213-g5f31454
maps;unit;35/600;600;496   5; 21 452;922;952;952;44726;1;0;151;0.108046;413955;0;0;bBELA*<1>;? Unchecked;v1.6.0-213-g5f31454
maps;unit;36/600;600;486 492; 27  24;927;987;987;56900;1;0;151;0.123998;458879;0;0;bBELA*<1>;? Unchecked;v1.6.0-213-g5f31454
maps;unit;37/600;600; 41 501;484  19;925;959;959;50278;1;0;151;0.110687;454235;0;0;bBELA*<1>;? Unchecked;v1.6.0-213-g5f31454
maps;unit;38/600;600;453 486;  4   2;933;997;997;50697;1;0;151;0.111969;452777;0;0;bBELA*<1>;? Unchecked;v1.6.0-213-g5f31454
maps;unit;39/600;600; 37   3;511 462;933;1001;1001;70396;1;0;151;0.136403;516089;0;0;bBELA*<1>;? Unchecked;v1.6.0-213-g5f31454
maps;unit;40/600;600; 30  53;509 494;920;972;972;41746;1;0;151;0.101615;410826;0;0;bBELA*<1>;? Unchecked;v1.6.0-213-g5f31454
maps;unit;41/600;600;497  11; 12 475;949;993;993;54474;1;0;151;0.118263;460619;0;0;bBELA*<1>;? Unchecked;v1.6.0-213-g5f31454
maps;unit;42/600;600;498  17; 14 490;957;1005;1005;42269;1;0;151;0.106254;397811;0;0;bBELA*<1>;? Unchecked;v1.6.0-213-g5f31454
maps;unit;43/600;600;463   2; 20 497;938;992;992;67482;1;0;151;0.131271;514065;0;0;bBELA*<1>;? Unchecked;v1.6.0-213-g5f31454
maps;unit;44/600;600;  2   1;459 479;935;987;987;62073;1;0;151;0.123414;502966;0;0;bBELA*<1>;? Unchecked;v1.6.0-213-g5f31454
maps;unit;45/600;600;497   1; 11 511;996;1032;1032;54118;1;0;151;0.119664;452249;0;0;bBELA*<1>;? Unchecked;v1.6.0-213-g5f31454
maps;unit;46/600;600; 20  23;493 493;943;999;999;56918;1;0;151;0.122789;463542;0;0;bBELA*<1>;? Unchecked;v1.6.0-213-g5f31454
maps;unit;47/600;600;505  13; 44 497;945;983;983;33311;1;0;151;0.0941788;353700;0;0;bBELA*<1>;? Unchecked;v1.6.0-213-g5f31454
maps;unit;48/600;600; 20   1;478 472;929;975;975;55087;1;0;151;0.115018;478941;0;0;bBELA*<1>;? Unchecked;v1.6.0-213-g5f31454
maps;unit;49/600;600;487 496; 17   3;963;1029;1029;69406;1;0;151;0.142327;487651;0;0;bBELA*<1>;? Unchecked;v1.6.0-213-g5f31454
maps;unit;50/600;600;487 499;  6  54;926;1012;1012;67197;1;0;151;0.133186;504535;0;0;bBELA*<1>;? Unchecked;v1.6.0-213-g5f31454
maps;unit;51/600;600; 33   2;492 500;957;1025;1025;78371;1;0;151;0.146214;536002;0;0;bBELA*<1>;? Unchecked;v1.6.0-213-g5f31454
maps;unit;52/600;600;498 477; 13  27;935;995;995;66120;1;0;151;0.134616;491177;0;0;bBELA*<1>;? Unchecked;v1.6.0-213-g5f31454
maps;unit;53/600;600;495 485;  9  40;931;999;999;72773;1;0;151;0.139216;522736;0;0;bBELA*<1>;? Unchecked;v1.6.0-213-g5f31454
maps;unit;54/600;600;485  35;  5 497;942;984;984;49094;1;0;151;0.113487;432597;0;0;bBELA*<1>;? Unchecked;v1.6.0-213-g5f31454
maps;unit;55/600;600;506 510; 39  38;939;987;987;40486;1;0;151;0.103454;391345;0;0;bBELA*<1>;? Unchecked;v1.6.0-213-g5f31454
maps;unit;56/600;600;499  13; 17 491;960;1000;1000;40178;1;0;151;0.111446;360514;0;0;bBELA*<1>;? Unchecked;v1.6.0-213-g5f31454
maps;unit;57/600;600;477  39;  5 494;927;969;969;45556;1;0;151;0.108345;420473;0;0;bBELA*<1>;? Unchecked;v1.6.0-213-g5f31454
maps;unit;58/600;600;  5 478;467  16;924;958;958;27599;1;0;151;0.0842212;327696;0;0;bBELA*<1>;? Unchecked;v1.6.0-213-g5f31454
maps;unit;59/600;600;509 511; 54   4;962;1036;1036;75080;1;0;151;0.142986;525085;0;0;bBELA*<1>;? Unchecked;v1.6.0-213-g5f31454
maps;unit;60/600;600; 17   0;494 487;964;1022;1022;50029;1;0;151;0.121101;413118;0;0;bBELA*<1>;? Unchecked;v1.6.0-213-g5f31454
maps;unit;61/600;600; 15 502;461  15;933;991;991;67057;1;0;151;0.130856;512447;0;0;bBELA*<1>;? Unchecked;v1.6.0-213-g5f31454
maps;unit;62/600;600; 10  30;490 483;933;999;999;53187;1;0;151;0.116677;455850;0;0;bBELA*<1>;? Unchecked;v1.6.0-213-g5f31454
maps;unit;63/600;600;  1  49;496 496;942;1012;1012;61562;1;0;151;0.129082;476921;0;0;bBELA*<1>;? Unchecked;v1.6.0-213-g5f31454
maps;unit;64/600;600;482 451;  7   4;922;976;976;38216;1;0;151;0.0970979;393582;0;0;bBELA*<1>;? Unchecked;v1.6.0-213-g5f31454
maps;unit;65/600;600;498 509;  2  63;942;1022;1022;76652;1;0;151;0.143412;534487;0;0;bBELA*<1>;? Unchecked;v1.6.0-213-g5f31454
maps;unit;66/600;600;  6 455;506  34;921;965;965;48332;1;0;151;0.111069;435155;0;0;bBELA*<1>;? Unchecked;v1.6.0-213-g5f31454
maps;unit;67/600;600;  9   3;508 489;985;1025;1025;41980;1;0;151;0.104402;402100;0;0;bBELA*<1>;? Unchecked;v1.6.0-213-g5f31454
maps;unit;68/600;600; 22 506;479  35;928;988;988;47102;1;0;151;0.111555;422229;0;0;bBELA*<1>;? Unchecked;v1.6.0-213-g5f31454
maps;unit;69/600;600; 28   4;498 501;967;1021;1021;66730;1;0;151;0.135948;490849;0;0;bBELA*<1>;? Unchecked;v1.6.0-213-g5f31454
maps;unit;70/600;600;472  11; 13 507;955;991;991;51408;1;0;151;0.131694;390361;0;0;bBELA*<1>;? Unchecked;v1.6.0-213-g5f31454
maps;unit;71/600;600; 31  47;493 505;920;976;976;64285;1;0;151;0.134058;479532;0;0;bBELA*<1>;? Unchecked;v1.6.0-213-g5f31454
maps;unit;72/600;600; 14  16;507 492;969;1013;1013;41848;1;0;151;0.104534;400329;0;0;bBELA*<1>;? Unchecked;v1.6.0-213-g5f31454
maps;unit;73/600;600; 73   2;501 511;937;999;999;60688;1;0;151;0.124992;485537;0;0;bBELA*<1>;? Unchecked;v1.6.0-213-g5f31454
maps;unit;74/600;600; 35 510;488   7;956;984;984;34751;1;0;151;0.0935998;371272;0;0;bBELA*<1>;? Unchecked;v1.6.0-213-g5f31454
maps;unit;75/600;600; 17  19;483 492;939;1001;1001;68463;1;0;151;0.136217;502602;0;0;bBELA*<1>;? Unchecked;v1.6.0-213-g5f31454
maps;unit;76/600;600; 16 510;511  21;984;1036;1036;55353;1;0;151;0.124303;445308;0;0;bBELA*<1>;? Unchecked;v1.6.0-213-g5f31454
maps;unit;77/600;600;468  11; 11 507;953;991;991;51341;1;0;151;0.114972;446551;0;0;bBELA*<1>;? Unchecked;v1.6.0-213-g5f31454
maps;unit;78/600;600; 52 501;484  13;920;952;952;33415;1;0;151;0.0912551;366171;0;0;bBELA*<1>;? Unchecked;v1.6.0-213-g5f31454
maps;unit;79/600;600; 37 501;507  49;922;980;980;79886;1;0;151;0.152313;524484;0;0;bBELA*<1>;? Unchecked;v1.6.0-213-g5f31454
maps;unit;80/600;600;  9   2;505 502;996;1044;1044;57990;1;0;151;0.12687;457081;0;0;bBELA*<1>;? Unchecked;v1.6.0-213-g5f31454
maps;unit;81/600;600;495 510; 32  16;957;1013;1013;45467;1;0;151;0.114651;396568;0;0;bBELA*<1>;? Unchecked;v1.6.0-213-g5f31454
maps;unit;82/600;600;  6  25;481 479;929;985;985;50918;1;0;151;0.112853;451188;0;0;bBELA*<1>;? Unchecked;v1.6.0-213-g5f31454
maps;unit;83/600;600; 48 481;500  10;923;955;955;36736;1;0;151;0.0939922;390841;0;0;bBELA*<1>;? Unchecked;v1.6.0-213-g5f31454
maps;unit;84/600;600;483  21;  8 485;939;979;979;46770;1;0;151;0.108479;431145;0;0;bBELA*<1>;? Unchecked;v1.6.0-213-g5f31454
maps;unit;85/600;600;489   2;  2 465;950;982;982;45367;1;0;151;0.109608;413904;0;0;bBELA*<1>;? Unchecked;v1.6.0-213-g5f31454
maps;unit;86/600;600; 23 481;500  19;939;997;997;63498;1;0;151;0.124743;509032;0;0;bBELA*<1>;? Unchecked;v1.6.0-213-g5f31454
maps;unit;87/600;600;469 491; 16  14;930;980;980;42755;1;0;151;0.106818;400260;0;0;bBELA*<1>;? Unchecked;v1.6.0-213-g5f31454
maps;unit;88/600;600;  1  30;456 501;926;1016;1016;85332;1;0;156;0.160407;531972;0;0;bBELA*<1>;? Unchecked;v1.6.0-213-g5f31454
maps;unit;89/600;600;  7 479;505  48;929;989;989;69547;1;0;156;0.131124;530392;0;0;bBELA*<1>;? Unchecked;v1.6.0-213-g5f31454
maps;unit;90/600;600;508 511; 40   7;972;1042;1042;72355;1;0;156;0.140798;513891;0;0;bBELA*<1>;? Unchecked;v1.6.0-213-g5f31454
maps;unit;91/600;600; 41 489;509  34;923;973;973;68614;1;0;160;0.135681;505700;0;0;bBELA*<1>;? Unchecked;v1.6.0-213-g5f31454
maps;unit;92/600;600; 54 499;492  17;920;964;964;51683;1;0;160;0.111143;465015;0;0;bBELA*<1>;? Unchecked;v1.6.0-213-g5f31454
maps;unit;93/600;600;469   6; 22 482;923;963;963;49976;1;0;160;0.115482;432761;0;0;bBELA*<1>;? Unchecked;v1.6.0-213-g5f31454
maps;unit;94/600;600; 68  20;509 507;928;996;996;61033;1;0;160;0.124866;488789;0;0;bBELA*<1>;? Unchecked;v1.6.0-213-g5f31454
maps;unit;95/600;600;484 482; 22  17;927;971;971;39418;1;0;160;0.09926;397119;0;0;bBELA*<1>;? Unchecked;v1.6.0-213-g5f31454
maps;unit;96/600;600;  6   3;507 507;1005;1055;1055;61254;1;0;160;0.132497;462304;0;0;bBELA*<1>;? Unchecked;v1.6.0-213-g5f31454
maps;unit;97/600;600;480   7; 33 480;920;954;954;44846;1;0;160;0.107688;416445;0;0;bBELA*<1>;? Unchecked;v1.6.0-213-g5f31454
maps;unit;98/600;600;501 484; 46   0;939;1001;1001;71157;1;0;160;0.140642;505943;0;0;bBELA*<1>;? Unchecked;v1.6.0-213-g5f31454
maps;unit;99/600;600;504 493;  9  25;963;1021;1021;59399;1;0;160;0.125028;475084;0;0;bBELA*<1>;? Unchecked;v1.6.0-213-g5f31454
maps;unit;0/700;700; 14 477;509  34;938;1002;1002;67075;1;0;160;0.141211;474998;0;0;bBELA*<1>;? Unchecked;v1.6.0-213-g5f31454
maps;unit;1/700;700;488   3; 14 464;935;963;963;37635;1;0;160;0.103665;363046;0;0;bBELA*<1>;? Unchecked;v1.6.0-213-g5f31454
maps;unit;2/700;700;  9 438;503   6;926;972;972;30851;1;0;160;0.0945771;326199;0;0;bBELA*<1>;? Unchecked;v1.6.0-213-g5f31454
maps;unit;3/700;700; 59  12;508 498;935;989;989;48353;1;0;160;0.122159;395822;0;0;bBELA*<1>;? Unchecked;v1.6.0-213-g5f31454
maps;unit;4/700;700;495 508;  4   0;999;1053;1053;40640;1;0;160;0.115069;353178;0;0;bBELA*<1>;? Unchecked;v1.6.0-213-g5f31454
maps;unit;5/700;700;454  24; 11 502;921;953;953;46498;1;0;160;0.115308;403251;0;0;bBELA*<1>;? Unchecked;v1.6.0-213-g5f31454
maps;unit;6/700;700;  2  27;476 485;932;1002;1002;64046;1;0;160;0.139343;459628;0;0;bBELA*<1>;? Unchecked;v1.6.0-213-g5f31454
maps;unit;7/700;700;450   6;  8 486;922;958;958;45550;1;0;160;0.115449;394547;0;0;bBELA*<1>;? Unchecked;v1.6.0-213-g5f31454
maps;unit;8/700;700;496  29; 22 481;926;986;986;63828;1;0;160;0.132829;480528;0;0;bBELA*<1>;? Unchecked;v1.6.0-213-g5f31454
maps;unit;9/700;700;489   9;  1 459;938;966;966;37857;1;0;160;0.102314;370010;0;0;bBELA*<1>;? Unchecked;v1.6.0-213-g5f31454
maps;unit;10/700;700; 27  10;494 508;965;1019;1019;65503;1;0;160;0.139738;468754;0;0;bBELA*<1>;? Unchecked;v1.6.0-213-g5f31454
maps;unit;11/700;700;479   9; 52 503;921;955;955;44363;1;0;160;0.109893;403692;0;0;bBELA*<1>;? Unchecked;v1.6.0-213-g5f31454
maps;unit;12/700;700;486 493; 12  19;948;1004;1004;51591;1;0;160;0.128948;400091;0;0;bBELA*<1>;? Unchecked;v1.6.0-213-g5f31454
maps;unit;13/700;700;492 503; 28  34;933;991;991;45477;1;0;160;0.120723;376704;0;0;bBELA*<1>;? Unchecked;v1.6.0-213-g5f31454
maps;unit;14/700;700; 14 508;507  75;926;992;992;73556;1;0;160;0.145294;506257;0;0;bBELA*<1>;? Unchecked;v1.6.0-213-g5f31454
maps;unit;15/700;700;  7 486;483  12;950;980;980;21537;1;0;160;0.0851643;252888;0;0;bBELA*<1>;? Unchecked;v1.6.0-213-g5f31454
maps;unit;16/700;700;  8 506;463  25;936;976;976;32046;1;0;160;0.0992447;322899;0;0;bBELA*<1>;? Unchecked;v1.6.0-213-g5f31454
maps;unit;17/700;700;485  28;  7 510;960;1004;1004;58559;1;0;160;0.133937;437214;0;0;bBELA*<1>;? Unchecked;v1.6.0-213-g5f31454
maps;unit;18/700;700;478 494; 14  11;947;995;995;40215;1;0;160;0.109727;366502;0;0;bBELA*<1>;? Unchecked;v1.6.0-213-g5f31454
maps;unit;19/700;700;504  18; 57 499;928;990;990;79125;1;0;160;0.152939;517363;0;0;bBELA*<1>;? Unchecked;v1.6.0-213-g5f31454
maps;unit;20/700;700;480 488; 31   3;934;992;992;54663;1;0;160;0.12763;428293;0;0;bBELA*<1>;? Unchecked;v1.6.0-213-g5f31454
maps;unit;21/700;700; 13 507;477  15;956;990;990;23376;1;0;160;0.0925845;252483;0;0;bBELA*<1>;? Unchecked;v1.6.0-213-g5f31454
maps;unit;22/700;700; 11  12;496 469;942;986;986;45166;1;0;160;0.118281;381855;0;0;bBELA*<1>;? Unchecked;v1.6.0-213-g5f31454
maps;unit;23/700;700; 32 507;466  14;927;1009;1009;38594;1;0;160;0.107782;358074;0;0;bBELA*<1>;? Unchecked;v1.6.0-213-g5f31454
maps;unit;24/700;700;500   1; 50 509;958;998;998;46790;1;0;160;0.120746;387508;0;0;bBELA*<1>;? Unchecked;v1.6.0-213-g5f31454
maps;unit;25/700;700;484  39;  5 503;943;989;989;54995;1;0;160;0.126826;433625;0;0;bBELA*<1>;? Unchecked;v1.6.0-213-g5f31454
maps;unit;26/700;700; 24   2;508 490;972;1014;1014;43017;1;0;160;0.118622;362640;0;0;bBELA*<1>;? Unchecked;v1.6.0-213-g5f31454
maps;unit;27/700;700;482   5;  8 465;934;962;962;37124;1;0;160;0.105961;350355;0;0;bBELA*<1>;? Unchecked;v1.6.0-213-g5f31454
maps;unit;28/700;700;  6  47;497 481;925;985;985;53465;1;0;160;0.124105;430804;0;0;bBELA*<1>;? Unchecked;v1.6.0-213-g5f31454
maps;unit;29/700;700;489  13; 49 506;933;967;967;45881;1;0;160;0.119938;382539;0;0;bBELA*<1>;? Unchecked;v1.6.0-213-g5f31454
maps;unit;30/700;700;499 510;  2  87;920;982;982;57526;1;0;160;0.130465;440929;0;0;bBELA*<1>;? Unchecked;v1.6.0-213-g5f31454
maps;unit;31/700;700; 63 490;494   0;921;963;963;43423;1;0;160;0.113547;382423;0;0;bBELA*<1>;? Unchecked;v1.6.0-213-g5f31454
maps;unit;32/700;700;509  15; 24 506;976;1048;1048;98234;1;0;175;0.186346;527159;0;0;bBELA*<1>;? Unchecked;v1.6.0-213-g5f31454
maps;unit;33/700;700;  2  29;510 459;938;1004;1004;51261;1;0;127;0.126528;405135;0;0;bBELA*<1>;? Unchecked;v1.6.0-213-g5f31454
maps;unit;34/700;700;487 477;  0  34;930;1006;1006;80744;1;0;157;0.20341;396951;0;0;bBELA*<1>;? Unchecked;v1.6.0-213-g5f31454
maps;unit;35/700;700;496   5; 21 452;922;952;952;44726;1;0;157;0.114902;389254;0;0;bBELA*<1>;? Unchecked;v1.6.0-213-g5f31454
maps;unit;36/700;700;486 492; 27  24;927;987;987;56900;1;0;157;0.128748;441948;0;0;bBELA*<1>;? Unchecked;v1.6.0-213-g5f31454
maps;unit;37/700;700; 41 501;484  19;925;959;959;50278;1;0;157;0.118796;423231;0;0;bBELA*<1>;? Unchecked;v1.6.0-213-g5f31454
maps;unit;38/700;700;453 486;  4   2;933;997;997;50697;1;0;157;0.12208;415276;0;0;bBELA*<1>;? Unchecked;v1.6.0-213-g5f31454
maps;unit;39/700;700; 37   3;511 462;933;1001;1001;70396;1;0;157;0.145173;484911;0;0;bBELA*<1>;? Unchecked;v1.6.0-213-g5f31454
maps;unit;40/700;700; 30  53;509 494;920;972;972;41746;1;0;157;0.11099;376124;0;0;bBELA*<1>;? Unchecked;v1.6.0-213-g5f31454
maps;unit;41/700;700;497  11; 12 475;949;993;993;54474;1;0;157;0.126106;431972;0;0;bBELA*<1>;? Unchecked;v1.6.0-213-g5f31454
maps;unit;42/700;700;498  17; 14 490;957;1005;1005;42269;1;0;157;0.113562;372212;0;0;bBELA*<1>;? Unchecked;v1.6.0-213-g5f31454
maps;unit;43/700;700;463   2; 20 497;938;992;992;67482;1;0;157;0.139673;483144;0;0;bBELA*<1>;? Unchecked;v1.6.0-213-g5f31454
maps;unit;44/700;700;  2   1;459 479;935;987;987;62073;1;0;158;0.144959;428211;0;0;bBELA*<1>;? Unchecked;v1.6.0-213-g5f31454
maps;unit;45/700;700;497   1; 11 511;996;1032;1032;54118;1;0;158;0.132134;409570;0;0;bBELA*<1>;? Unchecked;v1.6.0-213-g5f31454
maps;unit;46/700;700; 20  23;493 493;943;999;999;56918;1;0;158;0.130672;435580;0;0;bBELA*<1>;? Unchecked;v1.6.0-213-g5f31454
maps;unit;47/700;700;505  13; 44 497;945;983;983;33311;1;0;158;0.105094;316965;0;0;bBELA*<1>;? Unchecked;v1.6.0-213-g5f31454
maps;unit;48/700;700; 20   1;478 472;929;975;975;55087;1;0;158;0.124684;441811;0;0;bBELA*<1>;? Unchecked;v1.6.0-213-g5f31454
maps;unit;49/700;700;487 496; 17   3;963;1029;1029;69406;1;0;158;0.149648;463795;0;0;bBELA*<1>;? Unchecked;v1.6.0-213-g5f31454
maps;unit;50/700;700;487 499;  6  54;926;1012;1012;67197;1;0;158;0.143451;468432;0;0;bBELA*<1>;? Unchecked;v1.6.0-213-g5f31454
maps;unit;51/700;700; 33   2;492 500;957;1025;1025;78371;1;0;158;0.155844;502882;0;0;bBELA*<1>;? Unchecked;v1.6.0-213-g5f31454
maps;unit;52/700;700;498 477; 13  27;935;995;995;66120;1;0;158;0.143962;459288;0;0;bBELA*<1>;? Unchecked;v1.6.0-213-g5f31454
maps;unit;53/700;700;495 485;  9  40;931;999;999;72773;1;0;158;0.159774;455476;0;0;bBELA*<1>;? Unchecked;v1.6.0-213-g5f31454
maps;unit;54/700;700;485  35;  5 497;942;984;984;49094;1;0;158;0.121888;402780;0;0;bBELA*<1>;? Unchecked;v1.6.0-213-g5f31454
maps;unit;55/700;700;506 510; 39  38;939;987;987;40486;1;0;158;0.11005;367886;0;0;bBELA*<1>;? Unchecked;v1.6.0-213-g5f31454
maps;unit;56/700;700;499  13; 17 491;960;1000;1000;40178;1;0;158;0.109829;365822;0;0;bBELA*<1>;? Unchecked;v1.6.0-213-g5f31454
maps;unit;57/700;700;477  39;  5 494;927;969;969;45556;1;0;158;0.1171;389035;0;0;bBELA*<1>;? Unchecked;v1.6.0-213-g5f31454
maps;unit;58/700;700;  5 478;467  16;924;958;958;27599;1;0;158;0.0927205;297658;0;0;bBELA*<1>;? Unchecked;v1.6.0-213-g5f31454
maps;unit;59/700;700;509 511; 54   4;962;1036;1036;75080;1;0;158;0.15431;486552;0;0;bBELA*<1>;? Unchecked;v1.6.0-213-g5f31454
maps;unit;60/700;700; 17   0;494 487;964;1022;1022;50029;1;0;158;0.125965;397167;0;0;bBELA*<1>;? Unchecked;v1.6.0-213-g5f31454
maps;unit;61/700;700; 15 502;461  15;933;991;991;67057;1;0;158;0.139377;481119;0;0;bBELA*<1>;? Unchecked;v1.6.0-213-g5f31454
maps;unit;62/700;700; 10  30;490 483;933;999;999;53187;1;0;158;0.125464;423923;0;0;bBELA*<1>;? Unchecked;v1.6.0-213-g5f31454
maps;unit;63/700;700;  1  49;496 496;942;1012;1012;61562;1;0;158;0.139382;441679;0;0;bBELA*<1>;? Unchecked;v1.6.0-213-g5f31454
maps;unit;64/700;700;482 451;  7   4;922;976;976;38216;1;0;158;0.105027;363867;0;0;bBELA*<1>;? Unchecked;v1.6.0-213-g5f31454
maps;unit;65/700;700;498 509;  2  63;942;1022;1022;76652;1;0;158;0.162587;471452;0;0;bBELA*<1>;? Unchecked;v1.6.0-213-g5f31454
maps;unit;66/700;700;  6 455;506  34;921;965;965;48332;1;0;158;0.117614;410937;0;0;bBELA*<1>;? Unchecked;v1.6.0-213-g5f31454
maps;unit;67/700;700;  9   3;508 489;985;1025;1025;41980;1;0;158;0.116827;359334;0;0;bBELA*<1>;? Unchecked;v1.6.0-213-g5f31454
maps;unit;68/700;700; 22 506;479  35;928;988;988;47102;1;0;158;0.116578;404038;0;0;bBELA*<1>;? Unchecked;v1.6.0-213-g5f31454
maps;unit;69/700;700; 28   4;498 501;967;1021;1021;66730;1;0;158;0.146679;454938;0;0;bBELA*<1>;? Unchecked;v1.6.0-213-g5f31454
maps;unit;70/700;700;472  11; 13 507;955;991;991;51408;1;0;158;0.123567;416035;0;0;bBELA*<1>;? Unchecked;v1.6.0-213-g5f31454
maps;unit;71/700;700; 31  47;493 505;920;976;976;64285;1;0;159;0.136414;471250;0;0;bBELA*<1>;? Unchecked;v1.6.0-213-g5f31454
maps;unit;72/700;700; 14  16;507 492;969;1013;1013;41848;1;0;159;0.114049;366930;0;0;bBELA*<1>;? Unchecked;v1.6.0-213-g5f31454
maps;unit;73/700;700; 73   2;501 511;937;999;999;60688;1;0;159;0.136335;445138;0;0;bBELA*<1>;? Unchecked;v1.6.0-213-g5f31454
maps;unit;74/700;700; 35 510;488   7;956;984;984;34751;1;0;159;0.103785;334838;0;0;bBELA*<1>;? Unchecked;v1.6.0-213-g5f31454
maps;unit;75/700;700; 17  19;483 492;939;1001;1001;68463;1;0;159;0.146463;467442;0;0;bBELA*<1>;? Unchecked;v1.6.0-213-g5f31454
maps;unit;76/700;700; 16 510;511  21;984;1036;1036;55353;1;0;159;0.133942;413260;0;0;bBELA*<1>;? Unchecked;v1.6.0-213-g5f31454
maps;unit;77/700;700;468  11; 11 507;953;991;991;51341;1;0;159;0.121193;423631;0;0;bBELA*<1>;? Unchecked;v1.6.0-213-g5f31454
maps;unit;78/700;700; 52 501;484  13;920;952;952;33415;1;0;159;0.0972074;343750;0;0;bBELA*<1>;? Unchecked;v1.6.0-213-g5f31454
maps;unit;79/700;700; 37 501;507  49;922;980;980;79886;1;0;159;0.15269;523192;0;0;bBELA*<1>;? Unchecked;v1.6.0-213-g5f31454
maps;unit;80/700;700;  9   2;505 502;996;1044;1044;57990;1;0;159;0.143939;402878;0;0;bBELA*<1>;? Unchecked;v1.6.0-213-g5f31454
maps;unit;81/700;700;495 510; 32  16;957;1013;1013;45467;1;0;159;0.130975;347143;0;0;bBELA*<1>;? Unchecked;v1.6.0-213-g5f31454
maps;unit;82/700;700;  6  25;481 479;929;985;985;50918;1;0;159;0.123077;413708;0;0;bBELA*<1>;? Unchecked;v1.6.0-213-g5f31454
maps;unit;83/700;700; 48 481;500  10;923;955;955;36736;1;0;159;0.104451;351705;0;0;bBELA*<1>;? Unchecked;v1.6.0-213-g5f31454
maps;unit;84/700;700;483  21;  8 485;939;979;979;46770;1;0;159;0.115791;403918;0;0;bBELA*<1>;? Unchecked;v1.6.0-213-g5f31454
maps;unit;85/700;700;489   2;  2 465;950;982;982;45367;1;0;159;0.117706;385426;0;0;bBELA*<1>;? Unchecked;v1.6.0-213-g5f31454
maps;unit;86/700;700; 23 481;500  19;939;997;997;63498;1;0;159;0.134167;473277;0;0;bBELA*<1>;? Unchecked;v1.6.0-213-g5f31454
maps;unit;87/700;700;469 491; 16  14;930;980;980;42755;1;0;159;0.114333;373952;0;0;bBELA*<1>;? Unchecked;v1.6.0-213-g5f31454
maps;unit;88/700;700;  1  30;456 501;926;1016;1016;85332;1;0;164;0.168691;505849;0;0;bBELA*<1>;? Unchecked;v1.6.0-213-g5f31454
maps;unit;89/700;700;  7 479;505  48;929;989;989;69547;1;0;149;0.145397;478326;0;0;bBELA*<1>;? Unchecked;v1.6.0-213-g5f31454
maps;unit;90/700;700;508 511; 40   7;972;1042;1042;72355;1;0;157;0.156854;461290;0;0;bBELA*<1>;? Unchecked;v1.6.0-213-g5f31454
maps;unit;91/700;700; 41 489;509  34;923;973;973;68614;1;0;157;0.142311;482141;0;0;bBELA*<1>;? Unchecked;v1.6.0-213-g5f31454
maps;unit;92/700;700; 54 499;492  17;920;964;964;51683;1;0;157;0.11854;435996;0;0;bBELA*<1>;? Unchecked;v1.6.0-213-g5f31454
maps;unit;93/700;700;469   6; 22 482;923;963;963;49976;1;0;157;0.14079;354969;0;0;bBELA*<1>;? Unchecked;v1.6.0-213-g5f31454
maps;unit;94/700;700; 68  20;509 507;928;996;996;61033;1;0;157;0.136373;447546;0;0;bBELA*<1>;? Unchecked;v1.6.0-213-g5f31454
maps;unit;95/700;700;484 482; 22  17;927;971;971;39418;1;0;157;0.108003;364971;0;0;bBELA*<1>;? Unchecked;v1.6.0-213-g5f31454
maps;unit;96/700;700;  6   3;507 507;1005;1055;1055;61254;1;0;157;0.143122;427986;0;0;bBELA*<1>;? Unchecked;v1.6.0-213-g5f31454
maps;unit;97/700;700;480   7; 33 480;920;954;954;44846;1;0;157;0.117598;381350;0;0;bBELA*<1>;? Unchecked;v1.6.0-213-g5f31454
maps;unit;98/700;700;501 484; 46   0;939;1001;1001;71157;1;0;157;0.147517;482365;0;0;bBELA*<1>;? Unchecked;v1.6.0-213-g5f31454
maps;unit;99/700;700;504 493;  9  25;963;1021;1021;59399;1;0;157;0.137085;433301;0;0;bBELA*<1>;? Unchecked;v1.6.0-213-g5f31454
maps;unit;0/800;800; 14 477;509  34;938;1002;1002;67075;1;0;157;0.151946;441440;0;0;bBELA*<1>;? Unchecked;v1.6.0-213-g5f31454
maps;unit;1/800;800;488   3; 14 464;935;963;963;37635;1;0;157;0.116404;323314;0;0;bBELA*<1>;? Unchecked;v1.6.0-213-g5f31454
maps;unit;2/800;800;  9 438;503   6;926;972;972;30851;1;0;157;0.102102;302159;0;0;bBELA*<1>;? Unchecked;v1.6.0-213-g5f31454
maps;unit;3/800;800; 59  12;508 498;935;989;989;48353;1;0;157;0.127808;378325;0;0;bBELA*<1>;? Unchecked;v1.6.0-213-g5f31454
maps;unit;4/800;800;495 508;  4   0;999;1053;1053;40640;1;0;157;0.131735;308498;0;0;bBELA*<1>;? Unchecked;v1.6.0-213-g5f31454
maps;unit;5/800;800;454  24; 11 502;921;953;953;46498;1;0;157;0.124998;371989;0;0;bBELA*<1>;? Unchecked;v1.6.0-213-g5f31454
maps;unit;6/800;800;  2  27;476 485;932;1002;1002;64046;1;0;157;0.14966;427942;0;0;bBELA*<1>;? Unchecked;v1.6.0-213-g5f31454
maps;unit;7/800;800;450   6;  8 486;922;958;958;45550;1;0;157;0.119798;380223;0;0;bBELA*<1>;? Unchecked;v1.6.0-213-g5f31454
maps;unit;8/800;800;496  29; 22 481;926;986;986;63828;1;0;157;0.141038;452559;0;0;bBELA*<1>;? Unchecked;v1.6.0-213-g5f31454
maps;unit;9/800;800;489   9;  1 459;938;966;966;37857;1;0;157;0.113158;334551;0;0;bBELA*<1>;? Unchecked;v1.6.0-213-g5f31454
maps;unit;10/800;800; 27  10;494 508;965;1019;1019;65503;1;0;157;0.145369;450597;0;0;bBELA*<1>;? Unchecked;v1.6.0-213-g5f31454
maps;unit;11/800;800;479   9; 52 503;921;955;955;44363;1;0;157;0.118974;372879;0;0;bBELA*<1>;? Unchecked;v1.6.0-213-g5f31454
maps;unit;12/800;800;486 493; 12  19;948;1004;1004;51591;1;0;157;0.141927;363503;0;0;bBELA*<1>;? Unchecked;v1.6.0-213-g5f31454
maps;unit;13/800;800;492 503; 28  34;933;991;991;45477;1;0;157;0.125446;362524;0;0;bBELA*<1>;? Unchecked;v1.6.0-213-g5f31454
maps;unit;14/800;800; 14 508;507  75;926;992;992;73556;1;0;159;0.156962;468624;0;0;bBELA*<1>;? Unchecked;v1.6.0-213-g5f31454
maps;unit;15/800;800;  7 486;483  12;950;980;980;21537;1;0;159;0.0949553;226812;0;0;bBELA*<1>;? Unchecked;v1.6.0-213-g5f31454
maps;unit;16/800;800;  8 506;463  25;936;976;976;32046;1;0;159;0.107994;296738;0;0;bBELA*<1>;? Unchecked;v1.6.0-213-g5f31454
maps;unit;17/800;800;485  28;  7 510;960;1004;1004;58559;1;0;159;0.139925;418504;0;0;bBELA*<1>;? Unchecked;v1.6.0-213-g5f31454
maps;unit;18/800;800;478 494; 14  11;947;995;995;40215;1;0;159;0.118781;338564;0;0;bBELA*<1>;? Unchecked;v1.6.0-213-g5f31454
maps;unit;19/800;800;504  18; 57 499;928;990;990;79125;1;0;163;0.162993;485450;0;0;bBELA*<1>;? Unchecked;v1.6.0-213-g5f31454
maps;unit;20/800;800;480 488; 31   3;934;992;992;54663;1;0;163;0.137618;397208;0;0;bBELA*<1>;? Unchecked;v1.6.0-213-g5f31454
maps;unit;21/800;800; 13 507;477  15;956;990;990;23376;1;0;163;0.0992711;235476;0;0;bBELA*<1>;? Unchecked;v1.6.0-213-g5f31454
maps;unit;22/800;800; 11  12;496 469;942;986;986;45166;1;0;163;0.123453;365856;0;0;bBELA*<1>;? Unchecked;v1.6.0-213-g5f31454
maps;unit;23/800;800; 32 507;466  14;927;1009;1009;38594;1;0;163;0.116035;332608;0;0;bBELA*<1>;? Unchecked;v1.6.0-213-g5f31454
maps;unit;24/800;800;500   1; 50 509;958;998;998;46790;1;0;163;0.140412;333234;0;0;bBELA*<1>;? Unchecked;v1.6.0-213-g5f31454
maps;unit;25/800;800;484  39;  5 503;943;989;989;54995;1;0;163;0.139586;393986;0;0;bBELA*<1>;? Unchecked;v1.6.0-213-g5f31454
maps;unit;26/800;800; 24   2;508 490;972;1014;1014;43017;1;0;163;0.12813;335729;0;0;bBELA*<1>;? Unchecked;v1.6.0-213-g5f31454
maps;unit;27/800;800;482   5;  8 465;934;962;962;37124;1;0;163;0.114516;324182;0;0;bBELA*<1>;? Unchecked;v1.6.0-213-g5f31454
maps;unit;28/800;800;  6  47;497 481;925;985;985;53465;1;0;163;0.13313;401600;0;0;bBELA*<1>;? Unchecked;v1.6.0-213-g5f31454
maps;unit;29/800;800;489  13; 49 506;933;967;967;45881;1;0;163;0.127428;360055;0;0;bBELA*<1>;? Unchecked;v1.6.0-213-g5f31454
maps;unit;30/800;800;499 510;  2  87;920;982;982;57526;1;0;163;0.140682;408907;0;0;bBELA*<1>;? Unchecked;v1.6.0-213-g5f31454
maps;unit;31/800;800; 63 490;494   0;921;963;963;43423;1;0;163;0.122312;355017;0;0;bBELA*<1>;? Unchecked;v1.6.0-213-g5f31454
maps;unit;32/800;800;509  15; 24 506;976;1048;1048;98234;1;0;181;0.198917;493844;0;0;bBELA*<1>;? Unchecked;v1.6.0-213-g5f31454
maps;unit;33/800;800;  2  29;510 459;938;1004;1004;51261;1;0;134;0.136648;375131;0;0;bBELA*<1>;? Unchecked;v1.6.0-213-g5f31454
maps;unit;34/800;800;487 477;  0  34;930;1006;1006;80744;1;0;121;0.174591;462475;0;0;bBELA*<1>;? Unchecked;v1.6.0-213-g5f31454
maps;unit;35/800;800;496   5; 21 452;922;952;952;44726;1;0;130;0.124941;357978;0;0;bBELA*<1>;? Unchecked;v1.6.0-213-g5f31454
maps;unit;36/800;800;486 492; 27  24;927;987;987;56900;1;0;136;0.144765;393051;0;0;bBELA*<1>;? Unchecked;v1.6.0-213-g5f31454
maps;unit;37/800;800; 41 501;484  19;925;959;959;50278;1;0;136;0.124169;404916;0;0;bBELA*<1>;? Unchecked;v1.6.0-213-g5f31454
maps;unit;38/800;800;453 486;  4   2;933;997;997;50697;1;0;136;0.132628;382249;0;0;bBELA*<1>;? Unchecked;v1.6.0-213-g5f31454
maps;unit;39/800;800; 37   3;511 462;933;1001;1001;70396;1;0;153;0.157851;445965;0;0;bBELA*<1>;? Unchecked;v1.6.0-213-g5f31454
maps;unit;40/800;800; 30  53;509 494;920;972;972;41746;1;0;153;0.12001;347855;0;0;bBELA*<1>;? Unchecked;v1.6.0-213-g5f31454
maps;unit;41/800;800;497  11; 12 475;949;993;993;54474;1;0;153;0.135522;401956;0;0;bBELA*<1>;? Unchecked;v1.6.0-213-g5f31454
maps;unit;42/800;800;498  17; 14 490;957;1005;1005;42269;1;0;153;0.124605;339224;0;0;bBELA*<1>;? Unchecked;v1.6.0-213-g5f31454
maps;unit;43/800;800;463   2; 20 497;938;992;992;67482;1;0;159;0.155048;435234;0;0;bBELA*<1>;? Unchecked;v1.6.0-213-g5f31454
maps;unit;44/800;800;  2   1;459 479;935;987;987;62073;1;0;159;0.14205;436980;0;0;bBELA*<1>;? Unchecked;v1.6.0-213-g5f31454
maps;unit;45/800;800;497   1; 11 511;996;1032;1032;54118;1;0;159;0.142167;380664;0;0;bBELA*<1>;? Unchecked;v1.6.0-213-g5f31454
maps;unit;46/800;800; 20  23;493 493;943;999;999;56918;1;0;159;0.140276;405757;0;0;bBELA*<1>;? Unchecked;v1.6.0-213-g5f31454
maps;unit;47/800;800;505  13; 44 497;945;983;983;33311;1;0;159;0.112208;296869;0;0;bBELA*<1>;? Unchecked;v1.6.0-213-g5f31454
maps;unit;48/800;800; 20   1;478 472;929;975;975;55087;1;0;159;0.131482;418970;0;0;bBELA*<1>;? Unchecked;v1.6.0-213-g5f31454
maps;unit;49/800;800;487 496; 17   3;963;1029;1029;69406;1;0;160;0.159356;435541;0;0;bBELA*<1>;? Unchecked;v1.6.0-213-g5f31454
maps;unit;50/800;800;487 499;  6  54;926;1012;1012;67197;1;0;160;0.151518;443492;0;0;bBELA*<1>;? Unchecked;v1.6.0-213-g5f31454
maps;unit;51/800;800; 33   2;492 500;957;1025;1025;78371;1;0;164;0.197056;397709;0;0;bBELA*<1>;? Unchecked;v1.6.0-213-g5f31454
maps;unit;52/800;800;498 477; 13  27;935;995;995;66120;1;0;164;0.150354;439763;0;0;bBELA*<1>;? Unchecked;v1.6.0-213-g5f31454
maps;unit;53/800;800;495 485;  9  40;931;999;999;72773;1;0;164;0.157891;460908;0;0;bBELA*<1>;? Unchecked;v1.6.0-213-g5f31454
maps;unit;54/800;800;485  35;  5 497;942;984;984;49094;1;0;164;0.130232;376972;0;0;bBELA*<1>;? Unchecked;v1.6.0-213-g5f31454
maps;unit;55/800;800;506 510; 39  38;939;987;987;40486;1;0;164;0.119977;337447;0;0;bBELA*<1>;? Unchecked;v1.6.0-213-g5f31454
maps;unit;56/800;800;499  13; 17 491;960;1000;1000;40178;1;0;164;0.115295;348481;0;0;bBELA*<1>;? Unchecked;v1.6.0-213-g5f31454
maps;unit;57/800;800;477  39;  5 494;927;969;969;45556;1;0;164;0.123746;368141;0;0;bBELA*<1>;? Unchecked;v1.6.0-213-g5f31454
maps;unit;58/800;800;  5 478;467  16;924;958;958;27599;1;0;164;0.1015;271910;0;0;bBELA*<1>;? Unchecked;v1.6.0-213-g5f31454
maps;unit;59/800;800;509 511; 54   4;962;1036;1036;75080;1;0;165;0.160775;466989;0;0;bBELA*<1>;? Unchecked;v1.6.0-213-g5f31454
maps;unit;60/800;800; 17   0;494 487;964;1022;1022;50029;1;0;133;0.138057;362379;0;0;bBELA*<1>;? Unchecked;v1.6.0-213-g5f31454
maps;unit;61/800;800; 15 502;461  15;933;991;991;67057;1;0;152;0.17633;380293;0;0;bBELA*<1>;? Unchecked;v1.6.0-213-g5f31454
maps;unit;62/800;800; 10  30;490 483;933;999;999;53187;1;0;152;0.135412;392780;0;0;bBELA*<1>;? Unchecked;v1.6.0-213-g5f31454
maps;unit;63/800;800;  1  49;496 496;942;1012;1012;61562;1;0;155;0.147336;417835;0;0;bBELA*<1>;? Unchecked;v1.6.0-213-g5f31454
maps;unit;64/800;800;482 451;  7   4;922;976;976;38216;1;0;155;0.115979;329507;0;0;bBELA*<1>;? Unchecked;v1.6.0-213-g5f31454
maps;unit;65/800;800;498 509;  2  63;942;1022;1022;76652;1;0;121;0.165679;462654;0;0;bBELA*<1>;? Unchecked;v1.6.0-213-g5f31454
maps;unit;66/800;800;  6 455;506  34;921;965;965;48332;1;0;131;0.127888;377925;0;0;bBELA*<1>;? Unchecked;v1.6.0-213-g5f31454
maps;unit;67/800;800;  9   3;508 489;985;1025;1025;41980;1;0;131;0.124945;335987;0;0;bBELA*<1>;? Unchecked;v1.6.0-213-g5f31454
maps;unit;68/800;800; 22 506;479  35;928;988;988;47102;1;0;131;0.128149;367557;0;0;bBELA*<1>;? Unchecked;v1.6.0-213-g5f31454
maps;unit;69/800;800; 28   4;498 501;967;1021;1021;66730;1;0;152;0.15822;421755;0;0;bBELA*<1>;? Unchecked;v1.6.0-213-g5f31454
maps;unit;70/800;800;472  11; 13 507;955;991;991;51408;1;0;152;0.130338;394422;0;0;bBELA*<1>;? Unchecked;v1.6.0-213-g5f31454
maps;unit;71/800;800; 31  47;493 505;920;976;976;64285;1;0;157;0.150149;428141;0;0;bBELA*<1>;? Unchecked;v1.6.0-213-g5f31454
maps;unit;72/800;800; 14  16;507 492;969;1013;1013;41848;1;0;157;0.123305;339387;0;0;bBELA*<1>;? Unchecked;v1.6.0-213-g5f31454
maps;unit;73/800;800; 73   2;501 511;937;999;999;60688;1;0;157;0.14079;431054;0;0;bBELA*<1>;? Unchecked;v1.6.0-213-g5f31454
maps;unit;74/800;800; 35 510;488   7;956;984;984;34751;1;0;157;0.110229;315262;0;0;bBELA*<1>;? Unchecked;v1.6.0-213-g5f31454
maps;unit;75/800;800; 17  19;483 492;939;1001;1001;68463;1;0;159;0.156083;438631;0;0;bBELA*<1>;? Unchecked;v1.6.0-213-g5f31454
maps;unit;76/800;800; 16 510;511  21;984;1036;1036;55353;1;0;159;0.139032;398132;0;0;bBELA*<1>;? Unchecked;v1.6.0-213-g5f31454
maps;unit;77/800;800;468  11; 11 507;953;991;991;51341;1;0;159;0.131435;390620;0;0;bBELA*<1>;? Unchecked;v1.6.0-213-g5f31454
maps;unit;78/800;800; 52 501;484  13;920;952;952;33415;1;0;159;0.10534;317211;0;0;bBELA*<1>;? Unchecked;v1.6.0-213-g5f31454
maps;unit;79/800;800; 37 501;507  49;922;980;980;79886;1;0;121;0.163378;488964;0;0;bBELA*<1>;? Unchecked;v1.6.0-213-g5f31454
maps;unit;80/800;800;  9   2;505 502;996;1044;1044;57990;1;0;141;0.151142;383679;0;0;bBELA*<1>;? Unchecked;v1.6.0-213-g5f31454
maps;unit;81/800;800;495 510; 32  16;957;1013;1013;45467;1;0;141;0.133369;340911;0;0;bBELA*<1>;? Unchecked;v1.6.0-213-g5f31454
maps;unit;82/800;800;  6  25;481 479;929;985;985;50918;1;0;141;0.133014;382802;0;0;bBELA*<1>;? Unchecked;v1.6.0-213-g5f31454
maps;unit;83/800;800; 48 481;500  10;923;955;955;36736;1;0;141;0.11246;326659;0;0;bBELA*<1>;? Unchecked;v1.6.0-213-g5f31454
maps;unit;84/800;800;483  21;  8 485;939;979;979;46770;1;0;141;0.126393;370035;0;0;bBELA*<1>;? Unchecked;v1.6.0-213-g5f31454
maps;unit;85/800;800;489   2;  2 465;950;982;982;45367;1;0;141;0.1266;358350;0;0;bBELA*<1>;? Unchecked;v1.6.0-213-g5f31454
maps;unit;86/800;800; 23 481;500  19;939;997;997;63498;1;0;142;0.141725;448036;0;0;bBELA*<1>;? Unchecked;v1.6.0-213-g5f31454
maps;unit;87/800;800;469 491; 16  14;930;980;980;42755;1;0;142;0.125597;340413;0;0;bBELA*<1>;? Unchecked;v1.6.0-213-g5f31454
maps;unit;88/800;800;  1  30;456 501;926;1016;1016;85332;1;0;171;0.181704;469622;0;0;bBELA*<1>;? Unchecked;v1.6.0-213-g5f31454
maps;unit;89/800;800;  7 479;505  48;929;989;989;69547;1;0;121;0.147252;472300;0;0;bBELA*<1>;? Unchecked;v1.6.0-213-g5f31454
maps;unit;90/800;800;508 511; 40   7;972;1042;1042;72355;1;0;157;0.165298;437724;0;0;bBELA*<1>;? Unchecked;v1.6.0-213-g5f31454
maps;unit;91/800;800; 41 489;509  34;923;973;973;68614;1;0;157;0.152358;450348;0;0;bBELA*<1>;? Unchecked;v1.6.0-213-g5f31454
maps;unit;92/800;800; 54 499;492  17;920;964;964;51683;1;0;157;0.127847;404257;0;0;bBELA*<1>;? Unchecked;v1.6.0-213-g5f31454
maps;unit;93/800;800;469   6; 22 482;923;963;963;49976;1;0;157;0.131709;379442;0;0;bBELA*<1>;? Unchecked;v1.6.0-213-g5f31454
maps;unit;94/800;800; 68  20;509 507;928;996;996;61033;1;0;161;0.145986;418074;0;0;bBELA*<1>;? Unchecked;v1.6.0-213-g5f31454
maps;unit;95/800;800;484 482; 22  17;927;971;971;39418;1;0;161;0.112905;349125;0;0;bBELA*<1>;? Unchecked;v1.6.0-213-g5f31454
maps;unit;96/800;800;  6   3;507 507;1005;1055;1055;61254;1;0;162;0.149365;410097;0;0;bBELA*<1>;? Unchecked;v1.6.0-213-g5f31454
maps;unit;97/800;800;480   7; 33 480;920;954;954;44846;1;0;162;0.122509;366064;0;0;bBELA*<1>;? Unchecked;v1.6.0-213-g5f31454
maps;unit;98/800;800;501 484; 46   0;939;1001;1001;71157;1;0;162;0.158807;448073;0;0;bBELA*<1>;? Unchecked;v1.6.0-213-g5f31454
maps;unit;99/800;800;504 493;  9  25;963;1021;1021;59399;1;0;162;0.144241;411805;0;0;bBELA*<1>;? Unchecked;v1.6.0-213-g5f31454
maps;unit;0/900;900; 14 477;509  34;938;1002;1002;67075;1;0;162;0.162917;411714;0;0;bBELA*<1>;? Unchecked;v1.6.0-213-g5f31454
maps;unit;1/900;900;488   3; 14 464;935;963;963;37635;1;0;162;0.120579;312119;0;0;bBELA*<1>;? Unchecked;v1.6.0-213-g5f31454
maps;unit;2/900;900;  9 438;503   6;926;972;972;30851;1;0;162;0.108552;284204;0;0;bBELA*<1>;? Unchecked;v1.6.0-213-g5f31454
maps;unit;3/900;900; 59  12;508 498;935;989;989;48353;1;0;162;0.13973;346045;0;0;bBELA*<1>;? Unchecked;v1.6.0-213-g5f31454
maps;unit;4/900;900;495 508;  4   0;999;1053;1053;40640;1;0;162;0.133743;303866;0;0;bBELA*<1>;? Unchecked;v1.6.0-213-g5f31454
maps;unit;5/900;900;454  24; 11 502;921;953;953;46498;1;0;162;0.132016;352215;0;0;bBELA*<1>;? Unchecked;v1.6.0-213-g5f31454
maps;unit;6/900;900;  2  27;476 485;932;1002;1002;64046;1;0;162;0.155862;410915;0;0;bBELA*<1>;? Unchecked;v1.6.0-213-g5f31454
maps;unit;7/900;900;450   6;  8 486;922;958;958;45550;1;0;162;0.151319;301020;0;0;bBELA*<1>;? Unchecked;v1.6.0-213-g5f31454
maps;unit;8/900;900;496  29; 22 481;926;986;986;63828;1;0;162;0.14961;426628;0;0;bBELA*<1>;? Unchecked;v1.6.0-213-g5f31454
maps;unit;9/900;900;489   9;  1 459;938;966;966;37857;1;0;162;0.120674;313714;0;0;bBELA*<1>;? Unchecked;v1.6.0-213-g5f31454
maps;unit;10/900;900; 27  10;494 508;965;1019;1019;65503;1;0;162;0.155355;421635;0;0;bBELA*<1>;? Unchecked;v1.6.0-213-g5f31454
maps;unit;11/900;900;479   9; 52 503;921;955;955;44363;1;0;162;0.129133;343544;0;0;bBELA*<1>;? Unchecked;v1.6.0-213-g5f31454
maps;unit;12/900;900;486 493; 12  19;948;1004;1004;51591;1;0;162;0.149018;346206;0;0;bBELA*<1>;? Unchecked;v1.6.0-213-g5f31454
maps;unit;13/900;900;492 503; 28  34;933;991;991;45477;1;0;162;0.133685;340180;0;0;bBELA*<1>;? Unchecked;v1.6.0-213-g5f31454
maps;unit;14/900;900; 14 508;507  75;926;992;992;73556;1;0;165;0.174127;422428;0;0;bBELA*<1>;? Unchecked;v1.6.0-213-g5f31454
maps;unit;15/900;900;  7 486;483  12;950;980;980;21537;1;0;121;0.103852;207382;0;0;bBELA*<1>;? Unchecked;v1.6.0-213-g5f31454
maps;unit;16/900;900;  8 506;463  25;936;976;976;32046;1;0;121;0.113448;282474;0;0;bBELA*<1>;? Unchecked;v1.6.0-213-g5f31454
maps;unit;17/900;900;485  28;  7 510;960;1004;1004;58559;1;0;142;0.157097;372757;0;0;bBELA*<1>;? Unchecked;v1.6.0-213-g5f31454
maps;unit;18/900;900;478 494; 14  11;947;995;995;40215;1;0;142;0.125455;320554;0;0;bBELA*<1>;? Unchecked;v1.6.0-213-g5f31454
maps;unit;19/900;900;504  18; 57 499;928;990;990;79125;1;0;165;0.177234;446445;0;0;bBELA*<1>;? Unchecked;v1.6.0-213-g5f31454
maps;unit;20/900;900;480 488; 31   3;934;992;992;54663;1;0;139;0.14897;366940;0;0;bBELA*<1>;? Unchecked;v1.6.0-213-g5f31454
maps;unit;21/900;900; 13 507;477  15;956;990;990;23376;1;0;139;0.108908;214640;0;0;bBELA*<1>;? Unchecked;v1.6.0-213-g5f31454
maps;unit;22/900;900; 11  12;496 469;942;986;986;45166;1;0;139;0.13254;340773;0;0;bBELA*<1>;? Unchecked;v1.6.0-213-g5f31454
maps;unit;23/900;900; 32 507;466  14;927;1009;1009;38594;1;0;139;0.1267;304610;0;0;bBELA*<1>;? Unchecked;v1.6.0-213-g5f31454
maps;unit;24/900;900;500   1; 50 509;958;998;998;46790;1;0;139;0.139242;336035;0;0;bBELA*<1>;? Unchecked;v1.6.0-213-g5f31454
maps;unit;25/900;900;484  39;  5 503;943;989;989;54995;1;0;140;0.144735;379971;0;0;bBELA*<1>;? Unchecked;v1.6.0-213-g5f31454
maps;unit;26/900;900; 24   2;508 490;972;1014;1014;43017;1;0;140;0.135289;317964;0;0;bBELA*<1>;? Unchecked;v1.6.0-213-g5f31454
maps;unit;27/900;900;482   5;  8 465;934;962;962;37124;1;0;140;0.133456;278174;0;0;bBELA*<1>;? Unchecked;v1.6.0-213-g5f31454
maps;unit;28/900;900;  6  47;497 481;925;985;985;53465;1;0;140;0.143454;372697;0;0;bBELA*<1>;? Unchecked;v1.6.0-213-g5f31454
maps;unit;29/900;900;489  13; 49 506;933;967;967;45881;1;0;140;0.136139;337017;0;0;bBELA*<1>;? Unchecked;v1.6.0-213-g5f31454
maps;unit;30/900;900;499 510;  2  87;920;982;982;57526;1;0;143;0.151941;378608;0;0;bBELA*<1>;? Unchecked;v1.6.0-213-g5f31454
maps;unit;31/900;900; 63 490;494   0;921;963;963;43423;1;0;143;0.129509;335289;0;0;bBELA*<1>;? Unchecked;v1.6.0-213-g5f31454
maps;unit;32/900;900;509  15; 24 506;976;1048;1048;98234;1;0;183;0.209049;469909;0;0;bBELA*<1>;? Unchecked;v1.6.0-213-g5f31454
maps;unit;33/900;900;  2  29;510 459;938;1004;1004;51261;1;0;140;0.145863;351433;0;0;bBELA*<1>;? Unchecked;v1.6.0-213-g5f31454
maps;unit;34/900;900;487 477;  0  34;930;1006;1006;80744;1;0;169;0.188132;429188;0;0;bBELA*<1>;? Unchecked;v1.6.0-213-g5f31454
maps;unit;35/900;900;496   5; 21 452;922;952;952;44726;1;0;169;0.131138;341059;0;0;bBELA*<1>;? Unchecked;v1.6.0-213-g5f31454
maps;unit;36/900;900;486 492; 27  24;927;987;987;56900;1;0;169;0.148539;383063;0;0;bBELA*<1>;? Unchecked;v1.6.0-213-g5f31454
maps;unit;37/900;900; 41 501;484  19;925;959;959;50278;1;0;169;0.136688;367830;0;0;bBELA*<1>;? Unchecked;v1.6.0-213-g5f31454
maps;unit;38/900;900;453 486;  4   2;933;997;997;50697;1;0;169;0.140714;360284;0;0;bBELA*<1>;? Unchecked;v1.6.0-213-g5f31454
maps;unit;39/900;900; 37   3;511 462;933;1001;1001;70396;1;0;169;0.162834;432318;0;0;bBELA*<1>;? Unchecked;v1.6.0-213-g5f31454
maps;unit;40/900;900; 30  53;509 494;920;972;972;41746;1;0;169;0.127842;326543;0;0;bBELA*<1>;? Unchecked;v1.6.0-213-g5f31454
maps;unit;41/900;900;497  11; 12 475;949;993;993;54474;1;0;169;0.140767;386980;0;0;bBELA*<1>;? Unchecked;v1.6.0-213-g5f31454
maps;unit;42/900;900;498  17; 14 490;957;1005;1005;42269;1;0;169;0.132352;319367;0;0;bBELA*<1>;? Unchecked;v1.6.0-213-g5f31454
maps;unit;43/900;900;463   2; 20 497;938;992;992;67482;1;0;169;0.159576;422882;0;0;bBELA*<1>;? Unchecked;v1.6.0-213-g5f31454
maps;unit;44/900;900;  2   1;459 479;935;987;987;62073;1;0;172;0.151723;409121;0;0;bBELA*<1>;? Unchecked;v1.6.0-213-g5f31454
maps;unit;45/900;900;497   1; 11 511;996;1032;1032;54118;1;0;172;0.149298;362484;0;0;bBELA*<1>;? Unchecked;v1.6.0-213-g5f31454
maps;unit;46/900;900; 20  23;493 493;943;999;999;56918;1;0;172;0.149086;381779;0;0;bBELA*<1>;? Unchecked;v1.6.0-213-g5f31454
maps;unit;47/900;900;505  13; 44 497;945;983;983;33311;1;0;172;0.118759;280492;0;0;bBELA*<1>;? Unchecked;v1.6.0-213-g5f31454
maps;unit;48/900;900; 20   1;478 472;929;975;975;55087;1;0;172;0.141352;389715;0;0;bBELA*<1>;? Unchecked;v1.6.0-213-g5f31454
maps;unit;49/900;900;487 496; 17   3;963;1029;1029;69406;1;0;172;0.169595;409247;0;0;bBELA*<1>;? Unchecked;v1.6.0-213-g5f31454
maps;unit;50/900;900;487 499;  6  54;926;1012;1012;67197;1;0;172;0.161709;415544;0;0;bBELA*<1>;? Unchecked;v1.6.0-213-g5f31454
maps;unit;51/900;900; 33   2;492 500;957;1025;1025;78371;1;0;172;0.174769;448427;0;0;bBELA*<1>;? Unchecked;v1.6.0-213-g5f31454
maps;unit;52/900;900;498 477; 13  27;935;995;995;66120;1;0;172;0.157924;418681;0;0;bBELA*<1>;? Unchecked;v1.6.0-213-g5f31454
maps;unit;53/900;900;495 485;  9  40;931;999;999;72773;1;0;172;0.168505;431874;0;0;bBELA*<1>;? Unchecked;v1.6.0-213-g5f31454
maps;unit;54/900;900;485  35;  5 497;942;984;984;49094;1;0;172;0.135199;363123;0;0;bBELA*<1>;? Unchecked;v1.6.0-213-g5f31454
maps;unit;55/900;900;506 510; 39  38;939;987;987;40486;1;0;172;0.129127;313536;0;0;bBELA*<1>;? Unchecked;v1.6.0-213-g5f31454
maps;unit;56/900;900;499  13; 17 491;960;1000;1000;40178;1;0;172;0.126421;317811;0;0;bBELA*<1>;? Unchecked;v1.6.0-213-g5f31454
maps;unit;57/900;900;477  39;  5 494;927;969;969;45556;1;0;172;0.129379;352112;0;0;bBELA*<1>;? Unchecked;v1.6.0-213-g5f31454
maps;unit;58/900;900;  5 478;467  16;924;958;958;27599;1;0;172;0.108547;254258;0;0;bBELA*<1>;? Unchecked;v1.6.0-213-g5f31454
maps;unit;59/900;900;509 511; 54   4;962;1036;1036;75080;1;0;172;0.172117;436214;0;0;bBELA*<1>;? Unchecked;v1.6.0-213-g5f31454
maps;unit;60/900;900; 17   0;494 487;964;1022;1022;50029;1;0;172;0.147538;339093;0;0;bBELA*<1>;? Unchecked;v1.6.0-213-g5f31454
maps;unit;61/900;900; 15 502;461  15;933;991;991;67057;1;0;172;0.188394;355941;0;0;bBELA*<1>;? Unchecked;v1.6.0-213-g5f31454
maps;unit;62/900;900; 10  30;490 483;933;999;999;53187;1;0;172;0.145792;364815;0;0;bBELA*<1>;? Unchecked;v1.6.0-213-g5f31454
maps;unit;63/900;900;  1  49;496 496;942;1012;1012;61562;1;0;172;0.154588;398232;0;0;bBELA*<1>;? Unchecked;v1.6.0-213-g5f31454
maps;unit;64/900;900;482 451;  7   4;922;976;976;38216;1;0;172;0.122751;311330;0;0;bBELA*<1>;? Unchecked;v1.6.0-213-g5f31454
maps;unit;65/900;900;498 509;  2  63;942;1022;1022;76652;1;0;172;0.186896;410132;0;0;bBELA*<1>;? Unchecked;v1.6.0-213-g5f31454
maps;unit;66/900;900;  6 455;506  34;921;965;965;48332;1;0;172;0.138595;348729;0;0;bBELA*<1>;? Unchecked;v1.6.0-213-g5f31454
maps;unit;67/900;900;  9   3;508 489;985;1025;1025;41980;1;0;172;0.132258;317410;0;0;bBELA*<1>;? Unchecked;v1.6.0-213-g5f31454
maps;unit;68/900;900; 22 506;479  35;928;988;988;47102;1;0;172;0.134374;350528;0;0;bBELA*<1>;? Unchecked;v1.6.0-213-g5f31454
maps;unit;69/900;900; 28   4;498 501;967;1021;1021;66730;1;0;172;0.161972;411984;0;0;bBELA*<1>;? Unchecked;v1.6.0-213-g5f31454
maps;unit;70/900;900;472  11; 13 507;955;991;991;51408;1;0;172;0.139805;367713;0;0;bBELA*<1>;? Unchecked;v1.6.0-213-g5f31454
maps;unit;71/900;900; 31  47;493 505;920;976;976;64285;1;0;172;0.153174;419686;0;0;bBELA*<1>;? Unchecked;v1.6.0-213-g5f31454
maps;unit;72/900;900; 14  16;507 492;969;1013;1013;41848;1;0;172;0.130413;320889;0;0;bBELA*<1>;? Unchecked;v1.6.0-213-g5f31454
maps;unit;73/900;900; 73   2;501 511;937;999;999;60688;1;0;172;0.148011;410024;0;0;bBELA*<1>;? Unchecked;v1.6.0-213-g5f31454
maps;unit;74/900;900; 35 510;488   7;956;984;984;34751;1;0;172;0.116939;297172;0;0;bBELA*<1>;? Unchecked;v1.6.0-213-g5f31454
maps;unit;75/900;900; 17  19;483 492;939;1001;1001;68463;1;0;172;0.162971;420094;0;0;bBELA*<1>;? Unchecked;v1.6.0-213-g5f31454
maps;unit;76/900;900; 16 510;511  21;984;1036;1036;55353;1;0;172;0.150746;367195;0;0;bBELA*<1>;? Unchecked;v1.6.0-213-g5f31454
maps;unit;77/900;900;468  11; 11 507;953;991;991;51341;1;0;172;0.138236;371400;0;0;bBELA*<1>;? Unchecked;v1.6.0-213-g5f31454
maps;unit;78/900;900; 52 501;484  13;920;952;952;33415;1;0;172;0.110813;301544;0;0;bBELA*<1>;? Unchecked;v1.6.0-213-g5f31454
maps;unit;79/900;900; 37 501;507  49;922;980;980;79886;1;0;172;0.185206;431336;0;0;bBELA*<1>;? Unchecked;v1.6.0-213-g5f31454
maps;unit;80/900;900;  9   2;505 502;996;1044;1044;57990;1;0;172;0.152468;380343;0;0;bBELA*<1>;? Unchecked;v1.6.0-213-g5f31454
maps;unit;81/900;900;495 510; 32  16;957;1013;1013;45467;1;0;172;0.140416;323802;0;0;bBELA*<1>;? Unchecked;v1.6.0-213-g5f31454
maps;unit;82/900;900;  6  25;481 479;929;985;985;50918;1;0;172;0.142206;358057;0;0;bBELA*<1>;? Unchecked;v1.6.0-213-g5f31454
maps;unit;83/900;900; 48 481;500  10;923;955;955;36736;1;0;172;0.121404;302593;0;0;bBELA*<1>;? Unchecked;v1.6.0-213-g5f31454
maps;unit;84/900;900;483  21;  8 485;939;979;979;46770;1;0;172;0.13194;354478;0;0;bBELA*<1>;? Unchecked;v1.6.0-213-g5f31454
maps;unit;85/900;900;489   2;  2 465;950;982;982;45367;1;0;172;0.138122;328455;0;0;bBELA*<1>;? Unchecked;v1.6.0-213-g5f31454
maps;unit;86/900;900; 23 481;500  19;939;997;997;63498;1;0;172;0.147476;430565;0;0;bBELA*<1>;? Unchecked;v1.6.0-213-g5f31454
maps;unit;87/900;900;469 491; 16  14;930;980;980;42755;1;0;172;0.130778;326928;0;0;bBELA*<1>;? Unchecked;v1.6.0-213-g5f31454
maps;unit;88/900;900;  1  30;456 501;926;1016;1016;85332;1;0;177;0.188604;452440;0;0;bBELA*<1>;? Unchecked;v1.6.0-213-g5f31454
maps;unit;89/900;900;  7 479;505  48;929;989;989;69547;1;0;131;0.155547;447113;0;0;bBELA*<1>;? Unchecked;v1.6.0-213-g5f31454
maps;unit;90/900;900;508 511; 40   7;972;1042;1042;72355;1;0;164;0.175489;412304;0;0;bBELA*<1>;? Unchecked;v1.6.0-213-g5f31454
maps;unit;91/900;900; 41 489;509  34;923;973;973;68614;1;0;164;0.157416;435876;0;0;bBELA*<1>;? Unchecked;v1.6.0-213-g5f31454
maps;unit;92/900;900; 54 499;492  17;920;964;964;51683;1;0;164;0.135172;382349;0;0;bBELA*<1>;? Unchecked;v1.6.0-213-g5f31454
maps;unit;93/900;900;469   6; 22 482;923;963;963;49976;1;0;164;0.139308;358744;0;0;bBELA*<1>;? Unchecked;v1.6.0-213-g5f31454
maps;unit;94/900;900; 68  20;509 507;928;996;996;61033;1;0;166;0.152035;401440;0;0;bBELA*<1>;? Unchecked;v1.6.0-213-g5f31454
maps;unit;95/900;900;484 482; 22  17;927;971;971;39418;1;0;166;0.123393;319452;0;0;bBELA*<1>;? Unchecked;v1.6.0-213-g5f31454
maps;unit;96/900;900;  6   3;507 507;1005;1055;1055;61254;1;0;168;0.159155;384869;0;0;bBELA*<1>;? Unchecked;v1.6.0-213-g5f31454
maps;unit;97/900;900;480   7; 33 480;920;954;954;44846;1;0;168;0.129992;344992;0;0;bBELA*<1>;? Unchecked;v1.6.0-213-g5f31454
maps;unit;98/900;900;501 484; 46   0;939;1001;1001;71157;1;0;168;0.165775;429237;0;0;bBELA*<1>;? Unchecked;v1.6.0-213-g5f31454
maps;unit;99/900;900;504 493;  9  25;963;1021;1021;59399;1;0;168;0.153812;386179;0;0;bBELA*<1>;? Unchecked;v1.6.0-213-g5f31454
maps;unit;0/1000;1000; 14 477;509  34;938;1002;1002;67075;1;0;168;0.168789;397391;0;0;bBELA*<1>;? Unchecked;v1.6.0-213-g5f31454
maps;unit;1/1000;1000;488   3; 14 464;935;963;963;37635;1;0;168;0.128178;293616;0;0;bBELA*<1>;? Unchecked;v1.6.0-213-g5f31454
maps;unit;2/1000;1000;  9 438;503   6;926;972;972;30851;1;0;168;0.117482;262602;0;0;bBELA*<1>;? Unchecked;v1.6.0-213-g5f31454
maps;unit;3/1000;1000; 59  12;508 498;935;989;989;48353;1;0;168;0.148258;326142;0;0;bBELA*<1>;? Unchecked;v1.6.0-213-g5f31454
maps;unit;4/1000;1000;495 508;  4   0;999;1053;1053;40640;1;0;168;0.142205;285785;0;0;bBELA*<1>;? Unchecked;v1.6.0-213-g5f31454
maps;unit;5/1000;1000;454  24; 11 502;921;953;953;46498;1;0;168;0.139109;334256;0;0;bBELA*<1>;? Unchecked;v1.6.0-213-g5f31454
maps;unit;6/1000;1000;  2  27;476 485;932;1002;1002;64046;1;0;169;0.166164;385438;0;0;bBELA*<1>;? Unchecked;v1.6.0-213-g5f31454
maps;unit;7/1000;1000;450   6;  8 486;922;958;958;45550;1;0;169;0.137128;332172;0;0;bBELA*<1>;? Unchecked;v1.6.0-213-g5f31454
maps;unit;8/1000;1000;496  29; 22 481;926;986;986;63828;1;0;169;0.161006;396433;0;0;bBELA*<1>;? Unchecked;v1.6.0-213-g5f31454
maps;unit;9/1000;1000;489   9;  1 459;938;966;966;37857;1;0;169;0.129329;292718;0;0;bBELA*<1>;? Unchecked;v1.6.0-213-g5f31454
maps;unit;10/1000;1000; 27  10;494 508;965;1019;1019;65503;1;0;169;0.165907;394818;0;0;bBELA*<1>;? Unchecked;v1.6.0-213-g5f31454
maps;unit;11/1000;1000;479   9; 52 503;921;955;955;44363;1;0;169;0.138331;320701;0;0;bBELA*<1>;? Unchecked;v1.6.0-213-g5f31454
maps;unit;12/1000;1000;486 493; 12  19;948;1004;1004;51591;1;0;169;0.157784;326973;0;0;bBELA*<1>;? Unchecked;v1.6.0-213-g5f31454
maps;unit;13/1000;1000;492 503; 28  34;933;991;991;45477;1;0;169;0.155172;293075;0;0;bBELA*<1>;? Unchecked;v1.6.0-213-g5f31454
maps;unit;14/1000;1000; 14 508;507  75;926;992;992;73556;1;0;171;0.183364;401147;0;0;bBELA*<1>;? Unchecked;v1.6.0-213-g5f31454
maps;unit;15/1000;1000;  7 486;483  12;950;980;980;21537;1;0;171;0.109762;196215;0;0;bBELA*<1>;? Unchecked;v1.6.0-213-g5f31454
maps;unit;16/1000;1000;  8 506;463  25;936;976;976;32046;1;0;171;0.122165;262317;0;0;bBELA*<1>;? Unchecked;v1.6.0-213-g5f31454
maps;unit;17/1000;1000;485  28;  7 510;960;1004;1004;58559;1;0;171;0.159874;366283;0;0;bBELA*<1>;? Unchecked;v1.6.0-213-g5f31454
maps;unit;18/1000;1000;478 494; 14  11;947;995;995;40215;1;0;171;0.137045;293443;0;0;bBELA*<1>;? Unchecked;v1.6.0-213-g5f31454
maps;unit;19/1000;1000;504  18; 57 499;928;990;990;79125;1;0;131;0.182124;434456;0;0;bBELA*<1>;? Unchecked;v1.6.0-213-g5f31454
maps;unit;20/1000;1000;480 488; 31   3;934;992;992;54663;1;0;146;0.160753;340043;0;0;bBELA*<1>;? Unchecked;v1.6.0-213-g5f31454
maps;unit;21/1000;1000; 13 507;477  15;956;990;990;23376;1;0;146;0.113898;205236;0;0;bBELA*<1>;? Unchecked;v1.6.0-213-g5f31454
maps;unit;22/1000;1000; 11  12;496 469;942;986;986;45166;1;0;146;0.142781;316330;0;0;bBELA*<1>;? Unchecked;v1.6.0-213-g5f31454
maps;unit;23/1000;1000; 32 507;466  14;927;1009;1009;38594;1;0;146;0.133371;289373;0;0;bBELA*<1>;? Unchecked;v1.6.0-213-g5f31454
maps;unit;24/1000;1000;500   1; 50 509;958;998;998;46790;1;0;146;0.147066;318156;0;0;bBELA*<1>;? Unchecked;v1.6.0-213-g5f31454
maps;unit;25/1000;1000;484  39;  5 503;943;989;989;54995;1;0;147;0.154381;356229;0;0;bBELA*<1>;? Unchecked;v1.6.0-213-g5f31454
maps;unit;26/1000;1000; 24   2;508 490;972;1014;1014;43017;1;0;147;0.142988;300842;0;0;bBELA*<1>;? Unchecked;v1.6.0-213-g5f31454
maps;unit;27/1000;1000;482   5;  8 465;934;962;962;37124;1;0;147;0.128798;288234;0;0;bBELA*<1>;? Unchecked;v1.6.0-213-g5f31454
maps;unit;28/1000;1000;  6  47;497 481;925;985;985;53465;1;0;147;0.149722;357096;0;0;bBELA*<1>;? Unchecked;v1.6.0-213-g5f31454
maps;unit;29/1000;1000;489  13; 49 506;933;967;967;45881;1;0;147;0.143853;318944;0;0;bBELA*<1>;? Unchecked;v1.6.0-213-g5f31454
maps;unit;30/1000;1000;499 510;  2  87;920;982;982;57526;1;0;149;0.163027;352862;0;0;bBELA*<1>;? Unchecked;v1.6.0-213-g5f31454
maps;unit;31/1000;1000; 63 490;494   0;921;963;963;43423;1;0;149;0.140496;309069;0;0;bBELA*<1>;? Unchecked;v1.6.0-213-g5f31454
maps;unit;32/1000;1000;509  15; 24 506;976;1048;1048;98234;1;0;190;0.221138;444221;0;0;bBELA*<1>;? Unchecked;v1.6.0-213-g5f31454
maps;unit;33/1000;1000;  2  29;510 459;938;1004;1004;51261;1;0;146;0.15949;321405;0;0;bBELA*<1>;? Unchecked;v1.6.0-213-g5f31454
maps;unit;34/1000;1000;487 477;  0  34;930;1006;1006;80744;1;0;175;0.194689;414732;0;0;bBELA*<1>;? Unchecked;v1.6.0-213-g5f31454
maps;unit;35/1000;1000;496   5; 21 452;922;952;952;44726;1;0;138;0.143084;312585;0;0;bBELA*<1>;? Unchecked;v1.6.0-213-g5f31454
maps;unit;36/1000;1000;486 492; 27  24;927;987;987;56900;1;0;149;0.164324;346267;0;0;bBELA*<1>;? Unchecked;v1.6.0-213-g5f31454
maps;unit;37/1000;1000; 41 501;484  19;925;959;959;50278;1;0;149;0.144139;348817;0;0;bBELA*<1>;? Unchecked;v1.6.0-213-g5f31454
maps;unit;38/1000;1000;453 486;  4   2;933;997;997;50697;1;0;149;0.148718;340894;0;0;bBELA*<1>;? Unchecked;v1.6.0-213-g5f31454
maps;unit;39/1000;1000; 37   3;511 462;933;1001;1001;70396;1;0;169;0.177503;396590;0;0;bBELA*<1>;? Unchecked;v1.6.0-213-g5f31454
maps;unit;40/1000;1000; 30  53;509 494;920;972;972;41746;1;0;169;0.137346;303947;0;0;bBELA*<1>;? Unchecked;v1.6.0-213-g5f31454
maps;unit;41/1000;1000;497  11; 12 475;949;993;993;54474;1;0;169;0.151629;359258;0;0;bBELA*<1>;? Unchecked;v1.6.0-213-g5f31454
maps;unit;42/1000;1000;498  17; 14 490;957;1005;1005;42269;1;0;169;0.142499;296627;0;0;bBELA*<1>;? Unchecked;v1.6.0-213-g5f31454
maps;unit;43/1000;1000;463   2; 20 497;938;992;992;67482;1;0;169;0.167927;401854;0;0;bBELA*<1>;? Unchecked;v1.6.0-213-g5f31454
maps;unit;44/1000;1000;  2   1;459 479;935;987;987;62073;1;0;171;0.160102;387709;0;0;bBELA*<1>;? Unchecked;v1.6.0-213-g5f31454
maps;unit;45/1000;1000;497   1; 11 511;996;1032;1032;54118;1;0;171;0.161159;335806;0;0;bBELA*<1>;? Unchecked;v1.6.0-213-g5f31454
maps;unit;46/1000;1000; 20  23;493 493;943;999;999;56918;1;0;171;0.16544;344040;0;0;bBELA*<1>;? Unchecked;v1.6.0-213-g5f31454
maps;unit;47/1000;1000;505  13; 44 497;945;983;983;33311;1;0;171;0.129628;256974;0;0;bBELA*<1>;? Unchecked;v1.6.0-213-g5f31454
maps;unit;48/1000;1000; 20   1;478 472;929;975;975;55087;1;0;171;0.150396;366281;0;0;bBELA*<1>;? Unchecked;v1.6.0-213-g5f31454
maps;unit;49/1000;1000;487 496; 17   3;963;1029;1029;69406;1;0;172;0.179978;385637;0;0;bBELA*<1>;? Unchecked;v1.6.0-213-g5f31454
maps;unit;50/1000;1000;487 499;  6  54;926;1012;1012;67197;1;0;172;0.170147;394936;0;0;bBELA*<1>;? Unchecked;v1.6.0-213-g5f31454
maps;unit;51/1000;1000; 33   2;492 500;957;1025;1025;78371;1;0;177;0.183541;426994;0;0;bBELA*<1>;? Unchecked;v1.6.0-213-g5f31454
maps;unit;52/1000;1000;498 477; 13  27;935;995;995;66120;1;0;162;0.17352;381052;0;0;bBELA*<1>;? Unchecked;v1.6.0-213-g5f31454
maps;unit;53/1000;1000;495 485;  9  40;931;999;999;72773;1;0;168;0.17949;405443;0;0;bBELA*<1>;? Unchecked;v1.6.0-213-g5f31454
maps;unit;54/1000;1000;485  35;  5 497;942;984;984;49094;1;0;168;0.147539;332753;0;0;bBELA*<1>;? Unchecked;v1.6.0-213-g5f31454
maps;unit;55/1000;1000;506 510; 39  38;939;987;987;40486;1;0;168;0.137746;293917;0;0;bBELA*<1>;? Unchecked;v1.6.0-213-g5f31454
maps;unit;56/1000;1000;499  13; 17 491;960;1000;1000;40178;1;0;168;0.134503;298716;0;0;bBELA*<1>;? Unchecked;v1.6.0-213-g5f31454
maps;unit;57/1000;1000;477  39;  5 494;927;969;969;45556;1;0;168;0.138285;329435;0;0;bBELA*<1>;? Unchecked;v1.6.0-213-g5f31454
maps;unit;58/1000;1000;  5 478;467  16;924;958;958;27599;1;0;168;0.114761;240492;0;0;bBELA*<1>;? Unchecked;v1.6.0-213-g5f31454
maps;unit;59/1000;1000;509 511; 54   4;962;1036;1036;75080;1;0;173;0.184997;405845;0;0;bBELA*<1>;? Unchecked;v1.6.0-213-g5f31454
maps;unit;60/1000;1000; 17   0;494 487;964;1022;1022;50029;1;0;147;0.162599;307682;0;0;bBELA*<1>;? Unchecked;v1.6.0-213-g5f31454
maps;unit;61/1000;1000; 15 502;461  15;933;991;991;67057;1;0;165;0.17124;391598;0;0;bBELA*<1>;? Unchecked;v1.6.0-213-g5f31454
maps;unit;62/1000;1000; 10  30;490 483;933;999;999;53187;1;0;165;0.154407;344461;0;0;bBELA*<1>;? Unchecked;v1.6.0-213-g5f31454
maps;unit;63/1000;1000;  1  49;496 496;942;1012;1012;61562;1;0;168;0.177675;346486;0;0;bBELA*<1>;? Unchecked;v1.6.0-213-g5f31454
maps;unit;64/1000;1000;482 451;  7   4;922;976;976;38216;1;0;168;0.150174;254478;0;0;bBELA*<1>;? Unchecked;v1.6.0-213-g5f31454
maps;unit;65/1000;1000;498 509;  2  63;942;1022;1022;76652;1;0;178;0.185153;413993;0;0;bBELA*<1>;? Unchecked;v1.6.0-213-g5f31454
maps;unit;66/1000;1000;  6 455;506  34;921;965;965;48332;1;0;143;0.147932;326718;0;0;bBELA*<1>;? Unchecked;v1.6.0-213-g5f31454
maps;unit;67/1000;1000;  9   3;508 489;985;1025;1025;41980;1;0;143;0.14024;299343;0;0;bBELA*<1>;? Unchecked;v1.6.0-213-g5f31454
maps;unit;68/1000;1000; 22 506;479  35;928;988;988;47102;1;0;143;0.143422;328415;0;0;bBELA*<1>;? Unchecked;v1.6.0-213-g5f31454
maps;unit;69/1000;1000; 28   4;498 501;967;1021;1021;66730;1;0;165;0.17711;376772;0;0;bBELA*<1>;? Unchecked;v1.6.0-213-g5f31454
maps;unit;70/1000;1000;472  11; 13 507;955;991;991;51408;1;0;166;0.1478;347821;0;0;bBELA*<1>;? Unchecked;v1.6.0-213-g5f31454
maps;unit;71/1000;1000; 31  47;493 505;920;976;976;64285;1;0;170;0.166436;386245;0;0;bBELA*<1>;? Unchecked;v1.6.0-213-g5f31454
maps;unit;72/1000;1000; 14  16;507 492;969;1013;1013;41848;1;0;170;0.139615;299739;0;0;bBELA*<1>;? Unchecked;v1.6.0-213-g5f31454
maps;unit;73/1000;1000; 73   2;501 511;937;999;999;60688;1;0;170;0.159012;381658;0;0;bBELA*<1>;? Unchecked;v1.6.0-213-g5f31454
maps;unit;74/1000;1000; 35 510;488   7;956;984;984;34751;1;0;170;0.127417;272735;0;0;bBELA*<1>;? Unchecked;v1.6.0-213-g5f31454
maps;unit;75/1000;1000; 17  19;483 492;939;1001;1001;68463;1;0;171;0.17627;388400;0;0;bBELA*<1>;? Unchecked;v1.6.0-213-g5f31454
maps;unit;76/1000;1000; 16 510;511  21;984;1036;1036;55353;1;0;171;0.172343;321179;0;0;bBELA*<1>;? Unchecked;v1.6.0-213-g5f31454
maps;unit;77/1000;1000;468  11; 11 507;953;991;991;51341;1;0;171;0.149665;343040;0;0;bBELA*<1>;? Unchecked;v1.6.0-213-g5f31454
maps;unit;78/1000;1000; 52 501;484  13;920;952;952;33415;1;0;171;0.119757;279024;0;0;bBELA*<1>;? Unchecked;v1.6.0-213-g5f31454
maps;unit;79/1000;1000; 37 501;507  49;922;980;980;79886;1;0;178;0.178745;446928;0;0;bBELA*<1>;? Unchecked;v1.6.0-213-g5f31454
maps;unit;80/1000;1000;  9   2;505 502;996;1044;1044;57990;1;0;153;0.170082;340953;0;0;bBELA*<1>;? Unchecked;v1.6.0-213-g5f31454
maps;unit;81/1000;1000;495 510; 32  16;957;1013;1013;45467;1;0;154;0.163142;278696;0;0;bBELA*<1>;? Unchecked;v1.6.0-213-g5f31454
maps;unit;82/1000;1000;  6  25;481 479;929;985;985;50918;1;0;154;0.150343;338678;0;0;bBELA*<1>;? Unchecked;v1.6.0-213-g5f31454
maps;unit;83/1000;1000; 48 481;500  10;923;955;955;36736;1;0;154;0.132197;277887;0;0;bBELA*<1>;? Unchecked;v1.6.0-213-g5f31454
maps;unit;84/1000;1000;483  21;  8 485;939;979;979;46770;1;0;154;0.152543;306603;0;0;bBELA*<1>;? Unchecked;v1.6.0-213-g5f31454
maps;unit;85/1000;1000;489   2;  2 465;950;982;982;45367;1;0;154;0.145175;312499;0;0;bBELA*<1>;? Unchecked;v1.6.0-213-g5f31454
maps;unit;86/1000;1000; 23 481;500  19;939;997;997;63498;1;0;155;0.158876;399671;0;0;bBELA*<1>;? Unchecked;v1.6.0-213-g5f31454
maps;unit;87/1000;1000;469 491; 16  14;930;980;980;42755;1;0;155;0.137862;310129;0;0;bBELA*<1>;? Unchecked;v1.6.0-213-g5f31454
maps;unit;88/1000;1000;  1  30;456 501;926;1016;1016;85332;1;0;183;0.202953;420453;0;0;bBELA*<1>;? Unchecked;v1.6.0-213-g5f31454
maps;unit;89/1000;1000;  7 479;505  48;929;989;989;69547;1;0;131;0.167733;414630;0;0;bBELA*<1>;? Unchecked;v1.6.0-213-g5f31454
maps;unit;90/1000;1000;508 511; 40   7;972;1042;1042;72355;1;0;131;0.188474;383898;0;0;bBELA*<1>;? Unchecked;v1.6.0-213-g5f31454
maps;unit;91/1000;1000; 41 489;509  34;923;973;973;68614;1;0;163;0.171252;400661;0;0;bBELA*<1>;? Unchecked;v1.6.0-213-g5f31454
maps;unit;92/1000;1000; 54 499;492  17;920;964;964;51683;1;0;163;0.144262;358257;0;0;bBELA*<1>;? Unchecked;v1.6.0-213-g5f31454
maps;unit;93/1000;1000;469   6; 22 482;923;963;963;49976;1;0;163;0.145813;342739;0;0;bBELA*<1>;? Unchecked;v1.6.0-213-g5f31454
maps;unit;94/1000;1000; 68  20;509 507;928;996;996;61033;1;0;163;0.160419;380460;0;0;bBELA*<1>;? Unchecked;v1.6.0-213-g5f31454
maps;unit;95/1000;1000;484 482; 22  17;927;971;971;39418;1;0;163;0.133189;295956;0;0;bBELA*<1>;? Unchecked;v1.6.0-213-g5f31454
maps;unit;96/1000;1000;  6   3;507 507;1005;1055;1055;61254;1;0;165;0.170348;359581;0;0;bBELA*<1>;? Unchecked;v1.6.0-213-g5f31454
maps;unit;97/1000;1000;480   7; 33 480;920;954;954;44846;1;0;165;0.139144;322299;0;0;bBELA*<1>;? Unchecked;v1.6.0-213-g5f31454
maps;unit;98/1000;1000;501 484; 46   0;939;1001;1001;71157;1;0;173;0.179875;395590;0;0;bBELA*<1>;? Unchecked;v1.6.0-213-g5f31454
maps;unit;99/1000;1000;504 493;  9  25;963;1021;1021;59399;1;0;173;0.163126;364130;0;0;bBELA*<1>;? Unchecked;v1.6.0-213-g5f31454
