domain;variant;id;k;start;goal;h0;length;cost;expansions;nbcentroids;nbpaths;mem;runtime;expansions/sec;solver;doctor;version
n-puzzle;unit;0/1;1;5 6 0 8 4 7 1 3 2;0 1 2 3 4 5 6 7 8;0;24;24;129;0;0;9;0.00148;87162.2;K*;                        ? Unchecked;ijcai-2026-base-14-g0df50d7
n-puzzle;unit;1/1;1;0 8 6 4 7 1 5 3 2;0 1 2 3 4 5 6 7 8;18;24;24;284;0;0;10;0.003224;88089.3;K*;                        ? Unchecked;ijcai-2026-base-14-g0df50d7
n-puzzle;unit;2/1;1;5 2 8 0 7 4 1 3 6;0 1 2 3 4 5 6 7 8;15;21;21;240;0;0;10;0.001929;124417;K*;                        ? Unchecked;ijcai-2026-base-14-g0df50d7
n-puzzle;unit;3/1;1;7 2 6 0 8 1 5 4 3;0 1 2 3 4 5 6 7 8;0;25;25;1410;0;0;13;0.005746;245388;K*;                        ? Unchecked;ijcai-2026-base-14-g0df50d7
n-puzzle;unit;4/1;1;5 1 8 6 0 7 2 4 3;0 1 2 3 4 5 6 7 8;16;24;24;673;0;0;13;0.00319;210972;K*;                        ? Unchecked;ijcai-2026-base-14-g0df50d7
n-puzzle;unit;5/1;1;8 0 3 6 4 5 7 2 1;0 1 2 3 4 5 6 7 8;15;23;23;681;0;0;13;0.002859;238195;K*;                        ? Unchecked;ijcai-2026-base-14-g0df50d7
n-puzzle;unit;6/1;1;4 2 7 1 5 8 0 6 3;0 1 2 3 4 5 6 7 8;14;18;18;121;0;0;13;0.000765;158170;K*;                        ? Unchecked;ijcai-2026-base-14-g0df50d7
n-puzzle;unit;7/1;1;4 1 7 3 2 5 6 0 8;0 1 2 3 4 5 6 7 8;7;19;19;349;0;0;13;0.001324;263595;K*;                        ? Unchecked;ijcai-2026-base-14-g0df50d7
n-puzzle;unit;8/1;1;8 4 0 5 1 6 2 7 3;0 1 2 3 4 5 6 7 8;18;28;28;1508;0;0;13;0.005418;278331;K*;                        ? Unchecked;ijcai-2026-base-14-g0df50d7
n-puzzle;unit;9/1;1;1 3 0 7 6 2 5 8 4;0 1 2 3 4 5 6 7 8;14;22;22;628;0;0;13;0.003136;200255;K*;                        ? Unchecked;ijcai-2026-base-14-g0df50d7
n-puzzle;unit;10/1;1;7 0 4 6 8 5 3 1 2;0 1 2 3 4 5 6 7 8;13;27;27;5851;0;0;25;0.024635;237508;K*;                        ? Unchecked;ijcai-2026-base-14-g0df50d7
n-puzzle;unit;11/1;1;6 1 7 5 8 2 4 3 0;0 1 2 3 4 5 6 7 8;14;24;24;1700;0;0;25;0.005934;286485;K*;                        ? Unchecked;ijcai-2026-base-14-g0df50d7
n-puzzle;unit;12/1;1;7 5 2 1 6 3 8 0 4;0 1 2 3 4 5 6 7 8;15;25;25;3450;0;0;25;0.013355;258330;K*;                        ? Unchecked;ijcai-2026-base-14-g0df50d7
n-puzzle;unit;13/1;1;6 2 4 0 8 7 5 3 1;0 1 2 3 4 5 6 7 8;17;25;25;1712;0;0;25;0.008067;212223;K*;                        ? Unchecked;ijcai-2026-base-14-g0df50d7
n-puzzle;unit;14/1;1;0 1 6 2 5 7 4 8 3;0 1 2 3 4 5 6 7 8;16;26;26;3087;0;0;25;0.01186;260287;K*;                        ? Unchecked;ijcai-2026-base-14-g0df50d7
n-puzzle;unit;15/1;1;4 0 3 6 1 2 8 5 7;0 1 2 3 4 5 6 7 8;13;15;15;34;0;0;25;0.000115;295652;K*;                        ? Unchecked;ijcai-2026-base-14-g0df50d7
n-puzzle;unit;16/1;1;1 5 8 7 6 4 0 3 2;0 1 2 3 4 5 6 7 8;0;20;20;353;0;0;25;0.001215;290535;K*;                        ? Unchecked;ijcai-2026-base-14-g0df50d7
n-puzzle;unit;17/1;1;2 7 0 8 4 6 3 5 1;0 1 2 3 4 5 6 7 8;16;24;24;631;0;0;25;0.002348;268739;K*;                        ? Unchecked;ijcai-2026-base-14-g0df50d7
n-puzzle;unit;18/1;1;7 4 8 1 5 6 0 2 3;0 1 2 3 4 5 6 7 8;18;24;24;628;0;0;25;0.00247;254251;K*;                        ? Unchecked;ijcai-2026-base-14-g0df50d7
n-puzzle;unit;19/1;1;2 3 0 1 4 7 5 6 8;0 1 2 3 4 5 6 7 8;12;24;24;1192;0;0;25;0.004503;264712;K*;                        ? Unchecked;ijcai-2026-base-14-g0df50d7
n-puzzle;unit;20/1;1;2 1 4 5 0 6 8 3 7;0 1 2 3 4 5 6 7 8;14;26;26;3664;0;0;25;0.013386;273719;K*;                        ? Unchecked;ijcai-2026-base-14-g0df50d7
n-puzzle;unit;21/1;1;8 7 6 2 5 4 1 0 3;0 1 2 3 4 5 6 7 8;21;27;27;311;0;0;25;0.003318;93731.2;K*;                        ? Unchecked;ijcai-2026-base-14-g0df50d7
n-puzzle;unit;22/1;1;2 7 3 1 6 5 4 0 8;0 1 2 3 4 5 6 7 8;13;19;19;187;0;0;25;0.000815;229448;K*;                        ? Unchecked;ijcai-2026-base-14-g0df50d7
n-puzzle;unit;23/1;1;3 0 4 6 2 1 8 5 7;0 1 2 3 4 5 6 7 8;13;17;17;134;0;0;25;0.000558;240143;K*;                        ? Unchecked;ijcai-2026-base-14-g0df50d7
n-puzzle;unit;24/1;1;5 3 2 4 8 6 0 1 7;0 1 2 3 4 5 6 7 8;14;24;24;1330;0;0;25;0.004627;287443;K*;                        ? Unchecked;ijcai-2026-base-14-g0df50d7
n-puzzle;unit;25/1;1;1 3 5 2 4 6 8 7 0;0 1 2 3 4 5 6 7 8;12;28;28;7345;0;0;29;0.028089;261490;K*;                        ? Unchecked;ijcai-2026-base-14-g0df50d7
n-puzzle;unit;26/1;1;8 5 1 4 2 7 6 0 3;0 1 2 3 4 5 6 7 8;15;23;23;1152;0;0;29;0.004039;285219;K*;                        ? Unchecked;ijcai-2026-base-14-g0df50d7
n-puzzle;unit;27/1;1;2 8 5 6 3 1 4 0 7;0 1 2 3 4 5 6 7 8;13;21;21;801;0;0;29;0.003444;232578;K*;                        ? Unchecked;ijcai-2026-base-14-g0df50d7
n-puzzle;unit;28/1;1;5 0 7 4 2 3 1 6 8;0 1 2 3 4 5 6 7 8;15;19;19;164;0;0;29;0.001002;163673;K*;                        ? Unchecked;ijcai-2026-base-14-g0df50d7
n-puzzle;unit;29/1;1;3 2 4 7 6 8 5 1 0;0 1 2 3 4 5 6 7 8;14;18;18;88;0;0;29;0.000375;234667;K*;                        ? Unchecked;ijcai-2026-base-14-g0df50d7
n-puzzle;unit;30/1;1;1 3 2 0 8 6 4 7 5;0 1 2 3 4 5 6 7 8;11;21;21;597;0;0;29;0.002091;285509;K*;                        ? Unchecked;ijcai-2026-base-14-g0df50d7
n-puzzle;unit;31/1;1;8 2 5 3 7 6 4 0 1;0 1 2 3 4 5 6 7 8;15;23;23;1220;0;0;29;0.004603;265045;K*;                        ? Unchecked;ijcai-2026-base-14-g0df50d7
n-puzzle;unit;32/1;1;2 4 0 7 5 1 8 6 3;0 1 2 3 4 5 6 7 8;14;22;22;321;0;0;29;0.00177;181356;K*;                        ? Unchecked;ijcai-2026-base-14-g0df50d7
n-puzzle;unit;33/1;1;0 1 5 2 6 8 7 3 4;0 1 2 3 4 5 6 7 8;12;20;20;480;0;0;29;0.001799;266815;K*;                        ? Unchecked;ijcai-2026-base-14-g0df50d7
n-puzzle;unit;34/1;1;7 1 5 2 8 6 3 4 0;0 1 2 3 4 5 6 7 8;14;18;18;137;0;0;29;0.000712;192416;K*;                        ? Unchecked;ijcai-2026-base-14-g0df50d7
n-puzzle;unit;35/1;1;6 3 1 2 8 7 0 4 5;0 1 2 3 4 5 6 7 8;14;22;22;493;0;0;29;0.001731;284806;K*;                        ? Unchecked;ijcai-2026-base-14-g0df50d7
n-puzzle;unit;36/1;1;0 3 5 4 8 6 7 2 1;0 1 2 3 4 5 6 7 8;16;22;22;648;0;0;29;0.00253;256126;K*;                        ? Unchecked;ijcai-2026-base-14-g0df50d7
n-puzzle;unit;37/1;1;8 1 4 0 3 2 5 6 7;0 1 2 3 4 5 6 7 8;13;21;21;433;0;0;29;0.001856;233297;K*;                        ? Unchecked;ijcai-2026-base-14-g0df50d7
n-puzzle;unit;38/1;1;7 4 1 6 2 8 3 5 0;0 1 2 3 4 5 6 7 8;12;22;22;977;0;0;29;0.003567;273900;K*;                        ? Unchecked;ijcai-2026-base-14-g0df50d7
n-puzzle;unit;39/1;1;4 6 8 0 5 1 3 2 7;0 1 2 3 4 5 6 7 8;15;23;23;946;0;0;29;0.003808;248424;K*;                        ? Unchecked;ijcai-2026-base-14-g0df50d7
n-puzzle;unit;40/1;1;4 2 8 6 0 1 3 5 7;0 1 2 3 4 5 6 7 8;12;20;20;528;0;0;29;0.00236;223729;K*;                        ? Unchecked;ijcai-2026-base-14-g0df50d7
n-puzzle;unit;41/1;1;3 7 8 4 5 2 6 1 0;0 1 2 3 4 5 6 7 8;10;20;20;457;0;0;29;0.001868;244647;K*;                        ? Unchecked;ijcai-2026-base-14-g0df50d7
n-puzzle;unit;42/1;1;7 5 6 1 0 3 2 8 4;0 1 2 3 4 5 6 7 8;20;24;24;476;0;0;29;0.001849;257436;K*;                        ? Unchecked;ijcai-2026-base-14-g0df50d7
n-puzzle;unit;43/1;1;1 6 4 8 5 3 7 2 0;0 1 2 3 4 5 6 7 8;16;22;22;358;0;0;29;0.00147;243537;K*;                        ? Unchecked;ijcai-2026-base-14-g0df50d7
n-puzzle;unit;44/1;1;2 5 7 1 8 4 3 6 0;0 1 2 3 4 5 6 7 8;14;16;16;43;0;0;29;0.000137;313869;K*;                        ? Unchecked;ijcai-2026-base-14-g0df50d7
n-puzzle;unit;45/1;1;3 8 4 0 7 1 5 6 2;0 1 2 3 4 5 6 7 8;15;19;19;148;0;0;29;0.000516;286822;K*;                        ? Unchecked;ijcai-2026-base-14-g0df50d7
n-puzzle;unit;46/1;1;3 0 5 4 2 1 7 8 6;0 1 2 3 4 5 6 7 8;11;19;19;372;0;0;29;0.001352;275148;K*;                        ? Unchecked;ijcai-2026-base-14-g0df50d7
n-puzzle;unit;47/1;1;4 5 3 1 7 0 8 2 6;0 1 2 3 4 5 6 7 8;17;23;23;516;0;0;29;0.001957;263669;K*;                        ? Unchecked;ijcai-2026-base-14-g0df50d7
n-puzzle;unit;48/1;1;1 8 4 2 3 5 6 0 7;0 1 2 3 4 5 6 7 8;11;19;19;383;0;0;29;0.001601;239225;K*;                        ? Unchecked;ijcai-2026-base-14-g0df50d7
n-puzzle;unit;49/1;1;4 8 1 0 6 7 3 2 5;0 1 2 3 4 5 6 7 8;15;25;25;2065;0;0;29;0.007414;278527;K*;                        ? Unchecked;ijcai-2026-base-14-g0df50d7
n-puzzle;unit;50/1;1;8 5 3 4 6 1 7 2 0;0 1 2 3 4 5 6 7 8;18;24;24;523;0;0;29;0.003029;172664;K*;                        ? Unchecked;ijcai-2026-base-14-g0df50d7
n-puzzle;unit;51/1;1;4 3 7 1 5 2 6 0 8;0 1 2 3 4 5 6 7 8;11;19;19;251;0;0;29;0.001181;212532;K*;                        ? Unchecked;ijcai-2026-base-14-g0df50d7
n-puzzle;unit;52/1;1;7 4 1 2 3 0 5 8 6;0 1 2 3 4 5 6 7 8;15;27;27;2620;0;0;29;0.009308;281478;K*;                        ? Unchecked;ijcai-2026-base-14-g0df50d7
n-puzzle;unit;53/1;1;7 5 6 8 2 1 0 4 3;0 1 2 3 4 5 6 7 8;20;26;26;1306;0;0;29;0.006237;209396;K*;                        ? Unchecked;ijcai-2026-base-14-g0df50d7
n-puzzle;unit;54/1;1;2 8 5 0 7 6 1 4 3;0 1 2 3 4 5 6 7 8;17;21;21;306;0;0;29;0.001836;166667;K*;                        ? Unchecked;ijcai-2026-base-14-g0df50d7
n-puzzle;unit;55/1;1;3 5 2 4 1 6 8 0 7;0 1 2 3 4 5 6 7 8;11;23;23;1944;0;0;29;0.006913;281209;K*;                        ? Unchecked;ijcai-2026-base-14-g0df50d7
n-puzzle;unit;56/1;1;8 6 1 5 4 3 0 2 7;0 1 2 3 4 5 6 7 8;16;26;26;1460;0;0;29;0.006214;234953;K*;                        ? Unchecked;ijcai-2026-base-14-g0df50d7
n-puzzle;unit;57/1;1;4 6 5 7 3 2 1 0 8;0 1 2 3 4 5 6 7 8;13;21;21;468;0;0;29;0.002495;187575;K*;                        ? Unchecked;ijcai-2026-base-14-g0df50d7
n-puzzle;unit;58/1;1;3 7 4 2 8 6 5 0 1;0 1 2 3 4 5 6 7 8;19;25;25;1792;0;0;29;0.006564;273004;K*;                        ? Unchecked;ijcai-2026-base-14-g0df50d7
n-puzzle;unit;59/1;1;8 7 4 5 6 2 3 0 1;0 1 2 3 4 5 6 7 8;17;27;27;2632;0;0;29;0.010493;250834;K*;                        ? Unchecked;ijcai-2026-base-14-g0df50d7
n-puzzle;unit;60/1;1;6 1 5 3 4 0 8 2 7;0 1 2 3 4 5 6 7 8;9;21;21;792;0;0;29;0.004461;177539;K*;                        ? Unchecked;ijcai-2026-base-14-g0df50d7
n-puzzle;unit;61/1;1;4 5 2 8 0 3 1 6 7;0 1 2 3 4 5 6 7 8;14;20;20;323;0;0;29;0.001634;197674;K*;                        ? Unchecked;ijcai-2026-base-14-g0df50d7
n-puzzle;unit;62/1;1;8 5 4 6 1 2 7 3 0;0 1 2 3 4 5 6 7 8;14;24;24;925;0;0;29;0.003378;273831;K*;                        ? Unchecked;ijcai-2026-base-14-g0df50d7
n-puzzle;unit;63/1;1;0 5 8 2 6 7 4 3 1;0 1 2 3 4 5 6 7 8;18;22;22;400;0;0;29;0.001922;208117;K*;                        ? Unchecked;ijcai-2026-base-14-g0df50d7
n-puzzle;unit;64/1;1;5 0 1 8 7 3 4 6 2;0 1 2 3 4 5 6 7 8;15;23;23;576;0;0;29;0.002264;254417;K*;                        ? Unchecked;ijcai-2026-base-14-g0df50d7
n-puzzle;unit;65/1;1;7 6 1 3 4 8 0 5 2;0 1 2 3 4 5 6 7 8;12;22;22;393;0;0;29;0.001698;231449;K*;                        ? Unchecked;ijcai-2026-base-14-g0df50d7
n-puzzle;unit;66/1;1;8 0 7 3 6 5 1 2 4;0 1 2 3 4 5 6 7 8;17;25;25;1456;0;0;29;0.005216;279141;K*;                        ? Unchecked;ijcai-2026-base-14-g0df50d7
n-puzzle;unit;67/1;1;7 2 8 6 5 1 4 0 3;0 1 2 3 4 5 6 7 8;15;23;23;640;0;0;29;0.003068;208605;K*;                        ? Unchecked;ijcai-2026-base-14-g0df50d7
n-puzzle;unit;68/1;1;5 0 3 4 1 8 2 7 6;0 1 2 3 4 5 6 7 8;15;25;25;1357;0;0;29;0.005126;264729;K*;                        ? Unchecked;ijcai-2026-base-14-g0df50d7
n-puzzle;unit;69/1;1;7 8 4 6 3 5 2 1 0;0 1 2 3 4 5 6 7 8;16;26;26;1551;0;0;29;0.006152;252113;K*;                        ? Unchecked;ijcai-2026-base-14-g0df50d7
n-puzzle;unit;70/1;1;7 0 3 2 8 1 5 4 6;0 1 2 3 4 5 6 7 8;19;21;21;81;0;0;29;0.001137;71240.1;K*;                        ? Unchecked;ijcai-2026-base-14-g0df50d7
n-puzzle;unit;71/1;1;1 0 7 3 4 8 2 5 6;0 1 2 3 4 5 6 7 8;13;23;23;1002;0;0;29;0.003536;283371;K*;                        ? Unchecked;ijcai-2026-base-14-g0df50d7
n-puzzle;unit;72/1;1;8 0 7 4 3 6 5 2 1;0 1 2 3 4 5 6 7 8;21;25;25;186;0;0;29;0.001205;154357;K*;                        ? Unchecked;ijcai-2026-base-14-g0df50d7
n-puzzle;unit;73/1;1;3 7 8 5 1 2 0 6 4;0 1 2 3 4 5 6 7 8;12;24;24;2148;0;0;29;0.007573;283639;K*;                        ? Unchecked;ijcai-2026-base-14-g0df50d7
n-puzzle;unit;74/1;1;1 6 2 0 7 8 4 5 3;0 1 2 3 4 5 6 7 8;13;17;17;45;0;0;29;0.000153;294118;K*;                        ? Unchecked;ijcai-2026-base-14-g0df50d7
n-puzzle;unit;75/1;1;6 1 2 3 0 8 4 5 7;0 1 2 3 4 5 6 7 8;8;18;18;248;0;0;29;0.000877;282782;K*;                        ? Unchecked;ijcai-2026-base-14-g0df50d7
n-puzzle;unit;76/1;1;1 0 7 5 6 4 3 2 8;0 1 2 3 4 5 6 7 8;13;21;21;459;0;0;29;0.001721;266705;K*;                        ? Unchecked;ijcai-2026-base-14-g0df50d7
n-puzzle;unit;77/1;1;2 7 6 1 4 0 5 3 8;0 1 2 3 4 5 6 7 8;15;23;23;446;0;0;29;0.001803;247366;K*;                        ? Unchecked;ijcai-2026-base-14-g0df50d7
n-puzzle;unit;78/1;1;2 3 8 4 0 6 1 5 7;0 1 2 3 4 5 6 7 8;16;22;22;351;0;0;29;0.001481;237002;K*;                        ? Unchecked;ijcai-2026-base-14-g0df50d7
n-puzzle;unit;79/1;1;0 5 4 6 1 7 8 2 3;0 1 2 3 4 5 6 7 8;16;24;24;986;0;0;29;0.003589;274728;K*;                        ? Unchecked;ijcai-2026-base-14-g0df50d7
n-puzzle;unit;80/1;1;5 3 4 7 0 1 8 6 2;0 1 2 3 4 5 6 7 8;16;20;20;156;0;0;29;0.001082;144177;K*;                        ? Unchecked;ijcai-2026-base-14-g0df50d7
n-puzzle;unit;81/1;1;1 7 5 6 8 3 4 2 0;0 1 2 3 4 5 6 7 8;14;22;22;585;0;0;29;0.002172;269337;K*;                        ? Unchecked;ijcai-2026-base-14-g0df50d7
n-puzzle;unit;82/1;1;3 1 4 0 5 8 2 7 6;0 1 2 3 4 5 6 7 8;11;21;21;335;0;0;29;0.001499;223482;K*;                        ? Unchecked;ijcai-2026-base-14-g0df50d7
n-puzzle;unit;83/1;1;4 2 3 0 5 1 8 6 7;0 1 2 3 4 5 6 7 8;13;19;19;239;0;0;29;0.00101;236634;K*;                        ? Unchecked;ijcai-2026-base-14-g0df50d7
n-puzzle;unit;84/1;1;4 7 3 1 6 5 8 0 2;0 1 2 3 4 5 6 7 8;15;25;25;1697;0;0;29;0.006042;280867;K*;                        ? Unchecked;ijcai-2026-base-14-g0df50d7
n-puzzle;unit;85/1;1;3 6 0 1 5 8 4 2 7;0 1 2 3 4 5 6 7 8;14;22;22;382;0;0;29;0.002346;162830;K*;                        ? Unchecked;ijcai-2026-base-14-g0df50d7
n-puzzle;unit;86/1;1;8 6 2 7 5 1 3 0 4;0 1 2 3 4 5 6 7 8;15;27;27;4833;0;0;29;0.017651;273809;K*;                        ? Unchecked;ijcai-2026-base-14-g0df50d7
n-puzzle;unit;87/1;1;3 2 5 7 6 0 8 1 4;0 1 2 3 4 5 6 7 8;13;17;17;99;0;0;29;0.000733;135061;K*;                        ? Unchecked;ijcai-2026-base-14-g0df50d7
n-puzzle;unit;88/1;1;1 3 2 4 0 5 8 7 6;0 1 2 3 4 5 6 7 8;8;22;22;1447;0;0;29;0.005225;276938;K*;                        ? Unchecked;ijcai-2026-base-14-g0df50d7
n-puzzle;unit;89/1;1;0 8 4 3 2 1 6 5 7;0 1 2 3 4 5 6 7 8;12;18;18;177;0;0;29;0.001465;120819;K*;                        ? Unchecked;ijcai-2026-base-14-g0df50d7
n-puzzle;unit;90/1;1;0 6 1 5 7 8 4 2 3;0 1 2 3 4 5 6 7 8;16;22;22;506;0;0;29;0.001833;276050;K*;                        ? Unchecked;ijcai-2026-base-14-g0df50d7
n-puzzle;unit;91/1;1;2 1 6 4 5 8 3 0 7;0 1 2 3 4 5 6 7 8;11;23;23;1649;0;0;29;0.006068;271753;K*;                        ? Unchecked;ijcai-2026-base-14-g0df50d7
n-puzzle;unit;92/1;1;3 7 4 6 1 5 8 0 2;0 1 2 3 4 5 6 7 8;11;21;21;442;0;0;29;0.002528;174842;K*;                        ? Unchecked;ijcai-2026-base-14-g0df50d7
n-puzzle;unit;93/1;1;7 6 1 3 5 8 2 4 0;0 1 2 3 4 5 6 7 8;14;22;22;683;0;0;29;0.002686;254281;K*;                        ? Unchecked;ijcai-2026-base-14-g0df50d7
n-puzzle;unit;94/1;1;4 7 8 1 0 3 6 2 5;0 1 2 3 4 5 6 7 8;14;22;22;465;0;0;29;0.002047;227162;K*;                        ? Unchecked;ijcai-2026-base-14-g0df50d7
n-puzzle;unit;95/1;1;0 5 8 2 7 4 1 6 3;0 1 2 3 4 5 6 7 8;16;20;20;122;0;0;29;0.000671;181818;K*;                        ? Unchecked;ijcai-2026-base-14-g0df50d7
n-puzzle;unit;96/1;1;5 2 3 8 7 0 1 6 4;0 1 2 3 4 5 6 7 8;17;23;23;812;0;0;29;0.002916;278464;K*;                        ? Unchecked;ijcai-2026-base-14-g0df50d7
n-puzzle;unit;97/1;1;8 3 0 4 7 2 6 1 5;0 1 2 3 4 5 6 7 8;12;18;18;90;0;0;29;0.000748;120321;K*;                        ? Unchecked;ijcai-2026-base-14-g0df50d7
n-puzzle;unit;98/1;1;5 8 6 0 7 4 1 3 2;0 1 2 3 4 5 6 7 8;19;25;25;671;0;0;29;0.002372;282884;K*;                        ? Unchecked;ijcai-2026-base-14-g0df50d7
n-puzzle;unit;99/1;1;7 5 0 6 3 2 1 8 4;0 1 2 3 4 5 6 7 8;14;26;26;3598;0;0;29;0.012998;276812;K*;                        ? Unchecked;ijcai-2026-base-14-g0df50d7
n-puzzle;unit;0/2;2;5 6 0 8 4 7 1 3 2;0 1 2 3 4 5 6 7 8;18;26;26;487;0;0;29;0.005049;96454.7;K*;                        ? Unchecked;ijcai-2026-base-14-g0df50d7
n-puzzle;unit;1/2;2;0 8 6 4 7 1 5 3 2;0 1 2 3 4 5 6 7 8;18;26;26;815;0;0;29;0.004557;178846;K*;                        ? Unchecked;ijcai-2026-base-14-g0df50d7
n-puzzle;unit;2/2;2;5 2 8 0 7 4 1 3 6;0 1 2 3 4 5 6 7 8;15;23;23;568;0;0;29;0.003257;174394;K*;                        ? Unchecked;ijcai-2026-base-14-g0df50d7
n-puzzle;unit;3/2;2;7 2 6 0 8 1 5 4 3;0 1 2 3 4 5 6 7 8;19;27;27;1563;0;0;29;0.006366;245523;K*;                        ? Unchecked;ijcai-2026-base-14-g0df50d7
n-puzzle;unit;4/2;2;5 1 8 6 0 7 2 4 3;0 1 2 3 4 5 6 7 8;16;24;24;1433;0;0;29;0.007713;185790;K*;                        ? Unchecked;ijcai-2026-base-14-g0df50d7
n-puzzle;unit;5/2;2;8 0 3 6 4 5 7 2 1;0 1 2 3 4 5 6 7 8;15;25;25;1074;0;0;29;0.005645;190257;K*;                        ? Unchecked;ijcai-2026-base-14-g0df50d7
n-puzzle;unit;6/2;2;4 2 7 1 5 8 0 6 3;0 1 2 3 4 5 6 7 8;14;18;18;121;0;0;29;0.001075;112558;K*;                        ? Unchecked;ijcai-2026-base-14-g0df50d7
n-puzzle;unit;7/2;2;4 1 7 3 2 5 6 0 8;0 1 2 3 4 5 6 7 8;7;19;19;469;0;0;29;0.001971;237950;K*;                        ? Unchecked;ijcai-2026-base-14-g0df50d7
n-puzzle;unit;8/2;2;8 4 0 5 1 6 2 7 3;0 1 2 3 4 5 6 7 8;18;28;28;2088;0;0;29;0.009233;226145;K*;                        ? Unchecked;ijcai-2026-base-14-g0df50d7
n-puzzle;unit;9/2;2;1 3 0 7 6 2 5 8 4;0 1 2 3 4 5 6 7 8;14;22;22;648;0;0;29;0.003678;176183;K*;                        ? Unchecked;ijcai-2026-base-14-g0df50d7
n-puzzle;unit;10/2;2;7 0 4 6 8 5 3 1 2;0 1 2 3 4 5 6 7 8;13;27;27;5951;0;0;29;0.022262;267317;K*;                        ? Unchecked;ijcai-2026-base-14-g0df50d7
n-puzzle;unit;11/2;2;6 1 7 5 8 2 4 3 0;0 1 2 3 4 5 6 7 8;14;26;26;1848;0;0;29;0.015101;122376;K*;                        ? Unchecked;ijcai-2026-base-14-g0df50d7
n-puzzle;unit;12/2;2;7 5 2 1 6 3 8 0 4;0 1 2 3 4 5 6 7 8;15;27;27;3728;0;0;29;0.015026;248103;K*;                        ? Unchecked;ijcai-2026-base-14-g0df50d7
n-puzzle;unit;13/2;2;6 2 4 0 8 7 5 3 1;0 1 2 3 4 5 6 7 8;17;25;25;2232;0;0;29;0.011859;188211;K*;                        ? Unchecked;ijcai-2026-base-14-g0df50d7
n-puzzle;unit;14/2;2;0 1 6 2 5 7 4 8 3;0 1 2 3 4 5 6 7 8;16;28;28;3608;0;0;29;0.015732;229341;K*;                        ? Unchecked;ijcai-2026-base-14-g0df50d7
n-puzzle;unit;15/2;2;4 0 3 6 1 2 8 5 7;0 1 2 3 4 5 6 7 8;13;17;17;50;0;0;29;0.000222;225225;K*;                        ? Unchecked;ijcai-2026-base-14-g0df50d7
n-puzzle;unit;16/2;2;1 5 8 7 6 4 0 3 2;0 1 2 3 4 5 6 7 8;14;20;20;353;0;0;29;0.001305;270498;K*;                        ? Unchecked;ijcai-2026-base-14-g0df50d7
n-puzzle;unit;17/2;2;2 7 0 8 4 6 3 5 1;0 1 2 3 4 5 6 7 8;16;26;26;973;0;0;29;0.004566;213097;K*;                        ? Unchecked;ijcai-2026-base-14-g0df50d7
n-puzzle;unit;18/2;2;7 4 8 1 5 6 0 2 3;0 1 2 3 4 5 6 7 8;18;26;26;678;0;0;29;0.003138;216061;K*;                        ? Unchecked;ijcai-2026-base-14-g0df50d7
n-puzzle;unit;19/2;2;2 3 0 1 4 7 5 6 8;0 1 2 3 4 5 6 7 8;12;24;24;1972;0;0;29;0.009345;211022;K*;                        ? Unchecked;ijcai-2026-base-14-g0df50d7
n-puzzle;unit;20/2;2;2 1 4 5 0 6 8 3 7;0 1 2 3 4 5 6 7 8;14;26;26;5464;0;0;29;0.025561;213763;K*;                        ? Unchecked;ijcai-2026-base-14-g0df50d7
n-puzzle;unit;21/2;2;8 7 6 2 5 4 1 0 3;0 1 2 3 4 5 6 7 8;21;27;27;551;0;0;29;0.004047;136150;K*;                        ? Unchecked;ijcai-2026-base-14-g0df50d7
n-puzzle;unit;22/2;2;2 7 3 1 6 5 4 0 8;0 1 2 3 4 5 6 7 8;13;21;21;323;0;0;29;0.001893;170629;K*;                        ? Unchecked;ijcai-2026-base-14-g0df50d7
n-puzzle;unit;23/2;2;3 0 4 6 2 1 8 5 7;0 1 2 3 4 5 6 7 8;13;17;17;134;0;0;29;0.000693;193362;K*;                        ? Unchecked;ijcai-2026-base-14-g0df50d7
n-puzzle;unit;24/2;2;5 3 2 4 8 6 0 1 7;0 1 2 3 4 5 6 7 8;14;24;24;2130;0;0;29;0.010078;211351;K*;                        ? Unchecked;ijcai-2026-base-14-g0df50d7
n-puzzle;unit;25/2;2;1 3 5 2 4 6 8 7 0;0 1 2 3 4 5 6 7 8;12;28;28;7345;0;0;29;0.02817;260738;K*;                        ? Unchecked;ijcai-2026-base-14-g0df50d7
n-puzzle;unit;26/2;2;8 5 1 4 2 7 6 0 3;0 1 2 3 4 5 6 7 8;15;23;23;1172;0;0;29;0.004373;268008;K*;                        ? Unchecked;ijcai-2026-base-14-g0df50d7
n-puzzle;unit;27/2;2;2 8 5 6 3 1 4 0 7;0 1 2 3 4 5 6 7 8;13;23;23;901;0;0;29;0.004154;216899;K*;                        ? Unchecked;ijcai-2026-base-14-g0df50d7
n-puzzle;unit;28/2;2;5 0 7 4 2 3 1 6 8;0 1 2 3 4 5 6 7 8;15;19;19;184;0;0;29;0.00127;144882;K*;                        ? Unchecked;ijcai-2026-base-14-g0df50d7
n-puzzle;unit;29/2;2;3 2 4 7 6 8 5 1 0;0 1 2 3 4 5 6 7 8;14;20;20;198;0;0;29;0.001032;191860;K*;                        ? Unchecked;ijcai-2026-base-14-g0df50d7
n-puzzle;unit;30/2;2;1 3 2 0 8 6 4 7 5;0 1 2 3 4 5 6 7 8;11;21;21;737;0;0;29;0.003027;243475;K*;                        ? Unchecked;ijcai-2026-base-14-g0df50d7
n-puzzle;unit;31/2;2;8 2 5 3 7 6 4 0 1;0 1 2 3 4 5 6 7 8;15;25;25;1247;0;0;29;0.00501;248902;K*;                        ? Unchecked;ijcai-2026-base-14-g0df50d7
n-puzzle;unit;32/2;2;2 4 0 7 5 1 8 6 3;0 1 2 3 4 5 6 7 8;14;24;24;668;0;0;29;0.00392;170408;K*;                        ? Unchecked;ijcai-2026-base-14-g0df50d7
n-puzzle;unit;33/2;2;0 1 5 2 6 8 7 3 4;0 1 2 3 4 5 6 7 8;12;20;20;480;0;0;29;0.002137;224614;K*;                        ? Unchecked;ijcai-2026-base-14-g0df50d7
n-puzzle;unit;34/2;2;7 1 5 2 8 6 3 4 0;0 1 2 3 4 5 6 7 8;14;18;18;157;0;0;29;0.00088;178409;K*;                        ? Unchecked;ijcai-2026-base-14-g0df50d7
n-puzzle;unit;35/2;2;6 3 1 2 8 7 0 4 5;0 1 2 3 4 5 6 7 8;14;22;22;933;0;0;29;0.004357;214138;K*;                        ? Unchecked;ijcai-2026-base-14-g0df50d7
n-puzzle;unit;36/2;2;0 3 5 4 8 6 7 2 1;0 1 2 3 4 5 6 7 8;16;22;22;668;0;0;29;0.003031;220389;K*;                        ? Unchecked;ijcai-2026-base-14-g0df50d7
n-puzzle;unit;37/2;2;8 1 4 0 3 2 5 6 7;0 1 2 3 4 5 6 7 8;13;21;21;553;0;0;29;0.002695;205195;K*;                        ? Unchecked;ijcai-2026-base-14-g0df50d7
n-puzzle;unit;38/2;2;7 4 1 6 2 8 3 5 0;0 1 2 3 4 5 6 7 8;12;24;24;1567;0;0;29;0.007251;216108;K*;                        ? Unchecked;ijcai-2026-base-14-g0df50d7
n-puzzle;unit;39/2;2;4 6 8 0 5 1 3 2 7;0 1 2 3 4 5 6 7 8;15;25;25;1295;0;0;29;0.006446;200900;K*;                        ? Unchecked;ijcai-2026-base-14-g0df50d7
n-puzzle;unit;40/2;2;4 2 8 6 0 1 3 5 7;0 1 2 3 4 5 6 7 8;12;22;22;782;0;0;29;0.004124;189622;K*;                        ? Unchecked;ijcai-2026-base-14-g0df50d7
n-puzzle;unit;41/2;2;3 7 8 4 5 2 6 1 0;0 1 2 3 4 5 6 7 8;10;22;22;460;0;0;29;0.002193;209758;K*;                        ? Unchecked;ijcai-2026-base-14-g0df50d7
n-puzzle;unit;42/2;2;7 5 6 1 0 3 2 8 4;0 1 2 3 4 5 6 7 8;20;24;24;476;0;0;29;0.00197;241624;K*;                        ? Unchecked;ijcai-2026-base-14-g0df50d7
n-puzzle;unit;43/2;2;1 6 4 8 5 3 7 2 0;0 1 2 3 4 5 6 7 8;16;22;22;358;0;0;29;0.00171;209357;K*;                        ? Unchecked;ijcai-2026-base-14-g0df50d7
n-puzzle;unit;44/2;2;2 5 7 1 8 4 3 6 0;0 1 2 3 4 5 6 7 8;14;16;16;63;0;0;29;0.000456;138158;K*;                        ? Unchecked;ijcai-2026-base-14-g0df50d7
n-puzzle;unit;45/2;2;3 8 4 0 7 1 5 6 2;0 1 2 3 4 5 6 7 8;15;21;21;235;0;0;29;0.001047;224451;K*;                        ? Unchecked;ijcai-2026-base-14-g0df50d7
n-puzzle;unit;46/2;2;3 0 5 4 2 1 7 8 6;0 1 2 3 4 5 6 7 8;11;21;21;471;0;0;29;0.002141;219991;K*;                        ? Unchecked;ijcai-2026-base-14-g0df50d7
n-puzzle;unit;47/2;2;4 5 3 1 7 0 8 2 6;0 1 2 3 4 5 6 7 8;17;23;23;536;0;0;29;0.002283;234779;K*;                        ? Unchecked;ijcai-2026-base-14-g0df50d7
n-puzzle;unit;48/2;2;1 8 4 2 3 5 6 0 7;0 1 2 3 4 5 6 7 8;11;21;21;492;0;0;29;0.002278;215979;K*;                        ? Unchecked;ijcai-2026-base-14-g0df50d7
n-puzzle;unit;49/2;2;4 8 1 0 6 7 3 2 5;0 1 2 3 4 5 6 7 8;15;25;25;3265;0;0;29;0.015074;216598;K*;                        ? Unchecked;ijcai-2026-base-14-g0df50d7
n-puzzle;unit;50/2;2;8 5 3 4 6 1 7 2 0;0 1 2 3 4 5 6 7 8;18;24;24;863;0;0;29;0.00604;142881;K*;                        ? Unchecked;ijcai-2026-base-14-g0df50d7
n-puzzle;unit;51/2;2;4 3 7 1 5 2 6 0 8;0 1 2 3 4 5 6 7 8;11;19;19;271;0;0;29;0.001743;155479;K*;                        ? Unchecked;ijcai-2026-base-14-g0df50d7
n-puzzle;unit;52/2;2;7 4 1 2 3 0 5 8 6;0 1 2 3 4 5 6 7 8;15;27;27;6040;0;0;29;0.03231;186939;K*;                        ? Unchecked;ijcai-2026-base-14-g0df50d7
n-puzzle;unit;53/2;2;7 5 6 8 2 1 0 4 3;0 1 2 3 4 5 6 7 8;20;28;28;2079;0;0;29;0.00953;218153;K*;                        ? Unchecked;ijcai-2026-base-14-g0df50d7
n-puzzle;unit;54/2;2;2 8 5 0 7 6 1 4 3;0 1 2 3 4 5 6 7 8;17;23;23;322;0;0;29;0.002464;130682;K*;                        ? Unchecked;ijcai-2026-base-14-g0df50d7
n-puzzle;unit;55/2;2;3 5 2 4 1 6 8 0 7;0 1 2 3 4 5 6 7 8;11;25;25;2287;0;0;29;0.009413;242962;K*;                        ? Unchecked;ijcai-2026-base-14-g0df50d7
n-puzzle;unit;56/2;2;8 6 1 5 4 3 0 2 7;0 1 2 3 4 5 6 7 8;16;26;26;2340;0;0;29;0.012306;190151;K*;                        ? Unchecked;ijcai-2026-base-14-g0df50d7
n-puzzle;unit;57/2;2;4 6 5 7 3 2 1 0 8;0 1 2 3 4 5 6 7 8;13;23;23;934;0;0;29;0.005838;159986;K*;                        ? Unchecked;ijcai-2026-base-14-g0df50d7
n-puzzle;unit;58/2;2;3 7 4 2 8 6 5 0 1;0 1 2 3 4 5 6 7 8;19;27;27;2160;0;0;29;0.009446;228668;K*;                        ? Unchecked;ijcai-2026-base-14-g0df50d7
n-puzzle;unit;59/2;2;8 7 4 5 6 2 3 0 1;0 1 2 3 4 5 6 7 8;17;27;27;3992;0;0;29;0.019505;204665;K*;                        ? Unchecked;ijcai-2026-base-14-g0df50d7
n-puzzle;unit;60/2;2;6 1 5 3 4 0 8 2 7;0 1 2 3 4 5 6 7 8;9;23;23;1027;0;0;29;0.006918;148453;K*;                        ? Unchecked;ijcai-2026-base-14-g0df50d7
n-puzzle;unit;61/2;2;4 5 2 8 0 3 1 6 7;0 1 2 3 4 5 6 7 8;14;20;20;443;0;0;29;0.002539;174478;K*;                        ? Unchecked;ijcai-2026-base-14-g0df50d7
n-puzzle;unit;62/2;2;8 5 4 6 1 2 7 3 0;0 1 2 3 4 5 6 7 8;14;24;24;1145;0;0;29;0.004968;230475;K*;                        ? Unchecked;ijcai-2026-base-14-g0df50d7
n-puzzle;unit;63/2;2;0 5 8 2 6 7 4 3 1;0 1 2 3 4 5 6 7 8;18;22;22;400;0;0;29;0.002158;185357;K*;                        ? Unchecked;ijcai-2026-base-14-g0df50d7
n-puzzle;unit;64/2;2;5 0 1 8 7 3 4 6 2;0 1 2 3 4 5 6 7 8;15;25;25;1099;0;0;29;0.005438;202096;K*;                        ? Unchecked;ijcai-2026-base-14-g0df50d7
n-puzzle;unit;65/2;2;7 6 1 3 4 8 0 5 2;0 1 2 3 4 5 6 7 8;12;22;22;833;0;0;29;0.004643;179410;K*;                        ? Unchecked;ijcai-2026-base-14-g0df50d7
n-puzzle;unit;66/2;2;8 0 7 3 6 5 1 2 4;0 1 2 3 4 5 6 7 8;17;25;25;1676;0;0;29;0.007126;235195;K*;                        ? Unchecked;ijcai-2026-base-14-g0df50d7
n-puzzle;unit;67/2;2;7 2 8 6 5 1 4 0 3;0 1 2 3 4 5 6 7 8;15;25;25;1332;0;0;29;0.007455;178672;K*;                        ? Unchecked;ijcai-2026-base-14-g0df50d7
n-puzzle;unit;68/2;2;5 0 3 4 1 8 2 7 6;0 1 2 3 4 5 6 7 8;15;25;25;1637;0;0;29;0.007507;218063;K*;                        ? Unchecked;ijcai-2026-base-14-g0df50d7
n-puzzle;unit;69/2;2;7 8 4 6 3 5 2 1 0;0 1 2 3 4 5 6 7 8;16;26;26;1731;0;0;29;0.007647;226363;K*;                        ? Unchecked;ijcai-2026-base-14-g0df50d7
n-puzzle;unit;70/2;2;7 0 3 2 8 1 5 4 6;0 1 2 3 4 5 6 7 8;19;23;23;171;0;0;29;0.001905;89763.8;K*;                        ? Unchecked;ijcai-2026-base-14-g0df50d7
n-puzzle;unit;71/2;2;1 0 7 3 4 8 2 5 6;0 1 2 3 4 5 6 7 8;13;23;23;1062;0;0;29;0.004233;250886;K*;                        ? Unchecked;ijcai-2026-base-14-g0df50d7
n-puzzle;unit;72/2;2;8 0 7 4 3 6 5 2 1;0 1 2 3 4 5 6 7 8;21;25;25;406;0;0;29;0.002738;148283;K*;                        ? Unchecked;ijcai-2026-base-14-g0df50d7
n-puzzle;unit;73/2;2;3 7 8 5 1 2 0 6 4;0 1 2 3 4 5 6 7 8;12;26;26;2268;0;0;29;0.009075;249917;K*;                        ? Unchecked;ijcai-2026-base-14-g0df50d7
n-puzzle;unit;74/2;2;1 6 2 0 7 8 4 5 3;0 1 2 3 4 5 6 7 8;13;19;19;138;0;0;29;0.002063;66892.9;K*;                        ? Unchecked;ijcai-2026-base-14-g0df50d7
n-puzzle;unit;75/2;2;6 1 2 3 0 8 4 5 7;0 1 2 3 4 5 6 7 8;8;18;18;468;0;0;29;0.002171;215569;K*;                        ? Unchecked;ijcai-2026-base-14-g0df50d7
n-puzzle;unit;76/2;2;1 0 7 5 6 4 3 2 8;0 1 2 3 4 5 6 7 8;13;23;23;571;0;0;29;0.002616;218272;K*;                        ? Unchecked;ijcai-2026-base-14-g0df50d7
n-puzzle;unit;77/2;2;2 7 6 1 4 0 5 3 8;0 1 2 3 4 5 6 7 8;15;23;23;726;0;0;29;0.003629;200055;K*;                        ? Unchecked;ijcai-2026-base-14-g0df50d7
n-puzzle;unit;78/2;2;2 3 8 4 0 6 1 5 7;0 1 2 3 4 5 6 7 8;16;22;22;571;0;0;29;0.003022;188948;K*;                        ? Unchecked;ijcai-2026-base-14-g0df50d7
n-puzzle;unit;79/2;2;0 5 4 6 1 7 8 2 3;0 1 2 3 4 5 6 7 8;16;24;24;1146;0;0;29;0.004957;231188;K*;                        ? Unchecked;ijcai-2026-base-14-g0df50d7
n-puzzle;unit;80/2;2;5 3 4 7 0 1 8 6 2;0 1 2 3 4 5 6 7 8;16;20;20;176;0;0;29;0.001364;129032;K*;                        ? Unchecked;ijcai-2026-base-14-g0df50d7
n-puzzle;unit;81/2;2;1 7 5 6 8 3 4 2 0;0 1 2 3 4 5 6 7 8;14;24;24;1116;0;0;29;0.005314;210011;K*;                        ? Unchecked;ijcai-2026-base-14-g0df50d7
n-puzzle;unit;82/2;2;3 1 4 0 5 8 2 7 6;0 1 2 3 4 5 6 7 8;11;21;21;335;0;0;29;0.001921;174388;K*;                        ? Unchecked;ijcai-2026-base-14-g0df50d7
n-puzzle;unit;83/2;2;4 2 3 0 5 1 8 6 7;0 1 2 3 4 5 6 7 8;13;21;21;254;0;0;29;0.001195;212552;K*;                        ? Unchecked;ijcai-2026-base-14-g0df50d7
n-puzzle;unit;84/2;2;4 7 3 1 6 5 8 0 2;0 1 2 3 4 5 6 7 8;15;25;25;1697;0;0;29;0.006218;272917;K*;                        ? Unchecked;ijcai-2026-base-14-g0df50d7
n-puzzle;unit;85/2;2;3 6 0 1 5 8 4 2 7;0 1 2 3 4 5 6 7 8;14;24;24;748;0;0;29;0.004687;159590;K*;                        ? Unchecked;ijcai-2026-base-14-g0df50d7
n-puzzle;unit;86/2;2;8 6 2 7 5 1 3 0 4;0 1 2 3 4 5 6 7 8;15;27;27;4833;0;0;29;0.01812;266722;K*;                        ? Unchecked;ijcai-2026-base-14-g0df50d7
n-puzzle;unit;87/2;2;3 2 5 7 6 0 8 1 4;0 1 2 3 4 5 6 7 8;13;17;17;119;0;0;29;0.001553;76625.9;K*;                        ? Unchecked;ijcai-2026-base-14-g0df50d7
n-puzzle;unit;88/2;2;1 3 2 4 0 5 8 7 6;0 1 2 3 4 5 6 7 8;8;22;22;1747;0;0;29;0.007109;245745;K*;                        ? Unchecked;ijcai-2026-base-14-g0df50d7
n-puzzle;unit;89/2;2;0 8 4 3 2 1 6 5 7;0 1 2 3 4 5 6 7 8;12;20;20;219;0;0;29;0.002087;104935;K*;                        ? Unchecked;ijcai-2026-base-14-g0df50d7
n-puzzle;unit;90/2;2;0 6 1 5 7 8 4 2 3;0 1 2 3 4 5 6 7 8;16;22;22;526;0;0;29;0.002094;251194;K*;                        ? Unchecked;ijcai-2026-base-14-g0df50d7
n-puzzle;unit;91/2;2;2 1 6 4 5 8 3 0 7;0 1 2 3 4 5 6 7 8;11;23;23;1649;0;0;29;0.006306;261497;K*;                        ? Unchecked;ijcai-2026-base-14-g0df50d7
n-puzzle;unit;92/2;2;3 7 4 6 1 5 8 0 2;0 1 2 3 4 5 6 7 8;11;21;21;682;0;0;29;0.004034;169063;K*;                        ? Unchecked;ijcai-2026-base-14-g0df50d7
n-puzzle;unit;93/2;2;7 6 1 3 5 8 2 4 0;0 1 2 3 4 5 6 7 8;14;22;22;683;0;0;29;0.002952;231369;K*;                        ? Unchecked;ijcai-2026-base-14-g0df50d7
n-puzzle;unit;94/2;2;4 7 8 1 0 3 6 2 5;0 1 2 3 4 5 6 7 8;14;22;22;485;0;0;29;0.00229;211790;K*;                        ? Unchecked;ijcai-2026-base-14-g0df50d7
n-puzzle;unit;95/2;2;0 5 8 2 7 4 1 6 3;0 1 2 3 4 5 6 7 8;16;20;20;182;0;0;29;0.001067;170572;K*;                        ? Unchecked;ijcai-2026-base-14-g0df50d7
n-puzzle;unit;96/2;2;5 2 3 8 7 0 1 6 4;0 1 2 3 4 5 6 7 8;17;25;25;926;0;0;29;0.0037;250270;K*;                        ? Unchecked;ijcai-2026-base-14-g0df50d7
n-puzzle;unit;97/2;2;8 3 0 4 7 2 6 1 5;0 1 2 3 4 5 6 7 8;12;20;20;145;0;0;29;0.0013;111538;K*;                        ? Unchecked;ijcai-2026-base-14-g0df50d7
n-puzzle;unit;98/2;2;5 8 6 0 7 4 1 3 2;0 1 2 3 4 5 6 7 8;19;25;25;871;0;0;29;0.003747;232453;K*;                        ? Unchecked;ijcai-2026-base-14-g0df50d7
n-puzzle;unit;99/2;2;7 5 0 6 3 2 1 8 4;0 1 2 3 4 5 6 7 8;14;26;26;4638;0;0;29;0.02028;228698;K*;                        ? Unchecked;ijcai-2026-base-14-g0df50d7
n-puzzle;unit;0/3;3;5 6 0 8 4 7 1 3 2;0 1 2 3 4 5 6 7 8;18;26;26;487;0;0;29;0.00312;156090;K*;                        ? Unchecked;ijcai-2026-base-14-g0df50d7
n-puzzle;unit;1/3;3;0 8 6 4 7 1 5 3 2;0 1 2 3 4 5 6 7 8;18;26;26;815;0;0;29;0.004598;177251;K*;                        ? Unchecked;ijcai-2026-base-14-g0df50d7
n-puzzle;unit;2/3;3;5 2 8 0 7 4 1 3 6;0 1 2 3 4 5 6 7 8;15;23;23;568;0;0;29;0.003325;170827;K*;                        ? Unchecked;ijcai-2026-base-14-g0df50d7
n-puzzle;unit;3/3;3;7 2 6 0 8 1 5 4 3;0 1 2 3 4 5 6 7 8;19;27;27;1563;0;0;29;0.006462;241876;K*;                        ? Unchecked;ijcai-2026-base-14-g0df50d7
n-puzzle;unit;4/3;3;5 1 8 6 0 7 2 4 3;0 1 2 3 4 5 6 7 8;16;24;24;1453;0;0;29;0.008059;180295;K*;                        ? Unchecked;ijcai-2026-base-14-g0df50d7
n-puzzle;unit;5/3;3;8 0 3 6 4 5 7 2 1;0 1 2 3 4 5 6 7 8;15;25;25;1074;0;0;29;0.005802;185109;K*;                        ? Unchecked;ijcai-2026-base-14-g0df50d7
n-puzzle;unit;6/3;3;4 2 7 1 5 8 0 6 3;0 1 2 3 4 5 6 7 8;14;20;20;134;0;0;29;0.001248;107372;K*;                        ? Unchecked;ijcai-2026-base-14-g0df50d7
n-puzzle;unit;7/3;3;4 1 7 3 2 5 6 0 8;0 1 2 3 4 5 6 7 8;7;21;21;634;0;0;29;0.003202;198001;K*;                        ? Unchecked;ijcai-2026-base-14-g0df50d7
n-puzzle;unit;8/3;3;8 4 0 5 1 6 2 7 3;0 1 2 3 4 5 6 7 8;18;28;28;2088;0;0;29;0.009547;218707;K*;                        ? Unchecked;ijcai-2026-base-14-g0df50d7
n-puzzle;unit;9/3;3;1 3 0 7 6 2 5 8 4;0 1 2 3 4 5 6 7 8;14;22;22;668;0;0;29;0.003954;168943;K*;                        ? Unchecked;ijcai-2026-base-14-g0df50d7
n-puzzle;unit;10/3;3;7 0 4 6 8 5 3 1 2;0 1 2 3 4 5 6 7 8;13;29;29;8045;0;0;30;0.041635;193227;K*;                        ? Unchecked;ijcai-2026-base-14-g0df50d7
n-puzzle;unit;11/3;3;6 1 7 5 8 2 4 3 0;0 1 2 3 4 5 6 7 8;14;26;26;1848;0;0;30;0.007298;253220;K*;                        ? Unchecked;ijcai-2026-base-14-g0df50d7
n-puzzle;unit;12/3;3;7 5 2 1 6 3 8 0 4;0 1 2 3 4 5 6 7 8;15;27;27;3728;0;0;30;0.0153;243660;K*;                        ? Unchecked;ijcai-2026-base-14-g0df50d7
n-puzzle;unit;13/3;3;6 2 4 0 8 7 5 3 1;0 1 2 3 4 5 6 7 8;17;27;27;3206;0;0;30;0.020409;157088;K*;                        ? Unchecked;ijcai-2026-base-14-g0df50d7
n-puzzle;unit;14/3;3;0 1 6 2 5 7 4 8 3;0 1 2 3 4 5 6 7 8;16;28;28;3608;0;0;30;0.016565;217809;K*;                        ? Unchecked;ijcai-2026-base-14-g0df50d7
n-puzzle;unit;15/3;3;4 0 3 6 1 2 8 5 7;0 1 2 3 4 5 6 7 8;13;17;17;50;0;0;30;0.00023;217391;K*;                        ? Unchecked;ijcai-2026-base-14-g0df50d7
n-puzzle;unit;16/3;3;1 5 8 7 6 4 0 3 2;0 1 2 3 4 5 6 7 8;14;20;20;353;0;0;30;0.001346;262259;K*;                        ? Unchecked;ijcai-2026-base-14-g0df50d7
n-puzzle;unit;17/3;3;2 7 0 8 4 6 3 5 1;0 1 2 3 4 5 6 7 8;16;26;26;973;0;0;30;0.004642;209608;K*;                        ? Unchecked;ijcai-2026-base-14-g0df50d7
n-puzzle;unit;18/3;3;7 4 8 1 5 6 0 2 3;0 1 2 3 4 5 6 7 8;18;26;26;678;0;0;30;0.003236;209518;K*;                        ? Unchecked;ijcai-2026-base-14-g0df50d7
n-puzzle;unit;19/3;3;2 3 0 1 4 7 5 6 8;0 1 2 3 4 5 6 7 8;12;24;24;2172;0;0;30;0.011441;189844;K*;                        ? Unchecked;ijcai-2026-base-14-g0df50d7
n-puzzle;unit;20/3;3;2 1 4 5 0 6 8 3 7;0 1 2 3 4 5 6 7 8;14;28;28;5892;0;0;30;0.030216;194996;K*;                        ? Unchecked;ijcai-2026-base-14-g0df50d7
n-puzzle;unit;21/3;3;8 7 6 2 5 4 1 0 3;0 1 2 3 4 5 6 7 8;21;27;27;551;0;0;30;0.002886;190922;K*;                        ? Unchecked;ijcai-2026-base-14-g0df50d7
n-puzzle;unit;22/3;3;2 7 3 1 6 5 4 0 8;0 1 2 3 4 5 6 7 8;13;21;21;323;0;0;30;0.001802;179245;K*;                        ? Unchecked;ijcai-2026-base-14-g0df50d7
n-puzzle;unit;23/3;3;3 0 4 6 2 1 8 5 7;0 1 2 3 4 5 6 7 8;13;19;19;221;0;0;30;0.001259;175536;K*;                        ? Unchecked;ijcai-2026-base-14-g0df50d7
n-puzzle;unit;24/3;3;5 3 2 4 8 6 0 1 7;0 1 2 3 4 5 6 7 8;14;24;24;2130;0;0;30;0.009997;213064;K*;                        ? Unchecked;ijcai-2026-base-14-g0df50d7
n-puzzle;unit;25/3;3;1 3 5 2 4 6 8 7 0;0 1 2 3 4 5 6 7 8;12;28;28;8025;0;0;30;0.034472;232798;K*;                        ? Unchecked;ijcai-2026-base-14-g0df50d7
n-puzzle;unit;26/3;3;8 5 1 4 2 7 6 0 3;0 1 2 3 4 5 6 7 8;15;23;23;1192;0;0;30;0.004696;253833;K*;                        ? Unchecked;ijcai-2026-base-14-g0df50d7
n-puzzle;unit;27/3;3;2 8 5 6 3 1 4 0 7;0 1 2 3 4 5 6 7 8;13;23;23;901;0;0;30;0.004257;211651;K*;                        ? Unchecked;ijcai-2026-base-14-g0df50d7
n-puzzle;unit;28/3;3;5 0 7 4 2 3 1 6 8;0 1 2 3 4 5 6 7 8;15;21;21;210;0;0;30;0.001489;141034;K*;                        ? Unchecked;ijcai-2026-base-14-g0df50d7
n-puzzle;unit;29/3;3;3 2 4 7 6 8 5 1 0;0 1 2 3 4 5 6 7 8;14;20;20;198;0;0;30;0.001106;179024;K*;                        ? Unchecked;ijcai-2026-base-14-g0df50d7
n-puzzle;unit;30/3;3;1 3 2 0 8 6 4 7 5;0 1 2 3 4 5 6 7 8;11;21;21;797;0;0;30;0.003543;224951;K*;                        ? Unchecked;ijcai-2026-base-14-g0df50d7
n-puzzle;unit;31/3;3;8 2 5 3 7 6 4 0 1;0 1 2 3 4 5 6 7 8;15;25;25;1247;0;0;30;0.005179;240780;K*;                        ? Unchecked;ijcai-2026-base-14-g0df50d7
n-puzzle;unit;32/3;3;2 4 0 7 5 1 8 6 3;0 1 2 3 4 5 6 7 8;14;24;24;668;0;0;30;0.00402;166169;K*;                        ? Unchecked;ijcai-2026-base-14-g0df50d7
n-puzzle;unit;33/3;3;0 1 5 2 6 8 7 3 4;0 1 2 3 4 5 6 7 8;12;20;20;560;0;0;30;0.002771;202093;K*;                        ? Unchecked;ijcai-2026-base-14-g0df50d7
n-puzzle;unit;34/3;3;7 1 5 2 8 6 3 4 0;0 1 2 3 4 5 6 7 8;14;18;18;157;0;0;30;0.000967;162358;K*;                        ? Unchecked;ijcai-2026-base-14-g0df50d7
n-puzzle;unit;35/3;3;6 3 1 2 8 7 0 4 5;0 1 2 3 4 5 6 7 8;14;24;24;1067;0;0;30;0.00566;188516;K*;                        ? Unchecked;ijcai-2026-base-14-g0df50d7
n-puzzle;unit;36/3;3;0 3 5 4 8 6 7 2 1;0 1 2 3 4 5 6 7 8;16;24;24;685;0;0;30;0.003337;205274;K*;                        ? Unchecked;ijcai-2026-base-14-g0df50d7
n-puzzle;unit;37/3;3;8 1 4 0 3 2 5 6 7;0 1 2 3 4 5 6 7 8;13;21;21;573;0;0;30;0.002954;193974;K*;                        ? Unchecked;ijcai-2026-base-14-g0df50d7
n-puzzle;unit;38/3;3;7 4 1 6 2 8 3 5 0;0 1 2 3 4 5 6 7 8;12;24;24;1567;0;0;30;0.007412;211414;K*;                        ? Unchecked;ijcai-2026-base-14-g0df50d7
n-puzzle;unit;39/3;3;4 6 8 0 5 1 3 2 7;0 1 2 3 4 5 6 7 8;15;25;25;1295;0;0;30;0.006576;196928;K*;                        ? Unchecked;ijcai-2026-base-14-g0df50d7
n-puzzle;unit;40/3;3;4 2 8 6 0 1 3 5 7;0 1 2 3 4 5 6 7 8;12;22;22;782;0;0;30;0.004236;184608;K*;                        ? Unchecked;ijcai-2026-base-14-g0df50d7
n-puzzle;unit;41/3;3;3 7 8 4 5 2 6 1 0;0 1 2 3 4 5 6 7 8;10;22;22;460;0;0;30;0.002229;206371;K*;                        ? Unchecked;ijcai-2026-base-14-g0df50d7
n-puzzle;unit;42/3;3;7 5 6 1 0 3 2 8 4;0 1 2 3 4 5 6 7 8;20;24;24;476;0;0;30;0.00203;234483;K*;                        ? Unchecked;ijcai-2026-base-14-g0df50d7
n-puzzle;unit;43/3;3;1 6 4 8 5 3 7 2 0;0 1 2 3 4 5 6 7 8;16;24;24;640;0;0;30;0.003558;179876;K*;                        ? Unchecked;ijcai-2026-base-14-g0df50d7
n-puzzle;unit;44/3;3;2 5 7 1 8 4 3 6 0;0 1 2 3 4 5 6 7 8;14;18;18;69;0;0;30;0.000704;98011.4;K*;                        ? Unchecked;ijcai-2026-base-14-g0df50d7
n-puzzle;unit;45/3;3;3 8 4 0 7 1 5 6 2;0 1 2 3 4 5 6 7 8;15;21;21;235;0;0;30;0.001105;212670;K*;                        ? Unchecked;ijcai-2026-base-14-g0df50d7
n-puzzle;unit;46/3;3;3 0 5 4 2 1 7 8 6;0 1 2 3 4 5 6 7 8;11;21;21;471;0;0;30;0.002057;228974;K*;                        ? Unchecked;ijcai-2026-base-14-g0df50d7
n-puzzle;unit;47/3;3;4 5 3 1 7 0 8 2 6;0 1 2 3 4 5 6 7 8;17;23;23;536;0;0;30;0.002367;226447;K*;                        ? Unchecked;ijcai-2026-base-14-g0df50d7
n-puzzle;unit;48/3;3;1 8 4 2 3 5 6 0 7;0 1 2 3 4 5 6 7 8;11;21;21;492;0;0;30;0.002377;206984;K*;                        ? Unchecked;ijcai-2026-base-14-g0df50d7
n-puzzle;unit;49/3;3;4 8 1 0 6 7 3 2 5;0 1 2 3 4 5 6 7 8;15;25;25;3265;0;0;30;0.015288;213566;K*;                        ? Unchecked;ijcai-2026-base-14-g0df50d7
n-puzzle;unit;50/3;3;8 5 3 4 6 1 7 2 0;0 1 2 3 4 5 6 7 8;18;26;26;1186;0;0;30;0.009162;129448;K*;                        ? Unchecked;ijcai-2026-base-14-g0df50d7
n-puzzle;unit;51/3;3;4 3 7 1 5 2 6 0 8;0 1 2 3 4 5 6 7 8;11;19;19;311;0;0;30;0.002153;144450;K*;                        ? Unchecked;ijcai-2026-base-14-g0df50d7
n-puzzle;unit;52/3;3;7 4 1 2 3 0 5 8 6;0 1 2 3 4 5 6 7 8;15;29;29;6791;0;0;30;0.039573;171607;K*;                        ? Unchecked;ijcai-2026-base-14-g0df50d7
n-puzzle;unit;53/3;3;7 5 6 8 2 1 0 4 3;0 1 2 3 4 5 6 7 8;20;28;28;2079;0;0;30;0.009806;212013;K*;                        ? Unchecked;ijcai-2026-base-14-g0df50d7
n-puzzle;unit;54/3;3;2 8 5 0 7 6 1 4 3;0 1 2 3 4 5 6 7 8;17;23;23;322;0;0;30;0.002572;125194;K*;                        ? Unchecked;ijcai-2026-base-14-g0df50d7
n-puzzle;unit;55/3;3;3 5 2 4 1 6 8 0 7;0 1 2 3 4 5 6 7 8;11;25;25;2287;0;0;30;0.009544;239627;K*;                        ? Unchecked;ijcai-2026-base-14-g0df50d7
n-puzzle;unit;56/3;3;8 6 1 5 4 3 0 2 7;0 1 2 3 4 5 6 7 8;16;28;28;2529;0;0;30;0.014242;177573;K*;                        ? Unchecked;ijcai-2026-base-14-g0df50d7
n-puzzle;unit;57/3;3;4 6 5 7 3 2 1 0 8;0 1 2 3 4 5 6 7 8;13;23;23;934;0;0;30;0.006125;152490;K*;                        ? Unchecked;ijcai-2026-base-14-g0df50d7
n-puzzle;unit;58/3;3;3 7 4 2 8 6 5 0 1;0 1 2 3 4 5 6 7 8;19;27;27;2160;0;0;30;0.009529;226676;K*;                        ? Unchecked;ijcai-2026-base-14-g0df50d7
n-puzzle;unit;59/3;3;8 7 4 5 6 2 3 0 1;0 1 2 3 4 5 6 7 8;17;29;29;5681;0;0;30;0.03503;162175;K*;                        ? Unchecked;ijcai-2026-base-14-g0df50d7
n-puzzle;unit;60/3;3;6 1 5 3 4 0 8 2 7;0 1 2 3 4 5 6 7 8;9;23;23;1027;0;0;30;0.00443;231828;K*;                        ? Unchecked;ijcai-2026-base-14-g0df50d7
n-puzzle;unit;61/3;3;4 5 2 8 0 3 1 6 7;0 1 2 3 4 5 6 7 8;14;22;22;537;0;0;30;0.00334;160778;K*;                        ? Unchecked;ijcai-2026-base-14-g0df50d7
n-puzzle;unit;62/3;3;8 5 4 6 1 2 7 3 0;0 1 2 3 4 5 6 7 8;14;24;24;1145;0;0;30;0.005135;222980;K*;                        ? Unchecked;ijcai-2026-base-14-g0df50d7
n-puzzle;unit;63/3;3;0 5 8 2 6 7 4 3 1;0 1 2 3 4 5 6 7 8;18;22;22;480;0;0;30;0.002768;173410;K*;                        ? Unchecked;ijcai-2026-base-14-g0df50d7
n-puzzle;unit;64/3;3;5 0 1 8 7 3 4 6 2;0 1 2 3 4 5 6 7 8;15;25;25;1099;0;0;30;0.005595;196425;K*;                        ? Unchecked;ijcai-2026-base-14-g0df50d7
n-puzzle;unit;65/3;3;7 6 1 3 4 8 0 5 2;0 1 2 3 4 5 6 7 8;12;24;24;1029;0;0;30;0.00622;165434;K*;                        ? Unchecked;ijcai-2026-base-14-g0df50d7
n-puzzle;unit;66/3;3;8 0 7 3 6 5 1 2 4;0 1 2 3 4 5 6 7 8;17;27;27;1920;0;0;30;0.009418;203865;K*;                        ? Unchecked;ijcai-2026-base-14-g0df50d7
n-puzzle;unit;67/3;3;7 2 8 6 5 1 4 0 3;0 1 2 3 4 5 6 7 8;15;25;25;1332;0;0;30;0.007759;171672;K*;                        ? Unchecked;ijcai-2026-base-14-g0df50d7
n-puzzle;unit;68/3;3;5 0 3 4 1 8 2 7 6;0 1 2 3 4 5 6 7 8;15;25;25;1637;0;0;30;0.007574;216134;K*;                        ? Unchecked;ijcai-2026-base-14-g0df50d7
n-puzzle;unit;69/3;3;7 8 4 6 3 5 2 1 0;0 1 2 3 4 5 6 7 8;16;26;26;1871;0;0;30;0.009083;205989;K*;                        ? Unchecked;ijcai-2026-base-14-g0df50d7
n-puzzle;unit;70/3;3;7 0 3 2 8 1 5 4 6;0 1 2 3 4 5 6 7 8;19;23;23;171;0;0;30;0.002084;82053.7;K*;                        ? Unchecked;ijcai-2026-base-14-g0df50d7
n-puzzle;unit;71/3;3;1 0 7 3 4 8 2 5 6;0 1 2 3 4 5 6 7 8;13;23;23;1062;0;0;30;0.004209;252316;K*;                        ? Unchecked;ijcai-2026-base-14-g0df50d7
n-puzzle;unit;72/3;3;8 0 7 4 3 6 5 2 1;0 1 2 3 4 5 6 7 8;21;25;25;406;0;0;30;0.002835;143210;K*;                        ? Unchecked;ijcai-2026-base-14-g0df50d7
n-puzzle;unit;73/3;3;3 7 8 5 1 2 0 6 4;0 1 2 3 4 5 6 7 8;12;26;26;2268;0;0;30;0.009005;251860;K*;                        ? Unchecked;ijcai-2026-base-14-g0df50d7
n-puzzle;unit;74/3;3;1 6 2 0 7 8 4 5 3;0 1 2 3 4 5 6 7 8;13;19;19;138;0;0;30;0.002157;63977.7;K*;                        ? Unchecked;ijcai-2026-base-14-g0df50d7
n-puzzle;unit;75/3;3;6 1 2 3 0 8 4 5 7;0 1 2 3 4 5 6 7 8;8;20;20;504;0;0;30;0.002491;202328;K*;                        ? Unchecked;ijcai-2026-base-14-g0df50d7
n-puzzle;unit;76/3;3;1 0 7 5 6 4 3 2 8;0 1 2 3 4 5 6 7 8;13;23;23;571;0;0;30;0.002723;209695;K*;                        ? Unchecked;ijcai-2026-base-14-g0df50d7
n-puzzle;unit;77/3;3;2 7 6 1 4 0 5 3 8;0 1 2 3 4 5 6 7 8;15;25;25;929;0;0;30;0.005328;174362;K*;                        ? Unchecked;ijcai-2026-base-14-g0df50d7
n-puzzle;unit;78/3;3;2 3 8 4 0 6 1 5 7;0 1 2 3 4 5 6 7 8;16;22;22;571;0;0;30;0.003301;172978;K*;                        ? Unchecked;ijcai-2026-base-14-g0df50d7
n-puzzle;unit;79/3;3;0 5 4 6 1 7 8 2 3;0 1 2 3 4 5 6 7 8;16;24;24;1266;0;0;30;0.005967;212167;K*;                        ? Unchecked;ijcai-2026-base-14-g0df50d7
n-puzzle;unit;80/3;3;5 3 4 7 0 1 8 6 2;0 1 2 3 4 5 6 7 8;16;22;22;446;0;0;30;0.003314;134581;K*;                        ? Unchecked;ijcai-2026-base-14-g0df50d7
n-puzzle;unit;81/3;3;1 7 5 6 8 3 4 2 0;0 1 2 3 4 5 6 7 8;14;24;24;1116;0;0;30;0.005587;199749;K*;                        ? Unchecked;ijcai-2026-base-14-g0df50d7
n-puzzle;unit;82/3;3;3 1 4 0 5 8 2 7 6;0 1 2 3 4 5 6 7 8;11;21;21;435;0;0;30;0.002757;157780;K*;                        ? Unchecked;ijcai-2026-base-14-g0df50d7
n-puzzle;unit;83/3;3;4 2 3 0 5 1 8 6 7;0 1 2 3 4 5 6 7 8;13;21;21;254;0;0;30;0.001267;200474;K*;                        ? Unchecked;ijcai-2026-base-14-g0df50d7
n-puzzle;unit;84/3;3;4 7 3 1 6 5 8 0 2;0 1 2 3 4 5 6 7 8;15;25;25;1737;0;0;30;0.006729;258136;K*;                        ? Unchecked;ijcai-2026-base-14-g0df50d7
n-puzzle;unit;85/3;3;3 6 0 1 5 8 4 2 7;0 1 2 3 4 5 6 7 8;14;24;24;748;0;0;30;0.004765;156978;K*;                        ? Unchecked;ijcai-2026-base-14-g0df50d7
n-puzzle;unit;86/3;3;8 6 2 7 5 1 3 0 4;0 1 2 3 4 5 6 7 8;15;27;27;5933;0;0;30;0.026525;223676;K*;                        ? Unchecked;ijcai-2026-base-14-g0df50d7
n-puzzle;unit;87/3;3;3 2 5 7 6 0 8 1 4;0 1 2 3 4 5 6 7 8;13;19;19;166;0;0;30;0.001016;163386;K*;                        ? Unchecked;ijcai-2026-base-14-g0df50d7
n-puzzle;unit;88/3;3;1 3 2 4 0 5 8 7 6;0 1 2 3 4 5 6 7 8;8;22;22;1867;0;0;30;0.008136;229474;K*;                        ? Unchecked;ijcai-2026-base-14-g0df50d7
n-puzzle;unit;89/3;3;0 8 4 3 2 1 6 5 7;0 1 2 3 4 5 6 7 8;12;20;20;219;0;0;30;0.002161;101342;K*;                        ? Unchecked;ijcai-2026-base-14-g0df50d7
n-puzzle;unit;90/3;3;0 6 1 5 7 8 4 2 3;0 1 2 3 4 5 6 7 8;16;24;24;609;0;0;30;0.002758;220812;K*;                        ? Unchecked;ijcai-2026-base-14-g0df50d7
n-puzzle;unit;91/3;3;2 1 6 4 5 8 3 0 7;0 1 2 3 4 5 6 7 8;11;23;23;1649;0;0;30;0.006448;255738;K*;                        ? Unchecked;ijcai-2026-base-14-g0df50d7
n-puzzle;unit;92/3;3;3 7 4 6 1 5 8 0 2;0 1 2 3 4 5 6 7 8;11;21;21;702;0;0;30;0.004334;161975;K*;                        ? Unchecked;ijcai-2026-base-14-g0df50d7
n-puzzle;unit;93/3;3;7 6 1 3 5 8 2 4 0;0 1 2 3 4 5 6 7 8;14;24;24;854;0;0;30;0.004213;202706;K*;                        ? Unchecked;ijcai-2026-base-14-g0df50d7
n-puzzle;unit;94/3;3;4 7 8 1 0 3 6 2 5;0 1 2 3 4 5 6 7 8;14;22;22;485;0;0;30;0.002425;200000;K*;                        ? Unchecked;ijcai-2026-base-14-g0df50d7
n-puzzle;unit;95/3;3;0 5 8 2 7 4 1 6 3;0 1 2 3 4 5 6 7 8;16;22;22;186;0;0;30;0.001207;154101;K*;                        ? Unchecked;ijcai-2026-base-14-g0df50d7
n-puzzle;unit;96/3;3;5 2 3 8 7 0 1 6 4;0 1 2 3 4 5 6 7 8;17;25;25;926;0;0;30;0.003771;245558;K*;                        ? Unchecked;ijcai-2026-base-14-g0df50d7
n-puzzle;unit;97/3;3;8 3 0 4 7 2 6 1 5;0 1 2 3 4 5 6 7 8;12;20;20;145;0;0;30;0.00123;117886;K*;                        ? Unchecked;ijcai-2026-base-14-g0df50d7
n-puzzle;unit;98/3;3;5 8 6 0 7 4 1 3 2;0 1 2 3 4 5 6 7 8;19;27;27;1450;0;0;30;0.008802;164735;K*;                        ? Unchecked;ijcai-2026-base-14-g0df50d7
n-puzzle;unit;99/3;3;7 5 0 6 3 2 1 8 4;0 1 2 3 4 5 6 7 8;14;26;26;4638;0;0;30;0.02097;221173;K*;                        ? Unchecked;ijcai-2026-base-14-g0df50d7
n-puzzle;unit;0/4;4;5 6 0 8 4 7 1 3 2;0 1 2 3 4 5 6 7 8;18;26;26;487;0;0;30;0.003879;125548;K*;                        ? Unchecked;ijcai-2026-base-14-g0df50d7
n-puzzle;unit;1/4;4;0 8 6 4 7 1 5 3 2;0 1 2 3 4 5 6 7 8;18;26;26;815;0;0;30;0.004754;171435;K*;                        ? Unchecked;ijcai-2026-base-14-g0df50d7
n-puzzle;unit;2/4;4;5 2 8 0 7 4 1 3 6;0 1 2 3 4 5 6 7 8;15;23;23;568;0;0;30;0.003445;164877;K*;                        ? Unchecked;ijcai-2026-base-14-g0df50d7
n-puzzle;unit;3/4;4;7 2 6 0 8 1 5 4 3;0 1 2 3 4 5 6 7 8;19;27;27;1563;0;0;30;0.006596;236962;K*;                        ? Unchecked;ijcai-2026-base-14-g0df50d7
n-puzzle;unit;4/4;4;5 1 8 6 0 7 2 4 3;0 1 2 3 4 5 6 7 8;16;24;24;1593;0;0;30;0.009632;165386;K*;                        ? Unchecked;ijcai-2026-base-14-g0df50d7
n-puzzle;unit;5/4;4;8 0 3 6 4 5 7 2 1;0 1 2 3 4 5 6 7 8;15;25;25;1074;0;0;30;0.006025;178257;K*;                        ? Unchecked;ijcai-2026-base-14-g0df50d7
n-puzzle;unit;6/4;4;4 2 7 1 5 8 0 6 3;0 1 2 3 4 5 6 7 8;14;20;20;134;0;0;30;0.001287;104118;K*;                        ? Unchecked;ijcai-2026-base-14-g0df50d7
n-puzzle;unit;7/4;4;4 1 7 3 2 5 6 0 8;0 1 2 3 4 5 6 7 8;7;21;21;634;0;0;30;0.003311;191483;K*;                        ? Unchecked;ijcai-2026-base-14-g0df50d7
n-puzzle;unit;8/4;4;8 4 0 5 1 6 2 7 3;0 1 2 3 4 5 6 7 8;18;28;28;2088;0;0;30;0.009726;214682;K*;                        ? Unchecked;ijcai-2026-base-14-g0df50d7
n-puzzle;unit;9/4;4;1 3 0 7 6 2 5 8 4;0 1 2 3 4 5 6 7 8;14;22;22;1188;0;0;30;0.0083;143133;K*;                        ? Unchecked;ijcai-2026-base-14-g0df50d7
n-puzzle;unit;10/4;4;7 0 4 6 8 5 3 1 2;0 1 2 3 4 5 6 7 8;13;29;29;8045;0;0;31;0.04214;190911;K*;                        ? Unchecked;ijcai-2026-base-14-g0df50d7
n-puzzle;unit;11/4;4;6 1 7 5 8 2 4 3 0;0 1 2 3 4 5 6 7 8;14;26;26;1848;0;0;31;0.007468;247456;K*;                        ? Unchecked;ijcai-2026-base-14-g0df50d7
n-puzzle;unit;12/4;4;7 5 2 1 6 3 8 0 4;0 1 2 3 4 5 6 7 8;15;27;27;3728;0;0;31;0.015481;240811;K*;                        ? Unchecked;ijcai-2026-base-14-g0df50d7
n-puzzle;unit;13/4;4;6 2 4 0 8 7 5 3 1;0 1 2 3 4 5 6 7 8;17;27;27;3206;0;0;31;0.020592;155692;K*;                        ? Unchecked;ijcai-2026-base-14-g0df50d7
n-puzzle;unit;14/4;4;0 1 6 2 5 7 4 8 3;0 1 2 3 4 5 6 7 8;16;28;28;3608;0;0;31;0.01675;215403;K*;                        ? Unchecked;ijcai-2026-base-14-g0df50d7
n-puzzle;unit;15/4;4;4 0 3 6 1 2 8 5 7;0 1 2 3 4 5 6 7 8;13;17;17;50;0;0;31;0.000239;209205;K*;                        ? Unchecked;ijcai-2026-base-14-g0df50d7
n-puzzle;unit;16/4;4;1 5 8 7 6 4 0 3 2;0 1 2 3 4 5 6 7 8;14;22;22;509;0;0;31;0.002453;207501;K*;                        ? Unchecked;ijcai-2026-base-14-g0df50d7
n-puzzle;unit;17/4;4;2 7 0 8 4 6 3 5 1;0 1 2 3 4 5 6 7 8;16;26;26;973;0;0;31;0.004864;200041;K*;                        ? Unchecked;ijcai-2026-base-14-g0df50d7
n-puzzle;unit;18/4;4;7 4 8 1 5 6 0 2 3;0 1 2 3 4 5 6 7 8;18;26;26;678;0;0;31;0.00332;204217;K*;                        ? Unchecked;ijcai-2026-base-14-g0df50d7
n-puzzle;unit;19/4;4;2 3 0 1 4 7 5 6 8;0 1 2 3 4 5 6 7 8;12;26;26;2437;0;0;31;0.014544;167561;K*;                        ? Unchecked;ijcai-2026-base-14-g0df50d7
n-puzzle;unit;20/4;4;2 1 4 5 0 6 8 3 7;0 1 2 3 4 5 6 7 8;14;28;28;5892;0;0;31;0.030403;193797;K*;                        ? Unchecked;ijcai-2026-base-14-g0df50d7
n-puzzle;unit;21/4;4;8 7 6 2 5 4 1 0 3;0 1 2 3 4 5 6 7 8;21;27;27;811;0;0;31;0.005469;148290;K*;                        ? Unchecked;ijcai-2026-base-14-g0df50d7
n-puzzle;unit;22/4;4;2 7 3 1 6 5 4 0 8;0 1 2 3 4 5 6 7 8;13;21;21;323;0;0;31;0.002065;156416;K*;                        ? Unchecked;ijcai-2026-base-14-g0df50d7
n-puzzle;unit;23/4;4;3 0 4 6 2 1 8 5 7;0 1 2 3 4 5 6 7 8;13;19;19;221;0;0;31;0.00128;172656;K*;                        ? Unchecked;ijcai-2026-base-14-g0df50d7
n-puzzle;unit;24/4;4;5 3 2 4 8 6 0 1 7;0 1 2 3 4 5 6 7 8;14;24;24;2130;0;0;31;0.01038;205202;K*;                        ? Unchecked;ijcai-2026-base-14-g0df50d7
n-puzzle;unit;25/4;4;1 3 5 2 4 6 8 7 0;0 1 2 3 4 5 6 7 8;12;28;28;8085;0;0;31;0.037149;217637;K*;                        ? Unchecked;ijcai-2026-base-14-g0df50d7
n-puzzle;unit;26/4;4;8 5 1 4 2 7 6 0 3;0 1 2 3 4 5 6 7 8;15;25;25;1291;0;0;31;0.005572;231694;K*;                        ? Unchecked;ijcai-2026-base-14-g0df50d7
n-puzzle;unit;27/4;4;2 8 5 6 3 1 4 0 7;0 1 2 3 4 5 6 7 8;13;23;23;901;0;0;31;0.004439;202974;K*;                        ? Unchecked;ijcai-2026-base-14-g0df50d7
n-puzzle;unit;28/4;4;5 0 7 4 2 3 1 6 8;0 1 2 3 4 5 6 7 8;15;21;21;210;0;0;31;0.001551;135397;K*;                        ? Unchecked;ijcai-2026-base-14-g0df50d7
n-puzzle;unit;29/4;4;3 2 4 7 6 8 5 1 0;0 1 2 3 4 5 6 7 8;14;20;20;198;0;0;31;0.001107;178862;K*;                        ? Unchecked;ijcai-2026-base-14-g0df50d7
n-puzzle;unit;30/4;4;1 3 2 0 8 6 4 7 5;0 1 2 3 4 5 6 7 8;11;21;21;797;0;0;31;0.003617;220348;K*;                        ? Unchecked;ijcai-2026-base-14-g0df50d7
n-puzzle;unit;31/4;4;8 2 5 3 7 6 4 0 1;0 1 2 3 4 5 6 7 8;15;25;25;1247;0;0;31;0.005272;236533;K*;                        ? Unchecked;ijcai-2026-base-14-g0df50d7
n-puzzle;unit;32/4;4;2 4 0 7 5 1 8 6 3;0 1 2 3 4 5 6 7 8;14;24;24;668;0;0;31;0.004133;161626;K*;                        ? Unchecked;ijcai-2026-base-14-g0df50d7
n-puzzle;unit;33/4;4;0 1 5 2 6 8 7 3 4;0 1 2 3 4 5 6 7 8;12;22;22;624;0;0;31;0.003374;184944;K*;                        ? Unchecked;ijcai-2026-base-14-g0df50d7
n-puzzle;unit;34/4;4;7 1 5 2 8 6 3 4 0;0 1 2 3 4 5 6 7 8;14;18;18;177;0;0;31;0.001217;145440;K*;                        ? Unchecked;ijcai-2026-base-14-g0df50d7
n-puzzle;unit;35/4;4;6 3 1 2 8 7 0 4 5;0 1 2 3 4 5 6 7 8;14;24;24;1067;0;0;31;0.005789;184315;K*;                        ? Unchecked;ijcai-2026-base-14-g0df50d7
n-puzzle;unit;36/4;4;0 3 5 4 8 6 7 2 1;0 1 2 3 4 5 6 7 8;16;24;24;685;0;0;31;0.003472;197293;K*;                        ? Unchecked;ijcai-2026-base-14-g0df50d7
n-puzzle;unit;37/4;4;8 1 4 0 3 2 5 6 7;0 1 2 3 4 5 6 7 8;13;21;21;573;0;0;31;0.003095;185137;K*;                        ? Unchecked;ijcai-2026-base-14-g0df50d7
n-puzzle;unit;38/4;4;7 4 1 6 2 8 3 5 0;0 1 2 3 4 5 6 7 8;12;24;24;1567;0;0;31;0.007513;208572;K*;                        ? Unchecked;ijcai-2026-base-14-g0df50d7
n-puzzle;unit;39/4;4;4 6 8 0 5 1 3 2 7;0 1 2 3 4 5 6 7 8;15;25;25;1295;0;0;31;0.006699;193312;K*;                        ? Unchecked;ijcai-2026-base-14-g0df50d7
n-puzzle;unit;40/4;4;4 2 8 6 0 1 3 5 7;0 1 2 3 4 5 6 7 8;12;22;22;782;0;0;31;0.00433;180600;K*;                        ? Unchecked;ijcai-2026-base-14-g0df50d7
n-puzzle;unit;41/4;4;3 7 8 4 5 2 6 1 0;0 1 2 3 4 5 6 7 8;10;22;22;460;0;0;31;0.002356;195246;K*;                        ? Unchecked;ijcai-2026-base-14-g0df50d7
n-puzzle;unit;42/4;4;7 5 6 1 0 3 2 8 4;0 1 2 3 4 5 6 7 8;20;24;24;476;0;0;31;0.002116;224953;K*;                        ? Unchecked;ijcai-2026-base-14-g0df50d7
n-puzzle;unit;43/4;4;1 6 4 8 5 3 7 2 0;0 1 2 3 4 5 6 7 8;16;24;24;640;0;0;31;0.003651;175294;K*;                        ? Unchecked;ijcai-2026-base-14-g0df50d7
n-puzzle;unit;44/4;4;2 5 7 1 8 4 3 6 0;0 1 2 3 4 5 6 7 8;14;18;18;69;0;0;31;0.000774;89147.3;K*;                        ? Unchecked;ijcai-2026-base-14-g0df50d7
n-puzzle;unit;45/4;4;3 8 4 0 7 1 5 6 2;0 1 2 3 4 5 6 7 8;15;21;21;235;0;0;31;0.001085;216590;K*;                        ? Unchecked;ijcai-2026-base-14-g0df50d7
n-puzzle;unit;46/4;4;3 0 5 4 2 1 7 8 6;0 1 2 3 4 5 6 7 8;11;21;21;471;0;0;31;0.002106;223647;K*;                        ? Unchecked;ijcai-2026-base-14-g0df50d7
n-puzzle;unit;47/4;4;4 5 3 1 7 0 8 2 6;0 1 2 3 4 5 6 7 8;17;23;23;536;0;0;31;0.002419;221579;K*;                        ? Unchecked;ijcai-2026-base-14-g0df50d7
n-puzzle;unit;48/4;4;1 8 4 2 3 5 6 0 7;0 1 2 3 4 5 6 7 8;11;21;21;492;0;0;31;0.002405;204574;K*;                        ? Unchecked;ijcai-2026-base-14-g0df50d7
n-puzzle;unit;49/4;4;4 8 1 0 6 7 3 2 5;0 1 2 3 4 5 6 7 8;15;27;27;4238;0;0;31;0.02505;169182;K*;                        ? Unchecked;ijcai-2026-base-14-g0df50d7
n-puzzle;unit;50/4;4;8 5 3 4 6 1 7 2 0;0 1 2 3 4 5 6 7 8;18;26;26;1186;0;0;31;0.008091;146583;K*;                        ? Unchecked;ijcai-2026-base-14-g0df50d7
n-puzzle;unit;51/4;4;4 3 7 1 5 2 6 0 8;0 1 2 3 4 5 6 7 8;11;19;19;311;0;0;31;0.002228;139587;K*;                        ? Unchecked;ijcai-2026-base-14-g0df50d7
n-puzzle;unit;52/4;4;7 4 1 2 3 0 5 8 6;0 1 2 3 4 5 6 7 8;15;29;29;6791;0;0;31;0.03956;171663;K*;                        ? Unchecked;ijcai-2026-base-14-g0df50d7
n-puzzle;unit;53/4;4;7 5 6 8 2 1 0 4 3;0 1 2 3 4 5 6 7 8;20;28;28;2079;0;0;31;0.009809;211948;K*;                        ? Unchecked;ijcai-2026-base-14-g0df50d7
n-puzzle;unit;54/4;4;2 8 5 0 7 6 1 4 3;0 1 2 3 4 5 6 7 8;17;23;23;322;0;0;31;0.002656;121235;K*;                        ? Unchecked;ijcai-2026-base-14-g0df50d7
n-puzzle;unit;55/4;4;3 5 2 4 1 6 8 0 7;0 1 2 3 4 5 6 7 8;11;25;25;2287;0;0;31;0.009681;236236;K*;                        ? Unchecked;ijcai-2026-base-14-g0df50d7
n-puzzle;unit;56/4;4;8 6 1 5 4 3 0 2 7;0 1 2 3 4 5 6 7 8;16;28;28;2529;0;0;31;0.014353;176200;K*;                        ? Unchecked;ijcai-2026-base-14-g0df50d7
n-puzzle;unit;57/4;4;4 6 5 7 3 2 1 0 8;0 1 2 3 4 5 6 7 8;13;23;23;934;0;0;31;0.006279;148750;K*;                        ? Unchecked;ijcai-2026-base-14-g0df50d7
n-puzzle;unit;58/4;4;3 7 4 2 8 6 5 0 1;0 1 2 3 4 5 6 7 8;19;27;27;2160;0;0;31;0.009635;224183;K*;                        ? Unchecked;ijcai-2026-base-14-g0df50d7
n-puzzle;unit;59/4;4;8 7 4 5 6 2 3 0 1;0 1 2 3 4 5 6 7 8;17;29;29;5681;0;0;31;0.035362;160653;K*;                        ? Unchecked;ijcai-2026-base-14-g0df50d7
n-puzzle;unit;60/4;4;6 1 5 3 4 0 8 2 7;0 1 2 3 4 5 6 7 8;9;23;23;1027;0;0;31;0.004538;226311;K*;                        ? Unchecked;ijcai-2026-base-14-g0df50d7
n-puzzle;unit;61/4;4;4 5 2 8 0 3 1 6 7;0 1 2 3 4 5 6 7 8;14;22;22;537;0;0;31;0.003406;157663;K*;                        ? Unchecked;ijcai-2026-base-14-g0df50d7
n-puzzle;unit;62/4;4;8 5 4 6 1 2 7 3 0;0 1 2 3 4 5 6 7 8;14;24;24;1145;0;0;31;0.00519;220617;K*;                        ? Unchecked;ijcai-2026-base-14-g0df50d7
n-puzzle;unit;63/4;4;0 5 8 2 6 7 4 3 1;0 1 2 3 4 5 6 7 8;18;22;22;500;0;0;31;0.003062;163292;K*;                        ? Unchecked;ijcai-2026-base-14-g0df50d7
n-puzzle;unit;64/4;4;5 0 1 8 7 3 4 6 2;0 1 2 3 4 5 6 7 8;15;25;25;1099;0;0;31;0.0057;192807;K*;                        ? Unchecked;ijcai-2026-base-14-g0df50d7
n-puzzle;unit;65/4;4;7 6 1 3 4 8 0 5 2;0 1 2 3 4 5 6 7 8;12;24;24;1029;0;0;31;0.006346;162149;K*;                        ? Unchecked;ijcai-2026-base-14-g0df50d7
n-puzzle;unit;66/4;4;8 0 7 3 6 5 1 2 4;0 1 2 3 4 5 6 7 8;17;27;27;1920;0;0;31;0.009537;201321;K*;                        ? Unchecked;ijcai-2026-base-14-g0df50d7
n-puzzle;unit;67/4;4;7 2 8 6 5 1 4 0 3;0 1 2 3 4 5 6 7 8;15;25;25;1332;0;0;31;0.007875;169143;K*;                        ? Unchecked;ijcai-2026-base-14-g0df50d7
n-puzzle;unit;68/4;4;5 0 3 4 1 8 2 7 6;0 1 2 3 4 5 6 7 8;15;25;25;1657;0;0;31;0.007884;210173;K*;                        ? Unchecked;ijcai-2026-base-14-g0df50d7
n-puzzle;unit;69/4;4;7 8 4 6 3 5 2 1 0;0 1 2 3 4 5 6 7 8;16;28;28;3081;0;0;31;0.023321;132113;K*;                        ? Unchecked;ijcai-2026-base-14-g0df50d7
n-puzzle;unit;70/4;4;7 0 3 2 8 1 5 4 6;0 1 2 3 4 5 6 7 8;19;23;23;171;0;0;31;0.003113;54930.9;K*;                        ? Unchecked;ijcai-2026-base-14-g0df50d7
n-puzzle;unit;71/4;4;1 0 7 3 4 8 2 5 6;0 1 2 3 4 5 6 7 8;13;23;23;1162;0;0;31;0.005169;224802;K*;                        ? Unchecked;ijcai-2026-base-14-g0df50d7
n-puzzle;unit;72/4;4;8 0 7 4 3 6 5 2 1;0 1 2 3 4 5 6 7 8;21;27;27;690;0;0;31;0.005867;117607;K*;                        ? Unchecked;ijcai-2026-base-14-g0df50d7
n-puzzle;unit;73/4;4;3 7 8 5 1 2 0 6 4;0 1 2 3 4 5 6 7 8;12;26;26;2268;0;0;31;0.009315;243478;K*;                        ? Unchecked;ijcai-2026-base-14-g0df50d7
n-puzzle;unit;74/4;4;1 6 2 0 7 8 4 5 3;0 1 2 3 4 5 6 7 8;13;19;19;138;0;0;31;0.002211;62415.2;K*;                        ? Unchecked;ijcai-2026-base-14-g0df50d7
n-puzzle;unit;75/4;4;6 1 2 3 0 8 4 5 7;0 1 2 3 4 5 6 7 8;8;20;20;504;0;0;31;0.002522;199841;K*;                        ? Unchecked;ijcai-2026-base-14-g0df50d7
n-puzzle;unit;76/4;4;1 0 7 5 6 4 3 2 8;0 1 2 3 4 5 6 7 8;13;23;23;571;0;0;31;0.002789;204733;K*;                        ? Unchecked;ijcai-2026-base-14-g0df50d7
n-puzzle;unit;77/4;4;2 7 6 1 4 0 5 3 8;0 1 2 3 4 5 6 7 8;15;25;25;929;0;0;31;0.00541;171719;K*;                        ? Unchecked;ijcai-2026-base-14-g0df50d7
n-puzzle;unit;78/4;4;2 3 8 4 0 6 1 5 7;0 1 2 3 4 5 6 7 8;16;24;24;813;0;0;31;0.005394;150723;K*;                        ? Unchecked;ijcai-2026-base-14-g0df50d7
n-puzzle;unit;79/4;4;0 5 4 6 1 7 8 2 3;0 1 2 3 4 5 6 7 8;16;24;24;1266;0;0;31;0.006341;199653;K*;                        ? Unchecked;ijcai-2026-base-14-g0df50d7
n-puzzle;unit;80/4;4;5 3 4 7 0 1 8 6 2;0 1 2 3 4 5 6 7 8;16;22;22;446;0;0;31;0.003364;132580;K*;                        ? Unchecked;ijcai-2026-base-14-g0df50d7
n-puzzle;unit;81/4;4;1 7 5 6 8 3 4 2 0;0 1 2 3 4 5 6 7 8;14;24;24;1116;0;0;31;0.005682;196410;K*;                        ? Unchecked;ijcai-2026-base-14-g0df50d7
n-puzzle;unit;82/4;4;3 1 4 0 5 8 2 7 6;0 1 2 3 4 5 6 7 8;11;21;21;575;0;0;31;0.00394;145939;K*;                        ? Unchecked;ijcai-2026-base-14-g0df50d7
n-puzzle;unit;83/4;4;4 2 3 0 5 1 8 6 7;0 1 2 3 4 5 6 7 8;13;21;21;254;0;0;31;0.001397;181818;K*;                        ? Unchecked;ijcai-2026-base-14-g0df50d7
n-puzzle;unit;84/4;4;4 7 3 1 6 5 8 0 2;0 1 2 3 4 5 6 7 8;15;25;25;1737;0;0;31;0.006756;257105;K*;                        ? Unchecked;ijcai-2026-base-14-g0df50d7
n-puzzle;unit;85/4;4;3 6 0 1 5 8 4 2 7;0 1 2 3 4 5 6 7 8;14;24;24;748;0;0;31;0.004905;152497;K*;                        ? Unchecked;ijcai-2026-base-14-g0df50d7
n-puzzle;unit;86/4;4;8 6 2 7 5 1 3 0 4;0 1 2 3 4 5 6 7 8;15;27;27;6013;0;0;31;0.027545;218297;K*;                        ? Unchecked;ijcai-2026-base-14-g0df50d7
n-puzzle;unit;87/4;4;3 2 5 7 6 0 8 1 4;0 1 2 3 4 5 6 7 8;13;19;19;166;0;0;31;0.00106;156604;K*;                        ? Unchecked;ijcai-2026-base-14-g0df50d7
n-puzzle;unit;88/4;4;1 3 2 4 0 5 8 7 6;0 1 2 3 4 5 6 7 8;8;24;24;2031;0;0;31;0.009938;204367;K*;                        ? Unchecked;ijcai-2026-base-14-g0df50d7
n-puzzle;unit;89/4;4;0 8 4 3 2 1 6 5 7;0 1 2 3 4 5 6 7 8;12;20;20;219;0;0;31;0.002322;94315.2;K*;                        ? Unchecked;ijcai-2026-base-14-g0df50d7
n-puzzle;unit;90/4;4;0 6 1 5 7 8 4 2 3;0 1 2 3 4 5 6 7 8;16;24;24;609;0;0;31;0.002844;214135;K*;                        ? Unchecked;ijcai-2026-base-14-g0df50d7
n-puzzle;unit;91/4;4;2 1 6 4 5 8 3 0 7;0 1 2 3 4 5 6 7 8;11;25;25;1852;0;0;31;0.008271;223915;K*;                        ? Unchecked;ijcai-2026-base-14-g0df50d7
n-puzzle;unit;92/4;4;3 7 4 6 1 5 8 0 2;0 1 2 3 4 5 6 7 8;11;23;23;973;0;0;31;0.006851;142023;K*;                        ? Unchecked;ijcai-2026-base-14-g0df50d7
n-puzzle;unit;93/4;4;7 6 1 3 5 8 2 4 0;0 1 2 3 4 5 6 7 8;14;24;24;854;0;0;31;0.004481;190582;K*;                        ? Unchecked;ijcai-2026-base-14-g0df50d7
n-puzzle;unit;94/4;4;4 7 8 1 0 3 6 2 5;0 1 2 3 4 5 6 7 8;14;22;22;505;0;0;31;0.002684;188152;K*;                        ? Unchecked;ijcai-2026-base-14-g0df50d7
n-puzzle;unit;95/4;4;0 5 8 2 7 4 1 6 3;0 1 2 3 4 5 6 7 8;16;22;22;186;0;0;31;0.001242;149758;K*;                        ? Unchecked;ijcai-2026-base-14-g0df50d7
n-puzzle;unit;96/4;4;5 2 3 8 7 0 1 6 4;0 1 2 3 4 5 6 7 8;17;25;25;926;0;0;31;0.003949;234490;K*;                        ? Unchecked;ijcai-2026-base-14-g0df50d7
n-puzzle;unit;97/4;4;8 3 0 4 7 2 6 1 5;0 1 2 3 4 5 6 7 8;12;20;20;145;0;0;31;0.001267;114444;K*;                        ? Unchecked;ijcai-2026-base-14-g0df50d7
n-puzzle;unit;98/4;4;5 8 6 0 7 4 1 3 2;0 1 2 3 4 5 6 7 8;19;27;27;1450;0;0;31;0.008962;161794;K*;                        ? Unchecked;ijcai-2026-base-14-g0df50d7
n-puzzle;unit;99/4;4;7 5 0 6 3 2 1 8 4;0 1 2 3 4 5 6 7 8;14;26;26;4778;0;0;31;0.022699;210494;K*;                        ? Unchecked;ijcai-2026-base-14-g0df50d7
n-puzzle;unit;0/5;5;5 6 0 8 4 7 1 3 2;0 1 2 3 4 5 6 7 8;18;26;26;487;0;0;31;0.004021;121114;K*;                        ? Unchecked;ijcai-2026-base-14-g0df50d7
n-puzzle;unit;1/5;5;0 8 6 4 7 1 5 3 2;0 1 2 3 4 5 6 7 8;18;26;26;815;0;0;31;0.004803;169686;K*;                        ? Unchecked;ijcai-2026-base-14-g0df50d7
n-puzzle;unit;2/5;5;5 2 8 0 7 4 1 3 6;0 1 2 3 4 5 6 7 8;15;23;23;568;0;0;31;0.00348;163218;K*;                        ? Unchecked;ijcai-2026-base-14-g0df50d7
n-puzzle;unit;3/5;5;7 2 6 0 8 1 5 4 3;0 1 2 3 4 5 6 7 8;19;27;27;1563;0;0;31;0.006705;233110;K*;                        ? Unchecked;ijcai-2026-base-14-g0df50d7
n-puzzle;unit;4/5;5;5 1 8 6 0 7 2 4 3;0 1 2 3 4 5 6 7 8;16;24;24;1613;0;0;31;0.010095;159782;K*;                        ? Unchecked;ijcai-2026-base-14-g0df50d7
n-puzzle;unit;5/5;5;8 0 3 6 4 5 7 2 1;0 1 2 3 4 5 6 7 8;15;25;25;1074;0;0;31;0.006166;174181;K*;                        ? Unchecked;ijcai-2026-base-14-g0df50d7
n-puzzle;unit;6/5;5;4 2 7 1 5 8 0 6 3;0 1 2 3 4 5 6 7 8;14;20;20;134;0;0;31;0.001332;100601;K*;                        ? Unchecked;ijcai-2026-base-14-g0df50d7
n-puzzle;unit;7/5;5;4 1 7 3 2 5 6 0 8;0 1 2 3 4 5 6 7 8;7;21;21;634;0;0;31;0.003358;188803;K*;                        ? Unchecked;ijcai-2026-base-14-g0df50d7
n-puzzle;unit;8/5;5;8 4 0 5 1 6 2 7 3;0 1 2 3 4 5 6 7 8;18;28;28;2088;0;0;31;0.009812;212801;K*;                        ? Unchecked;ijcai-2026-base-14-g0df50d7
n-puzzle;unit;9/5;5;1 3 0 7 6 2 5 8 4;0 1 2 3 4 5 6 7 8;14;24;24;1214;0;0;31;0.008874;136804;K*;                        ? Unchecked;ijcai-2026-base-14-g0df50d7
n-puzzle;unit;10/5;5;7 0 4 6 8 5 3 1 2;0 1 2 3 4 5 6 7 8;13;29;29;8045;0;0;31;0.042339;190014;K*;                        ? Unchecked;ijcai-2026-base-14-g0df50d7
n-puzzle;unit;11/5;5;6 1 7 5 8 2 4 3 0;0 1 2 3 4 5 6 7 8;14;26;26;1848;0;0;31;0.007747;238544;K*;                        ? Unchecked;ijcai-2026-base-14-g0df50d7
n-puzzle;unit;12/5;5;7 5 2 1 6 3 8 0 4;0 1 2 3 4 5 6 7 8;15;27;27;3728;0;0;31;0.016003;232956;K*;                        ? Unchecked;ijcai-2026-base-14-g0df50d7
n-puzzle;unit;13/5;5;6 2 4 0 8 7 5 3 1;0 1 2 3 4 5 6 7 8;17;27;27;3206;0;0;31;0.021714;147647;K*;                        ? Unchecked;ijcai-2026-base-14-g0df50d7
n-puzzle;unit;14/5;5;0 1 6 2 5 7 4 8 3;0 1 2 3 4 5 6 7 8;16;28;28;3608;0;0;31;0.017344;208026;K*;                        ? Unchecked;ijcai-2026-base-14-g0df50d7
n-puzzle;unit;15/5;5;4 0 3 6 1 2 8 5 7;0 1 2 3 4 5 6 7 8;13;17;17;50;0;0;31;0.000256;195312;K*;                        ? Unchecked;ijcai-2026-base-14-g0df50d7
n-puzzle;unit;16/5;5;1 5 8 7 6 4 0 3 2;0 1 2 3 4 5 6 7 8;14;22;22;509;0;0;31;0.00247;206073;K*;                        ? Unchecked;ijcai-2026-base-14-g0df50d7
n-puzzle;unit;17/5;5;2 7 0 8 4 6 3 5 1;0 1 2 3 4 5 6 7 8;16;26;26;973;0;0;31;0.00507;191913;K*;                        ? Unchecked;ijcai-2026-base-14-g0df50d7
n-puzzle;unit;18/5;5;7 4 8 1 5 6 0 2 3;0 1 2 3 4 5 6 7 8;18;26;26;678;0;0;31;0.003535;191796;K*;                        ? Unchecked;ijcai-2026-base-14-g0df50d7
n-puzzle;unit;19/5;5;2 3 0 1 4 7 5 6 8;0 1 2 3 4 5 6 7 8;12;26;26;2437;0;0;31;0.015424;158001;K*;                        ? Unchecked;ijcai-2026-base-14-g0df50d7
n-puzzle;unit;20/5;5;2 1 4 5 0 6 8 3 7;0 1 2 3 4 5 6 7 8;14;28;28;5892;0;0;31;0.031511;186982;K*;                        ? Unchecked;ijcai-2026-base-14-g0df50d7
n-puzzle;unit;21/5;5;8 7 6 2 5 4 1 0 3;0 1 2 3 4 5 6 7 8;21;27;27;811;0;0;31;0.005958;136120;K*;                        ? Unchecked;ijcai-2026-base-14-g0df50d7
n-puzzle;unit;22/5;5;2 7 3 1 6 5 4 0 8;0 1 2 3 4 5 6 7 8;13;21;21;323;0;0;31;0.002186;147758;K*;                        ? Unchecked;ijcai-2026-base-14-g0df50d7
n-puzzle;unit;23/5;5;3 0 4 6 2 1 8 5 7;0 1 2 3 4 5 6 7 8;13;19;19;221;0;0;31;0.001294;170788;K*;                        ? Unchecked;ijcai-2026-base-14-g0df50d7
n-puzzle;unit;24/5;5;5 3 2 4 8 6 0 1 7;0 1 2 3 4 5 6 7 8;14;24;24;2130;0;0;31;0.010676;199513;K*;                        ? Unchecked;ijcai-2026-base-14-g0df50d7
n-puzzle;unit;25/5;5;1 3 5 2 4 6 8 7 0;0 1 2 3 4 5 6 7 8;12;28;28;8205;0;0;32;0.038838;211262;K*;                        ? Unchecked;ijcai-2026-base-14-g0df50d7
n-puzzle;unit;26/5;5;8 5 1 4 2 7 6 0 3;0 1 2 3 4 5 6 7 8;15;25;25;1291;0;0;32;0.005838;221137;K*;                        ? Unchecked;ijcai-2026-base-14-g0df50d7
n-puzzle;unit;27/5;5;2 8 5 6 3 1 4 0 7;0 1 2 3 4 5 6 7 8;13;23;23;901;0;0;32;0.004514;199601;K*;                        ? Unchecked;ijcai-2026-base-14-g0df50d7
n-puzzle;unit;28/5;5;5 0 7 4 2 3 1 6 8;0 1 2 3 4 5 6 7 8;15;21;21;210;0;0;32;0.001717;122306;K*;                        ? Unchecked;ijcai-2026-base-14-g0df50d7
n-puzzle;unit;29/5;5;3 2 4 7 6 8 5 1 0;0 1 2 3 4 5 6 7 8;14;20;20;198;0;0;32;0.001123;176313;K*;                        ? Unchecked;ijcai-2026-base-14-g0df50d7
n-puzzle;unit;30/5;5;1 3 2 0 8 6 4 7 5;0 1 2 3 4 5 6 7 8;11;23;23;1157;0;0;32;0.007774;148829;K*;                        ? Unchecked;ijcai-2026-base-14-g0df50d7
n-puzzle;unit;31/5;5;8 2 5 3 7 6 4 0 1;0 1 2 3 4 5 6 7 8;15;25;25;1247;0;0;32;0.005995;208007;K*;                        ? Unchecked;ijcai-2026-base-14-g0df50d7
n-puzzle;unit;32/5;5;2 4 0 7 5 1 8 6 3;0 1 2 3 4 5 6 7 8;14;24;24;668;0;0;32;0.004407;151577;K*;                        ? Unchecked;ijcai-2026-base-14-g0df50d7
n-puzzle;unit;33/5;5;0 1 5 2 6 8 7 3 4;0 1 2 3 4 5 6 7 8;12;22;22;624;0;0;32;0.00348;179310;K*;                        ? Unchecked;ijcai-2026-base-14-g0df50d7
n-puzzle;unit;34/5;5;7 1 5 2 8 6 3 4 0;0 1 2 3 4 5 6 7 8;14;18;18;177;0;0;32;0.001338;132287;K*;                        ? Unchecked;ijcai-2026-base-14-g0df50d7
n-puzzle;unit;35/5;5;6 3 1 2 8 7 0 4 5;0 1 2 3 4 5 6 7 8;14;24;24;1067;0;0;32;0.005994;178011;K*;                        ? Unchecked;ijcai-2026-base-14-g0df50d7
n-puzzle;unit;36/5;5;0 3 5 4 8 6 7 2 1;0 1 2 3 4 5 6 7 8;16;24;24;685;0;0;32;0.00353;194051;K*;                        ? Unchecked;ijcai-2026-base-14-g0df50d7
n-puzzle;unit;37/5;5;8 1 4 0 3 2 5 6 7;0 1 2 3 4 5 6 7 8;13;23;23;750;0;0;32;0.005187;144592;K*;                        ? Unchecked;ijcai-2026-base-14-g0df50d7
n-puzzle;unit;38/5;5;7 4 1 6 2 8 3 5 0;0 1 2 3 4 5 6 7 8;12;24;24;1567;0;0;32;0.007992;196071;K*;                        ? Unchecked;ijcai-2026-base-14-g0df50d7
n-puzzle;unit;39/5;5;4 6 8 0 5 1 3 2 7;0 1 2 3 4 5 6 7 8;15;25;25;1295;0;0;32;0.006794;190609;K*;                        ? Unchecked;ijcai-2026-base-14-g0df50d7
n-puzzle;unit;40/5;5;4 2 8 6 0 1 3 5 7;0 1 2 3 4 5 6 7 8;12;22;22;782;0;0;32;0.004514;173239;K*;                        ? Unchecked;ijcai-2026-base-14-g0df50d7
n-puzzle;unit;41/5;5;3 7 8 4 5 2 6 1 0;0 1 2 3 4 5 6 7 8;10;22;22;460;0;0;32;0.002436;188834;K*;                        ? Unchecked;ijcai-2026-base-14-g0df50d7
n-puzzle;unit;42/5;5;7 5 6 1 0 3 2 8 4;0 1 2 3 4 5 6 7 8;20;26;26;741;0;0;32;0.004877;151938;K*;                        ? Unchecked;ijcai-2026-base-14-g0df50d7
n-puzzle;unit;43/5;5;1 6 4 8 5 3 7 2 0;0 1 2 3 4 5 6 7 8;16;24;24;640;0;0;32;0.004006;159760;K*;                        ? Unchecked;ijcai-2026-base-14-g0df50d7
n-puzzle;unit;44/5;5;2 5 7 1 8 4 3 6 0;0 1 2 3 4 5 6 7 8;14;18;18;69;0;0;32;0.000901;76581.6;K*;                        ? Unchecked;ijcai-2026-base-14-g0df50d7
n-puzzle;unit;45/5;5;3 8 4 0 7 1 5 6 2;0 1 2 3 4 5 6 7 8;15;21;21;235;0;0;32;0.00109;215596;K*;                        ? Unchecked;ijcai-2026-base-14-g0df50d7
n-puzzle;unit;46/5;5;3 0 5 4 2 1 7 8 6;0 1 2 3 4 5 6 7 8;11;21;21;471;0;0;32;0.002265;207947;K*;                        ? Unchecked;ijcai-2026-base-14-g0df50d7
n-puzzle;unit;47/5;5;4 5 3 1 7 0 8 2 6;0 1 2 3 4 5 6 7 8;17;23;23;556;0;0;32;0.002621;212133;K*;                        ? Unchecked;ijcai-2026-base-14-g0df50d7
n-puzzle;unit;48/5;5;1 8 4 2 3 5 6 0 7;0 1 2 3 4 5 6 7 8;11;21;21;492;0;0;32;0.002577;190920;K*;                        ? Unchecked;ijcai-2026-base-14-g0df50d7
n-puzzle;unit;49/5;5;4 8 1 0 6 7 3 2 5;0 1 2 3 4 5 6 7 8;15;27;27;4238;0;0;32;0.025585;165644;K*;                        ? Unchecked;ijcai-2026-base-14-g0df50d7
n-puzzle;unit;50/5;5;8 5 3 4 6 1 7 2 0;0 1 2 3 4 5 6 7 8;18;26;26;1186;0;0;32;0.008363;141815;K*;                        ? Unchecked;ijcai-2026-base-14-g0df50d7
n-puzzle;unit;51/5;5;4 3 7 1 5 2 6 0 8;0 1 2 3 4 5 6 7 8;11;21;21;530;0;0;32;0.004102;129205;K*;                        ? Unchecked;ijcai-2026-base-14-g0df50d7
n-puzzle;unit;52/5;5;7 4 1 2 3 0 5 8 6;0 1 2 3 4 5 6 7 8;15;29;29;6791;0;0;32;0.03975;170843;K*;                        ? Unchecked;ijcai-2026-base-14-g0df50d7
n-puzzle;unit;53/5;5;7 5 6 8 2 1 0 4 3;0 1 2 3 4 5 6 7 8;20;28;28;2079;0;0;32;0.009953;208882;K*;                        ? Unchecked;ijcai-2026-base-14-g0df50d7
n-puzzle;unit;54/5;5;2 8 5 0 7 6 1 4 3;0 1 2 3 4 5 6 7 8;17;23;23;322;0;0;32;0.002702;119171;K*;                        ? Unchecked;ijcai-2026-base-14-g0df50d7
n-puzzle;unit;55/5;5;3 5 2 4 1 6 8 0 7;0 1 2 3 4 5 6 7 8;11;25;25;2287;0;0;32;0.009736;234901;K*;                        ? Unchecked;ijcai-2026-base-14-g0df50d7
n-puzzle;unit;56/5;5;8 6 1 5 4 3 0 2 7;0 1 2 3 4 5 6 7 8;16;28;28;2529;0;0;32;0.014496;174462;K*;                        ? Unchecked;ijcai-2026-base-14-g0df50d7
n-puzzle;unit;57/5;5;4 6 5 7 3 2 1 0 8;0 1 2 3 4 5 6 7 8;13;23;23;934;0;0;32;0.00635;147087;K*;                        ? Unchecked;ijcai-2026-base-14-g0df50d7
n-puzzle;unit;58/5;5;3 7 4 2 8 6 5 0 1;0 1 2 3 4 5 6 7 8;19;27;27;2160;0;0;32;0.00991;217962;K*;                        ? Unchecked;ijcai-2026-base-14-g0df50d7
n-puzzle;unit;59/5;5;8 7 4 5 6 2 3 0 1;0 1 2 3 4 5 6 7 8;17;29;29;5681;0;0;32;0.035517;159952;K*;                        ? Unchecked;ijcai-2026-base-14-g0df50d7
n-puzzle;unit;60/5;5;6 1 5 3 4 0 8 2 7;0 1 2 3 4 5 6 7 8;9;23;23;1027;0;0;32;0.004634;221623;K*;                        ? Unchecked;ijcai-2026-base-14-g0df50d7
n-puzzle;unit;61/5;5;4 5 2 8 0 3 1 6 7;0 1 2 3 4 5 6 7 8;14;22;22;537;0;0;32;0.003465;154978;K*;                        ? Unchecked;ijcai-2026-base-14-g0df50d7
n-puzzle;unit;62/5;5;8 5 4 6 1 2 7 3 0;0 1 2 3 4 5 6 7 8;14;26;26;1784;0;0;32;0.011179;159585;K*;                        ? Unchecked;ijcai-2026-base-14-g0df50d7
n-puzzle;unit;63/5;5;0 5 8 2 6 7 4 3 1;0 1 2 3 4 5 6 7 8;18;24;24;656;0;0;32;0.005171;126861;K*;                        ? Unchecked;ijcai-2026-base-14-g0df50d7
n-puzzle;unit;64/5;5;5 0 1 8 7 3 4 6 2;0 1 2 3 4 5 6 7 8;15;25;25;1099;0;0;32;0.005932;185266;K*;                        ? Unchecked;ijcai-2026-base-14-g0df50d7
n-puzzle;unit;65/5;5;7 6 1 3 4 8 0 5 2;0 1 2 3 4 5 6 7 8;12;24;24;1029;0;0;32;0.006449;159560;K*;                        ? Unchecked;ijcai-2026-base-14-g0df50d7
n-puzzle;unit;66/5;5;8 0 7 3 6 5 1 2 4;0 1 2 3 4 5 6 7 8;17;27;27;1920;0;0;32;0.009608;199833;K*;                        ? Unchecked;ijcai-2026-base-14-g0df50d7
n-puzzle;unit;67/5;5;7 2 8 6 5 1 4 0 3;0 1 2 3 4 5 6 7 8;15;25;25;1332;0;0;32;0.008042;165630;K*;                        ? Unchecked;ijcai-2026-base-14-g0df50d7
n-puzzle;unit;68/5;5;5 0 3 4 1 8 2 7 6;0 1 2 3 4 5 6 7 8;15;25;25;1657;0;0;32;0.007962;208114;K*;                        ? Unchecked;ijcai-2026-base-14-g0df50d7
n-puzzle;unit;69/5;5;7 8 4 6 3 5 2 1 0;0 1 2 3 4 5 6 7 8;16;28;28;3081;0;0;32;0.023825;129318;K*;                        ? Unchecked;ijcai-2026-base-14-g0df50d7
n-puzzle;unit;70/5;5;7 0 3 2 8 1 5 4 6;0 1 2 3 4 5 6 7 8;19;23;23;171;0;0;32;0.007815;21881;K*;                        ? Unchecked;ijcai-2026-base-14-g0df50d7
n-puzzle;unit;71/5;5;1 0 7 3 4 8 2 5 6;0 1 2 3 4 5 6 7 8;13;23;23;1162;0;0;32;0.007482;155306;K*;                        ? Unchecked;ijcai-2026-base-14-g0df50d7
n-puzzle;unit;72/5;5;8 0 7 4 3 6 5 2 1;0 1 2 3 4 5 6 7 8;21;27;27;690;0;0;32;0.006974;98938.9;K*;                        ? Unchecked;ijcai-2026-base-14-g0df50d7
n-puzzle;unit;73/5;5;3 7 8 5 1 2 0 6 4;0 1 2 3 4 5 6 7 8;12;26;26;2268;0;0;32;0.009418;240815;K*;                        ? Unchecked;ijcai-2026-base-14-g0df50d7
n-puzzle;unit;74/5;5;1 6 2 0 7 8 4 5 3;0 1 2 3 4 5 6 7 8;13;19;19;138;0;0;32;0.00226;61061.9;K*;                        ? Unchecked;ijcai-2026-base-14-g0df50d7
n-puzzle;unit;75/5;5;6 1 2 3 0 8 4 5 7;0 1 2 3 4 5 6 7 8;8;20;20;504;0;0;32;0.002563;196645;K*;                        ? Unchecked;ijcai-2026-base-14-g0df50d7
n-puzzle;unit;76/5;5;1 0 7 5 6 4 3 2 8;0 1 2 3 4 5 6 7 8;13;23;23;571;0;0;32;0.002818;202626;K*;                        ? Unchecked;ijcai-2026-base-14-g0df50d7
n-puzzle;unit;77/5;5;2 7 6 1 4 0 5 3 8;0 1 2 3 4 5 6 7 8;15;25;25;929;0;0;32;0.005589;166219;K*;                        ? Unchecked;ijcai-2026-base-14-g0df50d7
n-puzzle;unit;78/5;5;2 3 8 4 0 6 1 5 7;0 1 2 3 4 5 6 7 8;16;24;24;813;0;0;32;0.005495;147953;K*;                        ? Unchecked;ijcai-2026-base-14-g0df50d7
n-puzzle;unit;79/5;5;0 5 4 6 1 7 8 2 3;0 1 2 3 4 5 6 7 8;16;26;26;1483;0;0;32;0.009051;163849;K*;                        ? Unchecked;ijcai-2026-base-14-g0df50d7
n-puzzle;unit;80/5;5;5 3 4 7 0 1 8 6 2;0 1 2 3 4 5 6 7 8;16;22;22;446;0;0;32;0.003728;119635;K*;                        ? Unchecked;ijcai-2026-base-14-g0df50d7
n-puzzle;unit;81/5;5;1 7 5 6 8 3 4 2 0;0 1 2 3 4 5 6 7 8;14;24;24;1116;0;0;32;0.005734;194629;K*;                        ? Unchecked;ijcai-2026-base-14-g0df50d7
n-puzzle;unit;82/5;5;3 1 4 0 5 8 2 7 6;0 1 2 3 4 5 6 7 8;11;21;21;595;0;0;32;0.004289;138727;K*;                        ? Unchecked;ijcai-2026-base-14-g0df50d7
n-puzzle;unit;83/5;5;4 2 3 0 5 1 8 6 7;0 1 2 3 4 5 6 7 8;13;21;21;254;0;0;32;0.001437;176757;K*;                        ? Unchecked;ijcai-2026-base-14-g0df50d7
n-puzzle;unit;84/5;5;4 7 3 1 6 5 8 0 2;0 1 2 3 4 5 6 7 8;15;25;25;2337;0;0;32;0.013075;178738;K*;                        ? Unchecked;ijcai-2026-base-14-g0df50d7
n-puzzle;unit;85/5;5;3 6 0 1 5 8 4 2 7;0 1 2 3 4 5 6 7 8;14;24;24;748;0;0;32;0.005341;140049;K*;                        ? Unchecked;ijcai-2026-base-14-g0df50d7
n-puzzle;unit;86/5;5;8 6 2 7 5 1 3 0 4;0 1 2 3 4 5 6 7 8;15;27;27;6013;0;0;32;0.027773;216505;K*;                        ? Unchecked;ijcai-2026-base-14-g0df50d7
n-puzzle;unit;87/5;5;3 2 5 7 6 0 8 1 4;0 1 2 3 4 5 6 7 8;13;19;19;166;0;0;32;0.001093;151876;K*;                        ? Unchecked;ijcai-2026-base-14-g0df50d7
n-puzzle;unit;88/5;5;1 3 2 4 0 5 8 7 6;0 1 2 3 4 5 6 7 8;8;24;24;2031;0;0;32;0.01004;202291;K*;                        ? Unchecked;ijcai-2026-base-14-g0df50d7
n-puzzle;unit;89/5;5;0 8 4 3 2 1 6 5 7;0 1 2 3 4 5 6 7 8;12;20;20;219;0;0;32;0.002363;92678.8;K*;                        ? Unchecked;ijcai-2026-base-14-g0df50d7
n-puzzle;unit;90/5;5;0 6 1 5 7 8 4 2 3;0 1 2 3 4 5 6 7 8;16;24;24;609;0;0;32;0.002871;212121;K*;                        ? Unchecked;ijcai-2026-base-14-g0df50d7
n-puzzle;unit;91/5;5;2 1 6 4 5 8 3 0 7;0 1 2 3 4 5 6 7 8;11;25;25;1852;0;0;32;0.008454;219068;K*;                        ? Unchecked;ijcai-2026-base-14-g0df50d7
n-puzzle;unit;92/5;5;3 7 4 6 1 5 8 0 2;0 1 2 3 4 5 6 7 8;11;23;23;973;0;0;32;0.006976;139478;K*;                        ? Unchecked;ijcai-2026-base-14-g0df50d7
n-puzzle;unit;93/5;5;7 6 1 3 5 8 2 4 0;0 1 2 3 4 5 6 7 8;14;24;24;854;0;0;32;0.004556;187445;K*;                        ? Unchecked;ijcai-2026-base-14-g0df50d7
n-puzzle;unit;94/5;5;4 7 8 1 0 3 6 2 5;0 1 2 3 4 5 6 7 8;14;22;22;505;0;0;32;0.002744;184038;K*;                        ? Unchecked;ijcai-2026-base-14-g0df50d7
n-puzzle;unit;95/5;5;0 5 8 2 7 4 1 6 3;0 1 2 3 4 5 6 7 8;16;22;22;186;0;0;32;0.001257;147971;K*;                        ? Unchecked;ijcai-2026-base-14-g0df50d7
n-puzzle;unit;96/5;5;5 2 3 8 7 0 1 6 4;0 1 2 3 4 5 6 7 8;17;25;25;926;0;0;32;0.004001;231442;K*;                        ? Unchecked;ijcai-2026-base-14-g0df50d7
n-puzzle;unit;97/5;5;8 3 0 4 7 2 6 1 5;0 1 2 3 4 5 6 7 8;12;20;20;145;0;0;32;0.001309;110772;K*;                        ? Unchecked;ijcai-2026-base-14-g0df50d7
n-puzzle;unit;98/5;5;5 8 6 0 7 4 1 3 2;0 1 2 3 4 5 6 7 8;19;27;27;1450;0;0;32;0.009094;159446;K*;                        ? Unchecked;ijcai-2026-base-14-g0df50d7
n-puzzle;unit;99/5;5;7 5 0 6 3 2 1 8 4;0 1 2 3 4 5 6 7 8;14;26;26;5198;0;0;32;0.027821;186837;K*;                        ? Unchecked;ijcai-2026-base-14-g0df50d7
n-puzzle;unit;0/6;6;5 6 0 8 4 7 1 3 2;0 1 2 3 4 5 6 7 8;18;26;26;487;0;0;32;0.004257;114400;K*;                        ? Unchecked;ijcai-2026-base-14-g0df50d7
n-puzzle;unit;1/6;6;0 8 6 4 7 1 5 3 2;0 1 2 3 4 5 6 7 8;18;26;26;815;0;0;32;0.004872;167282;K*;                        ? Unchecked;ijcai-2026-base-14-g0df50d7
n-puzzle;unit;2/6;6;5 2 8 0 7 4 1 3 6;0 1 2 3 4 5 6 7 8;15;23;23;568;0;0;32;0.003661;155149;K*;                        ? Unchecked;ijcai-2026-base-14-g0df50d7
n-puzzle;unit;3/6;6;7 2 6 0 8 1 5 4 3;0 1 2 3 4 5 6 7 8;19;27;27;1563;0;0;32;0.006766;231008;K*;                        ? Unchecked;ijcai-2026-base-14-g0df50d7
n-puzzle;unit;4/6;6;5 1 8 6 0 7 2 4 3;0 1 2 3 4 5 6 7 8;16;24;24;1613;0;0;32;0.010394;155186;K*;                        ? Unchecked;ijcai-2026-base-14-g0df50d7
n-puzzle;unit;5/6;6;8 0 3 6 4 5 7 2 1;0 1 2 3 4 5 6 7 8;15;25;25;1074;0;0;32;0.006329;169695;K*;                        ? Unchecked;ijcai-2026-base-14-g0df50d7
n-puzzle;unit;6/6;6;4 2 7 1 5 8 0 6 3;0 1 2 3 4 5 6 7 8;14;20;20;134;0;0;32;0.00136;98529.4;K*;                        ? Unchecked;ijcai-2026-base-14-g0df50d7
n-puzzle;unit;7/6;6;4 1 7 3 2 5 6 0 8;0 1 2 3 4 5 6 7 8;7;21;21;634;0;0;32;0.003396;186690;K*;                        ? Unchecked;ijcai-2026-base-14-g0df50d7
n-puzzle;unit;8/6;6;8 4 0 5 1 6 2 7 3;0 1 2 3 4 5 6 7 8;18;28;28;2168;0;0;32;0.011085;195580;K*;                        ? Unchecked;ijcai-2026-base-14-g0df50d7
n-puzzle;unit;9/6;6;1 3 0 7 6 2 5 8 4;0 1 2 3 4 5 6 7 8;14;24;24;1214;0;0;32;0.009083;133656;K*;                        ? Unchecked;ijcai-2026-base-14-g0df50d7
n-puzzle;unit;10/6;6;7 0 4 6 8 5 3 1 2;0 1 2 3 4 5 6 7 8;13;29;29;8045;0;0;32;0.042389;189790;K*;                        ? Unchecked;ijcai-2026-base-14-g0df50d7
n-puzzle;unit;11/6;6;6 1 7 5 8 2 4 3 0;0 1 2 3 4 5 6 7 8;14;26;26;1848;0;0;32;0.007777;237624;K*;                        ? Unchecked;ijcai-2026-base-14-g0df50d7
n-puzzle;unit;12/6;6;7 5 2 1 6 3 8 0 4;0 1 2 3 4 5 6 7 8;15;27;27;3728;0;0;32;0.015865;234983;K*;                        ? Unchecked;ijcai-2026-base-14-g0df50d7
n-puzzle;unit;13/6;6;6 2 4 0 8 7 5 3 1;0 1 2 3 4 5 6 7 8;17;27;27;3206;0;0;32;0.020983;152790;K*;                        ? Unchecked;ijcai-2026-base-14-g0df50d7
n-puzzle;unit;14/6;6;0 1 6 2 5 7 4 8 3;0 1 2 3 4 5 6 7 8;16;28;28;3608;0;0;32;0.017073;211328;K*;                        ? Unchecked;ijcai-2026-base-14-g0df50d7
n-puzzle;unit;15/6;6;4 0 3 6 1 2 8 5 7;0 1 2 3 4 5 6 7 8;13;17;17;50;0;0;32;0.002813;17774.6;K*;                        ? Unchecked;ijcai-2026-base-14-g0df50d7
n-puzzle;unit;16/6;6;1 5 8 7 6 4 0 3 2;0 1 2 3 4 5 6 7 8;14;22;22;509;0;0;32;0.002525;201584;K*;                        ? Unchecked;ijcai-2026-base-14-g0df50d7
n-puzzle;unit;17/6;6;2 7 0 8 4 6 3 5 1;0 1 2 3 4 5 6 7 8;16;26;26;973;0;0;32;0.005;194600;K*;                        ? Unchecked;ijcai-2026-base-14-g0df50d7
n-puzzle;unit;18/6;6;7 4 8 1 5 6 0 2 3;0 1 2 3 4 5 6 7 8;18;26;26;678;0;0;32;0.003428;197783;K*;                        ? Unchecked;ijcai-2026-base-14-g0df50d7
n-puzzle;unit;19/6;6;2 3 0 1 4 7 5 6 8;0 1 2 3 4 5 6 7 8;12;26;26;2437;0;0;32;0.015169;160657;K*;                        ? Unchecked;ijcai-2026-base-14-g0df50d7
n-puzzle;unit;20/6;6;2 1 4 5 0 6 8 3 7;0 1 2 3 4 5 6 7 8;14;28;28;5892;0;0;32;0.03108;189575;K*;                        ? Unchecked;ijcai-2026-base-14-g0df50d7
n-puzzle;unit;21/6;6;8 7 6 2 5 4 1 0 3;0 1 2 3 4 5 6 7 8;21;29;29;1892;0;0;32;0.018482;102370;K*;                        ? Unchecked;ijcai-2026-base-14-g0df50d7
n-puzzle;unit;22/6;6;2 7 3 1 6 5 4 0 8;0 1 2 3 4 5 6 7 8;13;21;21;323;0;0;32;0.002906;111149;K*;                        ? Unchecked;ijcai-2026-base-14-g0df50d7
n-puzzle;unit;23/6;6;3 0 4 6 2 1 8 5 7;0 1 2 3 4 5 6 7 8;13;19;19;221;0;0;32;0.001332;165916;K*;                        ? Unchecked;ijcai-2026-base-14-g0df50d7
n-puzzle;unit;24/6;6;5 3 2 4 8 6 0 1 7;0 1 2 3 4 5 6 7 8;14;24;24;2190;0;0;32;0.010982;199417;K*;                        ? Unchecked;ijcai-2026-base-14-g0df50d7
n-puzzle;unit;25/6;6;1 3 5 2 4 6 8 7 0;0 1 2 3 4 5 6 7 8;12;28;28;8305;0;0;33;0.039937;207953;K*;                        ? Unchecked;ijcai-2026-base-14-g0df50d7
n-puzzle;unit;26/6;6;8 5 1 4 2 7 6 0 3;0 1 2 3 4 5 6 7 8;15;25;25;1291;0;0;33;0.005803;222471;K*;                        ? Unchecked;ijcai-2026-base-14-g0df50d7
n-puzzle;unit;27/6;6;2 8 5 6 3 1 4 0 7;0 1 2 3 4 5 6 7 8;13;23;23;901;0;0;33;0.004576;196897;K*;                        ? Unchecked;ijcai-2026-base-14-g0df50d7
n-puzzle;unit;28/6;6;5 0 7 4 2 3 1 6 8;0 1 2 3 4 5 6 7 8;15;21;21;210;0;0;33;0.001624;129310;K*;                        ? Unchecked;ijcai-2026-base-14-g0df50d7
n-puzzle;unit;29/6;6;3 2 4 7 6 8 5 1 0;0 1 2 3 4 5 6 7 8;14;20;20;198;0;0;33;0.001145;172926;K*;                        ? Unchecked;ijcai-2026-base-14-g0df50d7
n-puzzle;unit;30/6;6;1 3 2 0 8 6 4 7 5;0 1 2 3 4 5 6 7 8;11;23;23;1157;0;0;33;0.007739;149503;K*;                        ? Unchecked;ijcai-2026-base-14-g0df50d7
n-puzzle;unit;31/6;6;8 2 5 3 7 6 4 0 1;0 1 2 3 4 5 6 7 8;15;25;25;1247;0;0;33;0.005738;217323;K*;                        ? Unchecked;ijcai-2026-base-14-g0df50d7
n-puzzle;unit;32/6;6;2 4 0 7 5 1 8 6 3;0 1 2 3 4 5 6 7 8;14;24;24;668;0;0;33;0.004243;157436;K*;                        ? Unchecked;ijcai-2026-base-14-g0df50d7
n-puzzle;unit;33/6;6;0 1 5 2 6 8 7 3 4;0 1 2 3 4 5 6 7 8;12;22;22;624;0;0;33;0.003453;180712;K*;                        ? Unchecked;ijcai-2026-base-14-g0df50d7
n-puzzle;unit;34/6;6;7 1 5 2 8 6 3 4 0;0 1 2 3 4 5 6 7 8;14;20;20;185;0;0;33;0.001446;127939;K*;                        ? Unchecked;ijcai-2026-base-14-g0df50d7
n-puzzle;unit;35/6;6;6 3 1 2 8 7 0 4 5;0 1 2 3 4 5 6 7 8;14;24;24;1067;0;0;33;0.005907;180633;K*;                        ? Unchecked;ijcai-2026-base-14-g0df50d7
n-puzzle;unit;36/6;6;0 3 5 4 8 6 7 2 1;0 1 2 3 4 5 6 7 8;16;24;24;685;0;0;33;0.00352;194602;K*;                        ? Unchecked;ijcai-2026-base-14-g0df50d7
n-puzzle;unit;37/6;6;8 1 4 0 3 2 5 6 7;0 1 2 3 4 5 6 7 8;13;23;23;750;0;0;33;0.004968;150966;K*;                        ? Unchecked;ijcai-2026-base-14-g0df50d7
n-puzzle;unit;38/6;6;7 4 1 6 2 8 3 5 0;0 1 2 3 4 5 6 7 8;12;24;24;1567;0;0;33;0.00781;200640;K*;                        ? Unchecked;ijcai-2026-base-14-g0df50d7
n-puzzle;unit;39/6;6;4 6 8 0 5 1 3 2 7;0 1 2 3 4 5 6 7 8;15;25;25;1295;0;0;33;0.006866;188611;K*;                        ? Unchecked;ijcai-2026-base-14-g0df50d7
n-puzzle;unit;40/6;6;4 2 8 6 0 1 3 5 7;0 1 2 3 4 5 6 7 8;12;22;22;782;0;0;33;0.004582;170668;K*;                        ? Unchecked;ijcai-2026-base-14-g0df50d7
n-puzzle;unit;41/6;6;3 7 8 4 5 2 6 1 0;0 1 2 3 4 5 6 7 8;10;22;22;460;0;0;33;0.002492;184591;K*;                        ? Unchecked;ijcai-2026-base-14-g0df50d7
n-puzzle;unit;42/6;6;7 5 6 1 0 3 2 8 4;0 1 2 3 4 5 6 7 8;20;26;26;741;0;0;33;0.00485;152784;K*;                        ? Unchecked;ijcai-2026-base-14-g0df50d7
n-puzzle;unit;43/6;6;1 6 4 8 5 3 7 2 0;0 1 2 3 4 5 6 7 8;16;24;24;640;0;0;33;0.003931;162808;K*;                        ? Unchecked;ijcai-2026-base-14-g0df50d7
n-puzzle;unit;44/6;6;2 5 7 1 8 4 3 6 0;0 1 2 3 4 5 6 7 8;14;18;18;69;0;0;33;0.000836;82535.9;K*;                        ? Unchecked;ijcai-2026-base-14-g0df50d7
n-puzzle;unit;45/6;6;3 8 4 0 7 1 5 6 2;0 1 2 3 4 5 6 7 8;15;21;21;235;0;0;33;0.001104;212862;K*;                        ? Unchecked;ijcai-2026-base-14-g0df50d7
n-puzzle;unit;46/6;6;3 0 5 4 2 1 7 8 6;0 1 2 3 4 5 6 7 8;11;21;21;471;0;0;33;0.002173;216751;K*;                        ? Unchecked;ijcai-2026-base-14-g0df50d7
n-puzzle;unit;47/6;6;4 5 3 1 7 0 8 2 6;0 1 2 3 4 5 6 7 8;17;25;25;898;0;0;33;0.006167;145614;K*;                        ? Unchecked;ijcai-2026-base-14-g0df50d7
n-puzzle;unit;48/6;6;1 8 4 2 3 5 6 0 7;0 1 2 3 4 5 6 7 8;11;21;21;492;0;0;33;0.002743;179366;K*;                        ? Unchecked;ijcai-2026-base-14-g0df50d7
n-puzzle;unit;49/6;6;4 8 1 0 6 7 3 2 5;0 1 2 3 4 5 6 7 8;15;27;27;4238;0;0;33;0.02547;166392;K*;                        ? Unchecked;ijcai-2026-base-14-g0df50d7
n-puzzle;unit;50/6;6;8 5 3 4 6 1 7 2 0;0 1 2 3 4 5 6 7 8;18;26;26;1186;0;0;33;0.008321;142531;K*;                        ? Unchecked;ijcai-2026-base-14-g0df50d7
n-puzzle;unit;51/6;6;4 3 7 1 5 2 6 0 8;0 1 2 3 4 5 6 7 8;11;21;21;530;0;0;33;0.004191;126461;K*;                        ? Unchecked;ijcai-2026-base-14-g0df50d7
n-puzzle;unit;52/6;6;7 4 1 2 3 0 5 8 6;0 1 2 3 4 5 6 7 8;15;29;29;6791;0;0;33;0.039989;169822;K*;                        ? Unchecked;ijcai-2026-base-14-g0df50d7
n-puzzle;unit;53/6;6;7 5 6 8 2 1 0 4 3;0 1 2 3 4 5 6 7 8;20;28;28;2079;0;0;33;0.010086;206127;K*;                        ? Unchecked;ijcai-2026-base-14-g0df50d7
n-puzzle;unit;54/6;6;2 8 5 0 7 6 1 4 3;0 1 2 3 4 5 6 7 8;17;23;23;322;0;0;33;0.00273;117949;K*;                        ? Unchecked;ijcai-2026-base-14-g0df50d7
n-puzzle;unit;55/6;6;3 5 2 4 1 6 8 0 7;0 1 2 3 4 5 6 7 8;11;25;25;2287;0;0;33;0.00982;232892;K*;                        ? Unchecked;ijcai-2026-base-14-g0df50d7
n-puzzle;unit;56/6;6;8 6 1 5 4 3 0 2 7;0 1 2 3 4 5 6 7 8;16;28;28;2529;0;0;33;0.014641;172734;K*;                        ? Unchecked;ijcai-2026-base-14-g0df50d7
n-puzzle;unit;57/6;6;4 6 5 7 3 2 1 0 8;0 1 2 3 4 5 6 7 8;13;23;23;934;0;0;33;0.006451;144784;K*;                        ? Unchecked;ijcai-2026-base-14-g0df50d7
n-puzzle;unit;58/6;6;3 7 4 2 8 6 5 0 1;0 1 2 3 4 5 6 7 8;19;27;27;2160;0;0;33;0.009858;219111;K*;                        ? Unchecked;ijcai-2026-base-14-g0df50d7
n-puzzle;unit;59/6;6;8 7 4 5 6 2 3 0 1;0 1 2 3 4 5 6 7 8;17;29;29;5681;0;0;33;0.035735;158976;K*;                        ? Unchecked;ijcai-2026-base-14-g0df50d7
n-puzzle;unit;60/6;6;6 1 5 3 4 0 8 2 7;0 1 2 3 4 5 6 7 8;9;23;23;1027;0;0;33;0.004744;216484;K*;                        ? Unchecked;ijcai-2026-base-14-g0df50d7
n-puzzle;unit;61/6;6;4 5 2 8 0 3 1 6 7;0 1 2 3 4 5 6 7 8;14;22;22;537;0;0;33;0.003536;151867;K*;                        ? Unchecked;ijcai-2026-base-14-g0df50d7
n-puzzle;unit;62/6;6;8 5 4 6 1 2 7 3 0;0 1 2 3 4 5 6 7 8;14;26;26;1784;0;0;33;0.011122;160403;K*;                        ? Unchecked;ijcai-2026-base-14-g0df50d7
n-puzzle;unit;63/6;6;0 5 8 2 6 7 4 3 1;0 1 2 3 4 5 6 7 8;18;24;24;656;0;0;33;0.005343;122777;K*;                        ? Unchecked;ijcai-2026-base-14-g0df50d7
n-puzzle;unit;64/6;6;5 0 1 8 7 3 4 6 2;0 1 2 3 4 5 6 7 8;15;25;25;1099;0;0;33;0.006104;180046;K*;                        ? Unchecked;ijcai-2026-base-14-g0df50d7
n-puzzle;unit;65/6;6;7 6 1 3 4 8 0 5 2;0 1 2 3 4 5 6 7 8;12;24;24;1029;0;0;33;0.006539;157364;K*;                        ? Unchecked;ijcai-2026-base-14-g0df50d7
n-puzzle;unit;66/6;6;8 0 7 3 6 5 1 2 4;0 1 2 3 4 5 6 7 8;17;27;27;1920;0;0;33;0.009714;197653;K*;                        ? Unchecked;ijcai-2026-base-14-g0df50d7
n-puzzle;unit;67/6;6;7 2 8 6 5 1 4 0 3;0 1 2 3 4 5 6 7 8;15;25;25;1332;0;0;33;0.008122;163999;K*;                        ? Unchecked;ijcai-2026-base-14-g0df50d7
n-puzzle;unit;68/6;6;5 0 3 4 1 8 2 7 6;0 1 2 3 4 5 6 7 8;15;25;25;1657;0;0;33;0.008053;205762;K*;                        ? Unchecked;ijcai-2026-base-14-g0df50d7
n-puzzle;unit;69/6;6;7 8 4 6 3 5 2 1 0;0 1 2 3 4 5 6 7 8;16;28;28;3081;0;0;33;0.023471;131268;K*;                        ? Unchecked;ijcai-2026-base-14-g0df50d7
n-puzzle;unit;70/6;6;7 0 3 2 8 1 5 4 6;0 1 2 3 4 5 6 7 8;19;23;23;171;0;0;33;0.003122;54772.6;K*;                        ? Unchecked;ijcai-2026-base-14-g0df50d7
n-puzzle;unit;71/6;6;1 0 7 3 4 8 2 5 6;0 1 2 3 4 5 6 7 8;13;25;25;1244;0;0;33;0.006354;195782;K*;                        ? Unchecked;ijcai-2026-base-14-g0df50d7
n-puzzle;unit;72/6;6;8 0 7 4 3 6 5 2 1;0 1 2 3 4 5 6 7 8;21;27;27;690;0;0;33;0.006106;113004;K*;                        ? Unchecked;ijcai-2026-base-14-g0df50d7
n-puzzle;unit;73/6;6;3 7 8 5 1 2 0 6 4;0 1 2 3 4 5 6 7 8;12;26;26;2268;0;0;33;0.009477;239316;K*;                        ? Unchecked;ijcai-2026-base-14-g0df50d7
n-puzzle;unit;74/6;6;1 6 2 0 7 8 4 5 3;0 1 2 3 4 5 6 7 8;13;19;19;138;0;0;33;0.002316;59585.5;K*;                        ? Unchecked;ijcai-2026-base-14-g0df50d7
n-puzzle;unit;75/6;6;6 1 2 3 0 8 4 5 7;0 1 2 3 4 5 6 7 8;8;20;20;504;0;0;33;0.002593;194369;K*;                        ? Unchecked;ijcai-2026-base-14-g0df50d7
n-puzzle;unit;76/6;6;1 0 7 5 6 4 3 2 8;0 1 2 3 4 5 6 7 8;13;23;23;571;0;0;33;0.002855;200000;K*;                        ? Unchecked;ijcai-2026-base-14-g0df50d7
n-puzzle;unit;77/6;6;2 7 6 1 4 0 5 3 8;0 1 2 3 4 5 6 7 8;15;25;25;929;0;0;33;0.00557;166786;K*;                        ? Unchecked;ijcai-2026-base-14-g0df50d7
n-puzzle;unit;78/6;6;2 3 8 4 0 6 1 5 7;0 1 2 3 4 5 6 7 8;16;24;24;813;0;0;33;0.005586;145542;K*;                        ? Unchecked;ijcai-2026-base-14-g0df50d7
n-puzzle;unit;79/6;6;0 5 4 6 1 7 8 2 3;0 1 2 3 4 5 6 7 8;16;26;26;1483;0;0;33;0.008969;165347;K*;                        ? Unchecked;ijcai-2026-base-14-g0df50d7
n-puzzle;unit;80/6;6;5 3 4 7 0 1 8 6 2;0 1 2 3 4 5 6 7 8;16;22;22;446;0;0;33;0.003643;122427;K*;                        ? Unchecked;ijcai-2026-base-14-g0df50d7
n-puzzle;unit;81/6;6;1 7 5 6 8 3 4 2 0;0 1 2 3 4 5 6 7 8;14;24;24;1116;0;0;33;0.005805;192248;K*;                        ? Unchecked;ijcai-2026-base-14-g0df50d7
n-puzzle;unit;82/6;6;3 1 4 0 5 8 2 7 6;0 1 2 3 4 5 6 7 8;11;21;21;595;0;0;33;0.004332;137350;K*;                        ? Unchecked;ijcai-2026-base-14-g0df50d7
n-puzzle;unit;83/6;6;4 2 3 0 5 1 8 6 7;0 1 2 3 4 5 6 7 8;13;21;21;254;0;0;33;0.001499;169446;K*;                        ? Unchecked;ijcai-2026-base-14-g0df50d7
n-puzzle;unit;84/6;6;4 7 3 1 6 5 8 0 2;0 1 2 3 4 5 6 7 8;15;25;25;2617;0;0;33;0.016798;155792;K*;                        ? Unchecked;ijcai-2026-base-14-g0df50d7
n-puzzle;unit;85/6;6;3 6 0 1 5 8 4 2 7;0 1 2 3 4 5 6 7 8;14;24;24;748;0;0;33;0.005661;132132;K*;                        ? Unchecked;ijcai-2026-base-14-g0df50d7
n-puzzle;unit;86/6;6;8 6 2 7 5 1 3 0 4;0 1 2 3 4 5 6 7 8;15;27;27;6133;0;0;33;0.029323;209153;K*;                        ? Unchecked;ijcai-2026-base-14-g0df50d7
n-puzzle;unit;87/6;6;3 2 5 7 6 0 8 1 4;0 1 2 3 4 5 6 7 8;13;19;19;166;0;0;33;0.001128;147163;K*;                        ? Unchecked;ijcai-2026-base-14-g0df50d7
n-puzzle;unit;88/6;6;1 3 2 4 0 5 8 7 6;0 1 2 3 4 5 6 7 8;8;24;24;2031;0;0;33;0.01019;199313;K*;                        ? Unchecked;ijcai-2026-base-14-g0df50d7
n-puzzle;unit;89/6;6;0 8 4 3 2 1 6 5 7;0 1 2 3 4 5 6 7 8;12;20;20;219;0;0;33;0.00244;89754.1;K*;                        ? Unchecked;ijcai-2026-base-14-g0df50d7
n-puzzle;unit;90/6;6;0 6 1 5 7 8 4 2 3;0 1 2 3 4 5 6 7 8;16;24;24;609;0;0;33;0.002914;208991;K*;                        ? Unchecked;ijcai-2026-base-14-g0df50d7
n-puzzle;unit;91/6;6;2 1 6 4 5 8 3 0 7;0 1 2 3 4 5 6 7 8;11;25;25;1852;0;0;33;0.008559;216380;K*;                        ? Unchecked;ijcai-2026-base-14-g0df50d7
n-puzzle;unit;92/6;6;3 7 4 6 1 5 8 0 2;0 1 2 3 4 5 6 7 8;11;23;23;973;0;0;33;0.007321;132905;K*;                        ? Unchecked;ijcai-2026-base-14-g0df50d7
n-puzzle;unit;93/6;6;7 6 1 3 5 8 2 4 0;0 1 2 3 4 5 6 7 8;14;24;24;854;0;0;33;0.004618;184929;K*;                        ? Unchecked;ijcai-2026-base-14-g0df50d7
n-puzzle;unit;94/6;6;4 7 8 1 0 3 6 2 5;0 1 2 3 4 5 6 7 8;14;22;22;785;0;0;33;0.005759;136308;K*;                        ? Unchecked;ijcai-2026-base-14-g0df50d7
n-puzzle;unit;95/6;6;0 5 8 2 7 4 1 6 3;0 1 2 3 4 5 6 7 8;16;22;22;186;0;0;33;0.001524;122047;K*;                        ? Unchecked;ijcai-2026-base-14-g0df50d7
n-puzzle;unit;96/6;6;5 2 3 8 7 0 1 6 4;0 1 2 3 4 5 6 7 8;17;25;25;926;0;0;33;0.003962;233720;K*;                        ? Unchecked;ijcai-2026-base-14-g0df50d7
n-puzzle;unit;97/6;6;8 3 0 4 7 2 6 1 5;0 1 2 3 4 5 6 7 8;12;20;20;145;0;0;33;0.001339;108290;K*;                        ? Unchecked;ijcai-2026-base-14-g0df50d7
n-puzzle;unit;98/6;6;5 8 6 0 7 4 1 3 2;0 1 2 3 4 5 6 7 8;19;27;27;1450;0;0;33;0.009224;157199;K*;                        ? Unchecked;ijcai-2026-base-14-g0df50d7
n-puzzle;unit;99/6;6;7 5 0 6 3 2 1 8 4;0 1 2 3 4 5 6 7 8;14;26;26;5198;0;0;33;0.027715;187552;K*;                        ? Unchecked;ijcai-2026-base-14-g0df50d7
n-puzzle;unit;0/7;7;5 6 0 8 4 7 1 3 2;0 1 2 3 4 5 6 7 8;18;26;26;487;0;0;33;0.004342;112160;K*;                        ? Unchecked;ijcai-2026-base-14-g0df50d7
n-puzzle;unit;1/7;7;0 8 6 4 7 1 5 3 2;0 1 2 3 4 5 6 7 8;18;26;26;815;0;0;33;0.004921;165617;K*;                        ? Unchecked;ijcai-2026-base-14-g0df50d7
n-puzzle;unit;2/7;7;5 2 8 0 7 4 1 3 6;0 1 2 3 4 5 6 7 8;15;23;23;568;0;0;33;0.003607;157472;K*;                        ? Unchecked;ijcai-2026-base-14-g0df50d7
n-puzzle;unit;3/7;7;7 2 6 0 8 1 5 4 3;0 1 2 3 4 5 6 7 8;19;27;27;1563;0;0;33;0.006831;228810;K*;                        ? Unchecked;ijcai-2026-base-14-g0df50d7
n-puzzle;unit;4/7;7;5 1 8 6 0 7 2 4 3;0 1 2 3 4 5 6 7 8;16;24;24;1613;0;0;33;0.010373;155500;K*;                        ? Unchecked;ijcai-2026-base-14-g0df50d7
n-puzzle;unit;5/7;7;8 0 3 6 4 5 7 2 1;0 1 2 3 4 5 6 7 8;15;25;25;1074;0;0;33;0.006383;168259;K*;                        ? Unchecked;ijcai-2026-base-14-g0df50d7
n-puzzle;unit;6/7;7;4 2 7 1 5 8 0 6 3;0 1 2 3 4 5 6 7 8;14;20;20;134;0;0;33;0.001398;95851.2;K*;                        ? Unchecked;ijcai-2026-base-14-g0df50d7
n-puzzle;unit;7/7;7;4 1 7 3 2 5 6 0 8;0 1 2 3 4 5 6 7 8;7;21;21;634;0;0;33;0.003533;179451;K*;                        ? Unchecked;ijcai-2026-base-14-g0df50d7
n-puzzle;unit;8/7;7;8 4 0 5 1 6 2 7 3;0 1 2 3 4 5 6 7 8;18;28;28;2248;0;0;33;0.012436;180766;K*;                        ? Unchecked;ijcai-2026-base-14-g0df50d7
n-puzzle;unit;9/7;7;1 3 0 7 6 2 5 8 4;0 1 2 3 4 5 6 7 8;14;24;24;1214;0;0;33;0.009279;130833;K*;                        ? Unchecked;ijcai-2026-base-14-g0df50d7
n-puzzle;unit;10/7;7;7 0 4 6 8 5 3 1 2;0 1 2 3 4 5 6 7 8;13;29;29;8045;0;0;33;0.04258;188938;K*;                        ? Unchecked;ijcai-2026-base-14-g0df50d7
n-puzzle;unit;11/7;7;6 1 7 5 8 2 4 3 0;0 1 2 3 4 5 6 7 8;14;26;26;1848;0;0;33;0.00779;237227;K*;                        ? Unchecked;ijcai-2026-base-14-g0df50d7
n-puzzle;unit;12/7;7;7 5 2 1 6 3 8 0 4;0 1 2 3 4 5 6 7 8;15;27;27;3728;0;0;33;0.015992;233117;K*;                        ? Unchecked;ijcai-2026-base-14-g0df50d7
n-puzzle;unit;13/7;7;6 2 4 0 8 7 5 3 1;0 1 2 3 4 5 6 7 8;17;27;27;3206;0;0;33;0.021104;151914;K*;                        ? Unchecked;ijcai-2026-base-14-g0df50d7
n-puzzle;unit;14/7;7;0 1 6 2 5 7 4 8 3;0 1 2 3 4 5 6 7 8;16;28;28;3608;0;0;33;0.017191;209877;K*;                        ? Unchecked;ijcai-2026-base-14-g0df50d7
n-puzzle;unit;15/7;7;4 0 3 6 1 2 8 5 7;0 1 2 3 4 5 6 7 8;13;17;17;50;0;0;33;0.002824;17705.4;K*;                        ? Unchecked;ijcai-2026-base-14-g0df50d7
n-puzzle;unit;16/7;7;1 5 8 7 6 4 0 3 2;0 1 2 3 4 5 6 7 8;14;22;22;509;0;0;33;0.002616;194572;K*;                        ? Unchecked;ijcai-2026-base-14-g0df50d7
n-puzzle;unit;17/7;7;2 7 0 8 4 6 3 5 1;0 1 2 3 4 5 6 7 8;16;26;26;973;0;0;33;0.005077;191649;K*;                        ? Unchecked;ijcai-2026-base-14-g0df50d7
n-puzzle;unit;18/7;7;7 4 8 1 5 6 0 2 3;0 1 2 3 4 5 6 7 8;18;26;26;678;0;0;33;0.003494;194047;K*;                        ? Unchecked;ijcai-2026-base-14-g0df50d7
n-puzzle;unit;19/7;7;2 3 0 1 4 7 5 6 8;0 1 2 3 4 5 6 7 8;12;26;26;2437;0;0;33;0.014928;163250;K*;                        ? Unchecked;ijcai-2026-base-14-g0df50d7
n-puzzle;unit;20/7;7;2 1 4 5 0 6 8 3 7;0 1 2 3 4 5 6 7 8;14;28;28;5892;0;0;33;0.031303;188225;K*;                        ? Unchecked;ijcai-2026-base-14-g0df50d7
n-puzzle;unit;21/7;7;8 7 6 2 5 4 1 0 3;0 1 2 3 4 5 6 7 8;21;29;29;1892;0;0;33;0.026779;70652.4;K*;                        ? Unchecked;ijcai-2026-base-14-g0df50d7
n-puzzle;unit;22/7;7;2 7 3 1 6 5 4 0 8;0 1 2 3 4 5 6 7 8;13;21;21;323;0;0;33;0.00296;109122;K*;                        ? Unchecked;ijcai-2026-base-14-g0df50d7
n-puzzle;unit;23/7;7;3 0 4 6 2 1 8 5 7;0 1 2 3 4 5 6 7 8;13;19;19;221;0;0;33;0.001376;160610;K*;                        ? Unchecked;ijcai-2026-base-14-g0df50d7
n-puzzle;unit;24/7;7;5 3 2 4 8 6 0 1 7;0 1 2 3 4 5 6 7 8;14;24;24;2330;0;0;33;0.012827;181648;K*;                        ? Unchecked;ijcai-2026-base-14-g0df50d7
n-puzzle;unit;25/7;7;1 3 5 2 4 6 8 7 0;0 1 2 3 4 5 6 7 8;12;28;28;8305;0;0;34;0.03987;208302;K*;                        ? Unchecked;ijcai-2026-base-14-g0df50d7
n-puzzle;unit;26/7;7;8 5 1 4 2 7 6 0 3;0 1 2 3 4 5 6 7 8;15;25;25;1291;0;0;34;0.005922;218001;K*;                        ? Unchecked;ijcai-2026-base-14-g0df50d7
n-puzzle;unit;27/7;7;2 8 5 6 3 1 4 0 7;0 1 2 3 4 5 6 7 8;13;23;23;901;0;0;34;0.004646;193930;K*;                        ? Unchecked;ijcai-2026-base-14-g0df50d7
n-puzzle;unit;28/7;7;5 0 7 4 2 3 1 6 8;0 1 2 3 4 5 6 7 8;15;21;21;210;0;0;34;0.001658;126659;K*;                        ? Unchecked;ijcai-2026-base-14-g0df50d7
n-puzzle;unit;29/7;7;3 2 4 7 6 8 5 1 0;0 1 2 3 4 5 6 7 8;14;20;20;198;0;0;34;0.001199;165138;K*;                        ? Unchecked;ijcai-2026-base-14-g0df50d7
n-puzzle;unit;30/7;7;1 3 2 0 8 6 4 7 5;0 1 2 3 4 5 6 7 8;11;23;23;1157;0;0;34;0.007651;151222;K*;                        ? Unchecked;ijcai-2026-base-14-g0df50d7
n-puzzle;unit;31/7;7;8 2 5 3 7 6 4 0 1;0 1 2 3 4 5 6 7 8;15;25;25;1247;0;0;34;0.005804;214852;K*;                        ? Unchecked;ijcai-2026-base-14-g0df50d7
n-puzzle;unit;32/7;7;2 4 0 7 5 1 8 6 3;0 1 2 3 4 5 6 7 8;14;24;24;668;0;0;34;0.004317;154737;K*;                        ? Unchecked;ijcai-2026-base-14-g0df50d7
n-puzzle;unit;33/7;7;0 1 5 2 6 8 7 3 4;0 1 2 3 4 5 6 7 8;12;22;22;624;0;0;34;0.003629;171948;K*;                        ? Unchecked;ijcai-2026-base-14-g0df50d7
n-puzzle;unit;34/7;7;7 1 5 2 8 6 3 4 0;0 1 2 3 4 5 6 7 8;14;20;20;185;0;0;34;0.001445;128028;K*;                        ? Unchecked;ijcai-2026-base-14-g0df50d7
n-puzzle;unit;35/7;7;6 3 1 2 8 7 0 4 5;0 1 2 3 4 5 6 7 8;14;24;24;1067;0;0;34;0.006113;174546;K*;                        ? Unchecked;ijcai-2026-base-14-g0df50d7
n-puzzle;unit;36/7;7;0 3 5 4 8 6 7 2 1;0 1 2 3 4 5 6 7 8;16;24;24;685;0;0;34;0.003591;190755;K*;                        ? Unchecked;ijcai-2026-base-14-g0df50d7
n-puzzle;unit;37/7;7;8 1 4 0 3 2 5 6 7;0 1 2 3 4 5 6 7 8;13;23;23;750;0;0;34;0.005028;149165;K*;                        ? Unchecked;ijcai-2026-base-14-g0df50d7
n-puzzle;unit;38/7;7;7 4 1 6 2 8 3 5 0;0 1 2 3 4 5 6 7 8;12;24;24;1567;0;0;34;0.007942;197305;K*;                        ? Unchecked;ijcai-2026-base-14-g0df50d7
n-puzzle;unit;39/7;7;4 6 8 0 5 1 3 2 7;0 1 2 3 4 5 6 7 8;15;25;25;1295;0;0;34;0.007035;184080;K*;                        ? Unchecked;ijcai-2026-base-14-g0df50d7
n-puzzle;unit;40/7;7;4 2 8 6 0 1 3 5 7;0 1 2 3 4 5 6 7 8;12;22;22;782;0;0;34;0.004638;168607;K*;                        ? Unchecked;ijcai-2026-base-14-g0df50d7
n-puzzle;unit;41/7;7;3 7 8 4 5 2 6 1 0;0 1 2 3 4 5 6 7 8;10;22;22;460;0;0;34;0.002391;192388;K*;                        ? Unchecked;ijcai-2026-base-14-g0df50d7
n-puzzle;unit;42/7;7;7 5 6 1 0 3 2 8 4;0 1 2 3 4 5 6 7 8;20;26;26;741;0;0;34;0.00492;150610;K*;                        ? Unchecked;ijcai-2026-base-14-g0df50d7
n-puzzle;unit;43/7;7;1 6 4 8 5 3 7 2 0;0 1 2 3 4 5 6 7 8;16;24;24;640;0;0;34;0.00398;160804;K*;                        ? Unchecked;ijcai-2026-base-14-g0df50d7
n-puzzle;unit;44/7;7;2 5 7 1 8 4 3 6 0;0 1 2 3 4 5 6 7 8;14;18;18;69;0;0;34;0.000859;80326;K*;                        ? Unchecked;ijcai-2026-base-14-g0df50d7
n-puzzle;unit;45/7;7;3 8 4 0 7 1 5 6 2;0 1 2 3 4 5 6 7 8;15;21;21;235;0;0;34;0.001151;204170;K*;                        ? Unchecked;ijcai-2026-base-14-g0df50d7
n-puzzle;unit;46/7;7;3 0 5 4 2 1 7 8 6;0 1 2 3 4 5 6 7 8;11;21;21;471;0;0;34;0.002176;216452;K*;                        ? Unchecked;ijcai-2026-base-14-g0df50d7
n-puzzle;unit;47/7;7;4 5 3 1 7 0 8 2 6;0 1 2 3 4 5 6 7 8;17;25;25;898;0;0;34;0.006281;142971;K*;                        ? Unchecked;ijcai-2026-base-14-g0df50d7
n-puzzle;unit;48/7;7;1 8 4 2 3 5 6 0 7;0 1 2 3 4 5 6 7 8;11;21;21;492;0;0;34;0.002793;176155;K*;                        ? Unchecked;ijcai-2026-base-14-g0df50d7
n-puzzle;unit;49/7;7;4 8 1 0 6 7 3 2 5;0 1 2 3 4 5 6 7 8;15;27;27;4238;0;0;34;0.025581;165670;K*;                        ? Unchecked;ijcai-2026-base-14-g0df50d7
n-puzzle;unit;50/7;7;8 5 3 4 6 1 7 2 0;0 1 2 3 4 5 6 7 8;18;26;26;1186;0;0;34;0.008441;140505;K*;                        ? Unchecked;ijcai-2026-base-14-g0df50d7
n-puzzle;unit;51/7;7;4 3 7 1 5 2 6 0 8;0 1 2 3 4 5 6 7 8;11;21;21;530;0;0;34;0.004241;124971;K*;                        ? Unchecked;ijcai-2026-base-14-g0df50d7
n-puzzle;unit;52/7;7;7 4 1 2 3 0 5 8 6;0 1 2 3 4 5 6 7 8;15;29;29;6791;0;0;34;0.04039;168136;K*;                        ? Unchecked;ijcai-2026-base-14-g0df50d7
n-puzzle;unit;53/7;7;7 5 6 8 2 1 0 4 3;0 1 2 3 4 5 6 7 8;20;28;28;2079;0;0;34;0.010158;204666;K*;                        ? Unchecked;ijcai-2026-base-14-g0df50d7
n-puzzle;unit;54/7;7;2 8 5 0 7 6 1 4 3;0 1 2 3 4 5 6 7 8;17;23;23;322;0;0;34;0.002775;116036;K*;                        ? Unchecked;ijcai-2026-base-14-g0df50d7
n-puzzle;unit;55/7;7;3 5 2 4 1 6 8 0 7;0 1 2 3 4 5 6 7 8;11;25;25;2287;0;0;34;0.009926;230405;K*;                        ? Unchecked;ijcai-2026-base-14-g0df50d7
n-puzzle;unit;56/7;7;8 6 1 5 4 3 0 2 7;0 1 2 3 4 5 6 7 8;16;28;28;2529;0;0;34;0.014736;171621;K*;                        ? Unchecked;ijcai-2026-base-14-g0df50d7
n-puzzle;unit;57/7;7;4 6 5 7 3 2 1 0 8;0 1 2 3 4 5 6 7 8;13;23;23;934;0;0;34;0.006539;142835;K*;                        ? Unchecked;ijcai-2026-base-14-g0df50d7
n-puzzle;unit;58/7;7;3 7 4 2 8 6 5 0 1;0 1 2 3 4 5 6 7 8;19;27;27;2160;0;0;34;0.009918;217786;K*;                        ? Unchecked;ijcai-2026-base-14-g0df50d7
n-puzzle;unit;59/7;7;8 7 4 5 6 2 3 0 1;0 1 2 3 4 5 6 7 8;17;29;29;5681;0;0;34;0.036102;157360;K*;                        ? Unchecked;ijcai-2026-base-14-g0df50d7
n-puzzle;unit;60/7;7;6 1 5 3 4 0 8 2 7;0 1 2 3 4 5 6 7 8;9;23;23;1027;0;0;34;0.004832;212541;K*;                        ? Unchecked;ijcai-2026-base-14-g0df50d7
n-puzzle;unit;61/7;7;4 5 2 8 0 3 1 6 7;0 1 2 3 4 5 6 7 8;14;22;22;537;0;0;34;0.003561;150800;K*;                        ? Unchecked;ijcai-2026-base-14-g0df50d7
n-puzzle;unit;62/7;7;8 5 4 6 1 2 7 3 0;0 1 2 3 4 5 6 7 8;14;26;26;1784;0;0;34;0.011536;154646;K*;                        ? Unchecked;ijcai-2026-base-14-g0df50d7
n-puzzle;unit;63/7;7;0 5 8 2 6 7 4 3 1;0 1 2 3 4 5 6 7 8;18;24;24;656;0;0;34;0.005428;120855;K*;                        ? Unchecked;ijcai-2026-base-14-g0df50d7
n-puzzle;unit;64/7;7;5 0 1 8 7 3 4 6 2;0 1 2 3 4 5 6 7 8;15;25;25;1099;0;0;34;0.00605;181653;K*;                        ? Unchecked;ijcai-2026-base-14-g0df50d7
n-puzzle;unit;65/7;7;7 6 1 3 4 8 0 5 2;0 1 2 3 4 5 6 7 8;12;24;24;1029;0;0;34;0.006626;155297;K*;                        ? Unchecked;ijcai-2026-base-14-g0df50d7
n-puzzle;unit;66/7;7;8 0 7 3 6 5 1 2 4;0 1 2 3 4 5 6 7 8;17;27;27;1920;0;0;34;0.009764;196641;K*;                        ? Unchecked;ijcai-2026-base-14-g0df50d7
n-puzzle;unit;67/7;7;7 2 8 6 5 1 4 0 3;0 1 2 3 4 5 6 7 8;15;25;25;1332;0;0;34;0.008312;160250;K*;                        ? Unchecked;ijcai-2026-base-14-g0df50d7
n-puzzle;unit;68/7;7;5 0 3 4 1 8 2 7 6;0 1 2 3 4 5 6 7 8;15;25;25;1657;0;0;34;0.008117;204139;K*;                        ? Unchecked;ijcai-2026-base-14-g0df50d7
n-puzzle;unit;69/7;7;7 8 4 6 3 5 2 1 0;0 1 2 3 4 5 6 7 8;16;28;28;3081;0;0;34;0.024955;123462;K*;                        ? Unchecked;ijcai-2026-base-14-g0df50d7
n-puzzle;unit;70/7;7;7 0 3 2 8 1 5 4 6;0 1 2 3 4 5 6 7 8;19;23;23;171;0;0;34;0.003458;49450.5;K*;                        ? Unchecked;ijcai-2026-base-14-g0df50d7
n-puzzle;unit;71/7;7;1 0 7 3 4 8 2 5 6;0 1 2 3 4 5 6 7 8;13;25;25;1244;0;0;34;0.006774;183643;K*;                        ? Unchecked;ijcai-2026-base-14-g0df50d7
n-puzzle;unit;72/7;7;8 0 7 4 3 6 5 2 1;0 1 2 3 4 5 6 7 8;21;27;27;690;0;0;34;0.006248;110435;K*;                        ? Unchecked;ijcai-2026-base-14-g0df50d7
n-puzzle;unit;73/7;7;3 7 8 5 1 2 0 6 4;0 1 2 3 4 5 6 7 8;12;26;26;2268;0;0;34;0.009583;236669;K*;                        ? Unchecked;ijcai-2026-base-14-g0df50d7
n-puzzle;unit;74/7;7;1 6 2 0 7 8 4 5 3;0 1 2 3 4 5 6 7 8;13;19;19;138;0;0;34;0.002371;58203.3;K*;                        ? Unchecked;ijcai-2026-base-14-g0df50d7
n-puzzle;unit;75/7;7;6 1 2 3 0 8 4 5 7;0 1 2 3 4 5 6 7 8;8;20;20;504;0;0;34;0.002621;192293;K*;                        ? Unchecked;ijcai-2026-base-14-g0df50d7
n-puzzle;unit;76/7;7;1 0 7 5 6 4 3 2 8;0 1 2 3 4 5 6 7 8;13;23;23;571;0;0;34;0.002892;197441;K*;                        ? Unchecked;ijcai-2026-base-14-g0df50d7
n-puzzle;unit;77/7;7;2 7 6 1 4 0 5 3 8;0 1 2 3 4 5 6 7 8;15;25;25;929;0;0;34;0.005742;161790;K*;                        ? Unchecked;ijcai-2026-base-14-g0df50d7
n-puzzle;unit;78/7;7;2 3 8 4 0 6 1 5 7;0 1 2 3 4 5 6 7 8;16;24;24;813;0;0;34;0.005754;141293;K*;                        ? Unchecked;ijcai-2026-base-14-g0df50d7
n-puzzle;unit;79/7;7;0 5 4 6 1 7 8 2 3;0 1 2 3 4 5 6 7 8;16;26;26;1483;0;0;34;0.009152;162041;K*;                        ? Unchecked;ijcai-2026-base-14-g0df50d7
n-puzzle;unit;80/7;7;5 3 4 7 0 1 8 6 2;0 1 2 3 4 5 6 7 8;16;22;22;446;0;0;34;0.003831;116419;K*;                        ? Unchecked;ijcai-2026-base-14-g0df50d7
n-puzzle;unit;81/7;7;1 7 5 6 8 3 4 2 0;0 1 2 3 4 5 6 7 8;14;24;24;1116;0;0;34;0.005958;187311;K*;                        ? Unchecked;ijcai-2026-base-14-g0df50d7
n-puzzle;unit;82/7;7;3 1 4 0 5 8 2 7 6;0 1 2 3 4 5 6 7 8;11;21;21;615;0;0;34;0.004818;127646;K*;                        ? Unchecked;ijcai-2026-base-14-g0df50d7
n-puzzle;unit;83/7;7;4 2 3 0 5 1 8 6 7;0 1 2 3 4 5 6 7 8;13;21;21;254;0;0;34;0.001514;167768;K*;                        ? Unchecked;ijcai-2026-base-14-g0df50d7
n-puzzle;unit;84/7;7;4 7 3 1 6 5 8 0 2;0 1 2 3 4 5 6 7 8;15;25;25;2637;0;0;34;0.017254;152834;K*;                        ? Unchecked;ijcai-2026-base-14-g0df50d7
n-puzzle;unit;85/7;7;3 6 0 1 5 8 4 2 7;0 1 2 3 4 5 6 7 8;14;24;24;748;0;0;34;0.005928;126181;K*;                        ? Unchecked;ijcai-2026-base-14-g0df50d7
n-puzzle;unit;86/7;7;8 6 2 7 5 1 3 0 4;0 1 2 3 4 5 6 7 8;15;27;27;6413;0;0;34;0.034796;184303;K*;                        ? Unchecked;ijcai-2026-base-14-g0df50d7
n-puzzle;unit;87/7;7;3 2 5 7 6 0 8 1 4;0 1 2 3 4 5 6 7 8;13;19;19;166;0;0;34;0.001213;136851;K*;                        ? Unchecked;ijcai-2026-base-14-g0df50d7
n-puzzle;unit;88/7;7;1 3 2 4 0 5 8 7 6;0 1 2 3 4 5 6 7 8;8;24;24;2031;0;0;34;0.01052;193061;K*;                        ? Unchecked;ijcai-2026-base-14-g0df50d7
n-puzzle;unit;89/7;7;0 8 4 3 2 1 6 5 7;0 1 2 3 4 5 6 7 8;12;20;20;219;0;0;34;0.002487;88057.9;K*;                        ? Unchecked;ijcai-2026-base-14-g0df50d7
n-puzzle;unit;90/7;7;0 6 1 5 7 8 4 2 3;0 1 2 3 4 5 6 7 8;16;24;24;609;0;0;34;0.003059;199085;K*;                        ? Unchecked;ijcai-2026-base-14-g0df50d7
n-puzzle;unit;91/7;7;2 1 6 4 5 8 3 0 7;0 1 2 3 4 5 6 7 8;11;25;25;1852;0;0;34;0.008944;207066;K*;                        ? Unchecked;ijcai-2026-base-14-g0df50d7
n-puzzle;unit;92/7;7;3 7 4 6 1 5 8 0 2;0 1 2 3 4 5 6 7 8;11;23;23;973;0;0;34;0.007467;130307;K*;                        ? Unchecked;ijcai-2026-base-14-g0df50d7
n-puzzle;unit;93/7;7;7 6 1 3 5 8 2 4 0;0 1 2 3 4 5 6 7 8;14;24;24;854;0;0;34;0.004744;180017;K*;                        ? Unchecked;ijcai-2026-base-14-g0df50d7
n-puzzle;unit;94/7;7;4 7 8 1 0 3 6 2 5;0 1 2 3 4 5 6 7 8;14;24;24;1239;0;0;34;0.011649;106361;K*;                        ? Unchecked;ijcai-2026-base-14-g0df50d7
n-puzzle;unit;95/7;7;0 5 8 2 7 4 1 6 3;0 1 2 3 4 5 6 7 8;16;22;22;186;0;0;34;0.001882;98831;K*;                        ? Unchecked;ijcai-2026-base-14-g0df50d7
n-puzzle;unit;96/7;7;5 2 3 8 7 0 1 6 4;0 1 2 3 4 5 6 7 8;17;25;25;926;0;0;34;0.004001;231442;K*;                        ? Unchecked;ijcai-2026-base-14-g0df50d7
n-puzzle;unit;97/7;7;8 3 0 4 7 2 6 1 5;0 1 2 3 4 5 6 7 8;12;20;20;145;0;0;34;0.001393;104092;K*;                        ? Unchecked;ijcai-2026-base-14-g0df50d7
n-puzzle;unit;98/7;7;5 8 6 0 7 4 1 3 2;0 1 2 3 4 5 6 7 8;19;27;27;1450;0;0;34;0.00927;156419;K*;                        ? Unchecked;ijcai-2026-base-14-g0df50d7
n-puzzle;unit;99/7;7;7 5 0 6 3 2 1 8 4;0 1 2 3 4 5 6 7 8;14;26;26;5198;0;0;34;0.034745;149604;K*;                        ? Unchecked;ijcai-2026-base-14-g0df50d7
n-puzzle;unit;0/8;8;5 6 0 8 4 7 1 3 2;0 1 2 3 4 5 6 7 8;18;26;26;487;0;0;34;0.005628;86531.6;K*;                        ? Unchecked;ijcai-2026-base-14-g0df50d7
n-puzzle;unit;1/8;8;0 8 6 4 7 1 5 3 2;0 1 2 3 4 5 6 7 8;18;26;26;815;0;0;34;0.00613;132953;K*;                        ? Unchecked;ijcai-2026-base-14-g0df50d7
n-puzzle;unit;2/8;8;5 2 8 0 7 4 1 3 6;0 1 2 3 4 5 6 7 8;15;23;23;568;0;0;34;0.004285;132555;K*;                        ? Unchecked;ijcai-2026-base-14-g0df50d7
n-puzzle;unit;3/8;8;7 2 6 0 8 1 5 4 3;0 1 2 3 4 5 6 7 8;19;27;27;1563;0;0;34;0.008023;194815;K*;                        ? Unchecked;ijcai-2026-base-14-g0df50d7
n-puzzle;unit;4/8;8;5 1 8 6 0 7 2 4 3;0 1 2 3 4 5 6 7 8;16;24;24;1773;0;0;34;0.013861;127913;K*;                        ? Unchecked;ijcai-2026-base-14-g0df50d7
n-puzzle;unit;5/8;8;8 0 3 6 4 5 7 2 1;0 1 2 3 4 5 6 7 8;15;25;25;1074;0;0;34;0.007004;153341;K*;                        ? Unchecked;ijcai-2026-base-14-g0df50d7
n-puzzle;unit;6/8;8;4 2 7 1 5 8 0 6 3;0 1 2 3 4 5 6 7 8;14;20;20;134;0;0;34;0.00164;81707.3;K*;                        ? Unchecked;ijcai-2026-base-14-g0df50d7
n-puzzle;unit;7/8;8;4 1 7 3 2 5 6 0 8;0 1 2 3 4 5 6 7 8;7;21;21;634;0;0;34;0.003863;164121;K*;                        ? Unchecked;ijcai-2026-base-14-g0df50d7
n-puzzle;unit;8/8;8;8 4 0 5 1 6 2 7 3;0 1 2 3 4 5 6 7 8;18;28;28;2248;0;0;34;0.015333;146612;K*;                        ? Unchecked;ijcai-2026-base-14-g0df50d7
n-puzzle;unit;9/8;8;1 3 0 7 6 2 5 8 4;0 1 2 3 4 5 6 7 8;14;24;24;1214;0;0;34;0.011485;105703;K*;                        ? Unchecked;ijcai-2026-base-14-g0df50d7
n-puzzle;unit;10/8;8;7 0 4 6 8 5 3 1 2;0 1 2 3 4 5 6 7 8;13;29;29;8045;0;0;34;0.045669;176159;K*;                        ? Unchecked;ijcai-2026-base-14-g0df50d7
n-puzzle;unit;11/8;8;6 1 7 5 8 2 4 3 0;0 1 2 3 4 5 6 7 8;14;26;26;1848;0;0;34;0.010224;180751;K*;                        ? Unchecked;ijcai-2026-base-14-g0df50d7
n-puzzle;unit;12/8;8;7 5 2 1 6 3 8 0 4;0 1 2 3 4 5 6 7 8;15;27;27;3728;0;0;34;0.017183;216959;K*;                        ? Unchecked;ijcai-2026-base-14-g0df50d7
n-puzzle;unit;13/8;8;6 2 4 0 8 7 5 3 1;0 1 2 3 4 5 6 7 8;17;27;27;3206;0;0;34;0.021872;146580;K*;                        ? Unchecked;ijcai-2026-base-14-g0df50d7
n-puzzle;unit;14/8;8;0 1 6 2 5 7 4 8 3;0 1 2 3 4 5 6 7 8;16;28;28;3608;0;0;34;0.017813;202549;K*;                        ? Unchecked;ijcai-2026-base-14-g0df50d7
n-puzzle;unit;15/8;8;4 0 3 6 1 2 8 5 7;0 1 2 3 4 5 6 7 8;13;17;17;50;0;0;34;0.002969;16840.7;K*;                        ? Unchecked;ijcai-2026-base-14-g0df50d7
n-puzzle;unit;16/8;8;1 5 8 7 6 4 0 3 2;0 1 2 3 4 5 6 7 8;14;22;22;509;0;0;34;0.002548;199765;K*;                        ? Unchecked;ijcai-2026-base-14-g0df50d7
n-puzzle;unit;17/8;8;2 7 0 8 4 6 3 5 1;0 1 2 3 4 5 6 7 8;16;26;26;973;0;0;34;0.005209;186792;K*;                        ? Unchecked;ijcai-2026-base-14-g0df50d7
n-puzzle;unit;18/8;8;7 4 8 1 5 6 0 2 3;0 1 2 3 4 5 6 7 8;18;26;26;678;0;0;34;0.003683;184089;K*;                        ? Unchecked;ijcai-2026-base-14-g0df50d7
n-puzzle;unit;19/8;8;2 3 0 1 4 7 5 6 8;0 1 2 3 4 5 6 7 8;12;26;26;2437;0;0;34;0.015471;157521;K*;                        ? Unchecked;ijcai-2026-base-14-g0df50d7
n-puzzle;unit;20/8;8;2 1 4 5 0 6 8 3 7;0 1 2 3 4 5 6 7 8;14;28;28;5892;0;0;34;0.03164;186220;K*;                        ? Unchecked;ijcai-2026-base-14-g0df50d7
n-puzzle;unit;21/8;8;8 7 6 2 5 4 1 0 3;0 1 2 3 4 5 6 7 8;21;29;29;1892;0;0;34;0.019086;99130.3;K*;                        ? Unchecked;ijcai-2026-base-14-g0df50d7
n-puzzle;unit;22/8;8;2 7 3 1 6 5 4 0 8;0 1 2 3 4 5 6 7 8;13;21;21;323;0;0;34;0.003015;107131;K*;                        ? Unchecked;ijcai-2026-base-14-g0df50d7
n-puzzle;unit;23/8;8;3 0 4 6 2 1 8 5 7;0 1 2 3 4 5 6 7 8;13;19;19;221;0;0;34;0.001387;159337;K*;                        ? Unchecked;ijcai-2026-base-14-g0df50d7
n-puzzle;unit;24/8;8;5 3 2 4 8 6 0 1 7;0 1 2 3 4 5 6 7 8;14;26;26;2331;0;0;34;0.013122;177641;K*;                        ? Unchecked;ijcai-2026-base-14-g0df50d7
n-puzzle;unit;25/8;8;1 3 5 2 4 6 8 7 0;0 1 2 3 4 5 6 7 8;12;28;28;8385;0;0;34;0.041678;201185;K*;                        ? Unchecked;ijcai-2026-base-14-g0df50d7
n-puzzle;unit;26/8;8;8 5 1 4 2 7 6 0 3;0 1 2 3 4 5 6 7 8;15;25;25;1291;0;0;34;0.006169;209272;K*;                        ? Unchecked;ijcai-2026-base-14-g0df50d7
n-puzzle;unit;27/8;8;2 8 5 6 3 1 4 0 7;0 1 2 3 4 5 6 7 8;13;23;23;901;0;0;34;0.004695;191906;K*;                        ? Unchecked;ijcai-2026-base-14-g0df50d7
n-puzzle;unit;28/8;8;5 0 7 4 2 3 1 6 8;0 1 2 3 4 5 6 7 8;15;21;21;210;0;0;34;0.001756;119590;K*;                        ? Unchecked;ijcai-2026-base-14-g0df50d7
n-puzzle;unit;29/8;8;3 2 4 7 6 8 5 1 0;0 1 2 3 4 5 6 7 8;14;20;20;198;0;0;34;0.00118;167797;K*;                        ? Unchecked;ijcai-2026-base-14-g0df50d7
n-puzzle;unit;30/8;8;1 3 2 0 8 6 4 7 5;0 1 2 3 4 5 6 7 8;11;23;23;1157;0;0;34;0.007923;146031;K*;                        ? Unchecked;ijcai-2026-base-14-g0df50d7
n-puzzle;unit;31/8;8;8 2 5 3 7 6 4 0 1;0 1 2 3 4 5 6 7 8;15;25;25;1247;0;0;34;0.006074;205301;K*;                        ? Unchecked;ijcai-2026-base-14-g0df50d7
n-puzzle;unit;32/8;8;2 4 0 7 5 1 8 6 3;0 1 2 3 4 5 6 7 8;14;24;24;668;0;0;34;0.004447;150214;K*;                        ? Unchecked;ijcai-2026-base-14-g0df50d7
n-puzzle;unit;33/8;8;0 1 5 2 6 8 7 3 4;0 1 2 3 4 5 6 7 8;12;22;22;624;0;0;34;0.003529;176821;K*;                        ? Unchecked;ijcai-2026-base-14-g0df50d7
n-puzzle;unit;34/8;8;7 1 5 2 8 6 3 4 0;0 1 2 3 4 5 6 7 8;14;20;20;185;0;0;34;0.001589;116425;K*;                        ? Unchecked;ijcai-2026-base-14-g0df50d7
n-puzzle;unit;35/8;8;6 3 1 2 8 7 0 4 5;0 1 2 3 4 5 6 7 8;14;24;24;1067;0;0;34;0.006051;176334;K*;                        ? Unchecked;ijcai-2026-base-14-g0df50d7
n-puzzle;unit;36/8;8;0 3 5 4 8 6 7 2 1;0 1 2 3 4 5 6 7 8;16;24;24;685;0;0;34;0.003639;188239;K*;                        ? Unchecked;ijcai-2026-base-14-g0df50d7
n-puzzle;unit;37/8;8;8 1 4 0 3 2 5 6 7;0 1 2 3 4 5 6 7 8;13;23;23;750;0;0;34;0.005084;147522;K*;                        ? Unchecked;ijcai-2026-base-14-g0df50d7
n-puzzle;unit;38/8;8;7 4 1 6 2 8 3 5 0;0 1 2 3 4 5 6 7 8;12;24;24;1567;0;0;34;0.008121;192957;K*;                        ? Unchecked;ijcai-2026-base-14-g0df50d7
n-puzzle;unit;39/8;8;4 6 8 0 5 1 3 2 7;0 1 2 3 4 5 6 7 8;15;25;25;1295;0;0;34;0.007041;183923;K*;                        ? Unchecked;ijcai-2026-base-14-g0df50d7
n-puzzle;unit;40/8;8;4 2 8 6 0 1 3 5 7;0 1 2 3 4 5 6 7 8;12;22;22;782;0;0;34;0.004587;170482;K*;                        ? Unchecked;ijcai-2026-base-14-g0df50d7
n-puzzle;unit;41/8;8;3 7 8 4 5 2 6 1 0;0 1 2 3 4 5 6 7 8;10;22;22;460;0;0;34;0.002414;190555;K*;                        ? Unchecked;ijcai-2026-base-14-g0df50d7
n-puzzle;unit;42/8;8;7 5 6 1 0 3 2 8 4;0 1 2 3 4 5 6 7 8;20;26;26;741;0;0;34;0.00506;146443;K*;                        ? Unchecked;ijcai-2026-base-14-g0df50d7
n-puzzle;unit;43/8;8;1 6 4 8 5 3 7 2 0;0 1 2 3 4 5 6 7 8;16;24;24;640;0;0;34;0.004;160000;K*;                        ? Unchecked;ijcai-2026-base-14-g0df50d7
n-puzzle;unit;44/8;8;2 5 7 1 8 4 3 6 0;0 1 2 3 4 5 6 7 8;14;18;18;69;0;0;34;0.000881;78320.1;K*;                        ? Unchecked;ijcai-2026-base-14-g0df50d7
n-puzzle;unit;45/8;8;3 8 4 0 7 1 5 6 2;0 1 2 3 4 5 6 7 8;15;21;21;235;0;0;34;0.001166;201544;K*;                        ? Unchecked;ijcai-2026-base-14-g0df50d7
n-puzzle;unit;46/8;8;3 0 5 4 2 1 7 8 6;0 1 2 3 4 5 6 7 8;11;21;21;471;0;0;34;0.002202;213896;K*;                        ? Unchecked;ijcai-2026-base-14-g0df50d7
n-puzzle;unit;47/8;8;4 5 3 1 7 0 8 2 6;0 1 2 3 4 5 6 7 8;17;25;25;898;0;0;34;0.00651;137942;K*;                        ? Unchecked;ijcai-2026-base-14-g0df50d7
n-puzzle;unit;48/8;8;1 8 4 2 3 5 6 0 7;0 1 2 3 4 5 6 7 8;11;21;21;492;0;0;34;0.002818;174592;K*;                        ? Unchecked;ijcai-2026-base-14-g0df50d7
n-puzzle;unit;49/8;8;4 8 1 0 6 7 3 2 5;0 1 2 3 4 5 6 7 8;15;27;27;4238;0;0;34;0.025866;163844;K*;                        ? Unchecked;ijcai-2026-base-14-g0df50d7
n-puzzle;unit;50/8;8;8 5 3 4 6 1 7 2 0;0 1 2 3 4 5 6 7 8;18;26;26;1186;0;0;34;0.008572;138357;K*;                        ? Unchecked;ijcai-2026-base-14-g0df50d7
n-puzzle;unit;51/8;8;4 3 7 1 5 2 6 0 8;0 1 2 3 4 5 6 7 8;11;21;21;530;0;0;34;0.00426;124413;K*;                        ? Unchecked;ijcai-2026-base-14-g0df50d7
n-puzzle;unit;52/8;8;7 4 1 2 3 0 5 8 6;0 1 2 3 4 5 6 7 8;15;29;29;6791;0;0;34;0.040481;167758;K*;                        ? Unchecked;ijcai-2026-base-14-g0df50d7
n-puzzle;unit;53/8;8;7 5 6 8 2 1 0 4 3;0 1 2 3 4 5 6 7 8;20;28;28;2079;0;0;34;0.010251;202809;K*;                        ? Unchecked;ijcai-2026-base-14-g0df50d7
n-puzzle;unit;54/8;8;2 8 5 0 7 6 1 4 3;0 1 2 3 4 5 6 7 8;17;23;23;322;0;0;34;0.002832;113701;K*;                        ? Unchecked;ijcai-2026-base-14-g0df50d7
n-puzzle;unit;55/8;8;3 5 2 4 1 6 8 0 7;0 1 2 3 4 5 6 7 8;11;25;25;2287;0;0;34;0.009962;229572;K*;                        ? Unchecked;ijcai-2026-base-14-g0df50d7
n-puzzle;unit;56/8;8;8 6 1 5 4 3 0 2 7;0 1 2 3 4 5 6 7 8;16;28;28;2529;0;0;34;0.014929;169402;K*;                        ? Unchecked;ijcai-2026-base-14-g0df50d7
n-puzzle;unit;57/8;8;4 6 5 7 3 2 1 0 8;0 1 2 3 4 5 6 7 8;13;23;23;934;0;0;34;0.006584;141859;K*;                        ? Unchecked;ijcai-2026-base-14-g0df50d7
n-puzzle;unit;58/8;8;3 7 4 2 8 6 5 0 1;0 1 2 3 4 5 6 7 8;19;27;27;2160;0;0;34;0.010109;213671;K*;                        ? Unchecked;ijcai-2026-base-14-g0df50d7
n-puzzle;unit;59/8;8;8 7 4 5 6 2 3 0 1;0 1 2 3 4 5 6 7 8;17;29;29;5681;0;0;34;0.035894;158272;K*;                        ? Unchecked;ijcai-2026-base-14-g0df50d7
n-puzzle;unit;60/8;8;6 1 5 3 4 0 8 2 7;0 1 2 3 4 5 6 7 8;9;23;23;1027;0;0;34;0.00483;212629;K*;                        ? Unchecked;ijcai-2026-base-14-g0df50d7
n-puzzle;unit;61/8;8;4 5 2 8 0 3 1 6 7;0 1 2 3 4 5 6 7 8;14;22;22;537;0;0;34;0.003591;149541;K*;                        ? Unchecked;ijcai-2026-base-14-g0df50d7
n-puzzle;unit;62/8;8;8 5 4 6 1 2 7 3 0;0 1 2 3 4 5 6 7 8;14;26;26;1784;0;0;34;0.011384;156711;K*;                        ? Unchecked;ijcai-2026-base-14-g0df50d7
n-puzzle;unit;63/8;8;0 5 8 2 6 7 4 3 1;0 1 2 3 4 5 6 7 8;18;24;24;656;0;0;34;0.005469;119949;K*;                        ? Unchecked;ijcai-2026-base-14-g0df50d7
n-puzzle;unit;64/8;8;5 0 1 8 7 3 4 6 2;0 1 2 3 4 5 6 7 8;15;25;25;1099;0;0;34;0.006081;180727;K*;                        ? Unchecked;ijcai-2026-base-14-g0df50d7
n-puzzle;unit;65/8;8;7 6 1 3 4 8 0 5 2;0 1 2 3 4 5 6 7 8;12;24;24;1029;0;0;34;0.00664;154970;K*;                        ? Unchecked;ijcai-2026-base-14-g0df50d7
n-puzzle;unit;66/8;8;8 0 7 3 6 5 1 2 4;0 1 2 3 4 5 6 7 8;17;27;27;1920;0;0;34;0.00993;193353;K*;                        ? Unchecked;ijcai-2026-base-14-g0df50d7
n-puzzle;unit;67/8;8;7 2 8 6 5 1 4 0 3;0 1 2 3 4 5 6 7 8;15;25;25;1332;0;0;34;0.008389;158779;K*;                        ? Unchecked;ijcai-2026-base-14-g0df50d7
n-puzzle;unit;68/8;8;5 0 3 4 1 8 2 7 6;0 1 2 3 4 5 6 7 8;15;25;25;1677;0;0;34;0.008547;196209;K*;                        ? Unchecked;ijcai-2026-base-14-g0df50d7
n-puzzle;unit;69/8;8;7 8 4 6 3 5 2 1 0;0 1 2 3 4 5 6 7 8;16;28;28;3081;0;0;34;0.023764;129650;K*;                        ? Unchecked;ijcai-2026-base-14-g0df50d7
n-puzzle;unit;70/8;8;7 0 3 2 8 1 5 4 6;0 1 2 3 4 5 6 7 8;19;23;23;171;0;0;34;0.003219;53122.1;K*;                        ? Unchecked;ijcai-2026-base-14-g0df50d7
n-puzzle;unit;71/8;8;1 0 7 3 4 8 2 5 6;0 1 2 3 4 5 6 7 8;13;25;25;1244;0;0;34;0.006583;188972;K*;                        ? Unchecked;ijcai-2026-base-14-g0df50d7
n-puzzle;unit;72/8;8;8 0 7 4 3 6 5 2 1;0 1 2 3 4 5 6 7 8;21;27;27;690;0;0;34;0.006281;109855;K*;                        ? Unchecked;ijcai-2026-base-14-g0df50d7
n-puzzle;unit;73/8;8;3 7 8 5 1 2 0 6 4;0 1 2 3 4 5 6 7 8;12;26;26;2268;0;0;34;0.00962;235759;K*;                        ? Unchecked;ijcai-2026-base-14-g0df50d7
n-puzzle;unit;74/8;8;1 6 2 0 7 8 4 5 3;0 1 2 3 4 5 6 7 8;13;19;19;138;0;0;34;0.002413;57190.2;K*;                        ? Unchecked;ijcai-2026-base-14-g0df50d7
n-puzzle;unit;75/8;8;6 1 2 3 0 8 4 5 7;0 1 2 3 4 5 6 7 8;8;20;20;504;0;0;34;0.002604;193548;K*;                        ? Unchecked;ijcai-2026-base-14-g0df50d7
n-puzzle;unit;76/8;8;1 0 7 5 6 4 3 2 8;0 1 2 3 4 5 6 7 8;13;23;23;571;0;0;34;0.002908;196355;K*;                        ? Unchecked;ijcai-2026-base-14-g0df50d7
n-puzzle;unit;77/8;8;2 7 6 1 4 0 5 3 8;0 1 2 3 4 5 6 7 8;15;25;25;929;0;0;34;0.005677;163643;K*;                        ? Unchecked;ijcai-2026-base-14-g0df50d7
n-puzzle;unit;78/8;8;2 3 8 4 0 6 1 5 7;0 1 2 3 4 5 6 7 8;16;24;24;813;0;0;34;0.005664;143538;K*;                        ? Unchecked;ijcai-2026-base-14-g0df50d7
n-puzzle;unit;79/8;8;0 5 4 6 1 7 8 2 3;0 1 2 3 4 5 6 7 8;16;26;26;1483;0;0;34;0.009349;158627;K*;                        ? Unchecked;ijcai-2026-base-14-g0df50d7
n-puzzle;unit;80/8;8;5 3 4 7 0 1 8 6 2;0 1 2 3 4 5 6 7 8;16;22;22;446;0;0;34;0.003774;118177;K*;                        ? Unchecked;ijcai-2026-base-14-g0df50d7
n-puzzle;unit;81/8;8;1 7 5 6 8 3 4 2 0;0 1 2 3 4 5 6 7 8;14;24;24;1116;0;0;34;0.00592;188514;K*;                        ? Unchecked;ijcai-2026-base-14-g0df50d7
n-puzzle;unit;82/8;8;3 1 4 0 5 8 2 7 6;0 1 2 3 4 5 6 7 8;11;23;23;777;0;0;34;0.007411;104844;K*;                        ? Unchecked;ijcai-2026-base-14-g0df50d7
n-puzzle;unit;83/8;8;4 2 3 0 5 1 8 6 7;0 1 2 3 4 5 6 7 8;13;21;21;254;0;0;34;0.001676;151551;K*;                        ? Unchecked;ijcai-2026-base-14-g0df50d7
n-puzzle;unit;84/8;8;4 7 3 1 6 5 8 0 2;0 1 2 3 4 5 6 7 8;15;25;25;2677;0;0;34;0.017677;151440;K*;                        ? Unchecked;ijcai-2026-base-14-g0df50d7
n-puzzle;unit;85/8;8;3 6 0 1 5 8 4 2 7;0 1 2 3 4 5 6 7 8;14;24;24;748;0;0;34;0.00593;126138;K*;                        ? Unchecked;ijcai-2026-base-14-g0df50d7
n-puzzle;unit;86/8;8;8 6 2 7 5 1 3 0 4;0 1 2 3 4 5 6 7 8;15;27;27;7273;0;0;34;0.047879;151904;K*;                        ? Unchecked;ijcai-2026-base-14-g0df50d7
n-puzzle;unit;87/8;8;3 2 5 7 6 0 8 1 4;0 1 2 3 4 5 6 7 8;13;19;19;166;0;0;34;0.001301;127594;K*;                        ? Unchecked;ijcai-2026-base-14-g0df50d7
n-puzzle;unit;88/8;8;1 3 2 4 0 5 8 7 6;0 1 2 3 4 5 6 7 8;8;24;24;2031;0;0;34;0.010532;192841;K*;                        ? Unchecked;ijcai-2026-base-14-g0df50d7
n-puzzle;unit;89/8;8;0 8 4 3 2 1 6 5 7;0 1 2 3 4 5 6 7 8;12;20;20;219;0;0;34;0.00253;86561.3;K*;                        ? Unchecked;ijcai-2026-base-14-g0df50d7
n-puzzle;unit;90/8;8;0 6 1 5 7 8 4 2 3;0 1 2 3 4 5 6 7 8;16;24;24;609;0;0;34;0.00293;207850;K*;                        ? Unchecked;ijcai-2026-base-14-g0df50d7
n-puzzle;unit;91/8;8;2 1 6 4 5 8 3 0 7;0 1 2 3 4 5 6 7 8;11;25;25;1852;0;0;34;0.008654;214005;K*;                        ? Unchecked;ijcai-2026-base-14-g0df50d7
n-puzzle;unit;92/8;8;3 7 4 6 1 5 8 0 2;0 1 2 3 4 5 6 7 8;11;23;23;973;0;0;34;0.007217;134821;K*;                        ? Unchecked;ijcai-2026-base-14-g0df50d7
n-puzzle;unit;93/8;8;7 6 1 3 5 8 2 4 0;0 1 2 3 4 5 6 7 8;14;24;24;854;0;0;34;0.004704;181548;K*;                        ? Unchecked;ijcai-2026-base-14-g0df50d7
n-puzzle;unit;94/8;8;4 7 8 1 0 3 6 2 5;0 1 2 3 4 5 6 7 8;14;24;24;1239;0;0;34;0.011892;104188;K*;                        ? Unchecked;ijcai-2026-base-14-g0df50d7
n-puzzle;unit;95/8;8;0 5 8 2 7 4 1 6 3;0 1 2 3 4 5 6 7 8;16;22;22;186;0;0;34;0.001925;96623.4;K*;                        ? Unchecked;ijcai-2026-base-14-g0df50d7
n-puzzle;unit;96/8;8;5 2 3 8 7 0 1 6 4;0 1 2 3 4 5 6 7 8;17;25;25;926;0;0;34;0.004017;230520;K*;                        ? Unchecked;ijcai-2026-base-14-g0df50d7
n-puzzle;unit;97/8;8;8 3 0 4 7 2 6 1 5;0 1 2 3 4 5 6 7 8;12;20;20;145;0;0;34;0.001421;102041;K*;                        ? Unchecked;ijcai-2026-base-14-g0df50d7
n-puzzle;unit;98/8;8;5 8 6 0 7 4 1 3 2;0 1 2 3 4 5 6 7 8;19;27;27;1450;0;0;34;0.009395;154337;K*;                        ? Unchecked;ijcai-2026-base-14-g0df50d7
n-puzzle;unit;99/8;8;7 5 0 6 3 2 1 8 4;0 1 2 3 4 5 6 7 8;14;28;28;5845;0;0;34;0.039232;148986;K*;                        ? Unchecked;ijcai-2026-base-14-g0df50d7
n-puzzle;unit;0/9;9;5 6 0 8 4 7 1 3 2;0 1 2 3 4 5 6 7 8;18;26;26;487;0;0;34;0.003184;152952;K*;                        ? Unchecked;ijcai-2026-base-14-g0df50d7
n-puzzle;unit;1/9;9;0 8 6 4 7 1 5 3 2;0 1 2 3 4 5 6 7 8;18;26;26;815;0;0;34;0.004957;164414;K*;                        ? Unchecked;ijcai-2026-base-14-g0df50d7
n-puzzle;unit;2/9;9;5 2 8 0 7 4 1 3 6;0 1 2 3 4 5 6 7 8;15;23;23;568;0;0;34;0.00375;151467;K*;                        ? Unchecked;ijcai-2026-base-14-g0df50d7
n-puzzle;unit;3/9;9;7 2 6 0 8 1 5 4 3;0 1 2 3 4 5 6 7 8;19;27;27;1563;0;0;34;0.006945;225054;K*;                        ? Unchecked;ijcai-2026-base-14-g0df50d7
n-puzzle;unit;4/9;9;5 1 8 6 0 7 2 4 3;0 1 2 3 4 5 6 7 8;16;26;26;1868;0;0;34;0.015202;122879;K*;                        ? Unchecked;ijcai-2026-base-14-g0df50d7
n-puzzle;unit;5/9;9;8 0 3 6 4 5 7 2 1;0 1 2 3 4 5 6 7 8;15;25;25;1074;0;0;34;0.006688;160586;K*;                        ? Unchecked;ijcai-2026-base-14-g0df50d7
n-puzzle;unit;6/9;9;4 2 7 1 5 8 0 6 3;0 1 2 3 4 5 6 7 8;14;20;20;134;0;0;34;0.001464;91530.1;K*;                        ? Unchecked;ijcai-2026-base-14-g0df50d7
n-puzzle;unit;7/9;9;4 1 7 3 2 5 6 0 8;0 1 2 3 4 5 6 7 8;7;21;21;634;0;0;34;0.003456;183449;K*;                        ? Unchecked;ijcai-2026-base-14-g0df50d7
n-puzzle;unit;8/9;9;8 4 0 5 1 6 2 7 3;0 1 2 3 4 5 6 7 8;18;28;28;2248;0;0;34;0.01245;180562;K*;                        ? Unchecked;ijcai-2026-base-14-g0df50d7
n-puzzle;unit;9/9;9;1 3 0 7 6 2 5 8 4;0 1 2 3 4 5 6 7 8;14;24;24;1214;0;0;34;0.009574;126802;K*;                        ? Unchecked;ijcai-2026-base-14-g0df50d7
n-puzzle;unit;10/9;9;7 0 4 6 8 5 3 1 2;0 1 2 3 4 5 6 7 8;13;29;29;8045;0;0;34;0.042874;187643;K*;                        ? Unchecked;ijcai-2026-base-14-g0df50d7
n-puzzle;unit;11/9;9;6 1 7 5 8 2 4 3 0;0 1 2 3 4 5 6 7 8;14;26;26;1848;0;0;34;0.007936;232863;K*;                        ? Unchecked;ijcai-2026-base-14-g0df50d7
n-puzzle;unit;12/9;9;7 5 2 1 6 3 8 0 4;0 1 2 3 4 5 6 7 8;15;27;27;3728;0;0;34;0.016288;228880;K*;                        ? Unchecked;ijcai-2026-base-14-g0df50d7
n-puzzle;unit;13/9;9;6 2 4 0 8 7 5 3 1;0 1 2 3 4 5 6 7 8;17;27;27;3206;0;0;34;0.021486;149213;K*;                        ? Unchecked;ijcai-2026-base-14-g0df50d7
n-puzzle;unit;14/9;9;0 1 6 2 5 7 4 8 3;0 1 2 3 4 5 6 7 8;16;28;28;3608;0;0;34;0.017544;205654;K*;                        ? Unchecked;ijcai-2026-base-14-g0df50d7
n-puzzle;unit;15/9;9;4 0 3 6 1 2 8 5 7;0 1 2 3 4 5 6 7 8;13;17;17;50;0;0;34;0.002892;17289.1;K*;                        ? Unchecked;ijcai-2026-base-14-g0df50d7
n-puzzle;unit;16/9;9;1 5 8 7 6 4 0 3 2;0 1 2 3 4 5 6 7 8;14;22;22;509;0;0;34;0.002536;200710;K*;                        ? Unchecked;ijcai-2026-base-14-g0df50d7
n-puzzle;unit;17/9;9;2 7 0 8 4 6 3 5 1;0 1 2 3 4 5 6 7 8;16;26;26;973;0;0;34;0.005249;185369;K*;                        ? Unchecked;ijcai-2026-base-14-g0df50d7
n-puzzle;unit;18/9;9;7 4 8 1 5 6 0 2 3;0 1 2 3 4 5 6 7 8;18;26;26;678;0;0;34;0.003548;191094;K*;                        ? Unchecked;ijcai-2026-base-14-g0df50d7
n-puzzle;unit;19/9;9;2 3 0 1 4 7 5 6 8;0 1 2 3 4 5 6 7 8;12;26;26;2437;0;0;34;0.015397;158278;K*;                        ? Unchecked;ijcai-2026-base-14-g0df50d7
n-puzzle;unit;20/9;9;2 1 4 5 0 6 8 3 7;0 1 2 3 4 5 6 7 8;14;28;28;5892;0;0;34;0.031463;187268;K*;                        ? Unchecked;ijcai-2026-base-14-g0df50d7
n-puzzle;unit;21/9;9;8 7 6 2 5 4 1 0 3;0 1 2 3 4 5 6 7 8;21;29;29;1892;0;0;34;0.019492;97065.5;K*;                        ? Unchecked;ijcai-2026-base-14-g0df50d7
n-puzzle;unit;22/9;9;2 7 3 1 6 5 4 0 8;0 1 2 3 4 5 6 7 8;13;21;21;323;0;0;34;0.00304;106250;K*;                        ? Unchecked;ijcai-2026-base-14-g0df50d7
n-puzzle;unit;23/9;9;3 0 4 6 2 1 8 5 7;0 1 2 3 4 5 6 7 8;13;19;19;221;0;0;34;0.001414;156294;K*;                        ? Unchecked;ijcai-2026-base-14-g0df50d7
n-puzzle;unit;24/9;9;5 3 2 4 8 6 0 1 7;0 1 2 3 4 5 6 7 8;14;26;26;2331;0;0;34;0.013191;176711;K*;                        ? Unchecked;ijcai-2026-base-14-g0df50d7
n-puzzle;unit;25/9;9;1 3 5 2 4 6 8 7 0;0 1 2 3 4 5 6 7 8;12;28;28;8385;0;0;35;0.042134;199008;K*;                        ? Unchecked;ijcai-2026-base-14-g0df50d7
n-puzzle;unit;26/9;9;8 5 1 4 2 7 6 0 3;0 1 2 3 4 5 6 7 8;15;25;25;1291;0;0;35;0.006099;211674;K*;                        ? Unchecked;ijcai-2026-base-14-g0df50d7
n-puzzle;unit;27/9;9;2 8 5 6 3 1 4 0 7;0 1 2 3 4 5 6 7 8;13;23;23;901;0;0;35;0.004855;185582;K*;                        ? Unchecked;ijcai-2026-base-14-g0df50d7
n-puzzle;unit;28/9;9;5 0 7 4 2 3 1 6 8;0 1 2 3 4 5 6 7 8;15;21;21;210;0;0;35;0.001722;121951;K*;                        ? Unchecked;ijcai-2026-base-14-g0df50d7
n-puzzle;unit;29/9;9;3 2 4 7 6 8 5 1 0;0 1 2 3 4 5 6 7 8;14;20;20;198;0;0;35;0.001268;156151;K*;                        ? Unchecked;ijcai-2026-base-14-g0df50d7
n-puzzle;unit;30/9;9;1 3 2 0 8 6 4 7 5;0 1 2 3 4 5 6 7 8;11;23;23;1157;0;0;35;0.007892;146604;K*;                        ? Unchecked;ijcai-2026-base-14-g0df50d7
n-puzzle;unit;31/9;9;8 2 5 3 7 6 4 0 1;0 1 2 3 4 5 6 7 8;15;25;25;1247;0;0;35;0.006169;202140;K*;                        ? Unchecked;ijcai-2026-base-14-g0df50d7
n-puzzle;unit;32/9;9;2 4 0 7 5 1 8 6 3;0 1 2 3 4 5 6 7 8;14;24;24;668;0;0;35;0.004588;145597;K*;                        ? Unchecked;ijcai-2026-base-14-g0df50d7
n-puzzle;unit;33/9;9;0 1 5 2 6 8 7 3 4;0 1 2 3 4 5 6 7 8;12;22;22;624;0;0;35;0.003716;167922;K*;                        ? Unchecked;ijcai-2026-base-14-g0df50d7
n-puzzle;unit;34/9;9;7 1 5 2 8 6 3 4 0;0 1 2 3 4 5 6 7 8;14;20;20;185;0;0;35;0.001615;114551;K*;                        ? Unchecked;ijcai-2026-base-14-g0df50d7
n-puzzle;unit;35/9;9;6 3 1 2 8 7 0 4 5;0 1 2 3 4 5 6 7 8;14;24;24;1067;0;0;35;0.006225;171406;K*;                        ? Unchecked;ijcai-2026-base-14-g0df50d7
n-puzzle;unit;36/9;9;0 3 5 4 8 6 7 2 1;0 1 2 3 4 5 6 7 8;16;24;24;685;0;0;35;0.003869;177048;K*;                        ? Unchecked;ijcai-2026-base-14-g0df50d7
n-puzzle;unit;37/9;9;8 1 4 0 3 2 5 6 7;0 1 2 3 4 5 6 7 8;13;23;23;750;0;0;35;0.00536;139925;K*;                        ? Unchecked;ijcai-2026-base-14-g0df50d7
n-puzzle;unit;38/9;9;7 4 1 6 2 8 3 5 0;0 1 2 3 4 5 6 7 8;12;24;24;1567;0;0;35;0.008302;188750;K*;                        ? Unchecked;ijcai-2026-base-14-g0df50d7
n-puzzle;unit;39/9;9;4 6 8 0 5 1 3 2 7;0 1 2 3 4 5 6 7 8;15;25;25;1295;0;0;35;0.007349;176214;K*;                        ? Unchecked;ijcai-2026-base-14-g0df50d7
n-puzzle;unit;40/9;9;4 2 8 6 0 1 3 5 7;0 1 2 3 4 5 6 7 8;12;22;22;782;0;0;35;0.004783;163496;K*;                        ? Unchecked;ijcai-2026-base-14-g0df50d7
n-puzzle;unit;41/9;9;3 7 8 4 5 2 6 1 0;0 1 2 3 4 5 6 7 8;10;22;22;460;0;0;35;0.002625;175238;K*;                        ? Unchecked;ijcai-2026-base-14-g0df50d7
n-puzzle;unit;42/9;9;7 5 6 1 0 3 2 8 4;0 1 2 3 4 5 6 7 8;20;26;26;741;0;0;35;0.0051;145294;K*;                        ? Unchecked;ijcai-2026-base-14-g0df50d7
n-puzzle;unit;43/9;9;1 6 4 8 5 3 7 2 0;0 1 2 3 4 5 6 7 8;16;24;24;640;0;0;35;0.004184;152964;K*;                        ? Unchecked;ijcai-2026-base-14-g0df50d7
n-puzzle;unit;44/9;9;2 5 7 1 8 4 3 6 0;0 1 2 3 4 5 6 7 8;14;18;18;69;0;0;35;0.001017;67846.6;K*;                        ? Unchecked;ijcai-2026-base-14-g0df50d7
n-puzzle;unit;45/9;9;3 8 4 0 7 1 5 6 2;0 1 2 3 4 5 6 7 8;15;21;21;235;0;0;35;0.0012;195833;K*;                        ? Unchecked;ijcai-2026-base-14-g0df50d7
n-puzzle;unit;46/9;9;3 0 5 4 2 1 7 8 6;0 1 2 3 4 5 6 7 8;11;21;21;471;0;0;35;0.002307;204161;K*;                        ? Unchecked;ijcai-2026-base-14-g0df50d7
n-puzzle;unit;47/9;9;4 5 3 1 7 0 8 2 6;0 1 2 3 4 5 6 7 8;17;25;25;898;0;0;35;0.006482;138537;K*;                        ? Unchecked;ijcai-2026-base-14-g0df50d7
n-puzzle;unit;48/9;9;1 8 4 2 3 5 6 0 7;0 1 2 3 4 5 6 7 8;11;21;21;492;0;0;35;0.00295;166780;K*;                        ? Unchecked;ijcai-2026-base-14-g0df50d7
n-puzzle;unit;49/9;9;4 8 1 0 6 7 3 2 5;0 1 2 3 4 5 6 7 8;15;27;27;4238;0;0;35;0.026736;158513;K*;                        ? Unchecked;ijcai-2026-base-14-g0df50d7
n-puzzle;unit;50/9;9;8 5 3 4 6 1 7 2 0;0 1 2 3 4 5 6 7 8;18;26;26;1186;0;0;35;0.009044;131137;K*;                        ? Unchecked;ijcai-2026-base-14-g0df50d7
n-puzzle;unit;51/9;9;4 3 7 1 5 2 6 0 8;0 1 2 3 4 5 6 7 8;11;21;21;530;0;0;35;0.004541;116714;K*;                        ? Unchecked;ijcai-2026-base-14-g0df50d7
n-puzzle;unit;52/9;9;7 4 1 2 3 0 5 8 6;0 1 2 3 4 5 6 7 8;15;29;29;6791;0;0;35;0.041269;164555;K*;                        ? Unchecked;ijcai-2026-base-14-g0df50d7
n-puzzle;unit;53/9;9;7 5 6 8 2 1 0 4 3;0 1 2 3 4 5 6 7 8;20;28;28;2079;0;0;35;0.011018;188691;K*;                        ? Unchecked;ijcai-2026-base-14-g0df50d7
n-puzzle;unit;54/9;9;2 8 5 0 7 6 1 4 3;0 1 2 3 4 5 6 7 8;17;23;23;322;0;0;35;0.002966;108564;K*;                        ? Unchecked;ijcai-2026-base-14-g0df50d7
n-puzzle;unit;55/9;9;3 5 2 4 1 6 8 0 7;0 1 2 3 4 5 6 7 8;11;25;25;2287;0;0;35;0.010235;223449;K*;                        ? Unchecked;ijcai-2026-base-14-g0df50d7
n-puzzle;unit;56/9;9;8 6 1 5 4 3 0 2 7;0 1 2 3 4 5 6 7 8;16;28;28;2529;0;0;35;0.015423;163976;K*;                        ? Unchecked;ijcai-2026-base-14-g0df50d7
n-puzzle;unit;57/9;9;4 6 5 7 3 2 1 0 8;0 1 2 3 4 5 6 7 8;13;23;23;934;0;0;35;0.006901;135343;K*;                        ? Unchecked;ijcai-2026-base-14-g0df50d7
n-puzzle;unit;58/9;9;3 7 4 2 8 6 5 0 1;0 1 2 3 4 5 6 7 8;19;27;27;2160;0;0;35;0.010523;205265;K*;                        ? Unchecked;ijcai-2026-base-14-g0df50d7
n-puzzle;unit;59/9;9;8 7 4 5 6 2 3 0 1;0 1 2 3 4 5 6 7 8;17;29;29;5681;0;0;35;0.036831;154245;K*;                        ? Unchecked;ijcai-2026-base-14-g0df50d7
n-puzzle;unit;60/9;9;6 1 5 3 4 0 8 2 7;0 1 2 3 4 5 6 7 8;9;23;23;1027;0;0;35;0.005136;199961;K*;                        ? Unchecked;ijcai-2026-base-14-g0df50d7
n-puzzle;unit;61/9;9;4 5 2 8 0 3 1 6 7;0 1 2 3 4 5 6 7 8;14;22;22;537;0;0;35;0.003861;139083;K*;                        ? Unchecked;ijcai-2026-base-14-g0df50d7
n-puzzle;unit;62/9;9;8 5 4 6 1 2 7 3 0;0 1 2 3 4 5 6 7 8;14;26;26;1784;0;0;35;0.011812;151033;K*;                        ? Unchecked;ijcai-2026-base-14-g0df50d7
n-puzzle;unit;63/9;9;0 5 8 2 6 7 4 3 1;0 1 2 3 4 5 6 7 8;18;24;24;656;0;0;35;0.005599;117164;K*;                        ? Unchecked;ijcai-2026-base-14-g0df50d7
n-puzzle;unit;64/9;9;5 0 1 8 7 3 4 6 2;0 1 2 3 4 5 6 7 8;15;25;25;1099;0;0;35;0.006402;171665;K*;                        ? Unchecked;ijcai-2026-base-14-g0df50d7
n-puzzle;unit;65/9;9;7 6 1 3 4 8 0 5 2;0 1 2 3 4 5 6 7 8;12;24;24;1029;0;0;35;0.007082;145298;K*;                        ? Unchecked;ijcai-2026-base-14-g0df50d7
n-puzzle;unit;66/9;9;8 0 7 3 6 5 1 2 4;0 1 2 3 4 5 6 7 8;17;27;27;1920;0;0;35;0.010291;186571;K*;                        ? Unchecked;ijcai-2026-base-14-g0df50d7
n-puzzle;unit;67/9;9;7 2 8 6 5 1 4 0 3;0 1 2 3 4 5 6 7 8;15;25;25;1332;0;0;35;0.008655;153899;K*;                        ? Unchecked;ijcai-2026-base-14-g0df50d7
n-puzzle;unit;68/9;9;5 0 3 4 1 8 2 7 6;0 1 2 3 4 5 6 7 8;15;25;25;1677;0;0;35;0.008847;189556;K*;                        ? Unchecked;ijcai-2026-base-14-g0df50d7
n-puzzle;unit;69/9;9;7 8 4 6 3 5 2 1 0;0 1 2 3 4 5 6 7 8;16;28;28;3081;0;0;35;0.024067;128018;K*;                        ? Unchecked;ijcai-2026-base-14-g0df50d7
n-puzzle;unit;70/9;9;7 0 3 2 8 1 5 4 6;0 1 2 3 4 5 6 7 8;19;23;23;171;0;0;35;0.003314;51599.3;K*;                        ? Unchecked;ijcai-2026-base-14-g0df50d7
n-puzzle;unit;71/9;9;1 0 7 3 4 8 2 5 6;0 1 2 3 4 5 6 7 8;13;25;25;1244;0;0;35;0.006518;190856;K*;                        ? Unchecked;ijcai-2026-base-14-g0df50d7
n-puzzle;unit;72/9;9;8 0 7 4 3 6 5 2 1;0 1 2 3 4 5 6 7 8;21;27;27;690;0;0;35;0.006308;109385;K*;                        ? Unchecked;ijcai-2026-base-14-g0df50d7
n-puzzle;unit;73/9;9;3 7 8 5 1 2 0 6 4;0 1 2 3 4 5 6 7 8;12;26;26;2268;0;0;35;0.009811;231169;K*;                        ? Unchecked;ijcai-2026-base-14-g0df50d7
n-puzzle;unit;74/9;9;1 6 2 0 7 8 4 5 3;0 1 2 3 4 5 6 7 8;13;19;19;138;0;0;35;0.002442;56511.1;K*;                        ? Unchecked;ijcai-2026-base-14-g0df50d7
n-puzzle;unit;75/9;9;6 1 2 3 0 8 4 5 7;0 1 2 3 4 5 6 7 8;8;20;20;504;0;0;35;0.002637;191126;K*;                        ? Unchecked;ijcai-2026-base-14-g0df50d7
n-puzzle;unit;76/9;9;1 0 7 5 6 4 3 2 8;0 1 2 3 4 5 6 7 8;13;23;23;571;0;0;35;0.002944;193954;K*;                        ? Unchecked;ijcai-2026-base-14-g0df50d7
n-puzzle;unit;77/9;9;2 7 6 1 4 0 5 3 8;0 1 2 3 4 5 6 7 8;15;25;25;929;0;0;35;0.005708;162754;K*;                        ? Unchecked;ijcai-2026-base-14-g0df50d7
n-puzzle;unit;78/9;9;2 3 8 4 0 6 1 5 7;0 1 2 3 4 5 6 7 8;16;24;24;813;0;0;35;0.005744;141539;K*;                        ? Unchecked;ijcai-2026-base-14-g0df50d7
n-puzzle;unit;79/9;9;0 5 4 6 1 7 8 2 3;0 1 2 3 4 5 6 7 8;16;26;26;1483;0;0;35;0.009439;157114;K*;                        ? Unchecked;ijcai-2026-base-14-g0df50d7
n-puzzle;unit;80/9;9;5 3 4 7 0 1 8 6 2;0 1 2 3 4 5 6 7 8;16;22;22;446;0;0;35;0.003818;116815;K*;                        ? Unchecked;ijcai-2026-base-14-g0df50d7
n-puzzle;unit;81/9;9;1 7 5 6 8 3 4 2 0;0 1 2 3 4 5 6 7 8;14;24;24;1116;0;0;35;0.006006;185814;K*;                        ? Unchecked;ijcai-2026-base-14-g0df50d7
n-puzzle;unit;82/9;9;3 1 4 0 5 8 2 7 6;0 1 2 3 4 5 6 7 8;11;23;23;777;0;0;35;0.007371;105413;K*;                        ? Unchecked;ijcai-2026-base-14-g0df50d7
n-puzzle;unit;83/9;9;4 2 3 0 5 1 8 6 7;0 1 2 3 4 5 6 7 8;13;21;21;254;0;0;35;0.001701;149324;K*;                        ? Unchecked;ijcai-2026-base-14-g0df50d7
n-puzzle;unit;84/9;9;4 7 3 1 6 5 8 0 2;0 1 2 3 4 5 6 7 8;15;25;25;2837;0;0;35;0.020797;136414;K*;                        ? Unchecked;ijcai-2026-base-14-g0df50d7
n-puzzle;unit;85/9;9;3 6 0 1 5 8 4 2 7;0 1 2 3 4 5 6 7 8;14;24;24;748;0;0;35;0.006034;123964;K*;                        ? Unchecked;ijcai-2026-base-14-g0df50d7
n-puzzle;unit;86/9;9;8 6 2 7 5 1 3 0 4;0 1 2 3 4 5 6 7 8;15;27;27;7273;0;0;35;0.048156;151030;K*;                        ? Unchecked;ijcai-2026-base-14-g0df50d7
n-puzzle;unit;87/9;9;3 2 5 7 6 0 8 1 4;0 1 2 3 4 5 6 7 8;13;19;19;166;0;0;35;0.001378;120464;K*;                        ? Unchecked;ijcai-2026-base-14-g0df50d7
n-puzzle;unit;88/9;9;1 3 2 4 0 5 8 7 6;0 1 2 3 4 5 6 7 8;8;24;24;2031;0;0;35;0.010407;195157;K*;                        ? Unchecked;ijcai-2026-base-14-g0df50d7
n-puzzle;unit;89/9;9;0 8 4 3 2 1 6 5 7;0 1 2 3 4 5 6 7 8;12;20;20;219;0;0;35;0.002588;84621.3;K*;                        ? Unchecked;ijcai-2026-base-14-g0df50d7
n-puzzle;unit;90/9;9;0 6 1 5 7 8 4 2 3;0 1 2 3 4 5 6 7 8;16;24;24;609;0;0;35;0.002953;206231;K*;                        ? Unchecked;ijcai-2026-base-14-g0df50d7
n-puzzle;unit;91/9;9;2 1 6 4 5 8 3 0 7;0 1 2 3 4 5 6 7 8;11;25;25;1852;0;0;35;0.008626;214700;K*;                        ? Unchecked;ijcai-2026-base-14-g0df50d7
n-puzzle;unit;92/9;9;3 7 4 6 1 5 8 0 2;0 1 2 3 4 5 6 7 8;11;23;23;973;0;0;35;0.007289;133489;K*;                        ? Unchecked;ijcai-2026-base-14-g0df50d7
n-puzzle;unit;93/9;9;7 6 1 3 5 8 2 4 0;0 1 2 3 4 5 6 7 8;14;24;24;854;0;0;35;0.004754;179638;K*;                        ? Unchecked;ijcai-2026-base-14-g0df50d7
n-puzzle;unit;94/9;9;4 7 8 1 0 3 6 2 5;0 1 2 3 4 5 6 7 8;14;24;24;1239;0;0;35;0.011754;105411;K*;                        ? Unchecked;ijcai-2026-base-14-g0df50d7
n-puzzle;unit;95/9;9;0 5 8 2 7 4 1 6 3;0 1 2 3 4 5 6 7 8;16;22;22;186;0;0;35;0.001942;95777.5;K*;                        ? Unchecked;ijcai-2026-base-14-g0df50d7
n-puzzle;unit;96/9;9;5 2 3 8 7 0 1 6 4;0 1 2 3 4 5 6 7 8;17;25;25;926;0;0;35;0.004049;228698;K*;                        ? Unchecked;ijcai-2026-base-14-g0df50d7
n-puzzle;unit;97/9;9;8 3 0 4 7 2 6 1 5;0 1 2 3 4 5 6 7 8;12;20;20;145;0;0;35;0.001452;99862.3;K*;                        ? Unchecked;ijcai-2026-base-14-g0df50d7
n-puzzle;unit;98/9;9;5 8 6 0 7 4 1 3 2;0 1 2 3 4 5 6 7 8;19;27;27;1450;0;0;35;0.009472;153083;K*;                        ? Unchecked;ijcai-2026-base-14-g0df50d7
n-puzzle;unit;99/9;9;7 5 0 6 3 2 1 8 4;0 1 2 3 4 5 6 7 8;14;28;28;5845;0;0;35;0.039316;148667;K*;                        ? Unchecked;ijcai-2026-base-14-g0df50d7
n-puzzle;unit;0/10;10;5 6 0 8 4 7 1 3 2;0 1 2 3 4 5 6 7 8;0;26;26;487;0;0;35;0.002989;162931;K*;                        ? Unchecked;ijcai-2026-base-14-g0df50d7
n-puzzle;unit;1/10;10;0 8 6 4 7 1 5 3 2;0 1 2 3 4 5 6 7 8;18;26;26;815;0;0;35;0.004951;164613;K*;                        ? Unchecked;ijcai-2026-base-14-g0df50d7
n-puzzle;unit;2/10;10;5 2 8 0 7 4 1 3 6;0 1 2 3 4 5 6 7 8;15;23;23;568;0;0;35;0.003654;155446;K*;                        ? Unchecked;ijcai-2026-base-14-g0df50d7
n-puzzle;unit;3/10;10;7 2 6 0 8 1 5 4 3;0 1 2 3 4 5 6 7 8;19;27;27;1563;0;0;35;0.0069;226522;K*;                        ? Unchecked;ijcai-2026-base-14-g0df50d7
n-puzzle;unit;4/10;10;5 1 8 6 0 7 2 4 3;0 1 2 3 4 5 6 7 8;16;26;26;1868;0;0;35;0.01489;125453;K*;                        ? Unchecked;ijcai-2026-base-14-g0df50d7
n-puzzle;unit;5/10;10;8 0 3 6 4 5 7 2 1;0 1 2 3 4 5 6 7 8;15;25;25;1074;0;0;35;0.006859;156583;K*;                        ? Unchecked;ijcai-2026-base-14-g0df50d7
n-puzzle;unit;6/10;10;4 2 7 1 5 8 0 6 3;0 1 2 3 4 5 6 7 8;14;20;20;134;0;0;35;0.001505;89036.5;K*;                        ? Unchecked;ijcai-2026-base-14-g0df50d7
n-puzzle;unit;7/10;10;4 1 7 3 2 5 6 0 8;0 1 2 3 4 5 6 7 8;7;21;21;634;0;0;35;0.003467;182867;K*;                        ? Unchecked;ijcai-2026-base-14-g0df50d7
n-puzzle;unit;8/10;10;8 4 0 5 1 6 2 7 3;0 1 2 3 4 5 6 7 8;18;28;28;2248;0;0;35;0.012412;181115;K*;                        ? Unchecked;ijcai-2026-base-14-g0df50d7
n-puzzle;unit;9/10;10;1 3 0 7 6 2 5 8 4;0 1 2 3 4 5 6 7 8;14;24;24;1214;0;0;35;0.009304;130482;K*;                        ? Unchecked;ijcai-2026-base-14-g0df50d7
n-puzzle;unit;10/10;10;7 0 4 6 8 5 3 1 2;0 1 2 3 4 5 6 7 8;13;29;29;8045;0;0;35;0.042696;188425;K*;                        ? Unchecked;ijcai-2026-base-14-g0df50d7
n-puzzle;unit;11/10;10;6 1 7 5 8 2 4 3 0;0 1 2 3 4 5 6 7 8;14;26;26;1848;0;0;35;0.007542;245028;K*;                        ? Unchecked;ijcai-2026-base-14-g0df50d7
n-puzzle;unit;12/10;10;7 5 2 1 6 3 8 0 4;0 1 2 3 4 5 6 7 8;15;27;27;3728;0;0;35;0.01598;233292;K*;                        ? Unchecked;ijcai-2026-base-14-g0df50d7
n-puzzle;unit;13/10;10;6 2 4 0 8 7 5 3 1;0 1 2 3 4 5 6 7 8;17;27;27;3206;0;0;35;0.021177;151391;K*;                        ? Unchecked;ijcai-2026-base-14-g0df50d7
n-puzzle;unit;14/10;10;0 1 6 2 5 7 4 8 3;0 1 2 3 4 5 6 7 8;16;28;28;3608;0;0;35;0.017258;209062;K*;                        ? Unchecked;ijcai-2026-base-14-g0df50d7
n-puzzle;unit;15/10;10;4 0 3 6 1 2 8 5 7;0 1 2 3 4 5 6 7 8;13;17;17;50;0;0;35;0.003487;14339;K*;                        ? Unchecked;ijcai-2026-base-14-g0df50d7
n-puzzle;unit;16/10;10;1 5 8 7 6 4 0 3 2;0 1 2 3 4 5 6 7 8;14;22;22;509;0;0;35;0.002568;198209;K*;                        ? Unchecked;ijcai-2026-base-14-g0df50d7
n-puzzle;unit;17/10;10;2 7 0 8 4 6 3 5 1;0 1 2 3 4 5 6 7 8;16;26;26;973;0;0;35;0.005439;178893;K*;                        ? Unchecked;ijcai-2026-base-14-g0df50d7
n-puzzle;unit;18/10;10;7 4 8 1 5 6 0 2 3;0 1 2 3 4 5 6 7 8;18;26;26;678;0;0;35;0.00368;184239;K*;                        ? Unchecked;ijcai-2026-base-14-g0df50d7
n-puzzle;unit;19/10;10;2 3 0 1 4 7 5 6 8;0 1 2 3 4 5 6 7 8;12;26;26;2437;0;0;35;0.015771;154524;K*;                        ? Unchecked;ijcai-2026-base-14-g0df50d7
n-puzzle;unit;20/10;10;2 1 4 5 0 6 8 3 7;0 1 2 3 4 5 6 7 8;14;28;28;5892;0;0;35;0.031712;185797;K*;                        ? Unchecked;ijcai-2026-base-14-g0df50d7
n-puzzle;unit;21/10;10;8 7 6 2 5 4 1 0 3;0 1 2 3 4 5 6 7 8;21;29;29;1892;0;0;35;0.018529;102110;K*;                        ? Unchecked;ijcai-2026-base-14-g0df50d7
n-puzzle;unit;22/10;10;2 7 3 1 6 5 4 0 8;0 1 2 3 4 5 6 7 8;13;21;21;323;0;0;35;0.003064;105418;K*;                        ? Unchecked;ijcai-2026-base-14-g0df50d7
n-puzzle;unit;23/10;10;3 0 4 6 2 1 8 5 7;0 1 2 3 4 5 6 7 8;13;19;19;221;0;0;35;0.00148;149324;K*;                        ? Unchecked;ijcai-2026-base-14-g0df50d7
n-puzzle;unit;24/10;10;5 3 2 4 8 6 0 1 7;0 1 2 3 4 5 6 7 8;14;26;26;2331;0;0;35;0.013085;178143;K*;                        ? Unchecked;ijcai-2026-base-14-g0df50d7
n-puzzle;unit;25/10;10;1 3 5 2 4 6 8 7 0;0 1 2 3 4 5 6 7 8;12;28;28;8785;0;0;37;0.052006;168923;K*;                        ? Unchecked;ijcai-2026-base-14-g0df50d7
n-puzzle;unit;26/10;10;8 5 1 4 2 7 6 0 3;0 1 2 3 4 5 6 7 8;15;25;25;1291;0;0;36;0.00585;220684;K*;                        ? Unchecked;ijcai-2026-base-14-g0df50d7
n-puzzle;unit;27/10;10;2 8 5 6 3 1 4 0 7;0 1 2 3 4 5 6 7 8;13;23;23;901;0;0;36;0.004778;188573;K*;                        ? Unchecked;ijcai-2026-base-14-g0df50d7
n-puzzle;unit;28/10;10;5 0 7 4 2 3 1 6 8;0 1 2 3 4 5 6 7 8;15;21;21;210;0;0;36;0.001815;115702;K*;                        ? Unchecked;ijcai-2026-base-14-g0df50d7
n-puzzle;unit;29/10;10;3 2 4 7 6 8 5 1 0;0 1 2 3 4 5 6 7 8;14;20;20;198;0;0;36;0.001259;157268;K*;                        ? Unchecked;ijcai-2026-base-14-g0df50d7
n-puzzle;unit;30/10;10;1 3 2 0 8 6 4 7 5;0 1 2 3 4 5 6 7 8;11;23;23;1157;0;0;36;0.007649;151262;K*;                        ? Unchecked;ijcai-2026-base-14-g0df50d7
n-puzzle;unit;31/10;10;8 2 5 3 7 6 4 0 1;0 1 2 3 4 5 6 7 8;15;25;25;1247;0;0;36;0.005858;212871;K*;                        ? Unchecked;ijcai-2026-base-14-g0df50d7
n-puzzle;unit;32/10;10;2 4 0 7 5 1 8 6 3;0 1 2 3 4 5 6 7 8;14;24;24;668;0;0;36;0.004351;153528;K*;                        ? Unchecked;ijcai-2026-base-14-g0df50d7
n-puzzle;unit;33/10;10;0 1 5 2 6 8 7 3 4;0 1 2 3 4 5 6 7 8;12;22;22;624;0;0;36;0.003543;176122;K*;                        ? Unchecked;ijcai-2026-base-14-g0df50d7
n-puzzle;unit;34/10;10;7 1 5 2 8 6 3 4 0;0 1 2 3 4 5 6 7 8;14;20;20;185;0;0;36;0.001565;118211;K*;                        ? Unchecked;ijcai-2026-base-14-g0df50d7
n-puzzle;unit;35/10;10;6 3 1 2 8 7 0 4 5;0 1 2 3 4 5 6 7 8;14;24;24;1067;0;0;36;0.006033;176861;K*;                        ? Unchecked;ijcai-2026-base-14-g0df50d7
n-puzzle;unit;36/10;10;0 3 5 4 8 6 7 2 1;0 1 2 3 4 5 6 7 8;16;24;24;685;0;0;36;0.003746;182862;K*;                        ? Unchecked;ijcai-2026-base-14-g0df50d7
n-puzzle;unit;37/10;10;8 1 4 0 3 2 5 6 7;0 1 2 3 4 5 6 7 8;13;23;23;750;0;0;36;0.005117;146570;K*;                        ? Unchecked;ijcai-2026-base-14-g0df50d7
n-puzzle;unit;38/10;10;7 4 1 6 2 8 3 5 0;0 1 2 3 4 5 6 7 8;12;24;24;1567;0;0;36;0.007951;197082;K*;                        ? Unchecked;ijcai-2026-base-14-g0df50d7
n-puzzle;unit;39/10;10;4 6 8 0 5 1 3 2 7;0 1 2 3 4 5 6 7 8;15;25;25;1295;0;0;36;0.006959;186090;K*;                        ? Unchecked;ijcai-2026-base-14-g0df50d7
n-puzzle;unit;40/10;10;4 2 8 6 0 1 3 5 7;0 1 2 3 4 5 6 7 8;12;22;22;782;0;0;36;0.004585;170556;K*;                        ? Unchecked;ijcai-2026-base-14-g0df50d7
n-puzzle;unit;41/10;10;3 7 8 4 5 2 6 1 0;0 1 2 3 4 5 6 7 8;10;22;22;460;0;0;36;0.002451;187678;K*;                        ? Unchecked;ijcai-2026-base-14-g0df50d7
n-puzzle;unit;42/10;10;7 5 6 1 0 3 2 8 4;0 1 2 3 4 5 6 7 8;20;26;26;741;0;0;36;0.004954;149576;K*;                        ? Unchecked;ijcai-2026-base-14-g0df50d7
n-puzzle;unit;43/10;10;1 6 4 8 5 3 7 2 0;0 1 2 3 4 5 6 7 8;16;24;24;640;0;0;36;0.004035;158612;K*;                        ? Unchecked;ijcai-2026-base-14-g0df50d7
n-puzzle;unit;44/10;10;2 5 7 1 8 4 3 6 0;0 1 2 3 4 5 6 7 8;14;18;18;69;0;0;36;0.000897;76923.1;K*;                        ? Unchecked;ijcai-2026-base-14-g0df50d7
n-puzzle;unit;45/10;10;3 8 4 0 7 1 5 6 2;0 1 2 3 4 5 6 7 8;15;21;21;235;0;0;36;0.001231;190902;K*;                        ? Unchecked;ijcai-2026-base-14-g0df50d7
n-puzzle;unit;46/10;10;3 0 5 4 2 1 7 8 6;0 1 2 3 4 5 6 7 8;11;21;21;471;0;0;36;0.002227;211495;K*;                        ? Unchecked;ijcai-2026-base-14-g0df50d7
n-puzzle;unit;47/10;10;4 5 3 1 7 0 8 2 6;0 1 2 3 4 5 6 7 8;17;25;25;898;0;0;36;0.006328;141909;K*;                        ? Unchecked;ijcai-2026-base-14-g0df50d7
n-puzzle;unit;48/10;10;1 8 4 2 3 5 6 0 7;0 1 2 3 4 5 6 7 8;11;21;21;492;0;0;36;0.002851;172571;K*;                        ? Unchecked;ijcai-2026-base-14-g0df50d7
n-puzzle;unit;49/10;10;4 8 1 0 6 7 3 2 5;0 1 2 3 4 5 6 7 8;15;27;27;4238;0;0;36;0.025575;165709;K*;                        ? Unchecked;ijcai-2026-base-14-g0df50d7
n-puzzle;unit;50/10;10;8 5 3 4 6 1 7 2 0;0 1 2 3 4 5 6 7 8;18;26;26;1186;0;0;36;0.008513;139316;K*;                        ? Unchecked;ijcai-2026-base-14-g0df50d7
n-puzzle;unit;51/10;10;4 3 7 1 5 2 6 0 8;0 1 2 3 4 5 6 7 8;11;21;21;530;0;0;36;0.004335;122261;K*;                        ? Unchecked;ijcai-2026-base-14-g0df50d7
n-puzzle;unit;52/10;10;7 4 1 2 3 0 5 8 6;0 1 2 3 4 5 6 7 8;15;29;29;6791;0;0;36;0.040046;169580;K*;                        ? Unchecked;ijcai-2026-base-14-g0df50d7
n-puzzle;unit;53/10;10;7 5 6 8 2 1 0 4 3;0 1 2 3 4 5 6 7 8;20;28;28;2079;0;0;36;0.010031;207258;K*;                        ? Unchecked;ijcai-2026-base-14-g0df50d7
n-puzzle;unit;54/10;10;2 8 5 0 7 6 1 4 3;0 1 2 3 4 5 6 7 8;17;23;23;322;0;0;36;0.002857;112706;K*;                        ? Unchecked;ijcai-2026-base-14-g0df50d7
n-puzzle;unit;55/10;10;3 5 2 4 1 6 8 0 7;0 1 2 3 4 5 6 7 8;11;25;25;2287;0;0;36;0.009951;229826;K*;                        ? Unchecked;ijcai-2026-base-14-g0df50d7
n-puzzle;unit;56/10;10;8 6 1 5 4 3 0 2 7;0 1 2 3 4 5 6 7 8;16;28;28;2529;0;0;36;0.014819;170659;K*;                        ? Unchecked;ijcai-2026-base-14-g0df50d7
n-puzzle;unit;57/10;10;4 6 5 7 3 2 1 0 8;0 1 2 3 4 5 6 7 8;13;23;23;934;0;0;36;0.006597;141580;K*;                        ? Unchecked;ijcai-2026-base-14-g0df50d7
n-puzzle;unit;58/10;10;3 7 4 2 8 6 5 0 1;0 1 2 3 4 5 6 7 8;19;27;27;2160;0;0;36;0.010008;215827;K*;                        ? Unchecked;ijcai-2026-base-14-g0df50d7
n-puzzle;unit;59/10;10;8 7 4 5 6 2 3 0 1;0 1 2 3 4 5 6 7 8;17;29;29;5681;0;0;36;0.035737;158967;K*;                        ? Unchecked;ijcai-2026-base-14-g0df50d7
n-puzzle;unit;60/10;10;6 1 5 3 4 0 8 2 7;0 1 2 3 4 5 6 7 8;9;23;23;1027;0;0;36;0.004663;220244;K*;                        ? Unchecked;ijcai-2026-base-14-g0df50d7
n-puzzle;unit;61/10;10;4 5 2 8 0 3 1 6 7;0 1 2 3 4 5 6 7 8;14;22;22;537;0;0;36;0.003614;148589;K*;                        ? Unchecked;ijcai-2026-base-14-g0df50d7
n-puzzle;unit;62/10;10;8 5 4 6 1 2 7 3 0;0 1 2 3 4 5 6 7 8;14;26;26;1784;0;0;36;0.011219;159016;K*;                        ? Unchecked;ijcai-2026-base-14-g0df50d7
n-puzzle;unit;63/10;10;0 5 8 2 6 7 4 3 1;0 1 2 3 4 5 6 7 8;18;24;24;656;0;0;36;0.005357;122457;K*;                        ? Unchecked;ijcai-2026-base-14-g0df50d7
n-puzzle;unit;64/10;10;5 0 1 8 7 3 4 6 2;0 1 2 3 4 5 6 7 8;15;25;25;1099;0;0;36;0.006097;180253;K*;                        ? Unchecked;ijcai-2026-base-14-g0df50d7
n-puzzle;unit;65/10;10;7 6 1 3 4 8 0 5 2;0 1 2 3 4 5 6 7 8;12;24;24;1029;0;0;36;0.006657;154574;K*;                        ? Unchecked;ijcai-2026-base-14-g0df50d7
n-puzzle;unit;66/10;10;8 0 7 3 6 5 1 2 4;0 1 2 3 4 5 6 7 8;17;27;27;1920;0;0;36;0.009843;195062;K*;                        ? Unchecked;ijcai-2026-base-14-g0df50d7
n-puzzle;unit;67/10;10;7 2 8 6 5 1 4 0 3;0 1 2 3 4 5 6 7 8;15;25;25;1332;0;0;36;0.008268;161103;K*;                        ? Unchecked;ijcai-2026-base-14-g0df50d7
n-puzzle;unit;68/10;10;5 0 3 4 1 8 2 7 6;0 1 2 3 4 5 6 7 8;15;25;25;1677;0;0;36;0.008427;199003;K*;                        ? Unchecked;ijcai-2026-base-14-g0df50d7
n-puzzle;unit;69/10;10;7 8 4 6 3 5 2 1 0;0 1 2 3 4 5 6 7 8;16;28;28;3081;0;0;36;0.023656;130242;K*;                        ? Unchecked;ijcai-2026-base-14-g0df50d7
n-puzzle;unit;70/10;10;7 0 3 2 8 1 5 4 6;0 1 2 3 4 5 6 7 8;19;23;23;171;0;0;36;0.003328;51382.2;K*;                        ? Unchecked;ijcai-2026-base-14-g0df50d7
n-puzzle;unit;71/10;10;1 0 7 3 4 8 2 5 6;0 1 2 3 4 5 6 7 8;13;25;25;1244;0;0;36;0.006431;193438;K*;                        ? Unchecked;ijcai-2026-base-14-g0df50d7
n-puzzle;unit;72/10;10;8 0 7 4 3 6 5 2 1;0 1 2 3 4 5 6 7 8;21;27;27;690;0;0;36;0.006278;109908;K*;                        ? Unchecked;ijcai-2026-base-14-g0df50d7
n-puzzle;unit;73/10;10;3 7 8 5 1 2 0 6 4;0 1 2 3 4 5 6 7 8;12;26;26;2268;0;0;36;0.009691;234032;K*;                        ? Unchecked;ijcai-2026-base-14-g0df50d7
n-puzzle;unit;74/10;10;1 6 2 0 7 8 4 5 3;0 1 2 3 4 5 6 7 8;13;19;19;138;0;0;36;0.00242;57024.8;K*;                        ? Unchecked;ijcai-2026-base-14-g0df50d7
n-puzzle;unit;75/10;10;6 1 2 3 0 8 4 5 7;0 1 2 3 4 5 6 7 8;8;20;20;504;0;0;36;0.002651;190117;K*;                        ? Unchecked;ijcai-2026-base-14-g0df50d7
n-puzzle;unit;76/10;10;1 0 7 5 6 4 3 2 8;0 1 2 3 4 5 6 7 8;13;23;23;571;0;0;36;0.002951;193494;K*;                        ? Unchecked;ijcai-2026-base-14-g0df50d7
n-puzzle;unit;77/10;10;2 7 6 1 4 0 5 3 8;0 1 2 3 4 5 6 7 8;15;25;25;929;0;0;36;0.005653;164338;K*;                        ? Unchecked;ijcai-2026-base-14-g0df50d7
n-puzzle;unit;78/10;10;2 3 8 4 0 6 1 5 7;0 1 2 3 4 5 6 7 8;16;24;24;813;0;0;36;0.005765;141023;K*;                        ? Unchecked;ijcai-2026-base-14-g0df50d7
n-puzzle;unit;79/10;10;0 5 4 6 1 7 8 2 3;0 1 2 3 4 5 6 7 8;16;26;26;1483;0;0;36;0.009186;161441;K*;                        ? Unchecked;ijcai-2026-base-14-g0df50d7
n-puzzle;unit;80/10;10;5 3 4 7 0 1 8 6 2;0 1 2 3 4 5 6 7 8;16;22;22;446;0;0;36;0.003851;115814;K*;                        ? Unchecked;ijcai-2026-base-14-g0df50d7
n-puzzle;unit;81/10;10;1 7 5 6 8 3 4 2 0;0 1 2 3 4 5 6 7 8;14;24;24;1116;0;0;36;0.005937;187974;K*;                        ? Unchecked;ijcai-2026-base-14-g0df50d7
n-puzzle;unit;82/10;10;3 1 4 0 5 8 2 7 6;0 1 2 3 4 5 6 7 8;11;23;23;777;0;0;36;0.007195;107992;K*;                        ? Unchecked;ijcai-2026-base-14-g0df50d7
n-puzzle;unit;83/10;10;4 2 3 0 5 1 8 6 7;0 1 2 3 4 5 6 7 8;13;21;21;254;0;0;36;0.001748;145309;K*;                        ? Unchecked;ijcai-2026-base-14-g0df50d7
n-puzzle;unit;84/10;10;4 7 3 1 6 5 8 0 2;0 1 2 3 4 5 6 7 8;15;25;25;2997;0;0;36;0.023941;125183;K*;                        ? Unchecked;ijcai-2026-base-14-g0df50d7
n-puzzle;unit;85/10;10;3 6 0 1 5 8 4 2 7;0 1 2 3 4 5 6 7 8;14;24;24;748;0;0;36;0.006127;122083;K*;                        ? Unchecked;ijcai-2026-base-14-g0df50d7
n-puzzle;unit;86/10;10;8 6 2 7 5 1 3 0 4;0 1 2 3 4 5 6 7 8;15;27;27;7713;0;0;36;0.057558;134004;K*;                        ? Unchecked;ijcai-2026-base-14-g0df50d7
n-puzzle;unit;87/10;10;3 2 5 7 6 0 8 1 4;0 1 2 3 4 5 6 7 8;13;19;19;166;0;0;36;0.001148;144599;K*;                        ? Unchecked;ijcai-2026-base-14-g0df50d7
n-puzzle;unit;88/10;10;1 3 2 4 0 5 8 7 6;0 1 2 3 4 5 6 7 8;8;24;24;2031;0;0;36;0.010384;195589;K*;                        ? Unchecked;ijcai-2026-base-14-g0df50d7
n-puzzle;unit;89/10;10;0 8 4 3 2 1 6 5 7;0 1 2 3 4 5 6 7 8;12;20;20;219;0;0;36;0.002576;85015.5;K*;                        ? Unchecked;ijcai-2026-base-14-g0df50d7
n-puzzle;unit;90/10;10;0 6 1 5 7 8 4 2 3;0 1 2 3 4 5 6 7 8;16;24;24;609;0;0;36;0.002985;204020;K*;                        ? Unchecked;ijcai-2026-base-14-g0df50d7
n-puzzle;unit;91/10;10;2 1 6 4 5 8 3 0 7;0 1 2 3 4 5 6 7 8;11;25;25;1852;0;0;36;0.008554;216507;K*;                        ? Unchecked;ijcai-2026-base-14-g0df50d7
n-puzzle;unit;92/10;10;3 7 4 6 1 5 8 0 2;0 1 2 3 4 5 6 7 8;11;23;23;973;0;0;36;0.007185;135421;K*;                        ? Unchecked;ijcai-2026-base-14-g0df50d7
n-puzzle;unit;93/10;10;7 6 1 3 5 8 2 4 0;0 1 2 3 4 5 6 7 8;14;24;24;854;0;0;36;0.004694;181934;K*;                        ? Unchecked;ijcai-2026-base-14-g0df50d7
n-puzzle;unit;94/10;10;4 7 8 1 0 3 6 2 5;0 1 2 3 4 5 6 7 8;14;24;24;1239;0;0;36;0.01147;108021;K*;                        ? Unchecked;ijcai-2026-base-14-g0df50d7
n-puzzle;unit;95/10;10;0 5 8 2 7 4 1 6 3;0 1 2 3 4 5 6 7 8;16;22;22;186;0;0;36;0.001983;93797.3;K*;                        ? Unchecked;ijcai-2026-base-14-g0df50d7
n-puzzle;unit;96/10;10;5 2 3 8 7 0 1 6 4;0 1 2 3 4 5 6 7 8;17;25;25;926;0;0;36;0.004124;224539;K*;                        ? Unchecked;ijcai-2026-base-14-g0df50d7
n-puzzle;unit;97/10;10;8 3 0 4 7 2 6 1 5;0 1 2 3 4 5 6 7 8;12;20;20;145;0;0;36;0.001448;100138;K*;                        ? Unchecked;ijcai-2026-base-14-g0df50d7
n-puzzle;unit;98/10;10;5 8 6 0 7 4 1 3 2;0 1 2 3 4 5 6 7 8;19;27;27;1450;0;0;36;0.009442;153569;K*;                        ? Unchecked;ijcai-2026-base-14-g0df50d7
n-puzzle;unit;99/10;10;7 5 0 6 3 2 1 8 4;0 1 2 3 4 5 6 7 8;14;28;28;5845;0;0;36;0.039363;148490;K*;                        ? Unchecked;ijcai-2026-base-14-g0df50d7
n-puzzle;unit;0/20;20;5 6 0 8 4 7 1 3 2;0 1 2 3 4 5 6 7 8;18;26;26;487;0;0;36;0.003337;145939;K*;                        ? Unchecked;ijcai-2026-base-14-g0df50d7
n-puzzle;unit;1/20;20;0 8 6 4 7 1 5 3 2;0 1 2 3 4 5 6 7 8;18;26;26;815;0;0;36;0.005168;157701;K*;                        ? Unchecked;ijcai-2026-base-14-g0df50d7
n-puzzle;unit;2/20;20;5 2 8 0 7 4 1 3 6;0 1 2 3 4 5 6 7 8;15;23;23;568;0;0;36;0.003771;150623;K*;                        ? Unchecked;ijcai-2026-base-14-g0df50d7
n-puzzle;unit;3/20;20;7 2 6 0 8 1 5 4 3;0 1 2 3 4 5 6 7 8;19;27;27;1563;0;0;36;0.007067;221169;K*;                        ? Unchecked;ijcai-2026-base-14-g0df50d7
n-puzzle;unit;4/20;20;5 1 8 6 0 7 2 4 3;0 1 2 3 4 5 6 7 8;16;26;26;1868;0;0;36;0.015147;123325;K*;                        ? Unchecked;ijcai-2026-base-14-g0df50d7
n-puzzle;unit;5/20;20;8 0 3 6 4 5 7 2 1;0 1 2 3 4 5 6 7 8;15;25;25;1074;0;0;36;0.006783;158337;K*;                        ? Unchecked;ijcai-2026-base-14-g0df50d7
n-puzzle;unit;6/20;20;4 2 7 1 5 8 0 6 3;0 1 2 3 4 5 6 7 8;14;20;20;134;0;0;36;0.001591;84223.8;K*;                        ? Unchecked;ijcai-2026-base-14-g0df50d7
n-puzzle;unit;7/20;20;4 1 7 3 2 5 6 0 8;0 1 2 3 4 5 6 7 8;7;21;21;634;0;0;36;0.003565;177840;K*;                        ? Unchecked;ijcai-2026-base-14-g0df50d7
n-puzzle;unit;8/20;20;8 4 0 5 1 6 2 7 3;0 1 2 3 4 5 6 7 8;18;30;30;4338;0;0;36;0.067156;64595.9;K*;                        ? Unchecked;ijcai-2026-base-14-g0df50d7
n-puzzle;unit;9/20;20;1 3 0 7 6 2 5 8 4;0 1 2 3 4 5 6 7 8;14;24;24;1214;0;0;36;0.009387;129328;K*;                        ? Unchecked;ijcai-2026-base-14-g0df50d7
n-puzzle;unit;10/20;20;7 0 4 6 8 5 3 1 2;0 1 2 3 4 5 6 7 8;13;29;29;8045;0;0;36;0.043418;185292;K*;                        ? Unchecked;ijcai-2026-base-14-g0df50d7
n-puzzle;unit;11/20;20;6 1 7 5 8 2 4 3 0;0 1 2 3 4 5 6 7 8;14;26;26;1848;0;0;36;0.00789;234221;K*;                        ? Unchecked;ijcai-2026-base-14-g0df50d7
n-puzzle;unit;12/20;20;7 5 2 1 6 3 8 0 4;0 1 2 3 4 5 6 7 8;15;27;27;3728;0;0;36;0.016387;227497;K*;                        ? Unchecked;ijcai-2026-base-14-g0df50d7
n-puzzle;unit;13/20;20;6 2 4 0 8 7 5 3 1;0 1 2 3 4 5 6 7 8;17;27;27;3206;0;0;36;0.021543;148819;K*;                        ? Unchecked;ijcai-2026-base-14-g0df50d7
n-puzzle;unit;14/20;20;0 1 6 2 5 7 4 8 3;0 1 2 3 4 5 6 7 8;16;28;28;3608;0;0;36;0.020233;178323;K*;                        ? Unchecked;ijcai-2026-base-14-g0df50d7
n-puzzle;unit;15/20;20;4 0 3 6 1 2 8 5 7;0 1 2 3 4 5 6 7 8;13;17;17;110;0;0;36;0.003876;28379.8;K*;                        ? Unchecked;ijcai-2026-base-14-g0df50d7
n-puzzle;unit;16/20;20;1 5 8 7 6 4 0 3 2;0 1 2 3 4 5 6 7 8;14;22;22;509;0;0;36;0.002857;178159;K*;                        ? Unchecked;ijcai-2026-base-14-g0df50d7
n-puzzle;unit;17/20;20;2 7 0 8 4 6 3 5 1;0 1 2 3 4 5 6 7 8;16;26;26;973;0;0;36;0.00534;182210;K*;                        ? Unchecked;ijcai-2026-base-14-g0df50d7
n-puzzle;unit;18/20;20;7 4 8 1 5 6 0 2 3;0 1 2 3 4 5 6 7 8;18;26;26;678;0;0;36;0.003777;179508;K*;                        ? Unchecked;ijcai-2026-base-14-g0df50d7
n-puzzle;unit;19/20;20;2 3 0 1 4 7 5 6 8;0 1 2 3 4 5 6 7 8;12;26;26;2437;0;0;36;0.015187;160466;K*;                        ? Unchecked;ijcai-2026-base-14-g0df50d7
n-puzzle;unit;20/20;20;2 1 4 5 0 6 8 3 7;0 1 2 3 4 5 6 7 8;14;28;28;5892;0;0;36;0.031371;187817;K*;                        ? Unchecked;ijcai-2026-base-14-g0df50d7
n-puzzle;unit;21/20;20;8 7 6 2 5 4 1 0 3;0 1 2 3 4 5 6 7 8;21;29;29;1892;0;0;36;0.019259;98239.8;K*;                        ? Unchecked;ijcai-2026-base-14-g0df50d7
n-puzzle;unit;22/20;20;2 7 3 1 6 5 4 0 8;0 1 2 3 4 5 6 7 8;13;21;21;323;0;0;36;0.003153;102442;K*;                        ? Unchecked;ijcai-2026-base-14-g0df50d7
n-puzzle;unit;23/20;20;3 0 4 6 2 1 8 5 7;0 1 2 3 4 5 6 7 8;13;19;19;221;0;0;36;0.001559;141758;K*;                        ? Unchecked;ijcai-2026-base-14-g0df50d7
n-puzzle;unit;24/20;20;5 3 2 4 8 6 0 1 7;0 1 2 3 4 5 6 7 8;14;26;26;2331;0;0;36;0.013274;175606;K*;                        ? Unchecked;ijcai-2026-base-14-g0df50d7
n-puzzle;unit;25/20;20;1 3 5 2 4 6 8 7 0;0 1 2 3 4 5 6 7 8;12;30;30;12547;0;0;47;0.167025;75120.5;K*;                        ? Unchecked;ijcai-2026-base-14-g0df50d7
n-puzzle;unit;26/20;20;8 5 1 4 2 7 6 0 3;0 1 2 3 4 5 6 7 8;15;25;25;1291;0;0;47;0.00594;217340;K*;                        ? Unchecked;ijcai-2026-base-14-g0df50d7
n-puzzle;unit;27/20;20;2 8 5 6 3 1 4 0 7;0 1 2 3 4 5 6 7 8;13;23;23;901;0;0;47;0.004837;186272;K*;                        ? Unchecked;ijcai-2026-base-14-g0df50d7
n-puzzle;unit;28/20;20;5 0 7 4 2 3 1 6 8;0 1 2 3 4 5 6 7 8;15;21;21;210;0;0;47;0.001866;112540;K*;                        ? Unchecked;ijcai-2026-base-14-g0df50d7
n-puzzle;unit;29/20;20;3 2 4 7 6 8 5 1 0;0 1 2 3 4 5 6 7 8;14;20;20;198;0;0;47;0.001353;146341;K*;                        ? Unchecked;ijcai-2026-base-14-g0df50d7
n-puzzle;unit;30/20;20;1 3 2 0 8 6 4 7 5;0 1 2 3 4 5 6 7 8;11;23;23;1157;0;0;47;0.007792;148486;K*;                        ? Unchecked;ijcai-2026-base-14-g0df50d7
n-puzzle;unit;31/20;20;8 2 5 3 7 6 4 0 1;0 1 2 3 4 5 6 7 8;15;25;25;1247;0;0;47;0.00597;208878;K*;                        ? Unchecked;ijcai-2026-base-14-g0df50d7
n-puzzle;unit;32/20;20;2 4 0 7 5 1 8 6 3;0 1 2 3 4 5 6 7 8;14;24;24;668;0;0;47;0.004467;149541;K*;                        ? Unchecked;ijcai-2026-base-14-g0df50d7
n-puzzle;unit;33/20;20;0 1 5 2 6 8 7 3 4;0 1 2 3 4 5 6 7 8;12;22;22;624;0;0;47;0.003673;169888;K*;                        ? Unchecked;ijcai-2026-base-14-g0df50d7
n-puzzle;unit;34/20;20;7 1 5 2 8 6 3 4 0;0 1 2 3 4 5 6 7 8;14;20;20;185;0;0;47;0.001672;110646;K*;                        ? Unchecked;ijcai-2026-base-14-g0df50d7
n-puzzle;unit;35/20;20;6 3 1 2 8 7 0 4 5;0 1 2 3 4 5 6 7 8;14;24;24;1067;0;0;47;0.006184;172542;K*;                        ? Unchecked;ijcai-2026-base-14-g0df50d7
n-puzzle;unit;36/20;20;0 3 5 4 8 6 7 2 1;0 1 2 3 4 5 6 7 8;16;24;24;685;0;0;47;0.003757;182326;K*;                        ? Unchecked;ijcai-2026-base-14-g0df50d7
n-puzzle;unit;37/20;20;8 1 4 0 3 2 5 6 7;0 1 2 3 4 5 6 7 8;13;23;23;750;0;0;47;0.005189;144537;K*;                        ? Unchecked;ijcai-2026-base-14-g0df50d7
n-puzzle;unit;38/20;20;7 4 1 6 2 8 3 5 0;0 1 2 3 4 5 6 7 8;12;24;24;1567;0;0;47;0.008119;193004;K*;                        ? Unchecked;ijcai-2026-base-14-g0df50d7
n-puzzle;unit;39/20;20;4 6 8 0 5 1 3 2 7;0 1 2 3 4 5 6 7 8;15;25;25;1295;0;0;47;0.007139;181398;K*;                        ? Unchecked;ijcai-2026-base-14-g0df50d7
n-puzzle;unit;40/20;20;4 2 8 6 0 1 3 5 7;0 1 2 3 4 5 6 7 8;12;22;22;782;0;0;47;0.004709;166065;K*;                        ? Unchecked;ijcai-2026-base-14-g0df50d7
n-puzzle;unit;41/20;20;3 7 8 4 5 2 6 1 0;0 1 2 3 4 5 6 7 8;10;22;22;460;0;0;47;0.002573;178780;K*;                        ? Unchecked;ijcai-2026-base-14-g0df50d7
n-puzzle;unit;42/20;20;7 5 6 1 0 3 2 8 4;0 1 2 3 4 5 6 7 8;20;26;26;741;0;0;47;0.005121;144698;K*;                        ? Unchecked;ijcai-2026-base-14-g0df50d7
n-puzzle;unit;43/20;20;1 6 4 8 5 3 7 2 0;0 1 2 3 4 5 6 7 8;16;24;24;640;0;0;47;0.004166;153625;K*;                        ? Unchecked;ijcai-2026-base-14-g0df50d7
n-puzzle;unit;44/20;20;2 5 7 1 8 4 3 6 0;0 1 2 3 4 5 6 7 8;14;18;18;69;0;0;47;0.000985;70050.8;K*;                        ? Unchecked;ijcai-2026-base-14-g0df50d7
n-puzzle;unit;45/20;20;3 8 4 0 7 1 5 6 2;0 1 2 3 4 5 6 7 8;15;21;21;235;0;0;47;0.001325;177358;K*;                        ? Unchecked;ijcai-2026-base-14-g0df50d7
n-puzzle;unit;46/20;20;3 0 5 4 2 1 7 8 6;0 1 2 3 4 5 6 7 8;11;21;21;471;0;0;47;0.00232;203017;K*;                        ? Unchecked;ijcai-2026-base-14-g0df50d7
n-puzzle;unit;47/20;20;4 5 3 1 7 0 8 2 6;0 1 2 3 4 5 6 7 8;17;25;25;898;0;0;47;0.006447;139290;K*;                        ? Unchecked;ijcai-2026-base-14-g0df50d7
n-puzzle;unit;48/20;20;1 8 4 2 3 5 6 0 7;0 1 2 3 4 5 6 7 8;11;21;21;492;0;0;47;0.002957;166385;K*;                        ? Unchecked;ijcai-2026-base-14-g0df50d7
n-puzzle;unit;49/20;20;4 8 1 0 6 7 3 2 5;0 1 2 3 4 5 6 7 8;15;27;27;4238;0;0;47;0.025858;163895;K*;                        ? Unchecked;ijcai-2026-base-14-g0df50d7
n-puzzle;unit;50/20;20;8 5 3 4 6 1 7 2 0;0 1 2 3 4 5 6 7 8;18;26;26;1186;0;0;47;0.008788;134957;K*;                        ? Unchecked;ijcai-2026-base-14-g0df50d7
n-puzzle;unit;51/20;20;4 3 7 1 5 2 6 0 8;0 1 2 3 4 5 6 7 8;11;21;21;530;0;0;47;0.004413;120100;K*;                        ? Unchecked;ijcai-2026-base-14-g0df50d7
n-puzzle;unit;52/20;20;7 4 1 2 3 0 5 8 6;0 1 2 3 4 5 6 7 8;15;29;29;6791;0;0;47;0.040622;167175;K*;                        ? Unchecked;ijcai-2026-base-14-g0df50d7
n-puzzle;unit;53/20;20;7 5 6 8 2 1 0 4 3;0 1 2 3 4 5 6 7 8;20;28;28;2079;0;0;47;0.010379;200308;K*;                        ? Unchecked;ijcai-2026-base-14-g0df50d7
n-puzzle;unit;54/20;20;2 8 5 0 7 6 1 4 3;0 1 2 3 4 5 6 7 8;17;23;23;322;0;0;47;0.003008;107048;K*;                        ? Unchecked;ijcai-2026-base-14-g0df50d7
n-puzzle;unit;55/20;20;3 5 2 4 1 6 8 0 7;0 1 2 3 4 5 6 7 8;11;25;25;2287;0;0;47;0.010089;226683;K*;                        ? Unchecked;ijcai-2026-base-14-g0df50d7
n-puzzle;unit;56/20;20;8 6 1 5 4 3 0 2 7;0 1 2 3 4 5 6 7 8;16;28;28;2529;0;0;47;0.014995;168656;K*;                        ? Unchecked;ijcai-2026-base-14-g0df50d7
n-puzzle;unit;57/20;20;4 6 5 7 3 2 1 0 8;0 1 2 3 4 5 6 7 8;13;23;23;934;0;0;47;0.006743;138514;K*;                        ? Unchecked;ijcai-2026-base-14-g0df50d7
n-puzzle;unit;58/20;20;3 7 4 2 8 6 5 0 1;0 1 2 3 4 5 6 7 8;19;27;27;2160;0;0;47;0.010149;212829;K*;                        ? Unchecked;ijcai-2026-base-14-g0df50d7
n-puzzle;unit;59/20;20;8 7 4 5 6 2 3 0 1;0 1 2 3 4 5 6 7 8;17;29;29;5681;0;0;47;0.036114;157307;K*;                        ? Unchecked;ijcai-2026-base-14-g0df50d7
n-puzzle;unit;60/20;20;6 1 5 3 4 0 8 2 7;0 1 2 3 4 5 6 7 8;9;23;23;1027;0;0;47;0.00491;209165;K*;                        ? Unchecked;ijcai-2026-base-14-g0df50d7
n-puzzle;unit;61/20;20;4 5 2 8 0 3 1 6 7;0 1 2 3 4 5 6 7 8;14;22;22;537;0;0;47;0.003753;143086;K*;                        ? Unchecked;ijcai-2026-base-14-g0df50d7
n-puzzle;unit;62/20;20;8 5 4 6 1 2 7 3 0;0 1 2 3 4 5 6 7 8;14;26;26;1784;0;0;47;0.011404;156436;K*;                        ? Unchecked;ijcai-2026-base-14-g0df50d7
n-puzzle;unit;63/20;20;0 5 8 2 6 7 4 3 1;0 1 2 3 4 5 6 7 8;18;24;24;656;0;0;47;0.005498;119316;K*;                        ? Unchecked;ijcai-2026-base-14-g0df50d7
n-puzzle;unit;64/20;20;5 0 1 8 7 3 4 6 2;0 1 2 3 4 5 6 7 8;15;25;25;1099;0;0;47;0.006235;176263;K*;                        ? Unchecked;ijcai-2026-base-14-g0df50d7
n-puzzle;unit;65/20;20;7 6 1 3 4 8 0 5 2;0 1 2 3 4 5 6 7 8;12;24;24;1029;0;0;47;0.006758;152264;K*;                        ? Unchecked;ijcai-2026-base-14-g0df50d7
n-puzzle;unit;66/20;20;8 0 7 3 6 5 1 2 4;0 1 2 3 4 5 6 7 8;17;27;27;1920;0;0;47;0.009992;192154;K*;                        ? Unchecked;ijcai-2026-base-14-g0df50d7
n-puzzle;unit;67/20;20;7 2 8 6 5 1 4 0 3;0 1 2 3 4 5 6 7 8;15;25;25;1332;0;0;47;0.008794;151467;K*;                        ? Unchecked;ijcai-2026-base-14-g0df50d7
n-puzzle;unit;68/20;20;5 0 3 4 1 8 2 7 6;0 1 2 3 4 5 6 7 8;15;27;27;2484;0;0;47;0.021781;114044;K*;                        ? Unchecked;ijcai-2026-base-14-g0df50d7
n-puzzle;unit;69/20;20;7 8 4 6 3 5 2 1 0;0 1 2 3 4 5 6 7 8;16;28;28;3081;0;0;47;0.024745;124510;K*;                        ? Unchecked;ijcai-2026-base-14-g0df50d7
n-puzzle;unit;70/20;20;7 0 3 2 8 1 5 4 6;0 1 2 3 4 5 6 7 8;19;23;23;171;0;0;47;0.003464;49364.9;K*;                        ? Unchecked;ijcai-2026-base-14-g0df50d7
n-puzzle;unit;71/20;20;1 0 7 3 4 8 2 5 6;0 1 2 3 4 5 6 7 8;13;25;25;1244;0;0;47;0.006533;190418;K*;                        ? Unchecked;ijcai-2026-base-14-g0df50d7
n-puzzle;unit;72/20;20;8 0 7 4 3 6 5 2 1;0 1 2 3 4 5 6 7 8;21;27;27;690;0;0;47;0.00643;107309;K*;                        ? Unchecked;ijcai-2026-base-14-g0df50d7
n-puzzle;unit;73/20;20;3 7 8 5 1 2 0 6 4;0 1 2 3 4 5 6 7 8;12;26;26;2268;0;0;47;0.009798;231476;K*;                        ? Unchecked;ijcai-2026-base-14-g0df50d7
n-puzzle;unit;74/20;20;1 6 2 0 7 8 4 5 3;0 1 2 3 4 5 6 7 8;13;19;19;138;0;0;47;0.002569;53717.4;K*;                        ? Unchecked;ijcai-2026-base-14-g0df50d7
n-puzzle;unit;75/20;20;6 1 2 3 0 8 4 5 7;0 1 2 3 4 5 6 7 8;8;20;20;504;0;0;47;0.00274;183942;K*;                        ? Unchecked;ijcai-2026-base-14-g0df50d7
n-puzzle;unit;76/20;20;1 0 7 5 6 4 3 2 8;0 1 2 3 4 5 6 7 8;13;23;23;571;0;0;47;0.003032;188325;K*;                        ? Unchecked;ijcai-2026-base-14-g0df50d7
n-puzzle;unit;77/20;20;2 7 6 1 4 0 5 3 8;0 1 2 3 4 5 6 7 8;15;25;25;929;0;0;47;0.005793;160366;K*;                        ? Unchecked;ijcai-2026-base-14-g0df50d7
n-puzzle;unit;78/20;20;2 3 8 4 0 6 1 5 7;0 1 2 3 4 5 6 7 8;16;24;24;813;0;0;47;0.005799;140197;K*;                        ? Unchecked;ijcai-2026-base-14-g0df50d7
n-puzzle;unit;79/20;20;0 5 4 6 1 7 8 2 3;0 1 2 3 4 5 6 7 8;16;26;26;1483;0;0;47;0.009208;161056;K*;                        ? Unchecked;ijcai-2026-base-14-g0df50d7
n-puzzle;unit;80/20;20;5 3 4 7 0 1 8 6 2;0 1 2 3 4 5 6 7 8;16;22;22;446;0;0;47;0.003977;112145;K*;                        ? Unchecked;ijcai-2026-base-14-g0df50d7
n-puzzle;unit;81/20;20;1 7 5 6 8 3 4 2 0;0 1 2 3 4 5 6 7 8;14;24;24;1116;0;0;47;0.006064;184037;K*;                        ? Unchecked;ijcai-2026-base-14-g0df50d7
n-puzzle;unit;82/20;20;3 1 4 0 5 8 2 7 6;0 1 2 3 4 5 6 7 8;11;23;23;777;0;0;47;0.007454;104239;K*;                        ? Unchecked;ijcai-2026-base-14-g0df50d7
n-puzzle;unit;83/20;20;4 2 3 0 5 1 8 6 7;0 1 2 3 4 5 6 7 8;13;21;21;254;0;0;47;0.001937;131131;K*;                        ? Unchecked;ijcai-2026-base-14-g0df50d7
n-puzzle;unit;84/20;20;4 7 3 1 6 5 8 0 2;0 1 2 3 4 5 6 7 8;15;27;27;3169;0;0;47;0.028756;110203;K*;                        ? Unchecked;ijcai-2026-base-14-g0df50d7
n-puzzle;unit;85/20;20;3 6 0 1 5 8 4 2 7;0 1 2 3 4 5 6 7 8;14;24;24;748;0;0;47;0.006423;116456;K*;                        ? Unchecked;ijcai-2026-base-14-g0df50d7
n-puzzle;unit;86/20;20;8 6 2 7 5 1 3 0 4;0 1 2 3 4 5 6 7 8;15;29;29;8498;0;0;47;0.078444;108332;K*;                        ? Unchecked;ijcai-2026-base-14-g0df50d7
n-puzzle;unit;87/20;20;3 2 5 7 6 0 8 1 4;0 1 2 3 4 5 6 7 8;13;19;19;166;0;0;47;0.00143;116084;K*;                        ? Unchecked;ijcai-2026-base-14-g0df50d7
n-puzzle;unit;88/20;20;1 3 2 4 0 5 8 7 6;0 1 2 3 4 5 6 7 8;8;24;24;2031;0;0;47;0.010491;193595;K*;                        ? Unchecked;ijcai-2026-base-14-g0df50d7
n-puzzle;unit;89/20;20;0 8 4 3 2 1 6 5 7;0 1 2 3 4 5 6 7 8;12;20;20;219;0;0;47;0.002697;81201.3;K*;                        ? Unchecked;ijcai-2026-base-14-g0df50d7
n-puzzle;unit;90/20;20;0 6 1 5 7 8 4 2 3;0 1 2 3 4 5 6 7 8;16;24;24;609;0;0;47;0.003112;195694;K*;                        ? Unchecked;ijcai-2026-base-14-g0df50d7
n-puzzle;unit;91/20;20;2 1 6 4 5 8 3 0 7;0 1 2 3 4 5 6 7 8;11;25;25;1852;0;0;47;0.008671;213586;K*;                        ? Unchecked;ijcai-2026-base-14-g0df50d7
n-puzzle;unit;92/20;20;3 7 4 6 1 5 8 0 2;0 1 2 3 4 5 6 7 8;11;23;23;973;0;0;47;0.007329;132760;K*;                        ? Unchecked;ijcai-2026-base-14-g0df50d7
n-puzzle;unit;93/20;20;7 6 1 3 5 8 2 4 0;0 1 2 3 4 5 6 7 8;14;24;24;854;0;0;47;0.004834;176665;K*;                        ? Unchecked;ijcai-2026-base-14-g0df50d7
n-puzzle;unit;94/20;20;4 7 8 1 0 3 6 2 5;0 1 2 3 4 5 6 7 8;14;24;24;1239;0;0;47;0.011668;106188;K*;                        ? Unchecked;ijcai-2026-base-14-g0df50d7
n-puzzle;unit;95/20;20;0 5 8 2 7 4 1 6 3;0 1 2 3 4 5 6 7 8;16;22;22;186;0;0;47;0.002103;88445.1;K*;                        ? Unchecked;ijcai-2026-base-14-g0df50d7
n-puzzle;unit;96/20;20;5 2 3 8 7 0 1 6 4;0 1 2 3 4 5 6 7 8;17;25;25;926;0;0;47;0.004135;223942;K*;                        ? Unchecked;ijcai-2026-base-14-g0df50d7
n-puzzle;unit;97/20;20;8 3 0 4 7 2 6 1 5;0 1 2 3 4 5 6 7 8;12;20;20;145;0;0;47;0.00156;92948.7;K*;                        ? Unchecked;ijcai-2026-base-14-g0df50d7
n-puzzle;unit;98/20;20;5 8 6 0 7 4 1 3 2;0 1 2 3 4 5 6 7 8;19;27;27;1450;0;0;47;0.009426;153830;K*;                        ? Unchecked;ijcai-2026-base-14-g0df50d7
n-puzzle;unit;99/20;20;7 5 0 6 3 2 1 8 4;0 1 2 3 4 5 6 7 8;14;28;28;5845;0;0;47;0.039341;148573;K*;                        ? Unchecked;ijcai-2026-base-14-g0df50d7
n-puzzle;unit;0/30;30;5 6 0 8 4 7 1 3 2;0 1 2 3 4 5 6 7 8;18;26;26;487;0;0;47;0.003469;140386;K*;                        ? Unchecked;ijcai-2026-base-14-g0df50d7
n-puzzle;unit;1/30;30;0 8 6 4 7 1 5 3 2;0 1 2 3 4 5 6 7 8;18;26;26;815;0;0;47;0.005176;157457;K*;                        ? Unchecked;ijcai-2026-base-14-g0df50d7
n-puzzle;unit;2/30;30;5 2 8 0 7 4 1 3 6;0 1 2 3 4 5 6 7 8;15;23;23;1388;0;0;47;0.020619;67316.6;K*;                        ? Unchecked;ijcai-2026-base-14-g0df50d7
n-puzzle;unit;3/30;30;7 2 6 0 8 1 5 4 3;0 1 2 3 4 5 6 7 8;19;27;27;1563;0;0;47;0.007872;198552;K*;                        ? Unchecked;ijcai-2026-base-14-g0df50d7
n-puzzle;unit;4/30;30;5 1 8 6 0 7 2 4 3;0 1 2 3 4 5 6 7 8;16;26;26;1868;0;0;47;0.015328;121868;K*;                        ? Unchecked;ijcai-2026-base-14-g0df50d7
n-puzzle;unit;5/30;30;8 0 3 6 4 5 7 2 1;0 1 2 3 4 5 6 7 8;15;25;25;1074;0;0;47;0.006931;154956;K*;                        ? Unchecked;ijcai-2026-base-14-g0df50d7
n-puzzle;unit;6/30;30;4 2 7 1 5 8 0 6 3;0 1 2 3 4 5 6 7 8;14;20;20;134;0;0;47;0.00169;79289.9;K*;                        ? Unchecked;ijcai-2026-base-14-g0df50d7
n-puzzle;unit;7/30;30;4 1 7 3 2 5 6 0 8;0 1 2 3 4 5 6 7 8;7;21;21;634;0;0;47;0.003675;172517;K*;                        ? Unchecked;ijcai-2026-base-14-g0df50d7
n-puzzle;unit;8/30;30;8 4 0 5 1 6 2 7 3;0 1 2 3 4 5 6 7 8;18;30;30;4338;0;0;47;0.064794;66950.6;K*;                        ? Unchecked;ijcai-2026-base-14-g0df50d7
n-puzzle;unit;9/30;30;1 3 0 7 6 2 5 8 4;0 1 2 3 4 5 6 7 8;14;24;24;1214;0;0;47;0.009363;129659;K*;                        ? Unchecked;ijcai-2026-base-14-g0df50d7
n-puzzle;unit;10/30;30;7 0 4 6 8 5 3 1 2;0 1 2 3 4 5 6 7 8;13;29;29;8045;0;0;47;0.043149;186447;K*;                        ? Unchecked;ijcai-2026-base-14-g0df50d7
n-puzzle;unit;11/30;30;6 1 7 5 8 2 4 3 0;0 1 2 3 4 5 6 7 8;14;26;26;1848;0;0;47;0.008409;219765;K*;                        ? Unchecked;ijcai-2026-base-14-g0df50d7
n-puzzle;unit;12/30;30;7 5 2 1 6 3 8 0 4;0 1 2 3 4 5 6 7 8;15;27;27;3728;0;0;47;0.016948;219967;K*;                        ? Unchecked;ijcai-2026-base-14-g0df50d7
n-puzzle;unit;13/30;30;6 2 4 0 8 7 5 3 1;0 1 2 3 4 5 6 7 8;17;27;27;3206;0;0;47;0.021804;147037;K*;                        ? Unchecked;ijcai-2026-base-14-g0df50d7
n-puzzle;unit;14/30;30;0 1 6 2 5 7 4 8 3;0 1 2 3 4 5 6 7 8;16;28;28;3608;0;0;47;0.017757;203187;K*;                        ? Unchecked;ijcai-2026-base-14-g0df50d7
n-puzzle;unit;15/30;30;4 0 3 6 1 2 8 5 7;0 1 2 3 4 5 6 7 8;13;17;17;150;0;0;47;0.004675;32085.6;K*;                        ? Unchecked;ijcai-2026-base-14-g0df50d7
n-puzzle;unit;16/30;30;1 5 8 7 6 4 0 3 2;0 1 2 3 4 5 6 7 8;14;22;22;509;0;0;47;0.002937;173306;K*;                        ? Unchecked;ijcai-2026-base-14-g0df50d7
n-puzzle;unit;17/30;30;2 7 0 8 4 6 3 5 1;0 1 2 3 4 5 6 7 8;16;26;26;973;0;0;47;0.005337;182312;K*;                        ? Unchecked;ijcai-2026-base-14-g0df50d7
n-puzzle;unit;18/30;30;7 4 8 1 5 6 0 2 3;0 1 2 3 4 5 6 7 8;18;26;26;678;0;0;47;0.003891;174248;K*;                        ? Unchecked;ijcai-2026-base-14-g0df50d7
n-puzzle;unit;19/30;30;2 3 0 1 4 7 5 6 8;0 1 2 3 4 5 6 7 8;12;26;26;2437;0;0;47;0.016405;148552;K*;                        ? Unchecked;ijcai-2026-base-14-g0df50d7
n-puzzle;unit;20/30;30;2 1 4 5 0 6 8 3 7;0 1 2 3 4 5 6 7 8;14;28;28;5892;0;0;47;0.031967;184315;K*;                        ? Unchecked;ijcai-2026-base-14-g0df50d7
n-puzzle;unit;21/30;30;8 7 6 2 5 4 1 0 3;0 1 2 3 4 5 6 7 8;21;29;29;1892;0;0;47;0.019201;98536.5;K*;                        ? Unchecked;ijcai-2026-base-14-g0df50d7
n-puzzle;unit;22/30;30;2 7 3 1 6 5 4 0 8;0 1 2 3 4 5 6 7 8;13;21;21;323;0;0;47;0.003329;97026.1;K*;                        ? Unchecked;ijcai-2026-base-14-g0df50d7
n-puzzle;unit;23/30;30;3 0 4 6 2 1 8 5 7;0 1 2 3 4 5 6 7 8;13;19;19;221;0;0;47;0.001626;135916;K*;                        ? Unchecked;ijcai-2026-base-14-g0df50d7
n-puzzle;unit;24/30;30;5 3 2 4 8 6 0 1 7;0 1 2 3 4 5 6 7 8;14;26;26;2331;0;0;47;0.013426;173618;K*;                        ? Unchecked;ijcai-2026-base-14-g0df50d7
n-puzzle;unit;25/30;30;1 3 5 2 4 6 8 7 0;0 1 2 3 4 5 6 7 8;12;30;30;12547;0;0;47;0.16414;76440.8;K*;                        ? Unchecked;ijcai-2026-base-14-g0df50d7
n-puzzle;unit;26/30;30;8 5 1 4 2 7 6 0 3;0 1 2 3 4 5 6 7 8;15;25;25;1291;0;0;47;0.006308;204661;K*;                        ? Unchecked;ijcai-2026-base-14-g0df50d7
n-puzzle;unit;27/30;30;2 8 5 6 3 1 4 0 7;0 1 2 3 4 5 6 7 8;13;23;23;901;0;0;47;0.005003;180092;K*;                        ? Unchecked;ijcai-2026-base-14-g0df50d7
n-puzzle;unit;28/30;30;5 0 7 4 2 3 1 6 8;0 1 2 3 4 5 6 7 8;15;21;21;210;0;0;47;0.001975;106329;K*;                        ? Unchecked;ijcai-2026-base-14-g0df50d7
n-puzzle;unit;29/30;30;3 2 4 7 6 8 5 1 0;0 1 2 3 4 5 6 7 8;14;20;20;478;0;0;47;0.006703;71311.4;K*;                        ? Unchecked;ijcai-2026-base-14-g0df50d7
n-puzzle;unit;30/30;30;1 3 2 0 8 6 4 7 5;0 1 2 3 4 5 6 7 8;11;23;23;1157;0;0;47;0.00815;141963;K*;                        ? Unchecked;ijcai-2026-base-14-g0df50d7
n-puzzle;unit;31/30;30;8 2 5 3 7 6 4 0 1;0 1 2 3 4 5 6 7 8;15;25;25;1247;0;0;47;0.006145;202929;K*;                        ? Unchecked;ijcai-2026-base-14-g0df50d7
n-puzzle;unit;32/30;30;2 4 0 7 5 1 8 6 3;0 1 2 3 4 5 6 7 8;14;24;24;668;0;0;47;0.004609;144934;K*;                        ? Unchecked;ijcai-2026-base-14-g0df50d7
n-puzzle;unit;33/30;30;0 1 5 2 6 8 7 3 4;0 1 2 3 4 5 6 7 8;12;22;22;624;0;0;47;0.003762;165869;K*;                        ? Unchecked;ijcai-2026-base-14-g0df50d7
n-puzzle;unit;34/30;30;7 1 5 2 8 6 3 4 0;0 1 2 3 4 5 6 7 8;14;20;20;185;0;0;47;0.001764;104875;K*;                        ? Unchecked;ijcai-2026-base-14-g0df50d7
n-puzzle;unit;35/30;30;6 3 1 2 8 7 0 4 5;0 1 2 3 4 5 6 7 8;14;24;24;1067;0;0;47;0.006325;168696;K*;                        ? Unchecked;ijcai-2026-base-14-g0df50d7
n-puzzle;unit;36/30;30;0 3 5 4 8 6 7 2 1;0 1 2 3 4 5 6 7 8;16;24;24;685;0;0;47;0.003878;176637;K*;                        ? Unchecked;ijcai-2026-base-14-g0df50d7
n-puzzle;unit;37/30;30;8 1 4 0 3 2 5 6 7;0 1 2 3 4 5 6 7 8;13;23;23;750;0;0;47;0.005338;140502;K*;                        ? Unchecked;ijcai-2026-base-14-g0df50d7
n-puzzle;unit;38/30;30;7 4 1 6 2 8 3 5 0;0 1 2 3 4 5 6 7 8;12;24;24;1567;0;0;47;0.008229;190424;K*;                        ? Unchecked;ijcai-2026-base-14-g0df50d7
n-puzzle;unit;39/30;30;4 6 8 0 5 1 3 2 7;0 1 2 3 4 5 6 7 8;15;25;25;1295;0;0;47;0.007301;177373;K*;                        ? Unchecked;ijcai-2026-base-14-g0df50d7
n-puzzle;unit;40/30;30;4 2 8 6 0 1 3 5 7;0 1 2 3 4 5 6 7 8;12;22;22;782;0;0;47;0.004825;162073;K*;                        ? Unchecked;ijcai-2026-base-14-g0df50d7
n-puzzle;unit;41/30;30;3 7 8 4 5 2 6 1 0;0 1 2 3 4 5 6 7 8;10;22;22;460;0;0;47;0.00266;172932;K*;                        ? Unchecked;ijcai-2026-base-14-g0df50d7
n-puzzle;unit;42/30;30;7 5 6 1 0 3 2 8 4;0 1 2 3 4 5 6 7 8;20;26;26;741;0;0;47;0.005209;142254;K*;                        ? Unchecked;ijcai-2026-base-14-g0df50d7
n-puzzle;unit;43/30;30;1 6 4 8 5 3 7 2 0;0 1 2 3 4 5 6 7 8;16;24;24;640;0;0;47;0.004308;148561;K*;                        ? Unchecked;ijcai-2026-base-14-g0df50d7
n-puzzle;unit;44/30;30;2 5 7 1 8 4 3 6 0;0 1 2 3 4 5 6 7 8;14;18;18;69;0;0;47;0.00107;64486;K*;                        ? Unchecked;ijcai-2026-base-14-g0df50d7
n-puzzle;unit;45/30;30;3 8 4 0 7 1 5 6 2;0 1 2 3 4 5 6 7 8;15;21;21;235;0;0;47;0.001396;168338;K*;                        ? Unchecked;ijcai-2026-base-14-g0df50d7
n-puzzle;unit;46/30;30;3 0 5 4 2 1 7 8 6;0 1 2 3 4 5 6 7 8;11;21;21;471;0;0;47;0.002543;185214;K*;                        ? Unchecked;ijcai-2026-base-14-g0df50d7
n-puzzle;unit;47/30;30;4 5 3 1 7 0 8 2 6;0 1 2 3 4 5 6 7 8;17;25;25;898;0;0;47;0.006616;135732;K*;                        ? Unchecked;ijcai-2026-base-14-g0df50d7
n-puzzle;unit;48/30;30;1 8 4 2 3 5 6 0 7;0 1 2 3 4 5 6 7 8;11;21;21;772;0;0;47;0.008332;92654.8;K*;                        ? Unchecked;ijcai-2026-base-14-g0df50d7
n-puzzle;unit;49/30;30;4 8 1 0 6 7 3 2 5;0 1 2 3 4 5 6 7 8;15;27;27;4238;0;0;47;0.02633;160957;K*;                        ? Unchecked;ijcai-2026-base-14-g0df50d7
n-puzzle;unit;50/30;30;8 5 3 4 6 1 7 2 0;0 1 2 3 4 5 6 7 8;18;26;26;1186;0;0;47;0.008874;133649;K*;                        ? Unchecked;ijcai-2026-base-14-g0df50d7
n-puzzle;unit;51/30;30;4 3 7 1 5 2 6 0 8;0 1 2 3 4 5 6 7 8;11;21;21;530;0;0;47;0.004569;115999;K*;                        ? Unchecked;ijcai-2026-base-14-g0df50d7
n-puzzle;unit;52/30;30;7 4 1 2 3 0 5 8 6;0 1 2 3 4 5 6 7 8;15;29;29;6791;0;0;47;0.041131;165107;K*;                        ? Unchecked;ijcai-2026-base-14-g0df50d7
n-puzzle;unit;53/30;30;7 5 6 8 2 1 0 4 3;0 1 2 3 4 5 6 7 8;20;28;28;2079;0;0;47;0.010572;196652;K*;                        ? Unchecked;ijcai-2026-base-14-g0df50d7
n-puzzle;unit;54/30;30;2 8 5 0 7 6 1 4 3;0 1 2 3 4 5 6 7 8;17;23;23;382;0;0;47;0.004342;87977.9;K*;                        ? Unchecked;ijcai-2026-base-14-g0df50d7
n-puzzle;unit;55/30;30;3 5 2 4 1 6 8 0 7;0 1 2 3 4 5 6 7 8;11;25;25;2287;0;0;47;0.010319;221630;K*;                        ? Unchecked;ijcai-2026-base-14-g0df50d7
n-puzzle;unit;56/30;30;8 6 1 5 4 3 0 2 7;0 1 2 3 4 5 6 7 8;16;28;28;2529;0;0;47;0.015429;163912;K*;                        ? Unchecked;ijcai-2026-base-14-g0df50d7
n-puzzle;unit;57/30;30;4 6 5 7 3 2 1 0 8;0 1 2 3 4 5 6 7 8;13;23;23;934;0;0;47;0.0069;135362;K*;                        ? Unchecked;ijcai-2026-base-14-g0df50d7
n-puzzle;unit;58/30;30;3 7 4 2 8 6 5 0 1;0 1 2 3 4 5 6 7 8;19;27;27;2160;0;0;47;0.010301;209688;K*;                        ? Unchecked;ijcai-2026-base-14-g0df50d7
n-puzzle;unit;59/30;30;8 7 4 5 6 2 3 0 1;0 1 2 3 4 5 6 7 8;17;29;29;5681;0;0;47;0.037144;152945;K*;                        ? Unchecked;ijcai-2026-base-14-g0df50d7
n-puzzle;unit;60/30;30;6 1 5 3 4 0 8 2 7;0 1 2 3 4 5 6 7 8;9;23;23;1027;0;0;47;0.005076;202325;K*;                        ? Unchecked;ijcai-2026-base-14-g0df50d7
n-puzzle;unit;61/30;30;4 5 2 8 0 3 1 6 7;0 1 2 3 4 5 6 7 8;14;22;22;537;0;0;47;0.00387;138760;K*;                        ? Unchecked;ijcai-2026-base-14-g0df50d7
n-puzzle;unit;62/30;30;8 5 4 6 1 2 7 3 0;0 1 2 3 4 5 6 7 8;14;26;26;1784;0;0;47;0.011548;154486;K*;                        ? Unchecked;ijcai-2026-base-14-g0df50d7
n-puzzle;unit;63/30;30;0 5 8 2 6 7 4 3 1;0 1 2 3 4 5 6 7 8;18;24;24;656;0;0;47;0.005629;116539;K*;                        ? Unchecked;ijcai-2026-base-14-g0df50d7
n-puzzle;unit;64/30;30;5 0 1 8 7 3 4 6 2;0 1 2 3 4 5 6 7 8;15;25;25;1099;0;0;47;0.006376;172365;K*;                        ? Unchecked;ijcai-2026-base-14-g0df50d7
n-puzzle;unit;65/30;30;7 6 1 3 4 8 0 5 2;0 1 2 3 4 5 6 7 8;12;24;24;1029;0;0;47;0.006893;149282;K*;                        ? Unchecked;ijcai-2026-base-14-g0df50d7
n-puzzle;unit;66/30;30;8 0 7 3 6 5 1 2 4;0 1 2 3 4 5 6 7 8;17;27;27;1920;0;0;47;0.010178;188642;K*;                        ? Unchecked;ijcai-2026-base-14-g0df50d7
n-puzzle;unit;67/30;30;7 2 8 6 5 1 4 0 3;0 1 2 3 4 5 6 7 8;15;25;25;1332;0;0;47;0.008736;152473;K*;                        ? Unchecked;ijcai-2026-base-14-g0df50d7
n-puzzle;unit;68/30;30;5 0 3 4 1 8 2 7 6;0 1 2 3 4 5 6 7 8;15;27;27;2484;0;0;47;0.021821;113835;K*;                        ? Unchecked;ijcai-2026-base-14-g0df50d7
n-puzzle;unit;69/30;30;7 8 4 6 3 5 2 1 0;0 1 2 3 4 5 6 7 8;16;28;28;3081;0;0;47;0.024728;124596;K*;                        ? Unchecked;ijcai-2026-base-14-g0df50d7
n-puzzle;unit;70/30;30;7 0 3 2 8 1 5 4 6;0 1 2 3 4 5 6 7 8;19;23;23;171;0;0;47;0.003593;47592.5;K*;                        ? Unchecked;ijcai-2026-base-14-g0df50d7
n-puzzle;unit;71/30;30;1 0 7 3 4 8 2 5 6;0 1 2 3 4 5 6 7 8;13;25;25;1244;0;0;47;0.006663;186703;K*;                        ? Unchecked;ijcai-2026-base-14-g0df50d7
n-puzzle;unit;72/30;30;8 0 7 4 3 6 5 2 1;0 1 2 3 4 5 6 7 8;21;27;27;690;0;0;47;0.006599;104561;K*;                        ? Unchecked;ijcai-2026-base-14-g0df50d7
n-puzzle;unit;73/30;30;3 7 8 5 1 2 0 6 4;0 1 2 3 4 5 6 7 8;12;26;26;2268;0;0;47;0.00997;227482;K*;                        ? Unchecked;ijcai-2026-base-14-g0df50d7
n-puzzle;unit;74/30;30;1 6 2 0 7 8 4 5 3;0 1 2 3 4 5 6 7 8;13;19;19;138;0;0;47;0.002695;51205.9;K*;                        ? Unchecked;ijcai-2026-base-14-g0df50d7
n-puzzle;unit;75/30;30;6 1 2 3 0 8 4 5 7;0 1 2 3 4 5 6 7 8;8;20;20;504;0;0;47;0.002853;176656;K*;                        ? Unchecked;ijcai-2026-base-14-g0df50d7
n-puzzle;unit;76/30;30;1 0 7 5 6 4 3 2 8;0 1 2 3 4 5 6 7 8;13;23;23;571;0;0;47;0.003166;180354;K*;                        ? Unchecked;ijcai-2026-base-14-g0df50d7
n-puzzle;unit;77/30;30;2 7 6 1 4 0 5 3 8;0 1 2 3 4 5 6 7 8;15;25;25;929;0;0;47;0.005923;156846;K*;                        ? Unchecked;ijcai-2026-base-14-g0df50d7
n-puzzle;unit;78/30;30;2 3 8 4 0 6 1 5 7;0 1 2 3 4 5 6 7 8;16;24;24;813;0;0;47;0.005891;138007;K*;                        ? Unchecked;ijcai-2026-base-14-g0df50d7
n-puzzle;unit;79/30;30;0 5 4 6 1 7 8 2 3;0 1 2 3 4 5 6 7 8;16;26;26;1483;0;0;47;0.009385;158018;K*;                        ? Unchecked;ijcai-2026-base-14-g0df50d7
n-puzzle;unit;80/30;30;5 3 4 7 0 1 8 6 2;0 1 2 3 4 5 6 7 8;16;22;22;446;0;0;47;0.004053;110042;K*;                        ? Unchecked;ijcai-2026-base-14-g0df50d7
n-puzzle;unit;81/30;30;1 7 5 6 8 3 4 2 0;0 1 2 3 4 5 6 7 8;14;24;24;1116;0;0;47;0.006216;179537;K*;                        ? Unchecked;ijcai-2026-base-14-g0df50d7
n-puzzle;unit;82/30;30;3 1 4 0 5 8 2 7 6;0 1 2 3 4 5 6 7 8;11;23;23;777;0;0;47;0.007531;103174;K*;                        ? Unchecked;ijcai-2026-base-14-g0df50d7
n-puzzle;unit;83/30;30;4 2 3 0 5 1 8 6 7;0 1 2 3 4 5 6 7 8;13;21;21;314;0;0;47;0.003181;98711.1;K*;                        ? Unchecked;ijcai-2026-base-14-g0df50d7
n-puzzle;unit;84/30;30;4 7 3 1 6 5 8 0 2;0 1 2 3 4 5 6 7 8;15;27;27;3169;0;0;47;0.028717;110353;K*;                        ? Unchecked;ijcai-2026-base-14-g0df50d7
n-puzzle;unit;85/30;30;3 6 0 1 5 8 4 2 7;0 1 2 3 4 5 6 7 8;14;24;24;748;0;0;47;0.00657;113851;K*;                        ? Unchecked;ijcai-2026-base-14-g0df50d7
n-puzzle;unit;86/30;30;8 6 2 7 5 1 3 0 4;0 1 2 3 4 5 6 7 8;15;29;29;8498;0;0;47;0.078172;108709;K*;                        ? Unchecked;ijcai-2026-base-14-g0df50d7
n-puzzle;unit;87/30;30;3 2 5 7 6 0 8 1 4;0 1 2 3 4 5 6 7 8;13;19;19;166;0;0;47;0.001551;107028;K*;                        ? Unchecked;ijcai-2026-base-14-g0df50d7
n-puzzle;unit;88/30;30;1 3 2 4 0 5 8 7 6;0 1 2 3 4 5 6 7 8;8;24;24;2031;0;0;47;0.010596;191676;K*;                        ? Unchecked;ijcai-2026-base-14-g0df50d7
n-puzzle;unit;89/30;30;0 8 4 3 2 1 6 5 7;0 1 2 3 4 5 6 7 8;12;20;20;339;0;0;47;0.004954;68429.6;K*;                        ? Unchecked;ijcai-2026-base-14-g0df50d7
n-puzzle;unit;90/30;30;0 6 1 5 7 8 4 2 3;0 1 2 3 4 5 6 7 8;16;24;24;609;0;0;47;0.003316;183655;K*;                        ? Unchecked;ijcai-2026-base-14-g0df50d7
n-puzzle;unit;91/30;30;2 1 6 4 5 8 3 0 7;0 1 2 3 4 5 6 7 8;11;25;25;1852;0;0;47;0.008811;210192;K*;                        ? Unchecked;ijcai-2026-base-14-g0df50d7
n-puzzle;unit;92/30;30;3 7 4 6 1 5 8 0 2;0 1 2 3 4 5 6 7 8;11;23;23;973;0;0;47;0.007486;129976;K*;                        ? Unchecked;ijcai-2026-base-14-g0df50d7
n-puzzle;unit;93/30;30;7 6 1 3 5 8 2 4 0;0 1 2 3 4 5 6 7 8;14;24;24;854;0;0;47;0.004957;172282;K*;                        ? Unchecked;ijcai-2026-base-14-g0df50d7
n-puzzle;unit;94/30;30;4 7 8 1 0 3 6 2 5;0 1 2 3 4 5 6 7 8;14;24;24;1239;0;0;47;0.011876;104328;K*;                        ? Unchecked;ijcai-2026-base-14-g0df50d7
n-puzzle;unit;95/30;30;0 5 8 2 7 4 1 6 3;0 1 2 3 4 5 6 7 8;16;22;22;186;0;0;47;0.002193;84815.3;K*;                        ? Unchecked;ijcai-2026-base-14-g0df50d7
n-puzzle;unit;96/30;30;5 2 3 8 7 0 1 6 4;0 1 2 3 4 5 6 7 8;17;25;25;926;0;0;47;0.004271;216811;K*;                        ? Unchecked;ijcai-2026-base-14-g0df50d7
n-puzzle;unit;97/30;30;8 3 0 4 7 2 6 1 5;0 1 2 3 4 5 6 7 8;12;20;20;305;0;0;47;0.004521;67463;K*;                        ? Unchecked;ijcai-2026-base-14-g0df50d7
n-puzzle;unit;98/30;30;5 8 6 0 7 4 1 3 2;0 1 2 3 4 5 6 7 8;19;27;27;1450;0;0;47;0.009729;149039;K*;                        ? Unchecked;ijcai-2026-base-14-g0df50d7
n-puzzle;unit;99/30;30;7 5 0 6 3 2 1 8 4;0 1 2 3 4 5 6 7 8;14;28;28;5845;0;0;47;0.039946;146323;K*;                        ? Unchecked;ijcai-2026-base-14-g0df50d7
n-puzzle;unit;0/40;40;5 6 0 8 4 7 1 3 2;0 1 2 3 4 5 6 7 8;18;26;26;1807;0;0;47;0.038964;46376.1;K*;                        ? Unchecked;ijcai-2026-base-14-g0df50d7
n-puzzle;unit;1/40;40;0 8 6 4 7 1 5 3 2;0 1 2 3 4 5 6 7 8;18;26;26;815;0;0;47;0.006409;127165;K*;                        ? Unchecked;ijcai-2026-base-14-g0df50d7
n-puzzle;unit;2/40;40;5 2 8 0 7 4 1 3 6;0 1 2 3 4 5 6 7 8;15;23;23;1528;0;0;47;0.023997;63674.6;K*;                        ? Unchecked;ijcai-2026-base-14-g0df50d7
n-puzzle;unit;3/40;40;7 2 6 0 8 1 5 4 3;0 1 2 3 4 5 6 7 8;19;27;27;1563;0;0;47;0.008151;191756;K*;                        ? Unchecked;ijcai-2026-base-14-g0df50d7
n-puzzle;unit;4/40;40;5 1 8 6 0 7 2 4 3;0 1 2 3 4 5 6 7 8;16;26;26;1868;0;0;47;0.015521;120353;K*;                        ? Unchecked;ijcai-2026-base-14-g0df50d7
n-puzzle;unit;5/40;40;8 0 3 6 4 5 7 2 1;0 1 2 3 4 5 6 7 8;15;25;25;2094;0;0;47;0.033808;61938;K*;                        ? Unchecked;ijcai-2026-base-14-g0df50d7
n-puzzle;unit;6/40;40;4 2 7 1 5 8 0 6 3;0 1 2 3 4 5 6 7 8;14;20;20;134;0;0;47;0.00264;50757.6;K*;                        ? Unchecked;ijcai-2026-base-14-g0df50d7
n-puzzle;unit;7/40;40;4 1 7 3 2 5 6 0 8;0 1 2 3 4 5 6 7 8;7;21;21;634;0;0;47;0.003786;167459;K*;                        ? Unchecked;ijcai-2026-base-14-g0df50d7
n-puzzle;unit;8/40;40;8 4 0 5 1 6 2 7 3;0 1 2 3 4 5 6 7 8;18;30;30;4338;0;0;47;0.065038;66699.5;K*;                        ? Unchecked;ijcai-2026-base-14-g0df50d7
n-puzzle;unit;9/40;40;1 3 0 7 6 2 5 8 4;0 1 2 3 4 5 6 7 8;14;24;24;1214;0;0;47;0.009664;125621;K*;                        ? Unchecked;ijcai-2026-base-14-g0df50d7
n-puzzle;unit;10/40;40;7 0 4 6 8 5 3 1 2;0 1 2 3 4 5 6 7 8;13;29;29;8045;0;0;47;0.043493;184972;K*;                        ? Unchecked;ijcai-2026-base-14-g0df50d7
n-puzzle;unit;11/40;40;6 1 7 5 8 2 4 3 0;0 1 2 3 4 5 6 7 8;14;26;26;1848;0;0;47;0.008299;222677;K*;                        ? Unchecked;ijcai-2026-base-14-g0df50d7
n-puzzle;unit;12/40;40;7 5 2 1 6 3 8 0 4;0 1 2 3 4 5 6 7 8;15;27;27;3728;0;0;47;0.016682;223474;K*;                        ? Unchecked;ijcai-2026-base-14-g0df50d7
n-puzzle;unit;13/40;40;6 2 4 0 8 7 5 3 1;0 1 2 3 4 5 6 7 8;17;27;27;3206;0;0;47;0.021966;145953;K*;                        ? Unchecked;ijcai-2026-base-14-g0df50d7
n-puzzle;unit;14/40;40;0 1 6 2 5 7 4 8 3;0 1 2 3 4 5 6 7 8;16;28;28;3608;0;0;47;0.017935;201171;K*;                        ? Unchecked;ijcai-2026-base-14-g0df50d7
n-puzzle;unit;15/40;40;4 0 3 6 1 2 8 5 7;0 1 2 3 4 5 6 7 8;13;19;19;167;0;0;47;0.005285;31598.9;K*;                        ? Unchecked;ijcai-2026-base-14-g0df50d7
n-puzzle;unit;16/40;40;1 5 8 7 6 4 0 3 2;0 1 2 3 4 5 6 7 8;14;22;22;509;0;0;47;0.003011;169047;K*;                        ? Unchecked;ijcai-2026-base-14-g0df50d7
n-puzzle;unit;17/40;40;2 7 0 8 4 6 3 5 1;0 1 2 3 4 5 6 7 8;16;26;26;973;0;0;47;0.005482;177490;K*;                        ? Unchecked;ijcai-2026-base-14-g0df50d7
n-puzzle;unit;18/40;40;7 4 8 1 5 6 0 2 3;0 1 2 3 4 5 6 7 8;18;26;26;898;0;0;47;0.009384;95694.8;K*;                        ? Unchecked;ijcai-2026-base-14-g0df50d7
n-puzzle;unit;19/40;40;2 3 0 1 4 7 5 6 8;0 1 2 3 4 5 6 7 8;12;26;26;2437;0;0;47;0.01599;152408;K*;                        ? Unchecked;ijcai-2026-base-14-g0df50d7
n-puzzle;unit;20/40;40;2 1 4 5 0 6 8 3 7;0 1 2 3 4 5 6 7 8;14;28;28;5892;0;0;47;0.032067;183740;K*;                        ? Unchecked;ijcai-2026-base-14-g0df50d7
n-puzzle;unit;21/40;40;8 7 6 2 5 4 1 0 3;0 1 2 3 4 5 6 7 8;21;29;29;1892;0;0;47;0.019511;96970.9;K*;                        ? Unchecked;ijcai-2026-base-14-g0df50d7
n-puzzle;unit;22/40;40;2 7 3 1 6 5 4 0 8;0 1 2 3 4 5 6 7 8;13;21;21;683;0;0;47;0.011616;58798.2;K*;                        ? Unchecked;ijcai-2026-base-14-g0df50d7
n-puzzle;unit;23/40;40;3 0 4 6 2 1 8 5 7;0 1 2 3 4 5 6 7 8;13;19;19;221;0;0;47;0.002066;106970;K*;                        ? Unchecked;ijcai-2026-base-14-g0df50d7
n-puzzle;unit;24/40;40;5 3 2 4 8 6 0 1 7;0 1 2 3 4 5 6 7 8;14;26;26;2331;0;0;47;0.013843;168388;K*;                        ? Unchecked;ijcai-2026-base-14-g0df50d7
n-puzzle;unit;25/40;40;1 3 5 2 4 6 8 7 0;0 1 2 3 4 5 6 7 8;12;30;30;12547;0;0;48;0.165035;76026.3;K*;                        ? Unchecked;ijcai-2026-base-14-g0df50d7
n-puzzle;unit;26/40;40;8 5 1 4 2 7 6 0 3;0 1 2 3 4 5 6 7 8;15;25;25;1291;0;0;48;0.006492;198860;K*;                        ? Unchecked;ijcai-2026-base-14-g0df50d7
n-puzzle;unit;27/40;40;2 8 5 6 3 1 4 0 7;0 1 2 3 4 5 6 7 8;13;23;23;1141;0;0;48;0.011094;102848;K*;                        ? Unchecked;ijcai-2026-base-14-g0df50d7
n-puzzle;unit;28/40;40;5 0 7 4 2 3 1 6 8;0 1 2 3 4 5 6 7 8;15;21;21;210;0;0;48;0.002313;90791.2;K*;                        ? Unchecked;ijcai-2026-base-14-g0df50d7
n-puzzle;unit;29/40;40;3 2 4 7 6 8 5 1 0;0 1 2 3 4 5 6 7 8;14;22;22;535;0;0;48;0.008089;66139.2;K*;                        ? Unchecked;ijcai-2026-base-14-g0df50d7
n-puzzle;unit;30/40;40;1 3 2 0 8 6 4 7 5;0 1 2 3 4 5 6 7 8;11;23;23;1157;0;0;48;0.008365;138314;K*;                        ? Unchecked;ijcai-2026-base-14-g0df50d7
n-puzzle;unit;31/40;40;8 2 5 3 7 6 4 0 1;0 1 2 3 4 5 6 7 8;15;25;25;1327;0;0;48;0.008151;162802;K*;                        ? Unchecked;ijcai-2026-base-14-g0df50d7
n-puzzle;unit;32/40;40;2 4 0 7 5 1 8 6 3;0 1 2 3 4 5 6 7 8;14;24;24;1728;0;0;48;0.030021;57559.7;K*;                        ? Unchecked;ijcai-2026-base-14-g0df50d7
n-puzzle;unit;33/40;40;0 1 5 2 6 8 7 3 4;0 1 2 3 4 5 6 7 8;12;22;22;624;0;0;48;0.004802;129946;K*;                        ? Unchecked;ijcai-2026-base-14-g0df50d7
n-puzzle;unit;34/40;40;7 1 5 2 8 6 3 4 0;0 1 2 3 4 5 6 7 8;14;20;20;185;0;0;48;0.001884;98195.3;K*;                        ? Unchecked;ijcai-2026-base-14-g0df50d7
n-puzzle;unit;35/40;40;6 3 1 2 8 7 0 4 5;0 1 2 3 4 5 6 7 8;14;24;24;1067;0;0;48;0.006439;165709;K*;                        ? Unchecked;ijcai-2026-base-14-g0df50d7
n-puzzle;unit;36/40;40;0 3 5 4 8 6 7 2 1;0 1 2 3 4 5 6 7 8;16;24;24;685;0;0;48;0.004017;170525;K*;                        ? Unchecked;ijcai-2026-base-14-g0df50d7
n-puzzle;unit;37/40;40;8 1 4 0 3 2 5 6 7;0 1 2 3 4 5 6 7 8;13;23;23;750;0;0;48;0.005451;137589;K*;                        ? Unchecked;ijcai-2026-base-14-g0df50d7
n-puzzle;unit;38/40;40;7 4 1 6 2 8 3 5 0;0 1 2 3 4 5 6 7 8;12;24;24;2907;0;0;48;0.042573;68282.7;K*;                        ? Unchecked;ijcai-2026-base-14-g0df50d7
n-puzzle;unit;39/40;40;4 6 8 0 5 1 3 2 7;0 1 2 3 4 5 6 7 8;15;25;25;2275;0;0;48;0.034545;65856.1;K*;                        ? Unchecked;ijcai-2026-base-14-g0df50d7
n-puzzle;unit;40/40;40;4 2 8 6 0 1 3 5 7;0 1 2 3 4 5 6 7 8;12;22;22;1382;0;0;48;0.018641;74137.7;K*;                        ? Unchecked;ijcai-2026-base-14-g0df50d7
n-puzzle;unit;41/40;40;3 7 8 4 5 2 6 1 0;0 1 2 3 4 5 6 7 8;10;22;22;480;0;0;48;0.003834;125196;K*;                        ? Unchecked;ijcai-2026-base-14-g0df50d7
n-puzzle;unit;42/40;40;7 5 6 1 0 3 2 8 4;0 1 2 3 4 5 6 7 8;20;26;26;741;0;0;48;0.005483;135145;K*;                        ? Unchecked;ijcai-2026-base-14-g0df50d7
n-puzzle;unit;43/40;40;1 6 4 8 5 3 7 2 0;0 1 2 3 4 5 6 7 8;16;24;24;640;0;0;48;0.004395;145620;K*;                        ? Unchecked;ijcai-2026-base-14-g0df50d7
n-puzzle;unit;44/40;40;2 5 7 1 8 4 3 6 0;0 1 2 3 4 5 6 7 8;14;18;18;69;0;0;48;0.001157;59637;K*;                        ? Unchecked;ijcai-2026-base-14-g0df50d7
n-puzzle;unit;45/40;40;3 8 4 0 7 1 5 6 2;0 1 2 3 4 5 6 7 8;15;23;23;628;0;0;48;0.010534;59616.5;K*;                        ? Unchecked;ijcai-2026-base-14-g0df50d7
n-puzzle;unit;46/40;40;3 0 5 4 2 1 7 8 6;0 1 2 3 4 5 6 7 8;11;21;21;731;0;0;48;0.008185;89309.7;K*;                        ? Unchecked;ijcai-2026-base-14-g0df50d7
n-puzzle;unit;47/40;40;4 5 3 1 7 0 8 2 6;0 1 2 3 4 5 6 7 8;17;25;25;898;0;0;48;0.006947;129264;K*;                        ? Unchecked;ijcai-2026-base-14-g0df50d7
n-puzzle;unit;48/40;40;1 8 4 2 3 5 6 0 7;0 1 2 3 4 5 6 7 8;11;21;21;832;0;0;48;0.009963;83509;K*;                        ? Unchecked;ijcai-2026-base-14-g0df50d7
n-puzzle;unit;49/40;40;4 8 1 0 6 7 3 2 5;0 1 2 3 4 5 6 7 8;15;27;27;4238;0;0;48;0.02672;158608;K*;                        ? Unchecked;ijcai-2026-base-14-g0df50d7
n-puzzle;unit;50/40;40;8 5 3 4 6 1 7 2 0;0 1 2 3 4 5 6 7 8;18;26;26;1186;0;0;48;0.009037;131238;K*;                        ? Unchecked;ijcai-2026-base-14-g0df50d7
n-puzzle;unit;51/40;40;4 3 7 1 5 2 6 0 8;0 1 2 3 4 5 6 7 8;11;21;21;530;0;0;48;0.004673;113418;K*;                        ? Unchecked;ijcai-2026-base-14-g0df50d7
n-puzzle;unit;52/40;40;7 4 1 2 3 0 5 8 6;0 1 2 3 4 5 6 7 8;15;29;29;6791;0;0;48;0.040994;165658;K*;                        ? Unchecked;ijcai-2026-base-14-g0df50d7
n-puzzle;unit;53/40;40;7 5 6 8 2 1 0 4 3;0 1 2 3 4 5 6 7 8;20;28;28;2079;0;0;48;0.010751;193377;K*;                        ? Unchecked;ijcai-2026-base-14-g0df50d7
n-puzzle;unit;54/40;40;2 8 5 0 7 6 1 4 3;0 1 2 3 4 5 6 7 8;17;25;25;988;0;0;48;0.020314;48636.4;K*;                        ? Unchecked;ijcai-2026-base-14-g0df50d7
n-puzzle;unit;55/40;40;3 5 2 4 1 6 8 0 7;0 1 2 3 4 5 6 7 8;11;25;25;3007;0;0;48;0.02967;101348;K*;                        ? Unchecked;ijcai-2026-base-14-g0df50d7
n-puzzle;unit;56/40;40;8 6 1 5 4 3 0 2 7;0 1 2 3 4 5 6 7 8;16;28;28;2529;0;0;48;0.016061;157462;K*;                        ? Unchecked;ijcai-2026-base-14-g0df50d7
n-puzzle;unit;57/40;40;4 6 5 7 3 2 1 0 8;0 1 2 3 4 5 6 7 8;13;23;23;1954;0;0;48;0.033631;58101.2;K*;                        ? Unchecked;ijcai-2026-base-14-g0df50d7
n-puzzle;unit;58/40;40;3 7 4 2 8 6 5 0 1;0 1 2 3 4 5 6 7 8;19;27;27;2160;0;0;48;0.011306;191049;K*;                        ? Unchecked;ijcai-2026-base-14-g0df50d7
n-puzzle;unit;59/40;40;8 7 4 5 6 2 3 0 1;0 1 2 3 4 5 6 7 8;17;29;29;5681;0;0;48;0.036945;153769;K*;                        ? Unchecked;ijcai-2026-base-14-g0df50d7
n-puzzle;unit;60/40;40;6 1 5 3 4 0 8 2 7;0 1 2 3 4 5 6 7 8;9;23;23;1527;0;0;48;0.016807;90855;K*;                        ? Unchecked;ijcai-2026-base-14-g0df50d7
n-puzzle;unit;61/40;40;4 5 2 8 0 3 1 6 7;0 1 2 3 4 5 6 7 8;14;22;22;537;0;0;48;0.004406;121879;K*;                        ? Unchecked;ijcai-2026-base-14-g0df50d7
n-puzzle;unit;62/40;40;8 5 4 6 1 2 7 3 0;0 1 2 3 4 5 6 7 8;14;26;26;1784;0;0;48;0.011731;152076;K*;                        ? Unchecked;ijcai-2026-base-14-g0df50d7
n-puzzle;unit;63/40;40;0 5 8 2 6 7 4 3 1;0 1 2 3 4 5 6 7 8;18;24;24;656;0;0;48;0.005751;114067;K*;                        ? Unchecked;ijcai-2026-base-14-g0df50d7
n-puzzle;unit;64/40;40;5 0 1 8 7 3 4 6 2;0 1 2 3 4 5 6 7 8;15;25;25;2439;0;0;48;0.042016;58049.3;K*;                        ? Unchecked;ijcai-2026-base-14-g0df50d7
n-puzzle;unit;65/40;40;7 6 1 3 4 8 0 5 2;0 1 2 3 4 5 6 7 8;12;24;24;1029;0;0;48;0.008157;126149;K*;                        ? Unchecked;ijcai-2026-base-14-g0df50d7
n-puzzle;unit;66/40;40;8 0 7 3 6 5 1 2 4;0 1 2 3 4 5 6 7 8;17;27;27;1920;0;0;48;0.010332;185830;K*;                        ? Unchecked;ijcai-2026-base-14-g0df50d7
n-puzzle;unit;67/40;40;7 2 8 6 5 1 4 0 3;0 1 2 3 4 5 6 7 8;15;25;25;1332;0;0;48;0.008751;152211;K*;                        ? Unchecked;ijcai-2026-base-14-g0df50d7
n-puzzle;unit;68/40;40;5 0 3 4 1 8 2 7 6;0 1 2 3 4 5 6 7 8;15;27;27;2484;0;0;48;0.022364;111071;K*;                        ? Unchecked;ijcai-2026-base-14-g0df50d7
n-puzzle;unit;69/40;40;7 8 4 6 3 5 2 1 0;0 1 2 3 4 5 6 7 8;16;28;28;3081;0;0;48;0.025544;120615;K*;                        ? Unchecked;ijcai-2026-base-14-g0df50d7
n-puzzle;unit;70/40;40;7 0 3 2 8 1 5 4 6;0 1 2 3 4 5 6 7 8;19;23;23;511;0;0;48;0.011182;45698.4;K*;                        ? Unchecked;ijcai-2026-base-14-g0df50d7
n-puzzle;unit;71/40;40;1 0 7 3 4 8 2 5 6;0 1 2 3 4 5 6 7 8;13;25;25;1244;0;0;48;0.007416;167745;K*;                        ? Unchecked;ijcai-2026-base-14-g0df50d7
n-puzzle;unit;72/40;40;8 0 7 4 3 6 5 2 1;0 1 2 3 4 5 6 7 8;21;27;27;690;0;0;48;0.006921;99696.6;K*;                        ? Unchecked;ijcai-2026-base-14-g0df50d7
n-puzzle;unit;73/40;40;3 7 8 5 1 2 0 6 4;0 1 2 3 4 5 6 7 8;12;26;26;2268;0;0;48;0.010517;215651;K*;                        ? Unchecked;ijcai-2026-base-14-g0df50d7
n-puzzle;unit;74/40;40;1 6 2 0 7 8 4 5 3;0 1 2 3 4 5 6 7 8;13;21;21;389;0;0;48;0.008066;48227.1;K*;                        ? Unchecked;ijcai-2026-base-14-g0df50d7
n-puzzle;unit;75/40;40;6 1 2 3 0 8 4 5 7;0 1 2 3 4 5 6 7 8;8;20;20;504;0;0;48;0.003167;159141;K*;                        ? Unchecked;ijcai-2026-base-14-g0df50d7
n-puzzle;unit;76/40;40;1 0 7 5 6 4 3 2 8;0 1 2 3 4 5 6 7 8;13;23;23;871;0;0;48;0.010233;85116.8;K*;                        ? Unchecked;ijcai-2026-base-14-g0df50d7
n-puzzle;unit;77/40;40;2 7 6 1 4 0 5 3 8;0 1 2 3 4 5 6 7 8;15;25;25;929;0;0;48;0.006341;146507;K*;                        ? Unchecked;ijcai-2026-base-14-g0df50d7
n-puzzle;unit;78/40;40;2 3 8 4 0 6 1 5 7;0 1 2 3 4 5 6 7 8;16;24;24;813;0;0;48;0.006094;133410;K*;                        ? Unchecked;ijcai-2026-base-14-g0df50d7
n-puzzle;unit;79/40;40;0 5 4 6 1 7 8 2 3;0 1 2 3 4 5 6 7 8;16;26;26;1483;0;0;48;0.009584;154737;K*;                        ? Unchecked;ijcai-2026-base-14-g0df50d7
n-puzzle;unit;80/40;40;5 3 4 7 0 1 8 6 2;0 1 2 3 4 5 6 7 8;16;22;22;446;0;0;48;0.004194;106342;K*;                        ? Unchecked;ijcai-2026-base-14-g0df50d7
n-puzzle;unit;81/40;40;1 7 5 6 8 3 4 2 0;0 1 2 3 4 5 6 7 8;14;24;24;2396;0;0;48;0.042384;56530.8;K*;                        ? Unchecked;ijcai-2026-base-14-g0df50d7
n-puzzle;unit;82/40;40;3 1 4 0 5 8 2 7 6;0 1 2 3 4 5 6 7 8;11;23;23;777;0;0;48;0.008801;88285.4;K*;                        ? Unchecked;ijcai-2026-base-14-g0df50d7
n-puzzle;unit;83/40;40;4 2 3 0 5 1 8 6 7;0 1 2 3 4 5 6 7 8;13;21;21;334;0;0;48;0.003888;85905.3;K*;                        ? Unchecked;ijcai-2026-base-14-g0df50d7
n-puzzle;unit;84/40;40;4 7 3 1 6 5 8 0 2;0 1 2 3 4 5 6 7 8;15;27;27;3169;0;0;48;0.029558;107213;K*;                        ? Unchecked;ijcai-2026-base-14-g0df50d7
n-puzzle;unit;85/40;40;3 6 0 1 5 8 4 2 7;0 1 2 3 4 5 6 7 8;14;24;24;1728;0;0;48;0.029961;57675;K*;                        ? Unchecked;ijcai-2026-base-14-g0df50d7
n-puzzle;unit;86/40;40;8 6 2 7 5 1 3 0 4;0 1 2 3 4 5 6 7 8;15;29;29;8498;0;0;48;0.079501;106892;K*;                        ? Unchecked;ijcai-2026-base-14-g0df50d7
n-puzzle;unit;87/40;40;3 2 5 7 6 0 8 1 4;0 1 2 3 4 5 6 7 8;13;19;19;166;0;0;48;0.001644;100973;K*;                        ? Unchecked;ijcai-2026-base-14-g0df50d7
n-puzzle;unit;88/40;40;1 3 2 4 0 5 8 7 6;0 1 2 3 4 5 6 7 8;8;24;24;2031;0;0;48;0.010824;187639;K*;                        ? Unchecked;ijcai-2026-base-14-g0df50d7
n-puzzle;unit;89/40;40;0 8 4 3 2 1 6 5 7;0 1 2 3 4 5 6 7 8;12;22;22;544;0;0;48;0.010519;51715.9;K*;                        ? Unchecked;ijcai-2026-base-14-g0df50d7
n-puzzle;unit;90/40;40;0 6 1 5 7 8 4 2 3;0 1 2 3 4 5 6 7 8;16;24;24;609;0;0;48;0.003631;167722;K*;                        ? Unchecked;ijcai-2026-base-14-g0df50d7
n-puzzle;unit;91/40;40;2 1 6 4 5 8 3 0 7;0 1 2 3 4 5 6 7 8;11;25;25;1852;0;0;48;0.008959;206719;K*;                        ? Unchecked;ijcai-2026-base-14-g0df50d7
n-puzzle;unit;92/40;40;3 7 4 6 1 5 8 0 2;0 1 2 3 4 5 6 7 8;11;23;23;973;0;0;48;0.007639;127373;K*;                        ? Unchecked;ijcai-2026-base-14-g0df50d7
n-puzzle;unit;93/40;40;7 6 1 3 5 8 2 4 0;0 1 2 3 4 5 6 7 8;14;24;24;854;0;0;48;0.005104;167320;K*;                        ? Unchecked;ijcai-2026-base-14-g0df50d7
n-puzzle;unit;94/40;40;4 7 8 1 0 3 6 2 5;0 1 2 3 4 5 6 7 8;14;24;24;1239;0;0;48;0.011981;103414;K*;                        ? Unchecked;ijcai-2026-base-14-g0df50d7
n-puzzle;unit;95/40;40;0 5 8 2 7 4 1 6 3;0 1 2 3 4 5 6 7 8;16;22;22;186;0;0;48;0.002287;81329.3;K*;                        ? Unchecked;ijcai-2026-base-14-g0df50d7
n-puzzle;unit;96/40;40;5 2 3 8 7 0 1 6 4;0 1 2 3 4 5 6 7 8;17;25;25;926;0;0;48;0.004394;210742;K*;                        ? Unchecked;ijcai-2026-base-14-g0df50d7
n-puzzle;unit;97/40;40;8 3 0 4 7 2 6 1 5;0 1 2 3 4 5 6 7 8;12;22;22;380;0;0;48;0.006452;58896.5;K*;                        ? Unchecked;ijcai-2026-base-14-g0df50d7
n-puzzle;unit;98/40;40;5 8 6 0 7 4 1 3 2;0 1 2 3 4 5 6 7 8;19;27;27;1450;0;0;48;0.009973;145393;K*;                        ? Unchecked;ijcai-2026-base-14-g0df50d7
n-puzzle;unit;99/40;40;7 5 0 6 3 2 1 8 4;0 1 2 3 4 5 6 7 8;14;28;28;5845;0;0;48;0.039971;146231;K*;                        ? Unchecked;ijcai-2026-base-14-g0df50d7
n-puzzle;unit;0/50;50;5 6 0 8 4 7 1 3 2;0 1 2 3 4 5 6 7 8;18;26;26;1824;0;0;48;0.039515;46159.7;K*;                        ? Unchecked;ijcai-2026-base-14-g0df50d7
n-puzzle;unit;1/50;50;0 8 6 4 7 1 5 3 2;0 1 2 3 4 5 6 7 8;18;26;26;2315;0;0;48;0.052048;44478.2;K*;                        ? Unchecked;ijcai-2026-base-14-g0df50d7
n-puzzle;unit;2/50;50;5 2 8 0 7 4 1 3 6;0 1 2 3 4 5 6 7 8;15;25;25;1578;0;0;48;0.027565;57246.5;K*;                        ? Unchecked;ijcai-2026-base-14-g0df50d7
n-puzzle;unit;3/50;50;7 2 6 0 8 1 5 4 3;0 1 2 3 4 5 6 7 8;19;27;27;2043;0;0;48;0.023171;88170.6;K*;                        ? Unchecked;ijcai-2026-base-14-g0df50d7
n-puzzle;unit;4/50;50;5 1 8 6 0 7 2 4 3;0 1 2 3 4 5 6 7 8;16;26;26;1868;0;0;48;0.01617;115523;K*;                        ? Unchecked;ijcai-2026-base-14-g0df50d7
n-puzzle;unit;5/50;50;8 0 3 6 4 5 7 2 1;0 1 2 3 4 5 6 7 8;15;25;25;2894;0;0;48;0.06605;43815.3;K*;                        ? Unchecked;ijcai-2026-base-14-g0df50d7
n-puzzle;unit;6/50;50;4 2 7 1 5 8 0 6 3;0 1 2 3 4 5 6 7 8;14;20;20;134;0;0;48;0.003493;38362.4;K*;                        ? Unchecked;ijcai-2026-base-14-g0df50d7
n-puzzle;unit;7/50;50;4 1 7 3 2 5 6 0 8;0 1 2 3 4 5 6 7 8;7;21;21;634;0;0;48;0.003982;159216;K*;                        ? Unchecked;ijcai-2026-base-14-g0df50d7
n-puzzle;unit;8/50;50;8 4 0 5 1 6 2 7 3;0 1 2 3 4 5 6 7 8;18;30;30;4338;0;0;48;0.065728;65999.3;K*;                        ? Unchecked;ijcai-2026-base-14-g0df50d7
n-puzzle;unit;9/50;50;1 3 0 7 6 2 5 8 4;0 1 2 3 4 5 6 7 8;14;24;24;1214;0;0;48;0.00983;123499;K*;                        ? Unchecked;ijcai-2026-base-14-g0df50d7
n-puzzle;unit;10/50;50;7 0 4 6 8 5 3 1 2;0 1 2 3 4 5 6 7 8;13;29;29;8045;0;0;48;0.043988;182891;K*;                        ? Unchecked;ijcai-2026-base-14-g0df50d7
n-puzzle;unit;11/50;50;6 1 7 5 8 2 4 3 0;0 1 2 3 4 5 6 7 8;14;26;26;2308;0;0;48;0.022432;102889;K*;                        ? Unchecked;ijcai-2026-base-14-g0df50d7
n-puzzle;unit;12/50;50;7 5 2 1 6 3 8 0 4;0 1 2 3 4 5 6 7 8;15;27;27;4248;0;0;48;0.0343;123848;K*;                        ? Unchecked;ijcai-2026-base-14-g0df50d7
n-puzzle;unit;13/50;50;6 2 4 0 8 7 5 3 1;0 1 2 3 4 5 6 7 8;17;27;27;3206;0;0;48;0.020614;155525;K*;                        ? Unchecked;ijcai-2026-base-14-g0df50d7
n-puzzle;unit;14/50;50;0 1 6 2 5 7 4 8 3;0 1 2 3 4 5 6 7 8;16;28;28;5048;0;0;48;0.061741;81760.9;K*;                        ? Unchecked;ijcai-2026-base-14-g0df50d7
n-puzzle;unit;15/50;50;4 0 3 6 1 2 8 5 7;0 1 2 3 4 5 6 7 8;13;19;19;167;0;0;48;0.004232;39461.2;K*;                        ? Unchecked;ijcai-2026-base-14-g0df50d7
n-puzzle;unit;16/50;50;1 5 8 7 6 4 0 3 2;0 1 2 3 4 5 6 7 8;14;22;22;509;0;0;48;0.003131;162568;K*;                        ? Unchecked;ijcai-2026-base-14-g0df50d7
n-puzzle;unit;17/50;50;2 7 0 8 4 6 3 5 1;0 1 2 3 4 5 6 7 8;16;26;26;2093;0;0;48;0.039776;52619.7;K*;                        ? Unchecked;ijcai-2026-base-14-g0df50d7
n-puzzle;unit;18/50;50;7 4 8 1 5 6 0 2 3;0 1 2 3 4 5 6 7 8;18;26;26;1998;0;0;48;0.05316;37584.7;K*;                        ? Unchecked;ijcai-2026-base-14-g0df50d7
n-puzzle;unit;19/50;50;2 3 0 1 4 7 5 6 8;0 1 2 3 4 5 6 7 8;12;26;26;2437;0;0;48;0.016954;143742;K*;                        ? Unchecked;ijcai-2026-base-14-g0df50d7
n-puzzle;unit;20/50;50;2 1 4 5 0 6 8 3 7;0 1 2 3 4 5 6 7 8;14;28;28;5892;0;0;48;0.032445;181600;K*;                        ? Unchecked;ijcai-2026-base-14-g0df50d7
n-puzzle;unit;21/50;50;8 7 6 2 5 4 1 0 3;0 1 2 3 4 5 6 7 8;21;29;29;1892;0;0;48;0.02007;94270.1;K*;                        ? Unchecked;ijcai-2026-base-14-g0df50d7
n-puzzle;unit;22/50;50;2 7 3 1 6 5 4 0 8;0 1 2 3 4 5 6 7 8;13;23;23;821;0;0;48;0.015973;51399.2;K*;                        ? Unchecked;ijcai-2026-base-14-g0df50d7
n-puzzle;unit;23/50;50;3 0 4 6 2 1 8 5 7;0 1 2 3 4 5 6 7 8;13;19;19;221;0;0;48;0.002306;95836.9;K*;                        ? Unchecked;ijcai-2026-base-14-g0df50d7
n-puzzle;unit;24/50;50;5 3 2 4 8 6 0 1 7;0 1 2 3 4 5 6 7 8;14;26;26;2331;0;0;48;0.01377;169281;K*;                        ? Unchecked;ijcai-2026-base-14-g0df50d7
n-puzzle;unit;25/50;50;1 3 5 2 4 6 8 7 0;0 1 2 3 4 5 6 7 8;12;30;30;12547;0;0;49;0.166564;75328.4;K*;                        ? Unchecked;ijcai-2026-base-14-g0df50d7
n-puzzle;unit;26/50;50;8 5 1 4 2 7 6 0 3;0 1 2 3 4 5 6 7 8;15;25;25;1291;0;0;49;0.006622;194956;K*;                        ? Unchecked;ijcai-2026-base-14-g0df50d7
n-puzzle;unit;27/50;50;2 8 5 6 3 1 4 0 7;0 1 2 3 4 5 6 7 8;13;25;25;2155;0;0;49;0.047276;45583.4;K*;                        ? Unchecked;ijcai-2026-base-14-g0df50d7
n-puzzle;unit;28/50;50;5 0 7 4 2 3 1 6 8;0 1 2 3 4 5 6 7 8;15;21;21;210;0;0;49;0.00328;64024.4;K*;                        ? Unchecked;ijcai-2026-base-14-g0df50d7
n-puzzle;unit;29/50;50;3 2 4 7 6 8 5 1 0;0 1 2 3 4 5 6 7 8;14;22;22;535;0;0;49;0.008224;65053.5;K*;                        ? Unchecked;ijcai-2026-base-14-g0df50d7
n-puzzle;unit;30/50;50;1 3 2 0 8 6 4 7 5;0 1 2 3 4 5 6 7 8;11;23;23;1157;0;0;49;0.008599;134551;K*;                        ? Unchecked;ijcai-2026-base-14-g0df50d7
n-puzzle;unit;31/50;50;8 2 5 3 7 6 4 0 1;0 1 2 3 4 5 6 7 8;15;25;25;2227;0;0;49;0.037865;58814.2;K*;                        ? Unchecked;ijcai-2026-base-14-g0df50d7
n-puzzle;unit;32/50;50;2 4 0 7 5 1 8 6 3;0 1 2 3 4 5 6 7 8;14;26;26;1886;0;0;49;0.03575;52755.2;K*;                        ? Unchecked;ijcai-2026-base-14-g0df50d7
n-puzzle;unit;33/50;50;0 1 5 2 6 8 7 3 4;0 1 2 3 4 5 6 7 8;12;22;22;624;0;0;49;0.005065;123198;K*;                        ? Unchecked;ijcai-2026-base-14-g0df50d7
n-puzzle;unit;34/50;50;7 1 5 2 8 6 3 4 0;0 1 2 3 4 5 6 7 8;14;20;20;185;0;0;49;0.001954;94677.6;K*;                        ? Unchecked;ijcai-2026-base-14-g0df50d7
n-puzzle;unit;35/50;50;6 3 1 2 8 7 0 4 5;0 1 2 3 4 5 6 7 8;14;24;24;1067;0;0;49;0.006566;162504;K*;                        ? Unchecked;ijcai-2026-base-14-g0df50d7
n-puzzle;unit;36/50;50;0 3 5 4 8 6 7 2 1;0 1 2 3 4 5 6 7 8;16;24;24;685;0;0;49;0.004148;165140;K*;                        ? Unchecked;ijcai-2026-base-14-g0df50d7
n-puzzle;unit;37/50;50;8 1 4 0 3 2 5 6 7;0 1 2 3 4 5 6 7 8;13;23;23;750;0;0;49;0.00567;132275;K*;                        ? Unchecked;ijcai-2026-base-14-g0df50d7
n-puzzle;unit;38/50;50;7 4 1 6 2 8 3 5 0;0 1 2 3 4 5 6 7 8;12;26;26;3518;0;0;49;0.065037;54092.3;K*;                        ? Unchecked;ijcai-2026-base-14-g0df50d7
n-puzzle;unit;39/50;50;4 6 8 0 5 1 3 2 7;0 1 2 3 4 5 6 7 8;15;27;27;3393;0;0;49;0.075033;45220.1;K*;                        ? Unchecked;ijcai-2026-base-14-g0df50d7
n-puzzle;unit;40/50;50;4 2 8 6 0 1 3 5 7;0 1 2 3 4 5 6 7 8;12;24;24;1868;0;0;49;0.036715;50878.4;K*;                        ? Unchecked;ijcai-2026-base-14-g0df50d7
n-puzzle;unit;41/50;50;3 7 8 4 5 2 6 1 0;0 1 2 3 4 5 6 7 8;10;24;24;1043;0;0;49;0.022587;46177;K*;                        ? Unchecked;ijcai-2026-base-14-g0df50d7
n-puzzle;unit;42/50;50;7 5 6 1 0 3 2 8 4;0 1 2 3 4 5 6 7 8;20;26;26;741;0;0;49;0.006063;122217;K*;                        ? Unchecked;ijcai-2026-base-14-g0df50d7
n-puzzle;unit;43/50;50;1 6 4 8 5 3 7 2 0;0 1 2 3 4 5 6 7 8;16;24;24;640;0;0;49;0.004539;141000;K*;                        ? Unchecked;ijcai-2026-base-14-g0df50d7
n-puzzle;unit;44/50;50;2 5 7 1 8 4 3 6 0;0 1 2 3 4 5 6 7 8;14;18;18;129;0;0;49;0.00282;45744.7;K*;                        ? Unchecked;ijcai-2026-base-14-g0df50d7
n-puzzle;unit;45/50;50;3 8 4 0 7 1 5 6 2;0 1 2 3 4 5 6 7 8;15;23;23;628;0;0;49;0.010894;57646.4;K*;                        ? Unchecked;ijcai-2026-base-14-g0df50d7
n-puzzle;unit;46/50;50;3 0 5 4 2 1 7 8 6;0 1 2 3 4 5 6 7 8;11;23;23;1103;0;0;49;0.019783;55754.9;K*;                        ? Unchecked;ijcai-2026-base-14-g0df50d7
n-puzzle;unit;47/50;50;4 5 3 1 7 0 8 2 6;0 1 2 3 4 5 6 7 8;17;25;25;898;0;0;49;0.007483;120005;K*;                        ? Unchecked;ijcai-2026-base-14-g0df50d7
n-puzzle;unit;48/50;50;1 8 4 2 3 5 6 0 7;0 1 2 3 4 5 6 7 8;11;23;23;1135;0;0;49;0.018501;61348;K*;                        ? Unchecked;ijcai-2026-base-14-g0df50d7
n-puzzle;unit;49/50;50;4 8 1 0 6 7 3 2 5;0 1 2 3 4 5 6 7 8;15;27;27;4238;0;0;49;0.026896;157570;K*;                        ? Unchecked;ijcai-2026-base-14-g0df50d7
n-puzzle;unit;50/50;50;8 5 3 4 6 1 7 2 0;0 1 2 3 4 5 6 7 8;18;26;26;1186;0;0;49;0.009247;128258;K*;                        ? Unchecked;ijcai-2026-base-14-g0df50d7
n-puzzle;unit;51/50;50;4 3 7 1 5 2 6 0 8;0 1 2 3 4 5 6 7 8;11;21;21;530;0;0;49;0.004828;109776;K*;                        ? Unchecked;ijcai-2026-base-14-g0df50d7
n-puzzle;unit;52/50;50;7 4 1 2 3 0 5 8 6;0 1 2 3 4 5 6 7 8;15;29;29;6791;0;0;49;0.041488;163686;K*;                        ? Unchecked;ijcai-2026-base-14-g0df50d7
n-puzzle;unit;53/50;50;7 5 6 8 2 1 0 4 3;0 1 2 3 4 5 6 7 8;20;28;28;3679;0;0;49;0.067216;54734;K*;                        ? Unchecked;ijcai-2026-base-14-g0df50d7
n-puzzle;unit;54/50;50;2 8 5 0 7 6 1 4 3;0 1 2 3 4 5 6 7 8;17;25;25;988;0;0;49;0.022336;44233.5;K*;                        ? Unchecked;ijcai-2026-base-14-g0df50d7
n-puzzle;unit;55/50;50;3 5 2 4 1 6 8 0 7;0 1 2 3 4 5 6 7 8;11;25;25;4507;0;0;49;0.084381;53412.5;K*;                        ? Unchecked;ijcai-2026-base-14-g0df50d7
n-puzzle;unit;56/50;50;8 6 1 5 4 3 0 2 7;0 1 2 3 4 5 6 7 8;16;28;28;2529;0;0;49;0.015501;163151;K*;                        ? Unchecked;ijcai-2026-base-14-g0df50d7
n-puzzle;unit;57/50;50;4 6 5 7 3 2 1 0 8;0 1 2 3 4 5 6 7 8;13;25;25;2189;0;0;49;0.042372;51661.5;K*;                        ? Unchecked;ijcai-2026-base-14-g0df50d7
n-puzzle;unit;58/50;50;3 7 4 2 8 6 5 0 1;0 1 2 3 4 5 6 7 8;19;27;27;3140;0;0;49;0.042309;74215.9;K*;                        ? Unchecked;ijcai-2026-base-14-g0df50d7
n-puzzle;unit;59/50;50;8 7 4 5 6 2 3 0 1;0 1 2 3 4 5 6 7 8;17;29;29;5681;0;0;49;0.037914;149839;K*;                        ? Unchecked;ijcai-2026-base-14-g0df50d7
n-puzzle;unit;60/50;50;6 1 5 3 4 0 8 2 7;0 1 2 3 4 5 6 7 8;9;25;25;2354;0;0;49;0.044401;53016.8;K*;                        ? Unchecked;ijcai-2026-base-14-g0df50d7
n-puzzle;unit;61/50;50;4 5 2 8 0 3 1 6 7;0 1 2 3 4 5 6 7 8;14;22;22;537;0;0;49;0.005253;102227;K*;                        ? Unchecked;ijcai-2026-base-14-g0df50d7
n-puzzle;unit;62/50;50;8 5 4 6 1 2 7 3 0;0 1 2 3 4 5 6 7 8;14;26;26;1784;0;0;49;0.011997;148704;K*;                        ? Unchecked;ijcai-2026-base-14-g0df50d7
n-puzzle;unit;63/50;50;0 5 8 2 6 7 4 3 1;0 1 2 3 4 5 6 7 8;18;24;24;656;0;0;49;0.005925;110717;K*;                        ? Unchecked;ijcai-2026-base-14-g0df50d7
n-puzzle;unit;64/50;50;5 0 1 8 7 3 4 6 2;0 1 2 3 4 5 6 7 8;15;25;25;2599;0;0;49;0.047382;54852.1;K*;                        ? Unchecked;ijcai-2026-base-14-g0df50d7
n-puzzle;unit;65/50;50;7 6 1 3 4 8 0 5 2;0 1 2 3 4 5 6 7 8;12;24;24;1029;0;0;49;0.00852;120775;K*;                        ? Unchecked;ijcai-2026-base-14-g0df50d7
n-puzzle;unit;66/50;50;8 0 7 3 6 5 1 2 4;0 1 2 3 4 5 6 7 8;17;27;27;1920;0;0;49;0.010496;182927;K*;                        ? Unchecked;ijcai-2026-base-14-g0df50d7
n-puzzle;unit;67/50;50;7 2 8 6 5 1 4 0 3;0 1 2 3 4 5 6 7 8;15;25;25;3172;0;0;49;0.065676;48297.7;K*;                        ? Unchecked;ijcai-2026-base-14-g0df50d7
n-puzzle;unit;68/50;50;5 0 3 4 1 8 2 7 6;0 1 2 3 4 5 6 7 8;15;27;27;2484;0;0;49;0.033767;73562.9;K*;                        ? Unchecked;ijcai-2026-base-14-g0df50d7
n-puzzle;unit;69/50;50;7 8 4 6 3 5 2 1 0;0 1 2 3 4 5 6 7 8;16;28;28;3081;0;0;49;0.031107;99045.2;K*;                        ? Unchecked;ijcai-2026-base-14-g0df50d7
n-puzzle;unit;70/50;50;7 0 3 2 8 1 5 4 6;0 1 2 3 4 5 6 7 8;19;25;25;614;0;0;49;0.020809;29506.5;K*;                        ? Unchecked;ijcai-2026-base-14-g0df50d7
n-puzzle;unit;71/50;50;1 0 7 3 4 8 2 5 6;0 1 2 3 4 5 6 7 8;13;25;25;1244;0;0;49;0.008577;145039;K*;                        ? Unchecked;ijcai-2026-base-14-g0df50d7
n-puzzle;unit;72/50;50;8 0 7 4 3 6 5 2 1;0 1 2 3 4 5 6 7 8;21;27;27;690;0;0;49;0.007678;89867.2;K*;                        ? Unchecked;ijcai-2026-base-14-g0df50d7
n-puzzle;unit;73/50;50;3 7 8 5 1 2 0 6 4;0 1 2 3 4 5 6 7 8;12;26;26;2848;0;0;49;0.030497;93386.2;K*;                        ? Unchecked;ijcai-2026-base-14-g0df50d7
n-puzzle;unit;74/50;50;1 6 2 0 7 8 4 5 3;0 1 2 3 4 5 6 7 8;13;21;21;389;0;0;49;0.009718;40028.8;K*;                        ? Unchecked;ijcai-2026-base-14-g0df50d7
n-puzzle;unit;75/50;50;6 1 2 3 0 8 4 5 7;0 1 2 3 4 5 6 7 8;8;20;20;504;0;0;49;0.00351;143590;K*;                        ? Unchecked;ijcai-2026-base-14-g0df50d7
n-puzzle;unit;76/50;50;1 0 7 5 6 4 3 2 8;0 1 2 3 4 5 6 7 8;13;25;25;1558;0;0;49;0.035812;43505;K*;                        ? Unchecked;ijcai-2026-base-14-g0df50d7
n-puzzle;unit;77/50;50;2 7 6 1 4 0 5 3 8;0 1 2 3 4 5 6 7 8;15;25;25;929;0;0;49;0.00731;127086;K*;                        ? Unchecked;ijcai-2026-base-14-g0df50d7
n-puzzle;unit;78/50;50;2 3 8 4 0 6 1 5 7;0 1 2 3 4 5 6 7 8;16;24;24;813;0;0;49;0.006384;127350;K*;                        ? Unchecked;ijcai-2026-base-14-g0df50d7
n-puzzle;unit;79/50;50;0 5 4 6 1 7 8 2 3;0 1 2 3 4 5 6 7 8;16;26;26;1483;0;0;49;0.009857;150451;K*;                        ? Unchecked;ijcai-2026-base-14-g0df50d7
n-puzzle;unit;80/50;50;5 3 4 7 0 1 8 6 2;0 1 2 3 4 5 6 7 8;16;22;22;446;0;0;49;0.004421;100882;K*;                        ? Unchecked;ijcai-2026-base-14-g0df50d7
n-puzzle;unit;81/50;50;1 7 5 6 8 3 4 2 0;0 1 2 3 4 5 6 7 8;14;24;24;2416;0;0;49;0.044387;54430.4;K*;                        ? Unchecked;ijcai-2026-base-14-g0df50d7
n-puzzle;unit;82/50;50;3 1 4 0 5 8 2 7 6;0 1 2 3 4 5 6 7 8;11;23;23;777;0;0;49;0.009314;83422.8;K*;                        ? Unchecked;ijcai-2026-base-14-g0df50d7
n-puzzle;unit;83/50;50;4 2 3 0 5 1 8 6 7;0 1 2 3 4 5 6 7 8;13;23;23;662;0;0;49;0.01312;50457.3;K*;                        ? Unchecked;ijcai-2026-base-14-g0df50d7
n-puzzle;unit;84/50;50;4 7 3 1 6 5 8 0 2;0 1 2 3 4 5 6 7 8;15;27;27;3169;0;0;49;0.030088;105324;K*;                        ? Unchecked;ijcai-2026-base-14-g0df50d7
n-puzzle;unit;85/50;50;3 6 0 1 5 8 4 2 7;0 1 2 3 4 5 6 7 8;14;26;26;1980;0;0;49;0.037852;52309;K*;                        ? Unchecked;ijcai-2026-base-14-g0df50d7
n-puzzle;unit;86/50;50;8 6 2 7 5 1 3 0 4;0 1 2 3 4 5 6 7 8;15;29;29;8498;0;0;49;0.080093;106102;K*;                        ? Unchecked;ijcai-2026-base-14-g0df50d7
n-puzzle;unit;87/50;50;3 2 5 7 6 0 8 1 4;0 1 2 3 4 5 6 7 8;13;19;19;166;0;0;49;0.001788;92841.2;K*;                        ? Unchecked;ijcai-2026-base-14-g0df50d7
n-puzzle;unit;88/50;50;1 3 2 4 0 5 8 7 6;0 1 2 3 4 5 6 7 8;8;24;24;2031;0;0;49;0.011401;178142;K*;                        ? Unchecked;ijcai-2026-base-14-g0df50d7
n-puzzle;unit;89/50;50;0 8 4 3 2 1 6 5 7;0 1 2 3 4 5 6 7 8;12;22;22;544;0;0;49;0.011118;48929.7;K*;                        ? Unchecked;ijcai-2026-base-14-g0df50d7
n-puzzle;unit;90/50;50;0 6 1 5 7 8 4 2 3;0 1 2 3 4 5 6 7 8;16;24;24;609;0;0;49;0.003742;162747;K*;                        ? Unchecked;ijcai-2026-base-14-g0df50d7
n-puzzle;unit;91/50;50;2 1 6 4 5 8 3 0 7;0 1 2 3 4 5 6 7 8;11;25;25;1852;0;0;49;0.009106;203382;K*;                        ? Unchecked;ijcai-2026-base-14-g0df50d7
n-puzzle;unit;92/50;50;3 7 4 6 1 5 8 0 2;0 1 2 3 4 5 6 7 8;11;23;23;973;0;0;49;0.007797;124792;K*;                        ? Unchecked;ijcai-2026-base-14-g0df50d7
n-puzzle;unit;93/50;50;7 6 1 3 5 8 2 4 0;0 1 2 3 4 5 6 7 8;14;24;24;854;0;0;49;0.005215;163758;K*;                        ? Unchecked;ijcai-2026-base-14-g0df50d7
n-puzzle;unit;94/50;50;4 7 8 1 0 3 6 2 5;0 1 2 3 4 5 6 7 8;14;24;24;1239;0;0;49;0.01239;100000;K*;                        ? Unchecked;ijcai-2026-base-14-g0df50d7
n-puzzle;unit;95/50;50;0 5 8 2 7 4 1 6 3;0 1 2 3 4 5 6 7 8;16;22;22;186;0;0;49;0.002408;77242.5;K*;                        ? Unchecked;ijcai-2026-base-14-g0df50d7
n-puzzle;unit;96/50;50;5 2 3 8 7 0 1 6 4;0 1 2 3 4 5 6 7 8;17;25;25;1186;0;0;49;0.01262;93977.8;K*;                        ? Unchecked;ijcai-2026-base-14-g0df50d7
n-puzzle;unit;97/50;50;8 3 0 4 7 2 6 1 5;0 1 2 3 4 5 6 7 8;12;22;22;380;0;0;49;0.006953;54652.7;K*;                        ? Unchecked;ijcai-2026-base-14-g0df50d7
n-puzzle;unit;98/50;50;5 8 6 0 7 4 1 3 2;0 1 2 3 4 5 6 7 8;19;27;27;1450;0;0;49;0.010453;138716;K*;                        ? Unchecked;ijcai-2026-base-14-g0df50d7
n-puzzle;unit;99/50;50;7 5 0 6 3 2 1 8 4;0 1 2 3 4 5 6 7 8;14;28;28;5845;0;0;49;0.040513;144275;K*;                        ? Unchecked;ijcai-2026-base-14-g0df50d7
n-puzzle;unit;0/60;60;5 6 0 8 4 7 1 3 2;0 1 2 3 4 5 6 7 8;18;28;28;1824;0;0;49;0.040142;45438.7;K*;                        ? Unchecked;ijcai-2026-base-14-g0df50d7
n-puzzle;unit;1/60;60;0 8 6 4 7 1 5 3 2;0 1 2 3 4 5 6 7 8;18;28;28;2568;0;0;49;0.063893;40192.2;K*;                        ? Unchecked;ijcai-2026-base-14-g0df50d7
n-puzzle;unit;2/60;60;5 2 8 0 7 4 1 3 6;0 1 2 3 4 5 6 7 8;15;25;25;1578;0;0;49;0.028101;56154.6;K*;                        ? Unchecked;ijcai-2026-base-14-g0df50d7
n-puzzle;unit;3/60;60;7 2 6 0 8 1 5 4 3;0 1 2 3 4 5 6 7 8;19;29;29;4721;0;0;49;0.156385;30188.3;K*;                        ? Unchecked;ijcai-2026-base-14-g0df50d7
n-puzzle;unit;4/60;60;5 1 8 6 0 7 2 4 3;0 1 2 3 4 5 6 7 8;16;26;26;1868;0;0;49;0.016541;112932;K*;                        ? Unchecked;ijcai-2026-base-14-g0df50d7
n-puzzle;unit;5/60;60;8 0 3 6 4 5 7 2 1;0 1 2 3 4 5 6 7 8;15;27;27;2993;0;0;49;0.071144;42069.6;K*;                        ? Unchecked;ijcai-2026-base-14-g0df50d7
n-puzzle;unit;6/60;60;4 2 7 1 5 8 0 6 3;0 1 2 3 4 5 6 7 8;14;20;20;194;0;0;49;0.005656;34299.9;K*;                        ? Unchecked;ijcai-2026-base-14-g0df50d7
n-puzzle;unit;7/60;60;4 1 7 3 2 5 6 0 8;0 1 2 3 4 5 6 7 8;7;21;21;1074;0;0;49;0.019809;54217.8;K*;                        ? Unchecked;ijcai-2026-base-14-g0df50d7
n-puzzle;unit;8/60;60;8 4 0 5 1 6 2 7 3;0 1 2 3 4 5 6 7 8;18;30;30;4338;0;0;49;0.066467;65265.5;K*;                        ? Unchecked;ijcai-2026-base-14-g0df50d7
n-puzzle;unit;9/60;60;1 3 0 7 6 2 5 8 4;0 1 2 3 4 5 6 7 8;14;24;24;1214;0;0;49;0.009977;121680;K*;                        ? Unchecked;ijcai-2026-base-14-g0df50d7
n-puzzle;unit;10/60;60;7 0 4 6 8 5 3 1 2;0 1 2 3 4 5 6 7 8;13;29;29;8045;0;0;49;0.044187;182067;K*;                        ? Unchecked;ijcai-2026-base-14-g0df50d7
n-puzzle;unit;11/60;60;6 1 7 5 8 2 4 3 0;0 1 2 3 4 5 6 7 8;14;28;28;4660;0;0;49;0.119356;39042.9;K*;                        ? Unchecked;ijcai-2026-base-14-g0df50d7
n-puzzle;unit;12/60;60;7 5 2 1 6 3 8 0 4;0 1 2 3 4 5 6 7 8;15;27;27;8148;0;0;49;0.21246;38350.7;K*;                        ? Unchecked;ijcai-2026-base-14-g0df50d7
n-puzzle;unit;13/60;60;6 2 4 0 8 7 5 3 1;0 1 2 3 4 5 6 7 8;17;27;27;3206;0;0;49;0.020273;158141;K*;                        ? Unchecked;ijcai-2026-base-14-g0df50d7
n-puzzle;unit;14/60;60;0 1 6 2 5 7 4 8 3;0 1 2 3 4 5 6 7 8;16;28;28;6568;0;0;49;0.131595;49910.7;K*;                        ? Unchecked;ijcai-2026-base-14-g0df50d7
n-puzzle;unit;15/60;60;4 0 3 6 1 2 8 5 7;0 1 2 3 4 5 6 7 8;13;19;19;167;0;0;49;0.002965;56323.8;K*;                        ? Unchecked;ijcai-2026-base-14-g0df50d7
n-puzzle;unit;16/60;60;1 5 8 7 6 4 0 3 2;0 1 2 3 4 5 6 7 8;14;22;22;509;0;0;49;0.003241;157050;K*;                        ? Unchecked;ijcai-2026-base-14-g0df50d7
n-puzzle;unit;17/60;60;2 7 0 8 4 6 3 5 1;0 1 2 3 4 5 6 7 8;16;28;28;3013;0;0;49;0.080766;37305.3;K*;                        ? Unchecked;ijcai-2026-base-14-g0df50d7
n-puzzle;unit;18/60;60;7 4 8 1 5 6 0 2 3;0 1 2 3 4 5 6 7 8;18;28;28;2318;0;0;49;0.069475;33364.5;K*;                        ? Unchecked;ijcai-2026-base-14-g0df50d7
n-puzzle;unit;19/60;60;2 3 0 1 4 7 5 6 8;0 1 2 3 4 5 6 7 8;12;26;26;2437;0;0;49;0.017576;138655;K*;                        ? Unchecked;ijcai-2026-base-14-g0df50d7
n-puzzle;unit;20/60;60;2 1 4 5 0 6 8 3 7;0 1 2 3 4 5 6 7 8;14;28;28;5892;0;0;49;0.032438;181639;K*;                        ? Unchecked;ijcai-2026-base-14-g0df50d7
n-puzzle;unit;21/60;60;8 7 6 2 5 4 1 0 3;0 1 2 3 4 5 6 7 8;21;29;29;1892;0;0;49;0.020199;93668;K*;                        ? Unchecked;ijcai-2026-base-14-g0df50d7
n-puzzle;unit;22/60;60;2 7 3 1 6 5 4 0 8;0 1 2 3 4 5 6 7 8;13;23;23;821;0;0;49;0.016296;50380.5;K*;                        ? Unchecked;ijcai-2026-base-14-g0df50d7
n-puzzle;unit;23/60;60;3 0 4 6 2 1 8 5 7;0 1 2 3 4 5 6 7 8;13;19;19;421;0;0;49;0.008445;49852;K*;                        ? Unchecked;ijcai-2026-base-14-g0df50d7
n-puzzle;unit;24/60;60;5 3 2 4 8 6 0 1 7;0 1 2 3 4 5 6 7 8;14;26;26;2331;0;0;49;0.014228;163832;K*;                        ? Unchecked;ijcai-2026-base-14-g0df50d7
n-puzzle;unit;25/60;60;1 3 5 2 4 6 8 7 0;0 1 2 3 4 5 6 7 8;12;30;30;12547;0;0;49;0.167032;75117.3;K*;                        ? Unchecked;ijcai-2026-base-14-g0df50d7
n-puzzle;unit;26/60;60;8 5 1 4 2 7 6 0 3;0 1 2 3 4 5 6 7 8;15;25;25;1291;0;0;49;0.006773;190610;K*;                        ? Unchecked;ijcai-2026-base-14-g0df50d7
n-puzzle;unit;27/60;60;2 8 5 6 3 1 4 0 7;0 1 2 3 4 5 6 7 8;13;25;25;2155;0;0;49;0.047231;45626.8;K*;                        ? Unchecked;ijcai-2026-base-14-g0df50d7
n-puzzle;unit;28/60;60;5 0 7 4 2 3 1 6 8;0 1 2 3 4 5 6 7 8;15;21;21;390;0;0;49;0.009454;41252.4;K*;                        ? Unchecked;ijcai-2026-base-14-g0df50d7
n-puzzle;unit;29/60;60;3 2 4 7 6 8 5 1 0;0 1 2 3 4 5 6 7 8;14;22;22;535;0;0;49;0.008535;62683.1;K*;                        ? Unchecked;ijcai-2026-base-14-g0df50d7
n-puzzle;unit;30/60;60;1 3 2 0 8 6 4 7 5;0 1 2 3 4 5 6 7 8;11;23;23;1157;0;0;49;0.008756;132138;K*;                        ? Unchecked;ijcai-2026-base-14-g0df50d7
n-puzzle;unit;31/60;60;8 2 5 3 7 6 4 0 1;0 1 2 3 4 5 6 7 8;15;27;27;3346;0;0;49;0.091909;36405.6;K*;                        ? Unchecked;ijcai-2026-base-14-g0df50d7
n-puzzle;unit;32/60;60;2 4 0 7 5 1 8 6 3;0 1 2 3 4 5 6 7 8;14;26;26;1886;0;0;49;0.038302;49240.2;K*;                        ? Unchecked;ijcai-2026-base-14-g0df50d7
n-puzzle;unit;33/60;60;0 1 5 2 6 8 7 3 4;0 1 2 3 4 5 6 7 8;12;22;22;624;0;0;49;0.005287;118025;K*;                        ? Unchecked;ijcai-2026-base-14-g0df50d7
n-puzzle;unit;34/60;60;7 1 5 2 8 6 3 4 0;0 1 2 3 4 5 6 7 8;14;20;20;185;0;0;49;0.001999;92546.3;K*;                        ? Unchecked;ijcai-2026-base-14-g0df50d7
n-puzzle;unit;35/60;60;6 3 1 2 8 7 0 4 5;0 1 2 3 4 5 6 7 8;14;24;24;1067;0;0;49;0.006645;160572;K*;                        ? Unchecked;ijcai-2026-base-14-g0df50d7
n-puzzle;unit;36/60;60;0 3 5 4 8 6 7 2 1;0 1 2 3 4 5 6 7 8;16;24;24;685;0;0;49;0.004242;161480;K*;                        ? Unchecked;ijcai-2026-base-14-g0df50d7
n-puzzle;unit;37/60;60;8 1 4 0 3 2 5 6 7;0 1 2 3 4 5 6 7 8;13;23;23;750;0;0;49;0.005695;131694;K*;                        ? Unchecked;ijcai-2026-base-14-g0df50d7
n-puzzle;unit;38/60;60;7 4 1 6 2 8 3 5 0;0 1 2 3 4 5 6 7 8;12;26;26;3518;0;0;49;0.06557;53652.6;K*;                        ? Unchecked;ijcai-2026-base-14-g0df50d7
n-puzzle;unit;39/60;60;4 6 8 0 5 1 3 2 7;0 1 2 3 4 5 6 7 8;15;27;27;3393;0;0;49;0.076074;44601.3;K*;                        ? Unchecked;ijcai-2026-base-14-g0df50d7
n-puzzle;unit;40/60;60;4 2 8 6 0 1 3 5 7;0 1 2 3 4 5 6 7 8;12;24;24;1868;0;0;49;0.037383;49969.2;K*;                        ? Unchecked;ijcai-2026-base-14-g0df50d7
n-puzzle;unit;41/60;60;3 7 8 4 5 2 6 1 0;0 1 2 3 4 5 6 7 8;10;24;24;1043;0;0;49;0.023289;44785.1;K*;                        ? Unchecked;ijcai-2026-base-14-g0df50d7
n-puzzle;unit;42/60;60;7 5 6 1 0 3 2 8 4;0 1 2 3 4 5 6 7 8;20;26;26;741;0;0;49;0.006195;119613;K*;                        ? Unchecked;ijcai-2026-base-14-g0df50d7
n-puzzle;unit;43/60;60;1 6 4 8 5 3 7 2 0;0 1 2 3 4 5 6 7 8;16;24;24;640;0;0;49;0.004666;137162;K*;                        ? Unchecked;ijcai-2026-base-14-g0df50d7
n-puzzle;unit;44/60;60;2 5 7 1 8 4 3 6 0;0 1 2 3 4 5 6 7 8;14;20;20;207;0;0;49;0.005223;39632.4;K*;                        ? Unchecked;ijcai-2026-base-14-g0df50d7
n-puzzle;unit;45/60;60;3 8 4 0 7 1 5 6 2;0 1 2 3 4 5 6 7 8;15;23;23;628;0;0;49;0.011039;56889.2;K*;                        ? Unchecked;ijcai-2026-base-14-g0df50d7
n-puzzle;unit;46/60;60;3 0 5 4 2 1 7 8 6;0 1 2 3 4 5 6 7 8;11;23;23;1103;0;0;49;0.02026;54442.3;K*;                        ? Unchecked;ijcai-2026-base-14-g0df50d7
n-puzzle;unit;47/60;60;4 5 3 1 7 0 8 2 6;0 1 2 3 4 5 6 7 8;17;25;25;898;0;0;49;0.007611;117987;K*;                        ? Unchecked;ijcai-2026-base-14-g0df50d7
n-puzzle;unit;48/60;60;1 8 4 2 3 5 6 0 7;0 1 2 3 4 5 6 7 8;11;23;23;1135;0;0;49;0.019192;59139.2;K*;                        ? Unchecked;ijcai-2026-base-14-g0df50d7
n-puzzle;unit;49/60;60;4 8 1 0 6 7 3 2 5;0 1 2 3 4 5 6 7 8;15;27;27;4238;0;0;49;0.027401;154666;K*;                        ? Unchecked;ijcai-2026-base-14-g0df50d7
n-puzzle;unit;50/60;60;8 5 3 4 6 1 7 2 0;0 1 2 3 4 5 6 7 8;18;26;26;1186;0;0;49;0.009482;125079;K*;                        ? Unchecked;ijcai-2026-base-14-g0df50d7
n-puzzle;unit;51/60;60;4 3 7 1 5 2 6 0 8;0 1 2 3 4 5 6 7 8;11;21;21;530;0;0;49;0.004951;107049;K*;                        ? Unchecked;ijcai-2026-base-14-g0df50d7
n-puzzle;unit;52/60;60;7 4 1 2 3 0 5 8 6;0 1 2 3 4 5 6 7 8;15;29;29;6791;0;0;49;0.041479;163721;K*;                        ? Unchecked;ijcai-2026-base-14-g0df50d7
n-puzzle;unit;53/60;60;7 5 6 8 2 1 0 4 3;0 1 2 3 4 5 6 7 8;20;28;28;4419;0;0;49;0.101392;43583.3;K*;                        ? Unchecked;ijcai-2026-base-14-g0df50d7
n-puzzle;unit;54/60;60;2 8 5 0 7 6 1 4 3;0 1 2 3 4 5 6 7 8;17;25;25;988;0;0;49;0.020809;47479.5;K*;                        ? Unchecked;ijcai-2026-base-14-g0df50d7
n-puzzle;unit;55/60;60;3 5 2 4 1 6 8 0 7;0 1 2 3 4 5 6 7 8;11;27;27;5279;0;0;49;0.12097;43638.9;K*;                        ? Unchecked;ijcai-2026-base-14-g0df50d7
n-puzzle;unit;56/60;60;8 6 1 5 4 3 0 2 7;0 1 2 3 4 5 6 7 8;16;28;28;2529;0;0;49;0.016064;157433;K*;                        ? Unchecked;ijcai-2026-base-14-g0df50d7
n-puzzle;unit;57/60;60;4 6 5 7 3 2 1 0 8;0 1 2 3 4 5 6 7 8;13;25;25;2189;0;0;49;0.042451;51565.3;K*;                        ? Unchecked;ijcai-2026-base-14-g0df50d7
n-puzzle;unit;58/60;60;3 7 4 2 8 6 5 0 1;0 1 2 3 4 5 6 7 8;19;29;29;5854;0;0;49;0.165945;35276.7;K*;                        ? Unchecked;ijcai-2026-base-14-g0df50d7
n-puzzle;unit;59/60;60;8 7 4 5 6 2 3 0 1;0 1 2 3 4 5 6 7 8;17;29;29;5681;0;0;49;0.036005;157784;K*;                        ? Unchecked;ijcai-2026-base-14-g0df50d7
n-puzzle;unit;60/60;60;6 1 5 3 4 0 8 2 7;0 1 2 3 4 5 6 7 8;9;25;25;2354;0;0;49;0.045501;51735.1;K*;                        ? Unchecked;ijcai-2026-base-14-g0df50d7
n-puzzle;unit;61/60;60;4 5 2 8 0 3 1 6 7;0 1 2 3 4 5 6 7 8;14;22;22;537;0;0;49;0.005385;99721.4;K*;                        ? Unchecked;ijcai-2026-base-14-g0df50d7
n-puzzle;unit;62/60;60;8 5 4 6 1 2 7 3 0;0 1 2 3 4 5 6 7 8;14;26;26;1784;0;0;49;0.012515;142549;K*;                        ? Unchecked;ijcai-2026-base-14-g0df50d7
n-puzzle;unit;63/60;60;0 5 8 2 6 7 4 3 1;0 1 2 3 4 5 6 7 8;18;24;24;656;0;0;49;0.006175;106235;K*;                        ? Unchecked;ijcai-2026-base-14-g0df50d7
n-puzzle;unit;64/60;60;5 0 1 8 7 3 4 6 2;0 1 2 3 4 5 6 7 8;15;27;27;2937;0;0;49;0.062724;46824.2;K*;                        ? Unchecked;ijcai-2026-base-14-g0df50d7
n-puzzle;unit;65/60;60;7 6 1 3 4 8 0 5 2;0 1 2 3 4 5 6 7 8;12;24;24;1029;0;0;49;0.009099;113089;K*;                        ? Unchecked;ijcai-2026-base-14-g0df50d7
n-puzzle;unit;66/60;60;8 0 7 3 6 5 1 2 4;0 1 2 3 4 5 6 7 8;17;27;27;1920;0;0;49;0.01107;173442;K*;                        ? Unchecked;ijcai-2026-base-14-g0df50d7
n-puzzle;unit;67/60;60;7 2 8 6 5 1 4 0 3;0 1 2 3 4 5 6 7 8;15;27;27;3469;0;0;49;0.077491;44766.5;K*;                        ? Unchecked;ijcai-2026-base-14-g0df50d7
n-puzzle;unit;68/60;60;5 0 3 4 1 8 2 7 6;0 1 2 3 4 5 6 7 8;15;27;27;2484;0;0;49;0.025328;98073.3;K*;                        ? Unchecked;ijcai-2026-base-14-g0df50d7
n-puzzle;unit;69/60;60;7 8 4 6 3 5 2 1 0;0 1 2 3 4 5 6 7 8;16;28;28;3081;0;0;49;0.026458;116449;K*;                        ? Unchecked;ijcai-2026-base-14-g0df50d7
n-puzzle;unit;70/60;60;7 0 3 2 8 1 5 4 6;0 1 2 3 4 5 6 7 8;19;25;25;614;0;0;49;0.015424;39808.1;K*;                        ? Unchecked;ijcai-2026-base-14-g0df50d7
n-puzzle;unit;71/60;60;1 0 7 3 4 8 2 5 6;0 1 2 3 4 5 6 7 8;13;25;25;1244;0;0;49;0.00792;157071;K*;                        ? Unchecked;ijcai-2026-base-14-g0df50d7
n-puzzle;unit;72/60;60;8 0 7 4 3 6 5 2 1;0 1 2 3 4 5 6 7 8;21;27;27;690;0;0;49;0.00729;94650.2;K*;                        ? Unchecked;ijcai-2026-base-14-g0df50d7
n-puzzle;unit;73/60;60;3 7 8 5 1 2 0 6 4;0 1 2 3 4 5 6 7 8;12;28;28;5398;0;0;49;0.145564;37083.3;K*;                        ? Unchecked;ijcai-2026-base-14-g0df50d7
n-puzzle;unit;74/60;60;1 6 2 0 7 8 4 5 3;0 1 2 3 4 5 6 7 8;13;21;21;389;0;0;49;0.008788;44264.9;K*;                        ? Unchecked;ijcai-2026-base-14-g0df50d7
n-puzzle;unit;75/60;60;6 1 2 3 0 8 4 5 7;0 1 2 3 4 5 6 7 8;8;20;20;504;0;0;49;0.003665;137517;K*;                        ? Unchecked;ijcai-2026-base-14-g0df50d7
n-puzzle;unit;76/60;60;1 0 7 5 6 4 3 2 8;0 1 2 3 4 5 6 7 8;13;25;25;1558;0;0;49;0.033542;46449.2;K*;                        ? Unchecked;ijcai-2026-base-14-g0df50d7
n-puzzle;unit;77/60;60;2 7 6 1 4 0 5 3 8;0 1 2 3 4 5 6 7 8;15;25;25;929;0;0;49;0.007573;122673;K*;                        ? Unchecked;ijcai-2026-base-14-g0df50d7
n-puzzle;unit;78/60;60;2 3 8 4 0 6 1 5 7;0 1 2 3 4 5 6 7 8;16;24;24;813;0;0;49;0.006503;125019;K*;                        ? Unchecked;ijcai-2026-base-14-g0df50d7
n-puzzle;unit;79/60;60;0 5 4 6 1 7 8 2 3;0 1 2 3 4 5 6 7 8;16;26;26;1483;0;0;49;0.0104;142596;K*;                        ? Unchecked;ijcai-2026-base-14-g0df50d7
n-puzzle;unit;80/60;60;5 3 4 7 0 1 8 6 2;0 1 2 3 4 5 6 7 8;16;22;22;446;0;0;49;0.004537;98302.8;K*;                        ? Unchecked;ijcai-2026-base-14-g0df50d7
n-puzzle;unit;81/60;60;1 7 5 6 8 3 4 2 0;0 1 2 3 4 5 6 7 8;14;26;26;2711;0;0;49;0.058619;46247.8;K*;                        ? Unchecked;ijcai-2026-base-14-g0df50d7
n-puzzle;unit;82/60;60;3 1 4 0 5 8 2 7 6;0 1 2 3 4 5 6 7 8;11;23;23;777;0;0;49;0.00977;79529.2;K*;                        ? Unchecked;ijcai-2026-base-14-g0df50d7
n-puzzle;unit;83/60;60;4 2 3 0 5 1 8 6 7;0 1 2 3 4 5 6 7 8;13;23;23;662;0;0;49;0.013859;47766.8;K*;                        ? Unchecked;ijcai-2026-base-14-g0df50d7
n-puzzle;unit;84/60;60;4 7 3 1 6 5 8 0 2;0 1 2 3 4 5 6 7 8;15;27;27;3169;0;0;49;0.030559;103701;K*;                        ? Unchecked;ijcai-2026-base-14-g0df50d7
n-puzzle;unit;85/60;60;3 6 0 1 5 8 4 2 7;0 1 2 3 4 5 6 7 8;14;26;26;1980;0;0;49;0.03882;51004.6;K*;                        ? Unchecked;ijcai-2026-base-14-g0df50d7
n-puzzle;unit;86/60;60;8 6 2 7 5 1 3 0 4;0 1 2 3 4 5 6 7 8;15;29;29;8498;0;0;49;0.081518;104247;K*;                        ? Unchecked;ijcai-2026-base-14-g0df50d7
n-puzzle;unit;87/60;60;3 2 5 7 6 0 8 1 4;0 1 2 3 4 5 6 7 8;13;19;19;326;0;0;49;0.006989;46644.7;K*;                        ? Unchecked;ijcai-2026-base-14-g0df50d7
n-puzzle;unit;88/60;60;1 3 2 4 0 5 8 7 6;0 1 2 3 4 5 6 7 8;8;24;24;2031;0;0;49;0.01151;176455;K*;                        ? Unchecked;ijcai-2026-base-14-g0df50d7
n-puzzle;unit;89/60;60;0 8 4 3 2 1 6 5 7;0 1 2 3 4 5 6 7 8;12;22;22;544;0;0;49;0.011432;47585.7;K*;                        ? Unchecked;ijcai-2026-base-14-g0df50d7
n-puzzle;unit;90/60;60;0 6 1 5 7 8 4 2 3;0 1 2 3 4 5 6 7 8;16;24;24;609;0;0;49;0.003942;154490;K*;                        ? Unchecked;ijcai-2026-base-14-g0df50d7
n-puzzle;unit;91/60;60;2 1 6 4 5 8 3 0 7;0 1 2 3 4 5 6 7 8;11;25;25;1852;0;0;49;0.009595;193017;K*;                        ? Unchecked;ijcai-2026-base-14-g0df50d7
n-puzzle;unit;92/60;60;3 7 4 6 1 5 8 0 2;0 1 2 3 4 5 6 7 8;11;23;23;973;0;0;49;0.008216;118427;K*;                        ? Unchecked;ijcai-2026-base-14-g0df50d7
n-puzzle;unit;93/60;60;7 6 1 3 5 8 2 4 0;0 1 2 3 4 5 6 7 8;14;24;24;854;0;0;49;0.005496;155386;K*;                        ? Unchecked;ijcai-2026-base-14-g0df50d7
n-puzzle;unit;94/60;60;4 7 8 1 0 3 6 2 5;0 1 2 3 4 5 6 7 8;14;24;24;1239;0;0;49;0.012914;95942.4;K*;                        ? Unchecked;ijcai-2026-base-14-g0df50d7
n-puzzle;unit;95/60;60;0 5 8 2 7 4 1 6 3;0 1 2 3 4 5 6 7 8;16;22;22;346;0;0;49;0.008575;40349.9;K*;                        ? Unchecked;ijcai-2026-base-14-g0df50d7
n-puzzle;unit;96/60;60;5 2 3 8 7 0 1 6 4;0 1 2 3 4 5 6 7 8;17;25;25;2286;0;0;49;0.064082;35673;K*;                        ? Unchecked;ijcai-2026-base-14-g0df50d7
n-puzzle;unit;97/60;60;8 3 0 4 7 2 6 1 5;0 1 2 3 4 5 6 7 8;12;22;22;380;0;0;49;0.008055;47175.7;K*;                        ? Unchecked;ijcai-2026-base-14-g0df50d7
n-puzzle;unit;98/60;60;5 8 6 0 7 4 1 3 2;0 1 2 3 4 5 6 7 8;19;27;27;1450;0;0;49;0.01079;134384;K*;                        ? Unchecked;ijcai-2026-base-14-g0df50d7
n-puzzle;unit;99/60;60;7 5 0 6 3 2 1 8 4;0 1 2 3 4 5 6 7 8;14;28;28;5845;0;0;49;0.041862;139625;K*;                        ? Unchecked;ijcai-2026-base-14-g0df50d7
n-puzzle;unit;0/70;70;5 6 0 8 4 7 1 3 2;0 1 2 3 4 5 6 7 8;18;28;28;1824;0;0;49;0.040696;44820.1;K*;                        ? Unchecked;ijcai-2026-base-14-g0df50d7
n-puzzle;unit;1/70;70;0 8 6 4 7 1 5 3 2;0 1 2 3 4 5 6 7 8;18;28;28;2568;0;0;49;0.064348;39908;K*;                        ? Unchecked;ijcai-2026-base-14-g0df50d7
n-puzzle;unit;2/70;70;5 2 8 0 7 4 1 3 6;0 1 2 3 4 5 6 7 8;15;25;25;1578;0;0;49;0.029026;54365.1;K*;                        ? Unchecked;ijcai-2026-base-14-g0df50d7
n-puzzle;unit;3/70;70;7 2 6 0 8 1 5 4 3;0 1 2 3 4 5 6 7 8;19;29;29;4721;0;0;49;0.157761;29925;K*;                        ? Unchecked;ijcai-2026-base-14-g0df50d7
n-puzzle;unit;4/70;70;5 1 8 6 0 7 2 4 3;0 1 2 3 4 5 6 7 8;16;26;26;1868;0;0;49;0.017308;107927;K*;                        ? Unchecked;ijcai-2026-base-14-g0df50d7
n-puzzle;unit;5/70;70;8 0 3 6 4 5 7 2 1;0 1 2 3 4 5 6 7 8;15;27;27;2993;0;0;49;0.072629;41209.4;K*;                        ? Unchecked;ijcai-2026-base-14-g0df50d7
n-puzzle;unit;6/70;70;4 2 7 1 5 8 0 6 3;0 1 2 3 4 5 6 7 8;14;20;20;194;0;0;49;0.005928;32726;K*;                        ? Unchecked;ijcai-2026-base-14-g0df50d7
n-puzzle;unit;7/70;70;4 1 7 3 2 5 6 0 8;0 1 2 3 4 5 6 7 8;7;21;21;1334;0;0;49;0.030859;43228.9;K*;                        ? Unchecked;ijcai-2026-base-14-g0df50d7
n-puzzle;unit;8/70;70;8 4 0 5 1 6 2 7 3;0 1 2 3 4 5 6 7 8;18;30;30;4338;0;0;49;0.067992;63801.6;K*;                        ? Unchecked;ijcai-2026-base-14-g0df50d7
n-puzzle;unit;9/70;70;1 3 0 7 6 2 5 8 4;0 1 2 3 4 5 6 7 8;14;24;24;1214;0;0;49;0.010531;115279;K*;                        ? Unchecked;ijcai-2026-base-14-g0df50d7
n-puzzle;unit;10/70;70;7 0 4 6 8 5 3 1 2;0 1 2 3 4 5 6 7 8;13;29;29;8045;0;0;49;0.045129;178267;K*;                        ? Unchecked;ijcai-2026-base-14-g0df50d7
n-puzzle;unit;11/70;70;6 1 7 5 8 2 4 3 0;0 1 2 3 4 5 6 7 8;14;28;28;4660;0;0;49;0.123626;37694.3;K*;                        ? Unchecked;ijcai-2026-base-14-g0df50d7
n-puzzle;unit;12/70;70;7 5 2 1 6 3 8 0 4;0 1 2 3 4 5 6 7 8;15;29;29;8627;0;0;49;0.245551;35133.2;K*;                        ? Unchecked;ijcai-2026-base-14-g0df50d7
n-puzzle;unit;13/70;70;6 2 4 0 8 7 5 3 1;0 1 2 3 4 5 6 7 8;17;27;27;3206;0;0;49;0.020884;153515;K*;                        ? Unchecked;ijcai-2026-base-14-g0df50d7
n-puzzle;unit;14/70;70;0 1 6 2 5 7 4 8 3;0 1 2 3 4 5 6 7 8;16;30;30;9233;0;0;49;0.311592;29631.7;K*;                        ? Unchecked;ijcai-2026-base-14-g0df50d7
n-puzzle;unit;15/70;70;4 0 3 6 1 2 8 5 7;0 1 2 3 4 5 6 7 8;13;19;19;167;0;0;49;0.003183;52466.2;K*;                        ? Unchecked;ijcai-2026-base-14-g0df50d7
n-puzzle;unit;16/70;70;1 5 8 7 6 4 0 3 2;0 1 2 3 4 5 6 7 8;14;22;22;509;0;0;49;0.003305;154009;K*;                        ? Unchecked;ijcai-2026-base-14-g0df50d7
n-puzzle;unit;17/70;70;2 7 0 8 4 6 3 5 1;0 1 2 3 4 5 6 7 8;16;28;28;3013;0;0;49;0.082192;36658.1;K*;                        ? Unchecked;ijcai-2026-base-14-g0df50d7
n-puzzle;unit;18/70;70;7 4 8 1 5 6 0 2 3;0 1 2 3 4 5 6 7 8;18;28;28;2318;0;0;49;0.07069;32791.1;K*;                        ? Unchecked;ijcai-2026-base-14-g0df50d7
n-puzzle;unit;19/70;70;2 3 0 1 4 7 5 6 8;0 1 2 3 4 5 6 7 8;12;26;26;2437;0;0;49;0.01846;132015;K*;                        ? Unchecked;ijcai-2026-base-14-g0df50d7
n-puzzle;unit;20/70;70;2 1 4 5 0 6 8 3 7;0 1 2 3 4 5 6 7 8;14;28;28;5892;0;0;49;0.033302;176926;K*;                        ? Unchecked;ijcai-2026-base-14-g0df50d7
n-puzzle;unit;21/70;70;8 7 6 2 5 4 1 0 3;0 1 2 3 4 5 6 7 8;21;29;29;1892;0;0;49;0.020784;91031.6;K*;                        ? Unchecked;ijcai-2026-base-14-g0df50d7
n-puzzle;unit;22/70;70;2 7 3 1 6 5 4 0 8;0 1 2 3 4 5 6 7 8;13;23;23;821;0;0;49;0.016949;48439.4;K*;                        ? Unchecked;ijcai-2026-base-14-g0df50d7
n-puzzle;unit;23/70;70;3 0 4 6 2 1 8 5 7;0 1 2 3 4 5 6 7 8;13;19;19;441;0;0;49;0.009735;45300.5;K*;                        ? Unchecked;ijcai-2026-base-14-g0df50d7
n-puzzle;unit;24/70;70;5 3 2 4 8 6 0 1 7;0 1 2 3 4 5 6 7 8;14;26;26;2331;0;0;49;0.015156;153800;K*;                        ? Unchecked;ijcai-2026-base-14-g0df50d7
n-puzzle;unit;25/70;70;1 3 5 2 4 6 8 7 0;0 1 2 3 4 5 6 7 8;12;30;30;12547;0;0;50;0.168454;74483.2;K*;                        ? Unchecked;ijcai-2026-base-14-g0df50d7
n-puzzle;unit;26/70;70;8 5 1 4 2 7 6 0 3;0 1 2 3 4 5 6 7 8;15;25;25;1291;0;0;50;0.00699;184692;K*;                        ? Unchecked;ijcai-2026-base-14-g0df50d7
n-puzzle;unit;27/70;70;2 8 5 6 3 1 4 0 7;0 1 2 3 4 5 6 7 8;13;25;25;2155;0;0;50;0.048689;44260.5;K*;                        ? Unchecked;ijcai-2026-base-14-g0df50d7
n-puzzle;unit;28/70;70;5 0 7 4 2 3 1 6 8;0 1 2 3 4 5 6 7 8;15;21;21;390;0;0;50;0.009778;39885.5;K*;                        ? Unchecked;ijcai-2026-base-14-g0df50d7
n-puzzle;unit;29/70;70;3 2 4 7 6 8 5 1 0;0 1 2 3 4 5 6 7 8;14;22;22;535;0;0;50;0.00907;58985.7;K*;                        ? Unchecked;ijcai-2026-base-14-g0df50d7
n-puzzle;unit;30/70;70;1 3 2 0 8 6 4 7 5;0 1 2 3 4 5 6 7 8;11;23;23;1157;0;0;50;0.00929;124543;K*;                        ? Unchecked;ijcai-2026-base-14-g0df50d7
n-puzzle;unit;31/70;70;8 2 5 3 7 6 4 0 1;0 1 2 3 4 5 6 7 8;15;27;27;3346;0;0;50;0.09376;35686.9;K*;                        ? Unchecked;ijcai-2026-base-14-g0df50d7
n-puzzle;unit;32/70;70;2 4 0 7 5 1 8 6 3;0 1 2 3 4 5 6 7 8;14;26;26;1886;0;0;50;0.038534;48943.8;K*;                        ? Unchecked;ijcai-2026-base-14-g0df50d7
n-puzzle;unit;33/70;70;0 1 5 2 6 8 7 3 4;0 1 2 3 4 5 6 7 8;12;22;22;624;0;0;50;0.005357;116483;K*;                        ? Unchecked;ijcai-2026-base-14-g0df50d7
n-puzzle;unit;34/70;70;7 1 5 2 8 6 3 4 0;0 1 2 3 4 5 6 7 8;14;20;20;185;0;0;50;0.002111;87636.2;K*;                        ? Unchecked;ijcai-2026-base-14-g0df50d7
n-puzzle;unit;35/70;70;6 3 1 2 8 7 0 4 5;0 1 2 3 4 5 6 7 8;14;24;24;1067;0;0;50;0.006931;153946;K*;                        ? Unchecked;ijcai-2026-base-14-g0df50d7
n-puzzle;unit;36/70;70;0 3 5 4 8 6 7 2 1;0 1 2 3 4 5 6 7 8;16;24;24;685;0;0;50;0.004478;152970;K*;                        ? Unchecked;ijcai-2026-base-14-g0df50d7
n-puzzle;unit;37/70;70;8 1 4 0 3 2 5 6 7;0 1 2 3 4 5 6 7 8;13;23;23;750;0;0;50;0.006092;123112;K*;                        ? Unchecked;ijcai-2026-base-14-g0df50d7
n-puzzle;unit;38/70;70;7 4 1 6 2 8 3 5 0;0 1 2 3 4 5 6 7 8;12;26;26;3518;0;0;50;0.066468;52927.7;K*;                        ? Unchecked;ijcai-2026-base-14-g0df50d7
n-puzzle;unit;39/70;70;4 6 8 0 5 1 3 2 7;0 1 2 3 4 5 6 7 8;15;27;27;3393;0;0;50;0.077396;43839.5;K*;                        ? Unchecked;ijcai-2026-base-14-g0df50d7
n-puzzle;unit;40/70;70;4 2 8 6 0 1 3 5 7;0 1 2 3 4 5 6 7 8;12;24;24;1868;0;0;50;0.038268;48813.6;K*;                        ? Unchecked;ijcai-2026-base-14-g0df50d7
n-puzzle;unit;41/70;70;3 7 8 4 5 2 6 1 0;0 1 2 3 4 5 6 7 8;10;24;24;1043;0;0;50;0.023782;43856.7;K*;                        ? Unchecked;ijcai-2026-base-14-g0df50d7
n-puzzle;unit;42/70;70;7 5 6 1 0 3 2 8 4;0 1 2 3 4 5 6 7 8;20;26;26;741;0;0;50;0.006453;114830;K*;                        ? Unchecked;ijcai-2026-base-14-g0df50d7
n-puzzle;unit;43/70;70;1 6 4 8 5 3 7 2 0;0 1 2 3 4 5 6 7 8;16;24;24;1400;0;0;50;0.039223;35693.3;K*;                        ? Unchecked;ijcai-2026-base-14-g0df50d7
n-puzzle;unit;44/70;70;2 5 7 1 8 4 3 6 0;0 1 2 3 4 5 6 7 8;14;20;20;207;0;0;50;0.006241;33167.8;K*;                        ? Unchecked;ijcai-2026-base-14-g0df50d7
n-puzzle;unit;45/70;70;3 8 4 0 7 1 5 6 2;0 1 2 3 4 5 6 7 8;15;23;23;628;0;0;50;0.011612;54082;K*;                        ? Unchecked;ijcai-2026-base-14-g0df50d7
n-puzzle;unit;46/70;70;3 0 5 4 2 1 7 8 6;0 1 2 3 4 5 6 7 8;11;23;23;1103;0;0;50;0.020762;53125.9;K*;                        ? Unchecked;ijcai-2026-base-14-g0df50d7
n-puzzle;unit;47/70;70;4 5 3 1 7 0 8 2 6;0 1 2 3 4 5 6 7 8;17;25;25;898;0;0;50;0.008119;110605;K*;                        ? Unchecked;ijcai-2026-base-14-g0df50d7
n-puzzle;unit;48/70;70;1 8 4 2 3 5 6 0 7;0 1 2 3 4 5 6 7 8;11;23;23;1135;0;0;50;0.019537;58094.9;K*;                        ? Unchecked;ijcai-2026-base-14-g0df50d7
n-puzzle;unit;49/70;70;4 8 1 0 6 7 3 2 5;0 1 2 3 4 5 6 7 8;15;27;27;4238;0;0;50;0.028668;147830;K*;                        ? Unchecked;ijcai-2026-base-14-g0df50d7
n-puzzle;unit;50/70;70;8 5 3 4 6 1 7 2 0;0 1 2 3 4 5 6 7 8;18;26;26;1186;0;0;50;0.010055;117951;K*;                        ? Unchecked;ijcai-2026-base-14-g0df50d7
n-puzzle;unit;51/70;70;4 3 7 1 5 2 6 0 8;0 1 2 3 4 5 6 7 8;11;21;21;530;0;0;50;0.005308;99849.3;K*;                        ? Unchecked;ijcai-2026-base-14-g0df50d7
n-puzzle;unit;52/70;70;7 4 1 2 3 0 5 8 6;0 1 2 3 4 5 6 7 8;15;29;29;6791;0;0;50;0.042628;159308;K*;                        ? Unchecked;ijcai-2026-base-14-g0df50d7
n-puzzle;unit;53/70;70;7 5 6 8 2 1 0 4 3;0 1 2 3 4 5 6 7 8;20;30;30;6387;0;0;50;0.222322;28728.6;K*;                        ? Unchecked;ijcai-2026-base-14-g0df50d7
n-puzzle;unit;54/70;70;2 8 5 0 7 6 1 4 3;0 1 2 3 4 5 6 7 8;17;25;25;988;0;0;50;0.019704;50142.1;K*;                        ? Unchecked;ijcai-2026-base-14-g0df50d7
n-puzzle;unit;55/70;70;3 5 2 4 1 6 8 0 7;0 1 2 3 4 5 6 7 8;11;27;27;5279;0;0;50;0.122862;42966.9;K*;                        ? Unchecked;ijcai-2026-base-14-g0df50d7
n-puzzle;unit;56/70;70;8 6 1 5 4 3 0 2 7;0 1 2 3 4 5 6 7 8;16;28;28;2529;0;0;50;0.016467;153580;K*;                        ? Unchecked;ijcai-2026-base-14-g0df50d7
n-puzzle;unit;57/70;70;4 6 5 7 3 2 1 0 8;0 1 2 3 4 5 6 7 8;13;25;25;2189;0;0;50;0.043318;50533.3;K*;                        ? Unchecked;ijcai-2026-base-14-g0df50d7
n-puzzle;unit;58/70;70;3 7 4 2 8 6 5 0 1;0 1 2 3 4 5 6 7 8;19;29;29;5854;0;0;50;0.163246;35860;K*;                        ? Unchecked;ijcai-2026-base-14-g0df50d7
n-puzzle;unit;59/70;70;8 7 4 5 6 2 3 0 1;0 1 2 3 4 5 6 7 8;17;29;29;5681;0;0;50;0.036176;157038;K*;                        ? Unchecked;ijcai-2026-base-14-g0df50d7
n-puzzle;unit;60/70;70;6 1 5 3 4 0 8 2 7;0 1 2 3 4 5 6 7 8;9;25;25;2354;0;0;50;0.045201;52078.5;K*;                        ? Unchecked;ijcai-2026-base-14-g0df50d7
n-puzzle;unit;61/70;70;4 5 2 8 0 3 1 6 7;0 1 2 3 4 5 6 7 8;14;22;22;1017;0;0;50;0.025435;39984.3;K*;                        ? Unchecked;ijcai-2026-base-14-g0df50d7
n-puzzle;unit;62/70;70;8 5 4 6 1 2 7 3 0;0 1 2 3 4 5 6 7 8;14;26;26;1784;0;0;50;0.012877;138542;K*;                        ? Unchecked;ijcai-2026-base-14-g0df50d7
n-puzzle;unit;63/70;70;0 5 8 2 6 7 4 3 1;0 1 2 3 4 5 6 7 8;18;24;24;656;0;0;50;0.00623;105297;K*;                        ? Unchecked;ijcai-2026-base-14-g0df50d7
n-puzzle;unit;64/70;70;5 0 1 8 7 3 4 6 2;0 1 2 3 4 5 6 7 8;15;27;27;2937;0;0;50;0.062343;47110.3;K*;                        ? Unchecked;ijcai-2026-base-14-g0df50d7
n-puzzle;unit;65/70;70;7 6 1 3 4 8 0 5 2;0 1 2 3 4 5 6 7 8;12;24;24;1029;0;0;50;0.009205;111787;K*;                        ? Unchecked;ijcai-2026-base-14-g0df50d7
n-puzzle;unit;66/70;70;8 0 7 3 6 5 1 2 4;0 1 2 3 4 5 6 7 8;17;27;27;1920;0;0;50;0.010899;176163;K*;                        ? Unchecked;ijcai-2026-base-14-g0df50d7
n-puzzle;unit;67/70;70;7 2 8 6 5 1 4 0 3;0 1 2 3 4 5 6 7 8;15;27;27;3469;0;0;50;0.076883;45120.5;K*;                        ? Unchecked;ijcai-2026-base-14-g0df50d7
n-puzzle;unit;68/70;70;5 0 3 4 1 8 2 7 6;0 1 2 3 4 5 6 7 8;15;27;27;2484;0;0;50;0.024908;99727;K*;                        ? Unchecked;ijcai-2026-base-14-g0df50d7
n-puzzle;unit;69/70;70;7 8 4 6 3 5 2 1 0;0 1 2 3 4 5 6 7 8;16;28;28;3081;0;0;50;0.025768;119567;K*;                        ? Unchecked;ijcai-2026-base-14-g0df50d7
n-puzzle;unit;70/70;70;7 0 3 2 8 1 5 4 6;0 1 2 3 4 5 6 7 8;19;25;25;614;0;0;50;0.015275;40196.4;K*;                        ? Unchecked;ijcai-2026-base-14-g0df50d7
n-puzzle;unit;71/70;70;1 0 7 3 4 8 2 5 6;0 1 2 3 4 5 6 7 8;13;25;25;1244;0;0;50;0.007733;160869;K*;                        ? Unchecked;ijcai-2026-base-14-g0df50d7
n-puzzle;unit;72/70;70;8 0 7 4 3 6 5 2 1;0 1 2 3 4 5 6 7 8;21;27;27;690;0;0;50;0.007164;96314.9;K*;                        ? Unchecked;ijcai-2026-base-14-g0df50d7
n-puzzle;unit;73/70;70;3 7 8 5 1 2 0 6 4;0 1 2 3 4 5 6 7 8;12;28;28;5398;0;0;50;0.144242;37423.2;K*;                        ? Unchecked;ijcai-2026-base-14-g0df50d7
n-puzzle;unit;74/70;70;1 6 2 0 7 8 4 5 3;0 1 2 3 4 5 6 7 8;13;21;21;389;0;0;50;0.008622;45117.1;K*;                        ? Unchecked;ijcai-2026-base-14-g0df50d7
n-puzzle;unit;75/70;70;6 1 2 3 0 8 4 5 7;0 1 2 3 4 5 6 7 8;8;20;20;644;0;0;50;0.00878;73348.5;K*;                        ? Unchecked;ijcai-2026-base-14-g0df50d7
n-puzzle;unit;76/70;70;1 0 7 5 6 4 3 2 8;0 1 2 3 4 5 6 7 8;13;25;25;1558;0;0;50;0.033035;47162.1;K*;                        ? Unchecked;ijcai-2026-base-14-g0df50d7
n-puzzle;unit;77/70;70;2 7 6 1 4 0 5 3 8;0 1 2 3 4 5 6 7 8;15;25;25;929;0;0;50;0.00737;126052;K*;                        ? Unchecked;ijcai-2026-base-14-g0df50d7
n-puzzle;unit;78/70;70;2 3 8 4 0 6 1 5 7;0 1 2 3 4 5 6 7 8;16;24;24;813;0;0;50;0.006522;124655;K*;                        ? Unchecked;ijcai-2026-base-14-g0df50d7
n-puzzle;unit;79/70;70;0 5 4 6 1 7 8 2 3;0 1 2 3 4 5 6 7 8;16;26;26;1483;0;0;50;0.010171;145807;K*;                        ? Unchecked;ijcai-2026-base-14-g0df50d7
n-puzzle;unit;80/70;70;5 3 4 7 0 1 8 6 2;0 1 2 3 4 5 6 7 8;16;22;22;1086;0;0;50;0.030666;35413.8;K*;                        ? Unchecked;ijcai-2026-base-14-g0df50d7
n-puzzle;unit;81/70;70;1 7 5 6 8 3 4 2 0;0 1 2 3 4 5 6 7 8;14;26;26;2711;0;0;50;0.059157;45827.2;K*;                        ? Unchecked;ijcai-2026-base-14-g0df50d7
n-puzzle;unit;82/70;70;3 1 4 0 5 8 2 7 6;0 1 2 3 4 5 6 7 8;11;23;23;777;0;0;50;0.009766;79561.7;K*;                        ? Unchecked;ijcai-2026-base-14-g0df50d7
n-puzzle;unit;83/70;70;4 2 3 0 5 1 8 6 7;0 1 2 3 4 5 6 7 8;13;23;23;662;0;0;50;0.01342;49329.4;K*;                        ? Unchecked;ijcai-2026-base-14-g0df50d7
n-puzzle;unit;84/70;70;4 7 3 1 6 5 8 0 2;0 1 2 3 4 5 6 7 8;15;27;27;3169;0;0;50;0.029989;105672;K*;                        ? Unchecked;ijcai-2026-base-14-g0df50d7
n-puzzle;unit;85/70;70;3 6 0 1 5 8 4 2 7;0 1 2 3 4 5 6 7 8;14;26;26;1980;0;0;50;0.038462;51479.4;K*;                        ? Unchecked;ijcai-2026-base-14-g0df50d7
n-puzzle;unit;86/70;70;8 6 2 7 5 1 3 0 4;0 1 2 3 4 5 6 7 8;15;29;29;8498;0;0;50;0.080681;105328;K*;                        ? Unchecked;ijcai-2026-base-14-g0df50d7
n-puzzle;unit;87/70;70;3 2 5 7 6 0 8 1 4;0 1 2 3 4 5 6 7 8;13;21;21;421;0;0;50;0.010668;39463.8;K*;                        ? Unchecked;ijcai-2026-base-14-g0df50d7
n-puzzle;unit;88/70;70;1 3 2 4 0 5 8 7 6;0 1 2 3 4 5 6 7 8;8;24;24;2031;0;0;50;0.011663;174140;K*;                        ? Unchecked;ijcai-2026-base-14-g0df50d7
n-puzzle;unit;89/70;70;0 8 4 3 2 1 6 5 7;0 1 2 3 4 5 6 7 8;12;22;22;544;0;0;50;0.011042;49266.4;K*;                        ? Unchecked;ijcai-2026-base-14-g0df50d7
n-puzzle;unit;90/70;70;0 6 1 5 7 8 4 2 3;0 1 2 3 4 5 6 7 8;16;24;24;609;0;0;50;0.003938;154647;K*;                        ? Unchecked;ijcai-2026-base-14-g0df50d7
n-puzzle;unit;91/70;70;2 1 6 4 5 8 3 0 7;0 1 2 3 4 5 6 7 8;11;25;25;1852;0;0;50;0.009404;196937;K*;                        ? Unchecked;ijcai-2026-base-14-g0df50d7
n-puzzle;unit;92/70;70;3 7 4 6 1 5 8 0 2;0 1 2 3 4 5 6 7 8;11;23;23;973;0;0;50;0.008095;120198;K*;                        ? Unchecked;ijcai-2026-base-14-g0df50d7
n-puzzle;unit;93/70;70;7 6 1 3 5 8 2 4 0;0 1 2 3 4 5 6 7 8;14;24;24;854;0;0;50;0.005481;155811;K*;                        ? Unchecked;ijcai-2026-base-14-g0df50d7
n-puzzle;unit;94/70;70;4 7 8 1 0 3 6 2 5;0 1 2 3 4 5 6 7 8;14;24;24;1239;0;0;50;0.012625;98138.6;K*;                        ? Unchecked;ijcai-2026-base-14-g0df50d7
n-puzzle;unit;95/70;70;0 5 8 2 7 4 1 6 3;0 1 2 3 4 5 6 7 8;16;22;22;366;0;0;50;0.009434;38795.8;K*;                        ? Unchecked;ijcai-2026-base-14-g0df50d7
n-puzzle;unit;96/70;70;5 2 3 8 7 0 1 6 4;0 1 2 3 4 5 6 7 8;17;27;27;2597;0;0;50;0.079193;32793.3;K*;                        ? Unchecked;ijcai-2026-base-14-g0df50d7
n-puzzle;unit;97/70;70;8 3 0 4 7 2 6 1 5;0 1 2 3 4 5 6 7 8;12;22;22;380;0;0;50;0.008344;45541.7;K*;                        ? Unchecked;ijcai-2026-base-14-g0df50d7
n-puzzle;unit;98/70;70;5 8 6 0 7 4 1 3 2;0 1 2 3 4 5 6 7 8;19;27;27;1450;0;0;50;0.010625;136471;K*;                        ? Unchecked;ijcai-2026-base-14-g0df50d7
n-puzzle;unit;99/70;70;7 5 0 6 3 2 1 8 4;0 1 2 3 4 5 6 7 8;14;28;28;5845;0;0;50;0.04083;143155;K*;                        ? Unchecked;ijcai-2026-base-14-g0df50d7
n-puzzle;unit;0/80;80;5 6 0 8 4 7 1 3 2;0 1 2 3 4 5 6 7 8;18;28;28;1824;0;0;50;0.040697;44819;K*;                        ? Unchecked;ijcai-2026-base-14-g0df50d7
n-puzzle;unit;1/80;80;0 8 6 4 7 1 5 3 2;0 1 2 3 4 5 6 7 8;18;28;28;2568;0;0;50;0.063544;40412.9;K*;                        ? Unchecked;ijcai-2026-base-14-g0df50d7
n-puzzle;unit;2/80;80;5 2 8 0 7 4 1 3 6;0 1 2 3 4 5 6 7 8;15;25;25;1578;0;0;50;0.028718;54948.1;K*;                        ? Unchecked;ijcai-2026-base-14-g0df50d7
n-puzzle;unit;3/80;80;7 2 6 0 8 1 5 4 3;0 1 2 3 4 5 6 7 8;19;29;29;4721;0;0;50;0.158191;29843.7;K*;                        ? Unchecked;ijcai-2026-base-14-g0df50d7
n-puzzle;unit;4/80;80;5 1 8 6 0 7 2 4 3;0 1 2 3 4 5 6 7 8;16;26;26;1868;0;0;50;0.016989;109953;K*;                        ? Unchecked;ijcai-2026-base-14-g0df50d7
n-puzzle;unit;5/80;80;8 0 3 6 4 5 7 2 1;0 1 2 3 4 5 6 7 8;15;27;27;2993;0;0;50;0.072419;41328.9;K*;                        ? Unchecked;ijcai-2026-base-14-g0df50d7
n-puzzle;unit;6/80;80;4 2 7 1 5 8 0 6 3;0 1 2 3 4 5 6 7 8;14;22;22;433;0;0;50;0.016851;25695.8;K*;                        ? Unchecked;ijcai-2026-base-14-g0df50d7
n-puzzle;unit;7/80;80;4 1 7 3 2 5 6 0 8;0 1 2 3 4 5 6 7 8;7;23;23;1430;0;0;50;0.035519;40260.1;K*;                        ? Unchecked;ijcai-2026-base-14-g0df50d7
n-puzzle;unit;8/80;80;8 4 0 5 1 6 2 7 3;0 1 2 3 4 5 6 7 8;18;30;30;4338;0;0;50;0.068318;63497.2;K*;                        ? Unchecked;ijcai-2026-base-14-g0df50d7
n-puzzle;unit;9/80;80;1 3 0 7 6 2 5 8 4;0 1 2 3 4 5 6 7 8;14;24;24;1214;0;0;50;0.010478;115862;K*;                        ? Unchecked;ijcai-2026-base-14-g0df50d7
n-puzzle;unit;10/80;80;7 0 4 6 8 5 3 1 2;0 1 2 3 4 5 6 7 8;13;29;29;8045;0;0;50;0.044847;179388;K*;                        ? Unchecked;ijcai-2026-base-14-g0df50d7
n-puzzle;unit;11/80;80;6 1 7 5 8 2 4 3 0;0 1 2 3 4 5 6 7 8;14;28;28;4660;0;0;50;0.121055;38494.9;K*;                        ? Unchecked;ijcai-2026-base-14-g0df50d7
n-puzzle;unit;12/80;80;7 5 2 1 6 3 8 0 4;0 1 2 3 4 5 6 7 8;15;29;29;8627;0;0;50;0.244407;35297.7;K*;                        ? Unchecked;ijcai-2026-base-14-g0df50d7
n-puzzle;unit;13/80;80;6 2 4 0 8 7 5 3 1;0 1 2 3 4 5 6 7 8;17;27;27;3206;0;0;50;0.020452;156757;K*;                        ? Unchecked;ijcai-2026-base-14-g0df50d7
n-puzzle;unit;14/80;80;0 1 6 2 5 7 4 8 3;0 1 2 3 4 5 6 7 8;16;30;30;9233;0;0;50;0.319539;28894.8;K*;                        ? Unchecked;ijcai-2026-base-14-g0df50d7
n-puzzle;unit;15/80;80;4 0 3 6 1 2 8 5 7;0 1 2 3 4 5 6 7 8;13;19;19;167;0;0;50;0.005976;27945.1;K*;                        ? Unchecked;ijcai-2026-base-14-g0df50d7
n-puzzle;unit;16/80;80;1 5 8 7 6 4 0 3 2;0 1 2 3 4 5 6 7 8;14;22;22;509;0;0;50;0.005148;98873.3;K*;                        ? Unchecked;ijcai-2026-base-14-g0df50d7
n-puzzle;unit;17/80;80;2 7 0 8 4 6 3 5 1;0 1 2 3 4 5 6 7 8;16;28;28;3013;0;0;50;0.108862;27677.2;K*;                        ? Unchecked;ijcai-2026-base-14-g0df50d7
n-puzzle;unit;18/80;80;7 4 8 1 5 6 0 2 3;0 1 2 3 4 5 6 7 8;18;28;28;2318;0;0;50;0.075925;30530.1;K*;                        ? Unchecked;ijcai-2026-base-14-g0df50d7
n-puzzle;unit;19/80;80;2 3 0 1 4 7 5 6 8;0 1 2 3 4 5 6 7 8;12;26;26;2437;0;0;50;0.018617;130902;K*;                        ? Unchecked;ijcai-2026-base-14-g0df50d7
n-puzzle;unit;20/80;80;2 1 4 5 0 6 8 3 7;0 1 2 3 4 5 6 7 8;14;28;28;5892;0;0;50;0.034374;171409;K*;                        ? Unchecked;ijcai-2026-base-14-g0df50d7
n-puzzle;unit;21/80;80;8 7 6 2 5 4 1 0 3;0 1 2 3 4 5 6 7 8;21;29;29;1892;0;0;50;0.021073;89783.1;K*;                        ? Unchecked;ijcai-2026-base-14-g0df50d7
n-puzzle;unit;22/80;80;2 7 3 1 6 5 4 0 8;0 1 2 3 4 5 6 7 8;13;23;23;821;0;0;50;0.016783;48918.5;K*;                        ? Unchecked;ijcai-2026-base-14-g0df50d7
n-puzzle;unit;23/80;80;3 0 4 6 2 1 8 5 7;0 1 2 3 4 5 6 7 8;13;21;21;547;0;0;50;0.014068;38882.6;K*;                        ? Unchecked;ijcai-2026-base-14-g0df50d7
n-puzzle;unit;24/80;80;5 3 2 4 8 6 0 1 7;0 1 2 3 4 5 6 7 8;14;26;26;2331;0;0;50;0.014867;156790;K*;                        ? Unchecked;ijcai-2026-base-14-g0df50d7
n-puzzle;unit;25/80;80;1 3 5 2 4 6 8 7 0;0 1 2 3 4 5 6 7 8;12;30;30;12547;0;0;51;0.170941;73399.6;K*;                        ? Unchecked;ijcai-2026-base-14-g0df50d7
n-puzzle;unit;26/80;80;8 5 1 4 2 7 6 0 3;0 1 2 3 4 5 6 7 8;15;25;25;1291;0;0;51;0.007187;179630;K*;                        ? Unchecked;ijcai-2026-base-14-g0df50d7
n-puzzle;unit;27/80;80;2 8 5 6 3 1 4 0 7;0 1 2 3 4 5 6 7 8;13;25;25;2155;0;0;51;0.0485;44433;K*;                        ? Unchecked;ijcai-2026-base-14-g0df50d7
n-puzzle;unit;28/80;80;5 0 7 4 2 3 1 6 8;0 1 2 3 4 5 6 7 8;15;21;21;410;0;0;51;0.01063;38570.1;K*;                        ? Unchecked;ijcai-2026-base-14-g0df50d7
n-puzzle;unit;29/80;80;3 2 4 7 6 8 5 1 0;0 1 2 3 4 5 6 7 8;14;22;22;535;0;0;51;0.008773;60982.6;K*;                        ? Unchecked;ijcai-2026-base-14-g0df50d7
n-puzzle;unit;30/80;80;1 3 2 0 8 6 4 7 5;0 1 2 3 4 5 6 7 8;11;23;23;1157;0;0;51;0.009002;128527;K*;                        ? Unchecked;ijcai-2026-base-14-g0df50d7
n-puzzle;unit;31/80;80;8 2 5 3 7 6 4 0 1;0 1 2 3 4 5 6 7 8;15;27;27;3346;0;0;51;0.093069;35951.8;K*;                        ? Unchecked;ijcai-2026-base-14-g0df50d7
n-puzzle;unit;32/80;80;2 4 0 7 5 1 8 6 3;0 1 2 3 4 5 6 7 8;14;26;26;1886;0;0;51;0.037822;49865.2;K*;                        ? Unchecked;ijcai-2026-base-14-g0df50d7
n-puzzle;unit;33/80;80;0 1 5 2 6 8 7 3 4;0 1 2 3 4 5 6 7 8;12;22;22;624;0;0;51;0.00549;113661;K*;                        ? Unchecked;ijcai-2026-base-14-g0df50d7
n-puzzle;unit;34/80;80;7 1 5 2 8 6 3 4 0;0 1 2 3 4 5 6 7 8;14;20;20;185;0;0;51;0.002223;83220.9;K*;                        ? Unchecked;ijcai-2026-base-14-g0df50d7
n-puzzle;unit;35/80;80;6 3 1 2 8 7 0 4 5;0 1 2 3 4 5 6 7 8;14;24;24;1567;0;0;51;0.031195;50232.4;K*;                        ? Unchecked;ijcai-2026-base-14-g0df50d7
n-puzzle;unit;36/80;80;0 3 5 4 8 6 7 2 1;0 1 2 3 4 5 6 7 8;16;24;24;805;0;0;51;0.010296;78185.7;K*;                        ? Unchecked;ijcai-2026-base-14-g0df50d7
n-puzzle;unit;37/80;80;8 1 4 0 3 2 5 6 7;0 1 2 3 4 5 6 7 8;13;23;23;750;0;0;51;0.006195;121065;K*;                        ? Unchecked;ijcai-2026-base-14-g0df50d7
n-puzzle;unit;38/80;80;7 4 1 6 2 8 3 5 0;0 1 2 3 4 5 6 7 8;12;26;26;3518;0;0;51;0.065906;53379.1;K*;                        ? Unchecked;ijcai-2026-base-14-g0df50d7
n-puzzle;unit;39/80;80;4 6 8 0 5 1 3 2 7;0 1 2 3 4 5 6 7 8;15;27;27;3393;0;0;51;0.076775;44194.1;K*;                        ? Unchecked;ijcai-2026-base-14-g0df50d7
n-puzzle;unit;40/80;80;4 2 8 6 0 1 3 5 7;0 1 2 3 4 5 6 7 8;12;24;24;1868;0;0;51;0.03809;49041.7;K*;                        ? Unchecked;ijcai-2026-base-14-g0df50d7
n-puzzle;unit;41/80;80;3 7 8 4 5 2 6 1 0;0 1 2 3 4 5 6 7 8;10;24;24;1043;0;0;51;0.023155;45044.3;K*;                        ? Unchecked;ijcai-2026-base-14-g0df50d7
n-puzzle;unit;42/80;80;7 5 6 1 0 3 2 8 4;0 1 2 3 4 5 6 7 8;20;26;26;741;0;0;51;0.006484;114281;K*;                        ? Unchecked;ijcai-2026-base-14-g0df50d7
n-puzzle;unit;43/80;80;1 6 4 8 5 3 7 2 0;0 1 2 3 4 5 6 7 8;16;24;24;1400;0;0;51;0.038783;36098.3;K*;                        ? Unchecked;ijcai-2026-base-14-g0df50d7
n-puzzle;unit;44/80;80;2 5 7 1 8 4 3 6 0;0 1 2 3 4 5 6 7 8;14;20;20;207;0;0;51;0.006133;33751.8;K*;                        ? Unchecked;ijcai-2026-base-14-g0df50d7
n-puzzle;unit;45/80;80;3 8 4 0 7 1 5 6 2;0 1 2 3 4 5 6 7 8;15;23;23;628;0;0;51;0.011243;55857;K*;                        ? Unchecked;ijcai-2026-base-14-g0df50d7
n-puzzle;unit;46/80;80;3 0 5 4 2 1 7 8 6;0 1 2 3 4 5 6 7 8;11;23;23;1103;0;0;51;0.020525;53739.3;K*;                        ? Unchecked;ijcai-2026-base-14-g0df50d7
n-puzzle;unit;47/80;80;4 5 3 1 7 0 8 2 6;0 1 2 3 4 5 6 7 8;17;25;25;898;0;0;51;0.007899;113685;K*;                        ? Unchecked;ijcai-2026-base-14-g0df50d7
n-puzzle;unit;48/80;80;1 8 4 2 3 5 6 0 7;0 1 2 3 4 5 6 7 8;11;23;23;1135;0;0;51;0.019089;59458.3;K*;                        ? Unchecked;ijcai-2026-base-14-g0df50d7
n-puzzle;unit;49/80;80;4 8 1 0 6 7 3 2 5;0 1 2 3 4 5 6 7 8;15;27;27;4238;0;0;51;0.027652;153262;K*;                        ? Unchecked;ijcai-2026-base-14-g0df50d7
n-puzzle;unit;50/80;80;8 5 3 4 6 1 7 2 0;0 1 2 3 4 5 6 7 8;18;26;26;2606;0;0;51;0.082972;31408.2;K*;                        ? Unchecked;ijcai-2026-base-14-g0df50d7
n-puzzle;unit;51/80;80;4 3 7 1 5 2 6 0 8;0 1 2 3 4 5 6 7 8;11;21;21;530;0;0;51;0.006507;81450.7;K*;                        ? Unchecked;ijcai-2026-base-14-g0df50d7
n-puzzle;unit;52/80;80;7 4 1 2 3 0 5 8 6;0 1 2 3 4 5 6 7 8;15;29;29;6791;0;0;51;0.04211;161268;K*;                        ? Unchecked;ijcai-2026-base-14-g0df50d7
n-puzzle;unit;53/80;80;7 5 6 8 2 1 0 4 3;0 1 2 3 4 5 6 7 8;20;30;30;6387;0;0;51;0.223723;28548.7;K*;                        ? Unchecked;ijcai-2026-base-14-g0df50d7
n-puzzle;unit;54/80;80;2 8 5 0 7 6 1 4 3;0 1 2 3 4 5 6 7 8;17;25;25;988;0;0;51;0.020054;49267;K*;                        ? Unchecked;ijcai-2026-base-14-g0df50d7
n-puzzle;unit;55/80;80;3 5 2 4 1 6 8 0 7;0 1 2 3 4 5 6 7 8;11;27;27;5279;0;0;51;0.122195;43201.4;K*;                        ? Unchecked;ijcai-2026-base-14-g0df50d7
n-puzzle;unit;56/80;80;8 6 1 5 4 3 0 2 7;0 1 2 3 4 5 6 7 8;16;28;28;2529;0;0;51;0.01707;148155;K*;                        ? Unchecked;ijcai-2026-base-14-g0df50d7
n-puzzle;unit;57/80;80;4 6 5 7 3 2 1 0 8;0 1 2 3 4 5 6 7 8;13;25;25;2189;0;0;51;0.04338;50461;K*;                        ? Unchecked;ijcai-2026-base-14-g0df50d7
n-puzzle;unit;58/80;80;3 7 4 2 8 6 5 0 1;0 1 2 3 4 5 6 7 8;19;29;29;5854;0;0;51;0.163886;35720;K*;                        ? Unchecked;ijcai-2026-base-14-g0df50d7
n-puzzle;unit;59/80;80;8 7 4 5 6 2 3 0 1;0 1 2 3 4 5 6 7 8;17;29;29;5681;0;0;51;0.036467;155785;K*;                        ? Unchecked;ijcai-2026-base-14-g0df50d7
n-puzzle;unit;60/80;80;6 1 5 3 4 0 8 2 7;0 1 2 3 4 5 6 7 8;9;25;25;2354;0;0;51;0.045939;51241.9;K*;                        ? Unchecked;ijcai-2026-base-14-g0df50d7
n-puzzle;unit;61/80;80;4 5 2 8 0 3 1 6 7;0 1 2 3 4 5 6 7 8;14;22;22;1157;0;0;51;0.032871;35198.2;K*;                        ? Unchecked;ijcai-2026-base-14-g0df50d7
n-puzzle;unit;62/80;80;8 5 4 6 1 2 7 3 0;0 1 2 3 4 5 6 7 8;14;26;26;1784;0;0;51;0.013266;134479;K*;                        ? Unchecked;ijcai-2026-base-14-g0df50d7
n-puzzle;unit;63/80;80;0 5 8 2 6 7 4 3 1;0 1 2 3 4 5 6 7 8;18;24;24;656;0;0;51;0.006469;101407;K*;                        ? Unchecked;ijcai-2026-base-14-g0df50d7
n-puzzle;unit;64/80;80;5 0 1 8 7 3 4 6 2;0 1 2 3 4 5 6 7 8;15;27;27;2937;0;0;51;0.06322;46456.8;K*;                        ? Unchecked;ijcai-2026-base-14-g0df50d7
n-puzzle;unit;65/80;80;7 6 1 3 4 8 0 5 2;0 1 2 3 4 5 6 7 8;12;24;24;1469;0;0;51;0.031302;46929.9;K*;                        ? Unchecked;ijcai-2026-base-14-g0df50d7
n-puzzle;unit;66/80;80;8 0 7 3 6 5 1 2 4;0 1 2 3 4 5 6 7 8;17;27;27;1920;0;0;51;0.011665;164595;K*;                        ? Unchecked;ijcai-2026-base-14-g0df50d7
n-puzzle;unit;67/80;80;7 2 8 6 5 1 4 0 3;0 1 2 3 4 5 6 7 8;15;27;27;3469;0;0;51;0.07766;44669.1;K*;                        ? Unchecked;ijcai-2026-base-14-g0df50d7
n-puzzle;unit;68/80;80;5 0 3 4 1 8 2 7 6;0 1 2 3 4 5 6 7 8;15;27;27;2484;0;0;51;0.025238;98423;K*;                        ? Unchecked;ijcai-2026-base-14-g0df50d7
n-puzzle;unit;69/80;80;7 8 4 6 3 5 2 1 0;0 1 2 3 4 5 6 7 8;16;28;28;3081;0;0;51;0.026509;116225;K*;                        ? Unchecked;ijcai-2026-base-14-g0df50d7
n-puzzle;unit;70/80;80;7 0 3 2 8 1 5 4 6;0 1 2 3 4 5 6 7 8;19;25;25;614;0;0;51;0.015477;39671.8;K*;                        ? Unchecked;ijcai-2026-base-14-g0df50d7
n-puzzle;unit;71/80;80;1 0 7 3 4 8 2 5 6;0 1 2 3 4 5 6 7 8;13;25;25;1244;0;0;51;0.007871;158049;K*;                        ? Unchecked;ijcai-2026-base-14-g0df50d7
n-puzzle;unit;72/80;80;8 0 7 4 3 6 5 2 1;0 1 2 3 4 5 6 7 8;21;27;27;690;0;0;51;0.007317;94300.9;K*;                        ? Unchecked;ijcai-2026-base-14-g0df50d7
n-puzzle;unit;73/80;80;3 7 8 5 1 2 0 6 4;0 1 2 3 4 5 6 7 8;12;28;28;5398;0;0;51;0.144211;37431.3;K*;                        ? Unchecked;ijcai-2026-base-14-g0df50d7
n-puzzle;unit;74/80;80;1 6 2 0 7 8 4 5 3;0 1 2 3 4 5 6 7 8;13;21;21;389;0;0;51;0.008769;44360.8;K*;                        ? Unchecked;ijcai-2026-base-14-g0df50d7
n-puzzle;unit;75/80;80;6 1 2 3 0 8 4 5 7;0 1 2 3 4 5 6 7 8;8;20;20;1064;0;0;51;0.027384;38854.8;K*;                        ? Unchecked;ijcai-2026-base-14-g0df50d7
n-puzzle;unit;76/80;80;1 0 7 5 6 4 3 2 8;0 1 2 3 4 5 6 7 8;13;25;25;1558;0;0;51;0.033716;46209.5;K*;                        ? Unchecked;ijcai-2026-base-14-g0df50d7
n-puzzle;unit;77/80;80;2 7 6 1 4 0 5 3 8;0 1 2 3 4 5 6 7 8;15;25;25;2349;0;0;51;0.081656;28767;K*;                        ? Unchecked;ijcai-2026-base-14-g0df50d7
n-puzzle;unit;78/80;80;2 3 8 4 0 6 1 5 7;0 1 2 3 4 5 6 7 8;16;24;24;813;0;0;51;0.007971;101995;K*;                        ? Unchecked;ijcai-2026-base-14-g0df50d7
n-puzzle;unit;79/80;80;0 5 4 6 1 7 8 2 3;0 1 2 3 4 5 6 7 8;16;26;26;1483;0;0;51;0.010396;142651;K*;                        ? Unchecked;ijcai-2026-base-14-g0df50d7
n-puzzle;unit;80/80;80;5 3 4 7 0 1 8 6 2;0 1 2 3 4 5 6 7 8;16;22;22;1117;0;0;51;0.032447;34425.4;K*;                        ? Unchecked;ijcai-2026-base-14-g0df50d7
n-puzzle;unit;81/80;80;1 7 5 6 8 3 4 2 0;0 1 2 3 4 5 6 7 8;14;26;26;2711;0;0;51;0.059285;45728.3;K*;                        ? Unchecked;ijcai-2026-base-14-g0df50d7
n-puzzle;unit;82/80;80;3 1 4 0 5 8 2 7 6;0 1 2 3 4 5 6 7 8;11;23;23;777;0;0;51;0.010081;77075.7;K*;                        ? Unchecked;ijcai-2026-base-14-g0df50d7
n-puzzle;unit;83/80;80;4 2 3 0 5 1 8 6 7;0 1 2 3 4 5 6 7 8;13;23;23;662;0;0;51;0.013549;48859.7;K*;                        ? Unchecked;ijcai-2026-base-14-g0df50d7
n-puzzle;unit;84/80;80;4 7 3 1 6 5 8 0 2;0 1 2 3 4 5 6 7 8;15;27;27;3169;0;0;51;0.030309;104556;K*;                        ? Unchecked;ijcai-2026-base-14-g0df50d7
n-puzzle;unit;85/80;80;3 6 0 1 5 8 4 2 7;0 1 2 3 4 5 6 7 8;14;26;26;1980;0;0;51;0.038844;50973.1;K*;                        ? Unchecked;ijcai-2026-base-14-g0df50d7
n-puzzle;unit;86/80;80;8 6 2 7 5 1 3 0 4;0 1 2 3 4 5 6 7 8;15;29;29;8498;0;0;51;0.081663;104062;K*;                        ? Unchecked;ijcai-2026-base-14-g0df50d7
n-puzzle;unit;87/80;80;3 2 5 7 6 0 8 1 4;0 1 2 3 4 5 6 7 8;13;21;21;421;0;0;51;0.010934;38503.7;K*;                        ? Unchecked;ijcai-2026-base-14-g0df50d7
n-puzzle;unit;88/80;80;1 3 2 4 0 5 8 7 6;0 1 2 3 4 5 6 7 8;8;24;24;2031;0;0;51;0.011866;171161;K*;                        ? Unchecked;ijcai-2026-base-14-g0df50d7
n-puzzle;unit;89/80;80;0 8 4 3 2 1 6 5 7;0 1 2 3 4 5 6 7 8;12;22;22;544;0;0;51;0.011159;48749.9;K*;                        ? Unchecked;ijcai-2026-base-14-g0df50d7
n-puzzle;unit;90/80;80;0 6 1 5 7 8 4 2 3;0 1 2 3 4 5 6 7 8;16;24;24;949;0;0;51;0.020119;47169.3;K*;                        ? Unchecked;ijcai-2026-base-14-g0df50d7
n-puzzle;unit;91/80;80;2 1 6 4 5 8 3 0 7;0 1 2 3 4 5 6 7 8;11;25;25;1852;0;0;51;0.009899;187090;K*;                        ? Unchecked;ijcai-2026-base-14-g0df50d7
n-puzzle;unit;92/80;80;3 7 4 6 1 5 8 0 2;0 1 2 3 4 5 6 7 8;11;23;23;973;0;0;51;0.00824;118083;K*;                        ? Unchecked;ijcai-2026-base-14-g0df50d7
n-puzzle;unit;93/80;80;7 6 1 3 5 8 2 4 0;0 1 2 3 4 5 6 7 8;14;24;24;1254;0;0;51;0.024064;52111;K*;                        ? Unchecked;ijcai-2026-base-14-g0df50d7
n-puzzle;unit;94/80;80;4 7 8 1 0 3 6 2 5;0 1 2 3 4 5 6 7 8;14;24;24;1239;0;0;51;0.013259;93446;K*;                        ? Unchecked;ijcai-2026-base-14-g0df50d7
n-puzzle;unit;95/80;80;0 5 8 2 7 4 1 6 3;0 1 2 3 4 5 6 7 8;16;24;24;530;0;0;51;0.017944;29536.3;K*;                        ? Unchecked;ijcai-2026-base-14-g0df50d7
n-puzzle;unit;96/80;80;5 2 3 8 7 0 1 6 4;0 1 2 3 4 5 6 7 8;17;27;27;2597;0;0;51;0.080253;32360.2;K*;                        ? Unchecked;ijcai-2026-base-14-g0df50d7
n-puzzle;unit;97/80;80;8 3 0 4 7 2 6 1 5;0 1 2 3 4 5 6 7 8;12;22;22;380;0;0;51;0.008642;43971.3;K*;                        ? Unchecked;ijcai-2026-base-14-g0df50d7
n-puzzle;unit;98/80;80;5 8 6 0 7 4 1 3 2;0 1 2 3 4 5 6 7 8;19;27;27;1450;0;0;51;0.010797;134297;K*;                        ? Unchecked;ijcai-2026-base-14-g0df50d7
n-puzzle;unit;99/80;80;7 5 0 6 3 2 1 8 4;0 1 2 3 4 5 6 7 8;14;28;28;5845;0;0;51;0.041139;142079;K*;                        ? Unchecked;ijcai-2026-base-14-g0df50d7
n-puzzle;unit;0/90;90;5 6 0 8 4 7 1 3 2;0 1 2 3 4 5 6 7 8;18;28;28;1824;0;0;51;0.040946;44546.5;K*;                        ? Unchecked;ijcai-2026-base-14-g0df50d7
n-puzzle;unit;1/90;90;0 8 6 4 7 1 5 3 2;0 1 2 3 4 5 6 7 8;18;28;28;2568;0;0;51;0.064446;39847.3;K*;                        ? Unchecked;ijcai-2026-base-14-g0df50d7
n-puzzle;unit;2/90;90;5 2 8 0 7 4 1 3 6;0 1 2 3 4 5 6 7 8;15;25;25;1578;0;0;51;0.029136;54159.8;K*;                        ? Unchecked;ijcai-2026-base-14-g0df50d7
n-puzzle;unit;3/90;90;7 2 6 0 8 1 5 4 3;0 1 2 3 4 5 6 7 8;19;29;29;4721;0;0;51;0.159281;29639.4;K*;                        ? Unchecked;ijcai-2026-base-14-g0df50d7
n-puzzle;unit;4/90;90;5 1 8 6 0 7 2 4 3;0 1 2 3 4 5 6 7 8;16;26;26;1868;0;0;51;0.017603;106118;K*;                        ? Unchecked;ijcai-2026-base-14-g0df50d7
n-puzzle;unit;5/90;90;8 0 3 6 4 5 7 2 1;0 1 2 3 4 5 6 7 8;15;27;27;2993;0;0;51;0.072835;41092.9;K*;                        ? Unchecked;ijcai-2026-base-14-g0df50d7
n-puzzle;unit;6/90;90;4 2 7 1 5 8 0 6 3;0 1 2 3 4 5 6 7 8;14;22;22;433;0;0;51;0.016979;25502.1;K*;                        ? Unchecked;ijcai-2026-base-14-g0df50d7
n-puzzle;unit;7/90;90;4 1 7 3 2 5 6 0 8;0 1 2 3 4 5 6 7 8;7;23;23;1430;0;0;51;0.035764;39984.3;K*;                        ? Unchecked;ijcai-2026-base-14-g0df50d7
n-puzzle;unit;8/90;90;8 4 0 5 1 6 2 7 3;0 1 2 3 4 5 6 7 8;18;30;30;4338;0;0;51;0.069124;62756.8;K*;                        ? Unchecked;ijcai-2026-base-14-g0df50d7
n-puzzle;unit;9/90;90;1 3 0 7 6 2 5 8 4;0 1 2 3 4 5 6 7 8;14;24;24;1214;0;0;51;0.010793;112480;K*;                        ? Unchecked;ijcai-2026-base-14-g0df50d7
n-puzzle;unit;10/90;90;7 0 4 6 8 5 3 1 2;0 1 2 3 4 5 6 7 8;13;29;29;8045;0;0;51;0.055135;145915;K*;                        ? Unchecked;ijcai-2026-base-14-g0df50d7
n-puzzle;unit;11/90;90;6 1 7 5 8 2 4 3 0;0 1 2 3 4 5 6 7 8;14;28;28;4660;0;0;51;0.122977;37893.3;K*;                        ? Unchecked;ijcai-2026-base-14-g0df50d7
n-puzzle;unit;12/90;90;7 5 2 1 6 3 8 0 4;0 1 2 3 4 5 6 7 8;15;29;29;8627;0;0;51;0.246477;35001.2;K*;                        ? Unchecked;ijcai-2026-base-14-g0df50d7
n-puzzle;unit;13/90;90;6 2 4 0 8 7 5 3 1;0 1 2 3 4 5 6 7 8;17;27;27;5466;0;0;51;0.151085;36178.3;K*;                        ? Unchecked;ijcai-2026-base-14-g0df50d7
n-puzzle;unit;14/90;90;0 1 6 2 5 7 4 8 3;0 1 2 3 4 5 6 7 8;16;30;30;9233;0;0;51;0.312208;29573.2;K*;                        ? Unchecked;ijcai-2026-base-14-g0df50d7
n-puzzle;unit;15/90;90;4 0 3 6 1 2 8 5 7;0 1 2 3 4 5 6 7 8;13;19;19;167;0;0;51;0.00345;48405.8;K*;                        ? Unchecked;ijcai-2026-base-14-g0df50d7
n-puzzle;unit;16/90;90;1 5 8 7 6 4 0 3 2;0 1 2 3 4 5 6 7 8;14;22;22;509;0;0;51;0.003512;144932;K*;                        ? Unchecked;ijcai-2026-base-14-g0df50d7
n-puzzle;unit;17/90;90;2 7 0 8 4 6 3 5 1;0 1 2 3 4 5 6 7 8;16;28;28;3013;0;0;51;0.082435;36550;K*;                        ? Unchecked;ijcai-2026-base-14-g0df50d7
n-puzzle;unit;18/90;90;7 4 8 1 5 6 0 2 3;0 1 2 3 4 5 6 7 8;18;28;28;2318;0;0;51;0.083066;27905.5;K*;                        ? Unchecked;ijcai-2026-base-14-g0df50d7
n-puzzle;unit;19/90;90;2 3 0 1 4 7 5 6 8;0 1 2 3 4 5 6 7 8;12;26;26;2437;0;0;51;0.018201;133894;K*;                        ? Unchecked;ijcai-2026-base-14-g0df50d7
n-puzzle;unit;20/90;90;2 1 4 5 0 6 8 3 7;0 1 2 3 4 5 6 7 8;14;28;28;5892;0;0;51;0.033542;175660;K*;                        ? Unchecked;ijcai-2026-base-14-g0df50d7
n-puzzle;unit;21/90;90;8 7 6 2 5 4 1 0 3;0 1 2 3 4 5 6 7 8;21;29;29;1892;0;0;51;0.021126;89557.9;K*;                        ? Unchecked;ijcai-2026-base-14-g0df50d7
n-puzzle;unit;22/90;90;2 7 3 1 6 5 4 0 8;0 1 2 3 4 5 6 7 8;13;23;23;821;0;0;51;0.016712;49126.4;K*;                        ? Unchecked;ijcai-2026-base-14-g0df50d7
n-puzzle;unit;23/90;90;3 0 4 6 2 1 8 5 7;0 1 2 3 4 5 6 7 8;13;21;21;547;0;0;51;0.014253;38377.9;K*;                        ? Unchecked;ijcai-2026-base-14-g0df50d7
n-puzzle;unit;24/90;90;5 3 2 4 8 6 0 1 7;0 1 2 3 4 5 6 7 8;14;26;26;2331;0;0;51;0.014894;156506;K*;                        ? Unchecked;ijcai-2026-base-14-g0df50d7
n-puzzle;unit;25/90;90;1 3 5 2 4 6 8 7 0;0 1 2 3 4 5 6 7 8;12;30;30;12547;0;0;51;0.168954;74262.8;K*;                        ? Unchecked;ijcai-2026-base-14-g0df50d7
n-puzzle;unit;26/90;90;8 5 1 4 2 7 6 0 3;0 1 2 3 4 5 6 7 8;15;25;25;1291;0;0;51;0.00735;175646;K*;                        ? Unchecked;ijcai-2026-base-14-g0df50d7
n-puzzle;unit;27/90;90;2 8 5 6 3 1 4 0 7;0 1 2 3 4 5 6 7 8;13;25;25;2155;0;0;51;0.048764;44192.4;K*;                        ? Unchecked;ijcai-2026-base-14-g0df50d7
n-puzzle;unit;28/90;90;5 0 7 4 2 3 1 6 8;0 1 2 3 4 5 6 7 8;15;23;23;664;0;0;51;0.02344;28327.6;K*;                        ? Unchecked;ijcai-2026-base-14-g0df50d7
n-puzzle;unit;29/90;90;3 2 4 7 6 8 5 1 0;0 1 2 3 4 5 6 7 8;14;22;22;535;0;0;51;0.009091;58849.4;K*;                        ? Unchecked;ijcai-2026-base-14-g0df50d7
n-puzzle;unit;30/90;90;1 3 2 0 8 6 4 7 5;0 1 2 3 4 5 6 7 8;11;23;23;1157;0;0;51;0.009137;126628;K*;                        ? Unchecked;ijcai-2026-base-14-g0df50d7
n-puzzle;unit;31/90;90;8 2 5 3 7 6 4 0 1;0 1 2 3 4 5 6 7 8;15;27;27;3346;0;0;51;0.093888;35638.2;K*;                        ? Unchecked;ijcai-2026-base-14-g0df50d7
n-puzzle;unit;32/90;90;2 4 0 7 5 1 8 6 3;0 1 2 3 4 5 6 7 8;14;26;26;1886;0;0;51;0.038093;49510.4;K*;                        ? Unchecked;ijcai-2026-base-14-g0df50d7
n-puzzle;unit;33/90;90;0 1 5 2 6 8 7 3 4;0 1 2 3 4 5 6 7 8;12;22;22;624;0;0;51;0.005624;110953;K*;                        ? Unchecked;ijcai-2026-base-14-g0df50d7
n-puzzle;unit;34/90;90;7 1 5 2 8 6 3 4 0;0 1 2 3 4 5 6 7 8;14;20;20;185;0;0;51;0.002311;80051.9;K*;                        ? Unchecked;ijcai-2026-base-14-g0df50d7
n-puzzle;unit;35/90;90;6 3 1 2 8 7 0 4 5;0 1 2 3 4 5 6 7 8;14;24;24;2467;0;0;51;0.085229;28945.5;K*;                        ? Unchecked;ijcai-2026-base-14-g0df50d7
n-puzzle;unit;36/90;90;0 3 5 4 8 6 7 2 1;0 1 2 3 4 5 6 7 8;16;24;24;1005;0;0;51;0.022569;44530.1;K*;                        ? Unchecked;ijcai-2026-base-14-g0df50d7
n-puzzle;unit;37/90;90;8 1 4 0 3 2 5 6 7;0 1 2 3 4 5 6 7 8;13;23;23;750;0;0;51;0.006453;116225;K*;                        ? Unchecked;ijcai-2026-base-14-g0df50d7
n-puzzle;unit;38/90;90;7 4 1 6 2 8 3 5 0;0 1 2 3 4 5 6 7 8;12;26;26;3518;0;0;51;0.066541;52869.7;K*;                        ? Unchecked;ijcai-2026-base-14-g0df50d7
n-puzzle;unit;39/90;90;4 6 8 0 5 1 3 2 7;0 1 2 3 4 5 6 7 8;15;27;27;3393;0;0;51;0.076756;44205;K*;                        ? Unchecked;ijcai-2026-base-14-g0df50d7
n-puzzle;unit;40/90;90;4 2 8 6 0 1 3 5 7;0 1 2 3 4 5 6 7 8;12;24;24;1868;0;0;51;0.03838;48671.2;K*;                        ? Unchecked;ijcai-2026-base-14-g0df50d7
n-puzzle;unit;41/90;90;3 7 8 4 5 2 6 1 0;0 1 2 3 4 5 6 7 8;10;24;24;1043;0;0;51;0.023438;44500.4;K*;                        ? Unchecked;ijcai-2026-base-14-g0df50d7
n-puzzle;unit;42/90;90;7 5 6 1 0 3 2 8 4;0 1 2 3 4 5 6 7 8;20;26;26;741;0;0;51;0.006595;112358;K*;                        ? Unchecked;ijcai-2026-base-14-g0df50d7
n-puzzle;unit;43/90;90;1 6 4 8 5 3 7 2 0;0 1 2 3 4 5 6 7 8;16;24;24;1420;0;0;51;0.040606;34970.2;K*;                        ? Unchecked;ijcai-2026-base-14-g0df50d7
n-puzzle;unit;44/90;90;2 5 7 1 8 4 3 6 0;0 1 2 3 4 5 6 7 8;14;20;20;207;0;0;51;0.006235;33199.7;K*;                        ? Unchecked;ijcai-2026-base-14-g0df50d7
n-puzzle;unit;45/90;90;3 8 4 0 7 1 5 6 2;0 1 2 3 4 5 6 7 8;15;23;23;628;0;0;51;0.011339;55384.1;K*;                        ? Unchecked;ijcai-2026-base-14-g0df50d7
n-puzzle;unit;46/90;90;3 0 5 4 2 1 7 8 6;0 1 2 3 4 5 6 7 8;11;23;23;1103;0;0;51;0.020385;54108.4;K*;                        ? Unchecked;ijcai-2026-base-14-g0df50d7
n-puzzle;unit;47/90;90;4 5 3 1 7 0 8 2 6;0 1 2 3 4 5 6 7 8;17;25;25;898;0;0;51;0.008044;111636;K*;                        ? Unchecked;ijcai-2026-base-14-g0df50d7
n-puzzle;unit;48/90;90;1 8 4 2 3 5 6 0 7;0 1 2 3 4 5 6 7 8;11;23;23;1135;0;0;51;0.019359;58629.1;K*;                        ? Unchecked;ijcai-2026-base-14-g0df50d7
n-puzzle;unit;49/90;90;4 8 1 0 6 7 3 2 5;0 1 2 3 4 5 6 7 8;15;27;27;4238;0;0;51;0.028175;150417;K*;                        ? Unchecked;ijcai-2026-base-14-g0df50d7
n-puzzle;unit;50/90;90;8 5 3 4 6 1 7 2 0;0 1 2 3 4 5 6 7 8;18;26;26;3046;0;0;51;0.110451;27577.8;K*;                        ? Unchecked;ijcai-2026-base-14-g0df50d7
n-puzzle;unit;51/90;90;4 3 7 1 5 2 6 0 8;0 1 2 3 4 5 6 7 8;11;21;21;530;0;0;51;0.007076;74901.1;K*;                        ? Unchecked;ijcai-2026-base-14-g0df50d7
n-puzzle;unit;52/90;90;7 4 1 2 3 0 5 8 6;0 1 2 3 4 5 6 7 8;15;29;29;6791;0;0;51;0.042699;159044;K*;                        ? Unchecked;ijcai-2026-base-14-g0df50d7
n-puzzle;unit;53/90;90;7 5 6 8 2 1 0 4 3;0 1 2 3 4 5 6 7 8;20;30;30;6387;0;0;51;0.223808;28537.9;K*;                        ? Unchecked;ijcai-2026-base-14-g0df50d7
n-puzzle;unit;54/90;90;2 8 5 0 7 6 1 4 3;0 1 2 3 4 5 6 7 8;17;25;25;988;0;0;51;0.020439;48339;K*;                        ? Unchecked;ijcai-2026-base-14-g0df50d7
n-puzzle;unit;55/90;90;3 5 2 4 1 6 8 0 7;0 1 2 3 4 5 6 7 8;11;27;27;5279;0;0;51;0.122347;43147.8;K*;                        ? Unchecked;ijcai-2026-base-14-g0df50d7
n-puzzle;unit;56/90;90;8 6 1 5 4 3 0 2 7;0 1 2 3 4 5 6 7 8;16;28;28;3669;0;0;51;0.090777;40417.7;K*;                        ? Unchecked;ijcai-2026-base-14-g0df50d7
n-puzzle;unit;57/90;90;4 6 5 7 3 2 1 0 8;0 1 2 3 4 5 6 7 8;13;25;25;2189;0;0;51;0.04531;48311.6;K*;                        ? Unchecked;ijcai-2026-base-14-g0df50d7
n-puzzle;unit;58/90;90;3 7 4 2 8 6 5 0 1;0 1 2 3 4 5 6 7 8;19;29;29;5854;0;0;51;0.164813;35519;K*;                        ? Unchecked;ijcai-2026-base-14-g0df50d7
n-puzzle;unit;59/90;90;8 7 4 5 6 2 3 0 1;0 1 2 3 4 5 6 7 8;17;29;29;5681;0;0;51;0.036903;153944;K*;                        ? Unchecked;ijcai-2026-base-14-g0df50d7
n-puzzle;unit;60/90;90;6 1 5 3 4 0 8 2 7;0 1 2 3 4 5 6 7 8;9;25;25;2354;0;0;51;0.047097;49982;K*;                        ? Unchecked;ijcai-2026-base-14-g0df50d7
n-puzzle;unit;61/90;90;4 5 2 8 0 3 1 6 7;0 1 2 3 4 5 6 7 8;14;24;24;1366;0;0;51;0.044538;30670.4;K*;                        ? Unchecked;ijcai-2026-base-14-g0df50d7
n-puzzle;unit;62/90;90;8 5 4 6 1 2 7 3 0;0 1 2 3 4 5 6 7 8;14;26;26;1784;0;0;51;0.013778;129482;K*;                        ? Unchecked;ijcai-2026-base-14-g0df50d7
n-puzzle;unit;63/90;90;0 5 8 2 6 7 4 3 1;0 1 2 3 4 5 6 7 8;18;24;24;656;0;0;51;0.006509;100784;K*;                        ? Unchecked;ijcai-2026-base-14-g0df50d7
n-puzzle;unit;64/90;90;5 0 1 8 7 3 4 6 2;0 1 2 3 4 5 6 7 8;15;27;27;2937;0;0;51;0.063113;46535.6;K*;                        ? Unchecked;ijcai-2026-base-14-g0df50d7
n-puzzle;unit;65/90;90;7 6 1 3 4 8 0 5 2;0 1 2 3 4 5 6 7 8;12;24;24;2449;0;0;51;0.089706;27300.3;K*;                        ? Unchecked;ijcai-2026-base-14-g0df50d7
n-puzzle;unit;66/90;90;8 0 7 3 6 5 1 2 4;0 1 2 3 4 5 6 7 8;17;27;27;2540;0;0;51;0.050307;50490;K*;                        ? Unchecked;ijcai-2026-base-14-g0df50d7
n-puzzle;unit;67/90;90;7 2 8 6 5 1 4 0 3;0 1 2 3 4 5 6 7 8;15;27;27;3469;0;0;51;0.078489;44197.3;K*;                        ? Unchecked;ijcai-2026-base-14-g0df50d7
n-puzzle;unit;68/90;90;5 0 3 4 1 8 2 7 6;0 1 2 3 4 5 6 7 8;15;27;27;2484;0;0;51;0.026077;95256.4;K*;                        ? Unchecked;ijcai-2026-base-14-g0df50d7
n-puzzle;unit;69/90;90;7 8 4 6 3 5 2 1 0;0 1 2 3 4 5 6 7 8;16;28;28;3081;0;0;51;0.026718;115316;K*;                        ? Unchecked;ijcai-2026-base-14-g0df50d7
n-puzzle;unit;70/90;90;7 0 3 2 8 1 5 4 6;0 1 2 3 4 5 6 7 8;19;25;25;614;0;0;51;0.015646;39243.3;K*;                        ? Unchecked;ijcai-2026-base-14-g0df50d7
n-puzzle;unit;71/90;90;1 0 7 3 4 8 2 5 6;0 1 2 3 4 5 6 7 8;13;25;25;1244;0;0;51;0.007982;155851;K*;                        ? Unchecked;ijcai-2026-base-14-g0df50d7
n-puzzle;unit;72/90;90;8 0 7 4 3 6 5 2 1;0 1 2 3 4 5 6 7 8;21;27;27;690;0;0;51;0.007444;92692.1;K*;                        ? Unchecked;ijcai-2026-base-14-g0df50d7
n-puzzle;unit;73/90;90;3 7 8 5 1 2 0 6 4;0 1 2 3 4 5 6 7 8;12;28;28;5398;0;0;51;0.144724;37298.6;K*;                        ? Unchecked;ijcai-2026-base-14-g0df50d7
n-puzzle;unit;74/90;90;1 6 2 0 7 8 4 5 3;0 1 2 3 4 5 6 7 8;13;21;21;389;0;0;51;0.008902;43698;K*;                        ? Unchecked;ijcai-2026-base-14-g0df50d7
n-puzzle;unit;75/90;90;6 1 2 3 0 8 4 5 7;0 1 2 3 4 5 6 7 8;8;22;22;1108;0;0;51;0.030485;36345.7;K*;                        ? Unchecked;ijcai-2026-base-14-g0df50d7
n-puzzle;unit;76/90;90;1 0 7 5 6 4 3 2 8;0 1 2 3 4 5 6 7 8;13;25;25;1558;0;0;51;0.034281;45447.9;K*;                        ? Unchecked;ijcai-2026-base-14-g0df50d7
n-puzzle;unit;77/90;90;2 7 6 1 4 0 5 3 8;0 1 2 3 4 5 6 7 8;15;25;25;2349;0;0;51;0.082183;28582.6;K*;                        ? Unchecked;ijcai-2026-base-14-g0df50d7
n-puzzle;unit;78/90;90;2 3 8 4 0 6 1 5 7;0 1 2 3 4 5 6 7 8;16;24;24;813;0;0;51;0.008169;99522.6;K*;                        ? Unchecked;ijcai-2026-base-14-g0df50d7
n-puzzle;unit;79/90;90;0 5 4 6 1 7 8 2 3;0 1 2 3 4 5 6 7 8;16;26;26;1483;0;0;51;0.01076;137825;K*;                        ? Unchecked;ijcai-2026-base-14-g0df50d7
n-puzzle;unit;80/90;90;5 3 4 7 0 1 8 6 2;0 1 2 3 4 5 6 7 8;16;24;24;1117;0;0;51;0.033115;33730.9;K*;                        ? Unchecked;ijcai-2026-base-14-g0df50d7
n-puzzle;unit;81/90;90;1 7 5 6 8 3 4 2 0;0 1 2 3 4 5 6 7 8;14;26;26;2711;0;0;51;0.059636;45459.1;K*;                        ? Unchecked;ijcai-2026-base-14-g0df50d7
n-puzzle;unit;82/90;90;3 1 4 0 5 8 2 7 6;0 1 2 3 4 5 6 7 8;11;23;23;777;0;0;51;0.010043;77367.3;K*;                        ? Unchecked;ijcai-2026-base-14-g0df50d7
n-puzzle;unit;83/90;90;4 2 3 0 5 1 8 6 7;0 1 2 3 4 5 6 7 8;13;23;23;662;0;0;51;0.013671;48423.7;K*;                        ? Unchecked;ijcai-2026-base-14-g0df50d7
n-puzzle;unit;84/90;90;4 7 3 1 6 5 8 0 2;0 1 2 3 4 5 6 7 8;15;27;27;3169;0;0;51;0.030926;102470;K*;                        ? Unchecked;ijcai-2026-base-14-g0df50d7
n-puzzle;unit;85/90;90;3 6 0 1 5 8 4 2 7;0 1 2 3 4 5 6 7 8;14;26;26;1980;0;0;51;0.039043;50713.3;K*;                        ? Unchecked;ijcai-2026-base-14-g0df50d7
n-puzzle;unit;86/90;90;8 6 2 7 5 1 3 0 4;0 1 2 3 4 5 6 7 8;15;29;29;8498;0;0;51;0.08124;104604;K*;                        ? Unchecked;ijcai-2026-base-14-g0df50d7
n-puzzle;unit;87/90;90;3 2 5 7 6 0 8 1 4;0 1 2 3 4 5 6 7 8;13;21;21;421;0;0;51;0.011085;37979.3;K*;                        ? Unchecked;ijcai-2026-base-14-g0df50d7
n-puzzle;unit;88/90;90;1 3 2 4 0 5 8 7 6;0 1 2 3 4 5 6 7 8;8;24;24;2031;0;0;51;0.011927;170286;K*;                        ? Unchecked;ijcai-2026-base-14-g0df50d7
n-puzzle;unit;89/90;90;0 8 4 3 2 1 6 5 7;0 1 2 3 4 5 6 7 8;12;22;22;544;0;0;51;0.011262;48304;K*;                        ? Unchecked;ijcai-2026-base-14-g0df50d7
n-puzzle;unit;90/90;90;0 6 1 5 7 8 4 2 3;0 1 2 3 4 5 6 7 8;16;24;24;1689;0;0;51;0.063341;26665.2;K*;                        ? Unchecked;ijcai-2026-base-14-g0df50d7
n-puzzle;unit;91/90;90;2 1 6 4 5 8 3 0 7;0 1 2 3 4 5 6 7 8;11;25;25;1852;0;0;51;0.010801;171466;K*;                        ? Unchecked;ijcai-2026-base-14-g0df50d7
n-puzzle;unit;92/90;90;3 7 4 6 1 5 8 0 2;0 1 2 3 4 5 6 7 8;11;23;23;973;0;0;51;0.00838;116110;K*;                        ? Unchecked;ijcai-2026-base-14-g0df50d7
n-puzzle;unit;93/90;90;7 6 1 3 5 8 2 4 0;0 1 2 3 4 5 6 7 8;14;24;24;1354;0;0;51;0.030031;45086.7;K*;                        ? Unchecked;ijcai-2026-base-14-g0df50d7
n-puzzle;unit;94/90;90;4 7 8 1 0 3 6 2 5;0 1 2 3 4 5 6 7 8;14;24;24;1239;0;0;51;0.013506;91737;K*;                        ? Unchecked;ijcai-2026-base-14-g0df50d7
n-puzzle;unit;95/90;90;0 5 8 2 7 4 1 6 3;0 1 2 3 4 5 6 7 8;16;24;24;530;0;0;51;0.018221;29087.3;K*;                        ? Unchecked;ijcai-2026-base-14-g0df50d7
n-puzzle;unit;96/90;90;5 2 3 8 7 0 1 6 4;0 1 2 3 4 5 6 7 8;17;27;27;2597;0;0;51;0.080889;32105.7;K*;                        ? Unchecked;ijcai-2026-base-14-g0df50d7
n-puzzle;unit;97/90;90;8 3 0 4 7 2 6 1 5;0 1 2 3 4 5 6 7 8;12;22;22;380;0;0;51;0.008698;43688.2;K*;                        ? Unchecked;ijcai-2026-base-14-g0df50d7
n-puzzle;unit;98/90;90;5 8 6 0 7 4 1 3 2;0 1 2 3 4 5 6 7 8;19;27;27;3250;0;0;51;0.127409;25508.4;K*;                        ? Unchecked;ijcai-2026-base-14-g0df50d7
n-puzzle;unit;99/90;90;7 5 0 6 3 2 1 8 4;0 1 2 3 4 5 6 7 8;14;28;28;5845;0;0;51;0.043187;135342;K*;                        ? Unchecked;ijcai-2026-base-14-g0df50d7
n-puzzle;unit;0/100;100;5 6 0 8 4 7 1 3 2;0 1 2 3 4 5 6 7 8;18;28;28;1824;0;0;52;0.04025;45316.8;K*;                        ? Unchecked;ijcai-2026-base-14-g0df50d7
n-puzzle;unit;1/100;100;0 8 6 4 7 1 5 3 2;0 1 2 3 4 5 6 7 8;18;28;28;2568;0;0;52;0.06283;40872.2;K*;                        ? Unchecked;ijcai-2026-base-14-g0df50d7
n-puzzle;unit;2/100;100;5 2 8 0 7 4 1 3 6;0 1 2 3 4 5 6 7 8;15;25;25;1578;0;0;52;0.028747;54892.7;K*;                        ? Unchecked;ijcai-2026-base-14-g0df50d7
n-puzzle;unit;3/100;100;7 2 6 0 8 1 5 4 3;0 1 2 3 4 5 6 7 8;19;29;29;4721;0;0;52;0.156882;30092.7;K*;                        ? Unchecked;ijcai-2026-base-14-g0df50d7
n-puzzle;unit;4/100;100;5 1 8 6 0 7 2 4 3;0 1 2 3 4 5 6 7 8;16;26;26;1868;0;0;52;0.017059;109502;K*;                        ? Unchecked;ijcai-2026-base-14-g0df50d7
n-puzzle;unit;5/100;100;8 0 3 6 4 5 7 2 1;0 1 2 3 4 5 6 7 8;15;27;27;2993;0;0;52;0.072291;41402.1;K*;                        ? Unchecked;ijcai-2026-base-14-g0df50d7
n-puzzle;unit;6/100;100;4 2 7 1 5 8 0 6 3;0 1 2 3 4 5 6 7 8;14;22;22;433;0;0;52;0.016967;25520.1;K*;                        ? Unchecked;ijcai-2026-base-14-g0df50d7
n-puzzle;unit;7/100;100;4 1 7 3 2 5 6 0 8;0 1 2 3 4 5 6 7 8;7;23;23;1430;0;0;52;0.03548;40304.4;K*;                        ? Unchecked;ijcai-2026-base-14-g0df50d7
n-puzzle;unit;8/100;100;8 4 0 5 1 6 2 7 3;0 1 2 3 4 5 6 7 8;18;30;30;4338;0;0;52;0.067789;63992.7;K*;                        ? Unchecked;ijcai-2026-base-14-g0df50d7
n-puzzle;unit;9/100;100;1 3 0 7 6 2 5 8 4;0 1 2 3 4 5 6 7 8;14;24;24;1214;0;0;52;0.010426;116440;K*;                        ? Unchecked;ijcai-2026-base-14-g0df50d7
n-puzzle;unit;10/100;100;7 0 4 6 8 5 3 1 2;0 1 2 3 4 5 6 7 8;13;29;29;12745;0;0;52;0.376873;33817.8;K*;                        ? Unchecked;ijcai-2026-base-14-g0df50d7
n-puzzle;unit;11/100;100;6 1 7 5 8 2 4 3 0;0 1 2 3 4 5 6 7 8;14;28;28;4660;0;0;52;0.119848;38882.6;K*;                        ? Unchecked;ijcai-2026-base-14-g0df50d7
n-puzzle;unit;12/100;100;7 5 2 1 6 3 8 0 4;0 1 2 3 4 5 6 7 8;15;29;29;8627;0;0;52;0.244887;35228.5;K*;                        ? Unchecked;ijcai-2026-base-14-g0df50d7
n-puzzle;unit;13/100;100;6 2 4 0 8 7 5 3 1;0 1 2 3 4 5 6 7 8;17;27;27;6726;0;0;52;0.276505;24325.1;K*;                        ? Unchecked;ijcai-2026-base-14-g0df50d7
n-puzzle;unit;14/100;100;0 1 6 2 5 7 4 8 3;0 1 2 3 4 5 6 7 8;16;30;30;9233;0;0;52;0.310525;29733.5;K*;                        ? Unchecked;ijcai-2026-base-14-g0df50d7
n-puzzle;unit;15/100;100;4 0 3 6 1 2 8 5 7;0 1 2 3 4 5 6 7 8;13;19;19;167;0;0;52;0.003428;48716.5;K*;                        ? Unchecked;ijcai-2026-base-14-g0df50d7
n-puzzle;unit;16/100;100;1 5 8 7 6 4 0 3 2;0 1 2 3 4 5 6 7 8;14;22;22;849;0;0;52;0.023081;36783.5;K*;                        ? Unchecked;ijcai-2026-base-14-g0df50d7
n-puzzle;unit;17/100;100;2 7 0 8 4 6 3 5 1;0 1 2 3 4 5 6 7 8;16;28;28;3013;0;0;52;0.081251;37082.6;K*;                        ? Unchecked;ijcai-2026-base-14-g0df50d7
n-puzzle;unit;18/100;100;7 4 8 1 5 6 0 2 3;0 1 2 3 4 5 6 7 8;18;28;28;2318;0;0;52;0.070594;32835.7;K*;                        ? Unchecked;ijcai-2026-base-14-g0df50d7
n-puzzle;unit;19/100;100;2 3 0 1 4 7 5 6 8;0 1 2 3 4 5 6 7 8;12;26;26;2437;0;0;52;0.018009;135321;K*;                        ? Unchecked;ijcai-2026-base-14-g0df50d7
n-puzzle;unit;20/100;100;2 1 4 5 0 6 8 3 7;0 1 2 3 4 5 6 7 8;14;28;28;10952;0;0;52;0.393886;27805;K*;                        ? Unchecked;ijcai-2026-base-14-g0df50d7
n-puzzle;unit;21/100;100;8 7 6 2 5 4 1 0 3;0 1 2 3 4 5 6 7 8;21;29;29;1892;0;0;52;0.020974;90206.9;K*;                        ? Unchecked;ijcai-2026-base-14-g0df50d7
n-puzzle;unit;22/100;100;2 7 3 1 6 5 4 0 8;0 1 2 3 4 5 6 7 8;13;23;23;821;0;0;52;0.016661;49276.8;K*;                        ? Unchecked;ijcai-2026-base-14-g0df50d7
n-puzzle;unit;23/100;100;3 0 4 6 2 1 8 5 7;0 1 2 3 4 5 6 7 8;13;21;21;547;0;0;52;0.014243;38404.8;K*;                        ? Unchecked;ijcai-2026-base-14-g0df50d7
n-puzzle;unit;24/100;100;5 3 2 4 8 6 0 1 7;0 1 2 3 4 5 6 7 8;14;26;26;2331;0;0;52;0.01491;156338;K*;                        ? Unchecked;ijcai-2026-base-14-g0df50d7
n-puzzle;unit;25/100;100;1 3 5 2 4 6 8 7 0;0 1 2 3 4 5 6 7 8;12;30;30;12547;0;0;52;0.167412;74946.8;K*;                        ? Unchecked;ijcai-2026-base-14-g0df50d7
n-puzzle;unit;26/100;100;8 5 1 4 2 7 6 0 3;0 1 2 3 4 5 6 7 8;15;25;25;1291;0;0;52;0.007226;178660;K*;                        ? Unchecked;ijcai-2026-base-14-g0df50d7
n-puzzle;unit;27/100;100;2 8 5 6 3 1 4 0 7;0 1 2 3 4 5 6 7 8;13;25;25;2155;0;0;52;0.047863;45024.3;K*;                        ? Unchecked;ijcai-2026-base-14-g0df50d7
n-puzzle;unit;28/100;100;5 0 7 4 2 3 1 6 8;0 1 2 3 4 5 6 7 8;15;23;23;664;0;0;52;0.023195;28626.9;K*;                        ? Unchecked;ijcai-2026-base-14-g0df50d7
n-puzzle;unit;29/100;100;3 2 4 7 6 8 5 1 0;0 1 2 3 4 5 6 7 8;14;22;22;535;0;0;52;0.009206;58114.3;K*;                        ? Unchecked;ijcai-2026-base-14-g0df50d7
n-puzzle;unit;30/100;100;1 3 2 0 8 6 4 7 5;0 1 2 3 4 5 6 7 8;11;23;23;1157;0;0;52;0.009232;125325;K*;                        ? Unchecked;ijcai-2026-base-14-g0df50d7
n-puzzle;unit;31/100;100;8 2 5 3 7 6 4 0 1;0 1 2 3 4 5 6 7 8;15;27;27;3346;0;0;52;0.092139;36314.7;K*;                        ? Unchecked;ijcai-2026-base-14-g0df50d7
n-puzzle;unit;32/100;100;2 4 0 7 5 1 8 6 3;0 1 2 3 4 5 6 7 8;14;26;26;1886;0;0;52;0.037841;49840.1;K*;                        ? Unchecked;ijcai-2026-base-14-g0df50d7
n-puzzle;unit;33/100;100;0 1 5 2 6 8 7 3 4;0 1 2 3 4 5 6 7 8;12;22;22;624;0;0;52;0.005706;109359;K*;                        ? Unchecked;ijcai-2026-base-14-g0df50d7
n-puzzle;unit;34/100;100;7 1 5 2 8 6 3 4 0;0 1 2 3 4 5 6 7 8;14;20;20;185;0;0;52;0.002509;73734.6;K*;                        ? Unchecked;ijcai-2026-base-14-g0df50d7
n-puzzle;unit;35/100;100;6 3 1 2 8 7 0 4 5;0 1 2 3 4 5 6 7 8;14;26;26;2658;0;0;52;0.099716;26655.7;K*;                        ? Unchecked;ijcai-2026-base-14-g0df50d7
n-puzzle;unit;36/100;100;0 3 5 4 8 6 7 2 1;0 1 2 3 4 5 6 7 8;16;26;26;1847;0;0;52;0.075297;24529.5;K*;                        ? Unchecked;ijcai-2026-base-14-g0df50d7
n-puzzle;unit;37/100;100;8 1 4 0 3 2 5 6 7;0 1 2 3 4 5 6 7 8;13;23;23;750;0;0;52;0.007426;100996;K*;                        ? Unchecked;ijcai-2026-base-14-g0df50d7
n-puzzle;unit;38/100;100;7 4 1 6 2 8 3 5 0;0 1 2 3 4 5 6 7 8;12;26;26;3518;0;0;52;0.066645;52787.2;K*;                        ? Unchecked;ijcai-2026-base-14-g0df50d7
n-puzzle;unit;39/100;100;4 6 8 0 5 1 3 2 7;0 1 2 3 4 5 6 7 8;15;27;27;3393;0;0;52;0.077075;44022.1;K*;                        ? Unchecked;ijcai-2026-base-14-g0df50d7
n-puzzle;unit;40/100;100;4 2 8 6 0 1 3 5 7;0 1 2 3 4 5 6 7 8;12;24;24;1868;0;0;52;0.038994;47904.8;K*;                        ? Unchecked;ijcai-2026-base-14-g0df50d7
n-puzzle;unit;41/100;100;3 7 8 4 5 2 6 1 0;0 1 2 3 4 5 6 7 8;10;24;24;1043;0;0;52;0.024172;43149.1;K*;                        ? Unchecked;ijcai-2026-base-14-g0df50d7
n-puzzle;unit;42/100;100;7 5 6 1 0 3 2 8 4;0 1 2 3 4 5 6 7 8;20;26;26;741;0;0;52;0.006837;108381;K*;                        ? Unchecked;ijcai-2026-base-14-g0df50d7
n-puzzle;unit;43/100;100;1 6 4 8 5 3 7 2 0;0 1 2 3 4 5 6 7 8;16;26;26;1832;0;0;52;0.068224;26852.7;K*;                        ? Unchecked;ijcai-2026-base-14-g0df50d7
n-puzzle;unit;44/100;100;2 5 7 1 8 4 3 6 0;0 1 2 3 4 5 6 7 8;14;20;20;207;0;0;52;0.006932;29861.5;K*;                        ? Unchecked;ijcai-2026-base-14-g0df50d7
n-puzzle;unit;45/100;100;3 8 4 0 7 1 5 6 2;0 1 2 3 4 5 6 7 8;15;23;23;628;0;0;52;0.011641;53947.3;K*;                        ? Unchecked;ijcai-2026-base-14-g0df50d7
n-puzzle;unit;46/100;100;3 0 5 4 2 1 7 8 6;0 1 2 3 4 5 6 7 8;11;23;23;1103;0;0;52;0.020955;52636.6;K*;                        ? Unchecked;ijcai-2026-base-14-g0df50d7
n-puzzle;unit;47/100;100;4 5 3 1 7 0 8 2 6;0 1 2 3 4 5 6 7 8;17;25;25;898;0;0;52;0.008175;109847;K*;                        ? Unchecked;ijcai-2026-base-14-g0df50d7
n-puzzle;unit;48/100;100;1 8 4 2 3 5 6 0 7;0 1 2 3 4 5 6 7 8;11;23;23;1135;0;0;52;0.019935;56935;K*;                        ? Unchecked;ijcai-2026-base-14-g0df50d7
n-puzzle;unit;49/100;100;4 8 1 0 6 7 3 2 5;0 1 2 3 4 5 6 7 8;15;27;27;4238;0;0;52;0.028651;147918;K*;                        ? Unchecked;ijcai-2026-base-14-g0df50d7
n-puzzle;unit;50/100;100;8 5 3 4 6 1 7 2 0;0 1 2 3 4 5 6 7 8;18;28;28;3402;0;0;52;0.134983;25203.2;K*;                        ? Unchecked;ijcai-2026-base-14-g0df50d7
n-puzzle;unit;51/100;100;4 3 7 1 5 2 6 0 8;0 1 2 3 4 5 6 7 8;11;21;21;530;0;0;52;0.007553;70170.8;K*;                        ? Unchecked;ijcai-2026-base-14-g0df50d7
n-puzzle;unit;52/100;100;7 4 1 2 3 0 5 8 6;0 1 2 3 4 5 6 7 8;15;29;29;8411;0;0;52;0.159612;52696.5;K*;                        ? Unchecked;ijcai-2026-base-14-g0df50d7
n-puzzle;unit;53/100;100;7 5 6 8 2 1 0 4 3;0 1 2 3 4 5 6 7 8;20;30;30;6387;0;0;52;0.222113;28755.6;K*;                        ? Unchecked;ijcai-2026-base-14-g0df50d7
n-puzzle;unit;54/100;100;2 8 5 0 7 6 1 4 3;0 1 2 3 4 5 6 7 8;17;25;25;988;0;0;52;0.020655;47833.5;K*;                        ? Unchecked;ijcai-2026-base-14-g0df50d7
n-puzzle;unit;55/100;100;3 5 2 4 1 6 8 0 7;0 1 2 3 4 5 6 7 8;11;27;27;5279;0;0;52;0.122084;43240.7;K*;                        ? Unchecked;ijcai-2026-base-14-g0df50d7
n-puzzle;unit;56/100;100;8 6 1 5 4 3 0 2 7;0 1 2 3 4 5 6 7 8;16;28;28;5189;0;0;52;0.199652;25990.2;K*;                        ? Unchecked;ijcai-2026-base-14-g0df50d7
n-puzzle;unit;57/100;100;4 6 5 7 3 2 1 0 8;0 1 2 3 4 5 6 7 8;13;25;25;2189;0;0;52;0.043593;50214.5;K*;                        ? Unchecked;ijcai-2026-base-14-g0df50d7
n-puzzle;unit;58/100;100;3 7 4 2 8 6 5 0 1;0 1 2 3 4 5 6 7 8;19;29;29;5854;0;0;52;0.163539;35795.7;K*;                        ? Unchecked;ijcai-2026-base-14-g0df50d7
n-puzzle;unit;59/100;100;8 7 4 5 6 2 3 0 1;0 1 2 3 4 5 6 7 8;17;29;29;5681;0;0;52;0.037144;152945;K*;                        ? Unchecked;ijcai-2026-base-14-g0df50d7
n-puzzle;unit;60/100;100;6 1 5 3 4 0 8 2 7;0 1 2 3 4 5 6 7 8;9;25;25;2354;0;0;52;0.04602;51151.7;K*;                        ? Unchecked;ijcai-2026-base-14-g0df50d7
n-puzzle;unit;61/100;100;4 5 2 8 0 3 1 6 7;0 1 2 3 4 5 6 7 8;14;24;24;1366;0;0;52;0.045029;30336;K*;                        ? Unchecked;ijcai-2026-base-14-g0df50d7
n-puzzle;unit;62/100;100;8 5 4 6 1 2 7 3 0;0 1 2 3 4 5 6 7 8;14;26;26;1784;0;0;52;0.013685;130362;K*;                        ? Unchecked;ijcai-2026-base-14-g0df50d7
n-puzzle;unit;63/100;100;0 5 8 2 6 7 4 3 1;0 1 2 3 4 5 6 7 8;18;24;24;656;0;0;52;0.006777;96798;K*;                        ? Unchecked;ijcai-2026-base-14-g0df50d7
n-puzzle;unit;64/100;100;5 0 1 8 7 3 4 6 2;0 1 2 3 4 5 6 7 8;15;27;27;2937;0;0;52;0.063511;46244;K*;                        ? Unchecked;ijcai-2026-base-14-g0df50d7
n-puzzle;unit;65/100;100;7 6 1 3 4 8 0 5 2;0 1 2 3 4 5 6 7 8;12;26;26;2496;0;0;52;0.097005;25730.6;K*;                        ? Unchecked;ijcai-2026-base-14-g0df50d7
n-puzzle;unit;66/100;100;8 0 7 3 6 5 1 2 4;0 1 2 3 4 5 6 7 8;17;27;27;3080;0;0;52;0.089149;34548.9;K*;                        ? Unchecked;ijcai-2026-base-14-g0df50d7
n-puzzle;unit;67/100;100;7 2 8 6 5 1 4 0 3;0 1 2 3 4 5 6 7 8;15;27;27;3469;0;0;52;0.078939;43945.3;K*;                        ? Unchecked;ijcai-2026-base-14-g0df50d7
n-puzzle;unit;68/100;100;5 0 3 4 1 8 2 7 6;0 1 2 3 4 5 6 7 8;15;27;27;2484;0;0;52;0.025663;96793;K*;                        ? Unchecked;ijcai-2026-base-14-g0df50d7
n-puzzle;unit;69/100;100;7 8 4 6 3 5 2 1 0;0 1 2 3 4 5 6 7 8;16;28;28;3081;0;0;52;0.02683;114834;K*;                        ? Unchecked;ijcai-2026-base-14-g0df50d7
n-puzzle;unit;70/100;100;7 0 3 2 8 1 5 4 6;0 1 2 3 4 5 6 7 8;19;25;25;614;0;0;52;0.016345;37565;K*;                        ? Unchecked;ijcai-2026-base-14-g0df50d7
n-puzzle;unit;71/100;100;1 0 7 3 4 8 2 5 6;0 1 2 3 4 5 6 7 8;13;25;25;1244;0;0;52;0.008219;151357;K*;                        ? Unchecked;ijcai-2026-base-14-g0df50d7
n-puzzle;unit;72/100;100;8 0 7 4 3 6 5 2 1;0 1 2 3 4 5 6 7 8;21;27;27;690;0;0;52;0.007898;87363.9;K*;                        ? Unchecked;ijcai-2026-base-14-g0df50d7
n-puzzle;unit;73/100;100;3 7 8 5 1 2 0 6 4;0 1 2 3 4 5 6 7 8;12;28;28;5398;0;0;52;0.143841;37527.5;K*;                        ? Unchecked;ijcai-2026-base-14-g0df50d7
n-puzzle;unit;74/100;100;1 6 2 0 7 8 4 5 3;0 1 2 3 4 5 6 7 8;13;21;21;389;0;0;52;0.009255;42031.3;K*;                        ? Unchecked;ijcai-2026-base-14-g0df50d7
n-puzzle;unit;75/100;100;6 1 2 3 0 8 4 5 7;0 1 2 3 4 5 6 7 8;8;22;22;1108;0;0;52;0.031128;35595;K*;                        ? Unchecked;ijcai-2026-base-14-g0df50d7
n-puzzle;unit;76/100;100;1 0 7 5 6 4 3 2 8;0 1 2 3 4 5 6 7 8;13;25;25;1558;0;0;52;0.034748;44837.1;K*;                        ? Unchecked;ijcai-2026-base-14-g0df50d7
n-puzzle;unit;77/100;100;2 7 6 1 4 0 5 3 8;0 1 2 3 4 5 6 7 8;15;27;27;2709;0;0;52;0.103723;26117.6;K*;                        ? Unchecked;ijcai-2026-base-14-g0df50d7
n-puzzle;unit;78/100;100;2 3 8 4 0 6 1 5 7;0 1 2 3 4 5 6 7 8;16;24;24;813;0;0;52;0.008743;92988.7;K*;                        ? Unchecked;ijcai-2026-base-14-g0df50d7
n-puzzle;unit;79/100;100;0 5 4 6 1 7 8 2 3;0 1 2 3 4 5 6 7 8;16;26;26;1483;0;0;52;0.010896;136105;K*;                        ? Unchecked;ijcai-2026-base-14-g0df50d7
n-puzzle;unit;80/100;100;5 3 4 7 0 1 8 6 2;0 1 2 3 4 5 6 7 8;16;24;24;1117;0;0;52;0.034103;32753.7;K*;                        ? Unchecked;ijcai-2026-base-14-g0df50d7
n-puzzle;unit;81/100;100;1 7 5 6 8 3 4 2 0;0 1 2 3 4 5 6 7 8;14;26;26;2711;0;0;52;0.060464;44836.6;K*;                        ? Unchecked;ijcai-2026-base-14-g0df50d7
n-puzzle;unit;82/100;100;3 1 4 0 5 8 2 7 6;0 1 2 3 4 5 6 7 8;11;23;23;777;0;0;52;0.010301;75429.6;K*;                        ? Unchecked;ijcai-2026-base-14-g0df50d7
n-puzzle;unit;83/100;100;4 2 3 0 5 1 8 6 7;0 1 2 3 4 5 6 7 8;13;23;23;662;0;0;52;0.01439;46004.2;K*;                        ? Unchecked;ijcai-2026-base-14-g0df50d7
n-puzzle;unit;84/100;100;4 7 3 1 6 5 8 0 2;0 1 2 3 4 5 6 7 8;15;27;27;3169;0;0;52;0.03101;102193;K*;                        ? Unchecked;ijcai-2026-base-14-g0df50d7
n-puzzle;unit;85/100;100;3 6 0 1 5 8 4 2 7;0 1 2 3 4 5 6 7 8;14;26;26;1980;0;0;52;0.039428;50218.1;K*;                        ? Unchecked;ijcai-2026-base-14-g0df50d7
n-puzzle;unit;86/100;100;8 6 2 7 5 1 3 0 4;0 1 2 3 4 5 6 7 8;15;29;29;8498;0;0;52;0.081098;104787;K*;                        ? Unchecked;ijcai-2026-base-14-g0df50d7
n-puzzle;unit;87/100;100;3 2 5 7 6 0 8 1 4;0 1 2 3 4 5 6 7 8;13;21;21;421;0;0;52;0.011294;37276.4;K*;                        ? Unchecked;ijcai-2026-base-14-g0df50d7
n-puzzle;unit;88/100;100;1 3 2 4 0 5 8 7 6;0 1 2 3 4 5 6 7 8;8;24;24;2031;0;0;52;0.012121;167560;K*;                        ? Unchecked;ijcai-2026-base-14-g0df50d7
n-puzzle;unit;89/100;100;0 8 4 3 2 1 6 5 7;0 1 2 3 4 5 6 7 8;12;22;22;544;0;0;52;0.011785;46160.4;K*;                        ? Unchecked;ijcai-2026-base-14-g0df50d7
n-puzzle;unit;90/100;100;0 6 1 5 7 8 4 2 3;0 1 2 3 4 5 6 7 8;16;26;26;1694;0;0;52;0.064406;26301.9;K*;                        ? Unchecked;ijcai-2026-base-14-g0df50d7
n-puzzle;unit;91/100;100;2 1 6 4 5 8 3 0 7;0 1 2 3 4 5 6 7 8;11;25;25;1852;0;0;52;0.010883;170174;K*;                        ? Unchecked;ijcai-2026-base-14-g0df50d7
n-puzzle;unit;92/100;100;3 7 4 6 1 5 8 0 2;0 1 2 3 4 5 6 7 8;11;23;23;973;0;0;52;0.008997;108147;K*;                        ? Unchecked;ijcai-2026-base-14-g0df50d7
n-puzzle;unit;93/100;100;7 6 1 3 5 8 2 4 0;0 1 2 3 4 5 6 7 8;14;26;26;2126;0;0;52;0.080857;26293.3;K*;                        ? Unchecked;ijcai-2026-base-14-g0df50d7
n-puzzle;unit;94/100;100;4 7 8 1 0 3 6 2 5;0 1 2 3 4 5 6 7 8;14;24;24;1239;0;0;52;0.014766;83909;K*;                        ? Unchecked;ijcai-2026-base-14-g0df50d7
n-puzzle;unit;95/100;100;0 5 8 2 7 4 1 6 3;0 1 2 3 4 5 6 7 8;16;24;24;530;0;0;52;0.019054;27815.7;K*;                        ? Unchecked;ijcai-2026-base-14-g0df50d7
n-puzzle;unit;96/100;100;5 2 3 8 7 0 1 6 4;0 1 2 3 4 5 6 7 8;17;27;27;2597;0;0;52;0.080018;32455.2;K*;                        ? Unchecked;ijcai-2026-base-14-g0df50d7
n-puzzle;unit;97/100;100;8 3 0 4 7 2 6 1 5;0 1 2 3 4 5 6 7 8;12;22;22;380;0;0;52;0.008975;42339.8;K*;                        ? Unchecked;ijcai-2026-base-14-g0df50d7
n-puzzle;unit;98/100;100;5 8 6 0 7 4 1 3 2;0 1 2 3 4 5 6 7 8;19;27;27;3770;0;0;52;0.163277;23089.6;K*;                        ? Unchecked;ijcai-2026-base-14-g0df50d7
n-puzzle;unit;99/100;100;7 5 0 6 3 2 1 8 4;0 1 2 3 4 5 6 7 8;14;28;28;5845;0;0;52;0.044397;131653;K*;                        ? Unchecked;ijcai-2026-base-14-g0df50d7
n-puzzle;unit;0/200;200;5 6 0 8 4 7 1 3 2;0 1 2 3 4 5 6 7 8;18;28;28;1824;0;0;52;0.042768;42648.7;K*;                        ? Unchecked;ijcai-2026-base-14-g0df50d7
n-puzzle;unit;1/200;200;0 8 6 4 7 1 5 3 2;0 1 2 3 4 5 6 7 8;18;28;28;2568;0;0;52;0.065224;39372;K*;                        ? Unchecked;ijcai-2026-base-14-g0df50d7
n-puzzle;unit;2/200;200;5 2 8 0 7 4 1 3 6;0 1 2 3 4 5 6 7 8;15;25;25;1578;0;0;52;0.030523;51698.7;K*;                        ? Unchecked;ijcai-2026-base-14-g0df50d7
n-puzzle;unit;3/200;200;7 2 6 0 8 1 5 4 3;0 1 2 3 4 5 6 7 8;19;29;29;4721;0;0;52;0.160193;29470.7;K*;                        ? Unchecked;ijcai-2026-base-14-g0df50d7
n-puzzle;unit;4/200;200;5 1 8 6 0 7 2 4 3;0 1 2 3 4 5 6 7 8;16;26;26;1868;0;0;52;0.018882;98930.2;K*;                        ? Unchecked;ijcai-2026-base-14-g0df50d7
n-puzzle;unit;5/200;200;8 0 3 6 4 5 7 2 1;0 1 2 3 4 5 6 7 8;15;27;27;2993;0;0;52;0.074134;40372.8;K*;                        ? Unchecked;ijcai-2026-base-14-g0df50d7
n-puzzle;unit;6/200;200;4 2 7 1 5 8 0 6 3;0 1 2 3 4 5 6 7 8;14;22;22;433;0;0;52;0.018916;22890.7;K*;                        ? Unchecked;ijcai-2026-base-14-g0df50d7
n-puzzle;unit;7/200;200;4 1 7 3 2 5 6 0 8;0 1 2 3 4 5 6 7 8;7;23;23;1430;0;0;52;0.037202;38438.8;K*;                        ? Unchecked;ijcai-2026-base-14-g0df50d7
n-puzzle;unit;8/200;200;8 4 0 5 1 6 2 7 3;0 1 2 3 4 5 6 7 8;18;30;30;4338;0;0;52;0.070634;61415.2;K*;                        ? Unchecked;ijcai-2026-base-14-g0df50d7
n-puzzle;unit;9/200;200;1 3 0 7 6 2 5 8 4;0 1 2 3 4 5 6 7 8;14;26;26;2754;0;0;52;0.161293;17074.5;K*;                        ? Unchecked;ijcai-2026-base-14-g0df50d7
n-puzzle;unit;10/200;200;7 0 4 6 8 5 3 1 2;0 1 2 3 4 5 6 7 8;13;31;31;17828;0;0;67;0.888437;20066.7;K*;                        ? Unchecked;ijcai-2026-base-14-g0df50d7
n-puzzle;unit;11/200;200;6 1 7 5 8 2 4 3 0;0 1 2 3 4 5 6 7 8;14;28;28;4660;0;0;67;0.121842;38246.3;K*;                        ? Unchecked;ijcai-2026-base-14-g0df50d7
n-puzzle;unit;12/200;200;7 5 2 1 6 3 8 0 4;0 1 2 3 4 5 6 7 8;15;29;29;8627;0;0;67;0.246265;35031.4;K*;                        ? Unchecked;ijcai-2026-base-14-g0df50d7
n-puzzle;unit;13/200;200;6 2 4 0 8 7 5 3 1;0 1 2 3 4 5 6 7 8;17;29;29;7938;0;0;67;0.35847;22144.1;K*;                        ? Unchecked;ijcai-2026-base-14-g0df50d7
n-puzzle;unit;14/200;200;0 1 6 2 5 7 4 8 3;0 1 2 3 4 5 6 7 8;16;30;30;9233;0;0;67;0.312754;29521.6;K*;                        ? Unchecked;ijcai-2026-base-14-g0df50d7
n-puzzle;unit;15/200;200;4 0 3 6 1 2 8 5 7;0 1 2 3 4 5 6 7 8;13;19;19;167;0;0;67;0.004348;38408.5;K*;                        ? Unchecked;ijcai-2026-base-14-g0df50d7
n-puzzle;unit;16/200;200;1 5 8 7 6 4 0 3 2;0 1 2 3 4 5 6 7 8;14;24;24;1225;0;0;67;0.054174;22612.3;K*;                        ? Unchecked;ijcai-2026-base-14-g0df50d7
n-puzzle;unit;17/200;200;2 7 0 8 4 6 3 5 1;0 1 2 3 4 5 6 7 8;16;28;28;3013;0;0;67;0.084223;35774.1;K*;                        ? Unchecked;ijcai-2026-base-14-g0df50d7
n-puzzle;unit;18/200;200;7 4 8 1 5 6 0 2 3;0 1 2 3 4 5 6 7 8;18;28;28;2318;0;0;67;0.073194;31669.3;K*;                        ? Unchecked;ijcai-2026-base-14-g0df50d7
n-puzzle;unit;19/200;200;2 3 0 1 4 7 5 6 8;0 1 2 3 4 5 6 7 8;12;28;28;5526;0;0;67;0.321625;17181.5;K*;                        ? Unchecked;ijcai-2026-base-14-g0df50d7
n-puzzle;unit;20/200;200;2 1 4 5 0 6 8 3 7;0 1 2 3 4 5 6 7 8;14;30;30;13661;0;0;67;0.688339;19846.3;K*;                        ? Unchecked;ijcai-2026-base-14-g0df50d7
n-puzzle;unit;21/200;200;8 7 6 2 5 4 1 0 3;0 1 2 3 4 5 6 7 8;21;29;29;1892;0;0;67;0.022508;84059;K*;                        ? Unchecked;ijcai-2026-base-14-g0df50d7
n-puzzle;unit;22/200;200;2 7 3 1 6 5 4 0 8;0 1 2 3 4 5 6 7 8;13;23;23;821;0;0;67;0.017982;45656.8;K*;                        ? Unchecked;ijcai-2026-base-14-g0df50d7
n-puzzle;unit;23/200;200;3 0 4 6 2 1 8 5 7;0 1 2 3 4 5 6 7 8;13;21;21;547;0;0;67;0.015278;35803.1;K*;                        ? Unchecked;ijcai-2026-base-14-g0df50d7
n-puzzle;unit;24/200;200;5 3 2 4 8 6 0 1 7;0 1 2 3 4 5 6 7 8;14;26;26;2331;0;0;67;0.016051;145225;K*;                        ? Unchecked;ijcai-2026-base-14-g0df50d7
n-puzzle;unit;25/200;200;1 3 5 2 4 6 8 7 0;0 1 2 3 4 5 6 7 8;12;30;30;12547;0;0;67;0.169917;73841.9;K*;                        ? Unchecked;ijcai-2026-base-14-g0df50d7
n-puzzle;unit;26/200;200;8 5 1 4 2 7 6 0 3;0 1 2 3 4 5 6 7 8;15;27;27;3376;0;0;67;0.196377;17191.4;K*;                        ? Unchecked;ijcai-2026-base-14-g0df50d7
n-puzzle;unit;27/200;200;2 8 5 6 3 1 4 0 7;0 1 2 3 4 5 6 7 8;13;25;25;2155;0;0;67;0.051782;41616.8;K*;                        ? Unchecked;ijcai-2026-base-14-g0df50d7
n-puzzle;unit;28/200;200;5 0 7 4 2 3 1 6 8;0 1 2 3 4 5 6 7 8;15;23;23;664;0;0;67;0.024643;26944.8;K*;                        ? Unchecked;ijcai-2026-base-14-g0df50d7
n-puzzle;unit;29/200;200;3 2 4 7 6 8 5 1 0;0 1 2 3 4 5 6 7 8;14;22;22;535;0;0;67;0.010221;52343.2;K*;                        ? Unchecked;ijcai-2026-base-14-g0df50d7
n-puzzle;unit;30/200;200;1 3 2 0 8 6 4 7 5;0 1 2 3 4 5 6 7 8;11;25;25;2601;0;0;67;0.144169;18041.3;K*;                        ? Unchecked;ijcai-2026-base-14-g0df50d7
n-puzzle;unit;31/200;200;8 2 5 3 7 6 4 0 1;0 1 2 3 4 5 6 7 8;15;27;27;3346;0;0;67;0.100255;33374.9;K*;                        ? Unchecked;ijcai-2026-base-14-g0df50d7
n-puzzle;unit;32/200;200;2 4 0 7 5 1 8 6 3;0 1 2 3 4 5 6 7 8;14;26;26;1886;0;0;67;0.049697;37950;K*;                        ? Unchecked;ijcai-2026-base-14-g0df50d7
n-puzzle;unit;33/200;200;0 1 5 2 6 8 7 3 4;0 1 2 3 4 5 6 7 8;12;24;24;1475;0;0;67;0.077413;19053.6;K*;                        ? Unchecked;ijcai-2026-base-14-g0df50d7
n-puzzle;unit;34/200;200;7 1 5 2 8 6 3 4 0;0 1 2 3 4 5 6 7 8;14;22;22;461;0;0;67;0.034372;13412.1;K*;                        ? Unchecked;ijcai-2026-base-14-g0df50d7
n-puzzle;unit;35/200;200;6 3 1 2 8 7 0 4 5;0 1 2 3 4 5 6 7 8;14;26;26;2658;0;0;67;0.104147;25521.6;K*;                        ? Unchecked;ijcai-2026-base-14-g0df50d7
n-puzzle;unit;36/200;200;0 3 5 4 8 6 7 2 1;0 1 2 3 4 5 6 7 8;16;26;26;1847;0;0;67;0.076564;24123.6;K*;                        ? Unchecked;ijcai-2026-base-14-g0df50d7
n-puzzle;unit;37/200;200;8 1 4 0 3 2 5 6 7;0 1 2 3 4 5 6 7 8;13;25;25;1875;0;0;67;0.110186;17016.7;K*;                        ? Unchecked;ijcai-2026-base-14-g0df50d7
n-puzzle;unit;38/200;200;7 4 1 6 2 8 3 5 0;0 1 2 3 4 5 6 7 8;12;26;26;3518;0;0;67;0.069474;50637.6;K*;                        ? Unchecked;ijcai-2026-base-14-g0df50d7
n-puzzle;unit;39/200;200;4 6 8 0 5 1 3 2 7;0 1 2 3 4 5 6 7 8;15;27;27;3393;0;0;67;0.077683;43677.5;K*;                        ? Unchecked;ijcai-2026-base-14-g0df50d7
n-puzzle;unit;40/200;200;4 2 8 6 0 1 3 5 7;0 1 2 3 4 5 6 7 8;12;24;24;1868;0;0;67;0.03914;47726.1;K*;                        ? Unchecked;ijcai-2026-base-14-g0df50d7
n-puzzle;unit;41/200;200;3 7 8 4 5 2 6 1 0;0 1 2 3 4 5 6 7 8;10;24;24;1043;0;0;67;0.024711;42207.9;K*;                        ? Unchecked;ijcai-2026-base-14-g0df50d7
n-puzzle;unit;42/200;200;7 5 6 1 0 3 2 8 4;0 1 2 3 4 5 6 7 8;20;28;28;2449;0;0;67;0.218933;11186.1;K*;                        ? Unchecked;ijcai-2026-base-14-g0df50d7
n-puzzle;unit;43/200;200;1 6 4 8 5 3 7 2 0;0 1 2 3 4 5 6 7 8;16;26;26;1832;0;0;67;0.070742;25896.9;K*;                        ? Unchecked;ijcai-2026-base-14-g0df50d7
n-puzzle;unit;44/200;200;2 5 7 1 8 4 3 6 0;0 1 2 3 4 5 6 7 8;14;20;20;207;0;0;67;0.007811;26501.1;K*;                        ? Unchecked;ijcai-2026-base-14-g0df50d7
n-puzzle;unit;45/200;200;3 8 4 0 7 1 5 6 2;0 1 2 3 4 5 6 7 8;15;23;23;628;0;0;67;0.012575;49940.4;K*;                        ? Unchecked;ijcai-2026-base-14-g0df50d7
n-puzzle;unit;46/200;200;3 0 5 4 2 1 7 8 6;0 1 2 3 4 5 6 7 8;11;23;23;1103;0;0;67;0.021596;51074.3;K*;                        ? Unchecked;ijcai-2026-base-14-g0df50d7
n-puzzle;unit;47/200;200;4 5 3 1 7 0 8 2 6;0 1 2 3 4 5 6 7 8;17;25;25;2018;0;0;67;0.135432;14900.5;K*;                        ? Unchecked;ijcai-2026-base-14-g0df50d7
n-puzzle;unit;48/200;200;1 8 4 2 3 5 6 0 7;0 1 2 3 4 5 6 7 8;11;23;23;1135;0;0;67;0.021564;52634;K*;                        ? Unchecked;ijcai-2026-base-14-g0df50d7
n-puzzle;unit;49/200;200;4 8 1 0 6 7 3 2 5;0 1 2 3 4 5 6 7 8;15;29;29;9678;0;0;67;0.580648;16667.6;K*;                        ? Unchecked;ijcai-2026-base-14-g0df50d7
n-puzzle;unit;50/200;200;8 5 3 4 6 1 7 2 0;0 1 2 3 4 5 6 7 8;18;28;28;3402;0;0;67;0.135711;25068;K*;                        ? Unchecked;ijcai-2026-base-14-g0df50d7
n-puzzle;unit;51/200;200;4 3 7 1 5 2 6 0 8;0 1 2 3 4 5 6 7 8;11;23;23;1178;0;0;67;0.053612;21972.7;K*;                        ? Unchecked;ijcai-2026-base-14-g0df50d7
n-puzzle;unit;52/200;200;7 4 1 2 3 0 5 8 6;0 1 2 3 4 5 6 7 8;15;31;31;16016;0;0;67;0.86617;18490.6;K*;                        ? Unchecked;ijcai-2026-base-14-g0df50d7
n-puzzle;unit;53/200;200;7 5 6 8 2 1 0 4 3;0 1 2 3 4 5 6 7 8;20;30;30;6387;0;0;67;0.224239;28483;K*;                        ? Unchecked;ijcai-2026-base-14-g0df50d7
n-puzzle;unit;54/200;200;2 8 5 0 7 6 1 4 3;0 1 2 3 4 5 6 7 8;17;25;25;988;0;0;67;0.021241;46513.8;K*;                        ? Unchecked;ijcai-2026-base-14-g0df50d7
n-puzzle;unit;55/200;200;3 5 2 4 1 6 8 0 7;0 1 2 3 4 5 6 7 8;11;27;27;5279;0;0;67;0.123184;42854.6;K*;                        ? Unchecked;ijcai-2026-base-14-g0df50d7
n-puzzle;unit;56/200;200;8 6 1 5 4 3 0 2 7;0 1 2 3 4 5 6 7 8;16;30;30;7251;0;0;67;0.403075;17989.2;K*;                        ? Unchecked;ijcai-2026-base-14-g0df50d7
n-puzzle;unit;57/200;200;4 6 5 7 3 2 1 0 8;0 1 2 3 4 5 6 7 8;13;25;25;2189;0;0;67;0.043008;50897.5;K*;                        ? Unchecked;ijcai-2026-base-14-g0df50d7
n-puzzle;unit;58/200;200;3 7 4 2 8 6 5 0 1;0 1 2 3 4 5 6 7 8;19;29;29;5854;0;0;67;0.164506;35585.3;K*;                        ? Unchecked;ijcai-2026-base-14-g0df50d7
n-puzzle;unit;59/200;200;8 7 4 5 6 2 3 0 1;0 1 2 3 4 5 6 7 8;17;31;31;14430;0;0;67;0.896058;16103.9;K*;                        ? Unchecked;ijcai-2026-base-14-g0df50d7
n-puzzle;unit;60/200;200;6 1 5 3 4 0 8 2 7;0 1 2 3 4 5 6 7 8;9;25;25;2354;0;0;67;0.047355;49709.6;K*;                        ? Unchecked;ijcai-2026-base-14-g0df50d7
n-puzzle;unit;61/200;200;4 5 2 8 0 3 1 6 7;0 1 2 3 4 5 6 7 8;14;24;24;1366;0;0;67;0.045755;29854.7;K*;                        ? Unchecked;ijcai-2026-base-14-g0df50d7
n-puzzle;unit;62/200;200;8 5 4 6 1 2 7 3 0;0 1 2 3 4 5 6 7 8;14;28;28;4657;0;0;67;0.330904;14073.6;K*;                        ? Unchecked;ijcai-2026-base-14-g0df50d7
n-puzzle;unit;63/200;200;0 5 8 2 6 7 4 3 1;0 1 2 3 4 5 6 7 8;18;26;26;1664;0;0;67;0.110656;15037.6;K*;                        ? Unchecked;ijcai-2026-base-14-g0df50d7
n-puzzle;unit;64/200;200;5 0 1 8 7 3 4 6 2;0 1 2 3 4 5 6 7 8;15;27;27;2937;0;0;67;0.066307;44294;K*;                        ? Unchecked;ijcai-2026-base-14-g0df50d7
n-puzzle;unit;65/200;200;7 6 1 3 4 8 0 5 2;0 1 2 3 4 5 6 7 8;12;26;26;2496;0;0;67;0.094561;26395.7;K*;                        ? Unchecked;ijcai-2026-base-14-g0df50d7
n-puzzle;unit;66/200;200;8 0 7 3 6 5 1 2 4;0 1 2 3 4 5 6 7 8;17;29;29;5349;0;0;67;0.282903;18907.5;K*;                        ? Unchecked;ijcai-2026-base-14-g0df50d7
n-puzzle;unit;67/200;200;7 2 8 6 5 1 4 0 3;0 1 2 3 4 5 6 7 8;15;27;27;3469;0;0;67;0.079658;43548.7;K*;                        ? Unchecked;ijcai-2026-base-14-g0df50d7
n-puzzle;unit;68/200;200;5 0 3 4 1 8 2 7 6;0 1 2 3 4 5 6 7 8;15;27;27;2484;0;0;67;0.026821;92614;K*;                        ? Unchecked;ijcai-2026-base-14-g0df50d7
n-puzzle;unit;69/200;200;7 8 4 6 3 5 2 1 0;0 1 2 3 4 5 6 7 8;16;30;30;8074;0;0;67;0.542569;14881.1;K*;                        ? Unchecked;ijcai-2026-base-14-g0df50d7
n-puzzle;unit;70/200;200;7 0 3 2 8 1 5 4 6;0 1 2 3 4 5 6 7 8;19;25;25;614;0;0;67;0.014808;41464.1;K*;                        ? Unchecked;ijcai-2026-base-14-g0df50d7
n-puzzle;unit;71/200;200;1 0 7 3 4 8 2 5 6;0 1 2 3 4 5 6 7 8;13;25;25;1484;0;0;67;0.049988;29687.1;K*;                        ? Unchecked;ijcai-2026-base-14-g0df50d7
n-puzzle;unit;72/200;200;8 0 7 4 3 6 5 2 1;0 1 2 3 4 5 6 7 8;21;29;29;2824;0;0;67;0.234796;12027.5;K*;                        ? Unchecked;ijcai-2026-base-14-g0df50d7
n-puzzle;unit;73/200;200;3 7 8 5 1 2 0 6 4;0 1 2 3 4 5 6 7 8;12;28;28;5398;0;0;67;0.147538;36587.2;K*;                        ? Unchecked;ijcai-2026-base-14-g0df50d7
n-puzzle;unit;74/200;200;1 6 2 0 7 8 4 5 3;0 1 2 3 4 5 6 7 8;13;21;21;389;0;0;67;0.010268;37884.7;K*;                        ? Unchecked;ijcai-2026-base-14-g0df50d7
n-puzzle;unit;75/200;200;6 1 2 3 0 8 4 5 7;0 1 2 3 4 5 6 7 8;8;22;22;1108;0;0;67;0.031875;34760.8;K*;                        ? Unchecked;ijcai-2026-base-14-g0df50d7
n-puzzle;unit;76/200;200;1 0 7 5 6 4 3 2 8;0 1 2 3 4 5 6 7 8;13;25;25;1558;0;0;67;0.035343;44082.3;K*;                        ? Unchecked;ijcai-2026-base-14-g0df50d7
n-puzzle;unit;77/200;200;2 7 6 1 4 0 5 3 8;0 1 2 3 4 5 6 7 8;15;27;27;2709;0;0;67;0.10505;25787.7;K*;                        ? Unchecked;ijcai-2026-base-14-g0df50d7
n-puzzle;unit;78/200;200;2 3 8 4 0 6 1 5 7;0 1 2 3 4 5 6 7 8;16;26;26;2267;0;0;67;0.120366;18834.2;K*;                        ? Unchecked;ijcai-2026-base-14-g0df50d7
n-puzzle;unit;79/200;200;0 5 4 6 1 7 8 2 3;0 1 2 3 4 5 6 7 8;16;28;28;4061;0;0;67;0.348661;11647.4;K*;                        ? Unchecked;ijcai-2026-base-14-g0df50d7
n-puzzle;unit;80/200;200;5 3 4 7 0 1 8 6 2;0 1 2 3 4 5 6 7 8;16;24;24;1117;0;0;67;0.037467;29812.9;K*;                        ? Unchecked;ijcai-2026-base-14-g0df50d7
n-puzzle;unit;81/200;200;1 7 5 6 8 3 4 2 0;0 1 2 3 4 5 6 7 8;14;26;26;2711;0;0;67;0.06085;44552.2;K*;                        ? Unchecked;ijcai-2026-base-14-g0df50d7
n-puzzle;unit;82/200;200;3 1 4 0 5 8 2 7 6;0 1 2 3 4 5 6 7 8;11;23;23;777;0;0;67;0.011322;68627.5;K*;                        ? Unchecked;ijcai-2026-base-14-g0df50d7
n-puzzle;unit;83/200;200;4 2 3 0 5 1 8 6 7;0 1 2 3 4 5 6 7 8;13;23;23;662;0;0;67;0.015;44133.3;K*;                        ? Unchecked;ijcai-2026-base-14-g0df50d7
n-puzzle;unit;84/200;200;4 7 3 1 6 5 8 0 2;0 1 2 3 4 5 6 7 8;15;27;27;3169;0;0;67;0.032059;98849;K*;                        ? Unchecked;ijcai-2026-base-14-g0df50d7
n-puzzle;unit;85/200;200;3 6 0 1 5 8 4 2 7;0 1 2 3 4 5 6 7 8;14;26;26;1980;0;0;67;0.040258;49182.8;K*;                        ? Unchecked;ijcai-2026-base-14-g0df50d7
n-puzzle;unit;86/200;200;8 6 2 7 5 1 3 0 4;0 1 2 3 4 5 6 7 8;15;29;29;8498;0;0;67;0.083009;102374;K*;                        ? Unchecked;ijcai-2026-base-14-g0df50d7
n-puzzle;unit;87/200;200;3 2 5 7 6 0 8 1 4;0 1 2 3 4 5 6 7 8;13;21;21;421;0;0;67;0.011879;35440.7;K*;                        ? Unchecked;ijcai-2026-base-14-g0df50d7
n-puzzle;unit;88/200;200;1 3 2 4 0 5 8 7 6;0 1 2 3 4 5 6 7 8;8;26;26;4408;0;0;67;0.215484;20456.3;K*;                        ? Unchecked;ijcai-2026-base-14-g0df50d7
n-puzzle;unit;89/200;200;0 8 4 3 2 1 6 5 7;0 1 2 3 4 5 6 7 8;12;22;22;544;0;0;67;0.012599;43178;K*;                        ? Unchecked;ijcai-2026-base-14-g0df50d7
n-puzzle;unit;90/200;200;0 6 1 5 7 8 4 2 3;0 1 2 3 4 5 6 7 8;16;26;26;1694;0;0;67;0.065275;25951.7;K*;                        ? Unchecked;ijcai-2026-base-14-g0df50d7
n-puzzle;unit;91/200;200;2 1 6 4 5 8 3 0 7;0 1 2 3 4 5 6 7 8;11;27;27;4448;0;0;67;0.28136;15808.9;K*;                        ? Unchecked;ijcai-2026-base-14-g0df50d7
n-puzzle;unit;92/200;200;3 7 4 6 1 5 8 0 2;0 1 2 3 4 5 6 7 8;11;25;25;2275;0;0;67;0.100535;22628.9;K*;                        ? Unchecked;ijcai-2026-base-14-g0df50d7
n-puzzle;unit;93/200;200;7 6 1 3 5 8 2 4 0;0 1 2 3 4 5 6 7 8;14;26;26;2126;0;0;67;0.083555;25444.3;K*;                        ? Unchecked;ijcai-2026-base-14-g0df50d7
n-puzzle;unit;94/200;200;4 7 8 1 0 3 6 2 5;0 1 2 3 4 5 6 7 8;14;24;24;1239;0;0;67;0.015503;79920;K*;                        ? Unchecked;ijcai-2026-base-14-g0df50d7
n-puzzle;unit;95/200;200;0 5 8 2 7 4 1 6 3;0 1 2 3 4 5 6 7 8;16;24;24;530;0;0;67;0.019636;26991.2;K*;                        ? Unchecked;ijcai-2026-base-14-g0df50d7
n-puzzle;unit;96/200;200;5 2 3 8 7 0 1 6 4;0 1 2 3 4 5 6 7 8;17;27;27;2597;0;0;67;0.08171;31783.1;K*;                        ? Unchecked;ijcai-2026-base-14-g0df50d7
n-puzzle;unit;97/200;200;8 3 0 4 7 2 6 1 5;0 1 2 3 4 5 6 7 8;12;22;22;380;0;0;67;0.009957;38164.1;K*;                        ? Unchecked;ijcai-2026-base-14-g0df50d7
n-puzzle;unit;98/200;200;5 8 6 0 7 4 1 3 2;0 1 2 3 4 5 6 7 8;19;29;29;4633;0;0;67;0.240874;19234.1;K*;                        ? Unchecked;ijcai-2026-base-14-g0df50d7
n-puzzle;unit;99/200;200;7 5 0 6 3 2 1 8 4;0 1 2 3 4 5 6 7 8;14;28;28;5845;0;0;67;0.043398;134684;K*;                        ? Unchecked;ijcai-2026-base-14-g0df50d7
n-puzzle;unit;0/300;300;5 6 0 8 4 7 1 3 2;0 1 2 3 4 5 6 7 8;18;28;28;1824;0;0;67;0.043668;41769.7;K*;                        ? Unchecked;ijcai-2026-base-14-g0df50d7
n-puzzle;unit;1/300;300;0 8 6 4 7 1 5 3 2;0 1 2 3 4 5 6 7 8;18;28;28;2568;0;0;67;0.065046;39479.8;K*;                        ? Unchecked;ijcai-2026-base-14-g0df50d7
n-puzzle;unit;2/300;300;5 2 8 0 7 4 1 3 6;0 1 2 3 4 5 6 7 8;15;25;25;1578;0;0;67;0.028914;54575.6;K*;                        ? Unchecked;ijcai-2026-base-14-g0df50d7
n-puzzle;unit;3/300;300;7 2 6 0 8 1 5 4 3;0 1 2 3 4 5 6 7 8;19;29;29;4721;0;0;67;0.160494;29415.4;K*;                        ? Unchecked;ijcai-2026-base-14-g0df50d7
n-puzzle;unit;4/300;300;5 1 8 6 0 7 2 4 3;0 1 2 3 4 5 6 7 8;16;26;26;1868;0;0;67;0.018215;102553;K*;                        ? Unchecked;ijcai-2026-base-14-g0df50d7
n-puzzle;unit;5/300;300;8 0 3 6 4 5 7 2 1;0 1 2 3 4 5 6 7 8;15;27;27;2993;0;0;67;0.072852;41083.3;K*;                        ? Unchecked;ijcai-2026-base-14-g0df50d7
n-puzzle;unit;6/300;300;4 2 7 1 5 8 0 6 3;0 1 2 3 4 5 6 7 8;14;22;22;433;0;0;67;0.016601;26082.8;K*;                        ? Unchecked;ijcai-2026-base-14-g0df50d7
n-puzzle;unit;7/300;300;4 1 7 3 2 5 6 0 8;0 1 2 3 4 5 6 7 8;7;23;23;1430;0;0;67;0.03759;38042;K*;                        ? Unchecked;ijcai-2026-base-14-g0df50d7
n-puzzle;unit;8/300;300;8 4 0 5 1 6 2 7 3;0 1 2 3 4 5 6 7 8;18;30;30;4338;0;0;67;0.070483;61546.8;K*;                        ? Unchecked;ijcai-2026-base-14-g0df50d7
n-puzzle;unit;9/300;300;1 3 0 7 6 2 5 8 4;0 1 2 3 4 5 6 7 8;14;26;26;2754;0;0;67;0.160649;17143;K*;                        ? Unchecked;ijcai-2026-base-14-g0df50d7
n-puzzle;unit;10/300;300;7 0 4 6 8 5 3 1 2;0 1 2 3 4 5 6 7 8;13;31;31;17828;0;0;69;0.908009;19634.2;K*;                        ? Unchecked;ijcai-2026-base-14-g0df50d7
n-puzzle;unit;11/300;300;6 1 7 5 8 2 4 3 0;0 1 2 3 4 5 6 7 8;14;28;28;4660;0;0;69;0.124438;37448.4;K*;                        ? Unchecked;ijcai-2026-base-14-g0df50d7
n-puzzle;unit;12/300;300;7 5 2 1 6 3 8 0 4;0 1 2 3 4 5 6 7 8;15;29;29;8627;0;0;69;0.246488;34999.7;K*;                        ? Unchecked;ijcai-2026-base-14-g0df50d7
n-puzzle;unit;13/300;300;6 2 4 0 8 7 5 3 1;0 1 2 3 4 5 6 7 8;17;29;29;7938;0;0;69;0.363817;21818.7;K*;                        ? Unchecked;ijcai-2026-base-14-g0df50d7
n-puzzle;unit;14/300;300;0 1 6 2 5 7 4 8 3;0 1 2 3 4 5 6 7 8;16;30;30;9233;0;0;69;0.312298;29564.7;K*;                        ? Unchecked;ijcai-2026-base-14-g0df50d7
n-puzzle;unit;15/300;300;4 0 3 6 1 2 8 5 7;0 1 2 3 4 5 6 7 8;13;19;19;167;0;0;69;0.005316;31414.6;K*;                        ? Unchecked;ijcai-2026-base-14-g0df50d7
n-puzzle;unit;16/300;300;1 5 8 7 6 4 0 3 2;0 1 2 3 4 5 6 7 8;14;24;24;1225;0;0;69;0.055461;22087.6;K*;                        ? Unchecked;ijcai-2026-base-14-g0df50d7
n-puzzle;unit;17/300;300;2 7 0 8 4 6 3 5 1;0 1 2 3 4 5 6 7 8;16;28;28;3013;0;0;69;0.084487;35662.3;K*;                        ? Unchecked;ijcai-2026-base-14-g0df50d7
n-puzzle;unit;18/300;300;7 4 8 1 5 6 0 2 3;0 1 2 3 4 5 6 7 8;18;28;28;2318;0;0;69;0.07176;32302.1;K*;                        ? Unchecked;ijcai-2026-base-14-g0df50d7
n-puzzle;unit;19/300;300;2 3 0 1 4 7 5 6 8;0 1 2 3 4 5 6 7 8;12;28;28;5526;0;0;69;0.323476;17083.2;K*;                        ? Unchecked;ijcai-2026-base-14-g0df50d7
n-puzzle;unit;20/300;300;2 1 4 5 0 6 8 3 7;0 1 2 3 4 5 6 7 8;14;30;30;13661;0;0;69;0.684819;19948.3;K*;                        ? Unchecked;ijcai-2026-base-14-g0df50d7
n-puzzle;unit;21/300;300;8 7 6 2 5 4 1 0 3;0 1 2 3 4 5 6 7 8;21;31;31;7228;0;0;69;0.88721;8146.89;K*;                        ? Unchecked;ijcai-2026-base-14-g0df50d7
n-puzzle;unit;22/300;300;2 7 3 1 6 5 4 0 8;0 1 2 3 4 5 6 7 8;13;23;23;821;0;0;69;0.01778;46175.5;K*;                        ? Unchecked;ijcai-2026-base-14-g0df50d7
n-puzzle;unit;23/300;300;3 0 4 6 2 1 8 5 7;0 1 2 3 4 5 6 7 8;13;21;21;547;0;0;69;0.015861;34487.1;K*;                        ? Unchecked;ijcai-2026-base-14-g0df50d7
n-puzzle;unit;24/300;300;5 3 2 4 8 6 0 1 7;0 1 2 3 4 5 6 7 8;14;26;26;2831;0;0;69;0.104009;27218.8;K*;                        ? Unchecked;ijcai-2026-base-14-g0df50d7
n-puzzle;unit;25/300;300;1 3 5 2 4 6 8 7 0;0 1 2 3 4 5 6 7 8;12;30;30;12547;0;0;69;0.17044;73615.3;K*;                        ? Unchecked;ijcai-2026-base-14-g0df50d7
n-puzzle;unit;26/300;300;8 5 1 4 2 7 6 0 3;0 1 2 3 4 5 6 7 8;15;27;27;3376;0;0;69;0.19622;17205.2;K*;                        ? Unchecked;ijcai-2026-base-14-g0df50d7
n-puzzle;unit;27/300;300;2 8 5 6 3 1 4 0 7;0 1 2 3 4 5 6 7 8;13;25;25;2155;0;0;69;0.057817;37272.8;K*;                        ? Unchecked;ijcai-2026-base-14-g0df50d7
n-puzzle;unit;28/300;300;5 0 7 4 2 3 1 6 8;0 1 2 3 4 5 6 7 8;15;23;23;664;0;0;69;0.023811;27886.3;K*;                        ? Unchecked;ijcai-2026-base-14-g0df50d7
n-puzzle;unit;29/300;300;3 2 4 7 6 8 5 1 0;0 1 2 3 4 5 6 7 8;14;22;22;535;0;0;69;0.010859;49267.9;K*;                        ? Unchecked;ijcai-2026-base-14-g0df50d7
n-puzzle;unit;30/300;300;1 3 2 0 8 6 4 7 5;0 1 2 3 4 5 6 7 8;11;25;25;2601;0;0;69;0.145924;17824.3;K*;                        ? Unchecked;ijcai-2026-base-14-g0df50d7
n-puzzle;unit;31/300;300;8 2 5 3 7 6 4 0 1;0 1 2 3 4 5 6 7 8;15;27;27;3346;0;0;69;0.095462;35050.6;K*;                        ? Unchecked;ijcai-2026-base-14-g0df50d7
n-puzzle;unit;32/300;300;2 4 0 7 5 1 8 6 3;0 1 2 3 4 5 6 7 8;14;26;26;1886;0;0;69;0.037531;50251.8;K*;                        ? Unchecked;ijcai-2026-base-14-g0df50d7
n-puzzle;unit;33/300;300;0 1 5 2 6 8 7 3 4;0 1 2 3 4 5 6 7 8;12;24;24;1475;0;0;69;0.066517;22174.8;K*;                        ? Unchecked;ijcai-2026-base-14-g0df50d7
n-puzzle;unit;34/300;300;7 1 5 2 8 6 3 4 0;0 1 2 3 4 5 6 7 8;14;22;22;461;0;0;69;0.030805;14965.1;K*;                        ? Unchecked;ijcai-2026-base-14-g0df50d7
n-puzzle;unit;35/300;300;6 3 1 2 8 7 0 4 5;0 1 2 3 4 5 6 7 8;14;26;26;2658;0;0;69;0.102373;25963.9;K*;                        ? Unchecked;ijcai-2026-base-14-g0df50d7
n-puzzle;unit;36/300;300;0 3 5 4 8 6 7 2 1;0 1 2 3 4 5 6 7 8;16;26;26;1847;0;0;69;0.075049;24610.6;K*;                        ? Unchecked;ijcai-2026-base-14-g0df50d7
n-puzzle;unit;37/300;300;8 1 4 0 3 2 5 6 7;0 1 2 3 4 5 6 7 8;13;25;25;1875;0;0;69;0.110905;16906.4;K*;                        ? Unchecked;ijcai-2026-base-14-g0df50d7
n-puzzle;unit;38/300;300;7 4 1 6 2 8 3 5 0;0 1 2 3 4 5 6 7 8;12;26;26;3518;0;0;69;0.068347;51472.6;K*;                        ? Unchecked;ijcai-2026-base-14-g0df50d7
n-puzzle;unit;39/300;300;4 6 8 0 5 1 3 2 7;0 1 2 3 4 5 6 7 8;15;27;27;3393;0;0;69;0.076464;44373.8;K*;                        ? Unchecked;ijcai-2026-base-14-g0df50d7
n-puzzle;unit;40/300;300;4 2 8 6 0 1 3 5 7;0 1 2 3 4 5 6 7 8;12;24;24;1868;0;0;69;0.037748;49486.1;K*;                        ? Unchecked;ijcai-2026-base-14-g0df50d7
n-puzzle;unit;41/300;300;3 7 8 4 5 2 6 1 0;0 1 2 3 4 5 6 7 8;10;24;24;1043;0;0;69;0.024296;42928.9;K*;                        ? Unchecked;ijcai-2026-base-14-g0df50d7
n-puzzle;unit;42/300;300;7 5 6 1 0 3 2 8 4;0 1 2 3 4 5 6 7 8;20;28;28;2449;0;0;69;0.220827;11090.1;K*;                        ? Unchecked;ijcai-2026-base-14-g0df50d7
n-puzzle;unit;43/300;300;1 6 4 8 5 3 7 2 0;0 1 2 3 4 5 6 7 8;16;26;26;1832;0;0;69;0.070315;26054.2;K*;                        ? Unchecked;ijcai-2026-base-14-g0df50d7
n-puzzle;unit;44/300;300;2 5 7 1 8 4 3 6 0;0 1 2 3 4 5 6 7 8;14;20;20;207;0;0;69;0.007223;28658.5;K*;                        ? Unchecked;ijcai-2026-base-14-g0df50d7
n-puzzle;unit;45/300;300;3 8 4 0 7 1 5 6 2;0 1 2 3 4 5 6 7 8;15;23;23;628;0;0;69;0.013608;46149.3;K*;                        ? Unchecked;ijcai-2026-base-14-g0df50d7
n-puzzle;unit;46/300;300;3 0 5 4 2 1 7 8 6;0 1 2 3 4 5 6 7 8;11;23;23;1103;0;0;69;0.022542;48930.9;K*;                        ? Unchecked;ijcai-2026-base-14-g0df50d7
n-puzzle;unit;47/300;300;4 5 3 1 7 0 8 2 6;0 1 2 3 4 5 6 7 8;17;27;27;2616;0;0;69;0.225006;11626.4;K*;                        ? Unchecked;ijcai-2026-base-14-g0df50d7
n-puzzle;unit;48/300;300;1 8 4 2 3 5 6 0 7;0 1 2 3 4 5 6 7 8;11;23;23;1135;0;0;69;0.02254;50354.9;K*;                        ? Unchecked;ijcai-2026-base-14-g0df50d7
n-puzzle;unit;49/300;300;4 8 1 0 6 7 3 2 5;0 1 2 3 4 5 6 7 8;15;29;29;9678;0;0;69;0.582119;16625.5;K*;                        ? Unchecked;ijcai-2026-base-14-g0df50d7
n-puzzle;unit;50/300;300;8 5 3 4 6 1 7 2 0;0 1 2 3 4 5 6 7 8;18;28;28;3402;0;0;69;0.137691;24707.5;K*;                        ? Unchecked;ijcai-2026-base-14-g0df50d7
n-puzzle;unit;51/300;300;4 3 7 1 5 2 6 0 8;0 1 2 3 4 5 6 7 8;11;23;23;1178;0;0;69;0.051365;22933.9;K*;                        ? Unchecked;ijcai-2026-base-14-g0df50d7
n-puzzle;unit;52/300;300;7 4 1 2 3 0 5 8 6;0 1 2 3 4 5 6 7 8;15;31;31;16016;0;0;69;0.871382;18380;K*;                        ? Unchecked;ijcai-2026-base-14-g0df50d7
n-puzzle;unit;53/300;300;7 5 6 8 2 1 0 4 3;0 1 2 3 4 5 6 7 8;20;30;30;6387;0;0;69;0.235463;27125.3;K*;                        ? Unchecked;ijcai-2026-base-14-g0df50d7
n-puzzle;unit;54/300;300;2 8 5 0 7 6 1 4 3;0 1 2 3 4 5 6 7 8;17;25;25;988;0;0;69;0.022675;43572.2;K*;                        ? Unchecked;ijcai-2026-base-14-g0df50d7
n-puzzle;unit;55/300;300;3 5 2 4 1 6 8 0 7;0 1 2 3 4 5 6 7 8;11;27;27;5279;0;0;69;0.124248;42487.6;K*;                        ? Unchecked;ijcai-2026-base-14-g0df50d7
n-puzzle;unit;56/300;300;8 6 1 5 4 3 0 2 7;0 1 2 3 4 5 6 7 8;16;30;30;7251;0;0;69;0.401223;18072.2;K*;                        ? Unchecked;ijcai-2026-base-14-g0df50d7
n-puzzle;unit;57/300;300;4 6 5 7 3 2 1 0 8;0 1 2 3 4 5 6 7 8;13;25;25;2189;0;0;69;0.044319;49391.9;K*;                        ? Unchecked;ijcai-2026-base-14-g0df50d7
n-puzzle;unit;58/300;300;3 7 4 2 8 6 5 0 1;0 1 2 3 4 5 6 7 8;19;29;29;5854;0;0;69;0.166146;35234.1;K*;                        ? Unchecked;ijcai-2026-base-14-g0df50d7
n-puzzle;unit;59/300;300;8 7 4 5 6 2 3 0 1;0 1 2 3 4 5 6 7 8;17;31;31;14430;0;0;69;0.892366;16170.5;K*;                        ? Unchecked;ijcai-2026-base-14-g0df50d7
n-puzzle;unit;60/300;300;6 1 5 3 4 0 8 2 7;0 1 2 3 4 5 6 7 8;9;25;25;2354;0;0;69;0.061784;38100.5;K*;                        ? Unchecked;ijcai-2026-base-14-g0df50d7
n-puzzle;unit;61/300;300;4 5 2 8 0 3 1 6 7;0 1 2 3 4 5 6 7 8;14;24;24;1366;0;0;69;0.057103;23921.7;K*;                        ? Unchecked;ijcai-2026-base-14-g0df50d7
n-puzzle;unit;62/300;300;8 5 4 6 1 2 7 3 0;0 1 2 3 4 5 6 7 8;14;28;28;4657;0;0;69;0.338439;13760.2;K*;                        ? Unchecked;ijcai-2026-base-14-g0df50d7
n-puzzle;unit;63/300;300;0 5 8 2 6 7 4 3 1;0 1 2 3 4 5 6 7 8;18;26;26;1664;0;0;69;0.108817;15291.7;K*;                        ? Unchecked;ijcai-2026-base-14-g0df50d7
n-puzzle;unit;64/300;300;5 0 1 8 7 3 4 6 2;0 1 2 3 4 5 6 7 8;15;27;27;2937;0;0;69;0.065111;45107.6;K*;                        ? Unchecked;ijcai-2026-base-14-g0df50d7
n-puzzle;unit;65/300;300;7 6 1 3 4 8 0 5 2;0 1 2 3 4 5 6 7 8;12;26;26;2496;0;0;69;0.093209;26778.5;K*;                        ? Unchecked;ijcai-2026-base-14-g0df50d7
n-puzzle;unit;66/300;300;8 0 7 3 6 5 1 2 4;0 1 2 3 4 5 6 7 8;17;29;29;5349;0;0;69;0.281;19035.6;K*;                        ? Unchecked;ijcai-2026-base-14-g0df50d7
n-puzzle;unit;67/300;300;7 2 8 6 5 1 4 0 3;0 1 2 3 4 5 6 7 8;15;27;27;3469;0;0;69;0.080498;43094.2;K*;                        ? Unchecked;ijcai-2026-base-14-g0df50d7
n-puzzle;unit;68/300;300;5 0 3 4 1 8 2 7 6;0 1 2 3 4 5 6 7 8;15;27;27;2484;0;0;69;0.025006;99336.2;K*;                        ? Unchecked;ijcai-2026-base-14-g0df50d7
n-puzzle;unit;69/300;300;7 8 4 6 3 5 2 1 0;0 1 2 3 4 5 6 7 8;16;30;30;8074;0;0;69;0.54228;14889;K*;                        ? Unchecked;ijcai-2026-base-14-g0df50d7
n-puzzle;unit;70/300;300;7 0 3 2 8 1 5 4 6;0 1 2 3 4 5 6 7 8;19;25;25;614;0;0;69;0.015974;38437.5;K*;                        ? Unchecked;ijcai-2026-base-14-g0df50d7
n-puzzle;unit;71/300;300;1 0 7 3 4 8 2 5 6;0 1 2 3 4 5 6 7 8;13;27;27;3281;0;0;69;0.303881;10797;K*;                        ? Unchecked;ijcai-2026-base-14-g0df50d7
n-puzzle;unit;72/300;300;8 0 7 4 3 6 5 2 1;0 1 2 3 4 5 6 7 8;21;29;29;2824;0;0;69;0.234159;12060.2;K*;                        ? Unchecked;ijcai-2026-base-14-g0df50d7
n-puzzle;unit;73/300;300;3 7 8 5 1 2 0 6 4;0 1 2 3 4 5 6 7 8;12;28;28;5398;0;0;69;0.147475;36602.8;K*;                        ? Unchecked;ijcai-2026-base-14-g0df50d7
n-puzzle;unit;74/300;300;1 6 2 0 7 8 4 5 3;0 1 2 3 4 5 6 7 8;13;21;21;389;0;0;69;0.009254;42035.9;K*;                        ? Unchecked;ijcai-2026-base-14-g0df50d7
n-puzzle;unit;75/300;300;6 1 2 3 0 8 4 5 7;0 1 2 3 4 5 6 7 8;8;22;22;1108;0;0;69;0.032526;34065.1;K*;                        ? Unchecked;ijcai-2026-base-14-g0df50d7
n-puzzle;unit;76/300;300;1 0 7 5 6 4 3 2 8;0 1 2 3 4 5 6 7 8;13;25;25;1558;0;0;69;0.035386;44028.7;K*;                        ? Unchecked;ijcai-2026-base-14-g0df50d7
n-puzzle;unit;77/300;300;2 7 6 1 4 0 5 3 8;0 1 2 3 4 5 6 7 8;15;27;27;2709;0;0;69;0.105883;25584.8;K*;                        ? Unchecked;ijcai-2026-base-14-g0df50d7
n-puzzle;unit;78/300;300;2 3 8 4 0 6 1 5 7;0 1 2 3 4 5 6 7 8;16;26;26;2267;0;0;69;0.120113;18873.9;K*;                        ? Unchecked;ijcai-2026-base-14-g0df50d7
n-puzzle;unit;79/300;300;0 5 4 6 1 7 8 2 3;0 1 2 3 4 5 6 7 8;16;28;28;4061;0;0;69;0.348278;11660.2;K*;                        ? Unchecked;ijcai-2026-base-14-g0df50d7
n-puzzle;unit;80/300;300;5 3 4 7 0 1 8 6 2;0 1 2 3 4 5 6 7 8;16;24;24;1117;0;0;69;0.0343;32565.6;K*;                        ? Unchecked;ijcai-2026-base-14-g0df50d7
n-puzzle;unit;81/300;300;1 7 5 6 8 3 4 2 0;0 1 2 3 4 5 6 7 8;14;26;26;2711;0;0;69;0.064246;42197.2;K*;                        ? Unchecked;ijcai-2026-base-14-g0df50d7
n-puzzle;unit;82/300;300;3 1 4 0 5 8 2 7 6;0 1 2 3 4 5 6 7 8;11;25;25;1924;0;0;69;0.200845;9579.53;K*;                        ? Unchecked;ijcai-2026-base-14-g0df50d7
n-puzzle;unit;83/300;300;4 2 3 0 5 1 8 6 7;0 1 2 3 4 5 6 7 8;13;23;23;662;0;0;69;0.015508;42687.6;K*;                        ? Unchecked;ijcai-2026-base-14-g0df50d7
n-puzzle;unit;84/300;300;4 7 3 1 6 5 8 0 2;0 1 2 3 4 5 6 7 8;15;27;27;3169;0;0;69;0.033341;95048.1;K*;                        ? Unchecked;ijcai-2026-base-14-g0df50d7
n-puzzle;unit;85/300;300;3 6 0 1 5 8 4 2 7;0 1 2 3 4 5 6 7 8;14;26;26;1980;0;0;69;0.039004;50764;K*;                        ? Unchecked;ijcai-2026-base-14-g0df50d7
n-puzzle;unit;86/300;300;8 6 2 7 5 1 3 0 4;0 1 2 3 4 5 6 7 8;15;29;29;8498;0;0;69;0.082248;103322;K*;                        ? Unchecked;ijcai-2026-base-14-g0df50d7
n-puzzle;unit;87/300;300;3 2 5 7 6 0 8 1 4;0 1 2 3 4 5 6 7 8;13;21;21;421;0;0;69;0.012954;32499.6;K*;                        ? Unchecked;ijcai-2026-base-14-g0df50d7
n-puzzle;unit;88/300;300;1 3 2 4 0 5 8 7 6;0 1 2 3 4 5 6 7 8;8;26;26;4408;0;0;69;0.217158;20298.6;K*;                        ? Unchecked;ijcai-2026-base-14-g0df50d7
n-puzzle;unit;89/300;300;0 8 4 3 2 1 6 5 7;0 1 2 3 4 5 6 7 8;12;22;22;544;0;0;69;0.013188;41249.6;K*;                        ? Unchecked;ijcai-2026-base-14-g0df50d7
n-puzzle;unit;90/300;300;0 6 1 5 7 8 4 2 3;0 1 2 3 4 5 6 7 8;16;26;26;1694;0;0;69;0.076118;22254.9;K*;                        ? Unchecked;ijcai-2026-base-14-g0df50d7
n-puzzle;unit;91/300;300;2 1 6 4 5 8 3 0 7;0 1 2 3 4 5 6 7 8;11;27;27;4448;0;0;69;0.280645;15849.2;K*;                        ? Unchecked;ijcai-2026-base-14-g0df50d7
n-puzzle;unit;92/300;300;3 7 4 6 1 5 8 0 2;0 1 2 3 4 5 6 7 8;11;25;25;2275;0;0;69;0.100056;22737.3;K*;                        ? Unchecked;ijcai-2026-base-14-g0df50d7
n-puzzle;unit;93/300;300;7 6 1 3 5 8 2 4 0;0 1 2 3 4 5 6 7 8;14;26;26;2126;0;0;69;0.083793;25372;K*;                        ? Unchecked;ijcai-2026-base-14-g0df50d7
n-puzzle;unit;94/300;300;4 7 8 1 0 3 6 2 5;0 1 2 3 4 5 6 7 8;14;26;26;2943;0;0;69;0.263238;11180;K*;                        ? Unchecked;ijcai-2026-base-14-g0df50d7
n-puzzle;unit;95/300;300;0 5 8 2 7 4 1 6 3;0 1 2 3 4 5 6 7 8;16;24;24;530;0;0;69;0.020251;26171.5;K*;                        ? Unchecked;ijcai-2026-base-14-g0df50d7
n-puzzle;unit;96/300;300;5 2 3 8 7 0 1 6 4;0 1 2 3 4 5 6 7 8;17;27;27;2597;0;0;69;0.083016;31283.1;K*;                        ? Unchecked;ijcai-2026-base-14-g0df50d7
n-puzzle;unit;97/300;300;8 3 0 4 7 2 6 1 5;0 1 2 3 4 5 6 7 8;12;22;22;380;0;0;69;0.008785;43255.5;K*;                        ? Unchecked;ijcai-2026-base-14-g0df50d7
n-puzzle;unit;98/300;300;5 8 6 0 7 4 1 3 2;0 1 2 3 4 5 6 7 8;19;29;29;4633;0;0;69;0.244552;18944.8;K*;                        ? Unchecked;ijcai-2026-base-14-g0df50d7
n-puzzle;unit;99/300;300;7 5 0 6 3 2 1 8 4;0 1 2 3 4 5 6 7 8;14;28;28;5845;0;0;69;0.043776;133521;K*;                        ? Unchecked;ijcai-2026-base-14-g0df50d7
n-puzzle;unit;0/400;400;5 6 0 8 4 7 1 3 2;0 1 2 3 4 5 6 7 8;18;28;28;1824;0;0;69;0.045096;40447;K*;                        ? Unchecked;ijcai-2026-base-14-g0df50d7
n-puzzle;unit;1/400;400;0 8 6 4 7 1 5 3 2;0 1 2 3 4 5 6 7 8;18;28;28;2568;0;0;69;0.066869;38403.4;K*;                        ? Unchecked;ijcai-2026-base-14-g0df50d7
n-puzzle;unit;2/400;400;5 2 8 0 7 4 1 3 6;0 1 2 3 4 5 6 7 8;15;25;25;1578;0;0;69;0.030347;51998.6;K*;                        ? Unchecked;ijcai-2026-base-14-g0df50d7
n-puzzle;unit;3/400;400;7 2 6 0 8 1 5 4 3;0 1 2 3 4 5 6 7 8;19;29;29;4721;0;0;69;0.163911;28802.2;K*;                        ? Unchecked;ijcai-2026-base-14-g0df50d7
n-puzzle;unit;4/400;400;5 1 8 6 0 7 2 4 3;0 1 2 3 4 5 6 7 8;16;26;26;4708;0;0;69;0.728227;6465.02;K*;                        ? Unchecked;ijcai-2026-base-14-g0df50d7
n-puzzle;unit;5/400;400;8 0 3 6 4 5 7 2 1;0 1 2 3 4 5 6 7 8;15;27;27;2993;0;0;69;0.075612;39583.7;K*;                        ? Unchecked;ijcai-2026-base-14-g0df50d7
n-puzzle;unit;6/400;400;4 2 7 1 5 8 0 6 3;0 1 2 3 4 5 6 7 8;14;22;22;433;0;0;69;0.018232;23749.5;K*;                        ? Unchecked;ijcai-2026-base-14-g0df50d7
n-puzzle;unit;7/400;400;4 1 7 3 2 5 6 0 8;0 1 2 3 4 5 6 7 8;7;23;23;1430;0;0;69;0.039872;35864.8;K*;                        ? Unchecked;ijcai-2026-base-14-g0df50d7
n-puzzle;unit;8/400;400;8 4 0 5 1 6 2 7 3;0 1 2 3 4 5 6 7 8;18;30;30;4338;0;0;69;0.072551;59792.4;K*;                        ? Unchecked;ijcai-2026-base-14-g0df50d7
n-puzzle;unit;9/400;400;1 3 0 7 6 2 5 8 4;0 1 2 3 4 5 6 7 8;14;26;26;2754;0;0;69;0.1637;16823.5;K*;                        ? Unchecked;ijcai-2026-base-14-g0df50d7
n-puzzle;unit;10/400;400;7 0 4 6 8 5 3 1 2;0 1 2 3 4 5 6 7 8;13;31;31;17828;0;0;71;0.89477;19924.7;K*;                        ? Unchecked;ijcai-2026-base-14-g0df50d7
n-puzzle;unit;11/400;400;6 1 7 5 8 2 4 3 0;0 1 2 3 4 5 6 7 8;14;28;28;4660;0;0;71;0.127007;36690.9;K*;                        ? Unchecked;ijcai-2026-base-14-g0df50d7
n-puzzle;unit;12/400;400;7 5 2 1 6 3 8 0 4;0 1 2 3 4 5 6 7 8;15;29;29;8627;0;0;71;0.251675;34278.3;K*;                        ? Unchecked;ijcai-2026-base-14-g0df50d7
n-puzzle;unit;13/400;400;6 2 4 0 8 7 5 3 1;0 1 2 3 4 5 6 7 8;17;29;29;7938;0;0;71;0.365731;21704.5;K*;                        ? Unchecked;ijcai-2026-base-14-g0df50d7
n-puzzle;unit;14/400;400;0 1 6 2 5 7 4 8 3;0 1 2 3 4 5 6 7 8;16;30;30;9233;0;0;71;0.315125;29299.5;K*;                        ? Unchecked;ijcai-2026-base-14-g0df50d7
n-puzzle;unit;15/400;400;4 0 3 6 1 2 8 5 7;0 1 2 3 4 5 6 7 8;13;19;19;167;0;0;71;0.006294;26533.2;K*;                        ? Unchecked;ijcai-2026-base-14-g0df50d7
n-puzzle;unit;16/400;400;1 5 8 7 6 4 0 3 2;0 1 2 3 4 5 6 7 8;14;24;24;1225;0;0;71;0.056157;21813.8;K*;                        ? Unchecked;ijcai-2026-base-14-g0df50d7
n-puzzle;unit;17/400;400;2 7 0 8 4 6 3 5 1;0 1 2 3 4 5 6 7 8;16;28;28;3013;0;0;71;0.08663;34780.1;K*;                        ? Unchecked;ijcai-2026-base-14-g0df50d7
n-puzzle;unit;18/400;400;7 4 8 1 5 6 0 2 3;0 1 2 3 4 5 6 7 8;18;28;28;2318;0;0;71;0.073019;31745.2;K*;                        ? Unchecked;ijcai-2026-base-14-g0df50d7
n-puzzle;unit;19/400;400;2 3 0 1 4 7 5 6 8;0 1 2 3 4 5 6 7 8;12;28;28;5526;0;0;71;0.324892;17008.7;K*;                        ? Unchecked;ijcai-2026-base-14-g0df50d7
n-puzzle;unit;20/400;400;2 1 4 5 0 6 8 3 7;0 1 2 3 4 5 6 7 8;14;30;30;13661;0;0;71;0.687492;19870.8;K*;                        ? Unchecked;ijcai-2026-base-14-g0df50d7
n-puzzle;unit;21/400;400;8 7 6 2 5 4 1 0 3;0 1 2 3 4 5 6 7 8;21;31;31;7228;0;0;71;0.934662;7733.28;K*;                        ? Unchecked;ijcai-2026-base-14-g0df50d7
n-puzzle;unit;22/400;400;2 7 3 1 6 5 4 0 8;0 1 2 3 4 5 6 7 8;13;23;23;821;0;0;71;0.018832;43596;K*;                        ? Unchecked;ijcai-2026-base-14-g0df50d7
n-puzzle;unit;23/400;400;3 0 4 6 2 1 8 5 7;0 1 2 3 4 5 6 7 8;13;21;21;547;0;0;71;0.017042;32097.2;K*;                        ? Unchecked;ijcai-2026-base-14-g0df50d7
n-puzzle;unit;24/400;400;5 3 2 4 8 6 0 1 7;0 1 2 3 4 5 6 7 8;14;28;28;5528;0;0;71;0.688175;8032.84;K*;                        ? Unchecked;ijcai-2026-base-14-g0df50d7
n-puzzle;unit;25/400;400;1 3 5 2 4 6 8 7 0;0 1 2 3 4 5 6 7 8;12;30;30;12547;0;0;71;0.173641;72258.3;K*;                        ? Unchecked;ijcai-2026-base-14-g0df50d7
n-puzzle;unit;26/400;400;8 5 1 4 2 7 6 0 3;0 1 2 3 4 5 6 7 8;15;27;27;3376;0;0;71;0.19876;16985.3;K*;                        ? Unchecked;ijcai-2026-base-14-g0df50d7
n-puzzle;unit;27/400;400;2 8 5 6 3 1 4 0 7;0 1 2 3 4 5 6 7 8;13;25;25;2155;0;0;71;0.051157;42125.2;K*;                        ? Unchecked;ijcai-2026-base-14-g0df50d7
n-puzzle;unit;28/400;400;5 0 7 4 2 3 1 6 8;0 1 2 3 4 5 6 7 8;15;23;23;664;0;0;71;0.024844;26726.8;K*;                        ? Unchecked;ijcai-2026-base-14-g0df50d7
n-puzzle;unit;29/400;400;3 2 4 7 6 8 5 1 0;0 1 2 3 4 5 6 7 8;14;22;22;535;0;0;71;0.011725;45629;K*;                        ? Unchecked;ijcai-2026-base-14-g0df50d7
n-puzzle;unit;30/400;400;1 3 2 0 8 6 4 7 5;0 1 2 3 4 5 6 7 8;11;25;25;2601;0;0;71;0.147262;17662.4;K*;                        ? Unchecked;ijcai-2026-base-14-g0df50d7
n-puzzle;unit;31/400;400;8 2 5 3 7 6 4 0 1;0 1 2 3 4 5 6 7 8;15;27;27;3346;0;0;71;0.096687;34606.5;K*;                        ? Unchecked;ijcai-2026-base-14-g0df50d7
n-puzzle;unit;32/400;400;2 4 0 7 5 1 8 6 3;0 1 2 3 4 5 6 7 8;14;26;26;1886;0;0;71;0.038448;49053.3;K*;                        ? Unchecked;ijcai-2026-base-14-g0df50d7
n-puzzle;unit;33/400;400;0 1 5 2 6 8 7 3 4;0 1 2 3 4 5 6 7 8;12;24;24;1475;0;0;71;0.067542;21838.3;K*;                        ? Unchecked;ijcai-2026-base-14-g0df50d7
n-puzzle;unit;34/400;400;7 1 5 2 8 6 3 4 0;0 1 2 3 4 5 6 7 8;14;22;22;461;0;0;71;0.03111;14818.4;K*;                        ? Unchecked;ijcai-2026-base-14-g0df50d7
n-puzzle;unit;35/400;400;6 3 1 2 8 7 0 4 5;0 1 2 3 4 5 6 7 8;14;26;26;2658;0;0;71;0.103555;25667.5;K*;                        ? Unchecked;ijcai-2026-base-14-g0df50d7
n-puzzle;unit;36/400;400;0 3 5 4 8 6 7 2 1;0 1 2 3 4 5 6 7 8;16;26;26;1847;0;0;71;0.076889;24021.6;K*;                        ? Unchecked;ijcai-2026-base-14-g0df50d7
n-puzzle;unit;37/400;400;8 1 4 0 3 2 5 6 7;0 1 2 3 4 5 6 7 8;13;25;25;1875;0;0;71;0.111853;16763.1;K*;                        ? Unchecked;ijcai-2026-base-14-g0df50d7
n-puzzle;unit;38/400;400;7 4 1 6 2 8 3 5 0;0 1 2 3 4 5 6 7 8;12;26;26;3518;0;0;71;0.069749;50438;K*;                        ? Unchecked;ijcai-2026-base-14-g0df50d7
n-puzzle;unit;39/400;400;4 6 8 0 5 1 3 2 7;0 1 2 3 4 5 6 7 8;15;27;27;3393;0;0;71;0.077572;43740;K*;                        ? Unchecked;ijcai-2026-base-14-g0df50d7
n-puzzle;unit;40/400;400;4 2 8 6 0 1 3 5 7;0 1 2 3 4 5 6 7 8;12;24;24;1868;0;0;71;0.038718;48246.3;K*;                        ? Unchecked;ijcai-2026-base-14-g0df50d7
n-puzzle;unit;41/400;400;3 7 8 4 5 2 6 1 0;0 1 2 3 4 5 6 7 8;10;24;24;1043;0;0;71;0.025242;41320;K*;                        ? Unchecked;ijcai-2026-base-14-g0df50d7
n-puzzle;unit;42/400;400;7 5 6 1 0 3 2 8 4;0 1 2 3 4 5 6 7 8;20;28;28;2449;0;0;71;0.222823;10990.8;K*;                        ? Unchecked;ijcai-2026-base-14-g0df50d7
n-puzzle;unit;43/400;400;1 6 4 8 5 3 7 2 0;0 1 2 3 4 5 6 7 8;16;26;26;1832;0;0;71;0.071221;25722.8;K*;                        ? Unchecked;ijcai-2026-base-14-g0df50d7
n-puzzle;unit;44/400;400;2 5 7 1 8 4 3 6 0;0 1 2 3 4 5 6 7 8;14;20;20;207;0;0;71;0.008037;25755.9;K*;                        ? Unchecked;ijcai-2026-base-14-g0df50d7
n-puzzle;unit;45/400;400;3 8 4 0 7 1 5 6 2;0 1 2 3 4 5 6 7 8;15;23;23;628;0;0;71;0.014466;43412.1;K*;                        ? Unchecked;ijcai-2026-base-14-g0df50d7
n-puzzle;unit;46/400;400;3 0 5 4 2 1 7 8 6;0 1 2 3 4 5 6 7 8;11;23;23;1103;0;0;71;0.023244;47453.1;K*;                        ? Unchecked;ijcai-2026-base-14-g0df50d7
n-puzzle;unit;47/400;400;4 5 3 1 7 0 8 2 6;0 1 2 3 4 5 6 7 8;17;27;27;2616;0;0;71;0.242267;10798;K*;                        ? Unchecked;ijcai-2026-base-14-g0df50d7
n-puzzle;unit;48/400;400;1 8 4 2 3 5 6 0 7;0 1 2 3 4 5 6 7 8;11;23;23;1135;0;0;71;0.021886;51859.6;K*;                        ? Unchecked;ijcai-2026-base-14-g0df50d7
n-puzzle;unit;49/400;400;4 8 1 0 6 7 3 2 5;0 1 2 3 4 5 6 7 8;15;29;29;9678;0;0;71;0.58592;16517.6;K*;                        ? Unchecked;ijcai-2026-base-14-g0df50d7
n-puzzle;unit;50/400;400;8 5 3 4 6 1 7 2 0;0 1 2 3 4 5 6 7 8;18;28;28;3402;0;0;71;0.140008;24298.6;K*;                        ? Unchecked;ijcai-2026-base-14-g0df50d7
n-puzzle;unit;51/400;400;4 3 7 1 5 2 6 0 8;0 1 2 3 4 5 6 7 8;11;23;23;1178;0;0;71;0.052792;22314;K*;                        ? Unchecked;ijcai-2026-base-14-g0df50d7
n-puzzle;unit;52/400;400;7 4 1 2 3 0 5 8 6;0 1 2 3 4 5 6 7 8;15;31;31;16016;0;0;71;0.872573;18354.9;K*;                        ? Unchecked;ijcai-2026-base-14-g0df50d7
n-puzzle;unit;53/400;400;7 5 6 8 2 1 0 4 3;0 1 2 3 4 5 6 7 8;20;30;30;6387;0;0;71;0.232509;27469.9;K*;                        ? Unchecked;ijcai-2026-base-14-g0df50d7
n-puzzle;unit;54/400;400;2 8 5 0 7 6 1 4 3;0 1 2 3 4 5 6 7 8;17;25;25;988;0;0;71;0.023814;41488.2;K*;                        ? Unchecked;ijcai-2026-base-14-g0df50d7
n-puzzle;unit;55/400;400;3 5 2 4 1 6 8 0 7;0 1 2 3 4 5 6 7 8;11;27;27;5279;0;0;71;0.128598;41050.4;K*;                        ? Unchecked;ijcai-2026-base-14-g0df50d7
n-puzzle;unit;56/400;400;8 6 1 5 4 3 0 2 7;0 1 2 3 4 5 6 7 8;16;30;30;7251;0;0;71;0.401611;18054.8;K*;                        ? Unchecked;ijcai-2026-base-14-g0df50d7
n-puzzle;unit;57/400;400;4 6 5 7 3 2 1 0 8;0 1 2 3 4 5 6 7 8;13;25;25;2189;0;0;71;0.045862;47730.1;K*;                        ? Unchecked;ijcai-2026-base-14-g0df50d7
n-puzzle;unit;58/400;400;3 7 4 2 8 6 5 0 1;0 1 2 3 4 5 6 7 8;19;29;29;5854;0;0;71;0.168505;34740.8;K*;                        ? Unchecked;ijcai-2026-base-14-g0df50d7
n-puzzle;unit;59/400;400;8 7 4 5 6 2 3 0 1;0 1 2 3 4 5 6 7 8;17;31;31;14430;0;0;71;0.89835;16062.8;K*;                        ? Unchecked;ijcai-2026-base-14-g0df50d7
n-puzzle;unit;60/400;400;6 1 5 3 4 0 8 2 7;0 1 2 3 4 5 6 7 8;9;25;25;2354;0;0;71;0.050516;46599.1;K*;                        ? Unchecked;ijcai-2026-base-14-g0df50d7
n-puzzle;unit;61/400;400;4 5 2 8 0 3 1 6 7;0 1 2 3 4 5 6 7 8;14;24;24;1366;0;0;71;0.045631;29935.8;K*;                        ? Unchecked;ijcai-2026-base-14-g0df50d7
n-puzzle;unit;62/400;400;8 5 4 6 1 2 7 3 0;0 1 2 3 4 5 6 7 8;14;28;28;4657;0;0;71;0.334596;13918.3;K*;                        ? Unchecked;ijcai-2026-base-14-g0df50d7
n-puzzle;unit;63/400;400;0 5 8 2 6 7 4 3 1;0 1 2 3 4 5 6 7 8;18;26;26;1664;0;0;71;0.109762;15160.1;K*;                        ? Unchecked;ijcai-2026-base-14-g0df50d7
n-puzzle;unit;64/400;400;5 0 1 8 7 3 4 6 2;0 1 2 3 4 5 6 7 8;15;27;27;2937;0;0;71;0.066574;44116.3;K*;                        ? Unchecked;ijcai-2026-base-14-g0df50d7
n-puzzle;unit;65/400;400;7 6 1 3 4 8 0 5 2;0 1 2 3 4 5 6 7 8;12;26;26;2496;0;0;71;0.095051;26259.6;K*;                        ? Unchecked;ijcai-2026-base-14-g0df50d7
n-puzzle;unit;66/400;400;8 0 7 3 6 5 1 2 4;0 1 2 3 4 5 6 7 8;17;29;29;5349;0;0;71;0.285186;18756.2;K*;                        ? Unchecked;ijcai-2026-base-14-g0df50d7
n-puzzle;unit;67/400;400;7 2 8 6 5 1 4 0 3;0 1 2 3 4 5 6 7 8;15;27;27;3469;0;0;71;0.080556;43063.2;K*;                        ? Unchecked;ijcai-2026-base-14-g0df50d7
n-puzzle;unit;68/400;400;5 0 3 4 1 8 2 7 6;0 1 2 3 4 5 6 7 8;15;27;27;2484;0;0;71;0.02624;94664.6;K*;                        ? Unchecked;ijcai-2026-base-14-g0df50d7
n-puzzle;unit;69/400;400;7 8 4 6 3 5 2 1 0;0 1 2 3 4 5 6 7 8;16;30;30;8074;0;0;71;0.546465;14775;K*;                        ? Unchecked;ijcai-2026-base-14-g0df50d7
n-puzzle;unit;70/400;400;7 0 3 2 8 1 5 4 6;0 1 2 3 4 5 6 7 8;19;25;25;614;0;0;71;0.017039;36035;K*;                        ? Unchecked;ijcai-2026-base-14-g0df50d7
n-puzzle;unit;71/400;400;1 0 7 3 4 8 2 5 6;0 1 2 3 4 5 6 7 8;13;27;27;3281;0;0;71;0.304843;10762.9;K*;                        ? Unchecked;ijcai-2026-base-14-g0df50d7
n-puzzle;unit;72/400;400;8 0 7 4 3 6 5 2 1;0 1 2 3 4 5 6 7 8;21;29;29;2824;0;0;71;0.236434;11944.1;K*;                        ? Unchecked;ijcai-2026-base-14-g0df50d7
n-puzzle;unit;73/400;400;3 7 8 5 1 2 0 6 4;0 1 2 3 4 5 6 7 8;12;28;28;5398;0;0;71;0.148525;36344;K*;                        ? Unchecked;ijcai-2026-base-14-g0df50d7
n-puzzle;unit;74/400;400;1 6 2 0 7 8 4 5 3;0 1 2 3 4 5 6 7 8;13;21;21;389;0;0;71;0.010208;38107.4;K*;                        ? Unchecked;ijcai-2026-base-14-g0df50d7
n-puzzle;unit;75/400;400;6 1 2 3 0 8 4 5 7;0 1 2 3 4 5 6 7 8;8;22;22;1108;0;0;71;0.038837;28529.5;K*;                        ? Unchecked;ijcai-2026-base-14-g0df50d7
n-puzzle;unit;76/400;400;1 0 7 5 6 4 3 2 8;0 1 2 3 4 5 6 7 8;13;25;25;1558;0;0;71;0.043668;35678.3;K*;                        ? Unchecked;ijcai-2026-base-14-g0df50d7
n-puzzle;unit;77/400;400;2 7 6 1 4 0 5 3 8;0 1 2 3 4 5 6 7 8;15;27;27;2709;0;0;71;0.11678;23197.5;K*;                        ? Unchecked;ijcai-2026-base-14-g0df50d7
n-puzzle;unit;78/400;400;2 3 8 4 0 6 1 5 7;0 1 2 3 4 5 6 7 8;16;26;26;2267;0;0;71;0.122284;18538.8;K*;                        ? Unchecked;ijcai-2026-base-14-g0df50d7
n-puzzle;unit;79/400;400;0 5 4 6 1 7 8 2 3;0 1 2 3 4 5 6 7 8;16;28;28;4061;0;0;71;0.351696;11546.9;K*;                        ? Unchecked;ijcai-2026-base-14-g0df50d7
n-puzzle;unit;80/400;400;5 3 4 7 0 1 8 6 2;0 1 2 3 4 5 6 7 8;16;24;24;1117;0;0;71;0.03551;31455.9;K*;                        ? Unchecked;ijcai-2026-base-14-g0df50d7
n-puzzle;unit;81/400;400;1 7 5 6 8 3 4 2 0;0 1 2 3 4 5 6 7 8;14;26;26;2711;0;0;71;0.064889;41779;K*;                        ? Unchecked;ijcai-2026-base-14-g0df50d7
n-puzzle;unit;82/400;400;3 1 4 0 5 8 2 7 6;0 1 2 3 4 5 6 7 8;11;25;25;1924;0;0;71;0.202699;9491.91;K*;                        ? Unchecked;ijcai-2026-base-14-g0df50d7
n-puzzle;unit;83/400;400;4 2 3 0 5 1 8 6 7;0 1 2 3 4 5 6 7 8;13;23;23;662;0;0;71;0.016403;40358.5;K*;                        ? Unchecked;ijcai-2026-base-14-g0df50d7
n-puzzle;unit;84/400;400;4 7 3 1 6 5 8 0 2;0 1 2 3 4 5 6 7 8;15;27;27;3169;0;0;71;0.034781;91113;K*;                        ? Unchecked;ijcai-2026-base-14-g0df50d7
n-puzzle;unit;85/400;400;3 6 0 1 5 8 4 2 7;0 1 2 3 4 5 6 7 8;14;26;26;1980;0;0;71;0.039696;49879.1;K*;                        ? Unchecked;ijcai-2026-base-14-g0df50d7
n-puzzle;unit;86/400;400;8 6 2 7 5 1 3 0 4;0 1 2 3 4 5 6 7 8;15;29;29;8498;0;0;71;0.084066;101087;K*;                        ? Unchecked;ijcai-2026-base-14-g0df50d7
n-puzzle;unit;87/400;400;3 2 5 7 6 0 8 1 4;0 1 2 3 4 5 6 7 8;13;21;21;421;0;0;71;0.014042;29981.5;K*;                        ? Unchecked;ijcai-2026-base-14-g0df50d7
n-puzzle;unit;88/400;400;1 3 2 4 0 5 8 7 6;0 1 2 3 4 5 6 7 8;8;26;26;4408;0;0;71;0.219883;20047;K*;                        ? Unchecked;ijcai-2026-base-14-g0df50d7
n-puzzle;unit;89/400;400;0 8 4 3 2 1 6 5 7;0 1 2 3 4 5 6 7 8;12;22;22;544;0;0;71;0.01312;41463.4;K*;                        ? Unchecked;ijcai-2026-base-14-g0df50d7
n-puzzle;unit;90/400;400;0 6 1 5 7 8 4 2 3;0 1 2 3 4 5 6 7 8;16;26;26;1694;0;0;71;0.068017;24905.5;K*;                        ? Unchecked;ijcai-2026-base-14-g0df50d7
n-puzzle;unit;91/400;400;2 1 6 4 5 8 3 0 7;0 1 2 3 4 5 6 7 8;11;27;27;4448;0;0;71;0.283168;15708;K*;                        ? Unchecked;ijcai-2026-base-14-g0df50d7
n-puzzle;unit;92/400;400;3 7 4 6 1 5 8 0 2;0 1 2 3 4 5 6 7 8;11;25;25;2275;0;0;71;0.10204;22295.2;K*;                        ? Unchecked;ijcai-2026-base-14-g0df50d7
n-puzzle;unit;93/400;400;7 6 1 3 5 8 2 4 0;0 1 2 3 4 5 6 7 8;14;26;26;2126;0;0;71;0.08427;25228.4;K*;                        ? Unchecked;ijcai-2026-base-14-g0df50d7
n-puzzle;unit;94/400;400;4 7 8 1 0 3 6 2 5;0 1 2 3 4 5 6 7 8;14;26;26;2943;0;0;71;0.262758;11200.4;K*;                        ? Unchecked;ijcai-2026-base-14-g0df50d7
n-puzzle;unit;95/400;400;0 5 8 2 7 4 1 6 3;0 1 2 3 4 5 6 7 8;16;24;24;530;0;0;71;0.020593;25736.9;K*;                        ? Unchecked;ijcai-2026-base-14-g0df50d7
n-puzzle;unit;96/400;400;5 2 3 8 7 0 1 6 4;0 1 2 3 4 5 6 7 8;17;27;27;2597;0;0;71;0.084089;30883.9;K*;                        ? Unchecked;ijcai-2026-base-14-g0df50d7
n-puzzle;unit;97/400;400;8 3 0 4 7 2 6 1 5;0 1 2 3 4 5 6 7 8;12;22;22;380;0;0;71;0.009573;39695;K*;                        ? Unchecked;ijcai-2026-base-14-g0df50d7
n-puzzle;unit;98/400;400;5 8 6 0 7 4 1 3 2;0 1 2 3 4 5 6 7 8;19;29;29;4633;0;0;71;0.246451;18798.9;K*;                        ? Unchecked;ijcai-2026-base-14-g0df50d7
n-puzzle;unit;99/400;400;7 5 0 6 3 2 1 8 4;0 1 2 3 4 5 6 7 8;14;30;30;12783;0;0;71;1.84458;6930.05;K*;                        ? Unchecked;ijcai-2026-base-14-g0df50d7
n-puzzle;unit;0/500;500;5 6 0 8 4 7 1 3 2;0 1 2 3 4 5 6 7 8;18;28;28;1824;0;0;71;0.046801;38973.5;K*;                        ? Unchecked;ijcai-2026-base-14-g0df50d7
n-puzzle;unit;1/500;500;0 8 6 4 7 1 5 3 2;0 1 2 3 4 5 6 7 8;18;28;28;2568;0;0;71;0.067606;37984.8;K*;                        ? Unchecked;ijcai-2026-base-14-g0df50d7
n-puzzle;unit;2/500;500;5 2 8 0 7 4 1 3 6;0 1 2 3 4 5 6 7 8;15;25;25;1578;0;0;71;0.031142;50671.1;K*;                        ? Unchecked;ijcai-2026-base-14-g0df50d7
n-puzzle;unit;3/500;500;7 2 6 0 8 1 5 4 3;0 1 2 3 4 5 6 7 8;19;29;29;4721;0;0;71;0.164634;28675.7;K*;                        ? Unchecked;ijcai-2026-base-14-g0df50d7
n-puzzle;unit;4/500;500;5 1 8 6 0 7 2 4 3;0 1 2 3 4 5 6 7 8;16;28;28;4855;0;0;71;0.776364;6253.51;K*;                        ? Unchecked;ijcai-2026-base-14-g0df50d7
n-puzzle;unit;5/500;500;8 0 3 6 4 5 7 2 1;0 1 2 3 4 5 6 7 8;15;27;27;2993;0;0;71;0.076634;39055.8;K*;                        ? Unchecked;ijcai-2026-base-14-g0df50d7
n-puzzle;unit;6/500;500;4 2 7 1 5 8 0 6 3;0 1 2 3 4 5 6 7 8;14;22;22;433;0;0;71;0.018698;23157.6;K*;                        ? Unchecked;ijcai-2026-base-14-g0df50d7
n-puzzle;unit;7/500;500;4 1 7 3 2 5 6 0 8;0 1 2 3 4 5 6 7 8;7;23;23;1430;0;0;71;0.039968;35778.6;K*;                        ? Unchecked;ijcai-2026-base-14-g0df50d7
n-puzzle;unit;8/500;500;8 4 0 5 1 6 2 7 3;0 1 2 3 4 5 6 7 8;18;30;30;4338;0;0;71;0.07443;58283;K*;                        ? Unchecked;ijcai-2026-base-14-g0df50d7
n-puzzle;unit;9/500;500;1 3 0 7 6 2 5 8 4;0 1 2 3 4 5 6 7 8;14;26;26;2754;0;0;71;0.172514;15963.9;K*;                        ? Unchecked;ijcai-2026-base-14-g0df50d7
n-puzzle;unit;10/500;500;7 0 4 6 8 5 3 1 2;0 1 2 3 4 5 6 7 8;13;31;31;17828;0;0;72;0.888892;20056.4;K*;                        ? Unchecked;ijcai-2026-base-14-g0df50d7
n-puzzle;unit;11/500;500;6 1 7 5 8 2 4 3 0;0 1 2 3 4 5 6 7 8;14;28;28;4660;0;0;72;0.129185;36072.3;K*;                        ? Unchecked;ijcai-2026-base-14-g0df50d7
n-puzzle;unit;12/500;500;7 5 2 1 6 3 8 0 4;0 1 2 3 4 5 6 7 8;15;29;29;8627;0;0;72;0.250266;34471.3;K*;                        ? Unchecked;ijcai-2026-base-14-g0df50d7
n-puzzle;unit;13/500;500;6 2 4 0 8 7 5 3 1;0 1 2 3 4 5 6 7 8;17;29;29;7938;0;0;72;0.368791;21524.4;K*;                        ? Unchecked;ijcai-2026-base-14-g0df50d7
n-puzzle;unit;14/500;500;0 1 6 2 5 7 4 8 3;0 1 2 3 4 5 6 7 8;16;30;30;9233;0;0;72;0.31832;29005.4;K*;                        ? Unchecked;ijcai-2026-base-14-g0df50d7
n-puzzle;unit;15/500;500;4 0 3 6 1 2 8 5 7;0 1 2 3 4 5 6 7 8;13;19;19;167;0;0;72;0.007202;23188;K*;                        ? Unchecked;ijcai-2026-base-14-g0df50d7
n-puzzle;unit;16/500;500;1 5 8 7 6 4 0 3 2;0 1 2 3 4 5 6 7 8;14;24;24;1225;0;0;72;0.057179;21423.9;K*;                        ? Unchecked;ijcai-2026-base-14-g0df50d7
n-puzzle;unit;17/500;500;2 7 0 8 4 6 3 5 1;0 1 2 3 4 5 6 7 8;16;28;28;3013;0;0;72;0.086977;34641.3;K*;                        ? Unchecked;ijcai-2026-base-14-g0df50d7
n-puzzle;unit;18/500;500;7 4 8 1 5 6 0 2 3;0 1 2 3 4 5 6 7 8;18;28;28;2318;0;0;72;0.074179;31248.7;K*;                        ? Unchecked;ijcai-2026-base-14-g0df50d7
n-puzzle;unit;19/500;500;2 3 0 1 4 7 5 6 8;0 1 2 3 4 5 6 7 8;12;28;28;5526;0;0;72;0.327412;16877.8;K*;                        ? Unchecked;ijcai-2026-base-14-g0df50d7
n-puzzle;unit;20/500;500;2 1 4 5 0 6 8 3 7;0 1 2 3 4 5 6 7 8;14;30;30;13661;0;0;72;0.688859;19831.3;K*;                        ? Unchecked;ijcai-2026-base-14-g0df50d7
n-puzzle;unit;21/500;500;8 7 6 2 5 4 1 0 3;0 1 2 3 4 5 6 7 8;21;31;31;7228;0;0;72;0.932176;7753.9;K*;                        ? Unchecked;ijcai-2026-base-14-g0df50d7
n-puzzle;unit;22/500;500;2 7 3 1 6 5 4 0 8;0 1 2 3 4 5 6 7 8;13;23;23;821;0;0;72;0.020085;40876.3;K*;                        ? Unchecked;ijcai-2026-base-14-g0df50d7
n-puzzle;unit;23/500;500;3 0 4 6 2 1 8 5 7;0 1 2 3 4 5 6 7 8;13;21;21;547;0;0;72;0.018399;29729.9;K*;                        ? Unchecked;ijcai-2026-base-14-g0df50d7
n-puzzle;unit;24/500;500;5 3 2 4 8 6 0 1 7;0 1 2 3 4 5 6 7 8;14;28;28;5528;0;0;72;0.701612;7879;K*;                        ? Unchecked;ijcai-2026-base-14-g0df50d7
n-puzzle;unit;25/500;500;1 3 5 2 4 6 8 7 0;0 1 2 3 4 5 6 7 8;12;30;30;12547;0;0;72;0.175032;71684;K*;                        ? Unchecked;ijcai-2026-base-14-g0df50d7
n-puzzle;unit;26/500;500;8 5 1 4 2 7 6 0 3;0 1 2 3 4 5 6 7 8;15;27;27;3376;0;0;72;0.201373;16764.9;K*;                        ? Unchecked;ijcai-2026-base-14-g0df50d7
n-puzzle;unit;27/500;500;2 8 5 6 3 1 4 0 7;0 1 2 3 4 5 6 7 8;13;25;25;2155;0;0;72;0.05294;40706.5;K*;                        ? Unchecked;ijcai-2026-base-14-g0df50d7
n-puzzle;unit;28/500;500;5 0 7 4 2 3 1 6 8;0 1 2 3 4 5 6 7 8;15;23;23;664;0;0;72;0.026327;25221.3;K*;                        ? Unchecked;ijcai-2026-base-14-g0df50d7
n-puzzle;unit;29/500;500;3 2 4 7 6 8 5 1 0;0 1 2 3 4 5 6 7 8;14;22;22;535;0;0;72;0.01316;40653.5;K*;                        ? Unchecked;ijcai-2026-base-14-g0df50d7
n-puzzle;unit;30/500;500;1 3 2 0 8 6 4 7 5;0 1 2 3 4 5 6 7 8;11;25;25;2601;0;0;72;0.150202;17316.7;K*;                        ? Unchecked;ijcai-2026-base-14-g0df50d7
n-puzzle;unit;31/500;500;8 2 5 3 7 6 4 0 1;0 1 2 3 4 5 6 7 8;15;27;27;3346;0;0;72;0.09934;33682.3;K*;                        ? Unchecked;ijcai-2026-base-14-g0df50d7
n-puzzle;unit;32/500;500;2 4 0 7 5 1 8 6 3;0 1 2 3 4 5 6 7 8;14;26;26;1886;0;0;72;0.041015;45983.2;K*;                        ? Unchecked;ijcai-2026-base-14-g0df50d7
n-puzzle;unit;33/500;500;0 1 5 2 6 8 7 3 4;0 1 2 3 4 5 6 7 8;12;24;24;1475;0;0;72;0.069834;21121.5;K*;                        ? Unchecked;ijcai-2026-base-14-g0df50d7
n-puzzle;unit;34/500;500;7 1 5 2 8 6 3 4 0;0 1 2 3 4 5 6 7 8;14;22;22;461;0;0;72;0.032828;14042.9;K*;                        ? Unchecked;ijcai-2026-base-14-g0df50d7
n-puzzle;unit;35/500;500;6 3 1 2 8 7 0 4 5;0 1 2 3 4 5 6 7 8;14;26;26;2658;0;0;72;0.10656;24943.7;K*;                        ? Unchecked;ijcai-2026-base-14-g0df50d7
n-puzzle;unit;36/500;500;0 3 5 4 8 6 7 2 1;0 1 2 3 4 5 6 7 8;16;26;26;1847;0;0;72;0.07885;23424.2;K*;                        ? Unchecked;ijcai-2026-base-14-g0df50d7
n-puzzle;unit;37/500;500;8 1 4 0 3 2 5 6 7;0 1 2 3 4 5 6 7 8;13;25;25;1875;0;0;72;0.114154;16425.2;K*;                        ? Unchecked;ijcai-2026-base-14-g0df50d7
n-puzzle;unit;38/500;500;7 4 1 6 2 8 3 5 0;0 1 2 3 4 5 6 7 8;12;26;26;3518;0;0;72;0.072365;48614.7;K*;                        ? Unchecked;ijcai-2026-base-14-g0df50d7
n-puzzle;unit;39/500;500;4 6 8 0 5 1 3 2 7;0 1 2 3 4 5 6 7 8;15;27;27;3393;0;0;72;0.079919;42455.5;K*;                        ? Unchecked;ijcai-2026-base-14-g0df50d7
n-puzzle;unit;40/500;500;4 2 8 6 0 1 3 5 7;0 1 2 3 4 5 6 7 8;12;24;24;1868;0;0;72;0.040887;45686.9;K*;                        ? Unchecked;ijcai-2026-base-14-g0df50d7
n-puzzle;unit;41/500;500;3 7 8 4 5 2 6 1 0;0 1 2 3 4 5 6 7 8;10;24;24;1043;0;0;72;0.026882;38799.2;K*;                        ? Unchecked;ijcai-2026-base-14-g0df50d7
n-puzzle;unit;42/500;500;7 5 6 1 0 3 2 8 4;0 1 2 3 4 5 6 7 8;20;28;28;2449;0;0;72;0.225501;10860.3;K*;                        ? Unchecked;ijcai-2026-base-14-g0df50d7
n-puzzle;unit;43/500;500;1 6 4 8 5 3 7 2 0;0 1 2 3 4 5 6 7 8;16;26;26;1832;0;0;72;0.073192;25030.1;K*;                        ? Unchecked;ijcai-2026-base-14-g0df50d7
n-puzzle;unit;44/500;500;2 5 7 1 8 4 3 6 0;0 1 2 3 4 5 6 7 8;14;20;20;207;0;0;72;0.009209;22478;K*;                        ? Unchecked;ijcai-2026-base-14-g0df50d7
n-puzzle;unit;45/500;500;3 8 4 0 7 1 5 6 2;0 1 2 3 4 5 6 7 8;15;23;23;628;0;0;72;0.015969;39326.2;K*;                        ? Unchecked;ijcai-2026-base-14-g0df50d7
n-puzzle;unit;46/500;500;3 0 5 4 2 1 7 8 6;0 1 2 3 4 5 6 7 8;11;23;23;1103;0;0;72;0.025104;43937.2;K*;                        ? Unchecked;ijcai-2026-base-14-g0df50d7
n-puzzle;unit;47/500;500;4 5 3 1 7 0 8 2 6;0 1 2 3 4 5 6 7 8;17;27;27;2616;0;0;72;0.234787;11142;K*;                        ? Unchecked;ijcai-2026-base-14-g0df50d7
n-puzzle;unit;48/500;500;1 8 4 2 3 5 6 0 7;0 1 2 3 4 5 6 7 8;11;23;23;1135;0;0;72;0.022858;49654.4;K*;                        ? Unchecked;ijcai-2026-base-14-g0df50d7
n-puzzle;unit;49/500;500;4 8 1 0 6 7 3 2 5;0 1 2 3 4 5 6 7 8;15;29;29;9678;0;0;72;0.591554;16360.3;K*;                        ? Unchecked;ijcai-2026-base-14-g0df50d7
n-puzzle;unit;50/500;500;8 5 3 4 6 1 7 2 0;0 1 2 3 4 5 6 7 8;18;28;28;3402;0;0;72;0.142089;23942.7;K*;                        ? Unchecked;ijcai-2026-base-14-g0df50d7
n-puzzle;unit;51/500;500;4 3 7 1 5 2 6 0 8;0 1 2 3 4 5 6 7 8;11;23;23;1178;0;0;72;0.054016;21808.4;K*;                        ? Unchecked;ijcai-2026-base-14-g0df50d7
n-puzzle;unit;52/500;500;7 4 1 2 3 0 5 8 6;0 1 2 3 4 5 6 7 8;15;31;31;16016;0;0;72;0.876706;18268.4;K*;                        ? Unchecked;ijcai-2026-base-14-g0df50d7
n-puzzle;unit;53/500;500;7 5 6 8 2 1 0 4 3;0 1 2 3 4 5 6 7 8;20;30;30;6387;0;0;72;0.231634;27573.7;K*;                        ? Unchecked;ijcai-2026-base-14-g0df50d7
n-puzzle;unit;54/500;500;2 8 5 0 7 6 1 4 3;0 1 2 3 4 5 6 7 8;17;25;25;988;0;0;72;0.025626;38554.6;K*;                        ? Unchecked;ijcai-2026-base-14-g0df50d7
n-puzzle;unit;55/500;500;3 5 2 4 1 6 8 0 7;0 1 2 3 4 5 6 7 8;11;27;27;5279;0;0;72;0.128624;41042.1;K*;                        ? Unchecked;ijcai-2026-base-14-g0df50d7
n-puzzle;unit;56/500;500;8 6 1 5 4 3 0 2 7;0 1 2 3 4 5 6 7 8;16;30;30;7251;0;0;72;0.406205;17850.6;K*;                        ? Unchecked;ijcai-2026-base-14-g0df50d7
n-puzzle;unit;57/500;500;4 6 5 7 3 2 1 0 8;0 1 2 3 4 5 6 7 8;13;25;25;2189;0;0;72;0.047081;46494.3;K*;                        ? Unchecked;ijcai-2026-base-14-g0df50d7
n-puzzle;unit;58/500;500;3 7 4 2 8 6 5 0 1;0 1 2 3 4 5 6 7 8;19;29;29;5854;0;0;72;0.170285;34377.7;K*;                        ? Unchecked;ijcai-2026-base-14-g0df50d7
n-puzzle;unit;59/500;500;8 7 4 5 6 2 3 0 1;0 1 2 3 4 5 6 7 8;17;31;31;14430;0;0;72;0.902391;15990.9;K*;                        ? Unchecked;ijcai-2026-base-14-g0df50d7
n-puzzle;unit;60/500;500;6 1 5 3 4 0 8 2 7;0 1 2 3 4 5 6 7 8;9;25;25;2354;0;0;72;0.052044;45231;K*;                        ? Unchecked;ijcai-2026-base-14-g0df50d7
n-puzzle;unit;61/500;500;4 5 2 8 0 3 1 6 7;0 1 2 3 4 5 6 7 8;14;24;24;1366;0;0;72;0.047221;28927.8;K*;                        ? Unchecked;ijcai-2026-base-14-g0df50d7
n-puzzle;unit;62/500;500;8 5 4 6 1 2 7 3 0;0 1 2 3 4 5 6 7 8;14;28;28;4657;0;0;72;0.335942;13862.5;K*;                        ? Unchecked;ijcai-2026-base-14-g0df50d7
n-puzzle;unit;63/500;500;0 5 8 2 6 7 4 3 1;0 1 2 3 4 5 6 7 8;18;26;26;1664;0;0;72;0.110965;14995.7;K*;                        ? Unchecked;ijcai-2026-base-14-g0df50d7
n-puzzle;unit;64/500;500;5 0 1 8 7 3 4 6 2;0 1 2 3 4 5 6 7 8;15;27;27;2937;0;0;72;0.067891;43260.5;K*;                        ? Unchecked;ijcai-2026-base-14-g0df50d7
n-puzzle;unit;65/500;500;7 6 1 3 4 8 0 5 2;0 1 2 3 4 5 6 7 8;12;26;26;2496;0;0;72;0.0967;25811.8;K*;                        ? Unchecked;ijcai-2026-base-14-g0df50d7
n-puzzle;unit;66/500;500;8 0 7 3 6 5 1 2 4;0 1 2 3 4 5 6 7 8;17;29;29;5349;0;0;72;0.287266;18620.4;K*;                        ? Unchecked;ijcai-2026-base-14-g0df50d7
n-puzzle;unit;67/500;500;7 2 8 6 5 1 4 0 3;0 1 2 3 4 5 6 7 8;15;27;27;3469;0;0;72;0.082656;41969.1;K*;                        ? Unchecked;ijcai-2026-base-14-g0df50d7
n-puzzle;unit;68/500;500;5 0 3 4 1 8 2 7 6;0 1 2 3 4 5 6 7 8;15;27;27;2484;0;0;72;0.027665;89788.5;K*;                        ? Unchecked;ijcai-2026-base-14-g0df50d7
n-puzzle;unit;69/500;500;7 8 4 6 3 5 2 1 0;0 1 2 3 4 5 6 7 8;16;30;30;8074;0;0;72;0.55049;14666.9;K*;                        ? Unchecked;ijcai-2026-base-14-g0df50d7
n-puzzle;unit;70/500;500;7 0 3 2 8 1 5 4 6;0 1 2 3 4 5 6 7 8;19;25;25;614;0;0;72;0.018224;33691.8;K*;                        ? Unchecked;ijcai-2026-base-14-g0df50d7
n-puzzle;unit;71/500;500;1 0 7 3 4 8 2 5 6;0 1 2 3 4 5 6 7 8;13;27;27;3281;0;0;72;0.307726;10662.1;K*;                        ? Unchecked;ijcai-2026-base-14-g0df50d7
n-puzzle;unit;72/500;500;8 0 7 4 3 6 5 2 1;0 1 2 3 4 5 6 7 8;21;29;29;2824;0;0;72;0.239179;11807.1;K*;                        ? Unchecked;ijcai-2026-base-14-g0df50d7
n-puzzle;unit;73/500;500;3 7 8 5 1 2 0 6 4;0 1 2 3 4 5 6 7 8;12;28;28;5398;0;0;72;0.151281;35681.9;K*;                        ? Unchecked;ijcai-2026-base-14-g0df50d7
n-puzzle;unit;74/500;500;1 6 2 0 7 8 4 5 3;0 1 2 3 4 5 6 7 8;13;21;21;389;0;0;72;0.011205;34716.6;K*;                        ? Unchecked;ijcai-2026-base-14-g0df50d7
n-puzzle;unit;75/500;500;6 1 2 3 0 8 4 5 7;0 1 2 3 4 5 6 7 8;8;22;22;1108;0;0;72;0.034413;32197.1;K*;                        ? Unchecked;ijcai-2026-base-14-g0df50d7
n-puzzle;unit;76/500;500;1 0 7 5 6 4 3 2 8;0 1 2 3 4 5 6 7 8;13;25;25;1558;0;0;72;0.037693;41333.9;K*;                        ? Unchecked;ijcai-2026-base-14-g0df50d7
n-puzzle;unit;77/500;500;2 7 6 1 4 0 5 3 8;0 1 2 3 4 5 6 7 8;15;27;27;2709;0;0;72;0.109497;24740.4;K*;                        ? Unchecked;ijcai-2026-base-14-g0df50d7
n-puzzle;unit;78/500;500;2 3 8 4 0 6 1 5 7;0 1 2 3 4 5 6 7 8;16;26;26;2267;0;0;72;0.122083;18569.3;K*;                        ? Unchecked;ijcai-2026-base-14-g0df50d7
n-puzzle;unit;79/500;500;0 5 4 6 1 7 8 2 3;0 1 2 3 4 5 6 7 8;16;28;28;4061;0;0;72;0.37777;10749.9;K*;                        ? Unchecked;ijcai-2026-base-14-g0df50d7
n-puzzle;unit;80/500;500;5 3 4 7 0 1 8 6 2;0 1 2 3 4 5 6 7 8;16;24;24;1117;0;0;72;0.03689;30279.2;K*;                        ? Unchecked;ijcai-2026-base-14-g0df50d7
n-puzzle;unit;81/500;500;1 7 5 6 8 3 4 2 0;0 1 2 3 4 5 6 7 8;14;26;26;2711;0;0;72;0.064605;41962.7;K*;                        ? Unchecked;ijcai-2026-base-14-g0df50d7
n-puzzle;unit;82/500;500;3 1 4 0 5 8 2 7 6;0 1 2 3 4 5 6 7 8;11;25;25;1924;0;0;72;0.204886;9390.59;K*;                        ? Unchecked;ijcai-2026-base-14-g0df50d7
n-puzzle;unit;83/500;500;4 2 3 0 5 1 8 6 7;0 1 2 3 4 5 6 7 8;13;23;23;662;0;0;72;0.018356;36064.5;K*;                        ? Unchecked;ijcai-2026-base-14-g0df50d7
n-puzzle;unit;84/500;500;4 7 3 1 6 5 8 0 2;0 1 2 3 4 5 6 7 8;15;27;27;6729;0;0;72;1.14327;5885.75;K*;                        ? Unchecked;ijcai-2026-base-14-g0df50d7
n-puzzle;unit;85/500;500;3 6 0 1 5 8 4 2 7;0 1 2 3 4 5 6 7 8;14;26;26;1980;0;0;72;0.042111;47018.6;K*;                        ? Unchecked;ijcai-2026-base-14-g0df50d7
n-puzzle;unit;86/500;500;8 6 2 7 5 1 3 0 4;0 1 2 3 4 5 6 7 8;15;29;29;12498;0;0;72;1.48304;8427.29;K*;                        ? Unchecked;ijcai-2026-base-14-g0df50d7
n-puzzle;unit;87/500;500;3 2 5 7 6 0 8 1 4;0 1 2 3 4 5 6 7 8;13;21;21;421;0;0;72;0.0156;26987.2;K*;                        ? Unchecked;ijcai-2026-base-14-g0df50d7
n-puzzle;unit;88/500;500;1 3 2 4 0 5 8 7 6;0 1 2 3 4 5 6 7 8;8;26;26;4408;0;0;72;0.221999;19855.9;K*;                        ? Unchecked;ijcai-2026-base-14-g0df50d7
n-puzzle;unit;89/500;500;0 8 4 3 2 1 6 5 7;0 1 2 3 4 5 6 7 8;12;22;22;544;0;0;72;0.014661;37105.2;K*;                        ? Unchecked;ijcai-2026-base-14-g0df50d7
n-puzzle;unit;90/500;500;0 6 1 5 7 8 4 2 3;0 1 2 3 4 5 6 7 8;16;26;26;1694;0;0;72;0.069647;24322.7;K*;                        ? Unchecked;ijcai-2026-base-14-g0df50d7
n-puzzle;unit;91/500;500;2 1 6 4 5 8 3 0 7;0 1 2 3 4 5 6 7 8;11;27;27;4448;0;0;72;0.290426;15315.4;K*;                        ? Unchecked;ijcai-2026-base-14-g0df50d7
n-puzzle;unit;92/500;500;3 7 4 6 1 5 8 0 2;0 1 2 3 4 5 6 7 8;11;25;25;2275;0;0;72;0.10366;21946.7;K*;                        ? Unchecked;ijcai-2026-base-14-g0df50d7
n-puzzle;unit;93/500;500;7 6 1 3 5 8 2 4 0;0 1 2 3 4 5 6 7 8;14;26;26;2126;0;0;72;0.086604;24548.5;K*;                        ? Unchecked;ijcai-2026-base-14-g0df50d7
n-puzzle;unit;94/500;500;4 7 8 1 0 3 6 2 5;0 1 2 3 4 5 6 7 8;14;26;26;2943;0;0;72;0.266565;11040.5;K*;                        ? Unchecked;ijcai-2026-base-14-g0df50d7
n-puzzle;unit;95/500;500;0 5 8 2 7 4 1 6 3;0 1 2 3 4 5 6 7 8;16;24;24;530;0;0;72;0.022293;23774.3;K*;                        ? Unchecked;ijcai-2026-base-14-g0df50d7
n-puzzle;unit;96/500;500;5 2 3 8 7 0 1 6 4;0 1 2 3 4 5 6 7 8;17;27;27;2597;0;0;72;0.08656;30002.3;K*;                        ? Unchecked;ijcai-2026-base-14-g0df50d7
n-puzzle;unit;97/500;500;8 3 0 4 7 2 6 1 5;0 1 2 3 4 5 6 7 8;12;22;22;380;0;0;72;0.011037;34429.6;K*;                        ? Unchecked;ijcai-2026-base-14-g0df50d7
n-puzzle;unit;98/500;500;5 8 6 0 7 4 1 3 2;0 1 2 3 4 5 6 7 8;19;29;29;4633;0;0;72;0.248475;18645.7;K*;                        ? Unchecked;ijcai-2026-base-14-g0df50d7
n-puzzle;unit;99/500;500;7 5 0 6 3 2 1 8 4;0 1 2 3 4 5 6 7 8;14;30;30;12783;0;0;72;1.84616;6924.11;K*;                        ? Unchecked;ijcai-2026-base-14-g0df50d7
n-puzzle;unit;0/600;600;5 6 0 8 4 7 1 3 2;0 1 2 3 4 5 6 7 8;18;28;28;1824;0;0;72;0.048353;37722.6;K*;                        ? Unchecked;ijcai-2026-base-14-g0df50d7
n-puzzle;unit;1/600;600;0 8 6 4 7 1 5 3 2;0 1 2 3 4 5 6 7 8;18;28;28;2568;0;0;72;0.069332;37039.2;K*;                        ? Unchecked;ijcai-2026-base-14-g0df50d7
n-puzzle;unit;2/600;600;5 2 8 0 7 4 1 3 6;0 1 2 3 4 5 6 7 8;15;25;25;1578;0;0;72;0.032825;48073.1;K*;                        ? Unchecked;ijcai-2026-base-14-g0df50d7
n-puzzle;unit;3/600;600;7 2 6 0 8 1 5 4 3;0 1 2 3 4 5 6 7 8;19;29;29;4721;0;0;72;0.168331;28045.9;K*;                        ? Unchecked;ijcai-2026-base-14-g0df50d7
n-puzzle;unit;4/600;600;5 1 8 6 0 7 2 4 3;0 1 2 3 4 5 6 7 8;16;28;28;4855;0;0;72;0.78138;6213.37;K*;                        ? Unchecked;ijcai-2026-base-14-g0df50d7
n-puzzle;unit;5/600;600;8 0 3 6 4 5 7 2 1;0 1 2 3 4 5 6 7 8;15;27;27;2993;0;0;72;0.092934;32205.7;K*;                        ? Unchecked;ijcai-2026-base-14-g0df50d7
n-puzzle;unit;6/600;600;4 2 7 1 5 8 0 6 3;0 1 2 3 4 5 6 7 8;14;22;22;433;0;0;72;0.019506;22198.3;K*;                        ? Unchecked;ijcai-2026-base-14-g0df50d7
n-puzzle;unit;7/600;600;4 1 7 3 2 5 6 0 8;0 1 2 3 4 5 6 7 8;7;23;23;1430;0;0;72;0.041004;34874.6;K*;                        ? Unchecked;ijcai-2026-base-14-g0df50d7
n-puzzle;unit;8/600;600;8 4 0 5 1 6 2 7 3;0 1 2 3 4 5 6 7 8;18;30;30;4338;0;0;72;0.075092;57769.1;K*;                        ? Unchecked;ijcai-2026-base-14-g0df50d7
n-puzzle;unit;9/600;600;1 3 0 7 6 2 5 8 4;0 1 2 3 4 5 6 7 8;14;26;26;2754;0;0;72;0.167051;16486;K*;                        ? Unchecked;ijcai-2026-base-14-g0df50d7
n-puzzle;unit;10/600;600;7 0 4 6 8 5 3 1 2;0 1 2 3 4 5 6 7 8;13;31;31;17828;0;0;74;0.891516;19997.4;K*;                        ? Unchecked;ijcai-2026-base-14-g0df50d7
n-puzzle;unit;11/600;600;6 1 7 5 8 2 4 3 0;0 1 2 3 4 5 6 7 8;14;28;28;4660;0;0;74;0.130611;35678.5;K*;                        ? Unchecked;ijcai-2026-base-14-g0df50d7
n-puzzle;unit;12/600;600;7 5 2 1 6 3 8 0 4;0 1 2 3 4 5 6 7 8;15;29;29;8627;0;0;74;0.253632;34013.8;K*;                        ? Unchecked;ijcai-2026-base-14-g0df50d7
n-puzzle;unit;13/600;600;6 2 4 0 8 7 5 3 1;0 1 2 3 4 5 6 7 8;17;29;29;7938;0;0;74;0.404917;19604;K*;                        ? Unchecked;ijcai-2026-base-14-g0df50d7
n-puzzle;unit;14/600;600;0 1 6 2 5 7 4 8 3;0 1 2 3 4 5 6 7 8;16;30;30;9233;0;0;74;0.322556;28624.5;K*;                        ? Unchecked;ijcai-2026-base-14-g0df50d7
n-puzzle;unit;15/600;600;4 0 3 6 1 2 8 5 7;0 1 2 3 4 5 6 7 8;13;21;21;433;0;0;74;0.08029;5392.95;K*;                        ? Unchecked;ijcai-2026-base-14-g0df50d7
n-puzzle;unit;16/600;600;1 5 8 7 6 4 0 3 2;0 1 2 3 4 5 6 7 8;14;24;24;1225;0;0;74;0.058622;20896.6;K*;                        ? Unchecked;ijcai-2026-base-14-g0df50d7
n-puzzle;unit;17/600;600;2 7 0 8 4 6 3 5 1;0 1 2 3 4 5 6 7 8;16;28;28;3013;0;0;74;0.088783;33936.7;K*;                        ? Unchecked;ijcai-2026-base-14-g0df50d7
n-puzzle;unit;18/600;600;7 4 8 1 5 6 0 2 3;0 1 2 3 4 5 6 7 8;18;28;28;2318;0;0;74;0.076076;30469.5;K*;                        ? Unchecked;ijcai-2026-base-14-g0df50d7
n-puzzle;unit;19/600;600;2 3 0 1 4 7 5 6 8;0 1 2 3 4 5 6 7 8;12;28;28;5526;0;0;74;0.330471;16721.6;K*;                        ? Unchecked;ijcai-2026-base-14-g0df50d7
n-puzzle;unit;20/600;600;2 1 4 5 0 6 8 3 7;0 1 2 3 4 5 6 7 8;14;30;30;13661;0;0;74;0.692254;19734.1;K*;                        ? Unchecked;ijcai-2026-base-14-g0df50d7
n-puzzle;unit;21/600;600;8 7 6 2 5 4 1 0 3;0 1 2 3 4 5 6 7 8;21;31;31;7228;0;0;74;0.896215;8065.03;K*;                        ? Unchecked;ijcai-2026-base-14-g0df50d7
n-puzzle;unit;22/600;600;2 7 3 1 6 5 4 0 8;0 1 2 3 4 5 6 7 8;13;23;23;821;0;0;74;0.021242;38649.8;K*;                        ? Unchecked;ijcai-2026-base-14-g0df50d7
n-puzzle;unit;23/600;600;3 0 4 6 2 1 8 5 7;0 1 2 3 4 5 6 7 8;13;21;21;547;0;0;74;0.018672;29295.2;K*;                        ? Unchecked;ijcai-2026-base-14-g0df50d7
n-puzzle;unit;24/600;600;5 3 2 4 8 6 0 1 7;0 1 2 3 4 5 6 7 8;14;28;28;5528;0;0;74;0.696474;7937.12;K*;                        ? Unchecked;ijcai-2026-base-14-g0df50d7
n-puzzle;unit;25/600;600;1 3 5 2 4 6 8 7 0;0 1 2 3 4 5 6 7 8;12;30;30;12547;0;0;74;0.181303;69204.6;K*;                        ? Unchecked;ijcai-2026-base-14-g0df50d7
n-puzzle;unit;26/600;600;8 5 1 4 2 7 6 0 3;0 1 2 3 4 5 6 7 8;15;27;27;3376;0;0;74;0.202638;16660.3;K*;                        ? Unchecked;ijcai-2026-base-14-g0df50d7
n-puzzle;unit;27/600;600;2 8 5 6 3 1 4 0 7;0 1 2 3 4 5 6 7 8;13;25;25;2155;0;0;74;0.054108;39827.8;K*;                        ? Unchecked;ijcai-2026-base-14-g0df50d7
n-puzzle;unit;28/600;600;5 0 7 4 2 3 1 6 8;0 1 2 3 4 5 6 7 8;15;23;23;664;0;0;74;0.026651;24914.6;K*;                        ? Unchecked;ijcai-2026-base-14-g0df50d7
n-puzzle;unit;29/600;600;3 2 4 7 6 8 5 1 0;0 1 2 3 4 5 6 7 8;14;22;22;535;0;0;74;0.014126;37873.4;K*;                        ? Unchecked;ijcai-2026-base-14-g0df50d7
n-puzzle;unit;30/600;600;1 3 2 0 8 6 4 7 5;0 1 2 3 4 5 6 7 8;11;25;25;2601;0;0;74;0.151384;17181.5;K*;                        ? Unchecked;ijcai-2026-base-14-g0df50d7
n-puzzle;unit;31/600;600;8 2 5 3 7 6 4 0 1;0 1 2 3 4 5 6 7 8;15;27;27;3346;0;0;74;0.099745;33545.5;K*;                        ? Unchecked;ijcai-2026-base-14-g0df50d7
n-puzzle;unit;32/600;600;2 4 0 7 5 1 8 6 3;0 1 2 3 4 5 6 7 8;14;26;26;1886;0;0;74;0.041175;45804.5;K*;                        ? Unchecked;ijcai-2026-base-14-g0df50d7
n-puzzle;unit;33/600;600;0 1 5 2 6 8 7 3 4;0 1 2 3 4 5 6 7 8;12;24;24;1475;0;0;74;0.070458;20934.5;K*;                        ? Unchecked;ijcai-2026-base-14-g0df50d7
n-puzzle;unit;34/600;600;7 1 5 2 8 6 3 4 0;0 1 2 3 4 5 6 7 8;14;22;22;461;0;0;74;0.03318;13893.9;K*;                        ? Unchecked;ijcai-2026-base-14-g0df50d7
n-puzzle;unit;35/600;600;6 3 1 2 8 7 0 4 5;0 1 2 3 4 5 6 7 8;14;26;26;2658;0;0;74;0.107086;24821.2;K*;                        ? Unchecked;ijcai-2026-base-14-g0df50d7
n-puzzle;unit;36/600;600;0 3 5 4 8 6 7 2 1;0 1 2 3 4 5 6 7 8;16;26;26;1847;0;0;74;0.0798;23145.4;K*;                        ? Unchecked;ijcai-2026-base-14-g0df50d7
n-puzzle;unit;37/600;600;8 1 4 0 3 2 5 6 7;0 1 2 3 4 5 6 7 8;13;25;25;1875;0;0;74;0.11623;16131.8;K*;                        ? Unchecked;ijcai-2026-base-14-g0df50d7
n-puzzle;unit;38/600;600;7 4 1 6 2 8 3 5 0;0 1 2 3 4 5 6 7 8;12;26;26;3518;0;0;74;0.07278;48337.5;K*;                        ? Unchecked;ijcai-2026-base-14-g0df50d7
n-puzzle;unit;39/600;600;4 6 8 0 5 1 3 2 7;0 1 2 3 4 5 6 7 8;15;27;27;3393;0;0;74;0.080999;41889.4;K*;                        ? Unchecked;ijcai-2026-base-14-g0df50d7
n-puzzle;unit;40/600;600;4 2 8 6 0 1 3 5 7;0 1 2 3 4 5 6 7 8;12;24;24;1868;0;0;74;0.041448;45068.5;K*;                        ? Unchecked;ijcai-2026-base-14-g0df50d7
n-puzzle;unit;41/600;600;3 7 8 4 5 2 6 1 0;0 1 2 3 4 5 6 7 8;10;24;24;1043;0;0;74;0.027418;38040.7;K*;                        ? Unchecked;ijcai-2026-base-14-g0df50d7
n-puzzle;unit;42/600;600;7 5 6 1 0 3 2 8 4;0 1 2 3 4 5 6 7 8;20;28;28;2449;0;0;74;0.2265;10812.4;K*;                        ? Unchecked;ijcai-2026-base-14-g0df50d7
n-puzzle;unit;43/600;600;1 6 4 8 5 3 7 2 0;0 1 2 3 4 5 6 7 8;16;26;26;1832;0;0;74;0.074292;24659.5;K*;                        ? Unchecked;ijcai-2026-base-14-g0df50d7
n-puzzle;unit;44/600;600;2 5 7 1 8 4 3 6 0;0 1 2 3 4 5 6 7 8;14;20;20;207;0;0;74;0.009829;21060.1;K*;                        ? Unchecked;ijcai-2026-base-14-g0df50d7
n-puzzle;unit;45/600;600;3 8 4 0 7 1 5 6 2;0 1 2 3 4 5 6 7 8;15;23;23;628;0;0;74;0.016672;37667.9;K*;                        ? Unchecked;ijcai-2026-base-14-g0df50d7
n-puzzle;unit;46/600;600;3 0 5 4 2 1 7 8 6;0 1 2 3 4 5 6 7 8;11;23;23;1103;0;0;74;0.025691;42933.3;K*;                        ? Unchecked;ijcai-2026-base-14-g0df50d7
n-puzzle;unit;47/600;600;4 5 3 1 7 0 8 2 6;0 1 2 3 4 5 6 7 8;17;27;27;2616;0;0;74;0.231564;11297.1;K*;                        ? Unchecked;ijcai-2026-base-14-g0df50d7
n-puzzle;unit;48/600;600;1 8 4 2 3 5 6 0 7;0 1 2 3 4 5 6 7 8;11;23;23;1135;0;0;74;0.023903;47483.6;K*;                        ? Unchecked;ijcai-2026-base-14-g0df50d7
n-puzzle;unit;49/600;600;4 8 1 0 6 7 3 2 5;0 1 2 3 4 5 6 7 8;15;29;29;9678;0;0;74;0.596678;16219.8;K*;                        ? Unchecked;ijcai-2026-base-14-g0df50d7
n-puzzle;unit;50/600;600;8 5 3 4 6 1 7 2 0;0 1 2 3 4 5 6 7 8;18;28;28;3402;0;0;74;0.143499;23707.5;K*;                        ? Unchecked;ijcai-2026-base-14-g0df50d7
n-puzzle;unit;51/600;600;4 3 7 1 5 2 6 0 8;0 1 2 3 4 5 6 7 8;11;23;23;1178;0;0;74;0.054881;21464.6;K*;                        ? Unchecked;ijcai-2026-base-14-g0df50d7
n-puzzle;unit;52/600;600;7 4 1 2 3 0 5 8 6;0 1 2 3 4 5 6 7 8;15;31;31;16016;0;0;74;0.882288;18152.8;K*;                        ? Unchecked;ijcai-2026-base-14-g0df50d7
n-puzzle;unit;53/600;600;7 5 6 8 2 1 0 4 3;0 1 2 3 4 5 6 7 8;20;30;30;6387;0;0;74;0.23356;27346.3;K*;                        ? Unchecked;ijcai-2026-base-14-g0df50d7
n-puzzle;unit;54/600;600;2 8 5 0 7 6 1 4 3;0 1 2 3 4 5 6 7 8;17;25;25;988;0;0;74;0.026271;37608;K*;                        ? Unchecked;ijcai-2026-base-14-g0df50d7
n-puzzle;unit;55/600;600;3 5 2 4 1 6 8 0 7;0 1 2 3 4 5 6 7 8;11;27;27;5279;0;0;74;0.130842;40346.4;K*;                        ? Unchecked;ijcai-2026-base-14-g0df50d7
n-puzzle;unit;56/600;600;8 6 1 5 4 3 0 2 7;0 1 2 3 4 5 6 7 8;16;30;30;7251;0;0;74;0.408517;17749.6;K*;                        ? Unchecked;ijcai-2026-base-14-g0df50d7
n-puzzle;unit;57/600;600;4 6 5 7 3 2 1 0 8;0 1 2 3 4 5 6 7 8;13;25;25;2189;0;0;74;0.048301;45320;K*;                        ? Unchecked;ijcai-2026-base-14-g0df50d7
n-puzzle;unit;58/600;600;3 7 4 2 8 6 5 0 1;0 1 2 3 4 5 6 7 8;19;29;29;5854;0;0;74;0.173143;33810.2;K*;                        ? Unchecked;ijcai-2026-base-14-g0df50d7
n-puzzle;unit;59/600;600;8 7 4 5 6 2 3 0 1;0 1 2 3 4 5 6 7 8;17;31;31;14430;0;0;74;0.90304;15979.4;K*;                        ? Unchecked;ijcai-2026-base-14-g0df50d7
n-puzzle;unit;60/600;600;6 1 5 3 4 0 8 2 7;0 1 2 3 4 5 6 7 8;9;25;25;2354;0;0;74;0.052858;44534.4;K*;                        ? Unchecked;ijcai-2026-base-14-g0df50d7
n-puzzle;unit;61/600;600;4 5 2 8 0 3 1 6 7;0 1 2 3 4 5 6 7 8;14;24;24;1366;0;0;74;0.048349;28252.9;K*;                        ? Unchecked;ijcai-2026-base-14-g0df50d7
n-puzzle;unit;62/600;600;8 5 4 6 1 2 7 3 0;0 1 2 3 4 5 6 7 8;14;28;28;4657;0;0;74;0.389179;11966.2;K*;                        ? Unchecked;ijcai-2026-base-14-g0df50d7
n-puzzle;unit;63/600;600;0 5 8 2 6 7 4 3 1;0 1 2 3 4 5 6 7 8;18;26;26;1664;0;0;74;0.114239;14566;K*;                        ? Unchecked;ijcai-2026-base-14-g0df50d7
n-puzzle;unit;64/600;600;5 0 1 8 7 3 4 6 2;0 1 2 3 4 5 6 7 8;15;27;27;2937;0;0;74;0.069661;42161.3;K*;                        ? Unchecked;ijcai-2026-base-14-g0df50d7
n-puzzle;unit;65/600;600;7 6 1 3 4 8 0 5 2;0 1 2 3 4 5 6 7 8;12;26;26;2496;0;0;74;0.098119;25438.5;K*;                        ? Unchecked;ijcai-2026-base-14-g0df50d7
n-puzzle;unit;66/600;600;8 0 7 3 6 5 1 2 4;0 1 2 3 4 5 6 7 8;17;29;29;5349;0;0;74;0.290277;18427.2;K*;                        ? Unchecked;ijcai-2026-base-14-g0df50d7
n-puzzle;unit;67/600;600;7 2 8 6 5 1 4 0 3;0 1 2 3 4 5 6 7 8;15;27;27;3469;0;0;74;0.085399;40621.1;K*;                        ? Unchecked;ijcai-2026-base-14-g0df50d7
n-puzzle;unit;68/600;600;5 0 3 4 1 8 2 7 6;0 1 2 3 4 5 6 7 8;15;27;27;5244;0;0;74;0.985555;5320.86;K*;                        ? Unchecked;ijcai-2026-base-14-g0df50d7
n-puzzle;unit;69/600;600;7 8 4 6 3 5 2 1 0;0 1 2 3 4 5 6 7 8;16;30;30;8074;0;0;74;0.553711;14581.6;K*;                        ? Unchecked;ijcai-2026-base-14-g0df50d7
n-puzzle;unit;70/600;600;7 0 3 2 8 1 5 4 6;0 1 2 3 4 5 6 7 8;19;25;25;614;0;0;74;0.019394;31659.3;K*;                        ? Unchecked;ijcai-2026-base-14-g0df50d7
n-puzzle;unit;71/600;600;1 0 7 3 4 8 2 5 6;0 1 2 3 4 5 6 7 8;13;27;27;3281;0;0;74;0.309133;10613.6;K*;                        ? Unchecked;ijcai-2026-base-14-g0df50d7
n-puzzle;unit;72/600;600;8 0 7 4 3 6 5 2 1;0 1 2 3 4 5 6 7 8;21;29;29;2824;0;0;74;0.240825;11726.4;K*;                        ? Unchecked;ijcai-2026-base-14-g0df50d7
n-puzzle;unit;73/600;600;3 7 8 5 1 2 0 6 4;0 1 2 3 4 5 6 7 8;12;28;28;5398;0;0;74;0.153118;35253.9;K*;                        ? Unchecked;ijcai-2026-base-14-g0df50d7
n-puzzle;unit;74/600;600;1 6 2 0 7 8 4 5 3;0 1 2 3 4 5 6 7 8;13;21;21;389;0;0;74;0.012369;31449.6;K*;                        ? Unchecked;ijcai-2026-base-14-g0df50d7
n-puzzle;unit;75/600;600;6 1 2 3 0 8 4 5 7;0 1 2 3 4 5 6 7 8;8;22;22;1108;0;0;74;0.035353;31341;K*;                        ? Unchecked;ijcai-2026-base-14-g0df50d7
n-puzzle;unit;76/600;600;1 0 7 5 6 4 3 2 8;0 1 2 3 4 5 6 7 8;13;25;25;1558;0;0;74;0.039012;39936.4;K*;                        ? Unchecked;ijcai-2026-base-14-g0df50d7
n-puzzle;unit;77/600;600;2 7 6 1 4 0 5 3 8;0 1 2 3 4 5 6 7 8;15;27;27;2709;0;0;74;0.115448;23465.1;K*;                        ? Unchecked;ijcai-2026-base-14-g0df50d7
n-puzzle;unit;78/600;600;2 3 8 4 0 6 1 5 7;0 1 2 3 4 5 6 7 8;16;26;26;2267;0;0;74;0.125137;18116.1;K*;                        ? Unchecked;ijcai-2026-base-14-g0df50d7
n-puzzle;unit;79/600;600;0 5 4 6 1 7 8 2 3;0 1 2 3 4 5 6 7 8;16;28;28;4061;0;0;74;0.356088;11404.5;K*;                        ? Unchecked;ijcai-2026-base-14-g0df50d7
n-puzzle;unit;80/600;600;5 3 4 7 0 1 8 6 2;0 1 2 3 4 5 6 7 8;16;24;24;1117;0;0;74;0.037644;29672.7;K*;                        ? Unchecked;ijcai-2026-base-14-g0df50d7
n-puzzle;unit;81/600;600;1 7 5 6 8 3 4 2 0;0 1 2 3 4 5 6 7 8;14;26;26;2711;0;0;74;0.065334;41494.5;K*;                        ? Unchecked;ijcai-2026-base-14-g0df50d7
n-puzzle;unit;82/600;600;3 1 4 0 5 8 2 7 6;0 1 2 3 4 5 6 7 8;11;25;25;1924;0;0;74;0.206634;9311.15;K*;                        ? Unchecked;ijcai-2026-base-14-g0df50d7
n-puzzle;unit;83/600;600;4 2 3 0 5 1 8 6 7;0 1 2 3 4 5 6 7 8;13;23;23;662;0;0;74;0.018459;35863.3;K*;                        ? Unchecked;ijcai-2026-base-14-g0df50d7
n-puzzle;unit;84/600;600;4 7 3 1 6 5 8 0 2;0 1 2 3 4 5 6 7 8;15;29;29;8007;0;0;74;1.63554;4895.62;K*;                        ? Unchecked;ijcai-2026-base-14-g0df50d7
n-puzzle;unit;85/600;600;3 6 0 1 5 8 4 2 7;0 1 2 3 4 5 6 7 8;14;26;26;1980;0;0;74;0.043335;45690.6;K*;                        ? Unchecked;ijcai-2026-base-14-g0df50d7
n-puzzle;unit;86/600;600;8 6 2 7 5 1 3 0 4;0 1 2 3 4 5 6 7 8;15;31;31;18564;0;0;77;3.99162;4650.74;K*;                        ? Unchecked;ijcai-2026-base-14-g0df50d7
n-puzzle;unit;87/600;600;3 2 5 7 6 0 8 1 4;0 1 2 3 4 5 6 7 8;13;21;21;421;0;0;77;0.022355;18832.5;K*;                        ? Unchecked;ijcai-2026-base-14-g0df50d7
n-puzzle;unit;88/600;600;1 3 2 4 0 5 8 7 6;0 1 2 3 4 5 6 7 8;8;26;26;4408;0;0;77;0.257307;17131.3;K*;                        ? Unchecked;ijcai-2026-base-14-g0df50d7
n-puzzle;unit;89/600;600;0 8 4 3 2 1 6 5 7;0 1 2 3 4 5 6 7 8;12;22;22;544;0;0;77;0.015248;35676.8;K*;                        ? Unchecked;ijcai-2026-base-14-g0df50d7
n-puzzle;unit;90/600;600;0 6 1 5 7 8 4 2 3;0 1 2 3 4 5 6 7 8;16;26;26;1694;0;0;77;0.070698;23961.1;K*;                        ? Unchecked;ijcai-2026-base-14-g0df50d7
n-puzzle;unit;91/600;600;2 1 6 4 5 8 3 0 7;0 1 2 3 4 5 6 7 8;11;27;27;4448;0;0;77;0.286802;15509;K*;                        ? Unchecked;ijcai-2026-base-14-g0df50d7
n-puzzle;unit;92/600;600;3 7 4 6 1 5 8 0 2;0 1 2 3 4 5 6 7 8;11;25;25;2275;0;0;77;0.105027;21661.1;K*;                        ? Unchecked;ijcai-2026-base-14-g0df50d7
n-puzzle;unit;93/600;600;7 6 1 3 5 8 2 4 0;0 1 2 3 4 5 6 7 8;14;26;26;2126;0;0;77;0.087386;24328.8;K*;                        ? Unchecked;ijcai-2026-base-14-g0df50d7
n-puzzle;unit;94/600;600;4 7 8 1 0 3 6 2 5;0 1 2 3 4 5 6 7 8;14;26;26;2943;0;0;77;0.267064;11019.8;K*;                        ? Unchecked;ijcai-2026-base-14-g0df50d7
n-puzzle;unit;95/600;600;0 5 8 2 7 4 1 6 3;0 1 2 3 4 5 6 7 8;16;24;24;530;0;0;77;0.022659;23390.3;K*;                        ? Unchecked;ijcai-2026-base-14-g0df50d7
n-puzzle;unit;96/600;600;5 2 3 8 7 0 1 6 4;0 1 2 3 4 5 6 7 8;17;27;27;2597;0;0;77;0.087483;29685.8;K*;                        ? Unchecked;ijcai-2026-base-14-g0df50d7
n-puzzle;unit;97/600;600;8 3 0 4 7 2 6 1 5;0 1 2 3 4 5 6 7 8;12;22;22;380;0;0;77;0.011507;33023.4;K*;                        ? Unchecked;ijcai-2026-base-14-g0df50d7
n-puzzle;unit;98/600;600;5 8 6 0 7 4 1 3 2;0 1 2 3 4 5 6 7 8;19;29;29;4633;0;0;77;0.251822;18397.9;K*;                        ? Unchecked;ijcai-2026-base-14-g0df50d7
n-puzzle;unit;99/600;600;7 5 0 6 3 2 1 8 4;0 1 2 3 4 5 6 7 8;14;30;30;12783;0;0;77;1.85627;6886.39;K*;                        ? Unchecked;ijcai-2026-base-14-g0df50d7
n-puzzle;unit;0/700;700;5 6 0 8 4 7 1 3 2;0 1 2 3 4 5 6 7 8;18;28;28;1824;0;0;77;0.049645;36740.9;K*;                        ? Unchecked;ijcai-2026-base-14-g0df50d7
n-puzzle;unit;1/700;700;0 8 6 4 7 1 5 3 2;0 1 2 3 4 5 6 7 8;18;28;28;2568;0;0;77;0.070819;36261.5;K*;                        ? Unchecked;ijcai-2026-base-14-g0df50d7
n-puzzle;unit;2/700;700;5 2 8 0 7 4 1 3 6;0 1 2 3 4 5 6 7 8;15;25;25;1578;0;0;77;0.033904;46543.2;K*;                        ? Unchecked;ijcai-2026-base-14-g0df50d7
n-puzzle;unit;3/700;700;7 2 6 0 8 1 5 4 3;0 1 2 3 4 5 6 7 8;19;29;29;4721;0;0;77;0.169227;27897.4;K*;                        ? Unchecked;ijcai-2026-base-14-g0df50d7
n-puzzle;unit;4/700;700;5 1 8 6 0 7 2 4 3;0 1 2 3 4 5 6 7 8;16;28;28;4855;0;0;77;0.786724;6171.16;K*;                        ? Unchecked;ijcai-2026-base-14-g0df50d7
n-puzzle;unit;5/700;700;8 0 3 6 4 5 7 2 1;0 1 2 3 4 5 6 7 8;15;27;27;2993;0;0;77;0.079509;37643.5;K*;                        ? Unchecked;ijcai-2026-base-14-g0df50d7
n-puzzle;unit;6/700;700;4 2 7 1 5 8 0 6 3;0 1 2 3 4 5 6 7 8;14;22;22;433;0;0;77;0.020681;20937.1;K*;                        ? Unchecked;ijcai-2026-base-14-g0df50d7
n-puzzle;unit;7/700;700;4 1 7 3 2 5 6 0 8;0 1 2 3 4 5 6 7 8;7;23;23;1430;0;0;77;0.04203;34023.3;K*;                        ? Unchecked;ijcai-2026-base-14-g0df50d7
n-puzzle;unit;8/700;700;8 4 0 5 1 6 2 7 3;0 1 2 3 4 5 6 7 8;18;30;30;4338;0;0;77;0.077245;56159;K*;                        ? Unchecked;ijcai-2026-base-14-g0df50d7
n-puzzle;unit;9/700;700;1 3 0 7 6 2 5 8 4;0 1 2 3 4 5 6 7 8;14;26;26;2754;0;0;77;0.168682;16326.6;K*;                        ? Unchecked;ijcai-2026-base-14-g0df50d7
n-puzzle;unit;10/700;700;7 0 4 6 8 5 3 1 2;0 1 2 3 4 5 6 7 8;13;31;31;17828;0;0;77;0.896062;19895.9;K*;                        ? Unchecked;ijcai-2026-base-14-g0df50d7
n-puzzle;unit;11/700;700;6 1 7 5 8 2 4 3 0;0 1 2 3 4 5 6 7 8;14;28;28;4660;0;0;77;0.132822;35084.5;K*;                        ? Unchecked;ijcai-2026-base-14-g0df50d7
n-puzzle;unit;12/700;700;7 5 2 1 6 3 8 0 4;0 1 2 3 4 5 6 7 8;15;29;29;8627;0;0;77;0.256131;33682;K*;                        ? Unchecked;ijcai-2026-base-14-g0df50d7
n-puzzle;unit;13/700;700;6 2 4 0 8 7 5 3 1;0 1 2 3 4 5 6 7 8;17;29;29;7938;0;0;77;0.374325;21206.2;K*;                        ? Unchecked;ijcai-2026-base-14-g0df50d7
n-puzzle;unit;14/700;700;0 1 6 2 5 7 4 8 3;0 1 2 3 4 5 6 7 8;16;30;30;9233;0;0;77;0.323194;28568;K*;                        ? Unchecked;ijcai-2026-base-14-g0df50d7
n-puzzle;unit;15/700;700;4 0 3 6 1 2 8 5 7;0 1 2 3 4 5 6 7 8;13;21;21;433;0;0;77;0.081644;5303.51;K*;                        ? Unchecked;ijcai-2026-base-14-g0df50d7
n-puzzle;unit;16/700;700;1 5 8 7 6 4 0 3 2;0 1 2 3 4 5 6 7 8;14;24;24;1225;0;0;77;0.060519;20241.6;K*;                        ? Unchecked;ijcai-2026-base-14-g0df50d7
n-puzzle;unit;17/700;700;2 7 0 8 4 6 3 5 1;0 1 2 3 4 5 6 7 8;16;28;28;3013;0;0;77;0.090677;33227.8;K*;                        ? Unchecked;ijcai-2026-base-14-g0df50d7
n-puzzle;unit;18/700;700;7 4 8 1 5 6 0 2 3;0 1 2 3 4 5 6 7 8;18;28;28;2318;0;0;77;0.078793;29418.9;K*;                        ? Unchecked;ijcai-2026-base-14-g0df50d7
n-puzzle;unit;19/700;700;2 3 0 1 4 7 5 6 8;0 1 2 3 4 5 6 7 8;12;28;28;5526;0;0;77;0.334205;16534.8;K*;                        ? Unchecked;ijcai-2026-base-14-g0df50d7
n-puzzle;unit;20/700;700;2 1 4 5 0 6 8 3 7;0 1 2 3 4 5 6 7 8;14;30;30;13661;0;0;77;0.702678;19441.3;K*;                        ? Unchecked;ijcai-2026-base-14-g0df50d7
n-puzzle;unit;21/700;700;8 7 6 2 5 4 1 0 3;0 1 2 3 4 5 6 7 8;21;31;31;7228;0;0;77;0.897742;8051.31;K*;                        ? Unchecked;ijcai-2026-base-14-g0df50d7
n-puzzle;unit;22/700;700;2 7 3 1 6 5 4 0 8;0 1 2 3 4 5 6 7 8;13;23;23;821;0;0;77;0.022364;36710.8;K*;                        ? Unchecked;ijcai-2026-base-14-g0df50d7
n-puzzle;unit;23/700;700;3 0 4 6 2 1 8 5 7;0 1 2 3 4 5 6 7 8;13;21;21;547;0;0;77;0.020362;26863.8;K*;                        ? Unchecked;ijcai-2026-base-14-g0df50d7
n-puzzle;unit;24/700;700;5 3 2 4 8 6 0 1 7;0 1 2 3 4 5 6 7 8;14;28;28;5528;0;0;77;0.743723;7432.87;K*;                        ? Unchecked;ijcai-2026-base-14-g0df50d7
n-puzzle;unit;25/700;700;1 3 5 2 4 6 8 7 0;0 1 2 3 4 5 6 7 8;12;30;30;12547;0;0;77;0.179658;69838.2;K*;                        ? Unchecked;ijcai-2026-base-14-g0df50d7
n-puzzle;unit;26/700;700;8 5 1 4 2 7 6 0 3;0 1 2 3 4 5 6 7 8;15;27;27;3376;0;0;77;0.205642;16416.9;K*;                        ? Unchecked;ijcai-2026-base-14-g0df50d7
n-puzzle;unit;27/700;700;2 8 5 6 3 1 4 0 7;0 1 2 3 4 5 6 7 8;13;25;25;2155;0;0;77;0.055503;38826.7;K*;                        ? Unchecked;ijcai-2026-base-14-g0df50d7
n-puzzle;unit;28/700;700;5 0 7 4 2 3 1 6 8;0 1 2 3 4 5 6 7 8;15;23;23;664;0;0;77;0.027949;23757.6;K*;                        ? Unchecked;ijcai-2026-base-14-g0df50d7
n-puzzle;unit;29/700;700;3 2 4 7 6 8 5 1 0;0 1 2 3 4 5 6 7 8;14;22;22;535;0;0;77;0.01498;35714.3;K*;                        ? Unchecked;ijcai-2026-base-14-g0df50d7
n-puzzle;unit;30/700;700;1 3 2 0 8 6 4 7 5;0 1 2 3 4 5 6 7 8;11;25;25;2601;0;0;77;0.152657;17038.2;K*;                        ? Unchecked;ijcai-2026-base-14-g0df50d7
n-puzzle;unit;31/700;700;8 2 5 3 7 6 4 0 1;0 1 2 3 4 5 6 7 8;15;27;27;3346;0;0;77;0.102108;32769.2;K*;                        ? Unchecked;ijcai-2026-base-14-g0df50d7
n-puzzle;unit;32/700;700;2 4 0 7 5 1 8 6 3;0 1 2 3 4 5 6 7 8;14;26;26;1886;0;0;77;0.042586;44286.9;K*;                        ? Unchecked;ijcai-2026-base-14-g0df50d7
n-puzzle;unit;33/700;700;0 1 5 2 6 8 7 3 4;0 1 2 3 4 5 6 7 8;12;24;24;1475;0;0;77;0.071995;20487.5;K*;                        ? Unchecked;ijcai-2026-base-14-g0df50d7
n-puzzle;unit;34/700;700;7 1 5 2 8 6 3 4 0;0 1 2 3 4 5 6 7 8;14;22;22;461;0;0;77;0.03444;13385.6;K*;                        ? Unchecked;ijcai-2026-base-14-g0df50d7
n-puzzle;unit;35/700;700;6 3 1 2 8 7 0 4 5;0 1 2 3 4 5 6 7 8;14;26;26;2658;0;0;77;0.110671;24017.1;K*;                        ? Unchecked;ijcai-2026-base-14-g0df50d7
n-puzzle;unit;36/700;700;0 3 5 4 8 6 7 2 1;0 1 2 3 4 5 6 7 8;16;26;26;1847;0;0;77;0.081774;22586.6;K*;                        ? Unchecked;ijcai-2026-base-14-g0df50d7
n-puzzle;unit;37/700;700;8 1 4 0 3 2 5 6 7;0 1 2 3 4 5 6 7 8;13;25;25;1875;0;0;77;0.117204;15997.7;K*;                        ? Unchecked;ijcai-2026-base-14-g0df50d7
n-puzzle;unit;38/700;700;7 4 1 6 2 8 3 5 0;0 1 2 3 4 5 6 7 8;12;26;26;3518;0;0;77;0.074278;47362.6;K*;                        ? Unchecked;ijcai-2026-base-14-g0df50d7
n-puzzle;unit;39/700;700;4 6 8 0 5 1 3 2 7;0 1 2 3 4 5 6 7 8;15;27;27;3393;0;0;77;0.082684;41035.8;K*;                        ? Unchecked;ijcai-2026-base-14-g0df50d7
n-puzzle;unit;40/700;700;4 2 8 6 0 1 3 5 7;0 1 2 3 4 5 6 7 8;12;24;24;1868;0;0;77;0.042949;43493.4;K*;                        ? Unchecked;ijcai-2026-base-14-g0df50d7
n-puzzle;unit;41/700;700;3 7 8 4 5 2 6 1 0;0 1 2 3 4 5 6 7 8;10;24;24;1043;0;0;77;0.028846;36157.5;K*;                        ? Unchecked;ijcai-2026-base-14-g0df50d7
n-puzzle;unit;42/700;700;7 5 6 1 0 3 2 8 4;0 1 2 3 4 5 6 7 8;20;28;28;2449;0;0;77;0.229188;10685.6;K*;                        ? Unchecked;ijcai-2026-base-14-g0df50d7
n-puzzle;unit;43/700;700;1 6 4 8 5 3 7 2 0;0 1 2 3 4 5 6 7 8;16;26;26;1832;0;0;77;0.076167;24052.4;K*;                        ? Unchecked;ijcai-2026-base-14-g0df50d7
n-puzzle;unit;44/700;700;2 5 7 1 8 4 3 6 0;0 1 2 3 4 5 6 7 8;14;20;20;207;0;0;77;0.010923;18950.8;K*;                        ? Unchecked;ijcai-2026-base-14-g0df50d7
n-puzzle;unit;45/700;700;3 8 4 0 7 1 5 6 2;0 1 2 3 4 5 6 7 8;15;23;23;628;0;0;77;0.018007;34875.3;K*;                        ? Unchecked;ijcai-2026-base-14-g0df50d7
n-puzzle;unit;46/700;700;3 0 5 4 2 1 7 8 6;0 1 2 3 4 5 6 7 8;11;23;23;1103;0;0;77;0.026717;41284.6;K*;                        ? Unchecked;ijcai-2026-base-14-g0df50d7
n-puzzle;unit;47/700;700;4 5 3 1 7 0 8 2 6;0 1 2 3 4 5 6 7 8;17;27;27;2616;0;0;77;0.232382;11257.3;K*;                        ? Unchecked;ijcai-2026-base-14-g0df50d7
n-puzzle;unit;48/700;700;1 8 4 2 3 5 6 0 7;0 1 2 3 4 5 6 7 8;11;23;23;1135;0;0;77;0.025651;44247.8;K*;                        ? Unchecked;ijcai-2026-base-14-g0df50d7
n-puzzle;unit;49/700;700;4 8 1 0 6 7 3 2 5;0 1 2 3 4 5 6 7 8;15;29;29;9678;0;0;77;0.598939;16158.6;K*;                        ? Unchecked;ijcai-2026-base-14-g0df50d7
n-puzzle;unit;50/700;700;8 5 3 4 6 1 7 2 0;0 1 2 3 4 5 6 7 8;18;28;28;3402;0;0;77;0.145423;23393.8;K*;                        ? Unchecked;ijcai-2026-base-14-g0df50d7
n-puzzle;unit;51/700;700;4 3 7 1 5 2 6 0 8;0 1 2 3 4 5 6 7 8;11;23;23;1178;0;0;77;0.056242;20945.2;K*;                        ? Unchecked;ijcai-2026-base-14-g0df50d7
n-puzzle;unit;52/700;700;7 4 1 2 3 0 5 8 6;0 1 2 3 4 5 6 7 8;15;31;31;16016;0;0;77;0.897743;17840.3;K*;                        ? Unchecked;ijcai-2026-base-14-g0df50d7
n-puzzle;unit;53/700;700;7 5 6 8 2 1 0 4 3;0 1 2 3 4 5 6 7 8;20;30;30;6387;0;0;77;0.236111;27050.8;K*;                        ? Unchecked;ijcai-2026-base-14-g0df50d7
n-puzzle;unit;54/700;700;2 8 5 0 7 6 1 4 3;0 1 2 3 4 5 6 7 8;17;25;25;988;0;0;77;0.027624;35766;K*;                        ? Unchecked;ijcai-2026-base-14-g0df50d7
n-puzzle;unit;55/700;700;3 5 2 4 1 6 8 0 7;0 1 2 3 4 5 6 7 8;11;27;27;5279;0;0;77;0.132106;39960.3;K*;                        ? Unchecked;ijcai-2026-base-14-g0df50d7
n-puzzle;unit;56/700;700;8 6 1 5 4 3 0 2 7;0 1 2 3 4 5 6 7 8;16;30;30;7251;0;0;77;0.420771;17232.7;K*;                        ? Unchecked;ijcai-2026-base-14-g0df50d7
n-puzzle;unit;57/700;700;4 6 5 7 3 2 1 0 8;0 1 2 3 4 5 6 7 8;13;25;25;2189;0;0;77;0.050186;43617.7;K*;                        ? Unchecked;ijcai-2026-base-14-g0df50d7
n-puzzle;unit;58/700;700;3 7 4 2 8 6 5 0 1;0 1 2 3 4 5 6 7 8;19;29;29;5854;0;0;77;0.174899;33470.7;K*;                        ? Unchecked;ijcai-2026-base-14-g0df50d7
n-puzzle;unit;59/700;700;8 7 4 5 6 2 3 0 1;0 1 2 3 4 5 6 7 8;17;31;31;14430;0;0;77;0.910029;15856.6;K*;                        ? Unchecked;ijcai-2026-base-14-g0df50d7
n-puzzle;unit;60/700;700;6 1 5 3 4 0 8 2 7;0 1 2 3 4 5 6 7 8;9;25;25;2354;0;0;77;0.055318;42554;K*;                        ? Unchecked;ijcai-2026-base-14-g0df50d7
n-puzzle;unit;61/700;700;4 5 2 8 0 3 1 6 7;0 1 2 3 4 5 6 7 8;14;24;24;1366;0;0;77;0.050074;27279.6;K*;                        ? Unchecked;ijcai-2026-base-14-g0df50d7
n-puzzle;unit;62/700;700;8 5 4 6 1 2 7 3 0;0 1 2 3 4 5 6 7 8;14;28;28;4657;0;0;77;0.341607;13632.6;K*;                        ? Unchecked;ijcai-2026-base-14-g0df50d7
n-puzzle;unit;63/700;700;0 5 8 2 6 7 4 3 1;0 1 2 3 4 5 6 7 8;18;26;26;1664;0;0;77;0.115649;14388.4;K*;                        ? Unchecked;ijcai-2026-base-14-g0df50d7
n-puzzle;unit;64/700;700;5 0 1 8 7 3 4 6 2;0 1 2 3 4 5 6 7 8;15;27;27;2937;0;0;77;0.072157;40702.9;K*;                        ? Unchecked;ijcai-2026-base-14-g0df50d7
n-puzzle;unit;65/700;700;7 6 1 3 4 8 0 5 2;0 1 2 3 4 5 6 7 8;12;26;26;2496;0;0;77;0.100015;24956.3;K*;                        ? Unchecked;ijcai-2026-base-14-g0df50d7
n-puzzle;unit;66/700;700;8 0 7 3 6 5 1 2 4;0 1 2 3 4 5 6 7 8;17;29;29;5349;0;0;77;0.292983;18257;K*;                        ? Unchecked;ijcai-2026-base-14-g0df50d7
n-puzzle;unit;67/700;700;7 2 8 6 5 1 4 0 3;0 1 2 3 4 5 6 7 8;15;27;27;3469;0;0;77;0.085296;40670.1;K*;                        ? Unchecked;ijcai-2026-base-14-g0df50d7
n-puzzle;unit;68/700;700;5 0 3 4 1 8 2 7 6;0 1 2 3 4 5 6 7 8;15;29;29;6567;0;0;77;1.55373;4226.61;K*;                        ? Unchecked;ijcai-2026-base-14-g0df50d7
n-puzzle;unit;69/700;700;7 8 4 6 3 5 2 1 0;0 1 2 3 4 5 6 7 8;16;30;30;8074;0;0;77;0.560599;14402.5;K*;                        ? Unchecked;ijcai-2026-base-14-g0df50d7
n-puzzle;unit;70/700;700;7 0 3 2 8 1 5 4 6;0 1 2 3 4 5 6 7 8;19;25;25;614;0;0;77;0.020821;29489.5;K*;                        ? Unchecked;ijcai-2026-base-14-g0df50d7
n-puzzle;unit;71/700;700;1 0 7 3 4 8 2 5 6;0 1 2 3 4 5 6 7 8;13;27;27;3281;0;0;77;0.364892;8991.7;K*;                        ? Unchecked;ijcai-2026-base-14-g0df50d7
n-puzzle;unit;72/700;700;8 0 7 4 3 6 5 2 1;0 1 2 3 4 5 6 7 8;21;29;29;2824;0;0;77;0.243025;11620.2;K*;                        ? Unchecked;ijcai-2026-base-14-g0df50d7
n-puzzle;unit;73/700;700;3 7 8 5 1 2 0 6 4;0 1 2 3 4 5 6 7 8;12;28;28;5398;0;0;77;0.155361;34744.9;K*;                        ? Unchecked;ijcai-2026-base-14-g0df50d7
n-puzzle;unit;74/700;700;1 6 2 0 7 8 4 5 3;0 1 2 3 4 5 6 7 8;13;21;21;389;0;0;77;0.013234;29394;K*;                        ? Unchecked;ijcai-2026-base-14-g0df50d7
n-puzzle;unit;75/700;700;6 1 2 3 0 8 4 5 7;0 1 2 3 4 5 6 7 8;8;22;22;1108;0;0;77;0.036477;30375.3;K*;                        ? Unchecked;ijcai-2026-base-14-g0df50d7
n-puzzle;unit;76/700;700;1 0 7 5 6 4 3 2 8;0 1 2 3 4 5 6 7 8;13;25;25;1558;0;0;77;0.040238;38719.6;K*;                        ? Unchecked;ijcai-2026-base-14-g0df50d7
n-puzzle;unit;77/700;700;2 7 6 1 4 0 5 3 8;0 1 2 3 4 5 6 7 8;15;27;27;2709;0;0;77;0.112117;24162.3;K*;                        ? Unchecked;ijcai-2026-base-14-g0df50d7
n-puzzle;unit;78/700;700;2 3 8 4 0 6 1 5 7;0 1 2 3 4 5 6 7 8;16;26;26;2267;0;0;77;0.129688;17480.4;K*;                        ? Unchecked;ijcai-2026-base-14-g0df50d7
n-puzzle;unit;79/700;700;0 5 4 6 1 7 8 2 3;0 1 2 3 4 5 6 7 8;16;28;28;4061;0;0;77;0.363088;11184.6;K*;                        ? Unchecked;ijcai-2026-base-14-g0df50d7
n-puzzle;unit;80/700;700;5 3 4 7 0 1 8 6 2;0 1 2 3 4 5 6 7 8;16;24;24;1117;0;0;77;0.038748;28827.3;K*;                        ? Unchecked;ijcai-2026-base-14-g0df50d7
n-puzzle;unit;81/700;700;1 7 5 6 8 3 4 2 0;0 1 2 3 4 5 6 7 8;14;26;26;2711;0;0;77;0.067126;40386.7;K*;                        ? Unchecked;ijcai-2026-base-14-g0df50d7
n-puzzle;unit;82/700;700;3 1 4 0 5 8 2 7 6;0 1 2 3 4 5 6 7 8;11;25;25;1924;0;0;77;0.217383;8850.74;K*;                        ? Unchecked;ijcai-2026-base-14-g0df50d7
n-puzzle;unit;83/700;700;4 2 3 0 5 1 8 6 7;0 1 2 3 4 5 6 7 8;13;23;23;662;0;0;77;0.019569;33829;K*;                        ? Unchecked;ijcai-2026-base-14-g0df50d7
n-puzzle;unit;84/700;700;4 7 3 1 6 5 8 0 2;0 1 2 3 4 5 6 7 8;15;29;29;8007;0;0;77;1.6399;4882.61;K*;                        ? Unchecked;ijcai-2026-base-14-g0df50d7
n-puzzle;unit;85/700;700;3 6 0 1 5 8 4 2 7;0 1 2 3 4 5 6 7 8;14;26;26;1980;0;0;77;0.044707;44288.4;K*;                        ? Unchecked;ijcai-2026-base-14-g0df50d7
n-puzzle;unit;86/700;700;8 6 2 7 5 1 3 0 4;0 1 2 3 4 5 6 7 8;15;31;31;18564;0;0;79;4.01443;4624.32;K*;                        ? Unchecked;ijcai-2026-base-14-g0df50d7
n-puzzle;unit;87/700;700;3 2 5 7 6 0 8 1 4;0 1 2 3 4 5 6 7 8;13;21;21;421;0;0;79;0.018174;23165;K*;                        ? Unchecked;ijcai-2026-base-14-g0df50d7
n-puzzle;unit;88/700;700;1 3 2 4 0 5 8 7 6;0 1 2 3 4 5 6 7 8;8;26;26;4408;0;0;79;0.225425;19554.2;K*;                        ? Unchecked;ijcai-2026-base-14-g0df50d7
n-puzzle;unit;89/700;700;0 8 4 3 2 1 6 5 7;0 1 2 3 4 5 6 7 8;12;22;22;544;0;0;79;0.016156;33671.7;K*;                        ? Unchecked;ijcai-2026-base-14-g0df50d7
n-puzzle;unit;90/700;700;0 6 1 5 7 8 4 2 3;0 1 2 3 4 5 6 7 8;16;26;26;1694;0;0;79;0.071583;23664.8;K*;                        ? Unchecked;ijcai-2026-base-14-g0df50d7
n-puzzle;unit;91/700;700;2 1 6 4 5 8 3 0 7;0 1 2 3 4 5 6 7 8;11;27;27;4448;0;0;79;0.289854;15345.7;K*;                        ? Unchecked;ijcai-2026-base-14-g0df50d7
n-puzzle;unit;92/700;700;3 7 4 6 1 5 8 0 2;0 1 2 3 4 5 6 7 8;11;25;25;2275;0;0;79;0.106785;21304.5;K*;                        ? Unchecked;ijcai-2026-base-14-g0df50d7
n-puzzle;unit;93/700;700;7 6 1 3 5 8 2 4 0;0 1 2 3 4 5 6 7 8;14;26;26;2126;0;0;79;0.088532;24013.9;K*;                        ? Unchecked;ijcai-2026-base-14-g0df50d7
n-puzzle;unit;94/700;700;4 7 8 1 0 3 6 2 5;0 1 2 3 4 5 6 7 8;14;26;26;2943;0;0;79;0.26932;10927.5;K*;                        ? Unchecked;ijcai-2026-base-14-g0df50d7
n-puzzle;unit;95/700;700;0 5 8 2 7 4 1 6 3;0 1 2 3 4 5 6 7 8;16;24;24;530;0;0;79;0.023827;22243.7;K*;                        ? Unchecked;ijcai-2026-base-14-g0df50d7
n-puzzle;unit;96/700;700;5 2 3 8 7 0 1 6 4;0 1 2 3 4 5 6 7 8;17;27;27;2597;0;0;79;0.089316;29076.5;K*;                        ? Unchecked;ijcai-2026-base-14-g0df50d7
n-puzzle;unit;97/700;700;8 3 0 4 7 2 6 1 5;0 1 2 3 4 5 6 7 8;12;22;22;380;0;0;79;0.012486;30434.1;K*;                        ? Unchecked;ijcai-2026-base-14-g0df50d7
n-puzzle;unit;98/700;700;5 8 6 0 7 4 1 3 2;0 1 2 3 4 5 6 7 8;19;29;29;4633;0;0;79;0.252529;18346.4;K*;                        ? Unchecked;ijcai-2026-base-14-g0df50d7
n-puzzle;unit;99/700;700;7 5 0 6 3 2 1 8 4;0 1 2 3 4 5 6 7 8;14;30;30;12783;0;0;79;1.91872;6662.24;K*;                        ? Unchecked;ijcai-2026-base-14-g0df50d7
n-puzzle;unit;0/800;800;5 6 0 8 4 7 1 3 2;0 1 2 3 4 5 6 7 8;18;28;28;1824;0;0;79;0.05142;35472.6;K*;                        ? Unchecked;ijcai-2026-base-14-g0df50d7
n-puzzle;unit;1/800;800;0 8 6 4 7 1 5 3 2;0 1 2 3 4 5 6 7 8;18;28;28;2568;0;0;79;0.071958;35687.5;K*;                        ? Unchecked;ijcai-2026-base-14-g0df50d7
n-puzzle;unit;2/800;800;5 2 8 0 7 4 1 3 6;0 1 2 3 4 5 6 7 8;15;25;25;1578;0;0;79;0.034859;45268.1;K*;                        ? Unchecked;ijcai-2026-base-14-g0df50d7
n-puzzle;unit;3/800;800;7 2 6 0 8 1 5 4 3;0 1 2 3 4 5 6 7 8;19;29;29;4721;0;0;79;0.171155;27583.2;K*;                        ? Unchecked;ijcai-2026-base-14-g0df50d7
n-puzzle;unit;4/800;800;5 1 8 6 0 7 2 4 3;0 1 2 3 4 5 6 7 8;16;28;28;4855;0;0;79;0.785188;6183.23;K*;                        ? Unchecked;ijcai-2026-base-14-g0df50d7
n-puzzle;unit;5/800;800;8 0 3 6 4 5 7 2 1;0 1 2 3 4 5 6 7 8;15;27;27;2993;0;0;79;0.081176;36870.5;K*;                        ? Unchecked;ijcai-2026-base-14-g0df50d7
n-puzzle;unit;6/800;800;4 2 7 1 5 8 0 6 3;0 1 2 3 4 5 6 7 8;14;22;22;433;0;0;79;0.021697;19956.7;K*;                        ? Unchecked;ijcai-2026-base-14-g0df50d7
n-puzzle;unit;7/800;800;4 1 7 3 2 5 6 0 8;0 1 2 3 4 5 6 7 8;7;23;23;1430;0;0;79;0.043467;32898.5;K*;                        ? Unchecked;ijcai-2026-base-14-g0df50d7
n-puzzle;unit;8/800;800;8 4 0 5 1 6 2 7 3;0 1 2 3 4 5 6 7 8;18;30;30;10838;0;0;79;3.59443;3015.22;K*;                        ? Unchecked;ijcai-2026-base-14-g0df50d7
n-puzzle;unit;9/800;800;1 3 0 7 6 2 5 8 4;0 1 2 3 4 5 6 7 8;14;26;26;2754;0;0;79;0.172594;15956.5;K*;                        ? Unchecked;ijcai-2026-base-14-g0df50d7
n-puzzle;unit;10/800;800;7 0 4 6 8 5 3 1 2;0 1 2 3 4 5 6 7 8;13;31;31;17828;0;0;79;0.899336;19823.5;K*;                        ? Unchecked;ijcai-2026-base-14-g0df50d7
n-puzzle;unit;11/800;800;6 1 7 5 8 2 4 3 0;0 1 2 3 4 5 6 7 8;14;28;28;4660;0;0;79;0.134523;34640.9;K*;                        ? Unchecked;ijcai-2026-base-14-g0df50d7
n-puzzle;unit;12/800;800;7 5 2 1 6 3 8 0 4;0 1 2 3 4 5 6 7 8;15;29;29;8627;0;0;79;0.258537;33368.5;K*;                        ? Unchecked;ijcai-2026-base-14-g0df50d7
n-puzzle;unit;13/800;800;6 2 4 0 8 7 5 3 1;0 1 2 3 4 5 6 7 8;17;29;29;7938;0;0;79;0.375002;21167.9;K*;                        ? Unchecked;ijcai-2026-base-14-g0df50d7
n-puzzle;unit;14/800;800;0 1 6 2 5 7 4 8 3;0 1 2 3 4 5 6 7 8;16;30;30;9233;0;0;79;0.326005;28321.7;K*;                        ? Unchecked;ijcai-2026-base-14-g0df50d7
n-puzzle;unit;15/800;800;4 0 3 6 1 2 8 5 7;0 1 2 3 4 5 6 7 8;13;21;21;433;0;0;79;0.082738;5233.39;K*;                        ? Unchecked;ijcai-2026-base-14-g0df50d7
n-puzzle;unit;16/800;800;1 5 8 7 6 4 0 3 2;0 1 2 3 4 5 6 7 8;14;24;24;1225;0;0;79;0.061283;19989.2;K*;                        ? Unchecked;ijcai-2026-base-14-g0df50d7
n-puzzle;unit;17/800;800;2 7 0 8 4 6 3 5 1;0 1 2 3 4 5 6 7 8;16;28;28;3013;0;0;79;0.091881;32792.4;K*;                        ? Unchecked;ijcai-2026-base-14-g0df50d7
n-puzzle;unit;18/800;800;7 4 8 1 5 6 0 2 3;0 1 2 3 4 5 6 7 8;18;28;28;2318;0;0;79;0.079091;29308;K*;                        ? Unchecked;ijcai-2026-base-14-g0df50d7
n-puzzle;unit;19/800;800;2 3 0 1 4 7 5 6 8;0 1 2 3 4 5 6 7 8;12;28;28;5526;0;0;79;0.335827;16454.9;K*;                        ? Unchecked;ijcai-2026-base-14-g0df50d7
n-puzzle;unit;20/800;800;2 1 4 5 0 6 8 3 7;0 1 2 3 4 5 6 7 8;14;30;30;13661;0;0;79;0.699941;19517.4;K*;                        ? Unchecked;ijcai-2026-base-14-g0df50d7
n-puzzle;unit;21/800;800;8 7 6 2 5 4 1 0 3;0 1 2 3 4 5 6 7 8;21;31;31;7228;0;0;79;0.968933;7459.75;K*;                        ? Unchecked;ijcai-2026-base-14-g0df50d7
n-puzzle;unit;22/800;800;2 7 3 1 6 5 4 0 8;0 1 2 3 4 5 6 7 8;13;23;23;821;0;0;79;0.023872;34391.8;K*;                        ? Unchecked;ijcai-2026-base-14-g0df50d7
n-puzzle;unit;23/800;800;3 0 4 6 2 1 8 5 7;0 1 2 3 4 5 6 7 8;13;21;21;547;0;0;79;0.020956;26102.3;K*;                        ? Unchecked;ijcai-2026-base-14-g0df50d7
n-puzzle;unit;24/800;800;5 3 2 4 8 6 0 1 7;0 1 2 3 4 5 6 7 8;14;28;28;5528;0;0;79;0.703606;7856.67;K*;                        ? Unchecked;ijcai-2026-base-14-g0df50d7
n-puzzle;unit;25/800;800;1 3 5 2 4 6 8 7 0;0 1 2 3 4 5 6 7 8;12;30;30;20587;0;0;86;4.99614;4120.58;K*;                        ? Unchecked;ijcai-2026-base-14-g0df50d7
n-puzzle;unit;26/800;800;8 5 1 4 2 7 6 0 3;0 1 2 3 4 5 6 7 8;15;27;27;3376;0;0;85;0.207115;16300.1;K*;                        ? Unchecked;ijcai-2026-base-14-g0df50d7
n-puzzle;unit;27/800;800;2 8 5 6 3 1 4 0 7;0 1 2 3 4 5 6 7 8;13;25;25;2155;0;0;85;0.056861;37899.4;K*;                        ? Unchecked;ijcai-2026-base-14-g0df50d7
n-puzzle;unit;28/800;800;5 0 7 4 2 3 1 6 8;0 1 2 3 4 5 6 7 8;15;23;23;664;0;0;85;0.029132;22792.8;K*;                        ? Unchecked;ijcai-2026-base-14-g0df50d7
n-puzzle;unit;29/800;800;3 2 4 7 6 8 5 1 0;0 1 2 3 4 5 6 7 8;14;24;24;1289;0;0;85;0.309492;4164.89;K*;                        ? Unchecked;ijcai-2026-base-14-g0df50d7
n-puzzle;unit;30/800;800;1 3 2 0 8 6 4 7 5;0 1 2 3 4 5 6 7 8;11;25;25;2601;0;0;85;0.155848;16689.3;K*;                        ? Unchecked;ijcai-2026-base-14-g0df50d7
n-puzzle;unit;31/800;800;8 2 5 3 7 6 4 0 1;0 1 2 3 4 5 6 7 8;15;27;27;3346;0;0;85;0.10338;32366;K*;                        ? Unchecked;ijcai-2026-base-14-g0df50d7
n-puzzle;unit;32/800;800;2 4 0 7 5 1 8 6 3;0 1 2 3 4 5 6 7 8;14;26;26;1886;0;0;85;0.04447;42410.6;K*;                        ? Unchecked;ijcai-2026-base-14-g0df50d7
n-puzzle;unit;33/800;800;0 1 5 2 6 8 7 3 4;0 1 2 3 4 5 6 7 8;12;24;24;1475;0;0;85;0.072921;20227.4;K*;                        ? Unchecked;ijcai-2026-base-14-g0df50d7
n-puzzle;unit;34/800;800;7 1 5 2 8 6 3 4 0;0 1 2 3 4 5 6 7 8;14;22;22;461;0;0;85;0.035887;12845.9;K*;                        ? Unchecked;ijcai-2026-base-14-g0df50d7
n-puzzle;unit;35/800;800;6 3 1 2 8 7 0 4 5;0 1 2 3 4 5 6 7 8;14;26;26;2658;0;0;85;0.110598;24033;K*;                        ? Unchecked;ijcai-2026-base-14-g0df50d7
n-puzzle;unit;36/800;800;0 3 5 4 8 6 7 2 1;0 1 2 3 4 5 6 7 8;16;26;26;1847;0;0;85;0.082789;22309.7;K*;                        ? Unchecked;ijcai-2026-base-14-g0df50d7
n-puzzle;unit;37/800;800;8 1 4 0 3 2 5 6 7;0 1 2 3 4 5 6 7 8;13;25;25;1875;0;0;85;0.118336;15844.7;K*;                        ? Unchecked;ijcai-2026-base-14-g0df50d7
n-puzzle;unit;38/800;800;7 4 1 6 2 8 3 5 0;0 1 2 3 4 5 6 7 8;12;26;26;3518;0;0;85;0.075624;46519.6;K*;                        ? Unchecked;ijcai-2026-base-14-g0df50d7
n-puzzle;unit;39/800;800;4 6 8 0 5 1 3 2 7;0 1 2 3 4 5 6 7 8;15;27;27;3393;0;0;85;0.084067;40360.7;K*;                        ? Unchecked;ijcai-2026-base-14-g0df50d7
n-puzzle;unit;40/800;800;4 2 8 6 0 1 3 5 7;0 1 2 3 4 5 6 7 8;12;24;24;1868;0;0;85;0.044403;42069.2;K*;                        ? Unchecked;ijcai-2026-base-14-g0df50d7
n-puzzle;unit;41/800;800;3 7 8 4 5 2 6 1 0;0 1 2 3 4 5 6 7 8;10;24;24;1043;0;0;85;0.030313;34407.7;K*;                        ? Unchecked;ijcai-2026-base-14-g0df50d7
n-puzzle;unit;42/800;800;7 5 6 1 0 3 2 8 4;0 1 2 3 4 5 6 7 8;20;28;28;2449;0;0;85;0.231617;10573.5;K*;                        ? Unchecked;ijcai-2026-base-14-g0df50d7
n-puzzle;unit;43/800;800;1 6 4 8 5 3 7 2 0;0 1 2 3 4 5 6 7 8;16;26;26;1832;0;0;85;0.078296;23398.4;K*;                        ? Unchecked;ijcai-2026-base-14-g0df50d7
n-puzzle;unit;44/800;800;2 5 7 1 8 4 3 6 0;0 1 2 3 4 5 6 7 8;14;20;20;207;0;0;85;0.012167;17013.2;K*;                        ? Unchecked;ijcai-2026-base-14-g0df50d7
n-puzzle;unit;45/800;800;3 8 4 0 7 1 5 6 2;0 1 2 3 4 5 6 7 8;15;23;23;628;0;0;85;0.019199;32710;K*;                        ? Unchecked;ijcai-2026-base-14-g0df50d7
n-puzzle;unit;46/800;800;3 0 5 4 2 1 7 8 6;0 1 2 3 4 5 6 7 8;11;23;23;1103;0;0;85;0.027911;39518.5;K*;                        ? Unchecked;ijcai-2026-base-14-g0df50d7
n-puzzle;unit;47/800;800;4 5 3 1 7 0 8 2 6;0 1 2 3 4 5 6 7 8;17;27;27;2616;0;0;85;0.235108;11126.8;K*;                        ? Unchecked;ijcai-2026-base-14-g0df50d7
n-puzzle;unit;48/800;800;1 8 4 2 3 5 6 0 7;0 1 2 3 4 5 6 7 8;11;23;23;1135;0;0;85;0.026495;42838.3;K*;                        ? Unchecked;ijcai-2026-base-14-g0df50d7
n-puzzle;unit;49/800;800;4 8 1 0 6 7 3 2 5;0 1 2 3 4 5 6 7 8;15;29;29;9678;0;0;85;0.605829;15974.8;K*;                        ? Unchecked;ijcai-2026-base-14-g0df50d7
n-puzzle;unit;50/800;800;8 5 3 4 6 1 7 2 0;0 1 2 3 4 5 6 7 8;18;28;28;3402;0;0;85;0.147005;23142.1;K*;                        ? Unchecked;ijcai-2026-base-14-g0df50d7
n-puzzle;unit;51/800;800;4 3 7 1 5 2 6 0 8;0 1 2 3 4 5 6 7 8;11;23;23;1178;0;0;85;0.058116;20269.8;K*;                        ? Unchecked;ijcai-2026-base-14-g0df50d7
n-puzzle;unit;52/800;800;7 4 1 2 3 0 5 8 6;0 1 2 3 4 5 6 7 8;15;31;31;16016;0;0;85;0.923869;17335.8;K*;                        ? Unchecked;ijcai-2026-base-14-g0df50d7
n-puzzle;unit;53/800;800;7 5 6 8 2 1 0 4 3;0 1 2 3 4 5 6 7 8;20;30;30;6387;0;0;85;0.23875;26751.8;K*;                        ? Unchecked;ijcai-2026-base-14-g0df50d7
n-puzzle;unit;54/800;800;2 8 5 0 7 6 1 4 3;0 1 2 3 4 5 6 7 8;17;25;25;2768;0;0;85;0.851699;3249.97;K*;                        ? Unchecked;ijcai-2026-base-14-g0df50d7
n-puzzle;unit;55/800;800;3 5 2 4 1 6 8 0 7;0 1 2 3 4 5 6 7 8;11;27;27;5279;0;0;85;0.13515;39060.3;K*;                        ? Unchecked;ijcai-2026-base-14-g0df50d7
n-puzzle;unit;56/800;800;8 6 1 5 4 3 0 2 7;0 1 2 3 4 5 6 7 8;16;30;30;7251;0;0;85;0.412917;17560.4;K*;                        ? Unchecked;ijcai-2026-base-14-g0df50d7
n-puzzle;unit;57/800;800;4 6 5 7 3 2 1 0 8;0 1 2 3 4 5 6 7 8;13;25;25;2189;0;0;85;0.051764;42288.1;K*;                        ? Unchecked;ijcai-2026-base-14-g0df50d7
n-puzzle;unit;58/800;800;3 7 4 2 8 6 5 0 1;0 1 2 3 4 5 6 7 8;19;29;29;5854;0;0;85;0.175956;33269.7;K*;                        ? Unchecked;ijcai-2026-base-14-g0df50d7
n-puzzle;unit;59/800;800;8 7 4 5 6 2 3 0 1;0 1 2 3 4 5 6 7 8;17;31;31;14430;0;0;85;0.91426;15783.3;K*;                        ? Unchecked;ijcai-2026-base-14-g0df50d7
n-puzzle;unit;60/800;800;6 1 5 3 4 0 8 2 7;0 1 2 3 4 5 6 7 8;9;25;25;2354;0;0;85;0.070159;33552.4;K*;                        ? Unchecked;ijcai-2026-base-14-g0df50d7
n-puzzle;unit;61/800;800;4 5 2 8 0 3 1 6 7;0 1 2 3 4 5 6 7 8;14;24;24;1366;0;0;85;0.06292;21710.1;K*;                        ? Unchecked;ijcai-2026-base-14-g0df50d7
n-puzzle;unit;62/800;800;8 5 4 6 1 2 7 3 0;0 1 2 3 4 5 6 7 8;14;28;28;4657;0;0;85;0.352477;13212.2;K*;                        ? Unchecked;ijcai-2026-base-14-g0df50d7
n-puzzle;unit;63/800;800;0 5 8 2 6 7 4 3 1;0 1 2 3 4 5 6 7 8;18;26;26;1664;0;0;85;0.115772;14373.1;K*;                        ? Unchecked;ijcai-2026-base-14-g0df50d7
n-puzzle;unit;64/800;800;5 0 1 8 7 3 4 6 2;0 1 2 3 4 5 6 7 8;15;27;27;2937;0;0;85;0.072839;40321.8;K*;                        ? Unchecked;ijcai-2026-base-14-g0df50d7
n-puzzle;unit;65/800;800;7 6 1 3 4 8 0 5 2;0 1 2 3 4 5 6 7 8;12;26;26;2496;0;0;85;0.10146;24600.8;K*;                        ? Unchecked;ijcai-2026-base-14-g0df50d7
n-puzzle;unit;66/800;800;8 0 7 3 6 5 1 2 4;0 1 2 3 4 5 6 7 8;17;29;29;5349;0;0;85;0.295117;18125;K*;                        ? Unchecked;ijcai-2026-base-14-g0df50d7
n-puzzle;unit;67/800;800;7 2 8 6 5 1 4 0 3;0 1 2 3 4 5 6 7 8;15;27;27;3469;0;0;85;0.095241;36423.4;K*;                        ? Unchecked;ijcai-2026-base-14-g0df50d7
n-puzzle;unit;68/800;800;5 0 3 4 1 8 2 7 6;0 1 2 3 4 5 6 7 8;15;29;29;6567;0;0;85;1.54987;4237.12;K*;                        ? Unchecked;ijcai-2026-base-14-g0df50d7
n-puzzle;unit;69/800;800;7 8 4 6 3 5 2 1 0;0 1 2 3 4 5 6 7 8;16;30;30;8074;0;0;85;0.560789;14397.6;K*;                        ? Unchecked;ijcai-2026-base-14-g0df50d7
n-puzzle;unit;70/800;800;7 0 3 2 8 1 5 4 6;0 1 2 3 4 5 6 7 8;19;25;25;614;0;0;85;0.02195;27972.7;K*;                        ? Unchecked;ijcai-2026-base-14-g0df50d7
n-puzzle;unit;71/800;800;1 0 7 3 4 8 2 5 6;0 1 2 3 4 5 6 7 8;13;27;27;3281;0;0;85;0.314379;10436.4;K*;                        ? Unchecked;ijcai-2026-base-14-g0df50d7
n-puzzle;unit;72/800;800;8 0 7 4 3 6 5 2 1;0 1 2 3 4 5 6 7 8;21;29;29;2824;0;0;85;0.244215;11563.6;K*;                        ? Unchecked;ijcai-2026-base-14-g0df50d7
n-puzzle;unit;73/800;800;3 7 8 5 1 2 0 6 4;0 1 2 3 4 5 6 7 8;12;28;28;5398;0;0;85;0.158497;34057.4;K*;                        ? Unchecked;ijcai-2026-base-14-g0df50d7
n-puzzle;unit;74/800;800;1 6 2 0 7 8 4 5 3;0 1 2 3 4 5 6 7 8;13;23;23;929;0;0;85;0.231087;4020.13;K*;                        ? Unchecked;ijcai-2026-base-14-g0df50d7
n-puzzle;unit;75/800;800;6 1 2 3 0 8 4 5 7;0 1 2 3 4 5 6 7 8;8;22;22;1108;0;0;85;0.039294;28197.7;K*;                        ? Unchecked;ijcai-2026-base-14-g0df50d7
n-puzzle;unit;76/800;800;1 0 7 5 6 4 3 2 8;0 1 2 3 4 5 6 7 8;13;25;25;1558;0;0;85;0.042062;37040.6;K*;                        ? Unchecked;ijcai-2026-base-14-g0df50d7
n-puzzle;unit;77/800;800;2 7 6 1 4 0 5 3 8;0 1 2 3 4 5 6 7 8;15;27;27;2709;0;0;85;0.113181;23935.1;K*;                        ? Unchecked;ijcai-2026-base-14-g0df50d7
n-puzzle;unit;78/800;800;2 3 8 4 0 6 1 5 7;0 1 2 3 4 5 6 7 8;16;26;26;2267;0;0;85;0.127169;17826.7;K*;                        ? Unchecked;ijcai-2026-base-14-g0df50d7
n-puzzle;unit;79/800;800;0 5 4 6 1 7 8 2 3;0 1 2 3 4 5 6 7 8;16;28;28;4061;0;0;85;0.362661;11197.8;K*;                        ? Unchecked;ijcai-2026-base-14-g0df50d7
n-puzzle;unit;80/800;800;5 3 4 7 0 1 8 6 2;0 1 2 3 4 5 6 7 8;16;24;24;1117;0;0;85;0.039748;28102;K*;                        ? Unchecked;ijcai-2026-base-14-g0df50d7
n-puzzle;unit;81/800;800;1 7 5 6 8 3 4 2 0;0 1 2 3 4 5 6 7 8;14;26;26;2711;0;0;85;0.068574;39533.9;K*;                        ? Unchecked;ijcai-2026-base-14-g0df50d7
n-puzzle;unit;82/800;800;3 1 4 0 5 8 2 7 6;0 1 2 3 4 5 6 7 8;11;25;25;1924;0;0;85;0.209177;9197.95;K*;                        ? Unchecked;ijcai-2026-base-14-g0df50d7
n-puzzle;unit;83/800;800;4 2 3 0 5 1 8 6 7;0 1 2 3 4 5 6 7 8;13;23;23;662;0;0;85;0.020415;32427.1;K*;                        ? Unchecked;ijcai-2026-base-14-g0df50d7
n-puzzle;unit;84/800;800;4 7 3 1 6 5 8 0 2;0 1 2 3 4 5 6 7 8;15;29;29;8007;0;0;85;1.74366;4592.05;K*;                        ? Unchecked;ijcai-2026-base-14-g0df50d7
n-puzzle;unit;85/800;800;3 6 0 1 5 8 4 2 7;0 1 2 3 4 5 6 7 8;14;26;26;1980;0;0;85;0.046234;42825.6;K*;                        ? Unchecked;ijcai-2026-base-14-g0df50d7
n-puzzle;unit;86/800;800;8 6 2 7 5 1 3 0 4;0 1 2 3 4 5 6 7 8;15;31;31;18564;0;0;85;4.04982;4583.91;K*;                        ? Unchecked;ijcai-2026-base-14-g0df50d7
n-puzzle;unit;87/800;800;3 2 5 7 6 0 8 1 4;0 1 2 3 4 5 6 7 8;13;21;21;421;0;0;85;0.018674;22544.7;K*;                        ? Unchecked;ijcai-2026-base-14-g0df50d7
n-puzzle;unit;88/800;800;1 3 2 4 0 5 8 7 6;0 1 2 3 4 5 6 7 8;8;26;26;4408;0;0;85;0.227547;19371.8;K*;                        ? Unchecked;ijcai-2026-base-14-g0df50d7
n-puzzle;unit;89/800;800;0 8 4 3 2 1 6 5 7;0 1 2 3 4 5 6 7 8;12;22;22;544;0;0;85;0.017179;31666.6;K*;                        ? Unchecked;ijcai-2026-base-14-g0df50d7
n-puzzle;unit;90/800;800;0 6 1 5 7 8 4 2 3;0 1 2 3 4 5 6 7 8;16;26;26;1694;0;0;85;0.072837;23257.4;K*;                        ? Unchecked;ijcai-2026-base-14-g0df50d7
n-puzzle;unit;91/800;800;2 1 6 4 5 8 3 0 7;0 1 2 3 4 5 6 7 8;11;27;27;4448;0;0;85;0.291544;15256.7;K*;                        ? Unchecked;ijcai-2026-base-14-g0df50d7
n-puzzle;unit;92/800;800;3 7 4 6 1 5 8 0 2;0 1 2 3 4 5 6 7 8;11;25;25;2275;0;0;85;0.107989;21067;K*;                        ? Unchecked;ijcai-2026-base-14-g0df50d7
n-puzzle;unit;93/800;800;7 6 1 3 5 8 2 4 0;0 1 2 3 4 5 6 7 8;14;26;26;2126;0;0;85;0.090077;23602;K*;                        ? Unchecked;ijcai-2026-base-14-g0df50d7
n-puzzle;unit;94/800;800;4 7 8 1 0 3 6 2 5;0 1 2 3 4 5 6 7 8;14;26;26;2943;0;0;85;0.270421;10883;K*;                        ? Unchecked;ijcai-2026-base-14-g0df50d7
n-puzzle;unit;95/800;800;0 5 8 2 7 4 1 6 3;0 1 2 3 4 5 6 7 8;16;24;24;530;0;0;85;0.024921;21267.2;K*;                        ? Unchecked;ijcai-2026-base-14-g0df50d7
n-puzzle;unit;96/800;800;5 2 3 8 7 0 1 6 4;0 1 2 3 4 5 6 7 8;17;27;27;2597;0;0;85;0.090363;28739.6;K*;                        ? Unchecked;ijcai-2026-base-14-g0df50d7
n-puzzle;unit;97/800;800;8 3 0 4 7 2 6 1 5;0 1 2 3 4 5 6 7 8;12;24;24;1038;0;0;85;0.283103;3666.51;K*;                        ? Unchecked;ijcai-2026-base-14-g0df50d7
n-puzzle;unit;98/800;800;5 8 6 0 7 4 1 3 2;0 1 2 3 4 5 6 7 8;19;29;29;4633;0;0;85;0.257477;17993.8;K*;                        ? Unchecked;ijcai-2026-base-14-g0df50d7
n-puzzle;unit;99/800;800;7 5 0 6 3 2 1 8 4;0 1 2 3 4 5 6 7 8;14;30;30;12783;0;0;85;1.86218;6864.52;K*;                        ? Unchecked;ijcai-2026-base-14-g0df50d7
n-puzzle;unit;0/900;900;5 6 0 8 4 7 1 3 2;0 1 2 3 4 5 6 7 8;18;28;28;1824;0;0;85;0.052788;34553.3;K*;                        ? Unchecked;ijcai-2026-base-14-g0df50d7
n-puzzle;unit;1/900;900;0 8 6 4 7 1 5 3 2;0 1 2 3 4 5 6 7 8;18;28;28;2568;0;0;85;0.07383;34782.6;K*;                        ? Unchecked;ijcai-2026-base-14-g0df50d7
n-puzzle;unit;2/900;900;5 2 8 0 7 4 1 3 6;0 1 2 3 4 5 6 7 8;15;25;25;1578;0;0;85;0.036163;43635.8;K*;                        ? Unchecked;ijcai-2026-base-14-g0df50d7
n-puzzle;unit;3/900;900;7 2 6 0 8 1 5 4 3;0 1 2 3 4 5 6 7 8;19;29;29;4721;0;0;85;0.172561;27358.4;K*;                        ? Unchecked;ijcai-2026-base-14-g0df50d7
n-puzzle;unit;4/900;900;5 1 8 6 0 7 2 4 3;0 1 2 3 4 5 6 7 8;16;28;28;4855;0;0;85;0.832156;5834.24;K*;                        ? Unchecked;ijcai-2026-base-14-g0df50d7
n-puzzle;unit;5/900;900;8 0 3 6 4 5 7 2 1;0 1 2 3 4 5 6 7 8;15;27;27;2993;0;0;85;0.08299;36064.6;K*;                        ? Unchecked;ijcai-2026-base-14-g0df50d7
n-puzzle;unit;6/900;900;4 2 7 1 5 8 0 6 3;0 1 2 3 4 5 6 7 8;14;22;22;433;0;0;85;0.023028;18803.2;K*;                        ? Unchecked;ijcai-2026-base-14-g0df50d7
n-puzzle;unit;7/900;900;4 1 7 3 2 5 6 0 8;0 1 2 3 4 5 6 7 8;7;23;23;1430;0;0;85;0.045025;31760.1;K*;                        ? Unchecked;ijcai-2026-base-14-g0df50d7
n-puzzle;unit;8/900;900;8 4 0 5 1 6 2 7 3;0 1 2 3 4 5 6 7 8;18;32;32;13172;0;0;85;5.04866;2609.01;K*;                        ? Unchecked;ijcai-2026-base-14-g0df50d7
n-puzzle;unit;9/900;900;1 3 0 7 6 2 5 8 4;0 1 2 3 4 5 6 7 8;14;26;26;2754;0;0;85;0.173801;15845.7;K*;                        ? Unchecked;ijcai-2026-base-14-g0df50d7
n-puzzle;unit;10/900;900;7 0 4 6 8 5 3 1 2;0 1 2 3 4 5 6 7 8;13;31;31;17828;0;0;85;0.902537;19753.2;K*;                        ? Unchecked;ijcai-2026-base-14-g0df50d7
n-puzzle;unit;11/900;900;6 1 7 5 8 2 4 3 0;0 1 2 3 4 5 6 7 8;14;28;28;4660;0;0;85;0.146065;31903.6;K*;                        ? Unchecked;ijcai-2026-base-14-g0df50d7
n-puzzle;unit;12/900;900;7 5 2 1 6 3 8 0 4;0 1 2 3 4 5 6 7 8;15;29;29;8627;0;0;85;0.260111;33166.6;K*;                        ? Unchecked;ijcai-2026-base-14-g0df50d7
n-puzzle;unit;13/900;900;6 2 4 0 8 7 5 3 1;0 1 2 3 4 5 6 7 8;17;29;29;7938;0;0;85;0.380356;20869.9;K*;                        ? Unchecked;ijcai-2026-base-14-g0df50d7
n-puzzle;unit;14/900;900;0 1 6 2 5 7 4 8 3;0 1 2 3 4 5 6 7 8;16;30;30;9233;0;0;85;0.342315;26972.2;K*;                        ? Unchecked;ijcai-2026-base-14-g0df50d7
n-puzzle;unit;15/900;900;4 0 3 6 1 2 8 5 7;0 1 2 3 4 5 6 7 8;13;21;21;433;0;0;85;0.084259;5138.92;K*;                        ? Unchecked;ijcai-2026-base-14-g0df50d7
n-puzzle;unit;16/900;900;1 5 8 7 6 4 0 3 2;0 1 2 3 4 5 6 7 8;14;24;24;1225;0;0;85;0.06242;19625.1;K*;                        ? Unchecked;ijcai-2026-base-14-g0df50d7
n-puzzle;unit;17/900;900;2 7 0 8 4 6 3 5 1;0 1 2 3 4 5 6 7 8;16;28;28;3013;0;0;85;0.093747;32139.7;K*;                        ? Unchecked;ijcai-2026-base-14-g0df50d7
n-puzzle;unit;18/900;900;7 4 8 1 5 6 0 2 3;0 1 2 3 4 5 6 7 8;18;28;28;2318;0;0;85;0.080625;28750.4;K*;                        ? Unchecked;ijcai-2026-base-14-g0df50d7
n-puzzle;unit;19/900;900;2 3 0 1 4 7 5 6 8;0 1 2 3 4 5 6 7 8;12;28;28;5526;0;0;85;0.338824;16309.4;K*;                        ? Unchecked;ijcai-2026-base-14-g0df50d7
n-puzzle;unit;20/900;900;2 1 4 5 0 6 8 3 7;0 1 2 3 4 5 6 7 8;14;30;30;13661;0;0;85;0.700012;19515.4;K*;                        ? Unchecked;ijcai-2026-base-14-g0df50d7
n-puzzle;unit;21/900;900;8 7 6 2 5 4 1 0 3;0 1 2 3 4 5 6 7 8;21;31;31;7228;0;0;85;0.948;7624.47;K*;                        ? Unchecked;ijcai-2026-base-14-g0df50d7
n-puzzle;unit;22/900;900;2 7 3 1 6 5 4 0 8;0 1 2 3 4 5 6 7 8;13;23;23;821;0;0;85;0.025477;32225.1;K*;                        ? Unchecked;ijcai-2026-base-14-g0df50d7
n-puzzle;unit;23/900;900;3 0 4 6 2 1 8 5 7;0 1 2 3 4 5 6 7 8;13;21;21;547;0;0;85;0.021796;25096.3;K*;                        ? Unchecked;ijcai-2026-base-14-g0df50d7
n-puzzle;unit;24/900;900;5 3 2 4 8 6 0 1 7;0 1 2 3 4 5 6 7 8;14;28;28;5528;0;0;85;0.706859;7820.51;K*;                        ? Unchecked;ijcai-2026-base-14-g0df50d7
n-puzzle;unit;25/900;900;1 3 5 2 4 6 8 7 0;0 1 2 3 4 5 6 7 8;12;32;32;25251;0;0;100;8.72198;2895.1;K*;                        ? Unchecked;ijcai-2026-base-14-g0df50d7
n-puzzle;unit;26/900;900;8 5 1 4 2 7 6 0 3;0 1 2 3 4 5 6 7 8;15;27;27;3376;0;0;100;0.20969;16100;K*;                        ? Unchecked;ijcai-2026-base-14-g0df50d7
n-puzzle;unit;27/900;900;2 8 5 6 3 1 4 0 7;0 1 2 3 4 5 6 7 8;13;25;25;2155;0;0;100;0.058268;36984.3;K*;                        ? Unchecked;ijcai-2026-base-14-g0df50d7
n-puzzle;unit;28/900;900;5 0 7 4 2 3 1 6 8;0 1 2 3 4 5 6 7 8;15;23;23;664;0;0;100;0.040176;16527.3;K*;                        ? Unchecked;ijcai-2026-base-14-g0df50d7
n-puzzle;unit;29/900;900;3 2 4 7 6 8 5 1 0;0 1 2 3 4 5 6 7 8;14;24;24;1289;0;0;100;0.334129;3857.79;K*;                        ? Unchecked;ijcai-2026-base-14-g0df50d7
n-puzzle;unit;30/900;900;1 3 2 0 8 6 4 7 5;0 1 2 3 4 5 6 7 8;11;25;25;2601;0;0;100;0.156009;16672.1;K*;                        ? Unchecked;ijcai-2026-base-14-g0df50d7
n-puzzle;unit;31/900;900;8 2 5 3 7 6 4 0 1;0 1 2 3 4 5 6 7 8;15;27;27;3346;0;0;100;0.105006;31864.8;K*;                        ? Unchecked;ijcai-2026-base-14-g0df50d7
n-puzzle;unit;32/900;900;2 4 0 7 5 1 8 6 3;0 1 2 3 4 5 6 7 8;14;26;26;1886;0;0;100;0.045365;41573.9;K*;                        ? Unchecked;ijcai-2026-base-14-g0df50d7
n-puzzle;unit;33/900;900;0 1 5 2 6 8 7 3 4;0 1 2 3 4 5 6 7 8;12;24;24;1475;0;0;100;0.07411;19902.8;K*;                        ? Unchecked;ijcai-2026-base-14-g0df50d7
n-puzzle;unit;34/900;900;7 1 5 2 8 6 3 4 0;0 1 2 3 4 5 6 7 8;14;22;22;461;0;0;100;0.036888;12497.3;K*;                        ? Unchecked;ijcai-2026-base-14-g0df50d7
n-puzzle;unit;35/900;900;6 3 1 2 8 7 0 4 5;0 1 2 3 4 5 6 7 8;14;26;26;2658;0;0;100;0.111377;23864.9;K*;                        ? Unchecked;ijcai-2026-base-14-g0df50d7
n-puzzle;unit;36/900;900;0 3 5 4 8 6 7 2 1;0 1 2 3 4 5 6 7 8;16;26;26;1847;0;0;100;0.083844;22029;K*;                        ? Unchecked;ijcai-2026-base-14-g0df50d7
n-puzzle;unit;37/900;900;8 1 4 0 3 2 5 6 7;0 1 2 3 4 5 6 7 8;13;25;25;1875;0;0;100;0.119342;15711.1;K*;                        ? Unchecked;ijcai-2026-base-14-g0df50d7
n-puzzle;unit;38/900;900;7 4 1 6 2 8 3 5 0;0 1 2 3 4 5 6 7 8;12;26;26;3518;0;0;100;0.076834;45787;K*;                        ? Unchecked;ijcai-2026-base-14-g0df50d7
n-puzzle;unit;39/900;900;4 6 8 0 5 1 3 2 7;0 1 2 3 4 5 6 7 8;15;27;27;3393;0;0;100;0.085173;39836.6;K*;                        ? Unchecked;ijcai-2026-base-14-g0df50d7
n-puzzle;unit;40/900;900;4 2 8 6 0 1 3 5 7;0 1 2 3 4 5 6 7 8;12;24;24;1868;0;0;100;0.044939;41567.5;K*;                        ? Unchecked;ijcai-2026-base-14-g0df50d7
n-puzzle;unit;41/900;900;3 7 8 4 5 2 6 1 0;0 1 2 3 4 5 6 7 8;10;24;24;1043;0;0;100;0.032005;32588.7;K*;                        ? Unchecked;ijcai-2026-base-14-g0df50d7
n-puzzle;unit;42/900;900;7 5 6 1 0 3 2 8 4;0 1 2 3 4 5 6 7 8;20;28;28;2449;0;0;100;0.231941;10558.7;K*;                        ? Unchecked;ijcai-2026-base-14-g0df50d7
n-puzzle;unit;43/900;900;1 6 4 8 5 3 7 2 0;0 1 2 3 4 5 6 7 8;16;26;26;1832;0;0;100;0.078619;23302.3;K*;                        ? Unchecked;ijcai-2026-base-14-g0df50d7
n-puzzle;unit;44/900;900;2 5 7 1 8 4 3 6 0;0 1 2 3 4 5 6 7 8;14;20;20;207;0;0;100;0.012529;16521.7;K*;                        ? Unchecked;ijcai-2026-base-14-g0df50d7
n-puzzle;unit;45/900;900;3 8 4 0 7 1 5 6 2;0 1 2 3 4 5 6 7 8;15;25;25;1593;0;0;100;0.464629;3428.54;K*;                        ? Unchecked;ijcai-2026-base-14-g0df50d7
n-puzzle;unit;46/900;900;3 0 5 4 2 1 7 8 6;0 1 2 3 4 5 6 7 8;11;23;23;1103;0;0;100;0.029178;37802.5;K*;                        ? Unchecked;ijcai-2026-base-14-g0df50d7
n-puzzle;unit;47/900;900;4 5 3 1 7 0 8 2 6;0 1 2 3 4 5 6 7 8;17;27;27;2616;0;0;100;0.235233;11120.9;K*;                        ? Unchecked;ijcai-2026-base-14-g0df50d7
n-puzzle;unit;48/900;900;1 8 4 2 3 5 6 0 7;0 1 2 3 4 5 6 7 8;11;23;23;1935;0;0;100;0.41442;4669.18;K*;                        ? Unchecked;ijcai-2026-base-14-g0df50d7
n-puzzle;unit;49/900;900;4 8 1 0 6 7 3 2 5;0 1 2 3 4 5 6 7 8;15;29;29;9678;0;0;100;0.605898;15973;K*;                        ? Unchecked;ijcai-2026-base-14-g0df50d7
n-puzzle;unit;50/900;900;8 5 3 4 6 1 7 2 0;0 1 2 3 4 5 6 7 8;18;28;28;3402;0;0;100;0.150638;22583.9;K*;                        ? Unchecked;ijcai-2026-base-14-g0df50d7
n-puzzle;unit;51/900;900;4 3 7 1 5 2 6 0 8;0 1 2 3 4 5 6 7 8;11;23;23;1178;0;0;100;0.063988;18409.7;K*;                        ? Unchecked;ijcai-2026-base-14-g0df50d7
n-puzzle;unit;52/900;900;7 4 1 2 3 0 5 8 6;0 1 2 3 4 5 6 7 8;15;31;31;16016;0;0;100;0.891062;17974.1;K*;                        ? Unchecked;ijcai-2026-base-14-g0df50d7
n-puzzle;unit;53/900;900;7 5 6 8 2 1 0 4 3;0 1 2 3 4 5 6 7 8;20;30;30;6387;0;0;100;0.240349;26573.9;K*;                        ? Unchecked;ijcai-2026-base-14-g0df50d7
n-puzzle;unit;54/900;900;2 8 5 0 7 6 1 4 3;0 1 2 3 4 5 6 7 8;17;27;27;2831;0;0;100;0.881998;3209.76;K*;                        ? Unchecked;ijcai-2026-base-14-g0df50d7
n-puzzle;unit;55/900;900;3 5 2 4 1 6 8 0 7;0 1 2 3 4 5 6 7 8;11;27;27;5279;0;0;100;0.1365;38674;K*;                        ? Unchecked;ijcai-2026-base-14-g0df50d7
n-puzzle;unit;56/900;900;8 6 1 5 4 3 0 2 7;0 1 2 3 4 5 6 7 8;16;30;30;7251;0;0;100;0.415739;17441.2;K*;                        ? Unchecked;ijcai-2026-base-14-g0df50d7
n-puzzle;unit;57/900;900;4 6 5 7 3 2 1 0 8;0 1 2 3 4 5 6 7 8;13;25;25;2189;0;0;100;0.052394;41779.6;K*;                        ? Unchecked;ijcai-2026-base-14-g0df50d7
n-puzzle;unit;58/900;900;3 7 4 2 8 6 5 0 1;0 1 2 3 4 5 6 7 8;19;29;29;5854;0;0;100;0.179406;32629.9;K*;                        ? Unchecked;ijcai-2026-base-14-g0df50d7
n-puzzle;unit;59/900;900;8 7 4 5 6 2 3 0 1;0 1 2 3 4 5 6 7 8;17;31;31;14430;0;0;100;0.918261;15714.5;K*;                        ? Unchecked;ijcai-2026-base-14-g0df50d7
n-puzzle;unit;60/900;900;6 1 5 3 4 0 8 2 7;0 1 2 3 4 5 6 7 8;9;25;25;2354;0;0;100;0.057303;41079.9;K*;                        ? Unchecked;ijcai-2026-base-14-g0df50d7
n-puzzle;unit;61/900;900;4 5 2 8 0 3 1 6 7;0 1 2 3 4 5 6 7 8;14;24;24;1366;0;0;100;0.053176;25688.3;K*;                        ? Unchecked;ijcai-2026-base-14-g0df50d7
n-puzzle;unit;62/900;900;8 5 4 6 1 2 7 3 0;0 1 2 3 4 5 6 7 8;14;28;28;4657;0;0;100;0.346072;13456.7;K*;                        ? Unchecked;ijcai-2026-base-14-g0df50d7
n-puzzle;unit;63/900;900;0 5 8 2 6 7 4 3 1;0 1 2 3 4 5 6 7 8;18;26;26;1664;0;0;100;0.117909;14112.6;K*;                        ? Unchecked;ijcai-2026-base-14-g0df50d7
n-puzzle;unit;64/900;900;5 0 1 8 7 3 4 6 2;0 1 2 3 4 5 6 7 8;15;27;27;2937;0;0;100;0.074137;39615.8;K*;                        ? Unchecked;ijcai-2026-base-14-g0df50d7
n-puzzle;unit;65/900;900;7 6 1 3 4 8 0 5 2;0 1 2 3 4 5 6 7 8;12;26;26;2496;0;0;100;0.102894;24258;K*;                        ? Unchecked;ijcai-2026-base-14-g0df50d7
n-puzzle;unit;66/900;900;8 0 7 3 6 5 1 2 4;0 1 2 3 4 5 6 7 8;17;29;29;5349;0;0;100;0.297632;17971.9;K*;                        ? Unchecked;ijcai-2026-base-14-g0df50d7
n-puzzle;unit;67/900;900;7 2 8 6 5 1 4 0 3;0 1 2 3 4 5 6 7 8;15;27;27;3469;0;0;100;0.0884;39242.1;K*;                        ? Unchecked;ijcai-2026-base-14-g0df50d7
n-puzzle;unit;68/900;900;5 0 3 4 1 8 2 7 6;0 1 2 3 4 5 6 7 8;15;29;29;6567;0;0;100;1.61;4078.87;K*;                        ? Unchecked;ijcai-2026-base-14-g0df50d7
n-puzzle;unit;69/900;900;7 8 4 6 3 5 2 1 0;0 1 2 3 4 5 6 7 8;16;30;30;8074;0;0;100;0.564446;14304.3;K*;                        ? Unchecked;ijcai-2026-base-14-g0df50d7
n-puzzle;unit;70/900;900;7 0 3 2 8 1 5 4 6;0 1 2 3 4 5 6 7 8;19;25;25;614;0;0;100;0.022941;26764.3;K*;                        ? Unchecked;ijcai-2026-base-14-g0df50d7
n-puzzle;unit;71/900;900;1 0 7 3 4 8 2 5 6;0 1 2 3 4 5 6 7 8;13;27;27;3281;0;0;100;0.315691;10393.1;K*;                        ? Unchecked;ijcai-2026-base-14-g0df50d7
n-puzzle;unit;72/900;900;8 0 7 4 3 6 5 2 1;0 1 2 3 4 5 6 7 8;21;29;29;2824;0;0;100;0.278376;10144.6;K*;                        ? Unchecked;ijcai-2026-base-14-g0df50d7
n-puzzle;unit;73/900;900;3 7 8 5 1 2 0 6 4;0 1 2 3 4 5 6 7 8;12;28;28;5398;0;0;100;0.162201;33279.7;K*;                        ? Unchecked;ijcai-2026-base-14-g0df50d7
n-puzzle;unit;74/900;900;1 6 2 0 7 8 4 5 3;0 1 2 3 4 5 6 7 8;13;23;23;929;0;0;100;0.23168;4009.84;K*;                        ? Unchecked;ijcai-2026-base-14-g0df50d7
n-puzzle;unit;75/900;900;6 1 2 3 0 8 4 5 7;0 1 2 3 4 5 6 7 8;8;22;22;1108;0;0;100;0.039291;28199.8;K*;                        ? Unchecked;ijcai-2026-base-14-g0df50d7
n-puzzle;unit;76/900;900;1 0 7 5 6 4 3 2 8;0 1 2 3 4 5 6 7 8;13;25;25;1558;0;0;100;0.043751;35610.6;K*;                        ? Unchecked;ijcai-2026-base-14-g0df50d7
n-puzzle;unit;77/900;900;2 7 6 1 4 0 5 3 8;0 1 2 3 4 5 6 7 8;15;27;27;2709;0;0;100;0.115979;23357.7;K*;                        ? Unchecked;ijcai-2026-base-14-g0df50d7
n-puzzle;unit;78/900;900;2 3 8 4 0 6 1 5 7;0 1 2 3 4 5 6 7 8;16;26;26;2267;0;0;100;0.129229;17542.5;K*;                        ? Unchecked;ijcai-2026-base-14-g0df50d7
n-puzzle;unit;79/900;900;0 5 4 6 1 7 8 2 3;0 1 2 3 4 5 6 7 8;16;28;28;4061;0;0;100;0.366629;11076.6;K*;                        ? Unchecked;ijcai-2026-base-14-g0df50d7
n-puzzle;unit;80/900;900;5 3 4 7 0 1 8 6 2;0 1 2 3 4 5 6 7 8;16;24;24;1117;0;0;100;0.042009;26589.5;K*;                        ? Unchecked;ijcai-2026-base-14-g0df50d7
n-puzzle;unit;81/900;900;1 7 5 6 8 3 4 2 0;0 1 2 3 4 5 6 7 8;14;26;26;2711;0;0;100;0.085412;31740.3;K*;                        ? Unchecked;ijcai-2026-base-14-g0df50d7
n-puzzle;unit;82/900;900;3 1 4 0 5 8 2 7 6;0 1 2 3 4 5 6 7 8;11;25;25;1924;0;0;100;0.211903;9079.63;K*;                        ? Unchecked;ijcai-2026-base-14-g0df50d7
n-puzzle;unit;83/900;900;4 2 3 0 5 1 8 6 7;0 1 2 3 4 5 6 7 8;13;23;23;662;0;0;100;0.031013;21345.9;K*;                        ? Unchecked;ijcai-2026-base-14-g0df50d7
n-puzzle;unit;84/900;900;4 7 3 1 6 5 8 0 2;0 1 2 3 4 5 6 7 8;15;29;29;8007;0;0;100;1.65354;4842.34;K*;                        ? Unchecked;ijcai-2026-base-14-g0df50d7
n-puzzle;unit;85/900;900;3 6 0 1 5 8 4 2 7;0 1 2 3 4 5 6 7 8;14;26;26;1980;0;0;100;0.047493;41690.4;K*;                        ? Unchecked;ijcai-2026-base-14-g0df50d7
n-puzzle;unit;86/900;900;8 6 2 7 5 1 3 0 4;0 1 2 3 4 5 6 7 8;15;31;31;18564;0;0;100;4.03645;4599.09;K*;                        ? Unchecked;ijcai-2026-base-14-g0df50d7
n-puzzle;unit;87/900;900;3 2 5 7 6 0 8 1 4;0 1 2 3 4 5 6 7 8;13;21;21;421;0;0;100;0.01986;21198.4;K*;                        ? Unchecked;ijcai-2026-base-14-g0df50d7
n-puzzle;unit;88/900;900;1 3 2 4 0 5 8 7 6;0 1 2 3 4 5 6 7 8;8;26;26;4408;0;0;100;0.230323;19138.3;K*;                        ? Unchecked;ijcai-2026-base-14-g0df50d7
n-puzzle;unit;89/900;900;0 8 4 3 2 1 6 5 7;0 1 2 3 4 5 6 7 8;12;24;24;1284;0;0;100;0.398325;3223.5;K*;                        ? Unchecked;ijcai-2026-base-14-g0df50d7
n-puzzle;unit;90/900;900;0 6 1 5 7 8 4 2 3;0 1 2 3 4 5 6 7 8;16;26;26;1694;0;0;100;0.08068;20996.5;K*;                        ? Unchecked;ijcai-2026-base-14-g0df50d7
n-puzzle;unit;91/900;900;2 1 6 4 5 8 3 0 7;0 1 2 3 4 5 6 7 8;11;27;27;4448;0;0;100;0.294555;15100.7;K*;                        ? Unchecked;ijcai-2026-base-14-g0df50d7
n-puzzle;unit;92/900;900;3 7 4 6 1 5 8 0 2;0 1 2 3 4 5 6 7 8;11;25;25;2275;0;0;100;0.110298;20625.9;K*;                        ? Unchecked;ijcai-2026-base-14-g0df50d7
n-puzzle;unit;93/900;900;7 6 1 3 5 8 2 4 0;0 1 2 3 4 5 6 7 8;14;26;26;2126;0;0;100;0.091671;23191.6;K*;                        ? Unchecked;ijcai-2026-base-14-g0df50d7
n-puzzle;unit;94/900;900;4 7 8 1 0 3 6 2 5;0 1 2 3 4 5 6 7 8;14;26;26;2943;0;0;100;0.273103;10776.2;K*;                        ? Unchecked;ijcai-2026-base-14-g0df50d7
n-puzzle;unit;95/900;900;0 5 8 2 7 4 1 6 3;0 1 2 3 4 5 6 7 8;16;24;24;530;0;0;100;0.026024;20365.8;K*;                        ? Unchecked;ijcai-2026-base-14-g0df50d7
n-puzzle;unit;96/900;900;5 2 3 8 7 0 1 6 4;0 1 2 3 4 5 6 7 8;17;27;27;2597;0;0;100;0.091697;28321.5;K*;                        ? Unchecked;ijcai-2026-base-14-g0df50d7
n-puzzle;unit;97/900;900;8 3 0 4 7 2 6 1 5;0 1 2 3 4 5 6 7 8;12;24;24;1038;0;0;100;0.285881;3630.88;K*;                        ? Unchecked;ijcai-2026-base-14-g0df50d7
n-puzzle;unit;98/900;900;5 8 6 0 7 4 1 3 2;0 1 2 3 4 5 6 7 8;19;29;29;4633;0;0;100;0.267995;17287.6;K*;                        ? Unchecked;ijcai-2026-base-14-g0df50d7
n-puzzle;unit;99/900;900;7 5 0 6 3 2 1 8 4;0 1 2 3 4 5 6 7 8;14;30;30;12783;0;0;100;1.87446;6819.56;K*;                        ? Unchecked;ijcai-2026-base-14-g0df50d7
n-puzzle;unit;0/1000;1000;5 6 0 8 4 7 1 3 2;0 1 2 3 4 5 6 7 8;18;28;28;1824;0;0;99;0.051552;35381.8;K*;                        ? Unchecked;ijcai-2026-base-14-g0df50d7
n-puzzle;unit;1/1000;1000;0 8 6 4 7 1 5 3 2;0 1 2 3 4 5 6 7 8;18;28;28;2568;0;0;99;0.072697;35324.7;K*;                        ? Unchecked;ijcai-2026-base-14-g0df50d7
n-puzzle;unit;2/1000;1000;5 2 8 0 7 4 1 3 6;0 1 2 3 4 5 6 7 8;15;25;25;2518;0;0;99;0.57901;4348.8;K*;                        ? Unchecked;ijcai-2026-base-14-g0df50d7
n-puzzle;unit;3/1000;1000;7 2 6 0 8 1 5 4 3;0 1 2 3 4 5 6 7 8;19;29;29;4721;0;0;99;0.169468;27857.8;K*;                        ? Unchecked;ijcai-2026-base-14-g0df50d7
n-puzzle;unit;4/1000;1000;5 1 8 6 0 7 2 4 3;0 1 2 3 4 5 6 7 8;16;28;28;4855;0;0;99;0.776466;6252.69;K*;                        ? Unchecked;ijcai-2026-base-14-g0df50d7
n-puzzle;unit;5/1000;1000;8 0 3 6 4 5 7 2 1;0 1 2 3 4 5 6 7 8;15;27;27;2993;0;0;99;0.082065;36471.1;K*;                        ? Unchecked;ijcai-2026-base-14-g0df50d7
n-puzzle;unit;6/1000;1000;4 2 7 1 5 8 0 6 3;0 1 2 3 4 5 6 7 8;14;22;22;433;0;0;99;0.02301;18817.9;K*;                        ? Unchecked;ijcai-2026-base-14-g0df50d7
n-puzzle;unit;7/1000;1000;4 1 7 3 2 5 6 0 8;0 1 2 3 4 5 6 7 8;7;23;23;1430;0;0;99;0.044191;32359.5;K*;                        ? Unchecked;ijcai-2026-base-14-g0df50d7
n-puzzle;unit;8/1000;1000;8 4 0 5 1 6 2 7 3;0 1 2 3 4 5 6 7 8;18;32;32;13172;0;0;99;5.04152;2612.7;K*;                        ? Unchecked;ijcai-2026-base-14-g0df50d7
n-puzzle;unit;9/1000;1000;1 3 0 7 6 2 5 8 4;0 1 2 3 4 5 6 7 8;14;26;26;2754;0;0;99;0.170169;16183.9;K*;                        ? Unchecked;ijcai-2026-base-14-g0df50d7
n-puzzle;unit;10/1000;1000;7 0 4 6 8 5 3 1 2;0 1 2 3 4 5 6 7 8;13;31;31;17828;0;0;99;0.895517;19908.1;K*;                        ? Unchecked;ijcai-2026-base-14-g0df50d7
n-puzzle;unit;11/1000;1000;6 1 7 5 8 2 4 3 0;0 1 2 3 4 5 6 7 8;14;28;28;4660;0;0;99;0.13383;34820.3;K*;                        ? Unchecked;ijcai-2026-base-14-g0df50d7
n-puzzle;unit;12/1000;1000;7 5 2 1 6 3 8 0 4;0 1 2 3 4 5 6 7 8;15;29;29;8627;0;0;99;0.256167;33677.2;K*;                        ? Unchecked;ijcai-2026-base-14-g0df50d7
n-puzzle;unit;13/1000;1000;6 2 4 0 8 7 5 3 1;0 1 2 3 4 5 6 7 8;17;29;29;7938;0;0;99;0.37397;21226.3;K*;                        ? Unchecked;ijcai-2026-base-14-g0df50d7
n-puzzle;unit;14/1000;1000;0 1 6 2 5 7 4 8 3;0 1 2 3 4 5 6 7 8;16;30;30;9233;0;0;99;0.32222;28654.3;K*;                        ? Unchecked;ijcai-2026-base-14-g0df50d7
n-puzzle;unit;15/1000;1000;4 0 3 6 1 2 8 5 7;0 1 2 3 4 5 6 7 8;13;21;21;433;0;0;99;0.083005;5216.55;K*;                        ? Unchecked;ijcai-2026-base-14-g0df50d7
n-puzzle;unit;16/1000;1000;1 5 8 7 6 4 0 3 2;0 1 2 3 4 5 6 7 8;14;24;24;1225;0;0;99;0.062087;19730.4;K*;                        ? Unchecked;ijcai-2026-base-14-g0df50d7
n-puzzle;unit;17/1000;1000;2 7 0 8 4 6 3 5 1;0 1 2 3 4 5 6 7 8;16;28;28;3013;0;0;99;0.104379;28866;K*;                        ? Unchecked;ijcai-2026-base-14-g0df50d7
n-puzzle;unit;18/1000;1000;7 4 8 1 5 6 0 2 3;0 1 2 3 4 5 6 7 8;18;28;28;2318;0;0;99;0.079287;29235.6;K*;                        ? Unchecked;ijcai-2026-base-14-g0df50d7
n-puzzle;unit;19/1000;1000;2 3 0 1 4 7 5 6 8;0 1 2 3 4 5 6 7 8;12;28;28;5526;0;0;99;0.333307;16579.3;K*;                        ? Unchecked;ijcai-2026-base-14-g0df50d7
n-puzzle;unit;20/1000;1000;2 1 4 5 0 6 8 3 7;0 1 2 3 4 5 6 7 8;14;30;30;13661;0;0;99;0.690912;19772.4;K*;                        ? Unchecked;ijcai-2026-base-14-g0df50d7
n-puzzle;unit;21/1000;1000;8 7 6 2 5 4 1 0 3;0 1 2 3 4 5 6 7 8;21;31;31;7228;0;0;99;0.891989;8103.24;K*;                        ? Unchecked;ijcai-2026-base-14-g0df50d7
n-puzzle;unit;22/1000;1000;2 7 3 1 6 5 4 0 8;0 1 2 3 4 5 6 7 8;13;23;23;1301;0;0;99;0.278552;4670.58;K*;                        ? Unchecked;ijcai-2026-base-14-g0df50d7
n-puzzle;unit;23/1000;1000;3 0 4 6 2 1 8 5 7;0 1 2 3 4 5 6 7 8;13;21;21;547;0;0;99;0.022005;24858;K*;                        ? Unchecked;ijcai-2026-base-14-g0df50d7
n-puzzle;unit;24/1000;1000;5 3 2 4 8 6 0 1 7;0 1 2 3 4 5 6 7 8;14;28;28;5528;0;0;99;0.693957;7965.91;K*;                        ? Unchecked;ijcai-2026-base-14-g0df50d7
n-puzzle;unit;25/1000;1000;1 3 5 2 4 6 8 7 0;0 1 2 3 4 5 6 7 8;12;32;32;25251;0;0;102;8.64879;2919.6;K*;                        ? Unchecked;ijcai-2026-base-14-g0df50d7
n-puzzle;unit;26/1000;1000;8 5 1 4 2 7 6 0 3;0 1 2 3 4 5 6 7 8;15;27;27;3376;0;0;102;0.205736;16409.4;K*;                        ? Unchecked;ijcai-2026-base-14-g0df50d7
n-puzzle;unit;27/1000;1000;2 8 5 6 3 1 4 0 7;0 1 2 3 4 5 6 7 8;13;25;25;2155;0;0;102;0.057003;37805;K*;                        ? Unchecked;ijcai-2026-base-14-g0df50d7
n-puzzle;unit;28/1000;1000;5 0 7 4 2 3 1 6 8;0 1 2 3 4 5 6 7 8;15;23;23;664;0;0;102;0.030479;21785.5;K*;                        ? Unchecked;ijcai-2026-base-14-g0df50d7
n-puzzle;unit;29/1000;1000;3 2 4 7 6 8 5 1 0;0 1 2 3 4 5 6 7 8;14;24;24;1289;0;0;102;0.308956;4172.12;K*;                        ? Unchecked;ijcai-2026-base-14-g0df50d7
n-puzzle;unit;30/1000;1000;1 3 2 0 8 6 4 7 5;0 1 2 3 4 5 6 7 8;11;25;25;2601;0;0;102;0.153761;16915.9;K*;                        ? Unchecked;ijcai-2026-base-14-g0df50d7
n-puzzle;unit;31/1000;1000;8 2 5 3 7 6 4 0 1;0 1 2 3 4 5 6 7 8;15;27;27;3346;0;0;102;0.103921;32197.5;K*;                        ? Unchecked;ijcai-2026-base-14-g0df50d7
n-puzzle;unit;32/1000;1000;2 4 0 7 5 1 8 6 3;0 1 2 3 4 5 6 7 8;14;26;26;2386;0;0;102;0.334319;7136.9;K*;                        ? Unchecked;ijcai-2026-base-14-g0df50d7
n-puzzle;unit;33/1000;1000;0 1 5 2 6 8 7 3 4;0 1 2 3 4 5 6 7 8;12;24;24;1475;0;0;102;0.073791;19988.9;K*;                        ? Unchecked;ijcai-2026-base-14-g0df50d7
n-puzzle;unit;34/1000;1000;7 1 5 2 8 6 3 4 0;0 1 2 3 4 5 6 7 8;14;22;22;461;0;0;102;0.037207;12390.1;K*;                        ? Unchecked;ijcai-2026-base-14-g0df50d7
n-puzzle;unit;35/1000;1000;6 3 1 2 8 7 0 4 5;0 1 2 3 4 5 6 7 8;14;26;26;2658;0;0;102;0.110714;24007.8;K*;                        ? Unchecked;ijcai-2026-base-14-g0df50d7
n-puzzle;unit;36/1000;1000;0 3 5 4 8 6 7 2 1;0 1 2 3 4 5 6 7 8;16;26;26;1847;0;0;102;0.082446;22402.5;K*;                        ? Unchecked;ijcai-2026-base-14-g0df50d7
n-puzzle;unit;37/1000;1000;8 1 4 0 3 2 5 6 7;0 1 2 3 4 5 6 7 8;13;25;25;1875;0;0;102;0.117968;15894.1;K*;                        ? Unchecked;ijcai-2026-base-14-g0df50d7
n-puzzle;unit;38/1000;1000;7 4 1 6 2 8 3 5 0;0 1 2 3 4 5 6 7 8;12;26;26;3518;0;0;102;0.07706;45652.7;K*;                        ? Unchecked;ijcai-2026-base-14-g0df50d7
n-puzzle;unit;39/1000;1000;4 6 8 0 5 1 3 2 7;0 1 2 3 4 5 6 7 8;15;27;27;3393;0;0;102;0.084438;40183.3;K*;                        ? Unchecked;ijcai-2026-base-14-g0df50d7
n-puzzle;unit;40/1000;1000;4 2 8 6 0 1 3 5 7;0 1 2 3 4 5 6 7 8;12;24;24;1868;0;0;102;0.044518;41960.6;K*;                        ? Unchecked;ijcai-2026-base-14-g0df50d7
n-puzzle;unit;41/1000;1000;3 7 8 4 5 2 6 1 0;0 1 2 3 4 5 6 7 8;10;24;24;1043;0;0;102;0.031086;33552.1;K*;                        ? Unchecked;ijcai-2026-base-14-g0df50d7
n-puzzle;unit;42/1000;1000;7 5 6 1 0 3 2 8 4;0 1 2 3 4 5 6 7 8;20;28;28;2449;0;0;102;0.230577;10621.2;K*;                        ? Unchecked;ijcai-2026-base-14-g0df50d7
n-puzzle;unit;43/1000;1000;1 6 4 8 5 3 7 2 0;0 1 2 3 4 5 6 7 8;16;26;26;1832;0;0;102;0.077623;23601.3;K*;                        ? Unchecked;ijcai-2026-base-14-g0df50d7
n-puzzle;unit;44/1000;1000;2 5 7 1 8 4 3 6 0;0 1 2 3 4 5 6 7 8;14;22;22;568;0;0;102;0.176856;3211.65;K*;                        ? Unchecked;ijcai-2026-base-14-g0df50d7
n-puzzle;unit;45/1000;1000;3 8 4 0 7 1 5 6 2;0 1 2 3 4 5 6 7 8;15;25;25;1593;0;0;102;0.455374;3498.22;K*;                        ? Unchecked;ijcai-2026-base-14-g0df50d7
n-puzzle;unit;46/1000;1000;3 0 5 4 2 1 7 8 6;0 1 2 3 4 5 6 7 8;11;23;23;2283;0;0;102;0.653647;3492.71;K*;                        ? Unchecked;ijcai-2026-base-14-g0df50d7
n-puzzle;unit;47/1000;1000;4 5 3 1 7 0 8 2 6;0 1 2 3 4 5 6 7 8;17;27;27;2616;0;0;102;0.232705;11241.7;K*;                        ? Unchecked;ijcai-2026-base-14-g0df50d7
n-puzzle;unit;48/1000;1000;1 8 4 2 3 5 6 0 7;0 1 2 3 4 5 6 7 8;11;25;25;2592;0;0;102;0.742316;3491.77;K*;                        ? Unchecked;ijcai-2026-base-14-g0df50d7
n-puzzle;unit;49/1000;1000;4 8 1 0 6 7 3 2 5;0 1 2 3 4 5 6 7 8;15;29;29;9678;0;0;102;0.650394;14880.2;K*;                        ? Unchecked;ijcai-2026-base-14-g0df50d7
n-puzzle;unit;50/1000;1000;8 5 3 4 6 1 7 2 0;0 1 2 3 4 5 6 7 8;18;28;28;3402;0;0;102;0.146284;23256.1;K*;                        ? Unchecked;ijcai-2026-base-14-g0df50d7
n-puzzle;unit;51/1000;1000;4 3 7 1 5 2 6 0 8;0 1 2 3 4 5 6 7 8;11;23;23;1178;0;0;102;0.057872;20355.3;K*;                        ? Unchecked;ijcai-2026-base-14-g0df50d7
n-puzzle;unit;52/1000;1000;7 4 1 2 3 0 5 8 6;0 1 2 3 4 5 6 7 8;15;31;31;16016;0;0;102;0.881546;18168.1;K*;                        ? Unchecked;ijcai-2026-base-14-g0df50d7
n-puzzle;unit;53/1000;1000;7 5 6 8 2 1 0 4 3;0 1 2 3 4 5 6 7 8;20;30;30;6387;0;0;102;0.24076;26528.5;K*;                        ? Unchecked;ijcai-2026-base-14-g0df50d7
n-puzzle;unit;54/1000;1000;2 8 5 0 7 6 1 4 3;0 1 2 3 4 5 6 7 8;17;27;27;2831;0;0;102;0.884973;3198.97;K*;                        ? Unchecked;ijcai-2026-base-14-g0df50d7
n-puzzle;unit;55/1000;1000;3 5 2 4 1 6 8 0 7;0 1 2 3 4 5 6 7 8;11;27;27;5279;0;0;102;0.133821;39448.2;K*;                        ? Unchecked;ijcai-2026-base-14-g0df50d7
n-puzzle;unit;56/1000;1000;8 6 1 5 4 3 0 2 7;0 1 2 3 4 5 6 7 8;16;30;30;7251;0;0;102;0.408093;17768;K*;                        ? Unchecked;ijcai-2026-base-14-g0df50d7
n-puzzle;unit;57/1000;1000;4 6 5 7 3 2 1 0 8;0 1 2 3 4 5 6 7 8;13;25;25;2189;0;0;102;0.05168;42356.8;K*;                        ? Unchecked;ijcai-2026-base-14-g0df50d7
n-puzzle;unit;58/1000;1000;3 7 4 2 8 6 5 0 1;0 1 2 3 4 5 6 7 8;19;29;29;5854;0;0;102;0.17714;33047.3;K*;                        ? Unchecked;ijcai-2026-base-14-g0df50d7
n-puzzle;unit;59/1000;1000;8 7 4 5 6 2 3 0 1;0 1 2 3 4 5 6 7 8;17;31;31;14430;0;0;102;0.917533;15727;K*;                        ? Unchecked;ijcai-2026-base-14-g0df50d7
n-puzzle;unit;60/1000;1000;6 1 5 3 4 0 8 2 7;0 1 2 3 4 5 6 7 8;9;25;25;2354;0;0;102;0.056323;41794.6;K*;                        ? Unchecked;ijcai-2026-base-14-g0df50d7
n-puzzle;unit;61/1000;1000;4 5 2 8 0 3 1 6 7;0 1 2 3 4 5 6 7 8;14;24;24;1366;0;0;102;0.051924;26307.7;K*;                        ? Unchecked;ijcai-2026-base-14-g0df50d7
n-puzzle;unit;62/1000;1000;8 5 4 6 1 2 7 3 0;0 1 2 3 4 5 6 7 8;14;28;28;4657;0;0;102;0.352171;13223.7;K*;                        ? Unchecked;ijcai-2026-base-14-g0df50d7
n-puzzle;unit;63/1000;1000;0 5 8 2 6 7 4 3 1;0 1 2 3 4 5 6 7 8;18;26;26;1664;0;0;102;0.11575;14375.8;K*;                        ? Unchecked;ijcai-2026-base-14-g0df50d7
n-puzzle;unit;64/1000;1000;5 0 1 8 7 3 4 6 2;0 1 2 3 4 5 6 7 8;15;27;27;2937;0;0;102;0.072762;40364.5;K*;                        ? Unchecked;ijcai-2026-base-14-g0df50d7
n-puzzle;unit;65/1000;1000;7 6 1 3 4 8 0 5 2;0 1 2 3 4 5 6 7 8;12;26;26;2496;0;0;102;0.101606;24565.5;K*;                        ? Unchecked;ijcai-2026-base-14-g0df50d7
n-puzzle;unit;66/1000;1000;8 0 7 3 6 5 1 2 4;0 1 2 3 4 5 6 7 8;17;29;29;5349;0;0;102;0.29225;18302.8;K*;                        ? Unchecked;ijcai-2026-base-14-g0df50d7
n-puzzle;unit;67/1000;1000;7 2 8 6 5 1 4 0 3;0 1 2 3 4 5 6 7 8;15;27;27;3469;0;0;102;0.087391;39695.2;K*;                        ? Unchecked;ijcai-2026-base-14-g0df50d7
n-puzzle;unit;68/1000;1000;5 0 3 4 1 8 2 7 6;0 1 2 3 4 5 6 7 8;15;29;29;6567;0;0;102;1.53391;4281.21;K*;                        ? Unchecked;ijcai-2026-base-14-g0df50d7
n-puzzle;unit;69/1000;1000;7 8 4 6 3 5 2 1 0;0 1 2 3 4 5 6 7 8;16;30;30;8074;0;0;102;0.556389;14511.4;K*;                        ? Unchecked;ijcai-2026-base-14-g0df50d7
n-puzzle;unit;70/1000;1000;7 0 3 2 8 1 5 4 6;0 1 2 3 4 5 6 7 8;19;25;25;614;0;0;102;0.023117;26560.5;K*;                        ? Unchecked;ijcai-2026-base-14-g0df50d7
n-puzzle;unit;71/1000;1000;1 0 7 3 4 8 2 5 6;0 1 2 3 4 5 6 7 8;13;27;27;3281;0;0;102;0.311947;10517.8;K*;                        ? Unchecked;ijcai-2026-base-14-g0df50d7
n-puzzle;unit;72/1000;1000;8 0 7 4 3 6 5 2 1;0 1 2 3 4 5 6 7 8;21;29;29;2824;0;0;102;0.243264;11608.8;K*;                        ? Unchecked;ijcai-2026-base-14-g0df50d7
n-puzzle;unit;73/1000;1000;3 7 8 5 1 2 0 6 4;0 1 2 3 4 5 6 7 8;12;28;28;5398;0;0;102;0.157801;34207.6;K*;                        ? Unchecked;ijcai-2026-base-14-g0df50d7
n-puzzle;unit;74/1000;1000;1 6 2 0 7 8 4 5 3;0 1 2 3 4 5 6 7 8;13;23;23;929;0;0;102;0.228926;4058.08;K*;                        ? Unchecked;ijcai-2026-base-14-g0df50d7
n-puzzle;unit;75/1000;1000;6 1 2 3 0 8 4 5 7;0 1 2 3 4 5 6 7 8;8;22;22;1108;0;0;102;0.039378;28137.5;K*;                        ? Unchecked;ijcai-2026-base-14-g0df50d7
n-puzzle;unit;76/1000;1000;1 0 7 5 6 4 3 2 8;0 1 2 3 4 5 6 7 8;13;25;25;1558;0;0;102;0.042711;36477.7;K*;                        ? Unchecked;ijcai-2026-base-14-g0df50d7
n-puzzle;unit;77/1000;1000;2 7 6 1 4 0 5 3 8;0 1 2 3 4 5 6 7 8;15;27;27;2709;0;0;102;0.113105;23951.2;K*;                        ? Unchecked;ijcai-2026-base-14-g0df50d7
n-puzzle;unit;78/1000;1000;2 3 8 4 0 6 1 5 7;0 1 2 3 4 5 6 7 8;16;26;26;2267;0;0;102;0.12697;17854.6;K*;                        ? Unchecked;ijcai-2026-base-14-g0df50d7
n-puzzle;unit;79/1000;1000;0 5 4 6 1 7 8 2 3;0 1 2 3 4 5 6 7 8;16;28;28;4061;0;0;102;0.356727;11384.1;K*;                        ? Unchecked;ijcai-2026-base-14-g0df50d7
n-puzzle;unit;80/1000;1000;5 3 4 7 0 1 8 6 2;0 1 2 3 4 5 6 7 8;16;24;24;1117;0;0;102;0.041777;26737.2;K*;                        ? Unchecked;ijcai-2026-base-14-g0df50d7
n-puzzle;unit;81/1000;1000;1 7 5 6 8 3 4 2 0;0 1 2 3 4 5 6 7 8;14;26;26;2711;0;0;102;0.069456;39031.9;K*;                        ? Unchecked;ijcai-2026-base-14-g0df50d7
n-puzzle;unit;82/1000;1000;3 1 4 0 5 8 2 7 6;0 1 2 3 4 5 6 7 8;11;25;25;1924;0;0;102;0.256756;7493.5;K*;                        ? Unchecked;ijcai-2026-base-14-g0df50d7
n-puzzle;unit;83/1000;1000;4 2 3 0 5 1 8 6 7;0 1 2 3 4 5 6 7 8;13;25;25;1669;0;0;102;0.526465;3170.2;K*;                        ? Unchecked;ijcai-2026-base-14-g0df50d7
n-puzzle;unit;84/1000;1000;4 7 3 1 6 5 8 0 2;0 1 2 3 4 5 6 7 8;15;29;29;8007;0;0;102;1.63617;4893.75;K*;                        ? Unchecked;ijcai-2026-base-14-g0df50d7
n-puzzle;unit;85/1000;1000;3 6 0 1 5 8 4 2 7;0 1 2 3 4 5 6 7 8;14;26;26;2760;0;0;102;0.500895;5510.14;K*;                        ? Unchecked;ijcai-2026-base-14-g0df50d7
n-puzzle;unit;86/1000;1000;8 6 2 7 5 1 3 0 4;0 1 2 3 4 5 6 7 8;15;31;31;18564;0;0;102;3.9995;4641.58;K*;                        ? Unchecked;ijcai-2026-base-14-g0df50d7
n-puzzle;unit;87/1000;1000;3 2 5 7 6 0 8 1 4;0 1 2 3 4 5 6 7 8;13;21;21;421;0;0;102;0.02093;20114.7;K*;                        ? Unchecked;ijcai-2026-base-14-g0df50d7
n-puzzle;unit;88/1000;1000;1 3 2 4 0 5 8 7 6;0 1 2 3 4 5 6 7 8;8;26;26;4408;0;0;102;0.226431;19467.3;K*;                        ? Unchecked;ijcai-2026-base-14-g0df50d7
n-puzzle;unit;89/1000;1000;0 8 4 3 2 1 6 5 7;0 1 2 3 4 5 6 7 8;12;24;24;1284;0;0;102;0.351854;3649.24;K*;                        ? Unchecked;ijcai-2026-base-14-g0df50d7
n-puzzle;unit;90/1000;1000;0 6 1 5 7 8 4 2 3;0 1 2 3 4 5 6 7 8;16;26;26;1694;0;0;102;0.074282;22805;K*;                        ? Unchecked;ijcai-2026-base-14-g0df50d7
n-puzzle;unit;91/1000;1000;2 1 6 4 5 8 3 0 7;0 1 2 3 4 5 6 7 8;11;27;27;4448;0;0;102;0.290275;15323.4;K*;                        ? Unchecked;ijcai-2026-base-14-g0df50d7
n-puzzle;unit;92/1000;1000;3 7 4 6 1 5 8 0 2;0 1 2 3 4 5 6 7 8;11;25;25;2275;0;0;102;0.108227;21020.6;K*;                        ? Unchecked;ijcai-2026-base-14-g0df50d7
n-puzzle;unit;93/1000;1000;7 6 1 3 5 8 2 4 0;0 1 2 3 4 5 6 7 8;14;26;26;2126;0;0;102;0.090874;23395;K*;                        ? Unchecked;ijcai-2026-base-14-g0df50d7
n-puzzle;unit;94/1000;1000;4 7 8 1 0 3 6 2 5;0 1 2 3 4 5 6 7 8;14;26;26;2943;0;0;102;0.269898;10904.1;K*;                        ? Unchecked;ijcai-2026-base-14-g0df50d7
n-puzzle;unit;95/1000;1000;0 5 8 2 7 4 1 6 3;0 1 2 3 4 5 6 7 8;16;24;24;530;0;0;102;0.027027;19610;K*;                        ? Unchecked;ijcai-2026-base-14-g0df50d7
n-puzzle;unit;96/1000;1000;5 2 3 8 7 0 1 6 4;0 1 2 3 4 5 6 7 8;17;27;27;2597;0;0;102;0.09208;28203.7;K*;                        ? Unchecked;ijcai-2026-base-14-g0df50d7
n-puzzle;unit;97/1000;1000;8 3 0 4 7 2 6 1 5;0 1 2 3 4 5 6 7 8;12;24;24;1038;0;0;102;0.28387;3656.6;K*;                        ? Unchecked;ijcai-2026-base-14-g0df50d7
n-puzzle;unit;98/1000;1000;5 8 6 0 7 4 1 3 2;0 1 2 3 4 5 6 7 8;19;29;29;4633;0;0;102;0.253381;18284.7;K*;                        ? Unchecked;ijcai-2026-base-14-g0df50d7
n-puzzle;unit;99/1000;1000;7 5 0 6 3 2 1 8 4;0 1 2 3 4 5 6 7 8;14;30;30;12783;0;0;102;1.89716;6737.98;K*;                        ? Unchecked;ijcai-2026-base-14-g0df50d7
n-puzzle;unit;0/2000;2000;5 6 0 8 4 7 1 3 2;0 1 2 3 4 5 6 7 8;18;30;30;5953;0;0;102;4.80197;1239.7;K*;                        ? Unchecked;ijcai-2026-base-14-g0df50d7
n-puzzle;unit;1/2000;2000;0 8 6 4 7 1 5 3 2;0 1 2 3 4 5 6 7 8;18;30;30;7337;0;0;102;5.70028;1287.13;K*;                        ? Unchecked;ijcai-2026-base-14-g0df50d7
n-puzzle;unit;2/2000;2000;5 2 8 0 7 4 1 3 6;0 1 2 3 4 5 6 7 8;15;27;27;3703;0;0;102;1.33742;2768.76;K*;                        ? Unchecked;ijcai-2026-base-14-g0df50d7
n-puzzle;unit;3/2000;2000;7 2 6 0 8 1 5 4 3;0 1 2 3 4 5 6 7 8;19;31;31;12520;0;0;102;11.5355;1085.35;K*;                        ? Unchecked;ijcai-2026-base-14-g0df50d7
n-puzzle;unit;4/2000;2000;5 1 8 6 0 7 2 4 3;0 1 2 3 4 5 6 7 8;16;28;28;4855;0;0;102;0.792652;6125.01;K*;                        ? Unchecked;ijcai-2026-base-14-g0df50d7
n-puzzle;unit;5/2000;2000;8 0 3 6 4 5 7 2 1;0 1 2 3 4 5 6 7 8;15;29;29;7152;0;0;102;3.91123;1828.58;K*;                        ? Unchecked;ijcai-2026-base-14-g0df50d7
n-puzzle;unit;6/2000;2000;4 2 7 1 5 8 0 6 3;0 1 2 3 4 5 6 7 8;14;24;24;1099;0;0;102;0.616964;1781.3;K*;                        ? Unchecked;ijcai-2026-base-14-g0df50d7
n-puzzle;unit;7/2000;2000;4 1 7 3 2 5 6 0 8;0 1 2 3 4 5 6 7 8;7;25;25;3087;0;0;102;1.67658;1841.25;K*;                        ? Unchecked;ijcai-2026-base-14-g0df50d7
n-puzzle;unit;8/2000;2000;8 4 0 5 1 6 2 7 3;0 1 2 3 4 5 6 7 8;18;32;32;13172;0;0;102;5.05777;2604.31;K*;                        ? Unchecked;ijcai-2026-base-14-g0df50d7
n-puzzle;unit;9/2000;2000;1 3 0 7 6 2 5 8 4;0 1 2 3 4 5 6 7 8;14;26;26;2754;0;0;102;0.184061;14962.4;K*;                        ? Unchecked;ijcai-2026-base-14-g0df50d7
n-puzzle;unit;10/2000;2000;7 0 4 6 8 5 3 1 2;0 1 2 3 4 5 6 7 8;13;31;31;17828;0;0;102;0.911239;19564.6;K*;                        ? Unchecked;ijcai-2026-base-14-g0df50d7
n-puzzle;unit;11/2000;2000;6 1 7 5 8 2 4 3 0;0 1 2 3 4 5 6 7 8;14;30;30;10971;0;0;102;6.9456;1579.56;K*;                        ? Unchecked;ijcai-2026-base-14-g0df50d7
n-puzzle;unit;12/2000;2000;7 5 2 1 6 3 8 0 4;0 1 2 3 4 5 6 7 8;15;29;29;17787;0;0;102;15.7979;1125.91;K*;                        ? Unchecked;ijcai-2026-base-14-g0df50d7
n-puzzle;unit;13/2000;2000;6 2 4 0 8 7 5 3 1;0 1 2 3 4 5 6 7 8;17;29;29;7938;0;0;102;0.437804;18131.4;K*;                        ? Unchecked;ijcai-2026-base-14-g0df50d7
n-puzzle;unit;14/2000;2000;0 1 6 2 5 7 4 8 3;0 1 2 3 4 5 6 7 8;16;30;30;9233;0;0;102;0.336341;27451.3;K*;                        ? Unchecked;ijcai-2026-base-14-g0df50d7
n-puzzle;unit;15/2000;2000;4 0 3 6 1 2 8 5 7;0 1 2 3 4 5 6 7 8;13;21;21;433;0;0;102;0.09266;4673;K*;                        ? Unchecked;ijcai-2026-base-14-g0df50d7
n-puzzle;unit;16/2000;2000;1 5 8 7 6 4 0 3 2;0 1 2 3 4 5 6 7 8;14;24;24;1225;0;0;102;0.072855;16814.2;K*;                        ? Unchecked;ijcai-2026-base-14-g0df50d7
n-puzzle;unit;17/2000;2000;2 7 0 8 4 6 3 5 1;0 1 2 3 4 5 6 7 8;16;30;30;8166;0;0;102;6.44774;1266.49;K*;                        ? Unchecked;ijcai-2026-base-14-g0df50d7
n-puzzle;unit;18/2000;2000;7 4 8 1 5 6 0 2 3;0 1 2 3 4 5 6 7 8;18;30;30;6906;0;0;102;4.51157;1530.73;K*;                        ? Unchecked;ijcai-2026-base-14-g0df50d7
n-puzzle;unit;19/2000;2000;2 3 0 1 4 7 5 6 8;0 1 2 3 4 5 6 7 8;12;28;28;5526;0;0;102;0.34795;15881.6;K*;                        ? Unchecked;ijcai-2026-base-14-g0df50d7
n-puzzle;unit;20/2000;2000;2 1 4 5 0 6 8 3 7;0 1 2 3 4 5 6 7 8;14;30;30;13661;0;0;102;0.709695;19249.1;K*;                        ? Unchecked;ijcai-2026-base-14-g0df50d7
n-puzzle;unit;21/2000;2000;8 7 6 2 5 4 1 0 3;0 1 2 3 4 5 6 7 8;21;31;31;7228;0;0;102;0.923705;7825.01;K*;                        ? Unchecked;ijcai-2026-base-14-g0df50d7
n-puzzle;unit;22/2000;2000;2 7 3 1 6 5 4 0 8;0 1 2 3 4 5 6 7 8;13;25;25;2006;0;0;102;0.69538;2884.75;K*;                        ? Unchecked;ijcai-2026-base-14-g0df50d7
n-puzzle;unit;23/2000;2000;3 0 4 6 2 1 8 5 7;0 1 2 3 4 5 6 7 8;13;23;23;1220;0;0;102;0.513476;2375.96;K*;                        ? Unchecked;ijcai-2026-base-14-g0df50d7
n-puzzle;unit;24/2000;2000;5 3 2 4 8 6 0 1 7;0 1 2 3 4 5 6 7 8;14;28;28;5528;0;0;102;0.72075;7669.79;K*;                        ? Unchecked;ijcai-2026-base-14-g0df50d7
n-puzzle;unit;25/2000;2000;1 3 5 2 4 6 8 7 0;0 1 2 3 4 5 6 7 8;12;32;32;25251;0;0;117;8.73991;2889.16;K*;                        ? Unchecked;ijcai-2026-base-14-g0df50d7
n-puzzle;unit;26/2000;2000;8 5 1 4 2 7 6 0 3;0 1 2 3 4 5 6 7 8;15;27;27;3376;0;0;117;0.218152;15475.4;K*;                        ? Unchecked;ijcai-2026-base-14-g0df50d7
n-puzzle;unit;27/2000;2000;2 8 5 6 3 1 4 0 7;0 1 2 3 4 5 6 7 8;13;27;27;5005;0;0;117;2.07348;2413.81;K*;                        ? Unchecked;ijcai-2026-base-14-g0df50d7
n-puzzle;unit;28/2000;2000;5 0 7 4 2 3 1 6 8;0 1 2 3 4 5 6 7 8;15;25;25;1661;0;0;117;1.05631;1572.45;K*;                        ? Unchecked;ijcai-2026-base-14-g0df50d7
n-puzzle;unit;29/2000;2000;3 2 4 7 6 8 5 1 0;0 1 2 3 4 5 6 7 8;14;24;24;1289;0;0;117;0.322918;3991.73;K*;                        ? Unchecked;ijcai-2026-base-14-g0df50d7
n-puzzle;unit;30/2000;2000;1 3 2 0 8 6 4 7 5;0 1 2 3 4 5 6 7 8;11;25;25;2601;0;0;117;0.165064;15757.5;K*;                        ? Unchecked;ijcai-2026-base-14-g0df50d7
n-puzzle;unit;31/2000;2000;8 2 5 3 7 6 4 0 1;0 1 2 3 4 5 6 7 8;15;29;29;8041;0;0;117;5.68326;1414.86;K*;                        ? Unchecked;ijcai-2026-base-14-g0df50d7
n-puzzle;unit;32/2000;2000;2 4 0 7 5 1 8 6 3;0 1 2 3 4 5 6 7 8;14;28;28;4862;0;0;117;1.87713;2590.12;K*;                        ? Unchecked;ijcai-2026-base-14-g0df50d7
n-puzzle;unit;33/2000;2000;0 1 5 2 6 8 7 3 4;0 1 2 3 4 5 6 7 8;12;24;24;1475;0;0;117;0.08498;17357;K*;                        ? Unchecked;ijcai-2026-base-14-g0df50d7
n-puzzle;unit;34/2000;2000;7 1 5 2 8 6 3 4 0;0 1 2 3 4 5 6 7 8;14;22;22;461;0;0;117;0.047035;9801.21;K*;                        ? Unchecked;ijcai-2026-base-14-g0df50d7
n-puzzle;unit;35/2000;2000;6 3 1 2 8 7 0 4 5;0 1 2 3 4 5 6 7 8;14;26;26;2658;0;0;117;0.122611;21678.3;K*;                        ? Unchecked;ijcai-2026-base-14-g0df50d7
n-puzzle;unit;36/2000;2000;0 3 5 4 8 6 7 2 1;0 1 2 3 4 5 6 7 8;16;26;26;1847;0;0;117;0.094137;19620.3;K*;                        ? Unchecked;ijcai-2026-base-14-g0df50d7
n-puzzle;unit;37/2000;2000;8 1 4 0 3 2 5 6 7;0 1 2 3 4 5 6 7 8;13;25;25;1875;0;0;117;0.129421;14487.6;K*;                        ? Unchecked;ijcai-2026-base-14-g0df50d7
n-puzzle;unit;38/2000;2000;7 4 1 6 2 8 3 5 0;0 1 2 3 4 5 6 7 8;12;28;28;7602;0;0;117;3.42847;2217.31;K*;                        ? Unchecked;ijcai-2026-base-14-g0df50d7
n-puzzle;unit;39/2000;2000;4 6 8 0 5 1 3 2 7;0 1 2 3 4 5 6 7 8;15;29;29;8077;0;0;117;4.11615;1962.27;K*;                        ? Unchecked;ijcai-2026-base-14-g0df50d7
n-puzzle;unit;40/2000;2000;4 2 8 6 0 1 3 5 7;0 1 2 3 4 5 6 7 8;12;26;26;4251;0;0;117;1.61266;2636.03;K*;                        ? Unchecked;ijcai-2026-base-14-g0df50d7
n-puzzle;unit;41/2000;2000;3 7 8 4 5 2 6 1 0;0 1 2 3 4 5 6 7 8;10;26;26;2402;0;0;117;0.952106;2522.83;K*;                        ? Unchecked;ijcai-2026-base-14-g0df50d7
n-puzzle;unit;42/2000;2000;7 5 6 1 0 3 2 8 4;0 1 2 3 4 5 6 7 8;20;28;28;2449;0;0;117;0.243094;10074.3;K*;                        ? Unchecked;ijcai-2026-base-14-g0df50d7
n-puzzle;unit;43/2000;2000;1 6 4 8 5 3 7 2 0;0 1 2 3 4 5 6 7 8;16;26;26;1832;0;0;117;0.089731;20416.6;K*;                        ? Unchecked;ijcai-2026-base-14-g0df50d7
n-puzzle;unit;44/2000;2000;2 5 7 1 8 4 3 6 0;0 1 2 3 4 5 6 7 8;14;22;22;568;0;0;117;0.187804;3024.43;K*;                        ? Unchecked;ijcai-2026-base-14-g0df50d7
n-puzzle;unit;45/2000;2000;3 8 4 0 7 1 5 6 2;0 1 2 3 4 5 6 7 8;15;25;25;1593;0;0;117;0.471082;3381.58;K*;                        ? Unchecked;ijcai-2026-base-14-g0df50d7
n-puzzle;unit;46/2000;2000;3 0 5 4 2 1 7 8 6;0 1 2 3 4 5 6 7 8;11;25;25;2608;0;0;117;0.863489;3020.3;K*;                        ? Unchecked;ijcai-2026-base-14-g0df50d7
n-puzzle;unit;47/2000;2000;4 5 3 1 7 0 8 2 6;0 1 2 3 4 5 6 7 8;17;27;27;2616;0;0;117;0.245323;10663.5;K*;                        ? Unchecked;ijcai-2026-base-14-g0df50d7
n-puzzle;unit;48/2000;2000;1 8 4 2 3 5 6 0 7;0 1 2 3 4 5 6 7 8;11;25;25;2592;0;0;117;0.824948;3142.02;K*;                        ? Unchecked;ijcai-2026-base-14-g0df50d7
n-puzzle;unit;49/2000;2000;4 8 1 0 6 7 3 2 5;0 1 2 3 4 5 6 7 8;15;29;29;9678;0;0;117;0.609816;15870.4;K*;                        ? Unchecked;ijcai-2026-base-14-g0df50d7
n-puzzle;unit;50/2000;2000;8 5 3 4 6 1 7 2 0;0 1 2 3 4 5 6 7 8;18;28;28;3402;0;0;117;0.159401;21342.4;K*;                        ? Unchecked;ijcai-2026-base-14-g0df50d7
n-puzzle;unit;51/2000;2000;4 3 7 1 5 2 6 0 8;0 1 2 3 4 5 6 7 8;11;23;23;1178;0;0;117;0.068127;17291.2;K*;                        ? Unchecked;ijcai-2026-base-14-g0df50d7
n-puzzle;unit;52/2000;2000;7 4 1 2 3 0 5 8 6;0 1 2 3 4 5 6 7 8;15;31;31;16016;0;0;117;0.897255;17850;K*;                        ? Unchecked;ijcai-2026-base-14-g0df50d7
n-puzzle;unit;53/2000;2000;7 5 6 8 2 1 0 4 3;0 1 2 3 4 5 6 7 8;20;30;30;6387;0;0;117;0.2518;25365.4;K*;                        ? Unchecked;ijcai-2026-base-14-g0df50d7
n-puzzle;unit;54/2000;2000;2 8 5 0 7 6 1 4 3;0 1 2 3 4 5 6 7 8;17;27;27;2831;0;0;117;0.902759;3135.94;K*;                        ? Unchecked;ijcai-2026-base-14-g0df50d7
n-puzzle;unit;55/2000;2000;3 5 2 4 1 6 8 0 7;0 1 2 3 4 5 6 7 8;11;29;29;11083;0;0;117;7.135;1553.33;K*;                        ? Unchecked;ijcai-2026-base-14-g0df50d7
n-puzzle;unit;56/2000;2000;8 6 1 5 4 3 0 2 7;0 1 2 3 4 5 6 7 8;16;30;30;7251;0;0;117;0.426631;16996;K*;                        ? Unchecked;ijcai-2026-base-14-g0df50d7
n-puzzle;unit;57/2000;2000;4 6 5 7 3 2 1 0 8;0 1 2 3 4 5 6 7 8;13;27;27;4942;0;0;117;2.33151;2119.66;K*;                        ? Unchecked;ijcai-2026-base-14-g0df50d7
n-puzzle;unit;58/2000;2000;3 7 4 2 8 6 5 0 1;0 1 2 3 4 5 6 7 8;19;31;31;14376;0;0;117;10.6735;1346.89;K*;                        ? Unchecked;ijcai-2026-base-14-g0df50d7
n-puzzle;unit;59/2000;2000;8 7 4 5 6 2 3 0 1;0 1 2 3 4 5 6 7 8;17;31;31;14430;0;0;117;0.921014;15667.5;K*;                        ? Unchecked;ijcai-2026-base-14-g0df50d7
n-puzzle;unit;60/2000;2000;6 1 5 3 4 0 8 2 7;0 1 2 3 4 5 6 7 8;9;27;27;5293;0;0;117;1.92116;2755.11;K*;                        ? Unchecked;ijcai-2026-base-14-g0df50d7
n-puzzle;unit;61/2000;2000;4 5 2 8 0 3 1 6 7;0 1 2 3 4 5 6 7 8;14;26;26;3278;0;0;117;2.22779;1471.41;K*;                        ? Unchecked;ijcai-2026-base-14-g0df50d7
n-puzzle;unit;62/2000;2000;8 5 4 6 1 2 7 3 0;0 1 2 3 4 5 6 7 8;14;28;28;4657;0;0;117;0.354943;13120.4;K*;                        ? Unchecked;ijcai-2026-base-14-g0df50d7
n-puzzle;unit;63/2000;2000;0 5 8 2 6 7 4 3 1;0 1 2 3 4 5 6 7 8;18;26;26;1664;0;0;117;0.128634;12935.9;K*;                        ? Unchecked;ijcai-2026-base-14-g0df50d7
n-puzzle;unit;64/2000;2000;5 0 1 8 7 3 4 6 2;0 1 2 3 4 5 6 7 8;15;29;29;7206;0;0;117;4.84441;1487.49;K*;                        ? Unchecked;ijcai-2026-base-14-g0df50d7
n-puzzle;unit;65/2000;2000;7 6 1 3 4 8 0 5 2;0 1 2 3 4 5 6 7 8;12;26;26;2496;0;0;117;0.114183;21859.6;K*;                        ? Unchecked;ijcai-2026-base-14-g0df50d7
n-puzzle;unit;66/2000;2000;8 0 7 3 6 5 1 2 4;0 1 2 3 4 5 6 7 8;17;29;29;5349;0;0;117;0.306633;17444.3;K*;                        ? Unchecked;ijcai-2026-base-14-g0df50d7
n-puzzle;unit;67/2000;2000;7 2 8 6 5 1 4 0 3;0 1 2 3 4 5 6 7 8;15;29;29;8368;0;0;117;5.09731;1641.65;K*;                        ? Unchecked;ijcai-2026-base-14-g0df50d7
n-puzzle;unit;68/2000;2000;5 0 3 4 1 8 2 7 6;0 1 2 3 4 5 6 7 8;15;29;29;6567;0;0;117;1.55595;4220.58;K*;                        ? Unchecked;ijcai-2026-base-14-g0df50d7
n-puzzle;unit;69/2000;2000;7 8 4 6 3 5 2 1 0;0 1 2 3 4 5 6 7 8;16;30;30;8074;0;0;117;0.576616;14002.4;K*;                        ? Unchecked;ijcai-2026-base-14-g0df50d7
n-puzzle;unit;70/2000;2000;7 0 3 2 8 1 5 4 6;0 1 2 3 4 5 6 7 8;19;27;27;1800;0;0;117;0.764536;2354.37;K*;                        ? Unchecked;ijcai-2026-base-14-g0df50d7
n-puzzle;unit;71/2000;2000;1 0 7 3 4 8 2 5 6;0 1 2 3 4 5 6 7 8;13;27;27;3281;0;0;117;0.330754;9919.76;K*;                        ? Unchecked;ijcai-2026-base-14-g0df50d7
n-puzzle;unit;72/2000;2000;8 0 7 4 3 6 5 2 1;0 1 2 3 4 5 6 7 8;21;29;29;2824;0;0;117;0.25659;11005.9;K*;                        ? Unchecked;ijcai-2026-base-14-g0df50d7
n-puzzle;unit;73/2000;2000;3 7 8 5 1 2 0 6 4;0 1 2 3 4 5 6 7 8;12;30;30;12177;0;0;117;7.68948;1583.59;K*;                        ? Unchecked;ijcai-2026-base-14-g0df50d7
n-puzzle;unit;74/2000;2000;1 6 2 0 7 8 4 5 3;0 1 2 3 4 5 6 7 8;13;23;23;929;0;0;117;0.2419;3840.43;K*;                        ? Unchecked;ijcai-2026-base-14-g0df50d7
n-puzzle;unit;75/2000;2000;6 1 2 3 0 8 4 5 7;0 1 2 3 4 5 6 7 8;8;24;24;2476;0;0;117;1.49162;1659.94;K*;                        ? Unchecked;ijcai-2026-base-14-g0df50d7
n-puzzle;unit;76/2000;2000;1 0 7 5 6 4 3 2 8;0 1 2 3 4 5 6 7 8;13;27;27;3911;0;0;117;1.5607;2505.92;K*;                        ? Unchecked;ijcai-2026-base-14-g0df50d7
n-puzzle;unit;77/2000;2000;2 7 6 1 4 0 5 3 8;0 1 2 3 4 5 6 7 8;15;27;27;2709;0;0;117;0.126198;21466.3;K*;                        ? Unchecked;ijcai-2026-base-14-g0df50d7
n-puzzle;unit;78/2000;2000;2 3 8 4 0 6 1 5 7;0 1 2 3 4 5 6 7 8;16;26;26;2267;0;0;117;0.139468;16254.6;K*;                        ? Unchecked;ijcai-2026-base-14-g0df50d7
n-puzzle;unit;79/2000;2000;0 5 4 6 1 7 8 2 3;0 1 2 3 4 5 6 7 8;16;28;28;4061;0;0;117;0.372265;10908.9;K*;                        ? Unchecked;ijcai-2026-base-14-g0df50d7
n-puzzle;unit;80/2000;2000;5 3 4 7 0 1 8 6 2;0 1 2 3 4 5 6 7 8;16;26;26;2676;0;0;117;1.92462;1390.41;K*;                        ? Unchecked;ijcai-2026-base-14-g0df50d7
n-puzzle;unit;81/2000;2000;1 7 5 6 8 3 4 2 0;0 1 2 3 4 5 6 7 8;14;28;28;6072;0;0;117;3.63398;1670.89;K*;                        ? Unchecked;ijcai-2026-base-14-g0df50d7
n-puzzle;unit;82/2000;2000;3 1 4 0 5 8 2 7 6;0 1 2 3 4 5 6 7 8;11;25;25;1924;0;0;117;0.222053;8664.6;K*;                        ? Unchecked;ijcai-2026-base-14-g0df50d7
n-puzzle;unit;83/2000;2000;4 2 3 0 5 1 8 6 7;0 1 2 3 4 5 6 7 8;13;25;25;1669;0;0;117;0.535465;3116.92;K*;                        ? Unchecked;ijcai-2026-base-14-g0df50d7
n-puzzle;unit;84/2000;2000;4 7 3 1 6 5 8 0 2;0 1 2 3 4 5 6 7 8;15;29;29;8007;0;0;117;1.655;4838.08;K*;                        ? Unchecked;ijcai-2026-base-14-g0df50d7
n-puzzle;unit;85/2000;2000;3 6 0 1 5 8 4 2 7;0 1 2 3 4 5 6 7 8;14;28;28;4961;0;0;117;1.90332;2606.5;K*;                        ? Unchecked;ijcai-2026-base-14-g0df50d7
n-puzzle;unit;86/2000;2000;8 6 2 7 5 1 3 0 4;0 1 2 3 4 5 6 7 8;15;31;31;18564;0;0;117;4.03677;4598.73;K*;                        ? Unchecked;ijcai-2026-base-14-g0df50d7
n-puzzle;unit;87/2000;2000;3 2 5 7 6 0 8 1 4;0 1 2 3 4 5 6 7 8;13;23;23;1016;0;0;117;0.471908;2152.96;K*;                        ? Unchecked;ijcai-2026-base-14-g0df50d7
n-puzzle;unit;88/2000;2000;1 3 2 4 0 5 8 7 6;0 1 2 3 4 5 6 7 8;8;26;26;4408;0;0;117;0.239178;18429.8;K*;                        ? Unchecked;ijcai-2026-base-14-g0df50d7
n-puzzle;unit;89/2000;2000;0 8 4 3 2 1 6 5 7;0 1 2 3 4 5 6 7 8;12;24;24;1284;0;0;117;0.363475;3532.57;K*;                        ? Unchecked;ijcai-2026-base-14-g0df50d7
n-puzzle;unit;90/2000;2000;0 6 1 5 7 8 4 2 3;0 1 2 3 4 5 6 7 8;16;26;26;1694;0;0;117;0.085231;19875.4;K*;                        ? Unchecked;ijcai-2026-base-14-g0df50d7
n-puzzle;unit;91/2000;2000;2 1 6 4 5 8 3 0 7;0 1 2 3 4 5 6 7 8;11;27;27;4448;0;0;117;0.30476;14595.1;K*;                        ? Unchecked;ijcai-2026-base-14-g0df50d7
n-puzzle;unit;92/2000;2000;3 7 4 6 1 5 8 0 2;0 1 2 3 4 5 6 7 8;11;25;25;2275;0;0;117;0.119444;19046.6;K*;                        ? Unchecked;ijcai-2026-base-14-g0df50d7
n-puzzle;unit;93/2000;2000;7 6 1 3 5 8 2 4 0;0 1 2 3 4 5 6 7 8;14;26;26;2126;0;0;117;0.101969;20849.5;K*;                        ? Unchecked;ijcai-2026-base-14-g0df50d7
n-puzzle;unit;94/2000;2000;4 7 8 1 0 3 6 2 5;0 1 2 3 4 5 6 7 8;14;26;26;2943;0;0;117;0.282535;10416.4;K*;                        ? Unchecked;ijcai-2026-base-14-g0df50d7
n-puzzle;unit;95/2000;2000;0 5 8 2 7 4 1 6 3;0 1 2 3 4 5 6 7 8;16;26;26;1670;0;0;117;1.0699;1560.9;K*;                        ? Unchecked;ijcai-2026-base-14-g0df50d7
n-puzzle;unit;96/2000;2000;5 2 3 8 7 0 1 6 4;0 1 2 3 4 5 6 7 8;17;29;29;6692;0;0;117;5.52821;1210.52;K*;                        ? Unchecked;ijcai-2026-base-14-g0df50d7
n-puzzle;unit;97/2000;2000;8 3 0 4 7 2 6 1 5;0 1 2 3 4 5 6 7 8;12;24;24;1038;0;0;117;0.295386;3514.05;K*;                        ? Unchecked;ijcai-2026-base-14-g0df50d7
n-puzzle;unit;98/2000;2000;5 8 6 0 7 4 1 3 2;0 1 2 3 4 5 6 7 8;19;29;29;4633;0;0;117;0.266;17417.3;K*;                        ? Unchecked;ijcai-2026-base-14-g0df50d7
n-puzzle;unit;99/2000;2000;7 5 0 6 3 2 1 8 4;0 1 2 3 4 5 6 7 8;14;30;30;12783;0;0;117;1.93307;6612.81;K*;                        ? Unchecked;ijcai-2026-base-14-g0df50d7
n-puzzle;unit;0/3000;3000;5 6 0 8 4 7 1 3 2;0 1 2 3 4 5 6 7 8;18;30;30;5953;0;0;117;4.89174;1216.95;K*;                        ? Unchecked;ijcai-2026-base-14-g0df50d7
n-puzzle;unit;1/3000;3000;0 8 6 4 7 1 5 3 2;0 1 2 3 4 5 6 7 8;18;30;30;7337;0;0;117;5.78428;1268.44;K*;                        ? Unchecked;ijcai-2026-base-14-g0df50d7
n-puzzle;unit;2/3000;3000;5 2 8 0 7 4 1 3 6;0 1 2 3 4 5 6 7 8;15;27;27;3703;0;0;117;1.36273;2717.34;K*;                        ? Unchecked;ijcai-2026-base-14-g0df50d7
n-puzzle;unit;3/3000;3000;7 2 6 0 8 1 5 4 3;0 1 2 3 4 5 6 7 8;19;31;31;12520;0;0;117;11.6413;1075.48;K*;                        ? Unchecked;ijcai-2026-base-14-g0df50d7
n-puzzle;unit;4/3000;3000;5 1 8 6 0 7 2 4 3;0 1 2 3 4 5 6 7 8;16;28;28;4855;0;0;117;0.812447;5975.77;K*;                        ? Unchecked;ijcai-2026-base-14-g0df50d7
n-puzzle;unit;5/3000;3000;8 0 3 6 4 5 7 2 1;0 1 2 3 4 5 6 7 8;15;29;29;7152;0;0;117;3.93743;1816.41;K*;                        ? Unchecked;ijcai-2026-base-14-g0df50d7
n-puzzle;unit;6/3000;3000;4 2 7 1 5 8 0 6 3;0 1 2 3 4 5 6 7 8;14;24;24;1099;0;0;117;0.692925;1586.03;K*;                        ? Unchecked;ijcai-2026-base-14-g0df50d7
n-puzzle;unit;7/3000;3000;4 1 7 3 2 5 6 0 8;0 1 2 3 4 5 6 7 8;7;25;25;3087;0;0;117;1.63024;1893.58;K*;                        ? Unchecked;ijcai-2026-base-14-g0df50d7
n-puzzle;unit;8/3000;3000;8 4 0 5 1 6 2 7 3;0 1 2 3 4 5 6 7 8;18;32;32;13172;0;0;117;5.12914;2568.07;K*;                        ? Unchecked;ijcai-2026-base-14-g0df50d7
n-puzzle;unit;9/3000;3000;1 3 0 7 6 2 5 8 4;0 1 2 3 4 5 6 7 8;14;26;26;2754;0;0;117;0.193686;14218.9;K*;                        ? Unchecked;ijcai-2026-base-14-g0df50d7
n-puzzle;unit;10/3000;3000;7 0 4 6 8 5 3 1 2;0 1 2 3 4 5 6 7 8;13;31;31;17828;0;0;117;0.929625;19177.6;K*;                        ? Unchecked;ijcai-2026-base-14-g0df50d7
n-puzzle;unit;11/3000;3000;6 1 7 5 8 2 4 3 0;0 1 2 3 4 5 6 7 8;14;30;30;10971;0;0;117;7.04518;1557.24;K*;                        ? Unchecked;ijcai-2026-base-14-g0df50d7
n-puzzle;unit;12/3000;3000;7 5 2 1 6 3 8 0 4;0 1 2 3 4 5 6 7 8;15;31;31;18761;0;0;117;17.8087;1053.47;K*;                        ? Unchecked;ijcai-2026-base-14-g0df50d7
n-puzzle;unit;13/3000;3000;6 2 4 0 8 7 5 3 1;0 1 2 3 4 5 6 7 8;17;29;29;7938;0;0;117;0.406408;19532.1;K*;                        ? Unchecked;ijcai-2026-base-14-g0df50d7
n-puzzle;unit;14/3000;3000;0 1 6 2 5 7 4 8 3;0 1 2 3 4 5 6 7 8;16;32;32;20893;0;0;120;24.7487;844.207;K*;                        ? Unchecked;ijcai-2026-base-14-g0df50d7
n-puzzle;unit;15/3000;3000;4 0 3 6 1 2 8 5 7;0 1 2 3 4 5 6 7 8;13;21;21;433;0;0;120;0.102849;4210.06;K*;                        ? Unchecked;ijcai-2026-base-14-g0df50d7
n-puzzle;unit;16/3000;3000;1 5 8 7 6 4 0 3 2;0 1 2 3 4 5 6 7 8;14;24;24;1465;0;0;120;0.559183;2619.89;K*;                        ? Unchecked;ijcai-2026-base-14-g0df50d7
n-puzzle;unit;17/3000;3000;2 7 0 8 4 6 3 5 1;0 1 2 3 4 5 6 7 8;16;30;30;8166;0;0;120;6.56418;1244.02;K*;                        ? Unchecked;ijcai-2026-base-14-g0df50d7
n-puzzle;unit;18/3000;3000;7 4 8 1 5 6 0 2 3;0 1 2 3 4 5 6 7 8;18;30;30;6906;0;0;120;4.54906;1518.12;K*;                        ? Unchecked;ijcai-2026-base-14-g0df50d7
n-puzzle;unit;19/3000;3000;2 3 0 1 4 7 5 6 8;0 1 2 3 4 5 6 7 8;12;28;28;5526;0;0;120;0.361513;15285.8;K*;                        ? Unchecked;ijcai-2026-base-14-g0df50d7
n-puzzle;unit;20/3000;3000;2 1 4 5 0 6 8 3 7;0 1 2 3 4 5 6 7 8;14;30;30;13661;0;0;120;0.725549;18828.5;K*;                        ? Unchecked;ijcai-2026-base-14-g0df50d7
n-puzzle;unit;21/3000;3000;8 7 6 2 5 4 1 0 3;0 1 2 3 4 5 6 7 8;21;31;31;7228;0;0;120;0.932826;7748.5;K*;                        ? Unchecked;ijcai-2026-base-14-g0df50d7
n-puzzle;unit;22/3000;3000;2 7 3 1 6 5 4 0 8;0 1 2 3 4 5 6 7 8;13;25;25;2006;0;0;120;0.712809;2814.22;K*;                        ? Unchecked;ijcai-2026-base-14-g0df50d7
n-puzzle;unit;23/3000;3000;3 0 4 6 2 1 8 5 7;0 1 2 3 4 5 6 7 8;13;23;23;1220;0;0;120;0.543341;2245.37;K*;                        ? Unchecked;ijcai-2026-base-14-g0df50d7
n-puzzle;unit;24/3000;3000;5 3 2 4 8 6 0 1 7;0 1 2 3 4 5 6 7 8;14;28;28;5528;0;0;120;0.735176;7519.29;K*;                        ? Unchecked;ijcai-2026-base-14-g0df50d7
n-puzzle;unit;25/3000;3000;1 3 5 2 4 6 8 7 0;0 1 2 3 4 5 6 7 8;12;32;32;25251;0;0;132;8.78169;2875.41;K*;                        ? Unchecked;ijcai-2026-base-14-g0df50d7
n-puzzle;unit;26/3000;3000;8 5 1 4 2 7 6 0 3;0 1 2 3 4 5 6 7 8;15;27;27;3376;0;0;131;0.231227;14600.4;K*;                        ? Unchecked;ijcai-2026-base-14-g0df50d7
n-puzzle;unit;27/3000;3000;2 8 5 6 3 1 4 0 7;0 1 2 3 4 5 6 7 8;13;27;27;5005;0;0;131;2.09534;2388.63;K*;                        ? Unchecked;ijcai-2026-base-14-g0df50d7
n-puzzle;unit;28/3000;3000;5 0 7 4 2 3 1 6 8;0 1 2 3 4 5 6 7 8;15;25;25;1661;0;0;131;1.06939;1553.22;K*;                        ? Unchecked;ijcai-2026-base-14-g0df50d7
n-puzzle;unit;29/3000;3000;3 2 4 7 6 8 5 1 0;0 1 2 3 4 5 6 7 8;14;24;24;1289;0;0;131;0.345744;3728.19;K*;                        ? Unchecked;ijcai-2026-base-14-g0df50d7
n-puzzle;unit;30/3000;3000;1 3 2 0 8 6 4 7 5;0 1 2 3 4 5 6 7 8;11;25;25;2601;0;0;131;0.177233;14675.6;K*;                        ? Unchecked;ijcai-2026-base-14-g0df50d7
n-puzzle;unit;31/3000;3000;8 2 5 3 7 6 4 0 1;0 1 2 3 4 5 6 7 8;15;29;29;8041;0;0;131;5.69938;1410.86;K*;                        ? Unchecked;ijcai-2026-base-14-g0df50d7
n-puzzle;unit;32/3000;3000;2 4 0 7 5 1 8 6 3;0 1 2 3 4 5 6 7 8;14;28;28;4862;0;0;131;1.90199;2556.27;K*;                        ? Unchecked;ijcai-2026-base-14-g0df50d7
n-puzzle;unit;33/3000;3000;0 1 5 2 6 8 7 3 4;0 1 2 3 4 5 6 7 8;12;26;26;3398;0;0;131;3.76962;901.417;K*;                        ? Unchecked;ijcai-2026-base-14-g0df50d7
n-puzzle;unit;34/3000;3000;7 1 5 2 8 6 3 4 0;0 1 2 3 4 5 6 7 8;14;22;22;461;0;0;131;0.057755;7981.99;K*;                        ? Unchecked;ijcai-2026-base-14-g0df50d7
n-puzzle;unit;35/3000;3000;6 3 1 2 8 7 0 4 5;0 1 2 3 4 5 6 7 8;14;28;28;6028;0;0;131;6.58377;915.585;K*;                        ? Unchecked;ijcai-2026-base-14-g0df50d7
n-puzzle;unit;36/3000;3000;0 3 5 4 8 6 7 2 1;0 1 2 3 4 5 6 7 8;16;28;28;4746;0;0;131;5.19529;913.519;K*;                        ? Unchecked;ijcai-2026-base-14-g0df50d7
n-puzzle;unit;37/3000;3000;8 1 4 0 3 2 5 6 7;0 1 2 3 4 5 6 7 8;13;25;25;1875;0;0;131;0.141483;13252.5;K*;                        ? Unchecked;ijcai-2026-base-14-g0df50d7
n-puzzle;unit;38/3000;3000;7 4 1 6 2 8 3 5 0;0 1 2 3 4 5 6 7 8;12;28;28;7602;0;0;131;3.40582;2232.06;K*;                        ? Unchecked;ijcai-2026-base-14-g0df50d7
n-puzzle;unit;39/3000;3000;4 6 8 0 5 1 3 2 7;0 1 2 3 4 5 6 7 8;15;29;29;8077;0;0;131;4.11415;1963.23;K*;                        ? Unchecked;ijcai-2026-base-14-g0df50d7
n-puzzle;unit;40/3000;3000;4 2 8 6 0 1 3 5 7;0 1 2 3 4 5 6 7 8;12;26;26;4251;0;0;131;1.68826;2517.97;K*;                        ? Unchecked;ijcai-2026-base-14-g0df50d7
n-puzzle;unit;41/3000;3000;3 7 8 4 5 2 6 1 0;0 1 2 3 4 5 6 7 8;10;26;26;2402;0;0;131;0.969068;2478.67;K*;                        ? Unchecked;ijcai-2026-base-14-g0df50d7
n-puzzle;unit;42/3000;3000;7 5 6 1 0 3 2 8 4;0 1 2 3 4 5 6 7 8;20;28;28;2449;0;0;131;0.255758;9575.46;K*;                        ? Unchecked;ijcai-2026-base-14-g0df50d7
n-puzzle;unit;43/3000;3000;1 6 4 8 5 3 7 2 0;0 1 2 3 4 5 6 7 8;16;28;28;4610;0;0;131;5.59421;824.066;K*;                        ? Unchecked;ijcai-2026-base-14-g0df50d7
n-puzzle;unit;44/3000;3000;2 5 7 1 8 4 3 6 0;0 1 2 3 4 5 6 7 8;14;22;22;568;0;0;131;0.198912;2855.53;K*;                        ? Unchecked;ijcai-2026-base-14-g0df50d7
n-puzzle;unit;45/3000;3000;3 8 4 0 7 1 5 6 2;0 1 2 3 4 5 6 7 8;15;25;25;1593;0;0;131;0.480941;3312.26;K*;                        ? Unchecked;ijcai-2026-base-14-g0df50d7
n-puzzle;unit;46/3000;3000;3 0 5 4 2 1 7 8 6;0 1 2 3 4 5 6 7 8;11;25;25;2608;0;0;131;0.874906;2980.89;K*;                        ? Unchecked;ijcai-2026-base-14-g0df50d7
n-puzzle;unit;47/3000;3000;4 5 3 1 7 0 8 2 6;0 1 2 3 4 5 6 7 8;17;27;27;2616;0;0;131;0.293029;8927.44;K*;                        ? Unchecked;ijcai-2026-base-14-g0df50d7
n-puzzle;unit;48/3000;3000;1 8 4 2 3 5 6 0 7;0 1 2 3 4 5 6 7 8;11;25;25;2592;0;0;131;0.789464;3283.24;K*;                        ? Unchecked;ijcai-2026-base-14-g0df50d7
n-puzzle;unit;49/3000;3000;4 8 1 0 6 7 3 2 5;0 1 2 3 4 5 6 7 8;15;29;29;9678;0;0;131;0.626177;15455.7;K*;                        ? Unchecked;ijcai-2026-base-14-g0df50d7
n-puzzle;unit;50/3000;3000;8 5 3 4 6 1 7 2 0;0 1 2 3 4 5 6 7 8;18;30;30;8787;0;0;131;10.6042;828.63;K*;                        ? Unchecked;ijcai-2026-base-14-g0df50d7
n-puzzle;unit;51/3000;3000;4 3 7 1 5 2 6 0 8;0 1 2 3 4 5 6 7 8;11;23;23;1178;0;0;131;0.07983;14756.4;K*;                        ? Unchecked;ijcai-2026-base-14-g0df50d7
n-puzzle;unit;52/3000;3000;7 4 1 2 3 0 5 8 6;0 1 2 3 4 5 6 7 8;15;31;31;16016;0;0;131;0.919447;17419.2;K*;                        ? Unchecked;ijcai-2026-base-14-g0df50d7
n-puzzle;unit;53/3000;3000;7 5 6 8 2 1 0 4 3;0 1 2 3 4 5 6 7 8;20;32;32;16744;0;0;131;19.8023;845.559;K*;                        ? Unchecked;ijcai-2026-base-14-g0df50d7
n-puzzle;unit;54/3000;3000;2 8 5 0 7 6 1 4 3;0 1 2 3 4 5 6 7 8;17;27;27;2831;0;0;131;0.920073;3076.93;K*;                        ? Unchecked;ijcai-2026-base-14-g0df50d7
n-puzzle;unit;55/3000;3000;3 5 2 4 1 6 8 0 7;0 1 2 3 4 5 6 7 8;11;29;29;11083;0;0;131;7.22519;1533.94;K*;                        ? Unchecked;ijcai-2026-base-14-g0df50d7
n-puzzle;unit;56/3000;3000;8 6 1 5 4 3 0 2 7;0 1 2 3 4 5 6 7 8;16;30;30;7251;0;0;131;0.441759;16413.9;K*;                        ? Unchecked;ijcai-2026-base-14-g0df50d7
n-puzzle;unit;57/3000;3000;4 6 5 7 3 2 1 0 8;0 1 2 3 4 5 6 7 8;13;27;27;4942;0;0;131;2.34821;2104.59;K*;                        ? Unchecked;ijcai-2026-base-14-g0df50d7
n-puzzle;unit;58/3000;3000;3 7 4 2 8 6 5 0 1;0 1 2 3 4 5 6 7 8;19;31;31;14376;0;0;131;10.7276;1340.09;K*;                        ? Unchecked;ijcai-2026-base-14-g0df50d7
n-puzzle;unit;59/3000;3000;8 7 4 5 6 2 3 0 1;0 1 2 3 4 5 6 7 8;17;31;31;14430;0;0;131;0.937619;15390;K*;                        ? Unchecked;ijcai-2026-base-14-g0df50d7
n-puzzle;unit;60/3000;3000;6 1 5 3 4 0 8 2 7;0 1 2 3 4 5 6 7 8;9;27;27;5293;0;0;131;1.94946;2715.11;K*;                        ? Unchecked;ijcai-2026-base-14-g0df50d7
n-puzzle;unit;61/3000;3000;4 5 2 8 0 3 1 6 7;0 1 2 3 4 5 6 7 8;14;26;26;3278;0;0;131;2.30527;1421.96;K*;                        ? Unchecked;ijcai-2026-base-14-g0df50d7
n-puzzle;unit;62/3000;3000;8 5 4 6 1 2 7 3 0;0 1 2 3 4 5 6 7 8;14;28;28;4657;0;0;131;0.367766;12662.9;K*;                        ? Unchecked;ijcai-2026-base-14-g0df50d7
n-puzzle;unit;63/3000;3000;0 5 8 2 6 7 4 3 1;0 1 2 3 4 5 6 7 8;18;26;26;1664;0;0;131;0.139872;11896.6;K*;                        ? Unchecked;ijcai-2026-base-14-g0df50d7
n-puzzle;unit;64/3000;3000;5 0 1 8 7 3 4 6 2;0 1 2 3 4 5 6 7 8;15;29;29;7206;0;0;131;4.845;1487.31;K*;                        ? Unchecked;ijcai-2026-base-14-g0df50d7
n-puzzle;unit;65/3000;3000;7 6 1 3 4 8 0 5 2;0 1 2 3 4 5 6 7 8;12;28;28;5675;0;0;131;6.39682;887.16;K*;                        ? Unchecked;ijcai-2026-base-14-g0df50d7
n-puzzle;unit;66/3000;3000;8 0 7 3 6 5 1 2 4;0 1 2 3 4 5 6 7 8;17;29;29;5349;0;0;131;0.322483;16586.9;K*;                        ? Unchecked;ijcai-2026-base-14-g0df50d7
n-puzzle;unit;67/3000;3000;7 2 8 6 5 1 4 0 3;0 1 2 3 4 5 6 7 8;15;29;29;8368;0;0;131;5.10884;1637.95;K*;                        ? Unchecked;ijcai-2026-base-14-g0df50d7
n-puzzle;unit;68/3000;3000;5 0 3 4 1 8 2 7 6;0 1 2 3 4 5 6 7 8;15;29;29;6567;0;0;131;1.58755;4136.56;K*;                        ? Unchecked;ijcai-2026-base-14-g0df50d7
n-puzzle;unit;69/3000;3000;7 8 4 6 3 5 2 1 0;0 1 2 3 4 5 6 7 8;16;30;30;8074;0;0;131;0.643478;12547.4;K*;                        ? Unchecked;ijcai-2026-base-14-g0df50d7
n-puzzle;unit;70/3000;3000;7 0 3 2 8 1 5 4 6;0 1 2 3 4 5 6 7 8;19;27;27;1800;0;0;131;0.773905;2325.87;K*;                        ? Unchecked;ijcai-2026-base-14-g0df50d7
n-puzzle;unit;71/3000;3000;1 0 7 3 4 8 2 5 6;0 1 2 3 4 5 6 7 8;13;27;27;3281;0;0;131;0.337828;9712.04;K*;                        ? Unchecked;ijcai-2026-base-14-g0df50d7
n-puzzle;unit;72/3000;3000;8 0 7 4 3 6 5 2 1;0 1 2 3 4 5 6 7 8;21;29;29;2824;0;0;131;0.269409;10482.2;K*;                        ? Unchecked;ijcai-2026-base-14-g0df50d7
n-puzzle;unit;73/3000;3000;3 7 8 5 1 2 0 6 4;0 1 2 3 4 5 6 7 8;12;30;30;12177;0;0;131;7.72089;1577.15;K*;                        ? Unchecked;ijcai-2026-base-14-g0df50d7
n-puzzle;unit;74/3000;3000;1 6 2 0 7 8 4 5 3;0 1 2 3 4 5 6 7 8;13;23;23;929;0;0;131;0.252445;3680.01;K*;                        ? Unchecked;ijcai-2026-base-14-g0df50d7
n-puzzle;unit;75/3000;3000;6 1 2 3 0 8 4 5 7;0 1 2 3 4 5 6 7 8;8;24;24;2476;0;0;131;1.53085;1617.4;K*;                        ? Unchecked;ijcai-2026-base-14-g0df50d7
n-puzzle;unit;76/3000;3000;1 0 7 5 6 4 3 2 8;0 1 2 3 4 5 6 7 8;13;27;27;3911;0;0;131;1.58163;2472.76;K*;                        ? Unchecked;ijcai-2026-base-14-g0df50d7
n-puzzle;unit;77/3000;3000;2 7 6 1 4 0 5 3 8;0 1 2 3 4 5 6 7 8;15;29;29;6753;0;0;131;7.29368;925.87;K*;                        ? Unchecked;ijcai-2026-base-14-g0df50d7
n-puzzle;unit;78/3000;3000;2 3 8 4 0 6 1 5 7;0 1 2 3 4 5 6 7 8;16;26;26;2267;0;0;131;0.151101;15003.2;K*;                        ? Unchecked;ijcai-2026-base-14-g0df50d7
n-puzzle;unit;79/3000;3000;0 5 4 6 1 7 8 2 3;0 1 2 3 4 5 6 7 8;16;28;28;4061;0;0;131;0.385793;10526.4;K*;                        ? Unchecked;ijcai-2026-base-14-g0df50d7
n-puzzle;unit;80/3000;3000;5 3 4 7 0 1 8 6 2;0 1 2 3 4 5 6 7 8;16;26;26;2676;0;0;131;1.93154;1385.42;K*;                        ? Unchecked;ijcai-2026-base-14-g0df50d7
n-puzzle;unit;81/3000;3000;1 7 5 6 8 3 4 2 0;0 1 2 3 4 5 6 7 8;14;28;28;6072;0;0;131;3.62078;1676.99;K*;                        ? Unchecked;ijcai-2026-base-14-g0df50d7
n-puzzle;unit;82/3000;3000;3 1 4 0 5 8 2 7 6;0 1 2 3 4 5 6 7 8;11;25;25;1924;0;0;131;0.233145;8252.38;K*;                        ? Unchecked;ijcai-2026-base-14-g0df50d7
n-puzzle;unit;83/3000;3000;4 2 3 0 5 1 8 6 7;0 1 2 3 4 5 6 7 8;13;25;25;1669;0;0;131;0.546275;3055.24;K*;                        ? Unchecked;ijcai-2026-base-14-g0df50d7
n-puzzle;unit;84/3000;3000;4 7 3 1 6 5 8 0 2;0 1 2 3 4 5 6 7 8;15;29;29;8007;0;0;131;1.67994;4766.23;K*;                        ? Unchecked;ijcai-2026-base-14-g0df50d7
n-puzzle;unit;85/3000;3000;3 6 0 1 5 8 4 2 7;0 1 2 3 4 5 6 7 8;14;28;28;4961;0;0;131;1.98737;2496.26;K*;                        ? Unchecked;ijcai-2026-base-14-g0df50d7
n-puzzle;unit;86/3000;3000;8 6 2 7 5 1 3 0 4;0 1 2 3 4 5 6 7 8;15;31;31;18564;0;0;131;4.08667;4542.57;K*;                        ? Unchecked;ijcai-2026-base-14-g0df50d7
n-puzzle;unit;87/3000;3000;3 2 5 7 6 0 8 1 4;0 1 2 3 4 5 6 7 8;13;23;23;1016;0;0;131;0.428442;2371.38;K*;                        ? Unchecked;ijcai-2026-base-14-g0df50d7
n-puzzle;unit;88/3000;3000;1 3 2 4 0 5 8 7 6;0 1 2 3 4 5 6 7 8;8;26;26;4408;0;0;131;0.251999;17492.1;K*;                        ? Unchecked;ijcai-2026-base-14-g0df50d7
n-puzzle;unit;89/3000;3000;0 8 4 3 2 1 6 5 7;0 1 2 3 4 5 6 7 8;12;24;24;1284;0;0;131;0.374332;3430.11;K*;                        ? Unchecked;ijcai-2026-base-14-g0df50d7
n-puzzle;unit;90/3000;3000;0 6 1 5 7 8 4 2 3;0 1 2 3 4 5 6 7 8;16;28;28;4303;0;0;131;4.39928;978.114;K*;                        ? Unchecked;ijcai-2026-base-14-g0df50d7
n-puzzle;unit;91/3000;3000;2 1 6 4 5 8 3 0 7;0 1 2 3 4 5 6 7 8;11;27;27;4448;0;0;131;0.318426;13968.7;K*;                        ? Unchecked;ijcai-2026-base-14-g0df50d7
n-puzzle;unit;92/3000;3000;3 7 4 6 1 5 8 0 2;0 1 2 3 4 5 6 7 8;11;25;25;3595;0;0;131;3.03383;1184.97;K*;                        ? Unchecked;ijcai-2026-base-14-g0df50d7
n-puzzle;unit;93/3000;3000;7 6 1 3 5 8 2 4 0;0 1 2 3 4 5 6 7 8;14;28;28;4987;0;0;131;5.05589;986.374;K*;                        ? Unchecked;ijcai-2026-base-14-g0df50d7
n-puzzle;unit;94/3000;3000;4 7 8 1 0 3 6 2 5;0 1 2 3 4 5 6 7 8;14;26;26;2943;0;0;131;0.295448;9961.14;K*;                        ? Unchecked;ijcai-2026-base-14-g0df50d7
n-puzzle;unit;95/3000;3000;0 5 8 2 7 4 1 6 3;0 1 2 3 4 5 6 7 8;16;26;26;1670;0;0;131;1.09329;1527.5;K*;                        ? Unchecked;ijcai-2026-base-14-g0df50d7
n-puzzle;unit;96/3000;3000;5 2 3 8 7 0 1 6 4;0 1 2 3 4 5 6 7 8;17;29;29;6692;0;0;131;5.59035;1197.06;K*;                        ? Unchecked;ijcai-2026-base-14-g0df50d7
n-puzzle;unit;97/3000;3000;8 3 0 4 7 2 6 1 5;0 1 2 3 4 5 6 7 8;12;24;24;1038;0;0;131;0.307547;3375.09;K*;                        ? Unchecked;ijcai-2026-base-14-g0df50d7
n-puzzle;unit;98/3000;3000;5 8 6 0 7 4 1 3 2;0 1 2 3 4 5 6 7 8;19;29;29;4633;0;0;131;0.281785;16441.6;K*;                        ? Unchecked;ijcai-2026-base-14-g0df50d7
n-puzzle;unit;99/3000;3000;7 5 0 6 3 2 1 8 4;0 1 2 3 4 5 6 7 8;14;30;30;12783;0;0;131;1.94952;6557;K*;                        ? Unchecked;ijcai-2026-base-14-g0df50d7
n-puzzle;unit;0/4000;4000;5 6 0 8 4 7 1 3 2;0 1 2 3 4 5 6 7 8;18;30;30;5953;0;0;131;4.91277;1211.74;K*;                        ? Unchecked;ijcai-2026-base-14-g0df50d7
n-puzzle;unit;1/4000;4000;0 8 6 4 7 1 5 3 2;0 1 2 3 4 5 6 7 8;18;30;30;7337;0;0;131;5.8132;1262.13;K*;                        ? Unchecked;ijcai-2026-base-14-g0df50d7
n-puzzle;unit;2/4000;4000;5 2 8 0 7 4 1 3 6;0 1 2 3 4 5 6 7 8;15;27;27;3703;0;0;131;1.37898;2685.33;K*;                        ? Unchecked;ijcai-2026-base-14-g0df50d7
n-puzzle;unit;3/4000;4000;7 2 6 0 8 1 5 4 3;0 1 2 3 4 5 6 7 8;19;31;31;12520;0;0;131;11.7609;1064.55;K*;                        ? Unchecked;ijcai-2026-base-14-g0df50d7
n-puzzle;unit;4/4000;4000;5 1 8 6 0 7 2 4 3;0 1 2 3 4 5 6 7 8;16;28;28;4855;0;0;131;0.831322;5840.1;K*;                        ? Unchecked;ijcai-2026-base-14-g0df50d7
n-puzzle;unit;5/4000;4000;8 0 3 6 4 5 7 2 1;0 1 2 3 4 5 6 7 8;15;29;29;7152;0;0;131;3.99777;1789;K*;                        ? Unchecked;ijcai-2026-base-14-g0df50d7
n-puzzle;unit;6/4000;4000;4 2 7 1 5 8 0 6 3;0 1 2 3 4 5 6 7 8;14;24;24;1099;0;0;131;0.694314;1582.86;K*;                        ? Unchecked;ijcai-2026-base-14-g0df50d7
n-puzzle;unit;7/4000;4000;4 1 7 3 2 5 6 0 8;0 1 2 3 4 5 6 7 8;7;25;25;3087;0;0;131;1.6477;1873.52;K*;                        ? Unchecked;ijcai-2026-base-14-g0df50d7
n-puzzle;unit;8/4000;4000;8 4 0 5 1 6 2 7 3;0 1 2 3 4 5 6 7 8;18;32;32;13172;0;0;131;5.14726;2559.03;K*;                        ? Unchecked;ijcai-2026-base-14-g0df50d7
n-puzzle;unit;9/4000;4000;1 3 0 7 6 2 5 8 4;0 1 2 3 4 5 6 7 8;14;26;26;2754;0;0;131;0.20596;13371.5;K*;                        ? Unchecked;ijcai-2026-base-14-g0df50d7
n-puzzle;unit;10/4000;4000;7 0 4 6 8 5 3 1 2;0 1 2 3 4 5 6 7 8;13;33;33;35643;0;0;171;75.1696;474.168;K*;                        ? Unchecked;ijcai-2026-base-14-g0df50d7
n-puzzle;unit;11/4000;4000;6 1 7 5 8 2 4 3 0;0 1 2 3 4 5 6 7 8;14;30;30;10971;0;0;171;7.04549;1557.17;K*;                        ? Unchecked;ijcai-2026-base-14-g0df50d7
n-puzzle;unit;12/4000;4000;7 5 2 1 6 3 8 0 4;0 1 2 3 4 5 6 7 8;15;31;31;18761;0;0;171;17.8903;1048.67;K*;                        ? Unchecked;ijcai-2026-base-14-g0df50d7
n-puzzle;unit;13/4000;4000;6 2 4 0 8 7 5 3 1;0 1 2 3 4 5 6 7 8;17;31;31;17236;0;0;171;32.5876;528.912;K*;                        ? Unchecked;ijcai-2026-base-14-g0df50d7
n-puzzle;unit;14/4000;4000;0 1 6 2 5 7 4 8 3;0 1 2 3 4 5 6 7 8;16;32;32;20893;0;0;171;24.9836;836.27;K*;                        ? Unchecked;ijcai-2026-base-14-g0df50d7
n-puzzle;unit;15/4000;4000;4 0 3 6 1 2 8 5 7;0 1 2 3 4 5 6 7 8;13;21;21;433;0;0;171;0.113347;3820.13;K*;                        ? Unchecked;ijcai-2026-base-14-g0df50d7
n-puzzle;unit;16/4000;4000;1 5 8 7 6 4 0 3 2;0 1 2 3 4 5 6 7 8;14;26;26;2859;0;0;171;3.70708;771.226;K*;                        ? Unchecked;ijcai-2026-base-14-g0df50d7
n-puzzle;unit;17/4000;4000;2 7 0 8 4 6 3 5 1;0 1 2 3 4 5 6 7 8;16;30;30;8166;0;0;171;6.60783;1235.81;K*;                        ? Unchecked;ijcai-2026-base-14-g0df50d7
n-puzzle;unit;18/4000;4000;7 4 8 1 5 6 0 2 3;0 1 2 3 4 5 6 7 8;18;30;30;6906;0;0;171;4.53197;1523.84;K*;                        ? Unchecked;ijcai-2026-base-14-g0df50d7
n-puzzle;unit;19/4000;4000;2 3 0 1 4 7 5 6 8;0 1 2 3 4 5 6 7 8;12;28;28;5526;0;0;171;0.375114;14731.5;K*;                        ? Unchecked;ijcai-2026-base-14-g0df50d7
n-puzzle;unit;20/4000;4000;2 1 4 5 0 6 8 3 7;0 1 2 3 4 5 6 7 8;14;30;30;18801;0;0;171;21.5335;873.105;K*;                        ? Unchecked;ijcai-2026-base-14-g0df50d7
n-puzzle;unit;21/4000;4000;8 7 6 2 5 4 1 0 3;0 1 2 3 4 5 6 7 8;21;31;31;7228;0;0;171;0.955309;7566.14;K*;                        ? Unchecked;ijcai-2026-base-14-g0df50d7
n-puzzle;unit;22/4000;4000;2 7 3 1 6 5 4 0 8;0 1 2 3 4 5 6 7 8;13;25;25;2006;0;0;171;0.728304;2754.34;K*;                        ? Unchecked;ijcai-2026-base-14-g0df50d7
n-puzzle;unit;23/4000;4000;3 0 4 6 2 1 8 5 7;0 1 2 3 4 5 6 7 8;13;23;23;1220;0;0;171;0.647923;1882.94;K*;                        ? Unchecked;ijcai-2026-base-14-g0df50d7
n-puzzle;unit;24/4000;4000;5 3 2 4 8 6 0 1 7;0 1 2 3 4 5 6 7 8;14;28;28;5528;0;0;171;0.779049;7095.83;K*;                        ? Unchecked;ijcai-2026-base-14-g0df50d7
n-puzzle;unit;25/4000;4000;1 3 5 2 4 6 8 7 0;0 1 2 3 4 5 6 7 8;12;32;32;25251;0;0;171;10.1877;2478.59;K*;                        ? Unchecked;ijcai-2026-base-14-g0df50d7
n-puzzle;unit;26/4000;4000;8 5 1 4 2 7 6 0 3;0 1 2 3 4 5 6 7 8;15;29;29;8301;0;0;171;15.722;527.987;K*;                        ? Unchecked;ijcai-2026-base-14-g0df50d7
n-puzzle;unit;27/4000;4000;2 8 5 6 3 1 4 0 7;0 1 2 3 4 5 6 7 8;13;27;27;5005;0;0;171;2.19407;2281.15;K*;                        ? Unchecked;ijcai-2026-base-14-g0df50d7
n-puzzle;unit;28/4000;4000;5 0 7 4 2 3 1 6 8;0 1 2 3 4 5 6 7 8;15;25;25;1661;0;0;171;1.08755;1527.28;K*;                        ? Unchecked;ijcai-2026-base-14-g0df50d7
n-puzzle;unit;29/4000;4000;3 2 4 7 6 8 5 1 0;0 1 2 3 4 5 6 7 8;14;24;24;1289;0;0;171;0.353621;3645.15;K*;                        ? Unchecked;ijcai-2026-base-14-g0df50d7
n-puzzle;unit;30/4000;4000;1 3 2 0 8 6 4 7 5;0 1 2 3 4 5 6 7 8;11;25;25;4001;0;0;171;4.622;865.643;K*;                        ? Unchecked;ijcai-2026-base-14-g0df50d7
n-puzzle;unit;31/4000;4000;8 2 5 3 7 6 4 0 1;0 1 2 3 4 5 6 7 8;15;29;29;8041;0;0;171;5.78306;1390.44;K*;                        ? Unchecked;ijcai-2026-base-14-g0df50d7
n-puzzle;unit;32/4000;4000;2 4 0 7 5 1 8 6 3;0 1 2 3 4 5 6 7 8;14;28;28;4862;0;0;171;1.92599;2524.42;K*;                        ? Unchecked;ijcai-2026-base-14-g0df50d7
n-puzzle;unit;33/4000;4000;0 1 5 2 6 8 7 3 4;0 1 2 3 4 5 6 7 8;12;26;26;3398;0;0;171;3.84456;883.847;K*;                        ? Unchecked;ijcai-2026-base-14-g0df50d7
n-puzzle;unit;34/4000;4000;7 1 5 2 8 6 3 4 0;0 1 2 3 4 5 6 7 8;14;22;22;461;0;0;171;0.068183;6761.22;K*;                        ? Unchecked;ijcai-2026-base-14-g0df50d7
n-puzzle;unit;35/4000;4000;6 3 1 2 8 7 0 4 5;0 1 2 3 4 5 6 7 8;14;28;28;6028;0;0;171;6.58339;915.638;K*;                        ? Unchecked;ijcai-2026-base-14-g0df50d7
n-puzzle;unit;36/4000;4000;0 3 5 4 8 6 7 2 1;0 1 2 3 4 5 6 7 8;16;28;28;4746;0;0;171;5.25131;903.775;K*;                        ? Unchecked;ijcai-2026-base-14-g0df50d7
n-puzzle;unit;37/4000;4000;8 1 4 0 3 2 5 6 7;0 1 2 3 4 5 6 7 8;13;27;27;4350;0;0;171;7.87384;552.462;K*;                        ? Unchecked;ijcai-2026-base-14-g0df50d7
n-puzzle;unit;38/4000;4000;7 4 1 6 2 8 3 5 0;0 1 2 3 4 5 6 7 8;12;28;28;7602;0;0;171;3.45011;2203.41;K*;                        ? Unchecked;ijcai-2026-base-14-g0df50d7
n-puzzle;unit;39/4000;4000;4 6 8 0 5 1 3 2 7;0 1 2 3 4 5 6 7 8;15;29;29;8077;0;0;171;4.17319;1935.45;K*;                        ? Unchecked;ijcai-2026-base-14-g0df50d7
n-puzzle;unit;40/4000;4000;4 2 8 6 0 1 3 5 7;0 1 2 3 4 5 6 7 8;12;26;26;4251;0;0;171;1.65136;2574.25;K*;                        ? Unchecked;ijcai-2026-base-14-g0df50d7
n-puzzle;unit;41/4000;4000;3 7 8 4 5 2 6 1 0;0 1 2 3 4 5 6 7 8;10;26;26;2402;0;0;171;1.01585;2364.52;K*;                        ? Unchecked;ijcai-2026-base-14-g0df50d7
n-puzzle;unit;42/4000;4000;7 5 6 1 0 3 2 8 4;0 1 2 3 4 5 6 7 8;20;28;28;2449;0;0;171;0.27014;9065.67;K*;                        ? Unchecked;ijcai-2026-base-14-g0df50d7
n-puzzle;unit;43/4000;4000;1 6 4 8 5 3 7 2 0;0 1 2 3 4 5 6 7 8;16;28;28;4610;0;0;171;5.66958;813.112;K*;                        ? Unchecked;ijcai-2026-base-14-g0df50d7
n-puzzle;unit;44/4000;4000;2 5 7 1 8 4 3 6 0;0 1 2 3 4 5 6 7 8;14;22;22;568;0;0;171;0.209114;2716.22;K*;                        ? Unchecked;ijcai-2026-base-14-g0df50d7
n-puzzle;unit;45/4000;4000;3 8 4 0 7 1 5 6 2;0 1 2 3 4 5 6 7 8;15;25;25;1593;0;0;171;0.49642;3208.98;K*;                        ? Unchecked;ijcai-2026-base-14-g0df50d7
n-puzzle;unit;46/4000;4000;3 0 5 4 2 1 7 8 6;0 1 2 3 4 5 6 7 8;11;25;25;2608;0;0;171;0.888723;2934.55;K*;                        ? Unchecked;ijcai-2026-base-14-g0df50d7
n-puzzle;unit;47/4000;4000;4 5 3 1 7 0 8 2 6;0 1 2 3 4 5 6 7 8;17;27;27;2616;0;0;171;0.278803;9382.97;K*;                        ? Unchecked;ijcai-2026-base-14-g0df50d7
n-puzzle;unit;48/4000;4000;1 8 4 2 3 5 6 0 7;0 1 2 3 4 5 6 7 8;11;25;25;2592;0;0;171;0.838039;3092.93;K*;                        ? Unchecked;ijcai-2026-base-14-g0df50d7
n-puzzle;unit;49/4000;4000;4 8 1 0 6 7 3 2 5;0 1 2 3 4 5 6 7 8;15;29;29;9678;0;0;171;0.643393;15042.1;K*;                        ? Unchecked;ijcai-2026-base-14-g0df50d7
n-puzzle;unit;50/4000;4000;8 5 3 4 6 1 7 2 0;0 1 2 3 4 5 6 7 8;18;30;30;8787;0;0;171;10.7145;820.104;K*;                        ? Unchecked;ijcai-2026-base-14-g0df50d7
n-puzzle;unit;51/4000;4000;4 3 7 1 5 2 6 0 8;0 1 2 3 4 5 6 7 8;11;25;25;2587;0;0;171;3.64397;709.939;K*;                        ? Unchecked;ijcai-2026-base-14-g0df50d7
n-puzzle;unit;52/4000;4000;7 4 1 2 3 0 5 8 6;0 1 2 3 4 5 6 7 8;15;31;31;16016;0;0;171;0.936683;17098.6;K*;                        ? Unchecked;ijcai-2026-base-14-g0df50d7
n-puzzle;unit;53/4000;4000;7 5 6 8 2 1 0 4 3;0 1 2 3 4 5 6 7 8;20;32;32;16744;0;0;171;19.8702;842.669;K*;                        ? Unchecked;ijcai-2026-base-14-g0df50d7
n-puzzle;unit;54/4000;4000;2 8 5 0 7 6 1 4 3;0 1 2 3 4 5 6 7 8;17;27;27;2831;0;0;171;0.917404;3085.88;K*;                        ? Unchecked;ijcai-2026-base-14-g0df50d7
n-puzzle;unit;55/4000;4000;3 5 2 4 1 6 8 0 7;0 1 2 3 4 5 6 7 8;11;29;29;11083;0;0;171;7.24338;1530.09;K*;                        ? Unchecked;ijcai-2026-base-14-g0df50d7
n-puzzle;unit;56/4000;4000;8 6 1 5 4 3 0 2 7;0 1 2 3 4 5 6 7 8;16;32;32;17949;0;0;171;36.4408;492.553;K*;                        ? Unchecked;ijcai-2026-base-14-g0df50d7
n-puzzle;unit;57/4000;4000;4 6 5 7 3 2 1 0 8;0 1 2 3 4 5 6 7 8;13;27;27;4942;0;0;171;2.36019;2093.9;K*;                        ? Unchecked;ijcai-2026-base-14-g0df50d7
n-puzzle;unit;58/4000;4000;3 7 4 2 8 6 5 0 1;0 1 2 3 4 5 6 7 8;19;31;31;14376;0;0;171;10.8579;1324.01;K*;                        ? Unchecked;ijcai-2026-base-14-g0df50d7
n-puzzle;unit;59/4000;4000;8 7 4 5 6 2 3 0 1;0 1 2 3 4 5 6 7 8;17;31;31;14430;0;0;171;0.962622;14990.3;K*;                        ? Unchecked;ijcai-2026-base-14-g0df50d7
n-puzzle;unit;60/4000;4000;6 1 5 3 4 0 8 2 7;0 1 2 3 4 5 6 7 8;9;27;27;5293;0;0;171;1.96994;2686.89;K*;                        ? Unchecked;ijcai-2026-base-14-g0df50d7
n-puzzle;unit;61/4000;4000;4 5 2 8 0 3 1 6 7;0 1 2 3 4 5 6 7 8;14;26;26;3278;0;0;171;2.25632;1452.81;K*;                        ? Unchecked;ijcai-2026-base-14-g0df50d7
n-puzzle;unit;62/4000;4000;8 5 4 6 1 2 7 3 0;0 1 2 3 4 5 6 7 8;14;28;28;4657;0;0;171;0.412247;11296.6;K*;                        ? Unchecked;ijcai-2026-base-14-g0df50d7
n-puzzle;unit;63/4000;4000;0 5 8 2 6 7 4 3 1;0 1 2 3 4 5 6 7 8;18;26;26;1664;0;0;171;0.152301;10925.7;K*;                        ? Unchecked;ijcai-2026-base-14-g0df50d7
n-puzzle;unit;64/4000;4000;5 0 1 8 7 3 4 6 2;0 1 2 3 4 5 6 7 8;15;29;29;7206;0;0;171;4.86433;1481.4;K*;                        ? Unchecked;ijcai-2026-base-14-g0df50d7
n-puzzle;unit;65/4000;4000;7 6 1 3 4 8 0 5 2;0 1 2 3 4 5 6 7 8;12;28;28;5675;0;0;171;6.43581;881.785;K*;                        ? Unchecked;ijcai-2026-base-14-g0df50d7
n-puzzle;unit;66/4000;4000;8 0 7 3 6 5 1 2 4;0 1 2 3 4 5 6 7 8;17;31;31;13572;0;0;171;24.2376;559.958;K*;                        ? Unchecked;ijcai-2026-base-14-g0df50d7
n-puzzle;unit;67/4000;4000;7 2 8 6 5 1 4 0 3;0 1 2 3 4 5 6 7 8;15;29;29;8368;0;0;171;5.2164;1604.17;K*;                        ? Unchecked;ijcai-2026-base-14-g0df50d7
n-puzzle;unit;68/4000;4000;5 0 3 4 1 8 2 7 6;0 1 2 3 4 5 6 7 8;15;29;29;6567;0;0;171;1.59566;4115.54;K*;                        ? Unchecked;ijcai-2026-base-14-g0df50d7
n-puzzle;unit;69/4000;4000;7 8 4 6 3 5 2 1 0;0 1 2 3 4 5 6 7 8;16;30;30;8074;0;0;171;0.609179;13253.9;K*;                        ? Unchecked;ijcai-2026-base-14-g0df50d7
n-puzzle;unit;70/4000;4000;7 0 3 2 8 1 5 4 6;0 1 2 3 4 5 6 7 8;19;27;27;1800;0;0;171;0.792759;2270.55;K*;                        ? Unchecked;ijcai-2026-base-14-g0df50d7
n-puzzle;unit;71/4000;4000;1 0 7 3 4 8 2 5 6;0 1 2 3 4 5 6 7 8;13;27;27;3281;0;0;171;0.350696;9355.68;K*;                        ? Unchecked;ijcai-2026-base-14-g0df50d7
n-puzzle;unit;72/4000;4000;8 0 7 4 3 6 5 2 1;0 1 2 3 4 5 6 7 8;21;29;29;2824;0;0;171;0.282996;9978.94;K*;                        ? Unchecked;ijcai-2026-base-14-g0df50d7
n-puzzle;unit;73/4000;4000;3 7 8 5 1 2 0 6 4;0 1 2 3 4 5 6 7 8;12;30;30;12177;0;0;171;7.8419;1552.81;K*;                        ? Unchecked;ijcai-2026-base-14-g0df50d7
n-puzzle;unit;74/4000;4000;1 6 2 0 7 8 4 5 3;0 1 2 3 4 5 6 7 8;13;23;23;929;0;0;171;0.264071;3517.99;K*;                        ? Unchecked;ijcai-2026-base-14-g0df50d7
n-puzzle;unit;75/4000;4000;6 1 2 3 0 8 4 5 7;0 1 2 3 4 5 6 7 8;8;24;24;2476;0;0;171;1.51157;1638.03;K*;                        ? Unchecked;ijcai-2026-base-14-g0df50d7
n-puzzle;unit;76/4000;4000;1 0 7 5 6 4 3 2 8;0 1 2 3 4 5 6 7 8;13;27;27;3911;0;0;171;1.59678;2449.31;K*;                        ? Unchecked;ijcai-2026-base-14-g0df50d7
n-puzzle;unit;77/4000;4000;2 7 6 1 4 0 5 3 8;0 1 2 3 4 5 6 7 8;15;29;29;6753;0;0;171;7.35616;918.007;K*;                        ? Unchecked;ijcai-2026-base-14-g0df50d7
n-puzzle;unit;78/4000;4000;2 3 8 4 0 6 1 5 7;0 1 2 3 4 5 6 7 8;16;28;28;5688;0;0;171;10.2743;553.615;K*;                        ? Unchecked;ijcai-2026-base-14-g0df50d7
n-puzzle;unit;79/4000;4000;0 5 4 6 1 7 8 2 3;0 1 2 3 4 5 6 7 8;16;28;28;4061;0;0;171;0.400423;10141.8;K*;                        ? Unchecked;ijcai-2026-base-14-g0df50d7
n-puzzle;unit;80/4000;4000;5 3 4 7 0 1 8 6 2;0 1 2 3 4 5 6 7 8;16;26;26;2676;0;0;171;1.95064;1371.86;K*;                        ? Unchecked;ijcai-2026-base-14-g0df50d7
n-puzzle;unit;81/4000;4000;1 7 5 6 8 3 4 2 0;0 1 2 3 4 5 6 7 8;14;28;28;6072;0;0;171;3.70468;1639.01;K*;                        ? Unchecked;ijcai-2026-base-14-g0df50d7
n-puzzle;unit;82/4000;4000;3 1 4 0 5 8 2 7 6;0 1 2 3 4 5 6 7 8;11;25;25;1924;0;0;171;0.24623;7813.83;K*;                        ? Unchecked;ijcai-2026-base-14-g0df50d7
n-puzzle;unit;83/4000;4000;4 2 3 0 5 1 8 6 7;0 1 2 3 4 5 6 7 8;13;25;25;1669;0;0;171;0.559281;2984.19;K*;                        ? Unchecked;ijcai-2026-base-14-g0df50d7
n-puzzle;unit;84/4000;4000;4 7 3 1 6 5 8 0 2;0 1 2 3 4 5 6 7 8;15;29;29;8007;0;0;171;1.71074;4680.43;K*;                        ? Unchecked;ijcai-2026-base-14-g0df50d7
n-puzzle;unit;85/4000;4000;3 6 0 1 5 8 4 2 7;0 1 2 3 4 5 6 7 8;14;28;28;4961;0;0;171;1.94313;2553.1;K*;                        ? Unchecked;ijcai-2026-base-14-g0df50d7
n-puzzle;unit;86/4000;4000;8 6 2 7 5 1 3 0 4;0 1 2 3 4 5 6 7 8;15;31;31;18564;0;0;171;4.16042;4462.05;K*;                        ? Unchecked;ijcai-2026-base-14-g0df50d7
n-puzzle;unit;87/4000;4000;3 2 5 7 6 0 8 1 4;0 1 2 3 4 5 6 7 8;13;23;23;1016;0;0;171;0.443718;2289.74;K*;                        ? Unchecked;ijcai-2026-base-14-g0df50d7
n-puzzle;unit;88/4000;4000;1 3 2 4 0 5 8 7 6;0 1 2 3 4 5 6 7 8;8;28;28;9252;0;0;171;14.0231;659.767;K*;                        ? Unchecked;ijcai-2026-base-14-g0df50d7
n-puzzle;unit;89/4000;4000;0 8 4 3 2 1 6 5 7;0 1 2 3 4 5 6 7 8;12;24;24;1284;0;0;171;0.387147;3316.57;K*;                        ? Unchecked;ijcai-2026-base-14-g0df50d7
n-puzzle;unit;90/4000;4000;0 6 1 5 7 8 4 2 3;0 1 2 3 4 5 6 7 8;16;28;28;4303;0;0;171;4.41004;975.728;K*;                        ? Unchecked;ijcai-2026-base-14-g0df50d7
n-puzzle;unit;91/4000;4000;2 1 6 4 5 8 3 0 7;0 1 2 3 4 5 6 7 8;11;27;27;4448;0;0;171;0.330981;13438.8;K*;                        ? Unchecked;ijcai-2026-base-14-g0df50d7
n-puzzle;unit;92/4000;4000;3 7 4 6 1 5 8 0 2;0 1 2 3 4 5 6 7 8;11;27;27;4941;0;0;171;6.29711;784.645;K*;                        ? Unchecked;ijcai-2026-base-14-g0df50d7
n-puzzle;unit;93/4000;4000;7 6 1 3 5 8 2 4 0;0 1 2 3 4 5 6 7 8;14;28;28;4987;0;0;171;5.12471;973.128;K*;                        ? Unchecked;ijcai-2026-base-14-g0df50d7
n-puzzle;unit;94/4000;4000;4 7 8 1 0 3 6 2 5;0 1 2 3 4 5 6 7 8;14;26;26;2943;0;0;171;0.307281;9577.55;K*;                        ? Unchecked;ijcai-2026-base-14-g0df50d7
n-puzzle;unit;95/4000;4000;0 5 8 2 7 4 1 6 3;0 1 2 3 4 5 6 7 8;16;26;26;1670;0;0;171;1.11127;1502.79;K*;                        ? Unchecked;ijcai-2026-base-14-g0df50d7
n-puzzle;unit;96/4000;4000;5 2 3 8 7 0 1 6 4;0 1 2 3 4 5 6 7 8;17;29;29;6692;0;0;171;5.61684;1191.42;K*;                        ? Unchecked;ijcai-2026-base-14-g0df50d7
n-puzzle;unit;97/4000;4000;8 3 0 4 7 2 6 1 5;0 1 2 3 4 5 6 7 8;12;24;24;1038;0;0;171;0.324616;3197.62;K*;                        ? Unchecked;ijcai-2026-base-14-g0df50d7
n-puzzle;unit;98/4000;4000;5 8 6 0 7 4 1 3 2;0 1 2 3 4 5 6 7 8;19;31;31;12085;0;0;171;23.5828;512.45;K*;                        ? Unchecked;ijcai-2026-base-14-g0df50d7
n-puzzle;unit;99/4000;4000;7 5 0 6 3 2 1 8 4;0 1 2 3 4 5 6 7 8;14;30;30;12783;0;0;171;1.9189;6661.62;K*;                        ? Unchecked;ijcai-2026-base-14-g0df50d7
n-puzzle;unit;0/5000;5000;5 6 0 8 4 7 1 3 2;0 1 2 3 4 5 6 7 8;18;30;30;5953;0;0;171;4.97814;1195.83;K*;                        ? Unchecked;ijcai-2026-base-14-g0df50d7
n-puzzle;unit;1/5000;5000;0 8 6 4 7 1 5 3 2;0 1 2 3 4 5 6 7 8;18;30;30;7337;0;0;171;5.78006;1269.36;K*;                        ? Unchecked;ijcai-2026-base-14-g0df50d7
n-puzzle;unit;2/5000;5000;5 2 8 0 7 4 1 3 6;0 1 2 3 4 5 6 7 8;15;27;27;3703;0;0;171;1.39258;2659.09;K*;                        ? Unchecked;ijcai-2026-base-14-g0df50d7
n-puzzle;unit;3/5000;5000;7 2 6 0 8 1 5 4 3;0 1 2 3 4 5 6 7 8;19;31;31;12520;0;0;171;11.93;1049.46;K*;                        ? Unchecked;ijcai-2026-base-14-g0df50d7
n-puzzle;unit;4/5000;5000;5 1 8 6 0 7 2 4 3;0 1 2 3 4 5 6 7 8;16;28;28;4855;0;0;171;0.844624;5748.12;K*;                        ? Unchecked;ijcai-2026-base-14-g0df50d7
n-puzzle;unit;5/5000;5000;8 0 3 6 4 5 7 2 1;0 1 2 3 4 5 6 7 8;15;29;29;7152;0;0;171;4.01947;1779.34;K*;                        ? Unchecked;ijcai-2026-base-14-g0df50d7
n-puzzle;unit;6/5000;5000;4 2 7 1 5 8 0 6 3;0 1 2 3 4 5 6 7 8;14;24;24;1099;0;0;171;0.660838;1663.04;K*;                        ? Unchecked;ijcai-2026-base-14-g0df50d7
n-puzzle;unit;7/5000;5000;4 1 7 3 2 5 6 0 8;0 1 2 3 4 5 6 7 8;7;25;25;3087;0;0;171;1.67359;1844.54;K*;                        ? Unchecked;ijcai-2026-base-14-g0df50d7
n-puzzle;unit;8/5000;5000;8 4 0 5 1 6 2 7 3;0 1 2 3 4 5 6 7 8;18;32;32;13172;0;0;171;5.2433;2512.16;K*;                        ? Unchecked;ijcai-2026-base-14-g0df50d7
n-puzzle;unit;9/5000;5000;1 3 0 7 6 2 5 8 4;0 1 2 3 4 5 6 7 8;14;28;28;6227;0;0;171;12.7035;490.181;K*;                        ? Unchecked;ijcai-2026-base-14-g0df50d7
n-puzzle;unit;10/5000;5000;7 0 4 6 8 5 3 1 2;0 1 2 3 4 5 6 7 8;13;33;33;35643;0;0;187;75.5997;471.47;K*;                        ? Unchecked;ijcai-2026-base-14-g0df50d7
n-puzzle;unit;11/5000;5000;6 1 7 5 8 2 4 3 0;0 1 2 3 4 5 6 7 8;14;30;30;10971;0;0;185;7.05863;1554.27;K*;                        ? Unchecked;ijcai-2026-base-14-g0df50d7
n-puzzle;unit;12/5000;5000;7 5 2 1 6 3 8 0 4;0 1 2 3 4 5 6 7 8;15;31;31;18761;0;0;185;17.938;1045.88;K*;                        ? Unchecked;ijcai-2026-base-14-g0df50d7
n-puzzle;unit;13/5000;5000;6 2 4 0 8 7 5 3 1;0 1 2 3 4 5 6 7 8;17;31;31;17236;0;0;185;32.4591;531.007;K*;                        ? Unchecked;ijcai-2026-base-14-g0df50d7
n-puzzle;unit;14/5000;5000;0 1 6 2 5 7 4 8 3;0 1 2 3 4 5 6 7 8;16;32;32;20893;0;0;185;25.0293;834.741;K*;                        ? Unchecked;ijcai-2026-base-14-g0df50d7
n-puzzle;unit;15/5000;5000;4 0 3 6 1 2 8 5 7;0 1 2 3 4 5 6 7 8;13;21;21;433;0;0;185;0.123467;3507.01;K*;                        ? Unchecked;ijcai-2026-base-14-g0df50d7
n-puzzle;unit;16/5000;5000;1 5 8 7 6 4 0 3 2;0 1 2 3 4 5 6 7 8;14;26;26;2859;0;0;185;3.73508;765.446;K*;                        ? Unchecked;ijcai-2026-base-14-g0df50d7
n-puzzle;unit;17/5000;5000;2 7 0 8 4 6 3 5 1;0 1 2 3 4 5 6 7 8;16;30;30;8166;0;0;185;6.64379;1229.12;K*;                        ? Unchecked;ijcai-2026-base-14-g0df50d7
n-puzzle;unit;18/5000;5000;7 4 8 1 5 6 0 2 3;0 1 2 3 4 5 6 7 8;18;30;30;6906;0;0;185;4.51026;1531.17;K*;                        ? Unchecked;ijcai-2026-base-14-g0df50d7
n-puzzle;unit;19/5000;5000;2 3 0 1 4 7 5 6 8;0 1 2 3 4 5 6 7 8;12;30;30;12200;0;0;185;26.3206;463.515;K*;                        ? Unchecked;ijcai-2026-base-14-g0df50d7
n-puzzle;unit;20/5000;5000;2 1 4 5 0 6 8 3 7;0 1 2 3 4 5 6 7 8;14;32;32;27661;0;0;185;59.9138;461.68;K*;                        ? Unchecked;ijcai-2026-base-14-g0df50d7
n-puzzle;unit;21/5000;5000;8 7 6 2 5 4 1 0 3;0 1 2 3 4 5 6 7 8;21;31;31;7228;0;0;185;0.980286;7373.36;K*;                        ? Unchecked;ijcai-2026-base-14-g0df50d7
n-puzzle;unit;22/5000;5000;2 7 3 1 6 5 4 0 8;0 1 2 3 4 5 6 7 8;13;25;25;2006;0;0;185;0.735552;2727.2;K*;                        ? Unchecked;ijcai-2026-base-14-g0df50d7
n-puzzle;unit;23/5000;5000;3 0 4 6 2 1 8 5 7;0 1 2 3 4 5 6 7 8;13;23;23;1220;0;0;185;0.551823;2210.85;K*;                        ? Unchecked;ijcai-2026-base-14-g0df50d7
n-puzzle;unit;24/5000;5000;5 3 2 4 8 6 0 1 7;0 1 2 3 4 5 6 7 8;14;28;28;5528;0;0;185;0.760359;7270.25;K*;                        ? Unchecked;ijcai-2026-base-14-g0df50d7
n-puzzle;unit;25/5000;5000;1 3 5 2 4 6 8 7 0;0 1 2 3 4 5 6 7 8;12;32;32;25251;0;0;185;8.8636;2848.84;K*;                        ? Unchecked;ijcai-2026-base-14-g0df50d7
n-puzzle;unit;26/5000;5000;8 5 1 4 2 7 6 0 3;0 1 2 3 4 5 6 7 8;15;29;29;8301;0;0;185;15.8206;524.695;K*;                        ? Unchecked;ijcai-2026-base-14-g0df50d7
n-puzzle;unit;27/5000;5000;2 8 5 6 3 1 4 0 7;0 1 2 3 4 5 6 7 8;13;27;27;5005;0;0;185;2.14603;2332.21;K*;                        ? Unchecked;ijcai-2026-base-14-g0df50d7
n-puzzle;unit;28/5000;5000;5 0 7 4 2 3 1 6 8;0 1 2 3 4 5 6 7 8;15;25;25;1661;0;0;185;1.12405;1477.69;K*;                        ? Unchecked;ijcai-2026-base-14-g0df50d7
n-puzzle;unit;29/5000;5000;3 2 4 7 6 8 5 1 0;0 1 2 3 4 5 6 7 8;14;24;24;1289;0;0;185;0.36443;3537.03;K*;                        ? Unchecked;ijcai-2026-base-14-g0df50d7
n-puzzle;unit;30/5000;5000;1 3 2 0 8 6 4 7 5;0 1 2 3 4 5 6 7 8;11;27;27;5775;0;0;185;10.6843;540.514;K*;                        ? Unchecked;ijcai-2026-base-14-g0df50d7
n-puzzle;unit;31/5000;5000;8 2 5 3 7 6 4 0 1;0 1 2 3 4 5 6 7 8;15;29;29;8041;0;0;185;5.78819;1389.21;K*;                        ? Unchecked;ijcai-2026-base-14-g0df50d7
n-puzzle;unit;32/5000;5000;2 4 0 7 5 1 8 6 3;0 1 2 3 4 5 6 7 8;14;28;28;4862;0;0;185;1.94763;2496.37;K*;                        ? Unchecked;ijcai-2026-base-14-g0df50d7
n-puzzle;unit;33/5000;5000;0 1 5 2 6 8 7 3 4;0 1 2 3 4 5 6 7 8;12;26;26;3398;0;0;185;3.83607;885.803;K*;                        ? Unchecked;ijcai-2026-base-14-g0df50d7
n-puzzle;unit;34/5000;5000;7 1 5 2 8 6 3 4 0;0 1 2 3 4 5 6 7 8;14;24;24;1100;0;0;185;1.92768;570.635;K*;                        ? Unchecked;ijcai-2026-base-14-g0df50d7
n-puzzle;unit;35/5000;5000;6 3 1 2 8 7 0 4 5;0 1 2 3 4 5 6 7 8;14;28;28;6028;0;0;185;6.62709;909.6;K*;                        ? Unchecked;ijcai-2026-base-14-g0df50d7
n-puzzle;unit;36/5000;5000;0 3 5 4 8 6 7 2 1;0 1 2 3 4 5 6 7 8;16;28;28;4746;0;0;185;5.25764;902.686;K*;                        ? Unchecked;ijcai-2026-base-14-g0df50d7
n-puzzle;unit;37/5000;5000;8 1 4 0 3 2 5 6 7;0 1 2 3 4 5 6 7 8;13;27;27;4350;0;0;185;7.95956;546.513;K*;                        ? Unchecked;ijcai-2026-base-14-g0df50d7
n-puzzle;unit;38/5000;5000;7 4 1 6 2 8 3 5 0;0 1 2 3 4 5 6 7 8;12;28;28;7602;0;0;185;3.47677;2186.51;K*;                        ? Unchecked;ijcai-2026-base-14-g0df50d7
n-puzzle;unit;39/5000;5000;4 6 8 0 5 1 3 2 7;0 1 2 3 4 5 6 7 8;15;29;29;8077;0;0;185;4.18403;1930.44;K*;                        ? Unchecked;ijcai-2026-base-14-g0df50d7
n-puzzle;unit;40/5000;5000;4 2 8 6 0 1 3 5 7;0 1 2 3 4 5 6 7 8;12;26;26;4251;0;0;185;1.72404;2465.73;K*;                        ? Unchecked;ijcai-2026-base-14-g0df50d7
n-puzzle;unit;41/5000;5000;3 7 8 4 5 2 6 1 0;0 1 2 3 4 5 6 7 8;10;26;26;2402;0;0;185;1.00053;2400.73;K*;                        ? Unchecked;ijcai-2026-base-14-g0df50d7
n-puzzle;unit;42/5000;5000;7 5 6 1 0 3 2 8 4;0 1 2 3 4 5 6 7 8;20;28;28;2449;0;0;185;0.284726;8601.25;K*;                        ? Unchecked;ijcai-2026-base-14-g0df50d7
n-puzzle;unit;43/5000;5000;1 6 4 8 5 3 7 2 0;0 1 2 3 4 5 6 7 8;16;28;28;4610;0;0;185;5.71581;806.535;K*;                        ? Unchecked;ijcai-2026-base-14-g0df50d7
n-puzzle;unit;44/5000;5000;2 5 7 1 8 4 3 6 0;0 1 2 3 4 5 6 7 8;14;22;22;568;0;0;185;0.222601;2551.65;K*;                        ? Unchecked;ijcai-2026-base-14-g0df50d7
n-puzzle;unit;45/5000;5000;3 8 4 0 7 1 5 6 2;0 1 2 3 4 5 6 7 8;15;25;25;1593;0;0;185;0.575097;2769.97;K*;                        ? Unchecked;ijcai-2026-base-14-g0df50d7
n-puzzle;unit;46/5000;5000;3 0 5 4 2 1 7 8 6;0 1 2 3 4 5 6 7 8;11;25;25;2608;0;0;185;0.905583;2879.91;K*;                        ? Unchecked;ijcai-2026-base-14-g0df50d7
n-puzzle;unit;47/5000;5000;4 5 3 1 7 0 8 2 6;0 1 2 3 4 5 6 7 8;17;27;27;2616;0;0;185;0.283132;9239.51;K*;                        ? Unchecked;ijcai-2026-base-14-g0df50d7
n-puzzle;unit;48/5000;5000;1 8 4 2 3 5 6 0 7;0 1 2 3 4 5 6 7 8;11;25;25;2592;0;0;185;0.801582;3233.61;K*;                        ? Unchecked;ijcai-2026-base-14-g0df50d7
n-puzzle;unit;49/5000;5000;4 8 1 0 6 7 3 2 5;0 1 2 3 4 5 6 7 8;15;31;31;20064;0;0;185;53.1443;377.538;K*;                        ? Unchecked;ijcai-2026-base-14-g0df50d7
n-puzzle;unit;50/5000;5000;8 5 3 4 6 1 7 2 0;0 1 2 3 4 5 6 7 8;18;30;30;8787;0;0;185;10.7664;816.151;K*;                        ? Unchecked;ijcai-2026-base-14-g0df50d7
n-puzzle;unit;51/5000;5000;4 3 7 1 5 2 6 0 8;0 1 2 3 4 5 6 7 8;11;25;25;2587;0;0;185;3.65129;708.517;K*;                        ? Unchecked;ijcai-2026-base-14-g0df50d7
n-puzzle;unit;52/5000;5000;7 4 1 2 3 0 5 8 6;0 1 2 3 4 5 6 7 8;15;33;33;33396;0;0;185;80.3941;415.404;K*;                        ? Unchecked;ijcai-2026-base-14-g0df50d7
n-puzzle;unit;53/5000;5000;7 5 6 8 2 1 0 4 3;0 1 2 3 4 5 6 7 8;20;32;32;16744;0;0;185;20.0268;836.08;K*;                        ? Unchecked;ijcai-2026-base-14-g0df50d7
n-puzzle;unit;54/5000;5000;2 8 5 0 7 6 1 4 3;0 1 2 3 4 5 6 7 8;17;27;27;2831;0;0;185;0.97507;2903.38;K*;                        ? Unchecked;ijcai-2026-base-14-g0df50d7
n-puzzle;unit;55/5000;5000;3 5 2 4 1 6 8 0 7;0 1 2 3 4 5 6 7 8;11;29;29;11083;0;0;185;7.25717;1527.18;K*;                        ? Unchecked;ijcai-2026-base-14-g0df50d7
n-puzzle;unit;56/5000;5000;8 6 1 5 4 3 0 2 7;0 1 2 3 4 5 6 7 8;16;32;32;17949;0;0;185;36.6549;489.675;K*;                        ? Unchecked;ijcai-2026-base-14-g0df50d7
n-puzzle;unit;57/5000;5000;4 6 5 7 3 2 1 0 8;0 1 2 3 4 5 6 7 8;13;27;27;4942;0;0;185;2.38011;2076.37;K*;                        ? Unchecked;ijcai-2026-base-14-g0df50d7
n-puzzle;unit;58/5000;5000;3 7 4 2 8 6 5 0 1;0 1 2 3 4 5 6 7 8;19;31;31;14376;0;0;185;10.9248;1315.9;K*;                        ? Unchecked;ijcai-2026-base-14-g0df50d7
n-puzzle;unit;59/5000;5000;8 7 4 5 6 2 3 0 1;0 1 2 3 4 5 6 7 8;17;31;31;16430;0;0;185;11.9632;1373.38;K*;                        ? Unchecked;ijcai-2026-base-14-g0df50d7
n-puzzle;unit;60/5000;5000;6 1 5 3 4 0 8 2 7;0 1 2 3 4 5 6 7 8;9;27;27;5293;0;0;185;2.04899;2583.23;K*;                        ? Unchecked;ijcai-2026-base-14-g0df50d7
n-puzzle;unit;61/5000;5000;4 5 2 8 0 3 1 6 7;0 1 2 3 4 5 6 7 8;14;26;26;3278;0;0;185;2.31567;1415.58;K*;                        ? Unchecked;ijcai-2026-base-14-g0df50d7
n-puzzle;unit;62/5000;5000;8 5 4 6 1 2 7 3 0;0 1 2 3 4 5 6 7 8;14;30;30;11163;0;0;185;31.5031;354.346;K*;                        ? Unchecked;ijcai-2026-base-14-g0df50d7
n-puzzle;unit;63/5000;5000;0 5 8 2 6 7 4 3 1;0 1 2 3 4 5 6 7 8;18;28;28;4292;0;0;185;9.61927;446.188;K*;                        ? Unchecked;ijcai-2026-base-14-g0df50d7
n-puzzle;unit;64/5000;5000;5 0 1 8 7 3 4 6 2;0 1 2 3 4 5 6 7 8;15;29;29;7206;0;0;185;4.90302;1469.71;K*;                        ? Unchecked;ijcai-2026-base-14-g0df50d7
n-puzzle;unit;65/5000;5000;7 6 1 3 4 8 0 5 2;0 1 2 3 4 5 6 7 8;12;28;28;5675;0;0;185;6.40941;885.417;K*;                        ? Unchecked;ijcai-2026-base-14-g0df50d7
n-puzzle;unit;66/5000;5000;8 0 7 3 6 5 1 2 4;0 1 2 3 4 5 6 7 8;17;31;31;13572;0;0;185;24.3839;556.596;K*;                        ? Unchecked;ijcai-2026-base-14-g0df50d7
n-puzzle;unit;67/5000;5000;7 2 8 6 5 1 4 0 3;0 1 2 3 4 5 6 7 8;15;29;29;8368;0;0;185;5.2147;1604.69;K*;                        ? Unchecked;ijcai-2026-base-14-g0df50d7
n-puzzle;unit;68/5000;5000;5 0 3 4 1 8 2 7 6;0 1 2 3 4 5 6 7 8;15;29;29;6567;0;0;185;1.6171;4060.97;K*;                        ? Unchecked;ijcai-2026-base-14-g0df50d7
n-puzzle;unit;69/5000;5000;7 8 4 6 3 5 2 1 0;0 1 2 3 4 5 6 7 8;16;32;32;19068;0;0;185;53.1922;358.474;K*;                        ? Unchecked;ijcai-2026-base-14-g0df50d7
n-puzzle;unit;70/5000;5000;7 0 3 2 8 1 5 4 6;0 1 2 3 4 5 6 7 8;19;27;27;1800;0;0;185;0.806958;2230.6;K*;                        ? Unchecked;ijcai-2026-base-14-g0df50d7
n-puzzle;unit;71/5000;5000;1 0 7 3 4 8 2 5 6;0 1 2 3 4 5 6 7 8;13;27;27;3281;0;0;185;0.366141;8961.03;K*;                        ? Unchecked;ijcai-2026-base-14-g0df50d7
n-puzzle;unit;72/5000;5000;8 0 7 4 3 6 5 2 1;0 1 2 3 4 5 6 7 8;21;29;29;8664;0;0;185;29.8376;290.372;K*;                        ? Unchecked;ijcai-2026-base-14-g0df50d7
n-puzzle;unit;73/5000;5000;3 7 8 5 1 2 0 6 4;0 1 2 3 4 5 6 7 8;12;30;30;12177;0;0;185;7.80416;1560.32;K*;                        ? Unchecked;ijcai-2026-base-14-g0df50d7
n-puzzle;unit;74/5000;5000;1 6 2 0 7 8 4 5 3;0 1 2 3 4 5 6 7 8;13;23;23;929;0;0;185;0.275007;3378.1;K*;                        ? Unchecked;ijcai-2026-base-14-g0df50d7
n-puzzle;unit;75/5000;5000;6 1 2 3 0 8 4 5 7;0 1 2 3 4 5 6 7 8;8;24;24;2476;0;0;185;1.60538;1542.32;K*;                        ? Unchecked;ijcai-2026-base-14-g0df50d7
n-puzzle;unit;76/5000;5000;1 0 7 5 6 4 3 2 8;0 1 2 3 4 5 6 7 8;13;27;27;3911;0;0;185;1.62624;2404.93;K*;                        ? Unchecked;ijcai-2026-base-14-g0df50d7
n-puzzle;unit;77/5000;5000;2 7 6 1 4 0 5 3 8;0 1 2 3 4 5 6 7 8;15;29;29;6753;0;0;185;7.39102;913.676;K*;                        ? Unchecked;ijcai-2026-base-14-g0df50d7
n-puzzle;unit;78/5000;5000;2 3 8 4 0 6 1 5 7;0 1 2 3 4 5 6 7 8;16;28;28;5688;0;0;185;10.3413;550.027;K*;                        ? Unchecked;ijcai-2026-base-14-g0df50d7
n-puzzle;unit;79/5000;5000;0 5 4 6 1 7 8 2 3;0 1 2 3 4 5 6 7 8;16;28;28;4061;0;0;185;0.415143;9782.17;K*;                        ? Unchecked;ijcai-2026-base-14-g0df50d7
n-puzzle;unit;80/5000;5000;5 3 4 7 0 1 8 6 2;0 1 2 3 4 5 6 7 8;16;26;26;2676;0;0;185;1.98717;1346.64;K*;                        ? Unchecked;ijcai-2026-base-14-g0df50d7
n-puzzle;unit;81/5000;5000;1 7 5 6 8 3 4 2 0;0 1 2 3 4 5 6 7 8;14;28;28;6072;0;0;185;3.66526;1656.64;K*;                        ? Unchecked;ijcai-2026-base-14-g0df50d7
n-puzzle;unit;82/5000;5000;3 1 4 0 5 8 2 7 6;0 1 2 3 4 5 6 7 8;11;25;25;1924;0;0;185;0.258065;7455.49;K*;                        ? Unchecked;ijcai-2026-base-14-g0df50d7
n-puzzle;unit;83/5000;5000;4 2 3 0 5 1 8 6 7;0 1 2 3 4 5 6 7 8;13;25;25;1669;0;0;185;0.575149;2901.86;K*;                        ? Unchecked;ijcai-2026-base-14-g0df50d7
n-puzzle;unit;84/5000;5000;4 7 3 1 6 5 8 0 2;0 1 2 3 4 5 6 7 8;15;29;29;8007;0;0;185;1.77217;4518.2;K*;                        ? Unchecked;ijcai-2026-base-14-g0df50d7
n-puzzle;unit;85/5000;5000;3 6 0 1 5 8 4 2 7;0 1 2 3 4 5 6 7 8;14;28;28;4961;0;0;185;1.96423;2525.67;K*;                        ? Unchecked;ijcai-2026-base-14-g0df50d7
n-puzzle;unit;86/5000;5000;8 6 2 7 5 1 3 0 4;0 1 2 3 4 5 6 7 8;15;31;31;18564;0;0;185;4.13299;4491.66;K*;                        ? Unchecked;ijcai-2026-base-14-g0df50d7
n-puzzle;unit;87/5000;5000;3 2 5 7 6 0 8 1 4;0 1 2 3 4 5 6 7 8;13;23;23;1016;0;0;185;0.456823;2224.06;K*;                        ? Unchecked;ijcai-2026-base-14-g0df50d7
n-puzzle;unit;88/5000;5000;1 3 2 4 0 5 8 7 6;0 1 2 3 4 5 6 7 8;8;28;28;9252;0;0;185;14.1527;653.728;K*;                        ? Unchecked;ijcai-2026-base-14-g0df50d7
n-puzzle;unit;89/5000;5000;0 8 4 3 2 1 6 5 7;0 1 2 3 4 5 6 7 8;12;24;24;1284;0;0;185;0.400453;3206.37;K*;                        ? Unchecked;ijcai-2026-base-14-g0df50d7
n-puzzle;unit;90/5000;5000;0 6 1 5 7 8 4 2 3;0 1 2 3 4 5 6 7 8;16;28;28;4303;0;0;185;4.39109;979.94;K*;                        ? Unchecked;ijcai-2026-base-14-g0df50d7
n-puzzle;unit;91/5000;5000;2 1 6 4 5 8 3 0 7;0 1 2 3 4 5 6 7 8;11;29;29;9819;0;0;185;22.3971;438.405;K*;                        ? Unchecked;ijcai-2026-base-14-g0df50d7
n-puzzle;unit;92/5000;5000;3 7 4 6 1 5 8 0 2;0 1 2 3 4 5 6 7 8;11;27;27;4941;0;0;185;6.34282;778.991;K*;                        ? Unchecked;ijcai-2026-base-14-g0df50d7
n-puzzle;unit;93/5000;5000;7 6 1 3 5 8 2 4 0;0 1 2 3 4 5 6 7 8;14;28;28;4987;0;0;185;5.15756;966.931;K*;                        ? Unchecked;ijcai-2026-base-14-g0df50d7
n-puzzle;unit;94/5000;5000;4 7 8 1 0 3 6 2 5;0 1 2 3 4 5 6 7 8;14;26;26;2943;0;0;185;0.319364;9215.19;K*;                        ? Unchecked;ijcai-2026-base-14-g0df50d7
n-puzzle;unit;95/5000;5000;0 5 8 2 7 4 1 6 3;0 1 2 3 4 5 6 7 8;16;26;26;1670;0;0;185;1.12269;1487.5;K*;                        ? Unchecked;ijcai-2026-base-14-g0df50d7
n-puzzle;unit;96/5000;5000;5 2 3 8 7 0 1 6 4;0 1 2 3 4 5 6 7 8;17;29;29;6692;0;0;185;5.65241;1183.92;K*;                        ? Unchecked;ijcai-2026-base-14-g0df50d7
n-puzzle;unit;97/5000;5000;8 3 0 4 7 2 6 1 5;0 1 2 3 4 5 6 7 8;12;24;24;1038;0;0;185;0.339626;3056.3;K*;                        ? Unchecked;ijcai-2026-base-14-g0df50d7
n-puzzle;unit;98/5000;5000;5 8 6 0 7 4 1 3 2;0 1 2 3 4 5 6 7 8;19;31;31;12085;0;0;185;23.7171;509.547;K*;                        ? Unchecked;ijcai-2026-base-14-g0df50d7
n-puzzle;unit;99/5000;5000;7 5 0 6 3 2 1 8 4;0 1 2 3 4 5 6 7 8;14;30;30;12783;0;0;185;1.94014;6588.71;K*;                        ? Unchecked;ijcai-2026-base-14-g0df50d7
n-puzzle;unit;0/6000;6000;5 6 0 8 4 7 1 3 2;0 1 2 3 4 5 6 7 8;18;30;30;5953;0;0;185;5.03645;1181.98;K*;                        ? Unchecked;ijcai-2026-base-14-g0df50d7
n-puzzle;unit;1/6000;6000;0 8 6 4 7 1 5 3 2;0 1 2 3 4 5 6 7 8;18;30;30;7337;0;0;185;5.83066;1258.35;K*;                        ? Unchecked;ijcai-2026-base-14-g0df50d7
n-puzzle;unit;2/6000;6000;5 2 8 0 7 4 1 3 6;0 1 2 3 4 5 6 7 8;15;27;27;3703;0;0;185;1.41314;2620.41;K*;                        ? Unchecked;ijcai-2026-base-14-g0df50d7
n-puzzle;unit;3/6000;6000;7 2 6 0 8 1 5 4 3;0 1 2 3 4 5 6 7 8;19;31;31;12520;0;0;185;11.9799;1045.09;K*;                        ? Unchecked;ijcai-2026-base-14-g0df50d7
n-puzzle;unit;4/6000;6000;5 1 8 6 0 7 2 4 3;0 1 2 3 4 5 6 7 8;16;28;28;4855;0;0;185;0.857927;5658.99;K*;                        ? Unchecked;ijcai-2026-base-14-g0df50d7
n-puzzle;unit;5/6000;6000;8 0 3 6 4 5 7 2 1;0 1 2 3 4 5 6 7 8;15;29;29;7152;0;0;185;4.05743;1762.69;K*;                        ? Unchecked;ijcai-2026-base-14-g0df50d7
n-puzzle;unit;6/6000;6000;4 2 7 1 5 8 0 6 3;0 1 2 3 4 5 6 7 8;14;24;24;1099;0;0;185;0.674574;1629.18;K*;                        ? Unchecked;ijcai-2026-base-14-g0df50d7
n-puzzle;unit;7/6000;6000;4 1 7 3 2 5 6 0 8;0 1 2 3 4 5 6 7 8;7;25;25;3087;0;0;185;1.69836;1817.64;K*;                        ? Unchecked;ijcai-2026-base-14-g0df50d7
n-puzzle;unit;8/6000;6000;8 4 0 5 1 6 2 7 3;0 1 2 3 4 5 6 7 8;18;32;32;13172;0;0;185;5.28534;2492.18;K*;                        ? Unchecked;ijcai-2026-base-14-g0df50d7
n-puzzle;unit;9/6000;6000;1 3 0 7 6 2 5 8 4;0 1 2 3 4 5 6 7 8;14;28;28;6227;0;0;185;12.7679;487.709;K*;                        ? Unchecked;ijcai-2026-base-14-g0df50d7
n-puzzle;unit;10/6000;6000;7 0 4 6 8 5 3 1 2;0 1 2 3 4 5 6 7 8;13;33;33;35643;0;0;201;75.6428;471.201;K*;                        ? Unchecked;ijcai-2026-base-14-g0df50d7
n-puzzle;unit;11/6000;6000;6 1 7 5 8 2 4 3 0;0 1 2 3 4 5 6 7 8;14;30;30;10971;0;0;201;7.13848;1536.88;K*;                        ? Unchecked;ijcai-2026-base-14-g0df50d7
n-puzzle;unit;12/6000;6000;7 5 2 1 6 3 8 0 4;0 1 2 3 4 5 6 7 8;15;31;31;18761;0;0;201;17.944;1045.53;K*;                        ? Unchecked;ijcai-2026-base-14-g0df50d7
n-puzzle;unit;13/6000;6000;6 2 4 0 8 7 5 3 1;0 1 2 3 4 5 6 7 8;17;31;31;17236;0;0;201;32.631;528.209;K*;                        ? Unchecked;ijcai-2026-base-14-g0df50d7
n-puzzle;unit;14/6000;6000;0 1 6 2 5 7 4 8 3;0 1 2 3 4 5 6 7 8;16;32;32;20893;0;0;201;25.1466;830.848;K*;                        ? Unchecked;ijcai-2026-base-14-g0df50d7
n-puzzle;unit;15/6000;6000;4 0 3 6 1 2 8 5 7;0 1 2 3 4 5 6 7 8;13;21;21;433;0;0;201;0.133483;3243.86;K*;                        ? Unchecked;ijcai-2026-base-14-g0df50d7
n-puzzle;unit;16/6000;6000;1 5 8 7 6 4 0 3 2;0 1 2 3 4 5 6 7 8;14;26;26;2859;0;0;201;3.74796;762.815;K*;                        ? Unchecked;ijcai-2026-base-14-g0df50d7
n-puzzle;unit;17/6000;6000;2 7 0 8 4 6 3 5 1;0 1 2 3 4 5 6 7 8;16;30;30;8166;0;0;201;6.67492;1223.39;K*;                        ? Unchecked;ijcai-2026-base-14-g0df50d7
n-puzzle;unit;18/6000;6000;7 4 8 1 5 6 0 2 3;0 1 2 3 4 5 6 7 8;18;30;30;6906;0;0;201;4.62984;1491.63;K*;                        ? Unchecked;ijcai-2026-base-14-g0df50d7
n-puzzle;unit;19/6000;6000;2 3 0 1 4 7 5 6 8;0 1 2 3 4 5 6 7 8;12;30;30;12200;0;0;201;26.3406;463.163;K*;                        ? Unchecked;ijcai-2026-base-14-g0df50d7
n-puzzle;unit;20/6000;6000;2 1 4 5 0 6 8 3 7;0 1 2 3 4 5 6 7 8;14;32;32;27661;0;0;202;60.076;460.433;K*;                        ? Unchecked;ijcai-2026-base-14-g0df50d7
n-puzzle;unit;21/6000;6000;8 7 6 2 5 4 1 0 3;0 1 2 3 4 5 6 7 8;21;31;31;7228;0;0;202;0.983932;7346.04;K*;                        ? Unchecked;ijcai-2026-base-14-g0df50d7
n-puzzle;unit;22/6000;6000;2 7 3 1 6 5 4 0 8;0 1 2 3 4 5 6 7 8;13;25;25;2006;0;0;202;0.752886;2664.41;K*;                        ? Unchecked;ijcai-2026-base-14-g0df50d7
n-puzzle;unit;23/6000;6000;3 0 4 6 2 1 8 5 7;0 1 2 3 4 5 6 7 8;13;23;23;1220;0;0;202;0.56433;2161.86;K*;                        ? Unchecked;ijcai-2026-base-14-g0df50d7
n-puzzle;unit;24/6000;6000;5 3 2 4 8 6 0 1 7;0 1 2 3 4 5 6 7 8;14;28;28;5528;0;0;202;0.775713;7126.35;K*;                        ? Unchecked;ijcai-2026-base-14-g0df50d7
n-puzzle;unit;25/6000;6000;1 3 5 2 4 6 8 7 0;0 1 2 3 4 5 6 7 8;12;32;32;25251;0;0;202;8.84566;2854.62;K*;                        ? Unchecked;ijcai-2026-base-14-g0df50d7
n-puzzle;unit;26/6000;6000;8 5 1 4 2 7 6 0 3;0 1 2 3 4 5 6 7 8;15;29;29;8301;0;0;202;15.842;523.986;K*;                        ? Unchecked;ijcai-2026-base-14-g0df50d7
n-puzzle;unit;27/6000;6000;2 8 5 6 3 1 4 0 7;0 1 2 3 4 5 6 7 8;13;27;27;5005;0;0;202;2.15174;2326.03;K*;                        ? Unchecked;ijcai-2026-base-14-g0df50d7
n-puzzle;unit;28/6000;6000;5 0 7 4 2 3 1 6 8;0 1 2 3 4 5 6 7 8;15;25;25;1661;0;0;202;1.1197;1483.43;K*;                        ? Unchecked;ijcai-2026-base-14-g0df50d7
n-puzzle;unit;29/6000;6000;3 2 4 7 6 8 5 1 0;0 1 2 3 4 5 6 7 8;14;24;24;1289;0;0;202;0.3679;3503.67;K*;                        ? Unchecked;ijcai-2026-base-14-g0df50d7
n-puzzle;unit;30/6000;6000;1 3 2 0 8 6 4 7 5;0 1 2 3 4 5 6 7 8;11;27;27;5775;0;0;202;10.7589;536.763;K*;                        ? Unchecked;ijcai-2026-base-14-g0df50d7
n-puzzle;unit;31/6000;6000;8 2 5 3 7 6 4 0 1;0 1 2 3 4 5 6 7 8;15;29;29;8041;0;0;202;5.77953;1391.29;K*;                        ? Unchecked;ijcai-2026-base-14-g0df50d7
n-puzzle;unit;32/6000;6000;2 4 0 7 5 1 8 6 3;0 1 2 3 4 5 6 7 8;14;28;28;4862;0;0;202;1.96306;2476.75;K*;                        ? Unchecked;ijcai-2026-base-14-g0df50d7
n-puzzle;unit;33/6000;6000;0 1 5 2 6 8 7 3 4;0 1 2 3 4 5 6 7 8;12;26;26;3398;0;0;202;3.89725;871.897;K*;                        ? Unchecked;ijcai-2026-base-14-g0df50d7
n-puzzle;unit;34/6000;6000;7 1 5 2 8 6 3 4 0;0 1 2 3 4 5 6 7 8;14;24;24;1100;0;0;202;1.90834;576.417;K*;                        ? Unchecked;ijcai-2026-base-14-g0df50d7
n-puzzle;unit;35/6000;6000;6 3 1 2 8 7 0 4 5;0 1 2 3 4 5 6 7 8;14;28;28;6028;0;0;202;6.73279;895.32;K*;                        ? Unchecked;ijcai-2026-base-14-g0df50d7
n-puzzle;unit;36/6000;6000;0 3 5 4 8 6 7 2 1;0 1 2 3 4 5 6 7 8;16;28;28;4746;0;0;202;5.26056;902.186;K*;                        ? Unchecked;ijcai-2026-base-14-g0df50d7
n-puzzle;unit;37/6000;6000;8 1 4 0 3 2 5 6 7;0 1 2 3 4 5 6 7 8;13;27;27;4350;0;0;202;7.9933;544.206;K*;                        ? Unchecked;ijcai-2026-base-14-g0df50d7
n-puzzle;unit;38/6000;6000;7 4 1 6 2 8 3 5 0;0 1 2 3 4 5 6 7 8;12;28;28;7602;0;0;202;3.54155;2146.52;K*;                        ? Unchecked;ijcai-2026-base-14-g0df50d7
n-puzzle;unit;39/6000;6000;4 6 8 0 5 1 3 2 7;0 1 2 3 4 5 6 7 8;15;29;29;8077;0;0;202;4.23038;1909.29;K*;                        ? Unchecked;ijcai-2026-base-14-g0df50d7
n-puzzle;unit;40/6000;6000;4 2 8 6 0 1 3 5 7;0 1 2 3 4 5 6 7 8;12;26;26;4251;0;0;202;1.68915;2516.65;K*;                        ? Unchecked;ijcai-2026-base-14-g0df50d7
n-puzzle;unit;41/6000;6000;3 7 8 4 5 2 6 1 0;0 1 2 3 4 5 6 7 8;10;26;26;2402;0;0;202;1.01692;2362.03;K*;                        ? Unchecked;ijcai-2026-base-14-g0df50d7
n-puzzle;unit;42/6000;6000;7 5 6 1 0 3 2 8 4;0 1 2 3 4 5 6 7 8;20;30;30;7795;0;0;202;28.9242;269.497;K*;                        ? Unchecked;ijcai-2026-base-14-g0df50d7
n-puzzle;unit;43/6000;6000;1 6 4 8 5 3 7 2 0;0 1 2 3 4 5 6 7 8;16;28;28;4610;0;0;202;5.80715;793.849;K*;                        ? Unchecked;ijcai-2026-base-14-g0df50d7
n-puzzle;unit;44/6000;6000;2 5 7 1 8 4 3 6 0;0 1 2 3 4 5 6 7 8;14;22;22;568;0;0;202;0.231269;2456.01;K*;                        ? Unchecked;ijcai-2026-base-14-g0df50d7
n-puzzle;unit;45/6000;6000;3 8 4 0 7 1 5 6 2;0 1 2 3 4 5 6 7 8;15;25;25;1593;0;0;202;0.522996;3045.91;K*;                        ? Unchecked;ijcai-2026-base-14-g0df50d7
n-puzzle;unit;46/6000;6000;3 0 5 4 2 1 7 8 6;0 1 2 3 4 5 6 7 8;11;25;25;2608;0;0;202;0.916805;2844.66;K*;                        ? Unchecked;ijcai-2026-base-14-g0df50d7
n-puzzle;unit;47/6000;6000;4 5 3 1 7 0 8 2 6;0 1 2 3 4 5 6 7 8;17;27;27;2616;0;0;202;0.295833;8842.83;K*;                        ? Unchecked;ijcai-2026-base-14-g0df50d7
n-puzzle;unit;48/6000;6000;1 8 4 2 3 5 6 0 7;0 1 2 3 4 5 6 7 8;11;25;25;2592;0;0;202;0.819182;3164.13;K*;                        ? Unchecked;ijcai-2026-base-14-g0df50d7
n-puzzle;unit;49/6000;6000;4 8 1 0 6 7 3 2 5;0 1 2 3 4 5 6 7 8;15;31;31;20064;0;0;202;53.2775;376.594;K*;                        ? Unchecked;ijcai-2026-base-14-g0df50d7
n-puzzle;unit;50/6000;6000;8 5 3 4 6 1 7 2 0;0 1 2 3 4 5 6 7 8;18;30;30;8787;0;0;202;10.8711;808.289;K*;                        ? Unchecked;ijcai-2026-base-14-g0df50d7
n-puzzle;unit;51/6000;6000;4 3 7 1 5 2 6 0 8;0 1 2 3 4 5 6 7 8;11;25;25;2587;0;0;202;3.70763;697.751;K*;                        ? Unchecked;ijcai-2026-base-14-g0df50d7
n-puzzle;unit;52/6000;6000;7 4 1 2 3 0 5 8 6;0 1 2 3 4 5 6 7 8;15;33;33;33396;0;0;202;80.537;414.667;K*;                        ? Unchecked;ijcai-2026-base-14-g0df50d7
n-puzzle;unit;53/6000;6000;7 5 6 8 2 1 0 4 3;0 1 2 3 4 5 6 7 8;20;32;32;16744;0;0;202;20.1435;831.234;K*;                        ? Unchecked;ijcai-2026-base-14-g0df50d7
n-puzzle;unit;54/6000;6000;2 8 5 0 7 6 1 4 3;0 1 2 3 4 5 6 7 8;17;27;27;2831;0;0;202;0.953655;2968.58;K*;                        ? Unchecked;ijcai-2026-base-14-g0df50d7
n-puzzle;unit;55/6000;6000;3 5 2 4 1 6 8 0 7;0 1 2 3 4 5 6 7 8;11;29;29;11083;0;0;202;7.40669;1496.35;K*;                        ? Unchecked;ijcai-2026-base-14-g0df50d7
n-puzzle;unit;56/6000;6000;8 6 1 5 4 3 0 2 7;0 1 2 3 4 5 6 7 8;16;32;32;17949;0;0;202;36.7842;487.954;K*;                        ? Unchecked;ijcai-2026-base-14-g0df50d7
n-puzzle;unit;57/6000;6000;4 6 5 7 3 2 1 0 8;0 1 2 3 4 5 6 7 8;13;27;27;4942;0;0;202;2.4261;2037.01;K*;                        ? Unchecked;ijcai-2026-base-14-g0df50d7
n-puzzle;unit;58/6000;6000;3 7 4 2 8 6 5 0 1;0 1 2 3 4 5 6 7 8;19;31;31;14376;0;0;202;11.0098;1305.74;K*;                        ? Unchecked;ijcai-2026-base-14-g0df50d7
n-puzzle;unit;59/6000;6000;8 7 4 5 6 2 3 0 1;0 1 2 3 4 5 6 7 8;17;33;33;31483;0;0;202;102.806;306.237;K*;                        ? Unchecked;ijcai-2026-base-14-g0df50d7
n-puzzle;unit;60/6000;6000;6 1 5 3 4 0 8 2 7;0 1 2 3 4 5 6 7 8;9;27;27;5293;0;0;202;2.01316;2629.2;K*;                        ? Unchecked;ijcai-2026-base-14-g0df50d7
n-puzzle;unit;61/6000;6000;4 5 2 8 0 3 1 6 7;0 1 2 3 4 5 6 7 8;14;26;26;3278;0;0;202;2.31005;1419.02;K*;                        ? Unchecked;ijcai-2026-base-14-g0df50d7
n-puzzle;unit;62/6000;6000;8 5 4 6 1 2 7 3 0;0 1 2 3 4 5 6 7 8;14;30;30;11163;0;0;202;31.6882;352.276;K*;                        ? Unchecked;ijcai-2026-base-14-g0df50d7
n-puzzle;unit;63/6000;6000;0 5 8 2 6 7 4 3 1;0 1 2 3 4 5 6 7 8;18;28;28;4292;0;0;202;9.69808;442.562;K*;                        ? Unchecked;ijcai-2026-base-14-g0df50d7
n-puzzle;unit;64/6000;6000;5 0 1 8 7 3 4 6 2;0 1 2 3 4 5 6 7 8;15;29;29;7206;0;0;202;4.94765;1456.45;K*;                        ? Unchecked;ijcai-2026-base-14-g0df50d7
n-puzzle;unit;65/6000;6000;7 6 1 3 4 8 0 5 2;0 1 2 3 4 5 6 7 8;12;28;28;5675;0;0;202;6.50493;872.415;K*;                        ? Unchecked;ijcai-2026-base-14-g0df50d7
n-puzzle;unit;66/6000;6000;8 0 7 3 6 5 1 2 4;0 1 2 3 4 5 6 7 8;17;31;31;13572;0;0;202;24.4936;554.104;K*;                        ? Unchecked;ijcai-2026-base-14-g0df50d7
n-puzzle;unit;67/6000;6000;7 2 8 6 5 1 4 0 3;0 1 2 3 4 5 6 7 8;15;29;29;8368;0;0;202;5.2413;1596.55;K*;                        ? Unchecked;ijcai-2026-base-14-g0df50d7
n-puzzle;unit;68/6000;6000;5 0 3 4 1 8 2 7 6;0 1 2 3 4 5 6 7 8;15;29;29;6567;0;0;202;1.64095;4001.95;K*;                        ? Unchecked;ijcai-2026-base-14-g0df50d7
n-puzzle;unit;69/6000;6000;7 8 4 6 3 5 2 1 0;0 1 2 3 4 5 6 7 8;16;32;32;19068;0;0;202;53.4135;356.988;K*;                        ? Unchecked;ijcai-2026-base-14-g0df50d7
n-puzzle;unit;70/6000;6000;7 0 3 2 8 1 5 4 6;0 1 2 3 4 5 6 7 8;19;27;27;1800;0;0;202;0.82189;2190.07;K*;                        ? Unchecked;ijcai-2026-base-14-g0df50d7
n-puzzle;unit;71/6000;6000;1 0 7 3 4 8 2 5 6;0 1 2 3 4 5 6 7 8;13;27;27;3281;0;0;202;0.378622;8665.63;K*;                        ? Unchecked;ijcai-2026-base-14-g0df50d7
n-puzzle;unit;72/6000;6000;8 0 7 4 3 6 5 2 1;0 1 2 3 4 5 6 7 8;21;31;31;9308;0;0;202;33.4787;278.028;K*;                        ? Unchecked;ijcai-2026-base-14-g0df50d7
n-puzzle;unit;73/6000;6000;3 7 8 5 1 2 0 6 4;0 1 2 3 4 5 6 7 8;12;30;30;12177;0;0;202;7.90045;1541.31;K*;                        ? Unchecked;ijcai-2026-base-14-g0df50d7
n-puzzle;unit;74/6000;6000;1 6 2 0 7 8 4 5 3;0 1 2 3 4 5 6 7 8;13;23;23;929;0;0;202;0.285636;3252.39;K*;                        ? Unchecked;ijcai-2026-base-14-g0df50d7
n-puzzle;unit;75/6000;6000;6 1 2 3 0 8 4 5 7;0 1 2 3 4 5 6 7 8;8;24;24;2476;0;0;202;1.55754;1589.69;K*;                        ? Unchecked;ijcai-2026-base-14-g0df50d7
n-puzzle;unit;76/6000;6000;1 0 7 5 6 4 3 2 8;0 1 2 3 4 5 6 7 8;13;27;27;3911;0;0;202;1.63714;2388.92;K*;                        ? Unchecked;ijcai-2026-base-14-g0df50d7
n-puzzle;unit;77/6000;6000;2 7 6 1 4 0 5 3 8;0 1 2 3 4 5 6 7 8;15;29;29;6753;0;0;202;7.45594;905.721;K*;                        ? Unchecked;ijcai-2026-base-14-g0df50d7
n-puzzle;unit;78/6000;6000;2 3 8 4 0 6 1 5 7;0 1 2 3 4 5 6 7 8;16;28;28;5688;0;0;202;10.406;546.606;K*;                        ? Unchecked;ijcai-2026-base-14-g0df50d7
n-puzzle;unit;79/6000;6000;0 5 4 6 1 7 8 2 3;0 1 2 3 4 5 6 7 8;16;30;30;9879;0;0;202;31.3465;315.155;K*;                        ? Unchecked;ijcai-2026-base-14-g0df50d7
n-puzzle;unit;80/6000;6000;5 3 4 7 0 1 8 6 2;0 1 2 3 4 5 6 7 8;16;26;26;2676;0;0;202;2.0039;1335.4;K*;                        ? Unchecked;ijcai-2026-base-14-g0df50d7
n-puzzle;unit;81/6000;6000;1 7 5 6 8 3 4 2 0;0 1 2 3 4 5 6 7 8;14;28;28;6072;0;0;202;3.7135;1635.12;K*;                        ? Unchecked;ijcai-2026-base-14-g0df50d7
n-puzzle;unit;82/6000;6000;3 1 4 0 5 8 2 7 6;0 1 2 3 4 5 6 7 8;11;25;25;1924;0;0;202;0.270198;7120.7;K*;                        ? Unchecked;ijcai-2026-base-14-g0df50d7
n-puzzle;unit;83/6000;6000;4 2 3 0 5 1 8 6 7;0 1 2 3 4 5 6 7 8;13;25;25;1669;0;0;202;0.584975;2853.11;K*;                        ? Unchecked;ijcai-2026-base-14-g0df50d7
n-puzzle;unit;84/6000;6000;4 7 3 1 6 5 8 0 2;0 1 2 3 4 5 6 7 8;15;29;29;8007;0;0;202;1.74192;4596.66;K*;                        ? Unchecked;ijcai-2026-base-14-g0df50d7
n-puzzle;unit;85/6000;6000;3 6 0 1 5 8 4 2 7;0 1 2 3 4 5 6 7 8;14;28;28;4961;0;0;202;1.97593;2510.72;K*;                        ? Unchecked;ijcai-2026-base-14-g0df50d7
n-puzzle;unit;86/6000;6000;8 6 2 7 5 1 3 0 4;0 1 2 3 4 5 6 7 8;15;31;31;18564;0;0;202;4.22307;4395.86;K*;                        ? Unchecked;ijcai-2026-base-14-g0df50d7
n-puzzle;unit;87/6000;6000;3 2 5 7 6 0 8 1 4;0 1 2 3 4 5 6 7 8;13;23;23;1016;0;0;202;0.467833;2171.72;K*;                        ? Unchecked;ijcai-2026-base-14-g0df50d7
n-puzzle;unit;88/6000;6000;1 3 2 4 0 5 8 7 6;0 1 2 3 4 5 6 7 8;8;28;28;9252;0;0;202;14.1517;653.772;K*;                        ? Unchecked;ijcai-2026-base-14-g0df50d7
n-puzzle;unit;89/6000;6000;0 8 4 3 2 1 6 5 7;0 1 2 3 4 5 6 7 8;12;24;24;1284;0;0;202;0.410487;3127.99;K*;                        ? Unchecked;ijcai-2026-base-14-g0df50d7
n-puzzle;unit;90/6000;6000;0 6 1 5 7 8 4 2 3;0 1 2 3 4 5 6 7 8;16;28;28;4303;0;0;202;4.47426;961.724;K*;                        ? Unchecked;ijcai-2026-base-14-g0df50d7
n-puzzle;unit;91/6000;6000;2 1 6 4 5 8 3 0 7;0 1 2 3 4 5 6 7 8;11;29;29;9819;0;0;202;22.4957;436.484;K*;                        ? Unchecked;ijcai-2026-base-14-g0df50d7
n-puzzle;unit;92/6000;6000;3 7 4 6 1 5 8 0 2;0 1 2 3 4 5 6 7 8;11;27;27;4941;0;0;202;6.36819;775.887;K*;                        ? Unchecked;ijcai-2026-base-14-g0df50d7
n-puzzle;unit;93/6000;6000;7 6 1 3 5 8 2 4 0;0 1 2 3 4 5 6 7 8;14;28;28;4987;0;0;202;5.1619;966.118;K*;                        ? Unchecked;ijcai-2026-base-14-g0df50d7
n-puzzle;unit;94/6000;6000;4 7 8 1 0 3 6 2 5;0 1 2 3 4 5 6 7 8;14;26;26;2943;0;0;202;0.333927;8813.3;K*;                        ? Unchecked;ijcai-2026-base-14-g0df50d7
n-puzzle;unit;95/6000;6000;0 5 8 2 7 4 1 6 3;0 1 2 3 4 5 6 7 8;16;26;26;1670;0;0;202;1.13447;1472.05;K*;                        ? Unchecked;ijcai-2026-base-14-g0df50d7
n-puzzle;unit;96/6000;6000;5 2 3 8 7 0 1 6 4;0 1 2 3 4 5 6 7 8;17;29;29;6692;0;0;202;5.78045;1157.7;K*;                        ? Unchecked;ijcai-2026-base-14-g0df50d7
n-puzzle;unit;97/6000;6000;8 3 0 4 7 2 6 1 5;0 1 2 3 4 5 6 7 8;12;24;24;1038;0;0;202;0.340946;3044.47;K*;                        ? Unchecked;ijcai-2026-base-14-g0df50d7
n-puzzle;unit;98/6000;6000;5 8 6 0 7 4 1 3 2;0 1 2 3 4 5 6 7 8;19;31;31;12085;0;0;202;23.7784;508.234;K*;                        ? Unchecked;ijcai-2026-base-14-g0df50d7
n-puzzle;unit;99/6000;6000;7 5 0 6 3 2 1 8 4;0 1 2 3 4 5 6 7 8;14;30;30;12783;0;0;202;2.00805;6365.87;K*;                        ? Unchecked;ijcai-2026-base-14-g0df50d7
n-puzzle;unit;0/7000;7000;5 6 0 8 4 7 1 3 2;0 1 2 3 4 5 6 7 8;18;30;30;5953;0;0;202;5.02893;1183.75;K*;                        ? Unchecked;ijcai-2026-base-14-g0df50d7
n-puzzle;unit;1/7000;7000;0 8 6 4 7 1 5 3 2;0 1 2 3 4 5 6 7 8;18;30;30;7337;0;0;202;5.9208;1239.19;K*;                        ? Unchecked;ijcai-2026-base-14-g0df50d7
n-puzzle;unit;2/7000;7000;5 2 8 0 7 4 1 3 6;0 1 2 3 4 5 6 7 8;15;27;27;3703;0;0;202;1.44285;2566.46;K*;                        ? Unchecked;ijcai-2026-base-14-g0df50d7
n-puzzle;unit;3/7000;7000;7 2 6 0 8 1 5 4 3;0 1 2 3 4 5 6 7 8;19;31;31;12520;0;0;202;12.0308;1040.66;K*;                        ? Unchecked;ijcai-2026-base-14-g0df50d7
n-puzzle;unit;4/7000;7000;5 1 8 6 0 7 2 4 3;0 1 2 3 4 5 6 7 8;16;28;28;4855;0;0;202;0.876536;5538.85;K*;                        ? Unchecked;ijcai-2026-base-14-g0df50d7
n-puzzle;unit;5/7000;7000;8 0 3 6 4 5 7 2 1;0 1 2 3 4 5 6 7 8;15;29;29;7152;0;0;202;4.13163;1731.04;K*;                        ? Unchecked;ijcai-2026-base-14-g0df50d7
n-puzzle;unit;6/7000;7000;4 2 7 1 5 8 0 6 3;0 1 2 3 4 5 6 7 8;14;24;24;1099;0;0;202;0.687305;1599;K*;                        ? Unchecked;ijcai-2026-base-14-g0df50d7
n-puzzle;unit;7/7000;7000;4 1 7 3 2 5 6 0 8;0 1 2 3 4 5 6 7 8;7;25;25;3087;0;0;202;1.72074;1793.99;K*;                        ? Unchecked;ijcai-2026-base-14-g0df50d7
n-puzzle;unit;8/7000;7000;8 4 0 5 1 6 2 7 3;0 1 2 3 4 5 6 7 8;18;32;32;13172;0;0;202;5.3209;2475.52;K*;                        ? Unchecked;ijcai-2026-base-14-g0df50d7
n-puzzle;unit;9/7000;7000;1 3 0 7 6 2 5 8 4;0 1 2 3 4 5 6 7 8;14;28;28;6227;0;0;202;12.8907;483.063;K*;                        ? Unchecked;ijcai-2026-base-14-g0df50d7
n-puzzle;unit;10/7000;7000;7 0 4 6 8 5 3 1 2;0 1 2 3 4 5 6 7 8;13;33;33;35643;0;0;216;75.8184;470.11;K*;                        ? Unchecked;ijcai-2026-base-14-g0df50d7
n-puzzle;unit;11/7000;7000;6 1 7 5 8 2 4 3 0;0 1 2 3 4 5 6 7 8;14;30;30;10971;0;0;216;7.22624;1518.22;K*;                        ? Unchecked;ijcai-2026-base-14-g0df50d7
n-puzzle;unit;12/7000;7000;7 5 2 1 6 3 8 0 4;0 1 2 3 4 5 6 7 8;15;31;31;18761;0;0;216;18.1384;1034.33;K*;                        ? Unchecked;ijcai-2026-base-14-g0df50d7
n-puzzle;unit;13/7000;7000;6 2 4 0 8 7 5 3 1;0 1 2 3 4 5 6 7 8;17;31;31;17236;0;0;216;32.7333;526.558;K*;                        ? Unchecked;ijcai-2026-base-14-g0df50d7
n-puzzle;unit;14/7000;7000;0 1 6 2 5 7 4 8 3;0 1 2 3 4 5 6 7 8;16;32;32;20893;0;0;216;25.3201;825.153;K*;                        ? Unchecked;ijcai-2026-base-14-g0df50d7
n-puzzle;unit;15/7000;7000;4 0 3 6 1 2 8 5 7;0 1 2 3 4 5 6 7 8;13;21;21;433;0;0;216;0.143657;3014.12;K*;                        ? Unchecked;ijcai-2026-base-14-g0df50d7
n-puzzle;unit;16/7000;7000;1 5 8 7 6 4 0 3 2;0 1 2 3 4 5 6 7 8;14;26;26;2859;0;0;216;3.80325;751.725;K*;                        ? Unchecked;ijcai-2026-base-14-g0df50d7
n-puzzle;unit;17/7000;7000;2 7 0 8 4 6 3 5 1;0 1 2 3 4 5 6 7 8;16;30;30;8166;0;0;216;6.73288;1212.85;K*;                        ? Unchecked;ijcai-2026-base-14-g0df50d7
n-puzzle;unit;18/7000;7000;7 4 8 1 5 6 0 2 3;0 1 2 3 4 5 6 7 8;18;30;30;6906;0;0;216;4.60264;1500.44;K*;                        ? Unchecked;ijcai-2026-base-14-g0df50d7
n-puzzle;unit;19/7000;7000;2 3 0 1 4 7 5 6 8;0 1 2 3 4 5 6 7 8;12;30;30;12200;0;0;216;26.5173;460.077;K*;                        ? Unchecked;ijcai-2026-base-14-g0df50d7
n-puzzle;unit;20/7000;7000;2 1 4 5 0 6 8 3 7;0 1 2 3 4 5 6 7 8;14;32;32;27661;0;0;216;60.3691;458.198;K*;                        ? Unchecked;ijcai-2026-base-14-g0df50d7
n-puzzle;unit;21/7000;7000;8 7 6 2 5 4 1 0 3;0 1 2 3 4 5 6 7 8;21;31;31;7228;0;0;216;1.00869;7165.74;K*;                        ? Unchecked;ijcai-2026-base-14-g0df50d7
n-puzzle;unit;22/7000;7000;2 7 3 1 6 5 4 0 8;0 1 2 3 4 5 6 7 8;13;25;25;2006;0;0;216;0.768369;2610.72;K*;                        ? Unchecked;ijcai-2026-base-14-g0df50d7
n-puzzle;unit;23/7000;7000;3 0 4 6 2 1 8 5 7;0 1 2 3 4 5 6 7 8;13;23;23;1220;0;0;216;0.575638;2119.39;K*;                        ? Unchecked;ijcai-2026-base-14-g0df50d7
n-puzzle;unit;24/7000;7000;5 3 2 4 8 6 0 1 7;0 1 2 3 4 5 6 7 8;14;28;28;5528;0;0;216;0.838625;6591.74;K*;                        ? Unchecked;ijcai-2026-base-14-g0df50d7
n-puzzle;unit;25/7000;7000;1 3 5 2 4 6 8 7 0;0 1 2 3 4 5 6 7 8;12;32;32;25251;0;0;216;8.86476;2848.47;K*;                        ? Unchecked;ijcai-2026-base-14-g0df50d7
n-puzzle;unit;26/7000;7000;8 5 1 4 2 7 6 0 3;0 1 2 3 4 5 6 7 8;15;29;29;8301;0;0;216;16.0081;518.551;K*;                        ? Unchecked;ijcai-2026-base-14-g0df50d7
n-puzzle;unit;27/7000;7000;2 8 5 6 3 1 4 0 7;0 1 2 3 4 5 6 7 8;13;27;27;5005;0;0;216;2.17454;2301.63;K*;                        ? Unchecked;ijcai-2026-base-14-g0df50d7
n-puzzle;unit;28/7000;7000;5 0 7 4 2 3 1 6 8;0 1 2 3 4 5 6 7 8;15;25;25;1661;0;0;216;1.13927;1457.95;K*;                        ? Unchecked;ijcai-2026-base-14-g0df50d7
n-puzzle;unit;29/7000;7000;3 2 4 7 6 8 5 1 0;0 1 2 3 4 5 6 7 8;14;24;24;1289;0;0;216;0.379736;3394.46;K*;                        ? Unchecked;ijcai-2026-base-14-g0df50d7
n-puzzle;unit;30/7000;7000;1 3 2 0 8 6 4 7 5;0 1 2 3 4 5 6 7 8;11;27;27;5775;0;0;216;10.8001;534.716;K*;                        ? Unchecked;ijcai-2026-base-14-g0df50d7
n-puzzle;unit;31/7000;7000;8 2 5 3 7 6 4 0 1;0 1 2 3 4 5 6 7 8;15;29;29;8041;0;0;216;5.82451;1380.54;K*;                        ? Unchecked;ijcai-2026-base-14-g0df50d7
n-puzzle;unit;32/7000;7000;2 4 0 7 5 1 8 6 3;0 1 2 3 4 5 6 7 8;14;28;28;4862;0;0;216;2.04497;2377.54;K*;                        ? Unchecked;ijcai-2026-base-14-g0df50d7
n-puzzle;unit;33/7000;7000;0 1 5 2 6 8 7 3 4;0 1 2 3 4 5 6 7 8;12;26;26;3398;0;0;216;3.92281;866.216;K*;                        ? Unchecked;ijcai-2026-base-14-g0df50d7
n-puzzle;unit;34/7000;7000;7 1 5 2 8 6 3 4 0;0 1 2 3 4 5 6 7 8;14;24;24;1100;0;0;216;1.92995;569.963;K*;                        ? Unchecked;ijcai-2026-base-14-g0df50d7
n-puzzle;unit;35/7000;7000;6 3 1 2 8 7 0 4 5;0 1 2 3 4 5 6 7 8;14;28;28;6028;0;0;216;6.76742;890.738;K*;                        ? Unchecked;ijcai-2026-base-14-g0df50d7
n-puzzle;unit;36/7000;7000;0 3 5 4 8 6 7 2 1;0 1 2 3 4 5 6 7 8;16;28;28;4746;0;0;216;5.27981;898.895;K*;                        ? Unchecked;ijcai-2026-base-14-g0df50d7
n-puzzle;unit;37/7000;7000;8 1 4 0 3 2 5 6 7;0 1 2 3 4 5 6 7 8;13;27;27;4350;0;0;216;7.99512;544.082;K*;                        ? Unchecked;ijcai-2026-base-14-g0df50d7
n-puzzle;unit;38/7000;7000;7 4 1 6 2 8 3 5 0;0 1 2 3 4 5 6 7 8;12;28;28;7602;0;0;216;3.56392;2133.05;K*;                        ? Unchecked;ijcai-2026-base-14-g0df50d7
n-puzzle;unit;39/7000;7000;4 6 8 0 5 1 3 2 7;0 1 2 3 4 5 6 7 8;15;29;29;8077;0;0;216;4.26324;1894.57;K*;                        ? Unchecked;ijcai-2026-base-14-g0df50d7
n-puzzle;unit;40/7000;7000;4 2 8 6 0 1 3 5 7;0 1 2 3 4 5 6 7 8;12;26;26;4251;0;0;216;1.70828;2488.47;K*;                        ? Unchecked;ijcai-2026-base-14-g0df50d7
n-puzzle;unit;41/7000;7000;3 7 8 4 5 2 6 1 0;0 1 2 3 4 5 6 7 8;10;26;26;2402;0;0;216;1.08486;2214.12;K*;                        ? Unchecked;ijcai-2026-base-14-g0df50d7
n-puzzle;unit;42/7000;7000;7 5 6 1 0 3 2 8 4;0 1 2 3 4 5 6 7 8;20;30;30;7795;0;0;216;28.9373;269.375;K*;                        ? Unchecked;ijcai-2026-base-14-g0df50d7
n-puzzle;unit;43/7000;7000;1 6 4 8 5 3 7 2 0;0 1 2 3 4 5 6 7 8;16;28;28;4610;0;0;216;5.85641;787.172;K*;                        ? Unchecked;ijcai-2026-base-14-g0df50d7
n-puzzle;unit;44/7000;7000;2 5 7 1 8 4 3 6 0;0 1 2 3 4 5 6 7 8;14;22;22;568;0;0;216;0.241138;2355.5;K*;                        ? Unchecked;ijcai-2026-base-14-g0df50d7
n-puzzle;unit;45/7000;7000;3 8 4 0 7 1 5 6 2;0 1 2 3 4 5 6 7 8;15;25;25;1593;0;0;216;0.533402;2986.49;K*;                        ? Unchecked;ijcai-2026-base-14-g0df50d7
n-puzzle;unit;46/7000;7000;3 0 5 4 2 1 7 8 6;0 1 2 3 4 5 6 7 8;11;25;25;2608;0;0;216;0.933866;2792.69;K*;                        ? Unchecked;ijcai-2026-base-14-g0df50d7
n-puzzle;unit;47/7000;7000;4 5 3 1 7 0 8 2 6;0 1 2 3 4 5 6 7 8;17;29;29;6907;0;0;216;26.0181;265.469;K*;                        ? Unchecked;ijcai-2026-base-14-g0df50d7
n-puzzle;unit;48/7000;7000;1 8 4 2 3 5 6 0 7;0 1 2 3 4 5 6 7 8;11;25;25;2592;0;0;216;0.829805;3123.63;K*;                        ? Unchecked;ijcai-2026-base-14-g0df50d7
n-puzzle;unit;49/7000;7000;4 8 1 0 6 7 3 2 5;0 1 2 3 4 5 6 7 8;15;31;31;20064;0;0;216;53.4226;375.572;K*;                        ? Unchecked;ijcai-2026-base-14-g0df50d7
n-puzzle;unit;50/7000;7000;8 5 3 4 6 1 7 2 0;0 1 2 3 4 5 6 7 8;18;30;30;8787;0;0;216;10.9471;802.677;K*;                        ? Unchecked;ijcai-2026-base-14-g0df50d7
n-puzzle;unit;51/7000;7000;4 3 7 1 5 2 6 0 8;0 1 2 3 4 5 6 7 8;11;25;25;2587;0;0;216;3.71648;696.089;K*;                        ? Unchecked;ijcai-2026-base-14-g0df50d7
n-puzzle;unit;52/7000;7000;7 4 1 2 3 0 5 8 6;0 1 2 3 4 5 6 7 8;15;33;33;33396;0;0;216;80.8136;413.247;K*;                        ? Unchecked;ijcai-2026-base-14-g0df50d7
n-puzzle;unit;53/7000;7000;7 5 6 8 2 1 0 4 3;0 1 2 3 4 5 6 7 8;20;32;32;16744;0;0;216;20.1983;828.981;K*;                        ? Unchecked;ijcai-2026-base-14-g0df50d7
n-puzzle;unit;54/7000;7000;2 8 5 0 7 6 1 4 3;0 1 2 3 4 5 6 7 8;17;27;27;2831;0;0;216;0.966919;2927.86;K*;                        ? Unchecked;ijcai-2026-base-14-g0df50d7
n-puzzle;unit;55/7000;7000;3 5 2 4 1 6 8 0 7;0 1 2 3 4 5 6 7 8;11;29;29;11083;0;0;216;7.4434;1488.97;K*;                        ? Unchecked;ijcai-2026-base-14-g0df50d7
n-puzzle;unit;56/7000;7000;8 6 1 5 4 3 0 2 7;0 1 2 3 4 5 6 7 8;16;32;32;17949;0;0;216;36.9072;486.328;K*;                        ? Unchecked;ijcai-2026-base-14-g0df50d7
n-puzzle;unit;57/7000;7000;4 6 5 7 3 2 1 0 8;0 1 2 3 4 5 6 7 8;13;27;27;4942;0;0;216;2.48384;1989.66;K*;                        ? Unchecked;ijcai-2026-base-14-g0df50d7
n-puzzle;unit;58/7000;7000;3 7 4 2 8 6 5 0 1;0 1 2 3 4 5 6 7 8;19;31;31;14376;0;0;216;11.1391;1290.58;K*;                        ? Unchecked;ijcai-2026-base-14-g0df50d7
n-puzzle;unit;59/7000;7000;8 7 4 5 6 2 3 0 1;0 1 2 3 4 5 6 7 8;17;33;33;31483;0;0;216;103.209;305.042;K*;                        ? Unchecked;ijcai-2026-base-14-g0df50d7
n-puzzle;unit;60/7000;7000;6 1 5 3 4 0 8 2 7;0 1 2 3 4 5 6 7 8;9;27;27;5293;0;0;216;2.03848;2596.54;K*;                        ? Unchecked;ijcai-2026-base-14-g0df50d7
n-puzzle;unit;61/7000;7000;4 5 2 8 0 3 1 6 7;0 1 2 3 4 5 6 7 8;14;26;26;3278;0;0;216;2.40559;1362.66;K*;                        ? Unchecked;ijcai-2026-base-14-g0df50d7
n-puzzle;unit;62/7000;7000;8 5 4 6 1 2 7 3 0;0 1 2 3 4 5 6 7 8;14;30;30;11163;0;0;216;31.7395;351.707;K*;                        ? Unchecked;ijcai-2026-base-14-g0df50d7
n-puzzle;unit;63/7000;7000;0 5 8 2 6 7 4 3 1;0 1 2 3 4 5 6 7 8;18;28;28;4292;0;0;216;9.73175;441.031;K*;                        ? Unchecked;ijcai-2026-base-14-g0df50d7
n-puzzle;unit;64/7000;7000;5 0 1 8 7 3 4 6 2;0 1 2 3 4 5 6 7 8;15;29;29;7206;0;0;216;4.98027;1446.91;K*;                        ? Unchecked;ijcai-2026-base-14-g0df50d7
n-puzzle;unit;65/7000;7000;7 6 1 3 4 8 0 5 2;0 1 2 3 4 5 6 7 8;12;28;28;5675;0;0;216;6.56259;864.751;K*;                        ? Unchecked;ijcai-2026-base-14-g0df50d7
n-puzzle;unit;66/7000;7000;8 0 7 3 6 5 1 2 4;0 1 2 3 4 5 6 7 8;17;31;31;13572;0;0;216;24.6055;551.585;K*;                        ? Unchecked;ijcai-2026-base-14-g0df50d7
n-puzzle;unit;67/7000;7000;7 2 8 6 5 1 4 0 3;0 1 2 3 4 5 6 7 8;15;29;29;8368;0;0;216;5.315;1574.41;K*;                        ? Unchecked;ijcai-2026-base-14-g0df50d7
n-puzzle;unit;68/7000;7000;5 0 3 4 1 8 2 7 6;0 1 2 3 4 5 6 7 8;15;29;29;6567;0;0;216;1.67112;3929.7;K*;                        ? Unchecked;ijcai-2026-base-14-g0df50d7
n-puzzle;unit;69/7000;7000;7 8 4 6 3 5 2 1 0;0 1 2 3 4 5 6 7 8;16;32;32;19068;0;0;216;53.5545;356.049;K*;                        ? Unchecked;ijcai-2026-base-14-g0df50d7
n-puzzle;unit;70/7000;7000;7 0 3 2 8 1 5 4 6;0 1 2 3 4 5 6 7 8;19;27;27;1800;0;0;216;0.8885;2025.89;K*;                        ? Unchecked;ijcai-2026-base-14-g0df50d7
n-puzzle;unit;71/7000;7000;1 0 7 3 4 8 2 5 6;0 1 2 3 4 5 6 7 8;13;29;29;8113;0;0;216;28.9218;280.515;K*;                        ? Unchecked;ijcai-2026-base-14-g0df50d7
n-puzzle;unit;72/7000;7000;8 0 7 4 3 6 5 2 1;0 1 2 3 4 5 6 7 8;21;31;31;9308;0;0;216;33.5656;277.308;K*;                        ? Unchecked;ijcai-2026-base-14-g0df50d7
n-puzzle;unit;73/7000;7000;3 7 8 5 1 2 0 6 4;0 1 2 3 4 5 6 7 8;12;30;30;12177;0;0;216;7.99191;1523.67;K*;                        ? Unchecked;ijcai-2026-base-14-g0df50d7
n-puzzle;unit;74/7000;7000;1 6 2 0 7 8 4 5 3;0 1 2 3 4 5 6 7 8;13;23;23;929;0;0;216;0.297096;3126.94;K*;                        ? Unchecked;ijcai-2026-base-14-g0df50d7
n-puzzle;unit;75/7000;7000;6 1 2 3 0 8 4 5 7;0 1 2 3 4 5 6 7 8;8;24;24;2476;0;0;216;1.592;1555.27;K*;                        ? Unchecked;ijcai-2026-base-14-g0df50d7
n-puzzle;unit;76/7000;7000;1 0 7 5 6 4 3 2 8;0 1 2 3 4 5 6 7 8;13;27;27;3911;0;0;216;1.65636;2361.2;K*;                        ? Unchecked;ijcai-2026-base-14-g0df50d7
n-puzzle;unit;77/7000;7000;2 7 6 1 4 0 5 3 8;0 1 2 3 4 5 6 7 8;15;29;29;6753;0;0;216;7.49187;901.377;K*;                        ? Unchecked;ijcai-2026-base-14-g0df50d7
n-puzzle;unit;78/7000;7000;2 3 8 4 0 6 1 5 7;0 1 2 3 4 5 6 7 8;16;28;28;5688;0;0;216;10.423;545.714;K*;                        ? Unchecked;ijcai-2026-base-14-g0df50d7
n-puzzle;unit;79/7000;7000;0 5 4 6 1 7 8 2 3;0 1 2 3 4 5 6 7 8;16;30;30;9879;0;0;216;31.385;314.768;K*;                        ? Unchecked;ijcai-2026-base-14-g0df50d7
n-puzzle;unit;80/7000;7000;5 3 4 7 0 1 8 6 2;0 1 2 3 4 5 6 7 8;16;26;26;2676;0;0;216;2.03165;1317.16;K*;                        ? Unchecked;ijcai-2026-base-14-g0df50d7
n-puzzle;unit;81/7000;7000;1 7 5 6 8 3 4 2 0;0 1 2 3 4 5 6 7 8;14;28;28;6072;0;0;216;3.82186;1588.76;K*;                        ? Unchecked;ijcai-2026-base-14-g0df50d7
n-puzzle;unit;82/7000;7000;3 1 4 0 5 8 2 7 6;0 1 2 3 4 5 6 7 8;11;25;25;1924;0;0;216;0.282345;6814.36;K*;                        ? Unchecked;ijcai-2026-base-14-g0df50d7
n-puzzle;unit;83/7000;7000;4 2 3 0 5 1 8 6 7;0 1 2 3 4 5 6 7 8;13;25;25;1669;0;0;216;0.605034;2758.52;K*;                        ? Unchecked;ijcai-2026-base-14-g0df50d7
n-puzzle;unit;84/7000;7000;4 7 3 1 6 5 8 0 2;0 1 2 3 4 5 6 7 8;15;29;29;8007;0;0;216;1.76104;4546.76;K*;                        ? Unchecked;ijcai-2026-base-14-g0df50d7
n-puzzle;unit;85/7000;7000;3 6 0 1 5 8 4 2 7;0 1 2 3 4 5 6 7 8;14;28;28;4961;0;0;216;2.00182;2478.24;K*;                        ? Unchecked;ijcai-2026-base-14-g0df50d7
n-puzzle;unit;86/7000;7000;8 6 2 7 5 1 3 0 4;0 1 2 3 4 5 6 7 8;15;31;31;18564;0;0;216;4.25341;4364.5;K*;                        ? Unchecked;ijcai-2026-base-14-g0df50d7
n-puzzle;unit;87/7000;7000;3 2 5 7 6 0 8 1 4;0 1 2 3 4 5 6 7 8;13;23;23;1016;0;0;216;0.479146;2120.44;K*;                        ? Unchecked;ijcai-2026-base-14-g0df50d7
n-puzzle;unit;88/7000;7000;1 3 2 4 0 5 8 7 6;0 1 2 3 4 5 6 7 8;8;28;28;9252;0;0;216;14.2643;648.611;K*;                        ? Unchecked;ijcai-2026-base-14-g0df50d7
n-puzzle;unit;89/7000;7000;0 8 4 3 2 1 6 5 7;0 1 2 3 4 5 6 7 8;12;24;24;1284;0;0;216;0.42361;3031.09;K*;                        ? Unchecked;ijcai-2026-base-14-g0df50d7
n-puzzle;unit;90/7000;7000;0 6 1 5 7 8 4 2 3;0 1 2 3 4 5 6 7 8;16;28;28;4303;0;0;216;4.46834;962.997;K*;                        ? Unchecked;ijcai-2026-base-14-g0df50d7
n-puzzle;unit;91/7000;7000;2 1 6 4 5 8 3 0 7;0 1 2 3 4 5 6 7 8;11;29;29;9819;0;0;216;22.575;434.95;K*;                        ? Unchecked;ijcai-2026-base-14-g0df50d7
n-puzzle;unit;92/7000;7000;3 7 4 6 1 5 8 0 2;0 1 2 3 4 5 6 7 8;11;27;27;4941;0;0;216;6.47892;762.627;K*;                        ? Unchecked;ijcai-2026-base-14-g0df50d7
n-puzzle;unit;93/7000;7000;7 6 1 3 5 8 2 4 0;0 1 2 3 4 5 6 7 8;14;28;28;4987;0;0;216;5.18302;962.18;K*;                        ? Unchecked;ijcai-2026-base-14-g0df50d7
n-puzzle;unit;94/7000;7000;4 7 8 1 0 3 6 2 5;0 1 2 3 4 5 6 7 8;14;26;26;2943;0;0;216;0.394685;7456.58;K*;                        ? Unchecked;ijcai-2026-base-14-g0df50d7
n-puzzle;unit;95/7000;7000;0 5 8 2 7 4 1 6 3;0 1 2 3 4 5 6 7 8;16;26;26;1670;0;0;216;1.16913;1428.41;K*;                        ? Unchecked;ijcai-2026-base-14-g0df50d7
n-puzzle;unit;96/7000;7000;5 2 3 8 7 0 1 6 4;0 1 2 3 4 5 6 7 8;17;29;29;6692;0;0;216;5.75938;1161.93;K*;                        ? Unchecked;ijcai-2026-base-14-g0df50d7
n-puzzle;unit;97/7000;7000;8 3 0 4 7 2 6 1 5;0 1 2 3 4 5 6 7 8;12;24;24;1038;0;0;216;0.35381;2933.78;K*;                        ? Unchecked;ijcai-2026-base-14-g0df50d7
n-puzzle;unit;98/7000;7000;5 8 6 0 7 4 1 3 2;0 1 2 3 4 5 6 7 8;19;31;31;12085;0;0;216;23.916;505.309;K*;                        ? Unchecked;ijcai-2026-base-14-g0df50d7
n-puzzle;unit;99/7000;7000;7 5 0 6 3 2 1 8 4;0 1 2 3 4 5 6 7 8;14;30;30;12783;0;0;216;1.98994;6423.82;K*;                        ? Unchecked;ijcai-2026-base-14-g0df50d7
n-puzzle;unit;0/8000;8000;5 6 0 8 4 7 1 3 2;0 1 2 3 4 5 6 7 8;18;30;30;5953;0;0;216;5.10617;1165.84;K*;                        ? Unchecked;ijcai-2026-base-14-g0df50d7
n-puzzle;unit;1/8000;8000;0 8 6 4 7 1 5 3 2;0 1 2 3 4 5 6 7 8;18;30;30;7337;0;0;216;5.93791;1235.62;K*;                        ? Unchecked;ijcai-2026-base-14-g0df50d7
n-puzzle;unit;2/8000;8000;5 2 8 0 7 4 1 3 6;0 1 2 3 4 5 6 7 8;15;27;27;3703;0;0;216;1.46165;2533.44;K*;                        ? Unchecked;ijcai-2026-base-14-g0df50d7
n-puzzle;unit;3/8000;8000;7 2 6 0 8 1 5 4 3;0 1 2 3 4 5 6 7 8;19;31;31;12520;0;0;216;12.1287;1032.26;K*;                        ? Unchecked;ijcai-2026-base-14-g0df50d7
n-puzzle;unit;4/8000;8000;5 1 8 6 0 7 2 4 3;0 1 2 3 4 5 6 7 8;16;28;28;4855;0;0;216;0.890858;5449.8;K*;                        ? Unchecked;ijcai-2026-base-14-g0df50d7
n-puzzle;unit;5/8000;8000;8 0 3 6 4 5 7 2 1;0 1 2 3 4 5 6 7 8;15;29;29;7152;0;0;216;4.12638;1733.24;K*;                        ? Unchecked;ijcai-2026-base-14-g0df50d7
n-puzzle;unit;6/8000;8000;4 2 7 1 5 8 0 6 3;0 1 2 3 4 5 6 7 8;14;24;24;1099;0;0;216;0.701599;1566.42;K*;                        ? Unchecked;ijcai-2026-base-14-g0df50d7
n-puzzle;unit;7/8000;8000;4 1 7 3 2 5 6 0 8;0 1 2 3 4 5 6 7 8;7;25;25;3087;0;0;216;1.79907;1715.89;K*;                        ? Unchecked;ijcai-2026-base-14-g0df50d7
n-puzzle;unit;8/8000;8000;8 4 0 5 1 6 2 7 3;0 1 2 3 4 5 6 7 8;18;32;32;13172;0;0;216;5.29585;2487.23;K*;                        ? Unchecked;ijcai-2026-base-14-g0df50d7
n-puzzle;unit;9/8000;8000;1 3 0 7 6 2 5 8 4;0 1 2 3 4 5 6 7 8;14;28;28;6227;0;0;216;12.9201;481.96;K*;                        ? Unchecked;ijcai-2026-base-14-g0df50d7
n-puzzle;unit;10/8000;8000;7 0 4 6 8 5 3 1 2;0 1 2 3 4 5 6 7 8;13;33;33;35643;0;0;231;75.869;469.797;K*;                        ? Unchecked;ijcai-2026-base-14-g0df50d7
n-puzzle;unit;11/8000;8000;6 1 7 5 8 2 4 3 0;0 1 2 3 4 5 6 7 8;14;30;30;10971;0;0;231;7.2705;1508.97;K*;                        ? Unchecked;ijcai-2026-base-14-g0df50d7
n-puzzle;unit;12/8000;8000;7 5 2 1 6 3 8 0 4;0 1 2 3 4 5 6 7 8;15;31;31;18761;0;0;231;18.275;1026.59;K*;                        ? Unchecked;ijcai-2026-base-14-g0df50d7
n-puzzle;unit;13/8000;8000;6 2 4 0 8 7 5 3 1;0 1 2 3 4 5 6 7 8;17;31;31;17236;0;0;231;32.8585;524.553;K*;                        ? Unchecked;ijcai-2026-base-14-g0df50d7
n-puzzle;unit;14/8000;8000;0 1 6 2 5 7 4 8 3;0 1 2 3 4 5 6 7 8;16;32;32;20893;0;0;231;25.4183;821.968;K*;                        ? Unchecked;ijcai-2026-base-14-g0df50d7
n-puzzle;unit;15/8000;8000;4 0 3 6 1 2 8 5 7;0 1 2 3 4 5 6 7 8;13;21;21;433;0;0;231;0.153612;2818.79;K*;                        ? Unchecked;ijcai-2026-base-14-g0df50d7
n-puzzle;unit;16/8000;8000;1 5 8 7 6 4 0 3 2;0 1 2 3 4 5 6 7 8;14;26;26;2859;0;0;231;3.82386;747.673;K*;                        ? Unchecked;ijcai-2026-base-14-g0df50d7
n-puzzle;unit;17/8000;8000;2 7 0 8 4 6 3 5 1;0 1 2 3 4 5 6 7 8;16;30;30;8166;0;0;231;6.76621;1206.88;K*;                        ? Unchecked;ijcai-2026-base-14-g0df50d7
n-puzzle;unit;18/8000;8000;7 4 8 1 5 6 0 2 3;0 1 2 3 4 5 6 7 8;18;30;30;6906;0;0;231;4.63125;1491.17;K*;                        ? Unchecked;ijcai-2026-base-14-g0df50d7
n-puzzle;unit;19/8000;8000;2 3 0 1 4 7 5 6 8;0 1 2 3 4 5 6 7 8;12;30;30;12200;0;0;231;26.6004;458.64;K*;                        ? Unchecked;ijcai-2026-base-14-g0df50d7
n-puzzle;unit;20/8000;8000;2 1 4 5 0 6 8 3 7;0 1 2 3 4 5 6 7 8;14;32;32;27661;0;0;231;60.3972;457.985;K*;                        ? Unchecked;ijcai-2026-base-14-g0df50d7
n-puzzle;unit;21/8000;8000;8 7 6 2 5 4 1 0 3;0 1 2 3 4 5 6 7 8;21;33;33;21596;0;0;231;137.269;157.327;K*;                        ? Unchecked;ijcai-2026-base-14-g0df50d7
n-puzzle;unit;22/8000;8000;2 7 3 1 6 5 4 0 8;0 1 2 3 4 5 6 7 8;13;25;25;2006;0;0;231;0.785705;2553.12;K*;                        ? Unchecked;ijcai-2026-base-14-g0df50d7
n-puzzle;unit;23/8000;8000;3 0 4 6 2 1 8 5 7;0 1 2 3 4 5 6 7 8;13;23;23;1220;0;0;231;0.590754;2065.16;K*;                        ? Unchecked;ijcai-2026-base-14-g0df50d7
n-puzzle;unit;24/8000;8000;5 3 2 4 8 6 0 1 7;0 1 2 3 4 5 6 7 8;14;28;28;5528;0;0;231;0.808673;6835.89;K*;                        ? Unchecked;ijcai-2026-base-14-g0df50d7
n-puzzle;unit;25/8000;8000;1 3 5 2 4 6 8 7 0;0 1 2 3 4 5 6 7 8;12;32;32;25251;0;0;231;8.99699;2806.61;K*;                        ? Unchecked;ijcai-2026-base-14-g0df50d7
n-puzzle;unit;26/8000;8000;8 5 1 4 2 7 6 0 3;0 1 2 3 4 5 6 7 8;15;29;29;8301;0;0;231;16.0119;518.429;K*;                        ? Unchecked;ijcai-2026-base-14-g0df50d7
n-puzzle;unit;27/8000;8000;2 8 5 6 3 1 4 0 7;0 1 2 3 4 5 6 7 8;13;27;27;5005;0;0;231;2.28203;2193.22;K*;                        ? Unchecked;ijcai-2026-base-14-g0df50d7
n-puzzle;unit;28/8000;8000;5 0 7 4 2 3 1 6 8;0 1 2 3 4 5 6 7 8;15;25;25;1661;0;0;231;1.15648;1436.26;K*;                        ? Unchecked;ijcai-2026-base-14-g0df50d7
n-puzzle;unit;29/8000;8000;3 2 4 7 6 8 5 1 0;0 1 2 3 4 5 6 7 8;14;24;24;1289;0;0;231;0.399605;3225.69;K*;                        ? Unchecked;ijcai-2026-base-14-g0df50d7
n-puzzle;unit;30/8000;8000;1 3 2 0 8 6 4 7 5;0 1 2 3 4 5 6 7 8;11;27;27;5775;0;0;231;10.8427;532.618;K*;                        ? Unchecked;ijcai-2026-base-14-g0df50d7
n-puzzle;unit;31/8000;8000;8 2 5 3 7 6 4 0 1;0 1 2 3 4 5 6 7 8;15;29;29;8041;0;0;231;5.95218;1350.93;K*;                        ? Unchecked;ijcai-2026-base-14-g0df50d7
n-puzzle;unit;32/8000;8000;2 4 0 7 5 1 8 6 3;0 1 2 3 4 5 6 7 8;14;28;28;4862;0;0;231;1.9961;2435.75;K*;                        ? Unchecked;ijcai-2026-base-14-g0df50d7
n-puzzle;unit;33/8000;8000;0 1 5 2 6 8 7 3 4;0 1 2 3 4 5 6 7 8;12;26;26;3398;0;0;231;3.93994;862.451;K*;                        ? Unchecked;ijcai-2026-base-14-g0df50d7
n-puzzle;unit;34/8000;8000;7 1 5 2 8 6 3 4 0;0 1 2 3 4 5 6 7 8;14;24;24;1100;0;0;231;1.99215;552.166;K*;                        ? Unchecked;ijcai-2026-base-14-g0df50d7
n-puzzle;unit;35/8000;8000;6 3 1 2 8 7 0 4 5;0 1 2 3 4 5 6 7 8;14;28;28;6028;0;0;231;6.73956;894.42;K*;                        ? Unchecked;ijcai-2026-base-14-g0df50d7
n-puzzle;unit;36/8000;8000;0 3 5 4 8 6 7 2 1;0 1 2 3 4 5 6 7 8;16;28;28;4746;0;0;231;5.4207;875.533;K*;                        ? Unchecked;ijcai-2026-base-14-g0df50d7
n-puzzle;unit;37/8000;8000;8 1 4 0 3 2 5 6 7;0 1 2 3 4 5 6 7 8;13;27;27;4350;0;0;231;8.07469;538.72;K*;                        ? Unchecked;ijcai-2026-base-14-g0df50d7
n-puzzle;unit;38/8000;8000;7 4 1 6 2 8 3 5 0;0 1 2 3 4 5 6 7 8;12;28;28;7602;0;0;231;3.56884;2130.1;K*;                        ? Unchecked;ijcai-2026-base-14-g0df50d7
n-puzzle;unit;39/8000;8000;4 6 8 0 5 1 3 2 7;0 1 2 3 4 5 6 7 8;15;29;29;8077;0;0;231;4.38869;1840.41;K*;                        ? Unchecked;ijcai-2026-base-14-g0df50d7
n-puzzle;unit;40/8000;8000;4 2 8 6 0 1 3 5 7;0 1 2 3 4 5 6 7 8;12;26;26;4251;0;0;231;1.72743;2460.88;K*;                        ? Unchecked;ijcai-2026-base-14-g0df50d7
n-puzzle;unit;41/8000;8000;3 7 8 4 5 2 6 1 0;0 1 2 3 4 5 6 7 8;10;26;26;2402;0;0;231;1.04715;2293.84;K*;                        ? Unchecked;ijcai-2026-base-14-g0df50d7
n-puzzle;unit;42/8000;8000;7 5 6 1 0 3 2 8 4;0 1 2 3 4 5 6 7 8;20;30;30;7795;0;0;231;29.1278;267.614;K*;                        ? Unchecked;ijcai-2026-base-14-g0df50d7
n-puzzle;unit;43/8000;8000;1 6 4 8 5 3 7 2 0;0 1 2 3 4 5 6 7 8;16;28;28;4610;0;0;231;5.88349;783.549;K*;                        ? Unchecked;ijcai-2026-base-14-g0df50d7
n-puzzle;unit;44/8000;8000;2 5 7 1 8 4 3 6 0;0 1 2 3 4 5 6 7 8;14;22;22;568;0;0;231;0.251208;2261.07;K*;                        ? Unchecked;ijcai-2026-base-14-g0df50d7
n-puzzle;unit;45/8000;8000;3 8 4 0 7 1 5 6 2;0 1 2 3 4 5 6 7 8;15;25;25;1593;0;0;231;0.548057;2906.63;K*;                        ? Unchecked;ijcai-2026-base-14-g0df50d7
n-puzzle;unit;46/8000;8000;3 0 5 4 2 1 7 8 6;0 1 2 3 4 5 6 7 8;11;25;25;2608;0;0;231;0.95198;2739.55;K*;                        ? Unchecked;ijcai-2026-base-14-g0df50d7
n-puzzle;unit;47/8000;8000;4 5 3 1 7 0 8 2 6;0 1 2 3 4 5 6 7 8;17;29;29;6907;0;0;231;26.017;265.48;K*;                        ? Unchecked;ijcai-2026-base-14-g0df50d7
n-puzzle;unit;48/8000;8000;1 8 4 2 3 5 6 0 7;0 1 2 3 4 5 6 7 8;11;25;25;2592;0;0;231;0.841879;3078.83;K*;                        ? Unchecked;ijcai-2026-base-14-g0df50d7
n-puzzle;unit;49/8000;8000;4 8 1 0 6 7 3 2 5;0 1 2 3 4 5 6 7 8;15;31;31;20064;0;0;231;53.5344;374.787;K*;                        ? Unchecked;ijcai-2026-base-14-g0df50d7
n-puzzle;unit;50/8000;8000;8 5 3 4 6 1 7 2 0;0 1 2 3 4 5 6 7 8;18;30;30;8787;0;0;231;10.9187;804.765;K*;                        ? Unchecked;ijcai-2026-base-14-g0df50d7
n-puzzle;unit;51/8000;8000;4 3 7 1 5 2 6 0 8;0 1 2 3 4 5 6 7 8;11;25;25;2587;0;0;231;3.77454;685.382;K*;                        ? Unchecked;ijcai-2026-base-14-g0df50d7
n-puzzle;unit;52/8000;8000;7 4 1 2 3 0 5 8 6;0 1 2 3 4 5 6 7 8;15;33;33;33396;0;0;231;80.8847;412.884;K*;                        ? Unchecked;ijcai-2026-base-14-g0df50d7
n-puzzle;unit;53/8000;8000;7 5 6 8 2 1 0 4 3;0 1 2 3 4 5 6 7 8;20;32;32;16744;0;0;231;20.3248;823.819;K*;                        ? Unchecked;ijcai-2026-base-14-g0df50d7
n-puzzle;unit;54/8000;8000;2 8 5 0 7 6 1 4 3;0 1 2 3 4 5 6 7 8;17;27;27;2831;0;0;231;0.980215;2888.14;K*;                        ? Unchecked;ijcai-2026-base-14-g0df50d7
n-puzzle;unit;55/8000;8000;3 5 2 4 1 6 8 0 7;0 1 2 3 4 5 6 7 8;11;29;29;11083;0;0;231;7.41342;1494.99;K*;                        ? Unchecked;ijcai-2026-base-14-g0df50d7
n-puzzle;unit;56/8000;8000;8 6 1 5 4 3 0 2 7;0 1 2 3 4 5 6 7 8;16;32;32;17949;0;0;231;37.1588;483.035;K*;                        ? Unchecked;ijcai-2026-base-14-g0df50d7
n-puzzle;unit;57/8000;8000;4 6 5 7 3 2 1 0 8;0 1 2 3 4 5 6 7 8;13;27;27;4942;0;0;231;2.45486;2013.15;K*;                        ? Unchecked;ijcai-2026-base-14-g0df50d7
n-puzzle;unit;58/8000;8000;3 7 4 2 8 6 5 0 1;0 1 2 3 4 5 6 7 8;19;31;31;14376;0;0;231;11.1244;1292.29;K*;                        ? Unchecked;ijcai-2026-base-14-g0df50d7
n-puzzle;unit;59/8000;8000;8 7 4 5 6 2 3 0 1;0 1 2 3 4 5 6 7 8;17;33;33;31483;0;0;231;103.494;304.2;K*;                        ? Unchecked;ijcai-2026-base-14-g0df50d7
n-puzzle;unit;60/8000;8000;6 1 5 3 4 0 8 2 7;0 1 2 3 4 5 6 7 8;9;27;27;5293;0;0;231;2.05;2581.95;K*;                        ? Unchecked;ijcai-2026-base-14-g0df50d7
n-puzzle;unit;61/8000;8000;4 5 2 8 0 3 1 6 7;0 1 2 3 4 5 6 7 8;14;26;26;3278;0;0;231;2.35593;1391.38;K*;                        ? Unchecked;ijcai-2026-base-14-g0df50d7
n-puzzle;unit;62/8000;8000;8 5 4 6 1 2 7 3 0;0 1 2 3 4 5 6 7 8;14;30;30;11163;0;0;231;31.8738;350.225;K*;                        ? Unchecked;ijcai-2026-base-14-g0df50d7
n-puzzle;unit;63/8000;8000;0 5 8 2 6 7 4 3 1;0 1 2 3 4 5 6 7 8;18;28;28;4292;0;0;231;9.76295;439.621;K*;                        ? Unchecked;ijcai-2026-base-14-g0df50d7
n-puzzle;unit;64/8000;8000;5 0 1 8 7 3 4 6 2;0 1 2 3 4 5 6 7 8;15;29;29;7206;0;0;231;5.05067;1426.74;K*;                        ? Unchecked;ijcai-2026-base-14-g0df50d7
n-puzzle;unit;65/8000;8000;7 6 1 3 4 8 0 5 2;0 1 2 3 4 5 6 7 8;12;28;28;5675;0;0;231;6.60004;859.843;K*;                        ? Unchecked;ijcai-2026-base-14-g0df50d7
n-puzzle;unit;66/8000;8000;8 0 7 3 6 5 1 2 4;0 1 2 3 4 5 6 7 8;17;31;31;13572;0;0;231;24.7247;548.924;K*;                        ? Unchecked;ijcai-2026-base-14-g0df50d7
n-puzzle;unit;67/8000;8000;7 2 8 6 5 1 4 0 3;0 1 2 3 4 5 6 7 8;15;29;29;8368;0;0;231;5.32104;1572.63;K*;                        ? Unchecked;ijcai-2026-base-14-g0df50d7
n-puzzle;unit;68/8000;8000;5 0 3 4 1 8 2 7 6;0 1 2 3 4 5 6 7 8;15;29;29;6567;0;0;231;1.67742;3914.94;K*;                        ? Unchecked;ijcai-2026-base-14-g0df50d7
n-puzzle;unit;69/8000;8000;7 8 4 6 3 5 2 1 0;0 1 2 3 4 5 6 7 8;16;32;32;19068;0;0;231;53.6648;355.317;K*;                        ? Unchecked;ijcai-2026-base-14-g0df50d7
n-puzzle;unit;70/8000;8000;7 0 3 2 8 1 5 4 6;0 1 2 3 4 5 6 7 8;19;27;27;1800;0;0;231;0.867871;2074.04;K*;                        ? Unchecked;ijcai-2026-base-14-g0df50d7
n-puzzle;unit;71/8000;8000;1 0 7 3 4 8 2 5 6;0 1 2 3 4 5 6 7 8;13;29;29;8113;0;0;231;29.0586;279.194;K*;                        ? Unchecked;ijcai-2026-base-14-g0df50d7
n-puzzle;unit;72/8000;8000;8 0 7 4 3 6 5 2 1;0 1 2 3 4 5 6 7 8;21;31;31;9308;0;0;231;33.6126;276.92;K*;                        ? Unchecked;ijcai-2026-base-14-g0df50d7
n-puzzle;unit;73/8000;8000;3 7 8 5 1 2 0 6 4;0 1 2 3 4 5 6 7 8;12;30;30;12177;0;0;231;8.04961;1512.74;K*;                        ? Unchecked;ijcai-2026-base-14-g0df50d7
n-puzzle;unit;74/8000;8000;1 6 2 0 7 8 4 5 3;0 1 2 3 4 5 6 7 8;13;23;23;929;0;0;231;0.309695;2999.73;K*;                        ? Unchecked;ijcai-2026-base-14-g0df50d7
n-puzzle;unit;75/8000;8000;6 1 2 3 0 8 4 5 7;0 1 2 3 4 5 6 7 8;8;24;24;2476;0;0;231;1.61591;1532.27;K*;                        ? Unchecked;ijcai-2026-base-14-g0df50d7
n-puzzle;unit;76/8000;8000;1 0 7 5 6 4 3 2 8;0 1 2 3 4 5 6 7 8;13;27;27;3911;0;0;231;1.66577;2347.87;K*;                        ? Unchecked;ijcai-2026-base-14-g0df50d7
n-puzzle;unit;77/8000;8000;2 7 6 1 4 0 5 3 8;0 1 2 3 4 5 6 7 8;15;29;29;6753;0;0;231;7.5223;897.73;K*;                        ? Unchecked;ijcai-2026-base-14-g0df50d7
n-puzzle;unit;78/8000;8000;2 3 8 4 0 6 1 5 7;0 1 2 3 4 5 6 7 8;16;28;28;5688;0;0;231;10.4969;541.873;K*;                        ? Unchecked;ijcai-2026-base-14-g0df50d7
n-puzzle;unit;79/8000;8000;0 5 4 6 1 7 8 2 3;0 1 2 3 4 5 6 7 8;16;30;30;9879;0;0;231;31.5295;313.326;K*;                        ? Unchecked;ijcai-2026-base-14-g0df50d7
n-puzzle;unit;80/8000;8000;5 3 4 7 0 1 8 6 2;0 1 2 3 4 5 6 7 8;16;26;26;2676;0;0;231;2.1327;1254.75;K*;                        ? Unchecked;ijcai-2026-base-14-g0df50d7
n-puzzle;unit;81/8000;8000;1 7 5 6 8 3 4 2 0;0 1 2 3 4 5 6 7 8;14;28;28;6072;0;0;231;3.78075;1606.03;K*;                        ? Unchecked;ijcai-2026-base-14-g0df50d7
n-puzzle;unit;82/8000;8000;3 1 4 0 5 8 2 7 6;0 1 2 3 4 5 6 7 8;11;27;27;4430;0;0;231;16.7721;264.129;K*;                        ? Unchecked;ijcai-2026-base-14-g0df50d7
n-puzzle;unit;83/8000;8000;4 2 3 0 5 1 8 6 7;0 1 2 3 4 5 6 7 8;13;25;25;1669;0;0;231;0.612995;2722.7;K*;                        ? Unchecked;ijcai-2026-base-14-g0df50d7
n-puzzle;unit;84/8000;8000;4 7 3 1 6 5 8 0 2;0 1 2 3 4 5 6 7 8;15;29;29;8007;0;0;231;1.78225;4492.63;K*;                        ? Unchecked;ijcai-2026-base-14-g0df50d7
n-puzzle;unit;85/8000;8000;3 6 0 1 5 8 4 2 7;0 1 2 3 4 5 6 7 8;14;28;28;4961;0;0;231;2.01919;2456.93;K*;                        ? Unchecked;ijcai-2026-base-14-g0df50d7
n-puzzle;unit;86/8000;8000;8 6 2 7 5 1 3 0 4;0 1 2 3 4 5 6 7 8;15;31;31;18564;0;0;231;4.28013;4337.25;K*;                        ? Unchecked;ijcai-2026-base-14-g0df50d7
n-puzzle;unit;87/8000;8000;3 2 5 7 6 0 8 1 4;0 1 2 3 4 5 6 7 8;13;23;23;1016;0;0;231;0.494513;2054.55;K*;                        ? Unchecked;ijcai-2026-base-14-g0df50d7
n-puzzle;unit;88/8000;8000;1 3 2 4 0 5 8 7 6;0 1 2 3 4 5 6 7 8;8;28;28;9252;0;0;231;14.2934;647.292;K*;                        ? Unchecked;ijcai-2026-base-14-g0df50d7
n-puzzle;unit;89/8000;8000;0 8 4 3 2 1 6 5 7;0 1 2 3 4 5 6 7 8;12;24;24;1284;0;0;231;0.436562;2941.16;K*;                        ? Unchecked;ijcai-2026-base-14-g0df50d7
n-puzzle;unit;90/8000;8000;0 6 1 5 7 8 4 2 3;0 1 2 3 4 5 6 7 8;16;28;28;4303;0;0;231;4.5649;942.627;K*;                        ? Unchecked;ijcai-2026-base-14-g0df50d7
n-puzzle;unit;91/8000;8000;2 1 6 4 5 8 3 0 7;0 1 2 3 4 5 6 7 8;11;29;29;9819;0;0;231;22.637;433.758;K*;                        ? Unchecked;ijcai-2026-base-14-g0df50d7
n-puzzle;unit;92/8000;8000;3 7 4 6 1 5 8 0 2;0 1 2 3 4 5 6 7 8;11;27;27;4941;0;0;231;6.50579;759.477;K*;                        ? Unchecked;ijcai-2026-base-14-g0df50d7
n-puzzle;unit;93/8000;8000;7 6 1 3 5 8 2 4 0;0 1 2 3 4 5 6 7 8;14;28;28;4987;0;0;231;5.21284;956.675;K*;                        ? Unchecked;ijcai-2026-base-14-g0df50d7
n-puzzle;unit;94/8000;8000;4 7 8 1 0 3 6 2 5;0 1 2 3 4 5 6 7 8;14;28;28;6742;0;0;231;28.7467;234.531;K*;                        ? Unchecked;ijcai-2026-base-14-g0df50d7
n-puzzle;unit;95/8000;8000;0 5 8 2 7 4 1 6 3;0 1 2 3 4 5 6 7 8;16;26;26;1670;0;0;231;1.23668;1350.39;K*;                        ? Unchecked;ijcai-2026-base-14-g0df50d7
n-puzzle;unit;96/8000;8000;5 2 3 8 7 0 1 6 4;0 1 2 3 4 5 6 7 8;17;29;29;6692;0;0;231;5.79775;1154.24;K*;                        ? Unchecked;ijcai-2026-base-14-g0df50d7
n-puzzle;unit;97/8000;8000;8 3 0 4 7 2 6 1 5;0 1 2 3 4 5 6 7 8;12;24;24;1038;0;0;231;0.364881;2844.76;K*;                        ? Unchecked;ijcai-2026-base-14-g0df50d7
n-puzzle;unit;98/8000;8000;5 8 6 0 7 4 1 3 2;0 1 2 3 4 5 6 7 8;19;31;31;12085;0;0;231;24.0396;502.711;K*;                        ? Unchecked;ijcai-2026-base-14-g0df50d7
n-puzzle;unit;99/8000;8000;7 5 0 6 3 2 1 8 4;0 1 2 3 4 5 6 7 8;14;30;30;12783;0;0;231;2.01162;6354.58;K*;                        ? Unchecked;ijcai-2026-base-14-g0df50d7
n-puzzle;unit;0/9000;9000;5 6 0 8 4 7 1 3 2;0 1 2 3 4 5 6 7 8;18;30;30;5953;0;0;231;5.10691;1165.67;K*;                        ? Unchecked;ijcai-2026-base-14-g0df50d7
n-puzzle;unit;1/9000;9000;0 8 6 4 7 1 5 3 2;0 1 2 3 4 5 6 7 8;18;30;30;7337;0;0;231;5.99991;1222.85;K*;                        ? Unchecked;ijcai-2026-base-14-g0df50d7
n-puzzle;unit;2/9000;9000;5 2 8 0 7 4 1 3 6;0 1 2 3 4 5 6 7 8;15;27;27;3703;0;0;231;1.46623;2525.52;K*;                        ? Unchecked;ijcai-2026-base-14-g0df50d7
n-puzzle;unit;3/9000;9000;7 2 6 0 8 1 5 4 3;0 1 2 3 4 5 6 7 8;19;31;31;12520;0;0;231;12.2212;1024.45;K*;                        ? Unchecked;ijcai-2026-base-14-g0df50d7
n-puzzle;unit;4/9000;9000;5 1 8 6 0 7 2 4 3;0 1 2 3 4 5 6 7 8;16;28;28;4855;0;0;231;0.905539;5361.45;K*;                        ? Unchecked;ijcai-2026-base-14-g0df50d7
n-puzzle;unit;5/9000;9000;8 0 3 6 4 5 7 2 1;0 1 2 3 4 5 6 7 8;15;29;29;7152;0;0;231;4.14527;1725.34;K*;                        ? Unchecked;ijcai-2026-base-14-g0df50d7
n-puzzle;unit;6/9000;9000;4 2 7 1 5 8 0 6 3;0 1 2 3 4 5 6 7 8;14;24;24;1099;0;0;231;0.715932;1535.06;K*;                        ? Unchecked;ijcai-2026-base-14-g0df50d7
n-puzzle;unit;7/9000;9000;4 1 7 3 2 5 6 0 8;0 1 2 3 4 5 6 7 8;7;25;25;3087;0;0;231;1.78103;1733.27;K*;                        ? Unchecked;ijcai-2026-base-14-g0df50d7
n-puzzle;unit;8/9000;9000;8 4 0 5 1 6 2 7 3;0 1 2 3 4 5 6 7 8;18;32;32;13172;0;0;231;5.31936;2476.24;K*;                        ? Unchecked;ijcai-2026-base-14-g0df50d7
n-puzzle;unit;9/9000;9000;1 3 0 7 6 2 5 8 4;0 1 2 3 4 5 6 7 8;14;28;28;6227;0;0;231;13.0216;478.207;K*;                        ? Unchecked;ijcai-2026-base-14-g0df50d7
n-puzzle;unit;10/9000;9000;7 0 4 6 8 5 3 1 2;0 1 2 3 4 5 6 7 8;13;33;33;35643;0;0;250;76.1883;467.828;K*;                        ? Unchecked;ijcai-2026-base-14-g0df50d7
n-puzzle;unit;11/9000;9000;6 1 7 5 8 2 4 3 0;0 1 2 3 4 5 6 7 8;14;30;30;10971;0;0;245;7.32828;1497.08;K*;                        ? Unchecked;ijcai-2026-base-14-g0df50d7
n-puzzle;unit;12/9000;9000;7 5 2 1 6 3 8 0 4;0 1 2 3 4 5 6 7 8;15;31;31;18761;0;0;245;18.3361;1023.17;K*;                        ? Unchecked;ijcai-2026-base-14-g0df50d7
n-puzzle;unit;13/9000;9000;6 2 4 0 8 7 5 3 1;0 1 2 3 4 5 6 7 8;17;31;31;17236;0;0;245;32.9236;523.514;K*;                        ? Unchecked;ijcai-2026-base-14-g0df50d7
n-puzzle;unit;14/9000;9000;0 1 6 2 5 7 4 8 3;0 1 2 3 4 5 6 7 8;16;32;32;20893;0;0;245;25.5583;817.466;K*;                        ? Unchecked;ijcai-2026-base-14-g0df50d7
n-puzzle;unit;15/9000;9000;4 0 3 6 1 2 8 5 7;0 1 2 3 4 5 6 7 8;13;23;23;1017;0;0;245;3.72154;273.274;K*;                        ? Unchecked;ijcai-2026-base-14-g0df50d7
n-puzzle;unit;16/9000;9000;1 5 8 7 6 4 0 3 2;0 1 2 3 4 5 6 7 8;14;26;26;2859;0;0;245;3.91456;730.351;K*;                        ? Unchecked;ijcai-2026-base-14-g0df50d7
n-puzzle;unit;17/9000;9000;2 7 0 8 4 6 3 5 1;0 1 2 3 4 5 6 7 8;16;30;30;8166;0;0;245;6.75342;1209.16;K*;                        ? Unchecked;ijcai-2026-base-14-g0df50d7
n-puzzle;unit;18/9000;9000;7 4 8 1 5 6 0 2 3;0 1 2 3 4 5 6 7 8;18;30;30;6906;0;0;245;4.76979;1447.86;K*;                        ? Unchecked;ijcai-2026-base-14-g0df50d7
n-puzzle;unit;19/9000;9000;2 3 0 1 4 7 5 6 8;0 1 2 3 4 5 6 7 8;12;30;30;12200;0;0;245;26.6871;457.149;K*;                        ? Unchecked;ijcai-2026-base-14-g0df50d7
n-puzzle;unit;20/9000;9000;2 1 4 5 0 6 8 3 7;0 1 2 3 4 5 6 7 8;14;32;32;27661;0;0;245;60.6682;455.939;K*;                        ? Unchecked;ijcai-2026-base-14-g0df50d7
n-puzzle;unit;21/9000;9000;8 7 6 2 5 4 1 0 3;0 1 2 3 4 5 6 7 8;21;33;33;21596;0;0;245;137.292;157.3;K*;                        ? Unchecked;ijcai-2026-base-14-g0df50d7
n-puzzle;unit;22/9000;9000;2 7 3 1 6 5 4 0 8;0 1 2 3 4 5 6 7 8;13;25;25;2006;0;0;245;0.798441;2512.4;K*;                        ? Unchecked;ijcai-2026-base-14-g0df50d7
n-puzzle;unit;23/9000;9000;3 0 4 6 2 1 8 5 7;0 1 2 3 4 5 6 7 8;13;23;23;1220;0;0;245;0.601871;2027.01;K*;                        ? Unchecked;ijcai-2026-base-14-g0df50d7
n-puzzle;unit;24/9000;9000;5 3 2 4 8 6 0 1 7;0 1 2 3 4 5 6 7 8;14;30;30;12068;0;0;245;61.5952;195.924;K*;                        ? Unchecked;ijcai-2026-base-14-g0df50d7
n-puzzle;unit;25/9000;9000;1 3 5 2 4 6 8 7 0;0 1 2 3 4 5 6 7 8;12;32;32;25251;0;0;245;8.98642;2809.91;K*;                        ? Unchecked;ijcai-2026-base-14-g0df50d7
n-puzzle;unit;26/9000;9000;8 5 1 4 2 7 6 0 3;0 1 2 3 4 5 6 7 8;15;29;29;8301;0;0;245;16.1523;513.922;K*;                        ? Unchecked;ijcai-2026-base-14-g0df50d7
n-puzzle;unit;27/9000;9000;2 8 5 6 3 1 4 0 7;0 1 2 3 4 5 6 7 8;13;27;27;5005;0;0;245;2.22384;2250.61;K*;                        ? Unchecked;ijcai-2026-base-14-g0df50d7
n-puzzle;unit;28/9000;9000;5 0 7 4 2 3 1 6 8;0 1 2 3 4 5 6 7 8;15;25;25;1661;0;0;245;1.25329;1325.32;K*;                        ? Unchecked;ijcai-2026-base-14-g0df50d7
n-puzzle;unit;29/9000;9000;3 2 4 7 6 8 5 1 0;0 1 2 3 4 5 6 7 8;14;24;24;1289;0;0;245;0.404203;3188.99;K*;                        ? Unchecked;ijcai-2026-base-14-g0df50d7
n-puzzle;unit;30/9000;9000;1 3 2 0 8 6 4 7 5;0 1 2 3 4 5 6 7 8;11;27;27;5775;0;0;245;10.9423;527.768;K*;                        ? Unchecked;ijcai-2026-base-14-g0df50d7
n-puzzle;unit;31/9000;9000;8 2 5 3 7 6 4 0 1;0 1 2 3 4 5 6 7 8;15;29;29;8041;0;0;245;5.91601;1359.19;K*;                        ? Unchecked;ijcai-2026-base-14-g0df50d7
n-puzzle;unit;32/9000;9000;2 4 0 7 5 1 8 6 3;0 1 2 3 4 5 6 7 8;14;28;28;4862;0;0;245;2.02006;2406.86;K*;                        ? Unchecked;ijcai-2026-base-14-g0df50d7
n-puzzle;unit;33/9000;9000;0 1 5 2 6 8 7 3 4;0 1 2 3 4 5 6 7 8;12;26;26;3398;0;0;245;3.98538;852.616;K*;                        ? Unchecked;ijcai-2026-base-14-g0df50d7
n-puzzle;unit;34/9000;9000;7 1 5 2 8 6 3 4 0;0 1 2 3 4 5 6 7 8;14;24;24;1100;0;0;245;1.96622;559.45;K*;                        ? Unchecked;ijcai-2026-base-14-g0df50d7
n-puzzle;unit;35/9000;9000;6 3 1 2 8 7 0 4 5;0 1 2 3 4 5 6 7 8;14;28;28;6028;0;0;245;6.81995;883.878;K*;                        ? Unchecked;ijcai-2026-base-14-g0df50d7
n-puzzle;unit;36/9000;9000;0 3 5 4 8 6 7 2 1;0 1 2 3 4 5 6 7 8;16;28;28;4746;0;0;245;5.44913;870.965;K*;                        ? Unchecked;ijcai-2026-base-14-g0df50d7
n-puzzle;unit;37/9000;9000;8 1 4 0 3 2 5 6 7;0 1 2 3 4 5 6 7 8;13;27;27;4350;0;0;245;8.13133;534.968;K*;                        ? Unchecked;ijcai-2026-base-14-g0df50d7
n-puzzle;unit;38/9000;9000;7 4 1 6 2 8 3 5 0;0 1 2 3 4 5 6 7 8;12;28;28;7602;0;0;245;3.57764;2124.87;K*;                        ? Unchecked;ijcai-2026-base-14-g0df50d7
n-puzzle;unit;39/9000;9000;4 6 8 0 5 1 3 2 7;0 1 2 3 4 5 6 7 8;15;29;29;8077;0;0;245;4.3682;1849.04;K*;                        ? Unchecked;ijcai-2026-base-14-g0df50d7
n-puzzle;unit;40/9000;9000;4 2 8 6 0 1 3 5 7;0 1 2 3 4 5 6 7 8;12;26;26;4251;0;0;245;1.75068;2428.2;K*;                        ? Unchecked;ijcai-2026-base-14-g0df50d7
n-puzzle;unit;41/9000;9000;3 7 8 4 5 2 6 1 0;0 1 2 3 4 5 6 7 8;10;26;26;2402;0;0;245;1.06357;2258.43;K*;                        ? Unchecked;ijcai-2026-base-14-g0df50d7
n-puzzle;unit;42/9000;9000;7 5 6 1 0 3 2 8 4;0 1 2 3 4 5 6 7 8;20;30;30;7795;0;0;245;29.2628;266.38;K*;                        ? Unchecked;ijcai-2026-base-14-g0df50d7
n-puzzle;unit;43/9000;9000;1 6 4 8 5 3 7 2 0;0 1 2 3 4 5 6 7 8;16;28;28;4610;0;0;245;5.90362;780.877;K*;                        ? Unchecked;ijcai-2026-base-14-g0df50d7
n-puzzle;unit;44/9000;9000;2 5 7 1 8 4 3 6 0;0 1 2 3 4 5 6 7 8;14;22;22;568;0;0;245;0.263594;2154.83;K*;                        ? Unchecked;ijcai-2026-base-14-g0df50d7
n-puzzle;unit;45/9000;9000;3 8 4 0 7 1 5 6 2;0 1 2 3 4 5 6 7 8;15;25;25;1593;0;0;245;0.56396;2824.67;K*;                        ? Unchecked;ijcai-2026-base-14-g0df50d7
n-puzzle;unit;46/9000;9000;3 0 5 4 2 1 7 8 6;0 1 2 3 4 5 6 7 8;11;25;25;2608;0;0;245;0.962734;2708.95;K*;                        ? Unchecked;ijcai-2026-base-14-g0df50d7
n-puzzle;unit;47/9000;9000;4 5 3 1 7 0 8 2 6;0 1 2 3 4 5 6 7 8;17;29;29;6907;0;0;245;26.1463;264.167;K*;                        ? Unchecked;ijcai-2026-base-14-g0df50d7
n-puzzle;unit;48/9000;9000;1 8 4 2 3 5 6 0 7;0 1 2 3 4 5 6 7 8;11;25;25;2592;0;0;245;0.858456;3019.37;K*;                        ? Unchecked;ijcai-2026-base-14-g0df50d7
n-puzzle;unit;49/9000;9000;4 8 1 0 6 7 3 2 5;0 1 2 3 4 5 6 7 8;15;31;31;20064;0;0;245;53.7177;373.508;K*;                        ? Unchecked;ijcai-2026-base-14-g0df50d7
n-puzzle;unit;50/9000;9000;8 5 3 4 6 1 7 2 0;0 1 2 3 4 5 6 7 8;18;30;30;8787;0;0;245;11.0354;796.255;K*;                        ? Unchecked;ijcai-2026-base-14-g0df50d7
n-puzzle;unit;51/9000;9000;4 3 7 1 5 2 6 0 8;0 1 2 3 4 5 6 7 8;11;25;25;2587;0;0;245;3.8208;677.084;K*;                        ? Unchecked;ijcai-2026-base-14-g0df50d7
n-puzzle;unit;52/9000;9000;7 4 1 2 3 0 5 8 6;0 1 2 3 4 5 6 7 8;15;33;33;33396;0;0;249;81.1726;411.419;K*;                        ? Unchecked;ijcai-2026-base-14-g0df50d7
n-puzzle;unit;53/9000;9000;7 5 6 8 2 1 0 4 3;0 1 2 3 4 5 6 7 8;20;32;32;16744;0;0;249;20.4352;819.371;K*;                        ? Unchecked;ijcai-2026-base-14-g0df50d7
n-puzzle;unit;54/9000;9000;2 8 5 0 7 6 1 4 3;0 1 2 3 4 5 6 7 8;17;27;27;2831;0;0;249;0.995156;2844.78;K*;                        ? Unchecked;ijcai-2026-base-14-g0df50d7
n-puzzle;unit;55/9000;9000;3 5 2 4 1 6 8 0 7;0 1 2 3 4 5 6 7 8;11;29;29;11083;0;0;249;7.51049;1475.67;K*;                        ? Unchecked;ijcai-2026-base-14-g0df50d7
n-puzzle;unit;56/9000;9000;8 6 1 5 4 3 0 2 7;0 1 2 3 4 5 6 7 8;16;32;32;17949;0;0;249;37.1876;482.662;K*;                        ? Unchecked;ijcai-2026-base-14-g0df50d7
n-puzzle;unit;57/9000;9000;4 6 5 7 3 2 1 0 8;0 1 2 3 4 5 6 7 8;13;27;27;4942;0;0;249;2.48824;1986.14;K*;                        ? Unchecked;ijcai-2026-base-14-g0df50d7
n-puzzle;unit;58/9000;9000;3 7 4 2 8 6 5 0 1;0 1 2 3 4 5 6 7 8;19;31;31;14376;0;0;249;11.1709;1286.92;K*;                        ? Unchecked;ijcai-2026-base-14-g0df50d7
n-puzzle;unit;59/9000;9000;8 7 4 5 6 2 3 0 1;0 1 2 3 4 5 6 7 8;17;33;33;31483;0;0;249;103.631;303.798;K*;                        ? Unchecked;ijcai-2026-base-14-g0df50d7
n-puzzle;unit;60/9000;9000;6 1 5 3 4 0 8 2 7;0 1 2 3 4 5 6 7 8;9;27;27;5293;0;0;249;2.14206;2470.99;K*;                        ? Unchecked;ijcai-2026-base-14-g0df50d7
n-puzzle;unit;61/9000;9000;4 5 2 8 0 3 1 6 7;0 1 2 3 4 5 6 7 8;14;26;26;3278;0;0;249;2.40104;1365.24;K*;                        ? Unchecked;ijcai-2026-base-14-g0df50d7
n-puzzle;unit;62/9000;9000;8 5 4 6 1 2 7 3 0;0 1 2 3 4 5 6 7 8;14;30;30;11163;0;0;249;31.9177;349.743;K*;                        ? Unchecked;ijcai-2026-base-14-g0df50d7
n-puzzle;unit;63/9000;9000;0 5 8 2 6 7 4 3 1;0 1 2 3 4 5 6 7 8;18;28;28;4292;0;0;249;9.82725;436.745;K*;                        ? Unchecked;ijcai-2026-base-14-g0df50d7
n-puzzle;unit;64/9000;9000;5 0 1 8 7 3 4 6 2;0 1 2 3 4 5 6 7 8;15;29;29;7206;0;0;249;5.12192;1406.89;K*;                        ? Unchecked;ijcai-2026-base-14-g0df50d7
n-puzzle;unit;65/9000;9000;7 6 1 3 4 8 0 5 2;0 1 2 3 4 5 6 7 8;12;28;28;5675;0;0;249;6.60335;859.413;K*;                        ? Unchecked;ijcai-2026-base-14-g0df50d7
n-puzzle;unit;66/9000;9000;8 0 7 3 6 5 1 2 4;0 1 2 3 4 5 6 7 8;17;31;31;13572;0;0;249;24.7838;547.615;K*;                        ? Unchecked;ijcai-2026-base-14-g0df50d7
n-puzzle;unit;67/9000;9000;7 2 8 6 5 1 4 0 3;0 1 2 3 4 5 6 7 8;15;29;29;8368;0;0;249;5.30334;1577.87;K*;                        ? Unchecked;ijcai-2026-base-14-g0df50d7
n-puzzle;unit;68/9000;9000;5 0 3 4 1 8 2 7 6;0 1 2 3 4 5 6 7 8;15;29;29;6567;0;0;249;1.69138;3882.64;K*;                        ? Unchecked;ijcai-2026-base-14-g0df50d7
n-puzzle;unit;69/9000;9000;7 8 4 6 3 5 2 1 0;0 1 2 3 4 5 6 7 8;16;32;32;19068;0;0;249;53.9766;353.264;K*;                        ? Unchecked;ijcai-2026-base-14-g0df50d7
n-puzzle;unit;70/9000;9000;7 0 3 2 8 1 5 4 6;0 1 2 3 4 5 6 7 8;19;27;27;1800;0;0;249;0.86357;2084.37;K*;                        ? Unchecked;ijcai-2026-base-14-g0df50d7
n-puzzle;unit;71/9000;9000;1 0 7 3 4 8 2 5 6;0 1 2 3 4 5 6 7 8;13;29;29;8113;0;0;249;29.1121;278.682;K*;                        ? Unchecked;ijcai-2026-base-14-g0df50d7
n-puzzle;unit;72/9000;9000;8 0 7 4 3 6 5 2 1;0 1 2 3 4 5 6 7 8;21;31;31;9308;0;0;249;33.7535;275.764;K*;                        ? Unchecked;ijcai-2026-base-14-g0df50d7
n-puzzle;unit;73/9000;9000;3 7 8 5 1 2 0 6 4;0 1 2 3 4 5 6 7 8;12;30;30;12177;0;0;249;8.03432;1515.62;K*;                        ? Unchecked;ijcai-2026-base-14-g0df50d7
n-puzzle;unit;74/9000;9000;1 6 2 0 7 8 4 5 3;0 1 2 3 4 5 6 7 8;13;23;23;929;0;0;249;0.348956;2662.23;K*;                        ? Unchecked;ijcai-2026-base-14-g0df50d7
n-puzzle;unit;75/9000;9000;6 1 2 3 0 8 4 5 7;0 1 2 3 4 5 6 7 8;8;24;24;2476;0;0;249;1.62834;1520.57;K*;                        ? Unchecked;ijcai-2026-base-14-g0df50d7
n-puzzle;unit;76/9000;9000;1 0 7 5 6 4 3 2 8;0 1 2 3 4 5 6 7 8;13;27;27;3911;0;0;249;1.7006;2299.78;K*;                        ? Unchecked;ijcai-2026-base-14-g0df50d7
n-puzzle;unit;77/9000;9000;2 7 6 1 4 0 5 3 8;0 1 2 3 4 5 6 7 8;15;29;29;6753;0;0;249;7.59208;889.48;K*;                        ? Unchecked;ijcai-2026-base-14-g0df50d7
n-puzzle;unit;78/9000;9000;2 3 8 4 0 6 1 5 7;0 1 2 3 4 5 6 7 8;16;28;28;5688;0;0;249;10.5706;538.098;K*;                        ? Unchecked;ijcai-2026-base-14-g0df50d7
n-puzzle;unit;79/9000;9000;0 5 4 6 1 7 8 2 3;0 1 2 3 4 5 6 7 8;16;30;30;9879;0;0;249;31.6753;311.883;K*;                        ? Unchecked;ijcai-2026-base-14-g0df50d7
n-puzzle;unit;80/9000;9000;5 3 4 7 0 1 8 6 2;0 1 2 3 4 5 6 7 8;16;26;26;2676;0;0;249;2.08657;1282.49;K*;                        ? Unchecked;ijcai-2026-base-14-g0df50d7
n-puzzle;unit;81/9000;9000;1 7 5 6 8 3 4 2 0;0 1 2 3 4 5 6 7 8;14;28;28;6072;0;0;249;3.87614;1566.51;K*;                        ? Unchecked;ijcai-2026-base-14-g0df50d7
n-puzzle;unit;82/9000;9000;3 1 4 0 5 8 2 7 6;0 1 2 3 4 5 6 7 8;11;27;27;4430;0;0;249;16.8101;263.532;K*;                        ? Unchecked;ijcai-2026-base-14-g0df50d7
n-puzzle;unit;83/9000;9000;4 2 3 0 5 1 8 6 7;0 1 2 3 4 5 6 7 8;13;25;25;1669;0;0;249;0.630071;2648.91;K*;                        ? Unchecked;ijcai-2026-base-14-g0df50d7
n-puzzle;unit;84/9000;9000;4 7 3 1 6 5 8 0 2;0 1 2 3 4 5 6 7 8;15;29;29;8007;0;0;249;1.81374;4414.63;K*;                        ? Unchecked;ijcai-2026-base-14-g0df50d7
n-puzzle;unit;85/9000;9000;3 6 0 1 5 8 4 2 7;0 1 2 3 4 5 6 7 8;14;28;28;4961;0;0;249;2.03809;2434.14;K*;                        ? Unchecked;ijcai-2026-base-14-g0df50d7
n-puzzle;unit;86/9000;9000;8 6 2 7 5 1 3 0 4;0 1 2 3 4 5 6 7 8;15;31;31;18564;0;0;249;4.305;4312.19;K*;                        ? Unchecked;ijcai-2026-base-14-g0df50d7
n-puzzle;unit;87/9000;9000;3 2 5 7 6 0 8 1 4;0 1 2 3 4 5 6 7 8;13;23;23;1016;0;0;249;0.505417;2010.22;K*;                        ? Unchecked;ijcai-2026-base-14-g0df50d7
n-puzzle;unit;88/9000;9000;1 3 2 4 0 5 8 7 6;0 1 2 3 4 5 6 7 8;8;28;28;9252;0;0;249;14.3573;644.412;K*;                        ? Unchecked;ijcai-2026-base-14-g0df50d7
n-puzzle;unit;89/9000;9000;0 8 4 3 2 1 6 5 7;0 1 2 3 4 5 6 7 8;12;24;24;1284;0;0;249;0.449007;2859.64;K*;                        ? Unchecked;ijcai-2026-base-14-g0df50d7
n-puzzle;unit;90/9000;9000;0 6 1 5 7 8 4 2 3;0 1 2 3 4 5 6 7 8;16;28;28;4303;0;0;249;4.58481;938.534;K*;                        ? Unchecked;ijcai-2026-base-14-g0df50d7
n-puzzle;unit;91/9000;9000;2 1 6 4 5 8 3 0 7;0 1 2 3 4 5 6 7 8;11;29;29;9819;0;0;249;22.7384;431.824;K*;                        ? Unchecked;ijcai-2026-base-14-g0df50d7
n-puzzle;unit;92/9000;9000;3 7 4 6 1 5 8 0 2;0 1 2 3 4 5 6 7 8;11;27;27;4941;0;0;249;6.57024;752.027;K*;                        ? Unchecked;ijcai-2026-base-14-g0df50d7
n-puzzle;unit;93/9000;9000;7 6 1 3 5 8 2 4 0;0 1 2 3 4 5 6 7 8;14;28;28;4987;0;0;249;5.29778;941.337;K*;                        ? Unchecked;ijcai-2026-base-14-g0df50d7
n-puzzle;unit;94/9000;9000;4 7 8 1 0 3 6 2 5;0 1 2 3 4 5 6 7 8;14;28;28;6742;0;0;249;28.786;234.211;K*;                        ? Unchecked;ijcai-2026-base-14-g0df50d7
n-puzzle;unit;95/9000;9000;0 5 8 2 7 4 1 6 3;0 1 2 3 4 5 6 7 8;16;26;26;1670;0;0;249;1.196;1396.33;K*;                        ? Unchecked;ijcai-2026-base-14-g0df50d7
n-puzzle;unit;96/9000;9000;5 2 3 8 7 0 1 6 4;0 1 2 3 4 5 6 7 8;17;29;29;6692;0;0;249;5.84004;1145.88;K*;                        ? Unchecked;ijcai-2026-base-14-g0df50d7
n-puzzle;unit;97/9000;9000;8 3 0 4 7 2 6 1 5;0 1 2 3 4 5 6 7 8;12;24;24;1038;0;0;249;0.3782;2744.58;K*;                        ? Unchecked;ijcai-2026-base-14-g0df50d7
n-puzzle;unit;98/9000;9000;5 8 6 0 7 4 1 3 2;0 1 2 3 4 5 6 7 8;19;31;31;12085;0;0;249;24.1625;500.155;K*;                        ? Unchecked;ijcai-2026-base-14-g0df50d7
n-puzzle;unit;99/9000;9000;7 5 0 6 3 2 1 8 4;0 1 2 3 4 5 6 7 8;14;30;30;12783;0;0;249;2.02653;6307.82;K*;                        ? Unchecked;ijcai-2026-base-14-g0df50d7
n-puzzle;unit;0/10000;10000;5 6 0 8 4 7 1 3 2;0 1 2 3 4 5 6 7 8;18;30;30;5953;0;0;250;5.19413;1146.1;K*;                        ? Unchecked;ijcai-2026-base-14-g0df50d7
n-puzzle;unit;1/10000;10000;0 8 6 4 7 1 5 3 2;0 1 2 3 4 5 6 7 8;18;30;30;7337;0;0;250;6.043;1214.13;K*;                        ? Unchecked;ijcai-2026-base-14-g0df50d7
n-puzzle;unit;2/10000;10000;5 2 8 0 7 4 1 3 6;0 1 2 3 4 5 6 7 8;15;27;27;3703;0;0;250;1.54608;2395.1;K*;                        ? Unchecked;ijcai-2026-base-14-g0df50d7
n-puzzle;unit;3/10000;10000;7 2 6 0 8 1 5 4 3;0 1 2 3 4 5 6 7 8;19;31;31;12520;0;0;250;12.206;1025.72;K*;                        ? Unchecked;ijcai-2026-base-14-g0df50d7
n-puzzle;unit;4/10000;10000;5 1 8 6 0 7 2 4 3;0 1 2 3 4 5 6 7 8;16;28;28;4855;0;0;250;0.921509;5268.53;K*;                        ? Unchecked;ijcai-2026-base-14-g0df50d7
n-puzzle;unit;5/10000;10000;8 0 3 6 4 5 7 2 1;0 1 2 3 4 5 6 7 8;15;29;29;7152;0;0;250;4.239;1687.19;K*;                        ? Unchecked;ijcai-2026-base-14-g0df50d7
n-puzzle;unit;6/10000;10000;4 2 7 1 5 8 0 6 3;0 1 2 3 4 5 6 7 8;14;24;24;1099;0;0;250;0.728564;1508.45;K*;                        ? Unchecked;ijcai-2026-base-14-g0df50d7
n-puzzle;unit;7/10000;10000;4 1 7 3 2 5 6 0 8;0 1 2 3 4 5 6 7 8;7;25;25;3087;0;0;250;1.78981;1724.76;K*;                        ? Unchecked;ijcai-2026-base-14-g0df50d7
n-puzzle;unit;8/10000;10000;8 4 0 5 1 6 2 7 3;0 1 2 3 4 5 6 7 8;18;32;32;13172;0;0;250;5.43925;2421.66;K*;                        ? Unchecked;ijcai-2026-base-14-g0df50d7
n-puzzle;unit;9/10000;10000;1 3 0 7 6 2 5 8 4;0 1 2 3 4 5 6 7 8;14;28;28;6227;0;0;250;13.0216;478.206;K*;                        ? Unchecked;ijcai-2026-base-14-g0df50d7
n-puzzle;unit;10/10000;10000;7 0 4 6 8 5 3 1 2;0 1 2 3 4 5 6 7 8;13;33;33;35643;0;0;263;76.5865;465.396;K*;                        ? Unchecked;ijcai-2026-base-14-g0df50d7
n-puzzle;unit;11/10000;10000;6 1 7 5 8 2 4 3 0;0 1 2 3 4 5 6 7 8;14;30;30;10971;0;0;263;7.31258;1500.29;K*;                        ? Unchecked;ijcai-2026-base-14-g0df50d7
n-puzzle;unit;12/10000;10000;7 5 2 1 6 3 8 0 4;0 1 2 3 4 5 6 7 8;15;31;31;18761;0;0;263;18.4065;1019.26;K*;                        ? Unchecked;ijcai-2026-base-14-g0df50d7
n-puzzle;unit;13/10000;10000;6 2 4 0 8 7 5 3 1;0 1 2 3 4 5 6 7 8;17;31;31;17236;0;0;263;33.0395;521.679;K*;                        ? Unchecked;ijcai-2026-base-14-g0df50d7
n-puzzle;unit;14/10000;10000;0 1 6 2 5 7 4 8 3;0 1 2 3 4 5 6 7 8;16;32;32;20893;0;0;263;25.6258;815.31;K*;                        ? Unchecked;ijcai-2026-base-14-g0df50d7
n-puzzle;unit;15/10000;10000;4 0 3 6 1 2 8 5 7;0 1 2 3 4 5 6 7 8;13;23;23;1017;0;0;263;3.79749;267.808;K*;                        ? Unchecked;ijcai-2026-base-14-g0df50d7
n-puzzle;unit;16/10000;10000;1 5 8 7 6 4 0 3 2;0 1 2 3 4 5 6 7 8;14;26;26;2859;0;0;263;3.90337;732.444;K*;                        ? Unchecked;ijcai-2026-base-14-g0df50d7
n-puzzle;unit;17/10000;10000;2 7 0 8 4 6 3 5 1;0 1 2 3 4 5 6 7 8;16;30;30;8166;0;0;263;6.89106;1185.01;K*;                        ? Unchecked;ijcai-2026-base-14-g0df50d7
n-puzzle;unit;18/10000;10000;7 4 8 1 5 6 0 2 3;0 1 2 3 4 5 6 7 8;18;30;30;6906;0;0;263;4.72519;1461.53;K*;                        ? Unchecked;ijcai-2026-base-14-g0df50d7
n-puzzle;unit;19/10000;10000;2 3 0 1 4 7 5 6 8;0 1 2 3 4 5 6 7 8;12;30;30;12200;0;0;263;26.7235;456.526;K*;                        ? Unchecked;ijcai-2026-base-14-g0df50d7
n-puzzle;unit;20/10000;10000;2 1 4 5 0 6 8 3 7;0 1 2 3 4 5 6 7 8;14;32;32;27661;0;0;263;60.841;454.644;K*;                        ? Unchecked;ijcai-2026-base-14-g0df50d7
n-puzzle;unit;21/10000;10000;8 7 6 2 5 4 1 0 3;0 1 2 3 4 5 6 7 8;21;33;33;21596;0;0;263;137.307;157.283;K*;                        ? Unchecked;ijcai-2026-base-14-g0df50d7
n-puzzle;unit;22/10000;10000;2 7 3 1 6 5 4 0 8;0 1 2 3 4 5 6 7 8;13;25;25;2006;0;0;263;0.81871;2450.2;K*;                        ? Unchecked;ijcai-2026-base-14-g0df50d7
n-puzzle;unit;23/10000;10000;3 0 4 6 2 1 8 5 7;0 1 2 3 4 5 6 7 8;13;23;23;1220;0;0;263;0.615543;1981.99;K*;                        ? Unchecked;ijcai-2026-base-14-g0df50d7
n-puzzle;unit;24/10000;10000;5 3 2 4 8 6 0 1 7;0 1 2 3 4 5 6 7 8;14;30;30;12068;0;0;263;61.7736;195.359;K*;                        ? Unchecked;ijcai-2026-base-14-g0df50d7
n-puzzle;unit;25/10000;10000;1 3 5 2 4 6 8 7 0;0 1 2 3 4 5 6 7 8;12;32;32;25251;0;0;263;9.16996;2753.66;K*;                        ? Unchecked;ijcai-2026-base-14-g0df50d7
n-puzzle;unit;26/10000;10000;8 5 1 4 2 7 6 0 3;0 1 2 3 4 5 6 7 8;15;29;29;8301;0;0;263;16.1998;512.415;K*;                        ? Unchecked;ijcai-2026-base-14-g0df50d7
n-puzzle;unit;27/10000;10000;2 8 5 6 3 1 4 0 7;0 1 2 3 4 5 6 7 8;13;27;27;5005;0;0;263;2.24175;2232.63;K*;                        ? Unchecked;ijcai-2026-base-14-g0df50d7
n-puzzle;unit;28/10000;10000;5 0 7 4 2 3 1 6 8;0 1 2 3 4 5 6 7 8;15;25;25;1661;0;0;263;1.19148;1394.06;K*;                        ? Unchecked;ijcai-2026-base-14-g0df50d7
n-puzzle;unit;29/10000;10000;3 2 4 7 6 8 5 1 0;0 1 2 3 4 5 6 7 8;14;24;24;1289;0;0;263;0.460402;2799.73;K*;                        ? Unchecked;ijcai-2026-base-14-g0df50d7
n-puzzle;unit;30/10000;10000;1 3 2 0 8 6 4 7 5;0 1 2 3 4 5 6 7 8;11;27;27;5775;0;0;263;10.9745;526.22;K*;                        ? Unchecked;ijcai-2026-base-14-g0df50d7
n-puzzle;unit;31/10000;10000;8 2 5 3 7 6 4 0 1;0 1 2 3 4 5 6 7 8;15;29;29;8041;0;0;263;5.98231;1344.13;K*;                        ? Unchecked;ijcai-2026-base-14-g0df50d7
n-puzzle;unit;32/10000;10000;2 4 0 7 5 1 8 6 3;0 1 2 3 4 5 6 7 8;14;28;28;4862;0;0;263;2.09396;2321.92;K*;                        ? Unchecked;ijcai-2026-base-14-g0df50d7
n-puzzle;unit;33/10000;10000;0 1 5 2 6 8 7 3 4;0 1 2 3 4 5 6 7 8;12;26;26;3398;0;0;263;4.01766;845.767;K*;                        ? Unchecked;ijcai-2026-base-14-g0df50d7
n-puzzle;unit;34/10000;10000;7 1 5 2 8 6 3 4 0;0 1 2 3 4 5 6 7 8;14;24;24;1100;0;0;263;1.98822;553.258;K*;                        ? Unchecked;ijcai-2026-base-14-g0df50d7
n-puzzle;unit;35/10000;10000;6 3 1 2 8 7 0 4 5;0 1 2 3 4 5 6 7 8;14;28;28;6028;0;0;263;6.84753;880.317;K*;                        ? Unchecked;ijcai-2026-base-14-g0df50d7
n-puzzle;unit;36/10000;10000;0 3 5 4 8 6 7 2 1;0 1 2 3 4 5 6 7 8;16;28;28;4746;0;0;263;5.48308;865.572;K*;                        ? Unchecked;ijcai-2026-base-14-g0df50d7
n-puzzle;unit;37/10000;10000;8 1 4 0 3 2 5 6 7;0 1 2 3 4 5 6 7 8;13;27;27;4350;0;0;263;8.15788;533.227;K*;                        ? Unchecked;ijcai-2026-base-14-g0df50d7
n-puzzle;unit;38/10000;10000;7 4 1 6 2 8 3 5 0;0 1 2 3 4 5 6 7 8;12;28;28;7602;0;0;263;3.60759;2107.22;K*;                        ? Unchecked;ijcai-2026-base-14-g0df50d7
n-puzzle;unit;39/10000;10000;4 6 8 0 5 1 3 2 7;0 1 2 3 4 5 6 7 8;15;29;29;8077;0;0;263;4.44142;1818.56;K*;                        ? Unchecked;ijcai-2026-base-14-g0df50d7
n-puzzle;unit;40/10000;10000;4 2 8 6 0 1 3 5 7;0 1 2 3 4 5 6 7 8;12;26;26;4251;0;0;263;1.76345;2410.62;K*;                        ? Unchecked;ijcai-2026-base-14-g0df50d7
n-puzzle;unit;41/10000;10000;3 7 8 4 5 2 6 1 0;0 1 2 3 4 5 6 7 8;10;26;26;2402;0;0;263;1.07843;2227.3;K*;                        ? Unchecked;ijcai-2026-base-14-g0df50d7
n-puzzle;unit;42/10000;10000;7 5 6 1 0 3 2 8 4;0 1 2 3 4 5 6 7 8;20;30;30;7795;0;0;263;29.3196;265.863;K*;                        ? Unchecked;ijcai-2026-base-14-g0df50d7
n-puzzle;unit;43/10000;10000;1 6 4 8 5 3 7 2 0;0 1 2 3 4 5 6 7 8;16;28;28;4610;0;0;263;5.95317;774.378;K*;                        ? Unchecked;ijcai-2026-base-14-g0df50d7
n-puzzle;unit;44/10000;10000;2 5 7 1 8 4 3 6 0;0 1 2 3 4 5 6 7 8;14;22;22;568;0;0;263;0.273788;2074.6;K*;                        ? Unchecked;ijcai-2026-base-14-g0df50d7
n-puzzle;unit;45/10000;10000;3 8 4 0 7 1 5 6 2;0 1 2 3 4 5 6 7 8;15;25;25;1593;0;0;263;0.570943;2790.12;K*;                        ? Unchecked;ijcai-2026-base-14-g0df50d7
n-puzzle;unit;46/10000;10000;3 0 5 4 2 1 7 8 6;0 1 2 3 4 5 6 7 8;11;25;25;2608;0;0;263;0.977267;2668.67;K*;                        ? Unchecked;ijcai-2026-base-14-g0df50d7
n-puzzle;unit;47/10000;10000;4 5 3 1 7 0 8 2 6;0 1 2 3 4 5 6 7 8;17;29;29;6907;0;0;263;26.223;263.394;K*;                        ? Unchecked;ijcai-2026-base-14-g0df50d7
n-puzzle;unit;48/10000;10000;1 8 4 2 3 5 6 0 7;0 1 2 3 4 5 6 7 8;11;25;25;2592;0;0;263;0.877898;2952.51;K*;                        ? Unchecked;ijcai-2026-base-14-g0df50d7
n-puzzle;unit;49/10000;10000;4 8 1 0 6 7 3 2 5;0 1 2 3 4 5 6 7 8;15;31;31;20064;0;0;263;53.8249;372.764;K*;                        ? Unchecked;ijcai-2026-base-14-g0df50d7
n-puzzle;unit;50/10000;10000;8 5 3 4 6 1 7 2 0;0 1 2 3 4 5 6 7 8;18;30;30;8787;0;0;263;11.0571;794.693;K*;                        ? Unchecked;ijcai-2026-base-14-g0df50d7
n-puzzle;unit;51/10000;10000;4 3 7 1 5 2 6 0 8;0 1 2 3 4 5 6 7 8;11;25;25;2587;0;0;263;3.80081;680.645;K*;                        ? Unchecked;ijcai-2026-base-14-g0df50d7
n-puzzle;unit;52/10000;10000;7 4 1 2 3 0 5 8 6;0 1 2 3 4 5 6 7 8;15;33;33;33396;0;0;264;81.3597;410.474;K*;                        ? Unchecked;ijcai-2026-base-14-g0df50d7
n-puzzle;unit;53/10000;10000;7 5 6 8 2 1 0 4 3;0 1 2 3 4 5 6 7 8;20;32;32;16744;0;0;264;20.5129;816.265;K*;                        ? Unchecked;ijcai-2026-base-14-g0df50d7
n-puzzle;unit;54/10000;10000;2 8 5 0 7 6 1 4 3;0 1 2 3 4 5 6 7 8;17;27;27;2831;0;0;264;1.00794;2808.7;K*;                        ? Unchecked;ijcai-2026-base-14-g0df50d7
n-puzzle;unit;55/10000;10000;3 5 2 4 1 6 8 0 7;0 1 2 3 4 5 6 7 8;11;29;29;11083;0;0;264;7.5155;1474.69;K*;                        ? Unchecked;ijcai-2026-base-14-g0df50d7
n-puzzle;unit;56/10000;10000;8 6 1 5 4 3 0 2 7;0 1 2 3 4 5 6 7 8;16;32;32;17949;0;0;264;37.3907;480.04;K*;                        ? Unchecked;ijcai-2026-base-14-g0df50d7
n-puzzle;unit;57/10000;10000;4 6 5 7 3 2 1 0 8;0 1 2 3 4 5 6 7 8;13;27;27;4942;0;0;264;2.49569;1980.22;K*;                        ? Unchecked;ijcai-2026-base-14-g0df50d7
n-puzzle;unit;58/10000;10000;3 7 4 2 8 6 5 0 1;0 1 2 3 4 5 6 7 8;19;31;31;14376;0;0;264;11.3214;1269.81;K*;                        ? Unchecked;ijcai-2026-base-14-g0df50d7
n-puzzle;unit;59/10000;10000;8 7 4 5 6 2 3 0 1;0 1 2 3 4 5 6 7 8;17;33;33;31483;0;0;264;103.763;303.412;K*;                        ? Unchecked;ijcai-2026-base-14-g0df50d7
n-puzzle;unit;60/10000;10000;6 1 5 3 4 0 8 2 7;0 1 2 3 4 5 6 7 8;9;27;27;5293;0;0;264;2.10187;2518.23;K*;                        ? Unchecked;ijcai-2026-base-14-g0df50d7
n-puzzle;unit;61/10000;10000;4 5 2 8 0 3 1 6 7;0 1 2 3 4 5 6 7 8;14;26;26;3278;0;0;264;2.40782;1361.4;K*;                        ? Unchecked;ijcai-2026-base-14-g0df50d7
n-puzzle;unit;62/10000;10000;8 5 4 6 1 2 7 3 0;0 1 2 3 4 5 6 7 8;14;30;30;11163;0;0;264;32.0105;348.73;K*;                        ? Unchecked;ijcai-2026-base-14-g0df50d7
n-puzzle;unit;63/10000;10000;0 5 8 2 6 7 4 3 1;0 1 2 3 4 5 6 7 8;18;28;28;4292;0;0;264;9.89128;433.917;K*;                        ? Unchecked;ijcai-2026-base-14-g0df50d7
n-puzzle;unit;64/10000;10000;5 0 1 8 7 3 4 6 2;0 1 2 3 4 5 6 7 8;15;29;29;7206;0;0;264;5.08755;1416.4;K*;                        ? Unchecked;ijcai-2026-base-14-g0df50d7
n-puzzle;unit;65/10000;10000;7 6 1 3 4 8 0 5 2;0 1 2 3 4 5 6 7 8;12;28;28;5675;0;0;264;6.70795;846.011;K*;                        ? Unchecked;ijcai-2026-base-14-g0df50d7
n-puzzle;unit;66/10000;10000;8 0 7 3 6 5 1 2 4;0 1 2 3 4 5 6 7 8;17;31;31;13572;0;0;264;24.9421;544.14;K*;                        ? Unchecked;ijcai-2026-base-14-g0df50d7
n-puzzle;unit;67/10000;10000;7 2 8 6 5 1 4 0 3;0 1 2 3 4 5 6 7 8;15;29;29;8368;0;0;264;5.34774;1564.77;K*;                        ? Unchecked;ijcai-2026-base-14-g0df50d7
n-puzzle;unit;68/10000;10000;5 0 3 4 1 8 2 7 6;0 1 2 3 4 5 6 7 8;15;29;29;6567;0;0;264;1.712;3835.87;K*;                        ? Unchecked;ijcai-2026-base-14-g0df50d7
n-puzzle;unit;69/10000;10000;7 8 4 6 3 5 2 1 0;0 1 2 3 4 5 6 7 8;16;32;32;19068;0;0;264;53.9388;353.512;K*;                        ? Unchecked;ijcai-2026-base-14-g0df50d7
n-puzzle;unit;70/10000;10000;7 0 3 2 8 1 5 4 6;0 1 2 3 4 5 6 7 8;19;27;27;1800;0;0;264;0.876426;2053.8;K*;                        ? Unchecked;ijcai-2026-base-14-g0df50d7
n-puzzle;unit;71/10000;10000;1 0 7 3 4 8 2 5 6;0 1 2 3 4 5 6 7 8;13;29;29;8113;0;0;264;29.2526;277.343;K*;                        ? Unchecked;ijcai-2026-base-14-g0df50d7
n-puzzle;unit;72/10000;10000;8 0 7 4 3 6 5 2 1;0 1 2 3 4 5 6 7 8;21;31;31;9308;0;0;264;33.8185;275.234;K*;                        ? Unchecked;ijcai-2026-base-14-g0df50d7
n-puzzle;unit;73/10000;10000;3 7 8 5 1 2 0 6 4;0 1 2 3 4 5 6 7 8;12;30;30;12177;0;0;264;8.15667;1492.89;K*;                        ? Unchecked;ijcai-2026-base-14-g0df50d7
n-puzzle;unit;74/10000;10000;1 6 2 0 7 8 4 5 3;0 1 2 3 4 5 6 7 8;13;23;23;929;0;0;264;0.332859;2790.97;K*;                        ? Unchecked;ijcai-2026-base-14-g0df50d7
n-puzzle;unit;75/10000;10000;6 1 2 3 0 8 4 5 7;0 1 2 3 4 5 6 7 8;8;24;24;2476;0;0;264;1.69412;1461.53;K*;                        ? Unchecked;ijcai-2026-base-14-g0df50d7
n-puzzle;unit;76/10000;10000;1 0 7 5 6 4 3 2 8;0 1 2 3 4 5 6 7 8;13;27;27;3911;0;0;264;1.72231;2270.79;K*;                        ? Unchecked;ijcai-2026-base-14-g0df50d7
n-puzzle;unit;77/10000;10000;2 7 6 1 4 0 5 3 8;0 1 2 3 4 5 6 7 8;15;29;29;6753;0;0;264;7.6371;884.236;K*;                        ? Unchecked;ijcai-2026-base-14-g0df50d7
n-puzzle;unit;78/10000;10000;2 3 8 4 0 6 1 5 7;0 1 2 3 4 5 6 7 8;16;28;28;5688;0;0;264;10.5834;537.448;K*;                        ? Unchecked;ijcai-2026-base-14-g0df50d7
n-puzzle;unit;79/10000;10000;0 5 4 6 1 7 8 2 3;0 1 2 3 4 5 6 7 8;16;30;30;9879;0;0;264;31.6767;311.87;K*;                        ? Unchecked;ijcai-2026-base-14-g0df50d7
n-puzzle;unit;80/10000;10000;5 3 4 7 0 1 8 6 2;0 1 2 3 4 5 6 7 8;16;26;26;2676;0;0;264;2.10204;1273.05;K*;                        ? Unchecked;ijcai-2026-base-14-g0df50d7
n-puzzle;unit;81/10000;10000;1 7 5 6 8 3 4 2 0;0 1 2 3 4 5 6 7 8;14;28;28;6072;0;0;264;3.90832;1553.61;K*;                        ? Unchecked;ijcai-2026-base-14-g0df50d7
n-puzzle;unit;82/10000;10000;3 1 4 0 5 8 2 7 6;0 1 2 3 4 5 6 7 8;11;27;27;4430;0;0;264;16.9126;261.935;K*;                        ? Unchecked;ijcai-2026-base-14-g0df50d7
n-puzzle;unit;83/10000;10000;4 2 3 0 5 1 8 6 7;0 1 2 3 4 5 6 7 8;13;25;25;1669;0;0;264;0.640447;2605.99;K*;                        ? Unchecked;ijcai-2026-base-14-g0df50d7
n-puzzle;unit;84/10000;10000;4 7 3 1 6 5 8 0 2;0 1 2 3 4 5 6 7 8;15;29;29;8007;0;0;264;1.82382;4390.24;K*;                        ? Unchecked;ijcai-2026-base-14-g0df50d7
n-puzzle;unit;85/10000;10000;3 6 0 1 5 8 4 2 7;0 1 2 3 4 5 6 7 8;14;28;28;4961;0;0;264;2.05707;2411.68;K*;                        ? Unchecked;ijcai-2026-base-14-g0df50d7
n-puzzle;unit;86/10000;10000;8 6 2 7 5 1 3 0 4;0 1 2 3 4 5 6 7 8;15;31;31;18564;0;0;264;4.37098;4247.1;K*;                        ? Unchecked;ijcai-2026-base-14-g0df50d7
n-puzzle;unit;87/10000;10000;3 2 5 7 6 0 8 1 4;0 1 2 3 4 5 6 7 8;13;23;23;1016;0;0;264;0.518617;1959.06;K*;                        ? Unchecked;ijcai-2026-base-14-g0df50d7
n-puzzle;unit;88/10000;10000;1 3 2 4 0 5 8 7 6;0 1 2 3 4 5 6 7 8;8;28;28;9252;0;0;264;14.4245;641.409;K*;                        ? Unchecked;ijcai-2026-base-14-g0df50d7
n-puzzle;unit;89/10000;10000;0 8 4 3 2 1 6 5 7;0 1 2 3 4 5 6 7 8;12;24;24;1284;0;0;264;0.462164;2778.23;K*;                        ? Unchecked;ijcai-2026-base-14-g0df50d7
n-puzzle;unit;90/10000;10000;0 6 1 5 7 8 4 2 3;0 1 2 3 4 5 6 7 8;16;28;28;4303;0;0;264;4.58234;939.04;K*;                        ? Unchecked;ijcai-2026-base-14-g0df50d7
n-puzzle;unit;91/10000;10000;2 1 6 4 5 8 3 0 7;0 1 2 3 4 5 6 7 8;11;29;29;9819;0;0;264;22.8406;429.893;K*;                        ? Unchecked;ijcai-2026-base-14-g0df50d7
n-puzzle;unit;92/10000;10000;3 7 4 6 1 5 8 0 2;0 1 2 3 4 5 6 7 8;11;27;27;4941;0;0;264;6.53304;756.309;K*;                        ? Unchecked;ijcai-2026-base-14-g0df50d7
n-puzzle;unit;93/10000;10000;7 6 1 3 5 8 2 4 0;0 1 2 3 4 5 6 7 8;14;28;28;4987;0;0;264;5.36612;929.35;K*;                        ? Unchecked;ijcai-2026-base-14-g0df50d7
n-puzzle;unit;94/10000;10000;4 7 8 1 0 3 6 2 5;0 1 2 3 4 5 6 7 8;14;28;28;6742;0;0;264;28.8457;233.726;K*;                        ? Unchecked;ijcai-2026-base-14-g0df50d7
n-puzzle;unit;95/10000;10000;0 5 8 2 7 4 1 6 3;0 1 2 3 4 5 6 7 8;16;26;26;1670;0;0;264;1.22539;1362.83;K*;                        ? Unchecked;ijcai-2026-base-14-g0df50d7
n-puzzle;unit;96/10000;10000;5 2 3 8 7 0 1 6 4;0 1 2 3 4 5 6 7 8;17;29;29;6692;0;0;264;5.94973;1124.76;K*;                        ? Unchecked;ijcai-2026-base-14-g0df50d7
n-puzzle;unit;97/10000;10000;8 3 0 4 7 2 6 1 5;0 1 2 3 4 5 6 7 8;12;24;24;1038;0;0;264;0.389039;2668.11;K*;                        ? Unchecked;ijcai-2026-base-14-g0df50d7
n-puzzle;unit;98/10000;10000;5 8 6 0 7 4 1 3 2;0 1 2 3 4 5 6 7 8;19;31;31;12085;0;0;264;24.2354;498.651;K*;                        ? Unchecked;ijcai-2026-base-14-g0df50d7
n-puzzle;unit;99/10000;10000;7 5 0 6 3 2 1 8 4;0 1 2 3 4 5 6 7 8;14;30;30;12783;0;0;264;2.04578;6248.47;K*;                        ? Unchecked;ijcai-2026-base-14-g0df50d7
