domain;variant;id;k;start;goal;h0;length;cost;expansions;nbcentroids;nbpaths;mem;runtime;expansions/sec;solver;doctor;version
n-pancake;unit;0/1;1;3 8 2 7 9 1 5 10 6 4;1 2 3 4 5 6 7 8 9 10;10;10;10;20;0;0;9;0.000242;82644.6;K*;                        ? Unchecked;ijcai-2026-base-17-g133903f
n-pancake;unit;1/1;1;4 1 6 5 10 2 8 3 9 7;1 2 3 4 5 6 7 8 9 10;9;10;10;18;0;0;9;0.000172;104651;K*;                        ? Unchecked;ijcai-2026-base-17-g133903f
n-pancake;unit;2/1;1;9 8 4 1 10 2 6 3 7 5;1 2 3 4 5 6 7 8 9 10;9;10;10;34;0;0;9;0.000362;93922.7;K*;                        ? Unchecked;ijcai-2026-base-17-g133903f
n-pancake;unit;3/1;1;9 2 7 1 4 8 10 5 6 3;1 2 3 4 5 6 7 8 9 10;9;10;10;28;0;0;9;0.000294;95238.1;K*;                        ? Unchecked;ijcai-2026-base-17-g133903f
n-pancake;unit;4/1;1;4 1 5 2 8 6 10 9 3 7;1 2 3 4 5 6 7 8 9 10;9;9;9;15;0;0;9;0.000151;99337.7;K*;                        ? Unchecked;ijcai-2026-base-17-g133903f
n-pancake;unit;5/1;1;2 1 8 6 4 9 5 3 10 7;1 2 3 4 5 6 7 8 9 10;9;10;10;20;0;0;9;0.00019;105263;K*;                        ? Unchecked;ijcai-2026-base-17-g133903f
n-pancake;unit;6/1;1;9 1 6 4 3 8 10 2 5 7;1 2 3 4 5 6 7 8 9 10;9;10;10;26;0;0;9;0.00026;100000;K*;                        ? Unchecked;ijcai-2026-base-17-g133903f
n-pancake;unit;7/1;1;3 5 2 10 8 9 4 6 1 7;1 2 3 4 5 6 7 8 9 10;9;10;10;56;0;0;10;0.000613;91354;K*;                        ? Unchecked;ijcai-2026-base-17-g133903f
n-pancake;unit;8/1;1;4 7 2 9 5 3 6 10 1 8;1 2 3 4 5 6 7 8 9 10;10;11;11;37;0;0;10;0.000397;93199;K*;                        ? Unchecked;ijcai-2026-base-17-g133903f
n-pancake;unit;9/1;1;1 9 6 10 4 2 5 7 8 3;1 2 3 4 5 6 7 8 9 10;9;10;10;28;0;0;10;0.000292;95890.4;K*;                        ? Unchecked;ijcai-2026-base-17-g133903f
n-pancake;unit;10/1;1;6 4 3 7 10 8 2 5 1 9;1 2 3 4 5 6 7 8 9 10;9;9;9;14;0;0;10;0.000141;99290.8;K*;                        ? Unchecked;ijcai-2026-base-17-g133903f
n-pancake;unit;11/1;1;1 7 9 4 2 5 6 3 10 8;1 2 3 4 5 6 7 8 9 10;9;10;10;60;0;0;10;0.00059;101695;K*;                        ? Unchecked;ijcai-2026-base-17-g133903f
n-pancake;unit;12/1;1;3 7 5 10 9 2 8 4 6 1;1 2 3 4 5 6 7 8 9 10;9;9;9;23;0;0;10;0.000262;87786.3;K*;                        ? Unchecked;ijcai-2026-base-17-g133903f
n-pancake;unit;13/1;1;5 7 9 8 2 4 1 6 10 3;1 2 3 4 5 6 7 8 9 10;9;9;9;15;0;0;10;0.000145;103448;K*;                        ? Unchecked;ijcai-2026-base-17-g133903f
n-pancake;unit;14/1;1;3 6 10 5 7 4 2 9 1 8;1 2 3 4 5 6 7 8 9 10;10;10;10;19;0;0;10;0.000177;107345;K*;                        ? Unchecked;ijcai-2026-base-17-g133903f
n-pancake;unit;15/1;1;5 4 2 9 6 8 10 1 3 7;1 2 3 4 5 6 7 8 9 10;9;9;9;12;0;0;10;0.000104;115385;K*;                        ? Unchecked;ijcai-2026-base-17-g133903f
n-pancake;unit;16/1;1;6 4 1 3 8 9 7 5 10 2;1 2 3 4 5 6 7 8 9 10;9;9;9;16;0;0;10;0.000143;111888;K*;                        ? Unchecked;ijcai-2026-base-17-g133903f
n-pancake;unit;17/1;1;4 7 3 6 5 2 8 10 1 9;1 2 3 4 5 6 7 8 9 10;9;9;9;10;0;0;10;0.0001;100000;K*;                        ? Unchecked;ijcai-2026-base-17-g133903f
n-pancake;unit;18/1;1;8 1 3 7 10 2 5 9 6 4;1 2 3 4 5 6 7 8 9 10;10;11;11;54;0;0;10;0.000535;100935;K*;                        ? Unchecked;ijcai-2026-base-17-g133903f
n-pancake;unit;19/1;1;7 3 5 9 4 8 2 10 6 1;1 2 3 4 5 6 7 8 9 10;10;10;10;15;0;0;10;0.00018;83333.3;K*;                        ? Unchecked;ijcai-2026-base-17-g133903f
n-pancake;unit;20/1;1;4 7 10 8 2 3 1 5 9 6;1 2 3 4 5 6 7 8 9 10;9;10;10;156;0;0;11;0.001785;87395;K*;                        ? Unchecked;ijcai-2026-base-17-g133903f
n-pancake;unit;21/1;1;10 2 5 3 9 4 1 8 6 7;1 2 3 4 5 6 7 8 9 10;9;9;9;23;0;0;11;0.000416;55288.5;K*;                        ? Unchecked;ijcai-2026-base-17-g133903f
n-pancake;unit;22/1;1;1 4 10 9 2 8 5 7 3 6;1 2 3 4 5 6 7 8 9 10;9;9;9;10;0;0;11;9.1e-05;109890;K*;                        ? Unchecked;ijcai-2026-base-17-g133903f
n-pancake;unit;23/1;1;5 1 3 8 7 10 6 4 2 9;1 2 3 4 5 6 7 8 9 10;9;9;9;26;0;0;11;0.00025;104000;K*;                        ? Unchecked;ijcai-2026-base-17-g133903f
n-pancake;unit;24/1;1;8 1 9 5 3 7 6 4 10 2;1 2 3 4 5 6 7 8 9 10;9;9;9;13;0;0;11;0.000132;98484.8;K*;                        ? Unchecked;ijcai-2026-base-17-g133903f
n-pancake;unit;25/1;1;4 7 6 8 2 10 1 9 5 3;1 2 3 4 5 6 7 8 9 10;9;9;9;10;0;0;11;8.8e-05;113636;K*;                        ? Unchecked;ijcai-2026-base-17-g133903f
n-pancake;unit;26/1;1;7 4 6 2 8 3 9 1 10 5;1 2 3 4 5 6 7 8 9 10;10;10;10;16;0;0;11;0.000147;108844;K*;                        ? Unchecked;ijcai-2026-base-17-g133903f
n-pancake;unit;27/1;1;1 7 10 4 2 6 9 8 5 3;1 2 3 4 5 6 7 8 9 10;9;9;9;11;0;0;11;9.4e-05;117021;K*;                        ? Unchecked;ijcai-2026-base-17-g133903f
n-pancake;unit;28/1;1;9 4 6 8 7 10 2 5 1 3;1 2 3 4 5 6 7 8 9 10;9;10;10;43;0;0;11;0.000407;105651;K*;                        ? Unchecked;ijcai-2026-base-17-g133903f
n-pancake;unit;29/1;1;8 3 9 2 7 4 6 1 5 10;1 2 3 4 5 6 7 8 9 10;9;9;9;15;0;0;11;0.000165;90909.1;K*;                        ? Unchecked;ijcai-2026-base-17-g133903f
n-pancake;unit;30/1;1;3 2 5 9 1 8 4 6 10 7;1 2 3 4 5 6 7 8 9 10;9;9;9;10;0;0;11;8.6e-05;116279;K*;                        ? Unchecked;ijcai-2026-base-17-g133903f
n-pancake;unit;31/1;1;4 8 10 7 9 6 2 5 3 1;1 2 3 4 5 6 7 8 9 10;10;10;10;12;0;0;11;0.000104;115385;K*;                        ? Unchecked;ijcai-2026-base-17-g133903f
n-pancake;unit;32/1;1;5 1 10 4 8 2 6 3 7 9;1 2 3 4 5 6 7 8 9 10;10;10;10;57;0;0;11;0.000552;103261;K*;                        ? Unchecked;ijcai-2026-base-17-g133903f
n-pancake;unit;33/1;1;8 2 5 6 10 7 9 4 1 3;1 2 3 4 5 6 7 8 9 10;9;9;9;18;0;0;11;0.00021;85714.3;K*;                        ? Unchecked;ijcai-2026-base-17-g133903f
n-pancake;unit;34/1;1;1 10 8 3 9 5 2 7 6 4;1 2 3 4 5 6 7 8 9 10;9;10;10;27;0;0;11;0.000263;102662;K*;                        ? Unchecked;ijcai-2026-base-17-g133903f
n-pancake;unit;35/1;1;4 5 3 7 9 1 8 10 6 2;1 2 3 4 5 6 7 8 9 10;9;10;10;18;0;0;11;0.000312;57692.3;K*;                        ? Unchecked;ijcai-2026-base-17-g133903f
n-pancake;unit;36/1;1;3 7 1 4 5 10 2 9 6 8;1 2 3 4 5 6 7 8 9 10;9;9;9;12;0;0;11;0.000107;112150;K*;                        ? Unchecked;ijcai-2026-base-17-g133903f
n-pancake;unit;37/1;1;7 9 2 3 10 1 6 4 8 5;1 2 3 4 5 6 7 8 9 10;9;10;10;111;0;0;11;0.001095;101370;K*;                        ? Unchecked;ijcai-2026-base-17-g133903f
n-pancake;unit;38/1;1;8 6 10 1 3 9 4 7 2 5;1 2 3 4 5 6 7 8 9 10;10;10;10;33;0;0;11;0.000459;71895.4;K*;                        ? Unchecked;ijcai-2026-base-17-g133903f
n-pancake;unit;39/1;1;2 6 1 5 9 3 4 8 10 7;1 2 3 4 5 6 7 8 9 10;9;9;9;19;0;0;11;0.000208;91346.2;K*;                        ? Unchecked;ijcai-2026-base-17-g133903f
n-pancake;unit;40/1;1;3 9 5 8 2 7 1 6 4 10;1 2 3 4 5 6 7 8 9 10;9;9;9;25;0;0;11;0.000249;100402;K*;                        ? Unchecked;ijcai-2026-base-17-g133903f
n-pancake;unit;41/1;1;8 1 9 3 6 7 10 5 2 4;1 2 3 4 5 6 7 8 9 10;9;10;10;12;0;0;11;0.000107;112150;K*;                        ? Unchecked;ijcai-2026-base-17-g133903f
n-pancake;unit;42/1;1;3 10 2 4 7 9 8 5 1 6;1 2 3 4 5 6 7 8 9 10;9;10;10;39;0;0;11;0.000387;100775;K*;                        ? Unchecked;ijcai-2026-base-17-g133903f
n-pancake;unit;43/1;1;6 1 7 3 10 8 4 5 2 9;1 2 3 4 5 6 7 8 9 10;9;10;10;13;0;0;11;0.000152;85526.3;K*;                        ? Unchecked;ijcai-2026-base-17-g133903f
n-pancake;unit;44/1;1;9 2 6 10 1 3 8 5 4 7;1 2 3 4 5 6 7 8 9 10;9;10;10;55;0;0;11;0.000667;82458.8;K*;                        ? Unchecked;ijcai-2026-base-17-g133903f
n-pancake;unit;45/1;1;1 7 3 9 2 5 8 6 10 4;1 2 3 4 5 6 7 8 9 10;10;10;10;13;0;0;11;0.000164;79268.3;K*;                        ? Unchecked;ijcai-2026-base-17-g133903f
n-pancake;unit;46/1;1;7 9 2 5 4 1 8 3 10 6;1 2 3 4 5 6 7 8 9 10;9;9;9;26;0;0;11;0.000244;106557;K*;                        ? Unchecked;ijcai-2026-base-17-g133903f
n-pancake;unit;47/1;1;6 8 4 10 2 9 3 7 5 1;1 2 3 4 5 6 7 8 9 10;10;10;10;26;0;0;11;0.000261;99616.9;K*;                        ? Unchecked;ijcai-2026-base-17-g133903f
n-pancake;unit;48/1;1;4 1 7 5 3 10 6 9 2 8;1 2 3 4 5 6 7 8 9 10;10;10;10;21;0;0;11;0.000205;102439;K*;                        ? Unchecked;ijcai-2026-base-17-g133903f
n-pancake;unit;49/1;1;4 1 6 5 7 3 9 2 10 8;1 2 3 4 5 6 7 8 9 10;9;10;10;15;0;0;11;0.00014;107143;K*;                        ? Unchecked;ijcai-2026-base-17-g133903f
n-pancake;unit;50/1;1;8 5 2 7 4 3 10 1 6 9;1 2 3 4 5 6 7 8 9 10;9;9;9;13;0;0;11;0.000116;112069;K*;                        ? Unchecked;ijcai-2026-base-17-g133903f
n-pancake;unit;51/1;1;3 5 4 2 8 6 10 1 9 7;1 2 3 4 5 6 7 8 9 10;9;10;10;16;0;0;11;0.000141;113475;K*;                        ? Unchecked;ijcai-2026-base-17-g133903f
n-pancake;unit;52/1;1;5 9 2 7 10 8 6 3 1 4;1 2 3 4 5 6 7 8 9 10;10;11;11;45;0;0;11;0.000424;106132;K*;                        ? Unchecked;ijcai-2026-base-17-g133903f
n-pancake;unit;53/1;1;8 1 5 2 3 6 9 4 10 7;1 2 3 4 5 6 7 8 9 10;9;9;9;10;0;0;11;8.7e-05;114943;K*;                        ? Unchecked;ijcai-2026-base-17-g133903f
n-pancake;unit;54/1;1;10 1 4 8 2 6 5 7 3 9;1 2 3 4 5 6 7 8 9 10;9;10;10;84;0;0;11;0.00095;88421.1;K*;                        ? Unchecked;ijcai-2026-base-17-g133903f
n-pancake;unit;55/1;1;9 1 8 3 6 10 4 2 5 7;1 2 3 4 5 6 7 8 9 10;10;10;10;23;0;0;11;0.0003;76666.7;K*;                        ? Unchecked;ijcai-2026-base-17-g133903f
n-pancake;unit;56/1;1;4 7 6 1 10 5 9 2 8 3;1 2 3 4 5 6 7 8 9 10;9;10;10;27;0;0;11;0.00027;100000;K*;                        ? Unchecked;ijcai-2026-base-17-g133903f
n-pancake;unit;57/1;1;8 5 10 7 9 3 2 6 1 4;1 2 3 4 5 6 7 8 9 10;9;10;10;30;0;0;11;0.000305;98360.7;K*;                        ? Unchecked;ijcai-2026-base-17-g133903f
n-pancake;unit;58/1;1;6 3 7 1 4 2 8 5 10 9;1 2 3 4 5 6 7 8 9 10;9;10;10;274;0;0;12;0.003252;84255.8;K*;                        ? Unchecked;ijcai-2026-base-17-g133903f
n-pancake;unit;59/1;1;1 9 7 10 5 4 6 2 8 3;1 2 3 4 5 6 7 8 9 10;9;9;9;15;0;0;12;0.000517;29013.5;K*;                        ? Unchecked;ijcai-2026-base-17-g133903f
n-pancake;unit;60/1;1;1 3 10 4 8 5 9 2 7 6;1 2 3 4 5 6 7 8 9 10;9;10;10;21;0;0;12;0.000201;104478;K*;                        ? Unchecked;ijcai-2026-base-17-g133903f
n-pancake;unit;61/1;1;8 7 5 2 4 10 3 1 9 6;1 2 3 4 5 6 7 8 9 10;9;9;9;10;0;0;12;8.9e-05;112360;K*;                        ? Unchecked;ijcai-2026-base-17-g133903f
n-pancake;unit;62/1;1;9 2 10 5 7 1 6 8 4 3;1 2 3 4 5 6 7 8 9 10;9;10;10;28;0;0;12;0.000269;104089;K*;                        ? Unchecked;ijcai-2026-base-17-g133903f
n-pancake;unit;63/1;1;7 9 10 8 6 1 4 2 5 3;1 2 3 4 5 6 7 8 9 10;9;9;9;25;0;0;12;0.000256;97656.2;K*;                        ? Unchecked;ijcai-2026-base-17-g133903f
n-pancake;unit;64/1;1;9 1 3 5 7 2 10 8 4 6;1 2 3 4 5 6 7 8 9 10;10;10;10;24;0;0;12;0.000237;101266;K*;                        ? Unchecked;ijcai-2026-base-17-g133903f
n-pancake;unit;65/1;1;8 2 3 5 9 7 10 6 4 1;1 2 3 4 5 6 7 8 9 10;9;9;9;16;0;0;12;0.000154;103896;K*;                        ? Unchecked;ijcai-2026-base-17-g133903f
n-pancake;unit;66/1;1;9 4 10 6 2 7 1 3 8 5;1 2 3 4 5 6 7 8 9 10;10;10;10;25;0;0;12;0.000255;98039.2;K*;                        ? Unchecked;ijcai-2026-base-17-g133903f
n-pancake;unit;67/1;1;4 8 5 2 10 9 6 3 1 7;1 2 3 4 5 6 7 8 9 10;9;9;9;15;0;0;12;0.000147;102041;K*;                        ? Unchecked;ijcai-2026-base-17-g133903f
n-pancake;unit;68/1;1;4 3 8 10 2 5 9 6 1 7;1 2 3 4 5 6 7 8 9 10;9;10;10;52;0;0;12;0.000503;103380;K*;                        ? Unchecked;ijcai-2026-base-17-g133903f
n-pancake;unit;69/1;1;8 5 9 4 1 10 7 2 6 3;1 2 3 4 5 6 7 8 9 10;10;10;10;11;0;0;12;9.7e-05;113402;K*;                        ? Unchecked;ijcai-2026-base-17-g133903f
n-pancake;unit;70/1;1;7 4 2 9 6 8 3 1 5 10;1 2 3 4 5 6 7 8 9 10;9;9;9;10;0;0;12;8.7e-05;114943;K*;                        ? Unchecked;ijcai-2026-base-17-g133903f
n-pancake;unit;71/1;1;6 1 7 3 4 9 5 8 10 2;1 2 3 4 5 6 7 8 9 10;9;9;9;18;0;0;12;0.000163;110429;K*;                        ? Unchecked;ijcai-2026-base-17-g133903f
n-pancake;unit;72/1;1;9 4 10 2 7 6 1 5 8 3;1 2 3 4 5 6 7 8 9 10;9;10;10;36;0;0;12;0.000351;102564;K*;                        ? Unchecked;ijcai-2026-base-17-g133903f
n-pancake;unit;73/1;1;1 7 4 2 5 3 6 9 10 8;1 2 3 4 5 6 7 8 9 10;9;9;9;19;0;0;12;0.000197;96446.7;K*;                        ? Unchecked;ijcai-2026-base-17-g133903f
n-pancake;unit;74/1;1;6 3 2 7 10 8 1 4 9 5;1 2 3 4 5 6 7 8 9 10;9;9;9;10;0;0;12;8.7e-05;114943;K*;                        ? Unchecked;ijcai-2026-base-17-g133903f
n-pancake;unit;75/1;1;10 8 4 9 6 1 7 3 5 2;1 2 3 4 5 6 7 8 9 10;10;10;10;49;0;0;12;0.000469;104478;K*;                        ? Unchecked;ijcai-2026-base-17-g133903f
n-pancake;unit;76/1;1;9 8 3 6 2 5 10 1 4 7;1 2 3 4 5 6 7 8 9 10;9;9;9;11;0;0;12;9.6e-05;114583;K*;                        ? Unchecked;ijcai-2026-base-17-g133903f
n-pancake;unit;77/1;1;1 6 8 5 2 4 7 9 3 10;1 2 3 4 5 6 7 8 9 10;9;10;10;29;0;0;12;0.00028;103571;K*;                        ? Unchecked;ijcai-2026-base-17-g133903f
n-pancake;unit;78/1;1;3 10 7 1 4 8 9 6 2 5;1 2 3 4 5 6 7 8 9 10;9;10;10;26;0;0;12;0.000275;94545.5;K*;                        ? Unchecked;ijcai-2026-base-17-g133903f
n-pancake;unit;79/1;1;5 1 8 10 6 4 9 2 3 7;1 2 3 4 5 6 7 8 9 10;9;9;9;10;0;0;12;8.7e-05;114943;K*;                        ? Unchecked;ijcai-2026-base-17-g133903f
n-pancake;unit;80/1;1;8 4 5 10 2 6 3 1 7 9;1 2 3 4 5 6 7 8 9 10;9;9;9;16;0;0;12;0.000144;111111;K*;                        ? Unchecked;ijcai-2026-base-17-g133903f
n-pancake;unit;81/1;1;6 2 5 10 3 7 4 9 8 1;1 2 3 4 5 6 7 8 9 10;9;10;10;46;0;0;12;0.00044;104545;K*;                        ? Unchecked;ijcai-2026-base-17-g133903f
n-pancake;unit;82/1;1;6 3 8 7 4 9 1 10 5 2;1 2 3 4 5 6 7 8 9 10;9;10;10;33;0;0;12;0.000352;93750;K*;                        ? Unchecked;ijcai-2026-base-17-g133903f
n-pancake;unit;83/1;1;2 10 3 9 8 6 4 1 7 5;1 2 3 4 5 6 7 8 9 10;9;9;9;13;0;0;12;0.000139;93525.2;K*;                        ? Unchecked;ijcai-2026-base-17-g133903f
n-pancake;unit;84/1;1;4 2 9 7 3 10 5 8 1 6;1 2 3 4 5 6 7 8 9 10;10;10;10;28;0;0;12;0.000265;105660;K*;                        ? Unchecked;ijcai-2026-base-17-g133903f
n-pancake;unit;85/1;1;8 1 5 6 2 10 4 9 3 7;1 2 3 4 5 6 7 8 9 10;9;10;10;57;0;0;12;0.00056;101786;K*;                        ? Unchecked;ijcai-2026-base-17-g133903f
n-pancake;unit;86/1;1;9 5 8 3 4 6 10 1 7 2;1 2 3 4 5 6 7 8 9 10;9;10;10;34;0;0;12;0.000375;90666.7;K*;                        ? Unchecked;ijcai-2026-base-17-g133903f
n-pancake;unit;87/1;1;6 3 7 1 5 10 4 9 8 2;1 2 3 4 5 6 7 8 9 10;9;10;10;46;0;0;12;0.000463;99352.1;K*;                        ? Unchecked;ijcai-2026-base-17-g133903f
n-pancake;unit;88/1;1;6 4 1 9 8 2 10 3 5 7;1 2 3 4 5 6 7 8 9 10;9;10;10;37;0;0;12;0.000394;93908.6;K*;                        ? Unchecked;ijcai-2026-base-17-g133903f
n-pancake;unit;89/1;1;2 8 5 3 1 7 6 10 4 9;1 2 3 4 5 6 7 8 9 10;9;10;10;52;0;0;12;0.000532;97744.4;K*;                        ? Unchecked;ijcai-2026-base-17-g133903f
n-pancake;unit;90/1;1;3 6 10 5 1 9 8 4 7 2;1 2 3 4 5 6 7 8 9 10;9;9;9;12;0;0;12;0.000104;115385;K*;                        ? Unchecked;ijcai-2026-base-17-g133903f
n-pancake;unit;91/1;1;6 9 3 8 1 5 7 10 2 4;1 2 3 4 5 6 7 8 9 10;10;10;10;15;0;0;12;0.000133;112782;K*;                        ? Unchecked;ijcai-2026-base-17-g133903f
n-pancake;unit;92/1;1;8 5 6 10 3 9 4 1 7 2;1 2 3 4 5 6 7 8 9 10;9;10;10;42;0;0;12;0.000409;102689;K*;                        ? Unchecked;ijcai-2026-base-17-g133903f
n-pancake;unit;93/1;1;8 6 4 5 3 9 2 10 7 1;1 2 3 4 5 6 7 8 9 10;9;10;10;26;0;0;12;0.000277;93862.8;K*;                        ? Unchecked;ijcai-2026-base-17-g133903f
n-pancake;unit;94/1;1;5 7 2 6 1 8 3 9 4 10;1 2 3 4 5 6 7 8 9 10;9;9;9;12;0;0;12;0.000103;116505;K*;                        ? Unchecked;ijcai-2026-base-17-g133903f
n-pancake;unit;95/1;1;4 10 6 8 3 9 5 7 1 2;1 2 3 4 5 6 7 8 9 10;9;10;10;104;0;0;12;0.001005;103483;K*;                        ? Unchecked;ijcai-2026-base-17-g133903f
n-pancake;unit;96/1;1;4 10 1 8 7 9 6 3 5 2;1 2 3 4 5 6 7 8 9 10;9;9;9;17;0;0;12;0.000273;62271.1;K*;                        ? Unchecked;ijcai-2026-base-17-g133903f
n-pancake;unit;97/1;1;10 3 8 6 1 2 9 4 7 5;1 2 3 4 5 6 7 8 9 10;9;10;10;210;0;0;12;0.002116;99243.9;K*;                        ? Unchecked;ijcai-2026-base-17-g133903f
n-pancake;unit;98/1;1;10 4 7 1 8 6 2 9 3 5;1 2 3 4 5 6 7 8 9 10;10;10;10;25;0;0;12;0.000519;48169.6;K*;                        ? Unchecked;ijcai-2026-base-17-g133903f
n-pancake;unit;99/1;1;6 9 5 8 2 7 3 1 4 10;1 2 3 4 5 6 7 8 9 10;9;9;9;12;0;0;12;0.000104;115385;K*;                        ? Unchecked;ijcai-2026-base-17-g133903f
n-pancake;unit;0/2;2;3 8 2 7 9 1 5 10 6 4;1 2 3 4 5 6 7 8 9 10;10;10;10;40;0;0;12;0.000447;89485.5;K*;                        ? Unchecked;ijcai-2026-base-17-g133903f
n-pancake;unit;1/2;2;4 1 6 5 10 2 8 3 9 7;1 2 3 4 5 6 7 8 9 10;9;10;10;290;0;0;12;0.003269;88712.1;K*;                        ? Unchecked;ijcai-2026-base-17-g133903f
n-pancake;unit;2/2;2;9 8 4 1 10 2 6 3 7 5;1 2 3 4 5 6 7 8 9 10;9;10;10;54;0;0;12;0.000981;55045.9;K*;                        ? Unchecked;ijcai-2026-base-17-g133903f
n-pancake;unit;3/2;2;9 2 7 1 4 8 10 5 6 3;1 2 3 4 5 6 7 8 9 10;9;10;10;48;0;0;12;0.000567;84656.1;K*;                        ? Unchecked;ijcai-2026-base-17-g133903f
n-pancake;unit;4/2;2;4 1 5 2 8 6 10 9 3 7;1 2 3 4 5 6 7 8 9 10;9;10;10;75;0;0;12;0.000849;88339.2;K*;                        ? Unchecked;ijcai-2026-base-17-g133903f
n-pancake;unit;5/2;2;2 1 8 6 4 9 5 3 10 7;1 2 3 4 5 6 7 8 9 10;9;10;10;40;0;0;12;0.000504;79365.1;K*;                        ? Unchecked;ijcai-2026-base-17-g133903f
n-pancake;unit;6/2;2;9 1 6 4 3 8 10 2 5 7;1 2 3 4 5 6 7 8 9 10;9;10;10;146;0;0;12;0.001622;90012.3;K*;                        ? Unchecked;ijcai-2026-base-17-g133903f
n-pancake;unit;7/2;2;3 5 2 10 8 9 4 6 1 7;1 2 3 4 5 6 7 8 9 10;9;10;10;76;0;0;12;0.000978;77709.6;K*;                        ? Unchecked;ijcai-2026-base-17-g133903f
n-pancake;unit;8/2;2;4 7 2 9 5 3 6 10 1 8;1 2 3 4 5 6 7 8 9 10;10;11;11;57;0;0;12;0.000693;82251.1;K*;                        ? Unchecked;ijcai-2026-base-17-g133903f
n-pancake;unit;9/2;2;1 9 6 10 4 2 5 7 8 3;1 2 3 4 5 6 7 8 9 10;9;10;10;48;0;0;12;0.000592;81081.1;K*;                        ? Unchecked;ijcai-2026-base-17-g133903f
n-pancake;unit;10/2;2;6 4 3 7 10 8 2 5 1 9;1 2 3 4 5 6 7 8 9 10;9;9;9;54;0;0;12;0.000623;86677.4;K*;                        ? Unchecked;ijcai-2026-base-17-g133903f
n-pancake;unit;11/2;2;1 7 9 4 2 5 6 3 10 8;1 2 3 4 5 6 7 8 9 10;9;10;10;80;0;0;12;0.000874;91533.2;K*;                        ? Unchecked;ijcai-2026-base-17-g133903f
n-pancake;unit;12/2;2;3 7 5 10 9 2 8 4 6 1;1 2 3 4 5 6 7 8 9 10;9;10;10;43;0;0;12;0.000537;80074.5;K*;                        ? Unchecked;ijcai-2026-base-17-g133903f
n-pancake;unit;13/2;2;5 7 9 8 2 4 1 6 10 3;1 2 3 4 5 6 7 8 9 10;9;10;10;35;0;0;12;0.000408;85784.3;K*;                        ? Unchecked;ijcai-2026-base-17-g133903f
n-pancake;unit;14/2;2;3 6 10 5 7 4 2 9 1 8;1 2 3 4 5 6 7 8 9 10;10;10;10;59;0;0;12;0.000648;91049.4;K*;                        ? Unchecked;ijcai-2026-base-17-g133903f
n-pancake;unit;15/2;2;5 4 2 9 6 8 10 1 3 7;1 2 3 4 5 6 7 8 9 10;9;9;9;32;0;0;12;0.000401;79800.5;K*;                        ? Unchecked;ijcai-2026-base-17-g133903f
n-pancake;unit;16/2;2;6 4 1 3 8 9 7 5 10 2;1 2 3 4 5 6 7 8 9 10;9;9;9;36;0;0;12;0.000406;88670;K*;                        ? Unchecked;ijcai-2026-base-17-g133903f
n-pancake;unit;17/2;2;4 7 3 6 5 2 8 10 1 9;1 2 3 4 5 6 7 8 9 10;9;9;9;30;0;0;12;0.000342;87719.3;K*;                        ? Unchecked;ijcai-2026-base-17-g133903f
n-pancake;unit;18/2;2;8 1 3 7 10 2 5 9 6 4;1 2 3 4 5 6 7 8 9 10;10;11;11;74;0;0;12;0.000764;96858.6;K*;                        ? Unchecked;ijcai-2026-base-17-g133903f
n-pancake;unit;19/2;2;7 3 5 9 4 8 2 10 6 1;1 2 3 4 5 6 7 8 9 10;10;10;10;35;0;0;12;0.000447;78299.8;K*;                        ? Unchecked;ijcai-2026-base-17-g133903f
n-pancake;unit;20/2;2;4 7 10 8 2 3 1 5 9 6;1 2 3 4 5 6 7 8 9 10;9;10;10;176;0;0;12;0.001808;97345.1;K*;                        ? Unchecked;ijcai-2026-base-17-g133903f
n-pancake;unit;21/2;2;10 2 5 3 9 4 1 8 6 7;1 2 3 4 5 6 7 8 9 10;9;10;10;63;0;0;12;0.000898;70155.9;K*;                        ? Unchecked;ijcai-2026-base-17-g133903f
n-pancake;unit;22/2;2;1 4 10 9 2 8 5 7 3 6;1 2 3 4 5 6 7 8 9 10;9;10;10;30;0;0;12;0.000395;75949.4;K*;                        ? Unchecked;ijcai-2026-base-17-g133903f
n-pancake;unit;23/2;2;5 1 3 8 7 10 6 4 2 9;1 2 3 4 5 6 7 8 9 10;9;10;10;46;0;0;12;0.0005;92000;K*;                        ? Unchecked;ijcai-2026-base-17-g133903f
n-pancake;unit;24/2;2;8 1 9 5 3 7 6 4 10 2;1 2 3 4 5 6 7 8 9 10;9;9;9;33;0;0;12;0.00039;84615.4;K*;                        ? Unchecked;ijcai-2026-base-17-g133903f
n-pancake;unit;25/2;2;4 7 6 8 2 10 1 9 5 3;1 2 3 4 5 6 7 8 9 10;9;10;10;190;0;0;12;0.002016;94246;K*;                        ? Unchecked;ijcai-2026-base-17-g133903f
n-pancake;unit;26/2;2;7 4 6 2 8 3 9 1 10 5;1 2 3 4 5 6 7 8 9 10;10;10;10;36;0;0;12;0.000646;55727.6;K*;                        ? Unchecked;ijcai-2026-base-17-g133903f
n-pancake;unit;27/2;2;1 7 10 4 2 6 9 8 5 3;1 2 3 4 5 6 7 8 9 10;9;9;9;31;0;0;12;0.000359;86351;K*;                        ? Unchecked;ijcai-2026-base-17-g133903f
n-pancake;unit;28/2;2;9 4 6 8 7 10 2 5 1 3;1 2 3 4 5 6 7 8 9 10;9;10;10;43;0;0;12;0.000591;72758;K*;                        ? Unchecked;ijcai-2026-base-17-g133903f
n-pancake;unit;29/2;2;8 3 9 2 7 4 6 1 5 10;1 2 3 4 5 6 7 8 9 10;9;9;9;35;0;0;12;0.000407;85995.1;K*;                        ? Unchecked;ijcai-2026-base-17-g133903f
n-pancake;unit;30/2;2;3 2 5 9 1 8 4 6 10 7;1 2 3 4 5 6 7 8 9 10;9;10;10;30;0;0;12;0.000339;88495.6;K*;                        ? Unchecked;ijcai-2026-base-17-g133903f
n-pancake;unit;31/2;2;4 8 10 7 9 6 2 5 3 1;1 2 3 4 5 6 7 8 9 10;10;10;10;32;0;0;12;0.000362;88397.8;K*;                        ? Unchecked;ijcai-2026-base-17-g133903f
n-pancake;unit;32/2;2;5 1 10 4 8 2 6 3 7 9;1 2 3 4 5 6 7 8 9 10;10;10;10;77;0;0;12;0.000796;96733.7;K*;                        ? Unchecked;ijcai-2026-base-17-g133903f
n-pancake;unit;33/2;2;8 2 5 6 10 7 9 4 1 3;1 2 3 4 5 6 7 8 9 10;9;10;10;38;0;0;12;0.000485;78350.5;K*;                        ? Unchecked;ijcai-2026-base-17-g133903f
n-pancake;unit;34/2;2;1 10 8 3 9 5 2 7 6 4;1 2 3 4 5 6 7 8 9 10;9;10;10;47;0;0;12;0.000649;72419.1;K*;                        ? Unchecked;ijcai-2026-base-17-g133903f
n-pancake;unit;35/2;2;4 5 3 7 9 1 8 10 6 2;1 2 3 4 5 6 7 8 9 10;9;10;10;38;0;0;12;0.000446;85201.8;K*;                        ? Unchecked;ijcai-2026-base-17-g133903f
n-pancake;unit;36/2;2;3 7 1 4 5 10 2 9 6 8;1 2 3 4 5 6 7 8 9 10;9;9;9;32;0;0;12;0.000364;87912.1;K*;                        ? Unchecked;ijcai-2026-base-17-g133903f
n-pancake;unit;37/2;2;7 9 2 3 10 1 6 4 8 5;1 2 3 4 5 6 7 8 9 10;9;10;10;131;0;0;12;0.001323;99017.4;K*;                        ? Unchecked;ijcai-2026-base-17-g133903f
n-pancake;unit;38/2;2;8 6 10 1 3 9 4 7 2 5;1 2 3 4 5 6 7 8 9 10;10;10;10;53;0;0;12;0.000726;73002.8;K*;                        ? Unchecked;ijcai-2026-base-17-g133903f
n-pancake;unit;39/2;2;2 6 1 5 9 3 4 8 10 7;1 2 3 4 5 6 7 8 9 10;9;10;10;39;0;0;12;0.000582;67010.3;K*;                        ? Unchecked;ijcai-2026-base-17-g133903f
n-pancake;unit;40/2;2;3 9 5 8 2 7 1 6 4 10;1 2 3 4 5 6 7 8 9 10;9;10;10;45;0;0;12;0.000495;90909.1;K*;                        ? Unchecked;ijcai-2026-base-17-g133903f
n-pancake;unit;41/2;2;8 1 9 3 6 7 10 5 2 4;1 2 3 4 5 6 7 8 9 10;9;10;10;32;0;0;12;0.00038;84210.5;K*;                        ? Unchecked;ijcai-2026-base-17-g133903f
n-pancake;unit;42/2;2;3 10 2 4 7 9 8 5 1 6;1 2 3 4 5 6 7 8 9 10;9;10;10;59;0;0;12;0.00064;92187.5;K*;                        ? Unchecked;ijcai-2026-base-17-g133903f
n-pancake;unit;43/2;2;6 1 7 3 10 8 4 5 2 9;1 2 3 4 5 6 7 8 9 10;9;10;10;33;0;0;12;0.000416;79326.9;K*;                        ? Unchecked;ijcai-2026-base-17-g133903f
n-pancake;unit;44/2;2;9 2 6 10 1 3 8 5 4 7;1 2 3 4 5 6 7 8 9 10;9;10;10;75;0;0;12;0.000784;95663.3;K*;                        ? Unchecked;ijcai-2026-base-17-g133903f
n-pancake;unit;45/2;2;1 7 3 9 2 5 8 6 10 4;1 2 3 4 5 6 7 8 9 10;10;10;10;33;0;0;12;0.000569;57996.5;K*;                        ? Unchecked;ijcai-2026-base-17-g133903f
n-pancake;unit;46/2;2;7 9 2 5 4 1 8 3 10 6;1 2 3 4 5 6 7 8 9 10;9;10;10;46;0;0;12;0.000501;91816.4;K*;                        ? Unchecked;ijcai-2026-base-17-g133903f
n-pancake;unit;47/2;2;6 8 4 10 2 9 3 7 5 1;1 2 3 4 5 6 7 8 9 10;10;11;11;226;0;0;12;0.002509;90075.7;K*;                        ? Unchecked;ijcai-2026-base-17-g133903f
n-pancake;unit;48/2;2;4 1 7 5 3 10 6 9 2 8;1 2 3 4 5 6 7 8 9 10;10;11;11;61;0;0;12;0.00098;62244.9;K*;                        ? Unchecked;ijcai-2026-base-17-g133903f
n-pancake;unit;49/2;2;4 1 6 5 7 3 9 2 10 8;1 2 3 4 5 6 7 8 9 10;9;10;10;255;0;0;12;0.003044;83771.4;K*;                        ? Unchecked;ijcai-2026-base-17-g133903f
n-pancake;unit;50/2;2;8 5 2 7 4 3 10 1 6 9;1 2 3 4 5 6 7 8 9 10;9;9;9;33;0;0;12;0.000716;46089.4;K*;                        ? Unchecked;ijcai-2026-base-17-g133903f
n-pancake;unit;51/2;2;3 5 4 2 8 6 10 1 9 7;1 2 3 4 5 6 7 8 9 10;9;10;10;36;0;0;12;0.00042;85714.3;K*;                        ? Unchecked;ijcai-2026-base-17-g133903f
n-pancake;unit;52/2;2;5 9 2 7 10 8 6 3 1 4;1 2 3 4 5 6 7 8 9 10;10;11;11;65;0;0;12;0.000702;92592.6;K*;                        ? Unchecked;ijcai-2026-base-17-g133903f
n-pancake;unit;53/2;2;8 1 5 2 3 6 9 4 10 7;1 2 3 4 5 6 7 8 9 10;9;9;9;30;0;0;12;0.000388;77319.6;K*;                        ? Unchecked;ijcai-2026-base-17-g133903f
n-pancake;unit;54/2;2;10 1 4 8 2 6 5 7 3 9;1 2 3 4 5 6 7 8 9 10;9;10;10;164;0;0;12;0.001905;86089.2;K*;                        ? Unchecked;ijcai-2026-base-17-g133903f
n-pancake;unit;55/2;2;9 1 8 3 6 10 4 2 5 7;1 2 3 4 5 6 7 8 9 10;10;10;10;43;0;0;12;0.000673;63893;K*;                        ? Unchecked;ijcai-2026-base-17-g133903f
n-pancake;unit;56/2;2;4 7 6 1 10 5 9 2 8 3;1 2 3 4 5 6 7 8 9 10;9;10;10;47;0;0;12;0.000542;86715.9;K*;                        ? Unchecked;ijcai-2026-base-17-g133903f
n-pancake;unit;57/2;2;8 5 10 7 9 3 2 6 1 4;1 2 3 4 5 6 7 8 9 10;9;10;10;50;0;0;12;0.000567;88183.4;K*;                        ? Unchecked;ijcai-2026-base-17-g133903f
n-pancake;unit;58/2;2;6 3 7 1 4 2 8 5 10 9;1 2 3 4 5 6 7 8 9 10;9;11;11;331;0;0;12;0.003717;89050.3;K*;                        ? Unchecked;ijcai-2026-base-17-g133903f
n-pancake;unit;59/2;2;1 9 7 10 5 4 6 2 8 3;1 2 3 4 5 6 7 8 9 10;9;10;10;35;0;0;12;0.000859;40745.1;K*;                        ? Unchecked;ijcai-2026-base-17-g133903f
n-pancake;unit;60/2;2;1 3 10 4 8 5 9 2 7 6;1 2 3 4 5 6 7 8 9 10;9;10;10;41;0;0;12;0.000477;85953.9;K*;                        ? Unchecked;ijcai-2026-base-17-g133903f
n-pancake;unit;61/2;2;8 7 5 2 4 10 3 1 9 6;1 2 3 4 5 6 7 8 9 10;9;10;10;30;0;0;12;0.000359;83565.5;K*;                        ? Unchecked;ijcai-2026-base-17-g133903f
n-pancake;unit;62/2;2;9 2 10 5 7 1 6 8 4 3;1 2 3 4 5 6 7 8 9 10;9;10;10;68;0;0;12;0.000739;92016.2;K*;                        ? Unchecked;ijcai-2026-base-17-g133903f
n-pancake;unit;63/2;2;7 9 10 8 6 1 4 2 5 3;1 2 3 4 5 6 7 8 9 10;9;9;9;45;0;0;12;0.000704;63920.5;K*;                        ? Unchecked;ijcai-2026-base-17-g133903f
n-pancake;unit;64/2;2;9 1 3 5 7 2 10 8 4 6;1 2 3 4 5 6 7 8 9 10;10;11;11;84;0;0;12;0.000927;90614.9;K*;                        ? Unchecked;ijcai-2026-base-17-g133903f
n-pancake;unit;65/2;2;8 2 3 5 9 7 10 6 4 1;1 2 3 4 5 6 7 8 9 10;9;9;9;36;0;0;12;0.000472;76271.2;K*;                        ? Unchecked;ijcai-2026-base-17-g133903f
n-pancake;unit;66/2;2;9 4 10 6 2 7 1 3 8 5;1 2 3 4 5 6 7 8 9 10;10;10;10;45;0;0;12;0.000509;88408.6;K*;                        ? Unchecked;ijcai-2026-base-17-g133903f
n-pancake;unit;67/2;2;4 8 5 2 10 9 6 3 1 7;1 2 3 4 5 6 7 8 9 10;9;10;10;35;0;0;12;0.000408;85784.3;K*;                        ? Unchecked;ijcai-2026-base-17-g133903f
n-pancake;unit;68/2;2;4 3 8 10 2 5 9 6 1 7;1 2 3 4 5 6 7 8 9 10;9;10;10;72;0;0;12;0.000777;92664.1;K*;                        ? Unchecked;ijcai-2026-base-17-g133903f
n-pancake;unit;69/2;2;8 5 9 4 1 10 7 2 6 3;1 2 3 4 5 6 7 8 9 10;10;10;10;51;0;0;12;0.000628;81210.2;K*;                        ? Unchecked;ijcai-2026-base-17-g133903f
n-pancake;unit;70/2;2;7 4 2 9 6 8 3 1 5 10;1 2 3 4 5 6 7 8 9 10;9;9;9;30;0;0;12;0.000365;82191.8;K*;                        ? Unchecked;ijcai-2026-base-17-g133903f
n-pancake;unit;71/2;2;6 1 7 3 4 9 5 8 10 2;1 2 3 4 5 6 7 8 9 10;9;9;9;38;0;0;12;0.000418;90909.1;K*;                        ? Unchecked;ijcai-2026-base-17-g133903f
n-pancake;unit;72/2;2;9 4 10 2 7 6 1 5 8 3;1 2 3 4 5 6 7 8 9 10;9;10;10;76;0;0;12;0.000818;92909.5;K*;                        ? Unchecked;ijcai-2026-base-17-g133903f
n-pancake;unit;73/2;2;1 7 4 2 5 3 6 9 10 8;1 2 3 4 5 6 7 8 9 10;9;10;10;19;0;0;12;0.000275;69090.9;K*;                        ? Unchecked;ijcai-2026-base-17-g133903f
n-pancake;unit;74/2;2;6 3 2 7 10 8 1 4 9 5;1 2 3 4 5 6 7 8 9 10;9;9;9;30;0;0;12;0.000323;92879.3;K*;                        ? Unchecked;ijcai-2026-base-17-g133903f
n-pancake;unit;75/2;2;10 8 4 9 6 1 7 3 5 2;1 2 3 4 5 6 7 8 9 10;10;11;11;69;0;0;12;0.000756;91269.8;K*;                        ? Unchecked;ijcai-2026-base-17-g133903f
n-pancake;unit;76/2;2;9 8 3 6 2 5 10 1 4 7;1 2 3 4 5 6 7 8 9 10;9;10;10;91;0;0;12;0.001045;87081.3;K*;                        ? Unchecked;ijcai-2026-base-17-g133903f
n-pancake;unit;77/2;2;1 6 8 5 2 4 7 9 3 10;1 2 3 4 5 6 7 8 9 10;9;10;10;49;0;0;12;0.00063;77777.8;K*;                        ? Unchecked;ijcai-2026-base-17-g133903f
n-pancake;unit;78/2;2;3 10 7 1 4 8 9 6 2 5;1 2 3 4 5 6 7 8 9 10;9;10;10;46;0;0;12;0.000534;86142.3;K*;                        ? Unchecked;ijcai-2026-base-17-g133903f
n-pancake;unit;79/2;2;5 1 8 10 6 4 9 2 3 7;1 2 3 4 5 6 7 8 9 10;9;9;9;30;0;0;12;0.000357;84033.6;K*;                        ? Unchecked;ijcai-2026-base-17-g133903f
n-pancake;unit;80/2;2;8 4 5 10 2 6 3 1 7 9;1 2 3 4 5 6 7 8 9 10;9;9;9;36;0;0;12;0.000541;66543.4;K*;                        ? Unchecked;ijcai-2026-base-17-g133903f
n-pancake;unit;81/2;2;6 2 5 10 3 7 4 9 8 1;1 2 3 4 5 6 7 8 9 10;9;10;10;66;0;0;12;0.000704;93750;K*;                        ? Unchecked;ijcai-2026-base-17-g133903f
n-pancake;unit;82/2;2;6 3 8 7 4 9 1 10 5 2;1 2 3 4 5 6 7 8 9 10;9;10;10;53;0;0;12;0.000645;82170.5;K*;                        ? Unchecked;ijcai-2026-base-17-g133903f
n-pancake;unit;83/2;2;2 10 3 9 8 6 4 1 7 5;1 2 3 4 5 6 7 8 9 10;9;9;9;33;0;0;12;0.000405;81481.5;K*;                        ? Unchecked;ijcai-2026-base-17-g133903f
n-pancake;unit;84/2;2;4 2 9 7 3 10 5 8 1 6;1 2 3 4 5 6 7 8 9 10;10;10;10;48;0;0;12;0.000526;91254.8;K*;                        ? Unchecked;ijcai-2026-base-17-g133903f
n-pancake;unit;85/2;2;8 1 5 6 2 10 4 9 3 7;1 2 3 4 5 6 7 8 9 10;9;10;10;137;0;0;12;0.001511;90668.4;K*;                        ? Unchecked;ijcai-2026-base-17-g133903f
n-pancake;unit;86/2;2;9 5 8 3 4 6 10 1 7 2;1 2 3 4 5 6 7 8 9 10;9;10;10;54;0;0;12;0.00075;72000;K*;                        ? Unchecked;ijcai-2026-base-17-g133903f
n-pancake;unit;87/2;2;6 3 7 1 5 10 4 9 8 2;1 2 3 4 5 6 7 8 9 10;9;10;10;66;0;0;12;0.000758;87071.2;K*;                        ? Unchecked;ijcai-2026-base-17-g133903f
n-pancake;unit;88/2;2;6 4 1 9 8 2 10 3 5 7;1 2 3 4 5 6 7 8 9 10;9;10;10;77;0;0;12;0.000902;85365.9;K*;                        ? Unchecked;ijcai-2026-base-17-g133903f
n-pancake;unit;89/2;2;2 8 5 3 1 7 6 10 4 9;1 2 3 4 5 6 7 8 9 10;9;10;10;72;0;0;12;0.000844;85308.1;K*;                        ? Unchecked;ijcai-2026-base-17-g133903f
n-pancake;unit;90/2;2;3 6 10 5 1 9 8 4 7 2;1 2 3 4 5 6 7 8 9 10;9;9;9;32;0;0;12;0.000425;75294.1;K*;                        ? Unchecked;ijcai-2026-base-17-g133903f
n-pancake;unit;91/2;2;6 9 3 8 1 5 7 10 2 4;1 2 3 4 5 6 7 8 9 10;10;10;10;35;0;0;12;0.000399;87719.3;K*;                        ? Unchecked;ijcai-2026-base-17-g133903f
n-pancake;unit;92/2;2;8 5 6 10 3 9 4 1 7 2;1 2 3 4 5 6 7 8 9 10;9;10;10;102;0;0;12;0.001104;92391.3;K*;                        ? Unchecked;ijcai-2026-base-17-g133903f
n-pancake;unit;93/2;2;8 6 4 5 3 9 2 10 7 1;1 2 3 4 5 6 7 8 9 10;9;10;10;86;0;0;12;0.001094;78610.6;K*;                        ? Unchecked;ijcai-2026-base-17-g133903f
n-pancake;unit;94/2;2;5 7 2 6 1 8 3 9 4 10;1 2 3 4 5 6 7 8 9 10;9;9;9;52;0;0;12;0.000671;77496.3;K*;                        ? Unchecked;ijcai-2026-base-17-g133903f
n-pancake;unit;95/2;2;4 10 6 8 3 9 5 7 1 2;1 2 3 4 5 6 7 8 9 10;9;10;10;124;0;0;12;0.001337;92745;K*;                        ? Unchecked;ijcai-2026-base-17-g133903f
n-pancake;unit;96/2;2;4 10 1 8 7 9 6 3 5 2;1 2 3 4 5 6 7 8 9 10;9;10;10;37;0;0;12;0.000555;66666.7;K*;                        ? Unchecked;ijcai-2026-base-17-g133903f
n-pancake;unit;97/2;2;10 3 8 6 1 2 9 4 7 5;1 2 3 4 5 6 7 8 9 10;9;10;10;230;0;0;12;0.00244;94262.3;K*;                        ? Unchecked;ijcai-2026-base-17-g133903f
n-pancake;unit;98/2;2;10 4 7 1 8 6 2 9 3 5;1 2 3 4 5 6 7 8 9 10;10;10;10;45;0;0;12;0.000799;56320.4;K*;                        ? Unchecked;ijcai-2026-base-17-g133903f
n-pancake;unit;99/2;2;6 9 5 8 2 7 3 1 4 10;1 2 3 4 5 6 7 8 9 10;9;9;9;32;0;0;12;0.000416;76923.1;K*;                        ? Unchecked;ijcai-2026-base-17-g133903f
n-pancake;unit;0/3;3;3 8 2 7 9 1 5 10 6 4;1 2 3 4 5 6 7 8 9 10;10;11;11;50;0;0;12;0.000588;85034;K*;                        ? Unchecked;ijcai-2026-base-17-g133903f
n-pancake;unit;1/3;3;4 1 6 5 10 2 8 3 9 7;1 2 3 4 5 6 7 8 9 10;9;11;11;290;0;0;12;0.003293;88065.6;K*;                        ? Unchecked;ijcai-2026-base-17-g133903f
n-pancake;unit;2/3;3;9 8 4 1 10 2 6 3 7 5;1 2 3 4 5 6 7 8 9 10;9;10;10;54;0;0;12;0.00101;53465.3;K*;                        ? Unchecked;ijcai-2026-base-17-g133903f
n-pancake;unit;3/3;3;9 2 7 1 4 8 10 5 6 3;1 2 3 4 5 6 7 8 9 10;9;10;10;68;0;0;12;0.00083;81927.7;K*;                        ? Unchecked;ijcai-2026-base-17-g133903f
n-pancake;unit;4/3;3;4 1 5 2 8 6 10 9 3 7;1 2 3 4 5 6 7 8 9 10;9;10;10;75;0;0;12;0.000915;81967.2;K*;                        ? Unchecked;ijcai-2026-base-17-g133903f
n-pancake;unit;5/3;3;2 1 8 6 4 9 5 3 10 7;1 2 3 4 5 6 7 8 9 10;9;10;10;40;0;0;12;0.00053;75471.7;K*;                        ? Unchecked;ijcai-2026-base-17-g133903f
n-pancake;unit;6/3;3;9 1 6 4 3 8 10 2 5 7;1 2 3 4 5 6 7 8 9 10;9;10;10;206;0;0;12;0.002322;88716.6;K*;                        ? Unchecked;ijcai-2026-base-17-g133903f
n-pancake;unit;7/3;3;3 5 2 10 8 9 4 6 1 7;1 2 3 4 5 6 7 8 9 10;9;10;10;76;0;0;12;0.001119;67917.8;K*;                        ? Unchecked;ijcai-2026-base-17-g133903f
n-pancake;unit;8/3;3;4 7 2 9 5 3 6 10 1 8;1 2 3 4 5 6 7 8 9 10;10;11;11;57;0;0;12;0.000727;78404.4;K*;                        ? Unchecked;ijcai-2026-base-17-g133903f
n-pancake;unit;9/3;3;1 9 6 10 4 2 5 7 8 3;1 2 3 4 5 6 7 8 9 10;9;10;10;48;0;0;12;0.000595;80672.3;K*;                        ? Unchecked;ijcai-2026-base-17-g133903f
n-pancake;unit;10/3;3;6 4 3 7 10 8 2 5 1 9;1 2 3 4 5 6 7 8 9 10;9;10;10;54;0;0;12;0.000651;82949.3;K*;                        ? Unchecked;ijcai-2026-base-17-g133903f
n-pancake;unit;11/3;3;1 7 9 4 2 5 6 3 10 8;1 2 3 4 5 6 7 8 9 10;9;10;10;120;0;0;12;0.001409;85166.8;K*;                        ? Unchecked;ijcai-2026-base-17-g133903f
n-pancake;unit;12/3;3;3 7 5 10 9 2 8 4 6 1;1 2 3 4 5 6 7 8 9 10;9;10;10;63;0;0;12;0.000864;72916.7;K*;                        ? Unchecked;ijcai-2026-base-17-g133903f
n-pancake;unit;13/3;3;5 7 9 8 2 4 1 6 10 3;1 2 3 4 5 6 7 8 9 10;9;10;10;55;0;0;12;0.000711;77355.8;K*;                        ? Unchecked;ijcai-2026-base-17-g133903f
n-pancake;unit;14/3;3;3 6 10 5 7 4 2 9 1 8;1 2 3 4 5 6 7 8 9 10;10;10;10;79;0;0;12;0.000929;85037.7;K*;                        ? Unchecked;ijcai-2026-base-17-g133903f
n-pancake;unit;15/3;3;5 4 2 9 6 8 10 1 3 7;1 2 3 4 5 6 7 8 9 10;9;10;10;52;0;0;12;0.000691;75253.3;K*;                        ? Unchecked;ijcai-2026-base-17-g133903f
n-pancake;unit;16/3;3;6 4 1 3 8 9 7 5 10 2;1 2 3 4 5 6 7 8 9 10;9;10;10;36;0;0;12;0.000454;79295.2;K*;                        ? Unchecked;ijcai-2026-base-17-g133903f
n-pancake;unit;17/3;3;4 7 3 6 5 2 8 10 1 9;1 2 3 4 5 6 7 8 9 10;9;10;10;30;0;0;12;0.000356;84269.7;K*;                        ? Unchecked;ijcai-2026-base-17-g133903f
n-pancake;unit;18/3;3;8 1 3 7 10 2 5 9 6 4;1 2 3 4 5 6 7 8 9 10;10;11;11;154;0;0;12;0.001705;90322.6;K*;                        ? Unchecked;ijcai-2026-base-17-g133903f
n-pancake;unit;19/3;3;7 3 5 9 4 8 2 10 6 1;1 2 3 4 5 6 7 8 9 10;10;10;10;55;0;0;12;0.000861;63879.2;K*;                        ? Unchecked;ijcai-2026-base-17-g133903f
n-pancake;unit;20/3;3;4 7 10 8 2 3 1 5 9 6;1 2 3 4 5 6 7 8 9 10;9;10;10;176;0;0;12;0.001868;94218.4;K*;                        ? Unchecked;ijcai-2026-base-17-g133903f
n-pancake;unit;21/3;3;10 2 5 3 9 4 1 8 6 7;1 2 3 4 5 6 7 8 9 10;9;10;10;83;0;0;12;0.001188;69865.3;K*;                        ? Unchecked;ijcai-2026-base-17-g133903f
n-pancake;unit;22/3;3;1 4 10 9 2 8 5 7 3 6;1 2 3 4 5 6 7 8 9 10;9;10;10;50;0;0;12;0.000682;73313.8;K*;                        ? Unchecked;ijcai-2026-base-17-g133903f
n-pancake;unit;23/3;3;5 1 3 8 7 10 6 4 2 9;1 2 3 4 5 6 7 8 9 10;9;10;10;46;0;0;12;0.000553;83182.6;K*;                        ? Unchecked;ijcai-2026-base-17-g133903f
n-pancake;unit;24/3;3;8 1 9 5 3 7 6 4 10 2;1 2 3 4 5 6 7 8 9 10;9;10;10;53;0;0;12;0.000655;80916;K*;                        ? Unchecked;ijcai-2026-base-17-g133903f
n-pancake;unit;25/3;3;4 7 6 8 2 10 1 9 5 3;1 2 3 4 5 6 7 8 9 10;9;10;10;190;0;0;12;0.002118;89707.3;K*;                        ? Unchecked;ijcai-2026-base-17-g133903f
n-pancake;unit;26/3;3;7 4 6 2 8 3 9 1 10 5;1 2 3 4 5 6 7 8 9 10;10;10;10;36;0;0;12;0.000671;53651.3;K*;                        ? Unchecked;ijcai-2026-base-17-g133903f
n-pancake;unit;27/3;3;1 7 10 4 2 6 9 8 5 3;1 2 3 4 5 6 7 8 9 10;9;10;10;71;0;0;12;0.000826;85956.4;K*;                        ? Unchecked;ijcai-2026-base-17-g133903f
n-pancake;unit;28/3;3;9 4 6 8 7 10 2 5 1 3;1 2 3 4 5 6 7 8 9 10;9;10;10;43;0;0;12;0.000542;79335.8;K*;                        ? Unchecked;ijcai-2026-base-17-g133903f
n-pancake;unit;29/3;3;8 3 9 2 7 4 6 1 5 10;1 2 3 4 5 6 7 8 9 10;9;9;9;35;0;0;12;0.000442;79185.5;K*;                        ? Unchecked;ijcai-2026-base-17-g133903f
n-pancake;unit;30/3;3;3 2 5 9 1 8 4 6 10 7;1 2 3 4 5 6 7 8 9 10;9;10;10;30;0;0;12;0.000359;83565.5;K*;                        ? Unchecked;ijcai-2026-base-17-g133903f
n-pancake;unit;31/3;3;4 8 10 7 9 6 2 5 3 1;1 2 3 4 5 6 7 8 9 10;10;10;10;32;0;0;12;0.000378;84656.1;K*;                        ? Unchecked;ijcai-2026-base-17-g133903f
n-pancake;unit;32/3;3;5 1 10 4 8 2 6 3 7 9;1 2 3 4 5 6 7 8 9 10;10;10;10;77;0;0;12;0.000822;93674;K*;                        ? Unchecked;ijcai-2026-base-17-g133903f
n-pancake;unit;33/3;3;8 2 5 6 10 7 9 4 1 3;1 2 3 4 5 6 7 8 9 10;9;10;10;38;0;0;12;0.000508;74803.1;K*;                        ? Unchecked;ijcai-2026-base-17-g133903f
n-pancake;unit;34/3;3;1 10 8 3 9 5 2 7 6 4;1 2 3 4 5 6 7 8 9 10;9;10;10;67;0;0;12;0.000791;84702.9;K*;                        ? Unchecked;ijcai-2026-base-17-g133903f
n-pancake;unit;35/3;3;4 5 3 7 9 1 8 10 6 2;1 2 3 4 5 6 7 8 9 10;9;10;10;38;0;0;12;0.000531;71563.1;K*;                        ? Unchecked;ijcai-2026-base-17-g133903f
n-pancake;unit;36/3;3;3 7 1 4 5 10 2 9 6 8;1 2 3 4 5 6 7 8 9 10;9;9;9;52;0;0;12;0.000614;84690.6;K*;                        ? Unchecked;ijcai-2026-base-17-g133903f
n-pancake;unit;37/3;3;7 9 2 3 10 1 6 4 8 5;1 2 3 4 5 6 7 8 9 10;9;10;10;271;0;0;12;0.003069;88302.4;K*;                        ? Unchecked;ijcai-2026-base-17-g133903f
n-pancake;unit;38/3;3;8 6 10 1 3 9 4 7 2 5;1 2 3 4 5 6 7 8 9 10;10;11;11;93;0;0;12;0.001434;64853.6;K*;                        ? Unchecked;ijcai-2026-base-17-g133903f
n-pancake;unit;39/3;3;2 6 1 5 9 3 4 8 10 7;1 2 3 4 5 6 7 8 9 10;9;10;10;79;0;0;12;0.001038;76107.9;K*;                        ? Unchecked;ijcai-2026-base-17-g133903f
n-pancake;unit;40/3;3;3 9 5 8 2 7 1 6 4 10;1 2 3 4 5 6 7 8 9 10;9;10;10;65;0;0;12;0.000865;75144.5;K*;                        ? Unchecked;ijcai-2026-base-17-g133903f
n-pancake;unit;41/3;3;8 1 9 3 6 7 10 5 2 4;1 2 3 4 5 6 7 8 9 10;9;10;10;32;0;0;12;0.000431;74245.9;K*;                        ? Unchecked;ijcai-2026-base-17-g133903f
n-pancake;unit;42/3;3;3 10 2 4 7 9 8 5 1 6;1 2 3 4 5 6 7 8 9 10;9;10;10;79;0;0;12;0.000884;89366.5;K*;                        ? Unchecked;ijcai-2026-base-17-g133903f
n-pancake;unit;43/3;3;6 1 7 3 10 8 4 5 2 9;1 2 3 4 5 6 7 8 9 10;9;10;10;53;0;0;12;0.000709;74753.2;K*;                        ? Unchecked;ijcai-2026-base-17-g133903f
n-pancake;unit;44/3;3;9 2 6 10 1 3 8 5 4 7;1 2 3 4 5 6 7 8 9 10;9;10;10;95;0;0;12;0.001091;87076.1;K*;                        ? Unchecked;ijcai-2026-base-17-g133903f
n-pancake;unit;45/3;3;1 7 3 9 2 5 8 6 10 4;1 2 3 4 5 6 7 8 9 10;10;11;11;53;0;0;12;0.000736;72010.9;K*;                        ? Unchecked;ijcai-2026-base-17-g133903f
n-pancake;unit;46/3;3;7 9 2 5 4 1 8 3 10 6;1 2 3 4 5 6 7 8 9 10;9;10;10;46;0;0;12;0.000554;83032.5;K*;                        ? Unchecked;ijcai-2026-base-17-g133903f
n-pancake;unit;47/3;3;6 8 4 10 2 9 3 7 5 1;1 2 3 4 5 6 7 8 9 10;10;11;11;246;0;0;12;0.002816;87358;K*;                        ? Unchecked;ijcai-2026-base-17-g133903f
n-pancake;unit;48/3;3;4 1 7 5 3 10 6 9 2 8;1 2 3 4 5 6 7 8 9 10;10;11;11;61;0;0;12;0.001038;58766.9;K*;                        ? Unchecked;ijcai-2026-base-17-g133903f
n-pancake;unit;49/3;3;4 1 6 5 7 3 9 2 10 8;1 2 3 4 5 6 7 8 9 10;9;11;11;292;0;0;12;0.003384;86288.4;K*;                        ? Unchecked;ijcai-2026-base-17-g133903f
n-pancake;unit;50/3;3;8 5 2 7 4 3 10 1 6 9;1 2 3 4 5 6 7 8 9 10;9;10;10;53;0;0;12;0.001034;51257.3;K*;                        ? Unchecked;ijcai-2026-base-17-g133903f
n-pancake;unit;51/3;3;3 5 4 2 8 6 10 1 9 7;1 2 3 4 5 6 7 8 9 10;9;10;10;36;0;0;12;0.000504;71428.6;K*;                        ? Unchecked;ijcai-2026-base-17-g133903f
n-pancake;unit;52/3;3;5 9 2 7 10 8 6 3 1 4;1 2 3 4 5 6 7 8 9 10;10;11;11;65;0;0;12;0.000725;89655.2;K*;                        ? Unchecked;ijcai-2026-base-17-g133903f
n-pancake;unit;53/3;3;8 1 5 2 3 6 9 4 10 7;1 2 3 4 5 6 7 8 9 10;9;9;9;30;0;0;12;0.000407;73710.1;K*;                        ? Unchecked;ijcai-2026-base-17-g133903f
n-pancake;unit;54/3;3;10 1 4 8 2 6 5 7 3 9;1 2 3 4 5 6 7 8 9 10;9;10;10;164;0;0;12;0.001783;91979.8;K*;                        ? Unchecked;ijcai-2026-base-17-g133903f
n-pancake;unit;55/3;3;9 1 8 3 6 10 4 2 5 7;1 2 3 4 5 6 7 8 9 10;10;11;11;54;0;0;12;0.000865;62427.7;K*;                        ? Unchecked;ijcai-2026-base-17-g133903f
n-pancake;unit;56/3;3;4 7 6 1 10 5 9 2 8 3;1 2 3 4 5 6 7 8 9 10;9;10;10;107;0;0;12;0.001295;82625.5;K*;                        ? Unchecked;ijcai-2026-base-17-g133903f
n-pancake;unit;57/3;3;8 5 10 7 9 3 2 6 1 4;1 2 3 4 5 6 7 8 9 10;9;10;10;50;0;0;13;0.000684;73099.4;K*;                        ? Unchecked;ijcai-2026-base-17-g133903f
n-pancake;unit;58/3;3;6 3 7 1 4 2 8 5 10 9;1 2 3 4 5 6 7 8 9 10;9;11;11;431;0;0;14;0.005092;84642.6;K*;                        ? Unchecked;ijcai-2026-base-17-g133903f
n-pancake;unit;59/3;3;1 9 7 10 5 4 6 2 8 3;1 2 3 4 5 6 7 8 9 10;9;10;10;55;0;0;14;0.001284;42834.9;K*;                        ? Unchecked;ijcai-2026-base-17-g133903f
n-pancake;unit;60/3;3;1 3 10 4 8 5 9 2 7 6;1 2 3 4 5 6 7 8 9 10;9;10;10;41;0;0;14;0.000529;77504.7;K*;                        ? Unchecked;ijcai-2026-base-17-g133903f
n-pancake;unit;61/3;3;8 7 5 2 4 10 3 1 9 6;1 2 3 4 5 6 7 8 9 10;9;10;10;30;0;0;14;0.000373;80429;K*;                        ? Unchecked;ijcai-2026-base-17-g133903f
n-pancake;unit;62/3;3;9 2 10 5 7 1 6 8 4 3;1 2 3 4 5 6 7 8 9 10;9;10;10;88;0;0;14;0.001015;86699.5;K*;                        ? Unchecked;ijcai-2026-base-17-g133903f
n-pancake;unit;63/3;3;7 9 10 8 6 1 4 2 5 3;1 2 3 4 5 6 7 8 9 10;9;9;9;45;0;0;14;0.000607;74135.1;K*;                        ? Unchecked;ijcai-2026-base-17-g133903f
n-pancake;unit;64/3;3;9 1 3 5 7 2 10 8 4 6;1 2 3 4 5 6 7 8 9 10;10;11;11;84;0;0;14;0.00096;87500;K*;                        ? Unchecked;ijcai-2026-base-17-g133903f
n-pancake;unit;65/3;3;8 2 3 5 9 7 10 6 4 1;1 2 3 4 5 6 7 8 9 10;9;10;10;56;0;0;14;0.000742;75471.7;K*;                        ? Unchecked;ijcai-2026-base-17-g133903f
n-pancake;unit;66/3;3;9 4 10 6 2 7 1 3 8 5;1 2 3 4 5 6 7 8 9 10;10;11;11;165;0;0;14;0.001942;84964;K*;                        ? Unchecked;ijcai-2026-base-17-g133903f
n-pancake;unit;67/3;3;4 8 5 2 10 9 6 3 1 7;1 2 3 4 5 6 7 8 9 10;9;10;10;55;0;0;14;0.000855;64327.5;K*;                        ? Unchecked;ijcai-2026-base-17-g133903f
n-pancake;unit;68/3;3;4 3 8 10 2 5 9 6 1 7;1 2 3 4 5 6 7 8 9 10;9;10;10;92;0;0;14;0.001111;82808.3;K*;                        ? Unchecked;ijcai-2026-base-17-g133903f
n-pancake;unit;69/3;3;8 5 9 4 1 10 7 2 6 3;1 2 3 4 5 6 7 8 9 10;10;11;11;91;0;0;14;0.001159;78516;K*;                        ? Unchecked;ijcai-2026-base-17-g133903f
n-pancake;unit;70/3;3;7 4 2 9 6 8 3 1 5 10;1 2 3 4 5 6 7 8 9 10;9;9;9;30;0;0;14;0.000449;66815.1;K*;                        ? Unchecked;ijcai-2026-base-17-g133903f
n-pancake;unit;71/3;3;6 1 7 3 4 9 5 8 10 2;1 2 3 4 5 6 7 8 9 10;9;10;10;38;0;0;14;0.000436;87156;K*;                        ? Unchecked;ijcai-2026-base-17-g133903f
n-pancake;unit;72/3;3;9 4 10 2 7 6 1 5 8 3;1 2 3 4 5 6 7 8 9 10;9;10;10;76;0;0;14;0.000843;90154.2;K*;                        ? Unchecked;ijcai-2026-base-17-g133903f
n-pancake;unit;73/3;3;1 7 4 2 5 3 6 9 10 8;1 2 3 4 5 6 7 8 9 10;9;10;10;79;0;0;14;0.000989;79878.7;K*;                        ? Unchecked;ijcai-2026-base-17-g133903f
n-pancake;unit;74/3;3;6 3 2 7 10 8 1 4 9 5;1 2 3 4 5 6 7 8 9 10;9;9;9;30;0;0;14;0.000424;70754.7;K*;                        ? Unchecked;ijcai-2026-base-17-g133903f
n-pancake;unit;75/3;3;10 8 4 9 6 1 7 3 5 2;1 2 3 4 5 6 7 8 9 10;10;11;11;69;0;0;14;0.000755;91390.7;K*;                        ? Unchecked;ijcai-2026-base-17-g133903f
n-pancake;unit;76/3;3;9 8 3 6 2 5 10 1 4 7;1 2 3 4 5 6 7 8 9 10;9;10;10;111;0;0;14;0.001331;83395.9;K*;                        ? Unchecked;ijcai-2026-base-17-g133903f
n-pancake;unit;77/3;3;1 6 8 5 2 4 7 9 3 10;1 2 3 4 5 6 7 8 9 10;9;10;10;49;0;0;14;0.000686;71428.6;K*;                        ? Unchecked;ijcai-2026-base-17-g133903f
n-pancake;unit;78/3;3;3 10 7 1 4 8 9 6 2 5;1 2 3 4 5 6 7 8 9 10;9;10;10;46;0;0;14;0.000553;83182.6;K*;                        ? Unchecked;ijcai-2026-base-17-g133903f
n-pancake;unit;79/3;3;5 1 8 10 6 4 9 2 3 7;1 2 3 4 5 6 7 8 9 10;9;10;10;50;0;0;14;0.000603;82918.7;K*;                        ? Unchecked;ijcai-2026-base-17-g133903f
n-pancake;unit;80/3;3;8 4 5 10 2 6 3 1 7 9;1 2 3 4 5 6 7 8 9 10;9;10;10;136;0;0;14;0.001614;84262.7;K*;                        ? Unchecked;ijcai-2026-base-17-g133903f
n-pancake;unit;81/3;3;6 2 5 10 3 7 4 9 8 1;1 2 3 4 5 6 7 8 9 10;9;10;10;86;0;0;14;0.001121;76717.2;K*;                        ? Unchecked;ijcai-2026-base-17-g133903f
n-pancake;unit;82/3;3;6 3 8 7 4 9 1 10 5 2;1 2 3 4 5 6 7 8 9 10;9;10;10;73;0;0;14;0.000935;78074.9;K*;                        ? Unchecked;ijcai-2026-base-17-g133903f
n-pancake;unit;83/3;3;2 10 3 9 8 6 4 1 7 5;1 2 3 4 5 6 7 8 9 10;9;10;10;53;0;0;14;0.000696;76149.4;K*;                        ? Unchecked;ijcai-2026-base-17-g133903f
n-pancake;unit;84/3;3;4 2 9 7 3 10 5 8 1 6;1 2 3 4 5 6 7 8 9 10;10;11;11;68;0;0;14;0.000834;81534.8;K*;                        ? Unchecked;ijcai-2026-base-17-g133903f
n-pancake;unit;85/3;3;8 1 5 6 2 10 4 9 3 7;1 2 3 4 5 6 7 8 9 10;9;10;10;177;0;0;14;0.002014;87884.8;K*;                        ? Unchecked;ijcai-2026-base-17-g133903f
n-pancake;unit;86/3;3;9 5 8 3 4 6 10 1 7 2;1 2 3 4 5 6 7 8 9 10;9;10;10;94;0;0;14;0.001336;70359.3;K*;                        ? Unchecked;ijcai-2026-base-17-g133903f
n-pancake;unit;87/3;3;6 3 7 1 5 10 4 9 8 2;1 2 3 4 5 6 7 8 9 10;9;10;10;106;0;0;14;0.001322;80181.5;K*;                        ? Unchecked;ijcai-2026-base-17-g133903f
n-pancake;unit;88/3;3;6 4 1 9 8 2 10 3 5 7;1 2 3 4 5 6 7 8 9 10;9;10;10;77;0;0;14;0.000999;77077.1;K*;                        ? Unchecked;ijcai-2026-base-17-g133903f
n-pancake;unit;89/3;3;2 8 5 3 1 7 6 10 4 9;1 2 3 4 5 6 7 8 9 10;9;10;10;132;0;0;14;0.001596;82706.8;K*;                        ? Unchecked;ijcai-2026-base-17-g133903f
n-pancake;unit;90/3;3;3 6 10 5 1 9 8 4 7 2;1 2 3 4 5 6 7 8 9 10;9;10;10;72;0;0;14;0.000997;72216.6;K*;                        ? Unchecked;ijcai-2026-base-17-g133903f
n-pancake;unit;91/3;3;6 9 3 8 1 5 7 10 2 4;1 2 3 4 5 6 7 8 9 10;10;11;11;55;0;0;14;0.000727;75653.4;K*;                        ? Unchecked;ijcai-2026-base-17-g133903f
n-pancake;unit;92/3;3;8 5 6 10 3 9 4 1 7 2;1 2 3 4 5 6 7 8 9 10;9;10;10;122;0;0;14;0.001414;86280.1;K*;                        ? Unchecked;ijcai-2026-base-17-g133903f
n-pancake;unit;93/3;3;8 6 4 5 3 9 2 10 7 1;1 2 3 4 5 6 7 8 9 10;9;10;10;86;0;0;14;0.001121;76717.2;K*;                        ? Unchecked;ijcai-2026-base-17-g133903f
n-pancake;unit;94/3;3;5 7 2 6 1 8 3 9 4 10;1 2 3 4 5 6 7 8 9 10;9;9;9;52;0;0;14;0.000697;74605.5;K*;                        ? Unchecked;ijcai-2026-base-17-g133903f
n-pancake;unit;95/3;3;4 10 6 8 3 9 5 7 1 2;1 2 3 4 5 6 7 8 9 10;9;10;10;144;0;0;14;0.001617;89053.8;K*;                        ? Unchecked;ijcai-2026-base-17-g133903f
n-pancake;unit;96/3;3;4 10 1 8 7 9 6 3 5 2;1 2 3 4 5 6 7 8 9 10;9;10;10;57;0;0;14;0.000855;66666.7;K*;                        ? Unchecked;ijcai-2026-base-17-g133903f
n-pancake;unit;97/3;3;10 3 8 6 1 2 9 4 7 5;1 2 3 4 5 6 7 8 9 10;9;10;10;230;0;0;14;0.002525;91089.1;K*;                        ? Unchecked;ijcai-2026-base-17-g133903f
n-pancake;unit;98/3;3;10 4 7 1 8 6 2 9 3 5;1 2 3 4 5 6 7 8 9 10;10;10;10;45;0;0;14;0.000823;54678;K*;                        ? Unchecked;ijcai-2026-base-17-g133903f
n-pancake;unit;99/3;3;6 9 5 8 2 7 3 1 4 10;1 2 3 4 5 6 7 8 9 10;9;9;9;32;0;0;14;0.000407;78624.1;K*;                        ? Unchecked;ijcai-2026-base-17-g133903f
n-pancake;unit;0/4;4;3 8 2 7 9 1 5 10 6 4;1 2 3 4 5 6 7 8 9 10;10;11;11;70;0;0;14;0.000849;82449.9;K*;                        ? Unchecked;ijcai-2026-base-17-g133903f
n-pancake;unit;1/4;4;4 1 6 5 10 2 8 3 9 7;1 2 3 4 5 6 7 8 9 10;9;11;11;290;0;0;14;0.003364;86206.9;K*;                        ? Unchecked;ijcai-2026-base-17-g133903f
n-pancake;unit;2/4;4;9 8 4 1 10 2 6 3 7 5;1 2 3 4 5 6 7 8 9 10;9;10;10;54;0;0;14;0.001043;51773.7;K*;                        ? Unchecked;ijcai-2026-base-17-g133903f
n-pancake;unit;3/4;4;9 2 7 1 4 8 10 5 6 3;1 2 3 4 5 6 7 8 9 10;9;10;10;88;0;0;14;0.00109;80733.9;K*;                        ? Unchecked;ijcai-2026-base-17-g133903f
n-pancake;unit;4/4;4;4 1 5 2 8 6 10 9 3 7;1 2 3 4 5 6 7 8 9 10;9;10;10;95;0;0;14;0.001223;77677.8;K*;                        ? Unchecked;ijcai-2026-base-17-g133903f
n-pancake;unit;5/4;4;2 1 8 6 4 9 5 3 10 7;1 2 3 4 5 6 7 8 9 10;9;10;10;40;0;0;14;0.000578;69204.2;K*;                        ? Unchecked;ijcai-2026-base-17-g133903f
n-pancake;unit;6/4;4;9 1 6 4 3 8 10 2 5 7;1 2 3 4 5 6 7 8 9 10;9;10;10;226;0;0;14;0.002661;84930.5;K*;                        ? Unchecked;ijcai-2026-base-17-g133903f
n-pancake;unit;7/4;4;3 5 2 10 8 9 4 6 1 7;1 2 3 4 5 6 7 8 9 10;9;10;10;136;0;0;14;0.001904;71428.6;K*;                        ? Unchecked;ijcai-2026-base-17-g133903f
n-pancake;unit;8/4;4;4 7 2 9 5 3 6 10 1 8;1 2 3 4 5 6 7 8 9 10;10;11;11;57;0;0;14;0.000843;67615.7;K*;                        ? Unchecked;ijcai-2026-base-17-g133903f
n-pancake;unit;9/4;4;1 9 6 10 4 2 5 7 8 3;1 2 3 4 5 6 7 8 9 10;9;10;10;48;0;0;14;0.000616;77922.1;K*;                        ? Unchecked;ijcai-2026-base-17-g133903f
n-pancake;unit;10/4;4;6 4 3 7 10 8 2 5 1 9;1 2 3 4 5 6 7 8 9 10;9;10;10;54;0;0;14;0.00067;80597;K*;                        ? Unchecked;ijcai-2026-base-17-g133903f
n-pancake;unit;11/4;4;1 7 9 4 2 5 6 3 10 8;1 2 3 4 5 6 7 8 9 10;9;10;10;120;0;0;14;0.00142;84507;K*;                        ? Unchecked;ijcai-2026-base-17-g133903f
n-pancake;unit;12/4;4;3 7 5 10 9 2 8 4 6 1;1 2 3 4 5 6 7 8 9 10;9;10;10;63;0;0;14;0.000889;70866.1;K*;                        ? Unchecked;ijcai-2026-base-17-g133903f
n-pancake;unit;13/4;4;5 7 9 8 2 4 1 6 10 3;1 2 3 4 5 6 7 8 9 10;9;10;10;55;0;0;14;0.000726;75757.6;K*;                        ? Unchecked;ijcai-2026-base-17-g133903f
n-pancake;unit;14/4;4;3 6 10 5 7 4 2 9 1 8;1 2 3 4 5 6 7 8 9 10;10;10;10;79;0;0;14;0.000982;80448.1;K*;                        ? Unchecked;ijcai-2026-base-17-g133903f
n-pancake;unit;15/4;4;5 4 2 9 6 8 10 1 3 7;1 2 3 4 5 6 7 8 9 10;9;10;10;72;0;0;14;0.000951;75709.8;K*;                        ? Unchecked;ijcai-2026-base-17-g133903f
n-pancake;unit;16/4;4;6 4 1 3 8 9 7 5 10 2;1 2 3 4 5 6 7 8 9 10;9;10;10;36;0;0;14;0.000495;72727.3;K*;                        ? Unchecked;ijcai-2026-base-17-g133903f
n-pancake;unit;17/4;4;4 7 3 6 5 2 8 10 1 9;1 2 3 4 5 6 7 8 9 10;9;10;10;30;0;0;14;0.000368;81521.7;K*;                        ? Unchecked;ijcai-2026-base-17-g133903f
n-pancake;unit;18/4;4;8 1 3 7 10 2 5 9 6 4;1 2 3 4 5 6 7 8 9 10;10;11;11;154;0;0;14;0.001757;87649.4;K*;                        ? Unchecked;ijcai-2026-base-17-g133903f
n-pancake;unit;19/4;4;7 3 5 9 4 8 2 10 6 1;1 2 3 4 5 6 7 8 9 10;10;10;10;55;0;0;14;0.000865;63583.8;K*;                        ? Unchecked;ijcai-2026-base-17-g133903f
n-pancake;unit;20/4;4;4 7 10 8 2 3 1 5 9 6;1 2 3 4 5 6 7 8 9 10;9;10;10;196;0;0;14;0.002155;90951.3;K*;                        ? Unchecked;ijcai-2026-base-17-g133903f
n-pancake;unit;21/4;4;10 2 5 3 9 4 1 8 6 7;1 2 3 4 5 6 7 8 9 10;9;10;10;103;0;0;14;0.001471;70020.4;K*;                        ? Unchecked;ijcai-2026-base-17-g133903f
n-pancake;unit;22/4;4;1 4 10 9 2 8 5 7 3 6;1 2 3 4 5 6 7 8 9 10;9;10;10;50;0;0;14;0.000732;68306;K*;                        ? Unchecked;ijcai-2026-base-17-g133903f
n-pancake;unit;23/4;4;5 1 3 8 7 10 6 4 2 9;1 2 3 4 5 6 7 8 9 10;9;10;10;46;0;0;14;0.00057;80701.8;K*;                        ? Unchecked;ijcai-2026-base-17-g133903f
n-pancake;unit;24/4;4;8 1 9 5 3 7 6 4 10 2;1 2 3 4 5 6 7 8 9 10;9;10;10;53;0;0;14;0.000696;76149.4;K*;                        ? Unchecked;ijcai-2026-base-17-g133903f
n-pancake;unit;25/4;4;4 7 6 8 2 10 1 9 5 3;1 2 3 4 5 6 7 8 9 10;9;10;10;210;0;0;14;0.002361;88945.4;K*;                        ? Unchecked;ijcai-2026-base-17-g133903f
n-pancake;unit;26/4;4;7 4 6 2 8 3 9 1 10 5;1 2 3 4 5 6 7 8 9 10;10;10;10;56;0;0;14;0.00099;56565.7;K*;                        ? Unchecked;ijcai-2026-base-17-g133903f
n-pancake;unit;27/4;4;1 7 10 4 2 6 9 8 5 3;1 2 3 4 5 6 7 8 9 10;9;10;10;71;0;0;14;0.000883;80407.7;K*;                        ? Unchecked;ijcai-2026-base-17-g133903f
n-pancake;unit;28/4;4;9 4 6 8 7 10 2 5 1 3;1 2 3 4 5 6 7 8 9 10;9;10;10;63;0;0;14;0.000808;77970.3;K*;                        ? Unchecked;ijcai-2026-base-17-g133903f
n-pancake;unit;29/4;4;8 3 9 2 7 4 6 1 5 10;1 2 3 4 5 6 7 8 9 10;9;9;9;55;0;0;14;0.000734;74931.9;K*;                        ? Unchecked;ijcai-2026-base-17-g133903f
n-pancake;unit;30/4;4;3 2 5 9 1 8 4 6 10 7;1 2 3 4 5 6 7 8 9 10;9;10;10;50;0;0;14;0.00067;74626.9;K*;                        ? Unchecked;ijcai-2026-base-17-g133903f
n-pancake;unit;31/4;4;4 8 10 7 9 6 2 5 3 1;1 2 3 4 5 6 7 8 9 10;10;10;10;32;0;0;14;0.000426;75117.4;K*;                        ? Unchecked;ijcai-2026-base-17-g133903f
n-pancake;unit;32/4;4;5 1 10 4 8 2 6 3 7 9;1 2 3 4 5 6 7 8 9 10;10;11;11;77;0;0;14;0.000842;91448.9;K*;                        ? Unchecked;ijcai-2026-base-17-g133903f
n-pancake;unit;33/4;4;8 2 5 6 10 7 9 4 1 3;1 2 3 4 5 6 7 8 9 10;9;10;10;58;0;0;14;0.000786;73791.3;K*;                        ? Unchecked;ijcai-2026-base-17-g133903f
n-pancake;unit;34/4;4;1 10 8 3 9 5 2 7 6 4;1 2 3 4 5 6 7 8 9 10;9;10;10;67;0;0;14;0.000871;76923.1;K*;                        ? Unchecked;ijcai-2026-base-17-g133903f
n-pancake;unit;35/4;4;4 5 3 7 9 1 8 10 6 2;1 2 3 4 5 6 7 8 9 10;9;10;10;58;0;0;14;0.000769;75422.6;K*;                        ? Unchecked;ijcai-2026-base-17-g133903f
n-pancake;unit;36/4;4;3 7 1 4 5 10 2 9 6 8;1 2 3 4 5 6 7 8 9 10;9;10;10;112;0;0;14;0.001418;78984.5;K*;                        ? Unchecked;ijcai-2026-base-17-g133903f
n-pancake;unit;37/4;4;7 9 2 3 10 1 6 4 8 5;1 2 3 4 5 6 7 8 9 10;9;10;10;271;0;0;14;0.003225;84031;K*;                        ? Unchecked;ijcai-2026-base-17-g133903f
n-pancake;unit;38/4;4;8 6 10 1 3 9 4 7 2 5;1 2 3 4 5 6 7 8 9 10;10;11;11;93;0;0;14;0.001478;62922.9;K*;                        ? Unchecked;ijcai-2026-base-17-g133903f
n-pancake;unit;39/4;4;2 6 1 5 9 3 4 8 10 7;1 2 3 4 5 6 7 8 9 10;9;10;10;79;0;0;14;0.001067;74039.4;K*;                        ? Unchecked;ijcai-2026-base-17-g133903f
n-pancake;unit;40/4;4;3 9 5 8 2 7 1 6 4 10;1 2 3 4 5 6 7 8 9 10;9;10;10;65;0;0;14;0.000864;75231.5;K*;                        ? Unchecked;ijcai-2026-base-17-g133903f
n-pancake;unit;41/4;4;8 1 9 3 6 7 10 5 2 4;1 2 3 4 5 6 7 8 9 10;9;10;10;32;0;0;14;0.000447;71588.4;K*;                        ? Unchecked;ijcai-2026-base-17-g133903f
n-pancake;unit;42/4;4;3 10 2 4 7 9 8 5 1 6;1 2 3 4 5 6 7 8 9 10;9;10;10;79;0;0;14;0.000931;84855;K*;                        ? Unchecked;ijcai-2026-base-17-g133903f
n-pancake;unit;43/4;4;6 1 7 3 10 8 4 5 2 9;1 2 3 4 5 6 7 8 9 10;9;10;10;73;0;0;14;0.000971;75180.2;K*;                        ? Unchecked;ijcai-2026-base-17-g133903f
n-pancake;unit;44/4;4;9 2 6 10 1 3 8 5 4 7;1 2 3 4 5 6 7 8 9 10;9;10;10;95;0;0;14;0.001124;84519.6;K*;                        ? Unchecked;ijcai-2026-base-17-g133903f
n-pancake;unit;45/4;4;1 7 3 9 2 5 8 6 10 4;1 2 3 4 5 6 7 8 9 10;10;11;11;53;0;0;14;0.000755;70198.7;K*;                        ? Unchecked;ijcai-2026-base-17-g133903f
n-pancake;unit;46/4;4;7 9 2 5 4 1 8 3 10 6;1 2 3 4 5 6 7 8 9 10;9;10;10;46;0;0;14;0.000693;66378.1;K*;                        ? Unchecked;ijcai-2026-base-17-g133903f
n-pancake;unit;47/4;4;6 8 4 10 2 9 3 7 5 1;1 2 3 4 5 6 7 8 9 10;10;11;11;246;0;0;14;0.002817;87326.9;K*;                        ? Unchecked;ijcai-2026-base-17-g133903f
n-pancake;unit;48/4;4;4 1 7 5 3 10 6 9 2 8;1 2 3 4 5 6 7 8 9 10;10;11;11;61;0;0;14;0.001083;56325;K*;                        ? Unchecked;ijcai-2026-base-17-g133903f
n-pancake;unit;49/4;4;4 1 6 5 7 3 9 2 10 8;1 2 3 4 5 6 7 8 9 10;9;11;11;292;0;0;14;0.003424;85280.4;K*;                        ? Unchecked;ijcai-2026-base-17-g133903f
n-pancake;unit;50/4;4;8 5 2 7 4 3 10 1 6 9;1 2 3 4 5 6 7 8 9 10;9;10;10;53;0;0;14;0.001061;49952.9;K*;                        ? Unchecked;ijcai-2026-base-17-g133903f
n-pancake;unit;51/4;4;3 5 4 2 8 6 10 1 9 7;1 2 3 4 5 6 7 8 9 10;9;10;10;56;0;0;14;0.000741;75573.5;K*;                        ? Unchecked;ijcai-2026-base-17-g133903f
n-pancake;unit;52/4;4;5 9 2 7 10 8 6 3 1 4;1 2 3 4 5 6 7 8 9 10;10;11;11;85;0;0;14;0.001049;81029.6;K*;                        ? Unchecked;ijcai-2026-base-17-g133903f
n-pancake;unit;53/4;4;8 1 5 2 3 6 9 4 10 7;1 2 3 4 5 6 7 8 9 10;9;10;10;70;0;0;14;0.00095;73684.2;K*;                        ? Unchecked;ijcai-2026-base-17-g133903f
n-pancake;unit;54/4;4;10 1 4 8 2 6 5 7 3 9;1 2 3 4 5 6 7 8 9 10;9;10;10;184;0;0;14;0.002118;86874.4;K*;                        ? Unchecked;ijcai-2026-base-17-g133903f
n-pancake;unit;55/4;4;9 1 8 3 6 10 4 2 5 7;1 2 3 4 5 6 7 8 9 10;10;11;11;74;0;0;14;0.001146;64572.4;K*;                        ? Unchecked;ijcai-2026-base-17-g133903f
n-pancake;unit;56/4;4;4 7 6 1 10 5 9 2 8 3;1 2 3 4 5 6 7 8 9 10;9;10;10;107;0;0;14;0.001357;78850.4;K*;                        ? Unchecked;ijcai-2026-base-17-g133903f
n-pancake;unit;57/4;4;8 5 10 7 9 3 2 6 1 4;1 2 3 4 5 6 7 8 9 10;9;10;10;70;0;0;14;0.000951;73606.7;K*;                        ? Unchecked;ijcai-2026-base-17-g133903f
n-pancake;unit;58/4;4;6 3 7 1 4 2 8 5 10 9;1 2 3 4 5 6 7 8 9 10;9;11;11;431;0;0;14;0.004923;87548.2;K*;                        ? Unchecked;ijcai-2026-base-17-g133903f
n-pancake;unit;59/4;4;1 9 7 10 5 4 6 2 8 3;1 2 3 4 5 6 7 8 9 10;9;10;10;55;0;0;14;0.001307;42081.1;K*;                        ? Unchecked;ijcai-2026-base-17-g133903f
n-pancake;unit;60/4;4;1 3 10 4 8 5 9 2 7 6;1 2 3 4 5 6 7 8 9 10;9;10;10;41;0;0;14;0.000542;75645.8;K*;                        ? Unchecked;ijcai-2026-base-17-g133903f
n-pancake;unit;61/4;4;8 7 5 2 4 10 3 1 9 6;1 2 3 4 5 6 7 8 9 10;9;10;10;30;0;0;14;0.00041;73170.7;K*;                        ? Unchecked;ijcai-2026-base-17-g133903f
n-pancake;unit;62/4;4;9 2 10 5 7 1 6 8 4 3;1 2 3 4 5 6 7 8 9 10;9;10;10;108;0;0;14;0.001284;84112.1;K*;                        ? Unchecked;ijcai-2026-base-17-g133903f
n-pancake;unit;63/4;4;7 9 10 8 6 1 4 2 5 3;1 2 3 4 5 6 7 8 9 10;9;10;10;45;0;0;14;0.000657;68493.2;K*;                        ? Unchecked;ijcai-2026-base-17-g133903f
n-pancake;unit;64/4;4;9 1 3 5 7 2 10 8 4 6;1 2 3 4 5 6 7 8 9 10;10;11;11;84;0;0;14;0.000984;85365.9;K*;                        ? Unchecked;ijcai-2026-base-17-g133903f
n-pancake;unit;65/4;4;8 2 3 5 9 7 10 6 4 1;1 2 3 4 5 6 7 8 9 10;9;10;10;56;0;0;14;0.000764;73298.4;K*;                        ? Unchecked;ijcai-2026-base-17-g133903f
n-pancake;unit;66/4;4;9 4 10 6 2 7 1 3 8 5;1 2 3 4 5 6 7 8 9 10;10;11;11;165;0;0;14;0.001956;84355.8;K*;                        ? Unchecked;ijcai-2026-base-17-g133903f
n-pancake;unit;67/4;4;4 8 5 2 10 9 6 3 1 7;1 2 3 4 5 6 7 8 9 10;9;10;10;95;0;0;14;0.00139;68345.3;K*;                        ? Unchecked;ijcai-2026-base-17-g133903f
n-pancake;unit;68/4;4;4 3 8 10 2 5 9 6 1 7;1 2 3 4 5 6 7 8 9 10;9;10;10;92;0;0;14;0.001165;78970;K*;                        ? Unchecked;ijcai-2026-base-17-g133903f
n-pancake;unit;69/4;4;8 5 9 4 1 10 7 2 6 3;1 2 3 4 5 6 7 8 9 10;10;11;11;131;0;0;14;0.001709;76653;K*;                        ? Unchecked;ijcai-2026-base-17-g133903f
n-pancake;unit;70/4;4;7 4 2 9 6 8 3 1 5 10;1 2 3 4 5 6 7 8 9 10;9;10;10;50;0;0;14;0.000768;65104.2;K*;                        ? Unchecked;ijcai-2026-base-17-g133903f
n-pancake;unit;71/4;4;6 1 7 3 4 9 5 8 10 2;1 2 3 4 5 6 7 8 9 10;9;10;10;38;0;0;14;0.000486;78189.3;K*;                        ? Unchecked;ijcai-2026-base-17-g133903f
n-pancake;unit;72/4;4;9 4 10 2 7 6 1 5 8 3;1 2 3 4 5 6 7 8 9 10;9;10;10;76;0;0;14;0.000863;88064.9;K*;                        ? Unchecked;ijcai-2026-base-17-g133903f
n-pancake;unit;73/4;4;1 7 4 2 5 3 6 9 10 8;1 2 3 4 5 6 7 8 9 10;9;10;10;99;0;0;14;0.00127;77952.8;K*;                        ? Unchecked;ijcai-2026-base-17-g133903f
n-pancake;unit;74/4;4;6 3 2 7 10 8 1 4 9 5;1 2 3 4 5 6 7 8 9 10;9;10;10;50;0;0;14;0.000708;70621.5;K*;                        ? Unchecked;ijcai-2026-base-17-g133903f
n-pancake;unit;75/4;4;10 8 4 9 6 1 7 3 5 2;1 2 3 4 5 6 7 8 9 10;10;11;11;89;0;0;14;0.001051;84681.3;K*;                        ? Unchecked;ijcai-2026-base-17-g133903f
n-pancake;unit;76/4;4;9 8 3 6 2 5 10 1 4 7;1 2 3 4 5 6 7 8 9 10;9;10;10;111;0;0;14;0.001395;79569.9;K*;                        ? Unchecked;ijcai-2026-base-17-g133903f
n-pancake;unit;77/4;4;1 6 8 5 2 4 7 9 3 10;1 2 3 4 5 6 7 8 9 10;9;10;10;69;0;0;14;0.000962;71725.6;K*;                        ? Unchecked;ijcai-2026-base-17-g133903f
n-pancake;unit;78/4;4;3 10 7 1 4 8 9 6 2 5;1 2 3 4 5 6 7 8 9 10;9;10;10;46;0;0;14;0.000602;76412;K*;                        ? Unchecked;ijcai-2026-base-17-g133903f
n-pancake;unit;79/4;4;5 1 8 10 6 4 9 2 3 7;1 2 3 4 5 6 7 8 9 10;9;10;10;50;0;0;14;0.000626;79872.2;K*;                        ? Unchecked;ijcai-2026-base-17-g133903f
n-pancake;unit;80/4;4;8 4 5 10 2 6 3 1 7 9;1 2 3 4 5 6 7 8 9 10;9;10;10;136;0;0;14;0.001638;83028.1;K*;                        ? Unchecked;ijcai-2026-base-17-g133903f
n-pancake;unit;81/4;4;6 2 5 10 3 7 4 9 8 1;1 2 3 4 5 6 7 8 9 10;9;10;10;106;0;0;14;0.001412;75070.8;K*;                        ? Unchecked;ijcai-2026-base-17-g133903f
n-pancake;unit;82/4;4;6 3 8 7 4 9 1 10 5 2;1 2 3 4 5 6 7 8 9 10;9;10;10;73;0;0;14;0.000988;73886.6;K*;                        ? Unchecked;ijcai-2026-base-17-g133903f
n-pancake;unit;83/4;4;2 10 3 9 8 6 4 1 7 5;1 2 3 4 5 6 7 8 9 10;9;10;10;53;0;0;14;0.000749;70761;K*;                        ? Unchecked;ijcai-2026-base-17-g133903f
n-pancake;unit;84/4;4;4 2 9 7 3 10 5 8 1 6;1 2 3 4 5 6 7 8 9 10;10;11;11;68;0;0;14;0.000833;81632.7;K*;                        ? Unchecked;ijcai-2026-base-17-g133903f
n-pancake;unit;85/4;4;8 1 5 6 2 10 4 9 3 7;1 2 3 4 5 6 7 8 9 10;9;10;10;177;0;0;14;0.002043;86637.3;K*;                        ? Unchecked;ijcai-2026-base-17-g133903f
n-pancake;unit;86/4;4;9 5 8 3 4 6 10 1 7 2;1 2 3 4 5 6 7 8 9 10;9;10;10;194;0;0;14;0.002641;73457;K*;                        ? Unchecked;ijcai-2026-base-17-g133903f
n-pancake;unit;87/4;4;6 3 7 1 5 10 4 9 8 2;1 2 3 4 5 6 7 8 9 10;9;10;10;186;0;0;14;0.002475;75151.5;K*;                        ? Unchecked;ijcai-2026-base-17-g133903f
n-pancake;unit;88/4;4;6 4 1 9 8 2 10 3 5 7;1 2 3 4 5 6 7 8 9 10;9;10;10;97;0;0;14;0.001395;69534.1;K*;                        ? Unchecked;ijcai-2026-base-17-g133903f
n-pancake;unit;89/4;4;2 8 5 3 1 7 6 10 4 9;1 2 3 4 5 6 7 8 9 10;9;10;10;132;0;0;14;0.001661;79470.2;K*;                        ? Unchecked;ijcai-2026-base-17-g133903f
n-pancake;unit;90/4;4;3 6 10 5 1 9 8 4 7 2;1 2 3 4 5 6 7 8 9 10;9;10;10;72;0;0;14;0.001024;70312.5;K*;                        ? Unchecked;ijcai-2026-base-17-g133903f
n-pancake;unit;91/4;4;6 9 3 8 1 5 7 10 2 4;1 2 3 4 5 6 7 8 9 10;10;11;11;75;0;0;14;0.001001;74925.1;K*;                        ? Unchecked;ijcai-2026-base-17-g133903f
n-pancake;unit;92/4;4;8 5 6 10 3 9 4 1 7 2;1 2 3 4 5 6 7 8 9 10;9;10;10;202;0;0;14;0.002448;82516.3;K*;                        ? Unchecked;ijcai-2026-base-17-g133903f
n-pancake;unit;93/4;4;8 6 4 5 3 9 2 10 7 1;1 2 3 4 5 6 7 8 9 10;9;10;10;106;0;0;14;0.00154;68831.2;K*;                        ? Unchecked;ijcai-2026-base-17-g133903f
n-pancake;unit;94/4;4;5 7 2 6 1 8 3 9 4 10;1 2 3 4 5 6 7 8 9 10;9;10;10;52;0;0;14;0.000753;69057.1;K*;                        ? Unchecked;ijcai-2026-base-17-g133903f
n-pancake;unit;95/4;4;4 10 6 8 3 9 5 7 1 2;1 2 3 4 5 6 7 8 9 10;9;10;10;184;0;0;14;0.002116;86956.5;K*;                        ? Unchecked;ijcai-2026-base-17-g133903f
n-pancake;unit;96/4;4;4 10 1 8 7 9 6 3 5 2;1 2 3 4 5 6 7 8 9 10;9;10;10;57;0;0;14;0.000964;59128.6;K*;                        ? Unchecked;ijcai-2026-base-17-g133903f
n-pancake;unit;97/4;4;10 3 8 6 1 2 9 4 7 5;1 2 3 4 5 6 7 8 9 10;9;10;10;230;0;0;14;0.002529;90945;K*;                        ? Unchecked;ijcai-2026-base-17-g133903f
n-pancake;unit;98/4;4;10 4 7 1 8 6 2 9 3 5;1 2 3 4 5 6 7 8 9 10;10;10;10;62;0;0;14;0.001089;56933;K*;                        ? Unchecked;ijcai-2026-base-17-g133903f
n-pancake;unit;99/4;4;6 9 5 8 2 7 3 1 4 10;1 2 3 4 5 6 7 8 9 10;9;9;9;32;0;0;14;0.000453;70640.2;K*;                        ? Unchecked;ijcai-2026-base-17-g133903f
n-pancake;unit;0/5;5;3 8 2 7 9 1 5 10 6 4;1 2 3 4 5 6 7 8 9 10;10;11;11;70;0;0;14;0.000868;80645.2;K*;                        ? Unchecked;ijcai-2026-base-17-g133903f
n-pancake;unit;1/5;5;4 1 6 5 10 2 8 3 9 7;1 2 3 4 5 6 7 8 9 10;9;11;11;290;0;0;14;0.003382;85748.1;K*;                        ? Unchecked;ijcai-2026-base-17-g133903f
n-pancake;unit;2/5;5;9 8 4 1 10 2 6 3 7 5;1 2 3 4 5 6 7 8 9 10;9;10;10;74;0;0;14;0.001337;55347.8;K*;                        ? Unchecked;ijcai-2026-base-17-g133903f
n-pancake;unit;3/5;5;9 2 7 1 4 8 10 5 6 3;1 2 3 4 5 6 7 8 9 10;9;10;10;88;0;0;14;0.001147;76721.9;K*;                        ? Unchecked;ijcai-2026-base-17-g133903f
n-pancake;unit;4/5;5;4 1 5 2 8 6 10 9 3 7;1 2 3 4 5 6 7 8 9 10;9;10;10;155;0;0;14;0.002003;77383.9;K*;                        ? Unchecked;ijcai-2026-base-17-g133903f
n-pancake;unit;5/5;5;2 1 8 6 4 9 5 3 10 7;1 2 3 4 5 6 7 8 9 10;9;10;10;60;0;0;14;0.000982;61099.8;K*;                        ? Unchecked;ijcai-2026-base-17-g133903f
n-pancake;unit;6/5;5;9 1 6 4 3 8 10 2 5 7;1 2 3 4 5 6 7 8 9 10;9;10;10;226;0;0;14;0.002726;82905.4;K*;                        ? Unchecked;ijcai-2026-base-17-g133903f
n-pancake;unit;7/5;5;3 5 2 10 8 9 4 6 1 7;1 2 3 4 5 6 7 8 9 10;9;10;10;136;0;0;14;0.001964;69246.4;K*;                        ? Unchecked;ijcai-2026-base-17-g133903f
n-pancake;unit;8/5;5;4 7 2 9 5 3 6 10 1 8;1 2 3 4 5 6 7 8 9 10;10;11;11;57;0;0;14;0.000859;66356.2;K*;                        ? Unchecked;ijcai-2026-base-17-g133903f
n-pancake;unit;9/5;5;1 9 6 10 4 2 5 7 8 3;1 2 3 4 5 6 7 8 9 10;9;10;10;68;0;0;14;0.000926;73434.1;K*;                        ? Unchecked;ijcai-2026-base-17-g133903f
n-pancake;unit;10/5;5;6 4 3 7 10 8 2 5 1 9;1 2 3 4 5 6 7 8 9 10;9;10;10;54;0;0;14;0.000719;75104.3;K*;                        ? Unchecked;ijcai-2026-base-17-g133903f
n-pancake;unit;11/5;5;1 7 9 4 2 5 6 3 10 8;1 2 3 4 5 6 7 8 9 10;9;10;10;140;0;0;14;0.001672;83732.1;K*;                        ? Unchecked;ijcai-2026-base-17-g133903f
n-pancake;unit;12/5;5;3 7 5 10 9 2 8 4 6 1;1 2 3 4 5 6 7 8 9 10;9;10;10;63;0;0;14;0.000948;66455.7;K*;                        ? Unchecked;ijcai-2026-base-17-g133903f
n-pancake;unit;13/5;5;5 7 9 8 2 4 1 6 10 3;1 2 3 4 5 6 7 8 9 10;9;10;10;95;0;0;14;0.001244;76366.6;K*;                        ? Unchecked;ijcai-2026-base-17-g133903f
n-pancake;unit;14/5;5;3 6 10 5 7 4 2 9 1 8;1 2 3 4 5 6 7 8 9 10;10;11;11;99;0;0;14;0.001305;75862.1;K*;                        ? Unchecked;ijcai-2026-base-17-g133903f
n-pancake;unit;15/5;5;5 4 2 9 6 8 10 1 3 7;1 2 3 4 5 6 7 8 9 10;9;10;10;72;0;0;14;0.001029;69970.8;K*;                        ? Unchecked;ijcai-2026-base-17-g133903f
n-pancake;unit;16/5;5;6 4 1 3 8 9 7 5 10 2;1 2 3 4 5 6 7 8 9 10;9;10;10;56;0;0;14;0.000778;71979.4;K*;                        ? Unchecked;ijcai-2026-base-17-g133903f
n-pancake;unit;17/5;5;4 7 3 6 5 2 8 10 1 9;1 2 3 4 5 6 7 8 9 10;9;10;10;30;0;0;14;0.000421;71258.9;K*;                        ? Unchecked;ijcai-2026-base-17-g133903f
n-pancake;unit;18/5;5;8 1 3 7 10 2 5 9 6 4;1 2 3 4 5 6 7 8 9 10;10;11;11;154;0;0;14;0.001781;86468.3;K*;                        ? Unchecked;ijcai-2026-base-17-g133903f
n-pancake;unit;19/5;5;7 3 5 9 4 8 2 10 6 1;1 2 3 4 5 6 7 8 9 10;10;10;10;75;0;0;14;0.001146;65445;K*;                        ? Unchecked;ijcai-2026-base-17-g133903f
n-pancake;unit;20/5;5;4 7 10 8 2 3 1 5 9 6;1 2 3 4 5 6 7 8 9 10;9;10;10;256;0;0;14;0.003036;84321.5;K*;                        ? Unchecked;ijcai-2026-base-17-g133903f
n-pancake;unit;21/5;5;10 2 5 3 9 4 1 8 6 7;1 2 3 4 5 6 7 8 9 10;9;10;10;103;0;0;14;0.00159;64779.9;K*;                        ? Unchecked;ijcai-2026-base-17-g133903f
n-pancake;unit;22/5;5;1 4 10 9 2 8 5 7 3 6;1 2 3 4 5 6 7 8 9 10;9;10;10;50;0;0;14;0.000753;66401.1;K*;                        ? Unchecked;ijcai-2026-base-17-g133903f
n-pancake;unit;23/5;5;5 1 3 8 7 10 6 4 2 9;1 2 3 4 5 6 7 8 9 10;9;10;10;46;0;0;14;0.000584;78767.1;K*;                        ? Unchecked;ijcai-2026-base-17-g133903f
n-pancake;unit;24/5;5;8 1 9 5 3 7 6 4 10 2;1 2 3 4 5 6 7 8 9 10;9;10;10;73;0;0;14;0.000955;76439.8;K*;                        ? Unchecked;ijcai-2026-base-17-g133903f
n-pancake;unit;25/5;5;4 7 6 8 2 10 1 9 5 3;1 2 3 4 5 6 7 8 9 10;9;10;10;210;0;0;14;0.002475;84848.5;K*;                        ? Unchecked;ijcai-2026-base-17-g133903f
n-pancake;unit;26/5;5;7 4 6 2 8 3 9 1 10 5;1 2 3 4 5 6 7 8 9 10;10;11;11;76;0;0;14;0.001251;60751.4;K*;                        ? Unchecked;ijcai-2026-base-17-g133903f
n-pancake;unit;27/5;5;1 7 10 4 2 6 9 8 5 3;1 2 3 4 5 6 7 8 9 10;9;10;10;71;0;0;14;0.000932;76180.3;K*;                        ? Unchecked;ijcai-2026-base-17-g133903f
n-pancake;unit;28/5;5;9 4 6 8 7 10 2 5 1 3;1 2 3 4 5 6 7 8 9 10;9;10;10;63;0;0;14;0.000835;75449.1;K*;                        ? Unchecked;ijcai-2026-base-17-g133903f
n-pancake;unit;29/5;5;8 3 9 2 7 4 6 1 5 10;1 2 3 4 5 6 7 8 9 10;9;10;10;75;0;0;14;0.000998;75150.3;K*;                        ? Unchecked;ijcai-2026-base-17-g133903f
n-pancake;unit;30/5;5;3 2 5 9 1 8 4 6 10 7;1 2 3 4 5 6 7 8 9 10;9;10;10;50;0;0;14;0.000692;72254.3;K*;                        ? Unchecked;ijcai-2026-base-17-g133903f
n-pancake;unit;31/5;5;4 8 10 7 9 6 2 5 3 1;1 2 3 4 5 6 7 8 9 10;10;11;11;172;0;0;14;0.002244;76648.8;K*;                        ? Unchecked;ijcai-2026-base-17-g133903f
n-pancake;unit;32/5;5;5 1 10 4 8 2 6 3 7 9;1 2 3 4 5 6 7 8 9 10;10;11;11;77;0;0;14;0.001093;70448.3;K*;                        ? Unchecked;ijcai-2026-base-17-g133903f
n-pancake;unit;33/5;5;8 2 5 6 10 7 9 4 1 3;1 2 3 4 5 6 7 8 9 10;9;10;10;58;0;0;14;0.000817;70991.4;K*;                        ? Unchecked;ijcai-2026-base-17-g133903f
n-pancake;unit;34/5;5;1 10 8 3 9 5 2 7 6 4;1 2 3 4 5 6 7 8 9 10;9;10;10;87;0;0;14;0.00115;75652.2;K*;                        ? Unchecked;ijcai-2026-base-17-g133903f
n-pancake;unit;35/5;5;4 5 3 7 9 1 8 10 6 2;1 2 3 4 5 6 7 8 9 10;9;10;10;58;0;0;14;0.000821;70645.6;K*;                        ? Unchecked;ijcai-2026-base-17-g133903f
n-pancake;unit;36/5;5;3 7 1 4 5 10 2 9 6 8;1 2 3 4 5 6 7 8 9 10;9;10;10;152;0;0;14;0.001959;77590.6;K*;                        ? Unchecked;ijcai-2026-base-17-g133903f
n-pancake;unit;37/5;5;7 9 2 3 10 1 6 4 8 5;1 2 3 4 5 6 7 8 9 10;9;10;10;331;0;0;14;0.004117;80398.3;K*;                        ? Unchecked;ijcai-2026-base-17-g133903f
n-pancake;unit;38/5;5;8 6 10 1 3 9 4 7 2 5;1 2 3 4 5 6 7 8 9 10;10;11;11;93;0;0;14;0.001584;58712.1;K*;                        ? Unchecked;ijcai-2026-base-17-g133903f
n-pancake;unit;39/5;5;2 6 1 5 9 3 4 8 10 7;1 2 3 4 5 6 7 8 9 10;9;10;10;119;0;0;14;0.00167;71257.5;K*;                        ? Unchecked;ijcai-2026-base-17-g133903f
n-pancake;unit;40/5;5;3 9 5 8 2 7 1 6 4 10;1 2 3 4 5 6 7 8 9 10;9;10;10;85;0;0;14;0.001207;70422.5;K*;                        ? Unchecked;ijcai-2026-base-17-g133903f
n-pancake;unit;41/5;5;8 1 9 3 6 7 10 5 2 4;1 2 3 4 5 6 7 8 9 10;9;10;10;52;0;0;14;0.000752;69148.9;K*;                        ? Unchecked;ijcai-2026-base-17-g133903f
n-pancake;unit;42/5;5;3 10 2 4 7 9 8 5 1 6;1 2 3 4 5 6 7 8 9 10;9;10;10;79;0;0;14;0.000957;82549.6;K*;                        ? Unchecked;ijcai-2026-base-17-g133903f
n-pancake;unit;43/5;5;6 1 7 3 10 8 4 5 2 9;1 2 3 4 5 6 7 8 9 10;9;10;10;93;0;0;14;0.001247;74579;K*;                        ? Unchecked;ijcai-2026-base-17-g133903f
n-pancake;unit;44/5;5;9 2 6 10 1 3 8 5 4 7;1 2 3 4 5 6 7 8 9 10;9;10;10;115;0;0;14;0.001451;79255.7;K*;                        ? Unchecked;ijcai-2026-base-17-g133903f
n-pancake;unit;45/5;5;1 7 3 9 2 5 8 6 10 4;1 2 3 4 5 6 7 8 9 10;10;11;11;173;0;0;14;0.002349;73648.4;K*;                        ? Unchecked;ijcai-2026-base-17-g133903f
n-pancake;unit;46/5;5;7 9 2 5 4 1 8 3 10 6;1 2 3 4 5 6 7 8 9 10;9;10;10;66;0;0;14;0.001035;63768.1;K*;                        ? Unchecked;ijcai-2026-base-17-g133903f
n-pancake;unit;47/5;5;6 8 4 10 2 9 3 7 5 1;1 2 3 4 5 6 7 8 9 10;10;11;11;246;0;0;14;0.00293;83959;K*;                        ? Unchecked;ijcai-2026-base-17-g133903f
n-pancake;unit;48/5;5;4 1 7 5 3 10 6 9 2 8;1 2 3 4 5 6 7 8 9 10;10;11;11;81;0;0;14;0.001346;60178.3;K*;                        ? Unchecked;ijcai-2026-base-17-g133903f
n-pancake;unit;49/5;5;4 1 6 5 7 3 9 2 10 8;1 2 3 4 5 6 7 8 9 10;9;11;11;292;0;0;14;0.003449;84662.2;K*;                        ? Unchecked;ijcai-2026-base-17-g133903f
n-pancake;unit;50/5;5;8 5 2 7 4 3 10 1 6 9;1 2 3 4 5 6 7 8 9 10;9;10;10;93;0;0;14;0.001593;58380.4;K*;                        ? Unchecked;ijcai-2026-base-17-g133903f
n-pancake;unit;51/5;5;3 5 4 2 8 6 10 1 9 7;1 2 3 4 5 6 7 8 9 10;9;10;10;76;0;0;14;0.00108;70370.4;K*;                        ? Unchecked;ijcai-2026-base-17-g133903f
n-pancake;unit;52/5;5;5 9 2 7 10 8 6 3 1 4;1 2 3 4 5 6 7 8 9 10;10;11;11;85;0;0;14;0.001125;75555.6;K*;                        ? Unchecked;ijcai-2026-base-17-g133903f
n-pancake;unit;53/5;5;8 1 5 2 3 6 9 4 10 7;1 2 3 4 5 6 7 8 9 10;9;10;10;170;0;0;14;0.002278;74626.9;K*;                        ? Unchecked;ijcai-2026-base-17-g133903f
n-pancake;unit;54/5;5;10 1 4 8 2 6 5 7 3 9;1 2 3 4 5 6 7 8 9 10;9;10;10;184;0;0;14;0.002352;78231.3;K*;                        ? Unchecked;ijcai-2026-base-17-g133903f
n-pancake;unit;55/5;5;9 1 8 3 6 10 4 2 5 7;1 2 3 4 5 6 7 8 9 10;10;11;11;154;0;0;14;0.002268;67901.2;K*;                        ? Unchecked;ijcai-2026-base-17-g133903f
n-pancake;unit;56/5;5;4 7 6 1 10 5 9 2 8 3;1 2 3 4 5 6 7 8 9 10;9;10;10;147;0;0;14;0.002016;72916.7;K*;                        ? Unchecked;ijcai-2026-base-17-g133903f
n-pancake;unit;57/5;5;8 5 10 7 9 3 2 6 1 4;1 2 3 4 5 6 7 8 9 10;9;10;10;90;0;0;14;0.001324;67975.8;K*;                        ? Unchecked;ijcai-2026-base-17-g133903f
n-pancake;unit;58/5;5;6 3 7 1 4 2 8 5 10 9;1 2 3 4 5 6 7 8 9 10;9;11;11;431;0;0;14;0.005107;84394;K*;                        ? Unchecked;ijcai-2026-base-17-g133903f
n-pancake;unit;59/5;5;1 9 7 10 5 4 6 2 8 3;1 2 3 4 5 6 7 8 9 10;9;10;10;55;0;0;14;0.001332;41291.3;K*;                        ? Unchecked;ijcai-2026-base-17-g133903f
n-pancake;unit;60/5;5;1 3 10 4 8 5 9 2 7 6;1 2 3 4 5 6 7 8 9 10;9;10;10;121;0;0;14;0.001607;75295.6;K*;                        ? Unchecked;ijcai-2026-base-17-g133903f
n-pancake;unit;61/5;5;8 7 5 2 4 10 3 1 9 6;1 2 3 4 5 6 7 8 9 10;9;10;10;50;0;0;14;0.000799;62578.2;K*;                        ? Unchecked;ijcai-2026-base-17-g133903f
n-pancake;unit;62/5;5;9 2 10 5 7 1 6 8 4 3;1 2 3 4 5 6 7 8 9 10;9;10;10;128;0;0;14;0.001639;78096.4;K*;                        ? Unchecked;ijcai-2026-base-17-g133903f
n-pancake;unit;63/5;5;7 9 10 8 6 1 4 2 5 3;1 2 3 4 5 6 7 8 9 10;9;10;10;45;0;0;14;0.000706;63739.4;K*;                        ? Unchecked;ijcai-2026-base-17-g133903f
n-pancake;unit;64/5;5;9 1 3 5 7 2 10 8 4 6;1 2 3 4 5 6 7 8 9 10;10;11;11;104;0;0;14;0.001282;81123.2;K*;                        ? Unchecked;ijcai-2026-base-17-g133903f
n-pancake;unit;65/5;5;8 2 3 5 9 7 10 6 4 1;1 2 3 4 5 6 7 8 9 10;9;10;10;56;0;0;14;0.000815;68711.7;K*;                        ? Unchecked;ijcai-2026-base-17-g133903f
n-pancake;unit;66/5;5;9 4 10 6 2 7 1 3 8 5;1 2 3 4 5 6 7 8 9 10;10;11;11;185;0;0;14;0.002269;81533.7;K*;                        ? Unchecked;ijcai-2026-base-17-g133903f
n-pancake;unit;67/5;5;4 8 5 2 10 9 6 3 1 7;1 2 3 4 5 6 7 8 9 10;9;10;10;95;0;0;14;0.001443;65835.1;K*;                        ? Unchecked;ijcai-2026-base-17-g133903f
n-pancake;unit;68/5;5;4 3 8 10 2 5 9 6 1 7;1 2 3 4 5 6 7 8 9 10;9;10;10;92;0;0;14;0.001184;77702.7;K*;                        ? Unchecked;ijcai-2026-base-17-g133903f
n-pancake;unit;69/5;5;8 5 9 4 1 10 7 2 6 3;1 2 3 4 5 6 7 8 9 10;10;11;11;131;0;0;14;0.001733;75591.5;K*;                        ? Unchecked;ijcai-2026-base-17-g133903f
n-pancake;unit;70/5;5;7 4 2 9 6 8 3 1 5 10;1 2 3 4 5 6 7 8 9 10;9;10;10;50;0;0;14;0.000823;60753.3;K*;                        ? Unchecked;ijcai-2026-base-17-g133903f
n-pancake;unit;71/5;5;6 1 7 3 4 9 5 8 10 2;1 2 3 4 5 6 7 8 9 10;9;10;10;38;0;0;14;0.000498;76305.2;K*;                        ? Unchecked;ijcai-2026-base-17-g133903f
n-pancake;unit;72/5;5;9 4 10 2 7 6 1 5 8 3;1 2 3 4 5 6 7 8 9 10;9;10;10;76;0;0;14;0.000882;86167.8;K*;                        ? Unchecked;ijcai-2026-base-17-g133903f
n-pancake;unit;73/5;5;1 7 4 2 5 3 6 9 10 8;1 2 3 4 5 6 7 8 9 10;9;10;10;99;0;0;14;0.001256;78821.7;K*;                        ? Unchecked;ijcai-2026-base-17-g133903f
n-pancake;unit;74/5;5;6 3 2 7 10 8 1 4 9 5;1 2 3 4 5 6 7 8 9 10;9;10;10;50;0;0;14;0.000752;66489.4;K*;                        ? Unchecked;ijcai-2026-base-17-g133903f
n-pancake;unit;75/5;5;10 8 4 9 6 1 7 3 5 2;1 2 3 4 5 6 7 8 9 10;10;11;11;89;0;0;14;0.001068;83333.3;K*;                        ? Unchecked;ijcai-2026-base-17-g133903f
n-pancake;unit;76/5;5;9 8 3 6 2 5 10 1 4 7;1 2 3 4 5 6 7 8 9 10;9;10;10;131;0;0;14;0.001678;78069.1;K*;                        ? Unchecked;ijcai-2026-base-17-g133903f
n-pancake;unit;77/5;5;1 6 8 5 2 4 7 9 3 10;1 2 3 4 5 6 7 8 9 10;9;10;10;89;0;0;14;0.001274;69858.7;K*;                        ? Unchecked;ijcai-2026-base-17-g133903f
n-pancake;unit;78/5;5;3 10 7 1 4 8 9 6 2 5;1 2 3 4 5 6 7 8 9 10;9;10;10;66;0;0;14;0.000915;72131.1;K*;                        ? Unchecked;ijcai-2026-base-17-g133903f
n-pancake;unit;79/5;5;5 1 8 10 6 4 9 2 3 7;1 2 3 4 5 6 7 8 9 10;9;10;10;50;0;0;14;0.000677;73855.2;K*;                        ? Unchecked;ijcai-2026-base-17-g133903f
n-pancake;unit;80/5;5;8 4 5 10 2 6 3 1 7 9;1 2 3 4 5 6 7 8 9 10;9;10;10;156;0;0;14;0.001929;80870.9;K*;                        ? Unchecked;ijcai-2026-base-17-g133903f
n-pancake;unit;81/5;5;6 2 5 10 3 7 4 9 8 1;1 2 3 4 5 6 7 8 9 10;9;10;10;106;0;0;14;0.001471;72059.8;K*;                        ? Unchecked;ijcai-2026-base-17-g133903f
n-pancake;unit;82/5;5;6 3 8 7 4 9 1 10 5 2;1 2 3 4 5 6 7 8 9 10;9;10;10;93;0;0;14;0.001286;72317.3;K*;                        ? Unchecked;ijcai-2026-base-17-g133903f
n-pancake;unit;83/5;5;2 10 3 9 8 6 4 1 7 5;1 2 3 4 5 6 7 8 9 10;9;10;10;73;0;0;14;0.001024;71289.1;K*;                        ? Unchecked;ijcai-2026-base-17-g133903f
n-pancake;unit;84/5;5;4 2 9 7 3 10 5 8 1 6;1 2 3 4 5 6 7 8 9 10;10;11;11;108;0;0;14;0.001395;77419.4;K*;                        ? Unchecked;ijcai-2026-base-17-g133903f
n-pancake;unit;85/5;5;8 1 5 6 2 10 4 9 3 7;1 2 3 4 5 6 7 8 9 10;9;10;10;197;0;0;14;0.002411;81708.8;K*;                        ? Unchecked;ijcai-2026-base-17-g133903f
n-pancake;unit;86/5;5;9 5 8 3 4 6 10 1 7 2;1 2 3 4 5 6 7 8 9 10;9;10;10;194;0;0;14;0.002728;71114.4;K*;                        ? Unchecked;ijcai-2026-base-17-g133903f
n-pancake;unit;87/5;5;6 3 7 1 5 10 4 9 8 2;1 2 3 4 5 6 7 8 9 10;9;10;10;186;0;0;14;0.002522;73751;K*;                        ? Unchecked;ijcai-2026-base-17-g133903f
n-pancake;unit;88/5;5;6 4 1 9 8 2 10 3 5 7;1 2 3 4 5 6 7 8 9 10;9;10;10;97;0;0;14;0.001425;68070.2;K*;                        ? Unchecked;ijcai-2026-base-17-g133903f
n-pancake;unit;89/5;5;2 8 5 3 1 7 6 10 4 9;1 2 3 4 5 6 7 8 9 10;9;10;10;172;0;0;14;0.002196;78324.2;K*;                        ? Unchecked;ijcai-2026-base-17-g133903f
n-pancake;unit;90/5;5;3 6 10 5 1 9 8 4 7 2;1 2 3 4 5 6 7 8 9 10;9;10;10;92;0;0;14;0.00138;66666.7;K*;                        ? Unchecked;ijcai-2026-base-17-g133903f
n-pancake;unit;91/5;5;6 9 3 8 1 5 7 10 2 4;1 2 3 4 5 6 7 8 9 10;10;11;11;75;0;0;14;0.001057;70955.5;K*;                        ? Unchecked;ijcai-2026-base-17-g133903f
n-pancake;unit;92/5;5;8 5 6 10 3 9 4 1 7 2;1 2 3 4 5 6 7 8 9 10;9;10;10;222;0;0;14;0.002799;79314;K*;                        ? Unchecked;ijcai-2026-base-17-g133903f
n-pancake;unit;93/5;5;8 6 4 5 3 9 2 10 7 1;1 2 3 4 5 6 7 8 9 10;9;10;10;106;0;0;14;0.001694;62573.8;K*;                        ? Unchecked;ijcai-2026-base-17-g133903f
n-pancake;unit;94/5;5;5 7 2 6 1 8 3 9 4 10;1 2 3 4 5 6 7 8 9 10;9;10;10;52;0;0;14;0.000766;67885.1;K*;                        ? Unchecked;ijcai-2026-base-17-g133903f
n-pancake;unit;95/5;5;4 10 6 8 3 9 5 7 1 2;1 2 3 4 5 6 7 8 9 10;9;10;10;204;0;0;14;0.002524;80824.1;K*;                        ? Unchecked;ijcai-2026-base-17-g133903f
n-pancake;unit;96/5;5;4 10 1 8 7 9 6 3 5 2;1 2 3 4 5 6 7 8 9 10;9;10;10;57;0;0;14;0.000985;57868;K*;                        ? Unchecked;ijcai-2026-base-17-g133903f
n-pancake;unit;97/5;5;10 3 8 6 1 2 9 4 7 5;1 2 3 4 5 6 7 8 9 10;9;10;10;250;0;0;14;0.002825;88495.6;K*;                        ? Unchecked;ijcai-2026-base-17-g133903f
n-pancake;unit;98/5;5;10 4 7 1 8 6 2 9 3 5;1 2 3 4 5 6 7 8 9 10;10;11;11;62;0;0;14;0.001122;55258.5;K*;                        ? Unchecked;ijcai-2026-base-17-g133903f
n-pancake;unit;99/5;5;6 9 5 8 2 7 3 1 4 10;1 2 3 4 5 6 7 8 9 10;9;10;10;192;0;0;14;0.00252;76190.5;K*;                        ? Unchecked;ijcai-2026-base-17-g133903f
n-pancake;unit;0/6;6;3 8 2 7 9 1 5 10 6 4;1 2 3 4 5 6 7 8 9 10;10;11;11;90;0;0;14;0.001423;63246.7;K*;                        ? Unchecked;ijcai-2026-base-17-g133903f
n-pancake;unit;1/6;6;4 1 6 5 10 2 8 3 9 7;1 2 3 4 5 6 7 8 9 10;9;11;11;290;0;0;14;0.003458;83863.5;K*;                        ? Unchecked;ijcai-2026-base-17-g133903f
n-pancake;unit;2/6;6;9 8 4 1 10 2 6 3 7 5;1 2 3 4 5 6 7 8 9 10;9;10;10;74;0;0;14;0.001395;53046.6;K*;                        ? Unchecked;ijcai-2026-base-17-g133903f
n-pancake;unit;3/6;6;9 2 7 1 4 8 10 5 6 3;1 2 3 4 5 6 7 8 9 10;9;10;10;148;0;0;14;0.001978;74823.1;K*;                        ? Unchecked;ijcai-2026-base-17-g133903f
n-pancake;unit;4/6;6;4 1 5 2 8 6 10 9 3 7;1 2 3 4 5 6 7 8 9 10;9;10;10;175;0;0;14;0.00242;72314;K*;                        ? Unchecked;ijcai-2026-base-17-g133903f
n-pancake;unit;5/6;6;2 1 8 6 4 9 5 3 10 7;1 2 3 4 5 6 7 8 9 10;9;10;10;60;0;0;14;0.001009;59464.8;K*;                        ? Unchecked;ijcai-2026-base-17-g133903f
n-pancake;unit;6/6;6;9 1 6 4 3 8 10 2 5 7;1 2 3 4 5 6 7 8 9 10;9;10;10;246;0;0;14;0.003041;80894.4;K*;                        ? Unchecked;ijcai-2026-base-17-g133903f
n-pancake;unit;7/6;6;3 5 2 10 8 9 4 6 1 7;1 2 3 4 5 6 7 8 9 10;9;10;10;136;0;0;14;0.001998;68068.1;K*;                        ? Unchecked;ijcai-2026-base-17-g133903f
n-pancake;unit;8/6;6;4 7 2 9 5 3 6 10 1 8;1 2 3 4 5 6 7 8 9 10;10;11;11;77;0;0;14;0.001146;67190.2;K*;                        ? Unchecked;ijcai-2026-base-17-g133903f
n-pancake;unit;9/6;6;1 9 6 10 4 2 5 7 8 3;1 2 3 4 5 6 7 8 9 10;9;10;10;88;0;0;14;0.001227;71719.6;K*;                        ? Unchecked;ijcai-2026-base-17-g133903f
n-pancake;unit;10/6;6;6 4 3 7 10 8 2 5 1 9;1 2 3 4 5 6 7 8 9 10;9;10;10;74;0;0;14;0.001056;70075.8;K*;                        ? Unchecked;ijcai-2026-base-17-g133903f
n-pancake;unit;11/6;6;1 7 9 4 2 5 6 3 10 8;1 2 3 4 5 6 7 8 9 10;9;10;10;160;0;0;14;0.00201;79602;K*;                        ? Unchecked;ijcai-2026-base-17-g133903f
n-pancake;unit;12/6;6;3 7 5 10 9 2 8 4 6 1;1 2 3 4 5 6 7 8 9 10;9;10;10;63;0;0;14;0.001;63000;K*;                        ? Unchecked;ijcai-2026-base-17-g133903f
n-pancake;unit;13/6;6;5 7 9 8 2 4 1 6 10 3;1 2 3 4 5 6 7 8 9 10;9;10;10;135;0;0;14;0.001819;74216.6;K*;                        ? Unchecked;ijcai-2026-base-17-g133903f
n-pancake;unit;14/6;6;3 6 10 5 7 4 2 9 1 8;1 2 3 4 5 6 7 8 9 10;10;11;11;99;0;0;14;0.001436;68941.5;K*;                        ? Unchecked;ijcai-2026-base-17-g133903f
n-pancake;unit;15/6;6;5 4 2 9 6 8 10 1 3 7;1 2 3 4 5 6 7 8 9 10;9;10;10;72;0;0;14;0.001024;70312.5;K*;                        ? Unchecked;ijcai-2026-base-17-g133903f
n-pancake;unit;16/6;6;6 4 1 3 8 9 7 5 10 2;1 2 3 4 5 6 7 8 9 10;9;10;10;56;0;0;14;0.000792;70707.1;K*;                        ? Unchecked;ijcai-2026-base-17-g133903f
n-pancake;unit;17/6;6;4 7 3 6 5 2 8 10 1 9;1 2 3 4 5 6 7 8 9 10;9;10;10;50;0;0;14;0.0007;71428.6;K*;                        ? Unchecked;ijcai-2026-base-17-g133903f
n-pancake;unit;18/6;6;8 1 3 7 10 2 5 9 6 4;1 2 3 4 5 6 7 8 9 10;10;11;11;154;0;0;14;0.001828;84245.1;K*;                        ? Unchecked;ijcai-2026-base-17-g133903f
n-pancake;unit;19/6;6;7 3 5 9 4 8 2 10 6 1;1 2 3 4 5 6 7 8 9 10;10;11;11;75;0;0;14;0.001171;64047.8;K*;                        ? Unchecked;ijcai-2026-base-17-g133903f
n-pancake;unit;20/6;6;4 7 10 8 2 3 1 5 9 6;1 2 3 4 5 6 7 8 9 10;9;11;11;273;0;0;14;0.003294;82878;K*;                        ? Unchecked;ijcai-2026-base-17-g133903f
n-pancake;unit;21/6;6;10 2 5 3 9 4 1 8 6 7;1 2 3 4 5 6 7 8 9 10;9;10;10;103;0;0;14;0.001673;61566;K*;                        ? Unchecked;ijcai-2026-base-17-g133903f
n-pancake;unit;22/6;6;1 4 10 9 2 8 5 7 3 6;1 2 3 4 5 6 7 8 9 10;9;10;10;90;0;0;14;0.001332;67567.6;K*;                        ? Unchecked;ijcai-2026-base-17-g133903f
n-pancake;unit;23/6;6;5 1 3 8 7 10 6 4 2 9;1 2 3 4 5 6 7 8 9 10;9;10;10;66;0;0;14;0.000947;69693.8;K*;                        ? Unchecked;ijcai-2026-base-17-g133903f
n-pancake;unit;24/6;6;8 1 9 5 3 7 6 4 10 2;1 2 3 4 5 6 7 8 9 10;9;10;10;73;0;0;14;0.00104;70192.3;K*;                        ? Unchecked;ijcai-2026-base-17-g133903f
n-pancake;unit;25/6;6;4 7 6 8 2 10 1 9 5 3;1 2 3 4 5 6 7 8 9 10;9;10;10;210;0;0;14;0.002463;85261.9;K*;                        ? Unchecked;ijcai-2026-base-17-g133903f
n-pancake;unit;26/6;6;7 4 6 2 8 3 9 1 10 5;1 2 3 4 5 6 7 8 9 10;10;11;11;76;0;0;14;0.001468;51771.1;K*;                        ? Unchecked;ijcai-2026-base-17-g133903f
n-pancake;unit;27/6;6;1 7 10 4 2 6 9 8 5 3;1 2 3 4 5 6 7 8 9 10;9;10;10;91;0;0;14;0.001259;72279.6;K*;                        ? Unchecked;ijcai-2026-base-17-g133903f
n-pancake;unit;28/6;6;9 4 6 8 7 10 2 5 1 3;1 2 3 4 5 6 7 8 9 10;9;10;10;63;0;0;14;0.0009;70000;K*;                        ? Unchecked;ijcai-2026-base-17-g133903f
n-pancake;unit;29/6;6;8 3 9 2 7 4 6 1 5 10;1 2 3 4 5 6 7 8 9 10;9;10;10;75;0;0;14;0.001142;65674.3;K*;                        ? Unchecked;ijcai-2026-base-17-g133903f
n-pancake;unit;30/6;6;3 2 5 9 1 8 4 6 10 7;1 2 3 4 5 6 7 8 9 10;9;10;10;70;0;0;14;0.001032;67829.5;K*;                        ? Unchecked;ijcai-2026-base-17-g133903f
n-pancake;unit;31/6;6;4 8 10 7 9 6 2 5 3 1;1 2 3 4 5 6 7 8 9 10;10;11;11;172;0;0;14;0.002514;68416.9;K*;                        ? Unchecked;ijcai-2026-base-17-g133903f
n-pancake;unit;32/6;6;5 1 10 4 8 2 6 3 7 9;1 2 3 4 5 6 7 8 9 10;10;11;11;97;0;0;14;0.001434;67643;K*;                        ? Unchecked;ijcai-2026-base-17-g133903f
n-pancake;unit;33/6;6;8 2 5 6 10 7 9 4 1 3;1 2 3 4 5 6 7 8 9 10;9;10;10;78;0;0;14;0.001274;61224.5;K*;                        ? Unchecked;ijcai-2026-base-17-g133903f
n-pancake;unit;34/6;6;1 10 8 3 9 5 2 7 6 4;1 2 3 4 5 6 7 8 9 10;9;10;10;87;0;0;14;0.001221;71253.1;K*;                        ? Unchecked;ijcai-2026-base-17-g133903f
n-pancake;unit;35/6;6;4 5 3 7 9 1 8 10 6 2;1 2 3 4 5 6 7 8 9 10;9;10;10;78;0;0;14;0.001153;67649.6;K*;                        ? Unchecked;ijcai-2026-base-17-g133903f
n-pancake;unit;36/6;6;3 7 1 4 5 10 2 9 6 8;1 2 3 4 5 6 7 8 9 10;9;10;10;172;0;0;14;0.002464;69805.2;K*;                        ? Unchecked;ijcai-2026-base-17-g133903f
n-pancake;unit;37/6;6;7 9 2 3 10 1 6 4 8 5;1 2 3 4 5 6 7 8 9 10;9;10;10;351;0;0;14;0.004676;75064.2;K*;                        ? Unchecked;ijcai-2026-base-17-g133903f
n-pancake;unit;38/6;6;8 6 10 1 3 9 4 7 2 5;1 2 3 4 5 6 7 8 9 10;10;11;11;133;0;0;14;0.0023;57826.1;K*;                        ? Unchecked;ijcai-2026-base-17-g133903f
n-pancake;unit;39/6;6;2 6 1 5 9 3 4 8 10 7;1 2 3 4 5 6 7 8 9 10;9;10;10;119;0;0;14;0.001794;66332.2;K*;                        ? Unchecked;ijcai-2026-base-17-g133903f
n-pancake;unit;40/6;6;3 9 5 8 2 7 1 6 4 10;1 2 3 4 5 6 7 8 9 10;9;10;10;85;0;0;14;0.001274;66719;K*;                        ? Unchecked;ijcai-2026-base-17-g133903f
n-pancake;unit;41/6;6;8 1 9 3 6 7 10 5 2 4;1 2 3 4 5 6 7 8 9 10;9;10;10;72;0;0;14;0.001089;66115.7;K*;                        ? Unchecked;ijcai-2026-base-17-g133903f
n-pancake;unit;42/6;6;3 10 2 4 7 9 8 5 1 6;1 2 3 4 5 6 7 8 9 10;9;10;10;99;0;0;14;0.001346;73551.3;K*;                        ? Unchecked;ijcai-2026-base-17-g133903f
n-pancake;unit;43/6;6;6 1 7 3 10 8 4 5 2 9;1 2 3 4 5 6 7 8 9 10;9;10;10;93;0;0;14;0.001307;71155.3;K*;                        ? Unchecked;ijcai-2026-base-17-g133903f
n-pancake;unit;44/6;6;9 2 6 10 1 3 8 5 4 7;1 2 3 4 5 6 7 8 9 10;9;10;10;115;0;0;14;0.001481;77650.2;K*;                        ? Unchecked;ijcai-2026-base-17-g133903f
n-pancake;unit;45/6;6;1 7 3 9 2 5 8 6 10 4;1 2 3 4 5 6 7 8 9 10;10;11;11;193;0;0;14;0.002645;72967.9;K*;                        ? Unchecked;ijcai-2026-base-17-g133903f
n-pancake;unit;46/6;6;7 9 2 5 4 1 8 3 10 6;1 2 3 4 5 6 7 8 9 10;9;10;10;66;0;0;14;0.001112;59352.5;K*;                        ? Unchecked;ijcai-2026-base-17-g133903f
n-pancake;unit;47/6;6;6 8 4 10 2 9 3 7 5 1;1 2 3 4 5 6 7 8 9 10;10;11;11;246;0;0;14;0.002932;83901.8;K*;                        ? Unchecked;ijcai-2026-base-17-g133903f
n-pancake;unit;48/6;6;4 1 7 5 3 10 6 9 2 8;1 2 3 4 5 6 7 8 9 10;10;11;11;81;0;0;14;0.001392;58189.7;K*;                        ? Unchecked;ijcai-2026-base-17-g133903f
n-pancake;unit;49/6;6;4 1 6 5 7 3 9 2 10 8;1 2 3 4 5 6 7 8 9 10;9;11;11;292;0;0;14;0.003516;83048.9;K*;                        ? Unchecked;ijcai-2026-base-17-g133903f
n-pancake;unit;50/6;6;8 5 2 7 4 3 10 1 6 9;1 2 3 4 5 6 7 8 9 10;9;10;10;113;0;0;14;0.001907;59255.4;K*;                        ? Unchecked;ijcai-2026-base-17-g133903f
n-pancake;unit;51/6;6;3 5 4 2 8 6 10 1 9 7;1 2 3 4 5 6 7 8 9 10;9;10;10;96;0;0;14;0.001439;66713;K*;                        ? Unchecked;ijcai-2026-base-17-g133903f
n-pancake;unit;52/6;6;5 9 2 7 10 8 6 3 1 4;1 2 3 4 5 6 7 8 9 10;10;11;11;105;0;0;14;0.00144;72916.7;K*;                        ? Unchecked;ijcai-2026-base-17-g133903f
n-pancake;unit;53/6;6;8 1 5 2 3 6 9 4 10 7;1 2 3 4 5 6 7 8 9 10;9;10;10;170;0;0;14;0.002379;71458.6;K*;                        ? Unchecked;ijcai-2026-base-17-g133903f
n-pancake;unit;54/6;6;10 1 4 8 2 6 5 7 3 9;1 2 3 4 5 6 7 8 9 10;9;10;10;204;0;0;14;0.002651;76952.1;K*;                        ? Unchecked;ijcai-2026-base-17-g133903f
n-pancake;unit;55/6;6;9 1 8 3 6 10 4 2 5 7;1 2 3 4 5 6 7 8 9 10;10;11;11;154;0;0;14;0.002309;66695.5;K*;                        ? Unchecked;ijcai-2026-base-17-g133903f
n-pancake;unit;56/6;6;4 7 6 1 10 5 9 2 8 3;1 2 3 4 5 6 7 8 9 10;9;10;10;167;0;0;14;0.002351;71033.6;K*;                        ? Unchecked;ijcai-2026-base-17-g133903f
n-pancake;unit;57/6;6;8 5 10 7 9 3 2 6 1 4;1 2 3 4 5 6 7 8 9 10;9;10;10;110;0;0;14;0.001646;66828.7;K*;                        ? Unchecked;ijcai-2026-base-17-g133903f
n-pancake;unit;58/6;6;6 3 7 1 4 2 8 5 10 9;1 2 3 4 5 6 7 8 9 10;9;11;11;451;0;0;15;0.005345;84377.9;K*;                        ? Unchecked;ijcai-2026-base-17-g133903f
n-pancake;unit;59/6;6;1 9 7 10 5 4 6 2 8 3;1 2 3 4 5 6 7 8 9 10;9;10;10;75;0;0;15;0.001664;45072.1;K*;                        ? Unchecked;ijcai-2026-base-17-g133903f
n-pancake;unit;60/6;6;1 3 10 4 8 5 9 2 7 6;1 2 3 4 5 6 7 8 9 10;9;10;10;121;0;0;15;0.001698;71260.3;K*;                        ? Unchecked;ijcai-2026-base-17-g133903f
n-pancake;unit;61/6;6;8 7 5 2 4 10 3 1 9 6;1 2 3 4 5 6 7 8 9 10;9;10;10;50;0;0;15;0.000818;61124.7;K*;                        ? Unchecked;ijcai-2026-base-17-g133903f
n-pancake;unit;62/6;6;9 2 10 5 7 1 6 8 4 3;1 2 3 4 5 6 7 8 9 10;9;10;10;128;0;0;15;0.001634;78335.4;K*;                        ? Unchecked;ijcai-2026-base-17-g133903f
n-pancake;unit;63/6;6;7 9 10 8 6 1 4 2 5 3;1 2 3 4 5 6 7 8 9 10;9;10;10;65;0;0;15;0.001008;64484.1;K*;                        ? Unchecked;ijcai-2026-base-17-g133903f
n-pancake;unit;64/6;6;9 1 3 5 7 2 10 8 4 6;1 2 3 4 5 6 7 8 9 10;10;11;11;164;0;0;15;0.002221;73840.6;K*;                        ? Unchecked;ijcai-2026-base-17-g133903f
n-pancake;unit;65/6;6;8 2 3 5 9 7 10 6 4 1;1 2 3 4 5 6 7 8 9 10;9;10;10;76;0;0;15;0.001205;63070.5;K*;                        ? Unchecked;ijcai-2026-base-17-g133903f
n-pancake;unit;66/6;6;9 4 10 6 2 7 1 3 8 5;1 2 3 4 5 6 7 8 9 10;10;11;11;185;0;0;15;0.002347;78824;K*;                        ? Unchecked;ijcai-2026-base-17-g133903f
n-pancake;unit;67/6;6;4 8 5 2 10 9 6 3 1 7;1 2 3 4 5 6 7 8 9 10;9;10;10;155;0;0;15;0.002286;67804;K*;                        ? Unchecked;ijcai-2026-base-17-g133903f
n-pancake;unit;68/6;6;4 3 8 10 2 5 9 6 1 7;1 2 3 4 5 6 7 8 9 10;9;10;10;112;0;0;15;0.001639;68334.4;K*;                        ? Unchecked;ijcai-2026-base-17-g133903f
n-pancake;unit;69/6;6;8 5 9 4 1 10 7 2 6 3;1 2 3 4 5 6 7 8 9 10;10;11;11;151;0;0;15;0.002091;72214.3;K*;                        ? Unchecked;ijcai-2026-base-17-g133903f
n-pancake;unit;70/6;6;7 4 2 9 6 8 3 1 5 10;1 2 3 4 5 6 7 8 9 10;9;10;10;70;0;0;15;0.001252;55910.5;K*;                        ? Unchecked;ijcai-2026-base-17-g133903f
n-pancake;unit;71/6;6;6 1 7 3 4 9 5 8 10 2;1 2 3 4 5 6 7 8 9 10;9;10;10;58;0;0;15;0.000836;69378;K*;                        ? Unchecked;ijcai-2026-base-17-g133903f
n-pancake;unit;72/6;6;9 4 10 2 7 6 1 5 8 3;1 2 3 4 5 6 7 8 9 10;9;10;10;116;0;0;15;0.001693;68517.4;K*;                        ? Unchecked;ijcai-2026-base-17-g133903f
n-pancake;unit;73/6;6;1 7 4 2 5 3 6 9 10 8;1 2 3 4 5 6 7 8 9 10;9;10;10;99;0;0;15;0.001359;72847.7;K*;                        ? Unchecked;ijcai-2026-base-17-g133903f
n-pancake;unit;74/6;6;6 3 2 7 10 8 1 4 9 5;1 2 3 4 5 6 7 8 9 10;9;10;10;70;0;0;15;0.001032;67829.5;K*;                        ? Unchecked;ijcai-2026-base-17-g133903f
n-pancake;unit;75/6;6;10 8 4 9 6 1 7 3 5 2;1 2 3 4 5 6 7 8 9 10;10;11;11;89;0;0;15;0.001143;77865.3;K*;                        ? Unchecked;ijcai-2026-base-17-g133903f
n-pancake;unit;76/6;6;9 8 3 6 2 5 10 1 4 7;1 2 3 4 5 6 7 8 9 10;9;10;10;131;0;0;15;0.001701;77013.5;K*;                        ? Unchecked;ijcai-2026-base-17-g133903f
n-pancake;unit;77/6;6;1 6 8 5 2 4 7 9 3 10;1 2 3 4 5 6 7 8 9 10;9;10;10;89;0;0;15;0.0013;68461.5;K*;                        ? Unchecked;ijcai-2026-base-17-g133903f
n-pancake;unit;78/6;6;3 10 7 1 4 8 9 6 2 5;1 2 3 4 5 6 7 8 9 10;9;10;10;66;0;0;15;0.000934;70663.8;K*;                        ? Unchecked;ijcai-2026-base-17-g133903f
n-pancake;unit;79/6;6;5 1 8 10 6 4 9 2 3 7;1 2 3 4 5 6 7 8 9 10;9;10;10;50;0;0;15;0.000688;72674.4;K*;                        ? Unchecked;ijcai-2026-base-17-g133903f
n-pancake;unit;80/6;6;8 4 5 10 2 6 3 1 7 9;1 2 3 4 5 6 7 8 9 10;9;10;10;156;0;0;15;0.001943;80288.2;K*;                        ? Unchecked;ijcai-2026-base-17-g133903f
n-pancake;unit;81/6;6;6 2 5 10 3 7 4 9 8 1;1 2 3 4 5 6 7 8 9 10;9;10;10;106;0;0;15;0.001495;70903;K*;                        ? Unchecked;ijcai-2026-base-17-g133903f
n-pancake;unit;82/6;6;6 3 8 7 4 9 1 10 5 2;1 2 3 4 5 6 7 8 9 10;9;10;10;93;0;0;15;0.001286;72317.3;K*;                        ? Unchecked;ijcai-2026-base-17-g133903f
n-pancake;unit;83/6;6;2 10 3 9 8 6 4 1 7 5;1 2 3 4 5 6 7 8 9 10;9;10;10;113;0;0;15;0.001626;69495.7;K*;                        ? Unchecked;ijcai-2026-base-17-g133903f
n-pancake;unit;84/6;6;4 2 9 7 3 10 5 8 1 6;1 2 3 4 5 6 7 8 9 10;10;11;11;168;0;0;15;0.002297;73138.9;K*;                        ? Unchecked;ijcai-2026-base-17-g133903f
n-pancake;unit;85/6;6;8 1 5 6 2 10 4 9 3 7;1 2 3 4 5 6 7 8 9 10;9;10;10;197;0;0;15;0.002527;77958.1;K*;                        ? Unchecked;ijcai-2026-base-17-g133903f
n-pancake;unit;86/6;6;9 5 8 3 4 6 10 1 7 2;1 2 3 4 5 6 7 8 9 10;9;10;10;234;0;0;15;0.00345;67826.1;K*;                        ? Unchecked;ijcai-2026-base-17-g133903f
n-pancake;unit;87/6;6;6 3 7 1 5 10 4 9 8 2;1 2 3 4 5 6 7 8 9 10;9;10;10;206;0;0;15;0.002889;71304.9;K*;                        ? Unchecked;ijcai-2026-base-17-g133903f
n-pancake;unit;88/6;6;6 4 1 9 8 2 10 3 5 7;1 2 3 4 5 6 7 8 9 10;9;10;10;117;0;0;15;0.001803;64891.8;K*;                        ? Unchecked;ijcai-2026-base-17-g133903f
n-pancake;unit;89/6;6;2 8 5 3 1 7 6 10 4 9;1 2 3 4 5 6 7 8 9 10;9;10;10;172;0;0;15;0.002243;76683;K*;                        ? Unchecked;ijcai-2026-base-17-g133903f
n-pancake;unit;90/6;6;3 6 10 5 1 9 8 4 7 2;1 2 3 4 5 6 7 8 9 10;9;10;10;112;0;0;15;0.001747;64109.9;K*;                        ? Unchecked;ijcai-2026-base-17-g133903f
n-pancake;unit;91/6;6;6 9 3 8 1 5 7 10 2 4;1 2 3 4 5 6 7 8 9 10;10;11;11;95;0;0;15;0.001394;68149.2;K*;                        ? Unchecked;ijcai-2026-base-17-g133903f
n-pancake;unit;92/6;6;8 5 6 10 3 9 4 1 7 2;1 2 3 4 5 6 7 8 9 10;9;10;10;222;0;0;15;0.00286;77622.4;K*;                        ? Unchecked;ijcai-2026-base-17-g133903f
n-pancake;unit;93/6;6;8 6 4 5 3 9 2 10 7 1;1 2 3 4 5 6 7 8 9 10;9;10;10;146;0;0;15;0.002158;67655.2;K*;                        ? Unchecked;ijcai-2026-base-17-g133903f
n-pancake;unit;94/6;6;5 7 2 6 1 8 3 9 4 10;1 2 3 4 5 6 7 8 9 10;9;10;10;72;0;0;15;0.001125;64000;K*;                        ? Unchecked;ijcai-2026-base-17-g133903f
n-pancake;unit;95/6;6;4 10 6 8 3 9 5 7 1 2;1 2 3 4 5 6 7 8 9 10;9;10;10;224;0;0;15;0.002838;78928.8;K*;                        ? Unchecked;ijcai-2026-base-17-g133903f
n-pancake;unit;96/6;6;4 10 1 8 7 9 6 3 5 2;1 2 3 4 5 6 7 8 9 10;9;10;10;57;0;0;15;0.00104;54807.7;K*;                        ? Unchecked;ijcai-2026-base-17-g133903f
n-pancake;unit;97/6;6;10 3 8 6 1 2 9 4 7 5;1 2 3 4 5 6 7 8 9 10;9;10;10;290;0;0;15;0.003356;86412.4;K*;                        ? Unchecked;ijcai-2026-base-17-g133903f
n-pancake;unit;98/6;6;10 4 7 1 8 6 2 9 3 5;1 2 3 4 5 6 7 8 9 10;10;11;11;82;0;0;15;0.001486;55181.7;K*;                        ? Unchecked;ijcai-2026-base-17-g133903f
n-pancake;unit;99/6;6;6 9 5 8 2 7 3 1 4 10;1 2 3 4 5 6 7 8 9 10;9;10;10;192;0;0;15;0.002589;74159.9;K*;                        ? Unchecked;ijcai-2026-base-17-g133903f
n-pancake;unit;0/7;7;3 8 2 7 9 1 5 10 6 4;1 2 3 4 5 6 7 8 9 10;10;11;11;110;0;0;15;0.001788;61521.3;K*;                        ? Unchecked;ijcai-2026-base-17-g133903f
n-pancake;unit;1/7;7;4 1 6 5 10 2 8 3 9 7;1 2 3 4 5 6 7 8 9 10;9;11;11;290;0;0;15;0.00354;81920.9;K*;                        ? Unchecked;ijcai-2026-base-17-g133903f
n-pancake;unit;2/7;7;9 8 4 1 10 2 6 3 7 5;1 2 3 4 5 6 7 8 9 10;9;10;10;74;0;0;15;0.001378;53701;K*;                        ? Unchecked;ijcai-2026-base-17-g133903f
n-pancake;unit;3/7;7;9 2 7 1 4 8 10 5 6 3;1 2 3 4 5 6 7 8 9 10;9;10;10;208;0;0;15;0.002861;72701.9;K*;                        ? Unchecked;ijcai-2026-base-17-g133903f
n-pancake;unit;4/7;7;4 1 5 2 8 6 10 9 3 7;1 2 3 4 5 6 7 8 9 10;9;10;10;235;0;0;15;0.003448;68155.5;K*;                        ? Unchecked;ijcai-2026-base-17-g133903f
n-pancake;unit;5/7;7;2 1 8 6 4 9 5 3 10 7;1 2 3 4 5 6 7 8 9 10;9;10;10;80;0;0;15;0.001395;57347.7;K*;                        ? Unchecked;ijcai-2026-base-17-g133903f
n-pancake;unit;6/7;7;9 1 6 4 3 8 10 2 5 7;1 2 3 4 5 6 7 8 9 10;9;10;10;246;0;0;15;0.003098;79406.1;K*;                        ? Unchecked;ijcai-2026-base-17-g133903f
n-pancake;unit;7/7;7;3 5 2 10 8 9 4 6 1 7;1 2 3 4 5 6 7 8 9 10;9;10;10;156;0;0;15;0.002309;67561.7;K*;                        ? Unchecked;ijcai-2026-base-17-g133903f
n-pancake;unit;8/7;7;4 7 2 9 5 3 6 10 1 8;1 2 3 4 5 6 7 8 9 10;10;11;11;97;0;0;15;0.001479;65584.9;K*;                        ? Unchecked;ijcai-2026-base-17-g133903f
n-pancake;unit;9/7;7;1 9 6 10 4 2 5 7 8 3;1 2 3 4 5 6 7 8 9 10;9;10;10;88;0;0;15;0.001317;66818.5;K*;                        ? Unchecked;ijcai-2026-base-17-g133903f
n-pancake;unit;10/7;7;6 4 3 7 10 8 2 5 1 9;1 2 3 4 5 6 7 8 9 10;9;10;10;74;0;0;15;0.001047;70678.1;K*;                        ? Unchecked;ijcai-2026-base-17-g133903f
n-pancake;unit;11/7;7;1 7 9 4 2 5 6 3 10 8;1 2 3 4 5 6 7 8 9 10;9;10;10;160;0;0;15;0.002158;74142.7;K*;                        ? Unchecked;ijcai-2026-base-17-g133903f
n-pancake;unit;12/7;7;3 7 5 10 9 2 8 4 6 1;1 2 3 4 5 6 7 8 9 10;9;10;10;103;0;0;15;0.00158;65189.9;K*;                        ? Unchecked;ijcai-2026-base-17-g133903f
n-pancake;unit;13/7;7;5 7 9 8 2 4 1 6 10 3;1 2 3 4 5 6 7 8 9 10;9;10;10;135;0;0;15;0.001939;69623.5;K*;                        ? Unchecked;ijcai-2026-base-17-g133903f
n-pancake;unit;14/7;7;3 6 10 5 7 4 2 9 1 8;1 2 3 4 5 6 7 8 9 10;10;11;11;99;0;0;15;0.001426;69425;K*;                        ? Unchecked;ijcai-2026-base-17-g133903f
n-pancake;unit;15/7;7;5 4 2 9 6 8 10 1 3 7;1 2 3 4 5 6 7 8 9 10;9;10;10;112;0;0;15;0.001653;67755.6;K*;                        ? Unchecked;ijcai-2026-base-17-g133903f
n-pancake;unit;16/7;7;6 4 1 3 8 9 7 5 10 2;1 2 3 4 5 6 7 8 9 10;9;10;10;56;0;0;15;0.000875;64000;K*;                        ? Unchecked;ijcai-2026-base-17-g133903f
n-pancake;unit;17/7;7;4 7 3 6 5 2 8 10 1 9;1 2 3 4 5 6 7 8 9 10;9;10;10;50;0;0;15;0.000713;70126.2;K*;                        ? Unchecked;ijcai-2026-base-17-g133903f
n-pancake;unit;18/7;7;8 1 3 7 10 2 5 9 6 4;1 2 3 4 5 6 7 8 9 10;10;11;11;154;0;0;15;0.001852;83153.3;K*;                        ? Unchecked;ijcai-2026-base-17-g133903f
n-pancake;unit;19/7;7;7 3 5 9 4 8 2 10 6 1;1 2 3 4 5 6 7 8 9 10;10;11;11;95;0;0;15;0.00148;64189.2;K*;                        ? Unchecked;ijcai-2026-base-17-g133903f
n-pancake;unit;20/7;7;4 7 10 8 2 3 1 5 9 6;1 2 3 4 5 6 7 8 9 10;9;11;11;273;0;0;15;0.00336;81250;K*;                        ? Unchecked;ijcai-2026-base-17-g133903f
n-pancake;unit;21/7;7;10 2 5 3 9 4 1 8 6 7;1 2 3 4 5 6 7 8 9 10;9;10;10;123;0;0;15;0.002008;61255;K*;                        ? Unchecked;ijcai-2026-base-17-g133903f
n-pancake;unit;22/7;7;1 4 10 9 2 8 5 7 3 6;1 2 3 4 5 6 7 8 9 10;9;10;10;90;0;0;15;0.001389;64794.8;K*;                        ? Unchecked;ijcai-2026-base-17-g133903f
n-pancake;unit;23/7;7;5 1 3 8 7 10 6 4 2 9;1 2 3 4 5 6 7 8 9 10;9;10;10;66;0;0;15;0.000965;68393.8;K*;                        ? Unchecked;ijcai-2026-base-17-g133903f
n-pancake;unit;24/7;7;8 1 9 5 3 7 6 4 10 2;1 2 3 4 5 6 7 8 9 10;9;10;10;73;0;0;15;0.001053;69325.7;K*;                        ? Unchecked;ijcai-2026-base-17-g133903f
n-pancake;unit;25/7;7;4 7 6 8 2 10 1 9 5 3;1 2 3 4 5 6 7 8 9 10;9;10;10;210;0;0;15;0.002489;84371.2;K*;                        ? Unchecked;ijcai-2026-base-17-g133903f
n-pancake;unit;26/7;7;7 4 6 2 8 3 9 1 10 5;1 2 3 4 5 6 7 8 9 10;10;11;11;116;0;0;15;0.001897;61149.2;K*;                        ? Unchecked;ijcai-2026-base-17-g133903f
n-pancake;unit;27/7;7;1 7 10 4 2 6 9 8 5 3;1 2 3 4 5 6 7 8 9 10;9;10;10;91;0;0;15;0.001306;69678.4;K*;                        ? Unchecked;ijcai-2026-base-17-g133903f
n-pancake;unit;28/7;7;9 4 6 8 7 10 2 5 1 3;1 2 3 4 5 6 7 8 9 10;9;10;10;83;0;0;15;0.001215;68312.8;K*;                        ? Unchecked;ijcai-2026-base-17-g133903f
n-pancake;unit;29/7;7;8 3 9 2 7 4 6 1 5 10;1 2 3 4 5 6 7 8 9 10;9;10;10;95;0;0;15;0.001389;68394.5;K*;                        ? Unchecked;ijcai-2026-base-17-g133903f
n-pancake;unit;30/7;7;3 2 5 9 1 8 4 6 10 7;1 2 3 4 5 6 7 8 9 10;9;10;10;70;0;0;15;0.001049;66730.2;K*;                        ? Unchecked;ijcai-2026-base-17-g133903f
n-pancake;unit;31/7;7;4 8 10 7 9 6 2 5 3 1;1 2 3 4 5 6 7 8 9 10;10;11;11;192;0;0;15;0.002615;73422.6;K*;                        ? Unchecked;ijcai-2026-base-17-g133903f
n-pancake;unit;32/7;7;5 1 10 4 8 2 6 3 7 9;1 2 3 4 5 6 7 8 9 10;10;11;11;117;0;0;15;0.001764;66326.5;K*;                        ? Unchecked;ijcai-2026-base-17-g133903f
n-pancake;unit;33/7;7;8 2 5 6 10 7 9 4 1 3;1 2 3 4 5 6 7 8 9 10;9;10;10;78;0;0;15;0.001207;64623;K*;                        ? Unchecked;ijcai-2026-base-17-g133903f
n-pancake;unit;34/7;7;1 10 8 3 9 5 2 7 6 4;1 2 3 4 5 6 7 8 9 10;9;10;10;107;0;0;15;0.001487;71957;K*;                        ? Unchecked;ijcai-2026-base-17-g133903f
n-pancake;unit;35/7;7;4 5 3 7 9 1 8 10 6 2;1 2 3 4 5 6 7 8 9 10;9;10;10;78;0;0;15;0.001195;65272;K*;                        ? Unchecked;ijcai-2026-base-17-g133903f
n-pancake;unit;36/7;7;3 7 1 4 5 10 2 9 6 8;1 2 3 4 5 6 7 8 9 10;9;10;10;172;0;0;15;0.00233;73819.7;K*;                        ? Unchecked;ijcai-2026-base-17-g133903f
n-pancake;unit;37/7;7;7 9 2 3 10 1 6 4 8 5;1 2 3 4 5 6 7 8 9 10;9;11;11;386;0;0;15;0.005119;75405.4;K*;                        ? Unchecked;ijcai-2026-base-17-g133903f
n-pancake;unit;38/7;7;8 6 10 1 3 9 4 7 2 5;1 2 3 4 5 6 7 8 9 10;10;11;11;133;0;0;15;0.002309;57600.7;K*;                        ? Unchecked;ijcai-2026-base-17-g133903f
n-pancake;unit;39/7;7;2 6 1 5 9 3 4 8 10 7;1 2 3 4 5 6 7 8 9 10;9;10;10;119;0;0;15;0.001767;67345.8;K*;                        ? Unchecked;ijcai-2026-base-17-g133903f
n-pancake;unit;40/7;7;3 9 5 8 2 7 1 6 4 10;1 2 3 4 5 6 7 8 9 10;9;10;10;145;0;0;15;0.002275;63736.3;K*;                        ? Unchecked;ijcai-2026-base-17-g133903f
n-pancake;unit;41/7;7;8 1 9 3 6 7 10 5 2 4;1 2 3 4 5 6 7 8 9 10;9;10;10;72;0;0;15;0.001165;61802.6;K*;                        ? Unchecked;ijcai-2026-base-17-g133903f
n-pancake;unit;42/7;7;3 10 2 4 7 9 8 5 1 6;1 2 3 4 5 6 7 8 9 10;9;10;10;99;0;0;15;0.001322;74886.5;K*;                        ? Unchecked;ijcai-2026-base-17-g133903f
n-pancake;unit;43/7;7;6 1 7 3 10 8 4 5 2 9;1 2 3 4 5 6 7 8 9 10;9;10;10;113;0;0;15;0.001666;67827.1;K*;                        ? Unchecked;ijcai-2026-base-17-g133903f
n-pancake;unit;44/7;7;9 2 6 10 1 3 8 5 4 7;1 2 3 4 5 6 7 8 9 10;9;10;10;115;0;0;15;0.001549;74241.4;K*;                        ? Unchecked;ijcai-2026-base-17-g133903f
n-pancake;unit;45/7;7;1 7 3 9 2 5 8 6 10 4;1 2 3 4 5 6 7 8 9 10;10;11;11;193;0;0;15;0.002696;71587.5;K*;                        ? Unchecked;ijcai-2026-base-17-g133903f
n-pancake;unit;46/7;7;7 9 2 5 4 1 8 3 10 6;1 2 3 4 5 6 7 8 9 10;9;10;10;66;0;0;15;0.001108;59566.8;K*;                        ? Unchecked;ijcai-2026-base-17-g133903f
n-pancake;unit;47/7;7;6 8 4 10 2 9 3 7 5 1;1 2 3 4 5 6 7 8 9 10;10;11;11;246;0;0;15;0.002956;83220.6;K*;                        ? Unchecked;ijcai-2026-base-17-g133903f
n-pancake;unit;48/7;7;4 1 7 5 3 10 6 9 2 8;1 2 3 4 5 6 7 8 9 10;10;11;11;141;0;0;15;0.002315;60907.1;K*;                        ? Unchecked;ijcai-2026-base-17-g133903f
n-pancake;unit;49/7;7;4 1 6 5 7 3 9 2 10 8;1 2 3 4 5 6 7 8 9 10;9;11;11;292;0;0;15;0.003678;79391;K*;                        ? Unchecked;ijcai-2026-base-17-g133903f
n-pancake;unit;50/7;7;8 5 2 7 4 3 10 1 6 9;1 2 3 4 5 6 7 8 9 10;9;10;10;113;0;0;15;0.001954;57830.1;K*;                        ? Unchecked;ijcai-2026-base-17-g133903f
n-pancake;unit;51/7;7;3 5 4 2 8 6 10 1 9 7;1 2 3 4 5 6 7 8 9 10;9;10;10;96;0;0;15;0.001418;67701;K*;                        ? Unchecked;ijcai-2026-base-17-g133903f
n-pancake;unit;52/7;7;5 9 2 7 10 8 6 3 1 4;1 2 3 4 5 6 7 8 9 10;10;11;11;105;0;0;15;0.001458;72016.5;K*;                        ? Unchecked;ijcai-2026-base-17-g133903f
n-pancake;unit;53/7;7;8 1 5 2 3 6 9 4 10 7;1 2 3 4 5 6 7 8 9 10;9;10;10;190;0;0;15;0.002681;70869.1;K*;                        ? Unchecked;ijcai-2026-base-17-g133903f
n-pancake;unit;54/7;7;10 1 4 8 2 6 5 7 3 9;1 2 3 4 5 6 7 8 9 10;9;10;10;204;0;0;15;0.002722;74944.9;K*;                        ? Unchecked;ijcai-2026-base-17-g133903f
n-pancake;unit;55/7;7;9 1 8 3 6 10 4 2 5 7;1 2 3 4 5 6 7 8 9 10;10;11;11;234;0;0;15;0.003573;65491.2;K*;                        ? Unchecked;ijcai-2026-base-17-g133903f
n-pancake;unit;56/7;7;4 7 6 1 10 5 9 2 8 3;1 2 3 4 5 6 7 8 9 10;9;10;10;207;0;0;15;0.003068;67470.7;K*;                        ? Unchecked;ijcai-2026-base-17-g133903f
n-pancake;unit;57/7;7;8 5 10 7 9 3 2 6 1 4;1 2 3 4 5 6 7 8 9 10;9;10;10;130;0;0;15;0.002;65000;K*;                        ? Unchecked;ijcai-2026-base-17-g133903f
n-pancake;unit;58/7;7;6 3 7 1 4 2 8 5 10 9;1 2 3 4 5 6 7 8 9 10;9;11;11;451;0;0;15;0.005403;83472.1;K*;                        ? Unchecked;ijcai-2026-base-17-g133903f
n-pancake;unit;59/7;7;1 9 7 10 5 4 6 2 8 3;1 2 3 4 5 6 7 8 9 10;9;10;10;75;0;0;15;0.001691;44352.5;K*;                        ? Unchecked;ijcai-2026-base-17-g133903f
n-pancake;unit;60/7;7;1 3 10 4 8 5 9 2 7 6;1 2 3 4 5 6 7 8 9 10;9;10;10;141;0;0;15;0.001983;71104.4;K*;                        ? Unchecked;ijcai-2026-base-17-g133903f
n-pancake;unit;61/7;7;8 7 5 2 4 10 3 1 9 6;1 2 3 4 5 6 7 8 9 10;9;10;10;50;0;0;15;0.000873;57273.8;K*;                        ? Unchecked;ijcai-2026-base-17-g133903f
n-pancake;unit;62/7;7;9 2 10 5 7 1 6 8 4 3;1 2 3 4 5 6 7 8 9 10;9;10;10;148;0;0;15;0.001958;75587.3;K*;                        ? Unchecked;ijcai-2026-base-17-g133903f
n-pancake;unit;63/7;7;7 9 10 8 6 1 4 2 5 3;1 2 3 4 5 6 7 8 9 10;9;10;10;65;0;0;15;0.001057;61494.8;K*;                        ? Unchecked;ijcai-2026-base-17-g133903f
n-pancake;unit;64/7;7;9 1 3 5 7 2 10 8 4 6;1 2 3 4 5 6 7 8 9 10;10;11;11;164;0;0;15;0.002254;72759.5;K*;                        ? Unchecked;ijcai-2026-base-17-g133903f
n-pancake;unit;65/7;7;8 2 3 5 9 7 10 6 4 1;1 2 3 4 5 6 7 8 9 10;9;10;10;116;0;0;15;0.00182;63736.3;K*;                        ? Unchecked;ijcai-2026-base-17-g133903f
n-pancake;unit;66/7;7;9 4 10 6 2 7 1 3 8 5;1 2 3 4 5 6 7 8 9 10;10;11;11;205;0;0;15;0.002703;75841.7;K*;                        ? Unchecked;ijcai-2026-base-17-g133903f
n-pancake;unit;67/7;7;4 8 5 2 10 9 6 3 1 7;1 2 3 4 5 6 7 8 9 10;9;10;10;175;0;0;15;0.002719;64361.9;K*;                        ? Unchecked;ijcai-2026-base-17-g133903f
n-pancake;unit;68/7;7;4 3 8 10 2 5 9 6 1 7;1 2 3 4 5 6 7 8 9 10;9;10;10;112;0;0;15;0.001675;66865.7;K*;                        ? Unchecked;ijcai-2026-base-17-g133903f
n-pancake;unit;69/7;7;8 5 9 4 1 10 7 2 6 3;1 2 3 4 5 6 7 8 9 10;10;11;11;191;0;0;15;0.002714;70375.8;K*;                        ? Unchecked;ijcai-2026-base-17-g133903f
n-pancake;unit;70/7;7;7 4 2 9 6 8 3 1 5 10;1 2 3 4 5 6 7 8 9 10;9;10;10;70;0;0;15;0.001228;57003.3;K*;                        ? Unchecked;ijcai-2026-base-17-g133903f
n-pancake;unit;71/7;7;6 1 7 3 4 9 5 8 10 2;1 2 3 4 5 6 7 8 9 10;9;10;10;58;0;0;15;0.00085;68235.3;K*;                        ? Unchecked;ijcai-2026-base-17-g133903f
n-pancake;unit;72/7;7;9 4 10 2 7 6 1 5 8 3;1 2 3 4 5 6 7 8 9 10;9;10;10;116;0;0;15;0.001503;77179;K*;                        ? Unchecked;ijcai-2026-base-17-g133903f
n-pancake;unit;73/7;7;1 7 4 2 5 3 6 9 10 8;1 2 3 4 5 6 7 8 9 10;9;10;10;119;0;0;15;0.001704;69835.7;K*;                        ? Unchecked;ijcai-2026-base-17-g133903f
n-pancake;unit;74/7;7;6 3 2 7 10 8 1 4 9 5;1 2 3 4 5 6 7 8 9 10;9;10;10;70;0;0;15;0.001082;64695;K*;                        ? Unchecked;ijcai-2026-base-17-g133903f
n-pancake;unit;75/7;7;10 8 4 9 6 1 7 3 5 2;1 2 3 4 5 6 7 8 9 10;10;11;11;109;0;0;15;0.001484;73450.1;K*;                        ? Unchecked;ijcai-2026-base-17-g133903f
n-pancake;unit;76/7;7;9 8 3 6 2 5 10 1 4 7;1 2 3 4 5 6 7 8 9 10;9;10;10;131;0;0;15;0.001762;74347.3;K*;                        ? Unchecked;ijcai-2026-base-17-g133903f
n-pancake;unit;77/7;7;1 6 8 5 2 4 7 9 3 10;1 2 3 4 5 6 7 8 9 10;9;10;10;109;0;0;15;0.001642;66382.5;K*;                        ? Unchecked;ijcai-2026-base-17-g133903f
n-pancake;unit;78/7;7;3 10 7 1 4 8 9 6 2 5;1 2 3 4 5 6 7 8 9 10;9;10;10;86;0;0;15;0.001261;68199.8;K*;                        ? Unchecked;ijcai-2026-base-17-g133903f
n-pancake;unit;79/7;7;5 1 8 10 6 4 9 2 3 7;1 2 3 4 5 6 7 8 9 10;9;10;10;70;0;0;15;0.00103;67961.2;K*;                        ? Unchecked;ijcai-2026-base-17-g133903f
n-pancake;unit;80/7;7;8 4 5 10 2 6 3 1 7 9;1 2 3 4 5 6 7 8 9 10;9;10;10;156;0;0;15;0.002073;75253.3;K*;                        ? Unchecked;ijcai-2026-base-17-g133903f
n-pancake;unit;81/7;7;6 2 5 10 3 7 4 9 8 1;1 2 3 4 5 6 7 8 9 10;9;10;10;106;0;0;15;0.001519;69782.8;K*;                        ? Unchecked;ijcai-2026-base-17-g133903f
n-pancake;unit;82/7;7;6 3 8 7 4 9 1 10 5 2;1 2 3 4 5 6 7 8 9 10;9;10;10;93;0;0;15;0.001329;69977.4;K*;                        ? Unchecked;ijcai-2026-base-17-g133903f
n-pancake;unit;83/7;7;2 10 3 9 8 6 4 1 7 5;1 2 3 4 5 6 7 8 9 10;9;10;10;113;0;0;15;0.001627;69453;K*;                        ? Unchecked;ijcai-2026-base-17-g133903f
n-pancake;unit;84/7;7;4 2 9 7 3 10 5 8 1 6;1 2 3 4 5 6 7 8 9 10;10;11;11;188;0;0;15;0.002686;69992.6;K*;                        ? Unchecked;ijcai-2026-base-17-g133903f
n-pancake;unit;85/7;7;8 1 5 6 2 10 4 9 3 7;1 2 3 4 5 6 7 8 9 10;9;10;10;217;0;0;15;0.003067;70753.2;K*;                        ? Unchecked;ijcai-2026-base-17-g133903f
n-pancake;unit;86/7;7;9 5 8 3 4 6 10 1 7 2;1 2 3 4 5 6 7 8 9 10;9;10;10;294;0;0;15;0.004221;69651.7;K*;                        ? Unchecked;ijcai-2026-base-17-g133903f
n-pancake;unit;87/7;7;6 3 7 1 5 10 4 9 8 2;1 2 3 4 5 6 7 8 9 10;9;10;10;226;0;0;15;0.003358;67302;K*;                        ? Unchecked;ijcai-2026-base-17-g133903f
n-pancake;unit;88/7;7;6 4 1 9 8 2 10 3 5 7;1 2 3 4 5 6 7 8 9 10;9;10;10;117;0;0;15;0.001856;63038.8;K*;                        ? Unchecked;ijcai-2026-base-17-g133903f
n-pancake;unit;89/7;7;2 8 5 3 1 7 6 10 4 9;1 2 3 4 5 6 7 8 9 10;9;10;10;172;0;0;15;0.00227;75770.9;K*;                        ? Unchecked;ijcai-2026-base-17-g133903f
n-pancake;unit;90/7;7;3 6 10 5 1 9 8 4 7 2;1 2 3 4 5 6 7 8 9 10;9;10;10;112;0;0;15;0.001748;64073.2;K*;                        ? Unchecked;ijcai-2026-base-17-g133903f
n-pancake;unit;91/7;7;6 9 3 8 1 5 7 10 2 4;1 2 3 4 5 6 7 8 9 10;10;11;11;95;0;0;15;0.00142;66901.4;K*;                        ? Unchecked;ijcai-2026-base-17-g133903f
n-pancake;unit;92/7;7;8 5 6 10 3 9 4 1 7 2;1 2 3 4 5 6 7 8 9 10;9;10;10;262;0;0;15;0.003466;75591.5;K*;                        ? Unchecked;ijcai-2026-base-17-g133903f
n-pancake;unit;93/7;7;8 6 4 5 3 9 2 10 7 1;1 2 3 4 5 6 7 8 9 10;9;10;10;146;0;0;15;0.002281;64007;K*;                        ? Unchecked;ijcai-2026-base-17-g133903f
n-pancake;unit;94/7;7;5 7 2 6 1 8 3 9 4 10;1 2 3 4 5 6 7 8 9 10;9;10;10;72;0;0;15;0.001141;63102.5;K*;                        ? Unchecked;ijcai-2026-base-17-g133903f
n-pancake;unit;95/7;7;4 10 6 8 3 9 5 7 1 2;1 2 3 4 5 6 7 8 9 10;9;10;10;224;0;0;15;0.002904;77135;K*;                        ? Unchecked;ijcai-2026-base-17-g133903f
n-pancake;unit;96/7;7;4 10 1 8 7 9 6 3 5 2;1 2 3 4 5 6 7 8 9 10;9;10;10;77;0;0;15;0.001336;57634.7;K*;                        ? Unchecked;ijcai-2026-base-17-g133903f
n-pancake;unit;97/7;7;10 3 8 6 1 2 9 4 7 5;1 2 3 4 5 6 7 8 9 10;9;10;10;330;0;0;15;0.004049;81501.6;K*;                        ? Unchecked;ijcai-2026-base-17-g133903f
n-pancake;unit;98/7;7;10 4 7 1 8 6 2 9 3 5;1 2 3 4 5 6 7 8 9 10;10;11;11;82;0;0;15;0.00157;52229.3;K*;                        ? Unchecked;ijcai-2026-base-17-g133903f
n-pancake;unit;99/7;7;6 9 5 8 2 7 3 1 4 10;1 2 3 4 5 6 7 8 9 10;9;10;10;212;0;0;15;0.002991;70879.3;K*;                        ? Unchecked;ijcai-2026-base-17-g133903f
n-pancake;unit;0/8;8;3 8 2 7 9 1 5 10 6 4;1 2 3 4 5 6 7 8 9 10;10;11;11;110;0;0;15;0.001812;60706.4;K*;                        ? Unchecked;ijcai-2026-base-17-g133903f
n-pancake;unit;1/8;8;4 1 6 5 10 2 8 3 9 7;1 2 3 4 5 6 7 8 9 10;9;11;11;290;0;0;15;0.003666;79105.3;K*;                        ? Unchecked;ijcai-2026-base-17-g133903f
n-pancake;unit;2/8;8;9 8 4 1 10 2 6 3 7 5;1 2 3 4 5 6 7 8 9 10;9;10;10;94;0;0;15;0.001838;51142.5;K*;                        ? Unchecked;ijcai-2026-base-17-g133903f
n-pancake;unit;3/8;8;9 2 7 1 4 8 10 5 6 3;1 2 3 4 5 6 7 8 9 10;9;10;10;228;0;0;15;0.003271;69703.5;K*;                        ? Unchecked;ijcai-2026-base-17-g133903f
n-pancake;unit;4/8;8;4 1 5 2 8 6 10 9 3 7;1 2 3 4 5 6 7 8 9 10;9;10;10;255;0;0;15;0.003805;67017.1;K*;                        ? Unchecked;ijcai-2026-base-17-g133903f
n-pancake;unit;5/8;8;2 1 8 6 4 9 5 3 10 7;1 2 3 4 5 6 7 8 9 10;9;10;10;120;0;0;15;0.002041;58794.7;K*;                        ? Unchecked;ijcai-2026-base-17-g133903f
n-pancake;unit;6/8;8;9 1 6 4 3 8 10 2 5 7;1 2 3 4 5 6 7 8 9 10;9;10;10;246;0;0;15;0.003191;77091.8;K*;                        ? Unchecked;ijcai-2026-base-17-g133903f
n-pancake;unit;7/8;8;3 5 2 10 8 9 4 6 1 7;1 2 3 4 5 6 7 8 9 10;9;10;10;156;0;0;15;0.002314;67415.7;K*;                        ? Unchecked;ijcai-2026-base-17-g133903f
n-pancake;unit;8/8;8;4 7 2 9 5 3 6 10 1 8;1 2 3 4 5 6 7 8 9 10;10;11;11;97;0;0;15;0.001522;63731.9;K*;                        ? Unchecked;ijcai-2026-base-17-g133903f
n-pancake;unit;9/8;8;1 9 6 10 4 2 5 7 8 3;1 2 3 4 5 6 7 8 9 10;9;10;10;108;0;0;15;0.001626;66420.7;K*;                        ? Unchecked;ijcai-2026-base-17-g133903f
n-pancake;unit;10/8;8;6 4 3 7 10 8 2 5 1 9;1 2 3 4 5 6 7 8 9 10;9;10;10;74;0;0;15;0.0011;67272.7;K*;                        ? Unchecked;ijcai-2026-base-17-g133903f
n-pancake;unit;11/8;8;1 7 9 4 2 5 6 3 10 8;1 2 3 4 5 6 7 8 9 10;9;10;10;180;0;0;15;0.002498;72057.6;K*;                        ? Unchecked;ijcai-2026-base-17-g133903f
n-pancake;unit;12/8;8;3 7 5 10 9 2 8 4 6 1;1 2 3 4 5 6 7 8 9 10;9;10;10;103;0;0;15;0.001751;58823.5;K*;                        ? Unchecked;ijcai-2026-base-17-g133903f
n-pancake;unit;13/8;8;5 7 9 8 2 4 1 6 10 3;1 2 3 4 5 6 7 8 9 10;9;10;10;175;0;0;15;0.002525;69306.9;K*;                        ? Unchecked;ijcai-2026-base-17-g133903f
n-pancake;unit;14/8;8;3 6 10 5 7 4 2 9 1 8;1 2 3 4 5 6 7 8 9 10;10;11;11;99;0;0;15;0.001534;64537.2;K*;                        ? Unchecked;ijcai-2026-base-17-g133903f
n-pancake;unit;15/8;8;5 4 2 9 6 8 10 1 3 7;1 2 3 4 5 6 7 8 9 10;9;10;10;132;0;0;15;0.001928;68464.7;K*;                        ? Unchecked;ijcai-2026-base-17-g133903f
n-pancake;unit;16/8;8;6 4 1 3 8 9 7 5 10 2;1 2 3 4 5 6 7 8 9 10;9;10;10;56;0;0;15;0.000951;58885.4;K*;                        ? Unchecked;ijcai-2026-base-17-g133903f
n-pancake;unit;17/8;8;4 7 3 6 5 2 8 10 1 9;1 2 3 4 5 6 7 8 9 10;9;10;10;50;0;0;15;0.000722;69252.1;K*;                        ? Unchecked;ijcai-2026-base-17-g133903f
n-pancake;unit;18/8;8;8 1 3 7 10 2 5 9 6 4;1 2 3 4 5 6 7 8 9 10;10;11;11;154;0;0;15;0.001859;82840.2;K*;                        ? Unchecked;ijcai-2026-base-17-g133903f
n-pancake;unit;19/8;8;7 3 5 9 4 8 2 10 6 1;1 2 3 4 5 6 7 8 9 10;10;11;11;115;0;0;15;0.001837;62602.1;K*;                        ? Unchecked;ijcai-2026-base-17-g133903f
n-pancake;unit;20/8;8;4 7 10 8 2 3 1 5 9 6;1 2 3 4 5 6 7 8 9 10;9;11;11;273;0;0;15;0.003417;79894.6;K*;                        ? Unchecked;ijcai-2026-base-17-g133903f
n-pancake;unit;21/8;8;10 2 5 3 9 4 1 8 6 7;1 2 3 4 5 6 7 8 9 10;9;10;10;123;0;0;15;0.002008;61255;K*;                        ? Unchecked;ijcai-2026-base-17-g133903f
n-pancake;unit;22/8;8;1 4 10 9 2 8 5 7 3 6;1 2 3 4 5 6 7 8 9 10;9;10;10;90;0;0;15;0.001407;63965.9;K*;                        ? Unchecked;ijcai-2026-base-17-g133903f
n-pancake;unit;23/8;8;5 1 3 8 7 10 6 4 2 9;1 2 3 4 5 6 7 8 9 10;9;10;10;66;0;0;15;0.000979;67415.7;K*;                        ? Unchecked;ijcai-2026-base-17-g133903f
n-pancake;unit;24/8;8;8 1 9 5 3 7 6 4 10 2;1 2 3 4 5 6 7 8 9 10;9;10;10;93;0;0;15;0.001372;67784.3;K*;                        ? Unchecked;ijcai-2026-base-17-g133903f
n-pancake;unit;25/8;8;4 7 6 8 2 10 1 9 5 3;1 2 3 4 5 6 7 8 9 10;9;10;10;230;0;0;15;0.00287;80139.4;K*;                        ? Unchecked;ijcai-2026-base-17-g133903f
n-pancake;unit;26/8;8;7 4 6 2 8 3 9 1 10 5;1 2 3 4 5 6 7 8 9 10;10;11;11;176;0;0;15;0.002834;62103;K*;                        ? Unchecked;ijcai-2026-base-17-g133903f
n-pancake;unit;27/8;8;1 7 10 4 2 6 9 8 5 3;1 2 3 4 5 6 7 8 9 10;9;10;10;91;0;0;15;0.00146;62328.8;K*;                        ? Unchecked;ijcai-2026-base-17-g133903f
n-pancake;unit;28/8;8;9 4 6 8 7 10 2 5 1 3;1 2 3 4 5 6 7 8 9 10;9;10;10;83;0;0;15;0.001196;69398;K*;                        ? Unchecked;ijcai-2026-base-17-g133903f
n-pancake;unit;29/8;8;8 3 9 2 7 4 6 1 5 10;1 2 3 4 5 6 7 8 9 10;9;10;10;95;0;0;15;0.001408;67471.6;K*;                        ? Unchecked;ijcai-2026-base-17-g133903f
n-pancake;unit;30/8;8;3 2 5 9 1 8 4 6 10 7;1 2 3 4 5 6 7 8 9 10;9;10;10;90;0;0;15;0.001368;65789.5;K*;                        ? Unchecked;ijcai-2026-base-17-g133903f
n-pancake;unit;31/8;8;4 8 10 7 9 6 2 5 3 1;1 2 3 4 5 6 7 8 9 10;10;11;11;192;0;0;15;0.002688;71428.6;K*;                        ? Unchecked;ijcai-2026-base-17-g133903f
n-pancake;unit;32/8;8;5 1 10 4 8 2 6 3 7 9;1 2 3 4 5 6 7 8 9 10;10;11;11;117;0;0;15;0.001766;66251.4;K*;                        ? Unchecked;ijcai-2026-base-17-g133903f
n-pancake;unit;33/8;8;8 2 5 6 10 7 9 4 1 3;1 2 3 4 5 6 7 8 9 10;9;10;10;78;0;0;15;0.001256;62101.9;K*;                        ? Unchecked;ijcai-2026-base-17-g133903f
n-pancake;unit;34/8;8;1 10 8 3 9 5 2 7 6 4;1 2 3 4 5 6 7 8 9 10;9;10;10;107;0;0;15;0.001505;71096.3;K*;                        ? Unchecked;ijcai-2026-base-17-g133903f
n-pancake;unit;35/8;8;4 5 3 7 9 1 8 10 6 2;1 2 3 4 5 6 7 8 9 10;9;10;10;138;0;0;15;0.002084;66218.8;K*;                        ? Unchecked;ijcai-2026-base-17-g133903f
n-pancake;unit;36/8;8;3 7 1 4 5 10 2 9 6 8;1 2 3 4 5 6 7 8 9 10;9;10;10;192;0;0;15;0.002777;69139.4;K*;                        ? Unchecked;ijcai-2026-base-17-g133903f
n-pancake;unit;37/8;8;7 9 2 3 10 1 6 4 8 5;1 2 3 4 5 6 7 8 9 10;9;11;11;386;0;0;15;0.00521;74088.3;K*;                        ? Unchecked;ijcai-2026-base-17-g133903f
n-pancake;unit;38/8;8;8 6 10 1 3 9 4 7 2 5;1 2 3 4 5 6 7 8 9 10;10;11;11;153;0;0;15;0.002646;57823.1;K*;                        ? Unchecked;ijcai-2026-base-17-g133903f
n-pancake;unit;39/8;8;2 6 1 5 9 3 4 8 10 7;1 2 3 4 5 6 7 8 9 10;9;10;10;139;0;0;15;0.002125;65411.8;K*;                        ? Unchecked;ijcai-2026-base-17-g133903f
n-pancake;unit;40/8;8;3 9 5 8 2 7 1 6 4 10;1 2 3 4 5 6 7 8 9 10;9;10;10;145;0;0;15;0.002231;64993.3;K*;                        ? Unchecked;ijcai-2026-base-17-g133903f
n-pancake;unit;41/8;8;8 1 9 3 6 7 10 5 2 4;1 2 3 4 5 6 7 8 9 10;9;10;10;92;0;0;15;0.001487;61869.5;K*;                        ? Unchecked;ijcai-2026-base-17-g133903f
n-pancake;unit;42/8;8;3 10 2 4 7 9 8 5 1 6;1 2 3 4 5 6 7 8 9 10;9;10;10;119;0;0;15;0.001722;69105.7;K*;                        ? Unchecked;ijcai-2026-base-17-g133903f
n-pancake;unit;43/8;8;6 1 7 3 10 8 4 5 2 9;1 2 3 4 5 6 7 8 9 10;9;10;10;113;0;0;15;0.001701;66431.5;K*;                        ? Unchecked;ijcai-2026-base-17-g133903f
n-pancake;unit;44/8;8;9 2 6 10 1 3 8 5 4 7;1 2 3 4 5 6 7 8 9 10;9;10;10;135;0;0;15;0.001873;72076.9;K*;                        ? Unchecked;ijcai-2026-base-17-g133903f
n-pancake;unit;45/8;8;1 7 3 9 2 5 8 6 10 4;1 2 3 4 5 6 7 8 9 10;10;11;11;213;0;0;15;0.00316;67405.1;K*;                        ? Unchecked;ijcai-2026-base-17-g133903f
n-pancake;unit;46/8;8;7 9 2 5 4 1 8 3 10 6;1 2 3 4 5 6 7 8 9 10;9;10;10;86;0;0;15;0.001459;58944.5;K*;                        ? Unchecked;ijcai-2026-base-17-g133903f
n-pancake;unit;47/8;8;6 8 4 10 2 9 3 7 5 1;1 2 3 4 5 6 7 8 9 10;10;11;11;246;0;0;15;0.003171;77578.1;K*;                        ? Unchecked;ijcai-2026-base-17-g133903f
n-pancake;unit;48/8;8;4 1 7 5 3 10 6 9 2 8;1 2 3 4 5 6 7 8 9 10;10;11;11;161;0;0;15;0.002658;60571.9;K*;                        ? Unchecked;ijcai-2026-base-17-g133903f
n-pancake;unit;49/8;8;4 1 6 5 7 3 9 2 10 8;1 2 3 4 5 6 7 8 9 10;9;11;11;292;0;0;15;0.003727;78347.2;K*;                        ? Unchecked;ijcai-2026-base-17-g133903f
n-pancake;unit;50/8;8;8 5 2 7 4 3 10 1 6 9;1 2 3 4 5 6 7 8 9 10;9;10;10;113;0;0;15;0.001963;57565;K*;                        ? Unchecked;ijcai-2026-base-17-g133903f
n-pancake;unit;51/8;8;3 5 4 2 8 6 10 1 9 7;1 2 3 4 5 6 7 8 9 10;9;10;10;116;0;0;15;0.001751;66247.9;K*;                        ? Unchecked;ijcai-2026-base-17-g133903f
n-pancake;unit;52/8;8;5 9 2 7 10 8 6 3 1 4;1 2 3 4 5 6 7 8 9 10;10;11;11;105;0;0;15;0.00152;69078.9;K*;                        ? Unchecked;ijcai-2026-base-17-g133903f
n-pancake;unit;53/8;8;8 1 5 2 3 6 9 4 10 7;1 2 3 4 5 6 7 8 9 10;9;10;10;210;0;0;15;0.003014;69674.9;K*;                        ? Unchecked;ijcai-2026-base-17-g133903f
n-pancake;unit;54/8;8;10 1 4 8 2 6 5 7 3 9;1 2 3 4 5 6 7 8 9 10;9;10;10;204;0;0;15;0.00277;73646.2;K*;                        ? Unchecked;ijcai-2026-base-17-g133903f
n-pancake;unit;55/8;8;9 1 8 3 6 10 4 2 5 7;1 2 3 4 5 6 7 8 9 10;10;11;11;254;0;0;15;0.003946;64369;K*;                        ? Unchecked;ijcai-2026-base-17-g133903f
n-pancake;unit;56/8;8;4 7 6 1 10 5 9 2 8 3;1 2 3 4 5 6 7 8 9 10;9;10;10;227;0;0;15;0.003501;64838.6;K*;                        ? Unchecked;ijcai-2026-base-17-g133903f
n-pancake;unit;57/8;8;8 5 10 7 9 3 2 6 1 4;1 2 3 4 5 6 7 8 9 10;9;10;10;130;0;0;15;0.002091;62171.2;K*;                        ? Unchecked;ijcai-2026-base-17-g133903f
n-pancake;unit;58/8;8;6 3 7 1 4 2 8 5 10 9;1 2 3 4 5 6 7 8 9 10;9;11;11;451;0;0;15;0.005443;82858.7;K*;                        ? Unchecked;ijcai-2026-base-17-g133903f
n-pancake;unit;59/8;8;1 9 7 10 5 4 6 2 8 3;1 2 3 4 5 6 7 8 9 10;9;10;10;95;0;0;15;0.002014;47169.8;K*;                        ? Unchecked;ijcai-2026-base-17-g133903f
n-pancake;unit;60/8;8;1 3 10 4 8 5 9 2 7 6;1 2 3 4 5 6 7 8 9 10;9;10;10;141;0;0;15;0.002045;68948.7;K*;                        ? Unchecked;ijcai-2026-base-17-g133903f
n-pancake;unit;61/8;8;8 7 5 2 4 10 3 1 9 6;1 2 3 4 5 6 7 8 9 10;9;10;10;50;0;0;15;0.000895;55865.9;K*;                        ? Unchecked;ijcai-2026-base-17-g133903f
n-pancake;unit;62/8;8;9 2 10 5 7 1 6 8 4 3;1 2 3 4 5 6 7 8 9 10;9;10;10;188;0;0;15;0.002551;73696.6;K*;                        ? Unchecked;ijcai-2026-base-17-g133903f
n-pancake;unit;63/8;8;7 9 10 8 6 1 4 2 5 3;1 2 3 4 5 6 7 8 9 10;9;10;10;65;0;0;15;0.00114;57017.5;K*;                        ? Unchecked;ijcai-2026-base-17-g133903f
n-pancake;unit;64/8;8;9 1 3 5 7 2 10 8 4 6;1 2 3 4 5 6 7 8 9 10;10;11;11;184;0;0;15;0.002597;70851;K*;                        ? Unchecked;ijcai-2026-base-17-g133903f
n-pancake;unit;65/8;8;8 2 3 5 9 7 10 6 4 1;1 2 3 4 5 6 7 8 9 10;9;10;10;136;0;0;15;0.002179;62414;K*;                        ? Unchecked;ijcai-2026-base-17-g133903f
n-pancake;unit;66/8;8;9 4 10 6 2 7 1 3 8 5;1 2 3 4 5 6 7 8 9 10;10;11;11;205;0;0;15;0.002794;73371.5;K*;                        ? Unchecked;ijcai-2026-base-17-g133903f
n-pancake;unit;67/8;8;4 8 5 2 10 9 6 3 1 7;1 2 3 4 5 6 7 8 9 10;9;10;10;175;0;0;15;0.002753;63567;K*;                        ? Unchecked;ijcai-2026-base-17-g133903f
n-pancake;unit;68/8;8;4 3 8 10 2 5 9 6 1 7;1 2 3 4 5 6 7 8 9 10;9;10;10;112;0;0;15;0.0017;65882.4;K*;                        ? Unchecked;ijcai-2026-base-17-g133903f
n-pancake;unit;69/8;8;8 5 9 4 1 10 7 2 6 3;1 2 3 4 5 6 7 8 9 10;10;11;11;191;0;0;15;0.002865;66666.7;K*;                        ? Unchecked;ijcai-2026-base-17-g133903f
n-pancake;unit;70/8;8;7 4 2 9 6 8 3 1 5 10;1 2 3 4 5 6 7 8 9 10;9;10;10;70;0;0;15;0.00124;56451.6;K*;                        ? Unchecked;ijcai-2026-base-17-g133903f
n-pancake;unit;71/8;8;6 1 7 3 4 9 5 8 10 2;1 2 3 4 5 6 7 8 9 10;9;10;10;58;0;0;15;0.000863;67207.4;K*;                        ? Unchecked;ijcai-2026-base-17-g133903f
n-pancake;unit;72/8;8;9 4 10 2 7 6 1 5 8 3;1 2 3 4 5 6 7 8 9 10;9;10;10;116;0;0;15;0.001523;76165.5;K*;                        ? Unchecked;ijcai-2026-base-17-g133903f
n-pancake;unit;73/8;8;1 7 4 2 5 3 6 9 10 8;1 2 3 4 5 6 7 8 9 10;9;10;10;119;0;0;15;0.001742;68312.3;K*;                        ? Unchecked;ijcai-2026-base-17-g133903f
n-pancake;unit;74/8;8;6 3 2 7 10 8 1 4 9 5;1 2 3 4 5 6 7 8 9 10;9;10;10;130;0;0;15;0.002003;64902.6;K*;                        ? Unchecked;ijcai-2026-base-17-g133903f
n-pancake;unit;75/8;8;10 8 4 9 6 1 7 3 5 2;1 2 3 4 5 6 7 8 9 10;10;11;11;129;0;0;15;0.001898;67966.3;K*;                        ? Unchecked;ijcai-2026-base-17-g133903f
n-pancake;unit;76/8;8;9 8 3 6 2 5 10 1 4 7;1 2 3 4 5 6 7 8 9 10;9;10;10;131;0;0;15;0.001825;71780.8;K*;                        ? Unchecked;ijcai-2026-base-17-g133903f
n-pancake;unit;77/8;8;1 6 8 5 2 4 7 9 3 10;1 2 3 4 5 6 7 8 9 10;9;10;10;109;0;0;15;0.001649;66100.7;K*;                        ? Unchecked;ijcai-2026-base-17-g133903f
n-pancake;unit;78/8;8;3 10 7 1 4 8 9 6 2 5;1 2 3 4 5 6 7 8 9 10;9;10;10;126;0;0;15;0.001872;67307.7;K*;                        ? Unchecked;ijcai-2026-base-17-g133903f
n-pancake;unit;79/8;8;5 1 8 10 6 4 9 2 3 7;1 2 3 4 5 6 7 8 9 10;9;10;10;70;0;0;15;0.001112;62949.6;K*;                        ? Unchecked;ijcai-2026-base-17-g133903f
n-pancake;unit;80/8;8;8 4 5 10 2 6 3 1 7 9;1 2 3 4 5 6 7 8 9 10;9;10;10;156;0;0;15;0.002005;77805.5;K*;                        ? Unchecked;ijcai-2026-base-17-g133903f
n-pancake;unit;81/8;8;6 2 5 10 3 7 4 9 8 1;1 2 3 4 5 6 7 8 9 10;9;10;10;126;0;0;15;0.001858;67814.9;K*;                        ? Unchecked;ijcai-2026-base-17-g133903f
n-pancake;unit;82/8;8;6 3 8 7 4 9 1 10 5 2;1 2 3 4 5 6 7 8 9 10;9;10;10;113;0;0;15;0.001674;67503;K*;                        ? Unchecked;ijcai-2026-base-17-g133903f
n-pancake;unit;83/8;8;2 10 3 9 8 6 4 1 7 5;1 2 3 4 5 6 7 8 9 10;9;10;10;133;0;0;15;0.001985;67002.5;K*;                        ? Unchecked;ijcai-2026-base-17-g133903f
n-pancake;unit;84/8;8;4 2 9 7 3 10 5 8 1 6;1 2 3 4 5 6 7 8 9 10;10;11;11;188;0;0;15;0.002716;69219.4;K*;                        ? Unchecked;ijcai-2026-base-17-g133903f
n-pancake;unit;85/8;8;8 1 5 6 2 10 4 9 3 7;1 2 3 4 5 6 7 8 9 10;9;10;10;217;0;0;15;0.002976;72916.7;K*;                        ? Unchecked;ijcai-2026-base-17-g133903f
n-pancake;unit;86/8;8;9 5 8 3 4 6 10 1 7 2;1 2 3 4 5 6 7 8 9 10;9;10;10;354;0;0;15;0.005172;68445.5;K*;                        ? Unchecked;ijcai-2026-base-17-g133903f
n-pancake;unit;87/8;8;6 3 7 1 5 10 4 9 8 2;1 2 3 4 5 6 7 8 9 10;9;10;10;246;0;0;15;0.003818;64431.6;K*;                        ? Unchecked;ijcai-2026-base-17-g133903f
n-pancake;unit;88/8;8;6 4 1 9 8 2 10 3 5 7;1 2 3 4 5 6 7 8 9 10;9;10;10;137;0;0;15;0.002247;60970.2;K*;                        ? Unchecked;ijcai-2026-base-17-g133903f
n-pancake;unit;89/8;8;2 8 5 3 1 7 6 10 4 9;1 2 3 4 5 6 7 8 9 10;9;10;10;192;0;0;15;0.002664;72072.1;K*;                        ? Unchecked;ijcai-2026-base-17-g133903f
n-pancake;unit;90/8;8;3 6 10 5 1 9 8 4 7 2;1 2 3 4 5 6 7 8 9 10;9;10;10;152;0;0;15;0.00239;63598.3;K*;                        ? Unchecked;ijcai-2026-base-17-g133903f
n-pancake;unit;91/8;8;6 9 3 8 1 5 7 10 2 4;1 2 3 4 5 6 7 8 9 10;10;11;11;155;0;0;15;0.002428;63838.6;K*;                        ? Unchecked;ijcai-2026-base-17-g133903f
n-pancake;unit;92/8;8;8 5 6 10 3 9 4 1 7 2;1 2 3 4 5 6 7 8 9 10;9;11;11;300;0;0;15;0.00416;72115.4;K*;                        ? Unchecked;ijcai-2026-base-17-g133903f
n-pancake;unit;93/8;8;8 6 4 5 3 9 2 10 7 1;1 2 3 4 5 6 7 8 9 10;9;10;10;166;0;0;15;0.002685;61825;K*;                        ? Unchecked;ijcai-2026-base-17-g133903f
n-pancake;unit;94/8;8;5 7 2 6 1 8 3 9 4 10;1 2 3 4 5 6 7 8 9 10;9;10;10;72;0;0;15;0.001194;60301.5;K*;                        ? Unchecked;ijcai-2026-base-17-g133903f
n-pancake;unit;95/8;8;4 10 6 8 3 9 5 7 1 2;1 2 3 4 5 6 7 8 9 10;9;10;10;244;0;0;15;0.003198;76297.7;K*;                        ? Unchecked;ijcai-2026-base-17-g133903f
n-pancake;unit;96/8;8;4 10 1 8 7 9 6 3 5 2;1 2 3 4 5 6 7 8 9 10;9;10;10;117;0;0;15;0.002058;56851.3;K*;                        ? Unchecked;ijcai-2026-base-17-g133903f
n-pancake;unit;97/8;8;10 3 8 6 1 2 9 4 7 5;1 2 3 4 5 6 7 8 9 10;9;10;10;370;0;0;15;0.004741;78042.6;K*;                        ? Unchecked;ijcai-2026-base-17-g133903f
n-pancake;unit;98/8;8;10 4 7 1 8 6 2 9 3 5;1 2 3 4 5 6 7 8 9 10;10;11;11;102;0;0;15;0.00214;47663.6;K*;                        ? Unchecked;ijcai-2026-base-17-g133903f
n-pancake;unit;99/8;8;6 9 5 8 2 7 3 1 4 10;1 2 3 4 5 6 7 8 9 10;9;10;10;212;0;0;15;0.002956;71718.5;K*;                        ? Unchecked;ijcai-2026-base-17-g133903f
n-pancake;unit;0/9;9;3 8 2 7 9 1 5 10 6 4;1 2 3 4 5 6 7 8 9 10;10;11;11;110;0;0;15;0.001841;59750.1;K*;                        ? Unchecked;ijcai-2026-base-17-g133903f
n-pancake;unit;1/9;9;4 1 6 5 10 2 8 3 9 7;1 2 3 4 5 6 7 8 9 10;9;11;11;290;0;0;15;0.003603;80488.5;K*;                        ? Unchecked;ijcai-2026-base-17-g133903f
n-pancake;unit;2/9;9;9 8 4 1 10 2 6 3 7 5;1 2 3 4 5 6 7 8 9 10;9;10;10;94;0;0;15;0.001755;53561.3;K*;                        ? Unchecked;ijcai-2026-base-17-g133903f
n-pancake;unit;3/9;9;9 2 7 1 4 8 10 5 6 3;1 2 3 4 5 6 7 8 9 10;9;10;10;228;0;0;15;0.003298;69132.8;K*;                        ? Unchecked;ijcai-2026-base-17-g133903f
n-pancake;unit;4/9;9;4 1 5 2 8 6 10 9 3 7;1 2 3 4 5 6 7 8 9 10;9;10;10;275;0;0;15;0.004148;66297;K*;                        ? Unchecked;ijcai-2026-base-17-g133903f
n-pancake;unit;5/9;9;2 1 8 6 4 9 5 3 10 7;1 2 3 4 5 6 7 8 9 10;9;10;10;120;0;0;15;0.002098;57197.3;K*;                        ? Unchecked;ijcai-2026-base-17-g133903f
n-pancake;unit;6/9;9;9 1 6 4 3 8 10 2 5 7;1 2 3 4 5 6 7 8 9 10;9;10;10;266;0;0;15;0.003588;74136;K*;                        ? Unchecked;ijcai-2026-base-17-g133903f
n-pancake;unit;7/9;9;3 5 2 10 8 9 4 6 1 7;1 2 3 4 5 6 7 8 9 10;9;10;10;156;0;0;15;0.00239;65272;K*;                        ? Unchecked;ijcai-2026-base-17-g133903f
n-pancake;unit;8/9;9;4 7 2 9 5 3 6 10 1 8;1 2 3 4 5 6 7 8 9 10;10;11;11;117;0;0;15;0.001865;62734.6;K*;                        ? Unchecked;ijcai-2026-base-17-g133903f
n-pancake;unit;9/9;9;1 9 6 10 4 2 5 7 8 3;1 2 3 4 5 6 7 8 9 10;9;10;10;108;0;0;15;0.001682;64209.3;K*;                        ? Unchecked;ijcai-2026-base-17-g133903f
n-pancake;unit;10/9;9;6 4 3 7 10 8 2 5 1 9;1 2 3 4 5 6 7 8 9 10;9;10;10;94;0;0;15;0.001432;65642.5;K*;                        ? Unchecked;ijcai-2026-base-17-g133903f
n-pancake;unit;11/9;9;1 7 9 4 2 5 6 3 10 8;1 2 3 4 5 6 7 8 9 10;9;10;10;200;0;0;15;0.002768;72254.3;K*;                        ? Unchecked;ijcai-2026-base-17-g133903f
n-pancake;unit;12/9;9;3 7 5 10 9 2 8 4 6 1;1 2 3 4 5 6 7 8 9 10;9;10;10;103;0;0;15;0.001718;59953.4;K*;                        ? Unchecked;ijcai-2026-base-17-g133903f
n-pancake;unit;13/9;9;5 7 9 8 2 4 1 6 10 3;1 2 3 4 5 6 7 8 9 10;9;10;10;195;0;0;15;0.002879;67731.9;K*;                        ? Unchecked;ijcai-2026-base-17-g133903f
n-pancake;unit;14/9;9;3 6 10 5 7 4 2 9 1 8;1 2 3 4 5 6 7 8 9 10;10;11;11;119;0;0;15;0.001908;62369;K*;                        ? Unchecked;ijcai-2026-base-17-g133903f
n-pancake;unit;15/9;9;5 4 2 9 6 8 10 1 3 7;1 2 3 4 5 6 7 8 9 10;9;10;10;132;0;0;15;0.002028;65088.8;K*;                        ? Unchecked;ijcai-2026-base-17-g133903f
n-pancake;unit;16/9;9;6 4 1 3 8 9 7 5 10 2;1 2 3 4 5 6 7 8 9 10;9;10;10;76;0;0;15;0.001242;61191.6;K*;                        ? Unchecked;ijcai-2026-base-17-g133903f
n-pancake;unit;17/9;9;4 7 3 6 5 2 8 10 1 9;1 2 3 4 5 6 7 8 9 10;9;10;10;70;0;0;15;0.001083;64635.3;K*;                        ? Unchecked;ijcai-2026-base-17-g133903f
n-pancake;unit;18/9;9;8 1 3 7 10 2 5 9 6 4;1 2 3 4 5 6 7 8 9 10;10;11;11;174;0;0;15;0.002215;78555.3;K*;                        ? Unchecked;ijcai-2026-base-17-g133903f
n-pancake;unit;19/9;9;7 3 5 9 4 8 2 10 6 1;1 2 3 4 5 6 7 8 9 10;10;11;11;135;0;0;15;0.002329;57964.8;K*;                        ? Unchecked;ijcai-2026-base-17-g133903f
n-pancake;unit;20/9;9;4 7 10 8 2 3 1 5 9 6;1 2 3 4 5 6 7 8 9 10;9;11;11;273;0;0;15;0.003517;77623;K*;                        ? Unchecked;ijcai-2026-base-17-g133903f
n-pancake;unit;21/9;9;10 2 5 3 9 4 1 8 6 7;1 2 3 4 5 6 7 8 9 10;9;10;10;143;0;0;15;0.002323;61558.3;K*;                        ? Unchecked;ijcai-2026-base-17-g133903f
n-pancake;unit;22/9;9;1 4 10 9 2 8 5 7 3 6;1 2 3 4 5 6 7 8 9 10;9;10;10;110;0;0;15;0.001763;62393.6;K*;                        ? Unchecked;ijcai-2026-base-17-g133903f
n-pancake;unit;23/9;9;5 1 3 8 7 10 6 4 2 9;1 2 3 4 5 6 7 8 9 10;9;10;10;66;0;0;15;0.00103;64077.7;K*;                        ? Unchecked;ijcai-2026-base-17-g133903f
n-pancake;unit;24/9;9;8 1 9 5 3 7 6 4 10 2;1 2 3 4 5 6 7 8 9 10;9;10;10;93;0;0;15;0.001378;67489.1;K*;                        ? Unchecked;ijcai-2026-base-17-g133903f
n-pancake;unit;25/9;9;4 7 6 8 2 10 1 9 5 3;1 2 3 4 5 6 7 8 9 10;9;10;10;230;0;0;15;0.002904;79201.1;K*;                        ? Unchecked;ijcai-2026-base-17-g133903f
n-pancake;unit;26/9;9;7 4 6 2 8 3 9 1 10 5;1 2 3 4 5 6 7 8 9 10;10;11;11;176;0;0;15;0.002871;61302.7;K*;                        ? Unchecked;ijcai-2026-base-17-g133903f
n-pancake;unit;27/9;9;1 7 10 4 2 6 9 8 5 3;1 2 3 4 5 6 7 8 9 10;9;10;10;91;0;0;15;0.001458;62414.3;K*;                        ? Unchecked;ijcai-2026-base-17-g133903f
n-pancake;unit;28/9;9;9 4 6 8 7 10 2 5 1 3;1 2 3 4 5 6 7 8 9 10;9;10;10;83;0;0;15;0.00121;68595;K*;                        ? Unchecked;ijcai-2026-base-17-g133903f
n-pancake;unit;29/9;9;8 3 9 2 7 4 6 1 5 10;1 2 3 4 5 6 7 8 9 10;9;10;10;95;0;0;15;0.001448;65607.7;K*;                        ? Unchecked;ijcai-2026-base-17-g133903f
n-pancake;unit;30/9;9;3 2 5 9 1 8 4 6 10 7;1 2 3 4 5 6 7 8 9 10;9;10;10;90;0;0;15;0.001387;64888.2;K*;                        ? Unchecked;ijcai-2026-base-17-g133903f
n-pancake;unit;31/9;9;4 8 10 7 9 6 2 5 3 1;1 2 3 4 5 6 7 8 9 10;10;11;11;232;0;0;15;0.003383;68578.2;K*;                        ? Unchecked;ijcai-2026-base-17-g133903f
n-pancake;unit;32/9;9;5 1 10 4 8 2 6 3 7 9;1 2 3 4 5 6 7 8 9 10;10;11;11;117;0;0;15;0.001882;62167.9;K*;                        ? Unchecked;ijcai-2026-base-17-g133903f
n-pancake;unit;33/9;9;8 2 5 6 10 7 9 4 1 3;1 2 3 4 5 6 7 8 9 10;9;10;10;98;0;0;15;0.001556;62982;K*;                        ? Unchecked;ijcai-2026-base-17-g133903f
n-pancake;unit;34/9;9;1 10 8 3 9 5 2 7 6 4;1 2 3 4 5 6 7 8 9 10;9;10;10;107;0;0;15;0.001565;68370.6;K*;                        ? Unchecked;ijcai-2026-base-17-g133903f
n-pancake;unit;35/9;9;4 5 3 7 9 1 8 10 6 2;1 2 3 4 5 6 7 8 9 10;9;10;10;138;0;0;15;0.002079;66378.1;K*;                        ? Unchecked;ijcai-2026-base-17-g133903f
n-pancake;unit;36/9;9;3 7 1 4 5 10 2 9 6 8;1 2 3 4 5 6 7 8 9 10;9;10;10;232;0;0;15;0.003533;65666.6;K*;                        ? Unchecked;ijcai-2026-base-17-g133903f
n-pancake;unit;37/9;9;7 9 2 3 10 1 6 4 8 5;1 2 3 4 5 6 7 8 9 10;9;11;11;386;0;0;15;0.005286;73023.1;K*;                        ? Unchecked;ijcai-2026-base-17-g133903f
n-pancake;unit;38/9;9;8 6 10 1 3 9 4 7 2 5;1 2 3 4 5 6 7 8 9 10;10;11;11;173;0;0;15;0.002972;58210;K*;                        ? Unchecked;ijcai-2026-base-17-g133903f
n-pancake;unit;39/9;9;2 6 1 5 9 3 4 8 10 7;1 2 3 4 5 6 7 8 9 10;9;10;10;139;0;0;15;0.002221;62584.4;K*;                        ? Unchecked;ijcai-2026-base-17-g133903f
n-pancake;unit;40/9;9;3 9 5 8 2 7 1 6 4 10;1 2 3 4 5 6 7 8 9 10;9;10;10;165;0;0;15;0.00256;64453.1;K*;                        ? Unchecked;ijcai-2026-base-17-g133903f
n-pancake;unit;41/9;9;8 1 9 3 6 7 10 5 2 4;1 2 3 4 5 6 7 8 9 10;9;10;10;92;0;0;15;0.001539;59779.1;K*;                        ? Unchecked;ijcai-2026-base-17-g133903f
n-pancake;unit;42/9;9;3 10 2 4 7 9 8 5 1 6;1 2 3 4 5 6 7 8 9 10;9;10;10;119;0;0;15;0.001734;68627.5;K*;                        ? Unchecked;ijcai-2026-base-17-g133903f
n-pancake;unit;43/9;9;6 1 7 3 10 8 4 5 2 9;1 2 3 4 5 6 7 8 9 10;9;10;10;153;0;0;15;0.002332;65608.9;K*;                        ? Unchecked;ijcai-2026-base-17-g133903f
n-pancake;unit;44/9;9;9 2 6 10 1 3 8 5 4 7;1 2 3 4 5 6 7 8 9 10;9;10;10;155;0;0;15;0.002287;67774.4;K*;                        ? Unchecked;ijcai-2026-base-17-g133903f
n-pancake;unit;45/9;9;1 7 3 9 2 5 8 6 10 4;1 2 3 4 5 6 7 8 9 10;10;11;11;213;0;0;15;0.003111;68466.7;K*;                        ? Unchecked;ijcai-2026-base-17-g133903f
n-pancake;unit;46/9;9;7 9 2 5 4 1 8 3 10 6;1 2 3 4 5 6 7 8 9 10;9;10;10;86;0;0;15;0.001482;58029.7;K*;                        ? Unchecked;ijcai-2026-base-17-g133903f
n-pancake;unit;47/9;9;6 8 4 10 2 9 3 7 5 1;1 2 3 4 5 6 7 8 9 10;10;11;11;286;0;0;15;0.00364;78571.4;K*;                        ? Unchecked;ijcai-2026-base-17-g133903f
n-pancake;unit;48/9;9;4 1 7 5 3 10 6 9 2 8;1 2 3 4 5 6 7 8 9 10;10;11;11;181;0;0;15;0.003104;58311.9;K*;                        ? Unchecked;ijcai-2026-base-17-g133903f
n-pancake;unit;49/9;9;4 1 6 5 7 3 9 2 10 8;1 2 3 4 5 6 7 8 9 10;9;11;11;292;0;0;15;0.003792;77004.2;K*;                        ? Unchecked;ijcai-2026-base-17-g133903f
n-pancake;unit;50/9;9;8 5 2 7 4 3 10 1 6 9;1 2 3 4 5 6 7 8 9 10;9;10;10;113;0;0;15;0.002004;56387.2;K*;                        ? Unchecked;ijcai-2026-base-17-g133903f
n-pancake;unit;51/9;9;3 5 4 2 8 6 10 1 9 7;1 2 3 4 5 6 7 8 9 10;9;10;10;136;0;0;15;0.002111;64424.4;K*;                        ? Unchecked;ijcai-2026-base-17-g133903f
n-pancake;unit;52/9;9;5 9 2 7 10 8 6 3 1 4;1 2 3 4 5 6 7 8 9 10;10;11;11;105;0;0;15;0.001577;66582.1;K*;                        ? Unchecked;ijcai-2026-base-17-g133903f
n-pancake;unit;53/9;9;8 1 5 2 3 6 9 4 10 7;1 2 3 4 5 6 7 8 9 10;9;10;10;250;0;0;15;0.003714;67312.9;K*;                        ? Unchecked;ijcai-2026-base-17-g133903f
n-pancake;unit;54/9;9;10 1 4 8 2 6 5 7 3 9;1 2 3 4 5 6 7 8 9 10;9;10;10;224;0;0;15;0.003233;69285.5;K*;                        ? Unchecked;ijcai-2026-base-17-g133903f
n-pancake;unit;55/9;9;9 1 8 3 6 10 4 2 5 7;1 2 3 4 5 6 7 8 9 10;10;11;11;254;0;0;15;0.004017;63231.3;K*;                        ? Unchecked;ijcai-2026-base-17-g133903f
n-pancake;unit;56/9;9;4 7 6 1 10 5 9 2 8 3;1 2 3 4 5 6 7 8 9 10;9;10;10;227;0;0;15;0.003516;64562;K*;                        ? Unchecked;ijcai-2026-base-17-g133903f
n-pancake;unit;57/9;9;8 5 10 7 9 3 2 6 1 4;1 2 3 4 5 6 7 8 9 10;9;10;10;170;0;0;15;0.002717;62569;K*;                        ? Unchecked;ijcai-2026-base-17-g133903f
n-pancake;unit;58/9;9;6 3 7 1 4 2 8 5 10 9;1 2 3 4 5 6 7 8 9 10;9;11;11;591;0;0;16;0.008048;73434.4;K*;                        ? Unchecked;ijcai-2026-base-17-g133903f
n-pancake;unit;59/9;9;1 9 7 10 5 4 6 2 8 3;1 2 3 4 5 6 7 8 9 10;9;10;10;115;0;0;16;0.002627;43776.2;K*;                        ? Unchecked;ijcai-2026-base-17-g133903f
n-pancake;unit;60/9;9;1 3 10 4 8 5 9 2 7 6;1 2 3 4 5 6 7 8 9 10;9;10;10;141;0;0;16;0.002134;66073.1;K*;                        ? Unchecked;ijcai-2026-base-17-g133903f
n-pancake;unit;61/9;9;8 7 5 2 4 10 3 1 9 6;1 2 3 4 5 6 7 8 9 10;9;10;10;70;0;0;16;0.001235;56680.2;K*;                        ? Unchecked;ijcai-2026-base-17-g133903f
n-pancake;unit;62/9;9;9 2 10 5 7 1 6 8 4 3;1 2 3 4 5 6 7 8 9 10;9;10;10;208;0;0;16;0.002933;70917.1;K*;                        ? Unchecked;ijcai-2026-base-17-g133903f
n-pancake;unit;63/9;9;7 9 10 8 6 1 4 2 5 3;1 2 3 4 5 6 7 8 9 10;9;10;10;65;0;0;16;0.001192;54530.2;K*;                        ? Unchecked;ijcai-2026-base-17-g133903f
n-pancake;unit;64/9;9;9 1 3 5 7 2 10 8 4 6;1 2 3 4 5 6 7 8 9 10;10;11;11;224;0;0;16;0.003342;67025.7;K*;                        ? Unchecked;ijcai-2026-base-17-g133903f
n-pancake;unit;65/9;9;8 2 3 5 9 7 10 6 4 1;1 2 3 4 5 6 7 8 9 10;9;10;10;136;0;0;16;0.002326;58469.5;K*;                        ? Unchecked;ijcai-2026-base-17-g133903f
n-pancake;unit;66/9;9;9 4 10 6 2 7 1 3 8 5;1 2 3 4 5 6 7 8 9 10;10;11;11;205;0;0;16;0.002815;72824.2;K*;                        ? Unchecked;ijcai-2026-base-17-g133903f
n-pancake;unit;67/9;9;4 8 5 2 10 9 6 3 1 7;1 2 3 4 5 6 7 8 9 10;9;10;10;175;0;0;16;0.002748;63682.7;K*;                        ? Unchecked;ijcai-2026-base-17-g133903f
n-pancake;unit;68/9;9;4 3 8 10 2 5 9 6 1 7;1 2 3 4 5 6 7 8 9 10;9;10;10;132;0;0;16;0.002056;64202.3;K*;                        ? Unchecked;ijcai-2026-base-17-g133903f
n-pancake;unit;69/9;9;8 5 9 4 1 10 7 2 6 3;1 2 3 4 5 6 7 8 9 10;10;11;11;211;0;0;16;0.003187;66206.5;K*;                        ? Unchecked;ijcai-2026-base-17-g133903f
n-pancake;unit;70/9;9;7 4 2 9 6 8 3 1 5 10;1 2 3 4 5 6 7 8 9 10;9;10;10;70;0;0;16;0.001283;54559.6;K*;                        ? Unchecked;ijcai-2026-base-17-g133903f
n-pancake;unit;71/9;9;6 1 7 3 4 9 5 8 10 2;1 2 3 4 5 6 7 8 9 10;9;10;10;58;0;0;16;0.000896;64732.1;K*;                        ? Unchecked;ijcai-2026-base-17-g133903f
n-pancake;unit;72/9;9;9 4 10 2 7 6 1 5 8 3;1 2 3 4 5 6 7 8 9 10;9;10;10;136;0;0;16;0.00185;73513.5;K*;                        ? Unchecked;ijcai-2026-base-17-g133903f
n-pancake;unit;73/9;9;1 7 4 2 5 3 6 9 10 8;1 2 3 4 5 6 7 8 9 10;9;10;10;119;0;0;16;0.001777;66966.8;K*;                        ? Unchecked;ijcai-2026-base-17-g133903f
n-pancake;unit;74/9;9;6 3 2 7 10 8 1 4 9 5;1 2 3 4 5 6 7 8 9 10;9;10;10;130;0;0;16;0.002028;64102.6;K*;                        ? Unchecked;ijcai-2026-base-17-g133903f
n-pancake;unit;75/9;9;10 8 4 9 6 1 7 3 5 2;1 2 3 4 5 6 7 8 9 10;10;11;11;129;0;0;16;0.001946;66289.8;K*;                        ? Unchecked;ijcai-2026-base-17-g133903f
n-pancake;unit;76/9;9;9 8 3 6 2 5 10 1 4 7;1 2 3 4 5 6 7 8 9 10;9;10;10;151;0;0;16;0.002142;70494.9;K*;                        ? Unchecked;ijcai-2026-base-17-g133903f
n-pancake;unit;77/9;9;1 6 8 5 2 4 7 9 3 10;1 2 3 4 5 6 7 8 9 10;9;10;10;189;0;0;16;0.002919;64748.2;K*;                        ? Unchecked;ijcai-2026-base-17-g133903f
n-pancake;unit;78/9;9;3 10 7 1 4 8 9 6 2 5;1 2 3 4 5 6 7 8 9 10;9;10;10;126;0;0;16;0.00207;60869.6;K*;                        ? Unchecked;ijcai-2026-base-17-g133903f
n-pancake;unit;79/9;9;5 1 8 10 6 4 9 2 3 7;1 2 3 4 5 6 7 8 9 10;9;10;10;70;0;0;16;0.001139;61457.4;K*;                        ? Unchecked;ijcai-2026-base-17-g133903f
n-pancake;unit;80/9;9;8 4 5 10 2 6 3 1 7 9;1 2 3 4 5 6 7 8 9 10;9;10;10;156;0;0;16;0.002056;75875.5;K*;                        ? Unchecked;ijcai-2026-base-17-g133903f
n-pancake;unit;81/9;9;6 2 5 10 3 7 4 9 8 1;1 2 3 4 5 6 7 8 9 10;9;10;10;146;0;0;16;0.002176;67095.6;K*;                        ? Unchecked;ijcai-2026-base-17-g133903f
n-pancake;unit;82/9;9;6 3 8 7 4 9 1 10 5 2;1 2 3 4 5 6 7 8 9 10;9;10;10;153;0;0;16;0.002329;65693.4;K*;                        ? Unchecked;ijcai-2026-base-17-g133903f
n-pancake;unit;83/9;9;2 10 3 9 8 6 4 1 7 5;1 2 3 4 5 6 7 8 9 10;9;10;10;133;0;0;16;0.002087;63727.8;K*;                        ? Unchecked;ijcai-2026-base-17-g133903f
n-pancake;unit;84/9;9;4 2 9 7 3 10 5 8 1 6;1 2 3 4 5 6 7 8 9 10;10;11;11;188;0;0;16;0.002703;69552.3;K*;                        ? Unchecked;ijcai-2026-base-17-g133903f
n-pancake;unit;85/9;9;8 1 5 6 2 10 4 9 3 7;1 2 3 4 5 6 7 8 9 10;9;10;10;237;0;0;16;0.003324;71299.6;K*;                        ? Unchecked;ijcai-2026-base-17-g133903f
n-pancake;unit;86/9;9;9 5 8 3 4 6 10 1 7 2;1 2 3 4 5 6 7 8 9 10;9;10;10;374;0;0;16;0.005569;67157.5;K*;                        ? Unchecked;ijcai-2026-base-17-g133903f
n-pancake;unit;87/9;9;6 3 7 1 5 10 4 9 8 2;1 2 3 4 5 6 7 8 9 10;9;10;10;346;0;0;16;0.005516;62726.6;K*;                        ? Unchecked;ijcai-2026-base-17-g133903f
n-pancake;unit;88/9;9;6 4 1 9 8 2 10 3 5 7;1 2 3 4 5 6 7 8 9 10;9;10;10;137;0;0;16;0.002414;56752.3;K*;                        ? Unchecked;ijcai-2026-base-17-g133903f
n-pancake;unit;89/9;9;2 8 5 3 1 7 6 10 4 9;1 2 3 4 5 6 7 8 9 10;9;10;10;192;0;0;16;0.002811;68303.1;K*;                        ? Unchecked;ijcai-2026-base-17-g133903f
n-pancake;unit;90/9;9;3 6 10 5 1 9 8 4 7 2;1 2 3 4 5 6 7 8 9 10;9;10;10;172;0;0;16;0.002778;61915;K*;                        ? Unchecked;ijcai-2026-base-17-g133903f
n-pancake;unit;91/9;9;6 9 3 8 1 5 7 10 2 4;1 2 3 4 5 6 7 8 9 10;10;11;11;275;0;0;16;0.004387;62685.2;K*;                        ? Unchecked;ijcai-2026-base-17-g133903f
n-pancake;unit;92/9;9;8 5 6 10 3 9 4 1 7 2;1 2 3 4 5 6 7 8 9 10;9;11;11;300;0;0;16;0.004409;68042.6;K*;                        ? Unchecked;ijcai-2026-base-17-g133903f
n-pancake;unit;93/9;9;8 6 4 5 3 9 2 10 7 1;1 2 3 4 5 6 7 8 9 10;9;10;10;166;0;0;16;0.002663;62335.7;K*;                        ? Unchecked;ijcai-2026-base-17-g133903f
n-pancake;unit;94/9;9;5 7 2 6 1 8 3 9 4 10;1 2 3 4 5 6 7 8 9 10;9;10;10;72;0;0;16;0.001213;59357;K*;                        ? Unchecked;ijcai-2026-base-17-g133903f
n-pancake;unit;95/9;9;4 10 6 8 3 9 5 7 1 2;1 2 3 4 5 6 7 8 9 10;9;10;10;264;0;0;16;0.003509;75235.1;K*;                        ? Unchecked;ijcai-2026-base-17-g133903f
n-pancake;unit;96/9;9;4 10 1 8 7 9 6 3 5 2;1 2 3 4 5 6 7 8 9 10;9;10;10;157;0;0;16;0.004426;35472.2;K*;                        ? Unchecked;ijcai-2026-base-17-g133903f
n-pancake;unit;97/9;9;10 3 8 6 1 2 9 4 7 5;1 2 3 4 5 6 7 8 9 10;9;10;10;370;0;0;16;0.004975;74371.9;K*;                        ? Unchecked;ijcai-2026-base-17-g133903f
n-pancake;unit;98/9;9;10 4 7 1 8 6 2 9 3 5;1 2 3 4 5 6 7 8 9 10;10;11;11;122;0;0;16;0.002548;47880.7;K*;                        ? Unchecked;ijcai-2026-base-17-g133903f
n-pancake;unit;99/9;9;6 9 5 8 2 7 3 1 4 10;1 2 3 4 5 6 7 8 9 10;9;10;10;232;0;0;16;0.003571;64967.8;K*;                        ? Unchecked;ijcai-2026-base-17-g133903f
n-pancake;unit;0/10;10;3 8 2 7 9 1 5 10 6 4;1 2 3 4 5 6 7 8 9 10;10;11;11;110;0;0;16;0.001966;55951.2;K*;                        ? Unchecked;ijcai-2026-base-17-g133903f
n-pancake;unit;1/10;10;4 1 6 5 10 2 8 3 9 7;1 2 3 4 5 6 7 8 9 10;9;11;11;310;0;0;16;0.004058;76392.3;K*;                        ? Unchecked;ijcai-2026-base-17-g133903f
n-pancake;unit;2/10;10;9 8 4 1 10 2 6 3 7 5;1 2 3 4 5 6 7 8 9 10;9;10;10;134;0;0;16;0.002419;55394.8;K*;                        ? Unchecked;ijcai-2026-base-17-g133903f
n-pancake;unit;3/10;10;9 2 7 1 4 8 10 5 6 3;1 2 3 4 5 6 7 8 9 10;9;10;10;248;0;0;16;0.003848;64449.1;K*;                        ? Unchecked;ijcai-2026-base-17-g133903f
n-pancake;unit;4/10;10;4 1 5 2 8 6 10 9 3 7;1 2 3 4 5 6 7 8 9 10;9;10;10;275;0;0;16;0.004613;59614.1;K*;                        ? Unchecked;ijcai-2026-base-17-g133903f
n-pancake;unit;5/10;10;2 1 8 6 4 9 5 3 10 7;1 2 3 4 5 6 7 8 9 10;9;10;10;140;0;0;16;0.002435;57494.9;K*;                        ? Unchecked;ijcai-2026-base-17-g133903f
n-pancake;unit;6/10;10;9 1 6 4 3 8 10 2 5 7;1 2 3 4 5 6 7 8 9 10;9;10;10;266;0;0;16;0.003766;70632;K*;                        ? Unchecked;ijcai-2026-base-17-g133903f
n-pancake;unit;7/10;10;3 5 2 10 8 9 4 6 1 7;1 2 3 4 5 6 7 8 9 10;9;10;10;196;0;0;16;0.003003;65268.1;K*;                        ? Unchecked;ijcai-2026-base-17-g133903f
n-pancake;unit;8/10;10;4 7 2 9 5 3 6 10 1 8;1 2 3 4 5 6 7 8 9 10;10;11;11;197;0;0;16;0.003274;60171;K*;                        ? Unchecked;ijcai-2026-base-17-g133903f
n-pancake;unit;9/10;10;1 9 6 10 4 2 5 7 8 3;1 2 3 4 5 6 7 8 9 10;9;10;10;128;0;0;16;0.002203;58102.6;K*;                        ? Unchecked;ijcai-2026-base-17-g133903f
n-pancake;unit;10/10;10;6 4 3 7 10 8 2 5 1 9;1 2 3 4 5 6 7 8 9 10;9;10;10;114;0;0;16;0.001794;63545.2;K*;                        ? Unchecked;ijcai-2026-base-17-g133903f
n-pancake;unit;11/10;10;1 7 9 4 2 5 6 3 10 8;1 2 3 4 5 6 7 8 9 10;9;10;10;220;0;0;16;0.003179;69204.2;K*;                        ? Unchecked;ijcai-2026-base-17-g133903f
n-pancake;unit;12/10;10;3 7 5 10 9 2 8 4 6 1;1 2 3 4 5 6 7 8 9 10;9;10;10;103;0;0;16;0.001771;58159.2;K*;                        ? Unchecked;ijcai-2026-base-17-g133903f
n-pancake;unit;13/10;10;5 7 9 8 2 4 1 6 10 3;1 2 3 4 5 6 7 8 9 10;9;10;10;215;0;0;16;0.003272;65709;K*;                        ? Unchecked;ijcai-2026-base-17-g133903f
n-pancake;unit;14/10;10;3 6 10 5 7 4 2 9 1 8;1 2 3 4 5 6 7 8 9 10;10;11;11;119;0;0;16;0.001973;60314.2;K*;                        ? Unchecked;ijcai-2026-base-17-g133903f
n-pancake;unit;15/10;10;5 4 2 9 6 8 10 1 3 7;1 2 3 4 5 6 7 8 9 10;9;10;10;132;0;0;16;0.002084;63339.7;K*;                        ? Unchecked;ijcai-2026-base-17-g133903f
n-pancake;unit;16/10;10;6 4 1 3 8 9 7 5 10 2;1 2 3 4 5 6 7 8 9 10;9;10;10;76;0;0;16;0.001263;60174.2;K*;                        ? Unchecked;ijcai-2026-base-17-g133903f
n-pancake;unit;17/10;10;4 7 3 6 5 2 8 10 1 9;1 2 3 4 5 6 7 8 9 10;9;10;10;70;0;0;16;0.001215;57613.2;K*;                        ? Unchecked;ijcai-2026-base-17-g133903f
n-pancake;unit;18/10;10;8 1 3 7 10 2 5 9 6 4;1 2 3 4 5 6 7 8 9 10;10;11;11;194;0;0;16;0.002545;76227.9;K*;                        ? Unchecked;ijcai-2026-base-17-g133903f
n-pancake;unit;19/10;10;7 3 5 9 4 8 2 10 6 1;1 2 3 4 5 6 7 8 9 10;10;11;11;135;0;0;16;0.002239;60294.8;K*;                        ? Unchecked;ijcai-2026-base-17-g133903f
n-pancake;unit;20/10;10;4 7 10 8 2 3 1 5 9 6;1 2 3 4 5 6 7 8 9 10;9;11;11;273;0;0;16;0.003632;75165.2;K*;                        ? Unchecked;ijcai-2026-base-17-g133903f
n-pancake;unit;21/10;10;10 2 5 3 9 4 1 8 6 7;1 2 3 4 5 6 7 8 9 10;9;10;10;143;0;0;16;0.002377;60159.9;K*;                        ? Unchecked;ijcai-2026-base-17-g133903f
n-pancake;unit;22/10;10;1 4 10 9 2 8 5 7 3 6;1 2 3 4 5 6 7 8 9 10;9;10;10;110;0;0;16;0.001783;61693.8;K*;                        ? Unchecked;ijcai-2026-base-17-g133903f
n-pancake;unit;23/10;10;5 1 3 8 7 10 6 4 2 9;1 2 3 4 5 6 7 8 9 10;9;10;10;66;0;0;16;0.001074;61452.5;K*;                        ? Unchecked;ijcai-2026-base-17-g133903f
n-pancake;unit;24/10;10;8 1 9 5 3 7 6 4 10 2;1 2 3 4 5 6 7 8 9 10;9;10;10;133;0;0;16;0.002023;65743.9;K*;                        ? Unchecked;ijcai-2026-base-17-g133903f
n-pancake;unit;25/10;10;4 7 6 8 2 10 1 9 5 3;1 2 3 4 5 6 7 8 9 10;9;10;10;250;0;0;16;0.003329;75097.6;K*;                        ? Unchecked;ijcai-2026-base-17-g133903f
n-pancake;unit;26/10;10;7 4 6 2 8 3 9 1 10 5;1 2 3 4 5 6 7 8 9 10;10;11;11;176;0;0;16;0.002957;59519.8;K*;                        ? Unchecked;ijcai-2026-base-17-g133903f
n-pancake;unit;27/10;10;1 7 10 4 2 6 9 8 5 3;1 2 3 4 5 6 7 8 9 10;9;10;10;111;0;0;16;0.001825;60821.9;K*;                        ? Unchecked;ijcai-2026-base-17-g133903f
n-pancake;unit;28/10;10;9 4 6 8 7 10 2 5 1 3;1 2 3 4 5 6 7 8 9 10;9;10;10;103;0;0;16;0.00158;65189.9;K*;                        ? Unchecked;ijcai-2026-base-17-g133903f
n-pancake;unit;29/10;10;8 3 9 2 7 4 6 1 5 10;1 2 3 4 5 6 7 8 9 10;9;10;10;115;0;0;16;0.001844;62364.4;K*;                        ? Unchecked;ijcai-2026-base-17-g133903f
n-pancake;unit;30/10;10;3 2 5 9 1 8 4 6 10 7;1 2 3 4 5 6 7 8 9 10;9;10;10;90;0;0;16;0.001442;62413.3;K*;                        ? Unchecked;ijcai-2026-base-17-g133903f
n-pancake;unit;31/10;10;4 8 10 7 9 6 2 5 3 1;1 2 3 4 5 6 7 8 9 10;10;11;11;232;0;0;16;0.003411;68015.2;K*;                        ? Unchecked;ijcai-2026-base-17-g133903f
n-pancake;unit;32/10;10;5 1 10 4 8 2 6 3 7 9;1 2 3 4 5 6 7 8 9 10;10;11;11;117;0;0;16;0.001979;59120.8;K*;                        ? Unchecked;ijcai-2026-base-17-g133903f
n-pancake;unit;33/10;10;8 2 5 6 10 7 9 4 1 3;1 2 3 4 5 6 7 8 9 10;9;10;10;98;0;0;16;0.001579;62064.6;K*;                        ? Unchecked;ijcai-2026-base-17-g133903f
n-pancake;unit;34/10;10;1 10 8 3 9 5 2 7 6 4;1 2 3 4 5 6 7 8 9 10;9;10;10;127;0;0;16;0.001948;65195.1;K*;                        ? Unchecked;ijcai-2026-base-17-g133903f
n-pancake;unit;35/10;10;4 5 3 7 9 1 8 10 6 2;1 2 3 4 5 6 7 8 9 10;9;10;10;218;0;0;16;0.003345;65171.9;K*;                        ? Unchecked;ijcai-2026-base-17-g133903f
n-pancake;unit;36/10;10;3 7 1 4 5 10 2 9 6 8;1 2 3 4 5 6 7 8 9 10;9;10;10;252;0;0;16;0.004028;62562.1;K*;                        ? Unchecked;ijcai-2026-base-17-g133903f
n-pancake;unit;37/10;10;7 9 2 3 10 1 6 4 8 5;1 2 3 4 5 6 7 8 9 10;9;11;11;386;0;0;16;0.005381;71733.9;K*;                        ? Unchecked;ijcai-2026-base-17-g133903f
n-pancake;unit;38/10;10;8 6 10 1 3 9 4 7 2 5;1 2 3 4 5 6 7 8 9 10;10;11;11;193;0;0;16;0.003372;57236.1;K*;                        ? Unchecked;ijcai-2026-base-17-g133903f
n-pancake;unit;39/10;10;2 6 1 5 9 3 4 8 10 7;1 2 3 4 5 6 7 8 9 10;9;10;10;139;0;0;16;0.002286;60804.9;K*;                        ? Unchecked;ijcai-2026-base-17-g133903f
n-pancake;unit;40/10;10;3 9 5 8 2 7 1 6 4 10;1 2 3 4 5 6 7 8 9 10;9;10;10;205;0;0;16;0.003216;63743.8;K*;                        ? Unchecked;ijcai-2026-base-17-g133903f
n-pancake;unit;41/10;10;8 1 9 3 6 7 10 5 2 4;1 2 3 4 5 6 7 8 9 10;9;10;10;112;0;0;16;0.001982;56508.6;K*;                        ? Unchecked;ijcai-2026-base-17-g133903f
n-pancake;unit;42/10;10;3 10 2 4 7 9 8 5 1 6;1 2 3 4 5 6 7 8 9 10;9;10;10;119;0;0;16;0.001912;62238.5;K*;                        ? Unchecked;ijcai-2026-base-17-g133903f
n-pancake;unit;43/10;10;6 1 7 3 10 8 4 5 2 9;1 2 3 4 5 6 7 8 9 10;9;10;10;173;0;0;16;0.002822;61304;K*;                        ? Unchecked;ijcai-2026-base-17-g133903f
n-pancake;unit;44/10;10;9 2 6 10 1 3 8 5 4 7;1 2 3 4 5 6 7 8 9 10;9;10;10;175;0;0;16;0.002636;66388.5;K*;                        ? Unchecked;ijcai-2026-base-17-g133903f
n-pancake;unit;45/10;10;1 7 3 9 2 5 8 6 10 4;1 2 3 4 5 6 7 8 9 10;10;11;11;253;0;0;16;0.003855;65629.1;K*;                        ? Unchecked;ijcai-2026-base-17-g133903f
n-pancake;unit;46/10;10;7 9 2 5 4 1 8 3 10 6;1 2 3 4 5 6 7 8 9 10;9;10;10;86;0;0;16;0.001585;54258.7;K*;                        ? Unchecked;ijcai-2026-base-17-g133903f
n-pancake;unit;47/10;10;6 8 4 10 2 9 3 7 5 1;1 2 3 4 5 6 7 8 9 10;10;11;11;286;0;0;16;0.003697;77360;K*;                        ? Unchecked;ijcai-2026-base-17-g133903f
n-pancake;unit;48/10;10;4 1 7 5 3 10 6 9 2 8;1 2 3 4 5 6 7 8 9 10;10;11;11;221;0;0;16;0.003801;58142.6;K*;                        ? Unchecked;ijcai-2026-base-17-g133903f
n-pancake;unit;49/10;10;4 1 6 5 7 3 9 2 10 8;1 2 3 4 5 6 7 8 9 10;9;11;11;292;0;0;16;0.003902;74833.4;K*;                        ? Unchecked;ijcai-2026-base-17-g133903f
n-pancake;unit;50/10;10;8 5 2 7 4 3 10 1 6 9;1 2 3 4 5 6 7 8 9 10;9;10;10;133;0;0;16;0.002361;56332.1;K*;                        ? Unchecked;ijcai-2026-base-17-g133903f
n-pancake;unit;51/10;10;3 5 4 2 8 6 10 1 9 7;1 2 3 4 5 6 7 8 9 10;9;10;10;136;0;0;16;0.002452;55464.9;K*;                        ? Unchecked;ijcai-2026-base-17-g133903f
n-pancake;unit;52/10;10;5 9 2 7 10 8 6 3 1 4;1 2 3 4 5 6 7 8 9 10;10;11;11;125;0;0;16;0.001949;64135.5;K*;                        ? Unchecked;ijcai-2026-base-17-g133903f
n-pancake;unit;53/10;10;8 1 5 2 3 6 9 4 10 7;1 2 3 4 5 6 7 8 9 10;9;10;10;270;0;0;16;0.004216;64041.7;K*;                        ? Unchecked;ijcai-2026-base-17-g133903f
n-pancake;unit;54/10;10;10 1 4 8 2 6 5 7 3 9;1 2 3 4 5 6 7 8 9 10;9;10;10;224;0;0;16;0.003421;65477.9;K*;                        ? Unchecked;ijcai-2026-base-17-g133903f
n-pancake;unit;55/10;10;9 1 8 3 6 10 4 2 5 7;1 2 3 4 5 6 7 8 9 10;10;11;11;274;0;0;16;0.004408;62159.7;K*;                        ? Unchecked;ijcai-2026-base-17-g133903f
n-pancake;unit;56/10;10;4 7 6 1 10 5 9 2 8 3;1 2 3 4 5 6 7 8 9 10;9;10;10;247;0;0;16;0.003929;62865.9;K*;                        ? Unchecked;ijcai-2026-base-17-g133903f
n-pancake;unit;57/10;10;8 5 10 7 9 3 2 6 1 4;1 2 3 4 5 6 7 8 9 10;9;10;10;250;0;0;16;0.00411;60827.3;K*;                        ? Unchecked;ijcai-2026-base-17-g133903f
n-pancake;unit;58/10;10;6 3 7 1 4 2 8 5 10 9;1 2 3 4 5 6 7 8 9 10;9;11;11;631;0;0;17;0.008852;71283.3;K*;                        ? Unchecked;ijcai-2026-base-17-g133903f
n-pancake;unit;59/10;10;1 9 7 10 5 4 6 2 8 3;1 2 3 4 5 6 7 8 9 10;9;10;10;115;0;0;17;0.002832;40607.3;K*;                        ? Unchecked;ijcai-2026-base-17-g133903f
n-pancake;unit;60/10;10;1 3 10 4 8 5 9 2 7 6;1 2 3 4 5 6 7 8 9 10;9;10;10;141;0;0;17;0.002153;65490;K*;                        ? Unchecked;ijcai-2026-base-17-g133903f
n-pancake;unit;61/10;10;8 7 5 2 4 10 3 1 9 6;1 2 3 4 5 6 7 8 9 10;9;10;10;70;0;0;17;0.001254;55821.4;K*;                        ? Unchecked;ijcai-2026-base-17-g133903f
n-pancake;unit;62/10;10;9 2 10 5 7 1 6 8 4 3;1 2 3 4 5 6 7 8 9 10;9;10;10;208;0;0;17;0.003074;67664.3;K*;                        ? Unchecked;ijcai-2026-base-17-g133903f
n-pancake;unit;63/10;10;7 9 10 8 6 1 4 2 5 3;1 2 3 4 5 6 7 8 9 10;9;10;10;65;0;0;17;0.001211;53674.6;K*;                        ? Unchecked;ijcai-2026-base-17-g133903f
n-pancake;unit;64/10;10;9 1 3 5 7 2 10 8 4 6;1 2 3 4 5 6 7 8 9 10;10;11;11;224;0;0;17;0.003378;66311.4;K*;                        ? Unchecked;ijcai-2026-base-17-g133903f
n-pancake;unit;65/10;10;8 2 3 5 9 7 10 6 4 1;1 2 3 4 5 6 7 8 9 10;9;10;10;156;0;0;17;0.002671;58405.1;K*;                        ? Unchecked;ijcai-2026-base-17-g133903f
n-pancake;unit;66/10;10;9 4 10 6 2 7 1 3 8 5;1 2 3 4 5 6 7 8 9 10;10;11;11;205;0;0;17;0.002918;70253.6;K*;                        ? Unchecked;ijcai-2026-base-17-g133903f
n-pancake;unit;67/10;10;4 8 5 2 10 9 6 3 1 7;1 2 3 4 5 6 7 8 9 10;9;10;10;195;0;0;17;0.003129;62320.2;K*;                        ? Unchecked;ijcai-2026-base-17-g133903f
n-pancake;unit;68/10;10;4 3 8 10 2 5 9 6 1 7;1 2 3 4 5 6 7 8 9 10;9;10;10;132;0;0;17;0.002105;62707.8;K*;                        ? Unchecked;ijcai-2026-base-17-g133903f
n-pancake;unit;69/10;10;8 5 9 4 1 10 7 2 6 3;1 2 3 4 5 6 7 8 9 10;10;11;11;251;0;0;17;0.003943;63657.1;K*;                        ? Unchecked;ijcai-2026-base-17-g133903f
n-pancake;unit;70/10;10;7 4 2 9 6 8 3 1 5 10;1 2 3 4 5 6 7 8 9 10;9;10;10;110;0;0;17;0.002031;54160.5;K*;                        ? Unchecked;ijcai-2026-base-17-g133903f
n-pancake;unit;71/10;10;6 1 7 3 4 9 5 8 10 2;1 2 3 4 5 6 7 8 9 10;9;10;10;78;0;0;17;0.001304;59816;K*;                        ? Unchecked;ijcai-2026-base-17-g133903f
n-pancake;unit;72/10;10;9 4 10 2 7 6 1 5 8 3;1 2 3 4 5 6 7 8 9 10;9;10;10;156;0;0;17;0.002221;70238.6;K*;                        ? Unchecked;ijcai-2026-base-17-g133903f
n-pancake;unit;73/10;10;1 7 4 2 5 3 6 9 10 8;1 2 3 4 5 6 7 8 9 10;9;10;10;119;0;0;17;0.001837;64779.5;K*;                        ? Unchecked;ijcai-2026-base-17-g133903f
n-pancake;unit;74/10;10;6 3 2 7 10 8 1 4 9 5;1 2 3 4 5 6 7 8 9 10;9;10;10;130;0;0;17;0.002057;63198.8;K*;                        ? Unchecked;ijcai-2026-base-17-g133903f
n-pancake;unit;75/10;10;10 8 4 9 6 1 7 3 5 2;1 2 3 4 5 6 7 8 9 10;10;11;11;149;0;0;17;0.00231;64502.2;K*;                        ? Unchecked;ijcai-2026-base-17-g133903f
n-pancake;unit;76/10;10;9 8 3 6 2 5 10 1 4 7;1 2 3 4 5 6 7 8 9 10;9;10;10;151;0;0;17;0.002228;67773.8;K*;                        ? Unchecked;ijcai-2026-base-17-g133903f
n-pancake;unit;77/10;10;1 6 8 5 2 4 7 9 3 10;1 2 3 4 5 6 7 8 9 10;9;10;10;229;0;0;17;0.003686;62127;K*;                        ? Unchecked;ijcai-2026-base-17-g133903f
n-pancake;unit;78/10;10;3 10 7 1 4 8 9 6 2 5;1 2 3 4 5 6 7 8 9 10;9;10;10;166;0;0;17;0.00281;59074.7;K*;                        ? Unchecked;ijcai-2026-base-17-g133903f
n-pancake;unit;79/10;10;5 1 8 10 6 4 9 2 3 7;1 2 3 4 5 6 7 8 9 10;9;10;10;90;0;0;17;0.001562;57618.4;K*;                        ? Unchecked;ijcai-2026-base-17-g133903f
n-pancake;unit;80/10;10;8 4 5 10 2 6 3 1 7 9;1 2 3 4 5 6 7 8 9 10;9;10;10;176;0;0;17;0.002432;72368.4;K*;                        ? Unchecked;ijcai-2026-base-17-g133903f
n-pancake;unit;81/10;10;6 2 5 10 3 7 4 9 8 1;1 2 3 4 5 6 7 8 9 10;9;10;10;166;0;0;17;0.002567;64666.9;K*;                        ? Unchecked;ijcai-2026-base-17-g133903f
n-pancake;unit;82/10;10;6 3 8 7 4 9 1 10 5 2;1 2 3 4 5 6 7 8 9 10;9;10;10;153;0;0;17;0.002388;64070.4;K*;                        ? Unchecked;ijcai-2026-base-17-g133903f
n-pancake;unit;83/10;10;2 10 3 9 8 6 4 1 7 5;1 2 3 4 5 6 7 8 9 10;9;10;10;133;0;0;17;0.002145;62004.7;K*;                        ? Unchecked;ijcai-2026-base-17-g133903f
n-pancake;unit;84/10;10;4 2 9 7 3 10 5 8 1 6;1 2 3 4 5 6 7 8 9 10;10;11;11;288;0;0;17;0.004553;63255;K*;                        ? Unchecked;ijcai-2026-base-17-g133903f
n-pancake;unit;85/10;10;8 1 5 6 2 10 4 9 3 7;1 2 3 4 5 6 7 8 9 10;9;10;10;297;0;0;17;0.00459;64705.9;K*;                        ? Unchecked;ijcai-2026-base-17-g133903f
n-pancake;unit;86/10;10;9 5 8 3 4 6 10 1 7 2;1 2 3 4 5 6 7 8 9 10;9;11;11;378;0;0;17;0.006028;62707.4;K*;                        ? Unchecked;ijcai-2026-base-17-g133903f
n-pancake;unit;87/10;10;6 3 7 1 5 10 4 9 8 2;1 2 3 4 5 6 7 8 9 10;9;11;11;415;0;0;17;0.006954;59677.9;K*;                        ? Unchecked;ijcai-2026-base-17-g133903f
n-pancake;unit;88/10;10;6 4 1 9 8 2 10 3 5 7;1 2 3 4 5 6 7 8 9 10;9;10;10;197;0;0;17;0.003543;55602.6;K*;                        ? Unchecked;ijcai-2026-base-17-g133903f
n-pancake;unit;89/10;10;2 8 5 3 1 7 6 10 4 9;1 2 3 4 5 6 7 8 9 10;9;10;10;272;0;0;17;0.004236;64211.5;K*;                        ? Unchecked;ijcai-2026-base-17-g133903f
n-pancake;unit;90/10;10;3 6 10 5 1 9 8 4 7 2;1 2 3 4 5 6 7 8 9 10;9;10;10;192;0;0;17;0.003277;58590.2;K*;                        ? Unchecked;ijcai-2026-base-17-g133903f
n-pancake;unit;91/10;10;6 9 3 8 1 5 7 10 2 4;1 2 3 4 5 6 7 8 9 10;10;11;11;335;0;0;17;0.005463;61321.6;K*;                        ? Unchecked;ijcai-2026-base-17-g133903f
n-pancake;unit;92/10;10;8 5 6 10 3 9 4 1 7 2;1 2 3 4 5 6 7 8 9 10;9;11;11;300;0;0;17;0.004573;65602.4;K*;                        ? Unchecked;ijcai-2026-base-17-g133903f
n-pancake;unit;93/10;10;8 6 4 5 3 9 2 10 7 1;1 2 3 4 5 6 7 8 9 10;9;10;10;166;0;0;17;0.002693;61641.3;K*;                        ? Unchecked;ijcai-2026-base-17-g133903f
n-pancake;unit;94/10;10;5 7 2 6 1 8 3 9 4 10;1 2 3 4 5 6 7 8 9 10;9;10;10;72;0;0;17;0.001238;58158.3;K*;                        ? Unchecked;ijcai-2026-base-17-g133903f
n-pancake;unit;95/10;10;4 10 6 8 3 9 5 7 1 2;1 2 3 4 5 6 7 8 9 10;9;10;10;264;0;0;17;0.003645;72428;K*;                        ? Unchecked;ijcai-2026-base-17-g133903f
n-pancake;unit;96/10;10;4 10 1 8 7 9 6 3 5 2;1 2 3 4 5 6 7 8 9 10;9;10;10;217;0;0;17;0.0036;60277.8;K*;                        ? Unchecked;ijcai-2026-base-17-g133903f
n-pancake;unit;97/10;10;10 3 8 6 1 2 9 4 7 5;1 2 3 4 5 6 7 8 9 10;9;10;10;410;0;0;17;0.005515;74342.7;K*;                        ? Unchecked;ijcai-2026-base-17-g133903f
n-pancake;unit;98/10;10;10 4 7 1 8 6 2 9 3 5;1 2 3 4 5 6 7 8 9 10;10;11;11;122;0;0;17;0.00246;49593.5;K*;                        ? Unchecked;ijcai-2026-base-17-g133903f
n-pancake;unit;99/10;10;6 9 5 8 2 7 3 1 4 10;1 2 3 4 5 6 7 8 9 10;9;10;10;252;0;0;17;0.003758;67056.9;K*;                        ? Unchecked;ijcai-2026-base-17-g133903f
